MPN,Manufacturer,Description,Subcategory,Stock,Unit Price,Package,Mounting Type,Status,Datasheet URL,Product URL,Applications,Current - Output (Max),Current - Supply,Features,Grade,Internal Switch(s),Number of Channels,Operating Temperature,Programmable Features,Qualification,Series,Type,Voltage - Supply
ADM1070ART-REEL7,Analog Devices Inc.,IC HOT SWAP CTRLR -48V SOT23-6,linear-audio-amplifiers,0,0.0,SOT-23-6,Surface Mount,Obsolete,https://www.analog.com/media/en/technical-documentation/data-sheets/ADM1070.pdf,https://www.digikey.com/en/products/detail/analog-devices-inc/ADM1070ART-REEL7/623344,-48V,,850 µA,Auto Retry,,No,1,-40°C ~ 85°C,"Circuit Breaker, Fault Timeout, OVP, UVLO",,,Hot Swap Controller,-77V ~ -36V
ADM1070ARTZ-REEL7,Analog Devices Inc.,IC HOT SWAP CTRLR -48V SOT23-6,linear-audio-amplifiers,5827,5.45,SOT-23-6,Surface Mount,Active,https://www.analog.com/media/en/technical-documentation/data-sheets/ADM1070.pdf,https://www.digikey.com/en/products/detail/analog-devices-inc/ADM1070ARTZ-REEL7/994985,-48V,,850 µA,Auto Retry,,No,1,-40°C ~ 85°C,"Circuit Breaker, Fault Timeout, OVP, UVLO",,,Hot Swap Controller,-77V ~ -36V
ADM1073ARU,Analog Devices Inc.,IC HOT SWAP CTRLR -48V 14TSSOP,linear-audio-amplifiers,0,0.0,"14-TSSOP (0.173"", 4.40mm Width)",Surface Mount,Obsolete,https://www.analog.com/media/en/technical-documentation/data-sheets/ADM1073.pdf,https://www.digikey.com/en/products/detail/analog-devices-inc/ADM1073ARU/997686,-48V,,300 µA,Auto Retry,,No,1,-40°C ~ 85°C,"Current Limit, Fault Timeout, OVP, UVLO",,,Hot Swap Controller,-80V ~ -35V
ADM1073ARUZ,Analog Devices Inc.,IC HOT SWAP CTRLR -48V 14TSSOP,linear-audio-amplifiers,0,7.86,"14-TSSOP (0.173"", 4.40mm Width)",Surface Mount,Active,https://www.analog.com/media/en/technical-documentation/data-sheets/ADM1073.pdf,https://www.digikey.com/en/products/detail/analog-devices-inc/ADM1073ARUZ/768718,-48V,,300 µA,Auto Retry,,No,1,-40°C ~ 85°C,"Current Limit, Fault Timeout, OVP, UVLO",,,Hot Swap Controller,-80V ~ -35V
ADM1073ARUZ-REEL,Analog Devices Inc.,IC HOT SWAP CTRLR -48V 14TSSOP,linear-audio-amplifiers,0,4.52506,"14-TSSOP (0.173"", 4.40mm Width)",Surface Mount,Active,https://www.analog.com/media/en/technical-documentation/data-sheets/ADM1073.pdf,https://www.digikey.com/en/products/detail/analog-devices-inc/ADM1073ARUZ-REEL/994408,-48V,,300 µA,Auto Retry,,No,1,-40°C ~ 85°C,"Current Limit, Fault Timeout, OVP, UVLO",,,Hot Swap Controller,-80V ~ -35V
ADM1073ARUZ-REEL7,Analog Devices Inc.,IC HOT SWAP CTRLR -48V 14TSSOP,linear-audio-amplifiers,500,7.86,"14-TSSOP (0.173"", 4.40mm Width)",Surface Mount,Active,https://www.analog.com/media/en/technical-documentation/data-sheets/ADM1073.pdf,https://www.digikey.com/en/products/detail/analog-devices-inc/ADM1073ARUZ-REEL7/994974,-48V,,300 µA,Auto Retry,,No,1,-40°C ~ 85°C,"Current Limit, Fault Timeout, OVP, UVLO",,,Hot Swap Controller,-80V ~ -35V
ADM1073BRUZ,Analog Devices Inc.,IC CTRLR HOTSWAP -48V 14TSSOP,linear-audio-amplifiers,0,0.0,"14-TSSOP (0.173"", 4.40mm Width)",Surface Mount,Obsolete,,https://www.digikey.com/en/products/detail/analog-devices-inc/ADM1073BRUZ/6193952,,,,,,,,,,,,,
ADM1073BRUZ-REEL7,Analog Devices Inc.,IC CTRLR HOTSWAP -48V 14TSSOP,linear-audio-amplifiers,0,0.0,"14-TSSOP (0.173"", 4.40mm Width)",Surface Mount,Obsolete,https://www.analog.com/media/en/package-pcb-resources/tape-and-reel-packaging.pdf,https://www.digikey.com/en/products/detail/analog-devices-inc/ADM1073BRUZ-REEL7/6194129,,,,,,,,,,,,,
ADM1075-1ACPZ,Analog Devices Inc.,IC HOT SWAP CTRLR -48V 28LFCSP,linear-audio-amplifiers,0,0.0,"28-WFQFN Exposed Pad, CSP",Surface Mount,Obsolete,https://www.analog.com/media/en/technical-documentation/data-sheets/ADM1075.pdf,https://www.digikey.com/en/products/detail/analog-devices-inc/ADM1075-1ACPZ/3232893,-48V,,5.5 mA,"Auto Retry, PMBus",,No,1,-40°C ~ 85°C,"Circuit Breaker, Current Limit, Fault Timeout, OVP, UVLO",,,"Hot Swap Controller, Monitor",-80V ~ -35V
ADM1075-1ACPZ-RL7,Analog Devices Inc.,IC HOT SWAP CTRLR -48V 28LFCSP,linear-audio-amplifiers,0,0.0,"28-WFQFN Exposed Pad, CSP",Surface Mount,Obsolete,https://www.analog.com/media/en/technical-documentation/data-sheets/ADM1075.pdf,https://www.digikey.com/en/products/detail/analog-devices-inc/ADM1075-1ACPZ-RL7/3232894,-48V,,5.5 mA,"Auto Retry, PMBus",,No,1,-40°C ~ 85°C,"Circuit Breaker, Current Limit, Fault Timeout, OVP, UVLO",,,"Hot Swap Controller, Monitor",-80V ~ -35V
ADM1075-1ARUZ,Analog Devices Inc.,IC HOT SWAP CTRLR -48V 28TSSOP,linear-audio-amplifiers,0,0.0,"28-TSSOP (0.173"", 4.40mm Width)",Surface Mount,Obsolete,https://www.analog.com/media/en/technical-documentation/data-sheets/ADM1075.pdf,https://www.digikey.com/en/products/detail/analog-devices-inc/ADM1075-1ARUZ/2793336,-48V,,5.5 mA,"Auto Retry, PMBus",,No,1,-40°C ~ 85°C,"Circuit Breaker, Current Limit, Fault Timeout, OVP, UVLO",,,"Hot Swap Controller, Monitor",-80V ~ -35V
ADM1075-1ARUZ-RL7,Analog Devices Inc.,IC HOT SWAP CTRLR -48V 28TSSOP,linear-audio-amplifiers,0,0.0,"28-TSSOP (0.173"", 4.40mm Width)",Surface Mount,Obsolete,https://www.analog.com/media/en/technical-documentation/data-sheets/ADM1075.pdf,https://www.digikey.com/en/products/detail/analog-devices-inc/ADM1075-1ARUZ-RL7/3043459,-48V,,5.5 mA,"Auto Retry, PMBus",,No,1,-40°C ~ 85°C,"Circuit Breaker, Current Limit, Fault Timeout, OVP, UVLO",,,"Hot Swap Controller, Monitor",-80V ~ -35V
ADM1075-2ACPZ,Analog Devices Inc.,IC HOT SWAP CTRLR -48V 28LFCSP,linear-audio-amplifiers,490,0.0,"28-WFQFN Exposed Pad, CSP",Surface Mount,Obsolete,https://www.analog.com/media/en/technical-documentation/data-sheets/ADM1075.pdf,https://www.digikey.com/en/products/detail/analog-devices-inc/ADM1075-2ACPZ/3232892,-48V,,5.5 mA,"Auto Retry, PMBus",,No,1,-40°C ~ 85°C,"Circuit Breaker, Current Limit, Fault Timeout, OVP, UVLO",,,"Hot Swap Controller, Monitor",-80V ~ -35V
ADM1075-2ACPZ-RL7,Analog Devices Inc.,IC HOT SWAP CTRLR -48V 28LFCSP,linear-audio-amplifiers,0,0.0,"28-WFQFN Exposed Pad, CSP",Surface Mount,Obsolete,https://www.analog.com/media/en/technical-documentation/data-sheets/ADM1075.pdf,https://www.digikey.com/en/products/detail/analog-devices-inc/ADM1075-2ACPZ-RL7/3232895,-48V,,5.5 mA,"Auto Retry, PMBus",,No,1,-40°C ~ 85°C,"Circuit Breaker, Current Limit, Fault Timeout, OVP, UVLO",,,"Hot Swap Controller, Monitor",-80V ~ -35V
ADM1075-2ARUZ,Analog Devices Inc.,IC HOT SWAP CTRLR -48V 28TSSOP,linear-audio-amplifiers,39,18.01,"28-TSSOP (0.173"", 4.40mm Width)",Surface Mount,Obsolete,https://www.analog.com/media/en/technical-documentation/data-sheets/ADM1075.pdf,https://www.digikey.com/en/products/detail/analog-devices-inc/ADM1075-2ARUZ/2793330,-48V,,5.5 mA,"Auto Retry, PMBus",,No,1,-40°C ~ 85°C,"Circuit Breaker, Current Limit, Fault Timeout, OVP, UVLO",,,"Hot Swap Controller, Monitor",-80V ~ -35V
ADM1075-2ARUZ-RL7,Analog Devices Inc.,IC HOT SWAP CTRLR -48V 28TSSOP,linear-audio-amplifiers,0,0.0,"28-TSSOP (0.173"", 4.40mm Width)",Surface Mount,Obsolete,https://www.analog.com/media/en/technical-documentation/data-sheets/ADM1075.pdf,https://www.digikey.com/en/products/detail/analog-devices-inc/ADM1075-2ARUZ-RL7/3043461,-48V,,5.5 mA,"Auto Retry, PMBus",,No,1,-40°C ~ 85°C,"Circuit Breaker, Current Limit, Fault Timeout, OVP, UVLO",,,"Hot Swap Controller, Monitor",-80V ~ -35V
ADM1170-1AUJZ-RL7,Analog Devices Inc.,IC HOT SWAP CTRLR GP TSOT23-8,linear-audio-amplifiers,1020,7.2,"SOT-23-8 Thin, TSOT-23-8",Surface Mount,Active,https://www.analog.com/media/en/technical-documentation/data-sheets/ADM1170.pdf,https://www.digikey.com/en/products/detail/analog-devices-inc/ADM1170-1AUJZ-RL7/1154260,General Purpose,,650 µA,"Auto Retry, I2C, UVLO",,No,1,-40°C ~ 85°C,"Current Limit, Fault Timeout, Turn On Voltage",,,Hot Swap Controller,2.7V ~ 16.5V
ADM1170-2AUJZ-RL7,Analog Devices Inc.,IC HOT SWAP CTRLR GP TSOT23-8,linear-audio-amplifiers,223,7.2,"SOT-23-8 Thin, TSOT-23-8",Surface Mount,Active,https://www.analog.com/media/en/technical-documentation/data-sheets/ADM1170.pdf,https://www.digikey.com/en/products/detail/analog-devices-inc/ADM1170-2AUJZ-RL7/1154261,General Purpose,,650 µA,"I2C, Latched Fault, UVLO",,No,1,-40°C ~ 85°C,"Current Limit, Fault Timeout, Turn On Voltage",,,Hot Swap Controller,2.7V ~ 16.5V
ADM1171-1AUJZ-RL7,Analog Devices Inc.,IC HOT SWAP CTRLR GP TSOT23-8,linear-audio-amplifiers,0,4.30126,"SOT-23-8 Thin, TSOT-23-8",Surface Mount,Active,https://www.analog.com/media/en/technical-documentation/data-sheets/ADM1171.pdf,https://www.digikey.com/en/products/detail/analog-devices-inc/ADM1171-1AUJZ-RL7/1154262,General Purpose,,650 µA,"Auto Retry, I2C, UVLO",,No,1,-40°C ~ 85°C,"Current Limit, Fault Timeout, Turn On Voltage",,,Hot Swap Controller,2.7V ~ 16.5V
ADM1171-2AUJZ-RL7,Analog Devices Inc.,IC HOT SWAP CTRLR GP TSOT23-8,linear-audio-amplifiers,2993,7.53,"SOT-23-8 Thin, TSOT-23-8",Surface Mount,Active,https://www.analog.com/media/en/technical-documentation/data-sheets/ADM1171.pdf,https://www.digikey.com/en/products/detail/analog-devices-inc/ADM1171-2AUJZ-RL7/1154263,General Purpose,,650 µA,"I2C, Latched Fault, UVLO",,No,1,-40°C ~ 85°C,"Current Limit, Fault Timeout, Turn On Voltage",,,Hot Swap Controller,2.7V ~ 16.5V
ADM1172-1AUJZ-RL7,Analog Devices Inc.,IC HOT SWAP CTRLR GP TSOT23-8,linear-audio-amplifiers,2244,6.3,"SOT-23-8 Thin, TSOT-23-8",Surface Mount,Active,https://www.analog.com/media/en/technical-documentation/data-sheets/ADM1172.pdf,https://www.digikey.com/en/products/detail/analog-devices-inc/ADM1172-1AUJZ-RL7/1154264,General Purpose,,650 µA,"Auto Retry, I2C, UVLO",,No,1,-40°C ~ 85°C,"Current Limit, Fault Timeout, Turn On Voltage",,,Hot Swap Controller,2.7V ~ 16.5V
ADM1172-2AUJZ-RL7,Analog Devices Inc.,IC HOT SWAP CTRLR GP TSOT23-8,linear-audio-amplifiers,1929,6.87,"SOT-23-8 Thin, TSOT-23-8",Surface Mount,Active,https://www.analog.com/media/en/technical-documentation/data-sheets/ADM1172.pdf,https://www.digikey.com/en/products/detail/analog-devices-inc/ADM1172-2AUJZ-RL7/1154265,General Purpose,,650 µA,"Latched Fault, UVLO",,No,1,-40°C ~ 85°C,"Current Limit, Fault Timeout, Turn On Voltage",,,Hot Swap Controller,2.7V ~ 16.5V
ADM1175-1ARMZ-R7,Analog Devices Inc.,IC HOT SWAP CTRLR GP 10MSOP,linear-audio-amplifiers,0,5.00798,"10-TFSOP, 10-MSOP (0.118"", 3.00mm Width)",Surface Mount,Active,https://www.analog.com/media/en/technical-documentation/data-sheets/ADM1175.pdf,https://www.digikey.com/en/products/detail/analog-devices-inc/ADM1175-1ARMZ-R7/1200203,General Purpose,,1.7 mA,"Auto Retry, I2C, OVP, UVLO",,No,1,-40°C ~ 85°C,"Current Limit, Fault Timeout, Turn On Voltage",,,"Hot Swap Controller, Monitor",3.15V ~ 16.5V
ADM1175-2ARMZ-R7,Analog Devices Inc.,IC HOT SWAP CTRLR GP 10MSOP,linear-audio-amplifiers,0,5.00798,"10-TFSOP, 10-MSOP (0.118"", 3.00mm Width)",Surface Mount,Active,https://www.analog.com/media/en/technical-documentation/data-sheets/ADM1175.pdf,https://www.digikey.com/en/products/detail/analog-devices-inc/ADM1175-2ARMZ-R7/1200204,General Purpose,,1.7 mA,"I2C, Latched Fault, OVP, UVLO",,No,1,-40°C ~ 85°C,"Current Limit, Fault Timeout, Turn On Voltage",,,"Hot Swap Controller, Monitor",3.15V ~ 16.5V
ADM1175-3ARMZ-R7,Analog Devices Inc.,IC HOT SWAP CTRLR GP 10MSOP,linear-audio-amplifiers,0,0.0,"10-TFSOP, 10-MSOP (0.118"", 3.00mm Width)",Surface Mount,Obsolete,https://www.analog.com/media/en/technical-documentation/data-sheets/ADM1175.pdf,https://www.digikey.com/en/products/detail/analog-devices-inc/ADM1175-3ARMZ-R7/1200205,General Purpose,,1.7 mA,"Auto Retry, I2C, OVP, UVLO",,No,1,-40°C ~ 85°C,"Current Limit, Fault Timeout, Turn On Voltage",,,"Hot Swap Controller, Monitor",3.15V ~ 16.5V
ADM1175-4ARMZ-R7,Analog Devices Inc.,IC HOT SWAP CTRLR GP 10MSOP,linear-audio-amplifiers,0,0.0,"10-TFSOP, 10-MSOP (0.118"", 3.00mm Width)",Surface Mount,Obsolete,https://www.analog.com/media/en/technical-documentation/data-sheets/ADM1175.pdf,https://www.digikey.com/en/products/detail/analog-devices-inc/ADM1175-4ARMZ-R7/1200206,General Purpose,,1.7 mA,"I2C, Latched Fault, OVP, UVLO",,No,1,-40°C ~ 85°C,"Current Limit, Fault Timeout, Turn On Voltage",,,"Hot Swap Controller, Monitor",3.15V ~ 16.5V
ADM1176-1ARMZ-R7,Analog Devices Inc.,IC HOT SWAP CTRLR GP 10MSOP,linear-audio-amplifiers,880,8.42,"10-TFSOP, 10-MSOP (0.118"", 3.00mm Width)",Surface Mount,Active,https://www.analog.com/media/en/technical-documentation/data-sheets/ADM1176.pdf,https://www.digikey.com/en/products/detail/analog-devices-inc/ADM1176-1ARMZ-R7/1200207,General Purpose,,1.7 mA,"Auto Retry, I2C, UVLO",,No,1,-40°C ~ 85°C,"Current Limit, Fault Timeout, Turn On Voltage",,,"Hot Swap Controller, Monitor",3.15V ~ 16.5V
ADM1176-2ARMZ-R7,Analog Devices Inc.,IC HOT SWAP CTRLR GP 10MSOP,linear-audio-amplifiers,404,8.42,"10-TFSOP, 10-MSOP (0.118"", 3.00mm Width)",Surface Mount,Active,https://www.analog.com/media/en/technical-documentation/data-sheets/ADM1176.pdf,https://www.digikey.com/en/products/detail/analog-devices-inc/ADM1176-2ARMZ-R7/1200208,General Purpose,,1.7 mA,"I2C, Latched Fault, UVLO",,No,1,-40°C ~ 85°C,"Current Limit, Fault Timeout, Turn On Voltage",,,"Hot Swap Controller, Monitor",3.15V ~ 16.5V
ADM1177-1ARMZ-R7,Analog Devices Inc.,IC HOT SWAP CTRLR GP 10MSOP,linear-audio-amplifiers,1613,8.42,"10-TFSOP, 10-MSOP (0.118"", 3.00mm Width)",Surface Mount,Active,https://www.analog.com/media/en/technical-documentation/data-sheets/ADM1177.pdf,https://www.digikey.com/en/products/detail/analog-devices-inc/ADM1177-1ARMZ-R7/1200209,General Purpose,,1.7 mA,"Auto Retry, I2C, UVLO",,No,1,-40°C ~ 85°C,"Current Limit, Fault Timeout, Turn On Voltage",,,"Hot Swap Controller, Monitor",3.15V ~ 16.5V
ADM1177-2ARMZ-R7,Analog Devices Inc.,IC HOT SWAP CTRLR GP 10MSOP,linear-audio-amplifiers,641,8.42,"10-TFSOP, 10-MSOP (0.118"", 3.00mm Width)",Surface Mount,Active,https://www.analog.com/media/en/technical-documentation/data-sheets/ADM1177.pdf,https://www.digikey.com/en/products/detail/analog-devices-inc/ADM1177-2ARMZ-R7/1200210,General Purpose,,1.7 mA,"I2C, Latched Fault, UVLO",,No,1,-40°C ~ 85°C,"Current Limit, Fault Timeout, Turn On Voltage",,,"Hot Swap Controller, Monitor",3.15V ~ 16.5V
ADM1178-1ARMZ-R7,Analog Devices Inc.,IC HOT SWAP CTRLR GP 10MSOP,linear-audio-amplifiers,1570,9.02,"10-TFSOP, 10-MSOP (0.118"", 3.00mm Width)",Surface Mount,Active,https://www.analog.com/media/en/technical-documentation/data-sheets/ADM1178.pdf,https://www.digikey.com/en/products/detail/analog-devices-inc/ADM1178-1ARMZ-R7/1200211,General Purpose,,1.7 mA,"Auto Retry, I2C, UVLO",,No,1,-40°C ~ 85°C,"Current Limit, Fault Timeout, Turn On Voltage",,,"Hot Swap Controller, Monitor",3.15V ~ 16.5V
ADM1178-2ARMZ-R7,Analog Devices Inc.,IC HOT SWAP CTRLR GP 10MSOP,linear-audio-amplifiers,0,9.02,"10-TFSOP, 10-MSOP (0.118"", 3.00mm Width)",Surface Mount,Active,https://www.analog.com/media/en/technical-documentation/data-sheets/ADM1178.pdf,https://www.digikey.com/en/products/detail/analog-devices-inc/ADM1178-2ARMZ-R7/1200212,General Purpose,,1.7 mA,"I2C, Latched Fault, UVLO",,No,1,-40°C ~ 85°C,"Current Limit, Fault Timeout, Turn On Voltage",,,"Hot Swap Controller, Monitor",3.15V ~ 16.5V
ADM1270ACPZ-R2,Analog Devices Inc.,HIGH VOLTAGE CURRENT LIMIT,linear-audio-amplifiers,231,3.54,"16-WFQFN Exposed Pad, CSP",Surface Mount,Active,https://www.analog.com/media/en/technical-documentation/data-sheets/ADM1270.pdf,https://www.digikey.com/en/products/detail/analog-devices-inc/ADM1270ACPZ-R2/14553168,General Purpose,,360 µA,,,No,1,-40°C ~ 125°C,"Auto Retry, Circuit Breaker, Current Limit, Fault Timeout, Latched Fault, OVP, UVLO",,,Hot Swap Controller,4V ~ 60V
ADM1270ACPZ-R7,Analog Devices Inc.,IC HOT SWAP CTRLR GP 16LFCSP,linear-audio-amplifiers,11385,3.54,"16-WFQFN Exposed Pad, CSP",Surface Mount,Active,https://www.analog.com/media/en/technical-documentation/data-sheets/ADM1270.pdf,https://www.digikey.com/en/products/detail/analog-devices-inc/ADM1270ACPZ-R7/5175811,General Purpose,,360 µA,,,No,1,-40°C ~ 125°C,"Auto Retry, Circuit Breaker, Current Limit, Fault Timeout, Latched Fault, OVP, UVLO",,,Hot Swap Controller,4V ~ 60V
ADM1270ARQZ,Analog Devices Inc.,IC HOT SWAP CTRLR GP 16QSOP,linear-audio-amplifiers,114,5.99,"16-SSOP (0.154"", 3.90mm Width)",Surface Mount,Active,https://www.analog.com/media/en/technical-documentation/data-sheets/ADM1270.pdf,https://www.digikey.com/en/products/detail/analog-devices-inc/ADM1270ARQZ/5993928,General Purpose,,360 µA,,,No,1,-40°C ~ 125°C,"Auto Retry, Circuit Breaker, Current Limit, Fault Timeout, Latched Fault, OVP, UVLO",,,Hot Swap Controller,4V ~ 60V
ADM1270ARQZ-R7,Analog Devices Inc.,IC HOT SWAP CTRLR GP 16QSOP,linear-audio-amplifiers,2736,5.99,"16-SSOP (0.154"", 3.90mm Width)",Surface Mount,Active,https://www.analog.com/media/en/technical-documentation/data-sheets/ADM1270.pdf,https://www.digikey.com/en/products/detail/analog-devices-inc/ADM1270ARQZ-R7/5055885,General Purpose,,360 µA,,,No,1,-40°C ~ 125°C,"Auto Retry, Circuit Breaker, Current Limit, Fault Timeout, Latched Fault, OVP, UVLO",,,Hot Swap Controller,4V ~ 60V
ADM1272-1ACPZ,Analog Devices Inc.,IC HOT SWAP CTRLR GP 48LFCSP,linear-audio-amplifiers,0,0.0,"48-WFQFN Exposed Pad, CSP",Surface Mount,Obsolete,https://www.analog.com/media/en/technical-documentation/data-sheets/ADM1272.pdf,https://www.digikey.com/en/products/detail/analog-devices-inc/ADM1272-1ACPZ/7230436,General Purpose,,6 mA,PMBus,,No,1,-40°C ~ 125°C,"Current Limit, Slew Rate, Thermal Limit",,,"Hot Swap Controller, Monitor",16V ~ 80V
ADM1272-1ACPZ-RL,Analog Devices Inc.,IC HOT SWAP CTRLR GP 48LFCSP,linear-audio-amplifiers,0,0.0,"48-WFQFN Exposed Pad, CSP",Surface Mount,Obsolete,https://www.analog.com/media/en/technical-documentation/data-sheets/ADM1272.pdf,https://www.digikey.com/en/products/detail/analog-devices-inc/ADM1272-1ACPZ-RL/7230437,General Purpose,,6 mA,PMBus,,No,1,-40°C ~ 125°C,"Current Limit, Slew Rate, Thermal Limit",,,"Hot Swap Controller, Monitor",16V ~ 80V
ADM1273-1ACPZ,Analog Devices Inc.,IC HOT SWAP CTRLR GP 48LFCSP,linear-audio-amplifiers,0,29.15,"48-WFQFN Exposed Pad, CSP",Surface Mount,Active,https://www.analog.com/media/en/technical-documentation/data-sheets/adm1273.pdf,https://www.digikey.com/en/products/detail/analog-devices-inc/ADM1273-1ACPZ/24747712,General Purpose,,6 mA,"Auto Retry, Fault Timeout, I2C, Latched Fault, OVP, PMBus, SMBus, UVLO",,No,1,-40°C ~ 105°C,"Circuit Breaker, Current Limit, Fault Timeout, OVP, Slew Rate, UVLO",,,"Hot Swap Controller, Monitor",16V ~ 80V
ADM1273-1ACPZ-RL,Analog Devices Inc.,IC HOT SWAP CTRLR GP 48LFCSP,linear-audio-amplifiers,0,29.15,"48-WFQFN Exposed Pad, CSP",Surface Mount,Active,https://www.analog.com/media/en/technical-documentation/data-sheets/adm1273.pdf,https://www.digikey.com/en/products/detail/analog-devices-inc/ADM1273-1ACPZ-RL/24747714,General Purpose,,6 mA,"Auto Retry, Fault Timeout, I2C, Latched Fault, OVP, PMBus, SMBus, UVLO",,No,1,-40°C ~ 105°C,"Circuit Breaker, Current Limit, Fault Timeout, OVP, Slew Rate, UVLO",,,"Hot Swap Controller, Monitor",16V ~ 80V
ADM1275-1ACPZ,Analog Devices Inc.,IC HOT SWAP CTRLR GP 20LFCSP,linear-audio-amplifiers,485,0.0,"20-WQFN Exposed Pad, CSP",Surface Mount,Obsolete,https://www.analog.com/media/en/technical-documentation/data-sheets/ADM1275.pdf,https://www.digikey.com/en/products/detail/analog-devices-inc/ADM1275-1ACPZ/2606698,General Purpose,,5 mA,PMBus,,No,1,-40°C ~ 85°C,"Auto Retry, Current Limit, Fault Timeout, Latched Fault, OVP, UVLO",,,"Hot Swap Controller, Monitor",2.95V ~ 20V
ADM1275-1ACPZ-R7,Analog Devices Inc.,IC HOT SWAP CTRLR GP 20LFCSP,linear-audio-amplifiers,0,0.0,"20-WQFN Exposed Pad, CSP",Surface Mount,Obsolete,https://www.analog.com/media/en/technical-documentation/data-sheets/ADM1275.pdf,https://www.digikey.com/en/products/detail/analog-devices-inc/ADM1275-1ACPZ-R7/2606696,General Purpose,,5 mA,PMBus,,No,1,-40°C ~ 85°C,"Auto Retry, Current Limit, Fault Timeout, Latched Fault, OVP, UVLO",,,"Hot Swap Controller, Monitor",2.95V ~ 20V
ADM1275-1ARQZ,Analog Devices Inc.,IC HOT SWAP CTRLR GP 20QSOP,linear-audio-amplifiers,138,0.0,"20-SSOP (0.154"", 3.90mm Width)",Surface Mount,Obsolete,https://www.analog.com/media/en/technical-documentation/data-sheets/ADM1275.pdf,https://www.digikey.com/en/products/detail/analog-devices-inc/ADM1275-1ARQZ/2507325,General Purpose,,5 mA,PMBus,,No,1,-40°C ~ 85°C,"Auto Retry, Current Limit, Fault Timeout, Latched Fault, OVP, UVLO",,,"Hot Swap Controller, Monitor",2.95V ~ 20V
ADM1275-1ARQZ-R7,Analog Devices Inc.,IC HOT SWAP CTRLR GP 20QSOP,linear-audio-amplifiers,0,0.0,"20-SSOP (0.154"", 3.90mm Width)",Surface Mount,Obsolete,https://www.analog.com/media/en/technical-documentation/data-sheets/ADM1275.pdf,https://www.digikey.com/en/products/detail/analog-devices-inc/ADM1275-1ARQZ-R7/2506924,General Purpose,,5 mA,PMBus,,No,1,-40°C ~ 85°C,"Auto Retry, Current Limit, Fault Timeout, Latched Fault, OVP, UVLO",,,"Hot Swap Controller, Monitor",2.95V ~ 20V
ADM1275-2ARQZ,Analog Devices Inc.,IC HOT SWAP CTRLR GP 16QSOP,linear-audio-amplifiers,0,0.0,"16-SSOP (0.154"", 3.90mm Width)",Surface Mount,Obsolete,https://www.analog.com/media/en/technical-documentation/data-sheets/ADM1275.pdf,https://www.digikey.com/en/products/detail/analog-devices-inc/ADM1275-2ARQZ/2507291,General Purpose,,5 mA,"Latched Fault, PMBus",,No,1,-40°C ~ 85°C,"Current Limit, Fault Timeout, OVP, UVLO",,,"Hot Swap Controller, Monitor",2.95V ~ 20V
ADM1275-2ARQZ-R7,Analog Devices Inc.,IC HOT SWAP CTRLR GP 16QSOP,linear-audio-amplifiers,0,0.0,"16-SSOP (0.154"", 3.90mm Width)",Surface Mount,Obsolete,https://www.analog.com/media/en/technical-documentation/data-sheets/ADM1275.pdf,https://www.digikey.com/en/products/detail/analog-devices-inc/ADM1275-2ARQZ-R7/2506925,General Purpose,,5 mA,"Latched Fault, PMBus",,No,1,-40°C ~ 85°C,"Current Limit, Fault Timeout, OVP, UVLO",,,"Hot Swap Controller, Monitor",2.95V ~ 20V
ADM1275-3ACPZ,Analog Devices Inc.,IC HOT SWAP CTRLR GP 20LFCSP,linear-audio-amplifiers,485,0.0,"20-WQFN Exposed Pad, CSP",Surface Mount,Obsolete,https://www.analog.com/media/en/technical-documentation/data-sheets/ADM1275.pdf,https://www.digikey.com/en/products/detail/analog-devices-inc/ADM1275-3ACPZ/2606697,General Purpose,,5 mA,PMBus,,No,1,-40°C ~ 85°C,"Auto Retry, Current Limit, Fault Timeout, Latched Fault, OVP, UVLO",,,"Hot Swap Controller, Monitor",2.95V ~ 20V
ADM1275-3ACPZ-R7,Analog Devices Inc.,IC HOT SWAP CTRLR GP 20LFCSP,linear-audio-amplifiers,0,0.0,"20-WQFN Exposed Pad, CSP",Surface Mount,Obsolete,https://www.analog.com/media/en/technical-documentation/data-sheets/ADM1275.pdf,https://www.digikey.com/en/products/detail/analog-devices-inc/ADM1275-3ACPZ-R7/2606695,General Purpose,,5 mA,PMBus,,No,1,-40°C ~ 85°C,"Auto Retry, Current Limit, Fault Timeout, Latched Fault, OVP, UVLO",,,"Hot Swap Controller, Monitor",2.95V ~ 20V
ADM1275-3ARQZ,Analog Devices Inc.,IC HOT SWAP CTRLR GP 20QSOP,linear-audio-amplifiers,0,0.0,"20-SSOP (0.154"", 3.90mm Width)",Surface Mount,Obsolete,https://www.analog.com/media/en/technical-documentation/data-sheets/ADM1275.pdf,https://www.digikey.com/en/products/detail/analog-devices-inc/ADM1275-3ARQZ/2507309,General Purpose,,5 mA,PMBus,,No,1,-40°C ~ 85°C,"Auto Retry, Current Limit, Fault Timeout, Latched Fault, OVP, UVLO",,,"Hot Swap Controller, Monitor",2.95V ~ 20V
ADM1275-3ARQZ-R7,Analog Devices Inc.,IC HOT SWAP CTRLR GP 20QSOP,linear-audio-amplifiers,0,0.0,"20-SSOP (0.154"", 3.90mm Width)",Surface Mount,Obsolete,https://www.analog.com/media/en/technical-documentation/data-sheets/ADM1275.pdf,https://www.digikey.com/en/products/detail/analog-devices-inc/ADM1275-3ARQZ-R7/2506917,General Purpose,,5 mA,PMBus,,No,1,-40°C ~ 85°C,"Auto Retry, Current Limit, Fault Timeout, Latched Fault, OVP, UVLO",,,"Hot Swap Controller, Monitor",2.95V ~ 20V
ADM1276-3ACPZ,Analog Devices Inc.,IC HOT SWAP CTRLR GP 20LFCSP,linear-audio-amplifiers,0,12.25737,"20-WQFN Exposed Pad, CSP",Surface Mount,Obsolete,https://www.analog.com/media/en/technical-documentation/data-sheets/ADM1276.pdf,https://www.digikey.com/en/products/detail/analog-devices-inc/ADM1276-3ACPZ/2677448,General Purpose,,5 mA,PMBus,,No,1,-40°C ~ 85°C,"Auto Retry, Current Limit, Fault Timeout, Latched Fault, OVP, UVLO",,,"Hot Swap Controller, Monitor",2.95V ~ 20V
ADM1276-3ACPZ-RL,Analog Devices Inc.,IC HOT SWAP CTRLR GP 20LFCSP,linear-audio-amplifiers,0,8.21574,"20-WQFN Exposed Pad, CSP",Surface Mount,Obsolete,https://www.analog.com/media/en/technical-documentation/data-sheets/ADM1276.pdf,https://www.digikey.com/en/products/detail/analog-devices-inc/ADM1276-3ACPZ-RL/2700189,General Purpose,,5 mA,PMBus,,No,1,-40°C ~ 85°C,"Auto Retry, Current Limit, Fault Timeout, Latched Fault, OVP, UVLO",,,"Hot Swap Controller, Monitor",2.95V ~ 20V
ADM1278-1AACPZ,Analog Devices Inc.,IC HOT SWAP CTRLR GP 32LFCSP,linear-audio-amplifiers,0,0.0,"32-WFQFN Exposed Pad, CSP",Surface Mount,Obsolete,https://www.analog.com/media/en/technical-documentation/data-sheets/ADM1278.pdf,https://www.digikey.com/en/products/detail/analog-devices-inc/ADM1278-1AACPZ/5011601,General Purpose,,5.5 mA,PMBus,,No,1,-40°C ~ 85°C,"Auto Retry, Current Limit, Fault Timeout, Latched Fault, OVP, Slew Rate, UVLO",,,"Hot Swap Controller, Monitor",4.5V ~ 20V
ADM1278-1AACPZ-RL,Analog Devices Inc.,IC HOT SWAP CTRLR GP 32LFCSP,linear-audio-amplifiers,0,0.0,"32-WFQFN Exposed Pad, CSP",Surface Mount,Obsolete,https://www.analog.com/media/en/technical-documentation/data-sheets/ADM1278.pdf,https://www.digikey.com/en/products/detail/analog-devices-inc/ADM1278-1AACPZ-RL/6057004,General Purpose,,5.5 mA,PMBus,,No,1,-40°C ~ 85°C,"Auto Retry, Current Limit, Fault Timeout, Latched Fault, OVP, Slew Rate, UVLO",,,"Hot Swap Controller, Monitor",4.5V ~ 20V
ADM1278-1ACPZ,Analog Devices Inc.,IC HOT SWAP CTRLR GP 32LFCSP,linear-audio-amplifiers,0,0.0,"32-WFQFN Exposed Pad, CSP",Surface Mount,Obsolete,https://www.analog.com/media/en/technical-documentation/data-sheets/ADM1278.pdf,https://www.digikey.com/en/products/detail/analog-devices-inc/ADM1278-1ACPZ/5011602,General Purpose,,5.5 mA,PMBus,,No,1,-40°C ~ 85°C,"Auto Retry, Current Limit, Fault Timeout, Latched Fault, OVP, Slew Rate, UVLO",,,"Hot Swap Controller, Monitor",4.5V ~ 20V
ADM1278-1ACPZ-RL,Analog Devices Inc.,IC HOT SWAP CTRLR GP 32LFCSP,linear-audio-amplifiers,0,0.0,"32-WFQFN Exposed Pad, CSP",Surface Mount,Obsolete,https://www.analog.com/media/en/technical-documentation/data-sheets/ADM1278.pdf,https://www.digikey.com/en/products/detail/analog-devices-inc/ADM1278-1ACPZ-RL/5011509,General Purpose,,5.5 mA,PMBus,,No,1,-40°C ~ 85°C,"Auto Retry, Current Limit, Fault Timeout, Latched Fault, OVP, Slew Rate, UVLO",,,"Hot Swap Controller, Monitor",4.5V ~ 20V
ADM1278-1BCPZ,Analog Devices Inc.,IC HOT SWAP CTRLR GP 32LFCSP,linear-audio-amplifiers,12,19.04,"32-WFQFN Exposed Pad, CSP",Surface Mount,Obsolete,https://www.analog.com/media/en/technical-documentation/data-sheets/ADM1278.pdf,https://www.digikey.com/en/products/detail/analog-devices-inc/ADM1278-1BCPZ/5004770,General Purpose,,5.5 mA,PMBus,,No,1,-40°C ~ 85°C,"Auto Retry, Current Limit, Fault Timeout, Latched Fault, OVP, Slew Rate, UVLO",,,"Hot Swap Controller, Monitor",4.5V ~ 20V
ADM1278-1BCPZ-RL,Analog Devices Inc.,IC HOT SWAP CTRLR GP 32LFCSP,linear-audio-amplifiers,0,0.0,"32-WFQFN Exposed Pad, CSP",Surface Mount,Obsolete,https://www.analog.com/media/en/technical-documentation/data-sheets/ADM1278.pdf,https://www.digikey.com/en/products/detail/analog-devices-inc/ADM1278-1BCPZ-RL/5011510,General Purpose,,5.5 mA,PMBus,,No,1,-40°C ~ 85°C,"Auto Retry, Current Limit, Fault Timeout, Latched Fault, OVP, Slew Rate, UVLO",,,"Hot Swap Controller, Monitor",4.5V ~ 20V
ADM1278-2ACPZ,Analog Devices Inc.,IC HOT SWAP CTRLR GP 32LFCSP,linear-audio-amplifiers,0,0.0,"32-WFQFN Exposed Pad, CSP",Surface Mount,Obsolete,https://www.analog.com/media/en/technical-documentation/data-sheets/ADM1278.pdf,https://www.digikey.com/en/products/detail/analog-devices-inc/ADM1278-2ACPZ/5004771,General Purpose,,5.5 mA,PMBus,,No,1,-40°C ~ 85°C,"Auto Retry, Current Limit, Fault Timeout, Latched Fault, OVP, Slew Rate, UVLO",,,"Hot Swap Controller, Monitor",4.5V ~ 20V
ADM1278-2ACPZ-RL,Analog Devices Inc.,IC HOT SWAP CTRLR GP 32LFCSP,linear-audio-amplifiers,0,0.0,"32-WFQFN Exposed Pad, CSP",Surface Mount,Obsolete,https://www.analog.com/media/en/technical-documentation/data-sheets/ADM1278.pdf,https://www.digikey.com/en/products/detail/analog-devices-inc/ADM1278-2ACPZ-RL/5011511,General Purpose,,5.5 mA,PMBus,,No,1,-40°C ~ 85°C,"Auto Retry, Current Limit, Fault Timeout, Latched Fault, OVP, Slew Rate, UVLO",,,"Hot Swap Controller, Monitor",4.5V ~ 20V
ADM1278-3ACPZ,Analog Devices Inc.,IC HOT SWAP CTRLR GP 32LFCSP,linear-audio-amplifiers,0,0.0,"32-WFQFN Exposed Pad, CSP",Surface Mount,Obsolete,https://www.analog.com/media/en/technical-documentation/data-sheets/ADM1278.pdf,https://www.digikey.com/en/products/detail/analog-devices-inc/ADM1278-3ACPZ/5004772,General Purpose,,5.5 mA,PMBus,,No,1,-40°C ~ 85°C,"Auto Retry, Current Limit, Fault Timeout, Latched Fault, OVP, Slew Rate, UVLO",,,"Hot Swap Controller, Monitor",4.5V ~ 20V
ADM1278-3ACPZ-RL,Analog Devices Inc.,IC HOT SWAP CTRLR GP 32LFCSP,linear-audio-amplifiers,0,0.0,"32-WFQFN Exposed Pad, CSP",Surface Mount,Obsolete,https://www.analog.com/media/en/technical-documentation/data-sheets/ADM1278.pdf,https://www.digikey.com/en/products/detail/analog-devices-inc/ADM1278-3ACPZ-RL/5011512,General Purpose,,5.5 mA,PMBus,,No,1,-40°C ~ 85°C,"Auto Retry, Current Limit, Fault Timeout, Latched Fault, OVP, Slew Rate, UVLO",,,"Hot Swap Controller, Monitor",4.5V ~ 20V
ADM1281-1AACPZ,Analog Devices Inc.,IC HOT SWAP CTRLR GP 32LFCSP,linear-audio-amplifiers,0,0.0,"32-WFQFN Exposed Pad, CSP",Surface Mount,Discontinued at DigiKey,https://www.analog.com/media/en/technical-documentation/data-sheets/adm1281.pdf,https://www.digikey.com/en/products/detail/analog-devices-inc/ADM1281-1AACPZ/24747713,General Purpose,,5.5 mA,"Auto Retry, Fault Timeout, Latched Fault, OVP, PMBus, UVLO",,No,1,-40°C ~ 85°C,"Circuit Breaker, Current Limit, Fault Timeout, OVP, UVLO",,,Hot Swap Controller,4.5V ~ 20V
ADM1281-1AACPZ-RL,Analog Devices Inc.,IC HOT SWAP CTRLR GP 32LFCSP,linear-audio-amplifiers,0,0.0,"32-WFQFN Exposed Pad, CSP",Surface Mount,Discontinued at DigiKey,https://www.analog.com/media/en/technical-documentation/data-sheets/adm1281.pdf,https://www.digikey.com/en/products/detail/analog-devices-inc/ADM1281-1AACPZ-RL/24747715,General Purpose,,5.5 mA,"Auto Retry, Fault Timeout, Latched Fault, OVP, PMBus, UVLO",,No,1,-40°C ~ 85°C,"Circuit Breaker, Current Limit, Fault Timeout, OVP, UVLO",,,Hot Swap Controller,4.5V ~ 20V
ADM1281-1ACPZ,Analog Devices Inc.,12-BIT ADC HOT SWAP CONTROLLER,linear-audio-amplifiers,700,18.52,"32-WFQFN Exposed Pad, CSP",Surface Mount,Active,https://www.analog.com/media/en/technical-documentation/data-sheets/adm1281.pdf,https://www.digikey.com/en/products/detail/analog-devices-inc/ADM1281-1ACPZ/24577131,General Purpose,,5.5 mA,"Auto Retry, Fault Timeout, Latched Fault, OVP, PMBus, UVLO",,No,1,-40°C ~ 85°C,"Circuit Breaker, Current Limit, Fault Timeout, OVP, UVLO",,,Hot Swap Controller,4.5V ~ 20V
ADM1281-1ACPZ-RL,Analog Devices Inc.,12-BIT ADC HOT SWAP CONTROLLER,linear-audio-amplifiers,0,11.28221,"32-WFQFN Exposed Pad, CSP",Surface Mount,Active,https://www.analog.com/media/en/technical-documentation/data-sheets/adm1281.pdf,https://www.digikey.com/en/products/detail/analog-devices-inc/ADM1281-1ACPZ-RL/24577112,General Purpose,,5.5 mA,"Auto Retry, Fault Timeout, Latched Fault, OVP, PMBus, UVLO",,No,1,-40°C ~ 85°C,"Circuit Breaker, Current Limit, Fault Timeout, OVP, UVLO",,,Hot Swap Controller,4.5V ~ 20V
ADM1281-2ACPZ,Analog Devices Inc.,12-BIT ADC HOT SWAP CONTROLLER,linear-audio-amplifiers,259,18.52,"32-WFQFN Exposed Pad, CSP",Surface Mount,Active,https://www.analog.com/media/en/technical-documentation/data-sheets/adm1281.pdf,https://www.digikey.com/en/products/detail/analog-devices-inc/ADM1281-2ACPZ/24577129,General Purpose,,5.5 mA,"Auto Retry, Fault Timeout, Latched Fault, OVP, PMBus, UVLO",,No,1,-40°C ~ 85°C,"Circuit Breaker, Current Limit, Fault Timeout, OVP, UVLO",,,Hot Swap Controller,4.5V ~ 20V
ADM1281-2ACPZ-RL,Analog Devices Inc.,12-BIT ADC HOT SWAP CONTROLLER,linear-audio-amplifiers,0,11.28221,"32-WFQFN Exposed Pad, CSP",Surface Mount,Active,https://www.analog.com/media/en/technical-documentation/data-sheets/adm1281.pdf,https://www.digikey.com/en/products/detail/analog-devices-inc/ADM1281-2ACPZ-RL/24577153,General Purpose,,5.5 mA,"Auto Retry, Fault Timeout, Latched Fault, OVP, PMBus, UVLO",,No,1,-40°C ~ 85°C,"Circuit Breaker, Current Limit, Fault Timeout, OVP, UVLO",,,Hot Swap Controller,4.5V ~ 20V
ADM1281-3ACPZ,Analog Devices Inc.,12-BIT ADC HOT SWAP CONTROLLER,linear-audio-amplifiers,968,18.52,"32-WFQFN Exposed Pad, CSP",Surface Mount,Active,https://www.analog.com/media/en/technical-documentation/data-sheets/adm1281.pdf,https://www.digikey.com/en/products/detail/analog-devices-inc/ADM1281-3ACPZ/24614753,General Purpose,,5.5 mA,"Auto Retry, Fault Timeout, Latched Fault, OVP, PMBus, UVLO",,No,1,-40°C ~ 85°C,"Circuit Breaker, Current Limit, Fault Timeout, OVP, UVLO",,,Hot Swap Controller,4.5V ~ 20V
ADM1281-3ACPZ-RL,Analog Devices Inc.,12-BIT ADC HOT SWAP CONTROLLER,linear-audio-amplifiers,0,11.28221,"32-WFQFN Exposed Pad, CSP",Surface Mount,Active,https://www.analog.com/media/en/technical-documentation/data-sheets/adm1281.pdf,https://www.digikey.com/en/products/detail/analog-devices-inc/ADM1281-3ACPZ-RL/24614715,General Purpose,,5.5 mA,"Auto Retry, Fault Timeout, Latched Fault, OVP, PMBus, UVLO",,No,1,-40°C ~ 85°C,"Circuit Breaker, Current Limit, Fault Timeout, OVP, UVLO",,,Hot Swap Controller,4.5V ~ 20V
ADM4210-1AUJZ-RL7,Analog Devices Inc.,IC HOT SWAP CTRLR GP TSOT6,linear-audio-amplifiers,3230,6.21,"SOT-23-6 Thin, TSOT-23-6",Surface Mount,Active,https://www.analog.com/media/en/technical-documentation/data-sheets/ADM4210.pdf,https://www.digikey.com/en/products/detail/analog-devices-inc/ADM4210-1AUJZ-RL7/1217588,General Purpose,,650 µA,"Auto Retry, UVLO",,No,1,-40°C ~ 85°C,"Current Limit, Fault Timeout, Turn On Voltage",,,Hot Swap Controller,2.7V ~ 16.5V
ADM4210-2AUJZ-RL7,Analog Devices Inc.,IC HOT SWAP CTRLR GP TSOT6,linear-audio-amplifiers,8652,6.21,"SOT-23-6 Thin, TSOT-23-6",Surface Mount,Active,https://www.analog.com/media/en/technical-documentation/data-sheets/ADM4210.pdf,https://www.digikey.com/en/products/detail/analog-devices-inc/ADM4210-2AUJZ-RL7/1217589,General Purpose,,650 µA,"Latched Fault, UVLO",,No,1,-40°C ~ 85°C,"Current Limit, Fault Timeout, Turn On Voltage",,,Hot Swap Controller,2.7V ~ 16.5V
AP2337SA-7,Diodes Incorporated,IC HOT SWAP CTRLR GP SOT23-3,linear-audio-amplifiers,6163,0.23,"TO-236-3, SC-59, SOT-23-3",Surface Mount,Active,https://www.diodes.com/assets/Datasheets/AP2337.pdf,https://www.digikey.com/en/products/detail/diodes-incorporated/AP2337SA-7/2767803,General Purpose,1A,65 µA,"OVP, Thermal Limit, UVLO",,Yes,1,-40°C ~ 85°C,,,,Hot Swap Controller,2.7V ~ 5.5V
BD12780MUV-LBE2,Rohm Semiconductor,HOT SWAP CONTROLLER AND DIGITAL,linear-audio-amplifiers,2497,22.79,32-VFQFN Exposed Pad,Surface Mount,Active,https://fscdn.rohm.com/en/products/databook/datasheet/ic/power/power_switch/bd12780muv-lb-e.pdf,https://www.digikey.com/en/products/detail/rohm-semiconductor/BD12780MUV-LBE2/26903885,General Purpose,,5.5 mA,"Auto Retry, Fault Timeout, I2C, Latched Fault, OVP, UVLO",,Yes,1,-40°C ~ 85°C,"Circuit Breaker, Current Limit, Fault Timeout, OVP, UVLO",,,"Hot Swap Controller, Monitor",4.5V ~ 20V
DS4560LS-AR+,Analog Devices Inc./Maxim Integrated,IC HOT SWAP CTRLR GP 8SOIC,linear-audio-amplifiers,0,1.7697,"8-SOIC (0.154"", 3.90mm Width)",Surface Mount,Obsolete,https://www.analog.com/media/en/technical-documentation/data-sheets/DS4560.pdf,https://www.digikey.com/en/products/detail/analog-devices-inc-maxim-integrated/DS4560LS-AR/2062883,General Purpose,4A,1.1 mA,"Auto Retry, OVP, Thermal Limit, UVLO",,Yes,1,-40°C ~ 135°C,"Circuit Breaker, Current Limit, Slew Rate",,,Hot Swap Controller,9V ~ 13.2V
DS4560LS-LO+,Analog Devices Inc./Maxim Integrated,IC HOT SWAP CTRLR GP 8SOIC,linear-audio-amplifiers,0,1.7697,"8-SOIC (0.154"", 3.90mm Width)",Surface Mount,Obsolete,https://www.analog.com/media/en/technical-documentation/data-sheets/DS4560.pdf,https://www.digikey.com/en/products/detail/analog-devices-inc-maxim-integrated/DS4560LS-LO/2062890,General Purpose,4A,1.1 mA,"Latched Fault, OVP, Thermal Limit UVLO",,Yes,1,-40°C ~ 135°C,"Circuit Breaker, Current Limit, Slew Rate",,,Hot Swap Controller,9V ~ 13.2V
DS4560S-AR+,Analog Devices Inc./Maxim Integrated,IC HOT SWAP CTRLR GP 8SOIC,linear-audio-amplifiers,157,4.43,"8-SOIC (0.154"", 3.90mm Width)",Surface Mount,Active,https://www.analog.com/media/en/technical-documentation/data-sheets/DS4560.pdf,https://www.digikey.com/en/products/detail/analog-devices-inc-maxim-integrated/DS4560S-AR/2045467,General Purpose,4A,1.1 mA,"Auto Retry, OVP, Thermal Limit, UVLO",,Yes,1,-40°C ~ 135°C,"Circuit Breaker, Current Limit, Slew Rate",,,Hot Swap Controller,9V ~ 13.2V
DS4560S-AR+T,Analog Devices Inc./Maxim Integrated,IC HOT SWAP CTRLR GP 8SOIC,linear-audio-amplifiers,2150,4.43,"8-SOIC (0.154"", 3.90mm Width)",Surface Mount,Active,https://www.analog.com/media/en/technical-documentation/data-sheets/DS4560.pdf,https://www.digikey.com/en/products/detail/analog-devices-inc-maxim-integrated/DS4560S-AR-T/2045537,General Purpose,4A,1.1 mA,"Auto Retry, OVP, Thermal Limit, UVLO",,Yes,1,-40°C ~ 135°C,"Circuit Breaker, Current Limit, Slew Rate",,,Hot Swap Controller,9V ~ 13.2V
DS4560S-LO+,Analog Devices Inc./Maxim Integrated,IC HOT SWAP CTRLR GP 8SOIC,linear-audio-amplifiers,0,2.6642,"8-SOIC (0.154"", 3.90mm Width)",Surface Mount,Active,https://www.analog.com/media/en/technical-documentation/data-sheets/DS4560.pdf,https://www.digikey.com/en/products/detail/analog-devices-inc-maxim-integrated/DS4560S-LO/2045468,General Purpose,4A,1.1 mA,"Latched Fault, OVP, Thermal Limit UVLO",,Yes,1,-40°C ~ 135°C,"Circuit Breaker, Current Limit, Slew Rate",,,Hot Swap Controller,9V ~ 13.2V
DS4560S-LO+T,Analog Devices Inc./Maxim Integrated,IC HOT SWAP CTRLR GP 8SOIC,linear-audio-amplifiers,0,2.6642,"8-SOIC (0.154"", 3.90mm Width)",Surface Mount,Active,https://www.analog.com/media/en/technical-documentation/data-sheets/DS4560.pdf,https://www.digikey.com/en/products/detail/analog-devices-inc-maxim-integrated/DS4560S-LO-T/2045530,General Purpose,4A,1.1 mA,"Latched Fault, OVP, Thermal Limit UVLO",,Yes,1,-40°C ~ 135°C,"Circuit Breaker, Current Limit, Slew Rate",,,Hot Swap Controller,9V ~ 13.2V
ES1010SI,Altera,IC HOT SWAP CTRLR GP 8SOIC,linear-audio-amplifiers,0,0.0,"8-SOIC (0.154"", 3.90mm Width)",Surface Mount,Obsolete,https://cdrdv2-public.intel.com/632708/es1010si_09617.pdf,https://www.digikey.com/en/products/detail/altera/ES1010SI/4814072,General Purpose,,3 mA,Latched Fault,,No,1,-40°C ~ 85°C,"Current Limit, Fault Timeout, Slew Rate, UVLO",,Enpirion®,Hot Swap Controller,10.2V ~ 13.8V
HARISL6119LIB-T,Intersil,USB DUAL PORT PWR SUPPLY CNTRLR,linear-audio-amplifiers,2450,1.73,-,-,Active,,https://www.digikey.com/en/products/detail/rochester-electronics-llc/HARISL6119LIB-T/12135342,,,,,,,,,,,*,,
HDMP-2840,PMC-Sierra,INFINIBAND SWITCH 400-PIN BGA,linear-audio-amplifiers,233,98.44,-,-,Active,,https://www.digikey.com/en/products/detail/rochester-electronics-llc/HDMP-2840/12618076,,,,,,,,,,,*,,
HIP1011ACB,Intersil,"POWER SUPPLY CIRCUIT, ADJ",linear-audio-amplifiers,771,5.15,"16-SOIC (0.154"", 3.90mm Width)",Surface Mount,Obsolete,https://rocelec.widen.net/view/pdf/wikwqblqxf/INSL-S-A0001384542-1.pdf?t.download=true&u=5oefqw,https://www.digikey.com/en/products/detail/rochester-electronics-llc/HIP1011ACB/11522924,CompactPCI™,"100mA, 500mA",5 mA,"Latched Fault, UVLO",,Both,4,0°C ~ 70°C,"Circuit Breaker, Fault Timeout, Slew Rate",,,Hot Plug Controller,10.8V ~ 13.2V
HIP1011ACB-T,Intersil,"POWER SUPPLY CIRCUIT, ADJ",linear-audio-amplifiers,2500,2.1,"16-SOIC (0.154"", 3.90mm Width)",Surface Mount,Obsolete,https://rocelec.widen.net/view/pdf/wikwqblqxf/INSL-S-A0001384542-1.pdf?t.download=true&u=5oefqw,https://www.digikey.com/en/products/detail/rochester-electronics-llc/HIP1011ACB-T/11516968,CompactPCI™,"100mA, 500mA",5 mA,"Latched Fault, UVLO",,Both,4,0°C ~ 70°C,"Circuit Breaker, Fault Timeout, Slew Rate",,,Hot Plug Controller,10.8V ~ 13.2V
HIP1011BCB,Harris Corporation,PCI HOT PLUG CONTROLLER,linear-audio-amplifiers,1000,3.78,"16-SOIC (0.154"", 3.90mm Width)",Surface Mount,Obsolete,https://rocelec.widen.net/view/pdf/al4ng1j8ug/INSL-S-A0001385283-1.pdf?t.download=true&u=5oefqw,https://www.digikey.com/en/products/detail/rochester-electronics-llc/HIP1011BCB/11538837,CompactPCI™,"100mA, 500mA",5 mA,Latched Fault,,Both,4,0°C ~ 70°C,"Circuit Breaker, Fault Timeout, Slew Rate",,,Hot Plug Controller,10.8V ~ 13.2V
HIP1011BCBZA,Intersil,"POWER SUPPLY CIRCUIT, ADJ",linear-audio-amplifiers,826,6.14,"16-SOIC (0.154"", 3.90mm Width)",Surface Mount,Obsolete,https://rocelec.widen.net/view/pdf/al4ng1j8ug/INSL-S-A0001385283-1.pdf?t.download=true&u=5oefqw,https://www.digikey.com/en/products/detail/rochester-electronics-llc/HIP1011BCBZA/11516025,CompactPCI™,"100mA, 500mA",5 mA,Latched Fault,,Both,4,0°C ~ 70°C,"Circuit Breaker, Fault Timeout, Slew Rate",,,Hot Plug Controller,10.8V ~ 13.2V
HIP1011CB,Intersil,"POWER SUPPLY CIRCUIT, ADJ",linear-audio-amplifiers,2331,4.06,"16-SOIC (0.154"", 3.90mm Width)",Surface Mount,Obsolete,https://rocelec.widen.net/view/pdf/sxijmagabl/INSLS14629-1.pdf?t.download=true&u=5oefqw,https://www.digikey.com/en/products/detail/rochester-electronics-llc/HIP1011CB/11521754,CompactPCI™,"100mA, 500mA",5 mA,"Latched Fault, UVLO",,Both,4,0°C ~ 70°C,"Circuit Breaker, Fault Timeout, Slew Rate",,,Hot Plug Controller,10.8V ~ 13.2V
HIP1011CB-TS2568,Intersil,"POWER SUPPLY SUPPORT CIRCUIT, AD",linear-audio-amplifiers,2500,2.1,-,-,Active,https://rocelec.widen.net/view/pdf/g6izc2acnf/CYPRS09162-1.pdf?t.download=true&u=5oefqw,https://www.digikey.com/en/products/detail/rochester-electronics-llc/HIP1011CB-TS2568/12592685,,,,,,,,,,,*,,
HIP1011CBZA,Intersil,"POWER SUPPLY CIRCUIT, ADJ",linear-audio-amplifiers,147,4.93,"16-SOIC (0.154"", 3.90mm Width)",Surface Mount,Obsolete,https://rocelec.widen.net/view/pdf/sxijmagabl/INSLS14629-1.pdf?t.download=true&u=5oefqw,https://www.digikey.com/en/products/detail/rochester-electronics-llc/HIP1011CBZA/11516687,CompactPCI™,"100mA, 500mA",5 mA,"Latched Fault, UVLO",,Both,4,0°C ~ 70°C,"Circuit Breaker, Fault Timeout, Slew Rate",,,Hot Plug Controller,10.8V ~ 13.2V
HIP1011ECAZA,Intersil,"ANALOG CIRCUIT,  PDSO28",linear-audio-amplifiers,51,6.88,"28-SSOP (0.154"", 3.90mm Width)",Surface Mount,Obsolete,https://rocelec.widen.net/view/pdf/vnwtwxres5/INSL-S-A0001390047-1.pdf?t.download=true&u=5oefqw,https://www.digikey.com/en/products/detail/rochester-electronics-llc/HIP1011ECAZA/11549494,CompactPCI™,"100mA, 500mA",5.3 mA,Latched Fault,,Both,8,0°C ~ 70°C,"Circuit Breaker, Fault Timeout, Slew Rate",,,Hot Plug Controller,10.8V ~ 13.2V
HIP1012ACB,Intersil,DUAL PWR DISTRIBUTION CONTROLLER,linear-audio-amplifiers,29955,5.76,"14-SOIC (0.154"", 3.90mm Width)",Surface Mount,Obsolete,https://rocelec.widen.net/view/pdf/ztm7m36qs9/HRISS01211-1.pdf?t.download=true&u=5oefqw,https://www.digikey.com/en/products/detail/rochester-electronics-llc/HIP1012ACB/11529350,General Purpose,,8 mA,"Latched Fault, UVLO",,No,2,0°C ~ 70°C,"Current Limit, Fault Timeout",,,Hot Swap Controller,10.5V ~ 13.2V
HIP1012ACB-T,Intersil,"POWER SUPPLY CIRCUIT, ADJ",linear-audio-amplifiers,2311,3.51,"14-SOIC (0.154"", 3.90mm Width)",Surface Mount,Obsolete,https://rocelec.widen.net/view/pdf/nukh3uaiqi/INSLS19162-1.pdf?t.download=true&u=5oefqw,https://www.digikey.com/en/products/detail/rochester-electronics-llc/HIP1012ACB-T/11537178,General Purpose,,8 mA,"Latched Fault, UVLO",,No,2,0°C ~ 70°C,"Current Limit, Fault Timeout",,,Hot Swap Controller,10.5V ~ 13.2V
HIP1012CB,Harris Corporation,DUAL PWR DISTRIBUTION CONTROLLER,linear-audio-amplifiers,259,3.26,"14-SOIC (0.154"", 3.90mm Width)",Surface Mount,Active,https://rocelec.widen.net/view/pdf/ztm7m36qs9/HRISS01211-1.pdf?t.download=true&u=5oefqw,https://www.digikey.com/en/products/detail/rochester-electronics-llc/HIP1012CB/12134246,General Purpose,,8 mA,"Latched Fault, UVLO",,Yes,2,0°C ~ 70°C,"Current Limit, Fault Timeout, UVLO",,,Hot Swap Controller,10.5V ~ 13.2V
HIP1015CB,Intersil,IC SUPERVISOR PWR SUP SUPPORT,linear-audio-amplifiers,1924,1.86,"8-SOIC (0.154"", 3.90mm Width)",Surface Mount,Active,https://rocelec.widen.net/view/pdf/0wij6p8r0h/INSL-S-A0001410276-1.pdf?t.download=true&u=5oefqw,https://www.digikey.com/en/products/detail/rochester-electronics-llc/HIP1015CB/12134237,General Purpose,,3 mA,"Latched Fault, UVLO",,Both,1,0°C ~ 85°C (TA),"Current Limit, Fault Timeout, Latched Fault, UVLO",,,Hot Swap Controller,10.2V ~ 13.8V
HIP1020CK-T,Harris Corporation,HOT PLUG CONTROLLER,linear-audio-amplifiers,5457,1.59,"SC-74A, SOT-753",Surface Mount,Obsolete,https://rocelec.widen.net/view/pdf/io5umhbhtz/INSL-S-A0001388980-1.pdf?t.download=true&u=5oefqw,https://www.digikey.com/en/products/detail/rochester-electronics-llc/HIP1020CK-T/11522898,General Purpose,,1.6 mA,,,No,3,0°C ~ 70°C,,,,Hot Plug Controller,"5V, 12V"
HIP1020CKZ-T,Renesas Electronics Corporation,IC HOT PLUG CTRLR GP SOT23-5,linear-audio-amplifiers,2819,4.15,"SC-74A, SOT-753",Surface Mount,Active,https://www.renesas.com/us/en/document/dst/hip1020-datasheet,https://www.digikey.com/en/products/detail/renesas-electronics-corporation/HIP1020CKZ-T/1062613,General Purpose,,1.6 mA,,,No,3,0°C ~ 70°C,,,,Hot Plug Controller,"5V, 12V"
HPC3130APBK,Texas Instruments,IC HOT PLUG CTRLR PCI 128LQFP,linear-audio-amplifiers,0,20.15,128-LQFP,Surface Mount,Obsolete,https://www.digikey.com//mm.digikey.com/Volume0/opasdata/d220001/medias/docus/635/HPC3130A.pdf,https://www.digikey.com/en/products/detail/texas-instruments/HPC3130APBK/379704,CompactPCI™,,,,,No,4,0°C ~ 70°C,,,,Hot Plug Controller,3V ~ 3.6V
HPC3130APBM,Texas Instruments,IC HOT PLUG CONTROLLER 120-QFP,linear-audio-amplifiers,3033,17.99,120-BQFP,Surface Mount,Obsolete,https://www.digikey.com//mm.digikey.com/Volume0/opasdata/d220001/medias/docus/635/HPC3130A.pdf,https://www.digikey.com/en/products/detail/texas-instruments/HPC3130APBM/11518434,CompactPCI™,,,,,No,,0°C ~ 70°C,,,,Hot-Swap Controller,
HPC3130APGE,Texas Instruments,IC HOT PLUG CTRLR PCI 144LQFP,linear-audio-amplifiers,0,17.41933,144-LQFP,Surface Mount,Obsolete,https://www.digikey.com//mm.digikey.com/Volume0/opasdata/d220001/medias/docus/635/HPC3130A.pdf,https://www.digikey.com/en/products/detail/texas-instruments/HPC3130APGE/379718,CompactPCI™,,,,,No,4,0°C ~ 70°C,,,,Hot Plug Controller,3V ~ 3.6V
HPC3130PBM,Texas Instruments,IC HOT PLUG CONTROLLER 120-QFP,linear-audio-amplifiers,3911,9.01,120-BQFP,Surface Mount,Obsolete,https://www.digikey.com//mm.digikey.com/Volume0/opasdata/d220001/medias/docus/635/HPC3130A.pdf,https://www.digikey.com/en/products/detail/texas-instruments/HPC3130PBM/11514761,CompactPCI™,,,,,No,,0°C ~ 70°C,,,,Hot-Swap Controller,
HV100K5-G,Microchip Technology,IC HOT SWAP CTRLR -48V SOT223-3,linear-audio-amplifiers,0,0.0,"TO-261-4, TO-261AA",Surface Mount,Obsolete,https://ww1.microchip.com/downloads/en/DeviceDoc/HV100%20B060513.pdf,https://www.digikey.com/en/products/detail/microchip-technology/HV100K5-G/4902766,-48V,,600 µA,"Auto Retry, Fault Timeout, UVLO",,No,1,-40°C ~ 85°C,,,,Hot Swap Controller,-72V ~ 38V
HV101K5-G,Microchip Technology,IC HOT SWAP CTRLR -48V SOT223-3,linear-audio-amplifiers,0,0.0,"TO-261-4, TO-261AA",Surface Mount,Obsolete,https://ww1.microchip.com/downloads/en/DeviceDoc/HV101%20B060513.pdf,https://www.digikey.com/en/products/detail/microchip-technology/HV101K5-G/4902767,-48V,,600 mA,Auto Retry,,No,1,-40°C ~ 85°C,"Circuit Breaker, Fault Timeout, Slew Rate",,,Hot Swap Controller,±10V ~ 72V
HV300LG-G,Microchip Technology,IC HOT SWAP CTRLR -48V 8SOIC,linear-audio-amplifiers,0,0.0,"8-SOIC (0.154"", 3.90mm Width)",Surface Mount,Obsolete,https://ww1.microchip.com/downloads/en/DeviceDoc/HV300%20A030509.pdf,https://www.digikey.com/en/products/detail/microchip-technology/HV300LG-G/4902769,-48V,,550 µA,,,No,1,-40°C ~ 85°C,"Current Limit, Fault Timeout, OVP, Slew Rate, UVLO",,,Hot Swap Controller,-90V ~ -10V
HV310LG-G,Microchip Technology,IC HOT SWAP CTRLR -48V 8SOIC,linear-audio-amplifiers,0,0.0,"8-SOIC (0.154"", 3.90mm Width)",Surface Mount,Obsolete,https://ww1.microchip.com/downloads/en/DeviceDoc/HV310%20A030509.pdf,https://www.digikey.com/en/products/detail/microchip-technology/HV310LG-G/4902770,-48V,,550 µA,,,No,1,-40°C ~ 85°C,"Current Limit, Fault Timeout, OVP, Slew Rate, UVLO",,,Hot Swap Controller,-90V ~ -10V
HV311LG-G,Microchip Technology,IC HOT SWAP CTRLR GP 8SOIC,linear-audio-amplifiers,0,0.0,"8-SOIC (0.154"", 3.90mm Width)",Surface Mount,Obsolete,https://ww1.microchip.com/downloads/en/DeviceDoc/HV311%20A120808.pdf,https://www.digikey.com/en/products/detail/microchip-technology/HV311LG-G/4902771,General Purpose,,600 µA,"Auto Retry, Fault Timeout, Latched Fault",,No,1,-40°C ~ 85°C,"Circuit Breaker, Current Limit, OVP, UVLO",,,Hot Swap Controller,10V ~ 90V
ISL6112INZA,Renesas Electronics Corporation,IC HOT PLUG CTRLR PCI EXP 48TQFP,linear-audio-amplifiers,0,0.0,48-TQFP,Surface Mount,Obsolete,https://www.digikey.com//mm.digikey.com/Volume0/opasdata/d220001/medias/docus/1140/isl6112.pdf,https://www.digikey.com/en/products/detail/renesas-electronics-corporation/ISL6112INZA/1976367,PCI Express®,,900 µA,"Thermal Limit, UVLO",,Both,6,-40°C ~ 85°C,"Current Limit, Fault Timeout",,,Hot Plug Controller,"3.3V, 12V"
ISL6112INZA-T,Intersil,"POWER SUPPLY CIRCUIT, ADJ",linear-audio-amplifiers,837,6.35,48-TQFP,Surface Mount,Obsolete,https://rocelec.widen.net/view/pdf/jdhgsk9lai/INSLS07998-1.pdf?t.download=true&u=5oefqw,https://www.digikey.com/en/products/detail/rochester-electronics-llc/ISL6112INZA-T/11514137,PCI Express®,,900 µA,"Thermal Limit, UVLO",,Both,6,-40°C ~ 85°C,"Current Limit, Fault Timeout",,,Hot Plug Controller,"3.3V, 12V"
ISL6112IRZA,Intersil,"POWER SUPPLY CIRCUIT, ADJ",linear-audio-amplifiers,2158,9.36,48-VFQFN Exposed Pad,Surface Mount,Obsolete,https://rocelec.widen.net/view/pdf/ul9x4mwubj/INSL-S-A0001515160-1.pdf?t.download=true&u=5oefqw,https://www.digikey.com/en/products/detail/rochester-electronics-llc/ISL6112IRZA/11520942,PCI Express®,,900 µA,"Thermal Limit, UVLO",,Both,6,-40°C ~ 85°C,"Current Limit, Fault Timeout",,,Hot Plug Controller,"3.3V, 12V"
ISL6113IRZA,Intersil,"POWER SUPPLY CIRCUIT, ADJ",linear-audio-amplifiers,1197,8.03,48-VFQFN Exposed Pad,Surface Mount,Obsolete,https://rocelec.widen.net/view/pdf/iobswwoqze/INSL-S-A0001514906-1.pdf?t.download=true&u=5oefqw,https://www.digikey.com/en/products/detail/rochester-electronics-llc/ISL6113IRZA/11554325,PCI Express®,,900 µA,"Auto Retry, Latched Fault, Thermal Limit, UVLO",,Both,6,-40°C ~ 85°C,"Current Limit, Fault Timeout, Slew Rate",,,Hot Plug Controller,"3.3V, 12V"
ISL6114IRZA,Intersil,"POWER SUPPLY CIRCUIT, ADJ",linear-audio-amplifiers,467,8.09,48-VFQFN Exposed Pad,Surface Mount,Obsolete,https://rocelec.widen.net/view/pdf/iobswwoqze/INSL-S-A0001514906-1.pdf?t.download=true&u=5oefqw,https://www.digikey.com/en/products/detail/rochester-electronics-llc/ISL6114IRZA/11553573,PCI Express®,,900 µA,"Auto Retry, Latched Fault, Thermal Limit, UVLO",,Both,6,-40°C ~ 85°C,"Current Limit, Fault Timeout, Slew Rate",,,Hot Plug Controller,"3.3V, 12V"
ISL6115ACBZ,Renesas Electronics Corporation,IC HOT SWAP CTRLR GP 8SOIC,linear-audio-amplifiers,0,0.0,"8-SOIC (0.154"", 3.90mm Width)",Surface Mount,Obsolete,https://www.renesas.com/us/en/document/dst/isl6115a-datasheet,https://www.digikey.com/en/products/detail/renesas-electronics-corporation/ISL6115ACBZ/2061096,General Purpose,,3 mA,Latched Fault,,No,1,0°C ~ 70°C,"Current Limit, Fault Timeout",,,Hot Swap Controller,10.2V ~ 13.8V
ISL6115ACBZ-T,Renesas Electronics Corporation,IC HOT SWAP CTRLR GP 8SOIC,linear-audio-amplifiers,0,0.0,"8-SOIC (0.154"", 3.90mm Width)",Surface Mount,Obsolete,https://www.renesas.com/us/en/document/dst/isl6115a-datasheet,https://www.digikey.com/en/products/detail/renesas-electronics-corporation/ISL6115ACBZ-T/2061097,General Purpose,,3 mA,Latched Fault,,No,1,0°C ~ 70°C,"Current Limit, Fault Timeout",,,Hot Swap Controller,10.2V ~ 13.8V
ISL6115AIBZ,Renesas Electronics Corporation,IC HOT SWAP CTRLR GP 8SOIC,linear-audio-amplifiers,0,3.3572,"8-SOIC (0.154"", 3.90mm Width)",Surface Mount,Last Time Buy,https://www.renesas.com/us/en/document/dst/isl6115a-datasheet,https://www.digikey.com/en/products/detail/renesas-electronics-corporation/ISL6115AIBZ/2061098,General Purpose,,3 mA,Latched Fault,,No,1,-40°C ~ 85°C,"Current Limit, Fault Timeout",,,Hot Swap Controller,10.2V ~ 13.8V
ISL6115AIBZ-T,Renesas Electronics Corporation,IC HOT SWAP CTRLR GP 8SOIC,linear-audio-amplifiers,0,4.2042,"8-SOIC (0.154"", 3.90mm Width)",Surface Mount,Active,https://www.renesas.com/us/en/document/dst/isl6115a-datasheet,https://www.digikey.com/en/products/detail/renesas-electronics-corporation/ISL6115AIBZ-T/2061099,General Purpose,,3 mA,Latched Fault,,No,1,-40°C ~ 85°C,"Current Limit, Fault Timeout",,,Hot Swap Controller,10.2V ~ 13.8V
ISL6115AIBZ-T7A,Renesas Electronics Corporation,IC HOT SWAP CTRLR GP 8SOIC,linear-audio-amplifiers,0,3.696,"8-SOIC (0.154"", 3.90mm Width)",Surface Mount,Last Time Buy,https://www.renesas.com/us/en/document/dst/isl6115a-datasheet,https://www.digikey.com/en/products/detail/renesas-electronics-corporation/ISL6115AIBZ-T7A/3782877,General Purpose,,3 mA,Latched Fault,,No,1,-40°C ~ 85°C,"Current Limit, Fault Timeout",,,Hot Swap Controller,10.2V ~ 13.8V
ISL6115CB,Intersil,"POWER SUPPLY CIRCUIT, ADJ",linear-audio-amplifiers,3346,3.29,"8-SOIC (0.154"", 3.90mm Width)",Surface Mount,Obsolete,https://rocelec.widen.net/view/pdf/myi7h5a63n/INSLS09422-1.pdf?t.download=true&u=5oefqw,https://www.digikey.com/en/products/detail/rochester-electronics-llc/ISL6115CB/11519122,General Purpose,,3 mA,Latched Fault,,No,1,0°C ~ 85°C,"Current Limit, Fault Timeout",,,Hot Swap Controller,10.2V ~ 13.8V
ISL6115CB-T,Intersil,"POWER SUPPLY CIRCUIT, ADJ",linear-audio-amplifiers,2500,1.69,"8-SOIC (0.154"", 3.90mm Width)",Surface Mount,Obsolete,https://rocelec.widen.net/view/pdf/myi7h5a63n/INSLS09422-1.pdf?t.download=true&u=5oefqw,https://www.digikey.com/en/products/detail/rochester-electronics-llc/ISL6115CB-T/11536170,General Purpose,,3 mA,Latched Fault,,No,1,0°C ~ 85°C,"Current Limit, Fault Timeout",,,Hot Swap Controller,10.2V ~ 13.8V
ISL6115CBZA,Renesas Electronics Corporation,IC HOT SWAP CTRLR GP 8SOIC,linear-audio-amplifiers,2733,4.63,"8-SOIC (0.154"", 3.90mm Width)",Surface Mount,Last Time Buy,https://www.renesas.com/us/en/document/dst/isl6115-isl6116-isl6117-isl6120-datasheet,https://www.digikey.com/en/products/detail/renesas-electronics-corporation/ISL6115CBZA/1063762,General Purpose,,3 mA,Latched Fault,,No,1,0°C ~ 85°C,"Current Limit, Fault Timeout",,,Hot Swap Controller,10.2V ~ 13.8V
ISL6115CBZA-T,Renesas Electronics Corporation,IC HOT SWAP CTRLR GP 8SOIC,linear-audio-amplifiers,0,3.619,"8-SOIC (0.154"", 3.90mm Width)",Surface Mount,Active,https://www.renesas.com/us/en/document/dst/isl6115-isl6116-isl6117-isl6120-datasheet,https://www.digikey.com/en/products/detail/renesas-electronics-corporation/ISL6115CBZA-T/1063763,General Purpose,,3 mA,Latched Fault,,No,1,0°C ~ 85°C,"Current Limit, Fault Timeout",,,Hot Swap Controller,10.2V ~ 13.8V
ISL6115CBZA-TS2490,Renesas Electronics Corporation,ISL6115CBZA-TS2490,linear-audio-amplifiers,0,0.0,"8-SOIC (0.154"", 3.90mm Width)",Surface Mount,Obsolete,,https://www.digikey.com/en/products/detail/renesas-electronics-corporation/ISL6115CBZA-TS2490/16672010,General Purpose,,3 mA,"Fault Timeout, Latched Fault, UVLO",,Both,1,0°C ~ 85°C (TA),"Current Limit, Fault Timeout, Latched Fault, UVLO",,,Hot Swap Controller,10.2V ~ 13.8V
ISL6115CBZA-TS2705,Renesas Electronics Corporation,ISL6115CBZA-TS2705,linear-audio-amplifiers,0,0.0,"8-SOIC (0.154"", 3.90mm Width)",Surface Mount,Obsolete,,https://www.digikey.com/en/products/detail/renesas-electronics-corporation/ISL6115CBZA-TS2705/16672003,General Purpose,,3 mA,"Fault Timeout, Latched Fault, UVLO",,Both,1,0°C ~ 85°C (TA),"Current Limit, Fault Timeout, Latched Fault, UVLO",,,Hot Swap Controller,10.2V ~ 13.8V
ISL6116CB,Intersil,"POWER SUPPLY CIRCUIT, ADJ",linear-audio-amplifiers,4223,1.81,"8-SOIC (0.154"", 3.90mm Width)",Surface Mount,Obsolete,https://rocelec.widen.net/view/pdf/qs6zwl7c21/INSLS07817-1.pdf?t.download=true&u=5oefqw,https://www.digikey.com/en/products/detail/rochester-electronics-llc/ISL6116CB/11510124,General Purpose,,3 mA,Latched Fault,,No,1,0°C ~ 85°C,"Current Limit, Fault Timeout",,,Hot Swap Controller,9V ~ 15V
ISL6116CBZA,Intersil,"POWER SUPPLY CIRCUIT, ADJ",linear-audio-amplifiers,1624,3.41,"8-SOIC (0.154"", 3.90mm Width)",Surface Mount,Obsolete,https://rocelec.widen.net/view/pdf/bsxblopb4f/INSL-S-A0001370059-1.pdf?t.download=true&u=5oefqw,https://www.digikey.com/en/products/detail/rochester-electronics-llc/ISL6116CBZA/11509608,General Purpose,,3 mA,Latched Fault,,No,1,0°C ~ 85°C,"Current Limit, Fault Timeout",,,Hot Swap Controller,9V ~ 15V
ISL6116CBZA-T,Intersil,"POWER SUPPLY CIRCUIT, ADJ",linear-audio-amplifiers,25000,3.41,"8-SOIC (0.154"", 3.90mm Width)",Surface Mount,Obsolete,https://rocelec.widen.net/view/pdf/bsxblopb4f/INSL-S-A0001370059-1.pdf?t.download=true&u=5oefqw,https://www.digikey.com/en/products/detail/rochester-electronics-llc/ISL6116CBZA-T/11524391,General Purpose,,3 mA,Latched Fault,,No,1,0°C ~ 85°C,"Current Limit, Fault Timeout",,,Hot Swap Controller,9V ~ 15V
ISL6117CB,Renesas Electronics Corporation,IC HOT SWAP CTRLR GP 8SOIC,linear-audio-amplifiers,0,0.0,"8-SOIC (0.154"", 3.90mm Width)",Surface Mount,Obsolete,https://www.renesas.com/us/en/document/dst/isl6115-isl6116-isl6117-isl6120-datasheet,https://www.digikey.com/en/products/detail/renesas-electronics-corporation/ISL6117CB/1063769,General Purpose,,3 mA,Latched Fault,,No,1,0°C ~ 85°C,"Current Limit, Fault Timeout",,,Hot Swap Controller,9V ~ 15V
ISL6117CBZA,Intersil,"POWER SUPPLY SUPPORT CIRCUIT, AD",linear-audio-amplifiers,1471,2.46,"8-SOIC (0.154"", 3.90mm Width)",Surface Mount,Active,https://rocelec.widen.net/view/pdf/bsxblopb4f/INSL-S-A0001370059-1.pdf?t.download=true&u=5oefqw,https://www.digikey.com/en/products/detail/rochester-electronics-llc/ISL6117CBZA/12607075,General Purpose,,3 mA,Latched Fault,,No,1,0°C ~ 85°C,"Current Limit, Fault Timeout",,,Hot Swap Controller,9V ~ 15V
ISL6117CBZA-T,Renesas Electronics Corporation,IC HOT SWAP CTRLR GP 8SOIC,linear-audio-amplifiers,0,0.0,"8-SOIC (0.154"", 3.90mm Width)",Surface Mount,Obsolete,https://www.renesas.com/us/en/document/dst/isl6115-isl6116-isl6117-isl6120-datasheet,https://www.digikey.com/en/products/detail/renesas-electronics-corporation/ISL6117CBZA-T/1063772,General Purpose,,3 mA,Latched Fault,,No,1,0°C ~ 85°C,"Current Limit, Fault Timeout",,,Hot Swap Controller,9V ~ 15V
ISL6117CBZA-TS2490,Intersil,IC SUPERVISOR PWR SUP SUPPORT,linear-audio-amplifiers,2500,1.69,-,-,Active,https://rocelec.widen.net/view/pdf/bsxblopb4f/INSL-S-A0001370059-1.pdf?t.download=true&u=5oefqw,https://www.digikey.com/en/products/detail/rochester-electronics-llc/ISL6117CBZA-TS2490/12116999,,,,,,,,,,,*,,
ISL6119HIBZA-T,Renesas Electronics Corporation,IC HOT SWAP CTRLR USB 8SOIC,linear-audio-amplifiers,0,0.0,"8-SOIC (0.154"", 3.90mm Width)",Surface Mount,Obsolete,https://www.renesas.com/us/en/document/dst/isl6119-datasheet,https://www.digikey.com/en/products/detail/renesas-electronics-corporation/ISL6119HIBZA-T/1063781,USB,1A,120 µA,"Latched Fault, Thermal Limit, UVLO",,Yes,2,-40°C ~ 85°C,Current Limit,,,Hot Swap Controller,2.7V ~ 5.5V
ISL6119LIB,Intersil,"POWER SUPPLY CIRCUIT, FIXED",linear-audio-amplifiers,1149,1.76,"8-SOIC (0.154"", 3.90mm Width)",Surface Mount,Obsolete,https://rocelec.widen.net/view/pdf/atjwvv0xpc/INSL-S-A0001390193-1.pdf?t.download=true&u=5oefqw,https://www.digikey.com/en/products/detail/rochester-electronics-llc/ISL6119LIB/11556479,USB,1A,120 µA,"Latched Fault, Thermal Limit, UVLO",,Yes,2,-40°C ~ 85°C,Current Limit,,,Hot Swap Controller,2.7V ~ 5.5V
ISL6119LIB-T,Intersil,"POWER SUPPLY CIRCUIT, FIXED",linear-audio-amplifiers,2465,1.58,"8-SOIC (0.154"", 3.90mm Width)",Surface Mount,Obsolete,https://rocelec.widen.net/view/pdf/atjwvv0xpc/INSL-S-A0001390193-1.pdf?t.download=true&u=5oefqw,https://www.digikey.com/en/products/detail/rochester-electronics-llc/ISL6119LIB-T/11557528,USB,1A,120 µA,"Latched Fault, Thermal Limit, UVLO",,Yes,2,-40°C ~ 85°C,Current Limit,,,Hot Swap Controller,2.7V ~ 5.5V
ISL6119LIBZA,Renesas Electronics Corporation,IC HOT SWAP CTRLR USB 8SOIC,linear-audio-amplifiers,0,0.0,"8-SOIC (0.154"", 3.90mm Width)",Surface Mount,Obsolete,https://www.renesas.com/us/en/document/dst/isl6119-datasheet,https://www.digikey.com/en/products/detail/renesas-electronics-corporation/ISL6119LIBZA/1063784,USB,1A,120 µA,"Latched Fault, Thermal Limit, UVLO",,Yes,2,-40°C ~ 85°C,Current Limit,,,Hot Swap Controller,2.7V ~ 5.5V
ISL6119LIBZA-T,Renesas Electronics Corporation,IC HOT SWAP CTRLR USB 8SOIC,linear-audio-amplifiers,0,0.0,"8-SOIC (0.154"", 3.90mm Width)",Surface Mount,Obsolete,https://www.renesas.com/us/en/document/dst/isl6119-datasheet,https://www.digikey.com/en/products/detail/renesas-electronics-corporation/ISL6119LIBZA-T/1063785,USB,1A,120 µA,"Latched Fault, Thermal Limit, UVLO",,Yes,2,-40°C ~ 85°C,Current Limit,,,Hot Swap Controller,2.7V ~ 5.5V
ISL6120CBZA,Intersil,"POWER SUPPLY CIRCUIT, ADJ",linear-audio-amplifiers,1000,3.11,"8-SOIC (0.154"", 3.90mm Width)",Surface Mount,Obsolete,https://rocelec.widen.net/view/pdf/bsxblopb4f/INSL-S-A0001370059-1.pdf?t.download=true&u=5oefqw,https://www.digikey.com/en/products/detail/rochester-electronics-llc/ISL6120CBZA/11528804,General Purpose,,3 mA,Latched Fault,,No,1,0°C ~ 85°C,"Current Limit, Fault Timeout",,,Hot Swap Controller,9V ~ 15V
ISL6140CB,Intersil,"POWER SUPPLY CIRCUIT, ADJ",linear-audio-amplifiers,1261,1.79,"8-SOIC (0.154"", 3.90mm Width)",Surface Mount,Obsolete,https://rocelec.widen.net/view/pdf/qm6vfpysou/INSLS19117-1.pdf?t.download=true&u=5oefqw,https://www.digikey.com/en/products/detail/rochester-electronics-llc/ISL6140CB/11538718,"-48V, VoIP",,900 µA,Latched Fault,,No,1,0°C ~ 70°C,"Circuit Breaker, Fault Timeout, OVP, UVLO",,,Hot Swap Controller,10V ~ 80V
ISL6140IB,Intersil,"POWER SUPPLY CIRCUIT, ADJ",linear-audio-amplifiers,1385,2.0,"8-SOIC (0.154"", 3.90mm Width)",Surface Mount,Obsolete,https://rocelec.widen.net/view/pdf/qm6vfpysou/INSLS19117-1.pdf?t.download=true&u=5oefqw,https://www.digikey.com/en/products/detail/rochester-electronics-llc/ISL6140IB/11544958,"-48V, VoIP",,900 µA,Latched Fault,,No,1,-40°C ~ 85°C,"Circuit Breaker, Fault Timeout, OVP, UVLO",,,Hot Swap Controller,10V ~ 80V
ISL6140IB-T,Intersil,"POWER SUPPLY CIRCUIT, ADJ",linear-audio-amplifiers,2500,4.51,"8-SOIC (0.154"", 3.90mm Width)",Surface Mount,Obsolete,https://rocelec.widen.net/view/pdf/qm6vfpysou/INSLS19117-1.pdf?t.download=true&u=5oefqw,https://www.digikey.com/en/products/detail/rochester-electronics-llc/ISL6140IB-T/11519241,"-48V, VoIP",,900 µA,Latched Fault,,No,1,-40°C ~ 85°C,"Circuit Breaker, Fault Timeout, OVP, UVLO",,,Hot Swap Controller,10V ~ 80V
ISL6140IBZ,Renesas Electronics Corporation,IC HOT SWAP CTRLR -48V 8SOIC,linear-audio-amplifiers,100,0.0,"8-SOIC (0.154"", 3.90mm Width)",Surface Mount,Obsolete,https://www.renesas.com/us/en/document/dst/isl6140-isl6150-datasheet,https://www.digikey.com/en/products/detail/renesas-electronics-corporation/ISL6140IBZ/672709,"-48V, VoIP",,900 µA,Latched Fault,,No,1,-40°C ~ 85°C,"Circuit Breaker, Fault Timeout, OVP, UVLO",,,Hot Swap Controller,10V ~ 80V
ISL6140IBZ-T,Renesas Electronics Corporation,IC HOT SWAP CTRLR -48V 8SOIC,linear-audio-amplifiers,0,0.0,"8-SOIC (0.154"", 3.90mm Width)",Surface Mount,Obsolete,https://www.renesas.com/us/en/document/dst/isl6140-isl6150-datasheet,https://www.digikey.com/en/products/detail/renesas-electronics-corporation/ISL6140IBZ-T/1063826,"-48V, VoIP",,900 µA,Latched Fault,,No,1,-40°C ~ 85°C,"Circuit Breaker, Fault Timeout, OVP, UVLO",,,Hot Swap Controller,10V ~ 80V
ISL6141CB,Intersil,"POWER SUPPLY CIRCUIT, ADJ",linear-audio-amplifiers,4853,1.74,"8-SOIC (0.154"", 3.90mm Width)",Surface Mount,Obsolete,https://rocelec.widen.net/view/pdf/xevkngadlp/INSLS15611-1.pdf?t.download=true&u=5oefqw,https://www.digikey.com/en/products/detail/rochester-electronics-llc/ISL6141CB/11526223,"-48V, VoIP",,2.4 mA,"Auto Retry, Fault Timeout",,No,1,0°C ~ 70°C,"Current Limit, OVP, UVLO",,IntelliTrip™,Hot Swap Controller,20V ~ 80V
ISL6141CB-T,Intersil,"POWER SUPPLY CIRCUIT, ADJ",linear-audio-amplifiers,37500,1.74,"8-SOIC (0.154"", 3.90mm Width)",Surface Mount,Obsolete,https://rocelec.widen.net/view/pdf/xevkngadlp/INSLS15611-1.pdf?t.download=true&u=5oefqw,https://www.digikey.com/en/products/detail/rochester-electronics-llc/ISL6141CB-T/11521721,"-48V, VoIP",,2.4 mA,"Auto Retry, Fault Timeout",,No,1,0°C ~ 70°C,"Current Limit, OVP, UVLO",,IntelliTrip™,Hot Swap Controller,20V ~ 80V
ISL6141CBZA,Intersil,"POWER SUPPLY SUPPORT CIRCUIT, AD",linear-audio-amplifiers,810,3.61,"8-SOIC (0.154"", 3.90mm Width)",Surface Mount,Active,https://rocelec.widen.net/view/pdf/6kyy1p1i4u/INSL-S-A0001388802-1.pdf?t.download=true&u=5oefqw,https://www.digikey.com/en/products/detail/rochester-electronics-llc/ISL6141CBZA/13502932,"-48V, VoIP",,2.4 mA,"Auto Retry, Fault Timeout",,No,1,0°C ~ 70°C,"Current Limit, OVP, UVLO",,IntelliTrip™,Hot Swap Controller,20V ~ 80V
ISL6141CBZA-T,Renesas Electronics Corporation,IC HOT SWAP CTRLR -48V 8SOIC,linear-audio-amplifiers,0,0.0,"8-SOIC (0.154"", 3.90mm Width)",Surface Mount,Obsolete,https://www.renesas.com/us/en/document/dst/isl6141-isl6151-datasheet,https://www.digikey.com/en/products/detail/renesas-electronics-corporation/ISL6141CBZA-T/1063828,"-48V, VoIP",,2.4 mA,"Auto Retry, Fault Timeout",,No,1,0°C ~ 70°C,"Current Limit, OVP, UVLO",,IntelliTrip™,Hot Swap Controller,20V ~ 80V
ISL6141IB,Intersil,"POWER SUPPLY CIRCUIT, ADJ",linear-audio-amplifiers,975,1.9,"8-SOIC (0.154"", 3.90mm Width)",Surface Mount,Obsolete,https://rocelec.widen.net/view/pdf/xevkngadlp/INSLS15611-1.pdf?t.download=true&u=5oefqw,https://www.digikey.com/en/products/detail/rochester-electronics-llc/ISL6141IB/11554101,"-48V, VoIP",,2.4 mA,"Auto Retry, Fault Timeout",,No,1,-40°C ~ 85°C,"Current Limit, OVP, UVLO",,IntelliTrip™,Hot Swap Controller,20V ~ 80V
ISL6141IB-T,Renesas Electronics Corporation,IC HOT SWAP CTRLR -48V 8SOIC,linear-audio-amplifiers,0,0.0,"8-SOIC (0.154"", 3.90mm Width)",Surface Mount,Obsolete,https://www.renesas.com/us/en/document/dst/isl6141-isl6151-datasheet,https://www.digikey.com/en/products/detail/renesas-electronics-corporation/ISL6141IB-T/1063830,"-48V, VoIP",,2.4 mA,"Auto Retry, Fault Timeout",,No,1,-40°C ~ 85°C,"Current Limit, OVP, UVLO",,IntelliTrip™,Hot Swap Controller,20V ~ 80V
ISL6141IBZA,Intersil,"POWER SUPPLY SUPPORT CIRCUIT, AD",linear-audio-amplifiers,364,3.98,"8-SOIC (0.154"", 3.90mm Width)",Surface Mount,Active,https://rocelec.widen.net/view/pdf/6kyy1p1i4u/INSL-S-A0001388802-1.pdf?t.download=true&u=5oefqw,https://www.digikey.com/en/products/detail/rochester-electronics-llc/ISL6141IBZA/13473800,"-48V, VoIP",,2.4 mA,"Auto Retry, Fault Timeout",,No,1,-40°C ~ 85°C,"Current Limit, OVP, UVLO",,IntelliTrip™,Hot Swap Controller,20V ~ 80V
ISL6141IBZA-T,Renesas Electronics Corporation,IC HOT SWAP CTRLR -48V 8SOIC,linear-audio-amplifiers,0,0.0,"8-SOIC (0.154"", 3.90mm Width)",Surface Mount,Obsolete,https://www.renesas.com/us/en/document/dst/isl6141-isl6151-datasheet,https://www.digikey.com/en/products/detail/renesas-electronics-corporation/ISL6141IBZA-T/1063832,"-48V, VoIP",,2.4 mA,"Auto Retry, Fault Timeout",,No,1,-40°C ~ 85°C,"Current Limit, OVP, UVLO",,IntelliTrip™,Hot Swap Controller,20V ~ 80V
ISL6142CB,Intersil,"POWER SUPPLY CIRCUIT, ADJ",linear-audio-amplifiers,1000,2.95,"14-SOIC (0.154"", 3.90mm Width)",Surface Mount,Obsolete,https://rocelec.widen.net/view/pdf/kt4lan4tpv/INSL-S-A0001383289-1.pdf?t.download=true&u=5oefqw,https://www.digikey.com/en/products/detail/rochester-electronics-llc/ISL6142CB/11519156,"-48V, VoIP",,2.6 mA,Auto Retry,,No,1,0°C ~ 70°C,"Current Limit, Fault Timeout, OVP, UVLO",,IntelliTrip™,Hot Swap Controller,20V ~ 80V
ISL6150CB,Intersil,"POWER SUPPLY CIRCUIT, ADJ",linear-audio-amplifiers,980,4.0,"8-SOIC (0.154"", 3.90mm Width)",Surface Mount,Obsolete,https://rocelec.widen.net/view/pdf/hevjpzfyvi/INSL-S-A0001369835-1.pdf?t.download=true&u=5oefqw,https://www.digikey.com/en/products/detail/rochester-electronics-llc/ISL6150CB/11526468,"-48V, VoIP",,900 µA,Latched Fault,,No,1,0°C ~ 70°C,"Circuit Breaker, Fault Timeout, OVP, UVLO",,,Hot Swap Controller,10V ~ 80V
ISL6150CB-T,Intersil,"POWER SUPPLY CIRCUIT, ADJ",linear-audio-amplifiers,2500,1.89,"8-SOIC (0.154"", 3.90mm Width)",Surface Mount,Obsolete,https://rocelec.widen.net/view/pdf/snfvhe98jy/INSLS09424-1.pdf?t.download=true&u=5oefqw,https://www.digikey.com/en/products/detail/rochester-electronics-llc/ISL6150CB-T/11522329,"-48V, VoIP",,900 µA,Latched Fault,,No,1,0°C ~ 70°C,"Circuit Breaker, Fault Timeout, OVP, UVLO",,,Hot Swap Controller,10V ~ 80V
ISL6150CBZ,Renesas Electronics Corporation,IC HOT SWAP CTRLR -48V 8SOIC,linear-audio-amplifiers,0,0.0,"8-SOIC (0.154"", 3.90mm Width)",Surface Mount,Obsolete,https://www.renesas.com/us/en/document/dst/isl6140-isl6150-datasheet,https://www.digikey.com/en/products/detail/renesas-electronics-corporation/ISL6150CBZ/672713,"-48V, VoIP",,900 µA,Latched Fault,,No,1,0°C ~ 70°C,"Circuit Breaker, Fault Timeout, OVP, UVLO",,,Hot Swap Controller,10V ~ 80V
ISL6150CBZ-T,Renesas Electronics Corporation,IC HOT SWAP CTRLR -48V 8SOIC,linear-audio-amplifiers,0,0.0,"8-SOIC (0.154"", 3.90mm Width)",Surface Mount,Obsolete,https://www.renesas.com/us/en/document/dst/isl6140-isl6150-datasheet,https://www.digikey.com/en/products/detail/renesas-electronics-corporation/ISL6150CBZ-T/1063845,"-48V, VoIP",,900 µA,Latched Fault,,No,1,0°C ~ 70°C,"Circuit Breaker, Fault Timeout, OVP, UVLO",,,Hot Swap Controller,10V ~ 80V
ISL6150IB,Intersil,"POWER SUPPLY CIRCUIT, ADJ",linear-audio-amplifiers,3899,1.66,"8-SOIC (0.154"", 3.90mm Width)",Surface Mount,Obsolete,https://rocelec.widen.net/view/pdf/qm6vfpysou/INSLS19117-1.pdf?t.download=true&u=5oefqw,https://www.digikey.com/en/products/detail/rochester-electronics-llc/ISL6150IB/11523972,"-48V, VoIP",,900 µA,Latched Fault,,No,1,-40°C ~ 85°C,"Circuit Breaker, Fault Timeout, OVP, UVLO",,,Hot Swap Controller,10V ~ 80V
ISL6150IBZ,Renesas Electronics Corporation,IC HOT SWAP CTRLR -48V 8SOIC,linear-audio-amplifiers,0,0.0,"8-SOIC (0.154"", 3.90mm Width)",Surface Mount,Obsolete,https://www.renesas.com/us/en/document/dst/isl6140-isl6150-datasheet,https://www.digikey.com/en/products/detail/renesas-electronics-corporation/ISL6150IBZ/1063848,"-48V, VoIP",,900 µA,Latched Fault,,No,1,-40°C ~ 85°C,"Circuit Breaker, Fault Timeout, OVP, UVLO",,,Hot Swap Controller,10V ~ 80V
ISL6150IBZ-T,Renesas Electronics Corporation,IC HOT SWAP CTRLR -48V 8SOIC,linear-audio-amplifiers,0,0.0,"8-SOIC (0.154"", 3.90mm Width)",Surface Mount,Obsolete,https://www.renesas.com/us/en/document/dst/isl6140-isl6150-datasheet,https://www.digikey.com/en/products/detail/renesas-electronics-corporation/ISL6150IBZ-T/1063849,"-48V, VoIP",,900 µA,Latched Fault,,No,1,-40°C ~ 85°C,"Circuit Breaker, Fault Timeout, OVP, UVLO",,,Hot Swap Controller,10V ~ 80V
ISL6151CBZA,Intersil,"POWER SUPPLY CIRCUIT, ADJ",linear-audio-amplifiers,758,4.16,"8-SOIC (0.154"", 3.90mm Width)",Surface Mount,Obsolete,https://rocelec.widen.net/view/pdf/6kyy1p1i4u/INSL-S-A0001388802-1.pdf?t.download=true&u=5oefqw,https://www.digikey.com/en/products/detail/rochester-electronics-llc/ISL6151CBZA/11558193,"-48V, VoIP",,2.4 mA,"Auto Retry, Fault Timeout",,No,1,0°C ~ 70°C,"Current Limit, OVP, UVLO",,IntelliTrip™,Hot Swap Controller,20V ~ 80V
ISL6151IB,Intersil,"POWER SUPPLY CIRCUIT, ADJ",linear-audio-amplifiers,882,2.0,"8-SOIC (0.154"", 3.90mm Width)",Surface Mount,Obsolete,https://rocelec.widen.net/view/pdf/xevkngadlp/INSLS15611-1.pdf?t.download=true&u=5oefqw,https://www.digikey.com/en/products/detail/rochester-electronics-llc/ISL6151IB/11526642,"-48V, VoIP",,2.4 mA,"Auto Retry, Fault Timeout",,No,1,-40°C ~ 85°C,"Current Limit, OVP, UVLO",,IntelliTrip™,Hot Swap Controller,20V ~ 80V
ISL6151IBZA,Intersil,"POWER SUPPLY CIRCUIT, ADJ",linear-audio-amplifiers,925,4.58,"8-SOIC (0.154"", 3.90mm Width)",Surface Mount,Obsolete,https://rocelec.widen.net/view/pdf/6kyy1p1i4u/INSL-S-A0001388802-1.pdf?t.download=true&u=5oefqw,https://www.digikey.com/en/products/detail/rochester-electronics-llc/ISL6151IBZA/11553178,"-48V, VoIP",,2.4 mA,"Auto Retry, Fault Timeout",,No,1,-40°C ~ 85°C,"Current Limit, OVP, UVLO",,IntelliTrip™,Hot Swap Controller,20V ~ 80V
ISL6152CB,Intersil,"POWER SUPPLY CIRCUIT, ADJ",linear-audio-amplifiers,1600,2.95,"14-SOIC (0.154"", 3.90mm Width)",Surface Mount,Obsolete,https://rocelec.widen.net/view/pdf/kt4lan4tpv/INSL-S-A0001383289-1.pdf?t.download=true&u=5oefqw,https://www.digikey.com/en/products/detail/rochester-electronics-llc/ISL6152CB/11528059,"-48V, VoIP",,2.6 mA,Auto Retry,,No,1,0°C ~ 70°C,"Current Limit, Fault Timeout, OVP, UVLO",,IntelliTrip™,Hot Swap Controller,20V ~ 80V
ISL6152CB-T,Renesas Electronics Corporation,IC HOT SWAP CTRLR -48V 14SOIC,linear-audio-amplifiers,0,0.0,"14-SOIC (0.154"", 3.90mm Width)",Surface Mount,Obsolete,https://www.digikey.com//mm.digikey.com/Volume0/opasdata/d220001/medias/docus/2608/ISL6142%2C%20ISL6152.pdf,https://www.digikey.com/en/products/detail/renesas-electronics-corporation/ISL6152CB-T/672715,"-48V, VoIP",,2.6 mA,Auto Retry,,No,1,0°C ~ 70°C,"Current Limit, Fault Timeout, OVP, UVLO",,IntelliTrip™,Hot Swap Controller,20V ~ 80V
ISL6152CBZA,Intersil,"POWER SUPPLY CIRCUIT, ADJ",linear-audio-amplifiers,1995,7.13,"14-SOIC (0.154"", 3.90mm Width)",Surface Mount,Obsolete,https://rocelec.widen.net/view/pdf/kt4lan4tpv/INSL-S-A0001383289-1.pdf?t.download=true&u=5oefqw,https://www.digikey.com/en/products/detail/rochester-electronics-llc/ISL6152CBZA/11527513,"-48V, VoIP",,2.6 mA,Auto Retry,,No,1,0°C ~ 70°C,"Current Limit, Fault Timeout, OVP, UVLO",,IntelliTrip™,Hot Swap Controller,20V ~ 80V
ISL6152IB,Intersil,"POWER SUPPLY CIRCUIT, ADJ",linear-audio-amplifiers,1548,6.2,"14-SOIC (0.154"", 3.90mm Width)",Surface Mount,Obsolete,https://rocelec.widen.net/view/pdf/kt4lan4tpv/INSL-S-A0001383289-1.pdf?t.download=true&u=5oefqw,https://www.digikey.com/en/products/detail/rochester-electronics-llc/ISL6152IB/11514266,"-48V, VoIP",,2.6 mA,Auto Retry,,No,1,-40°C ~ 85°C,"Current Limit, Fault Timeout, OVP, UVLO",,IntelliTrip™,Hot Swap Controller,20V ~ 80V
ISL6152IBZA,Renesas Electronics Corporation,IC HOT SWAP CTRLR -48V 14SOIC,linear-audio-amplifiers,0,0.0,"14-SOIC (0.154"", 3.90mm Width)",Surface Mount,Obsolete,https://www.digikey.com//mm.digikey.com/Volume0/opasdata/d220001/medias/docus/2608/ISL6142%2C%20ISL6152.pdf,https://www.digikey.com/en/products/detail/renesas-electronics-corporation/ISL6152IBZA/1063858,"-48V, VoIP",,2.6 mA,Auto Retry,,No,1,-40°C ~ 85°C,"Current Limit, Fault Timeout, OVP, UVLO",,IntelliTrip™,Hot Swap Controller,20V ~ 80V
ISL6161CB,Intersil,"POWER SUPPLY CIRCUIT, ADJ",linear-audio-amplifiers,1430,1.89,"14-SOIC (0.154"", 3.90mm Width)",Surface Mount,Obsolete,https://rocelec.widen.net/view/pdf/bvzdk0gazs/INSLS08542-1.pdf?t.download=true&u=5oefqw,https://www.digikey.com/en/products/detail/rochester-electronics-llc/ISL6161CB/11555556,PCI Express®,,8 mA,Latched Fault,,No,2,0°C ~ 70°C,"Current Limit, Fault Timeout",,,Hot Swap Controller,10.5V ~ 13.2V
ISL6161CB-T,Renesas Electronics Corporation,IC HOT SWAP CTRLR PCI EXP 14SOIC,linear-audio-amplifiers,0,0.0,"14-SOIC (0.154"", 3.90mm Width)",Surface Mount,Obsolete,https://www.renesas.com/us/en/document/dst/isl6161-datasheet,https://www.digikey.com/en/products/detail/renesas-electronics-corporation/ISL6161CB-T/1063866,PCI Express®,,8 mA,Latched Fault,,No,2,0°C ~ 70°C,"Current Limit, Fault Timeout",,,Hot Swap Controller,10.5V ~ 13.2V
ISL6161CBZA,Renesas Electronics Corporation,IC HOT SWAP CTRLR PCI EXP 14SOIC,linear-audio-amplifiers,0,0.0,"14-SOIC (0.154"", 3.90mm Width)",Surface Mount,Obsolete,https://www.renesas.com/us/en/document/dst/isl6161-datasheet,https://www.digikey.com/en/products/detail/renesas-electronics-corporation/ISL6161CBZA/1063867,PCI Express®,,8 mA,Latched Fault,,No,2,0°C ~ 70°C,"Current Limit, Fault Timeout",,,Hot Swap Controller,10.5V ~ 13.2V
ISL6161CBZA-T,Renesas Electronics Corporation,IC HOT SWAP CTRLR PCI EXP 14SOIC,linear-audio-amplifiers,2519,0.0,"14-SOIC (0.154"", 3.90mm Width)",Surface Mount,Obsolete,https://www.renesas.com/us/en/document/dst/isl6161-datasheet,https://www.digikey.com/en/products/detail/renesas-electronics-corporation/ISL6161CBZA-T/1063868,PCI Express®,,8 mA,Latched Fault,,No,2,0°C ~ 70°C,"Current Limit, Fault Timeout",,,Hot Swap Controller,10.5V ~ 13.2V
ISL6161IBZA,Renesas Electronics Corporation,IC HOT SWAP CTRLR PCI EXP 14SOIC,linear-audio-amplifiers,0,0.0,"14-SOIC (0.154"", 3.90mm Width)",Surface Mount,Obsolete,https://www.renesas.com/us/en/document/dst/isl6161-datasheet,https://www.digikey.com/en/products/detail/renesas-electronics-corporation/ISL6161IBZA/1978459,PCI Express®,,8 mA,Latched Fault,,No,2,-40°C ~ 85°C,"Current Limit, Fault Timeout",,,Hot Swap Controller,10.5V ~ 13.2V
ISL6161IBZA-T,Renesas Electronics Corporation,IC HOT SWAP CTRLR PCI EXP 14SOIC,linear-audio-amplifiers,0,0.0,"14-SOIC (0.154"", 3.90mm Width)",Surface Mount,Obsolete,https://www.renesas.com/us/en/document/dst/isl6161-datasheet,https://www.digikey.com/en/products/detail/renesas-electronics-corporation/ISL6161IBZA-T/1978382,PCI Express®,,8 mA,Latched Fault,,No,2,-40°C ~ 85°C,"Current Limit, Fault Timeout",,,Hot Swap Controller,10.5V ~ 13.2V
ISL6161IVZA-T,Renesas Electronics Corporation,POWER DISTRIBUTION CONT TSSOP,linear-audio-amplifiers,0,0.0,"16-TSSOP (0.173"", 4.40mm Width)",Surface Mount,Obsolete,https://www.renesas.com/us/en/document/dst/isl6161-datasheet,https://www.digikey.com/en/products/detail/renesas-electronics-corporation/ISL6161IVZA-T/12745157,PCI Express®,,8 mA,Latched Fault,,No,2,-40°C ~ 85°C,,,,Hot Swap Controller,10.5V ~ 13.2V
ISL6173DRZA-T,Renesas Electronics Corporation,IC HOT SWAP CTRLR GP 28QFN,linear-audio-amplifiers,0,0.0,28-VFQFN Exposed Pad,Surface Mount,Obsolete,https://www.renesas.com/us/en/document/dst/isl6173-datasheet,https://www.digikey.com/en/products/detail/renesas-electronics-corporation/ISL6173DRZA-T/1063871,General Purpose,,9 mA,,,No,2,0°C ~ 85°C,"Auto Retry, Current Limit, Fault Timeout, Latched Fault, Slew Rate",,,Hot Swap Controller,2.25V ~ 3.63V
ISL61851ACBZ,Renesas Electronics Corporation,IC HOT SWAP CTRLR USB 8SOIC,linear-audio-amplifiers,0,0.0,"8-SOIC (0.154"", 3.90mm Width)",Surface Mount,Obsolete,https://www.renesas.com/en/document/dst/isl6185-datasheet,https://www.digikey.com/en/products/detail/renesas-electronics-corporation/ISL61851ACBZ/2551787,USB,600mA,50 µA,"Fault Timeout, Latched Fault, Thermal Limit, Turn On Voltage, UVLO",,Yes,2,0°C ~ 70°C,,,,Hot Swap Controller,2.3V ~ 5.5V
ISL61851AIBZ,Renesas Electronics Corporation,IC HOT SWAP CTRLR USB 8SOIC,linear-audio-amplifiers,0,0.0,"8-SOIC (0.154"", 3.90mm Width)",Surface Mount,Obsolete,https://www.renesas.com/en/document/dst/isl6185-datasheet,https://www.digikey.com/en/products/detail/renesas-electronics-corporation/ISL61851AIBZ/2551788,USB,600mA,50 µA,"Fault Timeout, Latched Fault, Thermal Limit, Turn On Voltage, UVLO",,Yes,2,-40°C ~ 85°C,,,,Hot Swap Controller,2.3V ~ 5.5V
ISL61851AIBZ-T,Renesas Electronics Corporation,IC HOT SWAP CTRLR USB 8SOIC,linear-audio-amplifiers,0,0.0,"8-SOIC (0.154"", 3.90mm Width)",Surface Mount,Obsolete,https://www.renesas.com/en/document/dst/isl6185-datasheet,https://www.digikey.com/en/products/detail/renesas-electronics-corporation/ISL61851AIBZ-T/2551303,USB,600mA,50 µA,"Fault Timeout, Latched Fault, Thermal Limit, Turn On Voltage, UVLO",,Yes,2,-40°C ~ 85°C,,,,Hot Swap Controller,2.3V ~ 5.5V
ISL61851AIBZ-T7A,Renesas Electronics Corporation,IC HOT SWAP CTRLR USB 8SOIC,linear-audio-amplifiers,0,0.0,"8-SOIC (0.154"", 3.90mm Width)",Surface Mount,Obsolete,https://www.renesas.com/en/document/dst/isl6185-datasheet,https://www.digikey.com/en/products/detail/renesas-electronics-corporation/ISL61851AIBZ-T7A/3622455,USB,600mA,50 µA,"Fault Timeout, Latched Fault, Thermal Limit, Turn On Voltage, UVLO",,Yes,2,-40°C ~ 85°C,,,,Hot Swap Controller,2.3V ~ 5.5V
ISL61851BCBZ,Renesas Electronics Corporation,IC HOT SWAP CTRLR USB 8SOIC,linear-audio-amplifiers,0,1.2012,"8-SOIC (0.154"", 3.90mm Width)",Surface Mount,Last Time Buy,https://www.renesas.com/en/document/dst/isl6185-datasheet,https://www.digikey.com/en/products/detail/renesas-electronics-corporation/ISL61851BCBZ/2551789,USB,600mA,50 µA,"Auto Retry, Fault Timeout, Thermal Limit, Turn On Voltage, UVLO",,Yes,2,0°C ~ 70°C,,,,Hot Swap Controller,2.3V ~ 5.5V
ISL61851BCBZ-T,Renesas Electronics Corporation,IC HOT SWAP CTRLR USB 8SOIC,linear-audio-amplifiers,0,1.8018,"8-SOIC (0.154"", 3.90mm Width)",Surface Mount,Active,https://www.renesas.com/en/document/dst/isl6185-datasheet,https://www.digikey.com/en/products/detail/renesas-electronics-corporation/ISL61851BCBZ-T/2551304,USB,600mA,50 µA,"Auto Retry, Fault Timeout, Thermal Limit, Turn On Voltage, UVLO",,Yes,2,0°C ~ 70°C,,,,Hot Swap Controller,2.3V ~ 5.5V
ISL61851BIBZ,Renesas Electronics Corporation,IC HOT SWAP CTRLR USB 8SOIC,linear-audio-amplifiers,0,1.2012,"8-SOIC (0.154"", 3.90mm Width)",Surface Mount,Last Time Buy,https://www.renesas.com/en/document/dst/isl6185-datasheet,https://www.digikey.com/en/products/detail/renesas-electronics-corporation/ISL61851BIBZ/2551790,USB,600mA,50 µA,"Auto Retry, Fault Timeout, Thermal Limit, Turn On Voltage, UVLO",,Yes,2,-40°C ~ 85°C,,,,Hot Swap Controller,2.3V ~ 5.5V
ISL61851BIBZ-T,Renesas Electronics Corporation,IC HOT SWAP CTRLR USB 8SOIC,linear-audio-amplifiers,0,0.0,"8-SOIC (0.154"", 3.90mm Width)",Surface Mount,Obsolete,https://www.renesas.com/en/document/dst/isl6185-datasheet,https://www.digikey.com/en/products/detail/renesas-electronics-corporation/ISL61851BIBZ-T/2551305,USB,600mA,50 µA,"Auto Retry, Fault Timeout, Thermal Limit, Turn On Voltage, UVLO",,Yes,2,-40°C ~ 85°C,,,,Hot Swap Controller,2.3V ~ 5.5V
ISL61851BIBZ-T7A,Renesas Electronics Corporation,IC HOT SWAP CTRLR USB 8SOIC,linear-audio-amplifiers,0,0.0,"8-SOIC (0.154"", 3.90mm Width)",Surface Mount,Obsolete,https://www.renesas.com/en/document/dst/isl6185-datasheet,https://www.digikey.com/en/products/detail/renesas-electronics-corporation/ISL61851BIBZ-T7A/3622457,USB,600mA,50 µA,"Auto Retry, Fault Timeout, Thermal Limit, Turn On Voltage, UVLO",,Yes,2,-40°C ~ 85°C,,,,Hot Swap Controller,2.3V ~ 5.5V
ISL61851CIBZ,Renesas Electronics Corporation,IC HOT SWAP CTRLR USB 8SOIC,linear-audio-amplifiers,0,0.0,"8-SOIC (0.154"", 3.90mm Width)",Surface Mount,Obsolete,https://www.renesas.com/en/document/dst/isl6185-datasheet,https://www.digikey.com/en/products/detail/renesas-electronics-corporation/ISL61851CIBZ/2551792,USB,1.1A,50 µA,"Fault Timeout, Latched Fault, Thermal Limit, Turn On Voltage, UVLO",,Yes,2,-40°C ~ 85°C,,,,Hot Swap Controller,2.3V ~ 5.5V
ISL61851DCBZ,Renesas Electronics Corporation,IC HOT SWAP CTRLR USB 8SOIC,linear-audio-amplifiers,0,0.0,"8-SOIC (0.154"", 3.90mm Width)",Surface Mount,Obsolete,https://www.renesas.com/en/document/dst/isl6185-datasheet,https://www.digikey.com/en/products/detail/renesas-electronics-corporation/ISL61851DCBZ/2551793,USB,1.1A,50 µA,"Auto Retry, Fault Timeout, Thermal Limit, Turn On Voltage, UVLO",,Yes,2,0°C ~ 70°C,,,,Hot Swap Controller,2.3V ~ 5.5V
ISL61851DIBZ,Renesas Electronics Corporation,IC HOT SWAP CTRLR USB 8SOIC,linear-audio-amplifiers,0,1.17118,"8-SOIC (0.154"", 3.90mm Width)",Surface Mount,Last Time Buy,https://www.renesas.com/en/document/dst/isl6185-datasheet,https://www.digikey.com/en/products/detail/renesas-electronics-corporation/ISL61851DIBZ/2551794,USB,1.1A,50 µA,"Auto Retry, Fault Timeout, Thermal Limit, Turn On Voltage, UVLO",,Yes,2,-40°C ~ 85°C,,,,Hot Swap Controller,2.3V ~ 5.5V
ISL61851DIBZ-T,Renesas Electronics Corporation,IC HOT SWAP CTRLR USB 8SOIC,linear-audio-amplifiers,0,1.2012,"8-SOIC (0.154"", 3.90mm Width)",Surface Mount,Last Time Buy,https://www.renesas.com/en/document/dst/isl6185-datasheet,https://www.digikey.com/en/products/detail/renesas-electronics-corporation/ISL61851DIBZ-T/2551309,USB,1.1A,50 µA,"Auto Retry, Fault Timeout, Thermal Limit, Turn On Voltage, UVLO",,Yes,2,-40°C ~ 85°C,,,,Hot Swap Controller,2.3V ~ 5.5V
ISL61851ECBZ,Renesas Electronics Corporation,IC HOT SWAP CTRLR USB 8SOIC,linear-audio-amplifiers,0,0.0,"8-SOIC (0.154"", 3.90mm Width)",Surface Mount,Obsolete,https://www.renesas.com/en/document/dst/isl6185-datasheet,https://www.digikey.com/en/products/detail/renesas-electronics-corporation/ISL61851ECBZ/2551795,USB,600mA,50 µA,"Fault Timeout, Latched Fault, Thermal Limit, Turn On Voltage, UVLO",,Yes,2,0°C ~ 70°C,,,,Hot Swap Controller,2.3V ~ 5.5V
ISL61851EIBZ,Renesas Electronics Corporation,IC HOT SWAP CTRLR USB 8SOIC,linear-audio-amplifiers,90,2.23,"8-SOIC (0.154"", 3.90mm Width)",Surface Mount,Last Time Buy,https://www.renesas.com/en/document/dst/isl6185-datasheet,https://www.digikey.com/en/products/detail/renesas-electronics-corporation/ISL61851EIBZ/2551796,USB,600mA,50 µA,"Fault Timeout, Latched Fault, Thermal Limit, Turn On Voltage, UVLO",,Yes,2,-40°C ~ 85°C,,,,Hot Swap Controller,2.3V ~ 5.5V
ISL61851EIBZ-T,Renesas Electronics Corporation,IC HOT SWAP CTRLR USB 8SOIC,linear-audio-amplifiers,0,1.925,"8-SOIC (0.154"", 3.90mm Width)",Surface Mount,Active,https://www.renesas.com/en/document/dst/isl6185-datasheet,https://www.digikey.com/en/products/detail/renesas-electronics-corporation/ISL61851EIBZ-T/2551311,USB,600mA,50 µA,"Fault Timeout, Latched Fault, Thermal Limit, Turn On Voltage, UVLO",,Yes,2,-40°C ~ 85°C,,,,Hot Swap Controller,2.3V ~ 5.5V
ISL61851FCBZ,Renesas Electronics Corporation,IC HOT SWAP CTRLR USB 8SOIC,linear-audio-amplifiers,0,0.0,"8-SOIC (0.154"", 3.90mm Width)",Surface Mount,Obsolete,https://www.renesas.com/en/document/dst/isl6185-datasheet,https://www.digikey.com/en/products/detail/renesas-electronics-corporation/ISL61851FCBZ/2551797,USB,600mA,50 µA,"Auto Retry, Fault Timeout, Thermal Limit, Turn On Voltage, UVLO",,Yes,2,0°C ~ 70°C,,,,Hot Swap Controller,2.3V ~ 5.5V
ISL61851ICBZ,Renesas Electronics Corporation,IC HOT SWAP CTRLR USB 8SOIC,linear-audio-amplifiers,0,0.0,"8-SOIC (0.154"", 3.90mm Width)",Surface Mount,Obsolete,https://www.renesas.com/en/document/dst/isl6185-datasheet,https://www.digikey.com/en/products/detail/renesas-electronics-corporation/ISL61851ICBZ/2551803,USB,1.5A,50 µA,"Fault Timeout, Latched Fault, Thermal Limit, Turn On Voltage, UVLO",,Yes,2,0°C ~ 70°C,,,,Hot Swap Controller,2.3V ~ 5.5V
ISL61851ICBZ-T,Renesas Electronics Corporation,IC HOT SWAP CTRLR USB 8SOIC,linear-audio-amplifiers,0,0.0,"8-SOIC (0.154"", 3.90mm Width)",Surface Mount,Obsolete,https://www.renesas.com/en/document/dst/isl6185-datasheet,https://www.digikey.com/en/products/detail/renesas-electronics-corporation/ISL61851ICBZ-T/2551318,USB,1.5A,50 µA,"Fault Timeout, Latched Fault, Thermal Limit, Turn On Voltage, UVLO",,Yes,2,0°C ~ 70°C,,,,Hot Swap Controller,2.3V ~ 5.5V
ISL61851JCBZ,Renesas Electronics Corporation,IC HOT SWAP CTRLR USB 8SOIC,linear-audio-amplifiers,0,1.2782,"8-SOIC (0.154"", 3.90mm Width)",Surface Mount,Last Time Buy,https://www.renesas.com/en/document/dst/isl6185-datasheet,https://www.digikey.com/en/products/detail/renesas-electronics-corporation/ISL61851JCBZ/2551805,USB,1.5A,50 µA,"Auto Retry, Fault Timeout, Thermal Limit, Turn On Voltage, UVLO",,Yes,2,0°C ~ 70°C,,,,Hot Swap Controller,2.3V ~ 5.5V
ISL61851JCBZ-T,Renesas Electronics Corporation,IC HOT SWAP CTRLR USB 8SOIC,linear-audio-amplifiers,0,1.925,"8-SOIC (0.154"", 3.90mm Width)",Surface Mount,Active,https://www.renesas.com/en/document/dst/isl6185-datasheet,https://www.digikey.com/en/products/detail/renesas-electronics-corporation/ISL61851JCBZ-T/2551320,USB,1.5A,50 µA,"Auto Retry, Fault Timeout, Thermal Limit, Turn On Voltage, UVLO",,Yes,2,0°C ~ 70°C,,,,Hot Swap Controller,2.3V ~ 5.5V
ISL61851JIBZ,Renesas Electronics Corporation,IC HOT SWAP CTRLR USB 8SOIC,linear-audio-amplifiers,0,0.0,"8-SOIC (0.154"", 3.90mm Width)",Surface Mount,Obsolete,https://www.renesas.com/en/document/dst/isl6185-datasheet,https://www.digikey.com/en/products/detail/renesas-electronics-corporation/ISL61851JIBZ/2551806,USB,1.5A,50 µA,"Auto Retry, Fault Timeout, Thermal Limit, Turn On Voltage, UVLO",,Yes,2,-40°C ~ 85°C,,,,Hot Swap Controller,2.3V ~ 5.5V
ISL61852ACRZ,Renesas Electronics Corporation,IC HOT SWAP CTRLR USB 8DFN,linear-audio-amplifiers,1715,2.49,8-VDFN Exposed Pad,Surface Mount,Last Time Buy,https://www.renesas.com/en/document/dst/isl6185-datasheet,https://www.digikey.com/en/products/detail/renesas-electronics-corporation/ISL61852ACRZ/2551811,USB,600mA,50 µA,"Fault Timeout, Latched Fault, Thermal Limit, Turn On Voltage, UVLO",,Yes,2,0°C ~ 70°C,,,,Hot Swap Controller,2.3V ~ 5.5V
ISL61852ACRZ-T,Renesas Electronics Corporation,IC HOT SWAP CTRLR USB 8DFN,linear-audio-amplifiers,0,1.4476,8-VDFN Exposed Pad,Surface Mount,Last Time Buy,https://www.renesas.com/en/document/dst/isl6185-datasheet,https://www.digikey.com/en/products/detail/renesas-electronics-corporation/ISL61852ACRZ-T/2551326,USB,600mA,50 µA,"Fault Timeout, Latched Fault, Thermal Limit, Turn On Voltage, UVLO",,Yes,2,0°C ~ 70°C,,,,Hot Swap Controller,2.3V ~ 5.5V
ISL61852AIRZ,Renesas Electronics Corporation,IC HOT SWAP CTRLR USB 8DFN,linear-audio-amplifiers,0,0.0,8-VDFN Exposed Pad,Surface Mount,Obsolete,https://www.renesas.com/en/document/dst/isl6185-datasheet,https://www.digikey.com/en/products/detail/renesas-electronics-corporation/ISL61852AIRZ/2551812,USB,600mA,50 µA,"Fault Timeout, Latched Fault, Thermal Limit, Turn On Voltage, UVLO",,Yes,2,-40°C ~ 85°C,,,,Hot Swap Controller,2.3V ~ 5.5V
ISL61852AIRZ-T,Renesas Electronics Corporation,IC HOT SWAP CTRLR USB 8DFN,linear-audio-amplifiers,0,0.0,8-VDFN Exposed Pad,Surface Mount,Obsolete,https://www.renesas.com/en/document/dst/isl6185-datasheet,https://www.digikey.com/en/products/detail/renesas-electronics-corporation/ISL61852AIRZ-T/2551327,USB,600mA,50 µA,"Fault Timeout, Latched Fault, Thermal Limit, Turn On Voltage, UVLO",,Yes,2,-40°C ~ 85°C,,,,Hot Swap Controller,2.3V ~ 5.5V
ISL61852BIRZ,Renesas Electronics Corporation,IC HOT SWAP CTRLR USB 8DFN,linear-audio-amplifiers,0,1.4476,8-VDFN Exposed Pad,Surface Mount,Last Time Buy,https://www.renesas.com/en/document/dst/isl6185-datasheet,https://www.digikey.com/en/products/detail/renesas-electronics-corporation/ISL61852BIRZ/2551814,USB,600mA,50 µA,"Auto Retry, Fault Timeout, Thermal Limit, Turn On Voltage, UVLO",,Yes,2,-40°C ~ 85°C,,,,Hot Swap Controller,2.3V ~ 5.5V
ISL61852BIRZ-T,Renesas Electronics Corporation,IC HOT SWAP CTRLR USB 8DFN,linear-audio-amplifiers,0,2.1714,8-VDFN Exposed Pad,Surface Mount,Active,https://www.renesas.com/en/document/dst/isl6185-datasheet,https://www.digikey.com/en/products/detail/renesas-electronics-corporation/ISL61852BIRZ-T/2513566,USB,600mA,50 µA,"Auto Retry, Fault Timeout, Thermal Limit, Turn On Voltage, UVLO",,Yes,2,-40°C ~ 85°C,,,,Hot Swap Controller,2.3V ~ 5.5V
ISL61852CCRZ,Renesas Electronics Corporation,IC HOT SWAP CTRLR USB 8DFN,linear-audio-amplifiers,0,1.8172,8-VDFN Exposed Pad,Surface Mount,Last Time Buy,https://www.renesas.com/en/document/dst/isl6185-datasheet,https://www.digikey.com/en/products/detail/renesas-electronics-corporation/ISL61852CCRZ/2551815,USB,1.1A,50 µA,"Fault Timeout, Latched Fault, Thermal Limit, Turn On Voltage, UVLO",,Yes,2,0°C ~ 70°C,,,,Hot Swap Controller,2.3V ~ 5.5V
ISL61852CCRZ-T,Renesas Electronics Corporation,IC HOT SWAP CTRLR USB 8DFN,linear-audio-amplifiers,0,1.8172,8-VDFN Exposed Pad,Surface Mount,Last Time Buy,https://www.renesas.com/en/document/dst/isl6185-datasheet,https://www.digikey.com/en/products/detail/renesas-electronics-corporation/ISL61852CCRZ-T/2551329,USB,1.1A,50 µA,"Fault Timeout, Latched Fault, Thermal Limit, Turn On Voltage, UVLO",,Yes,2,0°C ~ 70°C,,,,Hot Swap Controller,2.3V ~ 5.5V
ISL61852CIRZ,Renesas Electronics Corporation,IC HOT SWAP CTRLR USB 8DFN,linear-audio-amplifiers,0,0.0,8-VDFN Exposed Pad,Surface Mount,Obsolete,https://www.renesas.com/en/document/dst/isl6185-datasheet,https://www.digikey.com/en/products/detail/renesas-electronics-corporation/ISL61852CIRZ/2551816,USB,1.1A,50 µA,"Fault Timeout, Latched Fault, Thermal Limit, Turn On Voltage, UVLO",,Yes,2,-40°C ~ 85°C,,,,Hot Swap Controller,2.3V ~ 5.5V
ISL61852DCRZ,Renesas Electronics Corporation,IC HOT SWAP CTRLR USB 8DFN,linear-audio-amplifiers,0,0.0,8-VDFN Exposed Pad,Surface Mount,Obsolete,https://www.renesas.com/en/document/dst/isl6185-datasheet,https://www.digikey.com/en/products/detail/renesas-electronics-corporation/ISL61852DCRZ/2551817,USB,1.1A,50 µA,"Auto Retry, Fault Timeout, Thermal Limit, Turn On Voltage, UVLO",,Yes,2,0°C ~ 70°C,,,,Hot Swap Controller,2.3V ~ 5.5V
ISL61852DIRZ,Renesas Electronics Corporation,IC HOT SWAP CTRLR USB 8DFN,linear-audio-amplifiers,0,1.4476,8-VDFN Exposed Pad,Surface Mount,Last Time Buy,https://www.renesas.com/en/document/dst/isl6185-datasheet,https://www.digikey.com/en/products/detail/renesas-electronics-corporation/ISL61852DIRZ/2551818,USB,1.1A,50 µA,"Auto Retry, Fault Timeout, Thermal Limit, Turn On Voltage, UVLO",,Yes,2,-40°C ~ 85°C,,,,Hot Swap Controller,2.3V ~ 5.5V
ISL61852DIRZ-T,Renesas Electronics Corporation,IC HOT SWAP CTRLR USB 8DFN,linear-audio-amplifiers,0,2.1714,8-VDFN Exposed Pad,Surface Mount,Active,https://www.renesas.com/en/document/dst/isl6185-datasheet,https://www.digikey.com/en/products/detail/renesas-electronics-corporation/ISL61852DIRZ-T/2551332,USB,1.1A,50 µA,"Auto Retry, Fault Timeout, Thermal Limit, Turn On Voltage, UVLO",,Yes,2,-40°C ~ 85°C,,,,Hot Swap Controller,2.3V ~ 5.5V
ISL61852FIRZ,Renesas Electronics Corporation,IC HOT SWAP CTRLR USB 8DFN,linear-audio-amplifiers,0,0.0,8-VDFN Exposed Pad,Surface Mount,Obsolete,https://www.renesas.com/en/document/dst/isl6185-datasheet,https://www.digikey.com/en/products/detail/renesas-electronics-corporation/ISL61852FIRZ/2551822,USB,600mA,50 µA,"Auto Retry, Fault Timeout, Thermal Limit, Turn On Voltage, UVLO",,Yes,2,-40°C ~ 85°C,,,,Hot Swap Controller,2.3V ~ 5.5V
ISL61852FIRZ-T,Renesas Electronics Corporation,IC HOT SWAP CTRLR USB 8DFN,linear-audio-amplifiers,0,0.0,8-VDFN Exposed Pad,Surface Mount,Obsolete,https://www.renesas.com/en/document/dst/isl6185-datasheet,https://www.digikey.com/en/products/detail/renesas-electronics-corporation/ISL61852FIRZ-T/2551336,USB,600mA,50 µA,"Auto Retry, Fault Timeout, Thermal Limit, Turn On Voltage, UVLO",,Yes,2,-40°C ~ 85°C,,,,Hot Swap Controller,2.3V ~ 5.5V
ISL61852HCRZ,Renesas Electronics Corporation,IC HOT SWAP CTRLR USB 8DFN,linear-audio-amplifiers,0,0.0,8-VDFN Exposed Pad,Surface Mount,Obsolete,https://www.renesas.com/en/document/dst/isl6185-datasheet,https://www.digikey.com/en/products/detail/renesas-electronics-corporation/ISL61852HCRZ/2551825,USB,1.1A,50 µA,"Auto Retry, Fault Timeout, Thermal Limit, Turn On Voltage, UVLO",,Yes,2,0°C ~ 70°C,,,,Hot Swap Controller,2.3V ~ 5.5V
ISL61852HCRZ-T,Renesas Electronics Corporation,IC HOT SWAP CTRLR USB 8DFN,linear-audio-amplifiers,0,0.0,8-VDFN Exposed Pad,Surface Mount,Obsolete,https://www.renesas.com/en/document/dst/isl6185-datasheet,https://www.digikey.com/en/products/detail/renesas-electronics-corporation/ISL61852HCRZ-T/2551339,USB,1.1A,50 µA,"Auto Retry, Fault Timeout, Thermal Limit, Turn On Voltage, UVLO",,Yes,2,0°C ~ 70°C,,,,Hot Swap Controller,2.3V ~ 5.5V
ISL61852ICRZ,Renesas Electronics Corporation,IC HOT SWAP CTRLR USB 8DFN,linear-audio-amplifiers,0,1.4476,8-VDFN Exposed Pad,Surface Mount,Last Time Buy,https://www.renesas.com/en/document/dst/isl6185-datasheet,https://www.digikey.com/en/products/detail/renesas-electronics-corporation/ISL61852ICRZ/2551827,USB,1.5A,50 µA,"Fault Timeout, Latched Fault, Thermal Limit, Turn On Voltage, UVLO",,Yes,2,0°C ~ 70°C,,,,Hot Swap Controller,2.3V ~ 5.5V
ISL61852ICRZ-T,Renesas Electronics Corporation,IC HOT SWAP CTRLR USB 8DFN,linear-audio-amplifiers,0,0.0,8-VDFN Exposed Pad,Surface Mount,Obsolete,https://www.renesas.com/en/document/dst/isl6185-datasheet,https://www.digikey.com/en/products/detail/renesas-electronics-corporation/ISL61852ICRZ-T/2551341,USB,1.5A,50 µA,"Fault Timeout, Latched Fault, Thermal Limit, Turn On Voltage, UVLO",,Yes,2,0°C ~ 70°C,,,,Hot Swap Controller,2.3V ~ 5.5V
ISL61861ACBZ,Renesas Electronics Corporation,IC HOT SWAP CTRLR USB 8SOIC,linear-audio-amplifiers,0,0.0,"8-SOIC (0.154"", 3.90mm Width)",Surface Mount,Obsolete,https://www.renesas.com/us/en/document/dst/isl6186-datasheet,https://www.digikey.com/en/products/detail/renesas-electronics-corporation/ISL61861ACBZ/2780944,USB,1.5A,57 µA,"Fault Timeout, Latched Fault, Thermal Limit, Turn On Voltage, UVLO",,Yes,2,0°C ~ 70°C,,,,Hot Swap Controller,2.5V ~ 5.5V
ISL61861AIBZ,Renesas Electronics Corporation,IC HOT SWAP CTRLR USB 8SOIC,linear-audio-amplifiers,0,0.0,"8-SOIC (0.154"", 3.90mm Width)",Surface Mount,Obsolete,https://www.renesas.com/us/en/document/dst/isl6186-datasheet,https://www.digikey.com/en/products/detail/renesas-electronics-corporation/ISL61861AIBZ/2780947,USB,1.5A,57 µA,"Fault Timeout, Latched Fault, Thermal Limit, Turn On Voltage, UVLO",,Yes,2,-40°C ~ 85°C,,,,Hot Swap Controller,2.5V ~ 5.5V
ISL61861AIBZ-T,Renesas Electronics Corporation,IC HOT SWAP CTRLR USB 8SOIC,linear-audio-amplifiers,0,0.0,"8-SOIC (0.154"", 3.90mm Width)",Surface Mount,Obsolete,https://www.renesas.com/us/en/document/dst/isl6186-datasheet,https://www.digikey.com/en/products/detail/renesas-electronics-corporation/ISL61861AIBZ-T/2780938,USB,1.5A,57 µA,"Fault Timeout, Latched Fault, Thermal Limit, Turn On Voltage, UVLO",,Yes,2,-40°C ~ 85°C,,,,Hot Swap Controller,2.5V ~ 5.5V
ISL61861AIBZ-T7A,Renesas Electronics Corporation,IC HOT SWAP CTRLR USB 8SOIC,linear-audio-amplifiers,0,0.0,"8-SOIC (0.154"", 3.90mm Width)",Surface Mount,Obsolete,https://www.renesas.com/us/en/document/dst/isl6186-datasheet,https://www.digikey.com/en/products/detail/renesas-electronics-corporation/ISL61861AIBZ-T7A/3622458,USB,1.5A,57 µA,"Fault Timeout, Latched Fault, Thermal Limit, Turn On Voltage, UVLO",,Yes,2,-40°C ~ 85°C,,,,Hot Swap Controller,2.5V ~ 5.5V
ISL61861BCBZ,Renesas Electronics Corporation,IC HOT SWAP CTRLR USB 8SOIC,linear-audio-amplifiers,0,0.0,"8-SOIC (0.154"", 3.90mm Width)",Surface Mount,Obsolete,https://www.renesas.com/us/en/document/dst/isl6186-datasheet,https://www.digikey.com/en/products/detail/renesas-electronics-corporation/ISL61861BCBZ/2780939,USB,1.5A,57 µA,"Auto Retry, Fault Timeout, Thermal Limit, Turn On Voltage, UVLO",,Yes,2,0°C ~ 70°C,,,,Hot Swap Controller,2.5V ~ 5.5V
ISL61861BIBZ,Renesas Electronics Corporation,IC HOT SWAP CTRLR USB 8SOIC,linear-audio-amplifiers,1319,2.57,"8-SOIC (0.154"", 3.90mm Width)",Surface Mount,Last Time Buy,https://www.renesas.com/us/en/document/dst/isl6186-datasheet,https://www.digikey.com/en/products/detail/renesas-electronics-corporation/ISL61861BIBZ/2780940,USB,1.5A,57 µA,"Auto Retry, Fault Timeout, Thermal Limit, Turn On Voltage, UVLO",,Yes,2,-40°C ~ 85°C,,,,Hot Swap Controller,2.5V ~ 5.5V
ISL61861BIBZ-T,Renesas Electronics Corporation,IC HOT SWAP CTRLR USB 8SOIC,linear-audio-amplifiers,0,1.2782,"8-SOIC (0.154"", 3.90mm Width)",Surface Mount,Last Time Buy,https://www.renesas.com/us/en/document/dst/isl6186-datasheet,https://www.digikey.com/en/products/detail/renesas-electronics-corporation/ISL61861BIBZ-T/2772543,USB,1.5A,57 µA,"Auto Retry, Fault Timeout, Thermal Limit, Turn On Voltage, UVLO",,Yes,2,-40°C ~ 85°C,,,,Hot Swap Controller,2.5V ~ 5.5V
ISL61861BIBZ-T7A,Renesas Electronics Corporation,IC HOT SWAP CTRLR USB 8SOIC,linear-audio-amplifiers,0,0.0,"8-SOIC (0.154"", 3.90mm Width)",Surface Mount,Obsolete,https://www.renesas.com/us/en/document/dst/isl6186-datasheet,https://www.digikey.com/en/products/detail/renesas-electronics-corporation/ISL61861BIBZ-T7A/3622459,USB,1.5A,57 µA,"Auto Retry, Fault Timeout, Thermal Limit, Turn On Voltage, UVLO",,Yes,2,-40°C ~ 85°C,,,,Hot Swap Controller,2.5V ~ 5.5V
ISL61861CCBZ,Renesas Electronics Corporation,IC HOT SWAP CTRLR USB 8SOIC,linear-audio-amplifiers,0,0.0,"8-SOIC (0.154"", 3.90mm Width)",Surface Mount,Obsolete,https://www.renesas.com/us/en/document/dst/isl6186-datasheet,https://www.digikey.com/en/products/detail/renesas-electronics-corporation/ISL61861CCBZ/2772544,USB,3A,57 µA,"Fault Timeout, Latched Fault, Thermal Limit, Turn On Voltage, UVLO",,Yes,2,0°C ~ 70°C,,,,Hot Swap Controller,2.5V ~ 5.5V
ISL61862BIRZ,Renesas Electronics Corporation,IC HOT SWAP CTRLR USB 8DFN,linear-audio-amplifiers,0,0.0,8-VDFN Exposed Pad,Surface Mount,Obsolete,https://www.renesas.com/us/en/document/dst/isl6186-datasheet,https://www.digikey.com/en/products/detail/renesas-electronics-corporation/ISL61862BIRZ/2772557,USB,1.5A,57 µA,"Auto Retry, Fault Timeout, Thermal Limit, Turn On Voltage, UVLO",,Yes,2,-40°C ~ 85°C,,,,Hot Swap Controller,2.5V ~ 5.5V
ISL61862DIRZ,Renesas Electronics Corporation,IC HOT SWAP CTRLR USB 8DFN,linear-audio-amplifiers,475,3.49,8-VDFN Exposed Pad,Surface Mount,Obsolete,https://www.renesas.com/us/en/document/dst/isl6186-datasheet,https://www.digikey.com/en/products/detail/renesas-electronics-corporation/ISL61862DIRZ/2772536,USB,3A,57 µA,"Auto Retry, Fault Timeout, Thermal Limit, Turn On Voltage, UVLO",,Yes,2,-40°C ~ 85°C,,,,Hot Swap Controller,2.5V ~ 5.5V
ISL61862DIRZ-T,Renesas Electronics Corporation,IC HOT SWAP CTRLR USB 8DFN,linear-audio-amplifiers,0,0.0,8-VDFN Exposed Pad,Surface Mount,Obsolete,https://www.renesas.com/us/en/document/dst/isl6186-datasheet,https://www.digikey.com/en/products/detail/renesas-electronics-corporation/ISL61862DIRZ-T/2772538,USB,3A,57 µA,"Auto Retry, Fault Timeout, Thermal Limit, Turn On Voltage, UVLO",,Yes,2,-40°C ~ 85°C,,,,Hot Swap Controller,2.5V ~ 5.5V
ISL61863AIRZ,Renesas Electronics Corporation,IC HOT SWAP CTRLR USB 10DFN,linear-audio-amplifiers,0,0.0,10-VFDFN Exposed Pad,Surface Mount,Obsolete,https://www.renesas.com/us/en/document/dst/isl6186-datasheet,https://www.digikey.com/en/products/detail/renesas-electronics-corporation/ISL61863AIRZ/2773174,USB,1.5A,57 µA,"Fault Timeout, Latched Fault, Thermal Limit, Turn On Voltage, UVLO",,Yes,2,-40°C ~ 85°C,,,,Hot Swap Controller,2.5V ~ 5.5V
ISL61863AIRZ-T,Renesas Electronics Corporation,IC HOT SWAP CTRLR USB 10DFN,linear-audio-amplifiers,0,0.0,10-VFDFN Exposed Pad,Surface Mount,Obsolete,https://www.renesas.com/us/en/document/dst/isl6186-datasheet,https://www.digikey.com/en/products/detail/renesas-electronics-corporation/ISL61863AIRZ-T/2773176,USB,1.5A,57 µA,"Fault Timeout, Latched Fault, Thermal Limit, Turn On Voltage, UVLO",,Yes,2,-40°C ~ 85°C,,,,Hot Swap Controller,2.5V ~ 5.5V
ISL61863IIRZ,Renesas Electronics Corporation,IC HOT SWAP CTRLR USB 10DFN,linear-audio-amplifiers,0,0.0,10-VFDFN Exposed Pad,Surface Mount,Obsolete,https://www.renesas.com/us/en/document/dst/isl6186-datasheet,https://www.digikey.com/en/products/detail/renesas-electronics-corporation/ISL61863IIRZ/2773177,USB,3.6A,57 µA,"Fault Timeout, Latched Fault, Thermal Limit, Turn On Voltage, UVLO",,Yes,2,-40°C ~ 85°C,,,,Hot Swap Controller,2.5V ~ 5.5V
ISL61863IIRZ-T,Renesas Electronics Corporation,IC HOT SWAP CTRLR USB 10DFN,linear-audio-amplifiers,0,0.0,10-VFDFN Exposed Pad,Surface Mount,Obsolete,https://www.renesas.com/us/en/document/dst/isl6186-datasheet,https://www.digikey.com/en/products/detail/renesas-electronics-corporation/ISL61863IIRZ-T/2773181,USB,3.6A,57 µA,"Fault Timeout, Latched Fault, Thermal Limit, Turn On Voltage, UVLO",,Yes,2,-40°C ~ 85°C,,,,Hot Swap Controller,2.5V ~ 5.5V
LM25061PMM-1/NOPB,Texas Instruments,IC HOT SWAP CTRLR GP 10VSSOP,linear-audio-amplifiers,0,2.83822,"10-TFSOP, 10-MSOP (0.118"", 3.00mm Width)",Surface Mount,Active,,https://www.digikey.com/en/products/detail/texas-instruments/LM25061PMM-1-NOPB/2126345,General Purpose,,1.6 mA,Latched Fault,,No,1,-40°C ~ 85°C,"Current Limit, Fault Timeout, UVLO",,,Hot Swap Controller,2.9V ~ 17V
LM25061PMM-2/NOPB,Texas Instruments,IC HOT SWAP CTRLR GP 10VSSOP,linear-audio-amplifiers,0,2.83822,"10-TFSOP, 10-MSOP (0.118"", 3.00mm Width)",Surface Mount,Active,,https://www.digikey.com/en/products/detail/texas-instruments/LM25061PMM-2-NOPB/2126347,General Purpose,,1.6 mA,Auto Retry,,No,1,-40°C ~ 85°C,"Current Limit, Fault Timeout, UVLO",,,Hot Swap Controller,2.9V ~ 17V
LM25061PMME-1,Texas Instruments,IC SUPERVISOR PWR SUP SUPPORT,linear-audio-amplifiers,250,2.68,-,-,Active,https://rocelec.widen.net/view/pdf/qv1zvaxxq8/TXIIS135001-1.pdf?t.download=true&u=5oefqw,https://www.digikey.com/en/products/detail/rochester-electronics-llc/LM25061PMME-1/12117851,,,,,,,,,,,*,,
LM25061PMME-1/NOPB,Texas Instruments,IC HOT SWAP CTRLR GP 10VSSOP,linear-audio-amplifiers,234,4.69,"10-TFSOP, 10-MSOP (0.118"", 3.00mm Width)",Surface Mount,Active,,https://www.digikey.com/en/products/detail/texas-instruments/LM25061PMME-1-NOPB/2126215,General Purpose,,1.6 mA,Latched Fault,,No,1,-40°C ~ 85°C,"Current Limit, Fault Timeout, UVLO",,,Hot Swap Controller,2.9V ~ 17V
LM25061PMME-2/NOPB,Texas Instruments,IC HOT SWAP CTRLR GP 10VSSOP,linear-audio-amplifiers,44,4.69,"10-TFSOP, 10-MSOP (0.118"", 3.00mm Width)",Surface Mount,Active,,https://www.digikey.com/en/products/detail/texas-instruments/LM25061PMME-2-NOPB/2126216,General Purpose,,1.6 mA,Auto Retry,,No,1,-40°C ~ 85°C,"Current Limit, Fault Timeout, UVLO",,,Hot Swap Controller,2.9V ~ 17V
LM25061PMMX-1/NOPB,Texas Instruments,IC HOT SWAP CTRLR GP 10VSSOP,linear-audio-amplifiers,0,2.36544,"10-TFSOP, 10-MSOP (0.118"", 3.00mm Width)",Surface Mount,Active,,https://www.digikey.com/en/products/detail/texas-instruments/LM25061PMMX-1-NOPB/2126346,General Purpose,,1.6 mA,Latched Fault,,No,1,-40°C ~ 85°C,"Current Limit, Fault Timeout, UVLO",,,Hot Swap Controller,2.9V ~ 17V
LM25061PMMX-2/NOPB,Texas Instruments,IC HOT SWAP CTRLR GP 10VSSOP,linear-audio-amplifiers,0,2.36544,"10-TFSOP, 10-MSOP (0.118"", 3.00mm Width)",Surface Mount,Active,,https://www.digikey.com/en/products/detail/texas-instruments/LM25061PMMX-2-NOPB/2126348,General Purpose,,1.6 mA,Auto Retry,,No,1,-40°C ~ 85°C,"Current Limit, Fault Timeout, UVLO",,,Hot Swap Controller,2.9V ~ 17V
LM25069PMM-1/NOPB,Texas Instruments,IC HOT SWAP CTRLR GP 10VSSOP,linear-audio-amplifiers,2689,4.23,"10-TFSOP, 10-MSOP (0.118"", 3.00mm Width)",Surface Mount,Active,,https://www.digikey.com/en/products/detail/texas-instruments/LM25069PMM-1-NOPB/2126350,General Purpose,,1.6 mA,Latched Fault,,No,1,-40°C ~ 85°C,"Current Limit, Fault Timeout, OVP, UVLO",,,Hot Swap Controller,2.9V ~ 17V
LM25069PMM-2/NOPB,Texas Instruments,IC HOT SWAP CTRLR GP 10VSSOP,linear-audio-amplifiers,940,4.23,"10-TFSOP, 10-MSOP (0.118"", 3.00mm Width)",Surface Mount,Active,,https://www.digikey.com/en/products/detail/texas-instruments/LM25069PMM-2-NOPB/2126352,General Purpose,,1.6 mA,Auto Retry,,No,1,-40°C ~ 85°C,"Current Limit, Fault Timeout, OVP, UVLO",,,Hot Swap Controller,2.9V ~ 17V
LM25069PMME-1/NOPB,Texas Instruments,IC HOT SWAP CTRLR GP 10VSSOP,linear-audio-amplifiers,220,4.23,"10-TFSOP, 10-MSOP (0.118"", 3.00mm Width)",Surface Mount,Active,,https://www.digikey.com/en/products/detail/texas-instruments/LM25069PMME-1-NOPB/2126217,General Purpose,,1.6 mA,Latched Fault,,No,1,-40°C ~ 85°C,"Current Limit, Fault Timeout, OVP, UVLO",,,Hot Swap Controller,2.9V ~ 17V
LM25069PMME-2/NOPB,Texas Instruments,IC HOT SWAP CTRLR GP 10VSSOP,linear-audio-amplifiers,532,4.23,"10-TFSOP, 10-MSOP (0.118"", 3.00mm Width)",Surface Mount,Active,,https://www.digikey.com/en/products/detail/texas-instruments/LM25069PMME-2-NOPB/2126218,General Purpose,,1.6 mA,Auto Retry,,No,1,-40°C ~ 85°C,"Current Limit, Fault Timeout, OVP, UVLO",,,Hot Swap Controller,2.9V ~ 17V
LM25069PMMX-1/NOPB,Texas Instruments,IC HOT SWAP CTRLR GP 10VSSOP,linear-audio-amplifiers,0,2.1098,"10-TFSOP, 10-MSOP (0.118"", 3.00mm Width)",Surface Mount,Active,,https://www.digikey.com/en/products/detail/texas-instruments/LM25069PMMX-1-NOPB/2126351,General Purpose,,1.6 mA,Latched Fault,,No,1,-40°C ~ 85°C,"Current Limit, Fault Timeout, OVP, UVLO",,,Hot Swap Controller,2.9V ~ 17V
LM25069PMMX-2/NOPB,Texas Instruments,IC HOT SWAP CTRLR GP 10VSSOP,linear-audio-amplifiers,3348,3.59,"10-TFSOP, 10-MSOP (0.118"", 3.00mm Width)",Surface Mount,Active,,https://www.digikey.com/en/products/detail/texas-instruments/LM25069PMMX-2-NOPB/2126353,General Purpose,,1.6 mA,Auto Retry,,No,1,-40°C ~ 85°C,"Current Limit, Fault Timeout, OVP, UVLO",,,Hot Swap Controller,2.9V ~ 17V
LM5064PMH/NOPB,Texas Instruments,IC HOT SWAP CTRLR -48V 28HTSSOP,linear-audio-amplifiers,0,5.34995,"28-PowerTSSOP (0.173"", 4.40mm Width)",Surface Mount,Active,,https://www.digikey.com/en/products/detail/texas-instruments/LM5064PMH-NOPB/3026071,-48V,,6 mA,PMBus,,No,1,-40°C ~ 125°C,"Auto Retry, Circuit Breaker, Current Limit, Fault Timeout, Latched Fault, OVP, Thermal Limit, UVLO",,,"Hot Swap Controller, Monitor",-80V ~ -10V
LM5064PMHE/NOPB,Texas Instruments,IC HOT SWAP CTRLR -48V 28HTSSOP,linear-audio-amplifiers,274,8.3,"28-PowerTSSOP (0.173"", 4.40mm Width)",Surface Mount,Active,,https://www.digikey.com/en/products/detail/texas-instruments/LM5064PMHE-NOPB/3179202,-48V,,6 mA,PMBus,,No,1,-40°C ~ 125°C,"Auto Retry, Circuit Breaker, Current Limit, Fault Timeout, Latched Fault, OVP, Thermal Limit, UVLO",,,"Hot Swap Controller, Monitor",-80V ~ -10V
LM5064PMHX/NOPB,Texas Instruments,IC HOT SWAP CTRLR -48V 28HTSSOP,linear-audio-amplifiers,0,4.4583,"28-PowerTSSOP (0.173"", 4.40mm Width)",Surface Mount,Active,,https://www.digikey.com/en/products/detail/texas-instruments/LM5064PMHX-NOPB/3179156,-48V,,6 mA,PMBus,,No,1,-40°C ~ 125°C,"Auto Retry, Circuit Breaker, Current Limit, Fault Timeout, Latched Fault, OVP, Thermal Limit, UVLO",,,"Hot Swap Controller, Monitor",-80V ~ -10V
LM5064UPMH/NOPB,National Semiconductor,NEGATIVE VOLTAGE SYSTEM POWER MA,linear-audio-amplifiers,1805,7.03,-,-,Active,https://rocelec.widen.net/view/pdf/5xikncp8kn/lm5064.pdf?t.download=true&u=5oefqw,https://www.digikey.com/en/products/detail/rochester-electronics-llc/LM5064UPMH-NOPB/12596844,,,,,,,,,,,*,,
LM5066H1PWPR,Texas Instruments,5.5V TO 90V ADVANCED HOT-SWAP CO,linear-audio-amplifiers,0,6.98,"28-PowerTSSOP (0.173"", 4.40mm Width)",Surface Mount,Active,https://www.ti.com/lit/ds/symlink/lm5066h1.pdf,https://www.digikey.com/en/products/detail/texas-instruments/LM5066H1PWPR/28738813,General Purpose,,,"Fault Timeout, OVP, UVLO",,No,1,-40°C ~ 125°C (TJ),"Circuit Breaker, Current Limit, Fault Timeout, OVP, Slew Rate, UVLO",,,Hot Swap Controller,5.5V ~ 90V
LM5066IPMHE/NOPB,Texas Instruments,IC HOT SWAP CTRLR GP 28HTSSOP,linear-audio-amplifiers,204,10.2,"28-PowerTSSOP (0.173"", 4.40mm Width)",Surface Mount,Active,,https://www.digikey.com/en/products/detail/texas-instruments/LM5066IPMHE-NOPB/4977098,General Purpose,,5.6 mA,PMBus,,No,1,-40°C ~ 125°C,"Auto Retry, Circuit Breaker, Current Limit, Fault Timeout, Latched Fault, OVP, Thermal Limit, UVLO",,,"Hot Swap Controller, Monitor",10V ~ 80V
LM5066IPMHX/NOPB,Texas Instruments,IC HOT SWAP CTRLR GP 28HTSSOP,linear-audio-amplifiers,0,8.64,"28-PowerTSSOP (0.173"", 4.40mm Width)",Surface Mount,Active,https://www.ti.com/lit/ds/symlink/lm5066i.pdf,https://www.digikey.com/en/products/detail/texas-instruments/LM5066IPMHX-NOPB/6572058,General Purpose,,5.6 mA,PMBus,,No,1,-40°C ~ 125°C,"Auto Retry, Circuit Breaker, Current Limit, Fault Timeout, Latched Fault, OVP, Thermal Limit, UVLO",,,"Hot Swap Controller, Monitor",10V ~ 80V
LM5066PMH/NOPB,Texas Instruments,IC HOT SWAP CTRLR GP 28HTSSOP,linear-audio-amplifiers,5242,10.74,"28-PowerTSSOP (0.173"", 4.40mm Width)",Surface Mount,Active,,https://www.digikey.com/en/products/detail/texas-instruments/LM5066PMH-NOPB/3026075,General Purpose,,7.2 mA,PMBus,,No,1,-40°C ~ 125°C,"Auto Retry, Circuit Breaker, Current Limit, Fault Timeout, Latched Fault, OVP, Thermal Limit, UVLO",,,"Hot Swap Controller, Monitor",10V ~ 80V
LM5066PMHE/NOPB,Texas Instruments,IC HOT SWAP CTRLR GP 28HTSSOP,linear-audio-amplifiers,138,10.74,"28-PowerTSSOP (0.173"", 4.40mm Width)",Surface Mount,Active,,https://www.digikey.com/en/products/detail/texas-instruments/LM5066PMHE-NOPB/3179203,General Purpose,,7.2 mA,PMBus,,No,1,-40°C ~ 125°C,"Auto Retry, Circuit Breaker, Current Limit, Fault Timeout, Latched Fault, OVP, Thermal Limit, UVLO",,,"Hot Swap Controller, Monitor",10V ~ 80V
LM5066PMHX/NOPB,Texas Instruments,IC HOT SWAP CTRLR GP 28HTSSOP,linear-audio-amplifiers,0,9.1,"28-PowerTSSOP (0.173"", 4.40mm Width)",Surface Mount,Active,,https://www.digikey.com/en/products/detail/texas-instruments/LM5066PMHX-NOPB/3179157,General Purpose,,7.2 mA,PMBus,,No,1,-40°C ~ 125°C,"Auto Retry, Circuit Breaker, Current Limit, Fault Timeout, Latched Fault, OVP, Thermal Limit, UVLO",,,"Hot Swap Controller, Monitor",10V ~ 80V
LM50672NPAR,Texas Instruments,-9-V TO -80-V HOT SWAP CONTROLLE,linear-audio-amplifiers,1865,3.53,"14-SOIC (0.295"", 7.50mm Width)",Surface Mount,Active,https://www.ti.com/lit/ds/symlink/lm5067.pdf,https://www.digikey.com/en/products/detail/texas-instruments/LM50672NPAR/13173854,,,2 mA,,,No,1,-40°C ~ 125°C,"Circuit Breaker, Current Limit, Fault Timeout, OVP, UVLO",,,Hot Swap Controller,-9V ~ -80V
LM5067MM-1/NOPB,Texas Instruments,IC HOT SWAP CTRLR -48V 10VSSOP,linear-audio-amplifiers,1055,3.53,"10-TFSOP, 10-MSOP (0.118"", 3.00mm Width)",Surface Mount,Active,https://rocelec.widen.net/view/pdf/smdrbrnbcy/NATLS10403-1.pdf?t.download=true&u=5oefqw,https://www.digikey.com/en/products/detail/texas-instruments/LM5067MM-1-NOPB/1739364,-48V,,2 mA,Latched Fault,,No,1,-40°C ~ 125°C,"Circuit Breaker, Current Limit, Fault Timeout, OVP, UVLO",,,Hot Swap Controller,-80V ~ -9V
LM5067MM-2,National Semiconductor,"POWER SUPPLY SUPPORT CIRCUIT, AD",linear-audio-amplifiers,11000,2.08,"10-TFSOP, 10-MSOP (0.118"", 3.00mm Width)",Surface Mount,Active,https://rocelec.widen.net/view/pdf/hrc3iexgda/snvs532c.pdf?t.download=true&u=5oefqw,https://www.digikey.com/en/products/detail/rochester-electronics-llc/LM5067MM-2/12605316,-48V,,2 mA,Auto Retry,,No,1,-40°C ~ 125°C,"Circuit Breaker, Current Limit, Fault Timeout, OVP, UVLO",,,Hot Swap Controller,-80V ~ -9V
LM5067MM-2/NOPB,Texas Instruments,IC HOT SWAP CTRLR -48V 10VSSOP,linear-audio-amplifiers,7897,4.16,"10-TFSOP, 10-MSOP (0.118"", 3.00mm Width)",Surface Mount,Active,https://rocelec.widen.net/view/pdf/smdrbrnbcy/NATLS10403-1.pdf?t.download=true&u=5oefqw,https://www.digikey.com/en/products/detail/texas-instruments/LM5067MM-2-NOPB/1739365,-48V,,2 mA,Auto Retry,,No,1,-40°C ~ 125°C,"Circuit Breaker, Current Limit, Fault Timeout, OVP, UVLO",,,Hot Swap Controller,-80V ~ -9V
LM5067MMX-1/NOPB,Texas Instruments,IC HOT SWAP CTRLR -48V 10VSSOP,linear-audio-amplifiers,0,1.62509,"10-TFSOP, 10-MSOP (0.118"", 3.00mm Width)",Surface Mount,Discontinued at DigiKey,https://rocelec.widen.net/view/pdf/smdrbrnbcy/NATLS10403-1.pdf?t.download=true&u=5oefqw,https://www.digikey.com/en/products/detail/texas-instruments/LM5067MMX-1-NOPB/1871841,-48V,,2 mA,Latched Fault,,No,1,-40°C ~ 125°C,"Circuit Breaker, Current Limit, Fault Timeout, OVP, UVLO",,,Hot Swap Controller,-80V ~ -9V
LM5067MMX-2/NOPB,Texas Instruments,IC HOT SWAP CTRLR -48V 10VSSOP,linear-audio-amplifiers,5936,3.53,"10-TFSOP, 10-MSOP (0.118"", 3.00mm Width)",Surface Mount,Active,https://rocelec.widen.net/view/pdf/smdrbrnbcy/NATLS10403-1.pdf?t.download=true&u=5oefqw,https://www.digikey.com/en/products/detail/texas-instruments/LM5067MMX-2-NOPB/1871842,-48V,,2 mA,Auto Retry,,No,1,-40°C ~ 125°C,"Circuit Breaker, Current Limit, Fault Timeout, OVP, UVLO",,,Hot Swap Controller,-80V ~ -9V
LM5067MW-1/NOPB,Texas Instruments,IC HOT SWAP CTRLR -48V 14SOIC,linear-audio-amplifiers,10,4.04,"14-SOIC (0.295"", 7.50mm Width)",Surface Mount,Active,https://rocelec.widen.net/view/pdf/smdrbrnbcy/NATLS10403-1.pdf?t.download=true&u=5oefqw,https://www.digikey.com/en/products/detail/texas-instruments/LM5067MW-1-NOPB/2181002,-48V,,2 mA,Latched Fault,,No,1,-40°C ~ 125°C,"Circuit Breaker, Current Limit, Fault Timeout, OVP, UVLO",,,Hot Swap Controller,-80V ~ -9V
LM5067MWX-1/NOPB,Texas Instruments,IC HOT SWAP CTRLR -48V 14SOIC,linear-audio-amplifiers,0,2.06976,"14-SOIC (0.295"", 7.50mm Width)",Surface Mount,Active,https://rocelec.widen.net/view/pdf/smdrbrnbcy/NATLS10403-1.pdf?t.download=true&u=5oefqw,https://www.digikey.com/en/products/detail/texas-instruments/LM5067MWX-1-NOPB/2179703,-48V,,2 mA,Latched Fault,,No,1,-40°C ~ 125°C,"Circuit Breaker, Current Limit, Fault Timeout, OVP, UVLO",,,Hot Swap Controller,-80V ~ -9V
LM5068MM-1/NOPB,Texas Instruments,IC HOT SWAP CTRLR -48V 8VSSOP,linear-audio-amplifiers,0,0.0,"8-TSSOP, 8-MSOP (0.118"", 3.00mm Width)",Surface Mount,Obsolete,,https://www.digikey.com/en/products/detail/texas-instruments/LM5068MM-1-NOPB/723266,-48V,,820 µA,"Latched Fault, Turn On Voltage",,No,1,-40°C ~ 105°C,"Circuit Breaker, Current Limit, Fault Timeout, OVP, UVLO",,,Hot Swap Controller,-90V ~ -10V
LM5068MM-2,Texas Instruments,IC HOT SWAP CTRLR -48V 8VSSOP,linear-audio-amplifiers,0,2.01467,"8-TSSOP, 8-MSOP (0.118"", 3.00mm Width)",Surface Mount,Discontinued at DigiKey,,https://www.digikey.com/en/products/detail/texas-instruments/LM5068MM-2/3697958,-48V,,820 µA,"Auto Retry, Turn On Voltage",,No,1,-40°C ~ 105°C,"Circuit Breaker, Current Limit, Fault Timeout, OVP, UVLO",,,Hot Swap Controller,-90V ~ -10V
LM5068MM-2/NOPB,Texas Instruments,IC HOT SWAP CTRLR -48V 8VSSOP,linear-audio-amplifiers,0,4.9,"8-TSSOP, 8-MSOP (0.118"", 3.00mm Width)",Surface Mount,Active,,https://www.digikey.com/en/products/detail/texas-instruments/LM5068MM-2-NOPB/637245,-48V,,820 µA,"Auto Retry, Turn On Voltage",,No,1,-40°C ~ 105°C,"Circuit Breaker, Current Limit, Fault Timeout, OVP, UVLO",,,Hot Swap Controller,-90V ~ -10V
LM5068MM-3/NOPB,National Semiconductor,"POWER SUPPLY SUPPORT CIRCUIT, FI",linear-audio-amplifiers,338,1.78,-,-,Active,https://rocelec.widen.net/view/pdf/fisst9qrvw/NATLS25476-1.pdf?t.download=true&u=5oefqw,https://www.digikey.com/en/products/detail/rochester-electronics-llc/LM5068MM-3-NOPB/15640175,,,,,,,,,,,*,,
LM5068MM-4,Texas Instruments,IC HOT SWAP CTRLR -48V 8VSSOP,linear-audio-amplifiers,0,1.81843,"8-TSSOP, 8-MSOP (0.118"", 3.00mm Width)",Surface Mount,Obsolete,,https://www.digikey.com/en/products/detail/texas-instruments/LM5068MM-4/3697960,-48V,,820 µA,"Auto Retry, Turn On Voltage",,No,1,-40°C ~ 105°C,"Circuit Breaker, Current Limit, Fault Timeout, OVP, UVLO",,,Hot Swap Controller,-90V ~ -10V
LM5068MM-4/NOPB,Texas Instruments,IC HOT SWAP CTRLR -48V 8VSSOP,linear-audio-amplifiers,0,2.48402,"8-TSSOP, 8-MSOP (0.118"", 3.00mm Width)",Surface Mount,Active,,https://www.digikey.com/en/products/detail/texas-instruments/LM5068MM-4-NOPB/723268,-48V,,820 µA,"Auto Retry, Turn On Voltage",,No,1,-40°C ~ 105°C,"Circuit Breaker, Current Limit, Fault Timeout, OVP, UVLO",,,Hot Swap Controller,-90V ~ -10V
LM5068MMX-1/NOPB,Texas Instruments,IC HOT SWAP CTRLR -48V 8VSSOP,linear-audio-amplifiers,0,1.45739,"8-TSSOP, 8-MSOP (0.118"", 3.00mm Width)",Surface Mount,Discontinued at DigiKey,,https://www.digikey.com/en/products/detail/texas-instruments/LM5068MMX-1-NOPB/1871843,-48V,,820 µA,"Latched Fault, Turn On Voltage",,No,1,-40°C ~ 105°C,"Circuit Breaker, Current Limit, Fault Timeout, OVP, UVLO",,,Hot Swap Controller,-90V ~ -10V
LM5068MMX-2,Texas Instruments,IC HOT SWAP CTRLR -48V 8VSSOP,linear-audio-amplifiers,0,1.74471,"8-TSSOP, 8-MSOP (0.118"", 3.00mm Width)",Surface Mount,Obsolete,,https://www.digikey.com/en/products/detail/texas-instruments/LM5068MMX-2/3696301,-48V,,820 µA,"Auto Retry, Turn On Voltage",,No,1,-40°C ~ 105°C,"Circuit Breaker, Current Limit, Fault Timeout, OVP, UVLO",,,Hot Swap Controller,-90V ~ -10V
LM5068MMX-2/NOPB,Texas Instruments,IC HOT SWAP CTRLR -48V 8VSSOP,linear-audio-amplifiers,0,2.48402,"8-TSSOP, 8-MSOP (0.118"", 3.00mm Width)",Surface Mount,Active,,https://www.digikey.com/en/products/detail/texas-instruments/LM5068MMX-2-NOPB/1871844,-48V,,820 µA,"Auto Retry, Turn On Voltage",,No,1,-40°C ~ 105°C,"Circuit Breaker, Current Limit, Fault Timeout, OVP, UVLO",,,Hot Swap Controller,-90V ~ -10V
LM5068MMX-4,Texas Instruments,IC HOT SWAP CTRLR -48V 8VSSOP,linear-audio-amplifiers,0,1.74471,"8-TSSOP, 8-MSOP (0.118"", 3.00mm Width)",Surface Mount,Obsolete,,https://www.digikey.com/en/products/detail/texas-instruments/LM5068MMX-4/3696303,-48V,,820 µA,"Auto Retry, Turn On Voltage",,No,1,-40°C ~ 105°C,"Circuit Breaker, Current Limit, Fault Timeout, OVP, UVLO",,,Hot Swap Controller,-90V ~ -10V
LM5068MMX-4/NOPB,Texas Instruments,IC HOT SWAP CTRLR -48V 8VSSOP,linear-audio-amplifiers,0,1.45739,"8-TSSOP, 8-MSOP (0.118"", 3.00mm Width)",Surface Mount,Discontinued at DigiKey,,https://www.digikey.com/en/products/detail/texas-instruments/LM5068MMX-4-NOPB/1871846,-48V,,820 µA,"Auto Retry, Turn On Voltage",,No,1,-40°C ~ 105°C,"Circuit Breaker, Current Limit, Fault Timeout, OVP, UVLO",,,Hot Swap Controller,-90V ~ -10V
LM5069MM-1/NOPB,Texas Instruments,IC HOT SWAP CTRLR GP 10VSSOP,linear-audio-amplifiers,0,4.39,"10-TFSOP, 10-MSOP (0.118"", 3.00mm Width)",Surface Mount,Active,,https://www.digikey.com/en/products/detail/texas-instruments/LM5069MM-1-NOPB/1200192,General Purpose,,1.3 mA,Latched Fault,,No,1,-40°C ~ 125°C,"Current Limit, Fault Timeout, OVP, UVLO",,,Hot Swap Controller,9V ~ 80V
LM5069MM-2,Texas Instruments,IC HOT SWAP CTRLR GP 10VSSOP,linear-audio-amplifiers,0,3.70872,"10-TFSOP, 10-MSOP (0.118"", 3.00mm Width)",Surface Mount,Obsolete,,https://www.digikey.com/en/products/detail/texas-instruments/LM5069MM-2/3697961,General Purpose,,1.3 mA,Auto Retry,,No,1,-40°C ~ 125°C,"Current Limit, Fault Timeout, OVP, UVLO",,,Hot Swap Controller,9V ~ 80V
LM5069MM-2/NOPB,Texas Instruments,IC HOT SWAP CTRLR GP 10VSSOP,linear-audio-amplifiers,0,4.39,"10-TFSOP, 10-MSOP (0.118"", 3.00mm Width)",Surface Mount,Active,,https://www.digikey.com/en/products/detail/texas-instruments/LM5069MM-2-NOPB/1200193,General Purpose,,1.3 mA,Auto Retry,,No,1,-40°C ~ 125°C,"Current Limit, Fault Timeout, OVP, UVLO",,,Hot Swap Controller,9V ~ 80V
LM5069MMX-1,Texas Instruments,IC HOT SWAP CTRLR GP 10VSSOP,linear-audio-amplifiers,0,1.74471,"10-TFSOP, 10-MSOP (0.118"", 3.00mm Width)",Surface Mount,Obsolete,,https://www.digikey.com/en/products/detail/texas-instruments/LM5069MMX-1/3696304,General Purpose,,1.3 mA,Latched Fault,,No,1,-40°C ~ 125°C,"Current Limit, Fault Timeout, OVP, UVLO",,,Hot Swap Controller,9V ~ 80V
LM5069MMX-1/NOPB,Texas Instruments,IC HOT SWAP CTRLR GP 10VSSOP,linear-audio-amplifiers,0,3.29,"10-TFSOP, 10-MSOP (0.118"", 3.00mm Width)",Surface Mount,Active,,https://www.digikey.com/en/products/detail/texas-instruments/LM5069MMX-1-NOPB/1871847,General Purpose,,1.3 mA,Latched Fault,,No,1,-40°C ~ 125°C,"Current Limit, Fault Timeout, OVP, UVLO",,,Hot Swap Controller,9V ~ 80V
LM5069MMX-2,Texas Instruments,IC HOT SWAP CTRLR GP 10VSSOP,linear-audio-amplifiers,0,1.74471,"10-TFSOP, 10-MSOP (0.118"", 3.00mm Width)",Surface Mount,Obsolete,,https://www.digikey.com/en/products/detail/texas-instruments/LM5069MMX-2/3696305,General Purpose,,1.3 mA,Auto Retry,,No,1,-40°C ~ 125°C,"Current Limit, Fault Timeout, OVP, UVLO",,,Hot Swap Controller,9V ~ 80V
LM5069MMX-2/NOPB,Texas Instruments,IC HOT SWAP CTRLR GP 10VSSOP,linear-audio-amplifiers,0,3.29,"10-TFSOP, 10-MSOP (0.118"", 3.00mm Width)",Surface Mount,Active,,https://www.digikey.com/en/products/detail/texas-instruments/LM5069MMX-2-NOPB/1871848,General Purpose,,1.3 mA,Auto Retry,,No,1,-40°C ~ 125°C,"Current Limit, Fault Timeout, OVP, UVLO",,,Hot Swap Controller,9V ~ 80V
LT1640AHCN8,Analog Devices Inc.,IC HOT SWAP CTRLR -48V 8DIP,linear-audio-amplifiers,28,7.49,"8-DIP (0.300"", 7.62mm)",Through Hole,Discontinued at DigiKey,https://www.analog.com/media/en/technical-documentation/data-sheets/1640alahf.pdf,https://www.digikey.com/en/products/detail/analog-devices-inc/LT1640AHCN8/456574,-48V,,1.3 mA,Auto Retry,,No,1,0°C ~ 70°C,"Circuit Breaker, Fault Timeout, OVP, UVLO",,,Hot Swap Controller,-80V ~ -10V
LT1640AHCN8#PBF,Analog Devices Inc.,IC HOT SWAP CTRLR -48V 8DIP,linear-audio-amplifiers,0,4.00153,"8-DIP (0.300"", 7.62mm)",Through Hole,Active,https://www.analog.com/media/en/technical-documentation/data-sheets/1640alahf.pdf,https://www.digikey.com/en/products/detail/analog-devices-inc/LT1640AHCN8-PBF/891609,-48V,,1.3 mA,Auto Retry,,No,1,0°C ~ 70°C,"Circuit Breaker, Fault Timeout, OVP, UVLO",,,Hot Swap Controller,-80V ~ -10V
LT1640AHCS8,Analog Devices Inc.,IC CONTRLR HOTSWAP NEGVOLT 8SOIC,linear-audio-amplifiers,0,0.0,"8-SOIC (0.154"", 3.90mm Width)",Surface Mount,Discontinued at DigiKey,https://www.analog.com/media/en/technical-documentation/data-sheets/1640alahf.pdf,https://www.digikey.com/en/products/detail/analog-devices-inc/LT1640AHCS8/455792,-48V,,1.3 mA,Auto Retry,,No,1,0°C ~ 70°C,"Circuit Breaker, Fault Timeout, OVP, UVLO",,,Hot Swap Controller,-80V ~ -10V
LT1640AHCS8#PBF,Analog Devices Inc.,IC HOT SWAP CTRLR -48V 8SOIC,linear-audio-amplifiers,0,4.2906,"8-SOIC (0.154"", 3.90mm Width)",Surface Mount,Active,https://www.analog.com/media/en/technical-documentation/data-sheets/1640alahf.pdf,https://www.digikey.com/en/products/detail/analog-devices-inc/LT1640AHCS8-PBF/888956,-48V,,1.3 mA,Auto Retry,,No,1,0°C ~ 70°C,"Circuit Breaker, Fault Timeout, OVP, UVLO",,,Hot Swap Controller,-80V ~ -10V
LT1640AHCS8#TR,Analog Devices Inc.,IC CONTRLR HOTSWAP NEGVOLT 8SOIC,linear-audio-amplifiers,0,0.0,"8-SOIC (0.154"", 3.90mm Width)",Surface Mount,Discontinued at DigiKey,https://www.analog.com/media/en/technical-documentation/data-sheets/1640alahf.pdf,https://www.digikey.com/en/products/detail/analog-devices-inc/LT1640AHCS8-TR/455793,-48V,,1.3 mA,Auto Retry,,No,1,0°C ~ 70°C,"Circuit Breaker, Fault Timeout, OVP, UVLO",,,Hot Swap Controller,-80V ~ -10V
LT1640AHCS8#TRPBF,Analog Devices Inc.,IC HOT SWAP CTRLR -48V 8SOIC,linear-audio-amplifiers,0,3.76346,"8-SOIC (0.154"", 3.90mm Width)",Surface Mount,Active,https://www.analog.com/media/en/technical-documentation/data-sheets/1640alahf.pdf,https://www.digikey.com/en/products/detail/analog-devices-inc/LT1640AHCS8-TRPBF/891888,-48V,,1.3 mA,Auto Retry,,No,1,0°C ~ 70°C,"Circuit Breaker, Fault Timeout, OVP, UVLO",,,Hot Swap Controller,-80V ~ -10V
LT1640AHIN8,Analog Devices Inc.,IC CONTRLR HOTSWAP NEGVOLT 8-DIP,linear-audio-amplifiers,0,0.0,"8-DIP (0.300"", 7.62mm)",Through Hole,Discontinued at DigiKey,https://www.analog.com/media/en/technical-documentation/data-sheets/1640alahf.pdf,https://www.digikey.com/en/products/detail/analog-devices-inc/LT1640AHIN8/456573,-48V,,1.3 mA,Auto Retry,,No,1,-40°C ~ 85°C,"Circuit Breaker, Fault Timeout, OVP, UVLO",,,Hot Swap Controller,-80V ~ -10V
LT1640AHIN8#PBF,Analog Devices Inc.,IC HOT SWAP CTRLR -48V 8DIP,linear-audio-amplifiers,0,4.5076,"8-DIP (0.300"", 7.62mm)",Through Hole,Active,https://www.analog.com/media/en/technical-documentation/data-sheets/1640alahf.pdf,https://www.digikey.com/en/products/detail/analog-devices-inc/LT1640AHIN8-PBF/962983,-48V,,1.3 mA,Auto Retry,,No,1,-40°C ~ 85°C,"Circuit Breaker, Fault Timeout, OVP, UVLO",,,Hot Swap Controller,-80V ~ -10V
LT1640AHIS8,Analog Devices Inc.,IC CONTRLR HOTSWAP NEGVOLT 8SOIC,linear-audio-amplifiers,0,0.0,"8-SOIC (0.154"", 3.90mm Width)",Surface Mount,Discontinued at DigiKey,https://www.analog.com/media/en/technical-documentation/data-sheets/1640alahf.pdf,https://www.digikey.com/en/products/detail/analog-devices-inc/LT1640AHIS8/456586,-48V,,1.3 mA,Auto Retry,,No,1,-40°C ~ 85°C,"Circuit Breaker, Fault Timeout, OVP, UVLO",,,Hot Swap Controller,-80V ~ -10V
LT1640AHIS8#PBF,Analog Devices Inc.,IC HOT SWAP CTRLR -48V 8SOIC,linear-audio-amplifiers,11,7.4,"8-SOIC (0.154"", 3.90mm Width)",Surface Mount,Active,https://www.analog.com/media/en/technical-documentation/data-sheets/1640alahf.pdf,https://www.digikey.com/en/products/detail/analog-devices-inc/LT1640AHIS8-PBF/962962,-48V,,1.3 mA,Auto Retry,,No,1,-40°C ~ 85°C,"Circuit Breaker, Fault Timeout, OVP, UVLO",,,Hot Swap Controller,-80V ~ -10V
LT1640AHIS8#TR,Analog Devices Inc.,IC CONTRLR HOTSWAP NEGVOLT 8SOIC,linear-audio-amplifiers,0,0.0,"8-SOIC (0.154"", 3.90mm Width)",Surface Mount,Discontinued at DigiKey,https://www.analog.com/media/en/technical-documentation/data-sheets/1640alahf.pdf,https://www.digikey.com/en/products/detail/analog-devices-inc/LT1640AHIS8-TR/456551,-48V,,1.3 mA,Auto Retry,,No,1,-40°C ~ 85°C,"Circuit Breaker, Fault Timeout, OVP, UVLO",,,Hot Swap Controller,-80V ~ -10V
LT1640AHIS8#TRPBF,Analog Devices Inc.,IC HOT SWAP CTRLR -48V 8SOIC,linear-audio-amplifiers,0,4.23972,"8-SOIC (0.154"", 3.90mm Width)",Surface Mount,Active,https://www.analog.com/media/en/technical-documentation/data-sheets/1640alahf.pdf,https://www.digikey.com/en/products/detail/analog-devices-inc/LT1640AHIS8-TRPBF/958783,-48V,,1.3 mA,Auto Retry,,No,1,-40°C ~ 85°C,"Circuit Breaker, Fault Timeout, OVP, UVLO",,,Hot Swap Controller,-80V ~ -10V
LT1640ALCN8,Analog Devices Inc.,IC CONTRLR HOTSWAP NEGVOLT 8-DIP,linear-audio-amplifiers,0,0.0,"8-DIP (0.300"", 7.62mm)",Through Hole,Discontinued at DigiKey,https://www.analog.com/media/en/technical-documentation/data-sheets/1640alahf.pdf,https://www.digikey.com/en/products/detail/analog-devices-inc/LT1640ALCN8/455794,-48V,,1.3 mA,Auto Retry,,No,1,0°C ~ 70°C,"Circuit Breaker, Fault Timeout, OVP, UVLO",,,Hot Swap Controller,-80V ~ -10V
LT1640ALCN8#PBF,Analog Devices Inc.,IC HOT SWAP CTRLR -48V 8DIP,linear-audio-amplifiers,0,4.00153,"8-DIP (0.300"", 7.62mm)",Through Hole,Active,https://www.analog.com/media/en/technical-documentation/data-sheets/1640alahf.pdf,https://www.digikey.com/en/products/detail/analog-devices-inc/LT1640ALCN8-PBF/888560,-48V,,1.3 mA,Auto Retry,,No,1,0°C ~ 70°C,"Circuit Breaker, Fault Timeout, OVP, UVLO",,,Hot Swap Controller,-80V ~ -10V
LT1640ALCS8,Analog Devices Inc.,IC CONTRLR HOTSWAP NEGVOLT 8SOIC,linear-audio-amplifiers,0,0.0,"8-SOIC (0.154"", 3.90mm Width)",Surface Mount,Discontinued at DigiKey,https://www.analog.com/media/en/technical-documentation/data-sheets/1640alahf.pdf,https://www.digikey.com/en/products/detail/analog-devices-inc/LT1640ALCS8/455795,-48V,,1.3 mA,Auto Retry,,No,1,0°C ~ 70°C,"Circuit Breaker, Fault Timeout, OVP, UVLO",,,Hot Swap Controller,-80V ~ -10V
LT1640ALCS8#PBF,Analog Devices Inc.,IC HOT SWAP CTRLR -48V 8SOIC,linear-audio-amplifiers,214,6.63,"8-SOIC (0.154"", 3.90mm Width)",Surface Mount,Active,https://www.analog.com/media/en/technical-documentation/data-sheets/1640alahf.pdf,https://www.digikey.com/en/products/detail/analog-devices-inc/LT1640ALCS8-PBF/889157,-48V,,1.3 mA,Auto Retry,,No,1,0°C ~ 70°C,"Circuit Breaker, Fault Timeout, OVP, UVLO",,,Hot Swap Controller,-80V ~ -10V
LT1640ALCS8#TR,Analog Devices Inc.,IC CONTRLR HOTSWAP NEGVOLT 8SOIC,linear-audio-amplifiers,0,0.0,"8-SOIC (0.154"", 3.90mm Width)",Surface Mount,Discontinued at DigiKey,https://www.analog.com/media/en/technical-documentation/data-sheets/1640alahf.pdf,https://www.digikey.com/en/products/detail/analog-devices-inc/LT1640ALCS8-TR/456553,-48V,,1.3 mA,Auto Retry,,No,1,0°C ~ 70°C,"Circuit Breaker, Fault Timeout, OVP, UVLO",,,Hot Swap Controller,-80V ~ -10V
LT1640ALCS8#TRPBF,Analog Devices Inc.,IC HOT SWAP CTRLR -48V 8SOIC,linear-audio-amplifiers,0,3.76346,"8-SOIC (0.154"", 3.90mm Width)",Surface Mount,Active,https://www.analog.com/media/en/technical-documentation/data-sheets/1640alahf.pdf,https://www.digikey.com/en/products/detail/analog-devices-inc/LT1640ALCS8-TRPBF/960466,-48V,,1.3 mA,Auto Retry,,No,1,0°C ~ 70°C,"Circuit Breaker, Fault Timeout, OVP, UVLO",,,Hot Swap Controller,-80V ~ -10V
LT1640ALIN8,Analog Devices Inc.,IC CONTRLR HOTSWAP NEGVOLT 8-DIP,linear-audio-amplifiers,0,0.0,"8-DIP (0.300"", 7.62mm)",Through Hole,Discontinued at DigiKey,https://www.analog.com/media/en/technical-documentation/data-sheets/1640alahf.pdf,https://www.digikey.com/en/products/detail/analog-devices-inc/LT1640ALIN8/456577,-48V,,1.3 mA,Auto Retry,,No,1,-40°C ~ 85°C,"Circuit Breaker, Fault Timeout, OVP, UVLO",,,Hot Swap Controller,-80V ~ -10V
LT1640ALIN8#PBF,Analog Devices Inc.,IC HOT SWAP CTRLR -48V 8DIP,linear-audio-amplifiers,0,4.5076,"8-DIP (0.300"", 7.62mm)",Through Hole,Active,https://www.analog.com/media/en/technical-documentation/data-sheets/1640alahf.pdf,https://www.digikey.com/en/products/detail/analog-devices-inc/LT1640ALIN8-PBF/962885,-48V,,1.3 mA,Auto Retry,,No,1,-40°C ~ 85°C,"Circuit Breaker, Fault Timeout, OVP, UVLO",,,Hot Swap Controller,-80V ~ -10V
LT1640ALIS8,Analog Devices Inc.,IC CONTRLR HOTSWAP NEGVOLT 8SOIC,linear-audio-amplifiers,0,0.0,"8-SOIC (0.154"", 3.90mm Width)",Surface Mount,Discontinued at DigiKey,https://www.analog.com/media/en/technical-documentation/data-sheets/1640alahf.pdf,https://www.digikey.com/en/products/detail/analog-devices-inc/LT1640ALIS8/456585,-48V,,1.3 mA,Auto Retry,,No,1,-40°C ~ 85°C,"Circuit Breaker, Fault Timeout, OVP, UVLO",,,Hot Swap Controller,-80V ~ -10V
LT1640ALIS8#PBF,Analog Devices Inc.,IC HOT SWAP CTRLR -48V 8SOIC,linear-audio-amplifiers,178,7.4,"8-SOIC (0.154"", 3.90mm Width)",Surface Mount,Active,https://www.analog.com/media/en/technical-documentation/data-sheets/1640alahf.pdf,https://www.digikey.com/en/products/detail/analog-devices-inc/LT1640ALIS8-PBF/962741,-48V,,1.3 mA,Auto Retry,,No,1,-40°C ~ 85°C,"Circuit Breaker, Fault Timeout, OVP, UVLO",,,Hot Swap Controller,-80V ~ -10V
LT1640ALIS8#TR,Analog Devices Inc.,IC CONTRLR HOTSWAP NEGVOLT 8SOIC,linear-audio-amplifiers,0,0.0,"8-SOIC (0.154"", 3.90mm Width)",Surface Mount,Discontinued at DigiKey,https://www.analog.com/media/en/technical-documentation/data-sheets/1640alahf.pdf,https://www.digikey.com/en/products/detail/analog-devices-inc/LT1640ALIS8-TR/456546,-48V,,1.3 mA,Auto Retry,,No,1,-40°C ~ 85°C,"Circuit Breaker, Fault Timeout, OVP, UVLO",,,Hot Swap Controller,-80V ~ -10V
LT1640ALIS8#TRPBF,Analog Devices Inc.,IC HOT SWAP CTRLR -48V 8SOIC,linear-audio-amplifiers,0,4.23972,"8-SOIC (0.154"", 3.90mm Width)",Surface Mount,Active,https://www.analog.com/media/en/technical-documentation/data-sheets/1640alahf.pdf,https://www.digikey.com/en/products/detail/analog-devices-inc/LT1640ALIS8-TRPBF/958227,-48V,,1.3 mA,Auto Retry,,No,1,-40°C ~ 85°C,"Circuit Breaker, Fault Timeout, OVP, UVLO",,,Hot Swap Controller,-80V ~ -10V
LT1640HCN8,Analog Devices Inc.,IC CONTRLR HOTSWAP NEGVOLT 8-DIP,linear-audio-amplifiers,0,0.0,"8-DIP (0.300"", 7.62mm)",Through Hole,Discontinued at DigiKey,https://www.analog.com/media/en/technical-documentation/data-sheets/1640lhfb.pdf,https://www.digikey.com/en/products/detail/analog-devices-inc/LT1640HCN8/296875,-48V,,1.3 mA,Auto Retry,,No,1,0°C ~ 70°C,"Circuit Breaker, Fault Timeout, OVP, UVLO",,,Hot Swap Controller,-80V ~ -10V
LT1640HCN8#PBF,Analog Devices Inc.,IC HOT SWAP CTRLR -48V 8DIP,linear-audio-amplifiers,0,4.75993,"8-DIP (0.300"", 7.62mm)",Through Hole,Active,https://www.analog.com/media/en/technical-documentation/data-sheets/1640lhfb.pdf,https://www.digikey.com/en/products/detail/analog-devices-inc/LT1640HCN8-PBF/962477,-48V,,1.3 mA,Auto Retry,,No,1,0°C ~ 70°C,"Circuit Breaker, Fault Timeout, OVP, UVLO",,,Hot Swap Controller,-80V ~ -10V
LT1640HCS8,Analog Devices Inc.,IC CONTRLR HOTSWAP NEGVOLT 8SOIC,linear-audio-amplifiers,0,0.0,"8-SOIC (0.154"", 3.90mm Width)",Surface Mount,Discontinued at DigiKey,https://www.analog.com/media/en/technical-documentation/data-sheets/1640lhfb.pdf,https://www.digikey.com/en/products/detail/analog-devices-inc/LT1640HCS8/296876,-48V,,1.3 mA,Auto Retry,,No,1,0°C ~ 70°C,"Circuit Breaker, Fault Timeout, OVP, UVLO",,,Hot Swap Controller,-80V ~ -10V
LT1640HCS8#PBF,Analog Devices Inc.,IC HOT SWAP CTRLR -48V 8SOIC,linear-audio-amplifiers,138,7.86,"8-SOIC (0.154"", 3.90mm Width)",Surface Mount,Active,https://www.analog.com/media/en/technical-documentation/data-sheets/1640lhfb.pdf,https://www.digikey.com/en/products/detail/analog-devices-inc/LT1640HCS8-PBF/961575,-48V,,1.3 mA,Auto Retry,,No,1,0°C ~ 70°C,"Circuit Breaker, Fault Timeout, OVP, UVLO",,,Hot Swap Controller,-80V ~ -10V
LT1640HCS8#TR,Analog Devices Inc.,IC CTRLR HOTSWAP NEG VOLT 8SOIC,linear-audio-amplifiers,0,0.0,"8-SOIC (0.154"", 3.90mm Width)",Surface Mount,Discontinued at DigiKey,https://www.analog.com/media/en/technical-documentation/data-sheets/1640lhfb.pdf,https://www.digikey.com/en/products/detail/analog-devices-inc/LT1640HCS8-TR/692791,-48V,,1.3 mA,Auto Retry,,No,1,0°C ~ 70°C,"Circuit Breaker, Fault Timeout, OVP, UVLO",,,Hot Swap Controller,-80V ~ -10V
LT1640HCS8#TRPBF,Analog Devices Inc.,IC HOT SWAP CTRLR -48V 8SOIC,linear-audio-amplifiers,0,4.52506,"8-SOIC (0.154"", 3.90mm Width)",Surface Mount,Active,https://www.analog.com/media/en/technical-documentation/data-sheets/1640lhfb.pdf,https://www.digikey.com/en/products/detail/analog-devices-inc/LT1640HCS8-TRPBF/960484,-48V,,1.3 mA,Auto Retry,,No,1,0°C ~ 70°C,"Circuit Breaker, Fault Timeout, OVP, UVLO",,,Hot Swap Controller,-80V ~ -10V
LT1640HIN8,Analog Devices Inc.,IC CONTRLR HOTSWAP NEGVOLT 8-DIP,linear-audio-amplifiers,0,0.0,"8-DIP (0.300"", 7.62mm)",Through Hole,Discontinued at DigiKey,https://www.analog.com/media/en/technical-documentation/data-sheets/1640lhfb.pdf,https://www.digikey.com/en/products/detail/analog-devices-inc/LT1640HIN8/296877,-48V,,1.3 mA,Auto Retry,,No,1,-40°C ~ 85°C,"Circuit Breaker, Fault Timeout, OVP, UVLO",,,Hot Swap Controller,-80V ~ -10V
LT1640HIN8#PBF,Analog Devices Inc.,IC HOT SWAP CTRLR -48V 8DIP,linear-audio-amplifiers,0,5.4838,"8-DIP (0.300"", 7.62mm)",Through Hole,Active,https://www.analog.com/media/en/technical-documentation/data-sheets/1640lhfb.pdf,https://www.digikey.com/en/products/detail/analog-devices-inc/LT1640HIN8-PBF/963012,-48V,,1.3 mA,Auto Retry,,No,1,-40°C ~ 85°C,"Circuit Breaker, Fault Timeout, OVP, UVLO",,,Hot Swap Controller,-80V ~ -10V
LT1640HIS8,Analog Devices Inc.,IC CONTRLR HOTSWAP NEGVOLT 8SOIC,linear-audio-amplifiers,0,0.0,"8-SOIC (0.154"", 3.90mm Width)",Surface Mount,Discontinued at DigiKey,https://www.analog.com/media/en/technical-documentation/data-sheets/1640lhfb.pdf,https://www.digikey.com/en/products/detail/analog-devices-inc/LT1640HIS8/296878,-48V,,1.3 mA,Auto Retry,,No,1,-40°C ~ 85°C,"Circuit Breaker, Fault Timeout, OVP, UVLO",,,Hot Swap Controller,-80V ~ -10V
LT1640HIS8#PBF,Analog Devices Inc.,IC HOT SWAP CTRLR -48V 8SOIC,linear-audio-amplifiers,0,8.74,"8-SOIC (0.154"", 3.90mm Width)",Surface Mount,Active,https://www.analog.com/media/en/technical-documentation/data-sheets/1640lhfb.pdf,https://www.digikey.com/en/products/detail/analog-devices-inc/LT1640HIS8-PBF/890118,-48V,,1.3 mA,Auto Retry,,No,1,-40°C ~ 85°C,"Circuit Breaker, Fault Timeout, OVP, UVLO",,,Hot Swap Controller,-80V ~ -10V
LT1640HIS8#TR,Analog Devices Inc.,IC CTRLR HOTSWAP NEG VOLT 8SOIC,linear-audio-amplifiers,0,0.0,"8-SOIC (0.154"", 3.90mm Width)",Surface Mount,Discontinued at DigiKey,https://www.analog.com/media/en/technical-documentation/data-sheets/1640lhfb.pdf,https://www.digikey.com/en/products/detail/analog-devices-inc/LT1640HIS8-TR/692833,-48V,,1.3 mA,Auto Retry,,No,1,-40°C ~ 85°C,"Circuit Breaker, Fault Timeout, OVP, UVLO",,,Hot Swap Controller,-80V ~ -10V
LT1640HIS8#TRPBF,Analog Devices Inc.,IC HOT SWAP CTRLR -48V 8SOIC,linear-audio-amplifiers,0,5.08142,"8-SOIC (0.154"", 3.90mm Width)",Surface Mount,Active,https://www.analog.com/media/en/technical-documentation/data-sheets/1640lhfb.pdf,https://www.digikey.com/en/products/detail/analog-devices-inc/LT1640HIS8-TRPBF/958232,-48V,,1.3 mA,Auto Retry,,No,1,-40°C ~ 85°C,"Circuit Breaker, Fault Timeout, OVP, UVLO",,,Hot Swap Controller,-80V ~ -10V
LT1640LCN8,Analog Devices Inc.,IC CONTRLR HOTSWAP NEGVOLT 8-DIP,linear-audio-amplifiers,0,0.0,"8-DIP (0.300"", 7.62mm)",Through Hole,Discontinued at DigiKey,https://www.analog.com/media/en/technical-documentation/data-sheets/1640lhfb.pdf,https://www.digikey.com/en/products/detail/analog-devices-inc/LT1640LCN8/296879,-48V,,1.3 mA,Auto Retry,,No,1,0°C ~ 70°C,"Circuit Breaker, Fault Timeout, OVP, UVLO",,,Hot Swap Controller,-80V ~ -10V
LT1640LCN8#PBF,Analog Devices Inc.,IC HOT SWAP CTRLR -48V 8DIP,linear-audio-amplifiers,0,4.75993,"8-DIP (0.300"", 7.62mm)",Through Hole,Active,https://www.analog.com/media/en/technical-documentation/data-sheets/1640lhfb.pdf,https://www.digikey.com/en/products/detail/analog-devices-inc/LT1640LCN8-PBF/888947,-48V,,1.3 mA,Auto Retry,,No,1,0°C ~ 70°C,"Circuit Breaker, Fault Timeout, OVP, UVLO",,,Hot Swap Controller,-80V ~ -10V
LT1640LCS8,Analog Devices Inc.,IC CONTRLR HOTSWAP NEGVOLT 8SOIC,linear-audio-amplifiers,0,0.0,"8-SOIC (0.154"", 3.90mm Width)",Surface Mount,Discontinued at DigiKey,https://www.analog.com/media/en/technical-documentation/data-sheets/1640lhfb.pdf,https://www.digikey.com/en/products/detail/analog-devices-inc/LT1640LCS8/296880,-48V,,1.3 mA,Auto Retry,,No,1,0°C ~ 70°C,"Circuit Breaker, Fault Timeout, OVP, UVLO",,,Hot Swap Controller,-80V ~ -10V
LT1640LCS8#PBF,Analog Devices Inc.,IC HOT SWAP CTRLR -48V 8SOIC,linear-audio-amplifiers,0,5.1375,"8-SOIC (0.154"", 3.90mm Width)",Surface Mount,Active,https://www.analog.com/media/en/technical-documentation/data-sheets/1640lhfb.pdf,https://www.digikey.com/en/products/detail/analog-devices-inc/LT1640LCS8-PBF/890679,-48V,,1.3 mA,Auto Retry,,No,1,0°C ~ 70°C,"Circuit Breaker, Fault Timeout, OVP, UVLO",,,Hot Swap Controller,-80V ~ -10V
LT1640LCS8#TR,Analog Devices Inc.,IC CTRLR HOTSWAP NEG VOLT 8SOIC,linear-audio-amplifiers,0,0.0,"8-SOIC (0.154"", 3.90mm Width)",Surface Mount,Discontinued at DigiKey,https://www.analog.com/media/en/technical-documentation/data-sheets/1640lhfb.pdf,https://www.digikey.com/en/products/detail/analog-devices-inc/LT1640LCS8-TR/692792,-48V,,1.3 mA,Auto Retry,,No,1,0°C ~ 70°C,"Circuit Breaker, Fault Timeout, OVP, UVLO",,,Hot Swap Controller,-80V ~ -10V
LT1640LCS8#TRPBF,Analog Devices Inc.,IC HOT SWAP CTRLR -48V 8SOIC,linear-audio-amplifiers,0,4.52506,"8-SOIC (0.154"", 3.90mm Width)",Surface Mount,Active,https://www.analog.com/media/en/technical-documentation/data-sheets/1640lhfb.pdf,https://www.digikey.com/en/products/detail/analog-devices-inc/LT1640LCS8-TRPBF/960500,-48V,,1.3 mA,Auto Retry,,No,1,0°C ~ 70°C,"Circuit Breaker, Fault Timeout, OVP, UVLO",,,Hot Swap Controller,-80V ~ -10V
LT1640LIN8,Analog Devices Inc.,IC CONTRLR HOTSWAP NEGVOLT 8-DIP,linear-audio-amplifiers,0,0.0,"8-DIP (0.300"", 7.62mm)",Through Hole,Discontinued at DigiKey,https://www.analog.com/media/en/technical-documentation/data-sheets/1640lhfb.pdf,https://www.digikey.com/en/products/detail/analog-devices-inc/LT1640LIN8/296881,-48V,,1.3 mA,Auto Retry,,No,1,-40°C ~ 85°C,"Circuit Breaker, Fault Timeout, OVP, UVLO",,,Hot Swap Controller,-80V ~ -10V
LT1640LIN8#PBF,Analog Devices Inc.,IC HOT SWAP CTRLR -48V 8DIP,linear-audio-amplifiers,0,5.4838,"8-DIP (0.300"", 7.62mm)",Through Hole,Active,https://www.analog.com/media/en/technical-documentation/data-sheets/1640lhfb.pdf,https://www.digikey.com/en/products/detail/analog-devices-inc/LT1640LIN8-PBF/962989,-48V,,1.3 mA,Auto Retry,,No,1,-40°C ~ 85°C,"Circuit Breaker, Fault Timeout, OVP, UVLO",,,Hot Swap Controller,-80V ~ -10V
LT1640LIS8,Analog Devices Inc.,IC CONTRLR HOTSWAP NEGVOLT 8SOIC,linear-audio-amplifiers,0,0.0,"8-SOIC (0.154"", 3.90mm Width)",Surface Mount,Discontinued at DigiKey,https://www.analog.com/media/en/technical-documentation/data-sheets/1640lhfb.pdf,https://www.digikey.com/en/products/detail/analog-devices-inc/LT1640LIS8/296882,-48V,,1.3 mA,Auto Retry,,No,1,-40°C ~ 85°C,"Circuit Breaker, Fault Timeout, OVP, UVLO",,,Hot Swap Controller,-80V ~ -10V
LT1640LIS8#PBF,Analog Devices Inc.,IC HOT SWAP CTRLR -48V 8SOIC,linear-audio-amplifiers,49,8.74,"8-SOIC (0.154"", 3.90mm Width)",Surface Mount,Active,https://www.analog.com/media/en/technical-documentation/data-sheets/1640lhfb.pdf,https://www.digikey.com/en/products/detail/analog-devices-inc/LT1640LIS8-PBF/891687,-48V,,1.3 mA,Auto Retry,,No,1,-40°C ~ 85°C,"Circuit Breaker, Fault Timeout, OVP, UVLO",,,Hot Swap Controller,-80V ~ -10V
LT1640LIS8#TR,Analog Devices Inc.,IC CTRLR HOTSWAP NEG VOLT 8SOIC,linear-audio-amplifiers,0,0.0,"8-SOIC (0.154"", 3.90mm Width)",Surface Mount,Discontinued at DigiKey,https://www.analog.com/media/en/technical-documentation/data-sheets/1640lhfb.pdf,https://www.digikey.com/en/products/detail/analog-devices-inc/LT1640LIS8-TR/692836,-48V,,1.3 mA,Auto Retry,,No,1,-40°C ~ 85°C,"Circuit Breaker, Fault Timeout, OVP, UVLO",,,Hot Swap Controller,-80V ~ -10V
LT1640LIS8#TRPBF,Analog Devices Inc.,IC HOT SWAP CTRLR -48V 8SOIC,linear-audio-amplifiers,0,5.08142,"8-SOIC (0.154"", 3.90mm Width)",Surface Mount,Active,https://www.analog.com/media/en/technical-documentation/data-sheets/1640lhfb.pdf,https://www.digikey.com/en/products/detail/analog-devices-inc/LT1640LIS8-TRPBF/958226,-48V,,1.3 mA,Auto Retry,,No,1,-40°C ~ 85°C,"Circuit Breaker, Fault Timeout, OVP, UVLO",,,Hot Swap Controller,-80V ~ -10V
LT1641-1CS8,Analog Devices Inc.,IC CONTRLR HOTSWAP POSVOLT 8SOIC,linear-audio-amplifiers,0,0.0,"8-SOIC (0.154"", 3.90mm Width)",Surface Mount,Discontinued at DigiKey,https://www.analog.com/media/en/technical-documentation/data-sheets/164112fc.pdf,https://www.digikey.com/en/products/detail/analog-devices-inc/LT1641-1CS8/456559,General Purpose,,2 mA,Latched Fault,,No,1,0°C ~ 70°C,"Current Limit, Fault Timeout, OVP, Slew Rate, UVLO",,,Hot Swap Controller,9V ~ 80V
LT1641-1CS8#PBF,Analog Devices Inc.,IC HOT SWAP CTRLR GP 8SOIC,linear-audio-amplifiers,986,7.86,"8-SOIC (0.154"", 3.90mm Width)",Surface Mount,Active,https://www.analog.com/media/en/technical-documentation/data-sheets/164112fc.pdf,https://www.digikey.com/en/products/detail/analog-devices-inc/LT1641-1CS8-PBF/889966,General Purpose,,2 mA,Latched Fault,,No,1,0°C ~ 70°C,"Current Limit, Fault Timeout, OVP, Slew Rate, UVLO",,,Hot Swap Controller,9V ~ 80V
LT1641-1CS8#TR,Analog Devices Inc.,IC CONTRLR HOTSWAP POSVOLT 8SOIC,linear-audio-amplifiers,0,0.0,"8-SOIC (0.154"", 3.90mm Width)",Surface Mount,Discontinued at DigiKey,https://www.analog.com/media/en/technical-documentation/data-sheets/164112fc.pdf,https://www.digikey.com/en/products/detail/analog-devices-inc/LT1641-1CS8-TR/456554,General Purpose,,2 mA,Latched Fault,,No,1,0°C ~ 70°C,"Current Limit, Fault Timeout, OVP, Slew Rate, UVLO",,,Hot Swap Controller,9V ~ 80V
LT1641-1CS8#TRPBF,Analog Devices Inc.,IC HOT SWAP CTRLR GP 8SOIC,linear-audio-amplifiers,3590,7.86,"8-SOIC (0.154"", 3.90mm Width)",Surface Mount,Active,https://www.analog.com/media/en/technical-documentation/data-sheets/164112fc.pdf,https://www.digikey.com/en/products/detail/analog-devices-inc/LT1641-1CS8-TRPBF/959188,General Purpose,,2 mA,Latched Fault,,No,1,0°C ~ 70°C,"Current Limit, Fault Timeout, OVP, Slew Rate, UVLO",,,Hot Swap Controller,9V ~ 80V
LT1641-1IS8,Analog Devices Inc.,IC CONTRLR HOTSWAP POSVOLT 8SOIC,linear-audio-amplifiers,0,0.0,"8-SOIC (0.154"", 3.90mm Width)",Surface Mount,Obsolete,https://www.analog.com/media/en/technical-documentation/data-sheets/164112fc.pdf,https://www.digikey.com/en/products/detail/analog-devices-inc/LT1641-1IS8/456558,General Purpose,,2 mA,Latched Fault,,No,1,-40°C ~ 85°C,"Current Limit, Fault Timeout, OVP, Slew Rate, UVLO",,,Hot Swap Controller,9V ~ 80V
LT1641-1IS8#PBF,Analog Devices Inc.,IC HOT SWAP CTRLR GP 8SOIC,linear-audio-amplifiers,61,8.59,"8-SOIC (0.154"", 3.90mm Width)",Surface Mount,Active,https://www.analog.com/media/en/technical-documentation/data-sheets/164112fc.pdf,https://www.digikey.com/en/products/detail/analog-devices-inc/LT1641-1IS8-PBF/962966,General Purpose,,2 mA,Latched Fault,,No,1,-40°C ~ 85°C,"Current Limit, Fault Timeout, OVP, Slew Rate, UVLO",,,Hot Swap Controller,9V ~ 80V
LT1641-1IS8#TR,Analog Devices Inc.,IC CTRLR HOTSWAP POS VOLT 8SOIC,linear-audio-amplifiers,0,0.0,"8-SOIC (0.154"", 3.90mm Width)",Surface Mount,Discontinued at DigiKey,https://www.analog.com/media/en/technical-documentation/data-sheets/164112fc.pdf,https://www.digikey.com/en/products/detail/analog-devices-inc/LT1641-1IS8-TR/692468,General Purpose,,2 mA,Latched Fault,,No,1,-40°C ~ 85°C,"Current Limit, Fault Timeout, OVP, Slew Rate, UVLO",,,Hot Swap Controller,9V ~ 80V
LT1641-1IS8#TRPBF,Analog Devices Inc.,IC HOT SWAP CTRLR GP 8SOIC,linear-audio-amplifiers,4821,8.59,"8-SOIC (0.154"", 3.90mm Width)",Surface Mount,Active,https://www.analog.com/media/en/technical-documentation/data-sheets/164112fc.pdf,https://www.digikey.com/en/products/detail/analog-devices-inc/LT1641-1IS8-TRPBF/959526,General Purpose,,2 mA,Latched Fault,,No,1,-40°C ~ 85°C,"Current Limit, Fault Timeout, OVP, Slew Rate, UVLO",,,Hot Swap Controller,9V ~ 80V
LT1641-2CS8,Analog Devices Inc.,IC CONTRLR HOTSWAP POSVOLT 8SOIC,linear-audio-amplifiers,0,0.0,"8-SOIC (0.154"", 3.90mm Width)",Surface Mount,Discontinued at DigiKey,https://www.analog.com/media/en/technical-documentation/data-sheets/164112fc.pdf,https://www.digikey.com/en/products/detail/analog-devices-inc/LT1641-2CS8/456561,General Purpose,,2 mA,Auto Retry,,No,1,0°C ~ 70°C,"Current Limit, Fault Timeout, OVP, Slew Rate, UVLO",,,Hot Swap Controller,9V ~ 80V
LT1641-2CS8#PBF,Analog Devices Inc.,IC HOT SWAP CTRLR GP 8SOIC,linear-audio-amplifiers,570,7.86,"8-SOIC (0.154"", 3.90mm Width)",Surface Mount,Active,https://www.analog.com/media/en/technical-documentation/data-sheets/164112fc.pdf,https://www.digikey.com/en/products/detail/analog-devices-inc/LT1641-2CS8-PBF/890044,General Purpose,,2 mA,Auto Retry,,No,1,0°C ~ 70°C,"Current Limit, Fault Timeout, OVP, Slew Rate, UVLO",,,Hot Swap Controller,9V ~ 80V
LT1641-2CS8#TR,Analog Devices Inc.,IC CONTRLR HOTSWAP POSVOLT 8SOIC,linear-audio-amplifiers,0,0.0,"8-SOIC (0.154"", 3.90mm Width)",Surface Mount,Obsolete,https://www.analog.com/media/en/technical-documentation/data-sheets/164112fc.pdf,https://www.digikey.com/en/products/detail/analog-devices-inc/LT1641-2CS8-TR/456512,General Purpose,,2 mA,Auto Retry,,No,1,0°C ~ 70°C,"Current Limit, Fault Timeout, OVP, Slew Rate, UVLO",,,Hot Swap Controller,9V ~ 80V
LT1641-2CS8#TRPBF,Analog Devices Inc.,IC HOT SWAP CTRLR GP 8SOIC,linear-audio-amplifiers,3686,7.86,"8-SOIC (0.154"", 3.90mm Width)",Surface Mount,Active,https://www.analog.com/media/en/technical-documentation/data-sheets/164112fc.pdf,https://www.digikey.com/en/products/detail/analog-devices-inc/LT1641-2CS8-TRPBF/958982,General Purpose,,2 mA,Auto Retry,,No,1,0°C ~ 70°C,"Current Limit, Fault Timeout, OVP, Slew Rate, UVLO",,,Hot Swap Controller,9V ~ 80V
LT1641-2IS8,Analog Devices Inc.,IC CONTRLR HOTSWAP POSVOLT 8SOIC,linear-audio-amplifiers,0,0.0,"8-SOIC (0.154"", 3.90mm Width)",Surface Mount,Obsolete,https://www.analog.com/media/en/technical-documentation/data-sheets/164112fc.pdf,https://www.digikey.com/en/products/detail/analog-devices-inc/LT1641-2IS8/456563,General Purpose,,2 mA,Auto Retry,,No,1,-40°C ~ 85°C,"Current Limit, Fault Timeout, OVP, Slew Rate, UVLO",,,Hot Swap Controller,9V ~ 80V
LT1641-2IS8#PBF,Analog Devices Inc.,IC HOT SWAP CTRLR GP 8SOIC,linear-audio-amplifiers,3449,8.59,"8-SOIC (0.154"", 3.90mm Width)",Surface Mount,Active,https://www.analog.com/media/en/technical-documentation/data-sheets/164112fc.pdf,https://www.digikey.com/en/products/detail/analog-devices-inc/LT1641-2IS8-PBF/962768,General Purpose,,2 mA,Auto Retry,,No,1,-40°C ~ 85°C,"Current Limit, Fault Timeout, OVP, Slew Rate, UVLO",,,Hot Swap Controller,9V ~ 80V
LT1641-2IS8#TR,Analog Devices Inc.,IC CONTRLR HOTSWAP POSVOLT 8SOIC,linear-audio-amplifiers,0,0.0,"8-SOIC (0.154"", 3.90mm Width)",Surface Mount,Obsolete,https://www.analog.com/media/en/technical-documentation/data-sheets/164112fc.pdf,https://www.digikey.com/en/products/detail/analog-devices-inc/LT1641-2IS8-TR/456469,General Purpose,,2 mA,Auto Retry,,No,1,-40°C ~ 85°C,"Current Limit, Fault Timeout, OVP, Slew Rate, UVLO",,,Hot Swap Controller,9V ~ 80V
LT1641-2IS8#TRPBF,Analog Devices Inc.,IC HOT SWAP CTRLR GP 8SOIC,linear-audio-amplifiers,2678,8.59,"8-SOIC (0.154"", 3.90mm Width)",Surface Mount,Active,https://www.analog.com/media/en/technical-documentation/data-sheets/164112fc.pdf,https://www.digikey.com/en/products/detail/analog-devices-inc/LT1641-2IS8-TRPBF/959703,General Purpose,,2 mA,Auto Retry,,No,1,-40°C ~ 85°C,"Current Limit, Fault Timeout, OVP, Slew Rate, UVLO",,,Hot Swap Controller,9V ~ 80V
LT1641CS8,Analog Devices Inc.,IC CTRLR HOTSWAP POS VOLT 8SOIC,linear-audio-amplifiers,0,0.0,"8-SOIC (0.154"", 3.90mm Width)",Surface Mount,Discontinued at DigiKey,https://www.analog.com/media/en/technical-documentation/data-sheets/1641fd.pdf,https://www.digikey.com/en/products/detail/analog-devices-inc/LT1641CS8/694557,General Purpose,,2 mA,Auto Retry,,No,1,0°C ~ 70°C,"Current Limit, Fault Timeout, OVP, Slew Rate, UVLO",,,Hot Swap Controller,9V ~ 80V
LT1641CS8#PBF,Analog Devices Inc.,IC HOT SWAP CTRLR GP 8SOIC,linear-audio-amplifiers,97,9.23,"8-SOIC (0.154"", 3.90mm Width)",Surface Mount,Active,https://www.analog.com/media/en/technical-documentation/data-sheets/1641fd.pdf,https://www.digikey.com/en/products/detail/analog-devices-inc/LT1641CS8-PBF/962990,General Purpose,,2 mA,Auto Retry,,No,1,0°C ~ 70°C,"Current Limit, Fault Timeout, OVP, Slew Rate, UVLO",,,Hot Swap Controller,9V ~ 80V
LT1641CS8#TR,Analog Devices Inc.,IC CTRLR HOTSWAP POS VOLT 8SOIC,linear-audio-amplifiers,0,0.0,"8-SOIC (0.154"", 3.90mm Width)",Surface Mount,Discontinued at DigiKey,https://www.analog.com/media/en/technical-documentation/data-sheets/1641fd.pdf,https://www.digikey.com/en/products/detail/analog-devices-inc/LT1641CS8-TR/692347,General Purpose,,2 mA,Auto Retry,,No,1,0°C ~ 70°C,"Current Limit, Fault Timeout, OVP, Slew Rate, UVLO",,,Hot Swap Controller,9V ~ 80V
LT1641CS8#TRPBF,Analog Devices Inc.,IC HOT SWAP CTRLR GP 8SOIC,linear-audio-amplifiers,0,5.39306,"8-SOIC (0.154"", 3.90mm Width)",Surface Mount,Active,https://www.analog.com/media/en/technical-documentation/data-sheets/1641fd.pdf,https://www.digikey.com/en/products/detail/analog-devices-inc/LT1641CS8-TRPBF/959161,General Purpose,,2 mA,Auto Retry,,No,1,0°C ~ 70°C,"Current Limit, Fault Timeout, OVP, Slew Rate, UVLO",,,Hot Swap Controller,9V ~ 80V
LT1641IS8,Analog Devices Inc.,IC CONTRLR HOTSWAP POSVOLT 8SOIC,linear-audio-amplifiers,0,0.0,"8-SOIC (0.154"", 3.90mm Width)",Surface Mount,Discontinued at DigiKey,https://www.analog.com/media/en/technical-documentation/data-sheets/1641fd.pdf,https://www.digikey.com/en/products/detail/analog-devices-inc/LT1641IS8/412630,General Purpose,,2 mA,,,No,1,-40°C ~ 85°C,"Current Limit, Fault Timeout, OVP, Slew Rate, UVLO",,,Hot Swap Controller,9V ~ 80V
LT1641IS8#PBF,Analog Devices Inc.,IC HOT SWAP CTRLR GP 8SOIC,linear-audio-amplifiers,65,10.11,"8-SOIC (0.154"", 3.90mm Width)",Surface Mount,Active,https://www.analog.com/media/en/technical-documentation/data-sheets/1641fd.pdf,https://www.digikey.com/en/products/detail/analog-devices-inc/LT1641IS8-PBF/962767,General Purpose,,2 mA,,,No,1,-40°C ~ 85°C,"Current Limit, Fault Timeout, OVP, Slew Rate, UVLO",,,Hot Swap Controller,9V ~ 80V
LT1641IS8#TR,Analog Devices Inc.,IC CTRLR HOTSWAP POS VOLT 8SOIC,linear-audio-amplifiers,0,0.0,"8-SOIC (0.154"", 3.90mm Width)",Surface Mount,Discontinued at DigiKey,https://www.analog.com/media/en/technical-documentation/data-sheets/1641fd.pdf,https://www.digikey.com/en/products/detail/analog-devices-inc/LT1641IS8-TR/692467,General Purpose,,2 mA,,,No,1,-40°C ~ 85°C,"Current Limit, Fault Timeout, OVP, Slew Rate, UVLO",,,Hot Swap Controller,9V ~ 80V
LT1641IS8#TRPBF,Analog Devices Inc.,IC HOT SWAP CTRLR GP 8SOIC,linear-audio-amplifiers,0,5.94804,"8-SOIC (0.154"", 3.90mm Width)",Surface Mount,Active,https://www.analog.com/media/en/technical-documentation/data-sheets/1641fd.pdf,https://www.digikey.com/en/products/detail/analog-devices-inc/LT1641IS8-TRPBF/959512,General Purpose,,2 mA,,,No,1,-40°C ~ 85°C,"Current Limit, Fault Timeout, OVP, Slew Rate, UVLO",,,Hot Swap Controller,9V ~ 80V
LT4200RUHG#PBF,Analog Devices Inc.,12V 50A HOTSWAP USING COPACKAGE,linear-audio-amplifiers,0,15.06,36-PowerWFQFN,Surface Mount,Active,https://www.analog.com/media/en/technical-documentation/data-sheets/lt4200.pdf,https://www.digikey.com/en/products/detail/analog-devices-inc/LT4200RUHG-PBF/15848919,General Purpose,50A,1.6 mA,"Auto Retry, Fault Timeout, Latched Fault, Thermal Limit, UVLO",,Yes,1,-40°C ~ 150°C (TJ),"Auto Retry, Circuit Breaker, Current Limit, Fault Timeout, Latched Fault, OVP, UVLO",,,Hot Swap Controller,2.9V ~ 15V
LT4200RUHG#TRPBF,Analog Devices Inc.,12V 50A HOTSWAP USING COPACKAGE,linear-audio-amplifiers,0,15.06,36-PowerWFQFN,Surface Mount,Active,https://www.analog.com/media/en/technical-documentation/data-sheets/lt4200.pdf,https://www.digikey.com/en/products/detail/analog-devices-inc/LT4200RUHG-TRPBF/15848893,General Purpose,50A,1.6 mA,"Auto Retry, Fault Timeout, Latched Fault, Thermal Limit, UVLO",,Yes,1,-40°C ~ 150°C (TJ),"Auto Retry, Circuit Breaker, Current Limit, Fault Timeout, Latched Fault, OVP, UVLO",,,Hot Swap Controller,2.9V ~ 15V
LT4220CGN,Analog Devices Inc.,IC CNTRLR DUAL HOT SWAP 16-SSOP,linear-audio-amplifiers,0,0.0,"16-SSOP (0.154"", 3.90mm Width)",Surface Mount,Discontinued at DigiKey,https://www.analog.com/media/en/technical-documentation/data-sheets/4220f.pdf,https://www.digikey.com/en/products/detail/analog-devices-inc/LT4220CGN/610537,General Purpose,,2.7 mA,,,No,2,0°C ~ 70°C,"Auto Retry, Current Limit, Fault Timeout, Latched Fault, UVLO",,,Hot Swap Controller,2.7V ~ 16.5V
LT4220CGN#PBF,Analog Devices Inc.,IC HOT SWAP CTRLR GP 16SSOP,linear-audio-amplifiers,15,12.17,"16-SSOP (0.154"", 3.90mm Width)",Surface Mount,Active,https://www.analog.com/media/en/technical-documentation/data-sheets/4220f.pdf,https://www.digikey.com/en/products/detail/analog-devices-inc/LT4220CGN-PBF/888790,General Purpose,,2.7 mA,,,No,2,0°C ~ 70°C,"Auto Retry, Fault Timeout, Latched Fault, UVLO",,,Hot Swap Controller,2.7V ~ 16.5V
LT4220CGN#TR,Analog Devices Inc.,IC CTLR HOTSWAP DUAL 16-SSOP,linear-audio-amplifiers,0,0.0,"16-SSOP (0.154"", 3.90mm Width)",Surface Mount,Discontinued at DigiKey,https://www.analog.com/media/en/technical-documentation/data-sheets/4220f.pdf,https://www.digikey.com/en/products/detail/analog-devices-inc/LT4220CGN-TR/631066,General Purpose,,2.7 mA,,,No,2,0°C ~ 70°C,"Auto Retry, Fault Timeout, Latched Fault, UVLO",,,Hot Swap Controller,2.7V ~ 16.5V
LT4220CGN#TRPBF,Analog Devices Inc.,IC HOT SWAP CTRLR GP 16SSOP,linear-audio-amplifiers,0,7.27155,"16-SSOP (0.154"", 3.90mm Width)",Surface Mount,Active,https://www.analog.com/media/en/technical-documentation/data-sheets/4220f.pdf,https://www.digikey.com/en/products/detail/analog-devices-inc/LT4220CGN-TRPBF/959103,General Purpose,,2.7 mA,,,No,2,0°C ~ 70°C,"Auto Retry, Fault Timeout, Latched Fault, UVLO",,,Hot Swap Controller,2.7V ~ 16.5V
LT4220IGN,Analog Devices Inc.,IC CTLR HOTSWAP DUAL 16-SSOP,linear-audio-amplifiers,0,0.0,"16-SSOP (0.154"", 3.90mm Width)",Surface Mount,Obsolete,https://www.analog.com/media/en/technical-documentation/data-sheets/4220f.pdf,https://www.digikey.com/en/products/detail/analog-devices-inc/LT4220IGN/630799,General Purpose,,2.7 mA,,,No,2,-40°C ~ 85°C,"Auto Retry, Fault Timeout, Latched Fault, UVLO",,,Hot Swap Controller,2.7V ~ 16.5V
LT4220IGN#PBF,Analog Devices Inc.,IC HOT SWAP CTRLR GP 16SSOP,linear-audio-amplifiers,592,13.73,"16-SSOP (0.154"", 3.90mm Width)",Surface Mount,Active,https://www.analog.com/media/en/technical-documentation/data-sheets/4220f.pdf,https://www.digikey.com/en/products/detail/analog-devices-inc/LT4220IGN-PBF/963608,General Purpose,,2.7 mA,,,No,2,-40°C ~ 85°C,"Auto Retry, Fault Timeout, Latched Fault, UVLO",,,Hot Swap Controller,2.7V ~ 16.5V
LT4220IGN#TR,Analog Devices Inc.,IC CTLR HOTSWAP DUAL 16-SSOP,linear-audio-amplifiers,0,0.0,"16-SSOP (0.154"", 3.90mm Width)",Surface Mount,Discontinued at DigiKey,https://www.analog.com/media/en/technical-documentation/data-sheets/4220f.pdf,https://www.digikey.com/en/products/detail/analog-devices-inc/LT4220IGN-TR/631057,General Purpose,,2.7 mA,,,No,2,-40°C ~ 85°C,"Auto Retry, Fault Timeout, Latched Fault, UVLO",,,Hot Swap Controller,2.7V ~ 16.5V
LT4220IGN#TRPBF,Analog Devices Inc.,IC HOT SWAP CTRLR GP 16SSOP,linear-audio-amplifiers,1833,13.73,"16-SSOP (0.154"", 3.90mm Width)",Surface Mount,Active,https://www.analog.com/media/en/technical-documentation/data-sheets/4220f.pdf,https://www.digikey.com/en/products/detail/analog-devices-inc/LT4220IGN-TRPBF/958758,General Purpose,,2.7 mA,,,No,2,-40°C ~ 85°C,"Auto Retry, Fault Timeout, Latched Fault, UVLO",,,Hot Swap Controller,2.7V ~ 16.5V
LT4239ADE#PBF,Analog Devices Inc.,PWR-OVER-DATA PSE CTRL,linear-audio-amplifiers,954,16.45,16-WFDFN Exposed Pad,Surface Mount,Active,https://www.analog.com/media/en/technical-documentation/data-sheets/lt4239.pdf,https://www.digikey.com/en/products/detail/analog-devices-inc/LT4239ADE-PBF/16187379,Networking,"300mA, 1.5A",600 µA,"Auto Retry, Fault Timeout, I2C, Latched Fault, UVLO",,Both,2,-40°C ~ 125°C (TJ),"Circuit Breaker, Current Limit, Fault Timeout, Slew Rate, UVLO",,,Hot Swap Controller,4V ~ 20V
LT4250HCN8,Analog Devices Inc.,IC HOT SWAP CTRLR -48V 8DIP,linear-audio-amplifiers,38,9.0,"8-DIP (0.300"", 7.62mm)",Through Hole,Discontinued at DigiKey,https://www.analog.com/media/en/technical-documentation/data-sheets/4250lhfa.pdf,https://www.digikey.com/en/products/detail/analog-devices-inc/LT4250HCN8/455844,-48V,,1.6 mA,Fault Timeout,,No,1,0°C ~ 70°C,"Current Limit, Latched Fault, OVP, UVLO",,,Hot Swap Controller,-80V ~ 18V
LT4250HCN8#PBF,Analog Devices Inc.,IC HOT SWAP CTRLR -48V 8DIP,linear-audio-amplifiers,0,4.80447,"8-DIP (0.300"", 7.62mm)",Through Hole,Active,https://www.analog.com/media/en/technical-documentation/data-sheets/4250lhfa.pdf,https://www.digikey.com/en/products/detail/analog-devices-inc/LT4250HCN8-PBF/888965,-48V,,1.6 mA,Fault Timeout,,No,1,0°C ~ 70°C,"Current Limit, Latched Fault, OVP, UVLO",,,Hot Swap Controller,-80V ~ 18V
LT4250HCS8,Analog Devices Inc.,IC HOT SWAP CTRLR -48V 8SOIC,linear-audio-amplifiers,50,9.21,"8-SOIC (0.154"", 3.90mm Width)",Surface Mount,Discontinued at DigiKey,https://www.analog.com/media/en/technical-documentation/data-sheets/4250lhfa.pdf,https://www.digikey.com/en/products/detail/analog-devices-inc/LT4250HCS8/455845,-48V,,1.6 mA,Fault Timeout,,No,1,0°C ~ 70°C,"Current Limit, Latched Fault, OVP, UVLO",,,Hot Swap Controller,-80V ~ 18V
LT4250HCS8#PBF,Analog Devices Inc.,IC HOT SWAP CTRLR -48V 8SOIC,linear-audio-amplifiers,98,7.86,"8-SOIC (0.154"", 3.90mm Width)",Surface Mount,Active,https://www.analog.com/media/en/technical-documentation/data-sheets/4250lhfa.pdf,https://www.digikey.com/en/products/detail/analog-devices-inc/LT4250HCS8-PBF/889118,-48V,,1.6 mA,Fault Timeout,,No,1,0°C ~ 70°C,"Current Limit, Latched Fault, OVP, UVLO",,,Hot Swap Controller,-80V ~ 18V
LT4250HCS8#TR,Analog Devices Inc.,IC CONTRLR HOTSWAP NEG 48V 8SOIC,linear-audio-amplifiers,0,0.0,"8-SOIC (0.154"", 3.90mm Width)",Surface Mount,Discontinued at DigiKey,https://www.analog.com/media/en/technical-documentation/data-sheets/4250lhfa.pdf,https://www.digikey.com/en/products/detail/analog-devices-inc/LT4250HCS8-TR/456524,-48V,,1.6 mA,Fault Timeout,,No,1,0°C ~ 70°C,"Current Limit, Latched Fault, OVP, UVLO",,,Hot Swap Controller,-80V ~ 18V
LT4250HCS8#TRPBF,Analog Devices Inc.,IC HOT SWAP CTRLR -48V 8SOIC,linear-audio-amplifiers,0,4.52506,"8-SOIC (0.154"", 3.90mm Width)",Surface Mount,Active,https://www.analog.com/media/en/technical-documentation/data-sheets/4250lhfa.pdf,https://www.digikey.com/en/products/detail/analog-devices-inc/LT4250HCS8-TRPBF/959449,-48V,,1.6 mA,Fault Timeout,,No,1,0°C ~ 70°C,"Current Limit, Latched Fault, OVP, UVLO",,,Hot Swap Controller,-80V ~ 18V
LT4250HIN8,Analog Devices Inc.,IC CONTRLR HOT SWAP NEG 48V 8DIP,linear-audio-amplifiers,0,0.0,"8-DIP (0.300"", 7.62mm)",Through Hole,Discontinued at DigiKey,https://www.analog.com/media/en/technical-documentation/data-sheets/4250lhfa.pdf,https://www.digikey.com/en/products/detail/analog-devices-inc/LT4250HIN8/456637,-48V,,1.6 mA,Fault Timeout,,No,1,-40°C ~ 85°C,"Current Limit, Latched Fault, OVP, UVLO",,,Hot Swap Controller,-80V ~ 18V
LT4250HIN8#PBF,Analog Devices Inc.,IC HOT SWAP CTRLR -48V 8DIP,linear-audio-amplifiers,0,4.923,"8-DIP (0.300"", 7.62mm)",Through Hole,Active,https://www.analog.com/media/en/technical-documentation/data-sheets/4250lhfa.pdf,https://www.digikey.com/en/products/detail/analog-devices-inc/LT4250HIN8-PBF/963149,-48V,,1.6 mA,Fault Timeout,,No,1,-40°C ~ 85°C,"Current Limit, Latched Fault, OVP, UVLO",,,Hot Swap Controller,-80V ~ 18V
LT4250HIS8,Analog Devices Inc.,IC CONTRLR HOTSWAP NEG 48V 8SOIC,linear-audio-amplifiers,0,0.0,"8-SOIC (0.154"", 3.90mm Width)",Surface Mount,Discontinued at DigiKey,https://www.analog.com/media/en/technical-documentation/data-sheets/4250lhfa.pdf,https://www.digikey.com/en/products/detail/analog-devices-inc/LT4250HIS8/456634,-48V,,1.6 mA,Fault Timeout,,No,1,-40°C ~ 85°C,"Current Limit, Latched Fault, OVP, UVLO",,,Hot Swap Controller,-80V ~ 18V
LT4250HIS8#PBF,Analog Devices Inc.,IC HOT SWAP CTRLR -48V 8SOIC,linear-audio-amplifiers,6,8.01,"8-SOIC (0.154"", 3.90mm Width)",Surface Mount,Active,https://www.analog.com/media/en/technical-documentation/data-sheets/4250lhfa.pdf,https://www.digikey.com/en/products/detail/analog-devices-inc/LT4250HIS8-PBF/962978,-48V,,1.6 mA,Fault Timeout,,No,1,-40°C ~ 85°C,"Current Limit, Latched Fault, OVP, UVLO",,,Hot Swap Controller,-80V ~ 18V
LT4250HIS8#TR,Analog Devices Inc.,IC CONTRLR HOTSWAP NEG 48V 8SOIC,linear-audio-amplifiers,0,0.0,"8-SOIC (0.154"", 3.90mm Width)",Surface Mount,Discontinued at DigiKey,https://www.analog.com/media/en/technical-documentation/data-sheets/4250lhfa.pdf,https://www.digikey.com/en/products/detail/analog-devices-inc/LT4250HIS8-TR/456397,-48V,,1.6 mA,Fault Timeout,,No,1,-40°C ~ 85°C,"Current Limit, Latched Fault, OVP, UVLO",,,Hot Swap Controller,-80V ~ 18V
LT4250HIS8#TRPBF,Analog Devices Inc.,IC HOT SWAP CTRLR -48V 8SOIC,linear-audio-amplifiers,0,4.62012,"8-SOIC (0.154"", 3.90mm Width)",Surface Mount,Active,https://www.analog.com/media/en/technical-documentation/data-sheets/4250lhfa.pdf,https://www.digikey.com/en/products/detail/analog-devices-inc/LT4250HIS8-TRPBF/958909,-48V,,1.6 mA,Fault Timeout,,No,1,-40°C ~ 85°C,"Current Limit, Latched Fault, OVP, UVLO",,,Hot Swap Controller,-80V ~ 18V
LT4250LCN8,Analog Devices Inc.,IC HOT SWAP CTRLR -48V 8DIP,linear-audio-amplifiers,0,0.0,"8-DIP (0.300"", 7.62mm)",Through Hole,Discontinued at DigiKey,https://www.analog.com/media/en/technical-documentation/data-sheets/4250lhfa.pdf,https://www.digikey.com/en/products/detail/analog-devices-inc/LT4250LCN8/455846,-48V,,1.6 mA,Fault Timeout,,No,1,0°C ~ 70°C,"Current Limit, Latched Fault, OVP, UVLO",,,Hot Swap Controller,-80V ~ 18V
LT4250LCN8#PBF,Analog Devices Inc.,IC HOT SWAP CTRLR -48V 8DIP,linear-audio-amplifiers,19,7.53,"8-DIP (0.300"", 7.62mm)",Through Hole,Active,https://www.analog.com/media/en/technical-documentation/data-sheets/4250lhfa.pdf,https://www.digikey.com/en/products/detail/analog-devices-inc/LT4250LCN8-PBF/889990,-48V,,1.6 mA,Fault Timeout,,No,1,0°C ~ 70°C,"Current Limit, Latched Fault, OVP, UVLO",,,Hot Swap Controller,-80V ~ 18V
LT4250LCS8,Analog Devices Inc.,IC CONTRLR HOTSWAP NEG 48V 8SOIC,linear-audio-amplifiers,0,0.0,"8-SOIC (0.154"", 3.90mm Width)",Surface Mount,Discontinued at DigiKey,https://www.analog.com/media/en/technical-documentation/data-sheets/4250lhfa.pdf,https://www.digikey.com/en/products/detail/analog-devices-inc/LT4250LCS8/455847,-48V,,1.6 mA,Fault Timeout,,No,1,0°C ~ 70°C,"Current Limit, Latched Fault, OVP, UVLO",,,Hot Swap Controller,-80V ~ 18V
LT4250LCS8#PBF,Analog Devices Inc.,IC HOT SWAP CTRLR -48V 8SOIC,linear-audio-amplifiers,100,7.86,"8-SOIC (0.154"", 3.90mm Width)",Surface Mount,Active,https://www.analog.com/media/en/technical-documentation/data-sheets/4250lhfa.pdf,https://www.digikey.com/en/products/detail/analog-devices-inc/LT4250LCS8-PBF/889916,-48V,,1.6 mA,Fault Timeout,,No,1,0°C ~ 70°C,"Current Limit, Latched Fault, OVP, UVLO",,,Hot Swap Controller,-80V ~ 18V
LT4250LCS8#TR,Analog Devices Inc.,IC CONTRLR HOTSWAP NEG 48V 8SOIC,linear-audio-amplifiers,0,0.0,"8-SOIC (0.154"", 3.90mm Width)",Surface Mount,Discontinued at DigiKey,https://www.analog.com/media/en/technical-documentation/data-sheets/4250lhfa.pdf,https://www.digikey.com/en/products/detail/analog-devices-inc/LT4250LCS8-TR/456552,-48V,,1.6 mA,Fault Timeout,,No,1,0°C ~ 70°C,"Current Limit, Latched Fault, OVP, UVLO",,,Hot Swap Controller,-80V ~ 18V
LT4250LCS8#TRPBF,Analog Devices Inc.,IC HOT SWAP CTRLR -48V 8SOIC,linear-audio-amplifiers,0,4.52506,"8-SOIC (0.154"", 3.90mm Width)",Surface Mount,Active,https://www.analog.com/media/en/technical-documentation/data-sheets/4250lhfa.pdf,https://www.digikey.com/en/products/detail/analog-devices-inc/LT4250LCS8-TRPBF/958288,-48V,,1.6 mA,Fault Timeout,,No,1,0°C ~ 70°C,"Current Limit, Latched Fault, OVP, UVLO",,,Hot Swap Controller,-80V ~ 18V
LT4250LIN8,Analog Devices Inc.,IC CONTRLR HOT SWAP NEG 48V 8DIP,linear-audio-amplifiers,0,0.0,"8-DIP (0.300"", 7.62mm)",Through Hole,Discontinued at DigiKey,https://www.analog.com/media/en/technical-documentation/data-sheets/4250lhfa.pdf,https://www.digikey.com/en/products/detail/analog-devices-inc/LT4250LIN8/456604,-48V,,1.6 mA,Fault Timeout,,No,1,-40°C ~ 85°C,"Current Limit, Latched Fault, OVP, UVLO",,,Hot Swap Controller,-80V ~ 18V
LT4250LIN8#PBF,Analog Devices Inc.,IC HOT SWAP CTRLR -48V 8DIP,linear-audio-amplifiers,0,4.923,"8-DIP (0.300"", 7.62mm)",Through Hole,Active,https://www.analog.com/media/en/technical-documentation/data-sheets/4250lhfa.pdf,https://www.digikey.com/en/products/detail/analog-devices-inc/LT4250LIN8-PBF/963030,-48V,,1.6 mA,Fault Timeout,,No,1,-40°C ~ 85°C,"Current Limit, Latched Fault, OVP, UVLO",,,Hot Swap Controller,-80V ~ 18V
LT4250LIS8,Analog Devices Inc.,IC CONTRLR HOTSWAP NEG 48V 8SOIC,linear-audio-amplifiers,0,0.0,"8-SOIC (0.154"", 3.90mm Width)",Surface Mount,Discontinued at DigiKey,https://www.analog.com/media/en/technical-documentation/data-sheets/4250lhfa.pdf,https://www.digikey.com/en/products/detail/analog-devices-inc/LT4250LIS8/456601,-48V,,1.6 mA,Fault Timeout,,No,1,-40°C ~ 85°C,"Current Limit, Latched Fault, OVP, UVLO",,,Hot Swap Controller,-80V ~ 18V
LT4250LIS8#PBF,Analog Devices Inc.,IC HOT SWAP CTRLR -48V 8SOIC,linear-audio-amplifiers,61,8.01,"8-SOIC (0.154"", 3.90mm Width)",Surface Mount,Active,https://www.analog.com/media/en/technical-documentation/data-sheets/4250lhfa.pdf,https://www.digikey.com/en/products/detail/analog-devices-inc/LT4250LIS8-PBF/962763,-48V,,1.6 mA,Fault Timeout,,No,1,-40°C ~ 85°C,"Current Limit, Latched Fault, OVP, UVLO",,,Hot Swap Controller,-80V ~ 18V
LT4250LIS8#TR,Analog Devices Inc.,IC CONTRLR HOTSWAP NEG 48V 8SOIC,linear-audio-amplifiers,0,0.0,"8-SOIC (0.154"", 3.90mm Width)",Surface Mount,Discontinued at DigiKey,https://www.analog.com/media/en/technical-documentation/data-sheets/4250lhfa.pdf,https://www.digikey.com/en/products/detail/analog-devices-inc/LT4250LIS8-TR/456550,-48V,,1.6 mA,Fault Timeout,,No,1,-40°C ~ 85°C,"Current Limit, Latched Fault, OVP, UVLO",,,Hot Swap Controller,-80V ~ 18V
LT4250LIS8#TRPBF,Analog Devices Inc.,IC HOT SWAP CTRLR -48V 8SOIC,linear-audio-amplifiers,6099,8.01,"8-SOIC (0.154"", 3.90mm Width)",Surface Mount,Active,https://www.analog.com/media/en/technical-documentation/data-sheets/4250lhfa.pdf,https://www.digikey.com/en/products/detail/analog-devices-inc/LT4250LIS8-TRPBF/958336,-48V,,1.6 mA,Fault Timeout,,No,1,-40°C ~ 85°C,"Current Limit, Latched Fault, OVP, UVLO",,,Hot Swap Controller,-80V ~ 18V
LT4254CGN,Analog Devices Inc.,IC CTRLR HOTSWAP POSVOLT 16SSOP,linear-audio-amplifiers,0,0.0,-,-,Discontinued at DigiKey,https://www.analog.com/media/en/technical-documentation/data-sheets/4254fb.pdf,https://www.digikey.com/en/products/detail/analog-devices-inc/LT4254CGN/559749,General Purpose,,1.9 mA,,,No,1,0°C ~ 70°C,"Auto Retry, Current Limit, Fault Timeout, Latched Fault, OVP, Slew Rate, UVLO",,,Hot Swap Controller,10.8V ~ 36V
LT4254CGN#PBF,Analog Devices Inc.,IC HOT SWAP CTRLR GP 16SSOP,linear-audio-amplifiers,0,7.25,"16-SSOP (0.154"", 3.90mm Width)",Surface Mount,Active,https://www.analog.com/media/en/technical-documentation/data-sheets/4254fb.pdf,https://www.digikey.com/en/products/detail/analog-devices-inc/LT4254CGN-PBF/891084,General Purpose,,1.9 mA,,,No,1,0°C ~ 70°C,"Auto Retry, Current Limit, Fault Timeout, Latched Fault, OVP, Slew Rate, UVLO",,,Hot Swap Controller,10.8V ~ 36V
LT4254CGN#TR,Analog Devices Inc.,IC CTLR HOTSWAP POS 16-SSOP,linear-audio-amplifiers,0,0.0,"16-SSOP (0.154"", 3.90mm Width)",Surface Mount,Obsolete,https://www.analog.com/media/en/technical-documentation/data-sheets/4254fb.pdf,https://www.digikey.com/en/products/detail/analog-devices-inc/LT4254CGN-TR/631060,General Purpose,,1.9 mA,,,No,1,0°C ~ 70°C,"Auto Retry, Current Limit, Fault Timeout, Latched Fault, OVP, Slew Rate, UVLO",,,Hot Swap Controller,10.8V ~ 36V
LT4254CGN#TRPBF,Analog Devices Inc.,IC HOT SWAP CTRLR GP 16SSOP,linear-audio-amplifiers,0,4.14453,"16-SSOP (0.154"", 3.90mm Width)",Surface Mount,Active,https://www.analog.com/media/en/technical-documentation/data-sheets/4254fb.pdf,https://www.digikey.com/en/products/detail/analog-devices-inc/LT4254CGN-TRPBF/959864,General Purpose,,1.9 mA,,,No,1,0°C ~ 70°C,"Auto Retry, Current Limit, Fault Timeout, Latched Fault, OVP, Slew Rate, UVLO",,,Hot Swap Controller,10.8V ~ 36V
LT4254IGN,Analog Devices Inc.,IC CTLR HOTSWAP POS 16-SSOP,linear-audio-amplifiers,0,0.0,"16-SSOP (0.154"", 3.90mm Width)",Surface Mount,Discontinued at DigiKey,https://www.analog.com/media/en/technical-documentation/data-sheets/4254fb.pdf,https://www.digikey.com/en/products/detail/analog-devices-inc/LT4254IGN/630852,General Purpose,,1.9 mA,,,No,1,-40°C ~ 85°C,"Auto Retry, Current Limit, Fault Timeout, Latched Fault, OVP, Slew Rate, UVLO",,,Hot Swap Controller,10.8V ~ 36V
LT4254IGN#PBF,Analog Devices Inc.,IC HOT SWAP CTRLR GP 16SSOP,linear-audio-amplifiers,295,8.22,"16-SSOP (0.154"", 3.90mm Width)",Surface Mount,Active,https://www.analog.com/media/en/technical-documentation/data-sheets/4254fb.pdf,https://www.digikey.com/en/products/detail/analog-devices-inc/LT4254IGN-PBF/962744,General Purpose,,1.9 mA,,,No,1,-40°C ~ 85°C,"Auto Retry, Current Limit, Fault Timeout, Latched Fault, OVP, Slew Rate, UVLO",,,Hot Swap Controller,10.8V ~ 36V
LT4254IGN#TR,Analog Devices Inc.,IC CTLR HOTSWAP POS 16-SSOP,linear-audio-amplifiers,0,0.0,"16-SSOP (0.154"", 3.90mm Width)",Surface Mount,Discontinued at DigiKey,https://www.analog.com/media/en/technical-documentation/data-sheets/4254fb.pdf,https://www.digikey.com/en/products/detail/analog-devices-inc/LT4254IGN-TR/631136,General Purpose,,1.9 mA,,,No,1,-40°C ~ 85°C,"Auto Retry, Current Limit, Fault Timeout, Latched Fault, OVP, Slew Rate, UVLO",,,Hot Swap Controller,10.8V ~ 36V
LT4254IGN#TRPBF,Analog Devices Inc.,IC HOT SWAP CTRLR GP 16SSOP,linear-audio-amplifiers,0,4.75587,"16-SSOP (0.154"", 3.90mm Width)",Surface Mount,Active,https://www.analog.com/media/en/technical-documentation/data-sheets/4254fb.pdf,https://www.digikey.com/en/products/detail/analog-devices-inc/LT4254IGN-TRPBF/965760,General Purpose,,1.9 mA,,,No,1,-40°C ~ 85°C,"Auto Retry, Current Limit, Fault Timeout, Latched Fault, OVP, Slew Rate, UVLO",,,Hot Swap Controller,10.8V ~ 36V
LT4256-1CS8,Analog Devices Inc.,IC CTRLR HOTSWAP HV LATCH 8SOIC,linear-audio-amplifiers,0,0.0,"8-SOIC (0.154"", 3.90mm Width)",Surface Mount,Discontinued at DigiKey,https://www.analog.com/media/en/technical-documentation/data-sheets/425612fa.pm6.pdf,https://www.digikey.com/en/products/detail/analog-devices-inc/LT4256-1CS8/695042,General Purpose,,1.8 mA,Latched Fault,,No,1,0°C ~ 70°C,"Current Limit, Fault Timeout, Slew Rate, UVLO",,,Hot Swap Controller,10.8V ~ 80V
LT4256-1CS8#PBF,Analog Devices Inc.,IC HOT SWAP CTRLR GP 8SOIC,linear-audio-amplifiers,205,6.59,"8-SOIC (0.154"", 3.90mm Width)",Surface Mount,Active,https://www.analog.com/media/en/technical-documentation/data-sheets/425612fa.pm6.pdf,https://www.digikey.com/en/products/detail/analog-devices-inc/LT4256-1CS8-PBF/961679,General Purpose,,1.8 mA,Latched Fault,,No,1,0°C ~ 70°C,"Current Limit, Fault Timeout, Slew Rate, UVLO",,,Hot Swap Controller,10.8V ~ 80V
LT4256-1CS8#TR,Analog Devices Inc.,IC CTRLR HOTSWAP HV LATCH 8SOIC,linear-audio-amplifiers,0,0.0,"8-SOIC (0.154"", 3.90mm Width)",Surface Mount,Discontinued at DigiKey,https://www.analog.com/media/en/technical-documentation/data-sheets/425612fa.pm6.pdf,https://www.digikey.com/en/products/detail/analog-devices-inc/LT4256-1CS8-TR/693106,General Purpose,,1.8 mA,Latched Fault,,No,1,0°C ~ 70°C,"Current Limit, Fault Timeout, Slew Rate, UVLO",,,Hot Swap Controller,10.8V ~ 80V
LT4256-1CS8#TRPBF,Analog Devices Inc.,IC HOT SWAP CTRLR GP 8SOIC,linear-audio-amplifiers,6094,6.59,"8-SOIC (0.154"", 3.90mm Width)",Surface Mount,Active,https://www.analog.com/media/en/technical-documentation/data-sheets/425612fa.pm6.pdf,https://www.digikey.com/en/products/detail/analog-devices-inc/LT4256-1CS8-TRPBF/960359,General Purpose,,1.8 mA,Latched Fault,,No,1,0°C ~ 70°C,"Current Limit, Fault Timeout, Slew Rate, UVLO",,,Hot Swap Controller,10.8V ~ 80V
LT4256-1IS8,Analog Devices Inc.,IC CTRLR HOTSWAP HV LATCH 8SOIC,linear-audio-amplifiers,0,0.0,"8-SOIC (0.154"", 3.90mm Width)",Surface Mount,Obsolete,https://www.analog.com/media/en/technical-documentation/data-sheets/425612fa.pm6.pdf,https://www.digikey.com/en/products/detail/analog-devices-inc/LT4256-1IS8/695021,General Purpose,,1.8 mA,Latched Fault,,No,1,-40°C ~ 85°C,"Current Limit, Fault Timeout, Slew Rate, UVLO",,,Hot Swap Controller,10.8V ~ 80V
LT4256-1IS8#PBF,Analog Devices Inc.,IC HOT SWAP CTRLR GP 8SOIC,linear-audio-amplifiers,0,7.42,"8-SOIC (0.154"", 3.90mm Width)",Surface Mount,Active,https://www.analog.com/media/en/technical-documentation/data-sheets/425612fa.pm6.pdf,https://www.digikey.com/en/products/detail/analog-devices-inc/LT4256-1IS8-PBF/962452,General Purpose,,1.8 mA,Latched Fault,,No,1,-40°C ~ 85°C,"Current Limit, Fault Timeout, Slew Rate, UVLO",,,Hot Swap Controller,10.8V ~ 80V
LT4256-1IS8#TR,Analog Devices Inc.,IC CTRLR HOTSWAP HV LATCH 8SOIC,linear-audio-amplifiers,0,0.0,"8-SOIC (0.154"", 3.90mm Width)",Surface Mount,Obsolete,https://www.analog.com/media/en/technical-documentation/data-sheets/425612fa.pm6.pdf,https://www.digikey.com/en/products/detail/analog-devices-inc/LT4256-1IS8-TR/693125,General Purpose,,1.8 mA,Latched Fault,,No,1,-40°C ~ 85°C,"Current Limit, Fault Timeout, Slew Rate, UVLO",,,Hot Swap Controller,10.8V ~ 80V
LT4256-1IS8#TRPBF,Analog Devices Inc.,IC HOT SWAP CTRLR GP 8SOIC,linear-audio-amplifiers,0,7.42,"8-SOIC (0.154"", 3.90mm Width)",Surface Mount,Active,https://www.analog.com/media/en/technical-documentation/data-sheets/425612fa.pm6.pdf,https://www.digikey.com/en/products/detail/analog-devices-inc/LT4256-1IS8-TRPBF/960391,General Purpose,,1.8 mA,Latched Fault,,No,1,-40°C ~ 85°C,"Current Limit, Fault Timeout, Slew Rate, UVLO",,,Hot Swap Controller,10.8V ~ 80V
LT4256-2CS8,Analog Devices Inc.,IC CTRLR HOTSWAP HV AUTO 8SOIC,linear-audio-amplifiers,0,0.0,"8-SOIC (0.154"", 3.90mm Width)",Surface Mount,Discontinued at DigiKey,https://www.analog.com/media/en/technical-documentation/data-sheets/425612fa.pm6.pdf,https://www.digikey.com/en/products/detail/analog-devices-inc/LT4256-2CS8/695043,General Purpose,,1.8 mA,Auto Retry,,No,1,0°C ~ 70°C,"Current Limit, Fault Timeout, Slew Rate, UVLO",,,Hot Swap Controller,10.8V ~ 80V
LT4256-2CS8#PBF,Analog Devices Inc.,IC HOT SWAP CTRLR GP 8SOIC,linear-audio-amplifiers,750,6.59,"8-SOIC (0.154"", 3.90mm Width)",Surface Mount,Active,https://www.analog.com/media/en/technical-documentation/data-sheets/425612fa.pm6.pdf,https://www.digikey.com/en/products/detail/analog-devices-inc/LT4256-2CS8-PBF/962628,General Purpose,,1.8 mA,Auto Retry,,No,1,0°C ~ 70°C,"Current Limit, Fault Timeout, Slew Rate, UVLO",,,Hot Swap Controller,10.8V ~ 80V
LT4256-2CS8#TR,Analog Devices Inc.,IC CTRLR HOTSWAP HV AUTO 8SOIC,linear-audio-amplifiers,0,0.0,"8-SOIC (0.154"", 3.90mm Width)",Surface Mount,Discontinued at DigiKey,https://www.analog.com/media/en/technical-documentation/data-sheets/425612fa.pm6.pdf,https://www.digikey.com/en/products/detail/analog-devices-inc/LT4256-2CS8-TR/693096,General Purpose,,1.8 mA,Auto Retry,,No,1,0°C ~ 70°C,"Current Limit, Fault Timeout, Slew Rate, UVLO",,,Hot Swap Controller,10.8V ~ 80V
LT4256-2CS8#TRPBF,Analog Devices Inc.,IC HOT SWAP CTRLR GP 8SOIC,linear-audio-amplifiers,5447,6.59,"8-SOIC (0.154"", 3.90mm Width)",Surface Mount,Active,https://www.analog.com/media/en/technical-documentation/data-sheets/425612fa.pm6.pdf,https://www.digikey.com/en/products/detail/analog-devices-inc/LT4256-2CS8-TRPBF/960053,General Purpose,,1.8 mA,Auto Retry,,No,1,0°C ~ 70°C,"Current Limit, Fault Timeout, Slew Rate, UVLO",,,Hot Swap Controller,10.8V ~ 80V
LT4256-2IS8,Analog Devices Inc.,IC CTRLR HOTSWAP HV AUTO 8SOIC,linear-audio-amplifiers,0,0.0,"8-SOIC (0.154"", 3.90mm Width)",Surface Mount,Obsolete,https://www.analog.com/media/en/technical-documentation/data-sheets/425612fa.pm6.pdf,https://www.digikey.com/en/products/detail/analog-devices-inc/LT4256-2IS8/695020,General Purpose,,1.8 mA,Auto Retry,,No,1,-40°C ~ 85°C,"Current Limit, Fault Timeout, Slew Rate, UVLO",,,Hot Swap Controller,10.8V ~ 80V
LT4256-2IS8#PBF,Analog Devices Inc.,IC HOT SWAP CTRLR GP 8SOIC,linear-audio-amplifiers,460,7.42,"8-SOIC (0.154"", 3.90mm Width)",Surface Mount,Active,https://www.analog.com/media/en/technical-documentation/data-sheets/425612fa.pm6.pdf,https://www.digikey.com/en/products/detail/analog-devices-inc/LT4256-2IS8-PBF/962439,General Purpose,,1.8 mA,Auto Retry,,No,1,-40°C ~ 85°C,"Current Limit, Fault Timeout, Slew Rate, UVLO",,,Hot Swap Controller,10.8V ~ 80V
LT4256-2IS8#TR,Analog Devices Inc.,IC CTRLR HOTSWAP HV AUTO 8SOIC,linear-audio-amplifiers,0,0.0,"8-SOIC (0.154"", 3.90mm Width)",Surface Mount,Discontinued at DigiKey,https://www.analog.com/media/en/technical-documentation/data-sheets/425612fa.pm6.pdf,https://www.digikey.com/en/products/detail/analog-devices-inc/LT4256-2IS8-TR/693122,General Purpose,,1.8 mA,Auto Retry,,No,1,-40°C ~ 85°C,"Current Limit, Fault Timeout, Slew Rate, UVLO",,,Hot Swap Controller,10.8V ~ 80V
LT4256-2IS8#TRPBF,Analog Devices Inc.,IC HOT SWAP CTRLR GP 8SOIC,linear-audio-amplifiers,6843,7.42,"8-SOIC (0.154"", 3.90mm Width)",Surface Mount,Active,https://www.analog.com/media/en/technical-documentation/data-sheets/425612fa.pm6.pdf,https://www.digikey.com/en/products/detail/analog-devices-inc/LT4256-2IS8-TRPBF/959693,General Purpose,,1.8 mA,Auto Retry,,No,1,-40°C ~ 85°C,"Current Limit, Fault Timeout, Slew Rate, UVLO",,,Hot Swap Controller,10.8V ~ 80V
LT4256-3CGN,Analog Devices Inc.,IC CTRLR HOTSWP HV DETECT 16SSOP,linear-audio-amplifiers,0,0.0,"16-SSOP (0.154"", 3.90mm Width)",Surface Mount,Discontinued at DigiKey,https://www.analog.com/media/en/technical-documentation/data-sheets/42563fa.pm6.pdf,https://www.digikey.com/en/products/detail/analog-devices-inc/LT4256-3CGN/694970,General Purpose,,1.8 mA,,,No,1,0°C ~ 70°C,"Auto Retry, Current Limit, Fault Timeout, Latched Fault, OVP, Slew Rate, UVLO",,,Hot Swap Controller,10.8V ~ 80V
LT4256-3CGN#PBF,Analog Devices Inc.,IC HOT SWAP CTRLR GP 16SSOP,linear-audio-amplifiers,130,7.77,"16-SSOP (0.154"", 3.90mm Width)",Surface Mount,Active,https://www.analog.com/media/en/technical-documentation/data-sheets/42563fa.pm6.pdf,https://www.digikey.com/en/products/detail/analog-devices-inc/LT4256-3CGN-PBF/961464,General Purpose,,1.8 mA,,,No,1,0°C ~ 70°C,"Auto Retry, Current Limit, Fault Timeout, Latched Fault, OVP, Slew Rate, UVLO",,,Hot Swap Controller,10.8V ~ 80V
LT4256-3CGN#TR,Analog Devices Inc.,IC CTRLR HOTSWP HV DETECT 16SSOP,linear-audio-amplifiers,0,0.0,"16-SSOP (0.154"", 3.90mm Width)",Surface Mount,Discontinued at DigiKey,https://www.analog.com/media/en/technical-documentation/data-sheets/42563fa.pm6.pdf,https://www.digikey.com/en/products/detail/analog-devices-inc/LT4256-3CGN-TR/693467,General Purpose,,1.8 mA,,,No,1,0°C ~ 70°C,"Auto Retry, Current Limit, Fault Timeout, Latched Fault, OVP, Slew Rate, UVLO",,,Hot Swap Controller,10.8V ~ 80V
LT4256-3CGN#TRPBF,Analog Devices Inc.,IC HOT SWAP CTRLR GP 16SSOP,linear-audio-amplifiers,0,4.47074,"16-SSOP (0.154"", 3.90mm Width)",Surface Mount,Active,https://www.analog.com/media/en/technical-documentation/data-sheets/42563fa.pm6.pdf,https://www.digikey.com/en/products/detail/analog-devices-inc/LT4256-3CGN-TRPBF/958767,General Purpose,,1.8 mA,,,No,1,0°C ~ 70°C,"Auto Retry, Current Limit, Fault Timeout, Latched Fault, OVP, Slew Rate, UVLO",,,Hot Swap Controller,10.8V ~ 80V
LT4256-3IGN,Analog Devices Inc.,IC CTRLR HOTSWP HV DETECT 16SSOP,linear-audio-amplifiers,0,0.0,"16-SSOP (0.154"", 3.90mm Width)",Surface Mount,Obsolete,https://www.analog.com/media/en/technical-documentation/data-sheets/42563fa.pm6.pdf,https://www.digikey.com/en/products/detail/analog-devices-inc/LT4256-3IGN/694985,General Purpose,,1.8 mA,,,No,1,-40°C ~ 85°C,"Auto Retry, Current Limit, Fault Timeout, Latched Fault, OVP, Slew Rate, UVLO",,,Hot Swap Controller,10.8V ~ 80V
LT4256-3IGN#PBF,Analog Devices Inc.,IC HOT SWAP CTRLR GP 16SSOP,linear-audio-amplifiers,5857,8.87,"16-SSOP (0.154"", 3.90mm Width)",Surface Mount,Active,https://www.analog.com/media/en/technical-documentation/data-sheets/42563fa.pm6.pdf,https://www.digikey.com/en/products/detail/analog-devices-inc/LT4256-3IGN-PBF/963239,General Purpose,,1.8 mA,,,No,1,-40°C ~ 85°C,"Auto Retry, Current Limit, Fault Timeout, Latched Fault, OVP, Slew Rate, UVLO",,,Hot Swap Controller,10.8V ~ 80V
LT4256-3IGN#TR,Analog Devices Inc.,IC CTRLR HOTSWP HV DETECT 16SSOP,linear-audio-amplifiers,0,0.0,"16-SSOP (0.154"", 3.90mm Width)",Surface Mount,Discontinued at DigiKey,https://www.analog.com/media/en/technical-documentation/data-sheets/42563fa.pm6.pdf,https://www.digikey.com/en/products/detail/analog-devices-inc/LT4256-3IGN-TR/693339,General Purpose,,1.8 mA,,,No,1,-40°C ~ 85°C,"Auto Retry, Current Limit, Fault Timeout, Latched Fault, OVP, Slew Rate, UVLO",,,Hot Swap Controller,10.8V ~ 80V
LT4256-3IGN#TRPBF,Analog Devices Inc.,IC HOT SWAP CTRLR GP 16SSOP,linear-audio-amplifiers,3306,8.87,"16-SSOP (0.154"", 3.90mm Width)",Surface Mount,Active,https://www.analog.com/media/en/technical-documentation/data-sheets/42563fa.pm6.pdf,https://www.digikey.com/en/products/detail/analog-devices-inc/LT4256-3IGN-TRPBF/959455,General Purpose,,1.8 mA,,,No,1,-40°C ~ 85°C,"Auto Retry, Current Limit, Fault Timeout, Latched Fault, OVP, Slew Rate, UVLO",,,Hot Swap Controller,10.8V ~ 80V
LTC1421CG,Analog Devices Inc.,IC CONTROLLER HOT SWAP 24-SSOP,linear-audio-amplifiers,0,0.0,"24-SSOP (0.209"", 5.30mm Width)",Surface Mount,Obsolete,https://www.analog.com/media/en/technical-documentation/data-sheets/1421fc.pdf,https://www.digikey.com/en/products/detail/analog-devices-inc/LTC1421CG/297216,General Purpose,,1.5 mA,"Latched Fault, UVLO",,No,2,0°C ~ 70°C,"Circuit Breaker, Fault Timeout, Slew Rate",,,Hot Swap Controller,3V ~ 12V
LTC1421CG#PBF,Analog Devices Inc.,IC HOT SWAP CTRLR GP 24SSOP,linear-audio-amplifiers,57,16.72,"24-SSOP (0.209"", 5.30mm Width)",Surface Mount,Active,https://www.analog.com/media/en/technical-documentation/data-sheets/1421fc.pdf,https://www.digikey.com/en/products/detail/analog-devices-inc/LTC1421CG-PBF/890515,General Purpose,,1.5 mA,"Latched Fault, UVLO",,No,2,0°C ~ 70°C,"Circuit Breaker, Fault Timeout, Slew Rate",,,Hot Swap Controller,3V ~ 12V
LTC1421CG#TR,Analog Devices Inc.,IC CONTROLLER HOTSWAP ADJ 24SSOP,linear-audio-amplifiers,0,0.0,"24-SSOP (0.209"", 5.30mm Width)",Surface Mount,Discontinued at DigiKey,https://www.analog.com/media/en/technical-documentation/data-sheets/1421fc.pdf,https://www.digikey.com/en/products/detail/analog-devices-inc/LTC1421CG-TR/693293,General Purpose,,1.5 mA,"Latched Fault, UVLO",,No,2,0°C ~ 70°C,"Circuit Breaker, Fault Timeout, Slew Rate",,,Hot Swap Controller,3V ~ 12V
LTC1421CG#TRPBF,Analog Devices Inc.,IC HOT SWAP CTRLR GP 24SSOP,linear-audio-amplifiers,0,10.32294,"24-SSOP (0.209"", 5.30mm Width)",Surface Mount,Active,https://www.analog.com/media/en/technical-documentation/data-sheets/1421fc.pdf,https://www.digikey.com/en/products/detail/analog-devices-inc/LTC1421CG-TRPBF/961559,General Purpose,,1.5 mA,"Latched Fault, UVLO",,No,2,0°C ~ 70°C,"Circuit Breaker, Fault Timeout, Slew Rate",,,Hot Swap Controller,3V ~ 12V
LTC1421CG-2.5,Analog Devices Inc.,IC CONTROLLER HOT SWAP 24-SSOP,linear-audio-amplifiers,0,0.0,"24-SSOP (0.209"", 5.30mm Width)",Surface Mount,Discontinued at DigiKey,https://www.analog.com/media/en/technical-documentation/data-sheets/1421fc.pdf,https://www.digikey.com/en/products/detail/analog-devices-inc/LTC1421CG-2-5/274705,General Purpose,,1.5 mA,"Latched Fault, UVLO",,No,2,0°C ~ 70°C,"Circuit Breaker, Fault Timeout, Slew Rate",,,Hot Swap Controller,3V ~ 12V
LTC1421CG-2.5#PBF,Analog Devices Inc.,IC HOT SWAP CTRLR GP 24SSOP,linear-audio-amplifiers,0,11.75322,"24-SSOP (0.209"", 5.30mm Width)",Surface Mount,Active,https://www.analog.com/media/en/technical-documentation/data-sheets/1421fc.pdf,https://www.digikey.com/en/products/detail/analog-devices-inc/LTC1421CG-2-5-PBF/890885,General Purpose,,1.5 mA,"Latched Fault, UVLO",,No,2,0°C ~ 70°C,"Circuit Breaker, Fault Timeout, Slew Rate",,,Hot Swap Controller,3V ~ 12V
LTC1421CG-2.5#TR,Analog Devices Inc.,IC CONTROLLER HOTSWP 2.5V 24SSOP,linear-audio-amplifiers,0,0.0,"24-SSOP (0.209"", 5.30mm Width)",Surface Mount,Obsolete,https://www.analog.com/media/en/technical-documentation/data-sheets/1421fc.pdf,https://www.digikey.com/en/products/detail/analog-devices-inc/LTC1421CG-2-5-TR/693294,General Purpose,,1.5 mA,"Latched Fault, UVLO",,No,2,0°C ~ 70°C,"Circuit Breaker, Fault Timeout, Slew Rate",,,Hot Swap Controller,3V ~ 12V
LTC1421CG-2.5#TRPBF,Analog Devices Inc.,IC HOT SWAP CTRLR GP 24SSOP,linear-audio-amplifiers,0,10.32294,"24-SSOP (0.209"", 5.30mm Width)",Surface Mount,Active,https://www.analog.com/media/en/technical-documentation/data-sheets/1421fc.pdf,https://www.digikey.com/en/products/detail/analog-devices-inc/LTC1421CG-2-5-TRPBF/961972,General Purpose,,1.5 mA,"Latched Fault, UVLO",,No,2,0°C ~ 70°C,"Circuit Breaker, Fault Timeout, Slew Rate",,,Hot Swap Controller,3V ~ 12V
LTC1421CSW,Analog Devices Inc.,IC CONTROLLER HOT SWAP 24-SOIC,linear-audio-amplifiers,0,0.0,"24-SOIC (0.295"", 7.50mm Width)",Surface Mount,Discontinued at DigiKey,https://www.analog.com/media/en/technical-documentation/data-sheets/1421fc.pdf,https://www.digikey.com/en/products/detail/analog-devices-inc/LTC1421CSW/297217,General Purpose,,,,,No,,0°C ~ 70°C,,,,Hot-Swap Controller,3V ~ 12V
LTC1421CSW#PBF,Analog Devices Inc.,IC HOT SWAP CTRLR GP 24SOIC,linear-audio-amplifiers,0,11.04156,"24-SOIC (0.295"", 7.50mm Width)",Surface Mount,Active,https://www.analog.com/media/en/technical-documentation/data-sheets/1421fc.pdf,https://www.digikey.com/en/products/detail/analog-devices-inc/LTC1421CSW-PBF/891588,General Purpose,,1.5 mA,"Latched Fault, UVLO",,No,2,0°C ~ 70°C,"Circuit Breaker, Fault Timeout, Slew Rate",,,Hot Swap Controller,3V ~ 12V
LTC1421CSW#TR,Analog Devices Inc.,IC CONTROLLER HOTSWAP ADJ 24SOIC,linear-audio-amplifiers,0,0.0,"24-SOIC (0.295"", 7.50mm Width)",Surface Mount,Discontinued at DigiKey,https://www.analog.com/media/en/technical-documentation/data-sheets/1421fc.pdf,https://www.digikey.com/en/products/detail/analog-devices-inc/LTC1421CSW-TR/693477,General Purpose,,1.5 mA,"Latched Fault, UVLO",,No,2,0°C ~ 70°C,"Circuit Breaker, Fault Timeout, Slew Rate",,,Hot Swap Controller,3V ~ 12V
LTC1421CSW#TRPBF,Analog Devices Inc.,IC HOT SWAP CTRLR GP 24SOIC,linear-audio-amplifiers,0,9.88011,"24-SOIC (0.295"", 7.50mm Width)",Surface Mount,Active,https://www.analog.com/media/en/technical-documentation/data-sheets/1421fc.pdf,https://www.digikey.com/en/products/detail/analog-devices-inc/LTC1421CSW-TRPBF/962215,General Purpose,,1.5 mA,"Latched Fault, UVLO",,No,2,0°C ~ 70°C,"Circuit Breaker, Fault Timeout, Slew Rate",,,Hot Swap Controller,3V ~ 12V
LTC1421CSW-2.5,Analog Devices Inc.,IC CONTROLLER HOT SWAP 24-SOIC,linear-audio-amplifiers,0,0.0,"24-SOIC (0.295"", 7.50mm Width)",Surface Mount,Discontinued at DigiKey,https://www.analog.com/media/en/technical-documentation/data-sheets/1421fc.pdf,https://www.digikey.com/en/products/detail/analog-devices-inc/LTC1421CSW-2-5/274704,General Purpose,,1.5 mA,"Latched Fault, UVLO",,No,2,0°C ~ 70°C,"Circuit Breaker, Fault Timeout, Slew Rate",,,Hot Swap Controller,3V ~ 12V
LTC1421CSW-2.5#PBF,Analog Devices Inc.,IC HOT SWAP CTRLR GP 24SOIC,linear-audio-amplifiers,0,11.04156,"24-SOIC (0.295"", 7.50mm Width)",Surface Mount,Active,https://www.analog.com/media/en/technical-documentation/data-sheets/1421fc.pdf,https://www.digikey.com/en/products/detail/analog-devices-inc/LTC1421CSW-2-5-PBF/889076,General Purpose,,1.5 mA,"Latched Fault, UVLO",,No,2,0°C ~ 70°C,"Circuit Breaker, Fault Timeout, Slew Rate",,,Hot Swap Controller,3V ~ 12V
LTC1421CSW-2.5#TR,Analog Devices Inc.,IC CONTROLLER HOTSWP 2.5V 24SOIC,linear-audio-amplifiers,0,0.0,"24-SOIC (0.295"", 7.50mm Width)",Surface Mount,Discontinued at DigiKey,https://www.analog.com/media/en/technical-documentation/data-sheets/1421fc.pdf,https://www.digikey.com/en/products/detail/analog-devices-inc/LTC1421CSW-2-5-TR/693478,General Purpose,,1.5 mA,"Latched Fault, UVLO",,No,2,0°C ~ 70°C,"Circuit Breaker, Fault Timeout, Slew Rate",,,Hot Swap Controller,3V ~ 12V
LTC1421CSW-2.5#TRPBF,Analog Devices Inc.,IC HOT SWAP CTRLR GP 24SOIC,linear-audio-amplifiers,0,9.88011,"24-SOIC (0.295"", 7.50mm Width)",Surface Mount,Active,https://www.analog.com/media/en/technical-documentation/data-sheets/1421fc.pdf,https://www.digikey.com/en/products/detail/analog-devices-inc/LTC1421CSW-2-5-TRPBF/962088,General Purpose,,1.5 mA,"Latched Fault, UVLO",,No,2,0°C ~ 70°C,"Circuit Breaker, Fault Timeout, Slew Rate",,,Hot Swap Controller,3V ~ 12V
LTC1421IG,Analog Devices Inc.,IC CONTROLLER HOT SWAP 24-SSOP,linear-audio-amplifiers,0,0.0,"24-SSOP (0.209"", 5.30mm Width)",Surface Mount,Discontinued at DigiKey,https://www.analog.com/media/en/technical-documentation/data-sheets/1421fc.pdf,https://www.digikey.com/en/products/detail/analog-devices-inc/LTC1421IG/297218,General Purpose,,1.5 mA,"Latched Fault, UVLO",,No,2,-40°C ~ 85°C,"Circuit Breaker, Fault Timeout, Slew Rate",,,Hot Swap Controller,3V ~ 12V
LTC1421IG#PBF,Analog Devices Inc.,IC HOT SWAP CTRLR GP 24SSOP,linear-audio-amplifiers,0,13.34271,"24-SSOP (0.209"", 5.30mm Width)",Surface Mount,Active,https://www.analog.com/media/en/technical-documentation/data-sheets/1421fc.pdf,https://www.digikey.com/en/products/detail/analog-devices-inc/LTC1421IG-PBF/963814,General Purpose,,1.5 mA,"Latched Fault, UVLO",,No,2,-40°C ~ 85°C,"Circuit Breaker, Fault Timeout, Slew Rate",,,Hot Swap Controller,3V ~ 12V
LTC1421IG#TR,Analog Devices Inc.,IC CONTROLLER HOTSWAP ADJ 24SSOP,linear-audio-amplifiers,0,0.0,"24-SSOP (0.209"", 5.30mm Width)",Surface Mount,Discontinued at DigiKey,https://www.analog.com/media/en/technical-documentation/data-sheets/1421fc.pdf,https://www.digikey.com/en/products/detail/analog-devices-inc/LTC1421IG-TR/692565,General Purpose,,1.5 mA,"Latched Fault, UVLO",,No,2,-40°C ~ 85°C,"Circuit Breaker, Fault Timeout, Slew Rate",,,Hot Swap Controller,3V ~ 12V
LTC1421IG#TRPBF,Analog Devices Inc.,IC HOT SWAP CTRLR GP 24SSOP,linear-audio-amplifiers,0,11.75341,"24-SSOP (0.209"", 5.30mm Width)",Surface Mount,Active,https://www.analog.com/media/en/technical-documentation/data-sheets/1421fc.pdf,https://www.digikey.com/en/products/detail/analog-devices-inc/LTC1421IG-TRPBF/961543,General Purpose,,1.5 mA,"Latched Fault, UVLO",,No,2,-40°C ~ 85°C,"Circuit Breaker, Fault Timeout, Slew Rate",,,Hot Swap Controller,3V ~ 12V
LTC1421IG-2.5,Analog Devices Inc.,IC CONTROLLER HOT SWAP 24-SSOP,linear-audio-amplifiers,0,0.0,"24-SSOP (0.209"", 5.30mm Width)",Surface Mount,Discontinued at DigiKey,https://www.analog.com/media/en/technical-documentation/data-sheets/1421fc.pdf,https://www.digikey.com/en/products/detail/analog-devices-inc/LTC1421IG-2-5/297219,General Purpose,,1.5 mA,"Latched Fault, UVLO",,No,2,-40°C ~ 85°C,"Circuit Breaker, Fault Timeout, Slew Rate",,,Hot Swap Controller,3V ~ 12V
LTC1421IG-2.5#PBF,Analog Devices Inc.,IC HOT SWAP CTRLR GP 24SSOP,linear-audio-amplifiers,0,13.34271,"24-SSOP (0.209"", 5.30mm Width)",Surface Mount,Active,https://www.analog.com/media/en/technical-documentation/data-sheets/1421fc.pdf,https://www.digikey.com/en/products/detail/analog-devices-inc/LTC1421IG-2-5-PBF/963808,General Purpose,,1.5 mA,"Latched Fault, UVLO",,No,2,-40°C ~ 85°C,"Circuit Breaker, Fault Timeout, Slew Rate",,,Hot Swap Controller,3V ~ 12V
LTC1421IG-2.5#TR,Analog Devices Inc.,IC CONTROLLER HOTSWP 2.5V 24SSOP,linear-audio-amplifiers,0,0.0,"24-SSOP (0.209"", 5.30mm Width)",Surface Mount,Discontinued at DigiKey,https://www.analog.com/media/en/technical-documentation/data-sheets/1421fc.pdf,https://www.digikey.com/en/products/detail/analog-devices-inc/LTC1421IG-2-5-TR/692564,General Purpose,,1.5 mA,"Latched Fault, UVLO",,No,2,-40°C ~ 85°C,"Circuit Breaker, Fault Timeout, Slew Rate",,,Hot Swap Controller,3V ~ 12V
LTC1421IG-2.5#TRPBF,Analog Devices Inc.,IC HOT SWAP CTRLR GP 24SSOP,linear-audio-amplifiers,0,11.75341,"24-SSOP (0.209"", 5.30mm Width)",Surface Mount,Active,https://www.analog.com/media/en/technical-documentation/data-sheets/1421fc.pdf,https://www.digikey.com/en/products/detail/analog-devices-inc/LTC1421IG-2-5-TRPBF/961542,General Purpose,,1.5 mA,"Latched Fault, UVLO",,No,2,-40°C ~ 85°C,"Circuit Breaker, Fault Timeout, Slew Rate",,,Hot Swap Controller,3V ~ 12V
LTC1421ISW,Analog Devices Inc.,IC CONTROLLER HOT SWAP 24-SOIC,linear-audio-amplifiers,0,0.0,"24-SOIC (0.295"", 7.50mm Width)",Surface Mount,Discontinued at DigiKey,https://www.analog.com/media/en/technical-documentation/data-sheets/1421fc.pdf,https://www.digikey.com/en/products/detail/analog-devices-inc/LTC1421ISW/297220,General Purpose,,1.5 mA,"Latched Fault, UVLO",,No,2,-40°C ~ 85°C,"Circuit Breaker, Fault Timeout, Slew Rate",,,Hot Swap Controller,3V ~ 12V
LTC1421ISW#PBF,Analog Devices Inc.,IC HOT SWAP CTRLR GP 24SOIC,linear-audio-amplifiers,0,17.97,"24-SOIC (0.295"", 7.50mm Width)",Surface Mount,Active,https://www.analog.com/media/en/technical-documentation/data-sheets/1421fc.pdf,https://www.digikey.com/en/products/detail/analog-devices-inc/LTC1421ISW-PBF/963692,General Purpose,,1.5 mA,"Latched Fault, UVLO",,No,2,-40°C ~ 85°C,"Circuit Breaker, Fault Timeout, Slew Rate",,,Hot Swap Controller,3V ~ 12V
LTC1421ISW#TR,Analog Devices Inc.,IC CONTROLLER HOTSWAP ADJ 24SOIC,linear-audio-amplifiers,0,0.0,"24-SOIC (0.295"", 7.50mm Width)",Surface Mount,Discontinued at DigiKey,https://www.analog.com/media/en/technical-documentation/data-sheets/1421fc.pdf,https://www.digikey.com/en/products/detail/analog-devices-inc/LTC1421ISW-TR/692912,General Purpose,,1.5 mA,"Latched Fault, UVLO",,No,2,-40°C ~ 85°C,"Circuit Breaker, Fault Timeout, Slew Rate",,,Hot Swap Controller,3V ~ 12V
LTC1421ISW#TRPBF,Analog Devices Inc.,IC HOT SWAP CTRLR GP 24SOIC,linear-audio-amplifiers,0,11.32956,"24-SOIC (0.295"", 7.50mm Width)",Surface Mount,Active,https://www.analog.com/media/en/technical-documentation/data-sheets/1421fc.pdf,https://www.digikey.com/en/products/detail/analog-devices-inc/LTC1421ISW-TRPBF/962173,General Purpose,,1.5 mA,"Latched Fault, UVLO",,No,2,-40°C ~ 85°C,"Circuit Breaker, Fault Timeout, Slew Rate",,,Hot Swap Controller,3V ~ 12V
LTC1421ISW-2.5,Analog Devices Inc.,IC CONTROLLER HOT SWAP 24-SOIC,linear-audio-amplifiers,0,0.0,"24-SOIC (0.295"", 7.50mm Width)",Surface Mount,Discontinued at DigiKey,https://www.analog.com/media/en/technical-documentation/data-sheets/1421fc.pdf,https://www.digikey.com/en/products/detail/analog-devices-inc/LTC1421ISW-2-5/297221,General Purpose,,1.5 mA,"Latched Fault, UVLO",,No,2,-40°C ~ 85°C,"Circuit Breaker, Fault Timeout, Slew Rate",,,Hot Swap Controller,3V ~ 12V
LTC1421ISW-2.5#PBF,Analog Devices Inc.,IC HOT SWAP CTRLR GP 24SOIC,linear-audio-amplifiers,0,13.14688,"24-SOIC (0.295"", 7.50mm Width)",Surface Mount,Active,https://www.analog.com/media/en/technical-documentation/data-sheets/1421fc.pdf,https://www.digikey.com/en/products/detail/analog-devices-inc/LTC1421ISW-2-5-PBF/963696,General Purpose,,1.5 mA,"Latched Fault, UVLO",,No,2,-40°C ~ 85°C,"Circuit Breaker, Fault Timeout, Slew Rate",,,Hot Swap Controller,3V ~ 12V
LTC1421ISW-2.5#TR,Analog Devices Inc.,IC CONTROLLER HOTSWP 2.5V 24SOIC,linear-audio-amplifiers,0,0.0,"24-SOIC (0.295"", 7.50mm Width)",Surface Mount,Discontinued at DigiKey,https://www.analog.com/media/en/technical-documentation/data-sheets/1421fc.pdf,https://www.digikey.com/en/products/detail/analog-devices-inc/LTC1421ISW-2-5-TR/692911,General Purpose,,1.5 mA,"Latched Fault, UVLO",,No,2,-40°C ~ 85°C,"Circuit Breaker, Fault Timeout, Slew Rate",,,Hot Swap Controller,3V ~ 12V
LTC1421ISW-2.5#TRPBF,Analog Devices Inc.,IC HOT SWAP CTRLR GP 24SOIC,linear-audio-amplifiers,0,11.32956,"24-SOIC (0.295"", 7.50mm Width)",Surface Mount,Active,https://www.analog.com/media/en/technical-documentation/data-sheets/1421fc.pdf,https://www.digikey.com/en/products/detail/analog-devices-inc/LTC1421ISW-2-5-TRPBF/962081,General Purpose,,1.5 mA,"Latched Fault, UVLO",,No,2,-40°C ~ 85°C,"Circuit Breaker, Fault Timeout, Slew Rate",,,Hot Swap Controller,3V ~ 12V
LTC1422CN8,Analog Devices Inc.,IC CONTROLLER HOT SWAP 8-DIP,linear-audio-amplifiers,0,0.0,"8-DIP (0.300"", 7.62mm)",Through Hole,Discontinued at DigiKey,https://www.analog.com/media/en/technical-documentation/data-sheets/1422fb.pdf,https://www.digikey.com/en/products/detail/analog-devices-inc/LTC1422CN8/271097,General Purpose,,650 µA,"Auto Retry, UVLO",,No,1,0°C ~ 70°C,"Circuit Breaker, Fault Timeout, Slew Rate",,,Hot Swap Controller,2.7V ~ 12V
LTC1422CN8#PBF,Analog Devices Inc.,IC HOT SWAP CTRLR GP 8DIP,linear-audio-amplifiers,0,6.339,"8-DIP (0.300"", 7.62mm)",Through Hole,Active,https://www.analog.com/media/en/technical-documentation/data-sheets/1422fb.pdf,https://www.digikey.com/en/products/detail/analog-devices-inc/LTC1422CN8-PBF/889698,General Purpose,,650 µA,"Auto Retry, UVLO",,No,1,0°C ~ 70°C,"Circuit Breaker, Fault Timeout, Slew Rate",,,Hot Swap Controller,2.7V ~ 12V
LTC1422CS8,Analog Devices Inc.,IC CONTROLLER HOT SWAP 8-SOIC,linear-audio-amplifiers,0,0.0,"8-SOIC (0.154"", 3.90mm Width)",Surface Mount,Discontinued at DigiKey,https://www.analog.com/media/en/technical-documentation/data-sheets/1422fb.pdf,https://www.digikey.com/en/products/detail/analog-devices-inc/LTC1422CS8/262394,General Purpose,,650 µA,"Auto Retry, UVLO",,No,1,0°C ~ 70°C,"Circuit Breaker, Fault Timeout, Slew Rate",,,Hot Swap Controller,2.7V ~ 12V
LTC1422CS8#PBF,Analog Devices Inc.,IC HOT SWAP CTRLR GP 8SOIC,linear-audio-amplifiers,96,10.66,"8-SOIC (0.154"", 3.90mm Width)",Surface Mount,Active,https://www.analog.com/media/en/technical-documentation/data-sheets/1422fb.pdf,https://www.digikey.com/en/products/detail/analog-devices-inc/LTC1422CS8-PBF/890048,General Purpose,,650 µA,"Auto Retry, UVLO",,No,1,0°C ~ 70°C,"Circuit Breaker, Fault Timeout, Slew Rate",,,Hot Swap Controller,2.7V ~ 12V
LTC1422CS8#TR,Analog Devices Inc.,IC CONTROLLER HOTSWAP 8SOIC,linear-audio-amplifiers,0,0.0,"8-SOIC (0.154"", 3.90mm Width)",Surface Mount,Discontinued at DigiKey,https://www.analog.com/media/en/technical-documentation/data-sheets/1422fb.pdf,https://www.digikey.com/en/products/detail/analog-devices-inc/LTC1422CS8-TR/693667,General Purpose,,650 µA,"Auto Retry, UVLO",,No,1,0°C ~ 70°C,"Circuit Breaker, Fault Timeout, Slew Rate",,,Hot Swap Controller,2.7V ~ 12V
LTC1422CS8#TRPBF,Analog Devices Inc.,IC HOT SWAP CTRLR GP 8SOIC,linear-audio-amplifiers,2047,10.66,"8-SOIC (0.154"", 3.90mm Width)",Surface Mount,Active,https://www.analog.com/media/en/technical-documentation/data-sheets/1422fb.pdf,https://www.digikey.com/en/products/detail/analog-devices-inc/LTC1422CS8-TRPBF/959566,General Purpose,,650 µA,"Auto Retry, UVLO",,No,1,0°C ~ 70°C,"Circuit Breaker, Fault Timeout, Slew Rate",,,Hot Swap Controller,2.7V ~ 12V
LTC1422IN8,Analog Devices Inc.,IC CONTROLLER HOT SWAP 8-DIP,linear-audio-amplifiers,0,0.0,"8-DIP (0.300"", 7.62mm)",Through Hole,Discontinued at DigiKey,https://www.analog.com/media/en/technical-documentation/data-sheets/1422fb.pdf,https://www.digikey.com/en/products/detail/analog-devices-inc/LTC1422IN8/271098,General Purpose,,650 µA,"Auto Retry, UVLO",,No,1,-40°C ~ 85°C,"Circuit Breaker, Fault Timeout, Slew Rate",,,Hot Swap Controller,2.7V ~ 12V
LTC1422IN8#PBF,Analog Devices Inc.,IC HOT SWAP CTRLR GP 8DIP,linear-audio-amplifiers,0,7.2053,"8-DIP (0.300"", 7.62mm)",Through Hole,Active,https://www.analog.com/media/en/technical-documentation/data-sheets/1422fb.pdf,https://www.digikey.com/en/products/detail/analog-devices-inc/LTC1422IN8-PBF/889242,General Purpose,,650 µA,"Auto Retry, UVLO",,No,1,-40°C ~ 85°C,"Circuit Breaker, Fault Timeout, Slew Rate",,,Hot Swap Controller,2.7V ~ 12V
LTC1422IS8,Analog Devices Inc.,IC CONTROLLER HOT SWAP 8-SOIC,linear-audio-amplifiers,0,0.0,"8-SOIC (0.154"", 3.90mm Width)",Surface Mount,Obsolete,https://www.analog.com/media/en/technical-documentation/data-sheets/1422fb.pdf,https://www.digikey.com/en/products/detail/analog-devices-inc/LTC1422IS8/262395,General Purpose,,650 µA,"Auto Retry, UVLO",,No,1,-40°C ~ 85°C,"Circuit Breaker, Fault Timeout, Slew Rate",,,Hot Swap Controller,2.7V ~ 12V
LTC1422IS8#PBF,Analog Devices Inc.,IC HOT SWAP CTRLR GP 8SOIC,linear-audio-amplifiers,119,12.0,"8-SOIC (0.154"", 3.90mm Width)",Surface Mount,Active,https://www.analog.com/media/en/technical-documentation/data-sheets/1422fb.pdf,https://www.digikey.com/en/products/detail/analog-devices-inc/LTC1422IS8-PBF/890094,General Purpose,,650 µA,"Auto Retry, UVLO",,No,1,-40°C ~ 85°C,"Circuit Breaker, Fault Timeout, Slew Rate",,,Hot Swap Controller,2.7V ~ 12V
LTC1422IS8#TR,Analog Devices Inc.,IC CONTROLLER HOTSWAP 8SOIC,linear-audio-amplifiers,0,0.0,"8-SOIC (0.154"", 3.90mm Width)",Surface Mount,Obsolete,https://www.analog.com/media/en/technical-documentation/data-sheets/1422fb.pdf,https://www.digikey.com/en/products/detail/analog-devices-inc/LTC1422IS8-TR/693688,General Purpose,,650 µA,"Auto Retry, UVLO",,No,1,-40°C ~ 85°C,"Circuit Breaker, Fault Timeout, Slew Rate",,,Hot Swap Controller,2.7V ~ 12V
LTC1422IS8#TRPBF,Analog Devices Inc.,IC HOT SWAP CTRLR GP 8SOIC,linear-audio-amplifiers,700,12.0,"8-SOIC (0.154"", 3.90mm Width)",Surface Mount,Active,https://www.analog.com/media/en/technical-documentation/data-sheets/1422fb.pdf,https://www.digikey.com/en/products/detail/analog-devices-inc/LTC1422IS8-TRPBF/958423,General Purpose,,650 µA,"Auto Retry, UVLO",,No,1,-40°C ~ 85°C,"Circuit Breaker, Fault Timeout, Slew Rate",,,Hot Swap Controller,2.7V ~ 12V
LTC1642ACGN#PBF,Analog Devices Inc.,IC HOTSWAP CTR INFINIBAND 16SSOP,linear-audio-amplifiers,0,6.8025,"16-SSOP (0.154"", 3.90mm Width)",Surface Mount,Active,https://www.analog.com/media/en/technical-documentation/data-sheets/1642af.pdf,https://www.digikey.com/en/products/detail/analog-devices-inc/LTC1642ACGN-PBF/1619990,InfiniBand™,,1.25 mA,,,No,1,0°C ~ 70°C,"Auto Retry, Current Limit, Fault Timeout, Latched Fault, UVLO",,,Hot Swap Controller,2.97V ~ 16.5V
LTC1642ACGN#TRPBF,Analog Devices Inc.,IC HOTSWAP CTR INFINIBAND 16SSOP,linear-audio-amplifiers,0,6.02916,"16-SSOP (0.154"", 3.90mm Width)",Surface Mount,Active,https://www.analog.com/media/en/technical-documentation/data-sheets/1642af.pdf,https://www.digikey.com/en/products/detail/analog-devices-inc/LTC1642ACGN-TRPBF/1621366,InfiniBand™,,1.25 mA,,,No,1,0°C ~ 70°C,"Auto Retry, Current Limit, Fault Timeout, Latched Fault, UVLO",,,Hot Swap Controller,2.97V ~ 16.5V
LTC1642AIGN#PBF,Analog Devices Inc.,IC HOTSWAP CTR INFINIBAND 16SSOP,linear-audio-amplifiers,0,8.0829,"16-SSOP (0.154"", 3.90mm Width)",Surface Mount,Active,https://www.analog.com/media/en/technical-documentation/data-sheets/1642af.pdf,https://www.digikey.com/en/products/detail/analog-devices-inc/LTC1642AIGN-PBF/1619993,InfiniBand™,,1.25 mA,,,No,1,-40°C ~ 85°C,"Auto Retry, Current Limit, Fault Timeout, Latched Fault, UVLO",,,Hot Swap Controller,2.97V ~ 16.5V
LTC1642AIGN#TRPBF,Analog Devices Inc.,IC HOTSWAP CTR INFINIBAND 16SSOP,linear-audio-amplifiers,0,7.19064,"16-SSOP (0.154"", 3.90mm Width)",Surface Mount,Active,https://www.analog.com/media/en/technical-documentation/data-sheets/1642af.pdf,https://www.digikey.com/en/products/detail/analog-devices-inc/LTC1642AIGN-TRPBF/1621362,InfiniBand™,,1.25 mA,,,No,1,-40°C ~ 85°C,"Auto Retry, Current Limit, Fault Timeout, Latched Fault, UVLO",,,Hot Swap Controller,2.97V ~ 16.5V
LTC1642CGN,Analog Devices Inc.,IC CONTROLLER HOTSWAP ADJ 16SSOP,linear-audio-amplifiers,0,0.0,"16-SSOP (0.154"", 3.90mm Width)",Surface Mount,Discontinued at DigiKey,https://www.analog.com/media/en/technical-documentation/data-sheets/1642fb.pdf,https://www.digikey.com/en/products/detail/analog-devices-inc/LTC1642CGN/287359,InfiniBand™,,1.25 mA,,,No,1,0°C ~ 70°C,"Auto Retry, Current Limit, Fault Timeout, Latched Fault, UVLO",,,Hot Swap Controller,2.97V ~ 16.5V
LTC1642CGN#PBF,Analog Devices Inc.,IC HOTSWAP CTR INFINIBAND 16SSOP,linear-audio-amplifiers,100,13.21,"16-SSOP (0.154"", 3.90mm Width)",Surface Mount,Active,https://www.analog.com/media/en/technical-documentation/data-sheets/1642fb.pdf,https://www.digikey.com/en/products/detail/analog-devices-inc/LTC1642CGN-PBF/891111,InfiniBand™,,1.25 mA,,,No,1,0°C ~ 70°C,"Auto Retry, Current Limit, Fault Timeout, Latched Fault, UVLO",,,Hot Swap Controller,2.97V ~ 16.5V
LTC1642CGN#TR,Analog Devices Inc.,IC CONTROLLER HOTSWAP ADJ 16SSOP,linear-audio-amplifiers,0,0.0,"16-SSOP (0.154"", 3.90mm Width)",Surface Mount,Discontinued at DigiKey,https://www.analog.com/media/en/technical-documentation/data-sheets/1642fb.pdf,https://www.digikey.com/en/products/detail/analog-devices-inc/LTC1642CGN-TR/692670,InfiniBand™,,1.25 mA,,,No,1,0°C ~ 70°C,"Auto Retry, Current Limit, Fault Timeout, Latched Fault, UVLO",,,Hot Swap Controller,2.97V ~ 16.5V
LTC1642CGN#TRPBF,Analog Devices Inc.,IC HOTSWAP CTR INFINIBAND 16SSOP,linear-audio-amplifiers,0,7.94548,"16-SSOP (0.154"", 3.90mm Width)",Surface Mount,Active,https://www.analog.com/media/en/technical-documentation/data-sheets/1642fb.pdf,https://www.digikey.com/en/products/detail/analog-devices-inc/LTC1642CGN-TRPBF/959869,InfiniBand™,,1.25 mA,,,No,1,0°C ~ 70°C,"Auto Retry, Current Limit, Fault Timeout, Latched Fault, UVLO",,,Hot Swap Controller,2.97V ~ 16.5V
LTC1642IGN,Analog Devices Inc.,IC CONTROLLER HOTSWAP ADJ 16SSOP,linear-audio-amplifiers,0,0.0,"16-SSOP (0.154"", 3.90mm Width)",Surface Mount,Obsolete,https://www.analog.com/media/en/technical-documentation/data-sheets/1642fb.pdf,https://www.digikey.com/en/products/detail/analog-devices-inc/LTC1642IGN/694780,InfiniBand™,,1.25 mA,,,No,1,-40°C ~ 85°C,"Auto Retry, Current Limit, Fault Timeout, Latched Fault, UVLO",,,Hot Swap Controller,2.97V ~ 16.5V
LTC1642IGN#PBF,Analog Devices Inc.,IC HOTSWAP CTR INFINIBAND 16SSOP,linear-audio-amplifiers,200,15.53,"16-SSOP (0.154"", 3.90mm Width)",Surface Mount,Active,https://www.analog.com/media/en/technical-documentation/data-sheets/1642fb.pdf,https://www.digikey.com/en/products/detail/analog-devices-inc/LTC1642IGN-PBF/961080,InfiniBand™,,1.25 mA,,,No,1,-40°C ~ 85°C,"Auto Retry, Current Limit, Fault Timeout, Latched Fault, UVLO",,,Hot Swap Controller,2.97V ~ 16.5V
LTC1642IGN#TR,Analog Devices Inc.,IC CONTROLLER HOTSWAP ADJ 16SSOP,linear-audio-amplifiers,0,0.0,"16-SSOP (0.154"", 3.90mm Width)",Surface Mount,Discontinued at DigiKey,https://www.analog.com/media/en/technical-documentation/data-sheets/1642fb.pdf,https://www.digikey.com/en/products/detail/analog-devices-inc/LTC1642IGN-TR/692619,InfiniBand™,,1.25 mA,,,No,1,-40°C ~ 85°C,"Auto Retry, Current Limit, Fault Timeout, Latched Fault, UVLO",,,Hot Swap Controller,2.97V ~ 16.5V
LTC1642IGN#TRPBF,Analog Devices Inc.,IC HOTSWAP CTR INFINIBAND 16SSOP,linear-audio-amplifiers,0,9.46576,"16-SSOP (0.154"", 3.90mm Width)",Surface Mount,Active,https://www.analog.com/media/en/technical-documentation/data-sheets/1642fb.pdf,https://www.digikey.com/en/products/detail/analog-devices-inc/LTC1642IGN-TRPBF/959840,InfiniBand™,,1.25 mA,,,No,1,-40°C ~ 85°C,"Auto Retry, Current Limit, Fault Timeout, Latched Fault, UVLO",,,Hot Swap Controller,2.97V ~ 16.5V
LTC1643AHCGN,Analog Devices Inc.,IC CTRLR HOTSWAP PCI BUS 16SSOP,linear-audio-amplifiers,0,0.0,"16-SSOP (0.154"", 3.90mm Width)",Surface Mount,Discontinued at DigiKey,https://www.analog.com/media/en/technical-documentation/data-sheets/1643afb.pdf,https://www.digikey.com/en/products/detail/analog-devices-inc/LTC1643AHCGN/694837,Motherboard,"200mA, 500mA",,"Latched Fault, Thermal Limit, UVLO",,Both,4,0°C ~ 70°C,"Current Limit, Fault Timeout, Slew Rate",,,Hot Swap Controller,"3.3V, 5V, ±12V"
LTC1643AHCGN#PBF,Analog Devices Inc.,IC HOT SWAP CTR MOTHERBRD 16SSOP,linear-audio-amplifiers,0,9.8294,"16-SSOP (0.154"", 3.90mm Width)",Surface Mount,Active,https://www.analog.com/media/en/technical-documentation/data-sheets/1643afb.pdf,https://www.digikey.com/en/products/detail/analog-devices-inc/LTC1643AHCGN-PBF/961115,Motherboard,"200mA, 500mA",,"Latched Fault, Thermal Limit, UVLO",,Both,4,0°C ~ 70°C,"Current Limit, Fault Timeout, Slew Rate",,,Hot Swap Controller,"3.3V, 5V, ±12V"
LTC1643AHCGN#TR,Analog Devices Inc.,IC CTRLR HOTSWAP PCI BUS 16SSOP,linear-audio-amplifiers,0,0.0,"16-SSOP (0.154"", 3.90mm Width)",Surface Mount,Discontinued at DigiKey,https://www.analog.com/media/en/technical-documentation/data-sheets/1643afb.pdf,https://www.digikey.com/en/products/detail/analog-devices-inc/LTC1643AHCGN-TR/692738,Motherboard,"200mA, 500mA",,"Latched Fault, Thermal Limit, UVLO",,Both,4,0°C ~ 70°C,"Current Limit, Fault Timeout, Slew Rate",,,Hot Swap Controller,"3.3V, 5V, ±12V"
LTC1643AHCGN#TRPBF,Analog Devices Inc.,IC HOT SWAP CTR MOTHERBRD 16SSOP,linear-audio-amplifiers,0,8.78006,"16-SSOP (0.154"", 3.90mm Width)",Surface Mount,Active,https://www.analog.com/media/en/technical-documentation/data-sheets/1643afb.pdf,https://www.digikey.com/en/products/detail/analog-devices-inc/LTC1643AHCGN-TRPBF/959453,Motherboard,"200mA, 500mA",,"Latched Fault, Thermal Limit, UVLO",,Both,4,0°C ~ 70°C,"Current Limit, Fault Timeout, Slew Rate",,,Hot Swap Controller,"3.3V, 5V, ±12V"
LTC1643AHIGN,Analog Devices Inc.,IC CTRLR HOTSWAP PCI BUS 16SSOP,linear-audio-amplifiers,0,0.0,"16-SSOP (0.154"", 3.90mm Width)",Surface Mount,Discontinued at DigiKey,https://www.analog.com/media/en/technical-documentation/data-sheets/1643afb.pdf,https://www.digikey.com/en/products/detail/analog-devices-inc/LTC1643AHIGN/694843,Motherboard,"200mA, 500mA",,"Latched Fault, Thermal Limit, UVLO",,Both,4,-40°C ~ 85°C,"Current Limit, Fault Timeout, Slew Rate",,,Hot Swap Controller,"3.3V, 5V, ±12V"
LTC1643AHIGN#PBF,Analog Devices Inc.,IC HOT SWAP CTR MOTHERBRD 16SSOP,linear-audio-amplifiers,0,16.31,"16-SSOP (0.154"", 3.90mm Width)",Surface Mount,Active,https://www.analog.com/media/en/technical-documentation/data-sheets/1643afb.pdf,https://www.digikey.com/en/products/detail/analog-devices-inc/LTC1643AHIGN-PBF/961025,Motherboard,"200mA, 500mA",,"Latched Fault, Thermal Limit, UVLO",,Both,4,-40°C ~ 85°C,"Current Limit, Fault Timeout, Slew Rate",,,Hot Swap Controller,"3.3V, 5V, ±12V"
LTC1643AHIGN#TR,Analog Devices Inc.,IC CTRLR HOTSWAP PCI BUS 16SSOP,linear-audio-amplifiers,0,0.0,"16-SSOP (0.154"", 3.90mm Width)",Surface Mount,Discontinued at DigiKey,https://www.analog.com/media/en/technical-documentation/data-sheets/1643afb.pdf,https://www.digikey.com/en/products/detail/analog-devices-inc/LTC1643AHIGN-TR/692716,Motherboard,"200mA, 500mA",,"Latched Fault, Thermal Limit, UVLO",,Both,4,-40°C ~ 85°C,"Current Limit, Fault Timeout, Slew Rate",,,Hot Swap Controller,"3.3V, 5V, ±12V"
LTC1643AHIGN#TRPBF,Analog Devices Inc.,IC HOT SWAP CTR MOTHERBRD 16SSOP,linear-audio-amplifiers,0,9.97625,"16-SSOP (0.154"", 3.90mm Width)",Surface Mount,Active,https://www.analog.com/media/en/technical-documentation/data-sheets/1643afb.pdf,https://www.digikey.com/en/products/detail/analog-devices-inc/LTC1643AHIGN-TRPBF/959639,Motherboard,"200mA, 500mA",,"Latched Fault, Thermal Limit, UVLO",,Both,4,-40°C ~ 85°C,"Current Limit, Fault Timeout, Slew Rate",,,Hot Swap Controller,"3.3V, 5V, ±12V"
LTC1643AL-1CGN,Analog Devices Inc.,IC CTRLR HOTSWAP PCI BUS 16SSOP,linear-audio-amplifiers,0,0.0,"16-SSOP (0.154"", 3.90mm Width)",Surface Mount,Discontinued at DigiKey,https://www.analog.com/media/en/technical-documentation/data-sheets/1643afb.pdf,https://www.digikey.com/en/products/detail/analog-devices-inc/LTC1643AL-1CGN/694841,CompactPCI™,"200mA, 500mA",,"Latched Fault, Thermal Limit, UVLO",,Both,4,0°C ~ 70°C,"Current Limit, Fault Timeout, Slew Rate",,,Hot Swap Controller,"3.3V, 5V, ±12V"
LTC1643AL-1CGN#PBF,Analog Devices Inc.,IC HOT SWAP CTRLR PCI 16SSOP,linear-audio-amplifiers,38,14.49,"16-SSOP (0.154"", 3.90mm Width)",Surface Mount,Active,https://www.analog.com/media/en/technical-documentation/data-sheets/1643afb.pdf,https://www.digikey.com/en/products/detail/analog-devices-inc/LTC1643AL-1CGN-PBF/961000,CompactPCI™,"200mA, 500mA",,"Latched Fault, Thermal Limit, UVLO",,Both,4,0°C ~ 70°C,"Current Limit, Fault Timeout, Slew Rate",,,Hot Swap Controller,"3.3V, 5V, ±12V"
LTC1643AL-1CGN#TR,Analog Devices Inc.,IC CTRLR HOTSWAP PCI BUS 16SSOP,linear-audio-amplifiers,0,0.0,"16-SSOP (0.154"", 3.90mm Width)",Surface Mount,Discontinued at DigiKey,https://www.analog.com/media/en/technical-documentation/data-sheets/1643afb.pdf,https://www.digikey.com/en/products/detail/analog-devices-inc/LTC1643AL-1CGN-TR/692739,CompactPCI™,"200mA, 500mA",,"Latched Fault, Thermal Limit, UVLO",,Both,4,0°C ~ 70°C,"Current Limit, Fault Timeout, Slew Rate",,,Hot Swap Controller,"3.3V, 5V, ±12V"
LTC1643AL-1CGN#TRPBF,Analog Devices Inc.,IC HOT SWAP CTRLR PCI 16SSOP,linear-audio-amplifiers,0,8.78006,"16-SSOP (0.154"", 3.90mm Width)",Surface Mount,Active,https://www.analog.com/media/en/technical-documentation/data-sheets/1643afb.pdf,https://www.digikey.com/en/products/detail/analog-devices-inc/LTC1643AL-1CGN-TRPBF/959835,CompactPCI™,"200mA, 500mA",,"Latched Fault, Thermal Limit, UVLO",,Both,4,0°C ~ 70°C,"Current Limit, Fault Timeout, Slew Rate",,,Hot Swap Controller,"3.3V, 5V, ±12V"
LTC1643AL-1IGN,Analog Devices Inc.,IC CTRLR HOTSWAP PCI BUS 16SSOP,linear-audio-amplifiers,0,0.0,"16-SSOP (0.154"", 3.90mm Width)",Surface Mount,Discontinued at DigiKey,https://www.analog.com/media/en/technical-documentation/data-sheets/1643afb.pdf,https://www.digikey.com/en/products/detail/analog-devices-inc/LTC1643AL-1IGN/694844,CompactPCI™,"200mA, 500mA",,"Latched Fault, Thermal Limit, UVLO",,Both,4,-40°C ~ 85°C,"Current Limit, Fault Timeout, Slew Rate",,,Hot Swap Controller,"3.3V, 5V, ±12V"
LTC1643AL-1IGN#PBF,Analog Devices Inc.,IC HOT SWAP CTRLR PCI 16SSOP,linear-audio-amplifiers,43,16.31,"16-SSOP (0.154"", 3.90mm Width)",Surface Mount,Active,https://www.analog.com/media/en/technical-documentation/data-sheets/1643afb.pdf,https://www.digikey.com/en/products/detail/analog-devices-inc/LTC1643AL-1IGN-PBF/961008,CompactPCI™,"200mA, 500mA",,"Latched Fault, Thermal Limit, UVLO",,Both,4,-40°C ~ 85°C,"Current Limit, Fault Timeout, Slew Rate",,,Hot Swap Controller,"3.3V, 5V, ±12V"
LTC1643AL-1IGN#TR,Analog Devices Inc.,IC CTRLR HOTSWAP PCI BUS 16SSOP,linear-audio-amplifiers,0,0.0,"16-SSOP (0.154"", 3.90mm Width)",Surface Mount,Discontinued at DigiKey,https://www.analog.com/media/en/technical-documentation/data-sheets/1643afb.pdf,https://www.digikey.com/en/products/detail/analog-devices-inc/LTC1643AL-1IGN-TR/692717,CompactPCI™,"200mA, 500mA",,"Latched Fault, Thermal Limit, UVLO",,Both,4,-40°C ~ 85°C,"Current Limit, Fault Timeout, Slew Rate",,,Hot Swap Controller,"3.3V, 5V, ±12V"
LTC1643AL-1IGN#TRPBF,Analog Devices Inc.,IC HOT SWAP CTRLR PCI 16SSOP,linear-audio-amplifiers,0,9.97625,"16-SSOP (0.154"", 3.90mm Width)",Surface Mount,Active,https://www.analog.com/media/en/technical-documentation/data-sheets/1643afb.pdf,https://www.digikey.com/en/products/detail/analog-devices-inc/LTC1643AL-1IGN-TRPBF/959740,CompactPCI™,"200mA, 500mA",,"Latched Fault, Thermal Limit, UVLO",,Both,4,-40°C ~ 85°C,"Current Limit, Fault Timeout, Slew Rate",,,Hot Swap Controller,"3.3V, 5V, ±12V"
LTC1643ALCGN,Analog Devices Inc.,IC CTRLR HOTSWAP PCIBUS 16-SSOP,linear-audio-amplifiers,0,0.0,"16-SSOP (0.154"", 3.90mm Width)",Surface Mount,Discontinued at DigiKey,https://www.analog.com/media/en/technical-documentation/data-sheets/1643afb.pdf,https://www.digikey.com/en/products/detail/analog-devices-inc/LTC1643ALCGN/593366,CompactPCI™,"200mA, 500mA",,"Latched Fault, Thermal Limit, UVLO",,Both,4,0°C ~ 70°C,"Current Limit, Fault Timeout, Slew Rate",,,Hot Swap Controller,"3.3V, 5V, ±12V"
LTC1643ALCGN#PBF,Analog Devices Inc.,IC HOT SWAP CTRLR PCI 16SSOP,linear-audio-amplifiers,169,14.49,"16-SSOP (0.154"", 3.90mm Width)",Surface Mount,Active,https://www.analog.com/media/en/technical-documentation/data-sheets/1643afb.pdf,https://www.digikey.com/en/products/detail/analog-devices-inc/LTC1643ALCGN-PBF/890334,CompactPCI™,"200mA, 500mA",,"Latched Fault, Thermal Limit, UVLO",,Both,4,0°C ~ 70°C,"Current Limit, Fault Timeout, Slew Rate",,,Hot Swap Controller,"3.3V, 5V, ±12V"
LTC1643ALCGN#TR,Analog Devices Inc.,IC CTRLR HOTSWAP PCI BUS 16SSOP,linear-audio-amplifiers,0,0.0,"16-SSOP (0.154"", 3.90mm Width)",Surface Mount,Discontinued at DigiKey,https://www.analog.com/media/en/technical-documentation/data-sheets/1643afb.pdf,https://www.digikey.com/en/products/detail/analog-devices-inc/LTC1643ALCGN-TR/692741,CompactPCI™,"200mA, 500mA",,"Latched Fault, Thermal Limit, UVLO",,Both,4,0°C ~ 70°C,"Current Limit, Fault Timeout, Slew Rate",,,Hot Swap Controller,"3.3V, 5V, ±12V"
LTC1643ALCGN#TRPBF,Analog Devices Inc.,IC HOT SWAP CTRLR PCI 16SSOP,linear-audio-amplifiers,0,8.78006,"16-SSOP (0.154"", 3.90mm Width)",Surface Mount,Active,https://www.analog.com/media/en/technical-documentation/data-sheets/1643afb.pdf,https://www.digikey.com/en/products/detail/analog-devices-inc/LTC1643ALCGN-TRPBF/959849,CompactPCI™,"200mA, 500mA",,"Latched Fault, Thermal Limit, UVLO",,Both,4,0°C ~ 70°C,"Current Limit, Fault Timeout, Slew Rate",,,Hot Swap Controller,"3.3V, 5V, ±12V"
LTC1643ALIGN,Analog Devices Inc.,IC CTRLR HOTSWAP PCI BUS 16SSOP,linear-audio-amplifiers,0,0.0,"16-SSOP (0.154"", 3.90mm Width)",Surface Mount,Discontinued at DigiKey,https://www.analog.com/media/en/technical-documentation/data-sheets/1643afb.pdf,https://www.digikey.com/en/products/detail/analog-devices-inc/LTC1643ALIGN/694840,CompactPCI™,"200mA, 500mA",,"Latched Fault, Thermal Limit, UVLO",,Both,4,-40°C ~ 85°C,"Current Limit, Fault Timeout, Slew Rate",,,Hot Swap Controller,"3.3V, 5V, ±12V"
LTC1643ALIGN#PBF,Analog Devices Inc.,IC HOT SWAP CTRLR PCI 16SSOP,linear-audio-amplifiers,32,16.31,"16-SSOP (0.154"", 3.90mm Width)",Surface Mount,Active,https://www.analog.com/media/en/technical-documentation/data-sheets/1643afb.pdf,https://www.digikey.com/en/products/detail/analog-devices-inc/LTC1643ALIGN-PBF/961043,CompactPCI™,"200mA, 500mA",,"Latched Fault, Thermal Limit, UVLO",,Both,4,-40°C ~ 85°C,"Current Limit, Fault Timeout, Slew Rate",,,Hot Swap Controller,"3.3V, 5V, ±12V"
LTC1643ALIGN#TR,Analog Devices Inc.,IC CTRLR HOTSWAP PCI BUS 16SSOP,linear-audio-amplifiers,0,0.0,"16-SSOP (0.154"", 3.90mm Width)",Surface Mount,Discontinued at DigiKey,https://www.analog.com/media/en/technical-documentation/data-sheets/1643afb.pdf,https://www.digikey.com/en/products/detail/analog-devices-inc/LTC1643ALIGN-TR/692715,CompactPCI™,"200mA, 500mA",,"Latched Fault, Thermal Limit, UVLO",,Both,4,-40°C ~ 85°C,"Current Limit, Fault Timeout, Slew Rate",,,Hot Swap Controller,"3.3V, 5V, ±12V"
LTC1643ALIGN#TRPBF,Analog Devices Inc.,IC HOT SWAP CTRLR PCI 16SSOP,linear-audio-amplifiers,0,9.97625,"16-SSOP (0.154"", 3.90mm Width)",Surface Mount,Active,https://www.analog.com/media/en/technical-documentation/data-sheets/1643afb.pdf,https://www.digikey.com/en/products/detail/analog-devices-inc/LTC1643ALIGN-TRPBF/959564,CompactPCI™,"200mA, 500mA",,"Latched Fault, Thermal Limit, UVLO",,Both,4,-40°C ~ 85°C,"Current Limit, Fault Timeout, Slew Rate",,,Hot Swap Controller,"3.3V, 5V, ±12V"
LTC1643HCGN,Analog Devices Inc.,IC HOT SWAP CTRLR PCI 16SSOP,linear-audio-amplifiers,0,4.85663,"16-SSOP (0.154"", 3.90mm Width)",Surface Mount,Obsolete,https://www.analog.com/media/en/technical-documentation/data-sheets/1643fa.pdf,https://www.digikey.com/en/products/detail/analog-devices-inc/LTC1643HCGN/274696,CompactPCI™,,,,,No,,0°C ~ 70°C,,,,Hot-Swap Controller,"3.3V, 5V, ±12V"
LTC1643HIGN,Analog Devices Inc.,IC HOT SWAP CTRLR PCI 16SSOP,linear-audio-amplifiers,0,0.0,"16-SSOP (0.154"", 3.90mm Width)",Surface Mount,Obsolete,https://www.analog.com/media/en/technical-documentation/data-sheets/1643fa.pdf,https://www.digikey.com/en/products/detail/analog-devices-inc/LTC1643HIGN/297397,CompactPCI™,,,,,No,,-40°C ~ 85°C,,,,Hot-Swap Controller,"3.3V, 5V, ±12V"
LTC1643LCGN,Analog Devices Inc.,IC HOT SWAP CTRLR PCI 16SSOP,linear-audio-amplifiers,0,4.85663,"16-SSOP (0.154"", 3.90mm Width)",Surface Mount,Obsolete,https://www.analog.com/media/en/technical-documentation/data-sheets/1643fa.pdf,https://www.digikey.com/en/products/detail/analog-devices-inc/LTC1643LCGN/274697,CompactPCI™,,,,,No,,0°C ~ 70°C,,,,Hot-Swap Controller,"3.3V, 5V, ±12V"
LTC1643LIGN,Analog Devices Inc.,IC HOT SWAP CTRLR PCI 16SSOP,linear-audio-amplifiers,0,0.0,"16-SSOP (0.154"", 3.90mm Width)",Surface Mount,Obsolete,https://www.analog.com/media/en/technical-documentation/data-sheets/1643fa.pdf,https://www.digikey.com/en/products/detail/analog-devices-inc/LTC1643LIGN/297398,CompactPCI™,,,,,No,,-40°C ~ 85°C,,,,Hot-Swap Controller,"3.3V, 5V, ±12V"
LTC1644CGN,Analog Devices Inc.,IC CONTROLLER HOT SWAP 20-SSOP,linear-audio-amplifiers,0,0.0,"20-SSOP (0.154"", 3.90mm Width)",Surface Mount,Discontinued at DigiKey,https://www.analog.com/media/en/technical-documentation/data-sheets/1644f.pdf,https://www.digikey.com/en/products/detail/analog-devices-inc/LTC1644CGN/455859,CompactPCI™,"100mA, 500mA",,"Latched Fault, Thermal Limit, UVLO",,Both,4,0°C ~ 70°C,"Current Limit, Fault Timeout",,,Hot Swap Controller,"3.3V, 5V, ±12V"
LTC1644CGN#PBF,Analog Devices Inc.,IC HOT SWAP CTRLR PCI 20SSOP,linear-audio-amplifiers,55,11.54,"20-SSOP (0.154"", 3.90mm Width)",Surface Mount,Active,https://www.analog.com/media/en/technical-documentation/data-sheets/1644f.pdf,https://www.digikey.com/en/products/detail/analog-devices-inc/LTC1644CGN-PBF/891660,CompactPCI™,"100mA, 500mA",,"Latched Fault, Thermal Limit, UVLO",,Both,4,0°C ~ 70°C,"Current Limit, Fault Timeout",,,Hot Swap Controller,"3.3V, 5V, ±12V"
LTC1644CGN#TR,Analog Devices Inc.,IC CONTROLLER HOT SWAP 20-SSOP,linear-audio-amplifiers,0,0.0,"20-SSOP (0.154"", 3.90mm Width)",Surface Mount,Discontinued at DigiKey,https://www.analog.com/media/en/technical-documentation/data-sheets/1644f.pdf,https://www.digikey.com/en/products/detail/analog-devices-inc/LTC1644CGN-TR/456540,CompactPCI™,"100mA, 500mA",,"Latched Fault, Thermal Limit, UVLO",,Both,4,0°C ~ 70°C,"Current Limit, Fault Timeout",,,Hot Swap Controller,"3.3V, 5V, ±12V"
LTC1644CGN#TRPBF,Analog Devices Inc.,IC HOT SWAP CTRLR PCI 20SSOP,linear-audio-amplifiers,0,6.8668,"20-SSOP (0.154"", 3.90mm Width)",Surface Mount,Active,https://www.analog.com/media/en/technical-documentation/data-sheets/1644f.pdf,https://www.digikey.com/en/products/detail/analog-devices-inc/LTC1644CGN-TRPBF/958312,CompactPCI™,"100mA, 500mA",,"Latched Fault, Thermal Limit, UVLO",,Both,4,0°C ~ 70°C,"Current Limit, Fault Timeout",,,Hot Swap Controller,"3.3V, 5V, ±12V"
LTC1644IGN,Analog Devices Inc.,IC CONTROLLER HOT SWAP 20-SSOP,linear-audio-amplifiers,0,0.0,"20-SSOP (0.154"", 3.90mm Width)",Surface Mount,Discontinued at DigiKey,https://www.analog.com/media/en/technical-documentation/data-sheets/1644f.pdf,https://www.digikey.com/en/products/detail/analog-devices-inc/LTC1644IGN/456613,CompactPCI™,"100mA, 500mA",,"Latched Fault, Thermal Limit, UVLO",,Both,4,-40°C ~ 85°C,"Current Limit, Fault Timeout",,,Hot Swap Controller,"3.3V, 5V, ±12V"
LTC1644IGN#PBF,Analog Devices Inc.,IC HOT SWAP CTRLR PCI 20SSOP,linear-audio-amplifiers,0,13.13,"20-SSOP (0.154"", 3.90mm Width)",Surface Mount,Active,https://www.analog.com/media/en/technical-documentation/data-sheets/1644f.pdf,https://www.digikey.com/en/products/detail/analog-devices-inc/LTC1644IGN-PBF/963398,CompactPCI™,"100mA, 500mA",,"Latched Fault, Thermal Limit, UVLO",,Both,4,-40°C ~ 85°C,"Current Limit, Fault Timeout",,,Hot Swap Controller,"3.3V, 5V, ±12V"
LTC1644IGN#TR,Analog Devices Inc.,IC CONTROLLER HOT SWAP 20-SSOP,linear-audio-amplifiers,0,0.0,"20-SSOP (0.154"", 3.90mm Width)",Surface Mount,Discontinued at DigiKey,https://www.analog.com/media/en/technical-documentation/data-sheets/1644f.pdf,https://www.digikey.com/en/products/detail/analog-devices-inc/LTC1644IGN-TR/456538,CompactPCI™,"100mA, 500mA",,"Latched Fault, Thermal Limit, UVLO",,Both,4,-40°C ~ 85°C,"Current Limit, Fault Timeout",,,Hot Swap Controller,"3.3V, 5V, ±12V"
LTC1644IGN#TRPBF,Analog Devices Inc.,IC HOT SWAP CTRLR PCI 20SSOP,linear-audio-amplifiers,0,7.8916,"20-SSOP (0.154"", 3.90mm Width)",Surface Mount,Active,https://www.analog.com/media/en/technical-documentation/data-sheets/1644f.pdf,https://www.digikey.com/en/products/detail/analog-devices-inc/LTC1644IGN-TRPBF/958519,CompactPCI™,"100mA, 500mA",,"Latched Fault, Thermal Limit, UVLO",,Both,4,-40°C ~ 85°C,"Current Limit, Fault Timeout",,,Hot Swap Controller,"3.3V, 5V, ±12V"
LTC1645CS,Analog Devices Inc.,IC CTRLR SEQ HOTSWAP DUAL 14SOIC,linear-audio-amplifiers,0,0.0,"14-SOIC (0.154"", 3.90mm Width)",Surface Mount,Discontinued at DigiKey,https://www.analog.com/media/en/technical-documentation/data-sheets/1645fa.pdf,https://www.digikey.com/en/products/detail/analog-devices-inc/LTC1645CS/694810,General Purpose,,1.1 mA,UVLO,,No,2,0°C ~ 70°C,"Auto Retry, Circuit Breaker, Fault Timeout, Latched Fault, Slew Rate",,,"Hot Swap Controller, Sequencer",1.2V ~ 12V
LTC1645CS#PBF,Analog Devices Inc.,IC HOT SWAP CTRLR GP 14SOIC,linear-audio-amplifiers,63,12.5,"14-SOIC (0.154"", 3.90mm Width)",Surface Mount,Active,https://www.analog.com/media/en/technical-documentation/data-sheets/1645fa.pdf,https://www.digikey.com/en/products/detail/analog-devices-inc/LTC1645CS-PBF/963307,General Purpose,,1.1 mA,UVLO,,No,2,0°C ~ 70°C,"Auto Retry, Circuit Breaker, Fault Timeout, Latched Fault, Slew Rate",,,"Hot Swap Controller, Sequencer",1.2V ~ 12V
LTC1645CS#TR,Analog Devices Inc.,IC CTRLR SEQ HOTSWAP DUAL 14SOIC,linear-audio-amplifiers,0,0.0,"14-SOIC (0.154"", 3.90mm Width)",Surface Mount,Discontinued at DigiKey,https://www.analog.com/media/en/technical-documentation/data-sheets/1645fa.pdf,https://www.digikey.com/en/products/detail/analog-devices-inc/LTC1645CS-TR/692625,General Purpose,,1.1 mA,UVLO,,No,2,0°C ~ 70°C,"Auto Retry, Circuit Breaker, Fault Timeout, Latched Fault, Slew Rate",,,"Hot Swap Controller, Sequencer",1.2V ~ 12V
LTC1645CS#TRPBF,Analog Devices Inc.,IC HOT SWAP CTRLR GP 14SOIC,linear-audio-amplifiers,0,7.4873,"14-SOIC (0.154"", 3.90mm Width)",Surface Mount,Active,https://www.analog.com/media/en/technical-documentation/data-sheets/1645fa.pdf,https://www.digikey.com/en/products/detail/analog-devices-inc/LTC1645CS-TRPBF/959952,General Purpose,,1.1 mA,UVLO,,No,2,0°C ~ 70°C,"Auto Retry, Circuit Breaker, Fault Timeout, Latched Fault, Slew Rate",,,"Hot Swap Controller, Sequencer",1.2V ~ 12V
LTC1645CS8,Analog Devices Inc.,IC CTRLR SEQ HOTSWAP DUAL 8SOIC,linear-audio-amplifiers,0,0.0,"8-SOIC (0.154"", 3.90mm Width)",Surface Mount,Discontinued at DigiKey,https://www.analog.com/media/en/technical-documentation/data-sheets/1645fa.pdf,https://www.digikey.com/en/products/detail/analog-devices-inc/LTC1645CS8/694864,General Purpose,,1.1 mA,"Latched Fault, UVLO",,No,2,0°C ~ 70°C,"Circuit Breaker, Slew Rate",,,"Hot Swap Controller, Sequencer",1.2V ~ 12V
LTC1645CS8#PBF,Analog Devices Inc.,IC HOT SWAP CTRLR GP 8SOIC,linear-audio-amplifiers,85,11.33,"8-SOIC (0.154"", 3.90mm Width)",Surface Mount,Active,https://www.analog.com/media/en/technical-documentation/data-sheets/1645fa.pdf,https://www.digikey.com/en/products/detail/analog-devices-inc/LTC1645CS8-PBF/962854,General Purpose,,1.1 mA,"Latched Fault, UVLO",,No,2,0°C ~ 70°C,"Circuit Breaker, Slew Rate",,,"Hot Swap Controller, Sequencer",1.2V ~ 12V
LTC1645CS8#TR,Analog Devices Inc.,IC CTRLR SEQ HOTSWAP DUAL 8SOIC,linear-audio-amplifiers,0,0.0,"8-SOIC (0.154"", 3.90mm Width)",Surface Mount,Discontinued at DigiKey,https://www.analog.com/media/en/technical-documentation/data-sheets/1645fa.pdf,https://www.digikey.com/en/products/detail/analog-devices-inc/LTC1645CS8-TR/692639,General Purpose,,1.1 mA,"Latched Fault, UVLO",,No,2,0°C ~ 70°C,"Circuit Breaker, Slew Rate",,,"Hot Swap Controller, Sequencer",1.2V ~ 12V
LTC1645CS8#TRPBF,Analog Devices Inc.,IC HOT SWAP CTRLR GP 8SOIC,linear-audio-amplifiers,0,6.73182,"8-SOIC (0.154"", 3.90mm Width)",Surface Mount,Active,https://www.analog.com/media/en/technical-documentation/data-sheets/1645fa.pdf,https://www.digikey.com/en/products/detail/analog-devices-inc/LTC1645CS8-TRPBF/958453,General Purpose,,1.1 mA,"Latched Fault, UVLO",,No,2,0°C ~ 70°C,"Circuit Breaker, Slew Rate",,,"Hot Swap Controller, Sequencer",1.2V ~ 12V
LTC1645IS,Analog Devices Inc.,IC CTRLR SEQ HOTSWAP DUAL 14SOIC,linear-audio-amplifiers,0,0.0,"14-SOIC (0.154"", 3.90mm Width)",Surface Mount,Obsolete,https://www.analog.com/media/en/technical-documentation/data-sheets/1645fa.pdf,https://www.digikey.com/en/products/detail/analog-devices-inc/LTC1645IS/694847,General Purpose,,1.1 mA,UVLO,,No,2,-40°C ~ 85°C,"Auto Retry, Circuit Breaker, Fault Timeout, Latched Fault, Slew Rate",,,"Hot Swap Controller, Sequencer",1.2V ~ 12V
LTC1645IS#PBF,Analog Devices Inc.,IC HOT SWAP CTRLR GP 14SOIC,linear-audio-amplifiers,215,14.2,"14-SOIC (0.154"", 3.90mm Width)",Surface Mount,Active,https://www.analog.com/media/en/technical-documentation/data-sheets/1645fa.pdf,https://www.digikey.com/en/products/detail/analog-devices-inc/LTC1645IS-PBF/963400,General Purpose,,1.1 mA,UVLO,,No,2,-40°C ~ 85°C,"Auto Retry, Circuit Breaker, Fault Timeout, Latched Fault, Slew Rate",,,"Hot Swap Controller, Sequencer",1.2V ~ 12V
LTC1645IS#TR,Analog Devices Inc.,IC CTRLR SEQ HOTSWAP DUAL 14SOIC,linear-audio-amplifiers,0,0.0,"14-SOIC (0.154"", 3.90mm Width)",Surface Mount,Discontinued at DigiKey,https://www.analog.com/media/en/technical-documentation/data-sheets/1645fa.pdf,https://www.digikey.com/en/products/detail/analog-devices-inc/LTC1645IS-TR/692660,General Purpose,,1.1 mA,UVLO,,No,2,-40°C ~ 85°C,"Auto Retry, Circuit Breaker, Fault Timeout, Latched Fault, Slew Rate",,,"Hot Swap Controller, Sequencer",1.2V ~ 12V
LTC1645IS#TRPBF,Analog Devices Inc.,IC HOT SWAP CTRLR GP 14SOIC,linear-audio-amplifiers,0,8.59173,"14-SOIC (0.154"", 3.90mm Width)",Surface Mount,Active,https://www.analog.com/media/en/technical-documentation/data-sheets/1645fa.pdf,https://www.digikey.com/en/products/detail/analog-devices-inc/LTC1645IS-TRPBF/958765,General Purpose,,1.1 mA,UVLO,,No,2,-40°C ~ 85°C,"Auto Retry, Circuit Breaker, Fault Timeout, Latched Fault, Slew Rate",,,"Hot Swap Controller, Sequencer",1.2V ~ 12V
LTC1645IS8,Analog Devices Inc.,IC CTRLR SEQ HOTSWAP DUAL 8SOIC,linear-audio-amplifiers,0,0.0,"8-SOIC (0.154"", 3.90mm Width)",Surface Mount,Obsolete,https://www.analog.com/media/en/technical-documentation/data-sheets/1645fa.pdf,https://www.digikey.com/en/products/detail/analog-devices-inc/LTC1645IS8/694856,General Purpose,,1.1 mA,"Latched Fault, UVLO",,No,2,-40°C ~ 85°C,"Circuit Breaker, Slew Rate",,,"Hot Swap Controller, Sequencer",1.2V ~ 12V
LTC1645IS8#PBF,Analog Devices Inc.,IC HOT SWAP CTRLR GP 8SOIC,linear-audio-amplifiers,100,12.88,"8-SOIC (0.154"", 3.90mm Width)",Surface Mount,Active,https://www.analog.com/media/en/technical-documentation/data-sheets/1645fa.pdf,https://www.digikey.com/en/products/detail/analog-devices-inc/LTC1645IS8-PBF/961312,General Purpose,,1.1 mA,"Latched Fault, UVLO",,No,2,-40°C ~ 85°C,"Circuit Breaker, Slew Rate",,,"Hot Swap Controller, Sequencer",1.2V ~ 12V
LTC1645IS8#TR,Analog Devices Inc.,IC CTRLR SEQ HOTSWAP DUAL 8SOIC,linear-audio-amplifiers,0,0.0,"8-SOIC (0.154"", 3.90mm Width)",Surface Mount,Discontinued at DigiKey,https://www.analog.com/media/en/technical-documentation/data-sheets/1645fa.pdf,https://www.digikey.com/en/products/detail/analog-devices-inc/LTC1645IS8-TR/692733,General Purpose,,1.1 mA,"Latched Fault, UVLO",,No,2,-40°C ~ 85°C,"Circuit Breaker, Slew Rate",,,"Hot Swap Controller, Sequencer",1.2V ~ 12V
LTC1645IS8#TRPBF,Analog Devices Inc.,IC HOT SWAP CTRLR GP 8SOIC,linear-audio-amplifiers,0,7.7299,"8-SOIC (0.154"", 3.90mm Width)",Surface Mount,Active,https://www.analog.com/media/en/technical-documentation/data-sheets/1645fa.pdf,https://www.digikey.com/en/products/detail/analog-devices-inc/LTC1645IS8-TRPBF/959342,General Purpose,,1.1 mA,"Latched Fault, UVLO",,No,2,-40°C ~ 85°C,"Circuit Breaker, Slew Rate",,,"Hot Swap Controller, Sequencer",1.2V ~ 12V
LTC1646CGN,Analog Devices Inc.,IC CNTRLR HOTSWAP PCIDUAL 16SSOP,linear-audio-amplifiers,0,0.0,"16-SSOP (0.154"", 3.90mm Width)",Surface Mount,Discontinued at DigiKey,https://www.analog.com/media/en/technical-documentation/data-sheets/1646fa.pdf,https://www.digikey.com/en/products/detail/analog-devices-inc/LTC1646CGN/367978,CompactPCI™,,1.5 mA,"Latched Fault, UVLO",,No,2,0°C ~ 70°C,"Circuit Breaker, Current Limit, Fault Timeout, Slew Rate",,,Hot Swap Controller,"3.3V, 5V"
LTC1646CGN#PBF,Analog Devices Inc.,IC HOT SWAP CTRLR PCI 16SSOP,linear-audio-amplifiers,37,11.33,"16-SSOP (0.154"", 3.90mm Width)",Surface Mount,Active,https://www.analog.com/media/en/technical-documentation/data-sheets/1646fa.pdf,https://www.digikey.com/en/products/detail/analog-devices-inc/LTC1646CGN-PBF/888787,CompactPCI™,,1.5 mA,"Latched Fault, UVLO",,No,2,0°C ~ 70°C,"Circuit Breaker, Current Limit, Fault Timeout, Slew Rate",,,Hot Swap Controller,"3.3V, 5V"
LTC1646CGN#TR,Analog Devices Inc.,IC CNTRLR HOTSWAP PCIDUAL 16SSOP,linear-audio-amplifiers,0,0.0,"16-SSOP (0.154"", 3.90mm Width)",Surface Mount,Discontinued at DigiKey,https://www.analog.com/media/en/technical-documentation/data-sheets/1646fa.pdf,https://www.digikey.com/en/products/detail/analog-devices-inc/LTC1646CGN-TR/372083,CompactPCI™,,1.5 mA,"Latched Fault, UVLO",,No,2,0°C ~ 70°C,"Circuit Breaker, Current Limit, Fault Timeout, Slew Rate",,,Hot Swap Controller,"3.3V, 5V"
LTC1646CGN#TRPBF,Analog Devices Inc.,IC HOT SWAP CTRLR PCI 16SSOP,linear-audio-amplifiers,0,6.73182,"16-SSOP (0.154"", 3.90mm Width)",Surface Mount,Active,https://www.analog.com/media/en/technical-documentation/data-sheets/1646fa.pdf,https://www.digikey.com/en/products/detail/analog-devices-inc/LTC1646CGN-TRPBF/959346,CompactPCI™,,1.5 mA,"Latched Fault, UVLO",,No,2,0°C ~ 70°C,"Circuit Breaker, Current Limit, Fault Timeout, Slew Rate",,,Hot Swap Controller,"3.3V, 5V"
LTC1646IGN,Analog Devices Inc.,IC CNTRLR HOTSWAP PCIDUAL 16SSOP,linear-audio-amplifiers,0,0.0,"16-SSOP (0.154"", 3.90mm Width)",Surface Mount,Discontinued at DigiKey,https://www.analog.com/media/en/technical-documentation/data-sheets/1646fa.pdf,https://www.digikey.com/en/products/detail/analog-devices-inc/LTC1646IGN/367979,CompactPCI™,,1.5 mA,"Latched Fault, UVLO",,No,2,-40°C ~ 85°C,"Circuit Breaker, Current Limit, Fault Timeout, Slew Rate",,,Hot Swap Controller,"3.3V, 5V"
LTC1646IGN#PBF,Analog Devices Inc.,IC HOT SWAP CTRLR PCI 16SSOP,linear-audio-amplifiers,990,12.79,"16-SSOP (0.154"", 3.90mm Width)",Surface Mount,Active,https://www.analog.com/media/en/technical-documentation/data-sheets/1646fa.pdf,https://www.digikey.com/en/products/detail/analog-devices-inc/LTC1646IGN-PBF/889662,CompactPCI™,,1.5 mA,"Latched Fault, UVLO",,No,2,-40°C ~ 85°C,"Circuit Breaker, Current Limit, Fault Timeout, Slew Rate",,,Hot Swap Controller,"3.3V, 5V"
LTC1646IGN#TR,Analog Devices Inc.,IC CNTRLR HOTSWAP PCIDUAL 16SSOP,linear-audio-amplifiers,0,0.0,"16-SSOP (0.154"", 3.90mm Width)",Surface Mount,Discontinued at DigiKey,https://www.analog.com/media/en/technical-documentation/data-sheets/1646fa.pdf,https://www.digikey.com/en/products/detail/analog-devices-inc/LTC1646IGN-TR/372084,CompactPCI™,,1.5 mA,"Latched Fault, UVLO",,No,2,-40°C ~ 85°C,"Circuit Breaker, Current Limit, Fault Timeout, Slew Rate",,,Hot Swap Controller,"3.3V, 5V"
LTC1646IGN#TRPBF,Analog Devices Inc.,IC HOT SWAP CTRLR PCI 16SSOP,linear-audio-amplifiers,0,7.67603,"16-SSOP (0.154"", 3.90mm Width)",Surface Mount,Active,https://www.analog.com/media/en/technical-documentation/data-sheets/1646fa.pdf,https://www.digikey.com/en/products/detail/analog-devices-inc/LTC1646IGN-TRPBF/958772,CompactPCI™,,1.5 mA,"Latched Fault, UVLO",,No,2,-40°C ~ 85°C,"Circuit Breaker, Current Limit, Fault Timeout, Slew Rate",,,Hot Swap Controller,"3.3V, 5V"
LTC1647-1CS8,Analog Devices Inc.,IC CONTROLLR HOTSWAP DUAL 8-SOIC,linear-audio-amplifiers,0,0.0,"8-SOIC (0.154"", 3.90mm Width)",Surface Mount,Discontinued at DigiKey,https://www.analog.com/media/en/technical-documentation/data-sheets/1647fa.pdf,https://www.digikey.com/en/products/detail/analog-devices-inc/LTC1647-1CS8/412633,General Purpose,,1 mA,"Latched Fault, UVLO",,No,2,0°C ~ 70°C,"Circuit Breaker, Fault Timeout, Slew Rate",,,Hot Swap Controller,2.7V ~ 16.5V
LTC1647-1CS8#PBF,Analog Devices Inc.,IC HOT SWAP CTRLR GP 8SOIC,linear-audio-amplifiers,222,9.94,"8-SOIC (0.154"", 3.90mm Width)",Surface Mount,Active,https://www.analog.com/media/en/technical-documentation/data-sheets/1647fa.pdf,https://www.digikey.com/en/products/detail/analog-devices-inc/LTC1647-1CS8-PBF/962825,General Purpose,,1 mA,"Latched Fault, UVLO",,No,2,0°C ~ 70°C,"Circuit Breaker, Fault Timeout, Slew Rate",,,Hot Swap Controller,2.7V ~ 16.5V
LTC1647-1CS8#TR,Analog Devices Inc.,IC CONTROLLER HOTSWAP DUAL 8SOIC,linear-audio-amplifiers,0,0.0,"8-SOIC (0.154"", 3.90mm Width)",Surface Mount,Discontinued at DigiKey,https://www.analog.com/media/en/technical-documentation/data-sheets/1647fa.pdf,https://www.digikey.com/en/products/detail/analog-devices-inc/LTC1647-1CS8-TR/692622,General Purpose,,1 mA,"Latched Fault, UVLO",,No,2,0°C ~ 70°C,"Circuit Breaker, Fault Timeout, Slew Rate",,,Hot Swap Controller,2.7V ~ 16.5V
LTC1647-1CS8#TRPBF,Analog Devices Inc.,IC HOT SWAP CTRLR GP 8SOIC,linear-audio-amplifiers,0,5.8398,"8-SOIC (0.154"", 3.90mm Width)",Surface Mount,Active,https://www.analog.com/media/en/technical-documentation/data-sheets/1647fa.pdf,https://www.digikey.com/en/products/detail/analog-devices-inc/LTC1647-1CS8-TRPBF/958482,General Purpose,,1 mA,"Latched Fault, UVLO",,No,2,0°C ~ 70°C,"Circuit Breaker, Fault Timeout, Slew Rate",,,Hot Swap Controller,2.7V ~ 16.5V
LTC1647-1IS8,Analog Devices Inc.,IC CONTROLLER HOTSWAP DUAL 8SOIC,linear-audio-amplifiers,0,0.0,"8-SOIC (0.154"", 3.90mm Width)",Surface Mount,Discontinued at DigiKey,https://www.analog.com/media/en/technical-documentation/data-sheets/1647fa.pdf,https://www.digikey.com/en/products/detail/analog-devices-inc/LTC1647-1IS8/694857,General Purpose,,1 mA,"Latched Fault, UVLO",,No,2,0°C ~ 70°C,"Circuit Breaker, Fault Timeout, Slew Rate",,,Hot Swap Controller,2.7V ~ 16.5V
LTC1647-1IS8#PBF,Analog Devices Inc.,IC HOT SWAP CTRLR GP 8SOIC,linear-audio-amplifiers,0,7.5627,"8-SOIC (0.154"", 3.90mm Width)",Surface Mount,Active,https://www.analog.com/media/en/technical-documentation/data-sheets/1647fa.pdf,https://www.digikey.com/en/products/detail/analog-devices-inc/LTC1647-1IS8-PBF/961333,General Purpose,,1 mA,"Latched Fault, UVLO",,No,2,-40°C ~ 85°C,"Circuit Breaker, Fault Timeout, Slew Rate",,,Hot Swap Controller,2.7V ~ 16.5V
LTC1647-1IS8#TR,Analog Devices Inc.,IC CONTROLLER HOTSWAP DUAL 8SOIC,linear-audio-amplifiers,0,0.0,"8-SOIC (0.154"", 3.90mm Width)",Surface Mount,Discontinued at DigiKey,https://www.analog.com/media/en/technical-documentation/data-sheets/1647fa.pdf,https://www.digikey.com/en/products/detail/analog-devices-inc/LTC1647-1IS8-TR/692700,General Purpose,,1 mA,"Latched Fault, UVLO",,No,2,-40°C ~ 85°C,"Circuit Breaker, Fault Timeout, Slew Rate",,,Hot Swap Controller,2.7V ~ 16.5V
LTC1647-1IS8#TRPBF,Analog Devices Inc.,IC HOT SWAP CTRLR GP 8SOIC,linear-audio-amplifiers,0,6.71827,"8-SOIC (0.154"", 3.90mm Width)",Surface Mount,Active,https://www.analog.com/media/en/technical-documentation/data-sheets/1647fa.pdf,https://www.digikey.com/en/products/detail/analog-devices-inc/LTC1647-1IS8-TRPBF/959350,General Purpose,,1 mA,"Latched Fault, UVLO",,No,2,-40°C ~ 85°C,"Circuit Breaker, Fault Timeout, Slew Rate",,,Hot Swap Controller,2.7V ~ 16.5V
LTC1647-2CS8,Analog Devices Inc.,IC CONTROLLER HOTSWAP DUAL 8SOIC,linear-audio-amplifiers,0,0.0,"8-SOIC (0.154"", 3.90mm Width)",Surface Mount,Discontinued at DigiKey,https://www.analog.com/media/en/technical-documentation/data-sheets/1647fa.pdf,https://www.digikey.com/en/products/detail/analog-devices-inc/LTC1647-2CS8/694863,General Purpose,,1 mA,"Auto Retry, UVLO",,No,2,0°C ~ 70°C,"Circuit Breaker, Fault Timeout, Slew Rate",,,Hot Swap Controller,2.7V ~ 16.5V
LTC1647-2CS8#PBF,Analog Devices Inc.,IC HOT SWAP CTRLR GP 8SOIC,linear-audio-amplifiers,0,6.5933,"8-SOIC (0.154"", 3.90mm Width)",Surface Mount,Active,https://www.analog.com/media/en/technical-documentation/data-sheets/1647fa.pdf,https://www.digikey.com/en/products/detail/analog-devices-inc/LTC1647-2CS8-PBF/962713,General Purpose,,1 mA,"Auto Retry, UVLO",,No,2,0°C ~ 70°C,"Circuit Breaker, Fault Timeout, Slew Rate",,,Hot Swap Controller,2.7V ~ 16.5V
LTC1647-2CS8#TR,Analog Devices Inc.,IC CONTROLLER HOTSWAP DUAL 8SOIC,linear-audio-amplifiers,0,0.0,"8-SOIC (0.154"", 3.90mm Width)",Surface Mount,Discontinued at DigiKey,https://www.analog.com/media/en/technical-documentation/data-sheets/1647fa.pdf,https://www.digikey.com/en/products/detail/analog-devices-inc/LTC1647-2CS8-TR/692616,General Purpose,,1 mA,"Auto Retry, UVLO",,No,2,0°C ~ 70°C,"Circuit Breaker, Fault Timeout, Slew Rate",,,Hot Swap Controller,2.7V ~ 16.5V
LTC1647-2CS8#TRPBF,Analog Devices Inc.,IC HOT SWAP CTRLR GP 8SOIC,linear-audio-amplifiers,0,5.8398,"8-SOIC (0.154"", 3.90mm Width)",Surface Mount,Active,https://www.analog.com/media/en/technical-documentation/data-sheets/1647fa.pdf,https://www.digikey.com/en/products/detail/analog-devices-inc/LTC1647-2CS8-TRPBF/958428,General Purpose,,1 mA,"Auto Retry, UVLO",,No,2,0°C ~ 70°C,"Circuit Breaker, Fault Timeout, Slew Rate",,,Hot Swap Controller,2.7V ~ 16.5V
LTC1647-2IS8,Analog Devices Inc.,IC CONTROLLER HOTSWAP DUAL 8SOIC,linear-audio-amplifiers,0,0.0,"8-SOIC (0.154"", 3.90mm Width)",Surface Mount,Discontinued at DigiKey,https://www.analog.com/media/en/technical-documentation/data-sheets/1647fa.pdf,https://www.digikey.com/en/products/detail/analog-devices-inc/LTC1647-2IS8/694858,General Purpose,,1 mA,"Auto Retry, UVLO",,No,2,-40°C ~ 85°C,"Circuit Breaker, Fault Timeout, Slew Rate",,,Hot Swap Controller,2.7V ~ 16.5V
LTC1647-2IS8#PBF,Analog Devices Inc.,IC HOT SWAP CTRLR GP 8SOIC,linear-audio-amplifiers,17,11.31,"8-SOIC (0.154"", 3.90mm Width)",Surface Mount,Active,https://www.analog.com/media/en/technical-documentation/data-sheets/1647fa.pdf,https://www.digikey.com/en/products/detail/analog-devices-inc/LTC1647-2IS8-PBF/963253,General Purpose,,1 mA,"Auto Retry, UVLO",,No,2,-40°C ~ 85°C,"Circuit Breaker, Fault Timeout, Slew Rate",,,Hot Swap Controller,2.7V ~ 16.5V
LTC1647-2IS8#TR,Analog Devices Inc.,IC CONTROLLER HOTSWAP DUAL 8SOIC,linear-audio-amplifiers,0,0.0,"8-SOIC (0.154"", 3.90mm Width)",Surface Mount,Discontinued at DigiKey,https://www.analog.com/media/en/technical-documentation/data-sheets/1647fa.pdf,https://www.digikey.com/en/products/detail/analog-devices-inc/LTC1647-2IS8-TR/692699,General Purpose,,1 mA,"Auto Retry, UVLO",,No,2,-40°C ~ 85°C,"Circuit Breaker, Fault Timeout, Slew Rate",,,Hot Swap Controller,2.7V ~ 16.5V
LTC1647-2IS8#TRPBF,Analog Devices Inc.,IC HOT SWAP CTRLR GP 8SOIC,linear-audio-amplifiers,0,6.71827,"8-SOIC (0.154"", 3.90mm Width)",Surface Mount,Active,https://www.analog.com/media/en/technical-documentation/data-sheets/1647fa.pdf,https://www.digikey.com/en/products/detail/analog-devices-inc/LTC1647-2IS8-TRPBF/959361,General Purpose,,1 mA,"Auto Retry, UVLO",,No,2,-40°C ~ 85°C,"Circuit Breaker, Fault Timeout, Slew Rate",,,Hot Swap Controller,2.7V ~ 16.5V
LTC1647-3CGN,Analog Devices Inc.,IC CTRLR HOTSWAP DUAL 16SSOP,linear-audio-amplifiers,0,0.0,"16-SSOP (0.154"", 3.90mm Width)",Surface Mount,Discontinued at DigiKey,https://www.analog.com/media/en/technical-documentation/data-sheets/1647fa.pdf,https://www.digikey.com/en/products/detail/analog-devices-inc/LTC1647-3CGN/694849,General Purpose,,1 mA,"Auto Retry, UVLO",,No,2,0°C ~ 70°C,"Circuit Breaker, Fault Timeout, Slew Rate",,,Hot Swap Controller,2.7V ~ 16.5V
LTC1647-3CGN#PBF,Analog Devices Inc.,IC HOT SWAP CTRLR GP 16SSOP,linear-audio-amplifiers,127,10.72,"16-SSOP (0.154"", 3.90mm Width)",Surface Mount,Active,https://www.analog.com/media/en/technical-documentation/data-sheets/1647fa.pdf,https://www.digikey.com/en/products/detail/analog-devices-inc/LTC1647-3CGN-PBF/961334,General Purpose,,1 mA,"Auto Retry, UVLO",,No,2,0°C ~ 70°C,"Circuit Breaker, Fault Timeout, Slew Rate",,,Hot Swap Controller,2.7V ~ 16.5V
LTC1647-3CGN#TR,Analog Devices Inc.,IC CTRLR HOTSWAP DUAL 16SSOP,linear-audio-amplifiers,0,0.0,"16-SSOP (0.154"", 3.90mm Width)",Surface Mount,Discontinued at DigiKey,https://www.analog.com/media/en/technical-documentation/data-sheets/1647fa.pdf,https://www.digikey.com/en/products/detail/analog-devices-inc/LTC1647-3CGN-TR/692590,General Purpose,,1 mA,"Auto Retry, UVLO",,No,2,0°C ~ 70°C,"Circuit Breaker, Fault Timeout, Slew Rate",,,Hot Swap Controller,2.7V ~ 16.5V
LTC1647-3CGN#TRPBF,Analog Devices Inc.,IC HOT SWAP CTRLR GP 16SSOP,linear-audio-amplifiers,0,6.34009,"16-SSOP (0.154"", 3.90mm Width)",Surface Mount,Active,https://www.analog.com/media/en/technical-documentation/data-sheets/1647fa.pdf,https://www.digikey.com/en/products/detail/analog-devices-inc/LTC1647-3CGN-TRPBF/959757,General Purpose,,1 mA,"Auto Retry, UVLO",,No,2,0°C ~ 70°C,"Circuit Breaker, Fault Timeout, Slew Rate",,,Hot Swap Controller,2.7V ~ 16.5V
LTC1647-3IGN,Analog Devices Inc.,IC CTRLR HOTSWAP DUAL 16SSOP,linear-audio-amplifiers,0,0.0,"16-SSOP (0.154"", 3.90mm Width)",Surface Mount,Obsolete,https://www.analog.com/media/en/technical-documentation/data-sheets/1647fa.pdf,https://www.digikey.com/en/products/detail/analog-devices-inc/LTC1647-3IGN/694824,General Purpose,,1 mA,"Auto Retry, UVLO",,No,2,-40°C ~ 85°C,"Circuit Breaker, Fault Timeout, Slew Rate",,,Hot Swap Controller,2.7V ~ 16.5V
LTC1647-3IGN#PBF,Analog Devices Inc.,IC HOT SWAP CTRLR GP 16SSOP,linear-audio-amplifiers,46,12.19,"16-SSOP (0.154"", 3.90mm Width)",Surface Mount,Active,https://www.analog.com/media/en/technical-documentation/data-sheets/1647fa.pdf,https://www.digikey.com/en/products/detail/analog-devices-inc/LTC1647-3IGN-PBF/961018,General Purpose,,1 mA,"Auto Retry, UVLO",,No,2,-40°C ~ 85°C,"Circuit Breaker, Fault Timeout, Slew Rate",,,Hot Swap Controller,2.7V ~ 16.5V
LTC1647-3IGN#TR,Analog Devices Inc.,IC CTRLR HOTSWAP DUAL 16SSOP,linear-audio-amplifiers,0,0.0,"16-SSOP (0.154"", 3.90mm Width)",Surface Mount,Discontinued at DigiKey,https://www.analog.com/media/en/technical-documentation/data-sheets/1647fa.pdf,https://www.digikey.com/en/products/detail/analog-devices-inc/LTC1647-3IGN-TR/692632,General Purpose,,1 mA,"Auto Retry, UVLO",,No,2,-40°C ~ 85°C,"Circuit Breaker, Fault Timeout, Slew Rate",,,Hot Swap Controller,2.7V ~ 16.5V
LTC1647-3IGN#TRPBF,Analog Devices Inc.,IC HOT SWAP CTRLR GP 16SSOP,linear-audio-amplifiers,0,7.28506,"16-SSOP (0.154"", 3.90mm Width)",Surface Mount,Active,https://www.analog.com/media/en/technical-documentation/data-sheets/1647fa.pdf,https://www.digikey.com/en/products/detail/analog-devices-inc/LTC1647-3IGN-TRPBF/958164,General Purpose,,1 mA,"Auto Retry, UVLO",,No,2,-40°C ~ 85°C,"Circuit Breaker, Fault Timeout, Slew Rate",,,Hot Swap Controller,2.7V ~ 16.5V
LTC4210-1CS6#TR,Analog Devices Inc.,IC CONTROLLER HOT SWAP TSOT23-6,linear-audio-amplifiers,0,0.0,"SOT-23-6 Thin, TSOT-23-6",Surface Mount,Discontinued at DigiKey,https://www.analog.com/media/en/technical-documentation/data-sheets/421012fa.pdf,https://www.digikey.com/en/products/detail/analog-devices-inc/LTC4210-1CS6-TR/630995,General Purpose,,650 µA,Auto Retry,,No,1,0°C ~ 70°C,"Current Limit, Fault Timeout, OVP, Slew Rate, UVLO",,,Hot Swap Controller,2.7V ~ 16.5V
LTC4210-1CS6#TRM,Analog Devices Inc.,IC CONTROLLER HOT SWAP TSOT23-6,linear-audio-amplifiers,0,0.0,"SOT-23-6 Thin, TSOT-23-6",Surface Mount,Discontinued at DigiKey,https://www.analog.com/media/en/technical-documentation/data-sheets/421012fa.pdf,https://www.digikey.com/en/products/detail/analog-devices-inc/LTC4210-1CS6-TRM/1115960,General Purpose,,650 µA,Auto Retry,,No,1,0°C ~ 70°C,"Current Limit, Fault Timeout, OVP, Slew Rate, UVLO",,,Hot Swap Controller,2.7V ~ 16.5V
LTC4210-1CS6#TRMPBF,Analog Devices Inc.,IC HOT SWAP CTRLR GP TSOT23-6,linear-audio-amplifiers,2702,6.3,"SOT-23-6 Thin, TSOT-23-6",Surface Mount,Active,https://www.analog.com/media/en/technical-documentation/data-sheets/421012fa.pdf,https://www.digikey.com/en/products/detail/analog-devices-inc/LTC4210-1CS6-TRMPBF/1116081,General Purpose,,650 µA,Auto Retry,,No,1,0°C ~ 70°C,"Current Limit, Fault Timeout, OVP, Slew Rate, UVLO",,,Hot Swap Controller,2.7V ~ 16.5V
LTC4210-1CS6#TRPBF,Analog Devices Inc.,IC HOT SWAP CTRLR GP TSOT23-6,linear-audio-amplifiers,1806,6.3,"SOT-23-6 Thin, TSOT-23-6",Surface Mount,Active,https://www.analog.com/media/en/technical-documentation/data-sheets/421012fa.pdf,https://www.digikey.com/en/products/detail/analog-devices-inc/LTC4210-1CS6-TRPBF/960033,General Purpose,,650 µA,Auto Retry,,No,1,0°C ~ 70°C,"Current Limit, Fault Timeout, OVP, Slew Rate, UVLO",,,Hot Swap Controller,2.7V ~ 16.5V
LTC4210-1IS6#TR,Analog Devices Inc.,IC CONTROLLER HOT SWAP TSOT23-6,linear-audio-amplifiers,0,0.0,"SOT-23-6 Thin, TSOT-23-6",Surface Mount,Discontinued at DigiKey,https://www.analog.com/media/en/technical-documentation/data-sheets/421012fa.pdf,https://www.digikey.com/en/products/detail/analog-devices-inc/LTC4210-1IS6-TR/631019,General Purpose,,650 µA,Auto Retry,,No,1,-40°C ~ 85°C,"Current Limit, Fault Timeout, OVP, Slew Rate, UVLO",,,Hot Swap Controller,2.7V ~ 16.5V
LTC4210-1IS6#TRM,Analog Devices Inc.,IC CONTROLLER HOT SWAP TSOT23-6,linear-audio-amplifiers,0,0.0,"SOT-23-6 Thin, TSOT-23-6",Surface Mount,Obsolete,https://www.analog.com/media/en/technical-documentation/data-sheets/421012fa.pdf,https://www.digikey.com/en/products/detail/analog-devices-inc/LTC4210-1IS6-TRM/1115981,General Purpose,,650 µA,Auto Retry,,No,1,-40°C ~ 85°C,"Current Limit, Fault Timeout, OVP, Slew Rate, UVLO",,,Hot Swap Controller,2.7V ~ 16.5V
LTC4210-1IS6#TRMPBF,Analog Devices Inc.,IC HOT SWAP CTRLR GP TSOT23-6,linear-audio-amplifiers,6149,7.14,"SOT-23-6 Thin, TSOT-23-6",Surface Mount,Active,https://www.analog.com/media/en/technical-documentation/data-sheets/421012fa.pdf,https://www.digikey.com/en/products/detail/analog-devices-inc/LTC4210-1IS6-TRMPBF/1116092,General Purpose,,650 µA,Auto Retry,,No,1,-40°C ~ 85°C,"Current Limit, Fault Timeout, OVP, Slew Rate, UVLO",,,Hot Swap Controller,2.7V ~ 16.5V
LTC4210-1IS6#TRPBF,Analog Devices Inc.,IC HOT SWAP CTRLR GP TSOT23-6,linear-audio-amplifiers,3890,7.14,"SOT-23-6 Thin, TSOT-23-6",Surface Mount,Active,https://www.analog.com/media/en/technical-documentation/data-sheets/421012fa.pdf,https://www.digikey.com/en/products/detail/analog-devices-inc/LTC4210-1IS6-TRPBF/961159,General Purpose,,650 µA,Auto Retry,,No,1,-40°C ~ 85°C,"Current Limit, Fault Timeout, OVP, Slew Rate, UVLO",,,Hot Swap Controller,2.7V ~ 16.5V
LTC4210-2CS6#PBF,Analog Devices Inc.,LTC4210-2CS6#PBF,linear-audio-amplifiers,0,0.0,"SOT-23-6 Thin, TSOT-23-6",Surface Mount,Discontinued at DigiKey,https://www.analog.com/media/en/technical-documentation/data-sheets/421012fa.pdf,https://www.digikey.com/en/products/detail/analog-devices-inc/LTC4210-2CS6-PBF/16343000,General Purpose,,650 µA,"Auto Retry, UVLO",,No,1,0°C ~ 70°C,"Circuit Breaker, Current Limit, Fault Timeout, UVLO",,,Hot Swap Controller,2.7V ~ 16.5V
LTC4210-2CS6#TR,Analog Devices Inc.,IC CONTROLLER HOT SWAP TSOT23-6,linear-audio-amplifiers,0,0.0,"SOT-23-6 Thin, TSOT-23-6",Surface Mount,Discontinued at DigiKey,https://www.analog.com/media/en/technical-documentation/data-sheets/421012fa.pdf,https://www.digikey.com/en/products/detail/analog-devices-inc/LTC4210-2CS6-TR/631012,General Purpose,,650 µA,Latched Fault,,No,1,0°C ~ 70°C,"Current Limit, Fault Timeout, OVP, Slew Rate, UVLO",,,Hot Swap Controller,2.7V ~ 16.5V
LTC4210-2CS6#TRM,Analog Devices Inc.,IC CONTROLLER HOT SWAP TSOT23-6,linear-audio-amplifiers,0,0.0,"SOT-23-6 Thin, TSOT-23-6",Surface Mount,Obsolete,https://www.analog.com/media/en/technical-documentation/data-sheets/421012fa.pdf,https://www.digikey.com/en/products/detail/analog-devices-inc/LTC4210-2CS6-TRM/1116073,General Purpose,,,,,No,,0°C ~ 70°C,,,,Hot-Swap Controller,2.7V ~ 16.5V
LTC4210-2CS6#TRMPBF,Analog Devices Inc.,IC HOT SWAP CTRLR GP TSOT23-6,linear-audio-amplifiers,770,6.3,"SOT-23-6 Thin, TSOT-23-6",Surface Mount,Active,https://www.analog.com/media/en/technical-documentation/data-sheets/421012fa.pdf,https://www.digikey.com/en/products/detail/analog-devices-inc/LTC4210-2CS6-TRMPBF/1116026,General Purpose,,650 µA,Latched Fault,,No,1,0°C ~ 70°C,"Current Limit, Fault Timeout, OVP, Slew Rate, UVLO",,,Hot Swap Controller,2.7V ~ 16.5V
LTC4210-2CS6#TRPBF,Analog Devices Inc.,IC HOT SWAP CTRLR GP TSOT23-6,linear-audio-amplifiers,4403,6.3,"SOT-23-6 Thin, TSOT-23-6",Surface Mount,Active,https://www.analog.com/media/en/technical-documentation/data-sheets/421012fa.pdf,https://www.digikey.com/en/products/detail/analog-devices-inc/LTC4210-2CS6-TRPBF/960012,General Purpose,,650 µA,Latched Fault,,No,1,0°C ~ 70°C,"Current Limit, Fault Timeout, OVP, Slew Rate, UVLO",,,Hot Swap Controller,2.7V ~ 16.5V
LTC4210-2IS6#PBF,Analog Devices Inc.,IC CONTROLLER HOT SWAP,linear-audio-amplifiers,0,0.0,"SOT-23-6 Thin, TSOT-23-6",Surface Mount,Discontinued at DigiKey,https://www.analog.com/media/en/technical-documentation/data-sheets/421012fa.pdf,https://www.digikey.com/en/products/detail/analog-devices-inc/LTC4210-2IS6-PBF/3901671,General Purpose,,,,,No,,-40°C ~ 85°C,,,,Hot-Swap Controller,2.7V ~ 16.5V
LTC4210-2IS6#TR,Analog Devices Inc.,IC CONTROLLER HOT SWAP TSOT23-6,linear-audio-amplifiers,0,0.0,"SOT-23-6 Thin, TSOT-23-6",Surface Mount,Obsolete,https://www.analog.com/media/en/technical-documentation/data-sheets/421012fa.pdf,https://www.digikey.com/en/products/detail/analog-devices-inc/LTC4210-2IS6-TR/631017,General Purpose,,650 µA,Latched Fault,,No,1,-40°C ~ 85°C,"Current Limit, Fault Timeout, OVP, Slew Rate, UVLO",,,Hot Swap Controller,2.7V ~ 16.5V
LTC4210-2IS6#TRM,Analog Devices Inc.,IC HOT SWAP CTRLR GP TSOT23-6,linear-audio-amplifiers,0,0.0,-,-,Obsolete,,https://www.digikey.com/en/products/detail/analog-devices-inc/LTC4210-2IS6-TRM/13619908,,,,,,,,,,,,,
LTC4210-2IS6#TRMPBF,Analog Devices Inc.,IC HOT SWAP CTRLR GP TSOT23-6,linear-audio-amplifiers,1130,7.14,"SOT-23-6 Thin, TSOT-23-6",Surface Mount,Active,https://www.analog.com/media/en/technical-documentation/data-sheets/421012fa.pdf,https://www.digikey.com/en/products/detail/analog-devices-inc/LTC4210-2IS6-TRMPBF/1115939,General Purpose,,650 µA,Latched Fault,,No,1,-40°C ~ 85°C,"Current Limit, Fault Timeout, OVP, Slew Rate, UVLO",,,Hot Swap Controller,2.7V ~ 16.5V
LTC4210-2IS6#TRPBF,Analog Devices Inc.,IC HOT SWAP CTRLR GP TSOT23-6,linear-audio-amplifiers,0,4.07654,"SOT-23-6 Thin, TSOT-23-6",Surface Mount,Active,https://www.analog.com/media/en/technical-documentation/data-sheets/421012fa.pdf,https://www.digikey.com/en/products/detail/analog-devices-inc/LTC4210-2IS6-TRPBF/961175,General Purpose,,650 µA,Latched Fault,,No,1,-40°C ~ 85°C,"Current Limit, Fault Timeout, OVP, Slew Rate, UVLO",,,Hot Swap Controller,2.7V ~ 16.5V
LTC4210-3CS6#PBF,Analog Devices Inc.,IC CONTROLLER HOT SWAP,linear-audio-amplifiers,0,0.0,"SOT-23-6 Thin, TSOT-23-6",Surface Mount,Discontinued at DigiKey,https://www.analog.com/media/en/technical-documentation/data-sheets/421034fb.pdf,https://www.digikey.com/en/products/detail/analog-devices-inc/LTC4210-3CS6-PBF/3901672,General Purpose,,750 µA,Auto Retry,,No,1,0°C ~ 70°C,"Current Limit, Fault Timeout, OVP, Slew Rate, UVLO",,,Hot Swap Controller,2.7V ~ 7V
LTC4210-3CS6#TRMPBF,Analog Devices Inc.,IC HOT SWAP CTRLR GP TSOT23-6,linear-audio-amplifiers,319,5.79,"SOT-23-6 Thin, TSOT-23-6",Surface Mount,Active,https://www.analog.com/media/en/technical-documentation/data-sheets/421034fb.pdf,https://www.digikey.com/en/products/detail/analog-devices-inc/LTC4210-3CS6-TRMPBF/1620509,General Purpose,,750 µA,Auto Retry,,No,1,0°C ~ 70°C,"Current Limit, Fault Timeout, OVP, Slew Rate, UVLO",,,Hot Swap Controller,2.7V ~ 7V
LTC4210-3CS6#TRPBF,Analog Devices Inc.,IC HOT SWAP CTRLR GP TSOT23-6,linear-audio-amplifiers,0,3.24529,"SOT-23-6 Thin, TSOT-23-6",Surface Mount,Active,https://www.analog.com/media/en/technical-documentation/data-sheets/421034fb.pdf,https://www.digikey.com/en/products/detail/analog-devices-inc/LTC4210-3CS6-TRPBF/1621340,General Purpose,,750 µA,Auto Retry,,No,1,0°C ~ 70°C,"Current Limit, Fault Timeout, OVP, Slew Rate, UVLO",,,Hot Swap Controller,2.7V ~ 7V
LTC4210-3IS6#PBF,Analog Devices Inc.,IC CONTROLLER HOT SWAP,linear-audio-amplifiers,0,0.0,"SOT-23-6 Thin, TSOT-23-6",Surface Mount,Discontinued at DigiKey,https://www.analog.com/media/en/technical-documentation/data-sheets/421034fb.pdf,https://www.digikey.com/en/products/detail/analog-devices-inc/LTC4210-3IS6-PBF/3901673,General Purpose,,750 µA,Auto Retry,,No,1,-40°C ~ 85°C,"Current Limit, Fault Timeout, OVP, Slew Rate, UVLO",,,Hot Swap Controller,2.7V ~ 7V
LTC4210-3IS6#TRMPBF,Analog Devices Inc.,IC HOT SWAP CTRLR GP TSOT23-6,linear-audio-amplifiers,256,6.56,"SOT-23-6 Thin, TSOT-23-6",Surface Mount,Active,https://www.analog.com/media/en/technical-documentation/data-sheets/421034fb.pdf,https://www.digikey.com/en/products/detail/analog-devices-inc/LTC4210-3IS6-TRMPBF/1620512,General Purpose,,750 µA,Auto Retry,,No,1,-40°C ~ 85°C,"Current Limit, Fault Timeout, OVP, Slew Rate, UVLO",,,Hot Swap Controller,2.7V ~ 7V
LTC4210-3IS6#TRPBF,Analog Devices Inc.,IC HOT SWAP CTRLR GP TSOT23-6,linear-audio-amplifiers,0,3.7226,"SOT-23-6 Thin, TSOT-23-6",Surface Mount,Active,https://www.analog.com/media/en/technical-documentation/data-sheets/421034fb.pdf,https://www.digikey.com/en/products/detail/analog-devices-inc/LTC4210-3IS6-TRPBF/1621328,General Purpose,,750 µA,Auto Retry,,No,1,-40°C ~ 85°C,"Current Limit, Fault Timeout, OVP, Slew Rate, UVLO",,,Hot Swap Controller,2.7V ~ 7V
LTC4210-4CS6#PBF,Analog Devices Inc.,IC CONTROLLER HOT SWAP,linear-audio-amplifiers,0,0.0,"SOT-23-6 Thin, TSOT-23-6",Surface Mount,Discontinued at DigiKey,https://www.analog.com/media/en/technical-documentation/data-sheets/421034fb.pdf,https://www.digikey.com/en/products/detail/analog-devices-inc/LTC4210-4CS6-PBF/3901674,General Purpose,,750 µA,Latched Fault,,No,1,0°C ~ 70°C,"Current Limit, Fault Timeout, OVP, Slew Rate, UVLO",,,Hot Swap Controller,2.7V ~ 7V
LTC4210-4CS6#TRMPBF,Analog Devices Inc.,IC HOT SWAP CTRLR GP TSOT23-6,linear-audio-amplifiers,0,3.42696,"SOT-23-6 Thin, TSOT-23-6",Surface Mount,Active,https://www.analog.com/media/en/technical-documentation/data-sheets/421034fb.pdf,https://www.digikey.com/en/products/detail/analog-devices-inc/LTC4210-4CS6-TRMPBF/1620519,General Purpose,,750 µA,Latched Fault,,No,1,0°C ~ 70°C,"Current Limit, Fault Timeout, OVP, Slew Rate, UVLO",,,Hot Swap Controller,2.7V ~ 7V
LTC4210-4CS6#TRPBF,Analog Devices Inc.,IC HOT SWAP CTRLR GP TSOT23-6,linear-audio-amplifiers,0,3.24529,"SOT-23-6 Thin, TSOT-23-6",Surface Mount,Active,https://www.analog.com/media/en/technical-documentation/data-sheets/421034fb.pdf,https://www.digikey.com/en/products/detail/analog-devices-inc/LTC4210-4CS6-TRPBF/1621333,General Purpose,,750 µA,Latched Fault,,No,1,0°C ~ 70°C,"Current Limit, Fault Timeout, OVP, Slew Rate, UVLO",,,Hot Swap Controller,2.7V ~ 7V
LTC4210-4IS6#PBF,Analog Devices Inc.,IC CONTROLLER HOT SWAP,linear-audio-amplifiers,0,0.0,"SOT-23-6 Thin, TSOT-23-6",Surface Mount,Discontinued at DigiKey,https://www.analog.com/media/en/technical-documentation/data-sheets/421034fb.pdf,https://www.digikey.com/en/products/detail/analog-devices-inc/LTC4210-4IS6-PBF/3901675,General Purpose,,750 µA,Latched Fault,,No,1,-40°C ~ 85°C,"Current Limit, Fault Timeout, OVP, Slew Rate, UVLO",,,Hot Swap Controller,2.7V ~ 7V
LTC4210-4IS6#TRMPBF,Analog Devices Inc.,IC HOT SWAP CTRLR GP TSOT23-6,linear-audio-amplifiers,0,3.92574,"SOT-23-6 Thin, TSOT-23-6",Surface Mount,Active,https://www.analog.com/media/en/technical-documentation/data-sheets/421034fb.pdf,https://www.digikey.com/en/products/detail/analog-devices-inc/LTC4210-4IS6-TRMPBF/1620517,General Purpose,,750 µA,Latched Fault,,No,1,-40°C ~ 85°C,"Current Limit, Fault Timeout, OVP, Slew Rate, UVLO",,,Hot Swap Controller,2.7V ~ 7V
LTC4210-4IS6#TRPBF,Analog Devices Inc.,IC HOT SWAP CTRLR GP TSOT23-6,linear-audio-amplifiers,0,3.7226,"SOT-23-6 Thin, TSOT-23-6",Surface Mount,Active,https://www.analog.com/media/en/technical-documentation/data-sheets/421034fb.pdf,https://www.digikey.com/en/products/detail/analog-devices-inc/LTC4210-4IS6-TRPBF/1621327,General Purpose,,750 µA,Latched Fault,,No,1,-40°C ~ 85°C,"Current Limit, Fault Timeout, OVP, Slew Rate, UVLO",,,Hot Swap Controller,2.7V ~ 7V
LTC4211CMS,Analog Devices Inc.,IC CONTROLLER HOT SWAP 10-MSOP,linear-audio-amplifiers,0,0.0,"10-TFSOP, 10-MSOP (0.118"", 3.00mm Width)",Surface Mount,Discontinued at DigiKey,https://www.analog.com/media/en/technical-documentation/data-sheets/4211fc.pdf,https://www.digikey.com/en/products/detail/analog-devices-inc/LTC4211CMS/456630,General Purpose,,1 mA,UVLO,,No,1,0°C ~ 70°C,"Auto Retry, Circuit Breaker, Current Limit, Fault Timeout, Latched Fault, OVP",,,Hot Swap Controller,2.5V ~ 16.5V
LTC4211CMS#PBF,Analog Devices Inc.,IC HOT SWAP CTRLR GP 10MSOP,linear-audio-amplifiers,302,9.79,"10-TFSOP, 10-MSOP (0.118"", 3.00mm Width)",Surface Mount,Active,https://www.analog.com/media/en/technical-documentation/data-sheets/4211fc.pdf,https://www.digikey.com/en/products/detail/analog-devices-inc/LTC4211CMS-PBF/890018,General Purpose,,1 mA,UVLO,,No,1,0°C ~ 70°C,"Auto Retry, Circuit Breaker, Current Limit, Fault Timeout, Latched Fault, OVP",,,Hot Swap Controller,2.5V ~ 16.5V
LTC4211CMS#TR,Analog Devices Inc.,IC CONTROLLER HOT SWAP 10-MSOP,linear-audio-amplifiers,0,0.0,"10-TFSOP, 10-MSOP (0.118"", 3.00mm Width)",Surface Mount,Discontinued at DigiKey,https://www.analog.com/media/en/technical-documentation/data-sheets/4211fc.pdf,https://www.digikey.com/en/products/detail/analog-devices-inc/LTC4211CMS-TR/456446,General Purpose,,1 mA,UVLO,,No,1,0°C ~ 70°C,"Auto Retry, Circuit Breaker, Current Limit, Fault Timeout, Latched Fault, OVP",,,Hot Swap Controller,2.5V ~ 16.5V
LTC4211CMS#TRPBF,Analog Devices Inc.,IC HOT SWAP CTRLR GP 10MSOP,linear-audio-amplifiers,4369,9.79,"10-TFSOP, 10-MSOP (0.118"", 3.00mm Width)",Surface Mount,Active,https://www.analog.com/media/en/technical-documentation/data-sheets/4211fc.pdf,https://www.digikey.com/en/products/detail/analog-devices-inc/LTC4211CMS-TRPBF/959747,General Purpose,,1 mA,UVLO,,No,1,0°C ~ 70°C,"Auto Retry, Circuit Breaker, Current Limit, Fault Timeout, Latched Fault, OVP",,,Hot Swap Controller,2.5V ~ 16.5V
LTC4211CMS8,Analog Devices Inc.,IC CONTROLLER HOT SWAP 8-MSOP,linear-audio-amplifiers,0,0.0,"8-TSSOP, 8-MSOP (0.118"", 3.00mm Width)",Surface Mount,Discontinued at DigiKey,https://www.analog.com/media/en/technical-documentation/data-sheets/4211fc.pdf,https://www.digikey.com/en/products/detail/analog-devices-inc/LTC4211CMS8/455929,General Purpose,,1 mA,Latched Fault,,No,1,0°C ~ 70°C,"Circuit Breaker, Current Limit, Fault Timeout, OVP, UVLO",,,Hot Swap Controller,2.5V ~ 16.5V
LTC4211CMS8#PBF,Analog Devices Inc.,IC HOT SWAP CTRLR GP 8MSOP,linear-audio-amplifiers,1327,8.27,"8-TSSOP, 8-MSOP (0.118"", 3.00mm Width)",Surface Mount,Active,https://www.analog.com/media/en/technical-documentation/data-sheets/4211fc.pdf,https://www.digikey.com/en/products/detail/analog-devices-inc/LTC4211CMS8-PBF/894345,General Purpose,,1 mA,Latched Fault,,No,1,0°C ~ 70°C,"Circuit Breaker, Current Limit, Fault Timeout, OVP, UVLO",,,Hot Swap Controller,2.5V ~ 16.5V
LTC4211CMS8#TR,Analog Devices Inc.,IC CONTROLLER HOT SWAP 8-MSOP,linear-audio-amplifiers,0,0.0,"8-TSSOP, 8-MSOP (0.118"", 3.00mm Width)",Surface Mount,Obsolete,https://www.analog.com/media/en/technical-documentation/data-sheets/4211fc.pdf,https://www.digikey.com/en/products/detail/analog-devices-inc/LTC4211CMS8-TR/456447,General Purpose,,1 mA,Latched Fault,,No,1,0°C ~ 70°C,"Circuit Breaker, Current Limit, Fault Timeout, OVP, UVLO",,,Hot Swap Controller,2.5V ~ 16.5V
LTC4211CMS8#TRPBF,Analog Devices Inc.,IC HOT SWAP CTRLR GP 8MSOP,linear-audio-amplifiers,0,4.783,"8-TSSOP, 8-MSOP (0.118"", 3.00mm Width)",Surface Mount,Active,https://www.analog.com/media/en/technical-documentation/data-sheets/4211fc.pdf,https://www.digikey.com/en/products/detail/analog-devices-inc/LTC4211CMS8-TRPBF/959435,General Purpose,,1 mA,Latched Fault,,No,1,0°C ~ 70°C,"Circuit Breaker, Current Limit, Fault Timeout, OVP, UVLO",,,Hot Swap Controller,2.5V ~ 16.5V
LTC4211CS8,Analog Devices Inc.,IC CONTROLLER HOT SWAP 8-SOIC,linear-audio-amplifiers,0,0.0,"8-SOIC (0.154"", 3.90mm Width)",Surface Mount,Discontinued at DigiKey,https://www.analog.com/media/en/technical-documentation/data-sheets/4211fc.pdf,https://www.digikey.com/en/products/detail/analog-devices-inc/LTC4211CS8/455930,General Purpose,,1 mA,Latched Fault,,No,1,0°C ~ 70°C,"Circuit Breaker, Current Limit, Fault Timeout, OVP, UVLO",,,Hot Swap Controller,2.5V ~ 16.5V
LTC4211CS8#PBF,Analog Devices Inc.,IC HOT SWAP CTRLR GP 8SOIC,linear-audio-amplifiers,21,7.73,"8-SOIC (0.154"", 3.90mm Width)",Surface Mount,Active,https://www.analog.com/media/en/technical-documentation/data-sheets/4211fc.pdf,https://www.digikey.com/en/products/detail/analog-devices-inc/LTC4211CS8-PBF/889654,General Purpose,,1 mA,Latched Fault,,No,1,0°C ~ 70°C,"Circuit Breaker, Current Limit, Fault Timeout, OVP, UVLO",,,Hot Swap Controller,2.5V ~ 16.5V
LTC4211CS8#TR,Analog Devices Inc.,IC CONTROLLER HOT SWAP 8-SOIC,linear-audio-amplifiers,0,0.0,"8-SOIC (0.154"", 3.90mm Width)",Surface Mount,Discontinued at DigiKey,https://www.analog.com/media/en/technical-documentation/data-sheets/4211fc.pdf,https://www.digikey.com/en/products/detail/analog-devices-inc/LTC4211CS8-TR/456445,General Purpose,,1 mA,Latched Fault,,No,1,0°C ~ 70°C,"Circuit Breaker, Current Limit, Fault Timeout, OVP, UVLO",,,Hot Swap Controller,2.5V ~ 16.5V
LTC4211CS8#TRPBF,Analog Devices Inc.,IC HOT SWAP CTRLR GP 8SOIC,linear-audio-amplifiers,813,7.73,"8-SOIC (0.154"", 3.90mm Width)",Surface Mount,Active,https://www.analog.com/media/en/technical-documentation/data-sheets/4211fc.pdf,https://www.digikey.com/en/products/detail/analog-devices-inc/LTC4211CS8-TRPBF/960456,General Purpose,,1 mA,Latched Fault,,No,1,0°C ~ 70°C,"Circuit Breaker, Current Limit, Fault Timeout, OVP, UVLO",,,Hot Swap Controller,2.5V ~ 16.5V
LTC4211IMS,Analog Devices Inc.,IC CONTROLLER HOT SWAP 10-MSOP,linear-audio-amplifiers,0,0.0,"10-TFSOP, 10-MSOP (0.118"", 3.00mm Width)",Surface Mount,Obsolete,https://www.analog.com/media/en/technical-documentation/data-sheets/4211fc.pdf,https://www.digikey.com/en/products/detail/analog-devices-inc/LTC4211IMS/456619,General Purpose,,1 mA,,,No,1,-40°C ~ 85°C,"Auto Retry, Circuit Breaker, Current Limit, Fault Timeout, Latched Fault, OVP, UVLO",,,Hot Swap Controller,2.5V ~ 16.5V
LTC4211IMS#PBF,Analog Devices Inc.,IC HOT SWAP CTRLR GP 10MSOP,linear-audio-amplifiers,124,9.58,"10-TFSOP, 10-MSOP (0.118"", 3.00mm Width)",Surface Mount,Active,https://www.analog.com/media/en/technical-documentation/data-sheets/4211fc.pdf,https://www.digikey.com/en/products/detail/analog-devices-inc/LTC4211IMS-PBF/963168,General Purpose,,1 mA,,,No,1,-40°C ~ 85°C,"Auto Retry, Circuit Breaker, Current Limit, Fault Timeout, Latched Fault, OVP, UVLO",,,Hot Swap Controller,2.5V ~ 16.5V
LTC4211IMS#TR,Analog Devices Inc.,IC CONTROLLER HOT SWAP 10-MSOP,linear-audio-amplifiers,0,0.0,"10-TFSOP, 10-MSOP (0.118"", 3.00mm Width)",Surface Mount,Discontinued at DigiKey,https://www.analog.com/media/en/technical-documentation/data-sheets/4211fc.pdf,https://www.digikey.com/en/products/detail/analog-devices-inc/LTC4211IMS-TR/456443,General Purpose,,1 mA,,,No,1,-40°C ~ 85°C,"Auto Retry, Circuit Breaker, Current Limit, Fault Timeout, Latched Fault, OVP, UVLO",,,Hot Swap Controller,2.5V ~ 16.5V
LTC4211IMS#TRPBF,Analog Devices Inc.,IC HOT SWAP CTRLR GP 10MSOP,linear-audio-amplifiers,4136,9.58,"10-TFSOP, 10-MSOP (0.118"", 3.00mm Width)",Surface Mount,Active,https://www.analog.com/media/en/technical-documentation/data-sheets/4211fc.pdf,https://www.digikey.com/en/products/detail/analog-devices-inc/LTC4211IMS-TRPBF/958383,General Purpose,,1 mA,,,No,1,-40°C ~ 85°C,"Auto Retry, Circuit Breaker, Current Limit, Fault Timeout, Latched Fault, OVP, UVLO",,,Hot Swap Controller,2.5V ~ 16.5V
LTC4211IMS8,Analog Devices Inc.,IC CONTROLLER HOT SWAP 8-MSOP,linear-audio-amplifiers,0,0.0,"8-TSSOP, 8-MSOP (0.118"", 3.00mm Width)",Surface Mount,Discontinued at DigiKey,https://www.analog.com/media/en/technical-documentation/data-sheets/4211fc.pdf,https://www.digikey.com/en/products/detail/analog-devices-inc/LTC4211IMS8/455931,General Purpose,,1 mA,Latched Fault,,No,1,-40°C ~ 85°C,"Circuit Breaker, Current Limit, Fault Timeout, OVP, UVLO",,,Hot Swap Controller,2.5V ~ 16.5V
LTC4211IMS8#PBF,Analog Devices Inc.,IC HOT SWAP CTRLR GP 8MSOP,linear-audio-amplifiers,586,8.01,"8-TSSOP, 8-MSOP (0.118"", 3.00mm Width)",Surface Mount,Active,https://www.analog.com/media/en/technical-documentation/data-sheets/4211fc.pdf,https://www.digikey.com/en/products/detail/analog-devices-inc/LTC4211IMS8-PBF/891782,General Purpose,,1 mA,Latched Fault,,No,1,-40°C ~ 85°C,"Circuit Breaker, Current Limit, Fault Timeout, OVP, UVLO",,,Hot Swap Controller,2.5V ~ 16.5V
LTC4211IMS8#TR,Analog Devices Inc.,IC CONTROLLER HOT SWAP 8-MSOP,linear-audio-amplifiers,0,0.0,"8-TSSOP, 8-MSOP (0.118"", 3.00mm Width)",Surface Mount,Discontinued at DigiKey,https://www.analog.com/media/en/technical-documentation/data-sheets/4211fc.pdf,https://www.digikey.com/en/products/detail/analog-devices-inc/LTC4211IMS8-TR/456442,General Purpose,,1 mA,Latched Fault,,No,1,-40°C ~ 85°C,"Circuit Breaker, Current Limit, Fault Timeout, OVP, UVLO",,,Hot Swap Controller,2.5V ~ 16.5V
LTC4211IMS8#TRPBF,Analog Devices Inc.,IC HOT SWAP CTRLR GP 8MSOP,linear-audio-amplifiers,0,4.62012,"8-TSSOP, 8-MSOP (0.118"", 3.00mm Width)",Surface Mount,Active,https://www.analog.com/media/en/technical-documentation/data-sheets/4211fc.pdf,https://www.digikey.com/en/products/detail/analog-devices-inc/LTC4211IMS8-TRPBF/959373,General Purpose,,1 mA,Latched Fault,,No,1,-40°C ~ 85°C,"Circuit Breaker, Current Limit, Fault Timeout, OVP, UVLO",,,Hot Swap Controller,2.5V ~ 16.5V
LTC4211IS8,Analog Devices Inc.,IC CTRLR HOTSWAP CURR CTRL 8SOIC,linear-audio-amplifiers,0,0.0,"8-SOIC (0.154"", 3.90mm Width)",Surface Mount,Obsolete,https://www.analog.com/media/en/technical-documentation/data-sheets/4211fc.pdf,https://www.digikey.com/en/products/detail/analog-devices-inc/LTC4211IS8/456588,General Purpose,,1 mA,Latched Fault,,No,1,-40°C ~ 85°C,"Circuit Breaker, Current Limit, Fault Timeout, OVP, UVLO",,,Hot Swap Controller,2.5V ~ 16.5V
LTC4211IS8#PBF,Analog Devices Inc.,IC HOT SWAP CTRLR GP 8SOIC,linear-audio-amplifiers,2308,7.55,"8-SOIC (0.154"", 3.90mm Width)",Surface Mount,Active,https://www.analog.com/media/en/technical-documentation/data-sheets/4211fc.pdf,https://www.digikey.com/en/products/detail/analog-devices-inc/LTC4211IS8-PBF/963037,General Purpose,,1 mA,Latched Fault,,No,1,-40°C ~ 85°C,"Circuit Breaker, Current Limit, Fault Timeout, OVP, UVLO",,,Hot Swap Controller,2.5V ~ 16.5V
LTC4211IS8#TR,Analog Devices Inc.,IC CONTROLLER HOT SWAP 8-SOIC,linear-audio-amplifiers,0,0.0,"8-SOIC (0.154"", 3.90mm Width)",Surface Mount,Discontinued at DigiKey,https://www.analog.com/media/en/technical-documentation/data-sheets/4211fc.pdf,https://www.digikey.com/en/products/detail/analog-devices-inc/LTC4211IS8-TR/456435,General Purpose,,1 mA,Latched Fault,,No,1,-40°C ~ 85°C,"Circuit Breaker, Current Limit, Fault Timeout, OVP, UVLO",,,Hot Swap Controller,2.5V ~ 16.5V
LTC4211IS8#TRPBF,Analog Devices Inc.,IC HOT SWAP CTRLR GP 8SOIC,linear-audio-amplifiers,1556,7.55,"8-SOIC (0.154"", 3.90mm Width)",Surface Mount,Active,https://www.analog.com/media/en/technical-documentation/data-sheets/4211fc.pdf,https://www.digikey.com/en/products/detail/analog-devices-inc/LTC4211IS8-TRPBF/958245,General Purpose,,1 mA,Latched Fault,,No,1,-40°C ~ 85°C,"Circuit Breaker, Current Limit, Fault Timeout, OVP, UVLO",,,Hot Swap Controller,2.5V ~ 16.5V
LTC4212CMS,Analog Devices Inc.,IC CTRLR HOTSWAP TIMEOUT 10MSOP,linear-audio-amplifiers,0,0.0,"10-TFSOP, 10-MSOP (0.118"", 3.00mm Width)",Surface Mount,Discontinued at DigiKey,https://www.analog.com/media/en/technical-documentation/data-sheets/4212f.pdf,https://www.digikey.com/en/products/detail/analog-devices-inc/LTC4212CMS/694870,General Purpose,,1 mA,,,No,1,0°C ~ 70°C,"Auto Retry, Circuit Breaker, Current Limit, Fault Timeout, Latched Fault, OVP, UVLO",,,Hot Swap Controller,2.5V ~ 16.5V
LTC4212CMS#PBF,Analog Devices Inc.,IC HOT SWAP CTRLR GP 10MSOP,linear-audio-amplifiers,100,9.19,"10-TFSOP, 10-MSOP (0.118"", 3.00mm Width)",Surface Mount,Active,https://www.analog.com/media/en/technical-documentation/data-sheets/4212f.pdf,https://www.digikey.com/en/products/detail/analog-devices-inc/LTC4212CMS-PBF/1620104,General Purpose,,1 mA,,,No,1,0°C ~ 70°C,"Auto Retry, Circuit Breaker, Current Limit, Fault Timeout, Latched Fault, OVP, UVLO",,,Hot Swap Controller,2.5V ~ 16.5V
LTC4212CMS#TR,Analog Devices Inc.,IC CTRLR HOTSWAP TIMEOUT 10MSOP,linear-audio-amplifiers,0,0.0,"10-TFSOP, 10-MSOP (0.118"", 3.00mm Width)",Surface Mount,Discontinued at DigiKey,https://www.analog.com/media/en/technical-documentation/data-sheets/4212f.pdf,https://www.digikey.com/en/products/detail/analog-devices-inc/LTC4212CMS-TR/692730,General Purpose,,1 mA,,,No,1,0°C ~ 70°C,"Auto Retry, Circuit Breaker, Current Limit, Fault Timeout, Latched Fault, OVP, UVLO",,,Hot Swap Controller,2.5V ~ 16.5V
LTC4212CMS#TRPBF,Analog Devices Inc.,IC HOT SWAP CTRLR GP 10MSOP,linear-audio-amplifiers,0,5.36598,"10-TFSOP, 10-MSOP (0.118"", 3.00mm Width)",Surface Mount,Active,https://www.analog.com/media/en/technical-documentation/data-sheets/4212f.pdf,https://www.digikey.com/en/products/detail/analog-devices-inc/LTC4212CMS-TRPBF/1620699,General Purpose,,1 mA,,,No,1,0°C ~ 70°C,"Auto Retry, Circuit Breaker, Current Limit, Fault Timeout, Latched Fault, OVP, UVLO",,,Hot Swap Controller,2.5V ~ 16.5V
LTC4212IMS,Analog Devices Inc.,IC CTRLR HOTSWAP TIMEOUT 10MSOP,linear-audio-amplifiers,0,0.0,"10-TFSOP, 10-MSOP (0.118"", 3.00mm Width)",Surface Mount,Obsolete,https://www.analog.com/media/en/technical-documentation/data-sheets/4212f.pdf,https://www.digikey.com/en/products/detail/analog-devices-inc/LTC4212IMS/694885,General Purpose,,1 mA,,,No,1,-40°C ~ 85°C,"Auto Retry, Circuit Breaker, Current Limit, Fault Timeout, Latched Fault, OVP, UVLO",,,Hot Swap Controller,2.5V ~ 16.5V
LTC4212IMS#PBF,Analog Devices Inc.,IC HOT SWAP CTRLR GP 10MSOP,linear-audio-amplifiers,100,10.43,"10-TFSOP, 10-MSOP (0.118"", 3.00mm Width)",Surface Mount,Active,https://www.analog.com/media/en/technical-documentation/data-sheets/4212f.pdf,https://www.digikey.com/en/products/detail/analog-devices-inc/LTC4212IMS-PBF/1620090,General Purpose,,1 mA,,,No,1,-40°C ~ 85°C,"Auto Retry, Circuit Breaker, Current Limit, Fault Timeout, Latched Fault, OVP, UVLO",,,Hot Swap Controller,2.5V ~ 16.5V
LTC4212IMS#TR,Analog Devices Inc.,IC CTRLR HOTSWAP TIMEOUT 10MSOP,linear-audio-amplifiers,0,0.0,"10-TFSOP, 10-MSOP (0.118"", 3.00mm Width)",Surface Mount,Obsolete,https://www.analog.com/media/en/technical-documentation/data-sheets/4212f.pdf,https://www.digikey.com/en/products/detail/analog-devices-inc/LTC4212IMS-TR/692909,General Purpose,,1 mA,,,No,1,-40°C ~ 85°C,"Auto Retry, Circuit Breaker, Current Limit, Fault Timeout, Latched Fault, OVP, UVLO",,,Hot Swap Controller,2.5V ~ 16.5V
LTC4212IMS#TRPBF,Analog Devices Inc.,IC HOT SWAP CTRLR GP 10MSOP,linear-audio-amplifiers,0,6.15086,"10-TFSOP, 10-MSOP (0.118"", 3.00mm Width)",Surface Mount,Active,https://www.analog.com/media/en/technical-documentation/data-sheets/4212f.pdf,https://www.digikey.com/en/products/detail/analog-devices-inc/LTC4212IMS-TRPBF/1620702,General Purpose,,1 mA,,,No,1,-40°C ~ 85°C,"Auto Retry, Circuit Breaker, Current Limit, Fault Timeout, Latched Fault, OVP, UVLO",,,Hot Swap Controller,2.5V ~ 16.5V
LTC4214-1CMS,Analog Devices Inc.,IC CTRLR HOTSWAP NEGVOLT 10MSOP,linear-audio-amplifiers,0,0.0,"10-TFSOP, 10-MSOP (0.118"", 3.00mm Width)",Surface Mount,Discontinued at DigiKey,https://www.analog.com/media/en/technical-documentation/data-sheets/421412f.pdf,https://www.digikey.com/en/products/detail/analog-devices-inc/LTC4214-1CMS/559792,General Purpose,,800 µA,Latched Fault,,No,1,0°C ~ 70°C,"Current Limit, Fault Timeout, OVP, UVLO",,,Hot Swap Controller,6V ~ 16V
LTC4214-1CMS#PBF,Analog Devices Inc.,IC HOT SWAP CTRLR GP 10MSOP,linear-audio-amplifiers,0,5.6191,"10-TFSOP, 10-MSOP (0.118"", 3.00mm Width)",Surface Mount,Active,https://www.analog.com/media/en/technical-documentation/data-sheets/421412f.pdf,https://www.digikey.com/en/products/detail/analog-devices-inc/LTC4214-1CMS-PBF/889962,General Purpose,,800 µA,Latched Fault,,No,1,0°C ~ 70°C,"Current Limit, Fault Timeout, OVP, UVLO",,,Hot Swap Controller,6V ~ 16V
LTC4214-1CMS#TR,Analog Devices Inc.,IC CTRLR HOTSWAP NEG LV 10MSOP,linear-audio-amplifiers,0,0.0,"10-TFSOP, 10-MSOP (0.118"", 3.00mm Width)",Surface Mount,Discontinued at DigiKey,https://www.analog.com/media/en/technical-documentation/data-sheets/421412f.pdf,https://www.digikey.com/en/products/detail/analog-devices-inc/LTC4214-1CMS-TR/693455,General Purpose,,800 µA,Latched Fault,,No,1,0°C ~ 70°C,"Current Limit, Fault Timeout, OVP, UVLO",,,Hot Swap Controller,6V ~ 16V
LTC4214-1CMS#TRPBF,Analog Devices Inc.,IC HOT SWAP CTRLR GP 10MSOP,linear-audio-amplifiers,0,4.95937,"10-TFSOP, 10-MSOP (0.118"", 3.00mm Width)",Surface Mount,Active,https://www.analog.com/media/en/technical-documentation/data-sheets/421412f.pdf,https://www.digikey.com/en/products/detail/analog-devices-inc/LTC4214-1CMS-TRPBF/958250,General Purpose,,800 µA,Latched Fault,,No,1,0°C ~ 70°C,"Current Limit, Fault Timeout, OVP, UVLO",,,Hot Swap Controller,6V ~ 16V
LTC4214-1IMS,Analog Devices Inc.,IC CTRLR HOTSWAP NEG LV 10MSOP,linear-audio-amplifiers,0,0.0,"10-TFSOP, 10-MSOP (0.118"", 3.00mm Width)",Surface Mount,Obsolete,https://www.analog.com/media/en/technical-documentation/data-sheets/421412f.pdf,https://www.digikey.com/en/products/detail/analog-devices-inc/LTC4214-1IMS/694968,General Purpose,,800 µA,Latched Fault,,No,1,-40°C ~ 85°C,"Current Limit, Fault Timeout, OVP, UVLO",,,Hot Swap Controller,6V ~ 16V
LTC4214-1IMS#PBF,Analog Devices Inc.,IC HOT SWAP CTRLR GP 10MSOP,linear-audio-amplifiers,262,8.72,"10-TFSOP, 10-MSOP (0.118"", 3.00mm Width)",Surface Mount,Active,https://www.analog.com/media/en/technical-documentation/data-sheets/421412f.pdf,https://www.digikey.com/en/products/detail/analog-devices-inc/LTC4214-1IMS-PBF/963101,General Purpose,,800 µA,Latched Fault,,No,1,-40°C ~ 85°C,"Current Limit, Fault Timeout, OVP, UVLO",,,Hot Swap Controller,6V ~ 16V
LTC4214-1IMS#TR,Analog Devices Inc.,IC CTRLR HOTSWAP NEG LV 10MSOP,linear-audio-amplifiers,0,0.0,"10-TFSOP, 10-MSOP (0.118"", 3.00mm Width)",Surface Mount,Discontinued at DigiKey,https://www.analog.com/media/en/technical-documentation/data-sheets/421412f.pdf,https://www.digikey.com/en/products/detail/analog-devices-inc/LTC4214-1IMS-TR/693406,General Purpose,,800 µA,Latched Fault,,No,1,-40°C ~ 85°C,"Current Limit, Fault Timeout, OVP, UVLO",,,Hot Swap Controller,6V ~ 16V
LTC4214-1IMS#TRPBF,Analog Devices Inc.,IC HOT SWAP CTRLR GP 10MSOP,linear-audio-amplifiers,0,5.06783,"10-TFSOP, 10-MSOP (0.118"", 3.00mm Width)",Surface Mount,Active,https://www.analog.com/media/en/technical-documentation/data-sheets/421412f.pdf,https://www.digikey.com/en/products/detail/analog-devices-inc/LTC4214-1IMS-TRPBF/959549,General Purpose,,800 µA,Latched Fault,,No,1,-40°C ~ 85°C,"Current Limit, Fault Timeout, OVP, UVLO",,,Hot Swap Controller,6V ~ 16V
LTC4214-2CMS,Analog Devices Inc.,IC CTRLR HOTSWAP NEGVOLT 10MSOP,linear-audio-amplifiers,0,0.0,"10-TFSOP, 10-MSOP (0.118"", 3.00mm Width)",Surface Mount,Discontinued at DigiKey,https://www.analog.com/media/en/technical-documentation/data-sheets/421412f.pdf,https://www.digikey.com/en/products/detail/analog-devices-inc/LTC4214-2CMS/559793,General Purpose,,800 µA,Auto Retry,,No,1,0°C ~ 70°C,"Current Limit, Fault Timeout, OVP, UVLO",,,Hot Swap Controller,6V ~ 16V
LTC4214-2CMS#PBF,Analog Devices Inc.,IC HOT SWAP CTRLR GP 10MSOP,linear-audio-amplifiers,0,5.6191,"10-TFSOP, 10-MSOP (0.118"", 3.00mm Width)",Surface Mount,Active,https://www.analog.com/media/en/technical-documentation/data-sheets/421412f.pdf,https://www.digikey.com/en/products/detail/analog-devices-inc/LTC4214-2CMS-PBF/889926,General Purpose,,800 µA,Auto Retry,,No,1,0°C ~ 70°C,"Current Limit, Fault Timeout, OVP, UVLO",,,Hot Swap Controller,6V ~ 16V
LTC4214-2CMS#TR,Analog Devices Inc.,IC CONTROLLER HOTSWAP NEG 10MSOP,linear-audio-amplifiers,0,0.0,"10-TFSOP, 10-MSOP (0.118"", 3.00mm Width)",Surface Mount,Discontinued at DigiKey,https://www.analog.com/media/en/technical-documentation/data-sheets/421412f.pdf,https://www.digikey.com/en/products/detail/analog-devices-inc/LTC4214-2CMS-TR/631020,General Purpose,,800 µA,Auto Retry,,No,1,0°C ~ 70°C,"Current Limit, Fault Timeout, OVP, UVLO",,,Hot Swap Controller,6V ~ 16V
LTC4214-2CMS#TRPBF,Analog Devices Inc.,IC HOT SWAP CTRLR GP 10MSOP,linear-audio-amplifiers,0,4.95937,"10-TFSOP, 10-MSOP (0.118"", 3.00mm Width)",Surface Mount,Active,https://www.analog.com/media/en/technical-documentation/data-sheets/421412f.pdf,https://www.digikey.com/en/products/detail/analog-devices-inc/LTC4214-2CMS-TRPBF/958241,General Purpose,,800 µA,Auto Retry,,No,1,0°C ~ 70°C,"Current Limit, Fault Timeout, OVP, UVLO",,,Hot Swap Controller,6V ~ 16V
LTC4214-2IMS,Analog Devices Inc.,IC CONTROLLER HOTSWAP NEG 10MSOP,linear-audio-amplifiers,0,0.0,"10-TFSOP, 10-MSOP (0.118"", 3.00mm Width)",Surface Mount,Discontinued at DigiKey,https://www.analog.com/media/en/technical-documentation/data-sheets/421412f.pdf,https://www.digikey.com/en/products/detail/analog-devices-inc/LTC4214-2IMS/630826,General Purpose,,800 µA,Auto Retry,,No,1,-40°C ~ 85°C,"Current Limit, Fault Timeout, OVP, UVLO",,,Hot Swap Controller,6V ~ 16V
LTC4214-2IMS#PBF,Analog Devices Inc.,IC HOT SWAP CTRLR GP 10MSOP,linear-audio-amplifiers,102,8.72,"10-TFSOP, 10-MSOP (0.118"", 3.00mm Width)",Surface Mount,Active,https://www.analog.com/media/en/technical-documentation/data-sheets/421412f.pdf,https://www.digikey.com/en/products/detail/analog-devices-inc/LTC4214-2IMS-PBF/963045,General Purpose,,800 µA,Auto Retry,,No,1,-40°C ~ 85°C,"Current Limit, Fault Timeout, OVP, UVLO",,,Hot Swap Controller,6V ~ 16V
LTC4214-2IMS#TR,Analog Devices Inc.,IC CONTROLLER HOTSWAP NEG 10MSOP,linear-audio-amplifiers,0,0.0,"10-TFSOP, 10-MSOP (0.118"", 3.00mm Width)",Surface Mount,Discontinued at DigiKey,https://www.analog.com/media/en/technical-documentation/data-sheets/421412f.pdf,https://www.digikey.com/en/products/detail/analog-devices-inc/LTC4214-2IMS-TR/631040,General Purpose,,800 µA,Auto Retry,,No,1,-40°C ~ 85°C,"Current Limit, Fault Timeout, OVP, UVLO",,,Hot Swap Controller,6V ~ 16V
LTC4214-2IMS#TRPBF,Analog Devices Inc.,IC HOT SWAP CTRLR GP 10MSOP,linear-audio-amplifiers,0,5.06783,"10-TFSOP, 10-MSOP (0.118"", 3.00mm Width)",Surface Mount,Active,https://www.analog.com/media/en/technical-documentation/data-sheets/421412f.pdf,https://www.digikey.com/en/products/detail/analog-devices-inc/LTC4214-2IMS-TRPBF/959586,General Purpose,,800 µA,Auto Retry,,No,1,-40°C ~ 85°C,"Current Limit, Fault Timeout, OVP, UVLO",,,Hot Swap Controller,6V ~ 16V
LTC4215CGN#PBF,Analog Devices Inc.,IC HOT SWAP CTRLR GP 16SSOP,linear-audio-amplifiers,0,7.9492,"16-SSOP (0.154"", 3.90mm Width)",Surface Mount,Active,https://www.analog.com/media/en/technical-documentation/data-sheets/4215fe.pdf,https://www.digikey.com/en/products/detail/analog-devices-inc/LTC4215CGN-PBF/1619986,General Purpose,,3 mA,"I2C, OVP, UVLO",,No,1,0°C ~ 70°C,"Auto Retry, Current Limit, Fault Timeout, Latched Fault",,,"Hot Swap Controller, Monitor",2.9V ~ 15V
LTC4215CGN#TRPBF,Analog Devices Inc.,IC HOT SWAP CTRLR GP 16SSOP,linear-audio-amplifiers,0,7.0692,"16-SSOP (0.154"", 3.90mm Width)",Surface Mount,Active,https://www.analog.com/media/en/technical-documentation/data-sheets/4215fe.pdf,https://www.digikey.com/en/products/detail/analog-devices-inc/LTC4215CGN-TRPBF/1620817,General Purpose,,3 mA,"I2C, OVP, UVLO",,No,1,0°C ~ 70°C,"Auto Retry, Current Limit, Fault Timeout, Latched Fault",,,"Hot Swap Controller, Monitor",2.9V ~ 15V
LTC4215CUFD#PBF,Analog Devices Inc.,IC HOT SWAP CTRLR GP 24QFN,linear-audio-amplifiers,154,12.44,24-WFQFN Exposed Pad,Surface Mount,Active,https://www.analog.com/media/en/technical-documentation/data-sheets/4215fe.pdf,https://www.digikey.com/en/products/detail/analog-devices-inc/LTC4215CUFD-PBF/1620036,General Purpose,,3 mA,"I2C, OVP, UVLO",,No,1,0°C ~ 70°C,"Auto Retry, Current Limit, Fault Timeout, Latched Fault",,,"Hot Swap Controller, Monitor",2.9V ~ 15V
LTC4215CUFD#TRPBF,Analog Devices Inc.,IC HOT SWAP CTRLR GP 24QFN,linear-audio-amplifiers,0,7.44686,24-WFQFN Exposed Pad,Surface Mount,Active,https://www.analog.com/media/en/technical-documentation/data-sheets/4215fe.pdf,https://www.digikey.com/en/products/detail/analog-devices-inc/LTC4215CUFD-TRPBF/1620736,General Purpose,,3 mA,"I2C, OVP, UVLO",,No,1,0°C ~ 70°C,"Auto Retry, Current Limit, Fault Timeout, Latched Fault",,,"Hot Swap Controller, Monitor",2.9V ~ 15V
LTC4215CUFD-1#PBF,Analog Devices Inc.,IC HOT SWAP CTRLR GP 24QFN,linear-audio-amplifiers,13,11.4,24-WFQFN Exposed Pad,Surface Mount,Active,https://www.analog.com/media/en/technical-documentation/data-sheets/421513fc.pdf,https://www.digikey.com/en/products/detail/analog-devices-inc/LTC4215CUFD-1-PBF/1931744,General Purpose,,3 mA,"I2C, OVP, UVLO",,No,1,0°C ~ 70°C,"Auto Retry, Current Limit, Fault Timeout, Latched Fault",,,"Hot Swap Controller, Monitor",2.9V ~ 15V
LTC4215CUFD-1#TRPBF,Analog Devices Inc.,IC HOT SWAP CTRLR GP 24QFN,linear-audio-amplifiers,0,6.77229,24-WFQFN Exposed Pad,Surface Mount,Active,https://www.analog.com/media/en/technical-documentation/data-sheets/421513fc.pdf,https://www.digikey.com/en/products/detail/analog-devices-inc/LTC4215CUFD-1-TRPBF/1814477,General Purpose,,3 mA,"I2C, OVP, UVLO",,No,1,0°C ~ 70°C,"Auto Retry, Current Limit, Fault Timeout, Latched Fault",,,"Hot Swap Controller, Monitor",2.9V ~ 15V
LTC4215CUFD-2#PBF,Analog Devices Inc.,IC HOT SWAP CTRLR GP 24QFN,linear-audio-amplifiers,56,12.44,24-WFQFN Exposed Pad,Surface Mount,Active,https://www.analog.com/media/en/technical-documentation/data-sheets/4215fe.pdf,https://www.digikey.com/en/products/detail/analog-devices-inc/LTC4215CUFD-2-PBF/2074445,General Purpose,,3 mA,"I2C, OVP, UVLO",,No,1,0°C ~ 70°C,"Auto Retry, Current Limit, Fault Timeout, Latched Fault",,,"Hot Swap Controller, Monitor",2.9V ~ 15V
LTC4215CUFD-2#TRPBF,Analog Devices Inc.,IC HOT SWAP CTRLR GP 24QFN,linear-audio-amplifiers,0,7.44686,24-WFQFN Exposed Pad,Surface Mount,Active,https://www.analog.com/media/en/technical-documentation/data-sheets/4215fe.pdf,https://www.digikey.com/en/products/detail/analog-devices-inc/LTC4215CUFD-2-TRPBF/2107897,General Purpose,,3 mA,"I2C, OVP, UVLO",,No,1,0°C ~ 70°C,"Auto Retry, Current Limit, Fault Timeout, Latched Fault",,,"Hot Swap Controller, Monitor",2.9V ~ 15V
LTC4215CUFD-3#PBF,Analog Devices Inc.,IC HOT SWAP CTRLR GP 24QFN,linear-audio-amplifiers,0,7.75425,24-WFQFN Exposed Pad,Surface Mount,Active,https://www.analog.com/media/en/technical-documentation/data-sheets/421513fc.pdf,https://www.digikey.com/en/products/detail/analog-devices-inc/LTC4215CUFD-3-PBF/2107602,General Purpose,,3 mA,"I2C, OVP, UVLO",,No,1,0°C ~ 70°C,"Auto Retry, Current Limit, Fault Timeout, Latched Fault",,,"Hot Swap Controller, Monitor",2.9V ~ 15V
LTC4215CUFD-3#TRPBF,Analog Devices Inc.,IC HOT SWAP CTRLR GP 24QFN,linear-audio-amplifiers,0,6.77229,24-WFQFN Exposed Pad,Surface Mount,Active,https://www.analog.com/media/en/technical-documentation/data-sheets/421513fc.pdf,https://www.digikey.com/en/products/detail/analog-devices-inc/LTC4215CUFD-3-TRPBF/2107898,General Purpose,,3 mA,"I2C, OVP, UVLO",,No,1,0°C ~ 70°C,"Auto Retry, Current Limit, Fault Timeout, Latched Fault",,,"Hot Swap Controller, Monitor",2.9V ~ 15V
LTC4215IGN#PBF,Analog Devices Inc.,IC HOT SWAP CTRLR GP 16SSOP,linear-audio-amplifiers,0,14.0,"16-SSOP (0.154"", 3.90mm Width)",Surface Mount,Active,https://www.analog.com/media/en/technical-documentation/data-sheets/4215fe.pdf,https://www.digikey.com/en/products/detail/analog-devices-inc/LTC4215IGN-PBF/1620008,General Purpose,,3 mA,"I2C, OVP, UVLO",,No,1,-40°C ~ 85°C,"Auto Retry, Current Limit, Fault Timeout, Latched Fault",,,"Hot Swap Controller, Monitor",2.9V ~ 15V
LTC4215IGN#TRPBF,Analog Devices Inc.,IC HOT SWAP CTRLR GP 16SSOP,linear-audio-amplifiers,0,8.45714,"16-SSOP (0.154"", 3.90mm Width)",Surface Mount,Active,https://www.analog.com/media/en/technical-documentation/data-sheets/4215fe.pdf,https://www.digikey.com/en/products/detail/analog-devices-inc/LTC4215IGN-TRPBF/1620813,General Purpose,,3 mA,"I2C, OVP, UVLO",,No,1,-40°C ~ 85°C,"Auto Retry, Current Limit, Fault Timeout, Latched Fault",,,"Hot Swap Controller, Monitor",2.9V ~ 15V
LTC4215IUFD#PBF,Analog Devices Inc.,IC HOT SWAP CTRLR GP 24QFN,linear-audio-amplifiers,1780,14.65,24-WFQFN Exposed Pad,Surface Mount,Active,https://www.analog.com/media/en/technical-documentation/data-sheets/4215fe.pdf,https://www.digikey.com/en/products/detail/analog-devices-inc/LTC4215IUFD-PBF/1619944,General Purpose,,3 mA,"I2C, OVP, UVLO",,No,1,-40°C ~ 85°C,"Auto Retry, Current Limit, Fault Timeout, Latched Fault",,,"Hot Swap Controller, Monitor",2.9V ~ 15V
LTC4215IUFD#TRPBF,Analog Devices Inc.,IC HOT SWAP CTRLR GP 24QFN,linear-audio-amplifiers,2072,14.65,24-WFQFN Exposed Pad,Surface Mount,Active,https://www.analog.com/media/en/technical-documentation/data-sheets/4215fe.pdf,https://www.digikey.com/en/products/detail/analog-devices-inc/LTC4215IUFD-TRPBF/1620679,General Purpose,,3 mA,"I2C, OVP, UVLO",,No,1,-40°C ~ 85°C,"Auto Retry, Current Limit, Fault Timeout, Latched Fault",,,"Hot Swap Controller, Monitor",2.9V ~ 15V
LTC4215IUFD-1#PBF,Analog Devices Inc.,IC HOT SWAP CTRLR GP 24QFN,linear-audio-amplifiers,31,14.65,24-WFQFN Exposed Pad,Surface Mount,Active,https://www.analog.com/media/en/technical-documentation/data-sheets/421513fc.pdf,https://www.digikey.com/en/products/detail/analog-devices-inc/LTC4215IUFD-1-PBF/1814478,General Purpose,,3 mA,"I2C, OVP, UVLO",,No,1,-40°C ~ 85°C,"Auto Retry, Current Limit, Fault Timeout, Latched Fault",,,"Hot Swap Controller, Monitor",2.9V ~ 15V
LTC4215IUFD-1#TRPBF,Analog Devices Inc.,IC HOT SWAP CTRLR GP 24QFN,linear-audio-amplifiers,0,8.88764,24-WFQFN Exposed Pad,Surface Mount,Active,https://www.analog.com/media/en/technical-documentation/data-sheets/421513fc.pdf,https://www.digikey.com/en/products/detail/analog-devices-inc/LTC4215IUFD-1-TRPBF/1814479,General Purpose,,3 mA,"I2C, OVP, UVLO",,No,1,-40°C ~ 85°C,"Auto Retry, Current Limit, Fault Timeout, Latched Fault",,,"Hot Swap Controller, Monitor",2.9V ~ 15V
LTC4215IUFD-2#PBF,Analog Devices Inc.,IC HOT SWAP CTRLR GP 24QFN,linear-audio-amplifiers,45,14.65,24-WFQFN Exposed Pad,Surface Mount,Active,https://www.analog.com/media/en/technical-documentation/data-sheets/4215fe.pdf,https://www.digikey.com/en/products/detail/analog-devices-inc/LTC4215IUFD-2-PBF/2074446,General Purpose,,3 mA,"I2C, OVP, UVLO",,No,1,-40°C ~ 85°C,"Auto Retry, Current Limit, Fault Timeout, Latched Fault",,,"Hot Swap Controller, Monitor",2.9V ~ 15V
LTC4215IUFD-2#TRPBF,Analog Devices Inc.,IC HOT SWAP CTRLR GP 24QFN,linear-audio-amplifiers,0,8.88764,24-WFQFN Exposed Pad,Surface Mount,Active,https://www.analog.com/media/en/technical-documentation/data-sheets/4215fe.pdf,https://www.digikey.com/en/products/detail/analog-devices-inc/LTC4215IUFD-2-TRPBF/2107899,General Purpose,,3 mA,"I2C, OVP, UVLO",,No,1,-40°C ~ 85°C,"Auto Retry, Current Limit, Fault Timeout, Latched Fault",,,"Hot Swap Controller, Monitor",2.9V ~ 15V
LTC4215IUFD-3#PBF,Analog Devices Inc.,IC HOT SWAP CTRLR GP 24QFN,linear-audio-amplifiers,0,10.11192,24-WFQFN Exposed Pad,Surface Mount,Active,https://www.analog.com/media/en/technical-documentation/data-sheets/421513fc.pdf,https://www.digikey.com/en/products/detail/analog-devices-inc/LTC4215IUFD-3-PBF/2107603,General Purpose,,3 mA,"I2C, OVP, UVLO",,No,1,-40°C ~ 85°C,"Auto Retry, Current Limit, Fault Timeout, Latched Fault",,,"Hot Swap Controller, Monitor",2.9V ~ 15V
LTC4215IUFD-3#TRPBF,Analog Devices Inc.,IC HOT SWAP CTRLR GP 24QFN,linear-audio-amplifiers,0,8.88764,24-WFQFN Exposed Pad,Surface Mount,Active,https://www.analog.com/media/en/technical-documentation/data-sheets/421513fc.pdf,https://www.digikey.com/en/products/detail/analog-devices-inc/LTC4215IUFD-3-TRPBF/2107900,General Purpose,,3 mA,"I2C, OVP, UVLO",,No,1,-40°C ~ 85°C,"Auto Retry, Current Limit, Fault Timeout, Latched Fault",,,"Hot Swap Controller, Monitor",2.9V ~ 15V
LTC4216CDE#PBF,Analog Devices Inc.,IC HOT SWAP CTRLR GP 12DFN,linear-audio-amplifiers,314,6.78,12-WFDFN Exposed Pad,Surface Mount,Active,https://www.analog.com/media/en/technical-documentation/data-sheets/4216fa.pdf,https://www.digikey.com/en/products/detail/analog-devices-inc/LTC4216CDE-PBF/1620297,General Purpose,,1.6 mA,UVLO,,No,1,0°C ~ 70°C,"Auto Retry, Current Limit, Fault Timeout, Latched Fault",,,Hot Swap Controller,2.3V ~ 6V
LTC4216CDE#TRPBF,Analog Devices Inc.,IC HOT SWAP CTRLR GP 12DFN,linear-audio-amplifiers,0,3.85878,12-WFDFN Exposed Pad,Surface Mount,Active,https://www.analog.com/media/en/technical-documentation/data-sheets/4216fa.pdf,https://www.digikey.com/en/products/detail/analog-devices-inc/LTC4216CDE-TRPBF/1620684,General Purpose,,1.6 mA,UVLO,,No,1,0°C ~ 70°C,"Auto Retry, Current Limit, Fault Timeout, Latched Fault",,,Hot Swap Controller,2.3V ~ 6V
LTC4216CMS#PBF,Analog Devices Inc.,IC HOT SWAP CTRLR GP 10MSOP,linear-audio-amplifiers,185,6.36,"10-TFSOP, 10-MSOP (0.118"", 3.00mm Width)",Surface Mount,Active,https://www.analog.com/media/en/technical-documentation/data-sheets/4216fa.pdf,https://www.digikey.com/en/products/detail/analog-devices-inc/LTC4216CMS-PBF/1620216,General Purpose,,1.6 mA,"Latched Fault, UVLO",,No,1,0°C ~ 70°C,"Current Limit, Fault Timeout",,,Hot Swap Controller,2.3V ~ 6V
LTC4216CMS#TRPBF,Analog Devices Inc.,IC HOT SWAP CTRLR GP 10MSOP,linear-audio-amplifiers,0,3.59997,"10-TFSOP, 10-MSOP (0.118"", 3.00mm Width)",Surface Mount,Active,https://www.analog.com/media/en/technical-documentation/data-sheets/4216fa.pdf,https://www.digikey.com/en/products/detail/analog-devices-inc/LTC4216CMS-TRPBF/1620706,General Purpose,,1.6 mA,"Latched Fault, UVLO",,No,1,0°C ~ 70°C,"Current Limit, Fault Timeout",,,Hot Swap Controller,2.3V ~ 6V
LTC4216IDE#PBF,Analog Devices Inc.,IC HOT SWAP CTRLR GP 12DFN,linear-audio-amplifiers,61,7.68,12-WFDFN Exposed Pad,Surface Mount,Active,https://www.analog.com/media/en/technical-documentation/data-sheets/4216fa.pdf,https://www.digikey.com/en/products/detail/analog-devices-inc/LTC4216IDE-PBF/1620299,General Purpose,,1.6 mA,UVLO,,No,1,-40°C ~ 85°C,"Auto Retry, Current Limit, Fault Timeout, Latched Fault",,,Hot Swap Controller,2.3V ~ 6V
LTC4216IDE#TRPBF,Analog Devices Inc.,IC HOT SWAP CTRLR GP 12DFN,linear-audio-amplifiers,2314,7.68,12-WFDFN Exposed Pad,Surface Mount,Active,https://www.analog.com/media/en/technical-documentation/data-sheets/4216fa.pdf,https://www.digikey.com/en/products/detail/analog-devices-inc/LTC4216IDE-TRPBF/1620708,General Purpose,,1.6 mA,UVLO,,No,1,-40°C ~ 85°C,"Auto Retry, Current Limit, Fault Timeout, Latched Fault",,,Hot Swap Controller,2.3V ~ 6V
LTC4216IMS#PBF,Analog Devices Inc.,IC HOT SWAP CTRLR GP 10MSOP,linear-audio-amplifiers,0,7.11,"10-TFSOP, 10-MSOP (0.118"", 3.00mm Width)",Surface Mount,Active,https://www.analog.com/media/en/technical-documentation/data-sheets/4216fa.pdf,https://www.digikey.com/en/products/detail/analog-devices-inc/LTC4216IMS-PBF/1620222,General Purpose,,1.6 mA,"Latched Fault, UVLO",,No,1,-40°C ~ 85°C,"Current Limit, Fault Timeout",,,Hot Swap Controller,2.3V ~ 6V
LTC4216IMS#TRPBF,Analog Devices Inc.,IC HOT SWAP CTRLR GP 10MSOP,linear-audio-amplifiers,0,4.06294,"10-TFSOP, 10-MSOP (0.118"", 3.00mm Width)",Surface Mount,Active,https://www.analog.com/media/en/technical-documentation/data-sheets/4216fa.pdf,https://www.digikey.com/en/products/detail/analog-devices-inc/LTC4216IMS-TRPBF/1620731,General Purpose,,1.6 mA,"Latched Fault, UVLO",,No,1,-40°C ~ 85°C,"Current Limit, Fault Timeout",,,Hot Swap Controller,2.3V ~ 6V
LTC4217CDHC#PBF,Analog Devices Inc.,IC HOT SWAP CTRLR GP 16DFN,linear-audio-amplifiers,398,10.72,16-WFDFN Exposed Pad,Surface Mount,Active,https://www.analog.com/media/en/technical-documentation/data-sheets/4217fg.pdf,https://www.digikey.com/en/products/detail/analog-devices-inc/LTC4217CDHC-PBF/1980650,General Purpose,2A,1.6 mA,Thermal Limit,,Yes,1,0°C ~ 70°C,"Auto Retry, Current Limit, Fault Timeout, Latched Fault, OVP, UVLO",,,"Hot Swap Controller, Monitor",2.9V ~ 26.5V
LTC4217CDHC#TRPBF,Analog Devices Inc.,IC HOT SWAP CTRLR GP 16DFN,linear-audio-amplifiers,2690,10.72,16-WFDFN Exposed Pad,Surface Mount,Active,https://www.analog.com/media/en/technical-documentation/data-sheets/4217fg.pdf,https://www.digikey.com/en/products/detail/analog-devices-inc/LTC4217CDHC-TRPBF/1980651,General Purpose,2A,1.6 mA,Thermal Limit,,Yes,1,0°C ~ 70°C,"Auto Retry, Current Limit, Fault Timeout, Latched Fault, OVP, UVLO",,,"Hot Swap Controller, Monitor",2.9V ~ 26.5V
LTC4217CDHC-12#PBF,Analog Devices Inc.,IC HOT SWAP CTRLR GP 16DFN,linear-audio-amplifiers,0,10.72,16-WFDFN Exposed Pad,Surface Mount,Active,https://www.analog.com/media/en/technical-documentation/data-sheets/4217fg.pdf,https://www.digikey.com/en/products/detail/analog-devices-inc/LTC4217CDHC-12-PBF/1964923,General Purpose,2A,1.6 mA,Thermal Limit,,Yes,1,0°C ~ 70°C,"Auto Retry, Current Limit, Fault Timeout, Latched Fault, OVP, UVLO",,,"Hot Swap Controller, Monitor",2.9V ~ 26.5V
LTC4217CDHC-12#TRPBF,Analog Devices Inc.,IC HOT SWAP CTRLR GP 16DFN,linear-audio-amplifiers,0,6.34009,16-WFDFN Exposed Pad,Surface Mount,Active,https://www.analog.com/media/en/technical-documentation/data-sheets/4217fg.pdf,https://www.digikey.com/en/products/detail/analog-devices-inc/LTC4217CDHC-12-TRPBF/1980652,General Purpose,2A,1.6 mA,Thermal Limit,,Yes,1,0°C ~ 70°C,"Auto Retry, Current Limit, Fault Timeout, Latched Fault, OVP, UVLO",,,"Hot Swap Controller, Monitor",2.9V ~ 26.5V
LTC4217CFE#PBF,Analog Devices Inc.,IC HOT SWAP CTRLR GP 20TSSOP,linear-audio-amplifiers,60,10.72,"20-TSSOP (0.173"", 4.40mm Width) Exposed Pad",Surface Mount,Active,https://www.analog.com/media/en/technical-documentation/data-sheets/4217fg.pdf,https://www.digikey.com/en/products/detail/analog-devices-inc/LTC4217CFE-PBF/1964924,General Purpose,2A,1.6 mA,Thermal Limit,,Yes,1,0°C ~ 70°C,"Auto Retry, Current Limit, Fault Timeout, Latched Fault, OVP, UVLO",,,"Hot Swap Controller, Monitor",2.9V ~ 26.5V
LTC4217CFE#TRPBF,Analog Devices Inc.,IC HOT SWAP CTRLR GP 20TSSOP,linear-audio-amplifiers,0,6.34009,"20-TSSOP (0.173"", 4.40mm Width) Exposed Pad",Surface Mount,Active,https://www.analog.com/media/en/technical-documentation/data-sheets/4217fg.pdf,https://www.digikey.com/en/products/detail/analog-devices-inc/LTC4217CFE-TRPBF/1980653,General Purpose,2A,1.6 mA,Thermal Limit,,Yes,1,0°C ~ 70°C,"Auto Retry, Current Limit, Fault Timeout, Latched Fault, OVP, UVLO",,,"Hot Swap Controller, Monitor",2.9V ~ 26.5V
LTC4217HFE#PBF,Analog Devices Inc.,IC HOT SWAP CTRLR GP 20TSSOP,linear-audio-amplifiers,0,13.25,"20-TSSOP (0.173"", 4.40mm Width) Exposed Pad",Surface Mount,Active,https://www.analog.com/media/en/technical-documentation/data-sheets/4217fg.pdf,https://www.digikey.com/en/products/detail/analog-devices-inc/LTC4217HFE-PBF/2620291,General Purpose,2A,1.6 mA,Thermal Limit,,Yes,1,-40°C ~ 125°C,"Auto Retry, Current Limit, Fault Timeout, Latched Fault, OVP, UVLO",,,"Hot Swap Controller, Monitor",2.9V ~ 26.5V
LTC4217HFE#TRPBF,Analog Devices Inc.,IC HOT SWAP CTRLR GP 20TSSOP,linear-audio-amplifiers,0,7.97241,"20-TSSOP (0.173"", 4.40mm Width) Exposed Pad",Surface Mount,Active,https://www.analog.com/media/en/technical-documentation/data-sheets/4217fg.pdf,https://www.digikey.com/en/products/detail/analog-devices-inc/LTC4217HFE-TRPBF/2620292,General Purpose,2A,1.6 mA,Thermal Limit,,Yes,1,-40°C ~ 125°C,"Auto Retry, Current Limit, Fault Timeout, Latched Fault, OVP, UVLO",,,"Hot Swap Controller, Monitor",2.9V ~ 26.5V
LTC4217IDHC#PBF,Analog Devices Inc.,IC HOT SWAP CTRLR GP 16DFN,linear-audio-amplifiers,0,12.15,16-WFDFN Exposed Pad,Surface Mount,Active,https://www.analog.com/media/en/technical-documentation/data-sheets/4217fg.pdf,https://www.digikey.com/en/products/detail/analog-devices-inc/LTC4217IDHC-PBF/1980656,General Purpose,2A,1.6 mA,Thermal Limit,,Yes,1,-40°C ~ 85°C,"Auto Retry, Current Limit, Fault Timeout, Latched Fault, OVP, UVLO",,,"Hot Swap Controller, Monitor",2.9V ~ 26.5V
LTC4217IDHC#TRPBF,Analog Devices Inc.,IC HOT SWAP CTRLR GP 16DFN,linear-audio-amplifiers,0,12.15,16-WFDFN Exposed Pad,Surface Mount,Active,https://www.analog.com/media/en/technical-documentation/data-sheets/4217fg.pdf,https://www.digikey.com/en/products/detail/analog-devices-inc/LTC4217IDHC-TRPBF/1980657,General Purpose,2A,1.6 mA,Thermal Limit,,Yes,1,-40°C ~ 85°C,"Auto Retry, Current Limit, Fault Timeout, Latched Fault, OVP, UVLO",,,"Hot Swap Controller, Monitor",2.9V ~ 26.5V
LTC4217IDHC-12#PBF,Analog Devices Inc.,IC HOT SWAP CTRLR GP 16DFN,linear-audio-amplifiers,2870,12.15,16-WFDFN Exposed Pad,Surface Mount,Active,https://www.analog.com/media/en/technical-documentation/data-sheets/4217fg.pdf,https://www.digikey.com/en/products/detail/analog-devices-inc/LTC4217IDHC-12-PBF/1964925,General Purpose,2A,1.6 mA,Thermal Limit,,Yes,1,-40°C ~ 85°C,"Auto Retry, Current Limit, Fault Timeout, Latched Fault, OVP, UVLO",,,"Hot Swap Controller, Monitor",2.9V ~ 26.5V
LTC4217IDHC-12#TRPBF,Analog Devices Inc.,IC HOT SWAP CTRLR GP 16DFN,linear-audio-amplifiers,0,7.25809,16-WFDFN Exposed Pad,Surface Mount,Active,https://www.analog.com/media/en/technical-documentation/data-sheets/4217fg.pdf,https://www.digikey.com/en/products/detail/analog-devices-inc/LTC4217IDHC-12-TRPBF/1980658,General Purpose,2A,1.6 mA,Thermal Limit,,Yes,1,-40°C ~ 85°C,"Auto Retry, Current Limit, Fault Timeout, Latched Fault, OVP, UVLO",,,"Hot Swap Controller, Monitor",2.9V ~ 26.5V
LTC4217IFE#PBF,Analog Devices Inc.,IC HOT SWAP CTRLR GP 20TSSOP,linear-audio-amplifiers,176,12.15,"20-TSSOP (0.173"", 4.40mm Width) Exposed Pad",Surface Mount,Active,https://www.analog.com/media/en/technical-documentation/data-sheets/4217fg.pdf,https://www.digikey.com/en/products/detail/analog-devices-inc/LTC4217IFE-PBF/1964926,General Purpose,2A,1.6 mA,Thermal Limit,,Yes,1,-40°C ~ 85°C,"Auto Retry, Current Limit, Fault Timeout, Latched Fault, OVP, UVLO",,,"Hot Swap Controller, Monitor",2.9V ~ 26.5V
LTC4217IFE#TRPBF,Analog Devices Inc.,IC HOT SWAP CTRLR GP 20TSSOP,linear-audio-amplifiers,0,7.25809,"20-TSSOP (0.173"", 4.40mm Width) Exposed Pad",Surface Mount,Active,https://www.analog.com/media/en/technical-documentation/data-sheets/4217fg.pdf,https://www.digikey.com/en/products/detail/analog-devices-inc/LTC4217IFE-TRPBF/1980659,General Purpose,2A,1.6 mA,Thermal Limit,,Yes,1,-40°C ~ 85°C,"Auto Retry, Current Limit, Fault Timeout, Latched Fault, OVP, UVLO",,,"Hot Swap Controller, Monitor",2.9V ~ 26.5V
LTC4218CDHC-12#PBF,Analog Devices Inc.,IC HOT SWAP CTRLR ATCA 16DFN,linear-audio-amplifiers,1727,8.72,16-WFDFN Exposed Pad,Surface Mount,Active,https://www.analog.com/media/en/technical-documentation/data-sheets/4218fh.pdf,https://www.digikey.com/en/products/detail/analog-devices-inc/LTC4218CDHC-12-PBF/1814480,"ATCA, MicroTCA™",,1.6 mA,"OVP, UVLO",,No,1,0°C ~ 70°C,"Auto Retry, Current Limit, Fault Timeout, Latched Fault",,,"Hot Swap Controller, Monitor",2.9V ~ 26.5V
LTC4218CDHC-12#TRPBF,Analog Devices Inc.,IC HOT SWAP CTRLR ATCA 16DFN,linear-audio-amplifiers,0,5.06783,16-WFDFN Exposed Pad,Surface Mount,Active,https://www.analog.com/media/en/technical-documentation/data-sheets/4218fh.pdf,https://www.digikey.com/en/products/detail/analog-devices-inc/LTC4218CDHC-12-TRPBF/1814481,"ATCA, MicroTCA™",,1.6 mA,"OVP, UVLO",,No,1,0°C ~ 70°C,"Auto Retry, Current Limit, Fault Timeout, Latched Fault",,,"Hot Swap Controller, Monitor",2.9V ~ 26.5V
LTC4218CGN#PBF,Analog Devices Inc.,IC HOT SWAP CTRLR ATCA 16SSOP,linear-audio-amplifiers,1364,8.72,"16-SSOP (0.154"", 3.90mm Width)",Surface Mount,Active,https://www.analog.com/media/en/technical-documentation/data-sheets/4218fh.pdf,https://www.digikey.com/en/products/detail/analog-devices-inc/LTC4218CGN-PBF/1814482,"ATCA, MicroTCA™",,1.6 mA,,,No,1,0°C ~ 70°C,"Auto Retry, Current Limit, Fault Timeout, Latched Fault, OVP, UVLO",,,"Hot Swap Controller, Monitor",2.9V ~ 26.5V
LTC4218CGN#TRPBF,Analog Devices Inc.,IC HOT SWAP CTRLR ATCA 16SSOP,linear-audio-amplifiers,0,5.06783,"16-SSOP (0.154"", 3.90mm Width)",Surface Mount,Active,https://www.analog.com/media/en/technical-documentation/data-sheets/4218fh.pdf,https://www.digikey.com/en/products/detail/analog-devices-inc/LTC4218CGN-TRPBF/1814483,"ATCA, MicroTCA™",,1.6 mA,,,No,1,0°C ~ 70°C,"Auto Retry, Current Limit, Fault Timeout, Latched Fault, OVP, UVLO",,,"Hot Swap Controller, Monitor",2.9V ~ 26.5V
LTC4218IDHC-12#PBF,Analog Devices Inc.,IC HOT SWAP CTRLR ATCA 16DFN,linear-audio-amplifiers,507,9.87,16-WFDFN Exposed Pad,Surface Mount,Active,https://www.analog.com/media/en/technical-documentation/data-sheets/4218fh.pdf,https://www.digikey.com/en/products/detail/analog-devices-inc/LTC4218IDHC-12-PBF/1814484,"ATCA, MicroTCA™",,1.6 mA,"OVP, UVLO",,No,1,-40°C ~ 85°C,"Auto Retry, Current Limit, Fault Timeout, Latched Fault",,,"Hot Swap Controller, Monitor",2.9V ~ 26.5V
LTC4218IDHC-12#TRPBF,Analog Devices Inc.,IC HOT SWAP CTRLR ATCA 16DFN,linear-audio-amplifiers,0,5.79923,16-WFDFN Exposed Pad,Surface Mount,Active,https://www.analog.com/media/en/technical-documentation/data-sheets/4218fh.pdf,https://www.digikey.com/en/products/detail/analog-devices-inc/LTC4218IDHC-12-TRPBF/1814485,"ATCA, MicroTCA™",,1.6 mA,"OVP, UVLO",,No,1,-40°C ~ 85°C,"Auto Retry, Current Limit, Fault Timeout, Latched Fault",,,"Hot Swap Controller, Monitor",2.9V ~ 26.5V
LTC4218IGN#PBF,Analog Devices Inc.,IC HOT SWAP CTRLR ATCA 16SSOP,linear-audio-amplifiers,6282,9.87,"16-SSOP (0.154"", 3.90mm Width)",Surface Mount,Active,https://www.analog.com/media/en/technical-documentation/data-sheets/4218fh.pdf,https://www.digikey.com/en/products/detail/analog-devices-inc/LTC4218IGN-PBF/1814486,"ATCA, MicroTCA™",,1.6 mA,,,No,1,-40°C ~ 85°C,"Auto Retry, Current Limit, Fault Timeout, Latched Fault, OVP, UVLO",,,"Hot Swap Controller, Monitor",2.9V ~ 26.5V
LTC4218IGN#TRPBF,Analog Devices Inc.,IC HOT SWAP CTRLR ATCA 16SSOP,linear-audio-amplifiers,7450,9.87,"16-SSOP (0.154"", 3.90mm Width)",Surface Mount,Active,https://www.analog.com/media/en/technical-documentation/data-sheets/4218fh.pdf,https://www.digikey.com/en/products/detail/analog-devices-inc/LTC4218IGN-TRPBF/1814487,"ATCA, MicroTCA™",,1.6 mA,,,No,1,-40°C ~ 85°C,"Auto Retry, Current Limit, Fault Timeout, Latched Fault, OVP, UVLO",,,"Hot Swap Controller, Monitor",2.9V ~ 26.5V
LTC4219CDHC-12#PBF,Analog Devices Inc.,IC HOT SWAP CTRLR GP 16DFN,linear-audio-amplifiers,1000,10.72,16-WFDFN Exposed Pad,Surface Mount,Active,https://www.analog.com/media/en/technical-documentation/data-sheets/4219fd.pdf,https://www.digikey.com/en/products/detail/analog-devices-inc/LTC4219CDHC-12-PBF/2355212,General Purpose,5.6A,1.6 mA,"Thermal Limit, UVLO",,Yes,1,0°C ~ 70°C,"Current Limit, Fault Timeout",,,"Hot Swap Controller, Monitor",2.9V ~ 15V
LTC4219CDHC-12#TRPBF,Analog Devices Inc.,IC HOT SWAP CTRLR GP 16DFN,linear-audio-amplifiers,1451,10.72,16-WFDFN Exposed Pad,Surface Mount,Active,https://www.analog.com/media/en/technical-documentation/data-sheets/4219fd.pdf,https://www.digikey.com/en/products/detail/analog-devices-inc/LTC4219CDHC-12-TRPBF/2355895,General Purpose,5.6A,1.6 mA,"Thermal Limit, UVLO",,Yes,1,0°C ~ 70°C,"Current Limit, Fault Timeout",,,"Hot Swap Controller, Monitor",2.9V ~ 15V
LTC4219CDHC-5#PBF,Analog Devices Inc.,IC HOT SWAP CTRLR GP 16DFN,linear-audio-amplifiers,0,10.72,16-WFDFN Exposed Pad,Surface Mount,Active,https://www.analog.com/media/en/technical-documentation/data-sheets/4219fd.pdf,https://www.digikey.com/en/products/detail/analog-devices-inc/LTC4219CDHC-5-PBF/2355213,General Purpose,5.6A,1.6 mA,"Thermal Limit, UVLO",,Yes,1,0°C ~ 70°C,"Current Limit, Fault Timeout",,,"Hot Swap Controller, Monitor",2.9V ~ 15V
LTC4219CDHC-5#TRPBF,Analog Devices Inc.,IC HOT SWAP CTRLR GP 16DFN,linear-audio-amplifiers,0,6.34009,16-WFDFN Exposed Pad,Surface Mount,Active,https://www.analog.com/media/en/technical-documentation/data-sheets/4219fd.pdf,https://www.digikey.com/en/products/detail/analog-devices-inc/LTC4219CDHC-5-TRPBF/2355896,General Purpose,5.6A,1.6 mA,"Thermal Limit, UVLO",,Yes,1,0°C ~ 70°C,"Current Limit, Fault Timeout",,,"Hot Swap Controller, Monitor",2.9V ~ 15V
LTC4219IDHC-12#PBF,Analog Devices Inc.,IC HOT SWAP CTRLR GP 16DFN,linear-audio-amplifiers,2044,12.63,16-WFDFN Exposed Pad,Surface Mount,Active,https://www.analog.com/media/en/technical-documentation/data-sheets/4219fd.pdf,https://www.digikey.com/en/products/detail/analog-devices-inc/LTC4219IDHC-12-PBF/2355897,General Purpose,5.6A,1.6 mA,"Thermal Limit, UVLO",,Yes,1,-40°C ~ 85°C,"Current Limit, Fault Timeout",,,"Hot Swap Controller, Monitor",2.9V ~ 15V
LTC4219IDHC-12#TRPBF,Analog Devices Inc.,IC HOT SWAP CTRLR GP 16DFN,linear-audio-amplifiers,0,7.5682,16-WFDFN Exposed Pad,Surface Mount,Active,https://www.analog.com/media/en/technical-documentation/data-sheets/4219fd.pdf,https://www.digikey.com/en/products/detail/analog-devices-inc/LTC4219IDHC-12-TRPBF/2355898,General Purpose,5.6A,1.6 mA,"Thermal Limit, UVLO",,Yes,1,-40°C ~ 85°C,"Current Limit, Fault Timeout",,,"Hot Swap Controller, Monitor",2.9V ~ 15V
LTC4219IDHC-5#PBF,Analog Devices Inc.,IC HOT SWAP CTRLR GP 16DFN,linear-audio-amplifiers,952,12.63,16-WFDFN Exposed Pad,Surface Mount,Active,https://www.analog.com/media/en/technical-documentation/data-sheets/4219fd.pdf,https://www.digikey.com/en/products/detail/analog-devices-inc/LTC4219IDHC-5-PBF/2355899,General Purpose,5.6A,1.6 mA,"Thermal Limit, UVLO",,Yes,1,-40°C ~ 85°C,"Current Limit, Fault Timeout",,,"Hot Swap Controller, Monitor",2.9V ~ 15V
LTC4219IDHC-5#TRPBF,Analog Devices Inc.,IC HOT SWAP CTRLR GP 16DFN,linear-audio-amplifiers,0,7.5682,16-WFDFN Exposed Pad,Surface Mount,Active,https://www.analog.com/media/en/technical-documentation/data-sheets/4219fd.pdf,https://www.digikey.com/en/products/detail/analog-devices-inc/LTC4219IDHC-5-TRPBF/2355900,General Purpose,5.6A,1.6 mA,"Thermal Limit, UVLO",,Yes,1,-40°C ~ 85°C,"Current Limit, Fault Timeout",,,"Hot Swap Controller, Monitor",2.9V ~ 15V
LTC4221CGN#PBF,Analog Devices Inc.,IC HOT SWAP CTRLR GP 16SSOP,linear-audio-amplifiers,0,10.91,"16-SSOP (0.154"", 3.90mm Width)",Surface Mount,Active,https://www.analog.com/media/en/technical-documentation/data-sheets/4221fa.pdf,https://www.digikey.com/en/products/detail/analog-devices-inc/LTC4221CGN-PBF/962779,General Purpose,,2.2 mA,"OVP, UVLO",,No,2,0°C ~ 70°C,"Auto Retry, Circuit Breaker, Current Limit, Fault Timeout, Latched Fault",,,Hot Swap Controller,1V ~ 13.5V
LTC4221CGN#TR,Analog Devices Inc.,IC CTRLR HOTSWAP DUAL 16SSOP,linear-audio-amplifiers,0,0.0,"16-SSOP (0.154"", 3.90mm Width)",Surface Mount,Discontinued at DigiKey,https://www.analog.com/media/en/technical-documentation/data-sheets/4221fa.pdf,https://www.digikey.com/en/products/detail/analog-devices-inc/LTC4221CGN-TR/693422,General Purpose,,2.2 mA,"OVP, UVLO",,No,2,0°C ~ 70°C,"Auto Retry, Circuit Breaker, Current Limit, Fault Timeout, Latched Fault",,,Hot Swap Controller,1V ~ 13.5V
LTC4221CGN#TRPBF,Analog Devices Inc.,IC HOT SWAP CTRLR GP 16SSOP,linear-audio-amplifiers,0,6.4617,"16-SSOP (0.154"", 3.90mm Width)",Surface Mount,Active,https://www.analog.com/media/en/technical-documentation/data-sheets/4221fa.pdf,https://www.digikey.com/en/products/detail/analog-devices-inc/LTC4221CGN-TRPBF/958424,General Purpose,,2.2 mA,"OVP, UVLO",,No,2,0°C ~ 70°C,"Auto Retry, Circuit Breaker, Current Limit, Fault Timeout, Latched Fault",,,Hot Swap Controller,1V ~ 13.5V
LTC4221IGN,Analog Devices Inc.,IC CTRLR HOTSWAP DUAL 16SSOP,linear-audio-amplifiers,0,0.0,"16-SSOP (0.154"", 3.90mm Width)",Surface Mount,Obsolete,https://www.analog.com/media/en/technical-documentation/data-sheets/4221fa.pdf,https://www.digikey.com/en/products/detail/analog-devices-inc/LTC4221IGN/695156,General Purpose,,2.2 mA,"OVP, UVLO",,No,2,-40°C ~ 85°C,"Auto Retry, Circuit Breaker, Current Limit, Fault Timeout, Latched Fault",,,Hot Swap Controller,1V ~ 13.5V
LTC4221IGN#PBF,Analog Devices Inc.,IC HOT SWAP CTRLR GP 16SSOP,linear-audio-amplifiers,87,12.79,"16-SSOP (0.154"", 3.90mm Width)",Surface Mount,Active,https://www.analog.com/media/en/technical-documentation/data-sheets/4221fa.pdf,https://www.digikey.com/en/products/detail/analog-devices-inc/LTC4221IGN-PBF/961064,General Purpose,,2.2 mA,"OVP, UVLO",,No,2,-40°C ~ 85°C,"Auto Retry, Circuit Breaker, Current Limit, Fault Timeout, Latched Fault",,,Hot Swap Controller,1V ~ 13.5V
LTC4221IGN#TR,Analog Devices Inc.,IC CTRLR HOTSWAP DUAL 16SSOP,linear-audio-amplifiers,0,0.0,"16-SSOP (0.154"", 3.90mm Width)",Surface Mount,Discontinued at DigiKey,https://www.analog.com/media/en/technical-documentation/data-sheets/4221fa.pdf,https://www.digikey.com/en/products/detail/analog-devices-inc/LTC4221IGN-TR/693306,General Purpose,,2.2 mA,"OVP, UVLO",,No,2,-40°C ~ 85°C,"Auto Retry, Circuit Breaker, Current Limit, Fault Timeout, Latched Fault",,,Hot Swap Controller,1V ~ 13.5V
LTC4221IGN#TRPBF,Analog Devices Inc.,IC HOT SWAP CTRLR GP 16SSOP,linear-audio-amplifiers,0,7.67603,"16-SSOP (0.154"", 3.90mm Width)",Surface Mount,Active,https://www.analog.com/media/en/technical-documentation/data-sheets/4221fa.pdf,https://www.digikey.com/en/products/detail/analog-devices-inc/LTC4221IGN-TRPBF/959385,General Purpose,,2.2 mA,"OVP, UVLO",,No,2,-40°C ~ 85°C,"Auto Retry, Circuit Breaker, Current Limit, Fault Timeout, Latched Fault",,,Hot Swap Controller,1V ~ 13.5V
LTC4222CG#PBF,Analog Devices Inc.,IC HOT SWAP CTRLR GP 36SSOP,linear-audio-amplifiers,37,17.71,"36-SSOP (0.209"", 5.30mm Width)",Surface Mount,Active,https://www.analog.com/media/en/technical-documentation/data-sheets/4222fb.pdf,https://www.digikey.com/en/products/detail/analog-devices-inc/LTC4222CG-PBF/1985795,General Purpose,,3 mA,I2C,,No,2,0°C ~ 70°C,"Auto Retry, Current Limit, Fault Timeout, Latched Fault, OVP, UVLO",,,"Hot Swap Controller, Monitor",2.9V ~ 29V
LTC4222CG#TRPBF,Analog Devices Inc.,IC HOT SWAP CTRLR GP 36SSOP,linear-audio-amplifiers,0,10.95728,"36-SSOP (0.209"", 5.30mm Width)",Surface Mount,Active,https://www.analog.com/media/en/technical-documentation/data-sheets/4222fb.pdf,https://www.digikey.com/en/products/detail/analog-devices-inc/LTC4222CG-TRPBF/1985796,General Purpose,,3 mA,I2C,,No,2,0°C ~ 70°C,"Auto Retry, Current Limit, Fault Timeout, Latched Fault, OVP, UVLO",,,"Hot Swap Controller, Monitor",2.9V ~ 29V
LTC4222CUH#PBF,Analog Devices Inc.,IC HOT SWAP CTRLR GP 32QFN,linear-audio-amplifiers,6,17.71,32-WFQFN Exposed Pad,Surface Mount,Active,https://www.analog.com/media/en/technical-documentation/data-sheets/4222fb.pdf,https://www.digikey.com/en/products/detail/analog-devices-inc/LTC4222CUH-PBF/1985797,General Purpose,,3 mA,I2C,,No,2,0°C ~ 70°C,"Auto Retry, Current Limit, Fault Timeout, Latched Fault, OVP, UVLO",,,"Hot Swap Controller, Monitor",2.9V ~ 29V
LTC4222CUH#TRPBF,Analog Devices Inc.,IC HOT SWAP CTRLR GP 32QFN,linear-audio-amplifiers,0,10.90232,32-WFQFN Exposed Pad,Surface Mount,Active,https://www.analog.com/media/en/technical-documentation/data-sheets/4222fb.pdf,https://www.digikey.com/en/products/detail/analog-devices-inc/LTC4222CUH-TRPBF/1985798,General Purpose,,3 mA,I2C,,No,2,0°C ~ 70°C,"Auto Retry, Current Limit, Fault Timeout, Latched Fault, OVP, UVLO",,,"Hot Swap Controller, Monitor",2.9V ~ 29V
LTC4222IG#PBF,Analog Devices Inc.,IC HOT SWAP CTRLR GP 36SSOP,linear-audio-amplifiers,32,20.9,"36-SSOP (0.209"", 5.30mm Width)",Surface Mount,Active,https://www.analog.com/media/en/technical-documentation/data-sheets/4222fb.pdf,https://www.digikey.com/en/products/detail/analog-devices-inc/LTC4222IG-PBF/1985799,General Purpose,,3 mA,I2C,,No,2,-40°C ~ 85°C,"Auto Retry, Current Limit, Fault Timeout, Latched Fault, OVP, UVLO",,,"Hot Swap Controller, Monitor",2.9V ~ 29V
LTC4222IG#TRPBF,Analog Devices Inc.,IC HOT SWAP CTRLR GP 36SSOP,linear-audio-amplifiers,0,13.09611,"36-SSOP (0.209"", 5.30mm Width)",Surface Mount,Active,https://www.analog.com/media/en/technical-documentation/data-sheets/4222fb.pdf,https://www.digikey.com/en/products/detail/analog-devices-inc/LTC4222IG-TRPBF/1985800,General Purpose,,3 mA,I2C,,No,2,-40°C ~ 85°C,"Auto Retry, Current Limit, Fault Timeout, Latched Fault, OVP, UVLO",,,"Hot Swap Controller, Monitor",2.9V ~ 29V
LTC4222IUH#PBF,Analog Devices Inc.,IC HOT SWAP CTRLR GP 32QFN,linear-audio-amplifiers,0,20.9,32-WFQFN Exposed Pad,Surface Mount,Active,https://www.analog.com/media/en/technical-documentation/data-sheets/4222fb.pdf,https://www.digikey.com/en/products/detail/analog-devices-inc/LTC4222IUH-PBF/1985801,General Purpose,,3 mA,I2C,,No,2,-40°C ~ 85°C,"Auto Retry, Current Limit, Fault Timeout, Latched Fault, OVP, UVLO",,,"Hot Swap Controller, Monitor",2.9V ~ 29V
LTC4222IUH#TRPBF,Analog Devices Inc.,IC HOT SWAP CTRLR GP 32QFN,linear-audio-amplifiers,0,13.03252,32-WFQFN Exposed Pad,Surface Mount,Active,https://www.analog.com/media/en/technical-documentation/data-sheets/4222fb.pdf,https://www.digikey.com/en/products/detail/analog-devices-inc/LTC4222IUH-TRPBF/1985802,General Purpose,,3 mA,I2C,,No,2,-40°C ~ 85°C,"Auto Retry, Current Limit, Fault Timeout, Latched Fault, OVP, UVLO",,,"Hot Swap Controller, Monitor",2.9V ~ 29V
LTC4223CDHD-1#PBF,Analog Devices Inc.,IC HOT SWAP CTRLR ATCA 16DFN,linear-audio-amplifiers,96,6.63,16-WFDFN Exposed Pad,Surface Mount,Active,https://www.analog.com/media/en/technical-documentation/data-sheets/422312f.pdf,https://www.digikey.com/en/products/detail/analog-devices-inc/LTC4223CDHD-1-PBF/1650917,"ATCA, MicroTCA™",,800 µA,"Latched Fault, Thermal Limit, UVLO",,Both,2,0°C ~ 70°C,"Current Limit, Fault Timeout",,,Hot Swap Controller,2.7V ~ 14V
LTC4223CDHD-1#TRPBF,Analog Devices Inc.,IC HOT SWAP CTRLR ATCA 16DFN,linear-audio-amplifiers,0,3.76346,16-WFDFN Exposed Pad,Surface Mount,Active,https://www.analog.com/media/en/technical-documentation/data-sheets/422312f.pdf,https://www.digikey.com/en/products/detail/analog-devices-inc/LTC4223CDHD-1-TRPBF/1746249,"ATCA, MicroTCA™",,800 µA,"Latched Fault, Thermal Limit, UVLO",,Both,2,0°C ~ 70°C,"Current Limit, Fault Timeout",,,Hot Swap Controller,2.7V ~ 14V
LTC4223CDHD-2#PBF,Analog Devices Inc.,IC HOT SWAP CTRLR ATCA 16DFN,linear-audio-amplifiers,0,4.20123,16-WFDFN Exposed Pad,Surface Mount,Active,https://www.analog.com/media/en/technical-documentation/data-sheets/422312f.pdf,https://www.digikey.com/en/products/detail/analog-devices-inc/LTC4223CDHD-2-PBF/1730270,"ATCA, MicroTCA™",,800 µA,"Auto Retry, Thermal Limit, UVLO",,Both,2,0°C ~ 70°C,"Current Limit, Fault Timeout",,,Hot Swap Controller,2.7V ~ 14V
LTC4223CDHD-2#TRPBF,Analog Devices Inc.,IC HOT SWAP CTRLR ATCA 16DFN,linear-audio-amplifiers,0,3.76346,16-WFDFN Exposed Pad,Surface Mount,Active,https://www.analog.com/media/en/technical-documentation/data-sheets/422312f.pdf,https://www.digikey.com/en/products/detail/analog-devices-inc/LTC4223CDHD-2-TRPBF/1746251,"ATCA, MicroTCA™",,800 µA,"Auto Retry, Thermal Limit, UVLO",,Both,2,0°C ~ 70°C,"Current Limit, Fault Timeout",,,Hot Swap Controller,2.7V ~ 14V
LTC4223CGN-1#PBF,Analog Devices Inc.,IC HOT SWAP CTRLR ATCA 16SSOP,linear-audio-amplifiers,0,4.2906,"16-SSOP (0.154"", 3.90mm Width)",Surface Mount,Active,https://www.analog.com/media/en/technical-documentation/data-sheets/422312f.pdf,https://www.digikey.com/en/products/detail/analog-devices-inc/LTC4223CGN-1-PBF/1650918,"ATCA, MicroTCA™",,800 µA,"Latched Fault, Thermal Limit, UVLO",,Both,2,0°C ~ 70°C,"Current Limit, Fault Timeout",,,Hot Swap Controller,2.7V ~ 14V
LTC4223CGN-1#TRPBF,Analog Devices Inc.,IC HOT SWAP CTRLR ATCA 16SSOP,linear-audio-amplifiers,0,3.76346,"16-SSOP (0.154"", 3.90mm Width)",Surface Mount,Active,https://www.analog.com/media/en/technical-documentation/data-sheets/422312f.pdf,https://www.digikey.com/en/products/detail/analog-devices-inc/LTC4223CGN-1-TRPBF/1746253,"ATCA, MicroTCA™",,800 µA,"Latched Fault, Thermal Limit, UVLO",,Both,2,0°C ~ 70°C,"Current Limit, Fault Timeout",,,Hot Swap Controller,2.7V ~ 14V
LTC4223CGN-2#PBF,Analog Devices Inc.,IC HOT SWAP CTRLR ATCA 16SSOP,linear-audio-amplifiers,0,6.63,"16-SSOP (0.154"", 3.90mm Width)",Surface Mount,Active,https://www.analog.com/media/en/technical-documentation/data-sheets/422312f.pdf,https://www.digikey.com/en/products/detail/analog-devices-inc/LTC4223CGN-2-PBF/1730271,"ATCA, MicroTCA™",,800 µA,"Auto Retry, Thermal Limit, UVLO",,Both,2,0°C ~ 70°C,"Current Limit, Fault Timeout",,,Hot Swap Controller,2.7V ~ 14V
LTC4223CGN-2#TRPBF,Analog Devices Inc.,IC HOT SWAP CTRLR ATCA 16SSOP,linear-audio-amplifiers,0,3.76346,"16-SSOP (0.154"", 3.90mm Width)",Surface Mount,Active,https://www.analog.com/media/en/technical-documentation/data-sheets/422312f.pdf,https://www.digikey.com/en/products/detail/analog-devices-inc/LTC4223CGN-2-TRPBF/1746255,"ATCA, MicroTCA™",,800 µA,"Auto Retry, Thermal Limit, UVLO",,Both,2,0°C ~ 70°C,"Current Limit, Fault Timeout",,,Hot Swap Controller,2.7V ~ 14V
LTC4223IDHD-1#PBF,Analog Devices Inc.,IC HOT SWAP CTRLR ATCA 16DFN,linear-audio-amplifiers,0,4.98918,16-WFDFN Exposed Pad,Surface Mount,Active,https://www.analog.com/media/en/technical-documentation/data-sheets/422312f.pdf,https://www.digikey.com/en/products/detail/analog-devices-inc/LTC4223IDHD-1-PBF/1650919,"ATCA, MicroTCA™",,800 µA,"Latched Fault, Thermal Limit, UVLO",,Both,2,-40°C ~ 85°C,"Current Limit, Fault Timeout",,,Hot Swap Controller,2.7V ~ 14V
LTC4223IDHD-1#TRPBF,Analog Devices Inc.,IC HOT SWAP CTRLR ATCA 16DFN,linear-audio-amplifiers,0,4.48432,16-WFDFN Exposed Pad,Surface Mount,Active,https://www.analog.com/media/en/technical-documentation/data-sheets/422312f.pdf,https://www.digikey.com/en/products/detail/analog-devices-inc/LTC4223IDHD-1-TRPBF/1746256,"ATCA, MicroTCA™",,800 µA,"Latched Fault, Thermal Limit, UVLO",,Both,2,-40°C ~ 85°C,"Current Limit, Fault Timeout",,,Hot Swap Controller,2.7V ~ 14V
LTC4223IDHD-2#PBF,Analog Devices Inc.,IC HOT SWAP CTRLR ATCA 16DFN,linear-audio-amplifiers,158,7.79,16-WFDFN Exposed Pad,Surface Mount,Active,https://www.analog.com/media/en/technical-documentation/data-sheets/422312f.pdf,https://www.digikey.com/en/products/detail/analog-devices-inc/LTC4223IDHD-2-PBF/1730272,"ATCA, MicroTCA™",,800 µA,"Auto Retry, Thermal Limit, UVLO",,Both,2,-40°C ~ 85°C,"Current Limit, Fault Timeout",,,Hot Swap Controller,2.7V ~ 14V
LTC4223IDHD-2#TRPBF,Analog Devices Inc.,IC HOT SWAP CTRLR ATCA 16DFN,linear-audio-amplifiers,0,4.48432,16-WFDFN Exposed Pad,Surface Mount,Active,https://www.analog.com/media/en/technical-documentation/data-sheets/422312f.pdf,https://www.digikey.com/en/products/detail/analog-devices-inc/LTC4223IDHD-2-TRPBF/1746258,"ATCA, MicroTCA™",,800 µA,"Auto Retry, Thermal Limit, UVLO",,Both,2,-40°C ~ 85°C,"Current Limit, Fault Timeout",,,Hot Swap Controller,2.7V ~ 14V
LTC4223IGN-1#PBF,Analog Devices Inc.,IC HOT SWAP CTRLR ATCA 16SSOP,linear-audio-amplifiers,85,7.79,"16-SSOP (0.154"", 3.90mm Width)",Surface Mount,Active,https://www.analog.com/media/en/technical-documentation/data-sheets/422312f.pdf,https://www.digikey.com/en/products/detail/analog-devices-inc/LTC4223IGN-1-PBF/1650920,"ATCA, MicroTCA™",,800 µA,"Latched Fault, Thermal Limit, UVLO",,Both,2,-40°C ~ 85°C,"Current Limit, Fault Timeout",,,Hot Swap Controller,2.7V ~ 14V
LTC4223IGN-1#TRPBF,Analog Devices Inc.,IC HOT SWAP CTRLR ATCA 16SSOP,linear-audio-amplifiers,0,4.48432,"16-SSOP (0.154"", 3.90mm Width)",Surface Mount,Active,https://www.analog.com/media/en/technical-documentation/data-sheets/422312f.pdf,https://www.digikey.com/en/products/detail/analog-devices-inc/LTC4223IGN-1-TRPBF/1746260,"ATCA, MicroTCA™",,800 µA,"Latched Fault, Thermal Limit, UVLO",,Both,2,-40°C ~ 85°C,"Current Limit, Fault Timeout",,,Hot Swap Controller,2.7V ~ 14V
LTC4223IGN-2#PBF,Analog Devices Inc.,IC HOT SWAP CTRLR ATCA 16SSOP,linear-audio-amplifiers,0,5.0922,"16-SSOP (0.154"", 3.90mm Width)",Surface Mount,Active,https://www.analog.com/media/en/technical-documentation/data-sheets/422312f.pdf,https://www.digikey.com/en/products/detail/analog-devices-inc/LTC4223IGN-2-PBF/1730273,"ATCA, MicroTCA™",,800 µA,"Auto Retry, Thermal Limit, UVLO",,Both,2,-40°C ~ 85°C,"Current Limit, Fault Timeout",,,Hot Swap Controller,2.7V ~ 14V
LTC4223IGN-2#TRPBF,Analog Devices Inc.,IC HOT SWAP CTRLR ATCA 16SSOP,linear-audio-amplifiers,0,4.48432,"16-SSOP (0.154"", 3.90mm Width)",Surface Mount,Active,https://www.analog.com/media/en/technical-documentation/data-sheets/422312f.pdf,https://www.digikey.com/en/products/detail/analog-devices-inc/LTC4223IGN-2-TRPBF/1746261,"ATCA, MicroTCA™",,800 µA,"Auto Retry, Thermal Limit, UVLO",,Both,2,-40°C ~ 85°C,"Current Limit, Fault Timeout",,,Hot Swap Controller,2.7V ~ 14V
LTC4224CDDB-1#PBF,Analog Devices Inc.,IC CNTRLR HOT SWAP DUAL,linear-audio-amplifiers,0,0.0,10-WFDFN Exposed Pad,Surface Mount,Discontinued at DigiKey,https://www.analog.com/media/en/technical-documentation/data-sheets/422412fa.pdf,https://www.digikey.com/en/products/detail/analog-devices-inc/LTC4224CDDB-1-PBF/3901678,General Purpose,,1.4 mA,"Fault Timeout, Latched Fault, UVLO",,No,2,0°C ~ 70°C,"Current Limit, Slew Rate",,,Hot Swap Controller,1V ~ 6V
LTC4224CDDB-1#TRMPBF,Analog Devices Inc.,IC HOT SWAP CTRLR GP 10DFN,linear-audio-amplifiers,50,4.83398,10-WFDFN Exposed Pad,Surface Mount,Active,https://www.analog.com/media/en/technical-documentation/data-sheets/422412fa.pdf,https://www.digikey.com/en/products/detail/analog-devices-inc/LTC4224CDDB-1-TRMPBF/1927864,General Purpose,,1.4 mA,"Fault Timeout, Latched Fault, UVLO",,No,2,0°C ~ 70°C,"Current Limit, Slew Rate",,,Hot Swap Controller,1V ~ 6V
LTC4224CDDB-1#TRPBF,Analog Devices Inc.,IC HOT SWAP CTRLR GP 10DFN,linear-audio-amplifiers,0,4.59296,10-WFDFN Exposed Pad,Surface Mount,Active,https://www.analog.com/media/en/technical-documentation/data-sheets/422412fa.pdf,https://www.digikey.com/en/products/detail/analog-devices-inc/LTC4224CDDB-1-TRPBF/1931745,General Purpose,,1.4 mA,"Fault Timeout, Latched Fault, UVLO",,No,2,0°C ~ 70°C,"Current Limit, Slew Rate",,,Hot Swap Controller,1V ~ 6V
LTC4224CDDB-2#PBF,Analog Devices Inc.,IC CNTRLR HOT SWAP DUAL,linear-audio-amplifiers,0,0.0,10-WFDFN Exposed Pad,Surface Mount,Discontinued at DigiKey,https://www.analog.com/media/en/technical-documentation/data-sheets/422412fa.pdf,https://www.digikey.com/en/products/detail/analog-devices-inc/LTC4224CDDB-2-PBF/3901679,General Purpose,,1.4 mA,"Auto Retry, Fault Timeout, UVLO",,No,2,0°C ~ 70°C,"Current Limit, Slew Rate",,,Hot Swap Controller,1V ~ 6V
LTC4224CDDB-2#TRMPBF,Analog Devices Inc.,IC HOT SWAP CTRLR GP 10DFN,linear-audio-amplifiers,0,4.83398,10-WFDFN Exposed Pad,Surface Mount,Active,https://www.analog.com/media/en/technical-documentation/data-sheets/422412fa.pdf,https://www.digikey.com/en/products/detail/analog-devices-inc/LTC4224CDDB-2-TRMPBF/1927865,General Purpose,,1.4 mA,"Auto Retry, Fault Timeout, UVLO",,No,2,0°C ~ 70°C,"Current Limit, Slew Rate",,,Hot Swap Controller,1V ~ 6V
LTC4224CDDB-2#TRPBF,Analog Devices Inc.,IC HOT SWAP CTRLR GP 10DFN,linear-audio-amplifiers,0,4.59296,10-WFDFN Exposed Pad,Surface Mount,Active,https://www.analog.com/media/en/technical-documentation/data-sheets/422412fa.pdf,https://www.digikey.com/en/products/detail/analog-devices-inc/LTC4224CDDB-2-TRPBF/1931746,General Purpose,,1.4 mA,"Auto Retry, Fault Timeout, UVLO",,No,2,0°C ~ 70°C,"Current Limit, Slew Rate",,,Hot Swap Controller,1V ~ 6V
LTC4224CMS-1#PBF,Analog Devices Inc.,IC HOT SWAP CTRLR GP 10MSOP,linear-audio-amplifiers,0,5.243,"10-TFSOP, 10-MSOP (0.118"", 3.00mm Width)",Surface Mount,Active,https://www.analog.com/media/en/technical-documentation/data-sheets/422412fa.pdf,https://www.digikey.com/en/products/detail/analog-devices-inc/LTC4224CMS-1-PBF/2002440,General Purpose,,1.4 mA,"Fault Timeout, Latched Fault, UVLO",,No,2,0°C ~ 70°C,"Current Limit, Slew Rate",,,Hot Swap Controller,1V ~ 6V
LTC4224CMS-1#TRPBF,Analog Devices Inc.,IC HOT SWAP CTRLR GP 10MSOP,linear-audio-amplifiers,0,4.62012,"10-TFSOP, 10-MSOP (0.118"", 3.00mm Width)",Surface Mount,Active,https://www.analog.com/media/en/technical-documentation/data-sheets/422412fa.pdf,https://www.digikey.com/en/products/detail/analog-devices-inc/LTC4224CMS-1-TRPBF/1931747,General Purpose,,1.4 mA,"Fault Timeout, Latched Fault, UVLO",,No,2,0°C ~ 70°C,"Current Limit, Slew Rate",,,Hot Swap Controller,1V ~ 6V
LTC4224CMS-2#PBF,Analog Devices Inc.,IC HOT SWAP CTRLR GP 10MSOP,linear-audio-amplifiers,0,5.243,"10-TFSOP, 10-MSOP (0.118"", 3.00mm Width)",Surface Mount,Active,https://www.analog.com/media/en/technical-documentation/data-sheets/422412fa.pdf,https://www.digikey.com/en/products/detail/analog-devices-inc/LTC4224CMS-2-PBF/2002441,General Purpose,,1.4 mA,"Auto Retry, Fault Timeout, UVLO",,No,2,0°C ~ 70°C,"Current Limit, Slew Rate",,,Hot Swap Controller,1V ~ 6V
LTC4224CMS-2#TRPBF,Analog Devices Inc.,IC HOT SWAP CTRLR GP 10MSOP,linear-audio-amplifiers,0,4.62012,"10-TFSOP, 10-MSOP (0.118"", 3.00mm Width)",Surface Mount,Active,https://www.analog.com/media/en/technical-documentation/data-sheets/422412fa.pdf,https://www.digikey.com/en/products/detail/analog-devices-inc/LTC4224CMS-2-TRPBF/1931748,General Purpose,,1.4 mA,"Auto Retry, Fault Timeout, UVLO",,No,2,0°C ~ 70°C,"Current Limit, Slew Rate",,,Hot Swap Controller,1V ~ 6V
LTC4224IDDB-1#PBF,Analog Devices Inc.,IC CNTRLR HOT SWAP DUAL,linear-audio-amplifiers,0,0.0,10-WFDFN Exposed Pad,Surface Mount,Discontinued at DigiKey,https://www.analog.com/media/en/technical-documentation/data-sheets/422412fa.pdf,https://www.digikey.com/en/products/detail/analog-devices-inc/LTC4224IDDB-1-PBF/3901680,General Purpose,,1.4 mA,"Fault Timeout, Latched Fault, UVLO",,No,2,-40°C ~ 85°C,"Current Limit, Slew Rate",,,Hot Swap Controller,1V ~ 6V
LTC4224IDDB-1#TRMPBF,Analog Devices Inc.,IC HOT SWAP CTRLR GP 10DFN,linear-audio-amplifiers,451,9.02,10-WFDFN Exposed Pad,Surface Mount,Active,https://www.analog.com/media/en/technical-documentation/data-sheets/422412fa.pdf,https://www.digikey.com/en/products/detail/analog-devices-inc/LTC4224IDDB-1-TRMPBF/1927866,General Purpose,,1.4 mA,"Fault Timeout, Latched Fault, UVLO",,No,2,-40°C ~ 85°C,"Current Limit, Slew Rate",,,Hot Swap Controller,1V ~ 6V
LTC4224IDDB-1#TRPBF,Analog Devices Inc.,IC HOT SWAP CTRLR GP 10DFN,linear-audio-amplifiers,0,5.25761,10-WFDFN Exposed Pad,Surface Mount,Active,https://www.analog.com/media/en/technical-documentation/data-sheets/422412fa.pdf,https://www.digikey.com/en/products/detail/analog-devices-inc/LTC4224IDDB-1-TRPBF/1931749,General Purpose,,1.4 mA,"Fault Timeout, Latched Fault, UVLO",,No,2,-40°C ~ 85°C,"Current Limit, Slew Rate",,,Hot Swap Controller,1V ~ 6V
LTC4224IDDB-2#PBF,Analog Devices Inc.,IC CNTRLR HOT SWAP DUAL,linear-audio-amplifiers,0,0.0,10-WFDFN Exposed Pad,Surface Mount,Discontinued at DigiKey,https://www.analog.com/media/en/technical-documentation/data-sheets/422412fa.pdf,https://www.digikey.com/en/products/detail/analog-devices-inc/LTC4224IDDB-2-PBF/3901681,General Purpose,,1.4 mA,"Auto Retry, Fault Timeout, UVLO",,No,2,-40°C ~ 85°C,"Current Limit, Slew Rate",,,Hot Swap Controller,1V ~ 6V
LTC4224IDDB-2#TRMPBF,Analog Devices Inc.,IC HOT SWAP CTRLR GP 10DFN,linear-audio-amplifiers,301,9.02,10-WFDFN Exposed Pad,Surface Mount,Active,https://www.analog.com/media/en/technical-documentation/data-sheets/422412fa.pdf,https://www.digikey.com/en/products/detail/analog-devices-inc/LTC4224IDDB-2-TRMPBF/1927867,General Purpose,,1.4 mA,"Auto Retry, Fault Timeout, UVLO",,No,2,-40°C ~ 85°C,"Current Limit, Slew Rate",,,Hot Swap Controller,1V ~ 6V
LTC4224IDDB-2#TRPBF,Analog Devices Inc.,IC HOT SWAP CTRLR GP 10DFN,linear-audio-amplifiers,0,5.25761,10-WFDFN Exposed Pad,Surface Mount,Active,https://www.analog.com/media/en/technical-documentation/data-sheets/422412fa.pdf,https://www.digikey.com/en/products/detail/analog-devices-inc/LTC4224IDDB-2-TRPBF/1931750,General Purpose,,1.4 mA,"Auto Retry, Fault Timeout, UVLO",,No,2,-40°C ~ 85°C,"Current Limit, Slew Rate",,,Hot Swap Controller,1V ~ 6V
LTC4224IMS-1#PBF,Analog Devices Inc.,IC HOT SWAP CTRLR GP 10MSOP,linear-audio-amplifiers,142,9.04,"10-TFSOP, 10-MSOP (0.118"", 3.00mm Width)",Surface Mount,Active,https://www.analog.com/media/en/technical-documentation/data-sheets/422412fa.pdf,https://www.digikey.com/en/products/detail/analog-devices-inc/LTC4224IMS-1-PBF/2195909,General Purpose,,1.4 mA,"Fault Timeout, Latched Fault, UVLO",,No,2,-40°C ~ 85°C,"Current Limit, Slew Rate",,,Hot Swap Controller,1V ~ 6V
LTC4224IMS-1#TRPBF,Analog Devices Inc.,IC HOT SWAP CTRLR GP 10MSOP,linear-audio-amplifiers,0,5.27114,"10-TFSOP, 10-MSOP (0.118"", 3.00mm Width)",Surface Mount,Active,https://www.analog.com/media/en/technical-documentation/data-sheets/422412fa.pdf,https://www.digikey.com/en/products/detail/analog-devices-inc/LTC4224IMS-1-TRPBF/1931751,General Purpose,,1.4 mA,"Fault Timeout, Latched Fault, UVLO",,No,2,-40°C ~ 85°C,"Current Limit, Slew Rate",,,Hot Swap Controller,1V ~ 6V
LTC4224IMS-2#PBF,Analog Devices Inc.,IC HOT SWAP CTRLR GP 10MSOP,linear-audio-amplifiers,100,9.04,"10-TFSOP, 10-MSOP (0.118"", 3.00mm Width)",Surface Mount,Active,https://www.analog.com/media/en/technical-documentation/data-sheets/422412fa.pdf,https://www.digikey.com/en/products/detail/analog-devices-inc/LTC4224IMS-2-PBF/1927801,General Purpose,,1.4 mA,"Auto Retry, Fault Timeout, UVLO",,No,2,-40°C ~ 85°C,"Current Limit, Slew Rate",,,Hot Swap Controller,1V ~ 6V
LTC4224IMS-2#TRPBF,Analog Devices Inc.,IC HOT SWAP CTRLR GP 10MSOP,linear-audio-amplifiers,0,5.27114,"10-TFSOP, 10-MSOP (0.118"", 3.00mm Width)",Surface Mount,Active,https://www.analog.com/media/en/technical-documentation/data-sheets/422412fa.pdf,https://www.digikey.com/en/products/detail/analog-devices-inc/LTC4224IMS-2-TRPBF/1931752,General Purpose,,1.4 mA,"Auto Retry, Fault Timeout, UVLO",,No,2,-40°C ~ 85°C,"Current Limit, Slew Rate",,,Hot Swap Controller,1V ~ 6V
LTC4225CGN-1#PBF,Analog Devices Inc.,IC HOT SWAP CTRLR GP 24SSOP,linear-audio-amplifiers,110,11.44,"24-SSOP (0.154"", 3.90mm Width)",Surface Mount,Active,https://www.analog.com/media/en/technical-documentation/data-sheets/422512f.pdf,https://www.digikey.com/en/products/detail/analog-devices-inc/LTC4225CGN-1-PBF/2621416,General Purpose,,2.8 mA,"Latched Fault, UVLO",,No,2,0°C ~ 70°C,"Current Limit, Fault Timeout, Slew Rate",,,"Hot Swap Controller, OR Controller",2.9V ~ 18V
LTC4225CGN-1#TRPBF,Analog Devices Inc.,IC HOT SWAP CTRLR GP 24SSOP,linear-audio-amplifiers,0,6.79932,"24-SSOP (0.154"", 3.90mm Width)",Surface Mount,Active,https://www.analog.com/media/en/technical-documentation/data-sheets/422512f.pdf,https://www.digikey.com/en/products/detail/analog-devices-inc/LTC4225CGN-1-TRPBF/2625853,General Purpose,,2.8 mA,"Latched Fault, UVLO",,No,2,0°C ~ 70°C,"Current Limit, Fault Timeout, Slew Rate",,,"Hot Swap Controller, OR Controller",2.9V ~ 18V
LTC4225CGN-2#PBF,Analog Devices Inc.,IC HOT SWAP CTRLR GP 24SSOP,linear-audio-amplifiers,0,7.914,"24-SSOP (0.154"", 3.90mm Width)",Surface Mount,Active,https://www.analog.com/media/en/technical-documentation/data-sheets/422512f.pdf,https://www.digikey.com/en/products/detail/analog-devices-inc/LTC4225CGN-2-PBF/2621417,General Purpose,,2.8 mA,"Auto Retry, UVLO",,No,2,0°C ~ 70°C,"Current Limit, Fault Timeout, Slew Rate",,,"Hot Swap Controller, OR Controller",2.9V ~ 18V
LTC4225CGN-2#TRPBF,Analog Devices Inc.,IC HOT SWAP CTRLR GP 24SSOP,linear-audio-amplifiers,0,6.79932,"24-SSOP (0.154"", 3.90mm Width)",Surface Mount,Active,https://www.analog.com/media/en/technical-documentation/data-sheets/422512f.pdf,https://www.digikey.com/en/products/detail/analog-devices-inc/LTC4225CGN-2-TRPBF/2625854,General Purpose,,2.8 mA,"Auto Retry, UVLO",,No,2,0°C ~ 70°C,"Current Limit, Fault Timeout, Slew Rate",,,"Hot Swap Controller, OR Controller",2.9V ~ 18V
LTC4225CUFD-1#PBF,Analog Devices Inc.,IC HOT SWAP CTRLR GP 24QFN,linear-audio-amplifiers,0,7.78438,24-WFQFN Exposed Pad,Surface Mount,Active,https://www.analog.com/media/en/technical-documentation/data-sheets/422512f.pdf,https://www.digikey.com/en/products/detail/analog-devices-inc/LTC4225CUFD-1-PBF/2625855,General Purpose,,2.8 mA,"Latched Fault, UVLO",,No,2,0°C ~ 70°C,"Current Limit, Fault Timeout, Slew Rate",,,"Hot Swap Controller, OR Controller",2.9V ~ 18V
LTC4225CUFD-1#TRPBF,Analog Devices Inc.,IC HOT SWAP CTRLR GP 24QFN,linear-audio-amplifiers,0,6.79932,24-WFQFN Exposed Pad,Surface Mount,Active,https://www.analog.com/media/en/technical-documentation/data-sheets/422512f.pdf,https://www.digikey.com/en/products/detail/analog-devices-inc/LTC4225CUFD-1-TRPBF/2625856,General Purpose,,2.8 mA,"Latched Fault, UVLO",,No,2,0°C ~ 70°C,"Current Limit, Fault Timeout, Slew Rate",,,"Hot Swap Controller, OR Controller",2.9V ~ 18V
LTC4225CUFD-2#PBF,Analog Devices Inc.,IC HOT SWAP CTRLR GP 24QFN,linear-audio-amplifiers,0,7.78438,24-WFQFN Exposed Pad,Surface Mount,Active,https://www.analog.com/media/en/technical-documentation/data-sheets/422512f.pdf,https://www.digikey.com/en/products/detail/analog-devices-inc/LTC4225CUFD-2-PBF/2625857,General Purpose,,2.8 mA,"Auto Retry, UVLO",,No,2,0°C ~ 70°C,"Current Limit, Fault Timeout, Slew Rate",,,"Hot Swap Controller, OR Controller",2.9V ~ 18V
LTC4225CUFD-2#TRPBF,Analog Devices Inc.,IC HOT SWAP CTRLR GP 24QFN,linear-audio-amplifiers,0,6.79932,24-WFQFN Exposed Pad,Surface Mount,Active,https://www.analog.com/media/en/technical-documentation/data-sheets/422512f.pdf,https://www.digikey.com/en/products/detail/analog-devices-inc/LTC4225CUFD-2-TRPBF/2625858,General Purpose,,2.8 mA,"Auto Retry, UVLO",,No,2,0°C ~ 70°C,"Current Limit, Fault Timeout, Slew Rate",,,"Hot Swap Controller, OR Controller",2.9V ~ 18V
LTC4225IGN-1#PBF,Analog Devices Inc.,IC HOT SWAP CTRLR GP 24SSOP,linear-audio-amplifiers,0,8.64691,"24-SSOP (0.154"", 3.90mm Width)",Surface Mount,Active,https://www.analog.com/media/en/technical-documentation/data-sheets/422512f.pdf,https://www.digikey.com/en/products/detail/analog-devices-inc/LTC4225IGN-1-PBF/2620016,General Purpose,,2.8 mA,"Latched Fault, UVLO",,No,2,-40°C ~ 85°C,"Current Limit, Fault Timeout, Slew Rate",,,"Hot Swap Controller, OR Controller",2.9V ~ 18V
LTC4225IGN-1#TRPBF,Analog Devices Inc.,IC HOT SWAP CTRLR GP 24SSOP,linear-audio-amplifiers,0,7.44686,"24-SSOP (0.154"", 3.90mm Width)",Surface Mount,Active,https://www.analog.com/media/en/technical-documentation/data-sheets/422512f.pdf,https://www.digikey.com/en/products/detail/analog-devices-inc/LTC4225IGN-1-TRPBF/2625859,General Purpose,,2.8 mA,"Latched Fault, UVLO",,No,2,-40°C ~ 85°C,"Current Limit, Fault Timeout, Slew Rate",,,"Hot Swap Controller, OR Controller",2.9V ~ 18V
LTC4225IGN-2#PBF,Analog Devices Inc.,IC HOT SWAP CTRLR GP 24SSOP,linear-audio-amplifiers,46,12.44,"24-SSOP (0.154"", 3.90mm Width)",Surface Mount,Active,https://www.analog.com/media/en/technical-documentation/data-sheets/422512f.pdf,https://www.digikey.com/en/products/detail/analog-devices-inc/LTC4225IGN-2-PBF/2620018,General Purpose,,2.8 mA,"Auto Retry, UVLO",,No,2,-40°C ~ 85°C,"Current Limit, Fault Timeout, Slew Rate",,,"Hot Swap Controller, OR Controller",2.9V ~ 18V
LTC4225IGN-2#TRPBF,Analog Devices Inc.,IC HOT SWAP CTRLR GP 24SSOP,linear-audio-amplifiers,0,7.44686,"24-SSOP (0.154"", 3.90mm Width)",Surface Mount,Active,https://www.analog.com/media/en/technical-documentation/data-sheets/422512f.pdf,https://www.digikey.com/en/products/detail/analog-devices-inc/LTC4225IGN-2-TRPBF/2625860,General Purpose,,2.8 mA,"Auto Retry, UVLO",,No,2,-40°C ~ 85°C,"Current Limit, Fault Timeout, Slew Rate",,,"Hot Swap Controller, OR Controller",2.9V ~ 18V
LTC4225IUFD-1#PBF,Analog Devices Inc.,IC HOT SWAP CTRLR GP 24QFN,linear-audio-amplifiers,73,12.44,24-WFQFN Exposed Pad,Surface Mount,Active,https://www.analog.com/media/en/technical-documentation/data-sheets/422512f.pdf,https://www.digikey.com/en/products/detail/analog-devices-inc/LTC4225IUFD-1-PBF/2620019,General Purpose,,2.8 mA,"Latched Fault, UVLO",,No,2,-40°C ~ 85°C,"Current Limit, Fault Timeout, Slew Rate",,,"Hot Swap Controller, OR Controller",2.9V ~ 18V
LTC4225IUFD-1#TRPBF,Analog Devices Inc.,IC HOT SWAP CTRLR GP 24QFN,linear-audio-amplifiers,0,7.44686,24-WFQFN Exposed Pad,Surface Mount,Active,https://www.analog.com/media/en/technical-documentation/data-sheets/422512f.pdf,https://www.digikey.com/en/products/detail/analog-devices-inc/LTC4225IUFD-1-TRPBF/2625861,General Purpose,,2.8 mA,"Latched Fault, UVLO",,No,2,-40°C ~ 85°C,"Current Limit, Fault Timeout, Slew Rate",,,"Hot Swap Controller, OR Controller",2.9V ~ 18V
LTC4225IUFD-2#PBF,Analog Devices Inc.,IC HOT SWAP CTRLR GP 24QFN,linear-audio-amplifiers,73,12.44,24-WFQFN Exposed Pad,Surface Mount,Active,https://www.analog.com/media/en/technical-documentation/data-sheets/422512f.pdf,https://www.digikey.com/en/products/detail/analog-devices-inc/LTC4225IUFD-2-PBF/2620020,General Purpose,,2.8 mA,"Auto Retry, UVLO",,No,2,-40°C ~ 85°C,"Current Limit, Fault Timeout, Slew Rate",,,"Hot Swap Controller, OR Controller",2.9V ~ 18V
LTC4225IUFD-2#TRPBF,Analog Devices Inc.,IC HOT SWAP CTRLR GP 24QFN,linear-audio-amplifiers,0,7.44686,24-WFQFN Exposed Pad,Surface Mount,Active,https://www.analog.com/media/en/technical-documentation/data-sheets/422512f.pdf,https://www.digikey.com/en/products/detail/analog-devices-inc/LTC4225IUFD-2-TRPBF/2625862,General Purpose,,2.8 mA,"Auto Retry, UVLO",,No,2,-40°C ~ 85°C,"Current Limit, Fault Timeout, Slew Rate",,,"Hot Swap Controller, OR Controller",2.9V ~ 18V
LTC4226CMS-1#PBF,Analog Devices Inc.,IC HOT SWAP CTRLR GP 16MSOP,linear-audio-amplifiers,0,6.61622,"16-TFSOP (0.118"", 3.00mm Width)",Surface Mount,Active,https://www.analog.com/media/en/technical-documentation/data-sheets/4226f.pdf,https://www.digikey.com/en/products/detail/analog-devices-inc/LTC4226CMS-1-PBF/3726474,General Purpose,,700 µA,"Latched Fault, UVLO",,No,2,0°C ~ 70°C,"Circuit Breaker, Current Limit, Fault Timeout, OVP",,,Hot Swap Controller,4.5V ~ 44V
LTC4226CMS-1#TRPBF,Analog Devices Inc.,IC HOT SWAP CTRLR GP 16MSOP,linear-audio-amplifiers,0,5.8939,"16-TFSOP (0.118"", 3.00mm Width)",Surface Mount,Active,https://www.analog.com/media/en/technical-documentation/data-sheets/4226f.pdf,https://www.digikey.com/en/products/detail/analog-devices-inc/LTC4226CMS-1-TRPBF/3726471,General Purpose,,700 µA,"Latched Fault, UVLO",,No,2,0°C ~ 70°C,"Circuit Breaker, Current Limit, Fault Timeout, OVP",,,Hot Swap Controller,4.5V ~ 44V
LTC4226CMS-2#PBF,Analog Devices Inc.,IC HOT SWAP CTRLR GP 16MSOP,linear-audio-amplifiers,0,6.61622,"16-TFSOP (0.118"", 3.00mm Width)",Surface Mount,Active,https://www.analog.com/media/en/technical-documentation/data-sheets/4226f.pdf,https://www.digikey.com/en/products/detail/analog-devices-inc/LTC4226CMS-2-PBF/3726469,General Purpose,,700 µA,"Auto Retry, UVLO",,No,2,0°C ~ 70°C,"Circuit Breaker, Current Limit, Fault Timeout, OVP",,,Hot Swap Controller,4.5V ~ 44V
LTC4226CMS-2#TRPBF,Analog Devices Inc.,IC HOT SWAP CTRLR GP 16MSOP,linear-audio-amplifiers,0,5.8939,"16-TFSOP (0.118"", 3.00mm Width)",Surface Mount,Active,https://www.analog.com/media/en/technical-documentation/data-sheets/4226f.pdf,https://www.digikey.com/en/products/detail/analog-devices-inc/LTC4226CMS-2-TRPBF/3726467,General Purpose,,700 µA,"Auto Retry, UVLO",,No,2,0°C ~ 70°C,"Circuit Breaker, Current Limit, Fault Timeout, OVP",,,Hot Swap Controller,4.5V ~ 44V
LTC4226CUD-1#PBF,Analog Devices Inc.,IC HOT SWAP CTRLR GP 16QFN,linear-audio-amplifiers,2,10.02,16-WFQFN Exposed Pad,Surface Mount,Active,https://www.analog.com/media/en/technical-documentation/data-sheets/4226f.pdf,https://www.digikey.com/en/products/detail/analog-devices-inc/LTC4226CUD-1-PBF/3726466,General Purpose,,700 µA,"Latched Fault, UVLO",,No,2,0°C ~ 70°C,"Circuit Breaker, Current Limit, Fault Timeout, OVP",,,Hot Swap Controller,4.5V ~ 44V
LTC4226CUD-1#TRPBF,Analog Devices Inc.,IC HOT SWAP CTRLR GP 16QFN,linear-audio-amplifiers,0,5.8939,16-WFQFN Exposed Pad,Surface Mount,Active,https://www.analog.com/media/en/technical-documentation/data-sheets/4226f.pdf,https://www.digikey.com/en/products/detail/analog-devices-inc/LTC4226CUD-1-TRPBF/3726477,General Purpose,,700 µA,"Latched Fault, UVLO",,No,2,0°C ~ 70°C,"Circuit Breaker, Current Limit, Fault Timeout, OVP",,,Hot Swap Controller,4.5V ~ 44V
LTC4226CUD-2#PBF,Analog Devices Inc.,IC HOT SWAP CTRLR GP 16QFN,linear-audio-amplifiers,103,10.02,16-WFQFN Exposed Pad,Surface Mount,Active,https://www.analog.com/media/en/technical-documentation/data-sheets/4226f.pdf,https://www.digikey.com/en/products/detail/analog-devices-inc/LTC4226CUD-2-PBF/3726475,General Purpose,,700 µA,"Auto Retry, UVLO",,No,2,0°C ~ 70°C,"Circuit Breaker, Current Limit, Fault Timeout, OVP",,,Hot Swap Controller,4.5V ~ 44V
LTC4226CUD-2#TRPBF,Analog Devices Inc.,IC HOT SWAP CTRLR GP 16QFN,linear-audio-amplifiers,0,5.8939,16-WFQFN Exposed Pad,Surface Mount,Active,https://www.analog.com/media/en/technical-documentation/data-sheets/4226f.pdf,https://www.digikey.com/en/products/detail/analog-devices-inc/LTC4226CUD-2-TRPBF/3726473,General Purpose,,700 µA,"Auto Retry, UVLO",,No,2,0°C ~ 70°C,"Circuit Breaker, Current Limit, Fault Timeout, OVP",,,Hot Swap Controller,4.5V ~ 44V
LTC4226IMS-1#PBF,Analog Devices Inc.,IC HOT SWAP CTRLR GP 16MSOP,linear-audio-amplifiers,54,12.69,"16-TFSOP (0.118"", 3.00mm Width)",Surface Mount,Active,https://www.analog.com/media/en/technical-documentation/data-sheets/4226f.pdf,https://www.digikey.com/en/products/detail/analog-devices-inc/LTC4226IMS-1-PBF/3724023,General Purpose,,700 µA,"Latched Fault, UVLO",,No,2,-40°C ~ 85°C,"Circuit Breaker, Current Limit, Fault Timeout, OVP",,,Hot Swap Controller,4.5V ~ 44V
LTC4226IMS-1#TRPBF,Analog Devices Inc.,IC HOT SWAP CTRLR GP 16MSOP,linear-audio-amplifiers,0,7.60861,"16-TFSOP (0.118"", 3.00mm Width)",Surface Mount,Active,https://www.analog.com/media/en/technical-documentation/data-sheets/4226f.pdf,https://www.digikey.com/en/products/detail/analog-devices-inc/LTC4226IMS-1-TRPBF/3726472,General Purpose,,700 µA,"Latched Fault, UVLO",,No,2,-40°C ~ 85°C,"Circuit Breaker, Current Limit, Fault Timeout, OVP",,,Hot Swap Controller,4.5V ~ 44V
LTC4226IMS-2#PBF,Analog Devices Inc.,IC HOT SWAP CTRLR GP 16MSOP,linear-audio-amplifiers,495,11.35,"16-TFSOP (0.118"", 3.00mm Width)",Surface Mount,Active,https://www.analog.com/media/en/technical-documentation/data-sheets/4226f.pdf,https://www.digikey.com/en/products/detail/analog-devices-inc/LTC4226IMS-2-PBF/3724024,General Purpose,,700 µA,"Auto Retry, UVLO",,No,2,-40°C ~ 85°C,"Circuit Breaker, Current Limit, Fault Timeout, OVP",,,Hot Swap Controller,4.5V ~ 44V
LTC4226IMS-2#TRPBF,Analog Devices Inc.,IC HOT SWAP CTRLR GP 16MSOP,linear-audio-amplifiers,0,6.74531,"16-TFSOP (0.118"", 3.00mm Width)",Surface Mount,Active,https://www.analog.com/media/en/technical-documentation/data-sheets/4226f.pdf,https://www.digikey.com/en/products/detail/analog-devices-inc/LTC4226IMS-2-TRPBF/3726470,General Purpose,,700 µA,"Auto Retry, UVLO",,No,2,-40°C ~ 85°C,"Circuit Breaker, Current Limit, Fault Timeout, OVP",,,Hot Swap Controller,4.5V ~ 44V
LTC4226IUD-1#PBF,Analog Devices Inc.,IC HOT SWAP CTRLR GP 16QFN,linear-audio-amplifiers,0,11.35,16-WFQFN Exposed Pad,Surface Mount,Active,https://www.analog.com/media/en/technical-documentation/data-sheets/4226f.pdf,https://www.digikey.com/en/products/detail/analog-devices-inc/LTC4226IUD-1-PBF/3724025,General Purpose,,700 µA,"Latched Fault, UVLO",,No,2,-40°C ~ 85°C,"Circuit Breaker, Current Limit, Fault Timeout, OVP",,,Hot Swap Controller,4.5V ~ 44V
LTC4226IUD-1#TRPBF,Analog Devices Inc.,IC HOT SWAP CTRLR GP 16QFN,linear-audio-amplifiers,0,6.74531,16-WFQFN Exposed Pad,Surface Mount,Active,https://www.analog.com/media/en/technical-documentation/data-sheets/4226f.pdf,https://www.digikey.com/en/products/detail/analog-devices-inc/LTC4226IUD-1-TRPBF/3726468,General Purpose,,700 µA,"Latched Fault, UVLO",,No,2,-40°C ~ 85°C,"Circuit Breaker, Current Limit, Fault Timeout, OVP",,,Hot Swap Controller,4.5V ~ 44V
LTC4226IUD-2#PBF,Analog Devices Inc.,IC HOT SWAP CTRLR GP 16QFN,linear-audio-amplifiers,739,11.35,16-WFQFN Exposed Pad,Surface Mount,Active,https://www.analog.com/media/en/technical-documentation/data-sheets/4226f.pdf,https://www.digikey.com/en/products/detail/analog-devices-inc/LTC4226IUD-2-PBF/3724026,General Purpose,,700 µA,"Auto Retry, UVLO",,No,2,-40°C ~ 85°C,"Circuit Breaker, Current Limit, Fault Timeout, OVP",,,Hot Swap Controller,4.5V ~ 44V
LTC4226IUD-2#TRPBF,Analog Devices Inc.,IC HOT SWAP CTRLR GP 16QFN,linear-audio-amplifiers,5313,11.35,16-WFQFN Exposed Pad,Surface Mount,Active,https://www.analog.com/media/en/technical-documentation/data-sheets/4226f.pdf,https://www.digikey.com/en/products/detail/analog-devices-inc/LTC4226IUD-2-TRPBF/3726476,General Purpose,,700 µA,"Auto Retry, UVLO",,No,2,-40°C ~ 85°C,"Circuit Breaker, Current Limit, Fault Timeout, OVP",,,Hot Swap Controller,4.5V ~ 44V
LTC4227CGN-1#PBF,Analog Devices Inc.,IC HOT SWAP CTRLR GP 16SSOP,linear-audio-amplifiers,7,10.91,"16-SSOP (0.154"", 3.90mm Width)",Surface Mount,Active,https://www.analog.com/media/en/technical-documentation/data-sheets/4227fa.pdf,https://www.digikey.com/en/products/detail/analog-devices-inc/LTC4227CGN-1-PBF/2620293,General Purpose,,2 mA,"Latched Fault, UVLO",,No,1,0°C ~ 70°C,"Current Limit, Fault Timeout, Slew Rate",,,"Hot Swap Controller, OR Controller",2.9V ~ 18V
LTC4227CGN-1#TRPBF,Analog Devices Inc.,IC HOT SWAP CTRLR GP 16SSOP,linear-audio-amplifiers,0,6.4617,"16-SSOP (0.154"", 3.90mm Width)",Surface Mount,Active,https://www.analog.com/media/en/technical-documentation/data-sheets/4227fa.pdf,https://www.digikey.com/en/products/detail/analog-devices-inc/LTC4227CGN-1-TRPBF/2620294,General Purpose,,2 mA,"Latched Fault, UVLO",,No,1,0°C ~ 70°C,"Current Limit, Fault Timeout, Slew Rate",,,"Hot Swap Controller, OR Controller",2.9V ~ 18V
LTC4227CGN-2#PBF,Analog Devices Inc.,IC HOT SWAP CTRLR GP 16SSOP,linear-audio-amplifiers,41,10.91,"16-SSOP (0.154"", 3.90mm Width)",Surface Mount,Active,https://www.analog.com/media/en/technical-documentation/data-sheets/4227fa.pdf,https://www.digikey.com/en/products/detail/analog-devices-inc/LTC4227CGN-2-PBF/2620295,General Purpose,,2 mA,"Auto Retry, UVLO",,No,1,0°C ~ 70°C,"Current Limit, Fault Timeout, Slew Rate",,,"Hot Swap Controller, OR Controller",2.9V ~ 18V
LTC4227CGN-2#TRPBF,Analog Devices Inc.,IC HOT SWAP CTRLR GP 16SSOP,linear-audio-amplifiers,0,6.4617,"16-SSOP (0.154"", 3.90mm Width)",Surface Mount,Active,https://www.analog.com/media/en/technical-documentation/data-sheets/4227fa.pdf,https://www.digikey.com/en/products/detail/analog-devices-inc/LTC4227CGN-2-TRPBF/2620296,General Purpose,,2 mA,"Auto Retry, UVLO",,No,1,0°C ~ 70°C,"Current Limit, Fault Timeout, Slew Rate",,,"Hot Swap Controller, OR Controller",2.9V ~ 18V
LTC4227CUFD-1#PBF,Analog Devices Inc.,IC HOT SWAP CTRLR GP 20QFN,linear-audio-amplifiers,41,10.91,20-WFQFN Exposed Pad,Surface Mount,Active,https://www.analog.com/media/en/technical-documentation/data-sheets/4227fa.pdf,https://www.digikey.com/en/products/detail/analog-devices-inc/LTC4227CUFD-1-PBF/2620297,General Purpose,,2 mA,"Latched Fault, UVLO",,No,1,0°C ~ 70°C,"Current Limit, Fault Timeout, Slew Rate",,,"Hot Swap Controller, OR Controller",2.9V ~ 18V
LTC4227CUFD-1#TRPBF,Analog Devices Inc.,IC HOT SWAP CTRLR GP 20QFN,linear-audio-amplifiers,0,6.4617,20-WFQFN Exposed Pad,Surface Mount,Active,https://www.analog.com/media/en/technical-documentation/data-sheets/4227fa.pdf,https://www.digikey.com/en/products/detail/analog-devices-inc/LTC4227CUFD-1-TRPBF/2620298,General Purpose,,2 mA,"Latched Fault, UVLO",,No,1,0°C ~ 70°C,"Current Limit, Fault Timeout, Slew Rate",,,"Hot Swap Controller, OR Controller",2.9V ~ 18V
LTC4227CUFD-2#PBF,Analog Devices Inc.,IC HOT SWAP CTRLR GP 20QFN,linear-audio-amplifiers,146,10.91,20-WFQFN Exposed Pad,Surface Mount,Active,https://www.analog.com/media/en/technical-documentation/data-sheets/4227fa.pdf,https://www.digikey.com/en/products/detail/analog-devices-inc/LTC4227CUFD-2-PBF/2620299,General Purpose,,2 mA,"Auto Retry, UVLO",,No,1,0°C ~ 70°C,"Current Limit, Fault Timeout, Slew Rate",,,"Hot Swap Controller, OR Controller",2.9V ~ 18V
LTC4227CUFD-2#TRPBF,Analog Devices Inc.,IC HOT SWAP CTRLR GP 20QFN,linear-audio-amplifiers,0,6.4617,20-WFQFN Exposed Pad,Surface Mount,Active,https://www.analog.com/media/en/technical-documentation/data-sheets/4227fa.pdf,https://www.digikey.com/en/products/detail/analog-devices-inc/LTC4227CUFD-2-TRPBF/2620300,General Purpose,,2 mA,"Auto Retry, UVLO",,No,1,0°C ~ 70°C,"Current Limit, Fault Timeout, Slew Rate",,,"Hot Swap Controller, OR Controller",2.9V ~ 18V
LTC4227CUFD-3#PBF,Analog Devices Inc.,IC HOT SWAP CTRLR GP 20QFN,linear-audio-amplifiers,0,7.40685,20-WFQFN Exposed Pad,Surface Mount,Active,https://www.analog.com/media/en/technical-documentation/data-sheets/4227fa.pdf,https://www.digikey.com/en/products/detail/analog-devices-inc/LTC4227CUFD-3-PBF/4291836,General Purpose,,2 mA,"Latched Fault, UVLO",,No,1,0°C ~ 70°C,"Current Limit, Fault Timeout, Slew Rate",,,"Hot Swap Controller, OR Controller",2.9V ~ 18V
LTC4227CUFD-3#TRPBF,Analog Devices Inc.,IC HOT SWAP CTRLR GP 20QFN,linear-audio-amplifiers,0,6.4617,20-WFQFN Exposed Pad,Surface Mount,Active,https://www.analog.com/media/en/technical-documentation/data-sheets/4227fa.pdf,https://www.digikey.com/en/products/detail/analog-devices-inc/LTC4227CUFD-3-TRPBF/4291829,General Purpose,,2 mA,"Latched Fault, UVLO",,No,1,0°C ~ 70°C,"Current Limit, Fault Timeout, Slew Rate",,,"Hot Swap Controller, OR Controller",2.9V ~ 18V
LTC4227CUFD-4#PBF,Analog Devices Inc.,IC HOT SWAP CTRLR GP 20QFN,linear-audio-amplifiers,73,10.91,20-WFQFN Exposed Pad,Surface Mount,Active,https://www.analog.com/media/en/technical-documentation/data-sheets/4227fa.pdf,https://www.digikey.com/en/products/detail/analog-devices-inc/LTC4227CUFD-4-PBF/4291837,General Purpose,,2 mA,"Auto Retry, UVLO",,No,1,0°C ~ 70°C,"Current Limit, Fault Timeout, Slew Rate",,,"Hot Swap Controller, OR Controller",2.9V ~ 18V
LTC4227CUFD-4#TRPBF,Analog Devices Inc.,IC HOT SWAP CTRLR GP 20QFN,linear-audio-amplifiers,0,6.4617,20-WFQFN Exposed Pad,Surface Mount,Active,https://www.analog.com/media/en/technical-documentation/data-sheets/4227fa.pdf,https://www.digikey.com/en/products/detail/analog-devices-inc/LTC4227CUFD-4-TRPBF/4291830,General Purpose,,2 mA,"Auto Retry, UVLO",,No,1,0°C ~ 70°C,"Current Limit, Fault Timeout, Slew Rate",,,"Hot Swap Controller, OR Controller",2.9V ~ 18V
LTC4227IGN-1#PBF,Analog Devices Inc.,IC HOT SWAP CTRLR GP 16SSOP,linear-audio-amplifiers,0,7.9492,"16-SSOP (0.154"", 3.90mm Width)",Surface Mount,Active,https://www.analog.com/media/en/technical-documentation/data-sheets/4227fa.pdf,https://www.digikey.com/en/products/detail/analog-devices-inc/LTC4227IGN-1-PBF/2620021,General Purpose,,2 mA,"Latched Fault, UVLO",,No,1,-40°C ~ 85°C,"Current Limit, Fault Timeout, Slew Rate",,,"Hot Swap Controller, OR Controller",2.9V ~ 18V
LTC4227IGN-1#TRPBF,Analog Devices Inc.,IC HOT SWAP CTRLR GP 16SSOP,linear-audio-amplifiers,0,7.0692,"16-SSOP (0.154"", 3.90mm Width)",Surface Mount,Active,https://www.analog.com/media/en/technical-documentation/data-sheets/4227fa.pdf,https://www.digikey.com/en/products/detail/analog-devices-inc/LTC4227IGN-1-TRPBF/2620301,General Purpose,,2 mA,"Latched Fault, UVLO",,No,1,-40°C ~ 85°C,"Current Limit, Fault Timeout, Slew Rate",,,"Hot Swap Controller, OR Controller",2.9V ~ 18V
LTC4227IGN-2#PBF,Analog Devices Inc.,IC HOT SWAP CTRLR GP 16SSOP,linear-audio-amplifiers,3,11.86,"16-SSOP (0.154"", 3.90mm Width)",Surface Mount,Active,https://www.analog.com/media/en/technical-documentation/data-sheets/4227fa.pdf,https://www.digikey.com/en/products/detail/analog-devices-inc/LTC4227IGN-2-PBF/2620022,General Purpose,,2 mA,"Auto Retry, UVLO",,No,1,-40°C ~ 85°C,"Current Limit, Fault Timeout, Slew Rate",,,"Hot Swap Controller, OR Controller",2.9V ~ 18V
LTC4227IGN-2#TRPBF,Analog Devices Inc.,IC HOT SWAP CTRLR GP 16SSOP,linear-audio-amplifiers,0,7.0692,"16-SSOP (0.154"", 3.90mm Width)",Surface Mount,Active,https://www.analog.com/media/en/technical-documentation/data-sheets/4227fa.pdf,https://www.digikey.com/en/products/detail/analog-devices-inc/LTC4227IGN-2-TRPBF/2620302,General Purpose,,2 mA,"Auto Retry, UVLO",,No,1,-40°C ~ 85°C,"Current Limit, Fault Timeout, Slew Rate",,,"Hot Swap Controller, OR Controller",2.9V ~ 18V
LTC4227IUFD-1#PBF,Analog Devices Inc.,IC HOT SWAP CTRLR GP 20QFN,linear-audio-amplifiers,0,11.86,20-WFQFN Exposed Pad,Surface Mount,Active,https://www.analog.com/media/en/technical-documentation/data-sheets/4227fa.pdf,https://www.digikey.com/en/products/detail/analog-devices-inc/LTC4227IUFD-1-PBF/2620023,General Purpose,,2 mA,"Latched Fault, UVLO",,No,1,-40°C ~ 85°C,"Current Limit, Fault Timeout, Slew Rate",,,"Hot Swap Controller, OR Controller",2.9V ~ 18V
LTC4227IUFD-1#TRPBF,Analog Devices Inc.,IC HOT SWAP CTRLR GP 20QFN,linear-audio-amplifiers,0,7.0692,20-WFQFN Exposed Pad,Surface Mount,Active,https://www.analog.com/media/en/technical-documentation/data-sheets/4227fa.pdf,https://www.digikey.com/en/products/detail/analog-devices-inc/LTC4227IUFD-1-TRPBF/2620303,General Purpose,,2 mA,"Latched Fault, UVLO",,No,1,-40°C ~ 85°C,"Current Limit, Fault Timeout, Slew Rate",,,"Hot Swap Controller, OR Controller",2.9V ~ 18V
LTC4227IUFD-2#PBF,Analog Devices Inc.,IC HOT SWAP CTRLR GP 20QFN,linear-audio-amplifiers,318,11.86,20-WFQFN Exposed Pad,Surface Mount,Active,https://www.analog.com/media/en/technical-documentation/data-sheets/4227fa.pdf,https://www.digikey.com/en/products/detail/analog-devices-inc/LTC4227IUFD-2-PBF/2620024,General Purpose,,2 mA,"Auto Retry, UVLO",,No,1,-40°C ~ 85°C,"Current Limit, Fault Timeout, Slew Rate",,,"Hot Swap Controller, OR Controller",2.9V ~ 18V
LTC4227IUFD-2#TRPBF,Analog Devices Inc.,IC HOT SWAP CTRLR GP 20QFN,linear-audio-amplifiers,0,7.0692,20-WFQFN Exposed Pad,Surface Mount,Active,https://www.analog.com/media/en/technical-documentation/data-sheets/4227fa.pdf,https://www.digikey.com/en/products/detail/analog-devices-inc/LTC4227IUFD-2-TRPBF/2620304,General Purpose,,2 mA,"Auto Retry, UVLO",,No,1,-40°C ~ 85°C,"Current Limit, Fault Timeout, Slew Rate",,,"Hot Swap Controller, OR Controller",2.9V ~ 18V
LTC4227IUFD-3#PBF,Analog Devices Inc.,IC HOT SWAP CTRLR GP 20QFN,linear-audio-amplifiers,58,11.86,20-WFQFN Exposed Pad,Surface Mount,Active,https://www.analog.com/media/en/technical-documentation/data-sheets/4227fa.pdf,https://www.digikey.com/en/products/detail/analog-devices-inc/LTC4227IUFD-3-PBF/4291831,General Purpose,,2 mA,"Latched Fault, UVLO",,No,1,-40°C ~ 85°C,"Current Limit, Fault Timeout, Slew Rate",,,"Hot Swap Controller, OR Controller",2.9V ~ 18V
LTC4227IUFD-3#TRPBF,Analog Devices Inc.,IC HOT SWAP CTRLR GP 20QFN,linear-audio-amplifiers,0,7.0692,20-WFQFN Exposed Pad,Surface Mount,Active,https://www.analog.com/media/en/technical-documentation/data-sheets/4227fa.pdf,https://www.digikey.com/en/products/detail/analog-devices-inc/LTC4227IUFD-3-TRPBF/4291832,General Purpose,,2 mA,"Latched Fault, UVLO",,No,1,-40°C ~ 85°C,"Current Limit, Fault Timeout, Slew Rate",,,"Hot Swap Controller, OR Controller",2.9V ~ 18V
LTC4227IUFD-4#PBF,Analog Devices Inc.,IC HOT SWAP CTRLR GP 20QFN,linear-audio-amplifiers,73,11.86,20-WFQFN Exposed Pad,Surface Mount,Active,https://www.analog.com/media/en/technical-documentation/data-sheets/4227fa.pdf,https://www.digikey.com/en/products/detail/analog-devices-inc/LTC4227IUFD-4-PBF/4291833,General Purpose,,2 mA,"Auto Retry, UVLO",,No,1,-40°C ~ 85°C,"Current Limit, Fault Timeout, Slew Rate",,,"Hot Swap Controller, OR Controller",2.9V ~ 18V
LTC4227IUFD-4#TRPBF,Analog Devices Inc.,IC HOT SWAP CTRLR GP 20QFN,linear-audio-amplifiers,0,7.0692,20-WFQFN Exposed Pad,Surface Mount,Active,https://www.analog.com/media/en/technical-documentation/data-sheets/4227fa.pdf,https://www.digikey.com/en/products/detail/analog-devices-inc/LTC4227IUFD-4-TRPBF/4291834,General Purpose,,2 mA,"Auto Retry, UVLO",,No,1,-40°C ~ 85°C,"Current Limit, Fault Timeout, Slew Rate",,,"Hot Swap Controller, OR Controller",2.9V ~ 18V
LTC4228CGN-1#PBF,Analog Devices Inc.,IC HOT SWAP CTRLR GP 28SSOP,linear-audio-amplifiers,78,11.44,"28-SSOP (0.154"", 3.90mm Width)",Surface Mount,Active,https://www.analog.com/media/en/technical-documentation/data-sheets/422812f.pdf,https://www.digikey.com/en/products/detail/analog-devices-inc/LTC4228CGN-1-PBF/3536920,General Purpose,,2.5 mA,"Latched Fault, UVLO",,No,2,0°C ~ 70°C,"Current Limit, Fault Timeout, Slew Rate",,,"Hot Swap Controller, OR Controller",2.9V ~ 18V
LTC4228CGN-1#TRPBF,Analog Devices Inc.,IC HOT SWAP CTRLR GP 28SSOP,linear-audio-amplifiers,0,6.79932,"28-SSOP (0.154"", 3.90mm Width)",Surface Mount,Active,https://www.analog.com/media/en/technical-documentation/data-sheets/422812f.pdf,https://www.digikey.com/en/products/detail/analog-devices-inc/LTC4228CGN-1-TRPBF/3536921,General Purpose,,2.5 mA,"Latched Fault, UVLO",,No,2,0°C ~ 70°C,"Current Limit, Fault Timeout, Slew Rate",,,"Hot Swap Controller, OR Controller",2.9V ~ 18V
LTC4228CGN-2#PBF,Analog Devices Inc.,IC HOT SWAP CTRLR GP 28SSOP,linear-audio-amplifiers,98,11.44,"28-SSOP (0.154"", 3.90mm Width)",Surface Mount,Active,https://www.analog.com/media/en/technical-documentation/data-sheets/422812f.pdf,https://www.digikey.com/en/products/detail/analog-devices-inc/LTC4228CGN-2-PBF/3536922,General Purpose,,2.5 mA,"Auto Retry, UVLO",,No,2,0°C ~ 70°C,"Current Limit, Fault Timeout, Slew Rate",,,"Hot Swap Controller, OR Controller",2.9V ~ 18V
LTC4228CGN-2#TRPBF,Analog Devices Inc.,IC HOT SWAP CTRLR GP 28SSOP,linear-audio-amplifiers,0,6.79932,"28-SSOP (0.154"", 3.90mm Width)",Surface Mount,Active,https://www.analog.com/media/en/technical-documentation/data-sheets/422812f.pdf,https://www.digikey.com/en/products/detail/analog-devices-inc/LTC4228CGN-2-TRPBF/3536923,General Purpose,,2.5 mA,"Auto Retry, UVLO",,No,2,0°C ~ 70°C,"Current Limit, Fault Timeout, Slew Rate",,,"Hot Swap Controller, OR Controller",2.9V ~ 18V
LTC4228CUFD-1#PBF,Analog Devices Inc.,IC HOT SWAP CTRLR GP 28QFN,linear-audio-amplifiers,0,7.78438,28-WFQFN Exposed Pad,Surface Mount,Active,https://www.analog.com/media/en/technical-documentation/data-sheets/422812f.pdf,https://www.digikey.com/en/products/detail/analog-devices-inc/LTC4228CUFD-1-PBF/3536924,General Purpose,,2.5 mA,"Latched Fault, UVLO",,No,2,0°C ~ 70°C,"Current Limit, Fault Timeout, Slew Rate",,,"Hot Swap Controller, OR Controller",2.9V ~ 18V
LTC4228CUFD-1#TRPBF,Analog Devices Inc.,IC HOT SWAP CTRLR GP 28QFN,linear-audio-amplifiers,0,6.79932,28-WFQFN Exposed Pad,Surface Mount,Active,https://www.analog.com/media/en/technical-documentation/data-sheets/422812f.pdf,https://www.digikey.com/en/products/detail/analog-devices-inc/LTC4228CUFD-1-TRPBF/3536925,General Purpose,,2.5 mA,"Latched Fault, UVLO",,No,2,0°C ~ 70°C,"Current Limit, Fault Timeout, Slew Rate",,,"Hot Swap Controller, OR Controller",2.9V ~ 18V
LTC4228CUFD-2#PBF,Analog Devices Inc.,IC HOT SWAP CTRLR GP 28QFN,linear-audio-amplifiers,0,11.44,28-WFQFN Exposed Pad,Surface Mount,Active,https://www.analog.com/media/en/technical-documentation/data-sheets/422812f.pdf,https://www.digikey.com/en/products/detail/analog-devices-inc/LTC4228CUFD-2-PBF/3536926,General Purpose,,2.5 mA,"Auto Retry, UVLO",,No,2,0°C ~ 70°C,"Current Limit, Fault Timeout, Slew Rate",,,"Hot Swap Controller, OR Controller",2.9V ~ 18V
LTC4228CUFD-2#TRPBF,Analog Devices Inc.,IC HOT SWAP CTRLR GP 28QFN,linear-audio-amplifiers,0,6.79932,28-WFQFN Exposed Pad,Surface Mount,Active,https://www.analog.com/media/en/technical-documentation/data-sheets/422812f.pdf,https://www.digikey.com/en/products/detail/analog-devices-inc/LTC4228CUFD-2-TRPBF/3536927,General Purpose,,2.5 mA,"Auto Retry, UVLO",,No,2,0°C ~ 70°C,"Current Limit, Fault Timeout, Slew Rate",,,"Hot Swap Controller, OR Controller",2.9V ~ 18V
LTC4228IGN-1#PBF,Analog Devices Inc.,IC HOT SWAP CTRLR GP 28SSOP,linear-audio-amplifiers,13,12.44,"28-SSOP (0.154"", 3.90mm Width)",Surface Mount,Active,https://www.analog.com/media/en/technical-documentation/data-sheets/422812f.pdf,https://www.digikey.com/en/products/detail/analog-devices-inc/LTC4228IGN-1-PBF/3542945,General Purpose,,2.5 mA,"Latched Fault, UVLO",,No,2,-40°C ~ 85°C,"Current Limit, Fault Timeout, Slew Rate",,,"Hot Swap Controller, OR Controller",2.9V ~ 18V
LTC4228IGN-1#TRPBF,Analog Devices Inc.,IC HOT SWAP CTRLR GP 28SSOP,linear-audio-amplifiers,0,7.44686,"28-SSOP (0.154"", 3.90mm Width)",Surface Mount,Active,https://www.analog.com/media/en/technical-documentation/data-sheets/422812f.pdf,https://www.digikey.com/en/products/detail/analog-devices-inc/LTC4228IGN-1-TRPBF/3536928,General Purpose,,2.5 mA,"Latched Fault, UVLO",,No,2,-40°C ~ 85°C,"Current Limit, Fault Timeout, Slew Rate",,,"Hot Swap Controller, OR Controller",2.9V ~ 18V
LTC4228IGN-2#PBF,Analog Devices Inc.,IC HOT SWAP CTRLR GP 28SSOP,linear-audio-amplifiers,0,8.70714,"28-SSOP (0.154"", 3.90mm Width)",Surface Mount,Active,https://www.analog.com/media/en/technical-documentation/data-sheets/422812f.pdf,https://www.digikey.com/en/products/detail/analog-devices-inc/LTC4228IGN-2-PBF/3542952,General Purpose,,2.5 mA,"Auto Retry, UVLO",,No,2,-40°C ~ 85°C,"Current Limit, Fault Timeout, Slew Rate",,,"Hot Swap Controller, OR Controller",2.9V ~ 18V
LTC4228IGN-2#TRPBF,Analog Devices Inc.,IC HOT SWAP CTRLR GP 28SSOP,linear-audio-amplifiers,0,7.44686,"28-SSOP (0.154"", 3.90mm Width)",Surface Mount,Active,https://www.analog.com/media/en/technical-documentation/data-sheets/422812f.pdf,https://www.digikey.com/en/products/detail/analog-devices-inc/LTC4228IGN-2-TRPBF/3536929,General Purpose,,2.5 mA,"Auto Retry, UVLO",,No,2,-40°C ~ 85°C,"Current Limit, Fault Timeout, Slew Rate",,,"Hot Swap Controller, OR Controller",2.9V ~ 18V
LTC4228IUFD-1#PBF,Analog Devices Inc.,IC HOT SWAP CTRLR GP 28QFN,linear-audio-amplifiers,44,12.44,28-WFQFN Exposed Pad,Surface Mount,Active,https://www.analog.com/media/en/technical-documentation/data-sheets/422812f.pdf,https://www.digikey.com/en/products/detail/analog-devices-inc/LTC4228IUFD-1-PBF/3542946,General Purpose,,2.5 mA,"Latched Fault, UVLO",,No,2,-40°C ~ 85°C,"Current Limit, Fault Timeout, Slew Rate",,,"Hot Swap Controller, OR Controller",2.9V ~ 18V
LTC4228IUFD-1#TRPBF,Analog Devices Inc.,IC HOT SWAP CTRLR GP 28QFN,linear-audio-amplifiers,0,7.44686,28-WFQFN Exposed Pad,Surface Mount,Active,https://www.analog.com/media/en/technical-documentation/data-sheets/422812f.pdf,https://www.digikey.com/en/products/detail/analog-devices-inc/LTC4228IUFD-1-TRPBF/3536930,General Purpose,,2.5 mA,"Latched Fault, UVLO",,No,2,-40°C ~ 85°C,"Current Limit, Fault Timeout, Slew Rate",,,"Hot Swap Controller, OR Controller",2.9V ~ 18V
LTC4228IUFD-2#PBF,Analog Devices Inc.,IC HOT SWAP CTRLR GP 28QFN,linear-audio-amplifiers,151,12.44,28-WFQFN Exposed Pad,Surface Mount,Active,https://www.analog.com/media/en/technical-documentation/data-sheets/422812f.pdf,https://www.digikey.com/en/products/detail/analog-devices-inc/LTC4228IUFD-2-PBF/3542947,General Purpose,,2.5 mA,"Auto Retry, UVLO",,No,2,-40°C ~ 85°C,"Current Limit, Fault Timeout, Slew Rate",,,"Hot Swap Controller, OR Controller",2.9V ~ 18V
LTC4228IUFD-2#TRPBF,Analog Devices Inc.,IC HOT SWAP CTRLR GP 28QFN,linear-audio-amplifiers,0,7.44686,28-WFQFN Exposed Pad,Surface Mount,Active,https://www.analog.com/media/en/technical-documentation/data-sheets/422812f.pdf,https://www.digikey.com/en/products/detail/analog-devices-inc/LTC4228IUFD-2-TRPBF/3838516,General Purpose,,2.5 mA,"Auto Retry, UVLO",,No,2,-40°C ~ 85°C,"Current Limit, Fault Timeout, Slew Rate",,,"Hot Swap Controller, OR Controller",2.9V ~ 18V
LTC4229CG#PBF,Analog Devices Inc.,IC HOT SWAP CTRLR GP 24SSOP,linear-audio-amplifiers,7,9.58,"24-SSOP (0.209"", 5.30mm Width)",Surface Mount,Active,https://www.analog.com/media/en/technical-documentation/data-sheets/4229f.pdf,https://www.digikey.com/en/products/detail/analog-devices-inc/LTC4229CG-PBF/4341935,General Purpose,,2 mA,"OVP, UVLO",,No,1,0°C ~ 70°C,"Auto Retry, Current Limit, Fault Timeout, Latched Fault",,,"Hot Swap Controller, OR Controller",2.9V ~ 18V
LTC4229CG#TRPBF,Analog Devices Inc.,IC HOT SWAP CTRLR GP 24SSOP,linear-audio-amplifiers,0,5.65771,"24-SSOP (0.209"", 5.30mm Width)",Surface Mount,Active,https://www.analog.com/media/en/technical-documentation/data-sheets/4229f.pdf,https://www.digikey.com/en/products/detail/analog-devices-inc/LTC4229CG-TRPBF/4341936,General Purpose,,2 mA,"OVP, UVLO",,No,1,0°C ~ 70°C,"Auto Retry, Current Limit, Fault Timeout, Latched Fault",,,"Hot Swap Controller, OR Controller",2.9V ~ 18V
LTC4229CUFD#PBF,Analog Devices Inc.,IC HOT SWAP CTRLR GP 24QFN,linear-audio-amplifiers,0,6.45233,24-WFQFN Exposed Pad,Surface Mount,Active,https://www.analog.com/media/en/technical-documentation/data-sheets/4229f.pdf,https://www.digikey.com/en/products/detail/analog-devices-inc/LTC4229CUFD-PBF/4341953,General Purpose,,2 mA,"OVP, UVLO",,No,1,0°C ~ 70°C,"Auto Retry, Current Limit, Fault Timeout, Latched Fault",,,"Hot Swap Controller, OR Controller",2.9V ~ 18V
LTC4229CUFD#TRPBF,Analog Devices Inc.,IC HOT SWAP CTRLR GP 24QFN,linear-audio-amplifiers,0,5.60972,24-WFQFN Exposed Pad,Surface Mount,Active,https://www.analog.com/media/en/technical-documentation/data-sheets/4229f.pdf,https://www.digikey.com/en/products/detail/analog-devices-inc/LTC4229CUFD-TRPBF/4341958,General Purpose,,2 mA,"OVP, UVLO",,No,1,0°C ~ 70°C,"Auto Retry, Current Limit, Fault Timeout, Latched Fault",,,"Hot Swap Controller, OR Controller",2.9V ~ 18V
LTC4229IG#PBF,Analog Devices Inc.,IC HOT SWAP CTRLR GP 24SSOP,linear-audio-amplifiers,944,10.43,"24-SSOP (0.209"", 5.30mm Width)",Surface Mount,Active,https://www.analog.com/media/en/technical-documentation/data-sheets/4229f.pdf,https://www.digikey.com/en/products/detail/analog-devices-inc/LTC4229IG-PBF/4341937,General Purpose,,2 mA,"OVP, UVLO",,No,1,-40°C ~ 85°C,"Auto Retry, Current Limit, Fault Timeout, Latched Fault",,,"Hot Swap Controller, OR Controller",2.9V ~ 18V
LTC4229IG#TRPBF,Analog Devices Inc.,IC HOT SWAP CTRLR GP 24SSOP,linear-audio-amplifiers,0,6.20253,"24-SSOP (0.209"", 5.30mm Width)",Surface Mount,Active,https://www.analog.com/media/en/technical-documentation/data-sheets/4229f.pdf,https://www.digikey.com/en/products/detail/analog-devices-inc/LTC4229IG-TRPBF/4341938,General Purpose,,2 mA,"OVP, UVLO",,No,1,-40°C ~ 85°C,"Auto Retry, Current Limit, Fault Timeout, Latched Fault",,,"Hot Swap Controller, OR Controller",2.9V ~ 18V
LTC4229IUFD#PBF,Analog Devices Inc.,IC HOT SWAP CTRLR GP 24QFN,linear-audio-amplifiers,271,10.43,24-WFQFN Exposed Pad,Surface Mount,Active,https://www.analog.com/media/en/technical-documentation/data-sheets/4229f.pdf,https://www.digikey.com/en/products/detail/analog-devices-inc/LTC4229IUFD-PBF/4341939,General Purpose,,2 mA,"OVP, UVLO",,No,1,-40°C ~ 85°C,"Auto Retry, Current Limit, Fault Timeout, Latched Fault",,,"Hot Swap Controller, OR Controller",2.9V ~ 18V
LTC4229IUFD#TRPBF,Analog Devices Inc.,IC HOT SWAP CTRLR GP 24QFN,linear-audio-amplifiers,0,6.15086,24-WFQFN Exposed Pad,Surface Mount,Active,https://www.analog.com/media/en/technical-documentation/data-sheets/4229f.pdf,https://www.digikey.com/en/products/detail/analog-devices-inc/LTC4229IUFD-TRPBF/4341940,General Purpose,,2 mA,"OVP, UVLO",,No,1,-40°C ~ 85°C,"Auto Retry, Current Limit, Fault Timeout, Latched Fault",,,"Hot Swap Controller, OR Controller",2.9V ~ 18V
LTC4230CGN,Analog Devices Inc.,IC HOT SWAP CTRLR GP 20SSOP,linear-audio-amplifiers,0,0.0,"20-SSOP (0.154"", 3.90mm Width)",Surface Mount,Discontinued at DigiKey,https://www.analog.com/media/en/technical-documentation/data-sheets/4230f.pdf,https://www.digikey.com/en/products/detail/analog-devices-inc/LTC4230CGN/455932,General Purpose,,1.8 mA,,,No,3,0°C ~ 70°C,"Auto Retry, Current Limit, Fault Timeout, Latched Fault, OVP, Slew Rate, UVLO",,,Hot Swap Controller,1.7V ~ 16.5V
LTC4230CGN#PBF,Analog Devices Inc.,IC HOT SWAP CTRLR GP 20SSOP,linear-audio-amplifiers,149,11.71,"20-SSOP (0.154"", 3.90mm Width)",Surface Mount,Active,https://www.analog.com/media/en/technical-documentation/data-sheets/4230f.pdf,https://www.digikey.com/en/products/detail/analog-devices-inc/LTC4230CGN-PBF/890902,General Purpose,,1.8 mA,,,No,3,0°C ~ 70°C,"Auto Retry, Current Limit, Fault Timeout, Latched Fault, OVP, Slew Rate, UVLO",,,Hot Swap Controller,1.7V ~ 16.5V
LTC4230CGN#TR,Analog Devices Inc.,IC CONTRLLR HOT SWAP TRPL 20SSOP,linear-audio-amplifiers,0,0.0,"20-SSOP (0.154"", 3.90mm Width)",Surface Mount,Discontinued at DigiKey,https://www.analog.com/media/en/technical-documentation/data-sheets/4230f.pdf,https://www.digikey.com/en/products/detail/analog-devices-inc/LTC4230CGN-TR/456441,General Purpose,,1.8 mA,,,No,3,0°C ~ 70°C,"Auto Retry, Current Limit, Fault Timeout, Latched Fault, OVP, Slew Rate, UVLO",,,Hot Swap Controller,1.7V ~ 16.5V
LTC4230CGN#TRPBF,Analog Devices Inc.,IC HOT SWAP CTRLR GP 20SSOP,linear-audio-amplifiers,0,6.97479,"20-SSOP (0.154"", 3.90mm Width)",Surface Mount,Active,https://www.analog.com/media/en/technical-documentation/data-sheets/4230f.pdf,https://www.digikey.com/en/products/detail/analog-devices-inc/LTC4230CGN-TRPBF/965737,General Purpose,,1.8 mA,,,No,3,0°C ~ 70°C,"Auto Retry, Current Limit, Fault Timeout, Latched Fault, OVP, Slew Rate, UVLO",,,Hot Swap Controller,1.7V ~ 16.5V
LTC4230IGN,Analog Devices Inc.,IC CONTRLLR HOT SWAP TRPL 20SSOP,linear-audio-amplifiers,0,0.0,"20-SSOP (0.154"", 3.90mm Width)",Surface Mount,Discontinued at DigiKey,https://www.analog.com/media/en/technical-documentation/data-sheets/4230f.pdf,https://www.digikey.com/en/products/detail/analog-devices-inc/LTC4230IGN/456565,General Purpose,,1.8 mA,,,No,3,-40°C ~ 85°C,"Auto Retry, Current Limit, Fault Timeout, Latched Fault, OVP, Slew Rate, UVLO",,,Hot Swap Controller,1.7V ~ 16.5V
LTC4230IGN#PBF,Analog Devices Inc.,IC HOT SWAP CTRLR GP 20SSOP,linear-audio-amplifiers,0,9.36255,"20-SSOP (0.154"", 3.90mm Width)",Surface Mount,Active,https://www.analog.com/media/en/technical-documentation/data-sheets/4230f.pdf,https://www.digikey.com/en/products/detail/analog-devices-inc/LTC4230IGN-PBF/963420,General Purpose,,1.8 mA,,,No,3,-40°C ~ 85°C,"Auto Retry, Current Limit, Fault Timeout, Latched Fault, OVP, Slew Rate, UVLO",,,Hot Swap Controller,1.7V ~ 16.5V
LTC4230IGN#TR,Analog Devices Inc.,IC CONTRLLR HOT SWAP TRPL 20SSOP,linear-audio-amplifiers,0,0.0,"20-SSOP (0.154"", 3.90mm Width)",Surface Mount,Discontinued at DigiKey,https://www.analog.com/media/en/technical-documentation/data-sheets/4230f.pdf,https://www.digikey.com/en/products/detail/analog-devices-inc/LTC4230IGN-TR/456440,General Purpose,,1.8 mA,,,No,3,-40°C ~ 85°C,"Auto Retry, Current Limit, Fault Timeout, Latched Fault, OVP, Slew Rate, UVLO",,,Hot Swap Controller,1.7V ~ 16.5V
LTC4230IGN#TRPBF,Analog Devices Inc.,IC HOT SWAP CTRLR GP 20SSOP,linear-audio-amplifiers,0,8.08017,"20-SSOP (0.154"", 3.90mm Width)",Surface Mount,Active,https://www.analog.com/media/en/technical-documentation/data-sheets/4230f.pdf,https://www.digikey.com/en/products/detail/analog-devices-inc/LTC4230IGN-TRPBF/959518,General Purpose,,1.8 mA,,,No,3,-40°C ~ 85°C,"Auto Retry, Current Limit, Fault Timeout, Latched Fault, OVP, Slew Rate, UVLO",,,Hot Swap Controller,1.7V ~ 16.5V
LTC4231CMS-1#PBF,Analog Devices Inc.,IC HOT SWAP CTRLR GP 12MSOP,linear-audio-amplifiers,477,7.55,"12-TSSOP (0.118"", 3.00mm Width)",Surface Mount,Active,https://www.analog.com/media/en/technical-documentation/data-sheets/LTC4231.pdf,https://www.digikey.com/en/products/detail/analog-devices-inc/LTC4231CMS-1-PBF/4964746,General Purpose,,4 µA,Latched Fault,,No,1,0°C ~ 70°C,"Circuit Breaker, Current Limit, Fault Timeout, OVP, Slew Rate, UVLO",,,Hot Swap Controller,2.7V ~ 36V
LTC4231CMS-1#TRPBF,Analog Devices Inc.,IC HOT SWAP CTRLR GP 12MSOP,linear-audio-amplifiers,0,4.33486,"12-TSSOP (0.118"", 3.00mm Width)",Surface Mount,Active,https://www.analog.com/media/en/technical-documentation/data-sheets/LTC4231.pdf,https://www.digikey.com/en/products/detail/analog-devices-inc/LTC4231CMS-1-TRPBF/4964067,General Purpose,,4 µA,Latched Fault,,No,1,0°C ~ 70°C,"Circuit Breaker, Current Limit, Fault Timeout, OVP, Slew Rate, UVLO",,,Hot Swap Controller,2.7V ~ 36V
LTC4231CMS-2#PBF,Analog Devices Inc.,IC HOT SWAP CTRLR GP 12MSOP,linear-audio-amplifiers,126,7.55,"12-TSSOP (0.118"", 3.00mm Width)",Surface Mount,Active,https://www.analog.com/media/en/technical-documentation/data-sheets/LTC4231.pdf,https://www.digikey.com/en/products/detail/analog-devices-inc/LTC4231CMS-2-PBF/4964747,General Purpose,,4 µA,Auto Retry,,No,1,0°C ~ 70°C,"Circuit Breaker, Current Limit, Fault Timeout, OVP, Slew Rate, UVLO",,,Hot Swap Controller,2.7V ~ 36V
LTC4231CMS-2#TRPBF,Analog Devices Inc.,IC HOT SWAP CTRLR GP 12MSOP,linear-audio-amplifiers,0,4.33486,"12-TSSOP (0.118"", 3.00mm Width)",Surface Mount,Active,https://www.analog.com/media/en/technical-documentation/data-sheets/LTC4231.pdf,https://www.digikey.com/en/products/detail/analog-devices-inc/LTC4231CMS-2-TRPBF/4964068,General Purpose,,4 µA,Auto Retry,,No,1,0°C ~ 70°C,"Circuit Breaker, Current Limit, Fault Timeout, OVP, Slew Rate, UVLO",,,Hot Swap Controller,2.7V ~ 36V
LTC4231CUD-1#PBF,Analog Devices Inc.,IC HOT SWAP CTRLR GP 12QFN,linear-audio-amplifiers,1282,7.55,12-WFQFN Exposed Pad,Surface Mount,Active,https://www.analog.com/media/en/technical-documentation/data-sheets/LTC4231.pdf,https://www.digikey.com/en/products/detail/analog-devices-inc/LTC4231CUD-1-PBF/4964748,General Purpose,,4 µA,Latched Fault,,No,1,0°C ~ 70°C,"Circuit Breaker, Current Limit, Fault Timeout, OVP, Slew Rate, UVLO",,,Hot Swap Controller,2.7V ~ 36V
LTC4231CUD-1#TRPBF,Analog Devices Inc.,IC HOT SWAP CTRLR GP 12QFN,linear-audio-amplifiers,0,4.33486,12-WFQFN Exposed Pad,Surface Mount,Active,https://www.analog.com/media/en/technical-documentation/data-sheets/LTC4231.pdf,https://www.digikey.com/en/products/detail/analog-devices-inc/LTC4231CUD-1-TRPBF/4964069,General Purpose,,4 µA,Latched Fault,,No,1,0°C ~ 70°C,"Circuit Breaker, Current Limit, Fault Timeout, OVP, Slew Rate, UVLO",,,Hot Swap Controller,2.7V ~ 36V
LTC4231CUD-2#PBF,Analog Devices Inc.,IC HOT SWAP CTRLR GP 12QFN,linear-audio-amplifiers,194,7.55,12-WFQFN Exposed Pad,Surface Mount,Active,https://www.analog.com/media/en/technical-documentation/data-sheets/LTC4231.pdf,https://www.digikey.com/en/products/detail/analog-devices-inc/LTC4231CUD-2-PBF/4964749,General Purpose,,4 µA,Auto Retry,,No,1,0°C ~ 70°C,"Circuit Breaker, Current Limit, Fault Timeout, OVP, Slew Rate, UVLO",,,Hot Swap Controller,2.7V ~ 36V
LTC4231CUD-2#TRPBF,Analog Devices Inc.,IC HOT SWAP CTRLR GP 12QFN,linear-audio-amplifiers,0,4.33486,12-WFQFN Exposed Pad,Surface Mount,Active,https://www.analog.com/media/en/technical-documentation/data-sheets/LTC4231.pdf,https://www.digikey.com/en/products/detail/analog-devices-inc/LTC4231CUD-2-TRPBF/4964070,General Purpose,,4 µA,Auto Retry,,No,1,0°C ~ 70°C,"Circuit Breaker, Current Limit, Fault Timeout, OVP, Slew Rate, UVLO",,,Hot Swap Controller,2.7V ~ 36V
LTC4231HMS-1#PBF,Analog Devices Inc.,IC HOT SWAP CTRLR GP 12MSOP,linear-audio-amplifiers,116,9.73,"12-TSSOP (0.118"", 3.00mm Width)",Surface Mount,Active,https://www.analog.com/media/en/technical-documentation/data-sheets/LTC4231.pdf,https://www.digikey.com/en/products/detail/analog-devices-inc/LTC4231HMS-1-PBF/5471738,General Purpose,,4 µA,Latched Fault,,No,1,-40°C ~ 125°C,"Circuit Breaker, Current Limit, Fault Timeout, OVP, Slew Rate, UVLO",,,Hot Swap Controller,2.7V ~ 36V
LTC4231HMS-1#TRPBF,Analog Devices Inc.,IC HOT SWAP CTRLR GP 12MSOP,linear-audio-amplifiers,0,5.7045,"12-TSSOP (0.118"", 3.00mm Width)",Surface Mount,Active,https://www.analog.com/media/en/technical-documentation/data-sheets/LTC4231.pdf,https://www.digikey.com/en/products/detail/analog-devices-inc/LTC4231HMS-1-TRPBF/5461668,General Purpose,,4 µA,Latched Fault,,No,1,-40°C ~ 125°C,"Circuit Breaker, Current Limit, Fault Timeout, OVP, Slew Rate, UVLO",,,Hot Swap Controller,2.7V ~ 36V
LTC4231HMS-1#WPBF,Analog Devices Inc.,UP HOT SWAP CNTR,linear-audio-amplifiers,38,10.41,"12-TSSOP (0.118"", 3.00mm Width)",Surface Mount,Active,https://www.analog.com/media/en/technical-documentation/data-sheets/LTC4231.pdf,https://www.digikey.com/en/products/detail/analog-devices-inc/LTC4231HMS-1-WPBF/12385767,General Purpose,,,Latched Fault,Automotive,No,1,-40°C ~ 125°C (TA),"Circuit Breaker, Current Limit, Fault Timeout, OVP, Slew Rate, UVLO",AEC-Q100,,Hot Swap Controller,2.7V ~ 36V
LTC4231HMS-1#WTRPBF,Analog Devices Inc.,UP HOT SWAP CNTR,linear-audio-amplifiers,0,6.13736,"12-TSSOP (0.118"", 3.00mm Width)",Surface Mount,Active,https://www.analog.com/media/en/technical-documentation/data-sheets/LTC4231.pdf,https://www.digikey.com/en/products/detail/analog-devices-inc/LTC4231HMS-1-WTRPBF/12385813,General Purpose,,,Latched Fault,Automotive,No,1,-40°C ~ 125°C (TA),"Circuit Breaker, Current Limit, Fault Timeout, OVP, Slew Rate, UVLO",AEC-Q100,,Hot Swap Controller,2.7V ~ 36V
LTC4231HMS-2#PBF,Analog Devices Inc.,IC HOT SWAP CTRLR GP 12MSOP,linear-audio-amplifiers,1240,9.73,"12-TSSOP (0.118"", 3.00mm Width)",Surface Mount,Active,https://www.analog.com/media/en/technical-documentation/data-sheets/LTC4231.pdf,https://www.digikey.com/en/products/detail/analog-devices-inc/LTC4231HMS-2-PBF/5471739,General Purpose,,4 µA,Auto Retry,,No,1,-40°C ~ 125°C,"Circuit Breaker, Current Limit, Fault Timeout, OVP, Slew Rate, UVLO",,,Hot Swap Controller,2.7V ~ 36V
LTC4231HMS-2#TRPBF,Analog Devices Inc.,IC HOT SWAP CTRLR GP 12MSOP,linear-audio-amplifiers,0,5.7045,"12-TSSOP (0.118"", 3.00mm Width)",Surface Mount,Active,https://www.analog.com/media/en/technical-documentation/data-sheets/LTC4231.pdf,https://www.digikey.com/en/products/detail/analog-devices-inc/LTC4231HMS-2-TRPBF/5461669,General Purpose,,4 µA,Auto Retry,,No,1,-40°C ~ 125°C,"Circuit Breaker, Current Limit, Fault Timeout, OVP, Slew Rate, UVLO",,,Hot Swap Controller,2.7V ~ 36V
LTC4231HMS-2#WPBF,Analog Devices Inc.,UP HOT SWAP CNTR,linear-audio-amplifiers,44334,10.41,"12-TSSOP (0.118"", 3.00mm Width)",Surface Mount,Active,https://www.analog.com/media/en/technical-documentation/data-sheets/LTC4231.pdf,https://www.digikey.com/en/products/detail/analog-devices-inc/LTC4231HMS-2-WPBF/12385763,General Purpose,,,Auto Retry,Automotive,No,1,-40°C ~ 125°C (TA),"Circuit Breaker, Current Limit, Fault Timeout, OVP, Slew Rate, UVLO",AEC-Q100,,Hot Swap Controller,2.7V ~ 36V
LTC4231HMS-2#WTRPBF,Analog Devices Inc.,UP HOT SWAP CNTR,linear-audio-amplifiers,0,6.13736,"12-TSSOP (0.118"", 3.00mm Width)",Surface Mount,Active,https://www.analog.com/media/en/technical-documentation/data-sheets/LTC4231.pdf,https://www.digikey.com/en/products/detail/analog-devices-inc/LTC4231HMS-2-WTRPBF/12385857,General Purpose,,,Auto Retry,Automotive,No,1,-40°C ~ 125°C (TA),"Circuit Breaker, Current Limit, Fault Timeout, OVP, Slew Rate, UVLO",AEC-Q100,,Hot Swap Controller,2.7V ~ 36V
LTC4231HUD-1#PBF,Analog Devices Inc.,IC HOT SWAP CTRLR GP 12QFN,linear-audio-amplifiers,333,9.73,12-WFQFN Exposed Pad,Surface Mount,Active,https://www.analog.com/media/en/technical-documentation/data-sheets/LTC4231.pdf,https://www.digikey.com/en/products/detail/analog-devices-inc/LTC4231HUD-1-PBF/5471740,General Purpose,,4 µA,Latched Fault,,No,1,-40°C ~ 125°C,"Circuit Breaker, Current Limit, Fault Timeout, OVP, Slew Rate, UVLO",,,Hot Swap Controller,2.7V ~ 36V
LTC4231HUD-1#TRPBF,Analog Devices Inc.,IC HOT SWAP CTRLR GP 12QFN,linear-audio-amplifiers,0,5.7045,12-WFQFN Exposed Pad,Surface Mount,Active,https://www.analog.com/media/en/technical-documentation/data-sheets/LTC4231.pdf,https://www.digikey.com/en/products/detail/analog-devices-inc/LTC4231HUD-1-TRPBF/5461670,General Purpose,,4 µA,Latched Fault,,No,1,-40°C ~ 125°C,"Circuit Breaker, Current Limit, Fault Timeout, OVP, Slew Rate, UVLO",,,Hot Swap Controller,2.7V ~ 36V
LTC4231HUD-2#PBF,Analog Devices Inc.,IC HOT SWAP CTRLR GP 12QFN,linear-audio-amplifiers,157,9.73,12-WFQFN Exposed Pad,Surface Mount,Active,https://www.analog.com/media/en/technical-documentation/data-sheets/LTC4231.pdf,https://www.digikey.com/en/products/detail/analog-devices-inc/LTC4231HUD-2-PBF/5471741,General Purpose,,4 µA,Auto Retry,,No,1,-40°C ~ 125°C,"Circuit Breaker, Current Limit, Fault Timeout, OVP, Slew Rate, UVLO",,,Hot Swap Controller,2.7V ~ 36V
LTC4231HUD-2#TRPBF,Analog Devices Inc.,IC HOT SWAP CTRLR GP 12QFN,linear-audio-amplifiers,0,5.7045,12-WFQFN Exposed Pad,Surface Mount,Active,https://www.analog.com/media/en/technical-documentation/data-sheets/LTC4231.pdf,https://www.digikey.com/en/products/detail/analog-devices-inc/LTC4231HUD-2-TRPBF/5461671,General Purpose,,4 µA,Auto Retry,,No,1,-40°C ~ 125°C,"Circuit Breaker, Current Limit, Fault Timeout, OVP, Slew Rate, UVLO",,,Hot Swap Controller,2.7V ~ 36V
LTC4231IMS-1#PBF,Analog Devices Inc.,IC HOT SWAP CTRLR GP 12MSOP,linear-audio-amplifiers,439,8.59,"12-TSSOP (0.118"", 3.00mm Width)",Surface Mount,Active,https://www.analog.com/media/en/technical-documentation/data-sheets/LTC4231.pdf,https://www.digikey.com/en/products/detail/analog-devices-inc/LTC4231IMS-1-PBF/4964750,General Purpose,,4 µA,Latched Fault,,No,1,-40°C ~ 85°C,"Circuit Breaker, Current Limit, Fault Timeout, OVP, Slew Rate, UVLO",,,Hot Swap Controller,2.7V ~ 36V
LTC4231IMS-1#TRPBF,Analog Devices Inc.,IC HOT SWAP CTRLR GP 12MSOP,linear-audio-amplifiers,0,4.98649,"12-TSSOP (0.118"", 3.00mm Width)",Surface Mount,Active,https://www.analog.com/media/en/technical-documentation/data-sheets/LTC4231.pdf,https://www.digikey.com/en/products/detail/analog-devices-inc/LTC4231IMS-1-TRPBF/4964071,General Purpose,,4 µA,Latched Fault,,No,1,-40°C ~ 85°C,"Circuit Breaker, Current Limit, Fault Timeout, OVP, Slew Rate, UVLO",,,Hot Swap Controller,2.7V ~ 36V
LTC4231IMS-2#PBF,Analog Devices Inc.,IC HOT SWAP CTRLR GP 12MSOP,linear-audio-amplifiers,1200,8.59,"12-TSSOP (0.118"", 3.00mm Width)",Surface Mount,Active,https://www.analog.com/media/en/technical-documentation/data-sheets/LTC4231.pdf,https://www.digikey.com/en/products/detail/analog-devices-inc/LTC4231IMS-2-PBF/4964751,General Purpose,,4 µA,Auto Retry,,No,1,-40°C ~ 85°C,"Circuit Breaker, Current Limit, Fault Timeout, OVP, Slew Rate, UVLO",,,Hot Swap Controller,2.7V ~ 36V
LTC4231IMS-2#TRPBF,Analog Devices Inc.,IC HOT SWAP CTRLR GP 12MSOP,linear-audio-amplifiers,0,4.98649,"12-TSSOP (0.118"", 3.00mm Width)",Surface Mount,Active,https://www.analog.com/media/en/technical-documentation/data-sheets/LTC4231.pdf,https://www.digikey.com/en/products/detail/analog-devices-inc/LTC4231IMS-2-TRPBF/4964072,General Purpose,,4 µA,Auto Retry,,No,1,-40°C ~ 85°C,"Circuit Breaker, Current Limit, Fault Timeout, OVP, Slew Rate, UVLO",,,Hot Swap Controller,2.7V ~ 36V
LTC4231IUD-1#PBF,Analog Devices Inc.,IC HOT SWAP CTRLR GP 12QFN,linear-audio-amplifiers,1787,8.59,12-WFQFN Exposed Pad,Surface Mount,Active,https://www.analog.com/media/en/technical-documentation/data-sheets/LTC4231.pdf,https://www.digikey.com/en/products/detail/analog-devices-inc/LTC4231IUD-1-PBF/4964752,General Purpose,,4 µA,Latched Fault,,No,1,-40°C ~ 85°C,"Circuit Breaker, Current Limit, Fault Timeout, OVP, Slew Rate, UVLO",,,Hot Swap Controller,2.7V ~ 36V
LTC4231IUD-1#TRPBF,Analog Devices Inc.,IC HOT SWAP CTRLR GP 12QFN,linear-audio-amplifiers,0,4.98649,12-WFQFN Exposed Pad,Surface Mount,Active,https://www.analog.com/media/en/technical-documentation/data-sheets/LTC4231.pdf,https://www.digikey.com/en/products/detail/analog-devices-inc/LTC4231IUD-1-TRPBF/4964073,General Purpose,,4 µA,Latched Fault,,No,1,-40°C ~ 85°C,"Circuit Breaker, Current Limit, Fault Timeout, OVP, Slew Rate, UVLO",,,Hot Swap Controller,2.7V ~ 36V
LTC4231IUD-2#PBF,Analog Devices Inc.,IC HOT SWAP CTRLR GP 12QFN,linear-audio-amplifiers,664,8.59,12-WFQFN Exposed Pad,Surface Mount,Active,https://www.analog.com/media/en/technical-documentation/data-sheets/LTC4231.pdf,https://www.digikey.com/en/products/detail/analog-devices-inc/LTC4231IUD-2-PBF/4964753,General Purpose,,4 µA,Auto Retry,,No,1,-40°C ~ 85°C,"Circuit Breaker, Current Limit, Fault Timeout, OVP, Slew Rate, UVLO",,,Hot Swap Controller,2.7V ~ 36V
LTC4231IUD-2#TRPBF,Analog Devices Inc.,IC HOT SWAP CTRLR GP 12QFN,linear-audio-amplifiers,6608,8.59,12-WFQFN Exposed Pad,Surface Mount,Active,https://www.analog.com/media/en/technical-documentation/data-sheets/LTC4231.pdf,https://www.digikey.com/en/products/detail/analog-devices-inc/LTC4231IUD-2-TRPBF/4964074,General Purpose,,4 µA,Auto Retry,,No,1,-40°C ~ 85°C,"Circuit Breaker, Current Limit, Fault Timeout, OVP, Slew Rate, UVLO",,,Hot Swap Controller,2.7V ~ 36V
LTC4232CDHC#PBF,Analog Devices Inc.,IC HOT SWAP CTRLR GP 16DFN,linear-audio-amplifiers,343,10.72,16-WFDFN Exposed Pad,Surface Mount,Active,https://www.analog.com/media/en/technical-documentation/data-sheets/4232fc.pdf,https://www.digikey.com/en/products/detail/analog-devices-inc/LTC4232CDHC-PBF/3024892,General Purpose,5A,1.6 mA,Thermal Limit,,Yes,1,0°C ~ 70°C,"Auto Retry, Current Limit, Fault Timeout, Latched Fault, OVP, UVLO",,,"Hot Swap Controller, Monitor",2.9V ~ 15V
LTC4232CDHC#TRPBF,Analog Devices Inc.,IC HOT SWAP CTRLR GP 16DFN,linear-audio-amplifiers,0,6.34009,16-WFDFN Exposed Pad,Surface Mount,Active,https://www.analog.com/media/en/technical-documentation/data-sheets/4232fc.pdf,https://www.digikey.com/en/products/detail/analog-devices-inc/LTC4232CDHC-TRPBF/3024893,General Purpose,5A,1.6 mA,Thermal Limit,,Yes,1,0°C ~ 70°C,"Auto Retry, Current Limit, Fault Timeout, Latched Fault, OVP, UVLO",,,"Hot Swap Controller, Monitor",2.9V ~ 15V
LTC4232CDHC-1#PBF,Analog Devices Inc.,IC HOT SWAP CTRLR GP 16DFN,linear-audio-amplifiers,146,10.72,16-WFDFN Exposed Pad,Surface Mount,Active,https://www.analog.com/media/en/technical-documentation/data-sheets/42321fb.pdf,https://www.digikey.com/en/products/detail/analog-devices-inc/LTC4232CDHC-1-PBF/4915470,General Purpose,5A,1.6 mA,Thermal Limit,,Yes,1,0°C ~ 70°C,"Auto Retry, Current Limit, Fault Timeout, Latched Fault, OVP, UVLO",,,"Hot Swap Controller, Monitor",2.9V ~ 15V
LTC4232CDHC-1#TRPBF,Analog Devices Inc.,IC HOT SWAP CTRLR GP 16DFN,linear-audio-amplifiers,0,6.34009,16-WFDFN Exposed Pad,Surface Mount,Active,https://www.analog.com/media/en/technical-documentation/data-sheets/42321fb.pdf,https://www.digikey.com/en/products/detail/analog-devices-inc/LTC4232CDHC-1-TRPBF/4915468,General Purpose,5A,1.6 mA,Thermal Limit,,Yes,1,0°C ~ 70°C,"Auto Retry, Current Limit, Fault Timeout, Latched Fault, OVP, UVLO",,,"Hot Swap Controller, Monitor",2.9V ~ 15V
LTC4232IDHC#PBF,Analog Devices Inc.,IC HOT SWAP CTRLR GP 16DFN,linear-audio-amplifiers,745,12.63,16-WFDFN Exposed Pad,Surface Mount,Active,https://www.analog.com/media/en/technical-documentation/data-sheets/4232fc.pdf,https://www.digikey.com/en/products/detail/analog-devices-inc/LTC4232IDHC-PBF/3024894,General Purpose,5A,1.6 mA,Thermal Limit,,Yes,1,-40°C ~ 85°C,"Auto Retry, Current Limit, Fault Timeout, Latched Fault, OVP, UVLO",,,"Hot Swap Controller, Monitor",2.9V ~ 15V
LTC4232IDHC#TRPBF,Analog Devices Inc.,IC HOT SWAP CTRLR GP 16DFN,linear-audio-amplifiers,662,12.63,16-WFDFN Exposed Pad,Surface Mount,Active,https://www.analog.com/media/en/technical-documentation/data-sheets/4232fc.pdf,https://www.digikey.com/en/products/detail/analog-devices-inc/LTC4232IDHC-TRPBF/3024895,General Purpose,5A,1.6 mA,Thermal Limit,,Yes,1,-40°C ~ 85°C,"Auto Retry, Current Limit, Fault Timeout, Latched Fault, OVP, UVLO",,,"Hot Swap Controller, Monitor",2.9V ~ 15V
LTC4232IDHC-1#PBF,Analog Devices Inc.,IC HOT SWAP CTRLR GP 16DFN,linear-audio-amplifiers,132,14.12,16-WFDFN Exposed Pad,Surface Mount,Active,https://www.analog.com/media/en/technical-documentation/data-sheets/42321fb.pdf,https://www.digikey.com/en/products/detail/analog-devices-inc/LTC4232IDHC-1-PBF/4915031,General Purpose,5A,1.6 mA,Thermal Limit,,Yes,1,-40°C ~ 85°C,"Auto Retry, Current Limit, Fault Timeout, Latched Fault, OVP, UVLO",,,"Hot Swap Controller, Monitor",2.9V ~ 15V
LTC4232IDHC-1#TRPBF,Analog Devices Inc.,IC HOT SWAP CTRLR GP 16DFN,linear-audio-amplifiers,0,8.53788,16-WFDFN Exposed Pad,Surface Mount,Active,https://www.analog.com/media/en/technical-documentation/data-sheets/42321fb.pdf,https://www.digikey.com/en/products/detail/analog-devices-inc/LTC4232IDHC-1-TRPBF/4915469,General Purpose,5A,1.6 mA,Thermal Limit,,Yes,1,-40°C ~ 85°C,"Auto Retry, Current Limit, Fault Timeout, Latched Fault, OVP, UVLO",,,"Hot Swap Controller, Monitor",2.9V ~ 15V
LTC4233CWHH#PBF,Analog Devices Inc.,IC HOT SWAP CTRLR GP 38QFN,linear-audio-amplifiers,42,12.44,38-VFQFN Exposed Pad,Surface Mount,Active,https://www.analog.com/media/en/technical-documentation/data-sheets/4233f.pdf,https://www.digikey.com/en/products/detail/analog-devices-inc/LTC4233CWHH-PBF/5361661,General Purpose,10A,1.6 mA,Auto Retry,,Yes,1,0°C ~ 70°C,"Current Limit, Fault Timeout, OVP, UVLO",,,Hot Swap Controller,2.9V ~ 15V
LTC4233CWHH#TRPBF,Analog Devices Inc.,IC HOT SWAP CTRLR GP 38QFN,linear-audio-amplifiers,0,7.44686,38-VFQFN Exposed Pad,Surface Mount,Active,https://www.analog.com/media/en/technical-documentation/data-sheets/4233f.pdf,https://www.digikey.com/en/products/detail/analog-devices-inc/LTC4233CWHH-TRPBF/5361417,General Purpose,10A,1.6 mA,Auto Retry,,Yes,1,0°C ~ 70°C,"Current Limit, Fault Timeout, OVP, UVLO",,,Hot Swap Controller,2.9V ~ 15V
LTC4233HWHH#PBF,Analog Devices Inc.,IC HOT SWAP CTRLR GP 38QFN,linear-audio-amplifiers,63,15.31,38-VFQFN Exposed Pad,Surface Mount,Active,https://www.analog.com/media/en/technical-documentation/data-sheets/4233f.pdf,https://www.digikey.com/en/products/detail/analog-devices-inc/LTC4233HWHH-PBF/5361662,General Purpose,10A,1.6 mA,Auto Retry,,Yes,1,-40°C ~ 125°C,"Current Limit, Fault Timeout, OVP, UVLO",,,Hot Swap Controller,2.9V ~ 15V
LTC4233HWHH#TRPBF,Analog Devices Inc.,IC HOT SWAP CTRLR GP 38QFN,linear-audio-amplifiers,0,9.31789,38-VFQFN Exposed Pad,Surface Mount,Active,https://www.analog.com/media/en/technical-documentation/data-sheets/4233f.pdf,https://www.digikey.com/en/products/detail/analog-devices-inc/LTC4233HWHH-TRPBF/5361418,General Purpose,10A,1.6 mA,Auto Retry,,Yes,1,-40°C ~ 125°C,"Current Limit, Fault Timeout, OVP, UVLO",,,Hot Swap Controller,2.9V ~ 15V
LTC4233IWHH#PBF,Analog Devices Inc.,IC HOT SWAP CTRLR GP 38QFN,linear-audio-amplifiers,420,13.56,38-VFQFN Exposed Pad,Surface Mount,Active,https://www.analog.com/media/en/technical-documentation/data-sheets/4233f.pdf,https://www.digikey.com/en/products/detail/analog-devices-inc/LTC4233IWHH-PBF/5361663,General Purpose,10A,1.6 mA,Auto Retry,,Yes,1,-40°C ~ 85°C,"Current Limit, Fault Timeout, OVP, UVLO",,,Hot Swap Controller,2.9V ~ 15V
LTC4233IWHH#TRPBF,Analog Devices Inc.,IC HOT SWAP CTRLR GP 38QFN,linear-audio-amplifiers,0,8.17442,38-VFQFN Exposed Pad,Surface Mount,Active,https://www.analog.com/media/en/technical-documentation/data-sheets/4233f.pdf,https://www.digikey.com/en/products/detail/analog-devices-inc/LTC4233IWHH-TRPBF/5361419,General Purpose,10A,1.6 mA,Auto Retry,,Yes,1,-40°C ~ 85°C,"Current Limit, Fault Timeout, OVP, UVLO",,,Hot Swap Controller,2.9V ~ 15V
LTC4234CWHH#PBF,Analog Devices Inc.,IC HOT SWAP CTRLR GP 38QFN,linear-audio-amplifiers,0,15.25,38-VFQFN Exposed Pad,Surface Mount,Active,https://www.analog.com/media/en/technical-documentation/data-sheets/4234fa.pdf,https://www.digikey.com/en/products/detail/analog-devices-inc/LTC4234CWHH-PBF/5253648,General Purpose,20A,1.6 mA,Auto Retry,,Yes,1,0°C ~ 70°C,"Current Limit, Fault Timeout, OVP, Turn On Voltage",,,Hot Swap Controller,2.9V ~ 15V
LTC4234CWHH#TRPBF,Analog Devices Inc.,IC HOT SWAP CTRLR GP 38QFN,linear-audio-amplifiers,0,9.27758,38-VFQFN Exposed Pad,Surface Mount,Active,https://www.analog.com/media/en/technical-documentation/data-sheets/4234fa.pdf,https://www.digikey.com/en/products/detail/analog-devices-inc/LTC4234CWHH-TRPBF/5253530,General Purpose,20A,1.6 mA,Auto Retry,,Yes,1,0°C ~ 70°C,"Current Limit, Fault Timeout, OVP, Turn On Voltage",,,Hot Swap Controller,2.9V ~ 15V
LTC4234HWHH#PBF,Analog Devices Inc.,IC HOT SWAP CTRLR GP 38QFN,linear-audio-amplifiers,0,18.78,38-VFQFN Exposed Pad,Surface Mount,Active,https://www.analog.com/media/en/technical-documentation/data-sheets/4234fa.pdf,https://www.digikey.com/en/products/detail/analog-devices-inc/LTC4234HWHH-PBF/5253649,General Purpose,20A,1.6 mA,Auto Retry,,Yes,1,-40°C ~ 125°C,"Current Limit, Fault Timeout, OVP, Turn On Voltage",,,Hot Swap Controller,2.9V ~ 15V
LTC4234HWHH#TRPBF,Analog Devices Inc.,IC HOT SWAP CTRLR GP 38QFN,linear-audio-amplifiers,0,11.61291,38-VFQFN Exposed Pad,Surface Mount,Active,https://www.analog.com/media/en/technical-documentation/data-sheets/4234fa.pdf,https://www.digikey.com/en/products/detail/analog-devices-inc/LTC4234HWHH-TRPBF/5253531,General Purpose,20A,1.6 mA,Auto Retry,,Yes,1,-40°C ~ 125°C,"Current Limit, Fault Timeout, OVP, Turn On Voltage",,,Hot Swap Controller,2.9V ~ 15V
LTC4234IWHH#PBF,Analog Devices Inc.,IC HOT SWAP CTRLR GP 38QFN,linear-audio-amplifiers,337,16.59,38-VFQFN Exposed Pad,Surface Mount,Active,https://www.analog.com/media/en/technical-documentation/data-sheets/4234fa.pdf,https://www.digikey.com/en/products/detail/analog-devices-inc/LTC4234IWHH-PBF/5253650,General Purpose,20A,1.6 mA,Auto Retry,,Yes,1,-40°C ~ 85°C,"Current Limit, Fault Timeout, OVP, Turn On Voltage",,,Hot Swap Controller,2.9V ~ 15V
LTC4234IWHH#TRPBF,Analog Devices Inc.,IC HOT SWAP CTRLR GP 38QFN,linear-audio-amplifiers,0,10.16418,38-VFQFN Exposed Pad,Surface Mount,Active,https://www.analog.com/media/en/technical-documentation/data-sheets/4234fa.pdf,https://www.digikey.com/en/products/detail/analog-devices-inc/LTC4234IWHH-TRPBF/5253532,General Purpose,20A,1.6 mA,Auto Retry,,Yes,1,-40°C ~ 85°C,"Current Limit, Fault Timeout, OVP, Turn On Voltage",,,Hot Swap Controller,2.9V ~ 15V
LTC4235CUFD-1#PBF,Analog Devices Inc.,IC HOT SWAP CTRLR GP 20QFN,linear-audio-amplifiers,22,12.44,20-WFQFN Exposed Pad,Surface Mount,Active,https://www.analog.com/media/en/technical-documentation/data-sheets/4235f.pdf,https://www.digikey.com/en/products/detail/analog-devices-inc/LTC4235CUFD-1-PBF/5774963,General Purpose,,2.7 mA,Latched Fault,,No,2,0°C ~ 70°C,Current Limit,,,"Hot Swap Controller, Monitor",9V ~ 14V
LTC4235CUFD-1#TRPBF,Analog Devices Inc.,IC HOT SWAP CTRLR GP 20QFN,linear-audio-amplifiers,0,7.44686,20-WFQFN Exposed Pad,Surface Mount,Active,https://www.analog.com/media/en/technical-documentation/data-sheets/4235f.pdf,https://www.digikey.com/en/products/detail/analog-devices-inc/LTC4235CUFD-1-TRPBF/5775281,General Purpose,,2.7 mA,Latched Fault,,No,2,0°C ~ 70°C,Current Limit,,,"Hot Swap Controller, Monitor",9V ~ 14V
LTC4235CUFD-2#PBF,Analog Devices Inc.,IC HOT SWAP CTRLR GP 20QFN,linear-audio-amplifiers,6,12.44,20-WFQFN Exposed Pad,Surface Mount,Active,https://www.analog.com/media/en/technical-documentation/data-sheets/4235f.pdf,https://www.digikey.com/en/products/detail/analog-devices-inc/LTC4235CUFD-2-PBF/5774964,General Purpose,,2.7 mA,Auto Retry,,No,2,0°C ~ 70°C,Current Limit,,,"Hot Swap Controller, Monitor",9V ~ 14V
LTC4235CUFD-2#TRPBF,Analog Devices Inc.,IC HOT SWAP CTRLR GP 20QFN,linear-audio-amplifiers,0,7.44686,20-WFQFN Exposed Pad,Surface Mount,Active,https://www.analog.com/media/en/technical-documentation/data-sheets/4235f.pdf,https://www.digikey.com/en/products/detail/analog-devices-inc/LTC4235CUFD-2-TRPBF/5775282,General Purpose,,2.7 mA,Auto Retry,,No,2,0°C ~ 70°C,Current Limit,,,"Hot Swap Controller, Monitor",9V ~ 14V
LTC4235IUFD-1#PBF,Analog Devices Inc.,IC HOT SWAP CTRLR GP 20QFN,linear-audio-amplifiers,0,8.5074,20-WFQFN Exposed Pad,Surface Mount,Active,https://www.analog.com/media/en/technical-documentation/data-sheets/4235f.pdf,https://www.digikey.com/en/products/detail/analog-devices-inc/LTC4235IUFD-1-PBF/5774965,General Purpose,,2.7 mA,Latched Fault,,No,2,-40°C ~ 85°C,Current Limit,,,"Hot Swap Controller, Monitor",9V ~ 14V
LTC4235IUFD-1#TRPBF,Analog Devices Inc.,IC HOT SWAP CTRLR GP 20QFN,linear-audio-amplifiers,0,7.44686,20-WFQFN Exposed Pad,Surface Mount,Active,https://www.analog.com/media/en/technical-documentation/data-sheets/4235f.pdf,https://www.digikey.com/en/products/detail/analog-devices-inc/LTC4235IUFD-1-TRPBF/5775283,General Purpose,,2.7 mA,Latched Fault,,No,2,-40°C ~ 85°C,Current Limit,,,"Hot Swap Controller, Monitor",9V ~ 14V
LTC4235IUFD-2#PBF,Analog Devices Inc.,IC HOT SWAP CTRLR GP 20QFN,linear-audio-amplifiers,39,12.44,20-WFQFN Exposed Pad,Surface Mount,Active,https://www.analog.com/media/en/technical-documentation/data-sheets/4235f.pdf,https://www.digikey.com/en/products/detail/analog-devices-inc/LTC4235IUFD-2-PBF/5774966,General Purpose,,2.7 mA,Auto Retry,,No,2,-40°C ~ 85°C,Current Limit,,,"Hot Swap Controller, Monitor",9V ~ 14V
LTC4235IUFD-2#TRPBF,Analog Devices Inc.,IC HOT SWAP CTRLR GP 20QFN,linear-audio-amplifiers,0,7.44686,20-WFQFN Exposed Pad,Surface Mount,Active,https://www.analog.com/media/en/technical-documentation/data-sheets/4235f.pdf,https://www.digikey.com/en/products/detail/analog-devices-inc/LTC4235IUFD-2-TRPBF/5775284,General Purpose,,2.7 mA,Auto Retry,,No,2,-40°C ~ 85°C,Current Limit,,,"Hot Swap Controller, Monitor",9V ~ 14V
LTC4236CUFD-1#PBF,Analog Devices Inc.,IC HOT SWAP CTRLR GP 28QFN,linear-audio-amplifiers,0,9.10836,28-WFQFN Exposed Pad,Surface Mount,Active,https://www.analog.com/media/en/technical-documentation/data-sheets/4236f.pdf,https://www.digikey.com/en/products/detail/analog-devices-inc/LTC4236CUFD-1-PBF/5819085,General Purpose,,2.7 mA,Latched Fault,,No,2,0°C ~ 70°C,Current Limit,,,"Hot Swap Controller, OR Controller",2.9V ~ 18V
LTC4236CUFD-1#TRPBF,Analog Devices Inc.,IC HOT SWAP CTRLR GP 28QFN,linear-audio-amplifiers,0,7.98588,28-WFQFN Exposed Pad,Surface Mount,Active,https://www.analog.com/media/en/technical-documentation/data-sheets/4236f.pdf,https://www.digikey.com/en/products/detail/analog-devices-inc/LTC4236CUFD-1-TRPBF/5820285,General Purpose,,2.7 mA,Latched Fault,,No,2,0°C ~ 70°C,Current Limit,,,"Hot Swap Controller, OR Controller",2.9V ~ 18V
LTC4236CUFD-2#PBF,Analog Devices Inc.,IC HOT SWAP CTRLR GP 28QFN,linear-audio-amplifiers,43,13.27,28-WFQFN Exposed Pad,Surface Mount,Active,https://www.analog.com/media/en/technical-documentation/data-sheets/4236f.pdf,https://www.digikey.com/en/products/detail/analog-devices-inc/LTC4236CUFD-2-PBF/5819086,General Purpose,,2.7 mA,Auto Retry,,No,2,0°C ~ 70°C,Current Limit,,,"Hot Swap Controller, OR Controller",2.9V ~ 18V
LTC4236CUFD-2#TRPBF,Analog Devices Inc.,IC HOT SWAP CTRLR GP 28QFN,linear-audio-amplifiers,0,7.98588,28-WFQFN Exposed Pad,Surface Mount,Active,https://www.analog.com/media/en/technical-documentation/data-sheets/4236f.pdf,https://www.digikey.com/en/products/detail/analog-devices-inc/LTC4236CUFD-2-TRPBF/5820286,General Purpose,,2.7 mA,Auto Retry,,No,2,0°C ~ 70°C,Current Limit,,,"Hot Swap Controller, OR Controller",2.9V ~ 18V
LTC4236IUFD-1#PBF,Analog Devices Inc.,IC HOT SWAP CTRLR GP 28QFN,linear-audio-amplifiers,29,14.47,28-WFQFN Exposed Pad,Surface Mount,Active,https://www.analog.com/media/en/technical-documentation/data-sheets/4236f.pdf,https://www.digikey.com/en/products/detail/analog-devices-inc/LTC4236IUFD-1-PBF/5819087,General Purpose,,2.7 mA,Latched Fault,,No,2,-40°C ~ 85°C,Current Limit,,,"Hot Swap Controller, OR Controller",2.9V ~ 18V
LTC4236IUFD-1#TRPBF,Analog Devices Inc.,IC HOT SWAP CTRLR GP 28QFN,linear-audio-amplifiers,0,8.76664,28-WFQFN Exposed Pad,Surface Mount,Active,https://www.analog.com/media/en/technical-documentation/data-sheets/4236f.pdf,https://www.digikey.com/en/products/detail/analog-devices-inc/LTC4236IUFD-1-TRPBF/5820287,General Purpose,,2.7 mA,Latched Fault,,No,2,-40°C ~ 85°C,Current Limit,,,"Hot Swap Controller, OR Controller",2.9V ~ 18V
LTC4236IUFD-2#PBF,Analog Devices Inc.,IC HOT SWAP CTRLR GP 28QFN,linear-audio-amplifiers,44,14.47,28-WFQFN Exposed Pad,Surface Mount,Active,https://www.analog.com/media/en/technical-documentation/data-sheets/4236f.pdf,https://www.digikey.com/en/products/detail/analog-devices-inc/LTC4236IUFD-2-PBF/5819088,General Purpose,,2.7 mA,Auto Retry,,No,2,-40°C ~ 85°C,Current Limit,,,"Hot Swap Controller, OR Controller",2.9V ~ 18V
LTC4236IUFD-2#TRPBF,Analog Devices Inc.,IC HOT SWAP CTRLR GP 28QFN,linear-audio-amplifiers,0,8.76664,28-WFQFN Exposed Pad,Surface Mount,Active,https://www.analog.com/media/en/technical-documentation/data-sheets/4236f.pdf,https://www.digikey.com/en/products/detail/analog-devices-inc/LTC4236IUFD-2-TRPBF/5820288,General Purpose,,2.7 mA,Auto Retry,,No,2,-40°C ~ 85°C,Current Limit,,,"Hot Swap Controller, OR Controller",2.9V ~ 18V
LTC4238CGN#PBF,Analog Devices Inc.,"HIGHVOLTAGE, HIGHPOWER HOTSWAP C",linear-audio-amplifiers,0,0.0,"24-SSOP (0.154"", 3.90mm Width)",Surface Mount,Obsolete,https://www.analog.com/media/en/technical-documentation/data-sheets/ltc4238.pdf,https://www.digikey.com/en/products/detail/analog-devices-inc/LTC4238CGN-PBF/13157775,General Purpose,63A,3 mA,"Auto Retry, Thermal Limit, UVLO",,Yes,1,0°C ~ 70°C (TJ),"Auto Retry, Circuit Breaker, Current Limit, Fault Timeout, Latched Fault",,,Hot Swap Controller,6.5V ~ 80V
LTC4238CGN#TRPBF,Analog Devices Inc.,"HIGHVOLTAGE, HIGHPOWER HOTSWAP C",linear-audio-amplifiers,0,0.0,"24-SSOP (0.154"", 3.90mm Width)",Surface Mount,Obsolete,https://www.analog.com/media/en/package-pcb-resources/tape-and-reel-packaging.pdf,https://www.digikey.com/en/products/detail/analog-devices-inc/LTC4238CGN-TRPBF/13157750,General Purpose,63A,3 mA,"Auto Retry, Thermal Limit, UVLO",,Yes,1,0°C ~ 70°C (TJ),"Auto Retry, Circuit Breaker, Current Limit, Fault Timeout, Latched Fault",,,Hot Swap Controller,6.5V ~ 80V
LTC4238CUFD#PBF,Analog Devices Inc.,"HIGHVOLTAGE, HIGHPOWER HOTSWAP C",linear-audio-amplifiers,3,14.49,24-WFQFN Exposed Pad,Surface Mount,Obsolete,https://www.analog.com/media/en/technical-documentation/data-sheets/ltc4238.pdf,https://www.digikey.com/en/products/detail/analog-devices-inc/LTC4238CUFD-PBF/13157783,General Purpose,63A,3 mA,"Auto Retry, Thermal Limit, UVLO",,Yes,1,0°C ~ 70°C (TJ),"Auto Retry, Circuit Breaker, Current Limit, Fault Timeout, Latched Fault",,,Hot Swap Controller,6.5V ~ 80V
LTC4238CUFD#TRPBF,Analog Devices Inc.,"HIGHVOLTAGE, HIGHPOWER HOTSWAP C",linear-audio-amplifiers,0,0.0,24-WFQFN Exposed Pad,Surface Mount,Obsolete,https://www.analog.com/media/en/package-pcb-resources/tape-and-reel-packaging.pdf,https://www.digikey.com/en/products/detail/analog-devices-inc/LTC4238CUFD-TRPBF/13157768,General Purpose,63A,3 mA,"Auto Retry, Thermal Limit, UVLO",,Yes,1,0°C ~ 70°C (TJ),"Auto Retry, Circuit Breaker, Current Limit, Fault Timeout, Latched Fault",,,Hot Swap Controller,6.5V ~ 80V
LTC4238HGN#PBF,Analog Devices Inc.,"HIGHVOLTAGE, HIGHPOWER HOTSWAP C",linear-audio-amplifiers,0,0.0,"24-SSOP (0.154"", 3.90mm Width)",Surface Mount,Obsolete,https://www.analog.com/media/en/technical-documentation/data-sheets/ltc4238.pdf,https://www.digikey.com/en/products/detail/analog-devices-inc/LTC4238HGN-PBF/13157766,General Purpose,63A,3 mA,"Auto Retry, Thermal Limit, UVLO",,Yes,1,-40°C ~ 125°C (TJ),"Auto Retry, Circuit Breaker, Current Limit, Fault Timeout, Latched Fault",,,Hot Swap Controller,6.5V ~ 80V
LTC4238HGN#TRPBF,Analog Devices Inc.,"HIGHVOLTAGE, HIGHPOWER HOTSWAP C",linear-audio-amplifiers,0,0.0,"24-SSOP (0.154"", 3.90mm Width)",Surface Mount,Obsolete,https://www.analog.com/media/en/package-pcb-resources/tape-and-reel-packaging.pdf,https://www.digikey.com/en/products/detail/analog-devices-inc/LTC4238HGN-TRPBF/13157758,General Purpose,63A,3 mA,"Auto Retry, Thermal Limit, UVLO",,Yes,1,-40°C ~ 125°C (TJ),"Auto Retry, Circuit Breaker, Current Limit, Fault Timeout, Latched Fault",,,Hot Swap Controller,6.5V ~ 80V
LTC4238HUFD#PBF,Analog Devices Inc.,"HIGHVOLTAGE, HIGHPOWER HOTSWAP C",linear-audio-amplifiers,0,14.49959,24-WFQFN Exposed Pad,Surface Mount,Obsolete,,https://www.digikey.com/en/products/detail/analog-devices-inc/LTC4238HUFD-PBF/13157784,General Purpose,63A,3 mA,"Auto Retry, Thermal Limit, UVLO",,Yes,1,-40°C ~ 125°C (TJ),"Auto Retry, Circuit Breaker, Current Limit, Fault Timeout, Latched Fault",,,Hot Swap Controller,6.5V ~ 80V
LTC4238HUFD#TRPBF,Analog Devices Inc.,"HIGHVOLTAGE, HIGHPOWER HOTSWAP C",linear-audio-amplifiers,0,0.0,24-WFQFN Exposed Pad,Surface Mount,Obsolete,https://www.analog.com/media/en/package-pcb-resources/tape-and-reel-packaging.pdf,https://www.digikey.com/en/products/detail/analog-devices-inc/LTC4238HUFD-TRPBF/13157780,General Purpose,63A,3 mA,"Auto Retry, Thermal Limit, UVLO",,Yes,1,-40°C ~ 125°C (TJ),"Auto Retry, Circuit Breaker, Current Limit, Fault Timeout, Latched Fault",,,Hot Swap Controller,6.5V ~ 80V
LTC4238IGN#PBF,Analog Devices Inc.,"HIGHVOLTAGE, HIGHPOWER HOTSWAP C",linear-audio-amplifiers,0,0.0,"24-SSOP (0.154"", 3.90mm Width)",Surface Mount,Obsolete,https://www.analog.com/media/en/technical-documentation/data-sheets/ltc4238.pdf,https://www.digikey.com/en/products/detail/analog-devices-inc/LTC4238IGN-PBF/13157782,General Purpose,63A,3 mA,"Auto Retry, Thermal Limit, UVLO",,Yes,1,-40°C ~ 85°C (TJ),"Auto Retry, Circuit Breaker, Current Limit, Fault Timeout, Latched Fault",,,Hot Swap Controller,6.5V ~ 80V
LTC4238IGN#TRPBF,Analog Devices Inc.,"HIGHVOLTAGE, HIGHPOWER HOTSWAP C",linear-audio-amplifiers,0,0.0,"24-SSOP (0.154"", 3.90mm Width)",Surface Mount,Obsolete,https://www.analog.com/media/en/package-pcb-resources/tape-and-reel-packaging.pdf,https://www.digikey.com/en/products/detail/analog-devices-inc/LTC4238IGN-TRPBF/13157755,General Purpose,63A,3 mA,"Auto Retry, Thermal Limit, UVLO",,Yes,1,-40°C ~ 85°C (TJ),"Auto Retry, Circuit Breaker, Current Limit, Fault Timeout, Latched Fault",,,Hot Swap Controller,6.5V ~ 80V
LTC4238IUFD#PBF,Analog Devices Inc.,"HIGHVOLTAGE, HIGHPOWER HOTSWAP C",linear-audio-amplifiers,0,0.0,24-WFQFN Exposed Pad,Surface Mount,Obsolete,,https://www.digikey.com/en/products/detail/analog-devices-inc/LTC4238IUFD-PBF/13157774,General Purpose,63A,3 mA,"Auto Retry, Thermal Limit, UVLO",,Yes,1,-40°C ~ 85°C (TJ),"Auto Retry, Circuit Breaker, Current Limit, Fault Timeout, Latched Fault",,,Hot Swap Controller,6.5V ~ 80V
LTC4238IUFD#TRPBF,Analog Devices Inc.,"HIGHVOLTAGE, HIGHPOWER HOTSWAP C",linear-audio-amplifiers,0,0.0,24-WFQFN Exposed Pad,Surface Mount,Obsolete,https://www.analog.com/media/en/package-pcb-resources/tape-and-reel-packaging.pdf,https://www.digikey.com/en/products/detail/analog-devices-inc/LTC4238IUFD-TRPBF/13157753,General Purpose,63A,3 mA,"Auto Retry, Thermal Limit, UVLO",,Yes,1,-40°C ~ 85°C (TJ),"Auto Retry, Circuit Breaker, Current Limit, Fault Timeout, Latched Fault",,,Hot Swap Controller,6.5V ~ 80V
LTC4240CGN#PBF,Analog Devices Inc.,IC HOT SWAP CTRLR PCI 28SSOP,linear-audio-amplifiers,0,11.2098,"28-SSOP (0.154"", 3.90mm Width)",Surface Mount,Active,https://www.analog.com/media/en/technical-documentation/data-sheets/4240f.pdf,https://www.digikey.com/en/products/detail/analog-devices-inc/LTC4240CGN-PBF/888741,CompactPCI™,"100mA, 500mA",,"I2C, Latched Fault, Thermal Limit, UVLO",,Both,4,0°C ~ 70°C,"Current Limit, Fault Timeout, Slew Rate",,,"Hot Swap Controller, Monitor","3.3V, 5V, ±12V"
LTC4240CGN#TR,Analog Devices Inc.,IC CTRLR HOT SWAP CPCI 28-SSOP,linear-audio-amplifiers,0,0.0,"28-SSOP (0.154"", 3.90mm Width)",Surface Mount,Discontinued at DigiKey,https://www.analog.com/media/en/technical-documentation/data-sheets/4240f.pdf,https://www.digikey.com/en/products/detail/analog-devices-inc/LTC4240CGN-TR/631028,CompactPCI™,"100mA, 500mA",,"I2C, Latched Fault, Thermal Limit, UVLO",,Both,4,0°C ~ 70°C,"Current Limit, Fault Timeout, Slew Rate",,,"Hot Swap Controller, Monitor","3.3V, 5V, ±12V"
LTC4240CGN#TRPBF,Analog Devices Inc.,IC HOT SWAP CTRLR PCI 28SSOP,linear-audio-amplifiers,0,9.65387,"28-SSOP (0.154"", 3.90mm Width)",Surface Mount,Active,https://www.analog.com/media/en/technical-documentation/data-sheets/4240f.pdf,https://www.digikey.com/en/products/detail/analog-devices-inc/LTC4240CGN-TRPBF/958517,CompactPCI™,"100mA, 500mA",,"I2C, Latched Fault, Thermal Limit, UVLO",,Both,4,0°C ~ 70°C,"Current Limit, Fault Timeout, Slew Rate",,,"Hot Swap Controller, Monitor","3.3V, 5V, ±12V"
LTC4240IGN#PBF,Analog Devices Inc.,IC HOT SWAP CTRLR PCI 28SSOP,linear-audio-amplifiers,0,12.80082,"28-SSOP (0.154"", 3.90mm Width)",Surface Mount,Active,https://www.analog.com/media/en/technical-documentation/data-sheets/4240f.pdf,https://www.digikey.com/en/products/detail/analog-devices-inc/LTC4240IGN-PBF/963547,CompactPCI™,"100mA, 500mA",,"I2C, Latched Fault, Thermal Limit, UVLO",,Both,4,-40°C ~ 85°C,"Current Limit, Fault Timeout, Slew Rate",,,"Hot Swap Controller, Monitor","3.3V, 5V, ±12V"
LTC4240IGN#TR,Analog Devices Inc.,IC CTRLR HOT SWAP CPCI 28-SSOP,linear-audio-amplifiers,0,0.0,"28-SSOP (0.154"", 3.90mm Width)",Surface Mount,Discontinued at DigiKey,https://www.analog.com/media/en/technical-documentation/data-sheets/4240f.pdf,https://www.digikey.com/en/products/detail/analog-devices-inc/LTC4240IGN-TR/631043,CompactPCI™,"100mA, 500mA",,"I2C, Latched Fault, Thermal Limit, UVLO",,Both,4,-40°C ~ 85°C,"Current Limit, Fault Timeout, Slew Rate",,,"Hot Swap Controller, Monitor","3.3V, 5V, ±12V"
LTC4240IGN#TRPBF,Analog Devices Inc.,IC HOT SWAP CTRLR PCI 28SSOP,linear-audio-amplifiers,0,11.06326,"28-SSOP (0.154"", 3.90mm Width)",Surface Mount,Active,https://www.analog.com/media/en/technical-documentation/data-sheets/4240f.pdf,https://www.digikey.com/en/products/detail/analog-devices-inc/LTC4240IGN-TRPBF/960392,CompactPCI™,"100mA, 500mA",,"I2C, Latched Fault, Thermal Limit, UVLO",,Both,4,-40°C ~ 85°C,"Current Limit, Fault Timeout, Slew Rate",,,"Hot Swap Controller, Monitor","3.3V, 5V, ±12V"
LTC4241CGN,Analog Devices Inc.,IC CTRLR HOTSWAP PCI 3.3V 20SSOP,linear-audio-amplifiers,0,0.0,"20-SSOP (0.154"", 3.90mm Width)",Surface Mount,Discontinued at DigiKey,https://www.analog.com/media/en/technical-documentation/data-sheets/4241fs.pdf,https://www.digikey.com/en/products/detail/analog-devices-inc/LTC4241CGN/610609,"PCI, PCI-X",,,"Latched Fault, Thermal Limit, UVLO",,Both,5,0°C ~ 70°C,"Current Limit, Fault Timeout, Slew Rate",,,Hot Swap Controller,"3.3V, 5V, ±12V"
LTC4241CGN#PBF,Analog Devices Inc.,IC HOT SWAP CTRLR PCI 20SSOP,linear-audio-amplifiers,160,6.59,"20-SSOP (0.154"", 3.90mm Width)",Surface Mount,Active,https://www.analog.com/media/en/technical-documentation/data-sheets/4241fs.pdf,https://www.digikey.com/en/products/detail/analog-devices-inc/LTC4241CGN-PBF/891670,"PCI, PCI-X",,,"Latched Fault, Thermal Limit, UVLO",,Both,5,0°C ~ 70°C,"Current Limit, Fault Timeout, Slew Rate",,,Hot Swap Controller,"3.3V, 5V, ±12V"
LTC4241CGN#TR,Analog Devices Inc.,IC CTRLR HOTSWAP 3.3V AUX 20SSOP,linear-audio-amplifiers,0,0.0,"20-SSOP (0.154"", 3.90mm Width)",Surface Mount,Discontinued at DigiKey,https://www.analog.com/media/en/technical-documentation/data-sheets/4241fs.pdf,https://www.digikey.com/en/products/detail/analog-devices-inc/LTC4241CGN-TR/631041,"PCI, PCI-X",,,"Latched Fault, Thermal Limit, UVLO",,Both,5,0°C ~ 70°C,"Current Limit, Fault Timeout, Slew Rate",,,Hot Swap Controller,"3.3V, 5V, ±12V"
LTC4241CGN#TRPBF,Analog Devices Inc.,IC HOT SWAP CTRLR PCI 20SSOP,linear-audio-amplifiers,0,3.73622,"20-SSOP (0.154"", 3.90mm Width)",Surface Mount,Active,https://www.analog.com/media/en/technical-documentation/data-sheets/4241fs.pdf,https://www.digikey.com/en/products/detail/analog-devices-inc/LTC4241CGN-TRPBF/1620822,"PCI, PCI-X",,,"Latched Fault, Thermal Limit, UVLO",,Both,5,0°C ~ 70°C,"Current Limit, Fault Timeout, Slew Rate",,,Hot Swap Controller,"3.3V, 5V, ±12V"
LTC4241IGN,Analog Devices Inc.,IC CTRLR HOTSWAP 3.3V AUX 20SSOP,linear-audio-amplifiers,0,0.0,"20-SSOP (0.154"", 3.90mm Width)",Surface Mount,Discontinued at DigiKey,https://www.analog.com/media/en/technical-documentation/data-sheets/4241fs.pdf,https://www.digikey.com/en/products/detail/analog-devices-inc/LTC4241IGN/630854,"PCI, PCI-X",,,"Latched Fault, Thermal Limit, UVLO",,Both,5,-40°C ~ 85°C,"Current Limit, Fault Timeout, Slew Rate",,,Hot Swap Controller,"3.3V, 5V, ±12V"
LTC4241IGN#PBF,Analog Devices Inc.,IC HOT SWAP CTRLR PCI 20SSOP,linear-audio-amplifiers,0,4.915,"20-SSOP (0.154"", 3.90mm Width)",Surface Mount,Active,https://www.analog.com/media/en/technical-documentation/data-sheets/4241fs.pdf,https://www.digikey.com/en/products/detail/analog-devices-inc/LTC4241IGN-PBF/963137,"PCI, PCI-X",,,"Latched Fault, Thermal Limit, UVLO",,Both,5,-40°C ~ 85°C,"Current Limit, Fault Timeout, Slew Rate",,,Hot Swap Controller,"3.3V, 5V, ±12V"
LTC4241IGN#TR,Analog Devices Inc.,IC CTRLR HOTSWAP 3.3V AUX 20SSOP,linear-audio-amplifiers,0,0.0,"20-SSOP (0.154"", 3.90mm Width)",Surface Mount,Discontinued at DigiKey,https://www.analog.com/media/en/technical-documentation/data-sheets/4241fs.pdf,https://www.digikey.com/en/products/detail/analog-devices-inc/LTC4241IGN-TR/631013,"PCI, PCI-X",,,"Latched Fault, Thermal Limit, UVLO",,Both,5,-40°C ~ 85°C,"Current Limit, Fault Timeout, Slew Rate",,,Hot Swap Controller,"3.3V, 5V, ±12V"
LTC4241IGN#TRPBF,Analog Devices Inc.,IC HOT SWAP CTRLR PCI 20SSOP,linear-audio-amplifiers,0,4.34846,"20-SSOP (0.154"", 3.90mm Width)",Surface Mount,Active,https://www.analog.com/media/en/technical-documentation/data-sheets/4241fs.pdf,https://www.digikey.com/en/products/detail/analog-devices-inc/LTC4241IGN-TRPBF/959850,"PCI, PCI-X",,,"Latched Fault, Thermal Limit, UVLO",,Both,5,-40°C ~ 85°C,"Current Limit, Fault Timeout, Slew Rate",,,Hot Swap Controller,"3.3V, 5V, ±12V"
LTC4242CG#PBF,Analog Devices Inc.,IC HOT SWAP CTRLR PCI EXP 36SSOP,linear-audio-amplifiers,0,7.17446,"36-SSOP (0.209"", 5.30mm Width)",Surface Mount,Active,https://www.analog.com/media/en/technical-documentation/data-sheets/4242f.pdf,https://www.digikey.com/en/products/detail/analog-devices-inc/LTC4242CG-PBF/1620061,PCI Express®,,1.6 mA,"Fault Timeout, Thermal Limit, UVLO",,Both,6,0°C ~ 70°C,"Auto Retry, Current Limit, Latched Fault, Slew Rate",,,Hot Swap Controller,2.7V ~ 14.4V
LTC4242CG#TRPBF,Analog Devices Inc.,IC HOT SWAP CTRLR PCI EXP 36SSOP,linear-audio-amplifiers,0,6.29406,"36-SSOP (0.209"", 5.30mm Width)",Surface Mount,Active,https://www.analog.com/media/en/technical-documentation/data-sheets/4242f.pdf,https://www.digikey.com/en/products/detail/analog-devices-inc/LTC4242CG-TRPBF/1620811,PCI Express®,,1.6 mA,"Fault Timeout, Thermal Limit, UVLO",,Both,6,0°C ~ 70°C,"Auto Retry, Current Limit, Latched Fault, Slew Rate",,,Hot Swap Controller,2.7V ~ 14.4V
LTC4242CUHF#PBF,Analog Devices Inc.,IC HOT SWAP CTRLR PCI EXP 38QFN,linear-audio-amplifiers,0,10.6,38-WFQFN Exposed Pad,Surface Mount,Active,https://www.analog.com/media/en/technical-documentation/data-sheets/4242f.pdf,https://www.digikey.com/en/products/detail/analog-devices-inc/LTC4242CUHF-PBF/1620020,PCI Express®,,1.6 mA,"Fault Timeout, Thermal Limit, UVLO",,Both,6,0°C ~ 70°C,"Auto Retry, Current Limit, Latched Fault, Slew Rate",,,Hot Swap Controller,2.7V ~ 14.4V
LTC4242CUHF#TRPBF,Analog Devices Inc.,IC HOT SWAP CTRLR PCI EXP 38QFN,linear-audio-amplifiers,0,6.25898,38-WFQFN Exposed Pad,Surface Mount,Active,https://www.analog.com/media/en/technical-documentation/data-sheets/4242f.pdf,https://www.digikey.com/en/products/detail/analog-devices-inc/LTC4242CUHF-TRPBF/1620821,PCI Express®,,1.6 mA,"Fault Timeout, Thermal Limit, UVLO",,Both,6,0°C ~ 70°C,"Auto Retry, Current Limit, Latched Fault, Slew Rate",,,Hot Swap Controller,2.7V ~ 14.4V
LTC4242IG#PBF,Analog Devices Inc.,IC HOT SWAP CTRLR PCI EXP 36SSOP,linear-audio-amplifiers,0,8.51608,"36-SSOP (0.209"", 5.30mm Width)",Surface Mount,Active,https://www.analog.com/media/en/technical-documentation/data-sheets/4242f.pdf,https://www.digikey.com/en/products/detail/analog-devices-inc/LTC4242IG-PBF/1619950,PCI Express®,,1.6 mA,"Fault Timeout, Thermal Limit, UVLO",,Both,6,-40°C ~ 85°C,"Auto Retry, Current Limit, Latched Fault, Slew Rate",,,Hot Swap Controller,2.7V ~ 14.4V
LTC4242IG#TRPBF,Analog Devices Inc.,IC HOT SWAP CTRLR PCI EXP 36SSOP,linear-audio-amplifiers,0,7.50078,"36-SSOP (0.209"", 5.30mm Width)",Surface Mount,Active,https://www.analog.com/media/en/technical-documentation/data-sheets/4242f.pdf,https://www.digikey.com/en/products/detail/analog-devices-inc/LTC4242IG-TRPBF/1620751,PCI Express®,,1.6 mA,"Fault Timeout, Thermal Limit, UVLO",,Both,6,-40°C ~ 85°C,"Auto Retry, Current Limit, Latched Fault, Slew Rate",,,Hot Swap Controller,2.7V ~ 14.4V
LTC4242IUHF#PBF,Analog Devices Inc.,IC HOT SWAP CTRLR PCI EXP 38QFN,linear-audio-amplifiers,8,12.46,38-WFQFN Exposed Pad,Surface Mount,Active,https://www.analog.com/media/en/technical-documentation/data-sheets/4242f.pdf,https://www.digikey.com/en/products/detail/analog-devices-inc/LTC4242IUHF-PBF/1468502,PCI Express®,,1.6 mA,"Fault Timeout, Thermal Limit, UVLO",,Both,6,-40°C ~ 85°C,"Auto Retry, Current Limit, Latched Fault, Slew Rate",,,Hot Swap Controller,2.7V ~ 14.4V
LTC4242IUHF#TRPBF,Analog Devices Inc.,IC HOT SWAP CTRLR PCI EXP 38QFN,linear-audio-amplifiers,0,7.46036,38-WFQFN Exposed Pad,Surface Mount,Active,https://www.analog.com/media/en/technical-documentation/data-sheets/4242f.pdf,https://www.digikey.com/en/products/detail/analog-devices-inc/LTC4242IUHF-TRPBF/1620820,PCI Express®,,1.6 mA,"Fault Timeout, Thermal Limit, UVLO",,Both,6,-40°C ~ 85°C,"Auto Retry, Current Limit, Latched Fault, Slew Rate",,,Hot Swap Controller,2.7V ~ 14.4V
LTC4244CGN,Analog Devices Inc.,IC HOT SWAP CTRLR PCI 20SSOP,linear-audio-amplifiers,0,0.0,"20-SSOP (0.154"", 3.90mm Width)",Surface Mount,Discontinued at DigiKey,https://www.analog.com/media/en/technical-documentation/data-sheets/42441f.pdf,https://www.digikey.com/en/products/detail/analog-devices-inc/LTC4244CGN/609011,CompactPCI™,"100mA, 500mA",,"Latched Fault, Thermal Limit, UVLO",,Both,4,0°C ~ 70°C,"Current Limit, Fault Timeout",,,Hot Swap Controller,"3.3V, 5V, ±12V"
LTC4244CGN#PBF,Analog Devices Inc.,IC HOT SWAP CTRLR PCI 20SSOP,linear-audio-amplifiers,0,9.45364,"20-SSOP (0.154"", 3.90mm Width)",Surface Mount,Active,https://www.analog.com/media/en/technical-documentation/data-sheets/42441f.pdf,https://www.digikey.com/en/products/detail/analog-devices-inc/LTC4244CGN-PBF/889196,CompactPCI™,"100mA, 500mA",,"Latched Fault, Thermal Limit, UVLO",,Both,4,0°C ~ 70°C,"Current Limit, Fault Timeout",,,Hot Swap Controller,"3.3V, 5V, ±12V"
LTC4244CGN#TR,Analog Devices Inc.,IC CTRLR HOT SWAP CPCI 20-SSOP,linear-audio-amplifiers,0,0.0,"20-SSOP (0.154"", 3.90mm Width)",Surface Mount,Discontinued at DigiKey,https://www.analog.com/media/en/technical-documentation/data-sheets/42441f.pdf,https://www.digikey.com/en/products/detail/analog-devices-inc/LTC4244CGN-TR/631021,CompactPCI™,"100mA, 500mA",,"Latched Fault, Thermal Limit, UVLO",,Both,4,0°C ~ 70°C,"Current Limit, Fault Timeout",,,Hot Swap Controller,"3.3V, 5V, ±12V"
LTC4244CGN#TRPBF,Analog Devices Inc.,IC HOT SWAP CTRLR PCI 20SSOP,linear-audio-amplifiers,0,8.16097,"20-SSOP (0.154"", 3.90mm Width)",Surface Mount,Active,https://www.analog.com/media/en/technical-documentation/data-sheets/42441f.pdf,https://www.digikey.com/en/products/detail/analog-devices-inc/LTC4244CGN-TRPBF/958846,CompactPCI™,"100mA, 500mA",,"Latched Fault, Thermal Limit, UVLO",,Both,4,0°C ~ 70°C,"Current Limit, Fault Timeout",,,Hot Swap Controller,"3.3V, 5V, ±12V"
LTC4244CGN-1,Analog Devices Inc.,IC CTRLR HOTSWAP PCI 20-SSOP,linear-audio-amplifiers,0,0.0,"20-SSOP (0.154"", 3.90mm Width)",Surface Mount,Discontinued at DigiKey,https://www.analog.com/media/en/technical-documentation/data-sheets/42441f.pdf,https://www.digikey.com/en/products/detail/analog-devices-inc/LTC4244CGN-1/609012,CompactPCI™,,,,,No,,0°C ~ 70°C,,,,Hot-Swap Controller,"3.3V, 5V, ±12V"
LTC4244CGN-1#PBF,Analog Devices Inc.,IC HOT SWAP CTRLR PCI 20SSOP,linear-audio-amplifiers,0,13.54,"20-SSOP (0.154"", 3.90mm Width)",Surface Mount,Active,https://www.analog.com/media/en/technical-documentation/data-sheets/42441f.pdf,https://www.digikey.com/en/products/detail/analog-devices-inc/LTC4244CGN-1-PBF/888762,CompactPCI™,"100mA, 500mA",,"Latched Fault, Thermal Limit, UVLO",,Both,4,0°C ~ 70°C,"Current Limit, Fault Timeout",,,Hot Swap Controller,"3.3V, 5V, ±12V"
LTC4244CGN-1#TR,Analog Devices Inc.,IC CTRLR HOT SWAP CPCI 20-SSOP,linear-audio-amplifiers,0,0.0,"20-SSOP (0.154"", 3.90mm Width)",Surface Mount,Discontinued at DigiKey,https://www.analog.com/media/en/technical-documentation/data-sheets/42441f.pdf,https://www.digikey.com/en/products/detail/analog-devices-inc/LTC4244CGN-1-TR/631033,CompactPCI™,"100mA, 500mA",,"Latched Fault, Thermal Limit, UVLO",,Both,4,0°C ~ 70°C,"Current Limit, Fault Timeout",,,Hot Swap Controller,"3.3V, 5V, ±12V"
LTC4244CGN-1#TRPBF,Analog Devices Inc.,IC HOT SWAP CTRLR PCI 20SSOP,linear-audio-amplifiers,0,8.16097,"20-SSOP (0.154"", 3.90mm Width)",Surface Mount,Active,https://www.analog.com/media/en/technical-documentation/data-sheets/42441f.pdf,https://www.digikey.com/en/products/detail/analog-devices-inc/LTC4244CGN-1-TRPBF/958824,CompactPCI™,"100mA, 500mA",,"Latched Fault, Thermal Limit, UVLO",,Both,4,0°C ~ 70°C,"Current Limit, Fault Timeout",,,Hot Swap Controller,"3.3V, 5V, ±12V"
LTC4244IGN,Analog Devices Inc.,IC CTRLR HOT SWAP CPCI 20-SSOP,linear-audio-amplifiers,0,0.0,"20-SSOP (0.154"", 3.90mm Width)",Surface Mount,Discontinued at DigiKey,https://www.analog.com/media/en/technical-documentation/data-sheets/42441f.pdf,https://www.digikey.com/en/products/detail/analog-devices-inc/LTC4244IGN/630760,CompactPCI™,"100mA, 500mA",,"Latched Fault, Thermal Limit, UVLO",,Both,4,-40°C ~ 85°C,"Current Limit, Fault Timeout",,,Hot Swap Controller,"3.3V, 5V, ±12V"
LTC4244IGN#PBF,Analog Devices Inc.,IC HOT SWAP CTRLR PCI 20SSOP,linear-audio-amplifiers,56,15.25,"20-SSOP (0.154"", 3.90mm Width)",Surface Mount,Active,https://www.analog.com/media/en/technical-documentation/data-sheets/42441f.pdf,https://www.digikey.com/en/products/detail/analog-devices-inc/LTC4244IGN-PBF/963404,CompactPCI™,"100mA, 500mA",,"Latched Fault, Thermal Limit, UVLO",,Both,4,-40°C ~ 85°C,"Current Limit, Fault Timeout",,,Hot Swap Controller,"3.3V, 5V, ±12V"
LTC4244IGN#TR,Analog Devices Inc.,IC CTRLR HOT SWAP CPCI 20-SSOP,linear-audio-amplifiers,0,0.0,"20-SSOP (0.154"", 3.90mm Width)",Surface Mount,Discontinued at DigiKey,https://www.analog.com/media/en/technical-documentation/data-sheets/42441f.pdf,https://www.digikey.com/en/products/detail/analog-devices-inc/LTC4244IGN-TR/631036,CompactPCI™,"100mA, 500mA",,"Latched Fault, Thermal Limit, UVLO",,Both,4,-40°C ~ 85°C,"Current Limit, Fault Timeout",,,Hot Swap Controller,"3.3V, 5V, ±12V"
LTC4244IGN#TRPBF,Analog Devices Inc.,IC HOT SWAP CTRLR PCI 20SSOP,linear-audio-amplifiers,0,9.27758,"20-SSOP (0.154"", 3.90mm Width)",Surface Mount,Active,https://www.analog.com/media/en/technical-documentation/data-sheets/42441f.pdf,https://www.digikey.com/en/products/detail/analog-devices-inc/LTC4244IGN-TRPBF/959718,CompactPCI™,"100mA, 500mA",,"Latched Fault, Thermal Limit, UVLO",,Both,4,-40°C ~ 85°C,"Current Limit, Fault Timeout",,,Hot Swap Controller,"3.3V, 5V, ±12V"
LTC4244IGN-1,Analog Devices Inc.,IC CTRLR HOT SWAP CPCI 20-SSOP,linear-audio-amplifiers,0,0.0,"20-SSOP (0.154"", 3.90mm Width)",Surface Mount,Discontinued at DigiKey,https://www.analog.com/media/en/technical-documentation/data-sheets/42441f.pdf,https://www.digikey.com/en/products/detail/analog-devices-inc/LTC4244IGN-1/630758,CompactPCI™,"100mA, 500mA",,"Latched Fault, Thermal Limit, UVLO",,Both,4,-40°C ~ 85°C,"Current Limit, Fault Timeout",,,Hot Swap Controller,"3.3V, 5V, ±12V"
LTC4244IGN-1#PBF,Analog Devices Inc.,IC HOT SWAP CTRLR PCI 20SSOP,linear-audio-amplifiers,80,15.25,"20-SSOP (0.154"", 3.90mm Width)",Surface Mount,Active,https://www.analog.com/media/en/technical-documentation/data-sheets/42441f.pdf,https://www.digikey.com/en/products/detail/analog-devices-inc/LTC4244IGN-1-PBF/963414,CompactPCI™,"100mA, 500mA",,"Latched Fault, Thermal Limit, UVLO",,Both,4,-40°C ~ 85°C,"Current Limit, Fault Timeout",,,Hot Swap Controller,"3.3V, 5V, ±12V"
LTC4244IGN-1#TR,Analog Devices Inc.,IC CTRLR HOT SWAP CPCI 20-SSOP,linear-audio-amplifiers,0,0.0,"20-SSOP (0.154"", 3.90mm Width)",Surface Mount,Discontinued at DigiKey,https://www.analog.com/media/en/technical-documentation/data-sheets/42441f.pdf,https://www.digikey.com/en/products/detail/analog-devices-inc/LTC4244IGN-1-TR/631034,CompactPCI™,"100mA, 500mA",,"Latched Fault, Thermal Limit, UVLO",,Both,4,-40°C ~ 85°C,"Current Limit, Fault Timeout",,,Hot Swap Controller,"3.3V, 5V, ±12V"
LTC4244IGN-1#TRPBF,Analog Devices Inc.,IC HOT SWAP CTRLR PCI 20SSOP,linear-audio-amplifiers,0,9.27758,"20-SSOP (0.154"", 3.90mm Width)",Surface Mount,Active,https://www.analog.com/media/en/technical-documentation/data-sheets/42441f.pdf,https://www.digikey.com/en/products/detail/analog-devices-inc/LTC4244IGN-1-TRPBF/959448,CompactPCI™,"100mA, 500mA",,"Latched Fault, Thermal Limit, UVLO",,Both,4,-40°C ~ 85°C,"Current Limit, Fault Timeout",,,Hot Swap Controller,"3.3V, 5V, ±12V"
LTC4245CG#PBF,Analog Devices Inc.,IC HOT SWAP CTRLR PCI 36SSOP,linear-audio-amplifiers,0,0.0,"36-SSOP (0.209"", 5.30mm Width)",Surface Mount,Obsolete,https://www.analog.com/media/en/technical-documentation/data-sheets/4245fa.pdf,https://www.digikey.com/en/products/detail/analog-devices-inc/LTC4245CG-PBF/1619901,"CompactPCI™, PCIe, CompactTCA",,,"I2C, UVLO",,No,4,0°C ~ 70°C,"Auto Retry, Current Limit, Fault Timeout, Latched Fault",,,"Hot Swap Controller, Monitor","3.3V, 5V, ±12V"
LTC4245CUHF#PBF,Analog Devices Inc.,IC HOT SWAP CTRLR PCI 38QFN,linear-audio-amplifiers,0,0.0,38-WFQFN Exposed Pad,Surface Mount,Obsolete,https://www.analog.com/media/en/technical-documentation/data-sheets/4245fa.pdf,https://www.digikey.com/en/products/detail/analog-devices-inc/LTC4245CUHF-PBF/1619892,"CompactPCI™, PCIe, CompactTCA",,,"I2C, UVLO",,No,4,0°C ~ 70°C,"Auto Retry, Current Limit, Fault Timeout, Latched Fault",,,"Hot Swap Controller, Monitor","3.3V, 5V, ±12V"
LTC4245CUHF#TRPBF,Analog Devices Inc.,IC HOT SWAP CTRLR PCI 38QFN,linear-audio-amplifiers,0,0.0,38-WFQFN Exposed Pad,Surface Mount,Obsolete,https://www.analog.com/media/en/technical-documentation/data-sheets/4245fa.pdf,https://www.digikey.com/en/products/detail/analog-devices-inc/LTC4245CUHF-TRPBF/1620597,"CompactPCI™, PCIe, CompactTCA",,,"I2C, UVLO",,No,4,0°C ~ 70°C,"Auto Retry, Current Limit, Fault Timeout, Latched Fault",,,"Hot Swap Controller, Monitor","3.3V, 5V, ±12V"
LTC4245IG#PBF,Analog Devices Inc.,IC HOT SWAP CTRLR PCI 36SSOP,linear-audio-amplifiers,0,0.0,"36-SSOP (0.209"", 5.30mm Width)",Surface Mount,Obsolete,https://www.analog.com/media/en/technical-documentation/data-sheets/4245fa.pdf,https://www.digikey.com/en/products/detail/analog-devices-inc/LTC4245IG-PBF/1619900,"CompactPCI™, PCIe, CompactTCA",,,"I2C, UVLO",,No,4,-40°C ~ 85°C,"Auto Retry, Current Limit, Fault Timeout, Latched Fault",,,"Hot Swap Controller, Monitor","3.3V, 5V, ±12V"
LTC4245IG#TRPBF,Analog Devices Inc.,IC HOT SWAP CTRLR PCI 36SSOP,linear-audio-amplifiers,0,0.0,"36-SSOP (0.209"", 5.30mm Width)",Surface Mount,Obsolete,https://www.analog.com/media/en/technical-documentation/data-sheets/4245fa.pdf,https://www.digikey.com/en/products/detail/analog-devices-inc/LTC4245IG-TRPBF/1620590,"CompactPCI™, PCIe, CompactTCA",,,"I2C, UVLO",,No,4,-40°C ~ 85°C,"Auto Retry, Current Limit, Fault Timeout, Latched Fault",,,"Hot Swap Controller, Monitor","3.3V, 5V, ±12V"
LTC4245IUHF#PBF,Analog Devices Inc.,IC HOT SWAP CTRLR PCI 38QFN,linear-audio-amplifiers,0,0.0,38-WFQFN Exposed Pad,Surface Mount,Obsolete,https://www.analog.com/media/en/technical-documentation/data-sheets/4245fa.pdf,https://www.digikey.com/en/products/detail/analog-devices-inc/LTC4245IUHF-PBF/1619891,"CompactPCI™, PCIe, CompactTCA",,,"I2C, UVLO",,No,4,-40°C ~ 85°C,"Auto Retry, Current Limit, Fault Timeout, Latched Fault",,,"Hot Swap Controller, Monitor","3.3V, 5V, ±12V"
LTC4245IUHF#TRPBF,Analog Devices Inc.,IC HOT SWAP CTRLR PCI 38QFN,linear-audio-amplifiers,0,0.0,38-WFQFN Exposed Pad,Surface Mount,Obsolete,https://www.analog.com/media/en/technical-documentation/data-sheets/4245fa.pdf,https://www.digikey.com/en/products/detail/analog-devices-inc/LTC4245IUHF-TRPBF/1620596,"CompactPCI™, PCIe, CompactTCA",,,"I2C, UVLO",,No,4,-40°C ~ 85°C,"Auto Retry, Current Limit, Fault Timeout, Latched Fault",,,"Hot Swap Controller, Monitor","3.3V, 5V, ±12V"
LTC4251-1CS6#TR,Analog Devices Inc.,IC CTRLR HOTSWAP NEGVOLT SOT23-6,linear-audio-amplifiers,0,0.0,"SOT-23-6 Thin, TSOT-23-6",Surface Mount,Discontinued at DigiKey,https://www.analog.com/media/en/technical-documentation/data-sheets/425112fd.pdf,https://www.digikey.com/en/products/detail/analog-devices-inc/LTC4251-1CS6-TR/456439,-48V,,800 µA,Latched Fault,,No,1,0°C ~ 70°C,"Circuit Breaker, Current Limit, Fault Timeout, OVP, UVLO",,,Hot Swap Controller,-72V ~ -36V
LTC4251-1CS6#TRM,Analog Devices Inc.,IC CTRLR HOTSWAP NEGVOLT SOT23-6,linear-audio-amplifiers,0,0.0,"SOT-23-6 Thin, TSOT-23-6",Surface Mount,Discontinued at DigiKey,https://www.analog.com/media/en/technical-documentation/data-sheets/425112fd.pdf,https://www.digikey.com/en/products/detail/analog-devices-inc/LTC4251-1CS6-TRM/1118373,-48V,,800 µA,Latched Fault,,No,1,0°C ~ 70°C,"Circuit Breaker, Current Limit, Fault Timeout, OVP, UVLO",,,Hot Swap Controller,-72V ~ -36V
LTC4251-1CS6#TRMPBF,Analog Devices Inc.,IC HOT SWAP CTRLR -48V SOT23-6,linear-audio-amplifiers,0,4.08218,"SOT-23-6 Thin, TSOT-23-6",Surface Mount,Active,https://www.analog.com/media/en/technical-documentation/data-sheets/425112fd.pdf,https://www.digikey.com/en/products/detail/analog-devices-inc/LTC4251-1CS6-TRMPBF/962116,-48V,,800 µA,Latched Fault,,No,1,0°C ~ 70°C,"Circuit Breaker, Current Limit, Fault Timeout, OVP, UVLO",,,Hot Swap Controller,-72V ~ -36V
LTC4251-1CS6#TRPBF,Analog Devices Inc.,IC HOT SWAP CTRLR -48V SOT23-6,linear-audio-amplifiers,0,3.87241,"SOT-23-6 Thin, TSOT-23-6",Surface Mount,Active,https://www.analog.com/media/en/technical-documentation/data-sheets/425112fd.pdf,https://www.digikey.com/en/products/detail/analog-devices-inc/LTC4251-1CS6-TRPBF/959783,-48V,,800 µA,Latched Fault,,No,1,0°C ~ 70°C,"Circuit Breaker, Current Limit, Fault Timeout, OVP, UVLO",,,Hot Swap Controller,-72V ~ -36V
LTC4251-1IS6#TR,Analog Devices Inc.,IC CTRLR HOTSWAP NEGVOLT SOT23-6,linear-audio-amplifiers,0,0.0,"SOT-23-6 Thin, TSOT-23-6",Surface Mount,Discontinued at DigiKey,https://www.analog.com/media/en/technical-documentation/data-sheets/425112fd.pdf,https://www.digikey.com/en/products/detail/analog-devices-inc/LTC4251-1IS6-TR/456438,-48V,,800 µA,Latched Fault,,No,1,-40°C ~ 85°C,"Circuit Breaker, Current Limit, Fault Timeout, OVP, UVLO",,,Hot Swap Controller,-72V ~ -36V
LTC4251-1IS6#TRM,Analog Devices Inc.,IC CTRLR HOTSWAP NEGVOLT SOT23-6,linear-audio-amplifiers,0,0.0,"SOT-23-6 Thin, TSOT-23-6",Surface Mount,Discontinued at DigiKey,https://www.analog.com/media/en/technical-documentation/data-sheets/425112fd.pdf,https://www.digikey.com/en/products/detail/analog-devices-inc/LTC4251-1IS6-TRM/456292,-48V,,800 µA,Latched Fault,,No,1,-40°C ~ 85°C,"Circuit Breaker, Current Limit, Fault Timeout, OVP, UVLO",,,Hot Swap Controller,-72V ~ -36V
LTC4251-1IS6#TRMPBF,Analog Devices Inc.,IC HOT SWAP CTRLR -48V SOT23-6,linear-audio-amplifiers,0,4.56482,"SOT-23-6 Thin, TSOT-23-6",Surface Mount,Active,https://www.analog.com/media/en/technical-documentation/data-sheets/425112fd.pdf,https://www.digikey.com/en/products/detail/analog-devices-inc/LTC4251-1IS6-TRMPBF/962237,-48V,,800 µA,Latched Fault,,No,1,-40°C ~ 85°C,"Circuit Breaker, Current Limit, Fault Timeout, OVP, UVLO",,,Hot Swap Controller,-72V ~ -36V
LTC4251-1IS6#TRPBF,Analog Devices Inc.,IC HOT SWAP CTRLR -48V SOT23-6,linear-audio-amplifiers,0,4.33486,"SOT-23-6 Thin, TSOT-23-6",Surface Mount,Active,https://www.analog.com/media/en/technical-documentation/data-sheets/425112fd.pdf,https://www.digikey.com/en/products/detail/analog-devices-inc/LTC4251-1IS6-TRPBF/958647,-48V,,800 µA,Latched Fault,,No,1,-40°C ~ 85°C,"Circuit Breaker, Current Limit, Fault Timeout, OVP, UVLO",,,Hot Swap Controller,-72V ~ -36V
LTC4251-1ISC6#PBF,Analog Devices Inc.,IC HOT SWAP CONTROLLER,linear-audio-amplifiers,0,0.0,"SOT-23-6 Thin, TSOT-23-6",Surface Mount,Discontinued at DigiKey,https://www.analog.com/media/en/technical-documentation/data-sheets/425112fd.pdf,https://www.digikey.com/en/products/detail/analog-devices-inc/LTC4251-1ISC6-PBF/3901682,-48V,,800 µA,Latched Fault,,No,1,-40°C ~ 85°C,"Circuit Breaker, Current Limit, Fault Timeout, OVP, UVLO",,,Hot Swap Controller,-72V ~ -36V
LTC4251-2CS6#TR,Analog Devices Inc.,IC CTRLR HOTSWP NEG VOLT SOT23-6,linear-audio-amplifiers,0,0.0,"SOT-23-6 Thin, TSOT-23-6",Surface Mount,Discontinued at DigiKey,https://www.analog.com/media/en/technical-documentation/data-sheets/425112fd.pdf,https://www.digikey.com/en/products/detail/analog-devices-inc/LTC4251-2CS6-TR/692883,-48V,,800 µA,Latched Fault,,No,1,0°C ~ 70°C,"Circuit Breaker, Current Limit, Fault Timeout, OVP, UVLO",,,Hot Swap Controller,-72V ~ -43V
LTC4251-2CS6#TRM,Analog Devices Inc.,IC CTRLR HOTSWP NEG VOLT SOT23-6,linear-audio-amplifiers,0,0.0,"SOT-23-6 Thin, TSOT-23-6",Surface Mount,Discontinued at DigiKey,https://www.analog.com/media/en/technical-documentation/data-sheets/425112fd.pdf,https://www.digikey.com/en/products/detail/analog-devices-inc/LTC4251-2CS6-TRM/694481,-48V,,800 µA,Latched Fault,,No,1,0°C ~ 70°C,"Circuit Breaker, Current Limit, Fault Timeout, OVP, UVLO",,,Hot Swap Controller,-72V ~ -43V
LTC4251-2CS6#TRMPBF,Analog Devices Inc.,IC HOT SWAP CTRLR -48V SOT23-6,linear-audio-amplifiers,0,4.08218,"SOT-23-6 Thin, TSOT-23-6",Surface Mount,Active,https://www.analog.com/media/en/technical-documentation/data-sheets/425112fd.pdf,https://www.digikey.com/en/products/detail/analog-devices-inc/LTC4251-2CS6-TRMPBF/962115,-48V,,800 µA,Latched Fault,,No,1,0°C ~ 70°C,"Circuit Breaker, Current Limit, Fault Timeout, OVP, UVLO",,,Hot Swap Controller,-72V ~ -43V
LTC4251-2CS6#TRPBF,Analog Devices Inc.,IC HOT SWAP CTRLR -48V SOT23-6,linear-audio-amplifiers,0,3.87241,"SOT-23-6 Thin, TSOT-23-6",Surface Mount,Active,https://www.analog.com/media/en/technical-documentation/data-sheets/425112fd.pdf,https://www.digikey.com/en/products/detail/analog-devices-inc/LTC4251-2CS6-TRPBF/959807,-48V,,800 µA,Latched Fault,,No,1,0°C ~ 70°C,"Circuit Breaker, Current Limit, Fault Timeout, OVP, UVLO",,,Hot Swap Controller,-72V ~ -43V
LTC4251-2IS6#TR,Analog Devices Inc.,IC CTRLR HOTSWP NEG VOLT SOT23-6,linear-audio-amplifiers,0,0.0,"SOT-23-6 Thin, TSOT-23-6",Surface Mount,Discontinued at DigiKey,https://www.analog.com/media/en/technical-documentation/data-sheets/425112fd.pdf,https://www.digikey.com/en/products/detail/analog-devices-inc/LTC4251-2IS6-TR/692905,-48V,,800 µA,Latched Fault,,No,1,-40°C ~ 85°C,"Circuit Breaker, Current Limit, Fault Timeout, OVP, UVLO",,,Hot Swap Controller,-72V ~ -43V
LTC4251-2IS6#TRM,Analog Devices Inc.,IC CTRLR HOTSWP NEG VOLT SOT23-6,linear-audio-amplifiers,0,0.0,"SOT-23-6 Thin, TSOT-23-6",Surface Mount,Discontinued at DigiKey,https://www.analog.com/media/en/technical-documentation/data-sheets/425112fd.pdf,https://www.digikey.com/en/products/detail/analog-devices-inc/LTC4251-2IS6-TRM/694482,-48V,,800 µA,Latched Fault,,No,1,-40°C ~ 85°C,"Circuit Breaker, Current Limit, Fault Timeout, OVP, UVLO",,,Hot Swap Controller,-72V ~ -43V
LTC4251-2IS6#TRMPBF,Analog Devices Inc.,IC HOT SWAP CTRLR -48V SOT23-6,linear-audio-amplifiers,0,4.56482,"SOT-23-6 Thin, TSOT-23-6",Surface Mount,Active,https://www.analog.com/media/en/technical-documentation/data-sheets/425112fd.pdf,https://www.digikey.com/en/products/detail/analog-devices-inc/LTC4251-2IS6-TRMPBF/962265,-48V,,800 µA,Latched Fault,,No,1,-40°C ~ 85°C,"Circuit Breaker, Current Limit, Fault Timeout, OVP, UVLO",,,Hot Swap Controller,-72V ~ -43V
LTC4251-2IS6#TRPBF,Analog Devices Inc.,IC HOT SWAP CTRLR -48V SOT23-6,linear-audio-amplifiers,0,4.33486,"SOT-23-6 Thin, TSOT-23-6",Surface Mount,Active,https://www.analog.com/media/en/technical-documentation/data-sheets/425112fd.pdf,https://www.digikey.com/en/products/detail/analog-devices-inc/LTC4251-2IS6-TRPBF/958524,-48V,,800 µA,Latched Fault,,No,1,-40°C ~ 85°C,"Circuit Breaker, Current Limit, Fault Timeout, OVP, UVLO",,,Hot Swap Controller,-72V ~ -43V
LTC4251-2ISC6#PBF,Analog Devices Inc.,IC HOT SWAP CONTROLLER,linear-audio-amplifiers,0,0.0,"SOT-23-6 Thin, TSOT-23-6",Surface Mount,Discontinued at DigiKey,https://www.analog.com/media/en/technical-documentation/data-sheets/425112fd.pdf,https://www.digikey.com/en/products/detail/analog-devices-inc/LTC4251-2ISC6-PBF/3901683,-48V,,800 µA,Latched Fault,,No,1,-40°C ~ 85°C,"Circuit Breaker, Current Limit, Fault Timeout, OVP, UVLO",,,Hot Swap Controller,-75V ~ -43V
LTC4251BCS6#PBF,Analog Devices Inc.,IC CTRLR HOTSWAP NEGVOLT,linear-audio-amplifiers,0,0.0,"SOT-23-6 Thin, TSOT-23-6",Surface Mount,Discontinued at DigiKey,https://www.analog.com/media/en/technical-documentation/data-sheets/4251b12f.pdf,https://www.digikey.com/en/products/detail/analog-devices-inc/LTC4251BCS6-PBF/3901684,-48V,,800 µA,Latched Fault,,No,1,0°C ~ 70°C,"Circuit Breaker, Current Limit, Fault Timeout, OVP, UVLO",,,Hot Swap Controller,-75V ~ -43V
LTC4251BCS6#TRMPBF,Analog Devices Inc.,IC HOT SWAP CTRLR -48V TSOT23-6,linear-audio-amplifiers,491,6.81,"SOT-23-6 Thin, TSOT-23-6",Surface Mount,Active,https://www.analog.com/media/en/technical-documentation/data-sheets/4251b12f.pdf,https://www.digikey.com/en/products/detail/analog-devices-inc/LTC4251BCS6-TRMPBF/2833133,-48V,,800 µA,Latched Fault,,No,1,0°C ~ 70°C,"Circuit Breaker, Current Limit, Fault Timeout, OVP, UVLO",,,Hot Swap Controller,-75V ~ -43V
LTC4251BCS6#TRPBF,Analog Devices Inc.,IC HOT SWAP CTRLR -48V TSOT23-6,linear-audio-amplifiers,0,3.87241,"SOT-23-6 Thin, TSOT-23-6",Surface Mount,Active,https://www.analog.com/media/en/technical-documentation/data-sheets/4251b12f.pdf,https://www.digikey.com/en/products/detail/analog-devices-inc/LTC4251BCS6-TRPBF/2834966,-48V,,800 µA,Latched Fault,,No,1,0°C ~ 70°C,"Circuit Breaker, Current Limit, Fault Timeout, OVP, UVLO",,,Hot Swap Controller,-75V ~ -43V
LTC4251BCS6-1#PBF,Analog Devices Inc.,IC CTRLR HOTSWAP NEGVOLT,linear-audio-amplifiers,0,0.0,"SOT-23-6 Thin, TSOT-23-6",Surface Mount,Discontinued at DigiKey,https://www.analog.com/media/en/technical-documentation/data-sheets/4251b12f.pdf,https://www.digikey.com/en/products/detail/analog-devices-inc/LTC4251BCS6-1-PBF/3901685,-48V,,800 µA,Latched Fault,,No,1,0°C ~ 70°C,"Circuit Breaker, Current Limit, Fault Timeout, OVP, UVLO",,,Hot Swap Controller,-72V ~ -36V
LTC4251BCS6-1#TRMPBF,Analog Devices Inc.,IC HOT SWAP CTRLR -48V TSOT23-6,linear-audio-amplifiers,0,6.81,"SOT-23-6 Thin, TSOT-23-6",Surface Mount,Active,https://www.analog.com/media/en/technical-documentation/data-sheets/4251b12f.pdf,https://www.digikey.com/en/products/detail/analog-devices-inc/LTC4251BCS6-1-TRMPBF/2833134,-48V,,800 µA,Latched Fault,,No,1,0°C ~ 70°C,"Circuit Breaker, Current Limit, Fault Timeout, OVP, UVLO",,,Hot Swap Controller,-72V ~ -36V
LTC4251BCS6-1#TRPBF,Analog Devices Inc.,IC HOT SWAP CTRLR -48V TSOT23-6,linear-audio-amplifiers,0,3.87241,"SOT-23-6 Thin, TSOT-23-6",Surface Mount,Active,https://www.analog.com/media/en/technical-documentation/data-sheets/4251b12f.pdf,https://www.digikey.com/en/products/detail/analog-devices-inc/LTC4251BCS6-1-TRPBF/2834968,-48V,,800 µA,Latched Fault,,No,1,0°C ~ 70°C,"Circuit Breaker, Current Limit, Fault Timeout, OVP, UVLO",,,Hot Swap Controller,-72V ~ -36V
LTC4251BCS6-2#PBF,Analog Devices Inc.,IC CTRLR HOTSWAP NEGVOLT,linear-audio-amplifiers,0,0.0,"SOT-23-6 Thin, TSOT-23-6",Surface Mount,Discontinued at DigiKey,https://www.analog.com/media/en/technical-documentation/data-sheets/4251b12f.pdf,https://www.digikey.com/en/products/detail/analog-devices-inc/LTC4251BCS6-2-PBF/3901686,-48V,,800 µA,Latched Fault,,No,1,0°C ~ 70°C,"Circuit Breaker, Current Limit, Fault Timeout, OVP, UVLO",,,Hot Swap Controller,-75V ~ -43V
LTC4251BCS6-2#TRMPBF,Analog Devices Inc.,IC HOT SWAP CTRLR -48V TSOT23-6,linear-audio-amplifiers,478,6.81,"SOT-23-6 Thin, TSOT-23-6",Surface Mount,Active,https://www.analog.com/media/en/technical-documentation/data-sheets/4251b12f.pdf,https://www.digikey.com/en/products/detail/analog-devices-inc/LTC4251BCS6-2-TRMPBF/2833135,-48V,,800 µA,Latched Fault,,No,1,0°C ~ 70°C,"Circuit Breaker, Current Limit, Fault Timeout, OVP, UVLO",,,Hot Swap Controller,-72V ~ -43V
LTC4251BCS6-2#TRPBF,Analog Devices Inc.,IC HOT SWAP CTRLR -48V TSOT23-6,linear-audio-amplifiers,0,3.87241,"SOT-23-6 Thin, TSOT-23-6",Surface Mount,Active,https://www.analog.com/media/en/technical-documentation/data-sheets/4251b12f.pdf,https://www.digikey.com/en/products/detail/analog-devices-inc/LTC4251BCS6-2-TRPBF/2834969,-48V,,800 µA,Latched Fault,,No,1,0°C ~ 70°C,"Circuit Breaker, Current Limit, Fault Timeout, OVP, UVLO",,,Hot Swap Controller,-72V ~ -43V
LTC4251BIS6#PBF,Analog Devices Inc.,IC CTRLR HOTSWAP NEGVOLT,linear-audio-amplifiers,0,0.0,"SOT-23-6 Thin, TSOT-23-6",Surface Mount,Discontinued at DigiKey,https://www.analog.com/media/en/technical-documentation/data-sheets/4251b12f.pdf,https://www.digikey.com/en/products/detail/analog-devices-inc/LTC4251BIS6-PBF/3901687,-48V,,800 µA,Latched Fault,,No,1,-40°C ~ 85°C,"Circuit Breaker, Current Limit, Fault Timeout, OVP, UVLO",,,Hot Swap Controller,-75V ~ -43V
LTC4251BIS6#TRMPBF,Analog Devices Inc.,IC HOT SWAP CTRLR -48V TSOT23-6,linear-audio-amplifiers,490,7.55,"SOT-23-6 Thin, TSOT-23-6",Surface Mount,Active,https://www.analog.com/media/en/technical-documentation/data-sheets/4251b12f.pdf,https://www.digikey.com/en/products/detail/analog-devices-inc/LTC4251BIS6-TRMPBF/2834970,-48V,,800 µA,Latched Fault,,No,1,-40°C ~ 85°C,"Circuit Breaker, Current Limit, Fault Timeout, OVP, UVLO",,,Hot Swap Controller,-75V ~ -43V
LTC4251BIS6#TRPBF,Analog Devices Inc.,IC HOT SWAP CTRLR -48V TSOT23-6,linear-audio-amplifiers,0,4.33486,"SOT-23-6 Thin, TSOT-23-6",Surface Mount,Active,https://www.analog.com/media/en/technical-documentation/data-sheets/4251b12f.pdf,https://www.digikey.com/en/products/detail/analog-devices-inc/LTC4251BIS6-TRPBF/2834971,-48V,,800 µA,Latched Fault,,No,1,-40°C ~ 85°C,"Circuit Breaker, Current Limit, Fault Timeout, OVP, UVLO",,,Hot Swap Controller,-75V ~ -43V
LTC4251BIS6-1#PBF,Analog Devices Inc.,IC CTRLR HOTSWAP NEGVOLT,linear-audio-amplifiers,0,0.0,"SOT-23-6 Thin, TSOT-23-6",Surface Mount,Discontinued at DigiKey,https://www.analog.com/media/en/technical-documentation/data-sheets/4251b12f.pdf,https://www.digikey.com/en/products/detail/analog-devices-inc/LTC4251BIS6-1-PBF/3901688,-48V,,800 µA,Latched Fault,,No,1,-40°C ~ 85°C,"Circuit Breaker, Current Limit, Fault Timeout, OVP, UVLO",,,Hot Swap Controller,-72V ~ -36V
LTC4251BIS6-1#TRMPBF,Analog Devices Inc.,IC HOT SWAP CTRLR -48V TSOT23-6,linear-audio-amplifiers,320,7.55,"SOT-23-6 Thin, TSOT-23-6",Surface Mount,Active,https://www.analog.com/media/en/technical-documentation/data-sheets/4251b12f.pdf,https://www.digikey.com/en/products/detail/analog-devices-inc/LTC4251BIS6-1-TRMPBF/2834972,-48V,,800 µA,Latched Fault,,No,1,-40°C ~ 85°C,"Circuit Breaker, Current Limit, Fault Timeout, OVP, UVLO",,,Hot Swap Controller,-72V ~ -36V
LTC4251BIS6-1#TRPBF,Analog Devices Inc.,IC HOT SWAP CTRLR -48V TSOT23-6,linear-audio-amplifiers,0,4.33486,"SOT-23-6 Thin, TSOT-23-6",Surface Mount,Active,https://www.analog.com/media/en/technical-documentation/data-sheets/4251b12f.pdf,https://www.digikey.com/en/products/detail/analog-devices-inc/LTC4251BIS6-1-TRPBF/2834973,-48V,,800 µA,Latched Fault,,No,1,-40°C ~ 85°C,"Circuit Breaker, Current Limit, Fault Timeout, OVP, UVLO",,,Hot Swap Controller,-72V ~ -36V
LTC4251BIS6-2#PBF,Analog Devices Inc.,IC CTRLR HOTSWAP NEGVOLT,linear-audio-amplifiers,0,0.0,"SOT-23-6 Thin, TSOT-23-6",Surface Mount,Discontinued at DigiKey,https://www.analog.com/media/en/technical-documentation/data-sheets/4251b12f.pdf,https://www.digikey.com/en/products/detail/analog-devices-inc/LTC4251BIS6-2-PBF/3901689,-48V,,800 µA,Latched Fault,,No,1,-40°C ~ 85°C,"Circuit Breaker, Current Limit, Fault Timeout, OVP, UVLO",,,Hot Swap Controller,-75V ~ -43V
LTC4251BIS6-2#TRMPBF,Analog Devices Inc.,IC HOT SWAP CTRLR -48V TSOT23-6,linear-audio-amplifiers,0,4.56482,"SOT-23-6 Thin, TSOT-23-6",Surface Mount,Active,https://www.analog.com/media/en/technical-documentation/data-sheets/4251b12f.pdf,https://www.digikey.com/en/products/detail/analog-devices-inc/LTC4251BIS6-2-TRMPBF/2834974,-48V,,800 µA,Latched Fault,,No,1,-40°C ~ 85°C,"Circuit Breaker, Current Limit, Fault Timeout, OVP, UVLO",,,Hot Swap Controller,-75V ~ -43V
LTC4251BIS6-2#TRPBF,Analog Devices Inc.,IC HOT SWAP CTRLR -48V TSOT23-6,linear-audio-amplifiers,0,4.33486,"SOT-23-6 Thin, TSOT-23-6",Surface Mount,Active,https://www.analog.com/media/en/technical-documentation/data-sheets/4251b12f.pdf,https://www.digikey.com/en/products/detail/analog-devices-inc/LTC4251BIS6-2-TRPBF/2834975,-48V,,800 µA,Latched Fault,,No,1,-40°C ~ 85°C,"Circuit Breaker, Current Limit, Fault Timeout, OVP, UVLO",,,Hot Swap Controller,-75V ~ -43V
LTC4251CS6#TR,Analog Devices Inc.,IC CTRLR HOTSWAP NEGVOLT SOT23-6,linear-audio-amplifiers,0,0.0,"SOT-23-6 Thin, TSOT-23-6",Surface Mount,Discontinued at DigiKey,https://www.analog.com/media/en/technical-documentation/data-sheets/425112fd.pdf,https://www.digikey.com/en/products/detail/analog-devices-inc/LTC4251CS6-TR/456437,-48V,,800 µA,Latched Fault,,No,1,0°C ~ 70°C,"Circuit Breaker, Current Limit, Fault Timeout, OVP, UVLO",,,Hot Swap Controller,-75V ~ -43V
LTC4251CS6#TRM,Analog Devices Inc.,IC CTRLR HOTSWAP NEGVOLT SOT23-6,linear-audio-amplifiers,0,0.0,"SOT-23-6 Thin, TSOT-23-6",Surface Mount,Obsolete,https://www.analog.com/media/en/technical-documentation/data-sheets/425112fd.pdf,https://www.digikey.com/en/products/detail/analog-devices-inc/LTC4251CS6-TRM/1118377,General Purpose,,800 µA,Latched Fault,,No,1,0°C ~ 70°C,"Circuit Breaker, Current Limit, Fault Timeout, OVP, UVLO",,,Hot Swap Controller,-43V ~ -75V
LTC4251CS6#TRMPBF,Analog Devices Inc.,IC HOT SWAP CTRLR -48V SOT23-6,linear-audio-amplifiers,0,4.08218,"SOT-23-6 Thin, TSOT-23-6",Surface Mount,Active,https://www.analog.com/media/en/technical-documentation/data-sheets/425112fd.pdf,https://www.digikey.com/en/products/detail/analog-devices-inc/LTC4251CS6-TRMPBF/889182,-48V,,800 µA,Latched Fault,,No,1,0°C ~ 70°C,"Circuit Breaker, Current Limit, Fault Timeout, OVP, UVLO",,,Hot Swap Controller,-75V ~ -43V
LTC4251CS6#TRPBF,Analog Devices Inc.,IC HOT SWAP CTRLR -48V SOT23-6,linear-audio-amplifiers,0,3.87241,"SOT-23-6 Thin, TSOT-23-6",Surface Mount,Active,https://www.analog.com/media/en/technical-documentation/data-sheets/425112fd.pdf,https://www.digikey.com/en/products/detail/analog-devices-inc/LTC4251CS6-TRPBF/960478,-48V,,800 µA,Latched Fault,,No,1,0°C ~ 70°C,"Circuit Breaker, Current Limit, Fault Timeout, OVP, UVLO",,,Hot Swap Controller,-75V ~ -43V
LTC4251IS6#TR,Analog Devices Inc.,IC CTRLR HOTSWAP NEGVOLT SOT23-6,linear-audio-amplifiers,0,0.0,"SOT-23-6 Thin, TSOT-23-6",Surface Mount,Discontinued at DigiKey,https://www.analog.com/media/en/technical-documentation/data-sheets/425112fd.pdf,https://www.digikey.com/en/products/detail/analog-devices-inc/LTC4251IS6-TR/456436,-48V,,800 µA,Latched Fault,,No,1,-40°C ~ 85°C,"Circuit Breaker, Current Limit, Fault Timeout, OVP, UVLO",,,Hot Swap Controller,-75V ~ -43V
LTC4251IS6#TRM,Analog Devices Inc.,IC CNTRLR HOTSWAP NEGVLT SOT23-6,linear-audio-amplifiers,0,0.0,"SOT-23-6 Thin, TSOT-23-6",Surface Mount,Discontinued at DigiKey,https://www.analog.com/media/en/technical-documentation/data-sheets/425112fd.pdf,https://www.digikey.com/en/products/detail/analog-devices-inc/LTC4251IS6-TRM/456299,-48V,,800 µA,Latched Fault,,No,1,-40°C ~ 85°C,"Circuit Breaker, Current Limit, Fault Timeout, OVP, UVLO",,,Hot Swap Controller,-75V ~ -43V
LTC4251IS6#TRMPBF,Analog Devices Inc.,IC HOT SWAP CTRLR -48V SOT23-6,linear-audio-amplifiers,486,7.55,"SOT-23-6 Thin, TSOT-23-6",Surface Mount,Active,https://www.analog.com/media/en/technical-documentation/data-sheets/425112fd.pdf,https://www.digikey.com/en/products/detail/analog-devices-inc/LTC4251IS6-TRMPBF/962599,-48V,,800 µA,Latched Fault,,No,1,-40°C ~ 85°C,"Circuit Breaker, Current Limit, Fault Timeout, OVP, UVLO",,,Hot Swap Controller,-75V ~ -43V
LTC4251IS6#TRPBF,Analog Devices Inc.,IC HOT SWAP CTRLR -48V SOT23-6,linear-audio-amplifiers,0,4.33486,"SOT-23-6 Thin, TSOT-23-6",Surface Mount,Active,https://www.analog.com/media/en/technical-documentation/data-sheets/425112fd.pdf,https://www.digikey.com/en/products/detail/analog-devices-inc/LTC4251IS6-TRPBF/958538,-48V,,800 µA,Latched Fault,,No,1,-40°C ~ 85°C,"Circuit Breaker, Current Limit, Fault Timeout, OVP, UVLO",,,Hot Swap Controller,-75V ~ -43V
LTC4252-1CMS,Analog Devices Inc.,IC CNTRLR HOTSWAP NEGVOLT 10MSOP,linear-audio-amplifiers,0,0.0,"10-TFSOP, 10-MSOP (0.118"", 3.00mm Width)",Surface Mount,Discontinued at DigiKey,https://www.analog.com/media/en/technical-documentation/data-sheets/425212fe.pdf,https://www.digikey.com/en/products/detail/analog-devices-inc/LTC4252-1CMS/456578,-48V,,800 µA,Latched Fault,,No,1,0°C ~ 70°C,"Current Limit, Fault Timeout, OVP, UVLO",,,Hot Swap Controller,-48V
LTC4252-1CMS#PBF,Analog Devices Inc.,IC HOT SWAP CTRLR -48V 10MSOP,linear-audio-amplifiers,0,5.02673,"10-TFSOP, 10-MSOP (0.118"", 3.00mm Width)",Surface Mount,Active,https://www.analog.com/media/en/technical-documentation/data-sheets/425212fe.pdf,https://www.digikey.com/en/products/detail/analog-devices-inc/LTC4252-1CMS-PBF/889750,-48V,,800 µA,Latched Fault,,No,1,0°C ~ 70°C,"Current Limit, Fault Timeout, OVP, UVLO",,,Hot Swap Controller,-48V
LTC4252-1CMS#TR,Analog Devices Inc.,IC CNTRLR HOTSWAP NEGVOLT 10MSOP,linear-audio-amplifiers,0,0.0,"10-TFSOP, 10-MSOP (0.118"", 3.00mm Width)",Surface Mount,Discontinued at DigiKey,https://www.analog.com/media/en/technical-documentation/data-sheets/425212fe.pdf,https://www.digikey.com/en/products/detail/analog-devices-inc/LTC4252-1CMS-TR/456414,-48V,,800 µA,Latched Fault,,No,1,0°C ~ 70°C,"Current Limit, Fault Timeout, OVP, UVLO",,,Hot Swap Controller,-48V
LTC4252-1CMS#TRPBF,Analog Devices Inc.,IC HOT SWAP CTRLR -48V 10MSOP,linear-audio-amplifiers,0,4.52506,"10-TFSOP, 10-MSOP (0.118"", 3.00mm Width)",Surface Mount,Active,https://www.analog.com/media/en/technical-documentation/data-sheets/425212fe.pdf,https://www.digikey.com/en/products/detail/analog-devices-inc/LTC4252-1CMS-TRPBF/959371,-48V,,800 µA,Latched Fault,,No,1,0°C ~ 70°C,"Current Limit, Fault Timeout, OVP, UVLO",,,Hot Swap Controller,-48V
LTC4252-1CMS8,Analog Devices Inc.,IC CNTRLR HOTSWAP NEGVOLT 8-MSOP,linear-audio-amplifiers,0,0.0,"8-TSSOP, 8-MSOP (0.118"", 3.00mm Width)",Surface Mount,Obsolete,https://www.analog.com/media/en/technical-documentation/data-sheets/425212fe.pdf,https://www.digikey.com/en/products/detail/analog-devices-inc/LTC4252-1CMS8/455935,General Purpose,,,,,No,,0°C ~ 70°C,,,,Hot-Swap Controller,
LTC4252-1CMS8#PBF,Analog Devices Inc.,IC HOT SWAP CTRLR -48V 8MSOP,linear-audio-amplifiers,0,4.31433,"8-TSSOP, 8-MSOP (0.118"", 3.00mm Width)",Surface Mount,Active,https://www.analog.com/media/en/technical-documentation/data-sheets/425212fe.pdf,https://www.digikey.com/en/products/detail/analog-devices-inc/LTC4252-1CMS8-PBF/891480,-48V,,800 µA,Latched Fault,,No,1,0°C ~ 70°C,"Current Limit, Fault Timeout, OVP, UVLO",,,Hot Swap Controller,-48V
LTC4252-1CMS8#TR,Analog Devices Inc.,IC CNTRLR HOTSWAP NEGVOLT 8-MSOP,linear-audio-amplifiers,0,0.0,"8-TSSOP, 8-MSOP (0.118"", 3.00mm Width)",Surface Mount,Discontinued at DigiKey,https://www.analog.com/media/en/technical-documentation/data-sheets/425212fe.pdf,https://www.digikey.com/en/products/detail/analog-devices-inc/LTC4252-1CMS8-TR/456434,-48V,,800 µA,Latched Fault,,No,1,0°C ~ 70°C,"Current Limit, Fault Timeout, OVP, UVLO",,,Hot Swap Controller,-48V
LTC4252-1CMS8#TRPBF,Analog Devices Inc.,IC HOT SWAP CTRLR -48V 8MSOP,linear-audio-amplifiers,0,3.87241,"8-TSSOP, 8-MSOP (0.118"", 3.00mm Width)",Surface Mount,Active,https://www.analog.com/media/en/technical-documentation/data-sheets/425212fe.pdf,https://www.digikey.com/en/products/detail/analog-devices-inc/LTC4252-1CMS8-TRPBF/958595,-48V,,800 µA,Latched Fault,,No,1,0°C ~ 70°C,"Current Limit, Fault Timeout, OVP, UVLO",,,Hot Swap Controller,-48V
LTC4252-1IMS,Analog Devices Inc.,IC CNTRLR HOTSWAP NEGVOLT 10MSOP,linear-audio-amplifiers,0,0.0,"10-TFSOP, 10-MSOP (0.118"", 3.00mm Width)",Surface Mount,Obsolete,https://www.analog.com/media/en/technical-documentation/data-sheets/425212fe.pdf,https://www.digikey.com/en/products/detail/analog-devices-inc/LTC4252-1IMS/456572,-48V,,800 µA,Latched Fault,,No,1,-40°C ~ 85°C,"Current Limit, Fault Timeout, OVP, UVLO",,,Hot Swap Controller,-48V
LTC4252-1IMS#PBF,Analog Devices Inc.,IC HOT SWAP CTRLR -48V 10MSOP,linear-audio-amplifiers,302,8.72,"10-TFSOP, 10-MSOP (0.118"", 3.00mm Width)",Surface Mount,Active,https://www.analog.com/media/en/technical-documentation/data-sheets/425212fe.pdf,https://www.digikey.com/en/products/detail/analog-devices-inc/LTC4252-1IMS-PBF/963027,-48V,,800 µA,Latched Fault,,No,1,-40°C ~ 85°C,"Current Limit, Fault Timeout, OVP, UVLO",,,Hot Swap Controller,-48V
LTC4252-1IMS#TR,Analog Devices Inc.,IC CNTRLR HOTSWAP NEGVOLT 10MSOP,linear-audio-amplifiers,0,0.0,"10-TFSOP, 10-MSOP (0.118"", 3.00mm Width)",Surface Mount,Discontinued at DigiKey,https://www.analog.com/media/en/technical-documentation/data-sheets/425212fe.pdf,https://www.digikey.com/en/products/detail/analog-devices-inc/LTC4252-1IMS-TR/456413,-48V,,800 µA,Latched Fault,,No,1,-40°C ~ 85°C,"Current Limit, Fault Timeout, OVP, UVLO",,,Hot Swap Controller,-48V
LTC4252-1IMS#TRPBF,Analog Devices Inc.,IC HOT SWAP CTRLR -48V 10MSOP,linear-audio-amplifiers,0,5.06783,"10-TFSOP, 10-MSOP (0.118"", 3.00mm Width)",Surface Mount,Active,https://www.analog.com/media/en/technical-documentation/data-sheets/425212fe.pdf,https://www.digikey.com/en/products/detail/analog-devices-inc/LTC4252-1IMS-TRPBF/959748,-48V,,800 µA,Latched Fault,,No,1,-40°C ~ 85°C,"Current Limit, Fault Timeout, OVP, UVLO",,,Hot Swap Controller,-48V
LTC4252-1IMS8,Analog Devices Inc.,IC CNTRLR HOTSWAP NEGVOLT 8-MSOP,linear-audio-amplifiers,0,0.0,"8-TSSOP, 8-MSOP (0.118"", 3.00mm Width)",Surface Mount,Obsolete,https://www.analog.com/media/en/technical-documentation/data-sheets/425212fe.pdf,https://www.digikey.com/en/products/detail/analog-devices-inc/LTC4252-1IMS8/455936,General Purpose,,,,,No,,-40°C ~ 85°C,,,,Hot-Swap Controller,
LTC4252-1IMS8#PBF,Analog Devices Inc.,IC HOT SWAP CTRLR -48V 8MSOP,linear-audio-amplifiers,0,4.923,"8-TSSOP, 8-MSOP (0.118"", 3.00mm Width)",Surface Mount,Active,https://www.analog.com/media/en/technical-documentation/data-sheets/425212fe.pdf,https://www.digikey.com/en/products/detail/analog-devices-inc/LTC4252-1IMS8-PBF/890595,-48V,,800 µA,Latched Fault,,No,1,-40°C ~ 85°C,"Current Limit, Fault Timeout, OVP, UVLO",,,Hot Swap Controller,-48V
LTC4252-1IMS8#TR,Analog Devices Inc.,IC CNTRLR HOTSWAP NEGVOLT 8-MSOP,linear-audio-amplifiers,0,0.0,"8-TSSOP, 8-MSOP (0.118"", 3.00mm Width)",Surface Mount,Discontinued at DigiKey,https://www.analog.com/media/en/technical-documentation/data-sheets/425212fe.pdf,https://www.digikey.com/en/products/detail/analog-devices-inc/LTC4252-1IMS8-TR/456396,-48V,,800 µA,Latched Fault,,No,1,-40°C ~ 85°C,"Current Limit, Fault Timeout, OVP, UVLO",,,Hot Swap Controller,-48V
LTC4252-1IMS8#TRPBF,Analog Devices Inc.,IC HOT SWAP CTRLR -48V 8MSOP,linear-audio-amplifiers,0,4.42998,"8-TSSOP, 8-MSOP (0.118"", 3.00mm Width)",Surface Mount,Active,https://www.analog.com/media/en/technical-documentation/data-sheets/425212fe.pdf,https://www.digikey.com/en/products/detail/analog-devices-inc/LTC4252-1IMS8-TRPBF/958665,-48V,,800 µA,Latched Fault,,No,1,-40°C ~ 85°C,"Current Limit, Fault Timeout, OVP, UVLO",,,Hot Swap Controller,-48V
LTC4252-2CMS,Analog Devices Inc.,IC CNTRLR HOTSWAP NEGVOLT 10MSOP,linear-audio-amplifiers,0,0.0,"10-TFSOP, 10-MSOP (0.118"", 3.00mm Width)",Surface Mount,Discontinued at DigiKey,https://www.analog.com/media/en/technical-documentation/data-sheets/425212fe.pdf,https://www.digikey.com/en/products/detail/analog-devices-inc/LTC4252-2CMS/456580,-48V,,800 µA,Auto Retry,,No,1,0°C ~ 70°C,"Current Limit, Fault Timeout, OVP, UVLO",,,Hot Swap Controller,-48V
LTC4252-2CMS#PBF,Analog Devices Inc.,IC HOT SWAP CTRLR -48V 10MSOP,linear-audio-amplifiers,11,7.86,"10-TFSOP, 10-MSOP (0.118"", 3.00mm Width)",Surface Mount,Active,https://www.analog.com/media/en/technical-documentation/data-sheets/425212fe.pdf,https://www.digikey.com/en/products/detail/analog-devices-inc/LTC4252-2CMS-PBF/891683,-48V,,800 µA,Auto Retry,,No,1,0°C ~ 70°C,"Current Limit, Fault Timeout, OVP, UVLO",,,Hot Swap Controller,-48V
LTC4252-2CMS#TR,Analog Devices Inc.,IC CNTRLR HOTSWAP NEGVOLT 10MSOP,linear-audio-amplifiers,0,0.0,"10-TFSOP, 10-MSOP (0.118"", 3.00mm Width)",Surface Mount,Discontinued at DigiKey,https://www.analog.com/media/en/technical-documentation/data-sheets/425212fe.pdf,https://www.digikey.com/en/products/detail/analog-devices-inc/LTC4252-2CMS-TR/456392,-48V,,800 µA,Auto Retry,,No,1,0°C ~ 70°C,"Current Limit, Fault Timeout, OVP, UVLO",,,Hot Swap Controller,-48V
LTC4252-2CMS#TRPBF,Analog Devices Inc.,IC HOT SWAP CTRLR -48V 10MSOP,linear-audio-amplifiers,0,4.52506,"10-TFSOP, 10-MSOP (0.118"", 3.00mm Width)",Surface Mount,Active,https://www.analog.com/media/en/technical-documentation/data-sheets/425212fe.pdf,https://www.digikey.com/en/products/detail/analog-devices-inc/LTC4252-2CMS-TRPBF/959407,-48V,,800 µA,Auto Retry,,No,1,0°C ~ 70°C,"Current Limit, Fault Timeout, OVP, UVLO",,,Hot Swap Controller,-48V
LTC4252-2CMS8,Analog Devices Inc.,IC CNTRLR HOTSWAP NEGVOLT 8-MSOP,linear-audio-amplifiers,0,0.0,"8-TSSOP, 8-MSOP (0.118"", 3.00mm Width)",Surface Mount,Obsolete,https://www.analog.com/media/en/technical-documentation/data-sheets/425212fe.pdf,https://www.digikey.com/en/products/detail/analog-devices-inc/LTC4252-2CMS8/455937,General Purpose,,,,,No,,0°C ~ 70°C,,,,Hot-Swap Controller,
LTC4252-2CMS8#PBF,Analog Devices Inc.,IC HOT SWAP CTRLR -48V 8MSOP,linear-audio-amplifiers,0,4.31433,"8-TSSOP, 8-MSOP (0.118"", 3.00mm Width)",Surface Mount,Active,https://www.analog.com/media/en/technical-documentation/data-sheets/425212fe.pdf,https://www.digikey.com/en/products/detail/analog-devices-inc/LTC4252-2CMS8-PBF/891484,-48V,,800 µA,Auto Retry,,No,1,0°C ~ 70°C,"Current Limit, Fault Timeout, OVP, UVLO",,,Hot Swap Controller,-48V
LTC4252-2CMS8#TR,Analog Devices Inc.,IC CNTRLR HOTSWAP NEGVOLT 8-MSOP,linear-audio-amplifiers,0,0.0,"8-TSSOP, 8-MSOP (0.118"", 3.00mm Width)",Surface Mount,Discontinued at DigiKey,https://www.analog.com/media/en/technical-documentation/data-sheets/425212fe.pdf,https://www.digikey.com/en/products/detail/analog-devices-inc/LTC4252-2CMS8-TR/456393,-48V,,800 µA,Auto Retry,,No,1,0°C ~ 70°C,"Current Limit, Fault Timeout, OVP, UVLO",,,Hot Swap Controller,-48V
LTC4252-2CMS8#TRPBF,Analog Devices Inc.,IC HOT SWAP CTRLR -48V 8MSOP,linear-audio-amplifiers,0,3.87241,"8-TSSOP, 8-MSOP (0.118"", 3.00mm Width)",Surface Mount,Active,https://www.analog.com/media/en/technical-documentation/data-sheets/425212fe.pdf,https://www.digikey.com/en/products/detail/analog-devices-inc/LTC4252-2CMS8-TRPBF/960875,-48V,,800 µA,Auto Retry,,No,1,0°C ~ 70°C,"Current Limit, Fault Timeout, OVP, UVLO",,,Hot Swap Controller,-48V
LTC4252-2IMS,Analog Devices Inc.,IC CNTRLR HOTSWAP NEGVOLT 10MSOP,linear-audio-amplifiers,0,0.0,"10-TFSOP, 10-MSOP (0.118"", 3.00mm Width)",Surface Mount,Obsolete,https://www.analog.com/media/en/technical-documentation/data-sheets/425212fe.pdf,https://www.digikey.com/en/products/detail/analog-devices-inc/LTC4252-2IMS/456557,-48V,,800 µA,Auto Retry,,No,1,-40°C ~ 85°C,"Current Limit, Fault Timeout, OVP, UVLO",,,Hot Swap Controller,-48V
LTC4252-2IMS#PBF,Analog Devices Inc.,IC HOT SWAP CTRLR -48V 10MSOP,linear-audio-amplifiers,1300,8.47,"10-TFSOP, 10-MSOP (0.118"", 3.00mm Width)",Surface Mount,Active,https://www.analog.com/media/en/technical-documentation/data-sheets/425212fe.pdf,https://www.digikey.com/en/products/detail/analog-devices-inc/LTC4252-2IMS-PBF/963159,-48V,,800 µA,Auto Retry,,No,1,-40°C ~ 85°C,"Current Limit, Fault Timeout, OVP, UVLO",,,Hot Swap Controller,-48V
LTC4252-2IMS#TR,Analog Devices Inc.,IC CNTRLR HOTSWAP NEGVOLT 10MSOP,linear-audio-amplifiers,0,0.0,"10-TFSOP, 10-MSOP (0.118"", 3.00mm Width)",Surface Mount,Obsolete,https://www.analog.com/media/en/technical-documentation/data-sheets/425212fe.pdf,https://www.digikey.com/en/products/detail/analog-devices-inc/LTC4252-2IMS-TR/456390,-48V,,800 µA,Auto Retry,,No,1,-40°C ~ 85°C,"Current Limit, Fault Timeout, OVP, UVLO",,,Hot Swap Controller,-48V
LTC4252-2IMS#TRPBF,Analog Devices Inc.,IC HOT SWAP CTRLR -48V 10MSOP,linear-audio-amplifiers,0,5.06783,"10-TFSOP, 10-MSOP (0.118"", 3.00mm Width)",Surface Mount,Active,https://www.analog.com/media/en/technical-documentation/data-sheets/425212fe.pdf,https://www.digikey.com/en/products/detail/analog-devices-inc/LTC4252-2IMS-TRPBF/958885,-48V,,800 µA,Auto Retry,,No,1,-40°C ~ 85°C,"Current Limit, Fault Timeout, OVP, UVLO",,,Hot Swap Controller,-48V
LTC4252-2IMS8,Analog Devices Inc.,IC CNTRLR HOTSWAP NEGVOLT 8-MSOP,linear-audio-amplifiers,0,0.0,"8-TSSOP, 8-MSOP (0.118"", 3.00mm Width)",Surface Mount,Discontinued at DigiKey,https://www.analog.com/media/en/technical-documentation/data-sheets/425212fe.pdf,https://www.digikey.com/en/products/detail/analog-devices-inc/LTC4252-2IMS8/455938,-48V,,800 µA,Auto Retry,,No,1,-40°C ~ 85°C,"Current Limit, Fault Timeout, OVP, UVLO",,,Hot Swap Controller,-48V
LTC4252-2IMS8#PBF,Analog Devices Inc.,IC HOT SWAP CTRLR -48V 8MSOP,linear-audio-amplifiers,0,4.923,"8-TSSOP, 8-MSOP (0.118"", 3.00mm Width)",Surface Mount,Active,https://www.analog.com/media/en/technical-documentation/data-sheets/425212fe.pdf,https://www.digikey.com/en/products/detail/analog-devices-inc/LTC4252-2IMS8-PBF/962849,-48V,,800 µA,Auto Retry,,No,1,-40°C ~ 85°C,"Current Limit, Fault Timeout, OVP, UVLO",,,Hot Swap Controller,-48V
LTC4252-2IMS8#TR,Analog Devices Inc.,IC CNTRLR HOTSWAP NEGVOLT 8-MSOP,linear-audio-amplifiers,0,0.0,"8-TSSOP, 8-MSOP (0.118"", 3.00mm Width)",Surface Mount,Discontinued at DigiKey,https://www.analog.com/media/en/technical-documentation/data-sheets/425212fe.pdf,https://www.digikey.com/en/products/detail/analog-devices-inc/LTC4252-2IMS8-TR/456391,-48V,,800 µA,Auto Retry,,No,1,-40°C ~ 85°C,"Current Limit, Fault Timeout, OVP, UVLO",,,Hot Swap Controller,-48V
LTC4252-2IMS8#TRPBF,Analog Devices Inc.,IC HOT SWAP CTRLR -48V 8MSOP,linear-audio-amplifiers,0,4.42998,"8-TSSOP, 8-MSOP (0.118"", 3.00mm Width)",Surface Mount,Active,https://www.analog.com/media/en/technical-documentation/data-sheets/425212fe.pdf,https://www.digikey.com/en/products/detail/analog-devices-inc/LTC4252-2IMS8-TRPBF/958614,-48V,,800 µA,Auto Retry,,No,1,-40°C ~ 85°C,"Current Limit, Fault Timeout, OVP, UVLO",,,Hot Swap Controller,-48V
LTC4252A-1CMS#PBF,Analog Devices Inc.,IC HOT SWAP CTRLR -48V 10MSOP,linear-audio-amplifiers,118,8.29,"10-TFSOP, 10-MSOP (0.118"", 3.00mm Width)",Surface Mount,Active,https://www.analog.com/media/en/technical-documentation/data-sheets/425212fe.pdf,https://www.digikey.com/en/products/detail/analog-devices-inc/LTC4252A-1CMS-PBF/963262,-48V,,900 µA,Latched Fault,,No,1,0°C ~ 70°C,"Current Limit, Fault Timeout, OVP, UVLO",,,Hot Swap Controller,-48V
LTC4252A-1CMS#TR,Analog Devices Inc.,IC CTRLR HOTSWAP NEG VOLT 10MSOP,linear-audio-amplifiers,0,0.0,"10-TFSOP, 10-MSOP (0.118"", 3.00mm Width)",Surface Mount,Discontinued at DigiKey,https://www.analog.com/media/en/technical-documentation/data-sheets/425212fe.pdf,https://www.digikey.com/en/products/detail/analog-devices-inc/LTC4252A-1CMS-TR/692805,-48V,,900 µA,Latched Fault,,No,1,0°C ~ 70°C,"Current Limit, Fault Timeout, OVP, UVLO",,,Hot Swap Controller,-48V
LTC4252A-1CMS#TRPBF,Analog Devices Inc.,IC HOT SWAP CTRLR -48V 10MSOP,linear-audio-amplifiers,0,4.79658,"10-TFSOP, 10-MSOP (0.118"", 3.00mm Width)",Surface Mount,Active,https://www.analog.com/media/en/technical-documentation/data-sheets/425212fe.pdf,https://www.digikey.com/en/products/detail/analog-devices-inc/LTC4252A-1CMS-TRPBF/959918,-48V,,900 µA,Latched Fault,,No,1,0°C ~ 70°C,"Current Limit, Fault Timeout, OVP, UVLO",,,Hot Swap Controller,-48V
LTC4252A-1IMS#PBF,Analog Devices Inc.,IC HOT SWAP CTRLR -48V 10MSOP,linear-audio-amplifiers,0,6.2492,"10-TFSOP, 10-MSOP (0.118"", 3.00mm Width)",Surface Mount,Active,https://www.analog.com/media/en/technical-documentation/data-sheets/425212fe.pdf,https://www.digikey.com/en/products/detail/analog-devices-inc/LTC4252A-1IMS-PBF/963026,-48V,,900 µA,Latched Fault,,No,1,-40°C ~ 85°C,"Current Limit, Fault Timeout, OVP, UVLO",,,Hot Swap Controller,-48V
LTC4252A-1IMS#TR,Analog Devices Inc.,IC CTRLR HOTSWAP NEG VOLT 10MSOP,linear-audio-amplifiers,0,0.0,"10-TFSOP, 10-MSOP (0.118"", 3.00mm Width)",Surface Mount,Discontinued at DigiKey,https://www.analog.com/media/en/technical-documentation/data-sheets/425212fe.pdf,https://www.digikey.com/en/products/detail/analog-devices-inc/LTC4252A-1IMS-TR/692941,-48V,,900 µA,Latched Fault,,No,1,-40°C ~ 85°C,"Current Limit, Fault Timeout, OVP, UVLO",,,Hot Swap Controller,-48V
LTC4252A-1IMS#TRPBF,Analog Devices Inc.,IC HOT SWAP CTRLR -48V 10MSOP,linear-audio-amplifiers,0,5.52851,"10-TFSOP, 10-MSOP (0.118"", 3.00mm Width)",Surface Mount,Active,https://www.analog.com/media/en/technical-documentation/data-sheets/425212fe.pdf,https://www.digikey.com/en/products/detail/analog-devices-inc/LTC4252A-1IMS-TRPBF/958380,-48V,,900 µA,Latched Fault,,No,1,-40°C ~ 85°C,"Current Limit, Fault Timeout, OVP, UVLO",,,Hot Swap Controller,-48V
LTC4252A-2CMS#PBF,Analog Devices Inc.,IC HOT SWAP CTRLR -48V 10MSOP,linear-audio-amplifiers,88,8.29,"10-TFSOP, 10-MSOP (0.118"", 3.00mm Width)",Surface Mount,Active,https://www.analog.com/media/en/technical-documentation/data-sheets/425212fe.pdf,https://www.digikey.com/en/products/detail/analog-devices-inc/LTC4252A-2CMS-PBF/963102,-48V,,900 µA,Auto Retry,,No,1,0°C ~ 70°C,"Current Limit, Fault Timeout, OVP, UVLO",,,Hot Swap Controller,-48V
LTC4252A-2CMS#TR,Analog Devices Inc.,IC CTRLR HOTSWAP NEG VOLT 10MSOP,linear-audio-amplifiers,0,0.0,"10-TFSOP, 10-MSOP (0.118"", 3.00mm Width)",Surface Mount,Discontinued at DigiKey,https://www.analog.com/media/en/technical-documentation/data-sheets/425212fe.pdf,https://www.digikey.com/en/products/detail/analog-devices-inc/LTC4252A-2CMS-TR/692804,-48V,,900 µA,Auto Retry,,No,1,0°C ~ 70°C,"Current Limit, Fault Timeout, OVP, UVLO",,,Hot Swap Controller,-48V
LTC4252A-2CMS#TRPBF,Analog Devices Inc.,IC HOT SWAP CTRLR -48V 10MSOP,linear-audio-amplifiers,0,4.79658,"10-TFSOP, 10-MSOP (0.118"", 3.00mm Width)",Surface Mount,Active,https://www.analog.com/media/en/technical-documentation/data-sheets/425212fe.pdf,https://www.digikey.com/en/products/detail/analog-devices-inc/LTC4252A-2CMS-TRPBF/959907,-48V,,900 µA,Auto Retry,,No,1,0°C ~ 70°C,"Current Limit, Fault Timeout, OVP, UVLO",,,Hot Swap Controller,-48V
LTC4252A-2IMS#PBF,Analog Devices Inc.,IC HOT SWAP CTRLR -48V 10MSOP,linear-audio-amplifiers,48,9.45,"10-TFSOP, 10-MSOP (0.118"", 3.00mm Width)",Surface Mount,Active,https://www.analog.com/media/en/technical-documentation/data-sheets/425212fe.pdf,https://www.digikey.com/en/products/detail/analog-devices-inc/LTC4252A-2IMS-PBF/963170,-48V,,900 µA,Auto Retry,,No,1,-40°C ~ 85°C,"Current Limit, Fault Timeout, OVP, UVLO",,,Hot Swap Controller,-48V
LTC4252A-2IMS#TR,Analog Devices Inc.,IC CTRLR HOTSWAP NEG VOLT 10MSOP,linear-audio-amplifiers,0,0.0,"10-TFSOP, 10-MSOP (0.118"", 3.00mm Width)",Surface Mount,Discontinued at DigiKey,https://www.analog.com/media/en/technical-documentation/data-sheets/425212fe.pdf,https://www.digikey.com/en/products/detail/analog-devices-inc/LTC4252A-2IMS-TR/692939,-48V,,900 µA,Auto Retry,,No,1,-40°C ~ 85°C,"Current Limit, Fault Timeout, OVP, UVLO",,,Hot Swap Controller,-48V
LTC4252A-2IMS#TRPBF,Analog Devices Inc.,IC HOT SWAP CTRLR -48V 10MSOP,linear-audio-amplifiers,0,5.52851,"10-TFSOP, 10-MSOP (0.118"", 3.00mm Width)",Surface Mount,Active,https://www.analog.com/media/en/technical-documentation/data-sheets/425212fe.pdf,https://www.digikey.com/en/products/detail/analog-devices-inc/LTC4252A-2IMS-TRPBF/958376,-48V,,900 µA,Auto Retry,,No,1,-40°C ~ 85°C,"Current Limit, Fault Timeout, OVP, UVLO",,,Hot Swap Controller,-48V
LTC4252BCMS-1#PBF,Analog Devices Inc.,IC HOT SWAP CTRLR -48V 10MSOP,linear-audio-amplifiers,10,7.86,"10-TFSOP, 10-MSOP (0.118"", 3.00mm Width)",Surface Mount,Active,https://www.analog.com/media/en/technical-documentation/data-sheets/4252b12f.pdf,https://www.digikey.com/en/products/detail/analog-devices-inc/LTC4252BCMS-1-PBF/2833126,-48V,,800 µA,Latched Fault,,No,1,0°C ~ 70°C,"Current Limit, Fault Timeout, OVP, UVLO",,,Hot Swap Controller,-48V
LTC4252BCMS-1#TRPBF,Analog Devices Inc.,IC HOT SWAP CTRLR -48V 10MSOP,linear-audio-amplifiers,0,4.52506,"10-TFSOP, 10-MSOP (0.118"", 3.00mm Width)",Surface Mount,Active,https://www.analog.com/media/en/technical-documentation/data-sheets/4252b12f.pdf,https://www.digikey.com/en/products/detail/analog-devices-inc/LTC4252BCMS-1-TRPBF/2834976,-48V,,800 µA,Latched Fault,,No,1,0°C ~ 70°C,"Current Limit, Fault Timeout, OVP, UVLO",,,Hot Swap Controller,-48V
LTC4252BCMS-2#PBF,Analog Devices Inc.,IC HOT SWAP CTRLR -48V 10MSOP,linear-audio-amplifiers,0,5.02673,"10-TFSOP, 10-MSOP (0.118"", 3.00mm Width)",Surface Mount,Active,https://www.analog.com/media/en/technical-documentation/data-sheets/4252b12f.pdf,https://www.digikey.com/en/products/detail/analog-devices-inc/LTC4252BCMS-2-PBF/2833127,-48V,,800 µA,Auto Retry,,No,1,0°C ~ 70°C,"Current Limit, Fault Timeout, OVP, UVLO",,,Hot Swap Controller,-48V
LTC4252BCMS-2#TRPBF,Analog Devices Inc.,IC HOT SWAP CTRLR -48V 10MSOP,linear-audio-amplifiers,0,4.52506,"10-TFSOP, 10-MSOP (0.118"", 3.00mm Width)",Surface Mount,Active,https://www.analog.com/media/en/technical-documentation/data-sheets/4252b12f.pdf,https://www.digikey.com/en/products/detail/analog-devices-inc/LTC4252BCMS-2-TRPBF/2834977,-48V,,800 µA,Auto Retry,,No,1,0°C ~ 70°C,"Current Limit, Fault Timeout, OVP, UVLO",,,Hot Swap Controller,-48V
LTC4252BCMS8-1#PBF,Analog Devices Inc.,IC HOT SWAP CTRLR -48V 8MSOP,linear-audio-amplifiers,0,4.31433,"8-TSSOP, 8-MSOP (0.118"", 3.00mm Width)",Surface Mount,Active,https://www.analog.com/media/en/technical-documentation/data-sheets/4252b12f.pdf,https://www.digikey.com/en/products/detail/analog-devices-inc/LTC4252BCMS8-1-PBF/2833128,-48V,,800 µA,Latched Fault,,No,1,0°C ~ 70°C,"Current Limit, Fault Timeout, OVP, UVLO",,,Hot Swap Controller,-48V
LTC4252BCMS8-1#TRPBF,Analog Devices Inc.,IC HOT SWAP CTRLR -48V 8MSOP,linear-audio-amplifiers,0,3.87241,"8-TSSOP, 8-MSOP (0.118"", 3.00mm Width)",Surface Mount,Active,https://www.analog.com/media/en/technical-documentation/data-sheets/4252b12f.pdf,https://www.digikey.com/en/products/detail/analog-devices-inc/LTC4252BCMS8-1-TRPBF/2834978,-48V,,800 µA,Latched Fault,,No,1,0°C ~ 70°C,"Current Limit, Fault Timeout, OVP, UVLO",,,Hot Swap Controller,-48V
LTC4252BCMS8-2#PBF,Analog Devices Inc.,IC HOT SWAP CTRLR -48V 8MSOP,linear-audio-amplifiers,0,4.31433,"8-TSSOP, 8-MSOP (0.118"", 3.00mm Width)",Surface Mount,Active,https://www.analog.com/media/en/technical-documentation/data-sheets/4252b12f.pdf,https://www.digikey.com/en/products/detail/analog-devices-inc/LTC4252BCMS8-2-PBF/2833129,-48V,,800 µA,Auto Retry,,No,1,0°C ~ 70°C,"Current Limit, Fault Timeout, OVP, UVLO",,,Hot Swap Controller,-48V
LTC4252BCMS8-2#TRPBF,Analog Devices Inc.,IC HOT SWAP CTRLR -48V 8MSOP,linear-audio-amplifiers,0,3.87241,"8-TSSOP, 8-MSOP (0.118"", 3.00mm Width)",Surface Mount,Active,https://www.analog.com/media/en/technical-documentation/data-sheets/4252b12f.pdf,https://www.digikey.com/en/products/detail/analog-devices-inc/LTC4252BCMS8-2-TRPBF/2834979,-48V,,800 µA,Auto Retry,,No,1,0°C ~ 70°C,"Current Limit, Fault Timeout, OVP, UVLO",,,Hot Swap Controller,-48V
LTC4252BIMS-1#PBF,Analog Devices Inc.,IC HOT SWAP CTRLR -48V 10MSOP,linear-audio-amplifiers,15,8.72,"10-TFSOP, 10-MSOP (0.118"", 3.00mm Width)",Surface Mount,Active,https://www.analog.com/media/en/technical-documentation/data-sheets/4252b12f.pdf,https://www.digikey.com/en/products/detail/analog-devices-inc/LTC4252BIMS-1-PBF/2834980,-48V,,800 µA,Latched Fault,,No,1,-40°C ~ 85°C,"Current Limit, Fault Timeout, OVP, UVLO",,,Hot Swap Controller,-48V
LTC4252BIMS-1#TRPBF,Analog Devices Inc.,IC HOT SWAP CTRLR -48V 10MSOP,linear-audio-amplifiers,0,5.06783,"10-TFSOP, 10-MSOP (0.118"", 3.00mm Width)",Surface Mount,Active,https://www.analog.com/media/en/technical-documentation/data-sheets/4252b12f.pdf,https://www.digikey.com/en/products/detail/analog-devices-inc/LTC4252BIMS-1-TRPBF/2834981,-48V,,800 µA,Latched Fault,,No,1,-40°C ~ 85°C,"Current Limit, Fault Timeout, OVP, UVLO",,,Hot Swap Controller,-48V
LTC4252BIMS-2#PBF,Analog Devices Inc.,IC HOT SWAP CTRLR -48V 10MSOP,linear-audio-amplifiers,90,8.47,"10-TFSOP, 10-MSOP (0.118"", 3.00mm Width)",Surface Mount,Active,https://www.analog.com/media/en/technical-documentation/data-sheets/4252b12f.pdf,https://www.digikey.com/en/products/detail/analog-devices-inc/LTC4252BIMS-2-PBF/2834982,-48V,,800 µA,Auto Retry,,No,1,-40°C ~ 85°C,"Current Limit, Fault Timeout, OVP, UVLO",,,Hot Swap Controller,-48V
LTC4252BIMS-2#TRPBF,Analog Devices Inc.,IC HOT SWAP CTRLR -48V 10MSOP,linear-audio-amplifiers,0,5.06783,"10-TFSOP, 10-MSOP (0.118"", 3.00mm Width)",Surface Mount,Active,https://www.analog.com/media/en/technical-documentation/data-sheets/4252b12f.pdf,https://www.digikey.com/en/products/detail/analog-devices-inc/LTC4252BIMS-2-TRPBF/2834983,-48V,,800 µA,Auto Retry,,No,1,-40°C ~ 85°C,"Current Limit, Fault Timeout, OVP, UVLO",,,Hot Swap Controller,-48V
LTC4252BIMS8-1#PBF,Analog Devices Inc.,IC HOT SWAP CTRLR -48V 8MSOP,linear-audio-amplifiers,150,7.7,"8-TSSOP, 8-MSOP (0.118"", 3.00mm Width)",Surface Mount,Active,https://www.analog.com/media/en/technical-documentation/data-sheets/4252b12f.pdf,https://www.digikey.com/en/products/detail/analog-devices-inc/LTC4252BIMS8-1-PBF/2834961,-48V,,800 µA,Latched Fault,,No,1,-40°C ~ 85°C,"Current Limit, Fault Timeout, OVP, UVLO",,,Hot Swap Controller,-48V
LTC4252BIMS8-1#TRPBF,Analog Devices Inc.,IC HOT SWAP CTRLR -48V 8MSOP,linear-audio-amplifiers,0,4.42998,"8-TSSOP, 8-MSOP (0.118"", 3.00mm Width)",Surface Mount,Active,https://www.analog.com/media/en/technical-documentation/data-sheets/4252b12f.pdf,https://www.digikey.com/en/products/detail/analog-devices-inc/LTC4252BIMS8-1-TRPBF/2834963,-48V,,800 µA,Latched Fault,,No,1,-40°C ~ 85°C,"Current Limit, Fault Timeout, OVP, UVLO",,,Hot Swap Controller,-48V
LTC4252BIMS8-2#PBF,Analog Devices Inc.,IC HOT SWAP CTRLR -48V 8MSOP,linear-audio-amplifiers,150,7.7,"8-TSSOP, 8-MSOP (0.118"", 3.00mm Width)",Surface Mount,Active,https://www.analog.com/media/en/technical-documentation/data-sheets/4252b12f.pdf,https://www.digikey.com/en/products/detail/analog-devices-inc/LTC4252BIMS8-2-PBF/2834965,-48V,,800 µA,Auto Retry,,No,1,-40°C ~ 85°C,"Current Limit, Fault Timeout, OVP, UVLO",,,Hot Swap Controller,-48V
LTC4252BIMS8-2#TRPBF,Analog Devices Inc.,IC HOT SWAP CTRLR -48V 8MSOP,linear-audio-amplifiers,0,4.42998,"8-TSSOP, 8-MSOP (0.118"", 3.00mm Width)",Surface Mount,Active,https://www.analog.com/media/en/technical-documentation/data-sheets/4252b12f.pdf,https://www.digikey.com/en/products/detail/analog-devices-inc/LTC4252BIMS8-2-TRPBF/2834967,-48V,,800 µA,Auto Retry,,No,1,-40°C ~ 85°C,"Current Limit, Fault Timeout, OVP, UVLO",,,Hot Swap Controller,-48V
LTC4252CCMS-1#PBF,Analog Devices Inc.,IC HOT SWAP CTRLR -48V 10MSOP,linear-audio-amplifiers,61,8.29,"10-TFSOP, 10-MSOP (0.118"", 3.00mm Width)",Surface Mount,Active,https://www.analog.com/media/en/technical-documentation/data-sheets/4252b12f.pdf,https://www.digikey.com/en/products/detail/analog-devices-inc/LTC4252CCMS-1-PBF/3024896,-48V,,900 µA,Latched Fault,,No,1,0°C ~ 70°C,"Current Limit, Fault Timeout, OVP, UVLO",,,Hot Swap Controller,-48V
LTC4252CCMS-1#TRPBF,Analog Devices Inc.,IC HOT SWAP CTRLR -48V 10MSOP,linear-audio-amplifiers,0,4.79658,"10-TFSOP, 10-MSOP (0.118"", 3.00mm Width)",Surface Mount,Active,https://www.analog.com/media/en/technical-documentation/data-sheets/4252b12f.pdf,https://www.digikey.com/en/products/detail/analog-devices-inc/LTC4252CCMS-1-TRPBF/3024897,-48V,,900 µA,Latched Fault,,No,1,0°C ~ 70°C,"Current Limit, Fault Timeout, OVP, UVLO",,,Hot Swap Controller,-48V
LTC4252CCMS-2#PBF,Analog Devices Inc.,IC HOT SWAP CTRLR -48V 10MSOP,linear-audio-amplifiers,146,8.29,"10-TFSOP, 10-MSOP (0.118"", 3.00mm Width)",Surface Mount,Active,https://www.analog.com/media/en/technical-documentation/data-sheets/4252b12f.pdf,https://www.digikey.com/en/products/detail/analog-devices-inc/LTC4252CCMS-2-PBF/3024898,-48V,,900 µA,Auto Retry,,No,1,0°C ~ 70°C,"Current Limit, Fault Timeout, OVP, UVLO",,,Hot Swap Controller,-48V
LTC4252CCMS-2#TRPBF,Analog Devices Inc.,IC HOT SWAP CTRLR -48V 10MSOP,linear-audio-amplifiers,264,8.29,"10-TFSOP, 10-MSOP (0.118"", 3.00mm Width)",Surface Mount,Active,https://www.analog.com/media/en/technical-documentation/data-sheets/4252b12f.pdf,https://www.digikey.com/en/products/detail/analog-devices-inc/LTC4252CCMS-2-TRPBF/3024899,-48V,,900 µA,Auto Retry,,No,1,0°C ~ 70°C,"Current Limit, Fault Timeout, OVP, UVLO",,,Hot Swap Controller,-48V
LTC4252CIMS-1#PBF,Analog Devices Inc.,IC HOT SWAP CTRLR -48V 10MSOP,linear-audio-amplifiers,22,9.45,"10-TFSOP, 10-MSOP (0.118"", 3.00mm Width)",Surface Mount,Active,https://www.analog.com/media/en/technical-documentation/data-sheets/4252b12f.pdf,https://www.digikey.com/en/products/detail/analog-devices-inc/LTC4252CIMS-1-PBF/3024900,-48V,,900 µA,Latched Fault,,No,1,-40°C ~ 85°C,"Current Limit, Fault Timeout, OVP, UVLO",,,Hot Swap Controller,-48V
LTC4252CIMS-1#TRPBF,Analog Devices Inc.,IC HOT SWAP CTRLR -48V 10MSOP,linear-audio-amplifiers,0,5.52851,"10-TFSOP, 10-MSOP (0.118"", 3.00mm Width)",Surface Mount,Active,https://www.analog.com/media/en/technical-documentation/data-sheets/4252b12f.pdf,https://www.digikey.com/en/products/detail/analog-devices-inc/LTC4252CIMS-1-TRPBF/3024901,-48V,,900 µA,Latched Fault,,No,1,-40°C ~ 85°C,"Current Limit, Fault Timeout, OVP, UVLO",,,Hot Swap Controller,-48V
LTC4252CIMS-2#PBF,Analog Devices Inc.,IC HOT SWAP CTRLR -48V 10MSOP,linear-audio-amplifiers,1220,9.45,"10-TFSOP, 10-MSOP (0.118"", 3.00mm Width)",Surface Mount,Active,https://www.analog.com/media/en/technical-documentation/data-sheets/4252b12f.pdf,https://www.digikey.com/en/products/detail/analog-devices-inc/LTC4252CIMS-2-PBF/3024902,-48V,,900 µA,Auto Retry,,No,1,-40°C ~ 85°C,"Current Limit, Fault Timeout, OVP, UVLO",,,Hot Swap Controller,-48V
LTC4252CIMS-2#TRPBF,Analog Devices Inc.,IC HOT SWAP CTRLR -48V 10MSOP,linear-audio-amplifiers,0,5.52851,"10-TFSOP, 10-MSOP (0.118"", 3.00mm Width)",Surface Mount,Active,https://www.analog.com/media/en/technical-documentation/data-sheets/4252b12f.pdf,https://www.digikey.com/en/products/detail/analog-devices-inc/LTC4252CIMS-2-TRPBF/3024903,-48V,,900 µA,Auto Retry,,No,1,-40°C ~ 85°C,"Current Limit, Fault Timeout, OVP, UVLO",,,Hot Swap Controller,-48V
LTC4253BCGN#PBF,Analog Devices Inc.,IC HOT SWAP CTRLR -48V 16SSOP,linear-audio-amplifiers,95,8.78,"16-SSOP (0.154"", 3.90mm Width)",Surface Mount,Active,https://www.analog.com/media/en/technical-documentation/data-sheets/4253bf.pdf,https://www.digikey.com/en/products/detail/analog-devices-inc/LTC4253BCGN-PBF/2833131,-48V,,800 µA,Latched Fault,,No,1,0°C ~ 70°C,"Circuit Breaker, Current Limit, Fault Timeout, OVP, UVLO",,,"Hot Swap Controller, Sequencer",-48V
LTC4253BCGN#TRPBF,Analog Devices Inc.,IC HOT SWAP CTRLR -48V 16SSOP,linear-audio-amplifiers,0,5.10852,"16-SSOP (0.154"", 3.90mm Width)",Surface Mount,Active,https://www.analog.com/media/en/technical-documentation/data-sheets/4253bf.pdf,https://www.digikey.com/en/products/detail/analog-devices-inc/LTC4253BCGN-TRPBF/2834984,-48V,,800 µA,Latched Fault,,No,1,0°C ~ 70°C,"Circuit Breaker, Current Limit, Fault Timeout, OVP, UVLO",,,"Hot Swap Controller, Sequencer",-48V
LTC4253BIGN#PBF,Analog Devices Inc.,IC HOT SWAP CTRLR -48V 16SSOP,linear-audio-amplifiers,0,6.6232,"16-SSOP (0.154"", 3.90mm Width)",Surface Mount,Active,https://www.analog.com/media/en/technical-documentation/data-sheets/4253bf.pdf,https://www.digikey.com/en/products/detail/analog-devices-inc/LTC4253BIGN-PBF/2833132,-48V,,800 µA,Latched Fault,,No,1,-40°C ~ 85°C,"Circuit Breaker, Current Limit, Fault Timeout, OVP, UVLO",,,"Hot Swap Controller, Sequencer",-48V
LTC4253BIGN#TRPBF,Analog Devices Inc.,IC HOT SWAP CTRLR -48V 16SSOP,linear-audio-amplifiers,0,5.86687,"16-SSOP (0.154"", 3.90mm Width)",Surface Mount,Active,https://www.analog.com/media/en/technical-documentation/data-sheets/4253bf.pdf,https://www.digikey.com/en/products/detail/analog-devices-inc/LTC4253BIGN-TRPBF/2834962,-48V,,800 µA,Latched Fault,,No,1,-40°C ~ 85°C,"Circuit Breaker, Current Limit, Fault Timeout, OVP, UVLO",,,"Hot Swap Controller, Sequencer",-48V
LTC4253CGN,Analog Devices Inc.,IC HOT SWAP CONTRLR -48V 16-SSOP,linear-audio-amplifiers,0,0.0,"16-SSOP (0.154"", 3.90mm Width)",Surface Mount,Discontinued at DigiKey,https://www.analog.com/media/en/technical-documentation/data-sheets/425353aff.pdf,https://www.digikey.com/en/products/detail/analog-devices-inc/LTC4253CGN/480754,-48V,,800 µA,Latched Fault,,No,1,0°C ~ 70°C,"Circuit Breaker, Current Limit, Fault Timeout, OVP, UVLO",,,"Hot Swap Controller, Sequencer",-48V
LTC4253CGN#PBF,Analog Devices Inc.,IC HOT SWAP CTRLR -48V 16SSOP,linear-audio-amplifiers,0,6.339,"16-SSOP (0.154"", 3.90mm Width)",Surface Mount,Active,https://www.analog.com/media/en/technical-documentation/data-sheets/425353aff.pdf,https://www.digikey.com/en/products/detail/analog-devices-inc/LTC4253CGN-PBF/889220,-48V,,800 µA,Latched Fault,,No,1,0°C ~ 70°C,"Circuit Breaker, Current Limit, Fault Timeout, OVP, UVLO",,,"Hot Swap Controller, Sequencer",-48V
LTC4253CGN#TR,Analog Devices Inc.,IC HOT SWAP CONTRLR -48V 16-SSOP,linear-audio-amplifiers,0,0.0,"16-SSOP (0.154"", 3.90mm Width)",Surface Mount,Discontinued at DigiKey,https://www.analog.com/media/en/technical-documentation/data-sheets/425353aff.pdf,https://www.digikey.com/en/products/detail/analog-devices-inc/LTC4253CGN-TR/480050,-48V,,800 µA,Latched Fault,,No,1,0°C ~ 70°C,"Circuit Breaker, Current Limit, Fault Timeout, OVP, UVLO",,,"Hot Swap Controller, Sequencer",-48V
LTC4253CGN#TRPBF,Analog Devices Inc.,IC HOT SWAP CTRLR -48V 16SSOP,linear-audio-amplifiers,0,5.60972,"16-SSOP (0.154"", 3.90mm Width)",Surface Mount,Active,https://www.analog.com/media/en/technical-documentation/data-sheets/425353aff.pdf,https://www.digikey.com/en/products/detail/analog-devices-inc/LTC4253CGN-TRPBF/959033,-48V,,800 µA,Latched Fault,,No,1,0°C ~ 70°C,"Circuit Breaker, Current Limit, Fault Timeout, OVP, UVLO",,,"Hot Swap Controller, Sequencer",-48V
LTC4253IGN,Analog Devices Inc.,IC HOT SWAP CONTRLR -48V 16-SSOP,linear-audio-amplifiers,0,0.0,"16-SSOP (0.154"", 3.90mm Width)",Surface Mount,Discontinued at DigiKey,https://www.analog.com/media/en/technical-documentation/data-sheets/425353aff.pdf,https://www.digikey.com/en/products/detail/analog-devices-inc/LTC4253IGN/480051,-48V,,800 µA,Latched Fault,,No,1,-40°C ~ 85°C,"Circuit Breaker, Current Limit, Fault Timeout, OVP, UVLO",,,"Hot Swap Controller, Sequencer",-48V
LTC4253IGN#PBF,Analog Devices Inc.,IC HOT SWAP CTRLR -48V 16SSOP,linear-audio-amplifiers,0,7.25,"16-SSOP (0.154"", 3.90mm Width)",Surface Mount,Active,https://www.analog.com/media/en/technical-documentation/data-sheets/425353aff.pdf,https://www.digikey.com/en/products/detail/analog-devices-inc/LTC4253IGN-PBF/960980,-48V,,800 µA,Latched Fault,,No,1,-40°C ~ 85°C,"Circuit Breaker, Current Limit, Fault Timeout, OVP, UVLO",,,"Hot Swap Controller, Sequencer",-48V
LTC4253IGN#TR,Analog Devices Inc.,IC HOT SWAP CONTRLR -48V 16-SSOP,linear-audio-amplifiers,0,0.0,"16-SSOP (0.154"", 3.90mm Width)",Surface Mount,Discontinued at DigiKey,https://www.analog.com/media/en/technical-documentation/data-sheets/425353aff.pdf,https://www.digikey.com/en/products/detail/analog-devices-inc/LTC4253IGN-TR/480052,-48V,,800 µA,Latched Fault,,No,1,-40°C ~ 85°C,"Circuit Breaker, Current Limit, Fault Timeout, OVP, UVLO",,,"Hot Swap Controller, Sequencer",-48V
LTC4253IGN#TRPBF,Analog Devices Inc.,IC HOT SWAP CTRLR -48V 16SSOP,linear-audio-amplifiers,0,6.43467,"16-SSOP (0.154"", 3.90mm Width)",Surface Mount,Active,https://www.analog.com/media/en/technical-documentation/data-sheets/425353aff.pdf,https://www.digikey.com/en/products/detail/analog-devices-inc/LTC4253IGN-TRPBF/959668,-48V,,800 µA,Latched Fault,,No,1,-40°C ~ 85°C,"Circuit Breaker, Current Limit, Fault Timeout, OVP, UVLO",,,"Hot Swap Controller, Sequencer",-48V
LTC4260CGN#PBF,Analog Devices Inc.,IC HOT SWAP CTRLR GP 24SSOP,linear-audio-amplifiers,72,19.76,"24-SSOP (0.154"", 3.90mm Width)",Surface Mount,Active,https://www.analog.com/media/en/technical-documentation/data-sheets/4260fc.pdf,https://www.digikey.com/en/products/detail/analog-devices-inc/LTC4260CGN-PBF/963741,General Purpose,,2 mA,I2C,,No,1,0°C ~ 70°C,"Auto Retry, Current Limit, Fault Timeout, Latched Fault, OVP, Slew Rate, UVLO",,,"Hot Swap Controller, Monitor",8.5V ~ 80V
LTC4260CGN#TRPBF,Analog Devices Inc.,IC HOT SWAP CTRLR GP 24SSOP,linear-audio-amplifiers,0,12.26936,"24-SSOP (0.154"", 3.90mm Width)",Surface Mount,Active,https://www.analog.com/media/en/technical-documentation/data-sheets/4260fc.pdf,https://www.digikey.com/en/products/detail/analog-devices-inc/LTC4260CGN-TRPBF/960570,General Purpose,,2 mA,I2C,,No,1,0°C ~ 70°C,"Auto Retry, Current Limit, Fault Timeout, Latched Fault, OVP, Slew Rate, UVLO",,,"Hot Swap Controller, Monitor",8.5V ~ 80V
LTC4260CSW#PBF,Analog Devices Inc.,IC HOT SWAP CTRLR GP 24SOIC,linear-audio-amplifiers,0,14.51844,"24-SOIC (0.295"", 7.50mm Width)",Surface Mount,Active,https://www.analog.com/media/en/technical-documentation/data-sheets/4260fc.pdf,https://www.digikey.com/en/products/detail/analog-devices-inc/LTC4260CSW-PBF/963693,General Purpose,,2 mA,I2C,,No,1,0°C ~ 70°C,"Auto Retry, Current Limit, Fault Timeout, Latched Fault, OVP, Slew Rate, UVLO",,,"Hot Swap Controller, Monitor",8.5V ~ 80V
LTC4260CSW#TRPBF,Analog Devices Inc.,IC HOT SWAP CTRLR GP 24SOIC,linear-audio-amplifiers,0,12.5442,"24-SOIC (0.295"", 7.50mm Width)",Surface Mount,Active,https://www.analog.com/media/en/technical-documentation/data-sheets/4260fc.pdf,https://www.digikey.com/en/products/detail/analog-devices-inc/LTC4260CSW-TRPBF/962196,General Purpose,,2 mA,I2C,,No,1,0°C ~ 70°C,"Auto Retry, Current Limit, Fault Timeout, Latched Fault, OVP, Slew Rate, UVLO",,,"Hot Swap Controller, Monitor",8.5V ~ 80V
LTC4260CUH#PBF,Analog Devices Inc.,IC HOT SWAP CTRLR GP 32QFN,linear-audio-amplifiers,116,19.76,32-WFQFN Exposed Pad,Surface Mount,Active,https://www.analog.com/media/en/technical-documentation/data-sheets/4260fc.pdf,https://www.digikey.com/en/products/detail/analog-devices-inc/LTC4260CUH-PBF/963564,General Purpose,,2 mA,I2C,,No,1,0°C ~ 70°C,"Auto Retry, Current Limit, Fault Timeout, Latched Fault, OVP, Slew Rate, UVLO",,,"Hot Swap Controller, Monitor",8.5V ~ 80V
LTC4260CUH#TRPBF,Analog Devices Inc.,IC HOT SWAP CTRLR GP 32QFN,linear-audio-amplifiers,285,19.76,32-WFQFN Exposed Pad,Surface Mount,Active,https://www.analog.com/media/en/technical-documentation/data-sheets/4260fc.pdf,https://www.digikey.com/en/products/detail/analog-devices-inc/LTC4260CUH-TRPBF/960564,General Purpose,,2 mA,I2C,,No,1,0°C ~ 70°C,"Auto Retry, Current Limit, Fault Timeout, Latched Fault, OVP, Slew Rate, UVLO",,,"Hot Swap Controller, Monitor",8.5V ~ 80V
LTC4260IGN#PBF,Analog Devices Inc.,IC HOT SWAP CTRLR GP 24SSOP,linear-audio-amplifiers,0,23.3,"24-SSOP (0.154"", 3.90mm Width)",Surface Mount,Active,https://www.analog.com/media/en/technical-documentation/data-sheets/4260fc.pdf,https://www.digikey.com/en/products/detail/analog-devices-inc/LTC4260IGN-PBF/963734,General Purpose,,2 mA,I2C,,No,1,-40°C ~ 85°C,"Auto Retry, Current Limit, Fault Timeout, Latched Fault, OVP, Slew Rate, UVLO",,,"Hot Swap Controller, Monitor",8.5V ~ 80V
LTC4260IGN#TRPBF,Analog Devices Inc.,IC HOT SWAP CTRLR GP 24SSOP,linear-audio-amplifiers,2967,23.3,"24-SSOP (0.154"", 3.90mm Width)",Surface Mount,Active,https://www.analog.com/media/en/technical-documentation/data-sheets/4260fc.pdf,https://www.digikey.com/en/products/detail/analog-devices-inc/LTC4260IGN-TRPBF/959841,General Purpose,,2 mA,I2C,,No,1,-40°C ~ 85°C,"Auto Retry, Current Limit, Fault Timeout, Latched Fault, OVP, Slew Rate, UVLO",,,"Hot Swap Controller, Monitor",8.5V ~ 80V
LTC4260ISW#PBF,Analog Devices Inc.,IC HOT SWAP CTRLR GP 24SOIC,linear-audio-amplifiers,0,23.3,"24-SOIC (0.295"", 7.50mm Width)",Surface Mount,Active,https://www.analog.com/media/en/technical-documentation/data-sheets/4260fc.pdf,https://www.digikey.com/en/products/detail/analog-devices-inc/LTC4260ISW-PBF/962913,General Purpose,,2 mA,I2C,,No,1,-40°C ~ 85°C,"Auto Retry, Current Limit, Fault Timeout, Latched Fault, OVP, Slew Rate, UVLO",,,"Hot Swap Controller, Monitor",8.5V ~ 80V
LTC4260ISW#TRPBF,Analog Devices Inc.,IC HOT SWAP CTRLR GP 24SOIC,linear-audio-amplifiers,0,14.96794,"24-SOIC (0.295"", 7.50mm Width)",Surface Mount,Active,https://www.analog.com/media/en/technical-documentation/data-sheets/4260fc.pdf,https://www.digikey.com/en/products/detail/analog-devices-inc/LTC4260ISW-TRPBF/962043,General Purpose,,2 mA,I2C,,No,1,-40°C ~ 85°C,"Auto Retry, Current Limit, Fault Timeout, Latched Fault, OVP, Slew Rate, UVLO",,,"Hot Swap Controller, Monitor",8.5V ~ 80V
LTC4260IUH#PBF,Analog Devices Inc.,IC HOT SWAP CTRLR GP 32QFN,linear-audio-amplifiers,102,23.3,32-WFQFN Exposed Pad,Surface Mount,Active,https://www.analog.com/media/en/technical-documentation/data-sheets/4260fc.pdf,https://www.digikey.com/en/products/detail/analog-devices-inc/LTC4260IUH-PBF/963561,General Purpose,,2 mA,I2C,,No,1,-40°C ~ 85°C,"Auto Retry, Circuit Breaker, Current Limit, Fault Timeout, Latched Fault, OVP, Slew Rate, UVLO",,,"Hot Swap Controller, Monitor",8.5V ~ 80V
LTC4260IUH#TRPBF,Analog Devices Inc.,IC HOT SWAP CTRLR GP 32QFN,linear-audio-amplifiers,4093,23.3,32-WFQFN Exposed Pad,Surface Mount,Active,https://www.analog.com/media/en/technical-documentation/data-sheets/4260fc.pdf,https://www.digikey.com/en/products/detail/analog-devices-inc/LTC4260IUH-TRPBF/959656,General Purpose,,2 mA,I2C,,No,1,-40°C ~ 85°C,"Auto Retry, Current Limit, Fault Timeout, Latched Fault, OVP, Slew Rate, UVLO",,,"Hot Swap Controller, Monitor",8.5V ~ 80V
LTC4261CGN#PBF,Analog Devices Inc.,IC HOT SWAP CTRLR -48V 28SSOP,linear-audio-amplifiers,38,16.57,"28-SSOP (0.154"", 3.90mm Width)",Surface Mount,Active,https://www.analog.com/media/en/technical-documentation/data-sheets/42612fd.pdf,https://www.digikey.com/en/products/detail/analog-devices-inc/LTC4261CGN-PBF/951410,-48V,,2 mA,I2C,,No,1,0°C ~ 70°C,"Auto Retry, Current Limit, Fault Timeout, Latched Fault, OVP, UVLO",,,"Hot Swap Controller, Monitor",-48V
LTC4261CGN#TRPBF,Analog Devices Inc.,IC HOT SWAP CTRLR -48V 28SSOP,linear-audio-amplifiers,0,10.15076,"28-SSOP (0.154"", 3.90mm Width)",Surface Mount,Active,https://www.analog.com/media/en/technical-documentation/data-sheets/42612fd.pdf,https://www.digikey.com/en/products/detail/analog-devices-inc/LTC4261CGN-TRPBF/956416,-48V,,2 mA,I2C,,No,1,0°C ~ 70°C,"Auto Retry, Current Limit, Fault Timeout, Latched Fault, OVP, UVLO",,,"Hot Swap Controller, Monitor",-48V
LTC4261CGN-2#PBF,Analog Devices Inc.,IC HOT SWAP CTRLR -48V 28SSOP,linear-audio-amplifiers,49,16.47,"28-SSOP (0.154"", 3.90mm Width)",Surface Mount,Active,https://www.analog.com/media/en/technical-documentation/data-sheets/42612fd.pdf,https://www.digikey.com/en/products/detail/analog-devices-inc/LTC4261CGN-2-PBF/1619919,-48V,,2 mA,I2C,,No,1,0°C ~ 70°C,"Auto Retry, Current Limit, Fault Timeout, Latched Fault, OVP, UVLO",,,"Hot Swap Controller, Monitor",-48V
LTC4261CGN-2#TRPBF,Analog Devices Inc.,IC HOT SWAP CTRLR -48V 28SSOP,linear-audio-amplifiers,0,10.08366,"28-SSOP (0.154"", 3.90mm Width)",Surface Mount,Active,https://www.analog.com/media/en/technical-documentation/data-sheets/42612fd.pdf,https://www.digikey.com/en/products/detail/analog-devices-inc/LTC4261CGN-2-TRPBF/1621040,-48V,,2 mA,I2C,,No,1,0°C ~ 70°C,"Auto Retry, Current Limit, Fault Timeout, Latched Fault, OVP, UVLO",,,"Hot Swap Controller, Monitor",-48V
LTC4261CUFD#PBF,Analog Devices Inc.,IC HOT SWAP CTRLR -48V 24QFN,linear-audio-amplifiers,0,11.51452,24-WFQFN Exposed Pad,Surface Mount,Active,https://www.analog.com/media/en/technical-documentation/data-sheets/42612fd.pdf,https://www.digikey.com/en/products/detail/analog-devices-inc/LTC4261CUFD-PBF/951411,-48V,,2 mA,I2C,,No,1,0°C ~ 70°C,"Auto Retry, Current Limit, Fault Timeout, Latched Fault, OVP, UVLO",,,"Hot Swap Controller, Monitor",-48V
LTC4261CUFD#TRPBF,Analog Devices Inc.,IC HOT SWAP CTRLR -48V 24QFN,linear-audio-amplifiers,0,10.15076,24-WFQFN Exposed Pad,Surface Mount,Active,https://www.analog.com/media/en/technical-documentation/data-sheets/42612fd.pdf,https://www.digikey.com/en/products/detail/analog-devices-inc/LTC4261CUFD-TRPBF/956421,-48V,,2 mA,I2C,,No,1,0°C ~ 70°C,"Auto Retry, Current Limit, Fault Timeout, Latched Fault, OVP, UVLO",,,"Hot Swap Controller, Monitor",-48V
LTC4261CUFD-2#PBF,Analog Devices Inc.,IC HOT SWAP CTRLR -48V 24QFN,linear-audio-amplifiers,0,11.44014,24-WFQFN Exposed Pad,Surface Mount,Active,https://www.analog.com/media/en/technical-documentation/data-sheets/42612fd.pdf,https://www.digikey.com/en/products/detail/analog-devices-inc/LTC4261CUFD-2-PBF/1619940,-48V,,2 mA,I2C,,No,1,0°C ~ 70°C,"Auto Retry, Current Limit, Fault Timeout, Latched Fault, OVP, UVLO",,,"Hot Swap Controller, Monitor",-48V
LTC4261CUFD-2#TRPBF,Analog Devices Inc.,IC HOT SWAP CTRLR -48V 24QFN,linear-audio-amplifiers,0,10.08366,24-WFQFN Exposed Pad,Surface Mount,Active,https://www.analog.com/media/en/technical-documentation/data-sheets/42612fd.pdf,https://www.digikey.com/en/products/detail/analog-devices-inc/LTC4261CUFD-2-TRPBF/1620804,-48V,,2 mA,I2C,,No,1,0°C ~ 70°C,"Auto Retry, Current Limit, Fault Timeout, Latched Fault, OVP, UVLO",,,"Hot Swap Controller, Monitor",-48V
LTC4261IGN#PBF,Analog Devices Inc.,IC HOT SWAP CTRLR -48V 28SSOP,linear-audio-amplifiers,68,21.36,"28-SSOP (0.154"", 3.90mm Width)",Surface Mount,Active,https://www.analog.com/media/en/technical-documentation/data-sheets/42612fd.pdf,https://www.digikey.com/en/products/detail/analog-devices-inc/LTC4261IGN-PBF/951412,-48V,,2 mA,I2C,,No,1,-40°C ~ 85°C,"Auto Retry, Current Limit, Fault Timeout, Latched Fault, OVP, UVLO",,,"Hot Swap Controller, Monitor",-48V
LTC4261IGN#TRPBF,Analog Devices Inc.,IC HOT SWAP CTRLR -48V 28SSOP,linear-audio-amplifiers,1745,21.36,"28-SSOP (0.154"", 3.90mm Width)",Surface Mount,Active,https://www.analog.com/media/en/technical-documentation/data-sheets/42612fd.pdf,https://www.digikey.com/en/products/detail/analog-devices-inc/LTC4261IGN-TRPBF/956427,-48V,,2 mA,I2C,,No,1,-40°C ~ 85°C,"Auto Retry, Current Limit, Fault Timeout, Latched Fault, OVP, UVLO",,,"Hot Swap Controller, Monitor",-48V
LTC4261IGN-2#PBF,Analog Devices Inc.,IC HOT SWAP CTRLR -48V 28SSOP,linear-audio-amplifiers,0,21.24,"28-SSOP (0.154"", 3.90mm Width)",Surface Mount,Active,https://www.analog.com/media/en/technical-documentation/data-sheets/42612fd.pdf,https://www.digikey.com/en/products/detail/analog-devices-inc/LTC4261IGN-2-PBF/1619878,-48V,,2 mA,I2C,,No,1,-40°C ~ 85°C,"Auto Retry, Current Limit, Fault Timeout, Latched Fault, OVP, UVLO",,,"Hot Swap Controller, Monitor",-48V
LTC4261IGN-2#TRPBF,Analog Devices Inc.,IC HOT SWAP CTRLR -48V 28SSOP,linear-audio-amplifiers,0,13.25994,"28-SSOP (0.154"", 3.90mm Width)",Surface Mount,Active,https://www.analog.com/media/en/technical-documentation/data-sheets/42612fd.pdf,https://www.digikey.com/en/products/detail/analog-devices-inc/LTC4261IGN-2-TRPBF/1620922,-48V,,2 mA,I2C,,No,1,-40°C ~ 85°C,"Auto Retry, Current Limit, Fault Timeout, Latched Fault, OVP, UVLO",,,"Hot Swap Controller, Monitor",-48V
LTC4261IUFD#PBF,Analog Devices Inc.,IC HOT SWAP CTRLR -48V 24QFN,linear-audio-amplifiers,0,15.04219,24-WFQFN Exposed Pad,Surface Mount,Active,https://www.analog.com/media/en/technical-documentation/data-sheets/42612fd.pdf,https://www.digikey.com/en/products/detail/analog-devices-inc/LTC4261IUFD-PBF/951413,-48V,,2 mA,I2C,,No,1,-40°C ~ 85°C,"Auto Retry, Current Limit, Fault Timeout, Latched Fault, OVP, UVLO",,,"Hot Swap Controller, Monitor",-48V
LTC4261IUFD#TRPBF,Analog Devices Inc.,IC HOT SWAP CTRLR -48V 24QFN,linear-audio-amplifiers,0,13.34027,24-WFQFN Exposed Pad,Surface Mount,Active,https://www.analog.com/media/en/technical-documentation/data-sheets/42612fd.pdf,https://www.digikey.com/en/products/detail/analog-devices-inc/LTC4261IUFD-TRPBF/956432,-48V,,2 mA,I2C,,No,1,-40°C ~ 85°C,"Auto Retry, Current Limit, Fault Timeout, Latched Fault, OVP, UVLO",,,"Hot Swap Controller, Monitor",-48V
LTC4261IUFD-2#PBF,Analog Devices Inc.,IC HOT SWAP CTRLR -48V 24QFN,linear-audio-amplifiers,8,21.24,24-WFQFN Exposed Pad,Surface Mount,Active,https://www.analog.com/media/en/technical-documentation/data-sheets/42612fd.pdf,https://www.digikey.com/en/products/detail/analog-devices-inc/LTC4261IUFD-2-PBF/1619874,-48V,,2 mA,I2C,,No,1,-40°C ~ 85°C,"Auto Retry, Current Limit, Fault Timeout, Latched Fault, OVP, UVLO",,,"Hot Swap Controller, Monitor",-48V
LTC4261IUFD-2#TRPBF,Analog Devices Inc.,IC HOT SWAP CTRLR -48V 24QFN,linear-audio-amplifiers,0,13.25994,24-WFQFN Exposed Pad,Surface Mount,Active,https://www.analog.com/media/en/technical-documentation/data-sheets/42612fd.pdf,https://www.digikey.com/en/products/detail/analog-devices-inc/LTC4261IUFD-2-TRPBF/1620807,-48V,,2 mA,I2C,,No,1,-40°C ~ 85°C,"Auto Retry, Current Limit, Fault Timeout, Latched Fault, OVP, UVLO",,,"Hot Swap Controller, Monitor",-48V
LTC4280CUFD#PBF,Analog Devices Inc.,IC HOT SWAP CTRLR GP 24QFN,linear-audio-amplifiers,0,12.44,24-WFQFN Exposed Pad,Surface Mount,Active,https://www.analog.com/media/en/technical-documentation/data-sheets/4280f.pdf,https://www.digikey.com/en/products/detail/analog-devices-inc/LTC4280CUFD-PBF/2297106,General Purpose,,3 mA,I2C,,No,1,0°C ~ 70°C,"Auto Retry, Current Limit, Fault Timeout, Latched Fault, OVP, UVLO",,,"Hot Swap Controller, Monitor",2.9V ~ 15V
LTC4280CUFD#TRPBF,Analog Devices Inc.,IC HOT SWAP CTRLR GP 24QFN,linear-audio-amplifiers,0,7.44686,24-WFQFN Exposed Pad,Surface Mount,Active,https://www.analog.com/media/en/technical-documentation/data-sheets/4280f.pdf,https://www.digikey.com/en/products/detail/analog-devices-inc/LTC4280CUFD-TRPBF/2342961,General Purpose,,3 mA,I2C,,No,1,0°C ~ 70°C,"Auto Retry, Current Limit, Fault Timeout, Latched Fault, OVP, UVLO",,,"Hot Swap Controller, Monitor",2.9V ~ 15V
LTC4280IUFD#PBF,Analog Devices Inc.,IC HOT SWAP CTRLR GP 24QFN,linear-audio-amplifiers,0,14.65,24-WFQFN Exposed Pad,Surface Mount,Active,https://www.analog.com/media/en/technical-documentation/data-sheets/4280f.pdf,https://www.digikey.com/en/products/detail/analog-devices-inc/LTC4280IUFD-PBF/2297688,General Purpose,,3 mA,I2C,,No,1,-40°C ~ 85°C,"Auto Retry, Current Limit, Fault Timeout, Latched Fault, OVP, UVLO",,,"Hot Swap Controller, Monitor",2.9V ~ 15V
LTC4280IUFD#TRPBF,Analog Devices Inc.,IC HOT SWAP CTRLR GP 24QFN,linear-audio-amplifiers,0,8.88764,24-WFQFN Exposed Pad,Surface Mount,Active,https://www.analog.com/media/en/technical-documentation/data-sheets/4280f.pdf,https://www.digikey.com/en/products/detail/analog-devices-inc/LTC4280IUFD-TRPBF/2342962,General Purpose,,3 mA,I2C,,No,1,-40°C ~ 85°C,"Auto Retry, Current Limit, Fault Timeout, Latched Fault, OVP, UVLO",,,"Hot Swap Controller, Monitor",2.9V ~ 15V
LTC4281CUFD#PBF,Analog Devices Inc.,IC HOT SWAP CTRLR GP 28QFN,linear-audio-amplifiers,1940,16.29,28-WFQFN Exposed Pad,Surface Mount,Active,https://www.analog.com/media/en/technical-documentation/data-sheets/ltc4281.pdf,https://www.digikey.com/en/products/detail/analog-devices-inc/LTC4281CUFD-PBF/5819089,General Purpose,,3.5 mA,"OVP, UVLO",,No,1,0°C ~ 70°C,Current Limit,,,Hot Swap Controller,2.9V ~ 33V
LTC4281CUFD#TRPBF,Analog Devices Inc.,IC HOT SWAP CTRLR GP 28QFN,linear-audio-amplifiers,0,9.96282,28-WFQFN Exposed Pad,Surface Mount,Active,https://www.analog.com/media/en/technical-documentation/data-sheets/ltc4281.pdf,https://www.digikey.com/en/products/detail/analog-devices-inc/LTC4281CUFD-TRPBF/5820289,General Purpose,,3.5 mA,"OVP, UVLO",,No,1,0°C ~ 70°C,Current Limit,,,Hot Swap Controller,2.9V ~ 33V
LTC4281IUFD#PBF,Analog Devices Inc.,IC HOT SWAP CTRLR GP 28QFN,linear-audio-amplifiers,0,17.75,28-WFQFN Exposed Pad,Surface Mount,Active,https://www.analog.com/media/en/technical-documentation/data-sheets/ltc4281.pdf,https://www.digikey.com/en/products/detail/analog-devices-inc/LTC4281IUFD-PBF/5819090,General Purpose,,3.5 mA,"OVP, UVLO",,No,1,-40°C ~ 85°C,Current Limit,,,Hot Swap Controller,2.9V ~ 33V
LTC4281IUFD#TRPBF,Analog Devices Inc.,IC HOT SWAP CTRLR GP 28QFN,linear-audio-amplifiers,2390,17.75,28-WFQFN Exposed Pad,Surface Mount,Active,https://www.analog.com/media/en/technical-documentation/data-sheets/ltc4281.pdf,https://www.digikey.com/en/products/detail/analog-devices-inc/LTC4281IUFD-TRPBF/5820290,General Purpose,,3.5 mA,"OVP, UVLO",,No,1,-40°C ~ 85°C,Current Limit,,,Hot Swap Controller,2.9V ~ 33V
LTC4281IUFD#WPBF,Analog Devices Inc.,IC HOT SWAP CTRLR GP 28QFN,linear-audio-amplifiers,0,0.0,-,-,Obsolete,https://www.analog.com/media/en/technical-documentation/data-sheets/ltc4281.pdf,https://www.digikey.com/en/products/detail/analog-devices-inc/LTC4281IUFD-WPBF/21852532,,,,,,,,,,,,,
LTC4281IUFD#WTRPBF,Analog Devices Inc.,IC HOT SWAP CTRLR GP 28QFN,linear-audio-amplifiers,0,0.0,-,-,Obsolete,https://www.analog.com/media/en/technical-documentation/data-sheets/ltc4281.pdf,https://www.digikey.com/en/products/detail/analog-devices-inc/LTC4281IUFD-WTRPBF/21852536,,,,,,,,,,,,,
LTC4282AUH#PBF,Analog Devices Inc.,IC HOT SWAP CTRLR,linear-audio-amplifiers,0,19.62,32-WFQFN Exposed Pad,Surface Mount,Active,https://www.analog.com/media/en/technical-documentation/data-sheets/ltc4282.pdf,https://www.digikey.com/en/products/detail/analog-devices-inc/LTC4282AUH-PBF/16286069,General Purpose,,3.5 mA,"I2C, Fault Timeout, Latched Fault, OVP, SMBus, UVLO",,No,1,-40°C ~ 85°C,"Circuit Breaker, Current Limit, Fault Timeout, OVP, Slew Rate, UVLO",,,"Hot Swap Controller, Monitor",2.9V ~ 33V
LTC4282AUH#TRPBF,Analog Devices Inc.,IC HOT SWAP CTRLR,linear-audio-amplifiers,0,12.17567,32-WFQFN Exposed Pad,Surface Mount,Active,https://www.analog.com/media/en/technical-documentation/data-sheets/ltc4282.pdf,https://www.digikey.com/en/products/detail/analog-devices-inc/LTC4282AUH-TRPBF/16286070,General Purpose,,3.5 mA,"I2C, Fault Timeout, Latched Fault, OVP, SMBus, UVLO",,No,1,-40°C ~ 85°C,"Circuit Breaker, Current Limit, Fault Timeout, OVP, Slew Rate, UVLO",,,"Hot Swap Controller, Monitor",2.9V ~ 33V
LTC4282CUH#PBF,Analog Devices Inc.,IC HOT SWAP CTRLR GP 32QFN,linear-audio-amplifiers,226,15.82,32-WFQFN Exposed Pad,Surface Mount,Obsolete,https://www.analog.com/media/en/technical-documentation/data-sheets/ltc4282.pdf,https://www.digikey.com/en/products/detail/analog-devices-inc/LTC4282CUH-PBF/5471742,General Purpose,,3.5 mA,"I2C, OVP, UVLO",,No,1,0°C ~ 70°C,Current Limit,,,"Hot Swap Controller, Monitor",2.9V ~ 33V
LTC4282CUH#TRPBF,Analog Devices Inc.,IC HOT SWAP CTRLR GP 32QFN,linear-audio-amplifiers,0,0.0,32-WFQFN Exposed Pad,Surface Mount,Obsolete,https://www.analog.com/media/en/technical-documentation/data-sheets/ltc4282.pdf,https://www.digikey.com/en/products/detail/analog-devices-inc/LTC4282CUH-TRPBF/5461672,General Purpose,,3.5 mA,"I2C, OVP, UVLO",,No,1,0°C ~ 70°C,Current Limit,,,"Hot Swap Controller, Monitor",2.9V ~ 33V
LTC4282IUH#PBF,Analog Devices Inc.,IC HOT SWAP CTRLR GP 32QFN,linear-audio-amplifiers,0,0.0,32-WFQFN Exposed Pad,Surface Mount,Obsolete,https://www.analog.com/media/en/technical-documentation/data-sheets/ltc4282.pdf,https://www.digikey.com/en/products/detail/analog-devices-inc/LTC4282IUH-PBF/5471743,General Purpose,,3.5 mA,"I2C, OVP, UVLO",,No,1,-40°C ~ 85°C,Current Limit,,,"Hot Swap Controller, Monitor",2.9V ~ 33V
LTC4282IUH#TRPBF,Analog Devices Inc.,IC HOT SWAP CTRLR GP 32QFN,linear-audio-amplifiers,0,0.0,32-WFQFN Exposed Pad,Surface Mount,Obsolete,https://www.analog.com/media/en/technical-documentation/data-sheets/ltc4282.pdf,https://www.digikey.com/en/products/detail/analog-devices-inc/LTC4282IUH-TRPBF/5461673,General Purpose,,3.5 mA,"I2C, OVP, UVLO",,No,1,-40°C ~ 85°C,Current Limit,,,"Hot Swap Controller, Monitor",2.9V ~ 33V
LTC4282IUH#WPBF,Analog Devices Inc.,ANALOG,linear-audio-amplifiers,0,0.0,32-WFQFN Exposed Pad,Surface Mount,Obsolete,,https://www.digikey.com/en/products/detail/analog-devices-inc/LTC4282IUH-WPBF/21807547,General Purpose,,3.5 mA,"I2C, Fault Timeout, Latched Fault, OVP, SMBus, UVLO",Automotive,No,2,-40°C ~ 85°C,"Circuit Breaker, Current Limit, Fault Timeout, OVP, Slew Rate, UVLO",AEC-Q100,,"Hot Swap Controller, Monitor",2.9V ~ 33V
LTC4282IUH#WTRPBF,Analog Devices Inc.,ANALOG,linear-audio-amplifiers,0,0.0,32-WFQFN Exposed Pad,Surface Mount,Obsolete,,https://www.digikey.com/en/products/detail/analog-devices-inc/LTC4282IUH-WTRPBF/21807504,General Purpose,,3.5 mA,"I2C, Fault Timeout, Latched Fault, OVP, SMBus, UVLO",Automotive,No,2,-40°C ~ 85°C,"Circuit Breaker, Current Limit, Fault Timeout, OVP, Slew Rate, UVLO",AEC-Q100,,"Hot Swap Controller, Monitor",2.9V ~ 33V
LTC4283CUHF#PBF,Analog Devices Inc.,IC HOT SWAP CTRLR GP 38QFN,linear-audio-amplifiers,42,15.82,38-WFQFN Exposed Pad,Surface Mount,Active,https://www.analog.com/media/en/technical-documentation/data-sheets/LTC4283.pdf,https://www.digikey.com/en/products/detail/analog-devices-inc/LTC4283CUHF-PBF/10249605,General Purpose,,2.5 mA,"I2C, OVP, UVLO",,No,1,0°C ~ 70°C (TA),"Auto Retry, Current Limit, Fault Timeout, Latched Fault, OVP, UVLO",,,Hot Swap Controller,10.8V ~ 12V
LTC4283CUHF#TRPBF,Analog Devices Inc.,IC HOT SWAP CTRLR GP 38QFN,linear-audio-amplifiers,0,9.65387,38-WFQFN Exposed Pad,Surface Mount,Active,https://www.analog.com/media/en/technical-documentation/data-sheets/LTC4283.pdf,https://www.digikey.com/en/products/detail/analog-devices-inc/LTC4283CUHF-TRPBF/10257182,General Purpose,,2.5 mA,"I2C, OVP, UVLO",,No,1,0°C ~ 70°C (TA),"Auto Retry, Current Limit, Fault Timeout, Latched Fault, OVP, UVLO",,,Hot Swap Controller,10.8V ~ 12V
LTC4283HUHF#PBF,Analog Devices Inc.,IC HOT SWAP CTRLR GP 38QFN,linear-audio-amplifiers,0,24.88,38-WFQFN Exposed Pad,Surface Mount,Active,https://www.analog.com/media/en/technical-documentation/data-sheets/LTC4283.pdf,https://www.digikey.com/en/products/detail/analog-devices-inc/LTC4283HUHF-PBF/10249606,General Purpose,,2.5 mA,"I2C, OVP, UVLO",,No,1,-40°C ~ 125°C (TA),"Auto Retry, Current Limit, Fault Timeout, Latched Fault, OVP, UVLO",,,Hot Swap Controller,10.8V ~ 12V
LTC4283HUHF#TRPBF,Analog Devices Inc.,IC HOT SWAP CTRLR GP 38QFN,linear-audio-amplifiers,0,15.71928,38-WFQFN Exposed Pad,Surface Mount,Active,https://www.analog.com/media/en/technical-documentation/data-sheets/LTC4283.pdf,https://www.digikey.com/en/products/detail/analog-devices-inc/LTC4283HUHF-TRPBF/10257183,General Purpose,,2.5 mA,"I2C, OVP, UVLO",,No,1,-40°C ~ 125°C (TA),"Auto Retry, Current Limit, Fault Timeout, Latched Fault, OVP, UVLO",,,Hot Swap Controller,10.8V ~ 12V
LTC4283IUHF#PBF,Analog Devices Inc.,IC HOT SWAP CTRLR GP 38QFN,linear-audio-amplifiers,0,17.93,38-WFQFN Exposed Pad,Surface Mount,Active,https://www.analog.com/media/en/technical-documentation/data-sheets/LTC4283.pdf,https://www.digikey.com/en/products/detail/analog-devices-inc/LTC4283IUHF-PBF/10249607,General Purpose,,2.5 mA,"I2C, OVP, UVLO",,No,1,-40°C ~ 85°C (TA),"Auto Retry, Current Limit, Fault Timeout, Latched Fault, OVP, UVLO",,,Hot Swap Controller,10.8V ~ 12V
LTC4283IUHF#TRPBF,Analog Devices Inc.,IC HOT SWAP CTRLR GP 38QFN,linear-audio-amplifiers,0,11.04979,38-WFQFN Exposed Pad,Surface Mount,Active,https://www.analog.com/media/en/technical-documentation/data-sheets/LTC4283.pdf,https://www.digikey.com/en/products/detail/analog-devices-inc/LTC4283IUHF-TRPBF/10257184,General Purpose,,2.5 mA,"I2C, OVP, UVLO",,No,1,-40°C ~ 85°C (TA),"Auto Retry, Current Limit, Fault Timeout, Latched Fault, OVP, UVLO",,,Hot Swap Controller,10.8V ~ 12V
LTC4284CUHG#PBF,Analog Devices Inc.,IC HOT SWAP CTRLR TELECOM 44QFN,linear-audio-amplifiers,45,18.84,44-WFQFN Exposed Pad,Surface Mount,Active,https://www.analog.com/media/en/technical-documentation/data-sheets/LTC4284.pdf,https://www.digikey.com/en/products/detail/analog-devices-inc/LTC4284CUHG-PBF/9645685,Telecom,,2.5 mA,"I2C, OVP, UVLO",,No,1,0°C ~ 70°C,"Auto Retry, Current Limit, Fault Timeout, Latched Fault, OVP, UVLO",,,"Hot Swap Controller, Monitor",10.8V ~ 12V
LTC4284CUHG#TRPBF,Analog Devices Inc.,IC HOT SWAP CTRLR TELECOM 44QFN,linear-audio-amplifiers,0,11.65307,44-WFQFN Exposed Pad,Surface Mount,Active,https://www.analog.com/media/en/technical-documentation/data-sheets/LTC4284.pdf,https://www.digikey.com/en/products/detail/analog-devices-inc/LTC4284CUHG-TRPBF/9645762,Telecom,,2.5 mA,"I2C, OVP, UVLO",,No,1,0°C ~ 70°C,"Auto Retry, Current Limit, Fault Timeout, Latched Fault, OVP, UVLO",,,"Hot Swap Controller, Monitor",10.8V ~ 12V
LTC4284HUHG#PBF,Analog Devices Inc.,IC HOT SWAP CTRLR TELECOM 44QFN,linear-audio-amplifiers,0,23.81,44-WFQFN Exposed Pad,Surface Mount,Active,https://www.analog.com/media/en/technical-documentation/data-sheets/LTC4284.pdf,https://www.digikey.com/en/products/detail/analog-devices-inc/LTC4284HUHG-PBF/9645686,Telecom,,2.5 mA,"I2C, OVP, UVLO",,No,1,-40°C ~ 125°C,"Auto Retry, Current Limit, Fault Timeout, Latched Fault, OVP, UVLO",,,"Hot Swap Controller, Monitor",10.8V ~ 12V
LTC4284HUHG#TRPBF,Analog Devices Inc.,IC HOT SWAP CTRLR TELECOM 44QFN,linear-audio-amplifiers,0,14.99802,44-WFQFN Exposed Pad,Surface Mount,Active,https://www.analog.com/media/en/technical-documentation/data-sheets/LTC4284.pdf,https://www.digikey.com/en/products/detail/analog-devices-inc/LTC4284HUHG-TRPBF/9645763,Telecom,,2.5 mA,"I2C, OVP, UVLO",,No,1,-40°C ~ 125°C,"Auto Retry, Current Limit, Fault Timeout, Latched Fault, OVP, UVLO",,,"Hot Swap Controller, Monitor",10.8V ~ 12V
LTC4284IUHG#PBF,Analog Devices Inc.,IC HOT SWAP CTRLR TELECOM 44QFN,linear-audio-amplifiers,0,21.38,44-WFQFN Exposed Pad,Surface Mount,Active,https://www.analog.com/media/en/technical-documentation/data-sheets/LTC4284.pdf,https://www.digikey.com/en/products/detail/analog-devices-inc/LTC4284IUHG-PBF/9645687,Telecom,,2.5 mA,"I2C, OVP, UVLO",,No,1,-40°C ~ 85°C,"Auto Retry, Current Limit, Fault Timeout, Latched Fault, OVP, UVLO",,,"Hot Swap Controller, Monitor",10.8V ~ 12V
LTC4284IUHG#TRPBF,Analog Devices Inc.,IC HOT SWAP CTRLR TELECOM 44QFN,linear-audio-amplifiers,0,13.35366,44-WFQFN Exposed Pad,Surface Mount,Active,https://www.analog.com/media/en/technical-documentation/data-sheets/LTC4284.pdf,https://www.digikey.com/en/products/detail/analog-devices-inc/LTC4284IUHG-TRPBF/9645764,Telecom,,2.5 mA,"I2C, OVP, UVLO",,No,1,-40°C ~ 85°C,"Auto Retry, Current Limit, Fault Timeout, Latched Fault, OVP, UVLO",,,"Hot Swap Controller, Monitor",10.8V ~ 12V
LTC4286AUK#PBF,Analog Devices Inc.,"HIGH VOLTAGE, HIGH POWER, PMBUS",linear-audio-amplifiers,3386,19.4,"48-WFQFN Exposed Pad, 39 Leads",Surface Mount,Active,https://www.analog.com/media/en/technical-documentation/data-sheets/ltc4286.pdf,https://www.digikey.com/en/products/detail/analog-devices-inc/LTC4286AUK-PBF/17802186,General Purpose,,12 mA,"Auto Retry, Fault Timeout, Latched Fault, OVP, SMBus, UVLO",,,1,-40°C ~ 125°C,"Circuit Breaker, Current Limit, Fault Timeout, OVP, UVLO",,,Hot Swap Controller,8.5V ~ 80V
LTC4286AUK#TRPBF,Analog Devices Inc.,"HIGH VOLTAGE, HIGH POWER, PMBUS",linear-audio-amplifiers,0,19.4,"48-WFQFN Exposed Pad, 39 Leads",Surface Mount,Active,https://www.analog.com/media/en/technical-documentation/data-sheets/ltc4286.pdf,https://www.digikey.com/en/products/detail/analog-devices-inc/LTC4286AUK-TRPBF/17802189,General Purpose,,12 mA,"Auto Retry, Fault Timeout, Latched Fault, OVP, SMBus, UVLO",,,1,-40°C ~ 125°C,"Circuit Breaker, Current Limit, Fault Timeout, OVP, UVLO",,,Hot Swap Controller,8.5V ~ 80V
LTC4287AUK#PBF,Analog Devices Inc.,HIGH POWER POS HOT SWAP W/POWER,linear-audio-amplifiers,1378,28.51,"48-WFQFN Exposed Pad, 39 Leads",Surface Mount,Active,https://www.analog.com/media/en/technical-documentation/data-sheets/ltc4287.pdf,https://www.digikey.com/en/products/detail/analog-devices-inc/LTC4287AUK-PBF/21784925,General Purpose,,12 mA,"Auto Retry, Fault Timeout, I2C, Latched Fault, OVP, PMBus, SMBus, UVLO",,Yes,2,-40°C ~ 125°C,"Circuit Breaker, Current Limit, Fault Timeout, OVP, Slew Rate, UVLO",,,Hot Swap Controller,6.5V ~ 80V
LTC4350CGN,Analog Devices Inc.,IC CNTRLR HOTSWAP LOADSHAR16SSOP,linear-audio-amplifiers,0,0.0,"16-SSOP (0.154"", 3.90mm Width)",Surface Mount,Obsolete,https://www.analog.com/media/en/technical-documentation/data-sheets/4350fb.pdf,https://www.digikey.com/en/products/detail/analog-devices-inc/LTC4350CGN/455939,General Purpose,,1.6 mA,Latched Fault,,No,1,0°C ~ 70°C,"Fault Timeout, OVP, UVLO",,,"Hot Swap Controller, OR Controller",1.5V ~ 12V
LTC4350CGN#PBF,Analog Devices Inc.,IC HOT SWAP CTRLR GP 16SSOP,linear-audio-amplifiers,197,13.27,"16-SSOP (0.154"", 3.90mm Width)",Surface Mount,Active,https://www.analog.com/media/en/technical-documentation/data-sheets/4350fb.pdf,https://www.digikey.com/en/products/detail/analog-devices-inc/LTC4350CGN-PBF/890919,General Purpose,,1.6 mA,Latched Fault,,No,1,0°C ~ 70°C,"Fault Timeout, OVP, UVLO",,,"Hot Swap Controller, OR Controller",1.5V ~ 12V
LTC4350CGN#TR,Analog Devices Inc.,IC CNTRLR HOTSWAP LOADSHAR16SSOP,linear-audio-amplifiers,0,0.0,"16-SSOP (0.154"", 3.90mm Width)",Surface Mount,Obsolete,https://www.analog.com/media/en/technical-documentation/data-sheets/4350fb.pdf,https://www.digikey.com/en/products/detail/analog-devices-inc/LTC4350CGN-TR/456385,General Purpose,,1.6 mA,Latched Fault,,No,1,0°C ~ 70°C,"Fault Timeout, OVP, UVLO",,,"Hot Swap Controller, OR Controller",1.5V ~ 12V
LTC4350CGN#TRPBF,Analog Devices Inc.,IC HOT SWAP CTRLR GP 16SSOP,linear-audio-amplifiers,0,7.98588,"16-SSOP (0.154"", 3.90mm Width)",Surface Mount,Active,https://www.analog.com/media/en/technical-documentation/data-sheets/4350fb.pdf,https://www.digikey.com/en/products/detail/analog-devices-inc/LTC4350CGN-TRPBF/959617,General Purpose,,1.6 mA,Latched Fault,,No,1,0°C ~ 70°C,"Fault Timeout, OVP, UVLO",,,"Hot Swap Controller, OR Controller",1.5V ~ 12V
LTC4350IGN,Analog Devices Inc.,IC CNTRLR HOTSWAP LOADSHAR16SSOP,linear-audio-amplifiers,0,0.0,"16-SSOP (0.154"", 3.90mm Width)",Surface Mount,Discontinued at DigiKey,https://www.analog.com/media/en/technical-documentation/data-sheets/4350fb.pdf,https://www.digikey.com/en/products/detail/analog-devices-inc/LTC4350IGN/456566,General Purpose,,1.6 mA,Latched Fault,,No,1,-40°C ~ 85°C,"Fault Timeout, OVP, UVLO",,,"Hot Swap Controller, OR Controller",1.5V ~ 12V
LTC4350IGN#PBF,Analog Devices Inc.,IC HOT SWAP CTRLR GP 16SSOP,linear-audio-amplifiers,67,15.21,"16-SSOP (0.154"", 3.90mm Width)",Surface Mount,Active,https://www.analog.com/media/en/technical-documentation/data-sheets/4350fb.pdf,https://www.digikey.com/en/products/detail/analog-devices-inc/LTC4350IGN-PBF/961285,General Purpose,,1.6 mA,Latched Fault,,No,1,-40°C ~ 85°C,"Fault Timeout, OVP, UVLO",,,"Hot Swap Controller, OR Controller",1.5V ~ 12V
LTC4350IGN#TR,Analog Devices Inc.,IC CNTRLR HOTSWAP LOADSHAR16SSOP,linear-audio-amplifiers,0,0.0,"16-SSOP (0.154"", 3.90mm Width)",Surface Mount,Discontinued at DigiKey,https://www.analog.com/media/en/technical-documentation/data-sheets/4350fb.pdf,https://www.digikey.com/en/products/detail/analog-devices-inc/LTC4350IGN-TR/456386,General Purpose,,1.6 mA,Latched Fault,,No,1,-40°C ~ 85°C,"Fault Timeout, OVP, UVLO",,,"Hot Swap Controller, OR Controller",1.5V ~ 12V
LTC4350IGN#TRPBF,Analog Devices Inc.,IC HOT SWAP CTRLR GP 16SSOP,linear-audio-amplifiers,0,9.25073,"16-SSOP (0.154"", 3.90mm Width)",Surface Mount,Active,https://www.analog.com/media/en/technical-documentation/data-sheets/4350fb.pdf,https://www.digikey.com/en/products/detail/analog-devices-inc/LTC4350IGN-TRPBF/960802,General Purpose,,1.6 mA,Latched Fault,,No,1,-40°C ~ 85°C,"Fault Timeout, OVP, UVLO",,,"Hot Swap Controller, OR Controller",1.5V ~ 12V
LTC4360CSC8-1#PBF,Analog Devices Inc.,IC OVERVOLTAGE PROT CONT SC70-8,linear-audio-amplifiers,0,0.0,"8-VFSOP (0.049"", 1.25mm Width)",Surface Mount,Discontinued at DigiKey,https://www.analog.com/media/en/technical-documentation/data-sheets/LTC4360-1-4360-2.pdf,https://www.digikey.com/en/products/detail/analog-devices-inc/LTC4360CSC8-1-PBF/3901700,General Purpose,,,,,No,,0°C ~ 70°C,,,,Overvoltage Protection Controller,2.5V ~ 5.5V
LTC4360CSC8-2#PBF,Analog Devices Inc.,IC OVERVOLTAGE PROT CONT SC70-8,linear-audio-amplifiers,0,0.0,"8-VFSOP (0.049"", 1.25mm Width)",Surface Mount,Discontinued at DigiKey,https://www.analog.com/media/en/technical-documentation/data-sheets/LTC4360-1-4360-2.pdf,https://www.digikey.com/en/products/detail/analog-devices-inc/LTC4360CSC8-2-PBF/3901701,General Purpose,,,,,No,,0°C ~ 70°C,,,,Overvoltage Protection Controller,2.5V ~ 5.5V
LTC4360ISC8-1#PBF,Analog Devices Inc.,IC OVERVOLTAGE PROT CONT SC70-8,linear-audio-amplifiers,0,0.0,"8-VFSOP (0.049"", 1.25mm Width)",Surface Mount,Discontinued at DigiKey,https://www.analog.com/media/en/technical-documentation/data-sheets/LTC4360-1-4360-2.pdf,https://www.digikey.com/en/products/detail/analog-devices-inc/LTC4360ISC8-1-PBF/3901702,General Purpose,,,,,No,,-40°C ~ 85°C,,,,Overvoltage Protection Controller,2.5V ~ 5.5V
LTC4361CDC-1#PBF,Analog Devices Inc.,IC OVERVOLTAGE/CUR PROT,linear-audio-amplifiers,0,0.0,8-WFDFN Exposed Pad,Surface Mount,Discontinued at DigiKey,https://www.analog.com/media/en/technical-documentation/data-sheets/LTC4361-1-4361-2.pdf,https://www.digikey.com/en/products/detail/analog-devices-inc/LTC4361CDC-1-PBF/3901704,General Purpose,,,,,No,,0°C ~ 70°C,,,,Overvoltage and Overcurrent Controller,2.5V ~ 5.5V
LTC4361CDC-2#PBF,Analog Devices Inc.,IC OVERVOLTAGE/CUR PROT,linear-audio-amplifiers,0,0.0,8-WFDFN Exposed Pad,Surface Mount,Discontinued at DigiKey,https://www.analog.com/media/en/technical-documentation/data-sheets/LTC4361-1-4361-2.pdf,https://www.digikey.com/en/products/detail/analog-devices-inc/LTC4361CDC-2-PBF/3901705,General Purpose,,,,,No,,0°C ~ 70°C,,,,Overvoltage and Overcurrent Controller,2.5V ~ 5.5V
LTC4361IDC-1#PBF,Analog Devices Inc.,IC OVERVOLTAGE/CUR PROT,linear-audio-amplifiers,0,0.0,8-WFDFN Exposed Pad,Surface Mount,Discontinued at DigiKey,https://www.analog.com/media/en/technical-documentation/data-sheets/LTC4361-1-4361-2.pdf,https://www.digikey.com/en/products/detail/analog-devices-inc/LTC4361IDC-1-PBF/3901712,General Purpose,,,,,No,,-40°C ~ 85°C,,,,Overvoltage and Overcurrent Controller,2.5V ~ 5.5V
LTC4361IDC-2#PBF,Analog Devices Inc.,IC OVERVOLTAGE/CUR PROT,linear-audio-amplifiers,0,0.0,8-WFDFN Exposed Pad,Surface Mount,Discontinued at DigiKey,https://www.analog.com/media/en/technical-documentation/data-sheets/LTC4361-1-4361-2.pdf,https://www.digikey.com/en/products/detail/analog-devices-inc/LTC4361IDC-2-PBF/3901713,General Purpose,,,,,No,,-40°C ~ 85°C,,,,Overvoltage and Overcurrent Controller,2.5V ~ 5.5V
LTC4361ITS8-1#PBF,Analog Devices Inc.,IC OVERVOLTAGE/CUR PROT,linear-audio-amplifiers,0,0.0,"SOT-23-8 Thin, TSOT-23-8",Surface Mount,Discontinued at DigiKey,https://www.analog.com/media/en/technical-documentation/data-sheets/LTC4361-1-4361-2.pdf,https://www.digikey.com/en/products/detail/analog-devices-inc/LTC4361ITS8-1-PBF/3901714,General Purpose,,,,,No,,-40°C ~ 85°C,,,,Overvoltage and Overcurrent Controller,2.5V ~ 5.5V
LTC4361ITS8-2#PBF,Analog Devices Inc.,IC OVERVOLTAGE/CUR PROT,linear-audio-amplifiers,0,0.0,"SOT-23-8 Thin, TSOT-23-8",Surface Mount,Discontinued at DigiKey,https://www.analog.com/media/en/technical-documentation/data-sheets/LTC4361-1-4361-2.pdf,https://www.digikey.com/en/products/detail/analog-devices-inc/LTC4361ITS8-2-PBF/3901715,General Purpose,,,,,No,,-40°C ~ 85°C,,,,Overvoltage and Overcurrent Controller,2.5V ~ 5.5V
LTC4362CDCB-1#PBF,Analog Devices Inc.,IC OVP/OVC PROTECT LATCHOFF,linear-audio-amplifiers,0,0.0,8-WFDFN Exposed Pad,Surface Mount,Discontinued at DigiKey,https://www.analog.com/media/en/technical-documentation/data-sheets/LTC4362-1-4362-2.pdf,https://www.digikey.com/en/products/detail/analog-devices-inc/LTC4362CDCB-1-PBF/3901716,General Purpose,,,,,Yes,,0°C ~ 70°C,,,,Overvoltage and Overcurrent Switch,2.5V ~ 5.5V
LTC4362CDCB-2#PBF,Analog Devices Inc.,IC OVP/OVC PROTECT AUTORTRY,linear-audio-amplifiers,0,0.0,8-WFDFN Exposed Pad,Surface Mount,Discontinued at DigiKey,https://www.analog.com/media/en/technical-documentation/data-sheets/LTC4362-1-4362-2.pdf,https://www.digikey.com/en/products/detail/analog-devices-inc/LTC4362CDCB-2-PBF/3901717,General Purpose,,,,,Yes,,0°C ~ 70°C,,,,Overvoltage and Overcurrent Switch,2.5V ~ 5.5V
LTC4362IDCB-1#PBF,Analog Devices Inc.,IC OVP/OVC PROTECT LATCHOFF,linear-audio-amplifiers,0,0.0,8-WFDFN Exposed Pad,Surface Mount,Discontinued at DigiKey,https://www.analog.com/media/en/technical-documentation/data-sheets/LTC4362-1-4362-2.pdf,https://www.digikey.com/en/products/detail/analog-devices-inc/LTC4362IDCB-1-PBF/3901718,General Purpose,,,,,Yes,,-40°C ~ 85°C,,,,Overvoltage and Overcurrent Switch,2.5V ~ 5.5V
LTC4362IDCB-2#PBF,Analog Devices Inc.,IC OVP/OVC PROTECT AUTORTRY,linear-audio-amplifiers,0,0.0,8-WFDFN Exposed Pad,Surface Mount,Discontinued at DigiKey,https://www.analog.com/media/en/technical-documentation/data-sheets/LTC4362-1-4362-2.pdf,https://www.digikey.com/en/products/detail/analog-devices-inc/LTC4362IDCB-2-PBF/3901719,General Purpose,,,,,Yes,,-40°C ~ 85°C,,,,Overvoltage and Overcurrent Switch,2.5V ~ 5.5V
LTM9100CY#PBF,Analog Devices Inc.,IC HOT SWAP CTRLR GP 42BGA,linear-audio-amplifiers,4,55.13,42-BBGA,Surface Mount,Active,,https://www.digikey.com/en/products/detail/analog-devices-inc/LTM9100CY-PBF/6823446,General Purpose,,50 mA,,,No,1,0°C ~ 70°C,Current Limit,,Anyside™,Hot Swap Controller,4.5V ~ 5.5V
LTM9100HY#PBF,Analog Devices Inc.,IC HOT SWAP CTRLR GP 42BGA,linear-audio-amplifiers,169,65.68,42-BBGA,Surface Mount,Active,,https://www.digikey.com/en/products/detail/analog-devices-inc/LTM9100HY-PBF/6823447,General Purpose,,50 mA,,,No,1,-40°C ~ 105°C,Current Limit,,Anyside™,Hot Swap Controller,4.5V ~ 5.5V
LTM9100IY#PBF,Analog Devices Inc.,IC HOT SWAP CTRLR GP 42BGA,linear-audio-amplifiers,0,60.21,42-BBGA,Surface Mount,Active,,https://www.digikey.com/en/products/detail/analog-devices-inc/LTM9100IY-PBF/6823448,General Purpose,,50 mA,,,No,1,-40°C ~ 85°C,Current Limit,,Anyside™,Hot Swap Controller,4.5V ~ 5.5V
LX8237ILQ-TR,Microchip Technology,IC HOT SWAP CTRLR GP 24QFN,linear-audio-amplifiers,0,2.6026,24-VFQFN Exposed Pad,Surface Mount,Active,https://www.digikey.com//mm.digikey.com/Volume0/opasdata/d220001/medias/docus/1862/LX8237_rev_10b.pdf,https://www.digikey.com/en/products/detail/microchip-technology/LX8237ILQ-TR/6154702,General Purpose,3.5A,,I2C,,Yes,2,-40°C ~ 85°C,,,,"Hot Swap Controller, Monitor","5V, 12V"
MAX15068ATP+,Analog Devices Inc./Maxim Integrated,IC HOT SWAP CTRLR GP 20TQFN,linear-audio-amplifiers,310,9.36,20-WFQFN Exposed Pad,Surface Mount,Active,https://www.analog.com/media/en/technical-documentation/data-sheets/max15068.pdf,https://www.digikey.com/en/products/detail/analog-devices-inc-maxim-integrated/MAX15068ATP/4438065,General Purpose,,4 mA,Auto Retry,,No,1,-40°C ~ 125°C,"Circuit Breaker, Current Limit, Slew Rate, UVLO",,,"Hot Swap Controller, OR Controller",3.7V ~ 18V
MAX15068ATP+G2Z,Analog Devices Inc./Maxim Integrated,IC HOT SWAP CTRLR GP 20TQFN,linear-audio-amplifiers,0,0.0,20-WFQFN Exposed Pad,Surface Mount,Obsolete,,https://www.digikey.com/en/products/detail/analog-devices-inc-maxim-integrated/MAX15068ATP-G2Z/4438066,General Purpose,,4 mA,Auto Retry,,No,1,-40°C ~ 125°C,"Circuit Breaker, Current Limit, Slew Rate, UVLO",,,"Hot Swap Controller, OR Controller",3.7V ~ 18V
MAX15068ATP+T,Analog Devices Inc./Maxim Integrated,IC HOT SWAP CTRLR GP 20TQFN,linear-audio-amplifiers,0,6.1138,20-WFQFN Exposed Pad,Surface Mount,Active,https://www.analog.com/media/en/technical-documentation/data-sheets/max15068.pdf,https://www.digikey.com/en/products/detail/analog-devices-inc-maxim-integrated/MAX15068ATP-T/4438044,General Purpose,,4 mA,Auto Retry,,No,1,-40°C ~ 125°C,"Circuit Breaker, Current Limit, Slew Rate, UVLO",,,"Hot Swap Controller, OR Controller",3.7V ~ 18V
MAX15068ATP+TG2Z,Analog Devices Inc./Maxim Integrated,IC HOT SWAP CTRLR GP 20TQFN,linear-audio-amplifiers,0,7.125,20-WFQFN Exposed Pad,Surface Mount,Obsolete,,https://www.digikey.com/en/products/detail/analog-devices-inc-maxim-integrated/MAX15068ATP-TG2Z/4438045,General Purpose,,4 mA,Auto Retry,,No,1,-40°C ~ 125°C,"Circuit Breaker, Current Limit, Slew Rate, UVLO",,,"Hot Swap Controller, OR Controller",3.7V ~ 18V
MAX15090AEWI+T,Analog Devices Inc./Maxim Integrated,IC HOT SWAP CTRLR GP 28WLP,linear-audio-amplifiers,0,0.0,"28-WFBGA, WLBGA",Surface Mount,Discontinued at DigiKey,,https://www.digikey.com/en/products/detail/analog-devices-inc-maxim-integrated/MAX15090AEWI-T/3829055,General Purpose,12A,500 µA,"Auto Retry, Thermal Limit",,Yes,1,-40°C ~ 85°C,"Circuit Breaker, Current Limit, Fault Timeout, OVP, Slew Rate, UVLO",,VariableSpeed/BiLevel™,Hot Swap Controller,2.7V ~ 18V
MAX15090BEWI+T,Analog Devices Inc./Maxim Integrated,IC HOT SWAP CTRLR GP 28WLP,linear-audio-amplifiers,2574,15.31,"28-WFBGA, WLBGA",Surface Mount,Active,https://www.analog.com/media/en/technical-documentation/data-sheets/MAX15090-MAX15090A.pdf,https://www.digikey.com/en/products/detail/analog-devices-inc-maxim-integrated/MAX15090BEWI-T/5396569,General Purpose,12A,500 µA,"Latched Fault, Thermal Limit",,Yes,1,-40°C ~ 85°C,"Circuit Breaker, Current Limit, Fault Timeout, OVP, Slew Rate, UVLO",,VariableSpeed/BiLevel™,Hot Swap Controller,2.7V ~ 18V
MAX15090CEWI+T,Analog Devices Inc./Maxim Integrated,IC HOT SWAP CTRLR GP 28WLP,linear-audio-amplifiers,2427,14.86,"28-WFBGA, WLBGA",Surface Mount,Active,https://www.analog.com/media/en/technical-documentation/data-sheets/MAX15090-MAX15090A.pdf,https://www.digikey.com/en/products/detail/analog-devices-inc-maxim-integrated/MAX15090CEWI-T/5396570,General Purpose,12A,500 µA,"Auto Retry, Thermal Limit",,Yes,1,-40°C ~ 85°C,"Circuit Breaker, Current Limit, Fault Timeout, OVP, Slew Rate, UVLO",,VariableSpeed/BiLevel™,Hot Swap Controller,2.7V ~ 18V
MAX15090EWI+T,Analog Devices Inc./Maxim Integrated,IC HOT SWAP CTRLR GP 28WLP,linear-audio-amplifiers,0,0.0,"28-WFBGA, WLBGA",Surface Mount,Discontinued at DigiKey,,https://www.digikey.com/en/products/detail/analog-devices-inc-maxim-integrated/MAX15090EWI-T/3829057,General Purpose,12A,500 µA,"Latched Fault, Thermal Limit",,Yes,1,-40°C ~ 85°C,"Circuit Breaker, Current Limit, Fault Timeout, OVP, Slew Rate, UVLO",,VariableSpeed/BiLevel™,Hot Swap Controller,2.7V ~ 18V
MAX15090EWI+TW,Analog Devices Inc./Maxim Integrated,"2.7V TO 18V, 12A HOTSWAP WITH IN",linear-audio-amplifiers,0,0.0,"28-WFBGA, WLBGA",Surface Mount,Discontinued at DigiKey,,https://www.digikey.com/en/products/detail/analog-devices-inc-maxim-integrated/MAX15090EWI-TW/11484036,General Purpose,12A,500 µA,"Latched Fault, Thermal Limit",,Yes,1,-40°C ~ 85°C,"Circuit Breaker, Current Limit, Fault Timeout, OVP, Slew Rate, UVLO",,,Hot Swap Controller,2.7V ~ 18V
MAX15091AETI+,Analog Devices Inc./Maxim Integrated,IC CTRLR HOTSWAP 2.7V-18V 28TQFN,linear-audio-amplifiers,0,12.67,28-WFQFN Exposed Pad,Surface Mount,Active,https://www.analog.com/media/en/technical-documentation/data-sheets/MAX15091-MAX15091A.pdf,https://www.digikey.com/en/products/detail/analog-devices-inc-maxim-integrated/MAX15091AETI/10266654,General Purpose,9A,400 µA,"Auto Retry, Thermal Limit",,Yes,1,-40°C ~ 85°C,"Circuit Breaker, Current Limit, Fault Timeout, OVP, Slew Rate, UVLO",,,Hot Swap Controller,2.7V ~ 18V
MAX15091AETI+T,Analog Devices Inc./Maxim Integrated,IC HOT SWAP CTRLR GP 28TQFN,linear-audio-amplifiers,0,7.37391,28-WFQFN Exposed Pad,Surface Mount,Active,https://www.analog.com/media/en/technical-documentation/data-sheets/MAX15091-MAX15091A.pdf,https://www.digikey.com/en/products/detail/analog-devices-inc-maxim-integrated/MAX15091AETI-T/5086352,General Purpose,9A,400 µA,"Auto Retry, Thermal Limit",,Yes,1,-40°C ~ 85°C,"Circuit Breaker, Current Limit, Fault Timeout, OVP, Slew Rate, UVLO",,,Hot Swap Controller,2.7V ~ 18V
MAX15091ETI+,Analog Devices Inc./Maxim Integrated,IC HOT SWAP CTRLR GP 28TQFN,linear-audio-amplifiers,59,12.02,28-WFQFN Exposed Pad,Surface Mount,Active,https://www.analog.com/media/en/technical-documentation/data-sheets/MAX15091-MAX15091A.pdf,https://www.digikey.com/en/products/detail/analog-devices-inc-maxim-integrated/MAX15091ETI/5086482,General Purpose,9A,400 µA,"Auto Retry, Thermal Limit",,Yes,1,-40°C ~ 85°C,"Circuit Breaker, Current Limit, Fault Timeout, OVP, Slew Rate, UVLO",,,Hot Swap Controller,2.7V ~ 18V
MAX15091ETI+T,Analog Devices Inc./Maxim Integrated,IC HOT SWAP CTRLR GP 28TQFN,linear-audio-amplifiers,0,6.96808,28-WFQFN Exposed Pad,Surface Mount,Active,https://www.analog.com/media/en/technical-documentation/data-sheets/MAX15091-MAX15091A.pdf,https://www.digikey.com/en/products/detail/analog-devices-inc-maxim-integrated/MAX15091ETI-T/5086353,General Purpose,9A,400 µA,"Auto Retry, Thermal Limit",,Yes,1,-40°C ~ 85°C,"Circuit Breaker, Current Limit, Fault Timeout, OVP, Slew Rate, UVLO",,,Hot Swap Controller,2.7V ~ 18V
MAX15093AGWL+,Analog Devices Inc./Maxim Integrated,15A EFUSE WITH INTEGRATED FET,linear-audio-amplifiers,0,0.0,"40-WFBGA, WLBGA",Surface Mount,Discontinued at DigiKey,,https://www.digikey.com/en/products/detail/analog-devices-inc-maxim-integrated/MAX15093AGWL/10672157,General Purpose,15A,5.7 mA,"Auto Retry, Fault Timeout, Latched Fault",,Yes,1,-40°C ~ 105°C,"Circuit Breaker, Current Limit, Fault Timeout, OVP, Slew Rate, UVLO",,,Hot Swap Controller,2.7V ~ 18V
MAX15093AGWL+T,Analog Devices Inc./Maxim Integrated,15A EFUSE WITH INTEGRATED FET AN,linear-audio-amplifiers,1500,9.94,"40-WFBGA, WLBGA",Surface Mount,Active,https://www.analog.com/media/en/technical-documentation/data-sheets/MAX15093-MAX15093A.pdf,https://www.digikey.com/en/products/detail/analog-devices-inc-maxim-integrated/MAX15093AGWL-T/7515957,,,,,,,,,,,*,,
MAX15093GWL+,Analog Devices Inc./Maxim Integrated,15A EFUSE WITH INTEGRATED FET,linear-audio-amplifiers,0,0.0,"40-WFBGA, WLBGA",Surface Mount,Discontinued at DigiKey,https://www.analog.com/media/en/technical-documentation/data-sheets/MAX15093-MAX15093A.pdf,https://www.digikey.com/en/products/detail/analog-devices-inc-maxim-integrated/MAX15093GWL/10672164,General Purpose,15A,5.7 mA,"Auto Retry, Fault Timeout, Latched Fault",,Yes,1,-40°C ~ 105°C,"Circuit Breaker, Current Limit, Fault Timeout, OVP, Slew Rate, UVLO",,,Hot Swap Controller,2.7V ~ 18V
MAX15093GWL+T,Analog Devices Inc./Maxim Integrated,15A EFUSE WITH INTEGRATED FET,linear-audio-amplifiers,1277,9.94,"40-WFBGA, WLBGA",Surface Mount,Active,https://www.analog.com/media/en/technical-documentation/data-sheets/MAX15093-MAX15093A.pdf,https://www.digikey.com/en/products/detail/analog-devices-inc-maxim-integrated/MAX15093GWL-T/7515958,General Purpose,15A,5.7 mA,"Auto Retry, Fault Timeout, Latched Fault",,Yes,1,-40°C ~ 105°C,"Circuit Breaker, Current Limit, Fault Timeout, OVP, Slew Rate, UVLO",,,Hot Swap Controller,2.7V ~ 18V
MAX15095AGFC+,Analog Devices Inc./Maxim Integrated,6A HOTSWAP,linear-audio-amplifiers,0,0.0,12-UFQFN,Surface Mount,Discontinued at DigiKey,,https://www.digikey.com/en/products/detail/analog-devices-inc-maxim-integrated/MAX15095AGFC/10672163,General Purpose,7.2A,580 µA,"Auto Retry, Fault Timeout, Latched Fault",,Yes,1,-40°C ~ 105°C,"Circuit Breaker, Current Limit, Fault Timeout, OVP, Slew Rate, UVLO",,,Hot Swap Controller,2.7V ~ 18V
MAX15095AGFC+T,Analog Devices Inc./Maxim Integrated,6A HOTSWAP,linear-audio-amplifiers,2480,8.05,12-UFQFN,Surface Mount,Active,https://www.analog.com/media/en/technical-documentation/data-sheets/MAX15095-MAX15095D.pdf,https://www.digikey.com/en/products/detail/analog-devices-inc-maxim-integrated/MAX15095AGFC-T/12460761,General Purpose,7.2A,580 µA,"Auto Retry, Fault Timeout, Latched Fault",,Yes,1,-40°C ~ 105°C (TA),"Circuit Breaker, Current Limit, Fault Timeout, OVP, Slew Rate, UVLO",,,Hot Swap Controller,2.7V ~ 18V
MAX15095DGFC+,Analog Devices Inc./Maxim Integrated,6A HOTSWAP,linear-audio-amplifiers,0,0.0,12-UFQFN,Surface Mount,Discontinued at DigiKey,https://www.analog.com/media/en/technical-documentation/data-sheets/MAX15095-MAX15095D.pdf,https://www.digikey.com/en/products/detail/analog-devices-inc-maxim-integrated/MAX15095DGFC/10672158,General Purpose,7.2A,590 µA,"Auto Retry, Fault Timeout, Latched Fault",,Yes,1,-40°C ~ 105°C,"Circuit Breaker, Current Limit, Fault Timeout, OVP, Slew Rate, UVLO",,,Hot Swap Controller,2.7V ~ 18V
MAX15095DGFC+T,Analog Devices Inc./Maxim Integrated,6A HOT SWAP,linear-audio-amplifiers,0,5.1744,12-UFQFN,Surface Mount,Active,https://www.analog.com/media/en/technical-documentation/data-sheets/MAX15095-MAX15095D.pdf,https://www.digikey.com/en/products/detail/analog-devices-inc-maxim-integrated/MAX15095DGFC-T/12460891,General Purpose,7.2A,580 µA,"Auto Retry, Fault Timeout, Latched Fault",,Yes,1,-40°C ~ 105°C (TA),"Circuit Breaker, Current Limit, Fault Timeout, OVP, Slew Rate, UVLO",,,Hot Swap Controller,2.7V ~ 18V
MAX15095GFC+,Analog Devices Inc./Maxim Integrated,6A HOTSWAP,linear-audio-amplifiers,0,0.0,12-UFQFN,Surface Mount,Discontinued at DigiKey,,https://www.digikey.com/en/products/detail/analog-devices-inc-maxim-integrated/MAX15095GFC/10672170,General Purpose,7.2A,580 µA,"Auto Retry, Fault Timeout, Latched Fault",,Yes,1,-40°C ~ 105°C,"Circuit Breaker, Current Limit, Fault Timeout, OVP, Slew Rate, UVLO",,,Hot Swap Controller,2.7V ~ 18V
MAX15095GFC+T,Analog Devices Inc./Maxim Integrated,6A HOTSWAP,linear-audio-amplifiers,0,5.1744,12-UFQFN,Surface Mount,Active,https://www.analog.com/media/en/technical-documentation/data-sheets/MAX15095-MAX15095D.pdf,https://www.digikey.com/en/products/detail/analog-devices-inc-maxim-integrated/MAX15095GFC-T/12460763,General Purpose,7.2A,580 µA,"Auto Retry, Fault Timeout, Latched Fault",,Yes,1,-40°C ~ 105°C (TA),"Circuit Breaker, Current Limit, Fault Timeout, OVP, Slew Rate, UVLO",,,Hot Swap Controller,2.7V ~ 18V
MAX15096AEWE+,Analog Devices Inc./Maxim Integrated,IC HOT SWAP CONTROLLER,linear-audio-amplifiers,0,0.0,-,-,Obsolete,,https://www.digikey.com/en/products/detail/analog-devices-inc-maxim-integrated/MAX15096AEWE/11192921,,,,,,,,,,,*,,
MAX15096AEWE+T,Analog Devices Inc./Maxim Integrated,IC HOT SWAP CONTROLLER,linear-audio-amplifiers,0,0.0,-,-,Obsolete,,https://www.digikey.com/en/products/detail/analog-devices-inc-maxim-integrated/MAX15096AEWE-T/11192941,,,,,,,,,,,*,,
MAX15096AGWE+,Analog Devices Inc./Maxim Integrated,IC HOT SWAP CONTROLLER 16WLP,linear-audio-amplifiers,0,0.0,-,-,Discontinued at DigiKey,,https://www.digikey.com/en/products/detail/analog-devices-inc-maxim-integrated/MAX15096AGWE/11192420,,,,,,,,,,,*,,
MAX15096AGWE+T,Analog Devices Inc./Maxim Integrated,IC HOT SWAP CONTROLLER 16WLP,linear-audio-amplifiers,1154,4.7,"16-WFBGA, WLBGA",Surface Mount,Active,https://www.analog.com/media/en/technical-documentation/data-sheets/MAX15096-MAX15096A.pdf,https://www.digikey.com/en/products/detail/analog-devices-inc-maxim-integrated/MAX15096AGWE-T/11192419,General Purpose,6A,580 µA,"Fault Timeout, Latched Fault, UVLO",,Yes,1,-40°C ~ 105°C (TA),"Circuit Breaker, Current Limit, OVP, Slew Rate, UVLO",,,Hot Swap Controller,2.7V ~ 18V
MAX15096DGWE+T,Analog Devices Inc./Maxim Integrated,IC HOT SWAP CTRLR GP 16WLP,linear-audio-amplifiers,0,2.5872,"16-WFBGA, WLBGA",Surface Mount,Active,https://www.analog.com/media/en/technical-documentation/data-sheets/MAX15096-MAX15096A.pdf,https://www.digikey.com/en/products/detail/analog-devices-inc-maxim-integrated/MAX15096DGWE-T/5880627,General Purpose,6A,580 µA,"Auto Retry, Fault Timeout, Latched Fault",,Yes,1,-40°C ~ 105°C,"Circuit Breaker, Current Limit, OVP, Slew Rate, UVLO",,,Hot Swap Controller,2.7V ~ 18V
MAX15096EWE+T,Analog Devices Inc./Maxim Integrated,IC HOT SWAP CONTROLLER,linear-audio-amplifiers,0,0.0,-,-,Obsolete,,https://www.digikey.com/en/products/detail/analog-devices-inc-maxim-integrated/MAX15096EWE-T/11192433,,,,,,,,,,,*,,
MAX15096GWE+T,Analog Devices Inc./Maxim Integrated,IC HOT SWAP CTRLR GP 16WLP,linear-audio-amplifiers,4284,4.1,"16-WFBGA, WLBGA",Surface Mount,Active,https://www.analog.com/media/en/technical-documentation/data-sheets/MAX15096-MAX15096A.pdf,https://www.digikey.com/en/products/detail/analog-devices-inc-maxim-integrated/MAX15096GWE-T/8571186,General Purpose,6A,580 µA,"Auto Retry, Fault Timeout, Latched Fault",,Yes,1,-40°C ~ 105°C,"Circuit Breaker, Current Limit, OVP, Slew Rate, UVLO",,,Hot Swap Controller,2.7V ~ 18V
MAX16550BGPN+T,Analog Devices Inc./Maxim Integrated,"30A, 10.8-13.2V INTEGRATED PROTE",linear-audio-amplifiers,0,10.5336,18-VFQFN,Surface Mount,Active,https://www.analog.com/media/en/technical-documentation/data-sheets/MAX16550A-MAX16550B.pdf,https://www.digikey.com/en/products/detail/analog-devices-inc-maxim-integrated/MAX16550BGPN-T/21413245,Networking,30A,,"Latched Fault, OVP, PMBus, SMBus, UVLO",,Yes,1,0°C ~ 125°C (TJ),"Circuit Breaker, Current Limit, Fault Timeout, OVP, UVLO",,,"Hot Swap Controller, Monitor",10.8V ~ 13.2V
MAX16550CGPN+T,Analog Devices Inc./Maxim Integrated,"30A, 10.8-13.2V INTEGRATED PROTE",linear-audio-amplifiers,0,10.5336,18-VFQFN,Surface Mount,Active,https://www.analog.com/media/en/technical-documentation/data-sheets/MAX16550.pdf,https://www.digikey.com/en/products/detail/analog-devices-inc-maxim-integrated/MAX16550CGPN-T/21411992,Networking,30A,,"Latched Fault, OVP, PMBus, SMBus, UVLO",,Yes,1,0°C ~ 125°C (TJ),"Circuit Breaker, Current Limit, Fault Timeout, OVP, UVLO",,,"Hot Swap Controller, Monitor",10.8V ~ 13.2V
MAX34561T+,Analog Devices Inc./Maxim Integrated,IC HOT PLUG CTRLR PCI EXP 24TQFN,linear-audio-amplifiers,0,4.8664,24-WFQFN Exposed Pad,Surface Mount,Active,https://www.analog.com/media/en/technical-documentation/data-sheets/MAX34561.pdf,https://www.digikey.com/en/products/detail/analog-devices-inc-maxim-integrated/MAX34561T/2754402,PCI Express®,"2A, 3A",,"OVP, Thermal Limit, UVLO",,Yes,2,-40°C ~ 85°C,"Auto Retry, Current Limit, Fault Timeout, Latched Fault, Slew Rate",,,Hot Plug Controller,"4V ~ 5.5V, 9V ~ 13.2V"
MAX34561T+T,Analog Devices Inc./Maxim Integrated,IC HOT PLUG CTRLR PCI EXP 24TQFN,linear-audio-amplifiers,0,4.8664,24-WFQFN Exposed Pad,Surface Mount,Active,https://www.analog.com/media/en/technical-documentation/data-sheets/MAX34561.pdf,https://www.digikey.com/en/products/detail/analog-devices-inc-maxim-integrated/MAX34561T-T/3516887,PCI Express®,"2A, 3A",,"OVP, Thermal Limit, UVLO",,Yes,2,-40°C ~ 85°C,"Auto Retry, Current Limit, Fault Timeout, Latched Fault, Slew Rate",,,Hot Plug Controller,"4V ~ 5.5V, 9V ~ 13.2V"
MAX34565ETB+,Analog Devices Inc./Maxim Integrated,IC HOT SWAP CTRLR PCI EXP 10TDFN,linear-audio-amplifiers,89,3.31,10-WFDFN Exposed Pad,Surface Mount,Active,https://www.analog.com/media/en/technical-documentation/data-sheets/MAX34565.pdf,https://www.digikey.com/en/products/detail/analog-devices-inc-maxim-integrated/MAX34565ETB/3045810,PCI Express®,3.6A,1.6 mA,"Latched Fault, OVP, Thermal Limit, UVLO",,Yes,1,-40°C ~ 150°C,"Current Limit, Slew Rate",,,Hot Swap Controller,9V ~ 13.2V
MAX34565ETB+T,Analog Devices Inc./Maxim Integrated,IC HOT SWAP CTRLR PCI EXP 10TDFN,linear-audio-amplifiers,4695,3.31,10-WFDFN Exposed Pad,Surface Mount,Active,https://www.analog.com/media/en/technical-documentation/data-sheets/MAX34565.pdf,https://www.digikey.com/en/products/detail/analog-devices-inc-maxim-integrated/MAX34565ETB-T/3045792,PCI Express®,3.6A,1.6 mA,"Latched Fault, OVP, Thermal Limit, UVLO",,Yes,1,-40°C ~ 150°C,"Current Limit, Slew Rate",,,Hot Swap Controller,9V ~ 13.2V
MAX4271ESA+,Analog Devices Inc./Maxim Integrated,IC HOT SWAP CTRLR GP 8SOIC,linear-audio-amplifiers,242,9.98,"8-SOIC (0.154"", 3.90mm Width)",Surface Mount,Active,https://www.analog.com/media/en/technical-documentation/data-sheets/max4271-max4273.pdf,https://www.digikey.com/en/products/detail/analog-devices-inc-maxim-integrated/MAX4271ESA/1702170,General Purpose,,600 µA,"Latched Fault, OVP, UVLO",,No,1,-40°C ~ 85°C,"Circuit Breaker, Current Limit, Fault Timeout",,DualSpeed/BiLevel™,Hot Swap Controller,2.7V ~ 13.2V
MAX4271ESA+T,Analog Devices Inc./Maxim Integrated,IC HOT SWAP CTRLR GP 8SOIC,linear-audio-amplifiers,1413,9.98,"8-SOIC (0.154"", 3.90mm Width)",Surface Mount,Active,https://www.analog.com/media/en/technical-documentation/data-sheets/max4271-max4273.pdf,https://www.digikey.com/en/products/detail/analog-devices-inc-maxim-integrated/MAX4271ESA-T/1704036,General Purpose,,600 µA,"Latched Fault, OVP, UVLO",,No,1,-40°C ~ 85°C,"Circuit Breaker, Current Limit, Fault Timeout",,DualSpeed/BiLevel™,Hot Swap Controller,2.7V ~ 13.2V
MAX4271ESA-T,Analog Devices Inc./Maxim Integrated,HOT SWAP CONTROLLER,linear-audio-amplifiers,0,0.0,"8-SOIC (0.154"", 3.90mm Width)",Surface Mount,Active,https://rocelec.widen.net/view/pdf/5dsoti7zdd/MAXMS08181-1.pdf?t.download=true&u=5oefqw,https://www.digikey.com/en/products/detail/rochester-electronics-llc/MAX4271ESA-T/12094512,General Purpose,,600 µA,"Fault Timeout, Latched Fault, OVP, UVLO",,No,1,-40°C ~ 85°C (TA),"Circuit Breaker, Current Limit, Fault Timeout, Latched Fault, OVP, UVLO",,,Hot Swap Controller,2.7V ~ 13.2V
MAX4272ESA+,Analog Devices Inc./Maxim Integrated,IC HOT SWAP CTRLR GP 8SOIC,linear-audio-amplifiers,34,9.98,"8-SOIC (0.154"", 3.90mm Width)",Surface Mount,Active,https://www.analog.com/media/en/technical-documentation/data-sheets/max4271-max4273.pdf,https://www.digikey.com/en/products/detail/analog-devices-inc-maxim-integrated/MAX4272ESA/1702174,General Purpose,,600 µA,"Auto Retry, OVP, UVLO",,No,1,-40°C ~ 85°C,"Circuit Breaker, Current Limit, Fault Timeout",,DualSpeed/BiLevel™,Hot Swap Controller,2.7V ~ 13.2V
MAX4272ESA+T,Analog Devices Inc./Maxim Integrated,IC HOT SWAP CTRLR GP 8SOIC,linear-audio-amplifiers,2506,9.98,"8-SOIC (0.154"", 3.90mm Width)",Surface Mount,Active,https://www.analog.com/media/en/technical-documentation/data-sheets/max4271-max4273.pdf,https://www.digikey.com/en/products/detail/analog-devices-inc-maxim-integrated/MAX4272ESA-T/1704020,General Purpose,,600 µA,"Auto Retry, OVP, UVLO",,No,1,-40°C ~ 85°C,"Circuit Breaker, Current Limit, Fault Timeout",,DualSpeed/BiLevel™,Hot Swap Controller,2.7V ~ 13.2V
MAX4273EEE,Analog Devices Inc./Maxim Integrated,IC HOT SWAP CTRLR GP 16QSOP,linear-audio-amplifiers,0,3.375,"16-SSOP (0.154"", 3.90mm Width)",Surface Mount,Obsolete,https://www.analog.com/media/en/technical-documentation/data-sheets/max4271-max4273.pdf,https://www.digikey.com/en/products/detail/analog-devices-inc-maxim-integrated/MAX4273EEE/471256,General Purpose,,600 µA,"OVP, UVLO",,No,1,-40°C ~ 85°C,"Auto Retry, Circuit Breaker, Current Limit, Fault Timeout, Latched Fault",,,Hot Swap Controller,2.7V ~ 13.2V
MAX4273EEE+,Analog Devices Inc./Maxim Integrated,IC HOT SWAP CTRLR GP 16QSOP,linear-audio-amplifiers,873,11.46,"16-SSOP (0.154"", 3.90mm Width)",Surface Mount,Active,https://www.analog.com/media/en/technical-documentation/data-sheets/max4271-max4273.pdf,https://www.digikey.com/en/products/detail/analog-devices-inc-maxim-integrated/MAX4273EEE/1702175,General Purpose,,600 µA,"OVP, UVLO",,No,1,-40°C ~ 85°C,"Auto Retry, Circuit Breaker, Current Limit, Fault Timeout, Latched Fault",,,Hot Swap Controller,2.7V ~ 13.2V
MAX4273EEE+T,Analog Devices Inc./Maxim Integrated,IC HOT SWAP CTRLR GP 16QSOP,linear-audio-amplifiers,0,7.6384,"16-SSOP (0.154"", 3.90mm Width)",Surface Mount,Active,https://www.analog.com/media/en/technical-documentation/data-sheets/max4271-max4273.pdf,https://www.digikey.com/en/products/detail/analog-devices-inc-maxim-integrated/MAX4273EEE-T/1704014,General Purpose,,600 µA,"OVP, UVLO",,No,1,-40°C ~ 85°C,"Auto Retry, Circuit Breaker, Current Limit, Fault Timeout, Latched Fault",,,Hot Swap Controller,2.7V ~ 13.2V
MAX4273ESE,Analog Devices Inc./Maxim Integrated,IC HOT SWAP CTRLR GP 16SOIC,linear-audio-amplifiers,0,3.25,"16-SOIC (0.154"", 3.90mm Width)",Surface Mount,Obsolete,https://www.analog.com/media/en/technical-documentation/data-sheets/max4271-max4273.pdf,https://www.digikey.com/en/products/detail/analog-devices-inc-maxim-integrated/MAX4273ESE/471257,General Purpose,,600 µA,"OVP, UVLO",,No,1,-40°C ~ 85°C,"Auto Retry, Circuit Breaker, Current Limit, Fault Timeout, Latched Fault",,,Hot Swap Controller,2.7V ~ 13.2V
MAX4273ESE+,Analog Devices Inc./Maxim Integrated,IC HOT SWAP CTRLR GP 16SOIC,linear-audio-amplifiers,48,11.46,"16-SOIC (0.154"", 3.90mm Width)",Surface Mount,Active,https://www.analog.com/media/en/technical-documentation/data-sheets/max4271-max4273.pdf,https://www.digikey.com/en/products/detail/analog-devices-inc-maxim-integrated/MAX4273ESE/1701637,General Purpose,,600 µA,"OVP, UVLO",,No,1,-40°C ~ 85°C,"Auto Retry, Circuit Breaker, Current Limit, Fault Timeout, Latched Fault",,,Hot Swap Controller,2.7V ~ 13.2V
MAX4273ESE+T,Analog Devices Inc./Maxim Integrated,IC HOT SWAP CTRLR GP 16SOIC,linear-audio-amplifiers,0,7.6384,"16-SOIC (0.154"", 3.90mm Width)",Surface Mount,Active,https://www.analog.com/media/en/technical-documentation/data-sheets/max4271-max4273.pdf,https://www.digikey.com/en/products/detail/analog-devices-inc-maxim-integrated/MAX4273ESE-T/1704015,General Purpose,,600 µA,"OVP, UVLO",,No,1,-40°C ~ 85°C,"Auto Retry, Circuit Breaker, Current Limit, Fault Timeout, Latched Fault",,,Hot Swap Controller,2.7V ~ 13.2V
MAX4370ESA+,Analog Devices Inc./Maxim Integrated,IC HOT SWAP CTRLR GP 8SOIC,linear-audio-amplifiers,27,11.79,"8-SOIC (0.154"", 3.90mm Width)",Surface Mount,Active,https://www.analog.com/media/en/technical-documentation/data-sheets/MAX4370.pdf,https://www.digikey.com/en/products/detail/analog-devices-inc-maxim-integrated/MAX4370ESA/1702136,General Purpose,,600 µA,"Latched Fault, OVP, UVLO",,No,1,-40°C ~ 85°C,"Circuit Breaker, Current Limit, Fault Timeout",,DualSpeed/BiLevel™,Hot Swap Controller,2.7V ~ 13.2V
MAX4370ESA+T,Analog Devices Inc./Maxim Integrated,IC HOT SWAP CTRLR GP 8SOIC,linear-audio-amplifiers,1791,11.79,"8-SOIC (0.154"", 3.90mm Width)",Surface Mount,Active,https://www.analog.com/media/en/technical-documentation/data-sheets/MAX4370.pdf,https://www.digikey.com/en/products/detail/analog-devices-inc-maxim-integrated/MAX4370ESA-T/1703477,General Purpose,,600 µA,"Latched Fault, OVP, UVLO",,No,1,-40°C ~ 85°C,"Circuit Breaker, Current Limit, Fault Timeout",,DualSpeed/BiLevel™,Hot Swap Controller,2.7V ~ 13.2V
MAX5900AAETT+T,Analog Devices Inc./Maxim Integrated,IC HOT-SWAP CONTROLLER 6TDFN,linear-audio-amplifiers,0,2.6875,-,-,Obsolete,https://www.analog.com/media/en/technical-documentation/data-sheets/max5900-max5901.pdf,https://www.digikey.com/en/products/detail/analog-devices-inc-maxim-integrated/MAX5900AAETT-T/10459911,,,,,,,,,,,*,,
MAX5900AAEUT+T,Analog Devices Inc./Maxim Integrated,IC HOT SWAP CTRLR -48V SOT23-6,linear-audio-amplifiers,0,4.3428,SOT-23-6,Surface Mount,Active,https://www.analog.com/media/en/technical-documentation/data-sheets/max5900-max5901.pdf,https://www.digikey.com/en/products/detail/analog-devices-inc-maxim-integrated/MAX5900AAEUT-T/1781262,-48V,,500 µA,"Auto Retry, Fault Timeout, Thermal Limit",,No,1,-40°C ~ 85°C,UVLO,,Simple Swapper™,Hot Swap Controller,-100V ~ -9V
MAX5900ABETT+T,Analog Devices Inc./Maxim Integrated,IC HOT-SWAP CONTROLLER 6TDFN,linear-audio-amplifiers,0,4.3428,6-WDFN Exposed Pad,Surface Mount,Active,https://www.analog.com/media/en/technical-documentation/data-sheets/max5900-max5901.pdf,https://www.digikey.com/en/products/detail/analog-devices-inc-maxim-integrated/MAX5900ABETT-T/10459783,-48V,,500 µA,"Auto Retry, Fault Timeout, Thermal Limit",,No,1,-40°C ~ 85°C,UVLO,,Simple Swapper™,Hot Swap Controller,-100V ~ -9V
MAX5900ABEUT+T,Analog Devices Inc./Maxim Integrated,IC HOT SWAP CTRLR -48V SOT23-6,linear-audio-amplifiers,1890,6.87,SOT-23-6,Surface Mount,Active,https://www.analog.com/media/en/technical-documentation/data-sheets/max5900-max5901.pdf,https://www.digikey.com/en/products/detail/analog-devices-inc-maxim-integrated/MAX5900ABEUT-T/1781226,-48V,,500 µA,"Auto Retry, Fault Timeout, Thermal Limit",,No,1,-40°C ~ 85°C,UVLO,,Simple Swapper™,Hot Swap Controller,-100V ~ -9V
MAX5900ACETT+T,Analog Devices Inc./Maxim Integrated,IC HOT SWAP CTRLR -48V 6TDFN,linear-audio-amplifiers,0,0.0,6-WDFN Exposed Pad,Surface Mount,Obsolete,https://www.analog.com/media/en/technical-documentation/data-sheets/max5900-max5901.pdf,https://www.digikey.com/en/products/detail/analog-devices-inc-maxim-integrated/MAX5900ACETT-T/1781227,-48V,,500 µA,"Auto Retry, Fault Timeout, Thermal Limit",,No,1,-40°C ~ 85°C,UVLO,,Simple Swapper™,Hot Swap Controller,-100V ~ -9V
MAX5900ACEUT+,Analog Devices Inc./Maxim Integrated,IC HOT-SWAP CONTROLLER SOT23-6,linear-audio-amplifiers,0,0.0,-,-,Discontinued at DigiKey,https://www.analog.com/media/en/technical-documentation/data-sheets/max5900-max5901.pdf,https://www.digikey.com/en/products/detail/analog-devices-inc-maxim-integrated/MAX5900ACEUT/10267665,,,,,,,,,,,*,,
MAX5900ACEUT+T,Analog Devices Inc./Maxim Integrated,IC HOT SWAP CTRLR -48V SOT23-6,linear-audio-amplifiers,0,4.3428,SOT-23-6,Surface Mount,Active,https://www.analog.com/media/en/technical-documentation/data-sheets/max5900-max5901.pdf,https://www.digikey.com/en/products/detail/analog-devices-inc-maxim-integrated/MAX5900ACEUT-T/1781224,-48V,,500 µA,"Auto Retry, Fault Timeout, Thermal Limit",,No,1,-40°C ~ 85°C,UVLO,,Simple Swapper™,Hot Swap Controller,-100V ~ -9V
MAX5900EUT-T,Analog Devices Inc./Maxim Integrated,IC HOT SWAP CTRLR -48V SOT23-6,linear-audio-amplifiers,0,1.3139,SOT-23-6,Surface Mount,Obsolete,https://www.analog.com/media/en/technical-documentation/data-sheets/max5900-max5901.pdf,https://www.digikey.com/en/products/detail/analog-devices-inc-maxim-integrated/MAX5900EUT-T/3976846,-48V,,500 µA,"Fault Timeout, Thermal Limit",,No,1,-40°C ~ 85°C,UVLO,,Simple Swapper™,Hot Swap Controller,-100V ~ -9V
MAX5900LAEUT+T,Analog Devices Inc./Maxim Integrated,IC HOT SWAP CTRLR -48V SOT23-6,linear-audio-amplifiers,0,2.04981,SOT-23-6,Surface Mount,Obsolete,https://www.analog.com/media/en/technical-documentation/data-sheets/max5900-max5901.pdf,https://www.digikey.com/en/products/detail/analog-devices-inc-maxim-integrated/MAX5900LAEUT-T/1781228,-48V,,500 µA,"Fault Timeout, Latched Fault, Thermal Limit",,No,1,-40°C ~ 85°C,UVLO,,Simple Swapper™,Hot Swap Controller,-100V ~ -9V
MAX5900LBETT+T,Analog Devices Inc./Maxim Integrated,IC HOT SWAP CTRLR -48V 6TDFN,linear-audio-amplifiers,0,2.52607,6-WDFN Exposed Pad,Surface Mount,Obsolete,https://www.analog.com/media/en/technical-documentation/data-sheets/max5900-max5901.pdf,https://www.digikey.com/en/products/detail/analog-devices-inc-maxim-integrated/MAX5900LBETT-T/1781231,-48V,,500 µA,"Fault Timeout, Latched Fault, Thermal Limit",,No,1,-40°C ~ 85°C,UVLO,,Simple Swapper™,Hot Swap Controller,-100V ~ -9V
MAX5900LBEUT+,Analog Devices Inc./Maxim Integrated,IC HOT-SWAP CONTROLLER SOT23-6,linear-audio-amplifiers,0,0.0,-,-,Discontinued at DigiKey,https://www.analog.com/media/en/technical-documentation/data-sheets/max5900-max5901.pdf,https://www.digikey.com/en/products/detail/analog-devices-inc-maxim-integrated/MAX5900LBEUT/10267589,,,,,,,,,,,*,,
MAX5900LBEUT+T,Analog Devices Inc./Maxim Integrated,IC HOT SWAP CTRLR -48V SOT23-6,linear-audio-amplifiers,0,4.3428,SOT-23-6,Surface Mount,Active,https://www.analog.com/media/en/technical-documentation/data-sheets/max5900-max5901.pdf,https://www.digikey.com/en/products/detail/analog-devices-inc-maxim-integrated/MAX5900LBEUT-T/1781232,-48V,,500 µA,"Fault Timeout, Latched Fault, Thermal Limit",,No,1,-40°C ~ 85°C,UVLO,,Simple Swapper™,Hot Swap Controller,-100V ~ -9V
MAX5900LCEUT+T,Analog Devices Inc./Maxim Integrated,IC HOT-SWAP CONTROLLER SOT23-6,linear-audio-amplifiers,0,0.0,-,-,Discontinued at DigiKey,https://www.analog.com/media/en/technical-documentation/data-sheets/max5900-max5901.pdf,https://www.digikey.com/en/products/detail/analog-devices-inc-maxim-integrated/MAX5900LCEUT-T/10459675,,,,,,,,,,,*,,
MAX5900NNETT+T,Analog Devices Inc./Maxim Integrated,IC HOT SWAP CTRLR -48V 6TDFN,linear-audio-amplifiers,0,2.04981,6-WDFN Exposed Pad,Surface Mount,Obsolete,https://www.analog.com/media/en/technical-documentation/data-sheets/max5900-max5901.pdf,https://www.digikey.com/en/products/detail/analog-devices-inc-maxim-integrated/MAX5900NNETT-T/1781221,-48V,,500 µA,"Fault Timeout, Thermal Limit",,No,1,-40°C ~ 85°C,UVLO,,Simple Swapper™,Hot Swap Controller,-100V ~ -9V
MAX5900NNEUT+T,Analog Devices Inc./Maxim Integrated,IC HOT SWAP CTRLR -48V SOT23-6,linear-audio-amplifiers,795,6.87,SOT-23-6,Surface Mount,Active,https://www.analog.com/media/en/technical-documentation/data-sheets/max5900-max5901.pdf,https://www.digikey.com/en/products/detail/analog-devices-inc-maxim-integrated/MAX5900NNEUT-T/1781222,-48V,,500 µA,"Fault Timeout, Thermal Limit",,No,1,-40°C ~ 85°C,UVLO,,Simple Swapper™,Hot Swap Controller,-100V ~ -9V
MAX5901AAETT+T,Analog Devices Inc./Maxim Integrated,IC HOT-SWAP CONTROLLER 6TDFN,linear-audio-amplifiers,0,4.3428,6-WDFN Exposed Pad,Surface Mount,Active,https://www.analog.com/media/en/technical-documentation/data-sheets/max5900-max5901.pdf,https://www.digikey.com/en/products/detail/analog-devices-inc-maxim-integrated/MAX5901AAETT-T/10459600,-48V,,500 µA,"Auto Retry, Fault Timeout, Thermal Limit",,No,1,-40°C ~ 85°C,UVLO,,Simple Swapper™,Hot Swap Controller,-100V ~ -9V
MAX5901ABETT+,Analog Devices Inc./Maxim Integrated,IC HOT SWAP CTRLR -48V 6TDFN,linear-audio-amplifiers,0,0.0,6-WDFN Exposed Pad,Surface Mount,Obsolete,https://www.digikey.com//mm.digikey.com/Volume0/opasdata/d220001/medias/docus/697/MAX5900-01_Rev5_2-22-07.pdf,https://www.digikey.com/en/products/detail/analog-devices-inc-maxim-integrated/MAX5901ABETT/9681061,-48V,,500 µA,"Auto Retry, Fault Timeout, Thermal Limit",,No,1,-40°C ~ 85°C,UVLO,,Simple Swapper™,Hot Swap Controller,-100V ~ -9V
MAX5901ABETT+T,Analog Devices Inc./Maxim Integrated,IC HOT SWAP CTRLR -48V 6TDFN,linear-audio-amplifiers,0,2.04981,6-WDFN Exposed Pad,Surface Mount,Obsolete,https://www.analog.com/media/en/technical-documentation/data-sheets/max5900-max5901.pdf,https://www.digikey.com/en/products/detail/analog-devices-inc-maxim-integrated/MAX5901ABETT-T/1781211,-48V,,500 µA,"Auto Retry, Fault Timeout, Thermal Limit",,No,1,-40°C ~ 85°C,UVLO,,Simple Swapper™,Hot Swap Controller,-100V ~ -9V
MAX5901ACETT+T,Analog Devices Inc./Maxim Integrated,IC HOT-SWAP CONTROLLER 6TDFN,linear-audio-amplifiers,0,4.3428,-,-,Active,https://www.analog.com/media/en/technical-documentation/data-sheets/max5900-max5901.pdf,https://www.digikey.com/en/products/detail/analog-devices-inc-maxim-integrated/MAX5901ACETT-T/10459814,,,,,,,,,,,*,,
MAX5901ACEUT+,Analog Devices Inc./Maxim Integrated,IC HOT SWAP CTRLR -48V TDFN,linear-audio-amplifiers,0,0.0,SOT-23-6,Surface Mount,Obsolete,https://www.digikey.com//mm.digikey.com/Volume0/opasdata/d220001/medias/docus/697/MAX5900-01_Rev5_2-22-07.pdf,https://www.digikey.com/en/products/detail/analog-devices-inc-maxim-integrated/MAX5901ACEUT/15655518,-48V,,500 µA,"Auto Retry, Fault Timeout, Thermal Limit",,Yes,1,-40°C ~ 85°C (TA),"Circuit Breaker, Current Limit, Fault Timeout, UVLO",,,Hot Swap Controller,-9V ~ -100V
MAX5901ACEUT+T,Analog Devices Inc./Maxim Integrated,IC HOT SWAP CTRLR -48V SOT23-6,linear-audio-amplifiers,0,2.25969,SOT-23-6,Surface Mount,Obsolete,https://www.analog.com/media/en/technical-documentation/data-sheets/max5900-max5901.pdf,https://www.digikey.com/en/products/detail/analog-devices-inc-maxim-integrated/MAX5901ACEUT-T/1781210,-48V,,500 µA,"Auto Retry, Fault Timeout, Thermal Limit",,No,1,-40°C ~ 85°C,UVLO,,Simple Swapper™,Hot Swap Controller,-100V ~ -9V
MAX5901LAETT+T,Analog Devices Inc./Maxim Integrated,IC HOT SWAP CTRLR -48V 6TDFN,linear-audio-amplifiers,2232,6.87,6-WDFN Exposed Pad,Surface Mount,Active,https://www.analog.com/media/en/technical-documentation/data-sheets/max5900-max5901.pdf,https://www.digikey.com/en/products/detail/analog-devices-inc-maxim-integrated/MAX5901LAETT-T/1781215,-48V,,500 µA,"Fault Timeout, Latched Fault, Thermal Limit",,No,1,-40°C ~ 85°C,UVLO,,Simple Swapper™,Hot Swap Controller,-100V ~ -9V
MAX5901LAEUT+T,Analog Devices Inc./Maxim Integrated,IC HOT SWAP CTRLR -48V SOT23-6,linear-audio-amplifiers,0,2.04981,SOT-23-6,Surface Mount,Obsolete,https://www.analog.com/media/en/technical-documentation/data-sheets/max5900-max5901.pdf,https://www.digikey.com/en/products/detail/analog-devices-inc-maxim-integrated/MAX5901LAEUT-T/1781214,-48V,,500 µA,"Fault Timeout, Latched Fault, Thermal Limit",,No,1,-40°C ~ 85°C,UVLO,,Simple Swapper™,Hot Swap Controller,-100V ~ -9V
MAX5901LBEUT+T,Analog Devices Inc./Maxim Integrated,IC HOT SWAP CTRLR -48V SOT23-6,linear-audio-amplifiers,0,2.04981,SOT-23-6,Surface Mount,Obsolete,https://www.analog.com/media/en/technical-documentation/data-sheets/max5900-max5901.pdf,https://www.digikey.com/en/products/detail/analog-devices-inc-maxim-integrated/MAX5901LBEUT-T/1781218,-48V,,500 µA,"Fault Timeout, Latched Fault, Thermal Limit",,No,1,-40°C ~ 85°C,UVLO,,Simple Swapper™,Hot Swap Controller,-100V ~ -9V
MAX5901LCEUT+T,Analog Devices Inc./Maxim Integrated,IC HOT SWAP CTRLR -48V SOT23-6,linear-audio-amplifiers,0,2.04981,SOT-23-6,Surface Mount,Obsolete,https://www.analog.com/media/en/technical-documentation/data-sheets/max5900-max5901.pdf,https://www.digikey.com/en/products/detail/analog-devices-inc-maxim-integrated/MAX5901LCEUT-T/1781234,-48V,,500 µA,"Fault Timeout, Latched Fault, Thermal Limit",,No,1,-40°C ~ 85°C,UVLO,,Simple Swapper™,Hot Swap Controller,-100V ~ -9V
MAX5901NNETT+T,Analog Devices Inc./Maxim Integrated,IC HOT-SWAP CONTROLLER 6TDFN,linear-audio-amplifiers,1511,6.87,6-WDFN Exposed Pad,Surface Mount,Active,https://www.analog.com/media/en/technical-documentation/data-sheets/max5900-max5901.pdf,https://www.digikey.com/en/products/detail/analog-devices-inc-maxim-integrated/MAX5901NNETT-T/10459630,Networking,,500 µA,"Auto Retry, Fault Timeout, Latched Fault, Thermal Limit, UVLO",,No,1,-40°C ~ 85°C (TA),"Circuit Breaker, Current Limit, Fault Timeout, Slew Rate, UVLO",,,Hot Swap Controller,-9V ~ -100V
MAX5901NNEUT+T,Analog Devices Inc./Maxim Integrated,IC HOT SWAP CTRLR -48V SOT23-6,linear-audio-amplifiers,0,4.3428,SOT-23-6,Surface Mount,Active,https://www.analog.com/media/en/technical-documentation/data-sheets/max5900-max5901.pdf,https://www.digikey.com/en/products/detail/analog-devices-inc-maxim-integrated/MAX5901NNEUT-T/1781236,-48V,,500 µA,"Fault Timeout, Thermal Limit",,No,1,-40°C ~ 85°C,UVLO,,Simple Swapper™,Hot Swap Controller,-100V ~ -9V
MAX5902AAETT+,Analog Devices Inc./Maxim Integrated,IC INTEGRATED CIRCUIT,linear-audio-amplifiers,0,0.0,-,-,Obsolete,https://www.digikey.com//mm.digikey.com/Volume0/opasdata/d220001/medias/docus/691/MAX5902-03_Rev3_1-12-07.pdf,https://www.digikey.com/en/products/detail/analog-devices-inc-maxim-integrated/MAX5902AAETT/10259566,,,,,,,,,,,*,,
MAX5902AAETT+T,Analog Devices Inc./Maxim Integrated,IC HOT-SWAP CONTROLLER 6-TDFN,linear-audio-amplifiers,2470,7.4,6-WDFN Exposed Pad,Surface Mount,Active,https://www.analog.com/media/en/technical-documentation/data-sheets/max5902-max5903.pdf,https://www.digikey.com/en/products/detail/analog-devices-inc-maxim-integrated/MAX5902AAETT-T/10459941,Networking,,1 mA,"Fault Timeout, Latched Fault, Thermal Limit",,No,1,-40°C ~ 85°C (TA),UVLO,,Simple Swapper™,Hot Swap Controller,9V ~ 72V
MAX5902AAEUT,Analog Devices Inc./Maxim Integrated,HOT-SWAP CONTROLLER,linear-audio-amplifiers,0,0.0,SOT-23-6,Surface Mount,Active,https://rocelec.widen.net/view/pdf/hmfvrnignz/MAXMS08314-1.pdf?t.download=true&u=5oefqw,https://www.digikey.com/en/products/detail/rochester-electronics-llc/MAX5902AAEUT/12112504,Networking,,1 mA,"Auto Retry, Fault Timeout, Thermal Limit, UVLO",,No,1,-40°C ~ 85°C (TA),"Auto Retry, Circuit Breaker, Current Limit, Fault Timeout, Slew Rate, Thermal Limit, UVLO",,Simple Swapper™,Hot Swap Controller,9V ~ 72V
MAX5902AAEUT+T,Analog Devices Inc./Maxim Integrated,IC HOT SWAP CTRLR GP SOT23-6,linear-audio-amplifiers,1347,7.4,SOT-23-6,Surface Mount,Active,https://www.analog.com/media/en/technical-documentation/data-sheets/max5902-max5903.pdf,https://www.digikey.com/en/products/detail/analog-devices-inc-maxim-integrated/MAX5902AAEUT-T/1781251,Networking,,1 mA,"Fault Timeout, Latched Fault, Thermal Limit",,No,1,-40°C ~ 85°C,UVLO,,Simple Swapper™,Hot Swap Controller,9V ~ 72V
MAX5902ABETT+T,Analog Devices Inc./Maxim Integrated,IC HOT SWAP CTRLR GP 6TDFN,linear-audio-amplifiers,0,2.21316,6-WDFN Exposed Pad,Surface Mount,Obsolete,https://www.analog.com/media/en/technical-documentation/data-sheets/max5902-max5903.pdf,https://www.digikey.com/en/products/detail/analog-devices-inc-maxim-integrated/MAX5902ABETT-T/1781253,Networking,,1 mA,"Fault Timeout, Latched Fault, Thermal Limit",,No,1,-40°C ~ 85°C,UVLO,,Simple Swapper™,Hot Swap Controller,9V ~ 72V
MAX5902ABEUT+T,Analog Devices Inc./Maxim Integrated,IC HOT SWAP CTRLR GP SOT23-6,linear-audio-amplifiers,0,4.7124,SOT-23-6,Surface Mount,Active,https://www.analog.com/media/en/technical-documentation/data-sheets/max5902-max5903.pdf,https://www.digikey.com/en/products/detail/analog-devices-inc-maxim-integrated/MAX5902ABEUT-T/1781254,Networking,,1 mA,"Fault Timeout, Latched Fault, Thermal Limit",,No,1,-40°C ~ 85°C,UVLO,,Simple Swapper™,Hot Swap Controller,9V ~ 72V
MAX5902ACETT+T,Analog Devices Inc./Maxim Integrated,IC HOT-SWAP CONTROLLER 6-TDFN,linear-audio-amplifiers,0,2.21316,6-WDFN Exposed Pad,Surface Mount,Obsolete,https://www.analog.com/media/en/technical-documentation/data-sheets/max5902-max5903.pdf,https://www.digikey.com/en/products/detail/analog-devices-inc-maxim-integrated/MAX5902ACETT-T/1781255,Networking,,1 mA,"Fault Timeout, Latched Fault, Thermal Limit",,No,1,-40°C ~ 85°C,UVLO,,Simple Swapper™,Hot Swap Controller,9V ~ 72V
MAX5902ACEUT+T,Analog Devices Inc./Maxim Integrated,IC HOT SWAP CTRLR GP SOT23-6,linear-audio-amplifiers,6668,7.4,SOT-23-6,Surface Mount,Active,https://www.analog.com/media/en/technical-documentation/data-sheets/max5902-max5903.pdf,https://www.digikey.com/en/products/detail/analog-devices-inc-maxim-integrated/MAX5902ACEUT-T/1781252,Networking,,1 mA,"Fault Timeout, Latched Fault, Thermal Limit",,No,1,-40°C ~ 85°C,UVLO,,Simple Swapper™,Hot Swap Controller,9V ~ 72V
MAX5902LAETT+T,Analog Devices Inc./Maxim Integrated,IC HOT-SWAP CONTROLLER 6-TDFN,linear-audio-amplifiers,0,0.0,-,-,Discontinued at DigiKey,https://www.analog.com/media/en/technical-documentation/data-sheets/max5902-max5903.pdf,https://www.digikey.com/en/products/detail/analog-devices-inc-maxim-integrated/MAX5902LAETT-T/10459897,,,,,,,,,,,*,,
MAX5902LAEUT+T,Analog Devices Inc./Maxim Integrated,IC HOT-SWAP CONTROLLER SOT23-6,linear-audio-amplifiers,485,7.4,SOT-23-6,Surface Mount,Active,https://www.analog.com/media/en/technical-documentation/data-sheets/max5902-max5903.pdf,https://www.digikey.com/en/products/detail/analog-devices-inc-maxim-integrated/MAX5902LAEUT-T/10459990,Networking,,1 mA,"Fault Timeout, Latched Fault, Thermal Limit",,No,1,-40°C ~ 85°C (TA),UVLO,,Simple Swapper™,Hot Swap Controller,9V ~ 72V
MAX5902LBEUT+T,Analog Devices Inc./Maxim Integrated,IC HOT SWAP CTRLR GP SOT23-6,linear-audio-amplifiers,0,2.21316,SOT-23-6,Surface Mount,Obsolete,https://www.analog.com/media/en/technical-documentation/data-sheets/max5902-max5903.pdf,https://www.digikey.com/en/products/detail/analog-devices-inc-maxim-integrated/MAX5902LBEUT-T/1781260,Networking,,1 mA,"Fault Timeout, Latched Fault, Thermal Limit",,No,1,-40°C ~ 85°C,UVLO,,Simple Swapper™,Hot Swap Controller,9V ~ 72V
MAX5902LCETT+,Analog Devices Inc./Maxim Integrated,IC HOT SWAP CTRLR GP 6TDFN,linear-audio-amplifiers,0,0.0,6-WDFN Exposed Pad,Surface Mount,Obsolete,https://www.digikey.com//mm.digikey.com/Volume0/opasdata/d220001/medias/docus/691/MAX5902-03_Rev3_1-12-07.pdf,https://www.digikey.com/en/products/detail/analog-devices-inc-maxim-integrated/MAX5902LCETT/9384433,Networking,,1 mA,"Fault Timeout, Latched Fault, Thermal Limit",,No,1,-40°C ~ 85°C,UVLO,,Simple Swapper™,Hot Swap Controller,9V ~ 72V
MAX5902LCETT+T,Analog Devices Inc./Maxim Integrated,IC HOT SWAP CTRLR GP 6TDFN,linear-audio-amplifiers,0,2.21316,6-WDFN Exposed Pad,Surface Mount,Obsolete,https://www.analog.com/media/en/technical-documentation/data-sheets/max5902-max5903.pdf,https://www.digikey.com/en/products/detail/analog-devices-inc-maxim-integrated/MAX5902LCETT-T/1781261,Networking,,1 mA,"Fault Timeout, Latched Fault, Thermal Limit",,No,1,-40°C ~ 85°C,UVLO,,Simple Swapper™,Hot Swap Controller,9V ~ 72V
MAX5902LCEUT+T,Analog Devices Inc./Maxim Integrated,IC HOT SWAP CTRLR GP SOT23-6,linear-audio-amplifiers,2469,7.4,SOT-23-6,Surface Mount,Active,https://www.analog.com/media/en/technical-documentation/data-sheets/max5902-max5903.pdf,https://www.digikey.com/en/products/detail/analog-devices-inc-maxim-integrated/MAX5902LCEUT-T/1781258,Networking,,1 mA,"Fault Timeout, Latched Fault, Thermal Limit",,No,1,-40°C ~ 85°C,UVLO,,Simple Swapper™,Hot Swap Controller,9V ~ 72V
MAX5902NNETT+,Analog Devices Inc./Maxim Integrated,IC INTEGRATED CIRCUIT,linear-audio-amplifiers,0,0.0,6-WDFN Exposed Pad,Surface Mount,Obsolete,https://www.digikey.com//mm.digikey.com/Volume0/opasdata/d220001/medias/docus/691/MAX5902-03_Rev3_1-12-07.pdf,https://www.digikey.com/en/products/detail/analog-devices-inc-maxim-integrated/MAX5902NNETT/10230404,Networking,,1 mA,"Fault Timeout, Latched Fault, Thermal Limit",,No,1,-40°C ~ 85°C,UVLO,,Simple Swapper™,Hot Swap Controller,9V ~ 72V
MAX5902NNETT+T,Analog Devices Inc./Maxim Integrated,IC HOT SWAP CTRLR GP 6TDFN,linear-audio-amplifiers,0,2.21316,6-WDFN Exposed Pad,Surface Mount,Obsolete,https://www.analog.com/media/en/technical-documentation/data-sheets/max5902-max5903.pdf,https://www.digikey.com/en/products/detail/analog-devices-inc-maxim-integrated/MAX5902NNETT-T/1781249,Networking,,1 mA,"Fault Timeout, Latched Fault, Thermal Limit",,No,1,-40°C ~ 85°C,UVLO,,Simple Swapper™,Hot Swap Controller,9V ~ 72V
MAX5902NNEUT+T,Analog Devices Inc./Maxim Integrated,IC HOT SWAP CTRLR GP SOT23-6,linear-audio-amplifiers,5851,7.4,SOT-23-6,Surface Mount,Active,https://www.analog.com/media/en/technical-documentation/data-sheets/max5902-max5903.pdf,https://www.digikey.com/en/products/detail/analog-devices-inc-maxim-integrated/MAX5902NNEUT-T/1781250,Networking,,1 mA,"Fault Timeout, Latched Fault, Thermal Limit",,No,1,-40°C ~ 85°C,UVLO,,Simple Swapper™,Hot Swap Controller,9V ~ 72V
MAX5903AAETT+T,Analog Devices Inc./Maxim Integrated,IC HOT SWAP CTRLR GP 6TDFN,linear-audio-amplifiers,0,4.7124,6-WDFN Exposed Pad,Surface Mount,Active,https://www.analog.com/media/en/technical-documentation/data-sheets/max5902-max5903.pdf,https://www.digikey.com/en/products/detail/analog-devices-inc-maxim-integrated/MAX5903AAETT-T/1781244,General Purpose,,1 mA,"Auto Retry, Fault Timeout, Thermal Limit",,No,1,-40°C ~ 85°C,UVLO,,Simple Swapper™,Hot Swap Controller,9V ~ 72V
MAX5903AAEUT+T,Analog Devices Inc./Maxim Integrated,IC HOT SWAP CTRLR GP SOT23-6,linear-audio-amplifiers,4779,7.46,SOT-23-6,Surface Mount,Active,https://www.analog.com/media/en/technical-documentation/data-sheets/max5902-max5903.pdf,https://www.digikey.com/en/products/detail/analog-devices-inc-maxim-integrated/MAX5903AAEUT-T/1781248,General Purpose,,1 mA,"Auto Retry, Fault Timeout, Thermal Limit",,No,1,-40°C ~ 85°C,UVLO,,Simple Swapper™,Hot Swap Controller,9V ~ 72V
MAX5903ABETT+T,Analog Devices Inc./Maxim Integrated,IC HOT-SWAP CONTROLLER 6-TDFN,linear-audio-amplifiers,0,2.9125,-,-,Obsolete,https://www.analog.com/media/en/technical-documentation/data-sheets/max5902-max5903.pdf,https://www.digikey.com/en/products/detail/analog-devices-inc-maxim-integrated/MAX5903ABETT-T/10459699,,,,,,,,,,,*,,
MAX5903ABEUT,Analog Devices Inc./Maxim Integrated,HOT-SWAP CONTROLLER,linear-audio-amplifiers,0,0.0,SOT-23-6,Surface Mount,Active,https://rocelec.widen.net/view/pdf/hmfvrnignz/MAXMS08314-1.pdf?t.download=true&u=5oefqw,https://www.digikey.com/en/products/detail/rochester-electronics-llc/MAX5903ABEUT/12114964,Networking,,1 mA,"Auto Retry, Fault Timeout, Thermal Limit, UVLO",,Both,1,-40°C ~ 85°C (TA),"Auto Retry, Circuit Breaker, Current Limit, Fault Timeout, Slew Rate, Thermal Limit, UVLO",,Simple Swapper™,Hot Swap Controller,9V ~ 72V
MAX5903ABEUT+T,Analog Devices Inc./Maxim Integrated,IC HOT SWAP CTRLR GP SOT23-6,linear-audio-amplifiers,2495,7.4,SOT-23-6,Surface Mount,Active,https://www.analog.com/media/en/technical-documentation/data-sheets/max5902-max5903.pdf,https://www.digikey.com/en/products/detail/analog-devices-inc-maxim-integrated/MAX5903ABEUT-T/1781240,General Purpose,,1 mA,"Auto Retry, Fault Timeout, Thermal Limit",,No,1,-40°C ~ 85°C,UVLO,,Simple Swapper™,Hot Swap Controller,9V ~ 72V
MAX5903ACETT+,Analog Devices Inc./Maxim Integrated,IC HOT-SWAP CONTROLLER 6-TDFN,linear-audio-amplifiers,0,0.0,-,-,Discontinued at DigiKey,https://www.analog.com/media/en/technical-documentation/data-sheets/max5902-max5903.pdf,https://www.digikey.com/en/products/detail/analog-devices-inc-maxim-integrated/MAX5903ACETT/10267554,,,,,,,,,,,*,,
MAX5903ACETT+T,Analog Devices Inc./Maxim Integrated,IC HOT SWAP CTRLR GP 6TDFN,linear-audio-amplifiers,0,4.7124,6-WDFN Exposed Pad,Surface Mount,Active,https://www.analog.com/media/en/technical-documentation/data-sheets/max5902-max5903.pdf,https://www.digikey.com/en/products/detail/analog-devices-inc-maxim-integrated/MAX5903ACETT-T/1781241,General Purpose,,1 mA,"Auto Retry, Fault Timeout, Thermal Limit",,No,1,-40°C ~ 85°C,UVLO,,Simple Swapper™,Hot Swap Controller,9V ~ 72V
MAX5903ACEUT+T,Analog Devices Inc./Maxim Integrated,IC HOT SWAP CTRLR GP SOT23-6,linear-audio-amplifiers,1609,7.4,SOT-23-6,Surface Mount,Active,https://www.analog.com/media/en/technical-documentation/data-sheets/max5902-max5903.pdf,https://www.digikey.com/en/products/detail/analog-devices-inc-maxim-integrated/MAX5903ACEUT-T/1781238,General Purpose,,1 mA,"Auto Retry, Fault Timeout, Thermal Limit",,No,1,-40°C ~ 85°C,UVLO,,Simple Swapper™,Hot Swap Controller,9V ~ 72V
MAX5903LAETT+T,Analog Devices Inc./Maxim Integrated,IC HOT-SWAP CONTROLLER 6-TDFN,linear-audio-amplifiers,0,0.0,-,-,Discontinued at DigiKey,https://www.analog.com/media/en/technical-documentation/data-sheets/max5902-max5903.pdf,https://www.digikey.com/en/products/detail/analog-devices-inc-maxim-integrated/MAX5903LAETT-T/10459879,,,,,,,,,,,*,,
MAX5903LAEUT+T,Analog Devices Inc./Maxim Integrated,IC HOT-SWAP CONTROLLER SOT23-6,linear-audio-amplifiers,0,4.7124,-,-,Active,https://www.analog.com/media/en/technical-documentation/data-sheets/max5902-max5903.pdf,https://www.digikey.com/en/products/detail/analog-devices-inc-maxim-integrated/MAX5903LAEUT-T/10459522,,,,,,,,,,,*,,
MAX5903LBETT+T,Analog Devices Inc./Maxim Integrated,IC HOT-SWAP CONTROLLER 6-TDFN,linear-audio-amplifiers,0,0.0,-,-,Discontinued at DigiKey,https://www.analog.com/media/en/technical-documentation/data-sheets/max5902-max5903.pdf,https://www.digikey.com/en/products/detail/analog-devices-inc-maxim-integrated/MAX5903LBETT-T/10459494,,,,,,,,,,,*,,
MAX5903LBEUT,Analog Devices Inc./Maxim Integrated,HOT-SWAP CONTROLLER,linear-audio-amplifiers,0,0.0,SOT-23-6,Surface Mount,Active,https://rocelec.widen.net/view/pdf/hmfvrnignz/MAXMS08314-1.pdf?t.download=true&u=5oefqw,https://www.digikey.com/en/products/detail/rochester-electronics-llc/MAX5903LBEUT/12116120,Networking,,1 mA,"Latched Fault, Thermal Limit, UVLO",,Both,1,-40°C ~ 85°C (TA),"Circuit Breaker, Current Limit, Latched Fault, Thermal Limit, UVLO",,Simple Swapper™,Hot Swap Controller,9V ~ 72V
MAX5903LBEUT+T,Analog Devices Inc./Maxim Integrated,IC HOT SWAP CTRLR GP SOT23-6,linear-audio-amplifiers,1956,7.4,SOT-23-6,Surface Mount,Active,https://www.analog.com/media/en/technical-documentation/data-sheets/max5902-max5903.pdf,https://www.digikey.com/en/products/detail/analog-devices-inc-maxim-integrated/MAX5903LBEUT-T/1781246,General Purpose,,1 mA,"Fault Timeout, Latched Fault, Thermal Limit",,No,1,-40°C ~ 85°C,UVLO,,Simple Swapper™,Hot Swap Controller,9V ~ 72V
MAX5903LCEUT+T,Analog Devices Inc./Maxim Integrated,IC HOT SWAP CTRLR GP SOT23-6,linear-audio-amplifiers,5815,7.4,SOT-23-6,Surface Mount,Active,https://www.analog.com/media/en/technical-documentation/data-sheets/max5902-max5903.pdf,https://www.digikey.com/en/products/detail/analog-devices-inc-maxim-integrated/MAX5903LCEUT-T/1781317,General Purpose,,1 mA,"Fault Timeout, Latched Fault, Thermal Limit",,No,1,-40°C ~ 85°C,UVLO,,Simple Swapper™,Hot Swap Controller,9V ~ 72V
MAX5903NNETT+T,Analog Devices Inc./Maxim Integrated,IC HOT SWAP CTRLR GP 6TDFN,linear-audio-amplifiers,4211,7.4,6-WDFN Exposed Pad,Surface Mount,Active,https://www.analog.com/media/en/technical-documentation/data-sheets/max5902-max5903.pdf,https://www.digikey.com/en/products/detail/analog-devices-inc-maxim-integrated/MAX5903NNETT-T/1781264,General Purpose,,1 mA,Thermal Limit,,No,1,-40°C ~ 85°C,UVLO,,Simple Swapper™,Hot Swap Controller,9V ~ 72V
MAX5903NNEUT,Analog Devices Inc./Maxim Integrated,HOT-SWAP CONTROLLER,linear-audio-amplifiers,0,0.0,SOT-23-6,Surface Mount,Active,https://rocelec.widen.net/view/pdf/hmfvrnignz/MAXMS08314-1.pdf?t.download=true&u=5oefqw,https://www.digikey.com/en/products/detail/rochester-electronics-llc/MAX5903NNEUT/12116293,Networking,,1 mA,"Thermal Limit, UVLO",,Both,1,-40°C ~ 85°C (TA),"Current Limit, Latched Fault, Thermal Limit, UVLO",,Simple Swapper™,Hot Swap Controller,9V ~ 72V
MAX5903NNEUT+T,Analog Devices Inc./Maxim Integrated,IC HOT SWAP CTRLR GP SOT23-6,linear-audio-amplifiers,8723,7.51,SOT-23-6,Surface Mount,Active,https://www.analog.com/media/en/technical-documentation/data-sheets/max5902-max5903.pdf,https://www.digikey.com/en/products/detail/analog-devices-inc-maxim-integrated/MAX5903NNEUT-T/1781318,General Purpose,,1 mA,Thermal Limit,,No,1,-40°C ~ 85°C,UVLO,,Simple Swapper™,Hot Swap Controller,9V ~ 72V
MAX5904ESA+,Analog Devices Inc./Maxim Integrated,IC HOT SWAP CTRLR PCI EXP 8SOIC,linear-audio-amplifiers,95,14.39,"8-SOIC (0.154"", 3.90mm Width)",Surface Mount,Active,https://datasheets.maximintegrated.com/en/ds/MAX5904-MAX5909.pdf,https://www.digikey.com/en/products/detail/analog-devices-inc-maxim-integrated/MAX5904ESA/1937605,PCI Express®,,1.2 mA,"Auto Retry, UVLO",,No,2,-40°C ~ 85°C,"Circuit Breaker, Current Limit, Fault Timeout",,VariableSpeed/BiLevel™,"Hot Swap Controller, Sequencer",1V ~ 13.2V
MAX5904ESA+T,Analog Devices Inc./Maxim Integrated,IC HOT SWAP CTRLR PCI EXP 8SOIC,linear-audio-amplifiers,0,9.8098,"8-SOIC (0.154"", 3.90mm Width)",Surface Mount,Active,https://datasheets.maximintegrated.com/en/ds/MAX5904-MAX5909.pdf,https://www.digikey.com/en/products/detail/analog-devices-inc-maxim-integrated/MAX5904ESA-T/1938065,PCI Express®,,1.2 mA,"Auto Retry, UVLO",,No,2,-40°C ~ 85°C,"Circuit Breaker, Current Limit, Fault Timeout",,VariableSpeed/BiLevel™,"Hot Swap Controller, Sequencer",1V ~ 13.2V
MAX5904USA+,Analog Devices Inc./Maxim Integrated,IC HOT SWAP CTRLR PCI EXP 8SOIC,linear-audio-amplifiers,19,14.85,"8-SOIC (0.154"", 3.90mm Width)",Surface Mount,Active,https://www.analog.com/media/en/technical-documentation/data-sheets/max5904-max5909.pdf,https://www.digikey.com/en/products/detail/analog-devices-inc-maxim-integrated/MAX5904USA/1780012,PCI Express®,,1.2 mA,"Auto Retry, UVLO",,No,2,0°C ~ 85°C,"Circuit Breaker, Current Limit, Fault Timeout",,VariableSpeed/BiLevel™,"Hot Swap Controller, Sequencer",1V ~ 13.2V
MAX5904USA+T,Analog Devices Inc./Maxim Integrated,IC HOT SWAP CTRLR PCI EXP 8SOIC,linear-audio-amplifiers,0,9.8098,"8-SOIC (0.154"", 3.90mm Width)",Surface Mount,Active,https://www.analog.com/media/en/technical-documentation/data-sheets/max5904-max5909.pdf,https://www.digikey.com/en/products/detail/analog-devices-inc-maxim-integrated/MAX5904USA-T/1781390,PCI Express®,,1.2 mA,"Auto Retry, UVLO",,No,2,0°C ~ 85°C,"Circuit Breaker, Current Limit, Fault Timeout",,VariableSpeed/BiLevel™,"Hot Swap Controller, Sequencer",1V ~ 13.2V
MAX5906EEE+,Analog Devices Inc./Maxim Integrated,IC HOT-SWAP CTRLR DUAL 16QSOP,linear-audio-amplifiers,0,7.4015,"16-SSOP (0.154"", 3.90mm Width)",Surface Mount,Obsolete,https://www.analog.com/media/en/technical-documentation/data-sheets/max5904-max5909.pdf,https://www.digikey.com/en/products/detail/analog-devices-inc-maxim-integrated/MAX5906EEE/10266730,PCI Express®,,1.2 mA,"Auto Retry, UVLO",,No,2,-40°C ~ 85°C,"Circuit Breaker, Current Limit, Fault Timeout",,VariableSpeed/BiLevel™,"Hot Swap Controller, Sequencer",1V ~ 13.2V
MAX5906EEE+T,Analog Devices Inc./Maxim Integrated,IC HOT SWAP CTRLR PCI EXP 16QSOP,linear-audio-amplifiers,0,6.075,"16-SSOP (0.154"", 3.90mm Width)",Surface Mount,Obsolete,https://www.analog.com/media/en/technical-documentation/data-sheets/max5904-max5909.pdf,https://www.digikey.com/en/products/detail/analog-devices-inc-maxim-integrated/MAX5906EEE-T/1938068,PCI Express®,,1.2 mA,"Auto Retry, UVLO",,No,2,-40°C ~ 85°C,"Circuit Breaker, Current Limit, Fault Timeout",,VariableSpeed/BiLevel™,"Hot Swap Controller, Sequencer",1V ~ 13.2V
MAX5906UEE+,Analog Devices Inc./Maxim Integrated,IC HOT-SWAP CTRLR DUAL 16-QSOP,linear-audio-amplifiers,0,7.1953,"16-SSOP (0.154"", 3.90mm Width)",Surface Mount,Obsolete,https://www.analog.com/media/en/technical-documentation/data-sheets/max5904-max5909.pdf,https://www.digikey.com/en/products/detail/analog-devices-inc-maxim-integrated/MAX5906UEE/10266576,PCI Express®,,1.2 mA,"Auto Retry, UVLO",,No,2,0°C ~ 85°C,"Circuit Breaker, Current Limit, Fault Timeout",,VariableSpeed/BiLevel™,"Hot Swap Controller, Sequencer",1V ~ 13.2V
MAX5906UEE+T,Analog Devices Inc./Maxim Integrated,IC HOT SWAP CTRLR PCI EXP 16QSOP,linear-audio-amplifiers,0,6.075,"16-SSOP (0.154"", 3.90mm Width)",Surface Mount,Obsolete,https://www.analog.com/media/en/technical-documentation/data-sheets/max5904-max5909.pdf,https://www.digikey.com/en/products/detail/analog-devices-inc-maxim-integrated/MAX5906UEE-T/1781389,PCI Express®,,1.2 mA,"Auto Retry, UVLO",,No,2,0°C ~ 85°C,"Circuit Breaker, Current Limit, Fault Timeout",,VariableSpeed/BiLevel™,"Hot Swap Controller, Sequencer",1V ~ 13.2V
MAX5908EEE+,Analog Devices Inc./Maxim Integrated,IC HOT-SWAP CTRLR DUAL 16QSOP,linear-audio-amplifiers,0,7.4015,"16-SSOP (0.154"", 3.90mm Width)",Surface Mount,Obsolete,https://www.analog.com/media/en/technical-documentation/data-sheets/max5904-max5909.pdf,https://www.digikey.com/en/products/detail/analog-devices-inc-maxim-integrated/MAX5908EEE/10266577,PCI Express®,,1.2 mA,"Auto Retry, UVLO",,No,2,-40°C ~ 85°C,"Circuit Breaker, Current Limit, Fault Timeout",,VariableSpeed/BiLevel™,"Hot Swap Controller, Sequencer",1V ~ 13.2V
MAX5908EEE+T,Analog Devices Inc./Maxim Integrated,IC HOT SWAP CTRLR PCI EXP 16QSOP,linear-audio-amplifiers,0,6.2875,"16-SSOP (0.154"", 3.90mm Width)",Surface Mount,Obsolete,https://www.analog.com/media/en/technical-documentation/data-sheets/max5904-max5909.pdf,https://www.digikey.com/en/products/detail/analog-devices-inc-maxim-integrated/MAX5908EEE-T/1938069,PCI Express®,,1.2 mA,"Auto Retry, UVLO",,No,2,-40°C ~ 85°C,"Circuit Breaker, Current Limit, Fault Timeout",,VariableSpeed/BiLevel™,"Hot Swap Controller, Sequencer",1V ~ 13.2V
MAX5908UEE+,Analog Devices Inc./Maxim Integrated,IC HOT SWAP CTRLR PCI EXP 16QSOP,linear-audio-amplifiers,0,10.164,"16-SSOP (0.154"", 3.90mm Width)",Surface Mount,Active,https://datasheets.maximintegrated.com/en/ds/MAX5904-MAX5909.pdf,https://www.digikey.com/en/products/detail/analog-devices-inc-maxim-integrated/MAX5908UEE/1780021,PCI Express®,,1.2 mA,"Auto Retry, UVLO",,No,2,0°C ~ 85°C,"Circuit Breaker, Current Limit, Fault Timeout",,VariableSpeed/BiLevel™,"Hot Swap Controller, Sequencer",1V ~ 13.2V
MAX5908UEE+T,Analog Devices Inc./Maxim Integrated,IC HOT SWAP CTRLR PCI EXP 16QSOP,linear-audio-amplifiers,0,10.164,"16-SSOP (0.154"", 3.90mm Width)",Surface Mount,Active,https://datasheets.maximintegrated.com/en/ds/MAX5904-MAX5909.pdf,https://www.digikey.com/en/products/detail/analog-devices-inc-maxim-integrated/MAX5908UEE-T/1781397,PCI Express®,,1.2 mA,"Auto Retry, UVLO",,No,2,0°C ~ 85°C,"Circuit Breaker, Current Limit, Fault Timeout",,VariableSpeed/BiLevel™,"Hot Swap Controller, Sequencer",1V ~ 13.2V
MAX5910ESA+,Analog Devices Inc./Maxim Integrated,IC HOT SWAP CTR NETWORKING 8SOIC,linear-audio-amplifiers,86,12.44,"8-SOIC (0.154"", 3.90mm Width)",Surface Mount,Active,https://www.analog.com/media/en/technical-documentation/data-sheets/max5910-max5917.pdf,https://www.digikey.com/en/products/detail/analog-devices-inc-maxim-integrated/MAX5910ESA/1780032,Networking,240mA,1.2 mA,Thermal Limit,,Yes,1,-40°C ~ 85°C,UVLO,,Simple Swapper™,Hot Swap Controller,10V ~ 65V
MAX5910ESA+T,Analog Devices Inc./Maxim Integrated,IC HOT SWAP CTR NETWORKING 8SOIC,linear-audio-amplifiers,0,8.3622,"8-SOIC (0.154"", 3.90mm Width)",Surface Mount,Active,https://www.analog.com/media/en/technical-documentation/data-sheets/max5910-max5917.pdf,https://www.digikey.com/en/products/detail/analog-devices-inc-maxim-integrated/MAX5910ESA-T/1781387,Networking,240mA,1.2 mA,Thermal Limit,,Yes,1,-40°C ~ 85°C,UVLO,,Simple Swapper™,Hot Swap Controller,10V ~ 65V
MAX5911ESA,Analog Devices Inc./Maxim Integrated,IC HOT SWAP CTRLR -48V 8SOIC,linear-audio-amplifiers,0,0.0,"8-SOIC (0.154"", 3.90mm Width)",Surface Mount,Obsolete,,https://www.digikey.com/en/products/detail/analog-devices-inc-maxim-integrated/MAX5911ESA/478259,-48V,280mA,1.5 mA,Thermal Limit,,Yes,1,-40°C ~ 85°C,UVLO,,Simple Swapper™,Hot Swap Controller,-65V ~ -16V
MAX5911ESA+,Analog Devices Inc./Maxim Integrated,IC HOT SWAP CTRLR -48V 8SOIC,linear-audio-amplifiers,0,5.3438,"8-SOIC (0.154"", 3.90mm Width)",Surface Mount,Active,https://www.analog.com/media/en/technical-documentation/data-sheets/MAX5911-MAX5912.pdf,https://www.digikey.com/en/products/detail/analog-devices-inc-maxim-integrated/MAX5911ESA/1780031,-48V,280mA,1.5 mA,Thermal Limit,,Yes,1,-40°C ~ 85°C,UVLO,,Simple Swapper™,Hot Swap Controller,-65V ~ -16V
MAX5911ESA+T,Analog Devices Inc./Maxim Integrated,IC HOT SWAP CTRLR -48V 8SOIC,linear-audio-amplifiers,0,5.3438,"8-SOIC (0.154"", 3.90mm Width)",Surface Mount,Active,https://www.analog.com/media/en/technical-documentation/data-sheets/MAX5911-MAX5912.pdf,https://www.digikey.com/en/products/detail/analog-devices-inc-maxim-integrated/MAX5911ESA-T/1781385,-48V,280mA,1.5 mA,Thermal Limit,,Yes,1,-40°C ~ 85°C,UVLO,,Simple Swapper™,Hot Swap Controller,-65V ~ -16V
MAX5912ESE+,Analog Devices Inc./Maxim Integrated,IC HOT SWAP CTRLR -48V 16SOIC,linear-audio-amplifiers,0,3.4818,"16-SOIC (0.154"", 3.90mm Width)",Surface Mount,Obsolete,,https://www.digikey.com/en/products/detail/analog-devices-inc-maxim-integrated/MAX5912ESE/1779335,-48V,415mA,1.5 mA,Thermal Limit,,Yes,1,-40°C ~ 85°C,UVLO,,Simple Swapper™,Hot Swap Controller,-65V ~ -16V
MAX5912ESE+T,Analog Devices Inc./Maxim Integrated,IC HOT SWAP CTRLR -48V 16SOIC,linear-audio-amplifiers,0,2.47988,"16-SOIC (0.154"", 3.90mm Width)",Surface Mount,Obsolete,,https://www.digikey.com/en/products/detail/analog-devices-inc-maxim-integrated/MAX5912ESE-T/1781377,-48V,415mA,1.5 mA,Thermal Limit,,Yes,1,-40°C ~ 85°C,UVLO,,Simple Swapper™,Hot Swap Controller,-65V ~ -16V
MAX5914AEMH+,Analog Devices Inc./Maxim Integrated,IC HOT-SWAP CNTRLR 48V 44-MQFP,linear-audio-amplifiers,0,13.19135,-,-,Obsolete,,https://www.digikey.com/en/products/detail/analog-devices-inc-maxim-integrated/MAX5914AEMH/10460908,,,,,,,,,,,*,,
MAX5914AEMH+D,Analog Devices Inc./Maxim Integrated,IC HOT SWAP CTR PWR OVER 44MQFP,linear-audio-amplifiers,0,13.19135,44-QFP,Surface Mount,Obsolete,,https://www.digikey.com/en/products/detail/analog-devices-inc-maxim-integrated/MAX5914AEMH-D/1779811,Power Over Lan,,2.7 mA,,,No,4,-40°C ~ 85°C,"Auto Retry, Current Limit, Fault Timeout, Latched Fault, UVLO",,,Hot Swap Controller,35V ~ 72V
MAX5914AEMH+T,Analog Devices Inc./Maxim Integrated,IC HOT SWAP CTR PWR OVER 44MQFP,linear-audio-amplifiers,0,10.6625,44-QFP,Surface Mount,Obsolete,,https://www.digikey.com/en/products/detail/analog-devices-inc-maxim-integrated/MAX5914AEMH-T/1780496,Power Over Lan,,2.7 mA,,,No,4,-40°C ~ 85°C,"Auto Retry, Current Limit, Fault Timeout, Latched Fault, UVLO",,,Hot Swap Controller,35V ~ 72V
MAX5915AEUI+,Analog Devices Inc./Maxim Integrated,IC HOT SWAP CTRLR PCI 28TSSOP,linear-audio-amplifiers,0,0.0,"28-TSSOP (0.173"", 4.40mm Width)",Surface Mount,Obsolete,https://datasheets.maximintegrated.com/en/ds/MAX5915-MAX5916A.pdf,https://www.digikey.com/en/products/detail/analog-devices-inc-maxim-integrated/MAX5915AEUI/1779333,PCI,"205mA, 1A",2.5 mA,"Fault Timeout, Latched Fault, Thermal Limit, UVLO",,Both,5,-40°C ~ 85°C,"Circuit Breaker, Current Limit",,,Hot Swap Controller,10.8V ~ 13.2V
MAX5916AEUI+,Analog Devices Inc./Maxim Integrated,IC HOT SWAP CTRLR PCI 28TSSOP,linear-audio-amplifiers,0,8.815,"28-TSSOP (0.173"", 4.40mm Width)",Surface Mount,Obsolete,https://datasheets.maximintegrated.com/en/ds/MAX5915-MAX5916A.pdf,https://www.digikey.com/en/products/detail/analog-devices-inc-maxim-integrated/MAX5916AEUI/1779330,PCI,"205mA, 1A",2.5 mA,"Auto Retry, Fault Timeout, Thermal Limit, UVLO",,Both,5,-40°C ~ 85°C,"Circuit Breaker, Current Limit",,,Hot Swap Controller,10.8V ~ 13.2V
MAX5916EUI+,Analog Devices Inc./Maxim Integrated,IC HOT SWAP CTRLR PCI 28TSSOP,linear-audio-amplifiers,0,0.0,"28-TSSOP (0.173"", 4.40mm Width)",Surface Mount,Obsolete,,https://www.digikey.com/en/products/detail/analog-devices-inc-maxim-integrated/MAX5916EUI/1779328,PCI,"205mA, 1A",2.5 mA,"Auto Retry, Fault Timeout, Thermal Limit, UVLO",,Both,5,-40°C ~ 85°C,"Circuit Breaker, Current Limit",,,Hot Swap Controller,10.8V ~ 13.2V
MAX5917AESE+,Analog Devices Inc./Maxim Integrated,IC HOT SWAP CTR NETWORKNG 16SOIC,linear-audio-amplifiers,0,12.44,"16-SOIC (0.154"", 3.90mm Width)",Surface Mount,Active,https://www.analog.com/media/en/technical-documentation/data-sheets/max5910-max5917.pdf,https://www.digikey.com/en/products/detail/analog-devices-inc-maxim-integrated/MAX5917AESE/1779334,Networking,400mA,1.2 mA,Thermal Limit,,Yes,1,-40°C ~ 85°C,UVLO,,Simple Swapper™,Hot Swap Controller,10V ~ 65V
MAX5917AESE+T,Analog Devices Inc./Maxim Integrated,IC HOT SWAP CTR NETWORKNG 16SOIC,linear-audio-amplifiers,0,8.3622,"16-SOIC (0.154"", 3.90mm Width)",Surface Mount,Active,https://www.analog.com/media/en/technical-documentation/data-sheets/max5910-max5917.pdf,https://www.digikey.com/en/products/detail/analog-devices-inc-maxim-integrated/MAX5917AESE-T/1781425,Networking,400mA,1.2 mA,Thermal Limit,,Yes,1,-40°C ~ 85°C,UVLO,,Simple Swapper™,Hot Swap Controller,10V ~ 65V
MAX5917BESE+,Analog Devices Inc./Maxim Integrated,IC HOT SWAP CTR NETWORKNG 16SOIC,linear-audio-amplifiers,45,12.44,"16-SOIC (0.154"", 3.90mm Width)",Surface Mount,Active,https://www.analog.com/media/en/technical-documentation/data-sheets/max5910-max5917.pdf,https://www.digikey.com/en/products/detail/analog-devices-inc-maxim-integrated/MAX5917BESE/1779341,Networking,350mA,1.2 mA,Thermal Limit,,Yes,1,-40°C ~ 85°C,UVLO,,Simple Swapper™,Hot Swap Controller,10V ~ 65V
MAX5917BESE+T,Analog Devices Inc./Maxim Integrated,IC HOT SWAP CTR NETWORKNG 16SOIC,linear-audio-amplifiers,0,8.3622,"16-SOIC (0.154"", 3.90mm Width)",Surface Mount,Active,https://www.analog.com/media/en/technical-documentation/data-sheets/max5910-max5917.pdf,https://www.digikey.com/en/products/detail/analog-devices-inc-maxim-integrated/MAX5917BESE-T/1781423,Networking,350mA,1.2 mA,Thermal Limit,,Yes,1,-40°C ~ 85°C,UVLO,,Simple Swapper™,Hot Swap Controller,10V ~ 65V
MAX5919AEEE+,Analog Devices Inc./Maxim Integrated,IC HOT SWAP CTRLR GP 16QSOP,linear-audio-amplifiers,0,6.2594,"16-SSOP (0.154"", 3.90mm Width)",Surface Mount,Obsolete,,https://www.digikey.com/en/products/detail/analog-devices-inc-maxim-integrated/MAX5919AEEE/1948727,General Purpose,,1.2 mA,"Auto Retry, OVP, UVLO",,No,2,-40°C ~ 85°C,"Circuit Breaker, Current Limit, Fault Timeout, OVP, UVLO",,VariableSpeed/BiLevel™,Hot Swap Controller,1V ~ 13.2V
MAX5920AESA+,Analog Devices Inc./Maxim Integrated,IC HOT SWAP CTRLR -48V 8SOIC,linear-audio-amplifiers,0,9.04,"8-SOIC (0.154"", 3.90mm Width)",Surface Mount,Active,https://www.analog.com/media/en/technical-documentation/data-sheets/MAX5920.pdf,https://www.digikey.com/en/products/detail/analog-devices-inc-maxim-integrated/MAX5920AESA/1780026,-48V,,700 µA,"Fault Timeout, Latched Fault, Thermal Limit",,No,1,-40°C ~ 85°C,"Circuit Breaker, Current Limit, OVP, UVLO",,,Hot Swap Controller,-80V ~ -20V
MAX5920AESA+T,Analog Devices Inc./Maxim Integrated,IC HOT SWAP CTRLR -48V 8SOIC,linear-audio-amplifiers,0,5.8828,"8-SOIC (0.154"", 3.90mm Width)",Surface Mount,Active,https://www.analog.com/media/en/technical-documentation/data-sheets/MAX5920.pdf,https://www.digikey.com/en/products/detail/analog-devices-inc-maxim-integrated/MAX5920AESA-T/1781414,-48V,,700 µA,"Fault Timeout, Latched Fault, Thermal Limit",,No,1,-40°C ~ 85°C,"Circuit Breaker, Current Limit, OVP, UVLO",,,Hot Swap Controller,-80V ~ -20V
MAX5920BESA+,Analog Devices Inc./Maxim Integrated,IC HOT SWAP CTRLR -48V 8SOIC,linear-audio-amplifiers,0,9.04,"8-SOIC (0.154"", 3.90mm Width)",Surface Mount,Active,https://www.analog.com/media/en/technical-documentation/data-sheets/MAX5920.pdf,https://www.digikey.com/en/products/detail/analog-devices-inc-maxim-integrated/MAX5920BESA/1780025,-48V,,700 µA,"Fault Timeout, Latched Fault, Thermal Limit",,No,1,-40°C ~ 85°C,"Circuit Breaker, Current Limit, OVP, UVLO",,,Hot Swap Controller,-80V ~ -20V
MAX5920BESA+T,Analog Devices Inc./Maxim Integrated,IC HOT SWAP CTRLR -48V 8SOIC,linear-audio-amplifiers,0,5.8828,"8-SOIC (0.154"", 3.90mm Width)",Surface Mount,Active,https://www.analog.com/media/en/technical-documentation/data-sheets/MAX5920.pdf,https://www.digikey.com/en/products/detail/analog-devices-inc-maxim-integrated/MAX5920BESA-T/1781409,-48V,,700 µA,"Fault Timeout, Latched Fault, Thermal Limit",,No,1,-40°C ~ 85°C,"Circuit Breaker, Current Limit, OVP, UVLO",,,Hot Swap Controller,-80V ~ -20V
MAX5921AESA+,Analog Devices Inc./Maxim Integrated,IC HOT SWAP CTRLR -48V 8SOIC,linear-audio-amplifiers,60,9.04,"8-SOIC (0.154"", 3.90mm Width)",Surface Mount,Active,https://www.analog.com/media/en/technical-documentation/data-sheets/max5921-max5939.pdf,https://www.digikey.com/en/products/detail/analog-devices-inc-maxim-integrated/MAX5921AESA/1780009,-48V,,700 µA,"Auto Retry, Fault Timeout, Thermal Limit",,No,1,-40°C ~ 85°C,"Circuit Breaker, Current Limit, OVP, UVLO",,,Hot Swap Controller,-80V ~ -20V
MAX5921AESA+T,Analog Devices Inc./Maxim Integrated,IC HOT SWAP CTRLR -48V 8SOIC,linear-audio-amplifiers,0,5.8828,"8-SOIC (0.154"", 3.90mm Width)",Surface Mount,Active,https://www.analog.com/media/en/technical-documentation/data-sheets/max5921-max5939.pdf,https://www.digikey.com/en/products/detail/analog-devices-inc-maxim-integrated/MAX5921AESA-T/1781405,-48V,,700 µA,"Auto Retry, Fault Timeout, Thermal Limit",,No,1,-40°C ~ 85°C,"Circuit Breaker, Current Limit, OVP, UVLO",,,Hot Swap Controller,-80V ~ -20V
MAX5921BESA+,Analog Devices Inc./Maxim Integrated,IC HOT SWAP CTRLR -48V 8SOIC,linear-audio-amplifiers,0,6.8222,"8-SOIC (0.154"", 3.90mm Width)",Surface Mount,Active,https://www.analog.com/media/en/technical-documentation/data-sheets/max5921-max5939.pdf,https://www.digikey.com/en/products/detail/analog-devices-inc-maxim-integrated/MAX5921BESA/1779998,-48V,,700 µA,"Auto Retry, Fault Timeout, Thermal Limit",,No,1,-40°C ~ 85°C,"Circuit Breaker, Current Limit, OVP, UVLO",,,Hot Swap Controller,-80V ~ -20V
MAX5921BESA+T,Analog Devices Inc./Maxim Integrated,IC HOT SWAP CTRLR -48V 8SOIC,linear-audio-amplifiers,0,6.8222,"8-SOIC (0.154"", 3.90mm Width)",Surface Mount,Active,https://www.analog.com/media/en/technical-documentation/data-sheets/max5921-max5939.pdf,https://www.digikey.com/en/products/detail/analog-devices-inc-maxim-integrated/MAX5921BESA-T/1781406,-48V,,700 µA,"Auto Retry, Fault Timeout, Thermal Limit",,No,1,-40°C ~ 85°C,"Circuit Breaker, Current Limit, OVP, UVLO",,,Hot Swap Controller,-80V ~ -20V
MAX5921EESA+,Analog Devices Inc./Maxim Integrated,IC HOT SWAP CTRLR -48V 8SOIC,linear-audio-amplifiers,100,10.34,"8-SOIC (0.154"", 3.90mm Width)",Surface Mount,Active,https://www.analog.com/media/en/technical-documentation/data-sheets/max5921-max5939.pdf,https://www.digikey.com/en/products/detail/analog-devices-inc-maxim-integrated/MAX5921EESA/1780008,-48V,,700 µA,"Auto Retry, Fault Timeout, Thermal Limit",,No,1,-40°C ~ 85°C,"Circuit Breaker, Current Limit, OVP, UVLO",,,Hot Swap Controller,-80V ~ -20V
MAX5921EESA+T,Analog Devices Inc./Maxim Integrated,IC HOT SWAP CTRLR -48V 8SOIC,linear-audio-amplifiers,0,6.8222,"8-SOIC (0.154"", 3.90mm Width)",Surface Mount,Active,https://www.analog.com/media/en/technical-documentation/data-sheets/max5921-max5939.pdf,https://www.digikey.com/en/products/detail/analog-devices-inc-maxim-integrated/MAX5921EESA-T/1781408,-48V,,700 µA,"Auto Retry, Fault Timeout, Thermal Limit",,No,1,-40°C ~ 85°C,"Circuit Breaker, Current Limit, OVP, UVLO",,,Hot Swap Controller,-80V ~ -20V
MAX5921FESA+,Analog Devices Inc./Maxim Integrated,IC HOT SWAP CTRLR -48V 8SOIC,linear-audio-amplifiers,261,9.04,"8-SOIC (0.154"", 3.90mm Width)",Surface Mount,Active,https://www.analog.com/media/en/technical-documentation/data-sheets/max5921-max5939.pdf,https://www.digikey.com/en/products/detail/analog-devices-inc-maxim-integrated/MAX5921FESA/1779994,-48V,,700 µA,"Auto Retry, Fault Timeout, Thermal Limit",,No,1,-40°C ~ 85°C,"Circuit Breaker, Current Limit, OVP, UVLO",,,Hot Swap Controller,-80V ~ -20V
MAX5921FESA+T,Analog Devices Inc./Maxim Integrated,IC HOT SWAP CTRLR -48V 8SOIC,linear-audio-amplifiers,2493,9.04,"8-SOIC (0.154"", 3.90mm Width)",Surface Mount,Active,https://www.analog.com/media/en/technical-documentation/data-sheets/max5921-max5939.pdf,https://www.digikey.com/en/products/detail/analog-devices-inc-maxim-integrated/MAX5921FESA-T/1781407,-48V,,700 µA,"Auto Retry, Fault Timeout, Thermal Limit",,No,1,-40°C ~ 85°C,"Circuit Breaker, Current Limit, OVP, UVLO",,,Hot Swap Controller,-80V ~ -20V
MAX5923EUP+,Analog Devices Inc./Maxim Integrated,IC HOT SWAP CTRLR GP 20TSSOP,linear-audio-amplifiers,49,12.88,"20-TSSOP (0.173"", 4.40mm Width)",Surface Mount,Active,https://www.analog.com/media/en/technical-documentation/data-sheets/MAX5923.pdf,https://www.digikey.com/en/products/detail/analog-devices-inc-maxim-integrated/MAX5923EUP/1779717,General Purpose,800mA,1 mA,"Fault Timeout, Thermal Limit",,Yes,1,-40°C ~ 85°C,"Auto Retry, Current Limit, Latched Fault, UVLO",,Simple Swapper™,Hot Swap Controller,16V ~ 60V
MAX5923EUP+T,Analog Devices Inc./Maxim Integrated,IC HOT SWAP CTRLR GP 20TSSOP,linear-audio-amplifiers,0,8.6856,"20-TSSOP (0.173"", 4.40mm Width)",Surface Mount,Active,https://www.analog.com/media/en/technical-documentation/data-sheets/MAX5923.pdf,https://www.digikey.com/en/products/detail/analog-devices-inc-maxim-integrated/MAX5923EUP-T/1781347,General Purpose,800mA,1 mA,"Fault Timeout, Thermal Limit",,Yes,1,-40°C ~ 85°C,"Auto Retry, Current Limit, Latched Fault, UVLO",,Simple Swapper™,Hot Swap Controller,16V ~ 60V
MAX5924AEUB,Analog Devices Inc./Maxim Integrated,HOT-SWAP CONTROLLER,linear-audio-amplifiers,0,0.0,"10-TFSOP, 10-MSOP (0.118"", 3.00mm Width)",Surface Mount,Active,https://rocelec.widen.net/view/pdf/jf9ehkxudd/MAXM-S-A0001512886-1.pdf?t.download=true&u=5oefqw,https://www.digikey.com/en/products/detail/rochester-electronics-llc/MAX5924AEUB/12133353,General Purpose,,1.5 mA,"Fault Timeout, Latched Fault, Turn On Voltage, UVLO",,Both,1,-40°C ~ 85°C (TA),"Circuit Breaker, Current Limit, Fault Timeout, Slew Rate, Turn On Voltage, UVLO",,,Hot Swap Controller,1V ~ 13.2V
MAX5924AEUB+,Analog Devices Inc./Maxim Integrated,IC HOT-SWAP CTRLR N-CH 10-UMAX,linear-audio-amplifiers,0,4.6354,"10-TFSOP, 10-MSOP (0.118"", 3.00mm Width)",Surface Mount,Active,https://www.analog.com/media/en/technical-documentation/data-sheets/max5924-max5926.pdf,https://www.digikey.com/en/products/detail/analog-devices-inc-maxim-integrated/MAX5924AEUB/10266970,General Purpose,,1.5 mA,"Fault Timeout, Latched Fault, UVLO",,No,1,-40°C ~ 85°C,"Circuit Breaker, Slew Rate, Turn On Voltage",,,Hot Swap Controller,1V ~ 13.2V
MAX5924AEUB+T,Analog Devices Inc./Maxim Integrated,IC HOT SWAP CTRLR GP 10UMAX,linear-audio-amplifiers,0,4.6354,"10-TFSOP, 10-MSOP (0.118"", 3.00mm Width)",Surface Mount,Active,https://www.analog.com/media/en/technical-documentation/data-sheets/max5924-max5926.pdf,https://www.digikey.com/en/products/detail/analog-devices-inc-maxim-integrated/MAX5924AEUB-T/1938074,General Purpose,,1.5 mA,"Fault Timeout, Latched Fault, UVLO",,No,1,-40°C ~ 85°C,"Circuit Breaker, Slew Rate, Turn On Voltage",,,Hot Swap Controller,1V ~ 13.2V
MAX5924BEUB+,Analog Devices Inc./Maxim Integrated,IC HOT SWAP CTRLR GP 10UMAX,linear-audio-amplifiers,17,7.08,"10-TFSOP, 10-MSOP (0.118"", 3.00mm Width)",Surface Mount,Active,https://www.analog.com/media/en/technical-documentation/data-sheets/max5924-max5926.pdf,https://www.digikey.com/en/products/detail/analog-devices-inc-maxim-integrated/MAX5924BEUB/1937479,General Purpose,,1.5 mA,"Fault Timeout, Latched Fault, UVLO",,No,1,-40°C ~ 85°C,"Circuit Breaker, Slew Rate, Turn On Voltage",,,Hot Swap Controller,1V ~ 13.2V
MAX5924BEUB+T,Analog Devices Inc./Maxim Integrated,IC HOT SWAP CTRLR GP 10UMAX,linear-audio-amplifiers,0,4.6354,"10-TFSOP, 10-MSOP (0.118"", 3.00mm Width)",Surface Mount,Active,https://www.analog.com/media/en/technical-documentation/data-sheets/max5924-max5926.pdf,https://www.digikey.com/en/products/detail/analog-devices-inc-maxim-integrated/MAX5924BEUB-T/1938031,General Purpose,,1.5 mA,"Fault Timeout, Latched Fault, UVLO",,No,1,-40°C ~ 85°C,"Circuit Breaker, Slew Rate, Turn On Voltage",,,Hot Swap Controller,1V ~ 13.2V
MAX5924CEUB+,Analog Devices Inc./Maxim Integrated,IC HOT SWAP CTRLR GP 10UMAX,linear-audio-amplifiers,0,6.01,"10-TFSOP, 10-MSOP (0.118"", 3.00mm Width)",Surface Mount,Obsolete,https://www.analog.com/media/en/technical-documentation/data-sheets/max5924-max5926.pdf,https://www.digikey.com/en/products/detail/analog-devices-inc-maxim-integrated/MAX5924CEUB/1937480,General Purpose,,1.5 mA,"Auto Retry, Fault Timeout, UVLO",,No,1,-40°C ~ 85°C,"Circuit Breaker, Slew Rate, Turn On Voltage",,,Hot Swap Controller,1V ~ 13.2V
MAX5924DEUB+,Analog Devices Inc./Maxim Integrated,IC HOT SWAP CTRLR GP 10UMAX,linear-audio-amplifiers,150,8.16,"10-TFSOP, 10-MSOP (0.118"", 3.00mm Width)",Surface Mount,Active,https://www.analog.com/media/en/technical-documentation/data-sheets/max5924-max5926.pdf,https://www.digikey.com/en/products/detail/analog-devices-inc-maxim-integrated/MAX5924DEUB/1937481,General Purpose,,1.5 mA,"Auto Retry, Fault Timeout, UVLO",,No,1,-40°C ~ 85°C,"Circuit Breaker, Slew Rate, Turn On Voltage",,,Hot Swap Controller,1V ~ 13.2V
MAX5924DEUB+T,Analog Devices Inc./Maxim Integrated,IC HOT SWAP CTRLR GP 10UMAX,linear-audio-amplifiers,0,5.2514,"10-TFSOP, 10-MSOP (0.118"", 3.00mm Width)",Surface Mount,Active,https://www.analog.com/media/en/technical-documentation/data-sheets/max5924-max5926.pdf,https://www.digikey.com/en/products/detail/analog-devices-inc-maxim-integrated/MAX5924DEUB-T/1937902,General Purpose,,1.5 mA,"Auto Retry, Fault Timeout, UVLO",,No,1,-40°C ~ 85°C,"Circuit Breaker, Slew Rate, Turn On Voltage",,,Hot Swap Controller,1V ~ 13.2V
MAX5925AEUB+,Analog Devices Inc./Maxim Integrated,IC HOT SWAP CTRLR GP 10UMAX,linear-audio-amplifiers,34,11.0,"10-TFSOP, 10-MSOP (0.118"", 3.00mm Width)",Surface Mount,Active,https://www.analog.com/media/en/technical-documentation/data-sheets/max5924-max5926.pdf,https://www.digikey.com/en/products/detail/analog-devices-inc-maxim-integrated/MAX5925AEUB/1937482,General Purpose,,1.5 mA,"Fault Timeout, Latched Fault, UVLO",,No,1,-40°C ~ 85°C,"Circuit Breaker, Slew Rate, Turn On Voltage",,,Hot Swap Controller,1V ~ 13.2V
MAX5925AEUB+T,Analog Devices Inc./Maxim Integrated,IC HOT SWAP CTRLR GP 10UMAX,linear-audio-amplifiers,0,7.546,"10-TFSOP, 10-MSOP (0.118"", 3.00mm Width)",Surface Mount,Active,https://www.analog.com/media/en/technical-documentation/data-sheets/max5924-max5926.pdf,https://www.digikey.com/en/products/detail/analog-devices-inc-maxim-integrated/MAX5925AEUB-T/1937779,General Purpose,,1.5 mA,"Fault Timeout, Latched Fault, UVLO",,No,1,-40°C ~ 85°C,"Circuit Breaker, Slew Rate, Turn On Voltage",,,Hot Swap Controller,1V ~ 13.2V
MAX5925BEUB+,Analog Devices Inc./Maxim Integrated,IC HOT SWAP CTRLR GP 10UMAX,linear-audio-amplifiers,1,11.33,"10-TFSOP, 10-MSOP (0.118"", 3.00mm Width)",Surface Mount,Active,https://www.analog.com/media/en/technical-documentation/data-sheets/max5924-max5926.pdf,https://www.digikey.com/en/products/detail/analog-devices-inc-maxim-integrated/MAX5925BEUB/1937452,General Purpose,,1.5 mA,"Fault Timeout, Latched Fault, UVLO",,No,1,-40°C ~ 85°C,"Circuit Breaker, Slew Rate, Turn On Voltage",,,Hot Swap Controller,1V ~ 13.2V
MAX5925BEUB+T,Analog Devices Inc./Maxim Integrated,IC HOT SWAP CTRLR GP 10UMAX,linear-audio-amplifiers,0,7.546,"10-TFSOP, 10-MSOP (0.118"", 3.00mm Width)",Surface Mount,Active,https://www.analog.com/media/en/technical-documentation/data-sheets/max5924-max5926.pdf,https://www.digikey.com/en/products/detail/analog-devices-inc-maxim-integrated/MAX5925BEUB-T/1937781,General Purpose,,1.5 mA,"Fault Timeout, Latched Fault, UVLO",,No,1,-40°C ~ 85°C,"Circuit Breaker, Slew Rate, Turn On Voltage",,,Hot Swap Controller,1V ~ 13.2V
MAX5925CEUB+,Analog Devices Inc./Maxim Integrated,IC HOT-SWAP CTRLR N-CH 10-UMAX,linear-audio-amplifiers,0,7.546,-,-,Active,https://www.analog.com/media/en/technical-documentation/data-sheets/max5924-max5926.pdf,https://www.digikey.com/en/products/detail/analog-devices-inc-maxim-integrated/MAX5925CEUB/10267235,,,,,,,,,,,*,,
MAX5925CEUB+T,Analog Devices Inc./Maxim Integrated,IC HOT SWAP CTRLR GP 10UMAX,linear-audio-amplifiers,0,7.546,"10-TFSOP, 10-MSOP (0.118"", 3.00mm Width)",Surface Mount,Active,https://www.analog.com/media/en/technical-documentation/data-sheets/max5924-max5926.pdf,https://www.digikey.com/en/products/detail/analog-devices-inc-maxim-integrated/MAX5925CEUB-T/1937783,General Purpose,,1.5 mA,"Auto Retry, Fault Timeout, UVLO",,No,1,-40°C ~ 85°C,"Circuit Breaker, Slew Rate, Turn On Voltage",,,Hot Swap Controller,1V ~ 13.2V
MAX5925DEUB+,Analog Devices Inc./Maxim Integrated,IC HOT SWAP CTRLR GP 10UMAX,linear-audio-amplifiers,40,11.33,"10-TFSOP, 10-MSOP (0.118"", 3.00mm Width)",Surface Mount,Active,https://www.analog.com/media/en/technical-documentation/data-sheets/max5924-max5926.pdf,https://www.digikey.com/en/products/detail/analog-devices-inc-maxim-integrated/MAX5925DEUB/1937487,General Purpose,,1.5 mA,"Auto Retry, Fault Timeout, UVLO",,No,1,-40°C ~ 85°C,"Circuit Breaker, Slew Rate, Turn On Voltage",,,Hot Swap Controller,1V ~ 13.2V
MAX5925DEUB+T,Analog Devices Inc./Maxim Integrated,IC HOT SWAP CTRLR GP 10UMAX,linear-audio-amplifiers,0,7.546,"10-TFSOP, 10-MSOP (0.118"", 3.00mm Width)",Surface Mount,Active,https://www.analog.com/media/en/technical-documentation/data-sheets/max5924-max5926.pdf,https://www.digikey.com/en/products/detail/analog-devices-inc-maxim-integrated/MAX5925DEUB-T/1937775,General Purpose,,1.5 mA,"Auto Retry, Fault Timeout, UVLO",,No,1,-40°C ~ 85°C,"Circuit Breaker, Slew Rate, Turn On Voltage",,,Hot Swap Controller,1V ~ 13.2V
MAX5926EEE+,Analog Devices Inc./Maxim Integrated,IC HOT SWAP CTRLR GP 16QSOP,linear-audio-amplifiers,100,7.31,"16-LSSOP (0.154"", 3.90mm Width) Exposed Pad",Surface Mount,Active,https://www.analog.com/media/en/technical-documentation/data-sheets/max5924-max5926.pdf,https://www.digikey.com/en/products/detail/analog-devices-inc-maxim-integrated/MAX5926EEE/1779992,General Purpose,,1.5 mA,"Fault Timeout, UVLO",,No,1,-40°C ~ 85°C,"Auto Retry, Circuit Breaker, Latched Fault, Slew Rate",,,Hot Swap Controller,1V ~ 13.2V
MAX5926EEE+T,Analog Devices Inc./Maxim Integrated,IC HOT SWAP CTRLR GP 16QSOP,linear-audio-amplifiers,0,4.6508,"16-LSSOP (0.154"", 3.90mm Width) Exposed Pad",Surface Mount,Active,https://www.analog.com/media/en/technical-documentation/data-sheets/max5924-max5926.pdf,https://www.digikey.com/en/products/detail/analog-devices-inc-maxim-integrated/MAX5926EEE-T/1781335,General Purpose,,1.5 mA,"Fault Timeout, UVLO",,No,1,-40°C ~ 85°C,"Auto Retry, Circuit Breaker, Latched Fault, Slew Rate",,,Hot Swap Controller,1V ~ 13.2V
MAX5927AETJ+,Analog Devices Inc./Maxim Integrated,IC HOT SWAP CTRLR GP 32TQFN,linear-audio-amplifiers,20,25.52,32-WFQFN Exposed Pad,Surface Mount,Active,https://www.analog.com/media/en/technical-documentation/data-sheets/MAX5927A-MAX5929D.pdf,https://www.digikey.com/en/products/detail/analog-devices-inc-maxim-integrated/MAX5927AETJ/2044719,General Purpose,,2.5 mA,Fault Timeout,,No,4,-40°C ~ 85°C,"Auto Retry, Circuit Breaker, Current Limit, Fault Timeout, UVLO",,VariableSpeed/BiLevel™,"Hot Swap Controller, Sequencer",1V ~ 15V
MAX5927AETJ+T,Analog Devices Inc./Maxim Integrated,IC HOT SWAP CTRLR GP 32TQFN,linear-audio-amplifiers,0,18.3722,32-WFQFN Exposed Pad,Surface Mount,Active,https://www.analog.com/media/en/technical-documentation/data-sheets/MAX5927A-MAX5929D.pdf,https://www.digikey.com/en/products/detail/analog-devices-inc-maxim-integrated/MAX5927AETJ-T/2044913,General Purpose,,2.5 mA,Fault Timeout,,No,4,-40°C ~ 85°C,"Auto Retry, Circuit Breaker, Current Limit, Fault Timeout, UVLO",,VariableSpeed/BiLevel™,"Hot Swap Controller, Sequencer",1V ~ 15V
MAX5927ETJ+,Analog Devices Inc./Maxim Integrated,IC HOT-SWAP CTRLR QUAD 32-TQFN,linear-audio-amplifiers,0,0.0,-,-,Discontinued at DigiKey,https://datasheets.maximintegrated.com/en/ds/MAX5927-MAX5929.pdf,https://www.digikey.com/en/products/detail/analog-devices-inc-maxim-integrated/MAX5927ETJ/10267873,,,,,,,,,,,*,,
MAX5927ETJ+T,Analog Devices Inc./Maxim Integrated,IC HOT SWAP CTRLR GP 32TQFN,linear-audio-amplifiers,0,0.0,32-WFQFN Exposed Pad,Surface Mount,Discontinued at DigiKey,https://www.analog.com/media/en/technical-documentation/data-sheets/MAX5927-MAX5929.pdf,https://www.digikey.com/en/products/detail/analog-devices-inc-maxim-integrated/MAX5927ETJ-T/1781336,General Purpose,,2.5 mA,Fault Timeout,,No,4,-40°C ~ 85°C,"Auto Retry, Circuit Breaker, Current Limit, Fault Timeout, UVLO",,VariableSpeed/BiLevel™,Hot Swap Controller,1V ~ 13.2V
MAX5929BEEG+,Analog Devices Inc./Maxim Integrated,IC HOT SWAP CTRLR GP 24QSOP,linear-audio-amplifiers,0,19.48,"24-SSOP (0.154"", 3.90mm Width)",Surface Mount,Obsolete,https://datasheets.maximintegrated.com/en/ds/MAX5927A-MAX5929D.pdf,https://www.digikey.com/en/products/detail/analog-devices-inc-maxim-integrated/MAX5929BEEG/2044692,General Purpose,,2.5 mA,"Fault Timeout, Latched Fault",,No,4,-40°C ~ 85°C,"Circuit Breaker, Current Limit, UVLO",,VariableSpeed/BiLevel™,"Hot Swap Controller, Sequencer",1V ~ 15V
MAX5929DEEG+,Analog Devices Inc./Maxim Integrated,IC HOT SWAP CTRLR GP 24QSOP,linear-audio-amplifiers,0,19.48,"24-SSOP (0.154"", 3.90mm Width)",Surface Mount,Obsolete,https://datasheets.maximintegrated.com/en/ds/MAX5927A-MAX5929D.pdf,https://www.digikey.com/en/products/detail/analog-devices-inc-maxim-integrated/MAX5929DEEG/2044689,General Purpose,,2.5 mA,"Auto Retry, Fault Timeout",,No,4,-40°C ~ 85°C,"Circuit Breaker, Current Limit, UVLO",,VariableSpeed/BiLevel™,"Hot Swap Controller, Sequencer",1V ~ 15V
MAX5929LHEEG+,Analog Devices Inc./Maxim Integrated,IC HOT SWAP CTRLR GP 24QSOP,linear-audio-amplifiers,0,15.75,"24-SSOP (0.154"", 3.90mm Width)",Surface Mount,Obsolete,https://datasheets.maximintegrated.com/en/ds/MAX5927-MAX5929.pdf,https://www.digikey.com/en/products/detail/analog-devices-inc-maxim-integrated/MAX5929LHEEG/1779351,General Purpose,,2.5 mA,"Auto Retry, Fault Timeout",,No,4,-40°C ~ 85°C,"Circuit Breaker, Current Limit, UVLO",,VariableSpeed/BiLevel™,Hot Swap Controller,1V ~ 13.2V
MAX5930EEG+,Analog Devices Inc./Maxim Integrated,IC HOT SWAP CTRLR GP 24QSOP,linear-audio-amplifiers,0,12.9052,"24-SSOP (0.154"", 3.90mm Width)",Surface Mount,Discontinued at DigiKey,https://www.analog.com/media/en/technical-documentation/data-sheets/MAX5930-MAX5931.pdf,https://www.digikey.com/en/products/detail/analog-devices-inc-maxim-integrated/MAX5930EEG/1779349,General Purpose,,2.5 mA,Fault Timeout,,No,3,-40°C ~ 85°C,"Auto Retry, Circuit Breaker, Current Limit, Fault Timeout, UVLO",,VariableSpeed/BiLevel™,Hot Swap Controller,1V ~ 13.2V
MAX5930EEG+T,Analog Devices Inc./Maxim Integrated,IC HOT SWAP CTRLR GP 24QSOP,linear-audio-amplifiers,0,0.0,"24-SSOP (0.154"", 3.90mm Width)",Surface Mount,Discontinued at DigiKey,https://www.analog.com/media/en/technical-documentation/data-sheets/MAX5930-MAX5931.pdf,https://www.digikey.com/en/products/detail/analog-devices-inc-maxim-integrated/MAX5930EEG-T/1781343,General Purpose,,2.5 mA,Fault Timeout,,No,3,-40°C ~ 85°C,"Auto Retry, Circuit Breaker, Current Limit, Fault Timeout, UVLO",,VariableSpeed/BiLevel™,Hot Swap Controller,1V ~ 13.2V
MAX5931BEEP+,Analog Devices Inc./Maxim Integrated,IC HOT-SWAP CTRLR TRPL 20-QSOP,linear-audio-amplifiers,0,11.7974,-,-,Obsolete,,https://www.digikey.com/en/products/detail/analog-devices-inc-maxim-integrated/MAX5931BEEP/10267519,,,,,,,,,,,*,,
MAX5931HEEP+,Analog Devices Inc./Maxim Integrated,IC HOT SWAP CTRLR GP 20QSOP,linear-audio-amplifiers,0,12.8,"20-SSOP (0.154"", 3.90mm Width)",Surface Mount,Obsolete,https://datasheets.maximintegrated.com/en/ds/MAX5930-MAX5931.pdf,https://www.digikey.com/en/products/detail/analog-devices-inc-maxim-integrated/MAX5931HEEP/1779343,General Purpose,,2.5 mA,Fault Timeout,,No,3,-40°C ~ 85°C,"Auto Retry, Circuit Breaker, Current Limit, Fault Timeout, UVLO",,VariableSpeed/BiLevel™,Hot Swap Controller,1V ~ 13.2V
MAX5932ESA+,Analog Devices Inc./Maxim Integrated,IC HOT SWAP CTRLR GP 8SOIC,linear-audio-amplifiers,46,13.42,"8-SOIC (0.154"", 3.90mm Width)",Surface Mount,Active,https://www.analog.com/media/en/technical-documentation/data-sheets/MAX5932.pdf,https://www.digikey.com/en/products/detail/analog-devices-inc-maxim-integrated/MAX5932ESA/1165559,General Purpose,,1.4 mA,Latched Fault,,No,1,-40°C ~ 85°C,"Current Limit, Fault Timeout, OVP, Slew Rate, UVLO",,,Hot Swap Controller,9V ~ 80V
MAX5932ESA+T,Analog Devices Inc./Maxim Integrated,IC HOT SWAP CTRLR GP 8SOIC,linear-audio-amplifiers,1992,13.42,"8-SOIC (0.154"", 3.90mm Width)",Surface Mount,Active,https://www.analog.com/media/en/technical-documentation/data-sheets/MAX5932.pdf,https://www.digikey.com/en/products/detail/analog-devices-inc-maxim-integrated/MAX5932ESA-T/1781326,General Purpose,,1.4 mA,Latched Fault,,No,1,-40°C ~ 85°C,"Current Limit, Fault Timeout, OVP, Slew Rate, UVLO",,,Hot Swap Controller,9V ~ 80V
MAX5933AESA+,Analog Devices Inc./Maxim Integrated,IC HOT SWAP CTRLR GP 8SOIC,linear-audio-amplifiers,360,9.6,"8-SOIC (0.154"", 3.90mm Width)",Surface Mount,Active,https://www.analog.com/media/en/technical-documentation/data-sheets/max5933a-max5947c.pdf,https://www.digikey.com/en/products/detail/analog-devices-inc-maxim-integrated/MAX5933AESA/1779986,General Purpose,,1.4 mA,"Latched Fault, Thermal Limit",,No,1,-40°C ~ 85°C,"Current Limit, Fault Timeout, OVP, UVLO",,,Hot Swap Controller,33V ~ 80V
MAX5933AESA+T,Analog Devices Inc./Maxim Integrated,IC HOT SWAP CTRLR GP 8SOIC,linear-audio-amplifiers,0,2.59524,"8-SOIC (0.154"", 3.90mm Width)",Surface Mount,Obsolete,https://www.analog.com/media/en/technical-documentation/data-sheets/max5933a-max5947c.pdf,https://www.digikey.com/en/products/detail/analog-devices-inc-maxim-integrated/MAX5933AESA-T/1781321,General Purpose,,1.4 mA,"Latched Fault, Thermal Limit",,No,1,-40°C ~ 85°C,"Current Limit, Fault Timeout, OVP, UVLO",,,Hot Swap Controller,33V ~ 80V
MAX5933BESA+,Analog Devices Inc./Maxim Integrated,IC HOT SWAP CTRLR GP 8SOIC,linear-audio-amplifiers,0,3.59425,"8-SOIC (0.154"", 3.90mm Width)",Surface Mount,Obsolete,https://www.analog.com/media/en/technical-documentation/data-sheets/max5933a-max5947c.pdf,https://www.digikey.com/en/products/detail/analog-devices-inc-maxim-integrated/MAX5933BESA/1779989,General Purpose,,1.4 mA,"Auto Retry, Thermal Limit",,No,1,-40°C ~ 85°C,"Current Limit, Fault Timeout, OVP, UVLO",,,Hot Swap Controller,33V ~ 80V
MAX5933CESA+,Analog Devices Inc./Maxim Integrated,IC HOT-SWAP CONTROLLER 8-SOIC,linear-audio-amplifiers,0,4.4874,-,-,Obsolete,https://www.analog.com/media/en/technical-documentation/data-sheets/MAX5933A-MAX5947C.pdf,https://www.digikey.com/en/products/detail/analog-devices-inc-maxim-integrated/MAX5933CESA/10267914,,,,,,,,,,,*,,
MAX5933DESA+,Analog Devices Inc./Maxim Integrated,IC HOT-SWAP CONTROLLER 8-SOIC,linear-audio-amplifiers,0,3.8565,"8-SOIC (0.154"", 3.90mm Width)",Surface Mount,Obsolete,https://www.analog.com/media/en/technical-documentation/data-sheets/max5933a-max5947c.pdf,https://www.digikey.com/en/products/detail/analog-devices-inc-maxim-integrated/MAX5933DESA/1779987,General Purpose,,1.4 mA,"Auto Retry, Thermal Limit",,No,1,-40°C ~ 85°C,"Current Limit, Fault Timeout, OVP, UVLO",,,Hot Swap Controller,33V ~ 80V
MAX5933EESA+,Analog Devices Inc./Maxim Integrated,IC HOT SWAP CTRLR GP 8SOIC,linear-audio-amplifiers,0,4.7894,"8-SOIC (0.154"", 3.90mm Width)",Surface Mount,Active,https://www.analog.com/media/en/technical-documentation/data-sheets/max5933a-max5947c.pdf,https://www.digikey.com/en/products/detail/analog-devices-inc-maxim-integrated/MAX5933EESA/1779995,General Purpose,,1.4 mA,"Auto Retry, Thermal Limit",,No,1,-40°C ~ 85°C,"Current Limit, Fault Timeout, OVP, UVLO",,,Hot Swap Controller,33V ~ 80V
MAX5933EESA+T,Analog Devices Inc./Maxim Integrated,IC HOT-SWAP CONTROLLER 8-SOIC,linear-audio-amplifiers,0,2.59524,"8-SOIC (0.154"", 3.90mm Width)",Surface Mount,Obsolete,https://www.analog.com/media/en/technical-documentation/data-sheets/max5933a-max5947c.pdf,https://www.digikey.com/en/products/detail/analog-devices-inc-maxim-integrated/MAX5933EESA-T/1781327,General Purpose,,1.4 mA,"Auto Retry, Thermal Limit",,No,1,-40°C ~ 85°C,"Current Limit, Fault Timeout, OVP, UVLO",,,Hot Swap Controller,33V ~ 80V
MAX5934AEEE+,Analog Devices Inc./Maxim Integrated,IC HOT SWAP CTRLR GP 16QSOP,linear-audio-amplifiers,133,9.45,"16-SSOP (0.154"", 3.90mm Width)",Surface Mount,Active,https://www.analog.com/media/en/technical-documentation/data-sheets/MAX5934-MAX5934A.pdf,https://www.digikey.com/en/products/detail/analog-devices-inc-maxim-integrated/MAX5934AEEE/1779991,General Purpose,,1.4 mA,Thermal Limit,,No,1,-40°C ~ 85°C,"Auto Retry, Current Limit, Fault Timeout, Latched Fault, Slew Rate, UVLO",,,Hot Swap Controller,9V ~ 80V
MAX5934AEEE+T,Analog Devices Inc./Maxim Integrated,IC HOT SWAP CTRLR GP 16QSOP,linear-audio-amplifiers,0,6.1754,"16-SSOP (0.154"", 3.90mm Width)",Surface Mount,Active,https://www.analog.com/media/en/technical-documentation/data-sheets/MAX5934-MAX5934A.pdf,https://www.digikey.com/en/products/detail/analog-devices-inc-maxim-integrated/MAX5934AEEE-T/1781328,General Purpose,,1.4 mA,Thermal Limit,,No,1,-40°C ~ 85°C,"Auto Retry, Current Limit, Fault Timeout, Latched Fault, Slew Rate, UVLO",,,Hot Swap Controller,9V ~ 80V
MAX5934EEE+T,Analog Devices Inc./Maxim Integrated,IC HOT SWAP CTRLR GP 16QSOP,linear-audio-amplifiers,0,2.59524,"16-SSOP (0.154"", 3.90mm Width)",Surface Mount,Obsolete,,https://www.digikey.com/en/products/detail/analog-devices-inc-maxim-integrated/MAX5934EEE-T/1781344,General Purpose,,1.4 mA,Thermal Limit,,No,1,-40°C ~ 85°C,"Auto Retry, Current Limit, Fault Timeout, Latched Fault, Slew Rate, UVLO",,,Hot Swap Controller,33V ~ 80V
MAX5937AAESA+,Analog Devices Inc./Maxim Integrated,IC HOT SWAP CTRLR -48V 8SOIC,linear-audio-amplifiers,0,5.27,"8-SOIC (0.154"", 3.90mm Width)",Surface Mount,Obsolete,https://datasheets.maximintegrated.com/en/ds/MAX5936-MAX5937.pdf,https://www.digikey.com/en/products/detail/analog-devices-inc-maxim-integrated/MAX5937AAESA/1780001,-48V,,950 µA,"Auto Retry, Fault Timeout",,No,1,-40°C ~ 85°C,"Slew Rate, UVLO",,Load Probe™,Hot Swap Controller,-80V ~ -10V
MAX5938AEEE+,Analog Devices Inc./Maxim Integrated,IC HOT SWAP CTRLR -48V 16QSOP,linear-audio-amplifiers,0,10.04,"16-SSOP (0.154"", 3.90mm Width)",Surface Mount,Active,https://www.analog.com/media/en/technical-documentation/data-sheets/MAX5938.pdf,https://www.digikey.com/en/products/detail/analog-devices-inc-maxim-integrated/MAX5938AEEE/1780068,-48V,,950 µA,"Auto Retry, Fault Timeout",,No,1,-40°C ~ 85°C,"Circuit Breaker, Current Limit, OVP, Slew Rate, UVLO",,Load Probe™,Hot Swap Controller,-80V ~ -10V
MAX5938AEEE+T,Analog Devices Inc./Maxim Integrated,IC HOT SWAP CTRLR -48V 16QSOP,linear-audio-amplifiers,0,6.6066,"16-SSOP (0.154"", 3.90mm Width)",Surface Mount,Active,https://www.analog.com/media/en/technical-documentation/data-sheets/MAX5938.pdf,https://www.digikey.com/en/products/detail/analog-devices-inc-maxim-integrated/MAX5938AEEE-T/1781356,-48V,,950 µA,"Auto Retry, Fault Timeout",,No,1,-40°C ~ 85°C,"Circuit Breaker, Current Limit, OVP, Slew Rate, UVLO",,Load Probe™,Hot Swap Controller,-80V ~ -10V
MAX5939EESA+,Analog Devices Inc./Maxim Integrated,IC HOT SWAP CTRLR -48V 8SOIC,linear-audio-amplifiers,0,6.8222,"8-SOIC (0.154"", 3.90mm Width)",Surface Mount,Active,https://www.analog.com/media/en/technical-documentation/data-sheets/max5921-max5939.pdf,https://www.digikey.com/en/products/detail/analog-devices-inc-maxim-integrated/MAX5939EESA/1780071,-48V,,700 µA,"Fault Timeout, Latched Fault, Thermal Limit",,No,1,-40°C ~ 85°C,"Circuit Breaker, Current Limit, OVP, UVLO",,,Hot Swap Controller,-80V ~ -20V
MAX5939EESA+T,Analog Devices Inc./Maxim Integrated,IC HOT SWAP CTRLR -48V 8SOIC,linear-audio-amplifiers,0,6.8222,"8-SOIC (0.154"", 3.90mm Width)",Surface Mount,Active,https://www.analog.com/media/en/technical-documentation/data-sheets/max5921-max5939.pdf,https://www.digikey.com/en/products/detail/analog-devices-inc-maxim-integrated/MAX5939EESA-T/1781058,-48V,,700 µA,"Fault Timeout, Latched Fault, Thermal Limit",,No,1,-40°C ~ 85°C,"Circuit Breaker, Current Limit, OVP, UVLO",,,Hot Swap Controller,-80V ~ -20V
MAX5946AETX+,Analog Devices Inc./Maxim Integrated,IC HOT SWAP CTRLR PCI EXP 36TQFN,linear-audio-amplifiers,0,8.8242,36-WFQFN Exposed Pad,Surface Mount,Active,,https://www.digikey.com/en/products/detail/analog-devices-inc-maxim-integrated/MAX5946AETX/1456454,PCI Express®,,,"Auto Retry, SMBus, Thermal Shutdown, UVLO",,Both,6,-40°C ~ 85°C,"Current Limit, Fault Timeout",,,Hot Swap Controller,"3V ~ 3.6V, 10.8V ~ 13.2V"
MAX5946AETX+T,Analog Devices Inc./Maxim Integrated,IC HOT SWAP CTRLR PCI EXP 36TQFN,linear-audio-amplifiers,0,3.6875,36-WFQFN Exposed Pad,Surface Mount,Obsolete,https://datasheets.maximintegrated.com/en/ds/MAX5946-MAX5946L.pdf,https://www.digikey.com/en/products/detail/analog-devices-inc-maxim-integrated/MAX5946AETX-T/1455949,PCI Express®,,,"Auto Retry, SMBus, Thermal Shutdown, UVLO",,Both,6,-40°C ~ 85°C,"Current Limit, Fault Timeout",,,Hot Swap Controller,"3V ~ 3.6V, 10.8V ~ 13.2V"
MAX5946LETX+,Analog Devices Inc./Maxim Integrated,IC HOT SWAP CTRLR PCI EXP 36TQFN,linear-audio-amplifiers,35,13.04,36-WFQFN Exposed Pad,Surface Mount,Active,https://www.analog.com/media/en/technical-documentation/data-sheets/MAX5946-MAX5946L.pdf,https://www.digikey.com/en/products/detail/analog-devices-inc-maxim-integrated/MAX5946LETX/1456455,PCI Express®,,,"Latched Fault, SMBus, Thermal Shutdown, UVLO",,Both,6,-40°C ~ 85°C,"Current Limit, Fault Timeout",,,Hot Swap Controller,"3V ~ 3.6V, 10.8V ~ 13.2V"
MAX5946LETX+T,Analog Devices Inc./Maxim Integrated,IC HOT SWAP CTRLR PCI EXP 36TQFN,linear-audio-amplifiers,0,8.8088,36-WFQFN Exposed Pad,Surface Mount,Active,https://www.analog.com/media/en/technical-documentation/data-sheets/MAX5946-MAX5946L.pdf,https://www.digikey.com/en/products/detail/analog-devices-inc-maxim-integrated/MAX5946LETX-T/1455950,PCI Express®,,,"Latched Fault, SMBus, Thermal Shutdown, UVLO",,Both,6,-40°C ~ 85°C,"Current Limit, Fault Timeout",,,Hot Swap Controller,"3V ~ 3.6V, 10.8V ~ 13.2V"
MAX5947AESA+,Analog Devices Inc./Maxim Integrated,IC HOT SWAP CTRLR GP 8SOIC,linear-audio-amplifiers,136,9.45,"8-SOIC (0.154"", 3.90mm Width)",Surface Mount,Active,https://www.analog.com/media/en/technical-documentation/data-sheets/max5933a-max5947c.pdf,https://www.digikey.com/en/products/detail/analog-devices-inc-maxim-integrated/MAX5947AESA/1456515,General Purpose,,1.4 mA,"Latched Fault, Thermal Limit",,No,1,-40°C ~ 85°C,"Current Limit, Fault Timeout, OVP, UVLO",,,Hot Swap Controller,9V ~ 80V
MAX5947AESA+T,Analog Devices Inc./Maxim Integrated,IC HOT SWAP CTRLR GP 8SOIC,linear-audio-amplifiers,0,6.1754,"8-SOIC (0.154"", 3.90mm Width)",Surface Mount,Active,https://www.analog.com/media/en/technical-documentation/data-sheets/max5933a-max5947c.pdf,https://www.digikey.com/en/products/detail/analog-devices-inc-maxim-integrated/MAX5947AESA-T/1455951,General Purpose,,1.4 mA,"Latched Fault, Thermal Limit",,No,1,-40°C ~ 85°C,"Current Limit, Fault Timeout, OVP, UVLO",,,Hot Swap Controller,9V ~ 80V
MAX5947BESA+,Analog Devices Inc./Maxim Integrated,IC HOT SWAP CTRLR GP 8SOIC,linear-audio-amplifiers,1602,9.45,"8-SOIC (0.154"", 3.90mm Width)",Surface Mount,Active,https://www.analog.com/media/en/technical-documentation/data-sheets/max5933a-max5947c.pdf,https://www.digikey.com/en/products/detail/analog-devices-inc-maxim-integrated/MAX5947BESA/1165560,General Purpose,,1.4 mA,"Auto Retry, Thermal Limit",,No,1,-40°C ~ 85°C,"Current Limit, Fault Timeout, OVP, UVLO",,,Hot Swap Controller,9V ~ 80V
MAX5947BESA+T,Analog Devices Inc./Maxim Integrated,IC HOT SWAP CTRLR GP 8SOIC,linear-audio-amplifiers,2570,9.45,"8-SOIC (0.154"", 3.90mm Width)",Surface Mount,Active,https://www.analog.com/media/en/technical-documentation/data-sheets/MAX5933A-MAX5947C.pdf,https://www.digikey.com/en/products/detail/analog-devices-inc-maxim-integrated/MAX5947BESA-T/1455952,General Purpose,,1.4 mA,"Auto Retry, Thermal Limit",,No,1,-40°C ~ 85°C,"Current Limit, Fault Timeout, OVP, UVLO",,,Hot Swap Controller,9V ~ 80V
MAX5947CESA+,Analog Devices Inc./Maxim Integrated,IC HOT SWAP CTRLR GP 8SOIC,linear-audio-amplifiers,169,9.45,"8-SOIC (0.154"", 3.90mm Width)",Surface Mount,Active,https://www.analog.com/media/en/technical-documentation/data-sheets/max5933a-max5947c.pdf,https://www.digikey.com/en/products/detail/analog-devices-inc-maxim-integrated/MAX5947CESA/1456516,General Purpose,,1.4 mA,"Auto Retry, Thermal Limit",,No,1,-40°C ~ 85°C,"Current Limit, Fault Timeout, OVP, UVLO",,,Hot Swap Controller,9V ~ 80V
MAX5947CESA+T,Analog Devices Inc./Maxim Integrated,IC HOT SWAP CTRLR GP 8SOIC,linear-audio-amplifiers,0,6.1754,"8-SOIC (0.154"", 3.90mm Width)",Surface Mount,Active,https://www.analog.com/media/en/technical-documentation/data-sheets/max5933a-max5947c.pdf,https://www.digikey.com/en/products/detail/analog-devices-inc-maxim-integrated/MAX5947CESA-T/1455953,General Purpose,,1.4 mA,"Auto Retry, Thermal Limit",,No,1,-40°C ~ 85°C,"Current Limit, Fault Timeout, OVP, UVLO",,,Hot Swap Controller,9V ~ 80V
MAX5947CESA+TG002,Analog Devices Inc./Maxim Integrated,MAX5947CESA+TG002,linear-audio-amplifiers,0,0.0,"8-SOIC (0.154"", 3.90mm Width)",Surface Mount,Obsolete,,https://www.digikey.com/en/products/detail/analog-devices-inc-maxim-integrated/MAX5947CESA-TG002/21292494,General Purpose,150mA,1.4 mA,"Auto Retry, OVP, Thermal Shutdown, UVLO",,No,1,-40°C ~ 85°C (TA),"Circuit Breaker, Current Limit, Fault Timeout, OVP, UVLO",,,Hot Swap Controller,9V ~ 80V
MAX5948BESA+,Analog Devices Inc./Maxim Integrated,IC HOT SWAP CONTROL 8-SOIC,linear-audio-amplifiers,0,4.1118,"8-SOIC (0.154"", 3.90mm Width)",Surface Mount,Active,https://www.analog.com/media/en/technical-documentation/data-sheets/MAX5948A-MAX5948B.pdf,https://www.digikey.com/en/products/detail/analog-devices-inc-maxim-integrated/MAX5948BESA/10266923,-48V,,700 µA,,,No,1,-40°C ~ 85°C,"Auto Retry, Fault Timeout, Latched Fault, OVP, UVLO",,,Hot Swap Controller,-80V ~ -20V
MAX5948BESA+T,Analog Devices Inc./Maxim Integrated,IC CNTRLR HOT SWAP 8-SOIC,linear-audio-amplifiers,0,1.79128,"8-SOIC (0.154"", 3.90mm Width)",Surface Mount,Obsolete,,https://www.digikey.com/en/products/detail/analog-devices-inc-maxim-integrated/MAX5948BESA-T/1455955,-48V,,700 µA,,,No,1,-40°C ~ 85°C,"Auto Retry, Fault Timeout, Latched Fault, OVP, UVLO",,,Hot Swap Controller,-80V ~ -20V
MAX5949AESA+,Analog Devices Inc./Maxim Integrated,IC HOT SWAP CTRLR -48V 8SOIC,linear-audio-amplifiers,0,9.04,"8-SOIC (0.154"", 3.90mm Width)",Surface Mount,Active,https://www.analog.com/media/en/technical-documentation/data-sheets/MAX5949-MAX5949B.pdf,https://www.digikey.com/en/products/detail/analog-devices-inc-maxim-integrated/MAX5949AESA/1165563,-48V,,700 µA,Fault Timeout,,No,1,-40°C ~ 85°C,"Auto Retry, Circuit Breaker, Latched Fault, OVP, UVLO",,,Hot Swap Controller,-80V ~ -20V
MAX5949AESA+T,Analog Devices Inc./Maxim Integrated,IC HOT SWAP CTRLR -48V 8SOIC,linear-audio-amplifiers,0,5.8828,"8-SOIC (0.154"", 3.90mm Width)",Surface Mount,Active,https://www.analog.com/media/en/technical-documentation/data-sheets/MAX5949-MAX5949B.pdf,https://www.digikey.com/en/products/detail/analog-devices-inc-maxim-integrated/MAX5949AESA-T/1455956,-48V,,700 µA,Fault Timeout,,No,1,-40°C ~ 85°C,"Auto Retry, Circuit Breaker, Latched Fault, OVP, UVLO",,,Hot Swap Controller,-80V ~ -20V
MAX5949BESA+T,Analog Devices Inc./Maxim Integrated,IC HOT SWAP CTRLR -48V 8SOIC,linear-audio-amplifiers,0,2.47988,"8-SOIC (0.154"", 3.90mm Width)",Surface Mount,Obsolete,,https://www.digikey.com/en/products/detail/analog-devices-inc-maxim-integrated/MAX5949BESA-T/1455957,-48V,,700 µA,Fault Timeout,,No,1,-40°C ~ 85°C,"Auto Retry, Circuit Breaker, Latched Fault, OVP, UVLO",,,Hot Swap Controller,-80V ~ -20V
MAX5950ETJ+T,Analog Devices Inc./Maxim Integrated,IC PWM CTRL HOT-SW 12V 32TQFN,linear-audio-amplifiers,0,3.1625,32-WFQFN Exposed Pad,Surface Mount,Obsolete,,https://www.digikey.com/en/products/detail/analog-devices-inc-maxim-integrated/MAX5950ETJ-T/1781082,PCI Express®,,2.3 mA,"Auto Retry, Fault Timeout, Thermal Limit",,No,1,-40°C ~ 85°C,"Current Limit, UVLO",,,"Hot Swap Controller, Switching Regulator","8V ~ 16V, ±5V"
MAX5954AETX+,Analog Devices Inc./Maxim Integrated,IC HOT PLUG CTRLR PCI EXP 36TQFN,linear-audio-amplifiers,610,11.77,36-WFQFN Exposed Pad,Surface Mount,Active,https://www.analog.com/media/en/technical-documentation/data-sheets/MAX5954.pdf,https://www.digikey.com/en/products/detail/analog-devices-inc-maxim-integrated/MAX5954AETX/1779303,PCI Express®,,,"Auto Retry, OVP, SMBus, Thermal Limit, UVLO",,Both,3,-40°C ~ 85°C,"Current Limit, Fault Timeout",,,Hot Plug Controller,"3V ~ 3.6V, 10.8V ~ 13.2V"
MAX5954AETX+T,Analog Devices Inc./Maxim Integrated,IC HOT PLUG CTRLR PCI EXP 36TQFN,linear-audio-amplifiers,1423,11.77,36-WFQFN Exposed Pad,Surface Mount,Active,https://www.analog.com/media/en/technical-documentation/data-sheets/MAX5954.pdf,https://www.digikey.com/en/products/detail/analog-devices-inc-maxim-integrated/MAX5954AETX-T/1781072,PCI Express®,,,"Auto Retry, OVP, SMBus, Thermal Limit, UVLO",,Both,3,-40°C ~ 85°C,"Current Limit, Fault Timeout",,,Hot Plug Controller,"3V ~ 3.6V, 10.8V ~ 13.2V"
MAX5954LETX+,Analog Devices Inc./Maxim Integrated,IC HOT PLUG CTRLR PCI EXP 36TQFN,linear-audio-amplifiers,0,0.0,36-WFQFN Exposed Pad,Surface Mount,Discontinued at DigiKey,https://www.analog.com/media/en/technical-documentation/data-sheets/MAX5954.pdf,https://www.digikey.com/en/products/detail/analog-devices-inc-maxim-integrated/MAX5954LETX/1779321,PCI Express®,,,"Latched Fault, OVP, SMBus, Thermal Limit, UVLO",,Both,3,-40°C ~ 85°C,"Current Limit, Fault Timeout",,,Hot Plug Controller,"3V ~ 3.6V, 10.8V ~ 13.2V"
MAX5954LETX+T,Analog Devices Inc./Maxim Integrated,IC HOT PLUG CTRLR PCI EXP 36TQFN,linear-audio-amplifiers,0,0.0,36-WFQFN Exposed Pad,Surface Mount,Discontinued at DigiKey,https://www.analog.com/media/en/technical-documentation/data-sheets/MAX5954.pdf,https://www.digikey.com/en/products/detail/analog-devices-inc-maxim-integrated/MAX5954LETX-T/1781076,PCI Express®,,,"Latched Fault, OVP, SMBus, Thermal Limit, UVLO",,Both,3,-40°C ~ 85°C,"Current Limit, Fault Timeout",,,Hot Plug Controller,"3V ~ 3.6V, 10.8V ~ 13.2V"
MAX5955AEEE+,Analog Devices Inc./Maxim Integrated,IC HOT SWAP CTRLR GP 16QSOP,linear-audio-amplifiers,865,14.39,"16-SSOP (0.154"", 3.90mm Width)",Surface Mount,Active,https://www.analog.com/media/en/technical-documentation/data-sheets/max5955-max5956.pdf,https://www.digikey.com/en/products/detail/analog-devices-inc-maxim-integrated/MAX5955AEEE/1780077,General Purpose,,1.2 mA,"Auto Retry, OVP, UVLO",,No,2,-40°C ~ 85°C,"Circuit Breaker, Current Limit, Fault Timeout",,VariableSpeed/BiLevel™,"Hot Swap Controller, Monitor",1V ~ 13.2V
MAX5955AEEE+T,Analog Devices Inc./Maxim Integrated,IC HOT SWAP CTRLR GP 16QSOP,linear-audio-amplifiers,0,9.8098,"16-SSOP (0.154"", 3.90mm Width)",Surface Mount,Active,https://www.analog.com/media/en/technical-documentation/data-sheets/max5955-max5956.pdf,https://www.digikey.com/en/products/detail/analog-devices-inc-maxim-integrated/MAX5955AEEE-T/1781080,General Purpose,,1.2 mA,"Auto Retry, OVP, UVLO",,No,2,-40°C ~ 85°C,"Circuit Breaker, Current Limit, Fault Timeout",,VariableSpeed/BiLevel™,"Hot Swap Controller, Monitor",1V ~ 13.2V
MAX5955AUEE+,Analog Devices Inc./Maxim Integrated,IC HOT SWAP CTRLR GP 16QSOP,linear-audio-amplifiers,299,14.39,"16-SSOP (0.154"", 3.90mm Width)",Surface Mount,Active,https://www.analog.com/media/en/technical-documentation/data-sheets/max5955-max5956.pdf,https://www.digikey.com/en/products/detail/analog-devices-inc-maxim-integrated/MAX5955AUEE/1780075,General Purpose,,1.2 mA,"Auto Retry, OVP, UVLO",,No,2,0°C ~ 85°C,"Circuit Breaker, Current Limit, Fault Timeout",,VariableSpeed/BiLevel™,"Hot Swap Controller, Monitor",1V ~ 13.2V
MAX5955AUEE+T,Analog Devices Inc./Maxim Integrated,IC HOT SWAP CTRLR GP 16QSOP,linear-audio-amplifiers,0,9.8098,"16-SSOP (0.154"", 3.90mm Width)",Surface Mount,Active,https://www.analog.com/media/en/technical-documentation/data-sheets/max5955-max5956.pdf,https://www.digikey.com/en/products/detail/analog-devices-inc-maxim-integrated/MAX5955AUEE-T/1781071,General Purpose,,1.2 mA,"Auto Retry, OVP, UVLO",,No,2,0°C ~ 85°C,"Circuit Breaker, Current Limit, Fault Timeout",,VariableSpeed/BiLevel™,"Hot Swap Controller, Monitor",1V ~ 13.2V
MAX5955BEEE+,Analog Devices Inc./Maxim Integrated,IC HOT SWAP CTRLR GP 16QSOP,linear-audio-amplifiers,0,9.8098,"16-SSOP (0.154"", 3.90mm Width)",Surface Mount,Active,https://www.analog.com/media/en/technical-documentation/data-sheets/max5955-max5956.pdf,https://www.digikey.com/en/products/detail/analog-devices-inc-maxim-integrated/MAX5955BEEE/1780059,General Purpose,,1.2 mA,"Latched Fault, OVP, UVLO",,No,2,-40°C ~ 85°C,"Circuit Breaker, Current Limit, Fault Timeout",,VariableSpeed/BiLevel™,"Hot Swap Controller, Monitor",1V ~ 13.2V
MAX5955BEEE+T,Analog Devices Inc./Maxim Integrated,IC HOT SWAP CTRLR GP 16QSOP,linear-audio-amplifiers,0,9.8098,"16-SSOP (0.154"", 3.90mm Width)",Surface Mount,Active,https://www.analog.com/media/en/technical-documentation/data-sheets/max5955-max5956.pdf,https://www.digikey.com/en/products/detail/analog-devices-inc-maxim-integrated/MAX5955BEEE-T/1781016,General Purpose,,1.2 mA,"Latched Fault, OVP, UVLO",,No,2,-40°C ~ 85°C,"Circuit Breaker, Current Limit, Fault Timeout",,VariableSpeed/BiLevel™,"Hot Swap Controller, Monitor",1V ~ 13.2V
MAX5955BUEE+,Analog Devices Inc./Maxim Integrated,IC HOT SWAP CTRLR GP 16QSOP,linear-audio-amplifiers,0,0.0,"16-SSOP (0.154"", 3.90mm Width)",Surface Mount,Obsolete,https://www.analog.com/media/en/technical-documentation/data-sheets/max5955-max5956.pdf,https://www.digikey.com/en/products/detail/analog-devices-inc-maxim-integrated/MAX5955BUEE/1780048,General Purpose,,1.2 mA,"Latched Fault, OVP, UVLO",,No,2,0°C ~ 85°C,"Circuit Breaker, Current Limit, Fault Timeout",,VariableSpeed/BiLevel™,"Hot Swap Controller, Monitor",1V ~ 13.2V
MAX5956AEEE+,Analog Devices Inc./Maxim Integrated,IC HOT SWAP CTRLR GP 16QSOP,linear-audio-amplifiers,60,13.06,"16-SSOP (0.154"", 3.90mm Width)",Surface Mount,Active,https://www.analog.com/media/en/technical-documentation/data-sheets/max5955-max5956.pdf,https://www.digikey.com/en/products/detail/analog-devices-inc-maxim-integrated/MAX5956AEEE/1780058,General Purpose,,1.2 mA,Auto Retry,,No,2,-40°C ~ 85°C,"Circuit Breaker, Current Limit, Fault Timeout",,VariableSpeed/BiLevel™,"Hot Swap Controller, Monitor",1V ~ 13.2V
MAX5956AEEE+T,Analog Devices Inc./Maxim Integrated,IC HOT SWAP CTRLR GP 16QSOP,linear-audio-amplifiers,0,8.8242,"16-SSOP (0.154"", 3.90mm Width)",Surface Mount,Active,https://www.analog.com/media/en/technical-documentation/data-sheets/max5955-max5956.pdf,https://www.digikey.com/en/products/detail/analog-devices-inc-maxim-integrated/MAX5956AEEE-T/1781005,General Purpose,,1.2 mA,Auto Retry,,No,2,-40°C ~ 85°C,"Circuit Breaker, Current Limit, Fault Timeout",,VariableSpeed/BiLevel™,"Hot Swap Controller, Monitor",1V ~ 13.2V
MAX5956BUEE+,Analog Devices Inc./Maxim Integrated,IC DUAL HOT-SWAP CTRLR 16-QSOP,linear-audio-amplifiers,0,8.8242,"16-SSOP (0.154"", 3.90mm Width)",Surface Mount,Active,https://www.analog.com/media/en/technical-documentation/data-sheets/max5955-max5956.pdf,https://www.digikey.com/en/products/detail/analog-devices-inc-maxim-integrated/MAX5956BUEE/10267180,General Purpose,,1.2 mA,Latched Fault,,No,2,0°C ~ 85°C,"Circuit Breaker, Current Limit, Fault Timeout",,VariableSpeed/BiLevel™,"Hot Swap Controller, Monitor",1V ~ 13.2V
MAX5956BUEE+T,Analog Devices Inc./Maxim Integrated,IC HOT SWAP CTRLR GP 16QSOP,linear-audio-amplifiers,0,8.8242,"16-SSOP (0.154"", 3.90mm Width)",Surface Mount,Active,https://www.analog.com/media/en/technical-documentation/data-sheets/max5955-max5956.pdf,https://www.digikey.com/en/products/detail/analog-devices-inc-maxim-integrated/MAX5956BUEE-T/1781011,General Purpose,,1.2 mA,Latched Fault,,No,2,0°C ~ 85°C,"Circuit Breaker, Current Limit, Fault Timeout",,VariableSpeed/BiLevel™,"Hot Swap Controller, Monitor",1V ~ 13.2V
MAX5957AETN+,Analog Devices Inc./Maxim Integrated,IC HOT PLUG CTRLR PCI EXP 56TQFN,linear-audio-amplifiers,0,7.2375,56-WFQFN Exposed Pad,Surface Mount,Obsolete,https://datasheets.maximintegrated.com/en/ds/MAX5957-MAX5958.pdf,https://www.digikey.com/en/products/detail/analog-devices-inc-maxim-integrated/MAX5957AETN/1767506,PCI Express®,,,"Auto Retry, SMBus, Thermal Limit, UVLO",,Both,9,-40°C ~ 85°C,"Current Limit, Fault Timeout",,,Hot Plug Controller,"3V ~ 3.6V, 10.8V ~ 13.2V"
MAX5961ETM+,Analog Devices Inc./Maxim Integrated,IC HOT SWAP CTRLR PCI EXP 48TQFN,linear-audio-amplifiers,0,11.08,48-WFQFN Exposed Pad,Surface Mount,Discontinued at DigiKey,https://www.digikey.com//mm.digikey.com/Volume0/opasdata/d220001/medias/docus/645/MAX5961.pdf,https://www.digikey.com/en/products/detail/analog-devices-inc-maxim-integrated/MAX5961ETM/1937406,PCI Express®,,4 mA,"Auto Retry, I2C, Latched Fault",,No,4,-40°C ~ 85°C,"Circuit Breaker, OVP, UVLO",,VariableSpeed/BiLevel™,"Hot Swap Controller, Monitor",2.7V ~ 16V
MAX5961ETM+T,Analog Devices Inc./Maxim Integrated,IC HOT SWAP CTRLR PCI EXP 48TQFN,linear-audio-amplifiers,0,0.0,48-WFQFN Exposed Pad,Surface Mount,Discontinued at DigiKey,https://www.digikey.com//mm.digikey.com/Volume0/opasdata/d220001/medias/docus/645/MAX5961.pdf,https://www.digikey.com/en/products/detail/analog-devices-inc-maxim-integrated/MAX5961ETM-T/1937803,PCI Express®,,4 mA,"Auto Retry, I2C, Latched Fault",,No,4,-40°C ~ 85°C,"Circuit Breaker, OVP, UVLO",,VariableSpeed/BiLevel™,"Hot Swap Controller, Monitor",2.7V ~ 16V
MAX5963UTL+,Analog Devices Inc./Maxim Integrated,IC HOT SWAP CTRL FIREWIRE 40TQFN,linear-audio-amplifiers,0,4.3102,40-WFQFN Exposed Pad,Surface Mount,Obsolete,,https://www.digikey.com/en/products/detail/analog-devices-inc-maxim-integrated/MAX5963UTL/2044686,FireWire®,,4.5 mA,,,No,2,0°C ~ 85°C,"Auto Retry, Current Limit, Fault Timeout, Latched Fault, UVLO",,,"Hot Swap Controller, OR Controller",7.5V ~ 76V
MAX5963UTL+T,Analog Devices Inc./Maxim Integrated,IC HOT SWAP CTRL FIREWIRE 40TQFN,linear-audio-amplifiers,0,3.4875,40-WFQFN Exposed Pad,Surface Mount,Obsolete,,https://www.digikey.com/en/products/detail/analog-devices-inc-maxim-integrated/MAX5963UTL-T/2044874,FireWire®,,4.5 mA,,,No,2,0°C ~ 85°C,"Auto Retry, Current Limit, Fault Timeout, Latched Fault, UVLO",,,"Hot Swap Controller, OR Controller",7.5V ~ 76V
MAX5968ATI+,Analog Devices Inc./Maxim Integrated,IC GENERAL PURPOSE 28TQFN,linear-audio-amplifiers,0,0.0,28-WFQFN Exposed Pad,Surface Mount,Discontinued at DigiKey,,https://www.digikey.com/en/products/detail/analog-devices-inc-maxim-integrated/MAX5968ATI/2350966,General Purpose,,,,,,,,,,,,
MAX5968ATI+T,Analog Devices Inc./Maxim Integrated,IC GENERAL PURPOSE 28TQFN,linear-audio-amplifiers,0,0.0,28-WFQFN Exposed Pad,Surface Mount,Discontinued at DigiKey,,https://www.digikey.com/en/products/detail/analog-devices-inc-maxim-integrated/MAX5968ATI-T/2350967,General Purpose,,,,,,,,,,,,
MAX5970ETX+,Analog Devices Inc./Maxim Integrated,IC HOT SWAP CTRLR PCI EXP 36TQFN,linear-audio-amplifiers,0,0.0,36-WFQFN Exposed Pad,Surface Mount,Discontinued at DigiKey,https://www.analog.com/media/en/technical-documentation/data-sheets/MAX5970.pdf,https://www.digikey.com/en/products/detail/analog-devices-inc-maxim-integrated/MAX5970ETX/2239008,PCI Express®,,2.5 mA,I2C,,No,2,-40°C ~ 85°C,"Auto Retry, Circuit Breaker, Latched Fault, OVP, Slew Rate, UVLO",,VariableSpeed/BiLevel™,"Hot Swap Controller, Monitor",2.7V ~ 16V
MAX5970ETX+T,Analog Devices Inc./Maxim Integrated,IC HOT SWAP CTRLR PCI EXP 36TQFN,linear-audio-amplifiers,0,14.3,36-WFQFN Exposed Pad,Surface Mount,Discontinued at DigiKey,https://www.analog.com/media/en/technical-documentation/data-sheets/MAX5970.pdf,https://www.digikey.com/en/products/detail/analog-devices-inc-maxim-integrated/MAX5970ETX-T/2239009,PCI Express®,,2.5 mA,I2C,,No,2,-40°C ~ 85°C,"Auto Retry, Circuit Breaker, Latched Fault, OVP, Slew Rate, UVLO",,VariableSpeed/BiLevel™,"Hot Swap Controller, Monitor",2.7V ~ 16V
MAX5976AETE+,Analog Devices Inc./Maxim Integrated,IC HOT SWAP CTRLR GP 16TQFN,linear-audio-amplifiers,733,7.7,16-WQFN Exposed Pad,Surface Mount,Active,https://www.analog.com/media/en/technical-documentation/data-sheets/MAX5976A-MAX5976B.pdf,https://www.digikey.com/en/products/detail/analog-devices-inc-maxim-integrated/MAX5976AETE/2793550,General Purpose,7A,5 mA,"Auto Retry, Thermal Limit",,Yes,1,-40°C ~ 85°C,"Circuit Breaker, UVLO",,,Hot Swap Controller,2.7V ~ 18V
MAX5976AETE+T,Analog Devices Inc./Maxim Integrated,IC HOT SWAP CTRLR GP 16TQFN,linear-audio-amplifiers,1336,7.7,16-WQFN Exposed Pad,Surface Mount,Active,https://www.analog.com/media/en/technical-documentation/data-sheets/MAX5976A-MAX5976B.pdf,https://www.digikey.com/en/products/detail/analog-devices-inc-maxim-integrated/MAX5976AETE-T/2793594,General Purpose,7A,5 mA,"Auto Retry, Thermal Limit",,Yes,1,-40°C ~ 85°C,"Circuit Breaker, UVLO",,,Hot Swap Controller,2.7V ~ 18V
MAX5976BETE+,Analog Devices Inc./Maxim Integrated,IC HOT SWAP CTRLR GP 16TQFN,linear-audio-amplifiers,61,7.7,16-WQFN Exposed Pad,Surface Mount,Active,https://www.analog.com/media/en/technical-documentation/data-sheets/MAX5976A-MAX5976B.pdf,https://www.digikey.com/en/products/detail/analog-devices-inc-maxim-integrated/MAX5976BETE/2793551,General Purpose,7A,5 mA,"Latched Fault, Thermal Limit",,Yes,1,-40°C ~ 85°C,"Circuit Breaker, UVLO",,,Hot Swap Controller,2.7V ~ 18V
MAX5976BETE+T,Analog Devices Inc./Maxim Integrated,IC HOT SWAP CTRLR GP 16TQFN,linear-audio-amplifiers,0,4.928,16-WQFN Exposed Pad,Surface Mount,Active,https://www.analog.com/media/en/technical-documentation/data-sheets/MAX5976A-MAX5976B.pdf,https://www.digikey.com/en/products/detail/analog-devices-inc-maxim-integrated/MAX5976BETE-T/2793595,General Purpose,7A,5 mA,"Latched Fault, Thermal Limit",,Yes,1,-40°C ~ 85°C,"Circuit Breaker, UVLO",,,Hot Swap Controller,2.7V ~ 18V
MAX5977AETP+,Analog Devices Inc./Maxim Integrated,IC HOT SWAP CTRLR GP 20TQFN,linear-audio-amplifiers,0,3.542,20-WFQFN Exposed Pad,Surface Mount,Active,https://www.analog.com/media/en/technical-documentation/data-sheets/max5977a-max5977b.pdf,https://www.digikey.com/en/products/detail/analog-devices-inc-maxim-integrated/MAX5977AETP/2793552,General Purpose,,734 µA,Auto Retry,,No,1,-40°C ~ 85°C,"Circuit Breaker, OVP, UVLO",,VariableSpeed/BiLevel™,Hot Swap Controller,2.7V ~ 16V
MAX5977AETP+T,Analog Devices Inc./Maxim Integrated,IC HOT SWAP CTRLR GP 20TQFN,linear-audio-amplifiers,0,3.542,20-WFQFN Exposed Pad,Surface Mount,Active,https://www.analog.com/media/en/technical-documentation/data-sheets/max5977a-max5977b.pdf,https://www.digikey.com/en/products/detail/analog-devices-inc-maxim-integrated/MAX5977AETP-T/2793596,General Purpose,,734 µA,Auto Retry,,No,1,-40°C ~ 85°C,"Circuit Breaker, OVP, UVLO",,VariableSpeed/BiLevel™,Hot Swap Controller,2.7V ~ 16V
MAX5977BETP+,Analog Devices Inc./Maxim Integrated,IC CTLR SNGL-CH HOT-SWAP 20TQFN,linear-audio-amplifiers,133,8.01,20-WFQFN Exposed Pad,Surface Mount,Active,https://www.analog.com/media/en/technical-documentation/data-sheets/MAX5977A-MAX5977B.pdf,https://www.digikey.com/en/products/detail/analog-devices-inc-maxim-integrated/MAX5977BETP/10266670,General Purpose,,734 µA,Latched Fault,,No,1,-40°C ~ 85°C,"Circuit Breaker, OVP, UVLO",,VariableSpeed/BiLevel™,Hot Swap Controller,2.7V ~ 16V
MAX5977BETP+T,Analog Devices Inc./Maxim Integrated,IC HOT SWAP CTRLR GP 20TQFN,linear-audio-amplifiers,0,0.0,20-WFQFN Exposed Pad,Surface Mount,Discontinued at DigiKey,,https://www.digikey.com/en/products/detail/analog-devices-inc-maxim-integrated/MAX5977BETP-T/2793597,General Purpose,,734 µA,Latched Fault,,No,1,-40°C ~ 85°C,"Circuit Breaker, OVP, UVLO",,VariableSpeed/BiLevel™,Hot Swap Controller,2.7V ~ 16V
MAX5978ETJ+,Analog Devices Inc./Maxim Integrated,IC HOT SWAP CTRLR GP 32TQFN,linear-audio-amplifiers,0,10.81083,32-WFQFN Exposed Pad,Surface Mount,Active,https://www.analog.com/media/en/technical-documentation/data-sheets/MAX5978.pdf,https://www.digikey.com/en/products/detail/analog-devices-inc-maxim-integrated/MAX5978ETJ/2793544,General Purpose,,2.5 mA,"I2C, Latched Fault",,No,1,-40°C ~ 85°C,"Circuit Breaker, OVP, Slew Rate, UVLO",,VariableSpeed/BiLevel™,"Hot Swap Controller, Monitor",2.7V ~ 16V
MAX5978ETJ+T,Analog Devices Inc./Maxim Integrated,IC HOT SWAP CTRLR GP 32TQFN,linear-audio-amplifiers,0,10.8108,32-WFQFN Exposed Pad,Surface Mount,Active,https://www.analog.com/media/en/technical-documentation/data-sheets/MAX5978.pdf,https://www.digikey.com/en/products/detail/analog-devices-inc-maxim-integrated/MAX5978ETJ-T/2793598,General Purpose,,2.5 mA,"I2C, Latched Fault",,No,1,-40°C ~ 85°C,"Circuit Breaker, OVP, Slew Rate, UVLO",,VariableSpeed/BiLevel™,"Hot Swap Controller, Monitor",2.7V ~ 16V
MAX5983AETE+,Analog Devices Inc./Maxim Integrated,"IEEE 802.3AF/AT-COMPLIANT, POWER",linear-audio-amplifiers,0,0.0,-,-,Discontinued at DigiKey,,https://www.digikey.com/en/products/detail/analog-devices-inc-maxim-integrated/MAX5983AETE/11485537,,,,,,,,,,,,,
MAX5983AETE+T,Analog Devices Inc./Maxim Integrated,"IEEE 802.3AF/AT-COMPLIANT, POWER",linear-audio-amplifiers,0,0.0,-,-,Discontinued at DigiKey,,https://www.digikey.com/en/products/detail/analog-devices-inc-maxim-integrated/MAX5983AETE-T/11485988,,,,,,,,,,,,,
MAX8533EUB+,Analog Devices Inc./Maxim Integrated,IC HOT-SWAP CNTRLR 12V 10-UMAX,linear-audio-amplifiers,0,4.21647,"10-TFSOP, 10-MSOP (0.118"", 3.00mm Width)",Surface Mount,Obsolete,https://datasheets.maximintegrated.com/en/ds/MAX8533.pdf,https://www.digikey.com/en/products/detail/analog-devices-inc-maxim-integrated/MAX8533EUB/10267740,InfiniBand™,,1.5 mA,"Latched Fault, UVLO",,No,1,-40°C ~ 85°C,"Current Limit, Fault Timeout, OVP",,,Hot Swap Controller,10V ~ 14V
MAX8533EUB+T,Analog Devices Inc./Maxim Integrated,IC HOTSWAP CTR INFINIBAND 10UMAX,linear-audio-amplifiers,0,3.0625,"10-TFSOP, 10-MSOP (0.118"", 3.00mm Width)",Surface Mount,Obsolete,,https://www.digikey.com/en/products/detail/analog-devices-inc-maxim-integrated/MAX8533EUB-T/1781159,InfiniBand™,,1.5 mA,"Latched Fault, UVLO",,No,1,-40°C ~ 85°C,"Current Limit, Fault Timeout, OVP",,,Hot Swap Controller,10V ~ 14V
MC34652EF,NXP USA Inc.,IC HOT SWAP CTRLR -48V 16SOIC,linear-audio-amplifiers,0,4.27063,"16-SOIC (0.154"", 3.90mm Width)",Surface Mount,Obsolete,https://www.nxp.com/docs/en/data-sheet/MC34652.pdf,https://www.digikey.com/en/products/detail/nxp-usa-inc/MC34652EF/1167239,-48V,2A,900 µA,"Auto Retry, Thermal Limit",,Yes,1,-40°C ~ 85°C,"Current Limit, Fault Timeout, OVP, UVLO",,,Hot Swap Controller,-48V
MC34652EFR2,NXP USA Inc.,IC HOT SWAP CTRLR -48V 16SOIC,linear-audio-amplifiers,0,3.5745,"16-SOIC (0.154"", 3.90mm Width)",Surface Mount,Obsolete,https://www.nxp.com/docs/en/data-sheet/MC34652.pdf,https://www.digikey.com/en/products/detail/nxp-usa-inc/MC34652EFR2/1167240,-48V,2A,900 µA,"Auto Retry, Thermal Limit",,Yes,1,-40°C ~ 85°C,"Current Limit, Fault Timeout, OVP, UVLO",,,Hot Swap Controller,-48V
MC34653EF,NXP USA Inc.,IC HOT SWAP CTRLR -48V 8SOIC,linear-audio-amplifiers,0,3.4901,"8-SOIC (0.154"", 3.90mm Width)",Surface Mount,Obsolete,https://www.nxp.com/docs/en/data-sheet/MC34653.pdf,https://www.digikey.com/en/products/detail/nxp-usa-inc/MC34653EF/1167241,-48V,1A,900 µA,"Auto Retry, Thermal Limit, UVLO",,Yes,1,-40°C ~ 85°C,"Current Limit, Fault Timeout",,,Hot Swap Controller,-74V ~ -39V
MC34653EFR2,NXP USA Inc.,IC HOT SWAP CTRLR -48V 8SOIC,linear-audio-amplifiers,0,3.0447,"8-SOIC (0.154"", 3.90mm Width)",Surface Mount,Obsolete,https://www.nxp.com/docs/en/data-sheet/MC34653.pdf,https://www.digikey.com/en/products/detail/nxp-usa-inc/MC34653EFR2/1167242,-48V,1A,900 µA,"Auto Retry, Thermal Limit, UVLO",,Yes,1,-40°C ~ 85°C,"Current Limit, Fault Timeout",,,Hot Swap Controller,-74V ~ -39V
MCP18480-I/SS,Microchip Technology,IC HOT SWAP CTRLR -48V 20SSOP,linear-audio-amplifiers,0,6.80687,"20-SSOP (0.209"", 5.30mm Width)",Surface Mount,Active,https://ww1.microchip.com/downloads/en/DeviceDoc/20091C.pdf,https://www.digikey.com/en/products/detail/microchip-technology/MCP18480-I-SS/572903,-48V,,,,,No,1,-40°C ~ 85°C,"Auto Retry, Circuit Breaker, Current Limit, Fault Timeout, Latched Fault, OVP, Slew Rate, UVLO",,,Hot Swap Controller,-48V
MCP18480T-I/SS,Microchip Technology,IC HOT SWAP CTRLR -48V 20SSOP,linear-audio-amplifiers,0,6.8068,"20-SSOP (0.209"", 5.30mm Width)",Surface Mount,Active,https://ww1.microchip.com/downloads/en/DeviceDoc/20091C.pdf,https://www.digikey.com/en/products/detail/microchip-technology/MCP18480T-I-SS/572859,-48V,,,,,No,1,-40°C ~ 85°C,"Auto Retry, Circuit Breaker, Current Limit, Fault Timeout, Latched Fault, OVP, Slew Rate, UVLO",,,Hot Swap Controller,-48V
MCZ34652EF,NXP USA Inc.,IC HOT SWAP CTRLR -48V 16SOIC,linear-audio-amplifiers,0,4.27063,"16-SOIC (0.154"", 3.90mm Width)",Surface Mount,Obsolete,https://www.nxp.com/docs/en/data-sheet/MC34652.pdf,https://www.digikey.com/en/products/detail/nxp-usa-inc/MCZ34652EF/1678949,-48V,2A,900 µA,"Auto Retry, Thermal Limit",,Yes,1,-40°C ~ 85°C,"Current Limit, Fault Timeout, OVP, UVLO",,,Hot Swap Controller,-80V ~ -15V
MCZ34652EFR2,NXP USA Inc.,IC HOT SWAP CTRLR -48V 16SOIC,linear-audio-amplifiers,0,3.5745,"16-SOIC (0.154"", 3.90mm Width)",Surface Mount,Obsolete,https://www.nxp.com/docs/en/data-sheet/MC34652.pdf,https://www.digikey.com/en/products/detail/nxp-usa-inc/MCZ34652EFR2/1678950,-48V,2A,900 µA,"Auto Retry, Thermal Limit",,Yes,1,-40°C ~ 85°C,"Current Limit, Fault Timeout, OVP, UVLO",,,Hot Swap Controller,-80V ~ -15V
MCZ34653EF,NXP USA Inc.,IC HOT SWAP CTRLR -48V 8SOIC,linear-audio-amplifiers,0,3.4901,"8-SOIC (0.154"", 3.90mm Width)",Surface Mount,Obsolete,https://www.nxp.com/docs/en/data-sheet/MC34653.pdf,https://www.digikey.com/en/products/detail/nxp-usa-inc/MCZ34653EF/1678951,-48V,1A,900 µA,"Auto Retry, OVP, Thermal Limit, UVLO",,Yes,1,-40°C ~ 85°C,"Current Limit, Fault Timeout",,,Hot Swap Controller,-74V ~ -39V
MCZ34653EFR2,NXP USA Inc.,IC HOT SWAP CTRLR -48V 8SOIC,linear-audio-amplifiers,0,3.0447,"8-SOIC (0.154"", 3.90mm Width)",Surface Mount,Obsolete,https://www.nxp.com/docs/en/data-sheet/MC34653.pdf,https://www.digikey.com/en/products/detail/nxp-usa-inc/MCZ34653EFR2/1678952,-48V,1A,900 µA,"Auto Retry, OVP, Thermal Limit, UVLO",,Yes,1,-40°C ~ 85°C,"Current Limit, Fault Timeout",,,Hot Swap Controller,-74V ~ -39V
MIC2085-JBQS,Microchip Technology,IC HOTSWAP CTR INFINIBAND 16QSOP,linear-audio-amplifiers,0,4.01255,"16-SSOP (0.154"", 3.90mm Width)",Surface Mount,Discontinued at DigiKey,https://ww1.microchip.com/downloads/en/DeviceDoc/MIC2085-Single-Channel-Low-Voltage-Hot-Swap-Controller-DS20006094A.pdf,https://www.digikey.com/en/products/detail/microchip-technology/MIC2085-JBQS/1028038,InfiniBand™,,1.6 mA,"Auto Retry, OVP",,No,1,-40°C ~ 85°C,"Current Limit, Fault Timeout, Slew Rate",,,Hot Swap Controller,2.3V ~ 16.5V
MIC2085-JYQS,Microchip Technology,IC HOTSWAP CTR INFINIBAND 16QSOP,linear-audio-amplifiers,0,5.42082,"16-SSOP (0.154"", 3.90mm Width)",Surface Mount,Active,https://ww1.microchip.com/downloads/en/DeviceDoc/MIC2085-Single-Channel-Low-Voltage-Hot-Swap-Controller-DS20006094A.pdf,https://www.digikey.com/en/products/detail/microchip-technology/MIC2085-JYQS/1616767,InfiniBand™,,1.6 mA,"Auto Retry, OVP",,No,1,-40°C ~ 85°C,"Current Limit, Fault Timeout, Slew Rate",,,Hot Swap Controller,2.3V ~ 16.5V
MIC2085-JYQS-TR,Microchip Technology,IC HOTSWAP CTR INFINIBAND 16QSOP,linear-audio-amplifiers,0,5.4208,"16-SSOP (0.154"", 3.90mm Width)",Surface Mount,Active,https://ww1.microchip.com/downloads/en/DeviceDoc/MIC2085-Single-Channel-Low-Voltage-Hot-Swap-Controller-DS20006094A.pdf,https://www.digikey.com/en/products/detail/microchip-technology/MIC2085-JYQS-TR/1022708,InfiniBand™,,1.6 mA,"Auto Retry, OVP",,No,1,-40°C ~ 85°C,"Current Limit, Fault Timeout, Slew Rate",,,Hot Swap Controller,2.3V ~ 16.5V
MIC2310-1ZTS,Microchip Technology,SINGLE FET CONSTANT POWER LIMIT,linear-audio-amplifiers,692,4.16,"24-TSSOP (0.173"", 4.40mm Width)",Surface Mount,Active,https://rocelec.widen.net/view/pdf/ecdczgfdyq/MCRLS04628-1.pdf?t.download=true&u=5oefqw,https://www.digikey.com/en/products/detail/rochester-electronics-llc/MIC2310-1ZTS/13524364,General Purpose,,10 mA,,,No,1,0°C ~ 70°C,"Auto Retry, Circuit Breaker, Current Limit, Fault Timeout, Latched Fault, OVP, Slew Rate, UVLO",,,Hot Swap Controller,10.8V ~ 13.2V
MIC2310-2ZTS,Microchip Technology,SINGLE FET CONSTANT POWER LIMIT,linear-audio-amplifiers,1117,4.16,"24-TSSOP (0.173"", 4.40mm Width)",Surface Mount,Active,https://rocelec.widen.net/view/pdf/ecdczgfdyq/MCRLS04628-1.pdf?t.download=true&u=5oefqw,https://www.digikey.com/en/products/detail/rochester-electronics-llc/MIC2310-2ZTS/13510662,General Purpose,,10 mA,,,No,1,0°C ~ 70°C,"Auto Retry, Circuit Breaker, Current Limit, Fault Timeout, Latched Fault, OVP, Slew Rate, UVLO",,,Hot Swap Controller,10.8V ~ 13.2V
MIC2341-2YTQ,Microchip Technology,PCI EXPRESS HOT-PLUG CONTROLLER,linear-audio-amplifiers,301,10.2,48-TQFP,Surface Mount,Obsolete,https://rocelec.widen.net/view/pdf/kyi8yciquv/MCRLS03494-1.pdf?t.download=true&u=5oefqw,https://www.digikey.com/en/products/detail/rochester-electronics-llc/MIC2341-2YTQ/11545859,PCI Express®,,,"Latched Fault, Thermal Limit, UVLO",,Both,6,0°C ~ 70°C,"Circuit Breaker, Current Limit, Fault Timeout, Slew Rate",,,Hot Plug Controller,"3V ~ 3.6V, 11V ~ 13V"
MIC2341-2YTQ-TR,Microchip Technology,IC HOT PLUG CTRLR PCI EXP 48TQFP,linear-audio-amplifiers,0,0.0,48-TQFP,Surface Mount,Obsolete,https://ww1.microchip.com/downloads/en/DeviceDoc/mic2341.pdf,https://www.digikey.com/en/products/detail/microchip-technology/MIC2341-2YTQ-TR/2523915,PCI Express®,,,"Latched Fault, Thermal Limit, UVLO",,Both,6,0°C ~ 70°C,"Circuit Breaker, Current Limit, Fault Timeout, Slew Rate",,,Hot Plug Controller,"3V ~ 3.6V, 11V ~ 13V"
MIC2341R-2YTQ,Microchip Technology,IC HOT PLUG CTRLR PCI EXP 48TQFP,linear-audio-amplifiers,0,3.32,48-TQFP,Surface Mount,Active,https://ww1.microchip.com/downloads/en/DeviceDoc/mic2341.pdf,https://www.digikey.com/en/products/detail/microchip-technology/MIC2341R-2YTQ/5701869,PCI Express®,,,"Auto Retry, Thermal Limit, UVLO",,Both,6,0°C ~ 70°C,"Circuit Breaker, Current Limit, Fault Timeout, Slew Rate",,,Hot Plug Controller,"3V ~ 3.6V, 11V ~ 13V"
MIC2341R-2YTQ-TR,Microchip Technology,IC HOT PLUG CTRLR PCI EXP 48TQFP,linear-audio-amplifiers,0,0.0,48-TQFP,Surface Mount,Obsolete,https://ww1.microchip.com/downloads/en/DeviceDoc/mic2341.pdf,https://www.digikey.com/en/products/detail/microchip-technology/MIC2341R-2YTQ-TR/2523916,PCI Express®,,,"Auto Retry, Thermal Limit, UVLO",,Both,6,0°C ~ 70°C,"Circuit Breaker, Current Limit, Fault Timeout, Slew Rate",,,Hot Plug Controller,"3V ~ 3.6V, 11V ~ 13V"
MIC2342-2YTQ,Microchip Technology,DUAL-SLOT PCI EXPRESS HOT-PLUG C,linear-audio-amplifiers,345,9.44,48-TQFP,Surface Mount,Active,https://rocelec.widen.net/view/pdf/ehnttkrame/MCRLS03495-1.pdf?t.download=true&u=5oefqw,https://www.digikey.com/en/products/detail/rochester-electronics-llc/MIC2342-2YTQ/13524357,PCI Express®,,,"Latched Fault, Thermal Limit, UVLO",,Both,6,0°C ~ 70°C,"Circuit Breaker, Current Limit, Fault Timeout, Slew Rate",,,Hot Plug Controller,"3V ~ 3.6V, 11V ~ 13V"
MIC2342-2YTQ-TR,Microchip Technology,IC HOT PLUG CTRLR PCI EXP 48TQFP,linear-audio-amplifiers,0,7.4844,48-TQFP,Surface Mount,Active,https://ww1.microchip.com/downloads/en/DeviceDoc/mic2342.pdf,https://www.digikey.com/en/products/detail/microchip-technology/MIC2342-2YTQ-TR/2523917,PCI Express®,,,"Latched Fault, Thermal Limit, UVLO",,Both,6,0°C ~ 70°C,"Circuit Breaker, Current Limit, Fault Timeout, Slew Rate",,,Hot Plug Controller,"3V ~ 3.6V, 11V ~ 13V"
MIC2342R-2YTQ,Microchip Technology,IC HOT PLUG CTRLR PCI EXP 48TQFP,linear-audio-amplifiers,0,7.4844,48-TQFP,Surface Mount,Active,https://ww1.microchip.com/downloads/en/DeviceDoc/mic2342.pdf,https://www.digikey.com/en/products/detail/microchip-technology/MIC2342R-2YTQ/1834683,PCI Express®,,,"Auto Retry, Thermal Limit, UVLO",,Both,6,0°C ~ 70°C,"Circuit Breaker, Current Limit, Fault Timeout, Slew Rate",,,Hot Plug Controller,"3V ~ 3.6V, 11V ~ 13V"
MIC2342R-2YTQ-TR,Microchip Technology,IC HOT PLUG CTRLR PCI EXP 48TQFP,linear-audio-amplifiers,0,7.4844,48-TQFP,Surface Mount,Active,https://ww1.microchip.com/downloads/en/DeviceDoc/mic2342.pdf,https://www.digikey.com/en/products/detail/microchip-technology/MIC2342R-2YTQ-TR/2523918,PCI Express®,,,"Auto Retry, Thermal Limit, UVLO",,Both,6,0°C ~ 70°C,"Circuit Breaker, Current Limit, Fault Timeout, Slew Rate",,,Hot Plug Controller,"3V ~ 3.6V, 11V ~ 13V"
MIC25383R-JBQS,Micrel Inc.,SINGLE CHANNEL HOT SWAP CONTROLL,linear-audio-amplifiers,2013,0.46,-,-,Active,https://rocelec.widen.net/view/pdf/3xwdbc0dc8/SCMPS00004-1.pdf?t.download=true&u=5oefqw,https://www.digikey.com/en/products/detail/rochester-electronics-llc/MIC25383R-JBQS/12617196,,,,,,,,,,,,,
MIC2580-1.0BTS,Micrel Inc.,HOT-SWAP PCI POWER CONTROLLER,linear-audio-amplifiers,10360,3.41,"24-TSSOP (0.173"", 4.40mm Width)",Surface Mount,Active,https://rocelec.widen.net/view/pdf/kzzdvysxts/MCRLS06052-1.pdf?t.download=true&u=5oefqw,https://www.digikey.com/en/products/detail/rochester-electronics-llc/MIC2580-1-0BTS/12591611,CompactPCI™,,2.2 mA,"Fault Timeout, Latched Fault, Thermal Shutdown, UVLO",,No,1,-40°C ~ 85°C (TA),"Circuit Breaker, Current Limit, Fault Timeout, Latched Fault, Slew Rate, UVLO",,,Hot Swap Controller,"3.1V ~ 3.5V, 4.25V ~ 5.25V, 11.4V ~ 12.6V"
MIC2580-1.0BTSTR,Micrel Inc.,HOT-SWAP PCI POWER CONTROLLER,linear-audio-amplifiers,2500,3.41,"24-TSSOP (0.173"", 4.40mm Width)",Surface Mount,Active,https://rocelec.widen.net/view/pdf/kzzdvysxts/MCRLS06052-1.pdf?t.download=true&u=5oefqw,https://www.digikey.com/en/products/detail/rochester-electronics-llc/MIC2580-1-0BTSTR/12590908,CompactPCI™,,2.2 mA,"Fault Timeout, Latched Fault, Thermal Shutdown, UVLO",,No,1,-40°C ~ 85°C (TA),"Circuit Breaker, Current Limit, Fault Timeout, Latched Fault, Slew Rate, UVLO",,,Hot Swap Controller,"3.1V ~ 3.5V, 4.25V ~ 5.25V, 11.4V ~ 12.6V"
MIC2580-1.6BTS,Micrel Inc.,HOT-SWAP PCI POWER CONTROLLER,linear-audio-amplifiers,3063,3.26,"24-TSSOP (0.173"", 4.40mm Width)",Surface Mount,Active,https://rocelec.widen.net/view/pdf/kzzdvysxts/MCRLS06052-1.pdf?t.download=true&u=5oefqw,https://www.digikey.com/en/products/detail/rochester-electronics-llc/MIC2580-1-6BTS/12600394,CompactPCI™,,2.2 mA,"Fault Timeout, Latched Fault, Thermal Shutdown, UVLO",,No,1,-40°C ~ 85°C (TA),"Circuit Breaker, Current Limit, Fault Timeout, Latched Fault, Slew Rate, UVLO",,,Hot Swap Controller,"3.1V ~ 3.5V, 4.25V ~ 5.25V, 11.4V ~ 12.6V"
MIC2580A-1.0BTS,Microchip Technology,IC HOT SWAP CTRLR PCI 24TSSOP,linear-audio-amplifiers,0,4.23505,"24-TSSOP (0.173"", 4.40mm Width)",Surface Mount,Discontinued at DigiKey,http://ww1.microchip.com/downloads/en/DeviceDoc/MIC2580A.pdf,https://www.digikey.com/en/products/detail/microchip-technology/MIC2580A-1-0BTS/771065,"CompactPCI™, PCI",,,"Latched Fault, Thermal Limit",,Both,4,-40°C ~ 85°C,"Current Limit, Fault Timeout, Slew Rate",,,"Hot Swap Controller, Switching Regulator","3.3V, 5V, ±12V"
MIC2580A-1.6BTS,Microchip Technology,HOT-SWAP PCI POWER CONTROLLER,linear-audio-amplifiers,1500,3.08,"24-TSSOP (0.173"", 4.40mm Width)",Surface Mount,Obsolete,https://rocelec.widen.net/view/pdf/rjm895rql7/MCRLS06122-1.pdf?t.download=true&u=5oefqw,https://www.digikey.com/en/products/detail/rochester-electronics-llc/MIC2580A-1-6BTS/11553790,"CompactPCI™, PCI",,,"Latched Fault, Thermal Limit",,Both,4,-40°C ~ 85°C,"Current Limit, Fault Timeout, Slew Rate",,,"Hot Swap Controller, Switching Regulator","3.3V, 5V, ±12V"
MIC2580A-1.6YTS,Microchip Technology,HOT-SWAP PCI POWER CONTROLLER,linear-audio-amplifiers,1058,4.16,"24-TSSOP (0.173"", 4.40mm Width)",Surface Mount,Obsolete,https://rocelec.widen.net/view/pdf/rjm895rql7/MCRLS06122-1.pdf?t.download=true&u=5oefqw,https://www.digikey.com/en/products/detail/rochester-electronics-llc/MIC2580A-1-6YTS/11519243,"CompactPCI™, PCI",,4 mA,"Latched Fault, Thermal Limit",,Both,4,-40°C ~ 85°C,"Current Limit, Fault Timeout, Slew Rate",,,"Hot Swap Controller, Switching Regulator","3.3V, 5V, 12V"
MIC2582-JBM,Microchip Technology,IC HOT SWAP CTRLR GP 8SOIC,linear-audio-amplifiers,0,2.76039,"8-SOIC (0.154"", 3.90mm Width)",Surface Mount,Discontinued at DigiKey,https://ww1.microchip.com/downloads/en/DeviceDoc/mic2582-83-83r.pdf,https://www.digikey.com/en/products/detail/microchip-technology/MIC2582-JBM/771066,General Purpose,,1.5 mA,Latched Fault,,No,1,-40°C ~ 85°C,"Slew Rate, UVLO",,,Hot Swap Controller,2.3V ~ 13.2V
MIC2582-JBM-TR,Microchip Technology,IC HOT SWAP CTRLR GP 8SOIC,linear-audio-amplifiers,0,2.6,"8-SOIC (0.154"", 3.90mm Width)",Surface Mount,Discontinued at DigiKey,https://ww1.microchip.com/downloads/en/DeviceDoc/mic2582-83-83r.pdf,https://www.digikey.com/en/products/detail/microchip-technology/MIC2582-JBM-TR/771067,General Purpose,,1.5 mA,Latched Fault,,No,1,-40°C ~ 85°C,"Slew Rate, UVLO",,,Hot Swap Controller,2.3V ~ 13.2V
MIC2582-JYM,Microchip Technology,IC HOT SWAP CTRLR GP 8SOIC,linear-audio-amplifiers,37,4.64,"8-SOIC (0.154"", 3.90mm Width)",Surface Mount,Active,https://ww1.microchip.com/downloads/en/DeviceDoc/mic2582-83-83r.pdf,https://www.digikey.com/en/products/detail/microchip-technology/MIC2582-JYM/1028747,General Purpose,,1.5 mA,Latched Fault,,No,1,-40°C ~ 85°C,"Slew Rate, UVLO",,,Hot Swap Controller,2.3V ~ 13.2V
MIC2582-JYM-TR,Microchip Technology,IC HOT SWAP CTRLR GP 8SOIC,linear-audio-amplifiers,0,4.6046,"8-SOIC (0.154"", 3.90mm Width)",Surface Mount,Active,https://ww1.microchip.com/downloads/en/DeviceDoc/mic2582-83-83r.pdf,https://www.digikey.com/en/products/detail/microchip-technology/MIC2582-JYM-TR/771562,General Purpose,,1.5 mA,Latched Fault,,No,1,-40°C ~ 85°C,"Slew Rate, UVLO",,,Hot Swap Controller,2.3V ~ 13.2V
MIC2582-MYM,Microchip Technology,IC HOT SWAP CTRLR GP 8SOIC,linear-audio-amplifiers,0,3.66521,"8-SOIC (0.154"", 3.90mm Width)",Surface Mount,Active,https://ww1.microchip.com/downloads/en/DeviceDoc/mic2582-83-83r.pdf,https://www.digikey.com/en/products/detail/microchip-technology/MIC2582-MYM/2523930,General Purpose,,1.5 mA,Latched Fault,,No,1,-40°C ~ 85°C,"Slew Rate, UVLO",,,Hot Swap Controller,2.3V ~ 13.2V
MIC2582-MYM-TR,Microchip Technology,IC HOT SWAP CTRLR GP 8SOIC,linear-audio-amplifiers,1083,4.34,"8-SOIC (0.154"", 3.90mm Width)",Surface Mount,Active,https://ww1.microchip.com/downloads/en/DeviceDoc/mic2582-83-83r.pdf,https://www.digikey.com/en/products/detail/microchip-technology/MIC2582-MYM-TR/2523931,General Purpose,,1.5 mA,Latched Fault,,No,1,-40°C ~ 85°C,"Slew Rate, UVLO",,,Hot Swap Controller,2.3V ~ 13.2V
MIC2583-JBQS,Microchip Technology,HOT SWAP CONTROLLER,linear-audio-amplifiers,1257,3.08,"16-SSOP (0.154"", 3.90mm Width)",Surface Mount,Obsolete,https://rocelec.widen.net/view/pdf/3oij7tqkel/MCRLS03610-1.pdf?t.download=true&u=5oefqw,https://www.digikey.com/en/products/detail/rochester-electronics-llc/MIC2583-JBQS/11515985,General Purpose,,1.5 mA,Latched Fault,,No,1,-40°C ~ 85°C,"Slew Rate, UVLO",,,Hot Swap Controller,2.3V ~ 13.2V
MIC2583-JBQS-TR,Microchip Technology,IC HOT SWAP CTRLR GP 16QSOP,linear-audio-amplifiers,0,3.05,"16-SSOP (0.154"", 3.90mm Width)",Surface Mount,Discontinued at DigiKey,https://ww1.microchip.com/downloads/en/DeviceDoc/mic2582-83-83r.pdf,https://www.digikey.com/en/products/detail/microchip-technology/MIC2583-JBQS-TR/1028749,General Purpose,,1.5 mA,Latched Fault,,No,1,-40°C ~ 85°C,"Fault Timeout, Slew Rate, UVLO",,,Hot Swap Controller,2.3V ~ 13.2V
MIC2583-JYQS,Microchip Technology,IC HOT SWAP CTRLR GP 16QSOP,linear-audio-amplifiers,0,4.29663,"16-SSOP (0.154"", 3.90mm Width)",Surface Mount,Active,https://ww1.microchip.com/downloads/en/DeviceDoc/mic2582-83-83r.pdf,https://www.digikey.com/en/products/detail/microchip-technology/MIC2583-JYQS/1028750,General Purpose,,1.5 mA,Latched Fault,,No,1,-40°C ~ 85°C,"Fault Timeout, Slew Rate, UVLO",,,Hot Swap Controller,2.3V ~ 13.2V
MIC2583-JYQS-TR,Microchip Technology,IC HOT SWAP CTRLR GP 16QSOP,linear-audio-amplifiers,0,3.4342,"16-SSOP (0.154"", 3.90mm Width)",Surface Mount,Active,https://ww1.microchip.com/downloads/en/DeviceDoc/mic2582-83-83r.pdf,https://www.digikey.com/en/products/detail/microchip-technology/MIC2583-JYQS-TR/1028751,General Purpose,,1.5 mA,Latched Fault,,No,1,-40°C ~ 85°C,"Fault Timeout, Slew Rate, UVLO",,,Hot Swap Controller,2.3V ~ 13.2V
MIC2583-KBQS,Microchip Technology,HOT SWAP CONTROLLER,linear-audio-amplifiers,851,2.0,"16-SSOP (0.154"", 3.90mm Width)",Surface Mount,Obsolete,https://rocelec.widen.net/view/pdf/3oij7tqkel/MCRLS03610-1.pdf?t.download=true&u=5oefqw,https://www.digikey.com/en/products/detail/rochester-electronics-llc/MIC2583-KBQS/11555782,General Purpose,,1.5 mA,Latched Fault,,No,1,-40°C ~ 85°C,"Fault Timeout, Slew Rate, UVLO",,,Hot Swap Controller,2.3V ~ 13.2V
MIC2583-KBQS-TR,Microchip Technology,IC HOT SWAP CTRLR GP 16QSOP,linear-audio-amplifiers,0,3.05,"16-SSOP (0.154"", 3.90mm Width)",Surface Mount,Discontinued at DigiKey,https://ww1.microchip.com/downloads/en/DeviceDoc/mic2582-83-83r.pdf,https://www.digikey.com/en/products/detail/microchip-technology/MIC2583-KBQS-TR/1028753,General Purpose,,1.5 mA,Latched Fault,,No,1,-40°C ~ 85°C,"Fault Timeout, Slew Rate, UVLO",,,Hot Swap Controller,2.3V ~ 13.2V
MIC2583-KYQS,Microchip Technology,IC HOT SWAP CTRLR GP 16QSOP,linear-audio-amplifiers,0,3.43418,"16-SSOP (0.154"", 3.90mm Width)",Surface Mount,Active,https://ww1.microchip.com/downloads/en/DeviceDoc/mic2582-83-83r.pdf,https://www.digikey.com/en/products/detail/microchip-technology/MIC2583-KYQS/1028754,General Purpose,,1.5 mA,Latched Fault,,No,1,-40°C ~ 85°C,"Fault Timeout, Slew Rate, UVLO",,,Hot Swap Controller,2.3V ~ 13.2V
MIC2583-KYQS-TR,Microchip Technology,IC HOT SWAP CTRLR GP 16QSOP,linear-audio-amplifiers,0,3.4342,"16-SSOP (0.154"", 3.90mm Width)",Surface Mount,Active,https://ww1.microchip.com/downloads/en/DeviceDoc/mic2582-83-83r.pdf,https://www.digikey.com/en/products/detail/microchip-technology/MIC2583-KYQS-TR/1028755,General Purpose,,1.5 mA,Latched Fault,,No,1,-40°C ~ 85°C,"Fault Timeout, Slew Rate, UVLO",,,Hot Swap Controller,2.3V ~ 13.2V
MIC2583-LBQS,Microchip Technology,HOT SWAP CONTROLLER,linear-audio-amplifiers,1541,2.0,"16-SSOP (0.154"", 3.90mm Width)",Surface Mount,Obsolete,https://rocelec.widen.net/view/pdf/3oij7tqkel/MCRLS03610-1.pdf?t.download=true&u=5oefqw,https://www.digikey.com/en/products/detail/rochester-electronics-llc/MIC2583-LBQS/11526714,General Purpose,,1.5 mA,Latched Fault,,No,1,-40°C ~ 85°C,"Fault Timeout, Slew Rate, UVLO",,,Hot Swap Controller,2.3V ~ 13.2V
MIC2583-LBQS-TR,Microchip Technology,IC HOT SWAP CTRLR GP 16QSOP,linear-audio-amplifiers,0,3.05,"16-SSOP (0.154"", 3.90mm Width)",Surface Mount,Discontinued at DigiKey,https://ww1.microchip.com/downloads/en/DeviceDoc/mic2582-83-83r.pdf,https://www.digikey.com/en/products/detail/microchip-technology/MIC2583-LBQS-TR/1028757,General Purpose,,1.5 mA,Latched Fault,,No,1,-40°C ~ 85°C,"Fault Timeout, Slew Rate, UVLO",,,Hot Swap Controller,2.3V ~ 13.2V
MIC2583-LYQS,Microchip Technology,IC HOT SWAP CTRLR GP 16QSOP,linear-audio-amplifiers,0,3.43418,"16-SSOP (0.154"", 3.90mm Width)",Surface Mount,Active,https://ww1.microchip.com/downloads/en/DeviceDoc/mic2582-83-83r.pdf,https://www.digikey.com/en/products/detail/microchip-technology/MIC2583-LYQS/1028758,General Purpose,,1.5 mA,Latched Fault,,No,1,-40°C ~ 85°C,"Fault Timeout, Slew Rate, UVLO",,,Hot Swap Controller,2.3V ~ 13.2V
MIC2583-LYQS-TR,Microchip Technology,IC HOT SWAP CTRLR GP 16QSOP,linear-audio-amplifiers,0,3.4342,"16-SSOP (0.154"", 3.90mm Width)",Surface Mount,Active,https://ww1.microchip.com/downloads/en/DeviceDoc/mic2582-83-83r.pdf,https://www.digikey.com/en/products/detail/microchip-technology/MIC2583-LYQS-TR/1028759,General Purpose,,1.5 mA,Latched Fault,,No,1,-40°C ~ 85°C,"Fault Timeout, Slew Rate, UVLO",,,Hot Swap Controller,2.3V ~ 13.2V
MIC2583-MBQS,Microchip Technology,HOT SWAP CONTROLLER,linear-audio-amplifiers,1258,2.0,"16-SSOP (0.154"", 3.90mm Width)",Surface Mount,Obsolete,https://rocelec.widen.net/view/pdf/3oij7tqkel/MCRLS03610-1.pdf?t.download=true&u=5oefqw,https://www.digikey.com/en/products/detail/rochester-electronics-llc/MIC2583-MBQS/11526753,General Purpose,,1.5 mA,Latched Fault,,No,1,-40°C ~ 85°C,"Fault Timeout, Slew Rate, UVLO",,,Hot Swap Controller,2.3V ~ 13.2V
MIC2583-MBQS-TR,Microchip Technology,IC HOT SWAP CTRLR GP 16QSOP,linear-audio-amplifiers,0,3.05,"16-SSOP (0.154"", 3.90mm Width)",Surface Mount,Discontinued at DigiKey,https://ww1.microchip.com/downloads/en/DeviceDoc/mic2582-83-83r.pdf,https://www.digikey.com/en/products/detail/microchip-technology/MIC2583-MBQS-TR/1028761,General Purpose,,1.5 mA,Latched Fault,,No,1,-40°C ~ 85°C,"Fault Timeout, Slew Rate, UVLO",,,Hot Swap Controller,2.3V ~ 13.2V
MIC2583-MYQS,Microchip Technology,IC HOT SWAP CTRLR GP 16QSOP,linear-audio-amplifiers,0,3.43418,"16-SSOP (0.154"", 3.90mm Width)",Surface Mount,Active,https://ww1.microchip.com/downloads/en/DeviceDoc/mic2582-83-83r.pdf,https://www.digikey.com/en/products/detail/microchip-technology/MIC2583-MYQS/1028762,General Purpose,,1.5 mA,Latched Fault,,No,1,-40°C ~ 85°C,"Fault Timeout, Slew Rate, UVLO",,,Hot Swap Controller,2.3V ~ 13.2V
MIC2583-MYQS-TR,Microchip Technology,IC HOT SWAP CTRLR GP 16QSOP,linear-audio-amplifiers,0,3.4342,"16-SSOP (0.154"", 3.90mm Width)",Surface Mount,Active,https://ww1.microchip.com/downloads/en/DeviceDoc/mic2582-83-83r.pdf,https://www.digikey.com/en/products/detail/microchip-technology/MIC2583-MYQS-TR/1028763,General Purpose,,1.5 mA,Latched Fault,,No,1,-40°C ~ 85°C,"Fault Timeout, Slew Rate, UVLO",,,Hot Swap Controller,2.3V ~ 13.2V
MIC2583R-JBQS,Microchip Technology,HOT SWAP CONTROLLER,linear-audio-amplifiers,2500,3.08,"16-SSOP (0.154"", 3.90mm Width)",Surface Mount,Obsolete,https://rocelec.widen.net/view/pdf/3oij7tqkel/MCRLS03610-1.pdf?t.download=true&u=5oefqw,https://www.digikey.com/en/products/detail/rochester-electronics-llc/MIC2583R-JBQS/11509828,General Purpose,,1.5 mA,Auto Retry,,No,1,-40°C ~ 85°C,"Fault Timeout, Slew Rate, UVLO",,,Hot Swap Controller,2.3V ~ 13.2V
MIC2583R-JBQS-TR,Microchip Technology,IC HOT SWAP CTRLR GP 16QSOP,linear-audio-amplifiers,0,3.05,"16-SSOP (0.154"", 3.90mm Width)",Surface Mount,Discontinued at DigiKey,https://ww1.microchip.com/downloads/en/DeviceDoc/mic2582-83-83r.pdf,https://www.digikey.com/en/products/detail/microchip-technology/MIC2583R-JBQS-TR/1028765,General Purpose,,1.5 mA,Auto Retry,,No,1,-40°C ~ 85°C,"Fault Timeout, Slew Rate, UVLO",,,Hot Swap Controller,2.3V ~ 13.2V
MIC2583R-JYQS,Microchip Technology,IC HOT SWAP CTRLR GP 16QSOP,linear-audio-amplifiers,0,4.29663,"16-SSOP (0.154"", 3.90mm Width)",Surface Mount,Active,https://ww1.microchip.com/downloads/en/DeviceDoc/mic2582-83-83r.pdf,https://www.digikey.com/en/products/detail/microchip-technology/MIC2583R-JYQS/1028766,General Purpose,,1.5 mA,Auto Retry,,No,1,-40°C ~ 85°C,"Fault Timeout, Slew Rate, UVLO",,,Hot Swap Controller,2.3V ~ 13.2V
MIC2583R-JYQS-TR,Microchip Technology,IC HOT SWAP CTRLR GP 16QSOP,linear-audio-amplifiers,0,3.6652,"16-SSOP (0.154"", 3.90mm Width)",Surface Mount,Active,https://ww1.microchip.com/downloads/en/DeviceDoc/mic2582-83-83r.pdf,https://www.digikey.com/en/products/detail/microchip-technology/MIC2583R-JYQS-TR/1028767,General Purpose,,1.5 mA,Auto Retry,,No,1,-40°C ~ 85°C,"Fault Timeout, Slew Rate, UVLO",,,Hot Swap Controller,2.3V ~ 13.2V
MIC2583R-KBQS,Microchip Technology,HOT SWAP CONTROLLER,linear-audio-amplifiers,1280,1.63,"16-SSOP (0.154"", 3.90mm Width)",Surface Mount,Obsolete,https://rocelec.widen.net/view/pdf/3oij7tqkel/MCRLS03610-1.pdf?t.download=true&u=5oefqw,https://www.digikey.com/en/products/detail/rochester-electronics-llc/MIC2583R-KBQS/11541767,General Purpose,,1.5 mA,Auto Retry,,No,1,-40°C ~ 85°C,"Fault Timeout, Slew Rate, UVLO",,,Hot Swap Controller,2.3V ~ 13.2V
MIC2583R-KBQS-TR,Microchip Technology,IC HOT SWAP CTRLR GP 16QSOP,linear-audio-amplifiers,0,3.05,"16-SSOP (0.154"", 3.90mm Width)",Surface Mount,Discontinued at DigiKey,https://ww1.microchip.com/downloads/en/DeviceDoc/mic2582-83-83r.pdf,https://www.digikey.com/en/products/detail/microchip-technology/MIC2583R-KBQS-TR/1028769,General Purpose,,1.5 mA,Auto Retry,,No,1,-40°C ~ 85°C,"Fault Timeout, Slew Rate, UVLO",,,Hot Swap Controller,2.3V ~ 13.2V
MIC2583R-KYQS,Microchip Technology,IC HOT SWAP CTRLR GP 16QSOP,linear-audio-amplifiers,0,3.6652,"16-SSOP (0.154"", 3.90mm Width)",Surface Mount,Active,https://ww1.microchip.com/downloads/en/DeviceDoc/mic2582-83-83r.pdf,https://www.digikey.com/en/products/detail/microchip-technology/MIC2583R-KYQS/1028770,General Purpose,,1.5 mA,Auto Retry,,No,1,-40°C ~ 85°C,"Fault Timeout, Slew Rate, UVLO",,,Hot Swap Controller,2.3V ~ 13.2V
MIC2583R-KYQS-TR,Microchip Technology,IC HOT SWAP CTRLR GP 16QSOP,linear-audio-amplifiers,0,3.6652,"16-SSOP (0.154"", 3.90mm Width)",Surface Mount,Active,https://ww1.microchip.com/downloads/en/DeviceDoc/mic2582-83-83r.pdf,https://www.digikey.com/en/products/detail/microchip-technology/MIC2583R-KYQS-TR/1028771,General Purpose,,1.5 mA,Auto Retry,,No,1,-40°C ~ 85°C,"Fault Timeout, Slew Rate, UVLO",,,Hot Swap Controller,2.3V ~ 13.2V
MIC2583R-LBQS,Microchip Technology,HOT SWAP CONTROLLER,linear-audio-amplifiers,1433,1.63,"16-SSOP (0.154"", 3.90mm Width)",Surface Mount,Obsolete,https://rocelec.widen.net/view/pdf/3oij7tqkel/MCRLS03610-1.pdf?t.download=true&u=5oefqw,https://www.digikey.com/en/products/detail/rochester-electronics-llc/MIC2583R-LBQS/11550126,General Purpose,,1.5 mA,Auto Retry,,No,1,-40°C ~ 85°C,"Fault Timeout, Slew Rate, UVLO",,,Hot Swap Controller,2.3V ~ 13.2V
MIC2583R-LBQS-TR,Microchip Technology,IC HOT SWAP CTRLR GP 16QSOP,linear-audio-amplifiers,0,3.05,"16-SSOP (0.154"", 3.90mm Width)",Surface Mount,Discontinued at DigiKey,https://ww1.microchip.com/downloads/en/DeviceDoc/mic2582-83-83r.pdf,https://www.digikey.com/en/products/detail/microchip-technology/MIC2583R-LBQS-TR/1028773,General Purpose,,1.5 mA,Auto Retry,,No,1,-40°C ~ 85°C,"Fault Timeout, Slew Rate, UVLO",,,Hot Swap Controller,2.3V ~ 13.2V
MIC2583R-LYQS,Microchip Technology,IC HOT SWAP CTRLR GP 16QSOP,linear-audio-amplifiers,0,3.6652,"16-SSOP (0.154"", 3.90mm Width)",Surface Mount,Active,https://ww1.microchip.com/downloads/en/DeviceDoc/mic2582-83-83r.pdf,https://www.digikey.com/en/products/detail/microchip-technology/MIC2583R-LYQS/1028774,General Purpose,,1.5 mA,Auto Retry,,No,1,-40°C ~ 85°C,"Fault Timeout, Slew Rate, UVLO",,,Hot Swap Controller,2.3V ~ 13.2V
MIC2583R-LYQS-TR,Microchip Technology,IC HOT SWAP CTRLR GP 16QSOP,linear-audio-amplifiers,0,3.6652,"16-SSOP (0.154"", 3.90mm Width)",Surface Mount,Active,https://ww1.microchip.com/downloads/en/DeviceDoc/mic2582-83-83r.pdf,https://www.digikey.com/en/products/detail/microchip-technology/MIC2583R-LYQS-TR/1028775,General Purpose,,1.5 mA,Auto Retry,,No,1,-40°C ~ 85°C,"Fault Timeout, Slew Rate, UVLO",,,Hot Swap Controller,2.3V ~ 13.2V
MIC2583R-MBQS,Microchip Technology,HOT SWAP CONTROLLER,linear-audio-amplifiers,1255,1.63,"16-SSOP (0.154"", 3.90mm Width)",Surface Mount,Obsolete,https://rocelec.widen.net/view/pdf/3oij7tqkel/MCRLS03610-1.pdf?t.download=true&u=5oefqw,https://www.digikey.com/en/products/detail/rochester-electronics-llc/MIC2583R-MBQS/11539409,General Purpose,,1.5 mA,Auto Retry,,No,1,-40°C ~ 85°C,"Fault Timeout, Slew Rate, UVLO",,,Hot Swap Controller,2.3V ~ 13.2V
MIC2583R-MBQS-TR,Microchip Technology,IC HOT SWAP CTRLR GP 16QSOP,linear-audio-amplifiers,0,3.05,"16-SSOP (0.154"", 3.90mm Width)",Surface Mount,Discontinued at DigiKey,https://ww1.microchip.com/downloads/en/DeviceDoc/mic2582-83-83r.pdf,https://www.digikey.com/en/products/detail/microchip-technology/MIC2583R-MBQS-TR/1028777,General Purpose,,1.5 mA,Auto Retry,,No,1,-40°C ~ 85°C,"Fault Timeout, Slew Rate, UVLO",,,Hot Swap Controller,2.3V ~ 13.2V
MIC2583R-MYQS,Microchip Technology,IC HOT SWAP CTRLR GP 16QSOP,linear-audio-amplifiers,0,5.40541,"16-SSOP (0.154"", 3.90mm Width)",Surface Mount,Active,https://ww1.microchip.com/downloads/en/DeviceDoc/mic2582-83-83r.pdf,https://www.digikey.com/en/products/detail/microchip-technology/MIC2583R-MYQS/1028778,General Purpose,,1.5 mA,Auto Retry,,No,1,-40°C ~ 85°C,"Fault Timeout, Slew Rate, UVLO",,,Hot Swap Controller,2.3V ~ 13.2V
MIC2583R-MYQS-TR,Microchip Technology,IC HOT SWAP CTRLR GP 16QSOP,linear-audio-amplifiers,0,3.6652,"16-SSOP (0.154"", 3.90mm Width)",Surface Mount,Active,https://ww1.microchip.com/downloads/en/DeviceDoc/mic2582-83-83r.pdf,https://www.digikey.com/en/products/detail/microchip-technology/MIC2583R-MYQS-TR/1028779,General Purpose,,1.5 mA,Auto Retry,,No,1,-40°C ~ 85°C,"Fault Timeout, Slew Rate, UVLO",,,Hot Swap Controller,2.3V ~ 13.2V
MIC2584-JBTS,Microchip Technology,IC HOT SWAP CTRLR GP 16TSSOP,linear-audio-amplifiers,0,5.01787,"16-TSSOP (0.173"", 4.40mm Width)",Surface Mount,Discontinued at DigiKey,https://ww1.microchip.com/downloads/en/DeviceDoc/mic2584-85.pdf,https://www.digikey.com/en/products/detail/microchip-technology/MIC2584-JBTS/1028780,General Purpose,,1.7 mA,Latched Fault,,No,2,-40°C ~ 85°C,"Fault Timeout, Slew Rate, UVLO",,,Hot Swap Controller,1V ~ 13.2V
MIC2584-JBTS-TR,Microchip Technology,IC HOT SWAP CTRLR GP 16TSSOP,linear-audio-amplifiers,0,4.975,"16-TSSOP (0.173"", 4.40mm Width)",Surface Mount,Discontinued at DigiKey,https://ww1.microchip.com/downloads/en/DeviceDoc/mic2584-85.pdf,https://www.digikey.com/en/products/detail/microchip-technology/MIC2584-JBTS-TR/1023523,General Purpose,,1.7 mA,Latched Fault,,No,2,-40°C ~ 85°C,"Fault Timeout, Slew Rate, UVLO",,,Hot Swap Controller,1V ~ 13.2V
MIC2584-JYTS,Microchip Technology,IC HOT SWAP CTRLR GP 16TSSOP,linear-audio-amplifiers,40,8.33,"16-TSSOP (0.173"", 4.40mm Width)",Surface Mount,Active,https://ww1.microchip.com/downloads/en/DeviceDoc/mic2584-85.pdf,https://www.digikey.com/en/products/detail/microchip-technology/MIC2584-JYTS/1028781,General Purpose,,1.7 mA,Latched Fault,,No,2,-40°C ~ 85°C,"Fault Timeout, Slew Rate, UVLO",,,Hot Swap Controller,1V ~ 13.2V
MIC2584-JYTS-TR,Microchip Technology,IC HOT SWAP CTRLR GP 16TSSOP,linear-audio-amplifiers,0,6.9762,"16-TSSOP (0.173"", 4.40mm Width)",Surface Mount,Active,https://ww1.microchip.com/downloads/en/DeviceDoc/mic2584-85.pdf,https://www.digikey.com/en/products/detail/microchip-technology/MIC2584-JYTS-TR/1022710,General Purpose,,1.7 mA,Latched Fault,,No,2,-40°C ~ 85°C,"Fault Timeout, Slew Rate, UVLO",,,Hot Swap Controller,1V ~ 13.2V
MIC2585-1JBTS,Microchip Technology,DUAL-CH HOT SWAP CONTROLLER,linear-audio-amplifiers,1536,10.2,"24-TSSOP (0.173"", 4.40mm Width)",Surface Mount,Obsolete,https://rocelec.widen.net/view/pdf/opyjjqng8w/MCRLS05848-1.pdf?t.download=true&u=5oefqw,https://www.digikey.com/en/products/detail/rochester-electronics-llc/MIC2585-1JBTS/11525084,General Purpose,,1.7 mA,Latched Fault,,No,2,-40°C ~ 85°C,"Fault Timeout, OVP, Slew Rate, UVLO",,,"Hot Swap Controller, Sequencer",1V ~ 13.2V
MIC2585-1JBTS-TR,Microchip Technology,IC HOT SWAP CTRLR GP 24TSSOP,linear-audio-amplifiers,0,5.2,"24-TSSOP (0.173"", 4.40mm Width)",Surface Mount,Discontinued at DigiKey,https://ww1.microchip.com/downloads/en/DeviceDoc/mic2584-85.pdf,https://www.digikey.com/en/products/detail/microchip-technology/MIC2585-1JBTS-TR/1023524,General Purpose,,1.7 mA,Latched Fault,,No,2,-40°C ~ 85°C,"Fault Timeout, OVP, Slew Rate, UVLO",,,"Hot Swap Controller, Sequencer",1V ~ 13.2V
MIC2585-1JYTS,Microchip Technology,DUAL-CH HOT SWAP CONTROLLER,linear-audio-amplifiers,6707,10.2,"24-TSSOP (0.173"", 4.40mm Width)",Surface Mount,Obsolete,https://rocelec.widen.net/view/pdf/opyjjqng8w/MCRLS05848-1.pdf?t.download=true&u=5oefqw,https://www.digikey.com/en/products/detail/rochester-electronics-llc/MIC2585-1JYTS/11522294,General Purpose,,1.7 mA,Latched Fault,,No,2,-40°C ~ 85°C,"Fault Timeout, OVP, Slew Rate, UVLO",,,"Hot Swap Controller, Sequencer",1V ~ 13.2V
MIC2585-1JYTS-TR,Microchip Technology,IC HOT SWAP CTRLR GP 24TSSOP,linear-audio-amplifiers,0,0.0,"24-TSSOP (0.173"", 4.40mm Width)",Surface Mount,Obsolete,https://ww1.microchip.com/downloads/en/DeviceDoc/mic2584-85.pdf,https://www.digikey.com/en/products/detail/microchip-technology/MIC2585-1JYTS-TR/1022711,General Purpose,,1.7 mA,Latched Fault,,No,2,-40°C ~ 85°C,"Fault Timeout, OVP, Slew Rate, UVLO",,,"Hot Swap Controller, Sequencer",1V ~ 13.2V
MIC2585-1KBTS,Microchip Technology,IC HOT SWAP CTRLR GP 24TSSOP,linear-audio-amplifiers,0,5.44282,"24-TSSOP (0.173"", 4.40mm Width)",Surface Mount,Discontinued at DigiKey,https://ww1.microchip.com/downloads/en/DeviceDoc/mic2584-85.pdf,https://www.digikey.com/en/products/detail/microchip-technology/MIC2585-1KBTS/1028786,General Purpose,,1.7 mA,Latched Fault,,No,2,-40°C ~ 85°C,"Fault Timeout, OVP, Slew Rate, UVLO",,,"Hot Swap Controller, Sequencer",1V ~ 13.2V
MIC2585-1KBTS-TR,Microchip Technology,IC HOT SWAP CTRLR GP 24TSSOP,linear-audio-amplifiers,0,5.2,"24-TSSOP (0.173"", 4.40mm Width)",Surface Mount,Discontinued at DigiKey,https://ww1.microchip.com/downloads/en/DeviceDoc/mic2584-85.pdf,https://www.digikey.com/en/products/detail/microchip-technology/MIC2585-1KBTS-TR/1028787,General Purpose,,1.7 mA,Latched Fault,,No,2,-40°C ~ 85°C,"Fault Timeout, OVP, Slew Rate, UVLO",,,"Hot Swap Controller, Sequencer",1V ~ 13.2V
MIC2585-1KYTS,Microchip Technology,IC HOT SWAP CTRLR GP 24TSSOP,linear-audio-amplifiers,0,0.0,"24-TSSOP (0.173"", 4.40mm Width)",Surface Mount,Obsolete,https://ww1.microchip.com/downloads/en/DeviceDoc/mic2584-85.pdf,https://www.digikey.com/en/products/detail/microchip-technology/MIC2585-1KYTS/1616808,General Purpose,,1.7 mA,Latched Fault,,No,2,-40°C ~ 85°C,"Fault Timeout, OVP, Slew Rate, UVLO",,,"Hot Swap Controller, Sequencer",1V ~ 13.2V
MIC2585-1LBTS,Microchip Technology,IC HOT SWAP CTRLR GP 24TSSOP,linear-audio-amplifiers,0,5.44282,"24-TSSOP (0.173"", 4.40mm Width)",Surface Mount,Discontinued at DigiKey,https://ww1.microchip.com/downloads/en/DeviceDoc/mic2584-85.pdf,https://www.digikey.com/en/products/detail/microchip-technology/MIC2585-1LBTS/1028788,General Purpose,,1.7 mA,Latched Fault,,No,2,-40°C ~ 85°C,"Fault Timeout, OVP, Slew Rate, UVLO",,,"Hot Swap Controller, Sequencer",1V ~ 13.2V
MIC2585-1LBTS-TR,Microchip Technology,IC HOT SWAP CTRLR GP 24TSSOP,linear-audio-amplifiers,0,5.2,"24-TSSOP (0.173"", 4.40mm Width)",Surface Mount,Discontinued at DigiKey,https://ww1.microchip.com/downloads/en/DeviceDoc/mic2584-85.pdf,https://www.digikey.com/en/products/detail/microchip-technology/MIC2585-1LBTS-TR/1028789,General Purpose,,1.7 mA,Latched Fault,,No,2,-40°C ~ 85°C,"Fault Timeout, OVP, Slew Rate, UVLO",,,"Hot Swap Controller, Sequencer",1V ~ 13.2V
MIC2585-1LYTS,Microchip Technology,IC HOT SWAP CTRLR GP 24TSSOP,linear-audio-amplifiers,0,0.0,"24-TSSOP (0.173"", 4.40mm Width)",Surface Mount,Obsolete,https://ww1.microchip.com/downloads/en/DeviceDoc/mic2584-85.pdf,https://www.digikey.com/en/products/detail/microchip-technology/MIC2585-1LYTS/1616810,General Purpose,,1.7 mA,Latched Fault,,No,2,-40°C ~ 85°C,"Fault Timeout, OVP, Slew Rate, UVLO",,,"Hot Swap Controller, Sequencer",1V ~ 13.2V
MIC2585-1MBTS,Microchip Technology,IC HOT SWAP CTRLR GP 24TSSOP,linear-audio-amplifiers,0,5.44282,"24-TSSOP (0.173"", 4.40mm Width)",Surface Mount,Discontinued at DigiKey,https://ww1.microchip.com/downloads/en/DeviceDoc/mic2584-85.pdf,https://www.digikey.com/en/products/detail/microchip-technology/MIC2585-1MBTS/1028790,General Purpose,,1.7 mA,Latched Fault,,No,2,-40°C ~ 85°C,"Fault Timeout, OVP, Slew Rate, UVLO",,,"Hot Swap Controller, Sequencer",1V ~ 13.2V
MIC2585-1MBTS-TR,Microchip Technology,IC HOT SWAP CTRLR GP 24TSSOP,linear-audio-amplifiers,0,5.2,"24-TSSOP (0.173"", 4.40mm Width)",Surface Mount,Discontinued at DigiKey,https://ww1.microchip.com/downloads/en/DeviceDoc/mic2584-85.pdf,https://www.digikey.com/en/products/detail/microchip-technology/MIC2585-1MBTS-TR/1028791,General Purpose,,1.7 mA,Latched Fault,,No,2,-40°C ~ 85°C,"Fault Timeout, OVP, Slew Rate, UVLO",,,"Hot Swap Controller, Sequencer",1V ~ 13.2V
MIC2585-1MYTS,Microchip Technology,IC HOT SWAP CTRLR GP 24TSSOP,linear-audio-amplifiers,0,0.0,"24-TSSOP (0.173"", 4.40mm Width)",Surface Mount,Obsolete,https://ww1.microchip.com/downloads/en/DeviceDoc/mic2584-85.pdf,https://www.digikey.com/en/products/detail/microchip-technology/MIC2585-1MYTS/1616812,General Purpose,,1.7 mA,Latched Fault,,No,2,-40°C ~ 85°C,"Fault Timeout, OVP, Slew Rate, UVLO",,,"Hot Swap Controller, Sequencer",1V ~ 13.2V
MIC2585-2JBTS,Microchip Technology,DUAL-CH HOT SWAP CONTROLLER,linear-audio-amplifiers,397,10.2,"24-TSSOP (0.173"", 4.40mm Width)",Surface Mount,Obsolete,https://rocelec.widen.net/view/pdf/opyjjqng8w/MCRLS05848-1.pdf?t.download=true&u=5oefqw,https://www.digikey.com/en/products/detail/rochester-electronics-llc/MIC2585-2JBTS/11542346,General Purpose,,1.7 mA,Latched Fault,,No,2,-40°C ~ 85°C,"Fault Timeout, OVP, Slew Rate, UVLO",,,"Hot Swap Controller, Sequencer",1V ~ 13.2V
MIC2585-2JBTS-TR,Microchip Technology,IC HOT SWAP CTRLR GP 24TSSOP,linear-audio-amplifiers,0,5.2,"24-TSSOP (0.173"", 4.40mm Width)",Surface Mount,Discontinued at DigiKey,https://ww1.microchip.com/downloads/en/DeviceDoc/mic2584-85.pdf,https://www.digikey.com/en/products/detail/microchip-technology/MIC2585-2JBTS-TR/1023525,General Purpose,,1.7 mA,Latched Fault,,No,2,-40°C ~ 85°C,"Fault Timeout, OVP, Slew Rate, UVLO",,,"Hot Swap Controller, Sequencer",1V ~ 13.2V
MIC2585-2JYTS,Microchip Technology,DUAL-CH HOT SWAP CONTROLLER,linear-audio-amplifiers,7600,10.2,"24-TSSOP (0.173"", 4.40mm Width)",Surface Mount,Obsolete,https://rocelec.widen.net/view/pdf/opyjjqng8w/MCRLS05848-1.pdf?t.download=true&u=5oefqw,https://www.digikey.com/en/products/detail/rochester-electronics-llc/MIC2585-2JYTS/11512929,General Purpose,,1.7 mA,Latched Fault,,No,2,-40°C ~ 85°C,"Fault Timeout, OVP, Slew Rate, UVLO",,,"Hot Swap Controller, Sequencer",1V ~ 13.2V
MIC2585-2JYTS TR,Microchip Technology,DUAL-CHANNEL HOT SWAP CONTROLLER,linear-audio-amplifiers,5000,10.2,"24-TSSOP (0.173"", 4.40mm Width)",Surface Mount,Active,https://rocelec.widen.net/view/pdf/opyjjqng8w/MCRLS05848-1.pdf?t.download=true&u=5oefqw,https://www.digikey.com/en/products/detail/rochester-electronics-llc/MIC2585-2JYTS-TR/12591256,General Purpose,,,Latched Fault,,No,2,-40°C ~ 85°C,"Fault Timeout, OVP, Slew Rate, UVLO",,,"Hot Swap Controller, Sequencer",1V ~ 13.2V
MIC2585-2JYTS-TR,Microchip Technology,IC HOT SWAP CTRLR GP 24TSSOP,linear-audio-amplifiers,0,0.0,"24-TSSOP (0.173"", 4.40mm Width)",Surface Mount,Obsolete,https://ww1.microchip.com/downloads/en/DeviceDoc/mic2584-85.pdf,https://www.digikey.com/en/products/detail/microchip-technology/MIC2585-2JYTS-TR/1022712,General Purpose,,1.7 mA,Latched Fault,,No,2,-40°C ~ 85°C,"Fault Timeout, OVP, Slew Rate, UVLO",,,"Hot Swap Controller, Sequencer",1V ~ 13.2V
MIC2585-2KBTS,Microchip Technology,IC HOT SWAP CTRLR GP 24TSSOP,linear-audio-amplifiers,0,5.44282,"24-TSSOP (0.173"", 4.40mm Width)",Surface Mount,Discontinued at DigiKey,https://ww1.microchip.com/downloads/en/DeviceDoc/mic2584-85.pdf,https://www.digikey.com/en/products/detail/microchip-technology/MIC2585-2KBTS/1028794,General Purpose,,1.7 mA,Latched Fault,,No,2,-40°C ~ 85°C,"Fault Timeout, OVP, Slew Rate, UVLO",,,"Hot Swap Controller, Sequencer",1V ~ 13.2V
MIC2585-2KBTS-TR,Microchip Technology,IC HOT SWAP CTRLR GP 24TSSOP,linear-audio-amplifiers,0,5.2,"24-TSSOP (0.173"", 4.40mm Width)",Surface Mount,Discontinued at DigiKey,https://ww1.microchip.com/downloads/en/DeviceDoc/mic2584-85.pdf,https://www.digikey.com/en/products/detail/microchip-technology/MIC2585-2KBTS-TR/1028795,General Purpose,,1.7 mA,Latched Fault,,No,2,-40°C ~ 85°C,"Fault Timeout, OVP, Slew Rate, UVLO",,,"Hot Swap Controller, Sequencer",1V ~ 13.2V
MIC2585-2LBTS,Microchip Technology,IC HOT SWAP CTRLR GP 24TSSOP,linear-audio-amplifiers,0,5.44282,"24-TSSOP (0.173"", 4.40mm Width)",Surface Mount,Discontinued at DigiKey,https://ww1.microchip.com/downloads/en/DeviceDoc/mic2584-85.pdf,https://www.digikey.com/en/products/detail/microchip-technology/MIC2585-2LBTS/1028796,General Purpose,,1.7 mA,Latched Fault,,No,2,-40°C ~ 85°C,"Fault Timeout, OVP, Slew Rate, UVLO",,,"Hot Swap Controller, Sequencer",1V ~ 13.2V
MIC2585-2LBTS-TR,Microchip Technology,IC HOT SWAP CTRLR GP 24TSSOP,linear-audio-amplifiers,0,5.2,"24-TSSOP (0.173"", 4.40mm Width)",Surface Mount,Discontinued at DigiKey,https://ww1.microchip.com/downloads/en/DeviceDoc/mic2584-85.pdf,https://www.digikey.com/en/products/detail/microchip-technology/MIC2585-2LBTS-TR/1028797,General Purpose,,1.7 mA,Latched Fault,,No,2,-40°C ~ 85°C,"Fault Timeout, OVP, Slew Rate, UVLO",,,"Hot Swap Controller, Sequencer",1V ~ 13.2V
MIC2585-2MBTS,Microchip Technology,IC HOT SWAP CTRLR GP 24TSSOP,linear-audio-amplifiers,0,5.44282,"24-TSSOP (0.173"", 4.40mm Width)",Surface Mount,Discontinued at DigiKey,https://ww1.microchip.com/downloads/en/DeviceDoc/mic2584-85.pdf,https://www.digikey.com/en/products/detail/microchip-technology/MIC2585-2MBTS/1028798,General Purpose,,1.7 mA,Latched Fault,,No,2,-40°C ~ 85°C,"Fault Timeout, OVP, Slew Rate, UVLO",,,"Hot Swap Controller, Sequencer",1V ~ 13.2V
MIC2585-2MBTS-TR,Microchip Technology,IC HOT SWAP CTRLR GP 24TSSOP,linear-audio-amplifiers,0,5.2,"24-TSSOP (0.173"", 4.40mm Width)",Surface Mount,Discontinued at DigiKey,https://ww1.microchip.com/downloads/en/DeviceDoc/mic2584-85.pdf,https://www.digikey.com/en/products/detail/microchip-technology/MIC2585-2MBTS-TR/1028799,General Purpose,,1.7 mA,Latched Fault,,No,2,-40°C ~ 85°C,"Fault Timeout, OVP, Slew Rate, UVLO",,,"Hot Swap Controller, Sequencer",1V ~ 13.2V
MIC2586-1BM,Microchip Technology,HOT SWAP POWER CONTROLLER,linear-audio-amplifiers,489,3.41,"14-SOIC (0.154"", 3.90mm Width)",Surface Mount,Obsolete,https://rocelec.widen.net/view/pdf/yoabhdkts1/MCRLS04601-1.pdf?t.download=true&u=5oefqw,https://www.digikey.com/en/products/detail/rochester-electronics-llc/MIC2586-1BM/11519744,General Purpose,,2 mA,Latched Fault,,No,1,-40°C ~ 85°C,"Current Limit, Fault Timeout, Slew Rate, UVLO",,,"Hot Swap Controller, Sequencer",10V ~ 80V
MIC2586-1YM,Microchip Technology,HOT SWAP POWER CONTROLLER,linear-audio-amplifiers,2250,3.95,"14-SOIC (0.154"", 3.90mm Width)",Surface Mount,Obsolete,https://rocelec.widen.net/view/pdf/yoabhdkts1/MCRLS04601-1.pdf?t.download=true&u=5oefqw,https://www.digikey.com/en/products/detail/rochester-electronics-llc/MIC2586-1YM/11537680,General Purpose,,2 mA,Latched Fault,,No,1,-40°C ~ 85°C,"Current Limit, Fault Timeout, Slew Rate, UVLO",,,"Hot Swap Controller, Sequencer",10V ~ 80V
MIC2586-2YM,Microchip Technology,IC HOT SWAP CTRLR GP 14SOIC,linear-audio-amplifiers,0,4.77815,"14-SOIC (0.154"", 3.90mm Width)",Surface Mount,Obsolete,https://ww1.microchip.com/downloads/en/DeviceDoc/mic2586-86r.pdf,https://www.digikey.com/en/products/detail/microchip-technology/MIC2586-2YM/771563,General Purpose,,2 mA,Latched Fault,,No,1,-40°C ~ 85°C,"Current Limit, Fault Timeout, Slew Rate, UVLO",,,"Hot Swap Controller, Sequencer",10V ~ 80V
MIC2586R-1YM,Microchip Technology,IC HOT SWAP CTRLR GP 14SOIC,linear-audio-amplifiers,0,4.77815,"14-SOIC (0.154"", 3.90mm Width)",Surface Mount,Obsolete,https://ww1.microchip.com/downloads/en/DeviceDoc/mic2586-86r.pdf,https://www.digikey.com/en/products/detail/microchip-technology/MIC2586R-1YM/771564,General Purpose,,2 mA,Auto Retry,,No,1,-40°C ~ 85°C,"Current Limit, Fault Timeout, Slew Rate, UVLO",,,"Hot Swap Controller, Sequencer",10V ~ 80V
MIC2586R-1YM TR,Microchip Technology,IC HOT SWAP CTRLR GP 14SOIC,linear-audio-amplifiers,0,3.9625,"14-SOIC (0.154"", 3.90mm Width)",Surface Mount,Obsolete,https://ww1.microchip.com/downloads/en/DeviceDoc/mic2586-86r.pdf,https://www.digikey.com/en/products/detail/microchip-technology/MIC2586R-1YM-TR/1028807,General Purpose,,2 mA,Auto Retry,,No,1,-40°C ~ 85°C,"Current Limit, Fault Timeout, Slew Rate, UVLO",,,"Hot Swap Controller, Sequencer",10V ~ 80V
MIC2586R-2BM TR,Microchip Technology,IC HOT SWAP CTRLR GP 14SOIC,linear-audio-amplifiers,0,3.9625,"14-SOIC (0.154"", 3.90mm Width)",Surface Mount,Obsolete,https://ww1.microchip.com/downloads/en/DeviceDoc/mic2586-86r.pdf,https://www.digikey.com/en/products/detail/microchip-technology/MIC2586R-2BM-TR/1028809,General Purpose,,2 mA,Auto Retry,,No,1,-40°C ~ 85°C,"Current Limit, Fault Timeout, Slew Rate, UVLO",,,"Hot Swap Controller, Sequencer",10V ~ 80V
MIC2586R-2YM,Microchip Technology,IC HOT SWAP CTRLR GP 14SOIC,linear-audio-amplifiers,0,4.77815,"14-SOIC (0.154"", 3.90mm Width)",Surface Mount,Obsolete,https://ww1.microchip.com/downloads/en/DeviceDoc/mic2586-86r.pdf,https://www.digikey.com/en/products/detail/microchip-technology/MIC2586R-2YM/1028810,General Purpose,,2 mA,Auto Retry,,No,1,-40°C ~ 85°C,"Current Limit, Fault Timeout, Slew Rate, UVLO",,,"Hot Swap Controller, Sequencer",10V ~ 80V
MIC2586R-2YM TR,Microchip Technology,IC HOT SWAP CTRLR GP 14SOIC,linear-audio-amplifiers,0,3.9625,"14-SOIC (0.154"", 3.90mm Width)",Surface Mount,Obsolete,https://ww1.microchip.com/downloads/en/DeviceDoc/mic2586-86r.pdf,https://www.digikey.com/en/products/detail/microchip-technology/MIC2586R-2YM-TR/1028811,General Purpose,,2 mA,Auto Retry,,No,1,-40°C ~ 85°C,"Current Limit, Fault Timeout, Slew Rate, UVLO",,,"Hot Swap Controller, Sequencer",10V ~ 80V
MIC2587-1BM,Microchip Technology,IC HOT SWAP CTRLR GP 8SOIC,linear-audio-amplifiers,0,3.54979,"8-SOIC (0.154"", 3.90mm Width)",Surface Mount,Discontinued at DigiKey,https://ww1.microchip.com/downloads/en/DeviceDoc/mic2587-87r.pdf,https://www.digikey.com/en/products/detail/microchip-technology/MIC2587-1BM/771070,General Purpose,,2 mA,Latched Fault,,No,1,-40°C ~ 85°C,"Current Limit, Fault Timeout, Slew Rate, UVLO",,,Hot Swap Controller,10V ~ 80V
MIC2587-1BM-TR,Microchip Technology,IC HOT SWAP CTRLR GP 8SOIC,linear-audio-amplifiers,0,3.0125,"8-SOIC (0.154"", 3.90mm Width)",Surface Mount,Discontinued at DigiKey,https://ww1.microchip.com/downloads/en/DeviceDoc/mic2587-87r.pdf,https://www.digikey.com/en/products/detail/microchip-technology/MIC2587-1BM-TR/1028812,General Purpose,,2 mA,Latched Fault,,No,1,-40°C ~ 85°C,"Current Limit, Fault Timeout, Slew Rate, UVLO",,,Hot Swap Controller,10V ~ 80V
MIC2587-1YM,Microchip Technology,IC HOT SWAP CTRLR GP 8SOIC,linear-audio-amplifiers,0,5.05,"8-SOIC (0.154"", 3.90mm Width)",Surface Mount,Active,https://ww1.microchip.com/downloads/en/DeviceDoc/mic2587-87r.pdf,https://www.digikey.com/en/products/detail/microchip-technology/MIC2587-1YM/771565,General Purpose,,2 mA,Latched Fault,,No,1,-40°C ~ 85°C,"Current Limit, Fault Timeout, Slew Rate, UVLO",,,Hot Swap Controller,10V ~ 80V
MIC2587-1YM-TR,Microchip Technology,IC HOT SWAP CTRLR GP 8SOIC,linear-audio-amplifiers,0,5.05,"8-SOIC (0.154"", 3.90mm Width)",Surface Mount,Active,https://ww1.microchip.com/downloads/en/DeviceDoc/mic2587-87r.pdf,https://www.digikey.com/en/products/detail/microchip-technology/MIC2587-1YM-TR/1028813,General Purpose,,2 mA,Latched Fault,,No,1,-40°C ~ 85°C,"Current Limit, Fault Timeout, Slew Rate, UVLO",,,Hot Swap Controller,10V ~ 80V
MIC2587-2BM,Microchip Technology,IC HOT SWAP CTRLR GP 8SOIC,linear-audio-amplifiers,0,3.12856,"8-SOIC (0.154"", 3.90mm Width)",Surface Mount,Discontinued at DigiKey,https://ww1.microchip.com/downloads/en/DeviceDoc/mic2587-87r.pdf,https://www.digikey.com/en/products/detail/microchip-technology/MIC2587-2BM/1028814,General Purpose,,2 mA,Latched Fault,,No,1,-40°C ~ 85°C,"Current Limit, Fault Timeout, Slew Rate, UVLO",,,Hot Swap Controller,10V ~ 80V
MIC2587-2BM-TR,Microchip Technology,IC HOT SWAP CTRLR GP 8SOIC,linear-audio-amplifiers,0,3.0125,"8-SOIC (0.154"", 3.90mm Width)",Surface Mount,Discontinued at DigiKey,https://ww1.microchip.com/downloads/en/DeviceDoc/mic2587-87r.pdf,https://www.digikey.com/en/products/detail/microchip-technology/MIC2587-2BM-TR/1028815,General Purpose,,2 mA,Latched Fault,,No,1,-40°C ~ 85°C,"Current Limit, Fault Timeout, Slew Rate, UVLO",,,Hot Swap Controller,10V ~ 80V
MIC2587-2YM,Microchip Technology,IC HOT SWAP CTRLR GP 8SOIC,linear-audio-amplifiers,289,5.05,"8-SOIC (0.154"", 3.90mm Width)",Surface Mount,Active,https://ww1.microchip.com/downloads/en/DeviceDoc/mic2587-87r.pdf,https://www.digikey.com/en/products/detail/microchip-technology/MIC2587-2YM/1028816,General Purpose,,2 mA,Latched Fault,,No,1,-40°C ~ 85°C,"Current Limit, Fault Timeout, Slew Rate, UVLO",,,Hot Swap Controller,10V ~ 80V
MIC2587-2YM-TR,Microchip Technology,IC HOT SWAP CTRLR GP 8SOIC,linear-audio-amplifiers,0,4.235,"8-SOIC (0.154"", 3.90mm Width)",Surface Mount,Active,https://ww1.microchip.com/downloads/en/DeviceDoc/mic2587-87r.pdf,https://www.digikey.com/en/products/detail/microchip-technology/MIC2587-2YM-TR/1028817,General Purpose,,2 mA,Latched Fault,,No,1,-40°C ~ 85°C,"Current Limit, Fault Timeout, Slew Rate, UVLO",,,Hot Swap Controller,10V ~ 80V
MIC2587R-1BM,Microchip Technology,IC HOT SWAP CTRLR GP 8SOIC,linear-audio-amplifiers,0,3.54979,"8-SOIC (0.154"", 3.90mm Width)",Surface Mount,Discontinued at DigiKey,https://ww1.microchip.com/downloads/en/DeviceDoc/mic2587-87r.pdf,https://www.digikey.com/en/products/detail/microchip-technology/MIC2587R-1BM/771071,General Purpose,,2 mA,Auto Retry,,No,1,-40°C ~ 85°C,"Current Limit, Fault Timeout, Slew Rate, UVLO",,,Hot Swap Controller,10V ~ 80V
MIC2587R-1BM-TR,Microchip Technology,IC HOT SWAP CTRLR GP 8SOIC,linear-audio-amplifiers,0,3.0125,"8-SOIC (0.154"", 3.90mm Width)",Surface Mount,Discontinued at DigiKey,https://ww1.microchip.com/downloads/en/DeviceDoc/mic2587-87r.pdf,https://www.digikey.com/en/products/detail/microchip-technology/MIC2587R-1BM-TR/1028818,General Purpose,,2 mA,Auto Retry,,No,1,-40°C ~ 85°C,"Current Limit, Fault Timeout, Slew Rate, UVLO",,,Hot Swap Controller,10V ~ 80V
MIC2587R-1YM,Microchip Technology,IC HOT SWAP CTRLR GP 8SOIC,linear-audio-amplifiers,140,5.05,"8-SOIC (0.154"", 3.90mm Width)",Surface Mount,Active,https://ww1.microchip.com/downloads/en/DeviceDoc/mic2587-87r.pdf,https://www.digikey.com/en/products/detail/microchip-technology/MIC2587R-1YM/771566,General Purpose,,2 mA,Auto Retry,,No,1,-40°C ~ 85°C,"Current Limit, Fault Timeout, Slew Rate, UVLO",,,Hot Swap Controller,10V ~ 80V
MIC2587R-1YM-TR,Microchip Technology,IC HOT SWAP CTRLR GP 8SOIC,linear-audio-amplifiers,2464,5.05,"8-SOIC (0.154"", 3.90mm Width)",Surface Mount,Active,https://ww1.microchip.com/downloads/en/DeviceDoc/mic2587-87r.pdf,https://www.digikey.com/en/products/detail/microchip-technology/MIC2587R-1YM-TR/1028819,General Purpose,,2 mA,Auto Retry,,No,1,-40°C ~ 85°C,"Current Limit, Fault Timeout, Slew Rate, UVLO",,,Hot Swap Controller,10V ~ 80V
MIC2587R-2BM,Microchip Technology,IC HOT SWAP CTRLR GP 8SOIC,linear-audio-amplifiers,0,3.12856,"8-SOIC (0.154"", 3.90mm Width)",Surface Mount,Discontinued at DigiKey,https://ww1.microchip.com/downloads/en/DeviceDoc/mic2587-87r.pdf,https://www.digikey.com/en/products/detail/microchip-technology/MIC2587R-2BM/1028820,General Purpose,,2 mA,Auto Retry,,No,1,-40°C ~ 85°C,"Current Limit, Fault Timeout, Slew Rate, UVLO",,,Hot Swap Controller,10V ~ 80V
MIC2587R-2BM-TR,Microchip Technology,IC HOT SWAP CTRLR GP 8SOIC,linear-audio-amplifiers,0,3.0125,"8-SOIC (0.154"", 3.90mm Width)",Surface Mount,Discontinued at DigiKey,https://ww1.microchip.com/downloads/en/DeviceDoc/mic2587-87r.pdf,https://www.digikey.com/en/products/detail/microchip-technology/MIC2587R-2BM-TR/1028821,General Purpose,,2 mA,Auto Retry,,No,1,-40°C ~ 85°C,"Current Limit, Fault Timeout, Slew Rate, UVLO",,,Hot Swap Controller,10V ~ 80V
MIC2587R-2YM,Microchip Technology,IC HOT SWAP CTRLR GP 8SOIC,linear-audio-amplifiers,20,5.05,"8-SOIC (0.154"", 3.90mm Width)",Surface Mount,Active,https://ww1.microchip.com/downloads/en/DeviceDoc/mic2587-87r.pdf,https://www.digikey.com/en/products/detail/microchip-technology/MIC2587R-2YM/1028822,General Purpose,,2 mA,Auto Retry,,No,1,-40°C ~ 85°C,"Current Limit, Fault Timeout, Slew Rate, UVLO",,,Hot Swap Controller,10V ~ 80V
MIC2587R-2YM-TR,Microchip Technology,IC HOT SWAP CTRLR GP 8SOIC,linear-audio-amplifiers,0,4.235,"8-SOIC (0.154"", 3.90mm Width)",Surface Mount,Active,https://ww1.microchip.com/downloads/en/DeviceDoc/mic2587-87r.pdf,https://www.digikey.com/en/products/detail/microchip-technology/MIC2587R-2YM-TR/1028823,General Purpose,,2 mA,Auto Retry,,No,1,-40°C ~ 85°C,"Current Limit, Fault Timeout, Slew Rate, UVLO",,,Hot Swap Controller,10V ~ 80V
MIC2588-1BM,Microchip Technology,IC HOT SWAP CTRLR -48V 8SOIC,linear-audio-amplifiers,0,2.27679,"8-SOIC (0.154"", 3.90mm Width)",Surface Mount,Discontinued at DigiKey,https://ww1.microchip.com/downloads/en/DeviceDoc/mic2588-94.pdf,https://www.digikey.com/en/products/detail/microchip-technology/MIC2588-1BM/1028824,-48V,,3 mA,"Fault Timeout, Latched Fault",,No,1,-40°C ~ 85°C,"Current Limit, OVP, Slew Rate, UVLO",,,Hot Swap Controller,-80V ~ -19V
MIC2588-1BM-TR,Microchip Technology,IC HOT SWAP CTRLR -48V 8SOIC,linear-audio-amplifiers,0,2.15,"8-SOIC (0.154"", 3.90mm Width)",Surface Mount,Discontinued at DigiKey,https://ww1.microchip.com/downloads/en/DeviceDoc/mic2588-94.pdf,https://www.digikey.com/en/products/detail/microchip-technology/MIC2588-1BM-TR/1028825,-48V,,3 mA,"Fault Timeout, Latched Fault",,No,1,-40°C ~ 85°C,"Current Limit, OVP, Slew Rate, UVLO",,,Hot Swap Controller,-80V ~ -19V
MIC2588-1YM,Microchip Technology,"SINGLE-CHANNEL, NEGATIVE HIGH-VO",linear-audio-amplifiers,942,2.83,"8-SOIC (0.154"", 3.90mm Width)",Surface Mount,Active,https://rocelec.widen.net/view/pdf/hys0fdyw6o/MCRLS02042-1.pdf?t.download=true&u=5oefqw,https://www.digikey.com/en/products/detail/rochester-electronics-llc/MIC2588-1YM/12596987,-48V,,3 mA,"Fault Timeout, Latched Fault",,No,1,-40°C ~ 85°C,"Current Limit, OVP, Slew Rate, UVLO",,,Hot Swap Controller,-80V ~ -19V
MIC2588-1YM-TR,Microchip Technology,IC HOT SWAP CTRLR -48V 8SOIC,linear-audio-amplifiers,635,2.67,"8-SOIC (0.154"", 3.90mm Width)",Surface Mount,Obsolete,https://ww1.microchip.com/downloads/en/DeviceDoc/mic2588-94.pdf,https://www.digikey.com/en/products/detail/microchip-technology/MIC2588-1YM-TR/1016608,-48V,,3 mA,"Fault Timeout, Latched Fault",,No,1,-40°C ~ 85°C,"Current Limit, OVP, Slew Rate, UVLO",,,Hot Swap Controller,-80V ~ -19V
MIC2588-2BM,Microchip Technology,IC HOT SWAP CTRLR -48V 8SOIC,linear-audio-amplifiers,0,2.27679,"8-SOIC (0.154"", 3.90mm Width)",Surface Mount,Discontinued at DigiKey,https://ww1.microchip.com/downloads/en/DeviceDoc/mic2588-94.pdf,https://www.digikey.com/en/products/detail/microchip-technology/MIC2588-2BM/1028827,-48V,,3 mA,"Fault Timeout, Latched Fault",,No,1,-40°C ~ 85°C,"Current Limit, OVP, Slew Rate, UVLO",,,Hot Swap Controller,-80V ~ -19V
MIC2588-2BM-TR,Microchip Technology,IC HOT SWAP CTRLR -48V 8SOIC,linear-audio-amplifiers,0,2.15,"8-SOIC (0.154"", 3.90mm Width)",Surface Mount,Discontinued at DigiKey,https://ww1.microchip.com/downloads/en/DeviceDoc/mic2588-94.pdf,https://www.digikey.com/en/products/detail/microchip-technology/MIC2588-2BM-TR/1028828,-48V,,3 mA,"Fault Timeout, Latched Fault",,No,1,-40°C ~ 85°C,"Current Limit, OVP, Slew Rate, UVLO",,,Hot Swap Controller,-80V ~ -19V
MIC2588-2YM,Microchip Technology,IC HOT SWAP CTRLR -48V 8SOIC,linear-audio-amplifiers,0,0.0,"8-SOIC (0.154"", 3.90mm Width)",Surface Mount,Obsolete,https://ww1.microchip.com/downloads/en/DeviceDoc/mic2588-94.pdf,https://www.digikey.com/en/products/detail/microchip-technology/MIC2588-2YM/1028829,-48V,,3 mA,"Fault Timeout, Latched Fault",,No,1,-40°C ~ 85°C,"Current Limit, OVP, Slew Rate, UVLO",,,Hot Swap Controller,-80V ~ -19V
MIC2588-2YM-TR,Microchip Technology,IC HOT SWAP CTRLR -48V 8SOIC,linear-audio-amplifiers,0,0.0,"8-SOIC (0.154"", 3.90mm Width)",Surface Mount,Obsolete,https://ww1.microchip.com/downloads/en/DeviceDoc/mic2588-94.pdf,https://www.digikey.com/en/products/detail/microchip-technology/MIC2588-2YM-TR/1016609,-48V,,3 mA,"Fault Timeout, Latched Fault",,No,1,-40°C ~ 85°C,"Current Limit, OVP, Slew Rate, UVLO",,,Hot Swap Controller,-80V ~ -19V
MIC2589-2YM,Microchip Technology,IC HOT SWAP CTRLR -48V 14SOIC,linear-audio-amplifiers,0,0.0,"14-SOIC (0.154"", 3.90mm Width)",Surface Mount,Obsolete,https://ww1.microchip.com/downloads/en/DeviceDoc/mic2589-95.pdf,https://www.digikey.com/en/products/detail/microchip-technology/MIC2589-2YM/1028835,-48V,,4 mA,Latched Fault,,No,1,-40°C ~ 85°C,"Current Limit, Fault Timeout, OVP, UVLO",,,"Hot Swap Controller, Sequencer",-80V ~ -19V
MIC2589R-1YM-TR,Microchip Technology,IC HOT SWAP CTRLR -48V 14SOIC,linear-audio-amplifiers,2337,6.59,"14-SOIC (0.154"", 3.90mm Width)",Surface Mount,Obsolete,https://ww1.microchip.com/downloads/en/DeviceDoc/mic2589-95.pdf,https://www.digikey.com/en/products/detail/microchip-technology/MIC2589R-1YM-TR/1016612,-48V,,4 mA,Auto Retry,,No,1,-40°C ~ 85°C,"Current Limit, Fault Timeout, OVP, UVLO",,,"Hot Swap Controller, Sequencer",-80V ~ -19V
MIC2589R-2YM,Microchip Technology,HOT SWAP POWER CONTROLLER,linear-audio-amplifiers,4078,3.95,"14-SOIC (0.154"", 3.90mm Width)",Surface Mount,Obsolete,https://rocelec.widen.net/view/pdf/9p1x0wm7ut/MCRLS02036-1.pdf?t.download=true&u=5oefqw,https://www.digikey.com/en/products/detail/rochester-electronics-llc/MIC2589R-2YM/11550750,-48V,,4 mA,Auto Retry,,No,1,-40°C ~ 85°C,"Current Limit, Fault Timeout, OVP, UVLO",,,"Hot Swap Controller, Sequencer",-19V ~ -80V
MIC2590B-2BTQ,Microchip Technology,IC HOT PLUG CTRLR PCI 48TQFP,linear-audio-amplifiers,0,12.33752,48-TQFP,Surface Mount,Obsolete,http://ww1.microchip.com/downloads/en/DeviceDoc/mic2590b.pdf,https://www.digikey.com/en/products/detail/microchip-technology/MIC2590B-2BTQ/1028842,PCI,"100mA, 500mA",,"Latched Fault, SMBus, Thermal Limit, UVLO",,Both,10,0°C ~ 70°C,"Current Limit, Fault Timeout, Slew Rate",,,Hot Plug Controller,"3.3V, 5V, ±12V"
MIC2590B-2BTQ-TR,Microchip Technology,IC HOT PLUG CTRLR PCI 48TQFP,linear-audio-amplifiers,0,12.3375,48-TQFP,Surface Mount,Discontinued at DigiKey,http://ww1.microchip.com/downloads/en/DeviceDoc/mic2590b.pdf,https://www.digikey.com/en/products/detail/microchip-technology/MIC2590B-2BTQ-TR/1028843,PCI,"100mA, 500mA",,"Latched Fault, SMBus, Thermal Limit, UVLO",,Both,10,0°C ~ 70°C,"Current Limit, Fault Timeout, Slew Rate",,,Hot Plug Controller,"3.3V, 5V, ±12V"
MIC2590B-2YTQ,Microchip Technology,DUAL-SLOT PCI HOT PLUG CONTROLLE,linear-audio-amplifiers,6102,10.2,48-TQFP,Surface Mount,Active,https://rocelec.widen.net/view/pdf/azaeqhfopy/MCRLS03535-1.pdf?t.download=true&u=5oefqw,https://www.digikey.com/en/products/detail/rochester-electronics-llc/MIC2590B-2YTQ/13482106,PCI,"100mA, 500mA",,"Latched Fault, SMBus, Thermal Limit, UVLO",,Both,10,0°C ~ 70°C,"Current Limit, Fault Timeout, Slew Rate",,,Hot Plug Controller,"3.3V, 5V, ±12V"
MIC2591B-2BTQ,Microchip Technology,IC HOT PLUG CTRLR PCI EXP 48TQFP,linear-audio-amplifiers,0,14.6,48-TQFP,Surface Mount,Obsolete,https://ww1.microchip.com/downloads/aemDocuments/documents/OTH/ProductDocuments/DataSheets/mic2591b.pdf,https://www.digikey.com/en/products/detail/microchip-technology/MIC2591B-2BTQ/771072,PCI Express®,,,"Latched Fault, SMBus, Thermal Limit, UVLO",,Both,6,0°C ~ 70°C,"Current Limit, Fault Timeout, Slew Rate",,,Hot Plug Controller,"3V ~ 3.6V, 11V ~ 13V"
MIC2591B-2BTQ-TR,Microchip Technology,IC HOT PLUG CTRLR PCI EXP 48TQFP,linear-audio-amplifiers,0,14.6,48-TQFP,Surface Mount,Discontinued at DigiKey,https://ww1.microchip.com/downloads/aemDocuments/documents/OTH/ProductDocuments/DataSheets/mic2591b.pdf,https://www.digikey.com/en/products/detail/microchip-technology/MIC2591B-2BTQ-TR/1028848,PCI Express®,,,"Latched Fault, SMBus, Thermal Limit, UVLO",,Both,6,0°C ~ 70°C,"Current Limit, Fault Timeout, Slew Rate",,,Hot Plug Controller,"3V ~ 3.6V, 11V ~ 13V"
MIC2591B-2YTQ,Microchip Technology,IC HOT PLUG CTRLR PCI EXP 48TQFP,linear-audio-amplifiers,0,20.5128,48-TQFP,Surface Mount,Active,https://ww1.microchip.com/downloads/aemDocuments/documents/OTH/ProductDocuments/DataSheets/mic2591b.pdf,https://www.digikey.com/en/products/detail/microchip-technology/MIC2591B-2YTQ/771567,PCI Express®,,,"Latched Fault, SMBus, Thermal Limit, UVLO",,Both,6,0°C ~ 70°C,"Current Limit, Fault Timeout, Slew Rate",,,Hot Plug Controller,"3V ~ 3.6V, 11V ~ 13V"
MIC2591B-2YTQ-TR,Microchip Technology,IC HOT PLUG CTRLR PCI EXP 48TQFP,linear-audio-amplifiers,0,20.5128,48-TQFP,Surface Mount,Active,https://ww1.microchip.com/downloads/aemDocuments/documents/OTH/ProductDocuments/DataSheets/mic2591b.pdf,https://www.digikey.com/en/products/detail/microchip-technology/MIC2591B-2YTQ-TR/1028849,PCI Express®,,,"Latched Fault, SMBus, Thermal Limit, UVLO",,Both,6,0°C ~ 70°C,"Current Limit, Fault Timeout, Slew Rate",,,Hot Plug Controller,"3V ~ 3.6V, 11V ~ 13V"
MIC2592B-2YTQ-TR,Microchip Technology,IC HOT PLUG CTRLR PCI EXP 48TQFP,linear-audio-amplifiers,0,0.0,48-TQFP,Surface Mount,Obsolete,http://ww1.microchip.com/downloads/en/DeviceDoc/mic2592b.pdf,https://www.digikey.com/en/products/detail/microchip-technology/MIC2592B-2YTQ-TR/1028851,PCI Express®,,,"Latched Fault, SMBus, Thermal Limit, UVLO",,Both,6,0°C ~ 70°C,"Current Limit, Fault Timeout, Slew Rate",,,Hot Plug Controller,"3V ~ 3.6V, 11V ~ 13V"
MIC2593-2BTQ,Microchip Technology,IC HOT PLUG CTRLR PCI 48TQFP,linear-audio-amplifiers,0,9.96248,48-TQFP,Surface Mount,Obsolete,https://ww1.microchip.com/downloads/en/DeviceDoc/mic2593.pdf,https://www.digikey.com/en/products/detail/microchip-technology/MIC2593-2BTQ/771074,"PCI, PCI-X","100mA, 500mA",,"Latched Fault, SMBus, Thermal Limit, UVLO",,Both,10,0°C ~ 70°C,"Current Limit, Fault Timeout, Slew Rate",,,Hot Plug Controller,"3.3V, 5V, ±12V"
MIC2593-2BTQ-TR,Microchip Technology,IC HOT PLUG CTRLR PCI 48TQFP,linear-audio-amplifiers,0,9.9625,48-TQFP,Surface Mount,Discontinued at DigiKey,https://ww1.microchip.com/downloads/en/DeviceDoc/mic2593.pdf,https://www.digikey.com/en/products/detail/microchip-technology/MIC2593-2BTQ-TR/1028852,"PCI, PCI-X","100mA, 500mA",,"Latched Fault, SMBus, Thermal Limit, UVLO",,Both,10,0°C ~ 70°C,"Current Limit, Fault Timeout, Slew Rate",,,Hot Plug Controller,"3.3V, 5V, ±12V"
MIC2593-2YTQ,Microchip Technology,IC HOT PLUG CTRLR PCI 48TQFP,linear-audio-amplifiers,245,12.38,48-TQFP,Surface Mount,Active,https://ww1.microchip.com/downloads/en/DeviceDoc/mic2593.pdf,https://www.digikey.com/en/products/detail/microchip-technology/MIC2593-2YTQ/771569,"PCI, PCI-X","100mA, 500mA",,"Latched Fault, SMBus, Thermal Limit, UVLO",,Both,10,0°C ~ 70°C,"Current Limit, Fault Timeout, Slew Rate",,,Hot Plug Controller,"3.3V, 5V, ±12V"
MIC2594-1BM,Microchip Technology,IC HOT SWAP CTRLR -48V 8SOIC,linear-audio-amplifiers,0,2.27679,"8-SOIC (0.154"", 3.90mm Width)",Surface Mount,Discontinued at DigiKey,https://ww1.microchip.com/downloads/en/DeviceDoc/mic2588-94.pdf,https://www.digikey.com/en/products/detail/microchip-technology/MIC2594-1BM/1028854,-48V,,3 mA,"Fault Timeout, Latched Fault",,No,1,-40°C ~ 85°C,"Current Limit, Slew Rate, UVLO",,,Hot Swap Controller,-80V ~ -19V
MIC2594-1BM-TR,Microchip Technology,IC HOT SWAP CTRLR -48V 8SOIC,linear-audio-amplifiers,0,2.15,"8-SOIC (0.154"", 3.90mm Width)",Surface Mount,Discontinued at DigiKey,https://ww1.microchip.com/downloads/en/DeviceDoc/mic2588-94.pdf,https://www.digikey.com/en/products/detail/microchip-technology/MIC2594-1BM-TR/1028855,-48V,,3 mA,"Fault Timeout, Latched Fault",,No,1,-40°C ~ 85°C,"Current Limit, Slew Rate, UVLO",,,Hot Swap Controller,-80V ~ -19V
MIC2594-1YM,Microchip Technology,IC HOT SWAP CTRLR -48V 8SOIC,linear-audio-amplifiers,0,0.0,"8-SOIC (0.154"", 3.90mm Width)",Surface Mount,Obsolete,https://ww1.microchip.com/downloads/en/DeviceDoc/mic2588-94.pdf,https://www.digikey.com/en/products/detail/microchip-technology/MIC2594-1YM/1028856,-48V,,3 mA,"Fault Timeout, Latched Fault",,No,1,-40°C ~ 85°C,"Current Limit, Slew Rate, UVLO",,,Hot Swap Controller,-80V ~ -19V
MIC2594-1YM-TR,Microchip Technology,IC HOT SWAP CTRLR -48V 8SOIC,linear-audio-amplifiers,0,0.0,"8-SOIC (0.154"", 3.90mm Width)",Surface Mount,Obsolete,https://ww1.microchip.com/downloads/en/DeviceDoc/mic2588-94.pdf,https://www.digikey.com/en/products/detail/microchip-technology/MIC2594-1YM-TR/1016614,-48V,,3 mA,"Fault Timeout, Latched Fault",,No,1,-40°C ~ 85°C,"Current Limit, Slew Rate, UVLO",,,Hot Swap Controller,-80V ~ -19V
MIC2594-2BM,Microchip Technology,IC HOT SWAP CTRLR -48V 8SOIC,linear-audio-amplifiers,0,2.27679,"8-SOIC (0.154"", 3.90mm Width)",Surface Mount,Discontinued at DigiKey,https://ww1.microchip.com/downloads/en/DeviceDoc/mic2588-94.pdf,https://www.digikey.com/en/products/detail/microchip-technology/MIC2594-2BM/1028857,-48V,,3 mA,"Fault Timeout, Latched Fault",,No,1,-40°C ~ 85°C,"Current Limit, Slew Rate, UVLO",,,Hot Swap Controller,-80V ~ -19V
MIC2594-2BM-TR,Microchip Technology,IC HOT SWAP CTRLR -48V 8SOIC,linear-audio-amplifiers,0,2.15,"8-SOIC (0.154"", 3.90mm Width)",Surface Mount,Discontinued at DigiKey,https://ww1.microchip.com/downloads/en/DeviceDoc/mic2588-94.pdf,https://www.digikey.com/en/products/detail/microchip-technology/MIC2594-2BM-TR/1028858,-48V,,3 mA,"Fault Timeout, Latched Fault",,No,1,-40°C ~ 85°C,"Current Limit, Slew Rate, UVLO",,,Hot Swap Controller,-80V ~ -19V
MIC2594-2YM,Microchip Technology,IC HOT SWAP CTRLR -48V 8SOIC,linear-audio-amplifiers,0,0.0,"8-SOIC (0.154"", 3.90mm Width)",Surface Mount,Obsolete,https://ww1.microchip.com/downloads/en/DeviceDoc/mic2588-94.pdf,https://www.digikey.com/en/products/detail/microchip-technology/MIC2594-2YM/1028859,-48V,,3 mA,"Fault Timeout, Latched Fault",,No,1,-40°C ~ 85°C,"Current Limit, Slew Rate, UVLO",,,Hot Swap Controller,-80V ~ -19V
MIC2594-2YM-TR,Microchip Technology,IC HOT SWAP CTRLR -48V 8SOIC,linear-audio-amplifiers,0,0.0,"8-SOIC (0.154"", 3.90mm Width)",Surface Mount,Obsolete,https://ww1.microchip.com/downloads/en/DeviceDoc/mic2588-94.pdf,https://www.digikey.com/en/products/detail/microchip-technology/MIC2594-2YM-TR/1016615,-48V,,3 mA,"Fault Timeout, Latched Fault",,No,1,-40°C ~ 85°C,"Current Limit, Slew Rate, UVLO",,,Hot Swap Controller,-80V ~ -19V
MIC2595-2BM,Microchip Technology,HOT SWAP POWER CONTROLLER,linear-audio-amplifiers,852,4.16,"14-SOIC (0.154"", 3.90mm Width)",Surface Mount,Obsolete,https://rocelec.widen.net/view/pdf/9p1x0wm7ut/MCRLS02036-1.pdf?t.download=true&u=5oefqw,https://www.digikey.com/en/products/detail/rochester-electronics-llc/MIC2595-2BM/11552105,-48V,,4 mA,Latched Fault,,No,1,-40°C ~ 85°C,"Current Limit, Fault Timeout, UVLO",,,"Hot Swap Controller, Sequencer",-80V ~ -19V
MIC2595-2YM,Microchip Technology,"SINGLE-CHANNEL, NEGATIVE HIGH-VO",linear-audio-amplifiers,1388,5.2,"14-SOIC (0.154"", 3.90mm Width)",Surface Mount,Active,https://rocelec.widen.net/view/pdf/9p1x0wm7ut/MCRLS02036-1.pdf?t.download=true&u=5oefqw,https://www.digikey.com/en/products/detail/rochester-electronics-llc/MIC2595-2YM/12591441,-48V,,4 mA,Latched Fault,,No,1,-40°C ~ 85°C,"Current Limit, Fault Timeout, UVLO",,,"Hot Swap Controller, Sequencer",-80V ~ -19V
MIC2595R-2YM,Microchip Technology,"SINGLE-CHANNEL, NEGATIVE HIGH-VO",linear-audio-amplifiers,11398,5.2,"14-SOIC (0.154"", 3.90mm Width)",Surface Mount,Active,https://rocelec.widen.net/view/pdf/9p1x0wm7ut/MCRLS02036-1.pdf?t.download=true&u=5oefqw,https://www.digikey.com/en/products/detail/rochester-electronics-llc/MIC2595R-2YM/12591479,-48V,,4 mA,Auto Retry,,No,1,-40°C ~ 85°C,"Current Limit, Fault Timeout, UVLO",,,"Hot Swap Controller, Sequencer",-80V ~ -19V
MP5021BGQV-P,Monolithic Power Systems Inc.,IC HOT SWAP CTRLR GP 22QFN,linear-audio-amplifiers,2,5.22,22-PowerVFQFN,Surface Mount,Active,https://www.digikey.com//mm.digikey.com/Volume0/opasdata/d220001/medias/docus/1184/MP5021B_Web.pdf,https://www.digikey.com/en/products/detail/monolithic-power-systems-inc/MP5021BGQV-P/5298949,General Purpose,,,"OVP, Thermal Limit, UVLO",,Yes,1,,Current Limit,,,"Hot Swap Controller, Monitor",
MP5021BGQV-Z,Monolithic Power Systems Inc.,IC HOT SWAP CTRLR GP 22QFN,linear-audio-amplifiers,0,2.9722,22-PowerVFQFN,Surface Mount,Active,,https://www.digikey.com/en/products/detail/monolithic-power-systems-inc/MP5021BGQV-Z/5292490,General Purpose,,,"OVP, Thermal Limit, UVLO",,Yes,1,,Current Limit,,,"Hot Swap Controller, Monitor",
MP5021GQV-P,Monolithic Power Systems Inc.,IC HOT SWAP CTRLR GP 22QFN,linear-audio-amplifiers,0,3.0696,22-PowerVFQFN,Surface Mount,Not For New Designs,,https://www.digikey.com/en/products/detail/monolithic-power-systems-inc/MP5021GQV-P/5292491,General Purpose,15A,170 µA,"OVP, Thermal Limit, UVLO",,Yes,1,-40°C ~ 125°C,Current Limit,,,"Hot Swap Controller, Monitor",8V ~ 16V
MP5021GQV-Z,Monolithic Power Systems Inc.,IC HOT SWAP CTRLR GP 22QFN,linear-audio-amplifiers,0,2.9722,22-PowerVFQFN,Surface Mount,Not For New Designs,,https://www.digikey.com/en/products/detail/monolithic-power-systems-inc/MP5021GQV-Z/5292492,General Purpose,15A,170 µA,"OVP, Thermal Limit, UVLO",,Yes,1,-40°C ~ 125°C,Current Limit,,,"Hot Swap Controller, Monitor",8V ~ 16V
MP5022AGQV-P,Monolithic Power Systems Inc.,IC HOT SWAP CTRLR GP 22QFN,linear-audio-amplifiers,0,3.465,22-PowerVFQFN,Surface Mount,Active,,https://www.digikey.com/en/products/detail/monolithic-power-systems-inc/MP5022AGQV-P/5298950,General Purpose,15A,500 µA,"OVP, Thermal Limit, UVLO",,Yes,1,-40°C ~ 125°C (TJ),Current Limit,,,"Hot Swap Controller, Monitor",8V ~ 16V
MP5022AGQV-Z,Monolithic Power Systems Inc.,IC HOT SWAP CTRLR GP 22QFN,linear-audio-amplifiers,0,5.27,22-PowerVFQFN,Surface Mount,Active,,https://www.digikey.com/en/products/detail/monolithic-power-systems-inc/MP5022AGQV-Z/5292493,General Purpose,15A,500 µA,"OVP, Thermal Limit, UVLO",,Yes,1,-40°C ~ 125°C (TJ),Current Limit,,,"Hot Swap Controller, Monitor",8V ~ 16V
MP5022CGQV-P,Monolithic Power Systems Inc.,IC HOT SWAP CTRLR GP 22QFN,linear-audio-amplifiers,0,3.6806,22-PowerVFQFN,Surface Mount,Active,,https://www.digikey.com/en/products/detail/monolithic-power-systems-inc/MP5022CGQV-P/7361706,General Purpose,15A,700 µA,"OVP, Thermal Limit, UVLO",,Yes,1,-40°C ~ 125°C (TJ),Current Limit,,,"Hot Swap Controller, Monitor",4.8V ~ 16V
MP5022CGQV-Z,Monolithic Power Systems Inc.,IC HOT SWAP CTRLR GP 22QFN,linear-audio-amplifiers,4837,5.58,22-PowerVFQFN,Surface Mount,Active,,https://www.digikey.com/en/products/detail/monolithic-power-systems-inc/MP5022CGQV-Z/7361653,General Purpose,15A,700 µA,"OVP, Thermal Limit, UVLO",,Yes,1,-40°C ~ 125°C (TJ),Current Limit,,,"Hot Swap Controller, Monitor",4.8V ~ 16V
MP5024GRM-P,Monolithic Power Systems Inc.,"16V, 20A, 2.8M RDS(ON), HOT-SWAP",linear-audio-amplifiers,0,4.03,32-VFQFN Exposed Pad,Surface Mount,Active,,https://www.digikey.com/en/products/detail/monolithic-power-systems-inc/MP5024GRM-P/28008451,Networking,20A,3.25 mA,"Auto Retry, Fault Timeout, I2C, Latched Fault, OVP, PMBus, SMBus, UVLO",,Yes,1,-40°C ~ 125°C (TJ),"Current Limit, Fault Timeout, OVP, Slew Rate, UVLO",,,"Hot Swap Controller, Monitor",2.7V ~ 16V
MP5024GRM-Z,Monolithic Power Systems Inc.,"16V, 20A, 2MOHM RDSON HOT SWAP I",linear-audio-amplifiers,0,2.1714,32-VFQFN Exposed Pad,Surface Mount,Active,,https://www.digikey.com/en/products/detail/monolithic-power-systems-inc/MP5024GRM-Z/28716530,Networking,20A,3.25 mA,"Auto Retry, Fault Timeout, I2C, Latched Fault, OVP, PMBus, SMBus, UVLO",,Yes,1,-40°C ~ 125°C (TJ),"Current Limit, Fault Timeout, OVP, Slew Rate, UVLO",,,"Hot Swap Controller, Monitor",2.7V ~ 16V
MP5025AGQV-P,Monolithic Power Systems Inc.,"16V, 12A, 3M RDS(ON), HOT-SWAP P",linear-audio-amplifiers,357,5.61,22-PowerVFQFN,Surface Mount,Active,,https://www.digikey.com/en/products/detail/monolithic-power-systems-inc/MP5025AGQV-P/15967364,Networking,12A,1.3 mA,"Fault Timeout, OVP, UVLO",,No,1,-40°C ~ 125°C (TJ),"Current Limit, Fault Timeout, OVP, Slew Rate, UVLO",,,Hot Swap Controller,8V ~ 16V
MP5025AGQV-Z,Monolithic Power Systems Inc.,"16V, 12A, 3M RDS(ON), HOT-SWAP P",linear-audio-amplifiers,8399,5.27,22-PowerVFQFN,Surface Mount,Not For New Designs,,https://www.digikey.com/en/products/detail/monolithic-power-systems-inc/MP5025AGQV-Z/15967350,Networking,12A,1.3 mA,"Fault Timeout, OVP, UVLO",,No,1,-40°C ~ 125°C (TJ),"Current Limit, Fault Timeout, OVP, Slew Rate, UVLO",,,Hot Swap Controller,8V ~ 16V
MP5025CGQV-P,Monolithic Power Systems Inc.,"16V, 15A, 3M RDS(ON), HOT-SWAP P",linear-audio-amplifiers,500,3.6806,22-PowerVFQFN,Surface Mount,Not For New Designs,,https://www.digikey.com/en/products/detail/monolithic-power-systems-inc/MP5025CGQV-P/15967354,Networking,15A,1.3 mA,"Current Limit, Fault Timeout, OVP, Slew Rate, UVLO",,No,1,-40°C ~ 125°C (TJ),"Current Limit, Fault Timeout, OVP, Slew Rate, UVLO",,,Hot Swap Controller,4.5V ~ 16V
MP5025CGQV-Z,Monolithic Power Systems Inc.,"16V, 15A, 3M RDS(ON), HOT-SWAP P",linear-audio-amplifiers,0,5.58,22-PowerVFQFN,Surface Mount,Not For New Designs,,https://www.digikey.com/en/products/detail/monolithic-power-systems-inc/MP5025CGQV-Z/15967355,Networking,15A,1.3 mA,"Current Limit, Fault Timeout, OVP, Slew Rate, UVLO",,No,1,-40°C ~ 125°C (TJ),"Current Limit, Fault Timeout, OVP, Slew Rate, UVLO",,,Hot Swap Controller,4.5V ~ 16V
MP5026GLRT-P,Monolithic Power Systems Inc.,"16V, 20A, 2.8M RDS(ON), HOT-SWAP",linear-audio-amplifiers,0,2.76,26-VFLGA Exposed Pad,Surface Mount,Active,,https://www.digikey.com/en/products/detail/monolithic-power-systems-inc/MP5026GLRT-P/25855327,Networking,20A,,"Fault Timeout, Latched Fault, OVP, Thermal Limit, UVLO",,No,1,,"Current Limit, Fault Timeout, OVP, Thermal Limit, UVLO",,,Hot Swap Controller,2.7V ~ 16V
MP5026GLRT-Z,Monolithic Power Systems Inc.,"16V, 20A, 2.8M RDS(ON), HOT-SWAP",linear-audio-amplifiers,0,1.3398,26-VFLGA Exposed Pad,Surface Mount,Active,https://www.monolithicpower.com/pub/media/document/MP5026GLRT-Z_r1p0.pdf,https://www.digikey.com/en/products/detail/monolithic-power-systems-inc/MP5026GLRT-Z/25855341,Networking,20A,,"Fault Timeout, Latched Fault, OVP, Thermal Limit, UVLO",,No,1,,"Current Limit, Fault Timeout, OVP, Thermal Limit, UVLO",,,Hot Swap Controller,2.7V ~ 16V
MP5048AGU-P,Monolithic Power Systems Inc.,"60V, 4A, 14M RDS(ON), HOT-SWAP I",linear-audio-amplifiers,533,4.69,30-PowerVFQFN,Surface Mount,Active,,https://www.digikey.com/en/products/detail/monolithic-power-systems-inc/MP5048AGU-P/20414395,Networking,5A,1.8 mA,"Auto Retry, Fault Timeout, Latched Fault, OVP, PMBus, UVLO",,Yes,1,-40°C ~ 125°C (TJ),"Current Limit, Fault Timeout, OVP, UVLO",,,Hot Swap Controller,24V ~ 60V
MP5048AGU-Z,Monolithic Power Systems Inc.,"60V, 4A, 14M RDS(ON), HOT-SWAP I",linear-audio-amplifiers,2487,4.27,30-PowerVFQFN,Surface Mount,Active,,https://www.digikey.com/en/products/detail/monolithic-power-systems-inc/MP5048AGU-Z/20414380,Networking,4A,2.4 mA,"Auto Retry, Fault Timeout, Latched Fault, OVP, PMBus, UVLO",,Yes,1,-40°C ~ 125°C (TJ),"Current Limit, Fault Timeout, OVP, Slew Rate, UVLO",,,,24V ~ 60V
MP5048GU-P,Monolithic Power Systems Inc.,"60V, 15A, 7M RDS(ON)HOT-SWAP INT",linear-audio-amplifiers,0,7.92,30-PowerVFQFN,Surface Mount,Active,,https://www.digikey.com/en/products/detail/monolithic-power-systems-inc/MP5048GU-P/14640311,General Purpose,15A,15 A,Auto Retry,,No,1,-40°C ~ 125°C (TJ),"Current Limit, Fault Timeout, OVP, Slew Rate, UVLO",,,Hot Swap Controller,24V ~ 60V
MP5048GU-Z,Monolithic Power Systems Inc.,"60V, 15A, 7M RDS(ON)HOT-SWAP INT",linear-audio-amplifiers,0,7.59,30-PowerVFQFN,Surface Mount,Active,,https://www.digikey.com/en/products/detail/monolithic-power-systems-inc/MP5048GU-Z/14640303,General Purpose,15A,15 A,Auto Retry,,No,1,-40°C ~ 125°C (TJ),"Current Limit, Fault Timeout, OVP, Slew Rate, UVLO",,,Hot Swap Controller,24V ~ 60V
MP5056GQV-P,Monolithic Power Systems Inc.,"28V, 7M RDS(ON), HOT-SWAP PROTEC",linear-audio-amplifiers,4,2.42,22-PowerVFQFN,Surface Mount,Active,,https://www.digikey.com/en/products/detail/monolithic-power-systems-inc/MP5056GQV-P/24709778,General Purpose,6A,,"Auto Retry, Fault Timeout, Latched Fault, Thermal Limit, UVLO",,No,1,-40°C ~ 125°C (TJ),"Current Limit, Fault Timeout, Slew Rate, UVLO",,,Hot Swap Controller,6V ~ 28V
MP5056GQV-Z,Monolithic Power Systems Inc.,"28V, 7M RDS(ON), HOT-SWAP PROTEC",linear-audio-amplifiers,4975,2.05,22-PowerVFQFN,Surface Mount,Active,,https://www.digikey.com/en/products/detail/monolithic-power-systems-inc/MP5056GQV-Z/24709791,General Purpose,6A,,"Auto Retry, Fault Timeout, Latched Fault, Thermal Limit, UVLO",,No,1,,"Current Limit, Fault Timeout, Slew Rate, UVLO",,,Hot Swap Controller,28V
MP5061GQV-P,Monolithic Power Systems Inc.,"28V, 15A ADJUSTABLE CURRENT LIMI",linear-audio-amplifiers,2414,2.69,22-PowerVFQFN,Surface Mount,Active,,https://www.digikey.com/en/products/detail/monolithic-power-systems-inc/MP5061GQV-P/24374523,General Purpose,25A,1 mA,"Auto Retry, Fault Timeout, Latched Fault, Thermal Limit, UVLO",,Yes,1,-40°C ~ 125°C (TJ),"Current Limit, Fault Timeout, Slew Rate, UVLO",,,"Hot Swap Controller, Monitor",4.5V ~ 28V
MP5061GQV-Z,Monolithic Power Systems Inc.,"28V, 15A ADJUSTABLE CURRENT LIMI",linear-audio-amplifiers,4964,2.32,22-PowerVFQFN,Surface Mount,Active,,https://www.digikey.com/en/products/detail/monolithic-power-systems-inc/MP5061GQV-Z/24374534,General Purpose,25A,1 mA,"Auto Retry, Fault Timeout, Latched Fault, Thermal Limit, UVLO",,Yes,1,-40°C ~ 125°C (TJ),"Current Limit, Fault Timeout, Slew Rate, UVLO",,,"Hot Swap Controller, Monitor",4.5V ~ 28V
MP5921GV-P,Monolithic Power Systems Inc.,16V 50A 1M RDS(ON)HOTSWAP 28QFN,linear-audio-amplifiers,0,5.5748,28-PowerVFQFN,Surface Mount,Active,,https://www.digikey.com/en/products/detail/monolithic-power-systems-inc/MP5921GV-P/15212332,,,,,,,,,,,*,,
MP5921GV-Z,Monolithic Power Systems Inc.,"16V, 50A, 1M RDS(ON), HOT-SWAP I",linear-audio-amplifiers,0,5.3438,28-VFQFN Exposed Pad,Surface Mount,Active,,https://www.digikey.com/en/products/detail/monolithic-power-systems-inc/MP5921GV-Z/18088971,Networking,50A,1.8 mA,Latched Fault,,Yes,1,-40°C ~ 125°C (TJ),"Current Limit, Latched Fault, OVP, Slew Rate, UVLO",,MP,Hot Swap Controller,4V ~ 16V
MP5990GMA-0000-P,Monolithic Power Systems Inc.,"16V, 50A, 1M RDS(ON),FULLY INTEG",linear-audio-amplifiers,0,5.0666,45-PowerVFLGA,Surface Mount,Active,,https://www.digikey.com/en/products/detail/monolithic-power-systems-inc/MP5990GMA-0000-P/21658327,Networking,50A,11.2 mA,"Auto Retry, OVP, PMBus, Thermal Limit, UVLO",,Yes,1,-40°C ~ 125°C (TJ),"Current Limit, Fault Timeout, OVP, Slew Rate, UVLO",,,Hot Swap Controller,4V ~ 16V
MP5990GMA-0000-Z,Monolithic Power Systems Inc.,"16V, 50A, 1M RDS(ON),FULLY INTEG",linear-audio-amplifiers,0,4.8356,45-PowerVFLGA,Surface Mount,Active,,https://www.digikey.com/en/products/detail/monolithic-power-systems-inc/MP5990GMA-0000-Z/21658366,Networking,50A,11.2 mA,"Auto Retry, OVP, PMBus, Thermal Limit, UVLO",,Yes,1,-40°C ~ 125°C (TJ),"Current Limit, Fault Timeout, OVP, Slew Rate, UVLO",,,Hot Swap Controller,4V ~ 16V
MP5991GLU-P,Monolithic Power Systems Inc.,"16V, 50A, 1M RDS(ON), HOT-SWAP I",linear-audio-amplifiers,740,4.56,32-VFQFN Exposed Pad,Surface Mount,Active,,https://www.digikey.com/en/products/detail/monolithic-power-systems-inc/MP5991GLU-P/17139462,Networking,50A,2.3 mA,"Auto Retry, Fault Timeout, Latched Fault, PMBus, Thermal Shutdown, UVLO",,Yes,1,-40°C ~ 125°C (TJ),"Auto Retry, Current Limit, Fault Timeout, Latched Fault, Slew Rate, UVLO",,,Hot Swap Controller,4V ~ 16V
MP5991GLU-Z,Monolithic Power Systems Inc.,"16V, 50A, 1M RDS(ON), HOT-SWAP I",linear-audio-amplifiers,0,4.22,32-VFQFN Exposed Pad,Surface Mount,Active,,https://www.digikey.com/en/products/detail/monolithic-power-systems-inc/MP5991GLU-Z/17139469,Networking,50A,2.3 mA,"Auto Retry, Fault Timeout, Latched Fault, PMBus, Thermal Shutdown, UVLO",,Yes,1,-40°C ~ 125°C (TJ),"Auto Retry, Current Limit, Fault Timeout, Latched Fault, Slew Rate, UVLO",,,Hot Swap Controller,4V ~ 16V
MPQ5066GQV-AEC1-P,Monolithic Power Systems Inc.,"28V, 6A, 7M RDS(ON) HOT-SWAP PRO",linear-audio-amplifiers,500,3.02664,22-PowerVFQFN,Surface Mount,Active,,https://www.digikey.com/en/products/detail/monolithic-power-systems-inc/MPQ5066GQV-AEC1-P/13909992,,6A,1 mA,"Auto Retry, Fault Timeout, Latched Fault, Thermal Limit, UVLO",Automotive,No,1,-40°C ~ 125°C (TJ),"Auto Retry, Current Limit, Fault Timeout, Latched Fault, Slew Rate",AEC-Q100,MPQ,"Hot Swap Controller, Monitor",6V ~ 28V
MPQ5066GQV-AEC1-Z,Monolithic Power Systems Inc.,"28V, 6A, 7M RDS(ON) HOT-SWAP PRO",linear-audio-amplifiers,5094,4.82,22-PowerVFQFN,Surface Mount,Active,,https://www.digikey.com/en/products/detail/monolithic-power-systems-inc/MPQ5066GQV-AEC1-Z/13909991,,6A,1 mA,"Auto Retry, Fault Timeout, Latched Fault, Thermal Limit, UVLO",Automotive,No,1,-40°C ~ 125°C (TJ),"Auto Retry, Current Limit, Fault Timeout, Latched Fault, Slew Rate",AEC-Q100,MPQ,"Hot Swap Controller, Monitor",6V ~ 28V
MPQ5068GQV-AEC1-P,Monolithic Power Systems Inc.,"28V, 8A, 7M, RDS(ON) HOT-SWAP PR",linear-audio-amplifiers,25,5.67,22-PowerVFQFN,Surface Mount,Active,,https://www.digikey.com/en/products/detail/monolithic-power-systems-inc/MPQ5068GQV-AEC1-P/13909989,,8A,1 mA,"Auto Retry, Fault Timeout, Latched Fault, Thermal Limit, UVLO",Automotive,No,1,-40°C ~ 125°C (TJ),"Auto Retry, Current Limit, Fault Timeout, Latched Fault, Slew Rate",AEC-Q100,MPQ,"Hot Swap Controller, Monitor",6V ~ 28V
MPQ5068GQV-AEC1-Z,Monolithic Power Systems Inc.,"28V, 8A, 7M, RDS(ON) HOT-SWAP PR",linear-audio-amplifiers,0,3.2802,22-PowerVFQFN,Surface Mount,Active,,https://www.digikey.com/en/products/detail/monolithic-power-systems-inc/MPQ5068GQV-AEC1-Z/13909993,,8A,1 mA,"Auto Retry, Fault Timeout, Latched Fault, Thermal Limit, UVLO",Automotive,No,1,-40°C ~ 125°C (TJ),"Auto Retry, Current Limit, Fault Timeout, Latched Fault, Slew Rate",AEC-Q100,MPQ,"Hot Swap Controller, Monitor",6V ~ 28V
NCP81428MNTXG,onsemi,HOT SWAP SMART FUSE WITH PMBUS,linear-audio-amplifiers,0,4.851,32-LFQFN Exposed Pad,Surface Mount,Active,https://www.onsemi.com/download/data-sheet/pdf/ncp81428-d.pdf,https://www.digikey.com/en/products/detail/onsemi/NCP81428MNTXG/23329566,General Purpose,80A,9.5 mA,"Auto Retry, Fault Timeout, Latched Fault, OVP, PMBus, UVLO",,Yes,1,-40°C ~ 125°C (TA),"Current Limit, Fault Timeout, OVP, Slew Rate, UVLO",,,Hot Swap Controller,5V ~ 18V
NIS5101E1T1,onsemi,IC HOT SWAP CTRLR -48V SPAK-7,linear-audio-amplifiers,0,0.0,SPAK-7 (7 Leads + Tab),Surface Mount,Obsolete,https://www.digikey.com//mm.digikey.com/Volume0/opasdata/d220001/medias/docus/9/NIS5101-D.pdf,https://www.digikey.com/en/products/detail/onsemi/NIS5101E1T1/663987,-48V,6.5A,,"Latched Fault, Thermal Limit",,Yes,1,-40°C ~ 145°C,"Current Limit, OVP, UVLO",,,Hot Swap Controller,100V
NIS5101E1T1G,onsemi,IC HOT SWAP CTRLR -48V SPAK-7,linear-audio-amplifiers,0,0.0,SPAK-7 (7 Leads + Tab),Surface Mount,Obsolete,https://www.digikey.com//mm.digikey.com/Volume0/opasdata/d220001/medias/docus/9/NIS5101-D.pdf,https://www.digikey.com/en/products/detail/onsemi/NIS5101E1T1G/920140,-48V,6.5A,,"Latched Fault, Thermal Limit",,Yes,1,-40°C ~ 145°C,"Current Limit, OVP, UVLO",,,Hot Swap Controller,100V
NIS5101E2T1,onsemi,IC HOT SWAP CTRLR -48V SPAK-7,linear-audio-amplifiers,0,0.0,SPAK-7 (7 Leads + Tab),Surface Mount,Obsolete,https://www.digikey.com//mm.digikey.com/Volume0/opasdata/d220001/medias/docus/9/NIS5101-D.pdf,https://www.digikey.com/en/products/detail/onsemi/NIS5101E2T1/665874,-48V,6.5A,,"Auto Retry, Thermal Limit",,Yes,1,-40°C ~ 145°C,"Current Limit, OVP, UVLO",,,Hot Swap Controller,100V
NIS5101E2T1G,onsemi,IC HOT SWAP CTRLR -48V SPAK-7,linear-audio-amplifiers,0,0.0,SPAK-7 (7 Leads + Tab),Surface Mount,Obsolete,https://www.digikey.com//mm.digikey.com/Volume0/opasdata/d220001/medias/docus/9/NIS5101-D.pdf,https://www.digikey.com/en/products/detail/onsemi/NIS5101E2T1G/920141,-48V,6.5A,,"Auto Retry, Thermal Limit",,Yes,1,-40°C ~ 145°C,"Current Limit, OVP, UVLO",,,Hot Swap Controller,100V
NIS5102QP1HT1,onsemi,IC HOT SWAP CTRLR GP 12PLLP,linear-audio-amplifiers,0,2.975,12-DFN Exposed Pad,Surface Mount,Obsolete,https://www.digikey.com//mm.digikey.com/Volume0/opasdata/d220001/medias/docus/9/NIS5102-D.pdf,https://www.digikey.com/en/products/detail/onsemi/NIS5102QP1HT1/1484381,General Purpose,10A,,"Latched Fault, Thermal Limit",,Yes,1,-40°C ~ 175°C,"Current Limit, Fault Timeout, OVP, UVLO",,SMART HotPlug™,Hot Swap Controller,9V ~ 18V
NIS5102QP1HT1G,onsemi,IC HOT SWAP CTRLR GP 12PLLP,linear-audio-amplifiers,0,2.975,12-DFN Exposed Pad,Surface Mount,Obsolete,https://www.digikey.com//mm.digikey.com/Volume0/opasdata/d220001/medias/docus/9/NIS5102-D.pdf,https://www.digikey.com/en/products/detail/onsemi/NIS5102QP1HT1G/1484382,General Purpose,10A,,"Latched Fault, Thermal Limit",,Yes,1,-40°C ~ 175°C,"Current Limit, Fault Timeout, OVP, UVLO",,SMART HotPlug™,Hot Swap Controller,9V ~ 18V
NIS5102QP2HT1,onsemi,IC HOT SWAP CTRLR GP 12PLLP,linear-audio-amplifiers,0,2.975,12-DFN Exposed Pad,Surface Mount,Obsolete,https://www.digikey.com//mm.digikey.com/Volume0/opasdata/d220001/medias/docus/9/NIS5102-D.pdf,https://www.digikey.com/en/products/detail/onsemi/NIS5102QP2HT1/1484383,General Purpose,10A,,"Auto Retry, Thermal Limit",,Yes,1,-40°C ~ 175°C,"Current Limit, Fault Timeout, OVP, UVLO",,SMART HotPlug™,Hot Swap Controller,9V ~ 18V
NIS5102QP2HT1G,onsemi,IC HOT SWAP CTRLR GP 12PLLP,linear-audio-amplifiers,0,2.975,12-DFN Exposed Pad,Surface Mount,Obsolete,https://www.digikey.com//mm.digikey.com/Volume0/opasdata/d220001/medias/docus/9/NIS5102-D.pdf,https://www.digikey.com/en/products/detail/onsemi/NIS5102QP2HT1G/1484384,General Purpose,10A,,"Auto Retry, Thermal Limit",,Yes,1,-40°C ~ 175°C,"Current Limit, Fault Timeout, OVP, UVLO",,SMART HotPlug™,Hot Swap Controller,9V ~ 18V
PI2211-00-QAIG,Vicor Corporation,IC HOT SWAP CTRLR GP 24QFN,linear-audio-amplifiers,0,0.0,24-VFQFN Exposed Pad,Surface Mount,Obsolete,https://www.vicorpower.com/documents/datasheets/ds_pi2211.pdf,https://www.digikey.com/en/products/detail/vicor-corporation/PI2211-00-QAIG/3025000,General Purpose,,12 mA,"Auto Retry, Thermal Limit",,No,1,-40°C ~ 125°C,"Circuit Breaker, Current Limit, Fault Timeout, OVP, UVLO",,,Hot Swap Controller,900mV ~ 14V
RS31210AR,Reed Semiconductor Corp.,IC ELECTRONIC FUSE 10VSON,linear-audio-amplifiers,4985,1.33,10-VFDFN Exposed Pad,Surface Mount,Active,https://www.digikey.com//mm.digikey.com/Volume0/opasdata/d220001/medias/docus/6209/RS31210A%20ABRIDGED%20DATA%20SHEET.pdf,https://www.digikey.com/en/products/detail/reed-semiconductor-corp/RS31210AR/21853774,"PCI, PCI-X",5A,5 A,Latched Fault,,Yes,1,-40°C ~ 125°C,Current Limit,,,Hot Swap Controller,4.5V ~ 5.5V
RS31210BR,Reed Semiconductor Corp.,IC ELECTRONIC FUSE 10VSON,linear-audio-amplifiers,5000,1.33,10-VFDFN Exposed Pad,Surface Mount,Active,https://www.digikey.com//mm.digikey.com/Volume0/opasdata/d220001/medias/docus/6209/RS31210B%20ABRIDGED%20DATA%20SHEET.pdf,https://www.digikey.com/en/products/detail/reed-semiconductor-corp/RS31210BR/21853777,"PCI, PCI-X",5A,5 A,Auto Retry,,Yes,1,-40°C ~ 125°C,Current Limit,,,Hot Swap Controller,4.5V ~ 5.5V
RS31211AR,Reed Semiconductor Corp.,IC ELECTRONIC FUSE 8WSON,linear-audio-amplifiers,2870,1.04,8-WFDFN Exposed Pad,Surface Mount,Active,https://www.digikey.com//mm.digikey.com/Volume0/opasdata/d220001/medias/docus/6209/RS31211A%20ABRIDGED%20DATA%20SHEET.pdf,https://www.digikey.com/en/products/detail/reed-semiconductor-corp/RS31211AR/21853791,Motherboard,4A,4 A,Latched Fault,,Yes,1,-40°C ~ 125°C,Current Limit,,,Hot Swap Controller,3V ~ 3.6V
RS31211BR,Reed Semiconductor Corp.,IC ELECTRONIC FUSE 8WSON,linear-audio-amplifiers,3000,1.04,8-WFDFN Exposed Pad,Surface Mount,Active,https://www.digikey.com//mm.digikey.com/Volume0/opasdata/d220001/medias/docus/6209/RS31211B%20ABRIDGED%20DATA%20SHEET.pdf,https://www.digikey.com/en/products/detail/reed-semiconductor-corp/RS31211BR/21853758,Motherboard,4A,4 A,Auto Retry,,Yes,1,-40°C ~ 125°C,Current Limit,,,Hot Swap Controller,3V ~ 3.6V
RS31211DR,Reed Semiconductor Corp.,IC ELECTRONIC FUSE 8WSON,linear-audio-amplifiers,2975,1.04,8-WFDFN Exposed Pad,Surface Mount,Active,https://www.digikey.com//mm.digikey.com/Volume0/opasdata/d220001/medias/docus/6209/RS31211D%20ABRIDGED%20DATA%20SHEET.pdf,https://www.digikey.com/en/products/detail/reed-semiconductor-corp/RS31211DR/21853769,Motherboard,4A,4 A,Auto Retry,,Yes,1,-40°C ~ 125°C,Current Limit,,,Hot Swap Controller,3V ~ 3.6V
RS31212AR,Reed Semiconductor Corp.,IC ELECTRONIC FUSE 8WSON,linear-audio-amplifiers,2927,1.04,8-WFDFN Exposed Pad,Surface Mount,Active,https://www.digikey.com//mm.digikey.com/Volume0/opasdata/d220001/medias/docus/6209/RS31212A%20ABRIDGED%20DATA%20SHEET.pdf,https://www.digikey.com/en/products/detail/reed-semiconductor-corp/RS31212AR/21853772,Motherboard,4A,4 A,Latched Fault,,Yes,1,-40°C ~ 125°C,Current Limit,,,Hot Swap Controller,4.5V ~ 5.5V
RS31212BR,Reed Semiconductor Corp.,IC ELECTRONIC FUSE 8WSON,linear-audio-amplifiers,2986,1.04,8-WFDFN Exposed Pad,Surface Mount,Active,https://www.digikey.com//mm.digikey.com/Volume0/opasdata/d220001/medias/docus/6209/RS31212B%20ABRIDGED%20DATA%20SHEET.pdf,https://www.digikey.com/en/products/detail/reed-semiconductor-corp/RS31212BR/21853783,Motherboard,4A,4 A,Auto Retry,,Yes,1,-40°C ~ 125°C,Current Limit,,,Hot Swap Controller,4.5V ~ 5.5V
RS31212DR,Reed Semiconductor Corp.,IC ELECTRONIC FUSE 8WSON,linear-audio-amplifiers,2985,1.04,8-WFDFN Exposed Pad,Surface Mount,Active,https://www.digikey.com//mm.digikey.com/Volume0/opasdata/d220001/medias/docus/6209/RS31212D%20ABRIDGED%20DATA%20SHEET.pdf,https://www.digikey.com/en/products/detail/reed-semiconductor-corp/RS31212DR/21853790,Motherboard,4A,4 A,Auto Retry,,Yes,1,-40°C ~ 125°C,Current Limit,,,Hot Swap Controller,4.5V ~ 5.5V
RS31309AR,Reed Semiconductor Corp.,IC ELECTRONIC FUSE 8WSON,linear-audio-amplifiers,2480,1.04,8-WFDFN Exposed Pad,Surface Mount,Active,https://www.digikey.com//mm.digikey.com/Volume0/opasdata/d220001/medias/docus/6209/RS31309A%20ABRIDGED%20DATA%20SHEET.pdf,https://www.digikey.com/en/products/detail/reed-semiconductor-corp/RS31309AR/21853789,Motherboard,4A,4 A,Latched Fault,,Yes,1,-40°C ~ 125°C,Current Limit,,,Hot Swap Controller,2.97V ~ 16.5V
RS31309BR,Reed Semiconductor Corp.,IC ELECTRONIC FUSE 8WSON,linear-audio-amplifiers,2995,1.04,8-WFDFN Exposed Pad,Surface Mount,Active,https://www.digikey.com//mm.digikey.com/Volume0/opasdata/d220001/medias/docus/6209/RS31309B%20ABRIDGED%20DATA%20SHEET.pdf,https://www.digikey.com/en/products/detail/reed-semiconductor-corp/RS31309BR/21853788,Motherboard,4A,4 A,Auto Retry,,Yes,1,-40°C ~ 125°C,Current Limit,,,Hot Swap Controller,2.97V ~ 16.5V
RS31310AR,Reed Semiconductor Corp.,IC ELECTRONIC FUSE 10VSON,linear-audio-amplifiers,5000,1.1,10-VFDFN Exposed Pad,Surface Mount,Active,https://www.digikey.com//mm.digikey.com/Volume0/opasdata/d220001/medias/docus/6209/RS31310A%20ABRIDGED%20DATA%20SHEET.pdf,https://www.digikey.com/en/products/detail/reed-semiconductor-corp/RS31310AR/21853766,"PCI, PCI-X",5A,5 A,Latched Fault,,Yes,1,-40°C ~ 125°C,Current Limit,,,Hot Swap Controller,2.97V ~ 16.5V
RS31310BR,Reed Semiconductor Corp.,IC ELECTRONIC FUSE 10VSON,linear-audio-amplifiers,5000,1.1,10-VFDFN Exposed Pad,Surface Mount,Active,https://www.digikey.com//mm.digikey.com/Volume0/opasdata/d220001/medias/docus/6209/RS31310B%20ABRIDGED%20DATA%20SHEET.pdf,https://www.digikey.com/en/products/detail/reed-semiconductor-corp/RS31310BR/21853768,"PCI, PCI-X",5A,5 A,Auto Retry,,Yes,1,-40°C ~ 125°C,Current Limit,,,Hot Swap Controller,2.97V ~ 16.5V
RS31311AR,Reed Semiconductor Corp.,IC ELECTRONIC FUSE 8WSON,linear-audio-amplifiers,2895,1.04,8-WFDFN Exposed Pad,Surface Mount,Active,https://www.digikey.com//mm.digikey.com/Volume0/opasdata/d220001/medias/docus/6209/RS31311A%20ABRIDGED%20DATA%20SHEET.pdf,https://www.digikey.com/en/products/detail/reed-semiconductor-corp/RS31311AR/21853756,Motherboard,4A,4 A,Latched Fault,,Yes,1,-40°C ~ 125°C,Current Limit,,,Hot Swap Controller,2.97V ~ 16.5V
RS31311BR,Reed Semiconductor Corp.,IC ELECTRONIC FUSE 8WSON,linear-audio-amplifiers,2965,1.04,8-WFDFN Exposed Pad,Surface Mount,Active,https://www.digikey.com//mm.digikey.com/Volume0/opasdata/d220001/medias/docus/6209/RS31311B%20ABRIDGED%20DATA%20SHEET.pdf,https://www.digikey.com/en/products/detail/reed-semiconductor-corp/RS31311BR/21853781,Motherboard,4A,4 A,Auto Retry,,Yes,1,-40°C ~ 125°C,Current Limit,,,Hot Swap Controller,2.97V ~ 16.5V
RS31312R,Reed Semiconductor Corp.,IC HOT SWAP CTRLR GP 22QFN,linear-audio-amplifiers,4421,5.43,22-VFQFN Exposed Pad,Surface Mount,Active,https://www.digikey.com//mm.digikey.com/Volume0/opasdata/d220001/medias/docus/6209/RS31312%20ABRIDGED%20DATA%20SHEET.pdf,https://www.digikey.com/en/products/detail/reed-semiconductor-corp/RS31312R/21853785,Motherboard,15A,15 A,Latched Fault,,Yes,1,-40°C ~ 125°C,Current Limit,,,Hot Swap Controller,4.5V ~ 16V
RS31313AR,Reed Semiconductor Corp.,IC ELECTRONIC FUSE 26LGA,linear-audio-amplifiers,5000,2.95,26-WFLGA Exposed Pad,Surface Mount,Active,https://www.digikey.com//mm.digikey.com/Volume0/opasdata/d220001/medias/docus/6209/RS31313A%20ABRIDGED%20DATA%20SHEET.pdf,https://www.digikey.com/en/products/detail/reed-semiconductor-corp/RS31313AR/21853786,Motherboard,15A,15 A,Latched Fault,,Yes,1,-40°C ~ 125°C,Current Limit,,,Hot Swap Controller,4.5V ~ 5.5V
RS31314AR,Reed Semiconductor Corp.,IC ELECTRONIC FUSE 26LGA,linear-audio-amplifiers,4606,3.45,26-WFLGA Exposed Pad,Surface Mount,Active,https://www.digikey.com//mm.digikey.com/Volume0/opasdata/d220001/medias/docus/6209/RS31314A%20ABRIDGED%20DATA%20SHEET.pdf,https://www.digikey.com/en/products/detail/reed-semiconductor-corp/RS31314AR/21853773,Motherboard,15A,15 A,Latched Fault,,Yes,1,-40°C ~ 125°C,Current Limit,,,Hot Swap Controller,4.5V ~ 16V
RS31314BR,Reed Semiconductor Corp.,IC ELECTRONIC FUSE 26LGA,linear-audio-amplifiers,5000,1.8111,26-WFLGA Exposed Pad,Surface Mount,Active,https://www.digikey.com//mm.digikey.com/Volume0/opasdata/d220001/medias/docus/6209/RS31314B%20ABRIDGED%20DATA%20SHEET.pdf,https://www.digikey.com/en/products/detail/reed-semiconductor-corp/RS31314BR/21853764,Motherboard,15A,15 A,Latched Fault,,Yes,1,-40°C ~ 125°C,Circuit Breaker,,,Hot Swap Controller,4.5V ~ 16V
RS31316AR,Reed Semiconductor Corp.,IC ELECTRONIC FUSE 26LGA,linear-audio-amplifiers,5000,2.52,26-WFLGA Exposed Pad,Surface Mount,Active,https://cdn.reedsemi.com/2024/06/RS31316-ABRIDGED-DATA-SHEET.pdf,https://www.digikey.com/en/products/detail/reed-semiconductor-corp/RS31316AR/25576402,,,,,,,,,,,,Hot Swap Controller,
RS31316BR,Reed Semiconductor Corp.,IC ELECTRONIC FUSE 26LGA,linear-audio-amplifiers,5000,2.52,26-WFLGA Exposed Pad,Surface Mount,Active,https://cdn.reedsemi.com/2024/06/RS31316-ABRIDGED-DATA-SHEET.pdf,https://www.digikey.com/en/products/detail/reed-semiconductor-corp/RS31316BR/25576406,,,,,,,,,,,,Hot Swap Controller,
RS31317AR,Reed Semiconductor Corp.,IC ELECTRONIC FUSE 26LGA,linear-audio-amplifiers,4965,3.45,26-WFLGA Exposed Pad,Surface Mount,Active,https://www.digikey.com//mm.digikey.com/Volume0/opasdata/d220001/medias/docus/6209/RS31317A%20ABRIDGED%20DATA%20SHEET.pdf,https://www.digikey.com/en/products/detail/reed-semiconductor-corp/RS31317AR/21853776,Motherboard,15A,15 A,Latched Fault,,Yes,1,-40°C ~ 125°C,Current Limit,,,Hot Swap Controller,4.5V ~ 16V
RS31317BR,Reed Semiconductor Corp.,IC ELECTRONIC FUSE 26LGA,linear-audio-amplifiers,5000,1.8111,26-WFLGA Exposed Pad,Surface Mount,Active,https://www.digikey.com//mm.digikey.com/Volume0/opasdata/d220001/medias/docus/6209/RS31317B%20ABRIDGED%20DATA%20SHEET.pdf,https://www.digikey.com/en/products/detail/reed-semiconductor-corp/RS31317BR/21853765,Motherboard,15A,15 A,Latched Fault,,Yes,1,-40°C ~ 125°C,Circuit Breaker,,,Hot Swap Controller,4.5V ~ 16V
RS31320,Reed Semiconductor Corp.,IC ELECTRONIC FUSE TSOT23-8L,linear-audio-amplifiers,2909,1.35,"SOT-23-8 Thin, TSOT-23-8",Surface Mount,Active,https://www.digikey.com//mm.digikey.com/Volume0/opasdata/d220001/medias/docus/6209/RS31320%20ABRIDGED%20DATA%20SHEET.pdf,https://www.digikey.com/en/products/detail/reed-semiconductor-corp/RS31320/22606924,Motherboard,3.5A,3.5 A,Latched Fault,,Yes,2,-40°C ~ 125°C,Current Limit,,,Hot Swap Controller,"5V, 12V"
RS31330B,Reed Semiconductor Corp.,IC ELECTRONIC FUSE 10QFN,linear-audio-amplifiers,1,1.42,10-VFQFN,Surface Mount,Active,,https://www.digikey.com/en/products/detail/reed-semiconductor-corp/RS31330B/22606919,Motherboard,7A,7 A,Auto Retry,,Yes,1,-40°C ~ 125°C,Current Limit,,,Hot Swap Controller,2.97V ~ 16.5V
RS31331B,Reed Semiconductor Corp.,IC ELECTRONIC FUSE 10QFN,linear-audio-amplifiers,2895,1.42,10-VFQFN,Surface Mount,Active,,https://www.digikey.com/en/products/detail/reed-semiconductor-corp/RS31331B/22606926,Motherboard,7A,7 A,Auto Retry,,Yes,1,-40°C ~ 125°C,Current Limit,,,Hot Swap Controller,2.97V ~ 16.5V
RS31332A,Reed Semiconductor Corp.,IC ELECTRONIC FUSE 10QFN,linear-audio-amplifiers,3000,1.41,10-VFQFN,Surface Mount,Active,https://www.digikey.com//mm.digikey.com/Volume0/opasdata/d220001/medias/docus/6296/RS31332A.pdf,https://www.digikey.com/en/products/detail/reed-semiconductor-corp/RS31332A/22606929,Motherboard,7A,7 A,Latched Fault,,Yes,1,-40°C ~ 125°C,Circuit Breaker,,,Hot Swap Controller,2.97V ~ 16.5V
RS31340A,Reed Semiconductor Corp.,IC ELECTRONIC FUSE 10QFN,linear-audio-amplifiers,2990,1.42,10-VFQFN,Surface Mount,Active,https://www.digikey.com//mm.digikey.com/Volume0/opasdata/d220001/medias/docus/6209/RS31340A%20ABRIDGED%20DATA%20SHEET.pdf,https://www.digikey.com/en/products/detail/reed-semiconductor-corp/RS31340A/22606918,Motherboard,10A,10 A,Latched Fault,,Yes,1,-40°C ~ 125°C,Circuit Breaker,,,Hot Swap Controller,2.97V ~ 16.5V
RS31340B,Reed Semiconductor Corp.,IC ELECTRONIC FUSE 10QFN,linear-audio-amplifiers,2960,1.39,10-VFQFN,Surface Mount,Active,https://www.digikey.com//mm.digikey.com/Volume0/opasdata/d220001/medias/docus/6209/RS31340B%20ABRIDGED%20DATA%20SHEET.pdf,https://www.digikey.com/en/products/detail/reed-semiconductor-corp/RS31340B/22606928,Motherboard,10A,10 A,Auto Retry,,Yes,1,-40°C ~ 125°C,Circuit Breaker,,,Hot Swap Controller,2.97V ~ 16.5V
RS31385R,Reed Semiconductor Corp.,IC ELECTRONIC FUSE 32LGA,linear-audio-amplifiers,2485,6.16,32-VFLGA Exposed Pad,Surface Mount,Active,https://www.digikey.com//mm.digikey.com/Volume0/opasdata/d220001/medias/docus/6209/RS31385%20ABRIDGED%20DATA%20SHEET.pdf,https://www.digikey.com/en/products/detail/reed-semiconductor-corp/RS31385R/21853770,Motherboard,50A,50 A,Latched Fault,,Yes,1,-40°C ~ 125°C,Current Limit,,,Hot Swap Controller,4.5V ~ 16V
RS31386R,Reed Semiconductor Corp.,IC ELECTRONIC FUSE 32LGA,linear-audio-amplifiers,2890,4.03,32-VFLGA Exposed Pad,Surface Mount,Active,https://www.digikey.com//mm.digikey.com/Volume0/opasdata/d220001/medias/docus/6209/RS31386%20ABRIDGED%20DATA%20SHEET.pdf,https://www.digikey.com/en/products/detail/reed-semiconductor-corp/RS31386R/21853780,Motherboard,50A,50 A,Latched Fault,,Yes,1,-40°C ~ 125°C,Current Limit,,,Hot Swap Controller,4.5V ~ 16V
RS31387R,Reed Semiconductor Corp.,IC ELECTRONIC FUSE 32LGA,linear-audio-amplifiers,2990,5.99,32-VFLGA Exposed Pad,Surface Mount,Active,https://www.digikey.com//mm.digikey.com/Volume0/opasdata/d220001/medias/docus/6209/RS31387%20ABRIDGED%20DATA%20SHEET.pdf,https://www.digikey.com/en/products/detail/reed-semiconductor-corp/RS31387R/21853775,Motherboard,50A,50 A,Auto Retry,,Yes,1,-40°C ~ 125°C,Current Limit,,,Hot Swap Controller,4.5V ~ 16V
RT1720GF,Richtek USA Inc.,IC HOT SWAP CTRLR GP 10MSOP,linear-audio-amplifiers,0,0.0,"10-TFSOP, 10-MSOP (0.118"", 3.00mm Width)",Surface Mount,Obsolete,,https://www.digikey.com/en/products/detail/richtek-usa-inc/RT1720GF/6002895,General Purpose,,2.3 mA,,,No,1,-40°C ~ 85°C,"Current Limit, Fault Timeout, OVP",,,Hot Swap Controller,5V ~ 80V
RTQ1950S-TA,Richtek USA Inc.,10V TO 80V HOTSWAP CONTROLLER WI,linear-audio-amplifiers,2305,7.27,"28-TSSOP (0.173"", 4.40mm Width) Exposed Pad",Surface Mount,Active,https://www.digikey.com//mm.digikey.com/Volume0/opasdata/d220001/medias/docus/6778/1028_SG021_2025.pdf,https://www.digikey.com/en/products/detail/richtek-usa-inc/RTQ1950S-TA/26523770,General Purpose,,5 mA,"Auto Retry, Fault Timeout, I2C, Latched Fault, OVP, PMBus, SMBus, UVLO",,No,1,-40°C ~ 125°C,"Circuit Breaker, Current Limit, Fault Timeout, OVP, UVLO",,,Hot Swap Controller,10V ~ 80V
SC4150HISTRT,Semtech Corporation,IC HOT SWAP CTRLR -48V 8SO,linear-audio-amplifiers,0,1.35673,"8-SOIC (0.154"", 3.90mm Width)",Surface Mount,Obsolete,,https://www.digikey.com/en/products/detail/semtech-corporation/SC4150HISTRT/5118098,-48V,,4 mA,"Auto Retry, Fault Timeout",,No,1,-40°C ~ 125°C,"OVP, Slew Rate, UVLO",,,Hot Swap Controller,10V ~ 80V
SC4150LISTRT,Semtech Corporation,IC HOT SWAP CTRLR -48V 8SO,linear-audio-amplifiers,0,1.35673,"8-SOIC (0.154"", 3.90mm Width)",Surface Mount,Obsolete,,https://www.digikey.com/en/products/detail/semtech-corporation/SC4150LISTRT/5118099,-48V,,4 mA,"Auto Retry, Fault Timeout",,No,1,-40°C ~ 125°C,"OVP, Slew Rate, UVLO",,,Hot Swap Controller,10V ~ 80V
SC4250LISTRT,Semtech Corporation,IC HOT SWAP CTRLR -48V 8SO,linear-audio-amplifiers,0,0.0,"8-SOIC (0.154"", 3.90mm Width)",Surface Mount,Obsolete,,https://www.digikey.com/en/products/detail/semtech-corporation/SC4250LISTRT/969478,-48V,,3 mA,"Auto Retry, Fault Timeout",,No,1,-40°C ~ 125°C,"OVP, Slew, UVLO",,,Hot Swap Controller,10V ~ 80V
SIC32301CD-T1E3,Vishay Siliconix,18V 60A 0.6M  RDS (ON) HOT-SW,linear-audio-amplifiers,0,2.772,32-PowerTFQFN,Surface Mount,Active,https://www.vishay.com/docs/63094/sic3230x_complete.pdf,https://www.digikey.com/en/products/detail/vishay-siliconix/SIC32301CD-T1E3/27788288,Networking,60A,6.15 mA,"Fault Timeout, Latched Fault, OVP, Thermal Limit, UVLO",,Yes,1,-40°C ~ 125°C (TJ),"Current Limit, Fault Timeout, OVP, UVLO",,,Hot Swap Controller,4.5V ~ 18V
SIC32301CD-T5E3,Vishay Siliconix,18V 60A 0.6  RDS (ON) HOT-SWA,linear-audio-amplifiers,0,2.772,32-PowerTFQFN,Surface Mount,Active,https://www.vishay.com/docs/63094/sic3230x_complete.pdf,https://www.digikey.com/en/products/detail/vishay-siliconix/SIC32301CD-T5E3/27788354,Networking,60A,6.15 mA,"Fault Timeout, Latched Fault, OVP, Thermal Limit, UVLO",,Yes,1,-40°C ~ 125°C (TJ),"Current Limit, Fault Timeout, OVP, UVLO",,,Hot Swap Controller,4.5V ~ 18V
SIC32302CD-T5E3,Vishay Siliconix,18V 60A 0.6  RDS (ON) HOT-SWA,linear-audio-amplifiers,0,2.772,32-PowerTFQFN,Surface Mount,Active,https://www.vishay.com/docs/63094/sic3230x_complete.pdf,https://www.digikey.com/en/products/detail/vishay-siliconix/SIC32302CD-T5E3/27788236,Networking,60A,6.15 mA,"Auto Retry, Fault Timeout, OVP, Thermal Limit, UVLO",,Yes,1,-40°C ~ 125°C (TJ),"Current Limit, Fault Timeout, OVP, UVLO",,,Hot Swap Controller,4.5V ~ 18V
SIC32303CD-T1E3,Vishay Siliconix,18V 60A 0.6  RDS (ON) HOT-SWA,linear-audio-amplifiers,0,2.772,32-PowerTFQFN,Surface Mount,Active,https://www.vishay.com/docs/63094/sic3230x_complete.pdf,https://www.digikey.com/en/products/detail/vishay-siliconix/SIC32303CD-T1E3/27788505,Networking,60A,6.15 mA,"Latched Fault, UVLO",,Yes,1,-40°C ~ 125°C (TJ),"Current Limit, Slew Rate, UVLO",,,"Hot Swap Controller, Monitor",4.5V ~ 18V
SIC32303CD-T5E3,Vishay Siliconix,18V 60A 0.6M RDS(ON) HOT-SWAP,linear-audio-amplifiers,0,2.772,32-PowerTFQFN,Surface Mount,Active,https://www.vishay.com/docs/63094/sic3230x_complete.pdf,https://www.digikey.com/en/products/detail/vishay-siliconix/SIC32303CD-T5E3/27788310,Networking,60A,6.15 mA,"Latched Fault, OVP, UVLO",,Yes,1,-40°C ~ 125°C (TJ),"Current Limit, OVP, Slew Rate, UVLO",,,Hot Swap Controller,4.5V ~ 18V
SIC32304CD-T5E3,Vishay Siliconix,18V 60A 0.6  RDS (ON) HOT-SWA,linear-audio-amplifiers,0,2.772,32-PowerTFQFN,Surface Mount,Active,https://www.vishay.com/docs/63094/sic3230x_complete.pdf,https://www.digikey.com/en/products/detail/vishay-siliconix/SIC32304CD-T5E3/27788532,Networking,60A,6.15 mA,"Auto Retry, Fault Timeout, OVP, Thermal Limit, UVLO",,Yes,1,-40°C ~ 125°C (TJ),"Current Limit, Fault Timeout, OVP, UVLO",,,Hot Swap Controller,4.5V ~ 18V
SIC32305CD-T5E3,Vishay Siliconix,18V 30A 1.2M RDS(ON) HOT-SWAP EF,linear-audio-amplifiers,0,3.54,28-PowerTFQFN,Surface Mount,Active,https://www.vishay.com/docs/61695/sic32305_sic32306.pdf,https://www.digikey.com/en/products/detail/vishay-siliconix/SIC32305CD-T5E3/27788392,Networking,30A,6.3 mA,"Latched Fault, UVLO",,Yes,1,-40°C ~ 125°C (TJ),"Current Limit, Slew Rate, UVLO",,,"Hot Swap Controller, Monitor",4.5V ~ 18V
SIC32306CD-T5E3,Vishay Siliconix,18V 30A 1.2M RDS(ON) HOT-SWAP EF,linear-audio-amplifiers,0,3.54,28-PowerTFQFN,Surface Mount,Active,https://www.vishay.com/docs/61695/sic32305_sic32306.pdf,https://www.digikey.com/en/products/detail/vishay-siliconix/SIC32306CD-T5E3/27788294,Networking,30A,6.3 mA,"Fault Timeout, Latched Fault, UVLO",,Yes,1,-40°C ~ 125°C (TJ),"Current Limit, Fault Timeout, UVLO",,,"Hot Swap Controller, Monitor",4.5V ~ 18V
SIC32309CD-T5E3,Vishay Siliconix,18V 60A 0.6M RDS(ON) HOT-SWAP EF,linear-audio-amplifiers,3000,4.59,32-PowerWFQFN,Surface Mount,Active,https://www.vishay.com/docs/62376/sic32309.pdf,https://www.digikey.com/en/products/detail/vishay-siliconix/SIC32309CD-T5E3/27788128,Networking,60A,6.5 mA,"Fault Timeout, Latched Fault, UVLO",,Yes,1,-40°C ~ 125°C (TJ),"Current Limit, Fault Timeout, UVLO",,,"Hot Swap Controller, Monitor",4.5V ~ 18V
SIC32311CD-T5E3,Vishay Siliconix,18V 60A 0.6M RDS(ON) HOT-SWAP EF,linear-audio-amplifiers,0,2.772,32-PowerTFQFN,Surface Mount,Active,https://www.vishay.com/docs/61531/sic32311.pdf,https://www.digikey.com/en/products/detail/vishay-siliconix/SIC32311CD-T5E3/27788159,Networking,60A,6.5 mA,"Fault Timeout, Latched Fault, UVLO",,Yes,1,-40°C ~ 125°C (TJ),"Current Limit, Fault Timeout, UVLO",,,"Hot Swap Controller, Monitor",4.5V ~ 18V
SIC32311ECD-T5E3,Vishay Siliconix,18V 60A 0.6M HOT-SWAP EFUSE SWIT,linear-audio-amplifiers,3000,4.59,32-PowerTFQFN,Surface Mount,Active,https://www.vishay.com/docs/61705/sic32311e.pdf,https://www.digikey.com/en/products/detail/vishay-siliconix/SIC32311ECD-T5E3/27788439,Networking,60A,6.15 mA,"Latched Fault, UVLO",,Yes,1,-40°C ~ 150°C (TJ),"Current Limit, Slew Rate, UVLO",,,"Hot Swap Controller, Monitor",4.5V ~ 18V
SIC32312CD-T5E3,Vishay Siliconix,18V 60A 0.6M RDS(ON) HOT-SWAP EF,linear-audio-amplifiers,0,0.0,-,-,Obsolete,,https://www.digikey.com/en/products/detail/vishay-siliconix/SIC32312CD-T5E3/27788235,,,,,,,,,,,,,
SIS5102QP1HT1G,onsemi,IC SMART HOTPLUG HI SIDE 12PLLP,linear-audio-amplifiers,0,2.1875,-,-,Obsolete,,https://www.digikey.com/en/products/detail/onsemi/SIS5102QP1HT1G/2050579,General Purpose,,,,,,,,,,,,
SN24710DGS,Texas Instruments,IC HOT SWAP CTRLR GP 10VSSOP,linear-audio-amplifiers,0,2.53175,"10-TFSOP, 10-MSOP (0.118"", 3.00mm Width)",Surface Mount,Active,,https://www.digikey.com/en/products/detail/texas-instruments/SN24710DGS/8322865,General Purpose,,1 mA,"Latched Fault, Thermal Limit",,No,1,-40°C ~ 85°C,"Current Limit, Fault Timeout, UVLO",,,Hot Swap Controller,2.5V ~ 18V
SN24710DGSR,Texas Instruments,IC HOT SWAP CTRLR GP 10VSSOP,linear-audio-amplifiers,0,2.1098,"10-TFSOP, 10-MSOP (0.118"", 3.00mm Width)",Surface Mount,Active,,https://www.digikey.com/en/products/detail/texas-instruments/SN24710DGSR/8322866,General Purpose,,1 mA,"Latched Fault, Thermal Limit",,No,1,-40°C ~ 85°C,"Current Limit, Fault Timeout, UVLO",,,Hot Swap Controller,2.5V ~ 18V
STPM801-TR,STMicroelectronics,DISCRETE,linear-audio-amplifiers,570,10.89,32-VFQFN Exposed Pad,Surface Mount,Active,https://www.st.com/resource/en/datasheet/stpm801.pdf,https://www.digikey.com/en/products/detail/stmicroelectronics/STPM801-TR/18086080,General Purpose,,,"Auto Retry, Fault Timeout, OVP, Thermal Limit, UVLO",Automotive,Yes,1,-40°C ~ 150°C (TJ),"Current Limit, Fault Timeout, OVP, Slew Rate, UVLO",AEC-Q100,,"Hot Swap Controller, OR Controller",4V ~ 65V
SUS5102QP1HT1G,onsemi,MI HI SDE SMRT HOTPLUG,linear-audio-amplifiers,0,0.0,-,-,Obsolete,,https://www.digikey.com/en/products/detail/onsemi/SUS5102QP1HT1G/2482196,,,,,,,,,,,,,
TCA4307DGKR,Texas Instruments,HOT SWAPPABLE I2C BUS AND SMBUS,linear-audio-amplifiers,9017,3.26,"8-TSSOP, 8-MSOP (0.118"", 3.00mm Width)",Surface Mount,Active,,https://www.digikey.com/en/products/detail/texas-instruments/TCA4307DGKR/13169258,General Purpose,,2.5 mA,UVLO,,Yes,1,-40°C ~ 125°C (TA),"Slew Rate, UVLO",,,Hot Swap Controller,2.3V ~ 5.5V
TCA4307DRGR,Texas Instruments,TCA4307DRGR,linear-audio-amplifiers,2156,3.65,8-WFDFN Exposed Pad,Surface Mount,Active,https://www.ti.com/lit/ds/symlink/tca4307.pdf?ts=1704479898836&ref_url=https%253A%252F%252Fwww.ti.com%252Fsitesearch%252Fen-us%252Fdocs%252Funiversalsearch.tsp%253FlangPref%253Den-US%2526searchTerm%253DTCA4307DRGR%2526nr%253D2,https://www.digikey.com/en/products/detail/texas-instruments/TCA4307DRGR/22147188,General Purpose,,2.5 mA,"Fault Timeout, I2C, PMBus, UVLO",,Yes,1,-40°C ~ 125°C (TA),"Fault Timeout, Slew Rate, UVLO",,,Hot Swap Controller,2.3V ~ 5.5V
TPS16850AVMAR,Texas Instruments,"9V TO 80V, 3.5M, 20A STACKABLE I",linear-audio-amplifiers,408,8.73,23-PowerLFQFN,Surface Mount,Active,https://www.ti.com/lit/ds/symlink/tps1685.pdf?ts=1762874038009,https://www.digikey.com/en/products/detail/texas-instruments/TPS16850AVMAR/28176537,General Purpose,20A,600 mA,"Auto Retry, Fault Timeout, OVP, Thermal Limit, UVLO",,Yes,1,-40°C ~ 125°C (TJ),"Circuit Breaker, Current Limit, Fault Timeout, OVP, UVLO",,,Hot Swap Controller,9V ~ 80V
TPS16850VMAR,Texas Instruments,TPS16850VMAR,linear-audio-amplifiers,0,5.6595,23-PowerLFQFN,Surface Mount,Active,,https://www.digikey.com/en/products/detail/texas-instruments/TPS16850VMAR/29178296,General Purpose,20A,600 mA,"Auto Retry, Fault Timeout, OVP, UVLO",,Yes,1,-40°C ~ 125°C (TJ),"Circuit Breaker, Current Limit, Fault Timeout, OVP, Slew Rate, UVLO",,,Hot Swap Controller,9V ~ 80V
TPS16851AVMAR,Texas Instruments,"9V TO 80V, 3.5M, 20A STACKABLE I",linear-audio-amplifiers,2271,8.73,23-PowerLFQFN,Surface Mount,Active,https://www.ti.com/lit/ds/symlink/tps1685.pdf?ts=1762874038009,https://www.digikey.com/en/products/detail/texas-instruments/TPS16851AVMAR/28176539,General Purpose,20A,600 mA,"Fault Timeout, Latched Fault, OVP, UVLO",,Yes,1,-40°C ~ 125°C (TJ),"Circuit Breaker, Current Limit, Fault Timeout, OVP, UVLO",,,Hot Swap Controller,9V ~ 80V
TPS16851VMAR,Texas Instruments,TPS16851VMAR,linear-audio-amplifiers,0,5.6595,23-PowerLFQFN,Surface Mount,Active,,https://www.digikey.com/en/products/detail/texas-instruments/TPS16851VMAR/29178309,General Purpose,20A,600 mA,"Fault Timeout, Latched Fault, OVP, UVLO",,Yes,1,-40°C ~ 125°C (TA),"Circuit Breaker, Current Limit, Fault Timeout, OVP, Slew Rate, UVLO",,,Hot Swap Controller,9V ~ 80V
TPS16860NLMR,Texas Instruments,"9V TO 80V, 15M, 10A EFUSE WITH A",linear-audio-amplifiers,0,2.464,23-PowerQFN,Surface Mount,Active,https://www.ti.com/lit/ds/symlink/tps1686.pdf,https://www.digikey.com/en/products/detail/texas-instruments/TPS16860NLMR/28721536,General Purpose,10A,470 µA,"Auto Retry, Fault Timeout, OVP, UVLO",,Yes,1,-40°C ~ 125°C (TJ),"Circuit Breaker, Current Limit, Fault Timeout, OVP, Slew Rate, UVLO",,,"Hot Swap Controller, Monitor",9V ~ 80V
TPS16861NLMR,Texas Instruments,"9V TO 80V, 15M, 10A EFUSE WITH A",linear-audio-amplifiers,0,4.13,23-PowerQFN,Surface Mount,Active,,https://www.digikey.com/en/products/detail/texas-instruments/TPS16861NLMR/28721569,General Purpose,10A,470 µA,"Fault Timeout, Latched Fault, OVP, UVLO",,Yes,1,-40°C ~ 125°C (TJ),"Circuit Breaker, Current Limit, Fault Timeout, OVP, Slew Rate, UVLO",,,"Hot Swap Controller, Monitor",9V ~ 80V
TPS16890AVMAR,Texas Instruments,"9V-TO-80V, 3.5M, 20A STACKABLE I",linear-audio-amplifiers,0,9.21,23-PowerLFQFN,Surface Mount,Active,https://www.digikey.com//mm.digikey.com/Volume0/opasdata/d220001/medias/docus/8911/tps1689.pdf,https://www.digikey.com/en/products/detail/texas-instruments/TPS16890AVMAR/29281548,General Purpose,20A,1.69 mA,"Auto Retry, Fault Timeout, I2C, Latched Fault, OVP, UVLO",,Yes,1,-40°C ~ 125°C,"Circuit Breaker, Current Limit, Fault Timeout, OVP, UVLO",,,Hot Swap Controller,9V ~ 80V
TPS16890VMAR,Texas Instruments,"9V-TO-80V, 3.5M, 20A STACKABLE I",linear-audio-amplifiers,0,9.21,23-PowerLFQFN,Surface Mount,Active,https://www.digikey.com//mm.digikey.com/Volume0/opasdata/d220001/medias/docus/8911/tps1689.pdf,https://www.digikey.com/en/products/detail/texas-instruments/TPS16890VMAR/29281490,General Purpose,20A,1.69 mA,"Auto Retry, Fault Timeout, I2C, Latched Fault, OVP, UVLO",,Yes,1,-40°C ~ 125°C,"Circuit Breaker, Current Limit, Fault Timeout, OVP, UVLO",,,Hot Swap Controller,9V ~ 80V
TPS2300IPW,Texas Instruments,IC HOT SWAP CTRLR GP 20TSSOP,linear-audio-amplifiers,0,5.47,"20-TSSOP (0.173"", 4.40mm Width)",Surface Mount,Active,,https://www.digikey.com/en/products/detail/texas-instruments/TPS2300IPW/306192,General Purpose,,5 µA,"Latched Fault, UVLO",,No,2,-40°C ~ 85°C,"Circuit Breaker, Fault Timeout, Slew Rate",,,Hot Swap Controller,"3V ~ 13V, 3V ~ 5.5V"
TPS2300IPWR,Texas Instruments,IC HOT SWAP CTRLR GP 20TSSOP,linear-audio-amplifiers,0,2.80896,"20-TSSOP (0.173"", 4.40mm Width)",Surface Mount,Active,,https://www.digikey.com/en/products/detail/texas-instruments/TPS2300IPWR/1671073,General Purpose,,5 µA,"Latched Fault, UVLO",,No,2,-40°C ~ 85°C,"Circuit Breaker, Fault Timeout, Slew Rate",,,Hot Swap Controller,"3V ~ 13V, 3V ~ 5.5V"
TPS2300IPWRG4,Texas Instruments,IC HOT SWAP CTRLR GP 20TSSOP,linear-audio-amplifiers,0,1.8189,"20-TSSOP (0.173"", 4.40mm Width)",Surface Mount,Obsolete,,https://www.digikey.com/en/products/detail/texas-instruments/TPS2300IPWRG4/1671074,General Purpose,,5 µA,"Latched Fault, UVLO",,No,2,-40°C ~ 85°C,"Circuit Breaker, Fault Timeout, Slew Rate",,,Hot Swap Controller,"3V ~ 13V, 3V ~ 5.5V"
TPS2301IPW,Texas Instruments,IC HOT SWAP CTRLR GP 20TSSOP,linear-audio-amplifiers,37,5.47,"20-TSSOP (0.173"", 4.40mm Width)",Surface Mount,Active,,https://www.digikey.com/en/products/detail/texas-instruments/TPS2301IPW/306193,General Purpose,,5 µA,"Latched Fault, UVLO",,No,2,-40°C ~ 85°C,"Circuit Breaker, Fault Timeout, Slew Rate",,,Hot Swap Controller,"3V ~ 13V, 3V ~ 5.5V"
TPS2301IPWG4,Texas Instruments,IC DUAL HOTSWAP PWR CONT 20TSSOP,linear-audio-amplifiers,5,60.0,"20-TSSOP (0.173"", 4.40mm Width)",Surface Mount,Active,,https://www.digikey.com/en/products/detail/texas-instruments/TPS2301IPWG4/11559861,General Purpose,,5 µA,"Latched Fault, UVLO",,No,2,-40°C ~ 85°C,"Circuit Breaker, Fault Timeout, Slew Rate",,,Hot Swap Controller,"3V ~ 13V, 3V ~ 5.5V"
TPS2301IPWR,Texas Instruments,IC HOT SWAP CTRLR GP 20TSSOP,linear-audio-amplifiers,0,2.80896,"20-TSSOP (0.173"", 4.40mm Width)",Surface Mount,Active,,https://www.digikey.com/en/products/detail/texas-instruments/TPS2301IPWR/1671076,General Purpose,,5 µA,"Latched Fault, UVLO",,No,2,-40°C ~ 85°C,"Circuit Breaker, Fault Timeout, Slew Rate",,,Hot Swap Controller,"3V ~ 13V, 3V ~ 5.5V"
TPS2301IPWRG4,Texas Instruments,IC HOT SWAP CTRLR GP 20TSSOP,linear-audio-amplifiers,0,1.8189,"20-TSSOP (0.173"", 4.40mm Width)",Surface Mount,Obsolete,,https://www.digikey.com/en/products/detail/texas-instruments/TPS2301IPWRG4/1671077,General Purpose,,5 µA,"Latched Fault, UVLO",,No,2,-40°C ~ 85°C,"Circuit Breaker, Fault Timeout, Slew Rate",,,Hot Swap Controller,"3V ~ 13V, 3V ~ 5.5V"
TPS2306DW,Texas Instruments,IC HOT SWAP CTRLR GP 16SOIC,linear-audio-amplifiers,0,2.4465,"16-SOIC (0.295"", 7.50mm Width)",Surface Mount,Obsolete,https://www.digikey.com//mm.digikey.com/Volume0/opasdata/d220001/medias/docus/1/tps2306.pdf,https://www.digikey.com/en/products/detail/texas-instruments/TPS2306DW/381581,General Purpose,,2 mA,"Latched Fault, UVLO",,No,2,-40°C ~ 85°C,"Circuit Breaker, Fault Timeout, Slew Rate",,,"Hot Swap Controller, Sequencer",2.75V ~ 13.6V
TPS2310IPW,Texas Instruments,IC HOT SWAP CTRLR GP 20TSSOP,linear-audio-amplifiers,0,3.37106,"20-TSSOP (0.173"", 4.40mm Width)",Surface Mount,Active,,https://www.digikey.com/en/products/detail/texas-instruments/TPS2310IPW/306194,General Purpose,,500 µA,"Latched Fault, UVLO",,No,2,-40°C ~ 85°C,"Circuit Breaker, Fault Timeout, Slew Rate",,,Hot Swap Controller,"3V ~ 13V, 3V ~ 5.5V"
TPS2310IPWG4,Texas Instruments,IC HOT SWAP CTRLR GP 20TSSOP,linear-audio-amplifiers,0,2.29124,"20-TSSOP (0.173"", 4.40mm Width)",Surface Mount,Discontinued at DigiKey,,https://www.digikey.com/en/products/detail/texas-instruments/TPS2310IPWG4/1671078,General Purpose,,500 µA,"Latched Fault, UVLO",,No,2,-40°C ~ 85°C,"Circuit Breaker, Fault Timeout, Slew Rate",,,Hot Swap Controller,"3V ~ 13V, 3V ~ 5.5V"
TPS2310IPWR,Texas Instruments,IC HOT SWAP CTRLR GP 20TSSOP,linear-audio-amplifiers,0,1.98029,"20-TSSOP (0.173"", 4.40mm Width)",Surface Mount,Obsolete,https://www.digikey.com//mm.digikey.com/Volume0/opasdata/d220001/medias/docus/2235/TPS2310%2C_TPS2311_Aug.29%2C2015.pdf,https://www.digikey.com/en/products/detail/texas-instruments/TPS2310IPWR/1671079,General Purpose,,500 µA,"Latched Fault, UVLO",,No,2,-40°C ~ 85°C,"Circuit Breaker, Fault Timeout, Slew Rate",,,Hot Swap Controller,"3V ~ 13V, 3V ~ 5.5V"
TPS2311IPW,Texas Instruments,IC HOT SWAP CTRLR GP 20TSSOP,linear-audio-amplifiers,68,6.93,"20-TSSOP (0.173"", 4.40mm Width)",Surface Mount,Active,,https://www.digikey.com/en/products/detail/texas-instruments/TPS2311IPW/306195,General Purpose,,500 µA,"Latched Fault, UVLO",,No,2,-40°C ~ 85°C,"Circuit Breaker, Fault Timeout, Slew Rate",,,Hot Swap Controller,"3V ~ 13V, 3V ~ 5.5V"
TPS2311IPWR,Texas Instruments,IC HOT SWAP CTRLR GP 20TSSOP,linear-audio-amplifiers,0,3.37106,"20-TSSOP (0.173"", 4.40mm Width)",Surface Mount,Active,,https://www.digikey.com/en/products/detail/texas-instruments/TPS2311IPWR/1671082,General Purpose,,500 µA,"Latched Fault, UVLO",,No,2,-40°C ~ 85°C,"Circuit Breaker, Fault Timeout, Slew Rate",,,Hot Swap Controller,"3V ~ 13V, 3V ~ 5.5V"
TPS2320ID,Texas Instruments,IC HOT SWAP CTRLR GP 16SOIC,linear-audio-amplifiers,0,3.40439,"16-SOIC (0.154"", 3.90mm Width)",Surface Mount,Obsolete,https://www.ti.com/lit/ds/slvs276f/slvs276f.pdf,https://www.digikey.com/en/products/detail/texas-instruments/TPS2320ID/373015,General Purpose,,500 µA,"Latched Fault, UVLO",,No,2,-40°C ~ 85°C,"Circuit Breaker, Fault Timeout, Slew Rate",,,Hot Swap Controller,"3V ~ 13V, 3V ~ 5.5V"
TPS2320IDG4,Texas Instruments,IC HOT SWAP CTRLR GP 16SOIC,linear-audio-amplifiers,0,2.423,"16-SOIC (0.154"", 3.90mm Width)",Surface Mount,Obsolete,https://www.ti.com/lit/ds/slvs276f/slvs276f.pdf,https://www.digikey.com/en/products/detail/texas-instruments/TPS2320IDG4/1671084,General Purpose,,500 µA,"Latched Fault, UVLO",,No,2,-40°C ~ 85°C,"Circuit Breaker, Fault Timeout, Slew Rate",,,Hot Swap Controller,"3V ~ 13V, 3V ~ 5.5V"
TPS2320IDR,Texas Instruments,IC HOT SWAP CTRLR GP 16SOIC,linear-audio-amplifiers,0,2.95834,"16-SOIC (0.154"", 3.90mm Width)",Surface Mount,Active,https://www.ti.com/lit/ds/slvs276f/slvs276f.pdf,https://www.digikey.com/en/products/detail/texas-instruments/TPS2320IDR/1671085,General Purpose,,500 µA,"Latched Fault, UVLO",,No,2,-40°C ~ 85°C,"Circuit Breaker, Fault Timeout, Slew Rate",,,Hot Swap Controller,"3V ~ 13V, 3V ~ 5.5V"
TPS2320IDRG4,Texas Instruments,IC HOT SWAP CTRLR GP 16SOIC,linear-audio-amplifiers,0,1.80621,"16-SOIC (0.154"", 3.90mm Width)",Surface Mount,Obsolete,https://www.ti.com/lit/ds/slvs276f/slvs276f.pdf,https://www.digikey.com/en/products/detail/texas-instruments/TPS2320IDRG4/1671086,General Purpose,,500 µA,"Latched Fault, UVLO",,No,2,-40°C ~ 85°C,"Circuit Breaker, Fault Timeout, Slew Rate",,,Hot Swap Controller,"3V ~ 13V, 3V ~ 5.5V"
TPS2320IPW,Texas Instruments,IC HOT SWAP CTRLR GP 16TSSOP,linear-audio-amplifiers,0,3.54969,"16-TSSOP (0.173"", 4.40mm Width)",Surface Mount,Active,https://www.ti.com/lit/ds/slvs276f/slvs276f.pdf,https://www.digikey.com/en/products/detail/texas-instruments/TPS2320IPW/306196,General Purpose,,500 µA,"Latched Fault, UVLO",,No,2,-40°C ~ 85°C,"Circuit Breaker, Fault Timeout, Slew Rate",,,Hot Swap Controller,"3V ~ 13V, 3V ~ 5.5V"
TPS2320IPWG4,Texas Instruments,IC HOT SWAP CTRLR GP 16TSSOP,linear-audio-amplifiers,0,2.7535,"16-TSSOP (0.173"", 4.40mm Width)",Surface Mount,Discontinued at DigiKey,https://www.ti.com/lit/ds/slvs276f/slvs276f.pdf,https://www.digikey.com/en/products/detail/texas-instruments/TPS2320IPWG4/1671087,General Purpose,,500 µA,"Latched Fault, UVLO",,No,2,-40°C ~ 85°C,"Circuit Breaker, Fault Timeout, Slew Rate",,,Hot Swap Controller,"3V ~ 13V, 3V ~ 5.5V"
TPS2320IPWR,Texas Instruments,IC HOT SWAP CTRLR GP 16TSSOP,linear-audio-amplifiers,0,2.95834,"16-TSSOP (0.173"", 4.40mm Width)",Surface Mount,Active,https://www.ti.com/lit/ds/slvs276f/slvs276f.pdf,https://www.digikey.com/en/products/detail/texas-instruments/TPS2320IPWR/1671088,General Purpose,,500 µA,"Latched Fault, UVLO",,No,2,-40°C ~ 85°C,"Circuit Breaker, Fault Timeout, Slew Rate",,,Hot Swap Controller,"3V ~ 13V, 3V ~ 5.5V"
TPS2320IPWRG4,Texas Instruments,IC HOT SWAP CTRLR GP 16TSSOP,linear-audio-amplifiers,0,2.08505,"16-TSSOP (0.173"", 4.40mm Width)",Surface Mount,Discontinued at DigiKey,https://www.ti.com/lit/ds/slvs276f/slvs276f.pdf,https://www.digikey.com/en/products/detail/texas-instruments/TPS2320IPWRG4/1671089,General Purpose,,500 µA,"Latched Fault, UVLO",,No,2,-40°C ~ 85°C,"Circuit Breaker, Fault Timeout, Slew Rate",,,Hot Swap Controller,"3V ~ 13V, 3V ~ 5.5V"
TPS2321ID,Texas Instruments,IC HOT SWAP CTRLR GP 16SOIC,linear-audio-amplifiers,0,2.83639,"16-SOIC (0.154"", 3.90mm Width)",Surface Mount,Obsolete,https://www.ti.com/lit/ds/slvs276f/slvs276f.pdf,https://www.digikey.com/en/products/detail/texas-instruments/TPS2321ID/373016,General Purpose,,500 µA,"Latched Fault, UVLO",,No,2,-40°C ~ 85°C,"Circuit Breaker, Fault Timeout, Slew Rate",,,Hot Swap Controller,"3V ~ 13V, 3V ~ 5.5V"
TPS2321IDR,Texas Instruments,IC HOT SWAP CTRLR GP 16SOIC,linear-audio-amplifiers,0,1.84636,"16-SOIC (0.154"", 3.90mm Width)",Surface Mount,Obsolete,https://www.digikey.com//mm.digikey.com/Volume0/opasdata/d220001/medias/docus/2263/TPS2320%2C_TPS2321_july%2C29%2C2011.pdf,https://www.digikey.com/en/products/detail/texas-instruments/TPS2321IDR/1671090,General Purpose,,500 µA,"Latched Fault, UVLO",,No,2,-40°C ~ 85°C,"Circuit Breaker, Fault Timeout, Slew Rate",,,Hot Swap Controller,"3V ~ 13V, 3V ~ 5.5V"
TPS2321IPW,Texas Instruments,IC HOT SWAP CTRLR GP 16TSSOP,linear-audio-amplifiers,0,3.54969,"16-TSSOP (0.173"", 4.40mm Width)",Surface Mount,Active,https://www.ti.com/lit/ds/slvs276f/slvs276f.pdf,https://www.digikey.com/en/products/detail/texas-instruments/TPS2321IPW/306197,General Purpose,,500 µA,"Latched Fault, UVLO",,No,2,-40°C ~ 85°C,"Circuit Breaker, Fault Timeout, Slew Rate",,,Hot Swap Controller,"3V ~ 13V, 3V ~ 5.5V"
TPS2321IPWR,Texas Instruments,IC HOT SWAP CTRLR GP 16TSSOP,linear-audio-amplifiers,0,2.95834,"16-TSSOP (0.173"", 4.40mm Width)",Surface Mount,Active,https://www.ti.com/lit/ds/slvs276f/slvs276f.pdf,https://www.digikey.com/en/products/detail/texas-instruments/TPS2321IPWR/1671093,General Purpose,,500 µA,"Latched Fault, UVLO",,No,2,-40°C ~ 85°C,"Circuit Breaker, Fault Timeout, Slew Rate",,,Hot Swap Controller,"3V ~ 13V, 3V ~ 5.5V"
TPS2330ID,Texas Instruments,IC HOT SWAP CTRLR GP 14SOIC,linear-audio-amplifiers,178,4.72,"14-SOIC (0.154"", 3.90mm Width)",Surface Mount,Active,,https://www.digikey.com/en/products/detail/texas-instruments/TPS2330ID/373017,General Purpose,,500 µA,"Latched Fault, UVLO",,No,1,-40°C ~ 85°C,"Circuit Breaker, Fault Timeout, Slew Rate",,,Hot Swap Controller,3V ~ 13V
TPS2330IDR,Texas Instruments,IC HOT SWAP CTRLR GP 14SOIC,linear-audio-amplifiers,0,2.387,"14-SOIC (0.154"", 3.90mm Width)",Surface Mount,Active,,https://www.digikey.com/en/products/detail/texas-instruments/TPS2330IDR/1671096,General Purpose,,500 µA,"Latched Fault, UVLO",,No,1,-40°C ~ 85°C,"Circuit Breaker, Fault Timeout, Slew Rate",,,Hot Swap Controller,3V ~ 13V
TPS2330IDRG4,Texas Instruments,IC HOT SWAP CTRLR GP 14SOIC,linear-audio-amplifiers,0,1.67898,"14-SOIC (0.154"", 3.90mm Width)",Surface Mount,Discontinued at DigiKey,,https://www.digikey.com/en/products/detail/texas-instruments/TPS2330IDRG4/1671097,General Purpose,,500 µA,"Latched Fault, UVLO",,No,1,-40°C ~ 85°C,"Circuit Breaker, Fault Timeout, Slew Rate",,,Hot Swap Controller,3V ~ 13V
TPS2330IPW,Texas Instruments,IC HOT SWAP CTRLR GP 14TSSOP,linear-audio-amplifiers,58,4.59,"14-TSSOP (0.173"", 4.40mm Width)",Surface Mount,Active,,https://www.digikey.com/en/products/detail/texas-instruments/TPS2330IPW/306198,General Purpose,,500 µA,"Latched Fault, UVLO",,No,1,-40°C ~ 85°C,"Circuit Breaker, Fault Timeout, Slew Rate",,,Hot Swap Controller,3V ~ 13V
TPS2330IPWG4,Texas Instruments,IC HOT SWAP CTRLR GP 14TSSOP,linear-audio-amplifiers,0,2.2405,"14-TSSOP (0.173"", 4.40mm Width)",Surface Mount,Discontinued at DigiKey,,https://www.digikey.com/en/products/detail/texas-instruments/TPS2330IPWG4/1671098,General Purpose,,500 µA,"Latched Fault, UVLO",,No,1,-40°C ~ 85°C,"Circuit Breaker, Fault Timeout, Slew Rate",,,Hot Swap Controller,3V ~ 13V
TPS2330IPWR,Texas Instruments,IC HOT SWAP CTRLR GP 14TSSOP,linear-audio-amplifiers,1522,4.01,"14-TSSOP (0.173"", 4.40mm Width)",Surface Mount,Active,,https://www.digikey.com/en/products/detail/texas-instruments/TPS2330IPWR/1671099,General Purpose,,500 µA,"Latched Fault, UVLO",,No,1,-40°C ~ 85°C,"Circuit Breaker, Fault Timeout, Slew Rate",,,Hot Swap Controller,3V ~ 13V
TPS2330IPWRG4,Texas Instruments,IC HOT SWAP CTRLR GP 14TSSOP,linear-audio-amplifiers,0,1.69093,"14-TSSOP (0.173"", 4.40mm Width)",Surface Mount,Discontinued at DigiKey,,https://www.digikey.com/en/products/detail/texas-instruments/TPS2330IPWRG4/1671100,General Purpose,,500 µA,"Latched Fault, UVLO",,No,1,-40°C ~ 85°C,"Circuit Breaker, Fault Timeout, Slew Rate",,,Hot Swap Controller,3V ~ 13V
TPS2331ID,Texas Instruments,IC HOT SWAP CTRLR GP 14SOIC,linear-audio-amplifiers,150,4.72,"14-SOIC (0.154"", 3.90mm Width)",Surface Mount,Active,,https://www.digikey.com/en/products/detail/texas-instruments/TPS2331ID/373018,General Purpose,,500 µA,"Latched Fault, UVLO",,No,1,-40°C ~ 85°C,"Circuit Breaker, Fault Timeout, Slew Rate",,,Hot Swap Controller,3V ~ 13V
TPS2331IDR,Texas Instruments,IC HOT SWAP CTRLR GP 14SOIC,linear-audio-amplifiers,0,2.387,"14-SOIC (0.154"", 3.90mm Width)",Surface Mount,Active,,https://www.digikey.com/en/products/detail/texas-instruments/TPS2331IDR/1671102,General Purpose,,500 µA,"Latched Fault, UVLO",,No,1,-40°C ~ 85°C,"Circuit Breaker, Fault Timeout, Slew Rate",,,Hot Swap Controller,3V ~ 13V
TPS2331IDRG4,Texas Instruments,IC HOT SWAP CTRLR GP 14SOIC,linear-audio-amplifiers,0,1.67898,"14-SOIC (0.154"", 3.90mm Width)",Surface Mount,Discontinued at DigiKey,,https://www.digikey.com/en/products/detail/texas-instruments/TPS2331IDRG4/1671103,General Purpose,,500 µA,"Latched Fault, UVLO",,No,1,-40°C ~ 85°C,"Circuit Breaker, Fault Timeout, Slew Rate",,,Hot Swap Controller,3V ~ 13V
TPS2331IPW,Texas Instruments,IC HOT SWAP CTRLR GP 14TSSOP,linear-audio-amplifiers,0,2.86439,"14-TSSOP (0.173"", 4.40mm Width)",Surface Mount,Active,,https://www.digikey.com/en/products/detail/texas-instruments/TPS2331IPW/306199,General Purpose,,500 µA,"Latched Fault, UVLO",,No,1,-40°C ~ 85°C,"Circuit Breaker, Fault Timeout, Slew Rate",,,Hot Swap Controller,3V ~ 13V
TPS2331IPWR,Texas Instruments,IC HOT SWAP CTRLR GP 14TSSOP,linear-audio-amplifiers,3601,4.01,"14-TSSOP (0.173"", 4.40mm Width)",Surface Mount,Active,,https://www.digikey.com/en/products/detail/texas-instruments/TPS2331IPWR/1671105,General Purpose,,500 µA,"Latched Fault, UVLO",,No,1,-40°C ~ 85°C,"Circuit Breaker, Fault Timeout, Slew Rate",,,Hot Swap Controller,3V ~ 13V
TPS2331IPWRG4,Texas Instruments,IC HOT SWAP CTRLR GP 14TSSOP,linear-audio-amplifiers,0,1.47497,"14-TSSOP (0.173"", 4.40mm Width)",Surface Mount,Obsolete,,https://www.digikey.com/en/products/detail/texas-instruments/TPS2331IPWRG4/1671106,General Purpose,,500 µA,"Latched Fault, UVLO",,No,1,-40°C ~ 85°C,"Circuit Breaker, Fault Timeout, Slew Rate",,,Hot Swap Controller,3V ~ 13V
TPS2340APFP,Texas Instruments,IC HOT PLUG CTRLR PCI 80HTQFP,linear-audio-amplifiers,0,13.03281,80-TQFP Exposed Pad,Surface Mount,Obsolete,https://www.digikey.com//mm.digikey.com/Volume0/opasdata/d220001/medias/docus/887/tps2340a.pdf,https://www.digikey.com/en/products/detail/texas-instruments/TPS2340APFP/571457,"PCI, PCI-X","100mA, 375mA, 500mA",,"Latched Fault, Thermal Limit, UVLO",,Both,5,-40°C ~ 85°C,Circuit Breaker,,,Hot Plug Controller,"3.3V, 5V, ±12V"
TPS2340APFPR,Texas Instruments,IC HOT PLUG CTRLR PCI 80HTQFP,linear-audio-amplifiers,0,8.98727,80-TQFP Exposed Pad,Surface Mount,Discontinued at DigiKey,https://www.digikey.com//mm.digikey.com/Volume0/opasdata/d220001/medias/docus/2574/TPS2340A%20Datasheet.pdf,https://www.digikey.com/en/products/detail/texas-instruments/TPS2340APFPR/1671108,"PCI, PCI-X","100mA, 375mA, 500mA",,"Latched Fault, Thermal Limit, UVLO",,Both,5,-40°C ~ 85°C,Circuit Breaker,,,Hot Plug Controller,"3.3V, 5V, ±12V"
TPS2341PHP,Texas Instruments,IC HOT PLUG CTRLR PCI 48HTQFP,linear-audio-amplifiers,0,6.06636,48-PowerTQFP,Surface Mount,Obsolete,https://www.digikey.com//mm.digikey.com/Volume0/opasdata/d220001/medias/docus/850/tps2341.pdf,https://www.digikey.com/en/products/detail/texas-instruments/TPS2341PHP/565657,"PCI, PCI-X","100mA, 375mA, 500mA",,"I2C, Latched Fault, Thermal Limit, UVLO",,Both,5,-40°C ~ 85°C,Circuit Breaker,,,Hot Plug Controller,"3.3V, 5V, ±12V"
TPS2342PFP,Texas Instruments,IC HOT PLUG CTRLR PCI 80HTQFP,linear-audio-amplifiers,0,12.3925,80-TQFP Exposed Pad,Surface Mount,Obsolete,https://www.digikey.com//mm.digikey.com/Volume0/opasdata/d220001/medias/docus/2320/TPS2342_AUG.29%2C2015.pdf,https://www.digikey.com/en/products/detail/texas-instruments/TPS2342PFP/686874,"PCI, PCI-X","100mA, 375mA, 500mA",,"Latched Fault, Thermal Limit, UVLO",,Both,12,-40°C ~ 85°C,"Current Limit, Slew Rate",,,Hot Plug Controller,"1.5V, 3.3V, 5V, ±12V"
TPS2342PFPG4,Texas Instruments,IC HOT PLUG CTRLR PCI 80HTQFP,linear-audio-amplifiers,0,12.3925,80-TQFP Exposed Pad,Surface Mount,Obsolete,https://www.digikey.com//mm.digikey.com/Volume0/opasdata/d220001/medias/docus/2320/TPS2342_AUG.29%2C2015.pdf,https://www.digikey.com/en/products/detail/texas-instruments/TPS2342PFPG4/1671110,"PCI, PCI-X","100mA, 375mA, 500mA",,"Latched Fault, Thermal Limit, UVLO",,Both,12,-40°C ~ 85°C,"Current Limit, Slew Rate",,,Hot Plug Controller,"1.5V, 3.3V, 5V, ±12V"
TPS2342PFPR,Texas Instruments,IC HOT PLUG CTRLR PCI 80HTQFP,linear-audio-amplifiers,0,8.56794,80-TQFP Exposed Pad,Surface Mount,Obsolete,https://www.digikey.com//mm.digikey.com/Volume0/opasdata/d220001/medias/docus/2320/TPS2342_AUG.29%2C2015.pdf,https://www.digikey.com/en/products/detail/texas-instruments/TPS2342PFPR/1671111,"PCI, PCI-X","100mA, 375mA, 500mA",,"Latched Fault, Thermal Limit, UVLO",,Both,12,-40°C ~ 85°C,"Current Limit, Slew Rate",,,Hot Plug Controller,"1.5V, 3.3V, 5V, ±12V"
TPS2343DDP,Texas Instruments,IC HOT PLUG CTRLR PCI 80HTSSOP,linear-audio-amplifiers,0,12.59,"80-PowerTFSOP (0.240"", 6.10mm Width)",Surface Mount,Obsolete,https://www.digikey.com//mm.digikey.com/Volume0/opasdata/d220001/medias/docus/2121/TPS2343_May%2C5%2C2015.pdf,https://www.digikey.com/en/products/detail/texas-instruments/TPS2343DDP/770938,"PCI, PCI-X","100mA, 375mA, 1.1A",,"Latched Fault, Thermal Limit",,Both,12,-40°C ~ 85°C,"Current Limit, Slew Rate",,,Hot Plug Controller,"1.5V, 3.3V, 5V, ±12V"
TPS2343DDPG3,Texas Instruments,IC HOT PLUG CTRLR PCI 80HTSSOP,linear-audio-amplifiers,0,0.0,"80-PowerTFSOP (0.240"", 6.10mm Width)",Surface Mount,Obsolete,https://www.digikey.com//mm.digikey.com/Volume0/opasdata/d220001/medias/docus/2121/TPS2343_May%2C5%2C2015.pdf,https://www.digikey.com/en/products/detail/texas-instruments/TPS2343DDPG3/1671113,"PCI, PCI-X","100mA, 375mA, 1.1A",,"Latched Fault, Thermal Limit",,Both,12,-40°C ~ 85°C,"Current Limit, Slew Rate",,,Hot Plug Controller,"1.5V, 3.3V, 5V, ±12V"
TPS2343DDPR,Texas Instruments,IC HOT PLUG CTRLR PCI 80HTSSOP,linear-audio-amplifiers,0,10.48,"80-PowerTFSOP (0.240"", 6.10mm Width)",Surface Mount,Obsolete,https://www.digikey.com//mm.digikey.com/Volume0/opasdata/d220001/medias/docus/2121/TPS2343_May%2C5%2C2015.pdf,https://www.digikey.com/en/products/detail/texas-instruments/TPS2343DDPR/1671114,"PCI, PCI-X","100mA, 375mA, 1.1A",,"Latched Fault, Thermal Limit",,Both,12,-40°C ~ 85°C,"Current Limit, Slew Rate",,,Hot Plug Controller,"1.5V, 3.3V, 5V, ±12V"
TPS2345PW,Texas Instruments,IC HOT SWAP CTRLR PCI 24TSSOP,linear-audio-amplifiers,0,6.7545,"24-TSSOP (0.173"", 4.40mm Width)",Surface Mount,Obsolete,https://www.digikey.com//mm.digikey.com/Volume0/opasdata/d220001/medias/docus/2311/TPS2345.pdf,https://www.digikey.com/en/products/detail/texas-instruments/TPS2345PW/461335,CompactPCI™,,,"Latched Fault, OVP, UVLO",,No,4,-40°C ~ 85°C,"Current Limit, Fault Timeout, Slew Rate",,,"Hot Swap Controller, Sequencer","3.3V, 5V, ±12V"
TPS2345PWR,Texas Instruments,IC SUPERVISOR PWR SUP SUPPORT,linear-audio-amplifiers,3462,2.86,-,-,Active,https://rocelec.widen.net/view/pdf/kytz0tzcrv/TXIIS203159-1.pdf?t.download=true&u=5oefqw,https://www.digikey.com/en/products/detail/rochester-electronics-llc/TPS2345PWR/12121775,,,,,,,,,,,*,,
TPS2346PW,Unitrode,IC HOT SWAP POWER MGR 24-TSSOP,linear-audio-amplifiers,143,3.06,"24-TSSOP (0.173"", 4.40mm Width)",Surface Mount,Obsolete,https://rocelec.widen.net/view/pdf/y7rlfk6rfh/TXIIS91765-1.pdf?t.download=true&u=5oefqw,https://www.digikey.com/en/products/detail/rochester-electronics-llc/TPS2346PW/11556340,Optical Network (ONET),,,"Latched Fault, UVLO",,No,4,-40°C ~ 85°C,Slew Rate,,,"Hot Swap Controller, Sequencer","-5.2V, 3.3V, 5V, 5.15V"
TPS2346PWR,Texas Instruments,IC HOT SWAP CTRLR ONET 24TSSOP,linear-audio-amplifiers,0,4.9886,"24-TSSOP (0.173"", 4.40mm Width)",Surface Mount,Obsolete,https://www.digikey.com//mm.digikey.com/Volume0/opasdata/d220001/medias/docus/2540/TPS2346_Nov.3%2C2008.pdf,https://www.digikey.com/en/products/detail/texas-instruments/TPS2346PWR/1907678,Optical Network (ONET),,,"Latched Fault, UVLO",,No,4,-40°C ~ 85°C,Slew Rate,,,"Hot Swap Controller, Sequencer","-5.2V, 3.3V, 5V, 5.15V"
TPS2350D,Texas Instruments,IC HOT SWAP CTRLR -48V 14SOIC,linear-audio-amplifiers,0,4.18572,"14-SOIC (0.154"", 3.90mm Width)",Surface Mount,Active,,https://www.digikey.com/en/products/detail/texas-instruments/TPS2350D/653040,-48V,,,Auto Retry,,No,3,-40°C ~ 85°C,"Current Limit, Fault Timeout, OVP, Slew Rate, UVLO",,,Hot Swap Controller,-80V ~ -12V
TPS2350DG4,Texas Instruments,IC HOT SWAP CTRLR -48V 14SOIC,linear-audio-amplifiers,0,3.49033,"14-SOIC (0.154"", 3.90mm Width)",Surface Mount,Discontinued at DigiKey,,https://www.digikey.com/en/products/detail/texas-instruments/TPS2350DG4/1671116,-48V,,,Auto Retry,,No,3,-40°C ~ 85°C,"Current Limit, Fault Timeout, OVP, Slew Rate, UVLO",,,Hot Swap Controller,-80V ~ -12V
TPS2350DR,Texas Instruments,IC HOT SWAP CTRLR -48V 14SOIC,linear-audio-amplifiers,0,3.4881,"14-SOIC (0.154"", 3.90mm Width)",Surface Mount,Active,,https://www.digikey.com/en/products/detail/texas-instruments/TPS2350DR/1671117,-48V,,,Auto Retry,,No,3,-40°C ~ 85°C,"Current Limit, Fault Timeout, OVP, Slew Rate, UVLO",,,Hot Swap Controller,-80V ~ -12V
TPS2350PW,Texas Instruments,IC HOT SWAP CTRLR -48V 14TSSOP,linear-audio-amplifiers,171,6.65,"14-TSSOP (0.173"", 4.40mm Width)",Surface Mount,Active,,https://www.digikey.com/en/products/detail/texas-instruments/TPS2350PW/863764,-48V,,,Auto Retry,,No,3,-40°C ~ 85°C,"Current Limit, Fault Timeout, OVP, Slew Rate, UVLO",,,Hot Swap Controller,-80V ~ -12V
TPS2350PWG4,Texas Instruments,IC HOT SWAP CTRLR -48V 14TSSOP,linear-audio-amplifiers,0,3.45667,"14-TSSOP (0.173"", 4.40mm Width)",Surface Mount,Discontinued at DigiKey,,https://www.digikey.com/en/products/detail/texas-instruments/TPS2350PWG4/1671119,-48V,,,Auto Retry,,No,3,-40°C ~ 85°C,"Current Limit, Fault Timeout, OVP, Slew Rate, UVLO",,,Hot Swap Controller,-80V ~ -12V
TPS2350PWR,Texas Instruments,IC HOT SWAP CTRLR -48V 14TSSOP,linear-audio-amplifiers,2550,5.64,"14-TSSOP (0.173"", 4.40mm Width)",Surface Mount,Active,,https://www.digikey.com/en/products/detail/texas-instruments/TPS2350PWR/1671120,-48V,,,Auto Retry,,No,3,-40°C ~ 85°C,"Current Limit, Fault Timeout, OVP, Slew Rate, UVLO",,,Hot Swap Controller,-80V ~ -12V
TPS2350PWRG4,Texas Instruments,IC HOT SWAP CTRLR -48V 14TSSOP,linear-audio-amplifiers,0,2.62757,"14-TSSOP (0.173"", 4.40mm Width)",Surface Mount,Discontinued at DigiKey,,https://www.digikey.com/en/products/detail/texas-instruments/TPS2350PWRG4/1671121,-48V,,,Auto Retry,,No,3,-40°C ~ 85°C,"Current Limit, Fault Timeout, OVP, Slew Rate, UVLO",,,Hot Swap Controller,-80V ~ -12V
TPS23521PWR,Texas Instruments,IC HOT SWAP CTRLR -48V 16TSSOP,linear-audio-amplifiers,0,2.95834,"16-TSSOP (0.173"", 4.40mm Width)",Surface Mount,Active,,https://www.digikey.com/en/products/detail/texas-instruments/TPS23521PWR/8567426,"-48V, Network Routers and Switches",,,Auto Retry,,No,1,-40°C ~ 125°C,"Current Limit, Fault Timeout, OVP, UVLO",,,Hot Swap Controller,0V ~ 20V
TPS23521PWT,Texas Instruments,IC HOT SWAP CTRLR -48V 16TSSOP,linear-audio-amplifiers,23,5.73,"16-TSSOP (0.173"", 4.40mm Width)",Surface Mount,Active,,https://www.digikey.com/en/products/detail/texas-instruments/TPS23521PWT/8126054,"-48V, Network Routers and Switches",,,Auto Retry,,No,1,-40°C ~ 125°C,"Current Limit, Fault Timeout, OVP, UVLO",,,Hot Swap Controller,0V ~ 20V
TPS23523PWR,Texas Instruments,IC HOT SWAP CTRLR -48V 16TSSOP,linear-audio-amplifiers,0,4.12258,"16-TSSOP (0.173"", 4.40mm Width)",Surface Mount,Active,,https://www.digikey.com/en/products/detail/texas-instruments/TPS23523PWR/8567427,"-48V, Network Routers and Switches",,1.1 mA,"Auto Retry, Fault Timeout",,No,1,-40°C ~ 125°C,"Current Limit, Fault Timeout, OVP, UVLO",,,"Hot Swap Controller, OR Controller",0V ~ 20V
TPS23523PWT,Texas Instruments,IC HOT SWAP CTRLR -48V 16TSSOP,linear-audio-amplifiers,84,8.42,"16-TSSOP (0.173"", 4.40mm Width)",Surface Mount,Active,,https://www.digikey.com/en/products/detail/texas-instruments/TPS23523PWT/8251067,"-48V, Network Routers and Switches",,1.1 mA,"Auto Retry, Fault Timeout",,No,1,-40°C ~ 125°C,"Current Limit, Fault Timeout, OVP, UVLO",,,"Hot Swap Controller, OR Controller",0V ~ 20V
TPS23525PWR,Texas Instruments,IC HOT SWAP CTRLR -48V 16TSSOP,linear-audio-amplifiers,0,5.9136,"16-TSSOP (0.173"", 4.40mm Width)",Surface Mount,Active,,https://www.digikey.com/en/products/detail/texas-instruments/TPS23525PWR/8322881,"-48V, Network Routers and Switches",,1.1 mA,Auto Retry,,No,1,-40°C ~ 125°C,"Current Limit, Fault Timeout, OVP, UVLO",,,"Hot Swap Controller, OR Controller",0V ~ 20V
TPS23525PWT,Texas Instruments,IC HOT SWAP CTRLR -48V 16TSSOP,linear-audio-amplifiers,0,7.09632,"16-TSSOP (0.173"", 4.40mm Width)",Surface Mount,Active,,https://www.digikey.com/en/products/detail/texas-instruments/TPS23525PWT/8020867,"-48V, Network Routers and Switches",,1.1 mA,Auto Retry,,No,1,-40°C ~ 125°C,"Current Limit, Fault Timeout, OVP, UVLO",,,"Hot Swap Controller, OR Controller",0V ~ 20V
TPS2358RGZR,Texas Instruments,TPS2358 - DUAL-SLOT ATCA ADVANCE,linear-audio-amplifiers,10100,7.68,-,-,Active,https://www.digikey.com//mm.digikey.com/Volume0/opasdata/d220001/medias/docus/7138/2156_tps2358.pdf,https://www.digikey.com/en/products/detail/rochester-electronics-llc/TPS2358RGZR/15635508,,,,,,,,,,,*,,
TPS2358RGZT,Texas Instruments,IC HOT SWAP CTRLR ATCA 48VQFN,linear-audio-amplifiers,0,9.46328,48-VFQFN Exposed Pad,Surface Mount,Active,,https://www.digikey.com/en/products/detail/texas-instruments/TPS2358RGZT/1843510,"ATCA, MicroTCA™",165mA,,"Latched Fault, Thermal Limit, UVLO",,Both,4,-40°C ~ 85°C,"Current Limit, Fault Timeout, Slew Rate",,,"Hot Swap Controller, OR Controller","3V ~ 4V, 8.5V ~ 15V"
TPS2359RHHR,Texas Instruments,IC HOT SWAP CTRLR ATCA 36VQFN,linear-audio-amplifiers,0,9.85754,36-VFQFN Exposed Pad,Surface Mount,Active,,https://www.digikey.com/en/products/detail/texas-instruments/TPS2359RHHR/1907681,"ATCA, MicroTCA™",165mA,,"I2C, Thermal Limit, UVLO",,Both,4,-40°C ~ 85°C,"Auto Retry, Current Limit, Fault Timeout, Latched Fault, Slew Rate",,,"Hot Swap Controller, OR Controller","3V ~ 4V, 8.5V ~ 15V"
TPS2359RHHT,Texas Instruments,IC HOT SWAP CTRLR ATCA 36VQFN,linear-audio-amplifiers,24,17.06,36-VFQFN Exposed Pad,Surface Mount,Active,,https://www.digikey.com/en/products/detail/texas-instruments/TPS2359RHHT/1843511,"ATCA, MicroTCA™",165mA,,"I2C, Thermal Limit, UVLO",,Both,4,-40°C ~ 85°C,"Auto Retry, Current Limit, Fault Timeout, Latched Fault, Slew Rate",,,"Hot Swap Controller, OR Controller","3V ~ 4V, 8.5V ~ 15V"
TPS2359RHHTG4,Texas Instruments,IC HOT SWAP CTRLR ATCA 36VQFN,linear-audio-amplifiers,0,8.67252,36-VFQFN Exposed Pad,Surface Mount,Discontinued at DigiKey,,https://www.digikey.com/en/products/detail/texas-instruments/TPS2359RHHTG4/2047877,"ATCA, MicroTCA™",165mA,,"I2C, Thermal Limit, UVLO",,Both,4,-40°C ~ 85°C,"Auto Retry, Current Limit, Fault Timeout, Latched Fault, Slew Rate",,,"Hot Swap Controller, OR Controller","3V ~ 4V, 8.5V ~ 15V"
TPS2363PFB,Texas Instruments,IC HOT PLUG CTRLR PCI EXP 48TQFP,linear-audio-amplifiers,0,5.75036,48-TQFP,Surface Mount,Active,,https://www.digikey.com/en/products/detail/texas-instruments/TPS2363PFB/1004610,PCI Express®,,,"Latched Fault, SMBus, Thermal Limit, UVLO",,Both,6,-40°C ~ 85°C,"Current Limit, Fault Timeout, Slew Rate",,,Hot Plug Controller,"3V ~ 3.6V, 10.8V ~ 13.2V"
TPS2363PFBG4,Texas Instruments,IC HOT PLUG CTRLR PCI EXP 48TQFP,linear-audio-amplifiers,0,4.77236,48-TQFP,Surface Mount,Discontinued at DigiKey,,https://www.digikey.com/en/products/detail/texas-instruments/TPS2363PFBG4/1671122,PCI Express®,,,"Latched Fault, SMBus, Thermal Limit, UVLO",,Both,6,-40°C ~ 85°C,"Current Limit, Fault Timeout, Slew Rate",,,Hot Plug Controller,"3V ~ 3.6V, 10.8V ~ 13.2V"
TPS2363PFBR,Texas Instruments,IC HOT PLUG CTRLR PCI EXP 48TQFP,linear-audio-amplifiers,317,7.51,48-TQFP,Surface Mount,Active,,https://www.digikey.com/en/products/detail/texas-instruments/TPS2363PFBR/1671123,PCI Express®,,,"Latched Fault, SMBus, Thermal Limit, UVLO",,Both,6,-40°C ~ 85°C,"Current Limit, Fault Timeout, Slew Rate",,,Hot Plug Controller,"3V ~ 3.6V, 10.8V ~ 13.2V"
TPS2390DGK,Texas Instruments,IC HOT SWAP CTRLR -48V 8VSSOP,linear-audio-amplifiers,0,3.53275,"8-TSSOP, 8-MSOP (0.118"", 3.00mm Width)",Surface Mount,Active,https://www.ti.com/lit/ds/slus471d/slus471d.pdf,https://www.digikey.com/en/products/detail/texas-instruments/TPS2390DGK/486452,-48V,,700 µA,"Latched Fault, UVLO",,No,1,-40°C ~ 85°C,"Current Limit, Fault Timeout, Slew Rate",,,Hot Swap Controller,-80V ~ -36V
TPS2390DGKG4,Texas Instruments,IC HOT SWAP CTRLR -48V 8VSSOP,linear-audio-amplifiers,0,2.593,"8-TSSOP, 8-MSOP (0.118"", 3.00mm Width)",Surface Mount,Discontinued at DigiKey,https://www.ti.com/lit/ds/slus471d/slus471d.pdf,https://www.digikey.com/en/products/detail/texas-instruments/TPS2390DGKG4/1671165,-48V,,700 µA,"Latched Fault, UVLO",,No,1,-40°C ~ 85°C,"Current Limit, Fault Timeout, Slew Rate",,,Hot Swap Controller,-80V ~ -36V
TPS2390DGKR,Texas Instruments,IC HOT SWAP CTRLR -48V 8VSSOP,linear-audio-amplifiers,0,2.19604,"8-TSSOP, 8-MSOP (0.118"", 3.00mm Width)",Surface Mount,Active,https://www.ti.com/lit/ds/slus471d/slus471d.pdf,https://www.digikey.com/en/products/detail/texas-instruments/TPS2390DGKR/1671166,-48V,,700 µA,"Latched Fault, UVLO",,No,1,-40°C ~ 85°C,"Current Limit, Fault Timeout, Slew Rate",,,Hot Swap Controller,-80V ~ -36V
TPS2391DGK,Texas Instruments,IC HOT SWAP CTRLR -48V 8VSSOP,linear-audio-amplifiers,32,5.54,"8-TSSOP, 8-MSOP (0.118"", 3.00mm Width)",Surface Mount,Active,https://www.ti.com/lit/ds/slus471d/slus471d.pdf,https://www.digikey.com/en/products/detail/texas-instruments/TPS2391DGK/486453,-48V,,700 µA,"Auto Retry, UVLO",,No,1,-40°C ~ 85°C,"Current Limit, Fault Timeout, Slew Rate",,,Hot Swap Controller,-80V ~ -36V
TPS2391DGKR,Texas Instruments,IC HOT SWAP CTRLR -48V 8VSSOP,linear-audio-amplifiers,1219,3.72,"8-TSSOP, 8-MSOP (0.118"", 3.00mm Width)",Surface Mount,Active,https://www.ti.com/lit/ds/slus471d/slus471d.pdf,https://www.digikey.com/en/products/detail/texas-instruments/TPS2391DGKR/1671169,-48V,,700 µA,"Auto Retry, UVLO",,No,1,-40°C ~ 85°C,"Current Limit, Fault Timeout, Slew Rate",,,Hot Swap Controller,-80V ~ -36V
TPS2391DGKRG4,Texas Instruments,IC HOT SWAP CTRLR -48V 8VSSOP,linear-audio-amplifiers,0,1.93595,"8-TSSOP, 8-MSOP (0.118"", 3.00mm Width)",Surface Mount,Discontinued at DigiKey,https://www.ti.com/lit/ds/slus471d/slus471d.pdf,https://www.digikey.com/en/products/detail/texas-instruments/TPS2391DGKRG4/1671170,-48V,,700 µA,"Auto Retry, UVLO",,No,1,-40°C ~ 85°C,"Current Limit, Fault Timeout, Slew Rate",,,Hot Swap Controller,-80V ~ -36V
TPS2392PW,Texas Instruments,IC HOT SWAP CTRLR -48V 14TSSOP,linear-audio-amplifiers,0,2.43333,"14-TSSOP (0.173"", 4.40mm Width)",Surface Mount,Obsolete,https://www.digikey.com//mm.digikey.com/Volume0/opasdata/d220001/medias/docus/1020/tps2392%2C2393.pdf,https://www.digikey.com/en/products/detail/texas-instruments/TPS2392PW/509700,-48V,,1.05 mA,Latched Fault,,No,1,-40°C ~ 85°C,"Current Limit, Fault Timeout, OVP, Slew Rate, UVLO",,,Hot Swap Controller,-80V ~ -20V
TPS2392PWR,Texas Instruments,IC HOT SWAP CTRLR -48V 14TSSOP,linear-audio-amplifiers,0,1.25159,"14-TSSOP (0.173"", 4.40mm Width)",Surface Mount,Discontinued at DigiKey,https://www.ti.com/lit/ds/slus536c/slus536c.pdf,https://www.digikey.com/en/products/detail/texas-instruments/TPS2392PWR/1671172,-48V,,1.05 mA,Latched Fault,,No,1,-40°C ~ 85°C,"Current Limit, Fault Timeout, OVP, Slew Rate, UVLO",,,Hot Swap Controller,-80V ~ -20V
TPS2393APW,Texas Instruments,IC HOT SWAP CTRLR -48V 14TSSOP,linear-audio-amplifiers,0,3.81919,"14-TSSOP (0.173"", 4.40mm Width)",Surface Mount,Active,,https://www.digikey.com/en/products/detail/texas-instruments/TPS2393APW/675989,-48V,,1.05 mA,Auto Retry,,No,1,-40°C ~ 85°C,"Current Limit, Fault Timeout, OVP, Slew Rate, UVLO",,,Hot Swap Controller,-80V ~ -20V
TPS2393APWR,Texas Instruments,IC HOT SWAP CTRLR -48V 14TSSOP,linear-audio-amplifiers,0,2.387,"14-TSSOP (0.173"", 4.40mm Width)",Surface Mount,Active,,https://www.digikey.com/en/products/detail/texas-instruments/TPS2393APWR/1671174,-48V,,1.05 mA,Auto Retry,,No,1,-40°C ~ 85°C,"Current Limit, Fault Timeout, OVP, Slew Rate, UVLO",,,Hot Swap Controller,-80V ~ -20V
TPS2393APWRG4,Texas Instruments,IC HOT SWAP CTRLR -48V 14TSSOP,linear-audio-amplifiers,0,2.14009,"14-TSSOP (0.173"", 4.40mm Width)",Surface Mount,Discontinued at DigiKey,,https://www.digikey.com/en/products/detail/texas-instruments/TPS2393APWRG4/1671175,-48V,,1.05 mA,Auto Retry,,No,1,-40°C ~ 85°C,"Current Limit, Fault Timeout, OVP, Slew Rate, UVLO",,,Hot Swap Controller,-80V ~ -20V
TPS2393DBT,Texas Instruments,IC HOT SWAP CTRLR -48V 44TSSOP,linear-audio-amplifiers,0,2.14,"44-TFSOP (0.173"", 4.40mm Width)",Surface Mount,Obsolete,https://www.ti.com/lit/ds/slus536c/slus536c.pdf,https://www.digikey.com/en/products/detail/texas-instruments/TPS2393DBT/691770,-48V,,1.05 mA,Auto Retry,,No,1,-40°C ~ 85°C,"Current Limit, Fault Timeout, OVP, Slew Rate, UVLO",,,Hot Swap Controller,-80V ~ -20V
TPS2393DBTR,Texas Instruments,IC HOT SWAP CTRLR -48V 44TSSOP,linear-audio-amplifiers,0,1.85926,"44-TFSOP (0.173"", 4.40mm Width)",Surface Mount,Obsolete,https://www.digikey.com//mm.digikey.com/Volume0/opasdata/d220001/medias/docus/1020/tps2392%2C2393.pdf,https://www.digikey.com/en/products/detail/texas-instruments/TPS2393DBTR/1671177,-48V,,1.05 mA,Auto Retry,,No,1,-40°C ~ 85°C,"Current Limit, Fault Timeout, OVP, Slew Rate, UVLO",,,Hot Swap Controller,-80V ~ -20V
TPS2393PW,Texas Instruments,IC HOT SWAP CTRLR -48V 14TSSOP,linear-audio-amplifiers,0,3.81919,"14-TSSOP (0.173"", 4.40mm Width)",Surface Mount,Active,https://www.ti.com/lit/ds/slus536c/slus536c.pdf,https://www.digikey.com/en/products/detail/texas-instruments/TPS2393PW/509701,-48V,,1.05 mA,Auto Retry,,No,1,-40°C ~ 85°C,"Current Limit, Fault Timeout, OVP, Slew Rate, UVLO",,,Hot Swap Controller,-80V ~ -20V
TPS2393PWG4,Texas Instruments,IC HOT SWAP CTRLR -48V 14TSSOP,linear-audio-amplifiers,0,2.78256,"14-TSSOP (0.173"", 4.40mm Width)",Surface Mount,Discontinued at DigiKey,https://www.ti.com/lit/ds/slus536c/slus536c.pdf,https://www.digikey.com/en/products/detail/texas-instruments/TPS2393PWG4/1671178,-48V,,1.05 mA,Auto Retry,,No,1,-40°C ~ 85°C,"Current Limit, Fault Timeout, OVP, Slew Rate, UVLO",,,Hot Swap Controller,-80V ~ -20V
TPS2393PWR,Texas Instruments,IC HOT SWAP CTRLR -48V 14TSSOP,linear-audio-amplifiers,0,2.387,"14-TSSOP (0.173"", 4.40mm Width)",Surface Mount,Active,https://www.ti.com/lit/ds/slus536c/slus536c.pdf,https://www.digikey.com/en/products/detail/texas-instruments/TPS2393PWR/1671179,-48V,,1.05 mA,Auto Retry,,No,1,-40°C ~ 85°C,"Current Limit, Fault Timeout, OVP, Slew Rate, UVLO",,,Hot Swap Controller,-80V ~ -20V
TPS2394PW,Texas Instruments,IC HOT SWAP CTRLR -48V 14TSSOP,linear-audio-amplifiers,0,3.81919,"14-TSSOP (0.173"", 4.40mm Width)",Surface Mount,Active,,https://www.digikey.com/en/products/detail/texas-instruments/TPS2394PW/2500665,-48V,,1 mA,Auto Retry,,No,1,-40°C ~ 85°C,"Current Limit, Fault Timeout, OVP, Slew Rate, UVLO",,,Hot Swap Controller,-80V ~ -12V
TPS2394PWR,Texas Instruments,IC HOT SWAP CTRLR -48V 14TSSOP,linear-audio-amplifiers,0,2.387,"14-TSSOP (0.173"", 4.40mm Width)",Surface Mount,Active,,https://www.digikey.com/en/products/detail/texas-instruments/TPS2394PWR/2600472,-48V,,1 mA,Auto Retry,,No,1,-40°C ~ 85°C,"Current Limit, Fault Timeout, OVP, Slew Rate, UVLO",,,Hot Swap Controller,-80V ~ -12V
TPS2398DGK,Texas Instruments,IC HOT SWAP CTRLR -48V 8VSSOP,linear-audio-amplifiers,65,3.72,"8-TSSOP, 8-MSOP (0.118"", 3.00mm Width)",Surface Mount,Active,,https://www.digikey.com/en/products/detail/texas-instruments/TPS2398DGK/584673,-48V,,700 µA,"Latched Fault, UVLO",,No,1,-40°C ~ 85°C,"Current Limit, Fault Timeout, Slew Rate",,,Hot Swap Controller,-80V ~ -36V
TPS2398DGKG4,Texas Instruments,IC HOT SWAP CTRLR -48V 8VSSOP,linear-audio-amplifiers,0,2.12921,"8-TSSOP, 8-MSOP (0.118"", 3.00mm Width)",Surface Mount,Discontinued at DigiKey,,https://www.digikey.com/en/products/detail/texas-instruments/TPS2398DGKG4/1671181,-48V,,700 µA,"Latched Fault, UVLO",,No,1,-40°C ~ 85°C,"Current Limit, Fault Timeout, Slew Rate",,,Hot Swap Controller,-80V ~ -36V
TPS2398DGKR,Texas Instruments,IC HOT SWAP CTRLR -48V 8VSSOP,linear-audio-amplifiers,0,1.3769,"8-TSSOP, 8-MSOP (0.118"", 3.00mm Width)",Surface Mount,Obsolete,,https://www.digikey.com/en/products/detail/texas-instruments/TPS2398DGKR/1671182,-48V,,700 µA,"Latched Fault, UVLO",,No,1,-40°C ~ 85°C,"Current Limit, Fault Timeout, Slew Rate",,,Hot Swap Controller,-80V ~ -36V
TPS2398DGKRG4,Texas Instruments,IC HOT SWAP CTRLR -48V 8VSSOP,linear-audio-amplifiers,0,1.3769,"8-TSSOP, 8-MSOP (0.118"", 3.00mm Width)",Surface Mount,Obsolete,,https://www.digikey.com/en/products/detail/texas-instruments/TPS2398DGKRG4/1671183,-48V,,700 µA,"Latched Fault, UVLO",,No,1,-40°C ~ 85°C,"Current Limit, Fault Timeout, Slew Rate",,,Hot Swap Controller,-80V ~ -36V
TPS2398DMT7G,onsemi,IC HOT SWAP CTRLR -48V 8MSOP,linear-audio-amplifiers,0,0.76,"8-TSSOP, 8-MSOP (0.118"", 3.00mm Width)",Surface Mount,Obsolete,https://www.onsemi.com/pdf/datasheet/tps2398-d.pdf,https://www.digikey.com/en/products/detail/onsemi/TPS2398DMT7G/9169837,-48V,,310 µA,"Latched Fault, UVLO",,No,1,-40°C ~ 85°C,"Current Limit, Fault Timeout, Slew Rate",,,Hot Swap Controller,-80V ~ -36V
TPS2399D,Texas Instruments,IC CTLR HOT SWAP -48V 8VSSOP,linear-audio-amplifiers,7680,2.09,-,-,Active,https://www.ti.com/lit/ds/symlink/tps2398.pdf,https://www.digikey.com/en/products/detail/rochester-electronics-llc/TPS2399D/12123243,,,,,,,,,,,*,,
TPS2399DGK,Texas Instruments,IC HOT SWAP CTRLR -48V 8VSSOP,linear-audio-amplifiers,320,5.54,"8-TSSOP, 8-MSOP (0.118"", 3.00mm Width)",Surface Mount,Active,,https://www.digikey.com/en/products/detail/texas-instruments/TPS2399DGK/584674,-48V,,700 µA,"Auto Retry, UVLO",,No,1,-40°C ~ 85°C,"Current Limit, Fault Timeout, Slew Rate",,,Hot Swap Controller,-80V ~ -36V
TPS2399DGKG4,Texas Instruments,IC HOT SWAP CTRLR -48V 8VSSOP,linear-audio-amplifiers,0,2.593,"8-TSSOP, 8-MSOP (0.118"", 3.00mm Width)",Surface Mount,Discontinued at DigiKey,,https://www.digikey.com/en/products/detail/texas-instruments/TPS2399DGKG4/1671184,-48V,,700 µA,"Auto Retry, UVLO",,No,1,-40°C ~ 85°C,"Current Limit, Fault Timeout, Slew Rate",,,Hot Swap Controller,-80V ~ -36V
TPS2399DGKR,Texas Instruments,IC HOT SWAP CTRLR -48V 8VSSOP,linear-audio-amplifiers,0,3.72,"8-TSSOP, 8-MSOP (0.118"", 3.00mm Width)",Surface Mount,Active,,https://www.digikey.com/en/products/detail/texas-instruments/TPS2399DGKR/1671185,-48V,,700 µA,"Auto Retry, UVLO",,No,1,-40°C ~ 85°C,"Current Limit, Fault Timeout, Slew Rate",,,Hot Swap Controller,-80V ~ -36V
TPS2399DMT7G,onsemi,IC HOT SWAP CTRLR -48V 8MSOP,linear-audio-amplifiers,0,0.76,"8-TSSOP, 8-MSOP (0.118"", 3.00mm Width)",Surface Mount,Obsolete,https://www.onsemi.com/pdf/datasheet/tps2398-d.pdf,https://www.digikey.com/en/products/detail/onsemi/TPS2399DMT7G/9169838,-48V,,310 µA,"Auto Retry, UVLO",,No,1,-40°C ~ 85°C,"Current Limit, Fault Timeout, Slew Rate",,,Hot Swap Controller,-80V ~ -36V
TPS2420RSAR,Texas Instruments,IC HOT SWAP CTRLR GP 16QFN,linear-audio-amplifiers,8001,3.1,16-VQFN Exposed Pad,Surface Mount,Active,,https://www.digikey.com/en/products/detail/texas-instruments/TPS2420RSAR/2001932,General Purpose,5A,,"Thermal Limit, UVLO",,Yes,1,-40°C ~ 125°C,"Auto Retry, Circuit Breaker, Current Limit, Fault Timeout, Latched Fault",,,Hot Swap Controller,3V ~ 20V
TPS2420RSAT,Texas Instruments,IC HOT SWAP CTRLR GP 16QFN,linear-audio-amplifiers,2401,3.78,16-VQFN Exposed Pad,Surface Mount,Active,,https://www.digikey.com/en/products/detail/texas-instruments/TPS2420RSAT/2003819,General Purpose,5A,,"Thermal Limit, UVLO",,Yes,1,-40°C ~ 125°C,"Auto Retry, Circuit Breaker, Current Limit, Fault Timeout, Latched Fault",,,Hot Swap Controller,3V ~ 20V
TPS2421-1DDA,Texas Instruments,IC HOT SWAP CTRLR GP 8SOPWR,linear-audio-amplifiers,169,3.78,"8-PowerSOIC (0.154"", 3.90mm Width)",Surface Mount,Active,,https://www.digikey.com/en/products/detail/texas-instruments/TPS2421-1DDA/2232767,General Purpose,6A,,"Latched Fault, Thermal Limit, UVLO",,Yes,1,-40°C ~ 125°C,"Current Limit, Fault Timeout",,,Hot Swap Controller,3V ~ 20V
TPS2421-1DDAR,Texas Instruments,IC HOT SWAP CTRLR GP 8SOPWR,linear-audio-amplifiers,5724,2.76,"8-PowerSOIC (0.154"", 3.90mm Width)",Surface Mount,Active,,https://www.digikey.com/en/products/detail/texas-instruments/TPS2421-1DDAR/2037500,General Purpose,6A,,"Latched Fault, Thermal Limit, UVLO",,Yes,1,-40°C ~ 125°C,"Current Limit, Fault Timeout",,,Hot Swap Controller,3V ~ 20V
TPS2421-2DDA,Texas Instruments,IC HOT SWAP CTRLR GP 8SOPWR,linear-audio-amplifiers,480,3.78,"8-PowerSOIC (0.154"", 3.90mm Width)",Surface Mount,Active,,https://www.digikey.com/en/products/detail/texas-instruments/TPS2421-2DDA/2232769,General Purpose,6A,,"Auto Retry, Thermal Limit, UVLO",,Yes,1,-40°C ~ 125°C,"Current Limit, Fault Timeout",,,Hot Swap Controller,3V ~ 20V
TPS2421-2DDAR,Texas Instruments,IC HOT SWAP CTRLR GP 8SOPWR,linear-audio-amplifiers,721,2.76,"8-PowerSOIC (0.154"", 3.90mm Width)",Surface Mount,Active,,https://www.digikey.com/en/products/detail/texas-instruments/TPS2421-2DDAR/2037501,General Purpose,6A,,"Auto Retry, Thermal Limit, UVLO",,Yes,1,-40°C ~ 125°C,"Current Limit, Fault Timeout",,,Hot Swap Controller,3V ~ 20V
TPS2456ARHHR,Texas Instruments,TPS2456A - DUAL 12V PROTECTION A,linear-audio-amplifiers,74720,6.61,-,-,Active,,https://www.digikey.com/en/products/detail/rochester-electronics-llc/TPS2456ARHHR/15643982,,,,,,,,,,,*,,
TPS2456ARHHT,Texas Instruments,IC HOT SWAP CTRLR GP 36VQFN,linear-audio-amplifiers,250,7.60064,36-VFQFN Exposed Pad,Surface Mount,Active,,https://www.digikey.com/en/products/detail/texas-instruments/TPS2456ARHHT/3536908,General Purpose,,3.1 mA,"Latched Fault, Thermal Limit, UVLO",,No,2,-40°C ~ 85°C,"Circuit Breaker, Current Limit, Fault Timeout, Slew Rate",,,"Hot Swap Controller, OR Controller",8.5V ~ 15V
TPS2456RHHR,Texas Instruments,IC HOT SWAP CTRLR GP 36VQFN,linear-audio-amplifiers,0,7.09632,36-VFQFN Exposed Pad,Surface Mount,Active,,https://www.digikey.com/en/products/detail/texas-instruments/TPS2456RHHR/2353710,General Purpose,,3.1 mA,"Latched Fault, Thermal Limit, UVLO",,No,2,-40°C ~ 85°C,"Circuit Breaker, Current Limit, Fault Timeout, Slew Rate",,,"Hot Swap Controller, OR Controller",8.5V ~ 15V
TPS2456RHHT,Texas Instruments,IC HOT SWAP CTRLR GP 36VQFN,linear-audio-amplifiers,0,8.5162,36-VFQFN Exposed Pad,Surface Mount,Active,,https://www.digikey.com/en/products/detail/texas-instruments/TPS2456RHHT/2273831,General Purpose,,3.1 mA,"Latched Fault, Thermal Limit, UVLO",,No,2,-40°C ~ 85°C,"Circuit Breaker, Current Limit, Fault Timeout, Slew Rate",,,"Hot Swap Controller, OR Controller",8.5V ~ 15V
TPS2458RHBR,Texas Instruments,IC HOT SWAP CTRLR ATCA 32VQFN,linear-audio-amplifiers,0,3.94394,32-VFQFN Exposed Pad,Surface Mount,Active,,https://www.digikey.com/en/products/detail/texas-instruments/TPS2458RHBR/2232772,"ATCA, MicroTCA™",165mA,3.1 mA,"Thermal Limit, UVLO",,Both,2,-40°C ~ 85°C,"Circuit Breaker, Current Limit, Fault Timeout, Slew Rate",,,"Hot Swap Controller, OR Controller","3V ~ 4V, 8.5V ~ 15V"
TPS2458RHBT,Texas Instruments,IC HOT SWAP CTRLR ATCA 32VQFN,linear-audio-amplifiers,0,4.7324,32-VFQFN Exposed Pad,Surface Mount,Active,,https://www.digikey.com/en/products/detail/texas-instruments/TPS2458RHBT/2025283,"ATCA, MicroTCA™",165mA,3.1 mA,"Thermal Limit, UVLO",,Both,2,-40°C ~ 85°C,"Circuit Breaker, Current Limit, Fault Timeout, Slew Rate",,,"Hot Swap Controller, OR Controller","3V ~ 4V, 8.5V ~ 15V"
TPS2459RHBR,Texas Instruments,IC HOT SWAP CTRLR ATCA 32VQFN,linear-audio-amplifiers,0,6.16154,32-VFQFN Exposed Pad,Surface Mount,Active,,https://www.digikey.com/en/products/detail/texas-instruments/TPS2459RHBR/2232774,"ATCA, MicroTCA™",165mA,3.1 mA,"I2C, Thermal Limit, UVLO",,Both,2,-40°C ~ 85°C,"Auto Retry, Circuit Breaker, Current Limit, Fault Timeout, Latched Fault, Slew Rate",,,"Hot Swap Controller, OR Controller","3V ~ 4V, 8.5V ~ 15V"
TPS2459RHBT,Texas Instruments,IC HOT SWAP CTRLR ATCA 32VQFN,linear-audio-amplifiers,0,7.14712,32-VFQFN Exposed Pad,Surface Mount,Active,,https://www.digikey.com/en/products/detail/texas-instruments/TPS2459RHBT/2025284,"ATCA, MicroTCA™",165mA,3.1 mA,"I2C, Thermal Limit, UVLO",,Both,2,-40°C ~ 85°C,"Auto Retry, Circuit Breaker, Current Limit, Fault Timeout, Latched Fault, Slew Rate",,,"Hot Swap Controller, OR Controller","3V ~ 4V, 8.5V ~ 15V"
TPS24700DGK,Texas Instruments,IC HOT SWAP CTRLR GP 8VSSOP,linear-audio-amplifiers,3971,3.69,"8-TSSOP, 8-MSOP (0.118"", 3.00mm Width)",Surface Mount,Active,,https://www.digikey.com/en/products/detail/texas-instruments/TPS24700DGK/2642726,General Purpose,,1 mA,"Latched Fault, Thermal Limit",,No,1,-40°C ~ 85°C,"Current Limit, Fault Timeout, UVLO",,,Hot Swap Controller,2.5V ~ 18V
TPS24700DGKR,Texas Instruments,IC HOT SWAP CTRLR GP 8VSSOP,linear-audio-amplifiers,6045,3.23,"8-TSSOP, 8-MSOP (0.118"", 3.00mm Width)",Surface Mount,Active,,https://www.digikey.com/en/products/detail/texas-instruments/TPS24700DGKR/2650734,General Purpose,,1 mA,"Latched Fault, Thermal Limit",,No,1,-40°C ~ 85°C,"Current Limit, Fault Timeout, UVLO",,,Hot Swap Controller,2.5V ~ 18V
TPS24701DGK,Texas Instruments,IC HOT SWAP CTRLR GP 8VSSOP,linear-audio-amplifiers,978,3.8,"8-TSSOP, 8-MSOP (0.118"", 3.00mm Width)",Surface Mount,Active,,https://www.digikey.com/en/products/detail/texas-instruments/TPS24701DGK/2642728,General Purpose,,1 mA,"Auto Retry, Thermal Limit",,No,1,-40°C ~ 85°C,"Current Limit, Fault Timeout, UVLO",,,Hot Swap Controller,2.5V ~ 18V
TPS24701DGKR,Texas Instruments,IC HOT SWAP CTRLR GP 8VSSOP,linear-audio-amplifiers,9020,3.23,"8-TSSOP, 8-MSOP (0.118"", 3.00mm Width)",Surface Mount,Active,,https://www.digikey.com/en/products/detail/texas-instruments/TPS24701DGKR/2650735,General Purpose,,1 mA,"Auto Retry, Thermal Limit",,No,1,-40°C ~ 85°C,"Current Limit, Fault Timeout, UVLO",,,Hot Swap Controller,2.5V ~ 18V
TPS24710DGS,Texas Instruments,IC HOT SWAP CTRLR GP 10VSSOP,linear-audio-amplifiers,0,2.53175,"10-TFSOP, 10-MSOP (0.118"", 3.00mm Width)",Surface Mount,Active,,https://www.digikey.com/en/products/detail/texas-instruments/TPS24710DGS/2696358,General Purpose,,1 mA,"Latched Fault, Thermal Limit",,No,1,-40°C ~ 85°C,"Current Limit, Fault Timeout, UVLO",,,Hot Swap Controller,2.5V ~ 18V
TPS24710DGSR,Texas Instruments,IC HOT SWAP CTRLR GP 10VSSOP,linear-audio-amplifiers,2168,3.59,"10-TFSOP, 10-MSOP (0.118"", 3.00mm Width)",Surface Mount,Active,,https://www.digikey.com/en/products/detail/texas-instruments/TPS24710DGSR/2696386,General Purpose,,1 mA,"Latched Fault, Thermal Limit",,No,1,-40°C ~ 85°C,"Current Limit, Fault Timeout, UVLO",,,Hot Swap Controller,2.5V ~ 18V
TPS24711DGS,Texas Instruments,IC HOT SWAP CTRLR GP 10VSSOP,linear-audio-amplifiers,0,2.53175,"10-TFSOP, 10-MSOP (0.118"", 3.00mm Width)",Surface Mount,Active,,https://www.digikey.com/en/products/detail/texas-instruments/TPS24711DGS/2696359,General Purpose,,1 mA,"Auto Retry, Thermal Limit",,No,1,-40°C ~ 85°C,"Current Limit, Fault Timeout, UVLO",,,Hot Swap Controller,2.5V ~ 18V
TPS24711DGSR,Texas Instruments,IC HOT SWAP CTRLR GP 10VSSOP,linear-audio-amplifiers,1864,3.59,"10-TFSOP, 10-MSOP (0.118"", 3.00mm Width)",Surface Mount,Active,,https://www.digikey.com/en/products/detail/texas-instruments/TPS24711DGSR/2650736,General Purpose,,1 mA,"Auto Retry, Thermal Limit",,No,1,-40°C ~ 85°C,"Current Limit, Fault Timeout, UVLO",,,Hot Swap Controller,2.5V ~ 18V
TPS24712DGS,Texas Instruments,IC HOT SWAP CTRLR GP 10VSSOP,linear-audio-amplifiers,0,2.53175,"10-TFSOP, 10-MSOP (0.118"", 3.00mm Width)",Surface Mount,Active,,https://www.digikey.com/en/products/detail/texas-instruments/TPS24712DGS/2696360,General Purpose,,1 mA,"Latched Fault, Thermal Limit",,No,1,-40°C ~ 85°C,"Current Limit, Fault Timeout, UVLO",,,Hot Swap Controller,2.5V ~ 18V
TPS24712DGSR,Texas Instruments,IC HOT SWAP CTRLR GP 10VSSOP,linear-audio-amplifiers,0,2.1098,"10-TFSOP, 10-MSOP (0.118"", 3.00mm Width)",Surface Mount,Active,,https://www.digikey.com/en/products/detail/texas-instruments/TPS24712DGSR/2650737,General Purpose,,1 mA,"Latched Fault, Thermal Limit",,No,1,-40°C ~ 85°C,"Current Limit, Fault Timeout, UVLO",,,Hot Swap Controller,2.5V ~ 18V
TPS24713DGS,Texas Instruments,IC HOT SWAP CTRLR GP 10VSSOP,linear-audio-amplifiers,0,2.53175,"10-TFSOP, 10-MSOP (0.118"", 3.00mm Width)",Surface Mount,Active,,https://www.digikey.com/en/products/detail/texas-instruments/TPS24713DGS/2696361,General Purpose,,1 mA,"Auto Retry, Thermal Limit",,No,1,-40°C ~ 85°C,"Current Limit, Fault Timeout, UVLO",,,Hot Swap Controller,2.5V ~ 18V
TPS24713DGSR,Texas Instruments,IC HOT SWAP CTRLR GP 10VSSOP,linear-audio-amplifiers,2274,3.59,"10-TFSOP, 10-MSOP (0.118"", 3.00mm Width)",Surface Mount,Active,,https://www.digikey.com/en/products/detail/texas-instruments/TPS24713DGSR/2650738,General Purpose,,1 mA,"Auto Retry, Thermal Limit",,No,1,-40°C ~ 85°C,"Current Limit, Fault Timeout, UVLO",,,Hot Swap Controller,2.5V ~ 18V
TPS24720RGTR,Texas Instruments,IC HOT SWAP CTRLR GP 16QFN,linear-audio-amplifiers,6360,4.13,16-VFQFN Exposed Pad,Surface Mount,Active,,https://www.digikey.com/en/products/detail/texas-instruments/TPS24720RGTR/2650739,General Purpose,,1 mA,,,No,1,-40°C ~ 85°C,"Auto Retry, Current Limit, Fault Timeout, Latched Fault, OVP, UVLO",,,"Hot Swap Controller, Monitor",2.5V ~ 18V
TPS24720RGTT,Texas Instruments,IC HOT SWAP CTRLR GP 16QFN,linear-audio-amplifiers,565,4.86,16-VFQFN Exposed Pad,Surface Mount,Active,,https://www.digikey.com/en/products/detail/texas-instruments/TPS24720RGTT/2696434,General Purpose,,1 mA,,,No,1,-40°C ~ 85°C,"Auto Retry, Current Limit, Fault Timeout, Latched Fault, OVP, UVLO",,,"Hot Swap Controller, Monitor",2.5V ~ 18V
TPS24740RGER,Texas Instruments,IC HOT SWAP CTRLR GP 24VQFN,linear-audio-amplifiers,0,5.9136,24-VFQFN Exposed Pad,Surface Mount,Active,,https://www.digikey.com/en/products/detail/texas-instruments/TPS24740RGER/5170572,General Purpose,,4.2 mA,"Latched Fault, UVLO",,No,1,-40°C ~ 125°C,"Current Limit, Fault Timeout, OVP, Turn On Voltage",,,"Hot Swap Controller, OR Controller",2.5V ~ 18V
TPS24740RGET,Texas Instruments,IC HOT SWAP CTRLR GP 24VQFN,linear-audio-amplifiers,260,10.72,24-VFQFN Exposed Pad,Surface Mount,Active,,https://www.digikey.com/en/products/detail/texas-instruments/TPS24740RGET/5186325,General Purpose,,4.2 mA,"Latched Fault, UVLO",,No,1,-40°C ~ 125°C,"Current Limit, Fault Timeout, OVP, Turn On Voltage",,,"Hot Swap Controller, OR Controller",2.5V ~ 18V
TPS24741RGER,Texas Instruments,IC HOT SWAP CTRLR GP 24VQFN,linear-audio-amplifiers,0,5.9136,24-VFQFN Exposed Pad,Surface Mount,Active,,https://www.digikey.com/en/products/detail/texas-instruments/TPS24741RGER/5170573,General Purpose,,4.2 mA,"Auto Retry, UVLO",,No,1,-40°C ~ 125°C,"Current Limit, Fault Timeout, OVP, Turn On Voltage",,,"Hot Swap Controller, OR Controller",2.5V ~ 18V
TPS24741RGET,Texas Instruments,IC HOT SWAP CTRLR GP 24VQFN,linear-audio-amplifiers,55,10.72,24-VFQFN Exposed Pad,Surface Mount,Active,,https://www.digikey.com/en/products/detail/texas-instruments/TPS24741RGET/5186326,General Purpose,,4.2 mA,"Auto Retry, UVLO",,No,1,-40°C ~ 125°C,"Current Limit, Fault Timeout, OVP, Turn On Voltage",,,"Hot Swap Controller, OR Controller",2.5V ~ 18V
TPS24742RGER,Texas Instruments,IC HOT SWAP CTRLR GP 24VQFN,linear-audio-amplifiers,0,5.9136,24-VFQFN Exposed Pad,Surface Mount,Active,,https://www.digikey.com/en/products/detail/texas-instruments/TPS24742RGER/5170574,General Purpose,,4.2 mA,"Latched Fault, UVLO",,No,1,-40°C ~ 125°C,"Current Limit, Fault Timeout, OVP, Turn On Voltage",,,"Hot Swap Controller, OR Controller",2.5V ~ 18V
TPS24742RGET,Texas Instruments,IC HOT SWAP CTRLR GP 24VQFN,linear-audio-amplifiers,232,10.72,24-VFQFN Exposed Pad,Surface Mount,Active,,https://www.digikey.com/en/products/detail/texas-instruments/TPS24742RGET/5186327,General Purpose,,4.2 mA,"Latched Fault, UVLO",,No,1,-40°C ~ 125°C,"Current Limit, Fault Timeout, OVP, Turn On Voltage",,,"Hot Swap Controller, OR Controller",2.5V ~ 18V
TPS24750RUVR,Texas Instruments,IC HOT SWAP CTRLR GP 36VQFN,linear-audio-amplifiers,9313,4.81,36-VFQFN Exposed Pad,Surface Mount,Active,,https://www.digikey.com/en/products/detail/texas-instruments/TPS24750RUVR/6572431,General Purpose,12A,1 mA,"Latched Fault, Thermal Limit",,Yes,1,-40°C ~ 85°C,"Circuit Breaker, Current Limit, Fault Timeout, OVP, Slew Rate, UVLO",,,Hot Swap Controller,2.5V ~ 18V
TPS24750RUVT,Texas Instruments,IC HOT SWAP CTRLR GP 36VQFN,linear-audio-amplifiers,1742,5.29,36-VFQFN Exposed Pad,Surface Mount,Active,,https://www.digikey.com/en/products/detail/texas-instruments/TPS24750RUVT/4493898,General Purpose,12A,1 mA,"Latched Fault, Thermal Limit",,Yes,1,-40°C ~ 85°C,"Circuit Breaker, Current Limit, Fault Timeout, OVP, Slew Rate, UVLO",,,Hot Swap Controller,2.5V ~ 18V
TPS24751RUVR,Texas Instruments,IC HOT SWAP CTRLR GP 36VQFN,linear-audio-amplifiers,2186,4.81,36-VFQFN Exposed Pad,Surface Mount,Active,,https://www.digikey.com/en/products/detail/texas-instruments/TPS24751RUVR/6572432,General Purpose,12A,1 mA,"Auto Retry, Thermal Limit",,Yes,1,-40°C ~ 85°C,"Circuit Breaker, Current Limit, Fault Timeout, OVP, Slew Rate, UVLO",,,Hot Swap Controller,2.5V ~ 18V
TPS24751RUVT,Texas Instruments,IC HOT SWAP CTRLR GP 36VQFN,linear-audio-amplifiers,1751,5.29,36-VFQFN Exposed Pad,Surface Mount,Active,,https://www.digikey.com/en/products/detail/texas-instruments/TPS24751RUVT/4493899,General Purpose,12A,1 mA,"Auto Retry, Thermal Limit",,Yes,1,-40°C ~ 85°C,"Circuit Breaker, Current Limit, Fault Timeout, OVP, Slew Rate, UVLO",,,Hot Swap Controller,2.5V ~ 18V
TPS24770RGER,Texas Instruments,IC HOT SWAP CTRLR GP 24VQFN,linear-audio-amplifiers,8956,3.34,24-VFQFN Exposed Pad,Surface Mount,Active,,https://www.digikey.com/en/products/detail/texas-instruments/TPS24770RGER/5218104,General Purpose,,2.95 mA,Latched Fault,,No,1,-40°C ~ 125°C,"Current Limit, Fault Timeout, OVP, Slew Rate, UVLO",,,Hot Swap Controller,2.5V ~ 18V
TPS24770RGET,Texas Instruments,IC HOT SWAP CTRLR GP 24VQFN,linear-audio-amplifiers,0,3.94,24-VFQFN Exposed Pad,Surface Mount,Active,,https://www.digikey.com/en/products/detail/texas-instruments/TPS24770RGET/5226498,General Purpose,,2.95 mA,Latched Fault,,No,1,-40°C ~ 125°C,"Current Limit, Fault Timeout, OVP, Slew Rate, UVLO",,,Hot Swap Controller,2.5V ~ 18V
TPS24771RGER,Texas Instruments,IC HOT SWAP CTRLR GP 24VQFN,linear-audio-amplifiers,0,1.9481,24-VFQFN Exposed Pad,Surface Mount,Active,,https://www.digikey.com/en/products/detail/texas-instruments/TPS24771RGER/5218105,General Purpose,,2.95 mA,Auto Retry,,No,1,-40°C ~ 125°C,"Current Limit, Fault Timeout, OVP, Slew Rate, UVLO",,,Hot Swap Controller,2.5V ~ 18V
TPS24771RGET,Texas Instruments,IC HOT SWAP CTRLR GP 24VQFN,linear-audio-amplifiers,385,3.94,24-VFQFN Exposed Pad,Surface Mount,Active,,https://www.digikey.com/en/products/detail/texas-instruments/TPS24771RGET/5226499,General Purpose,,2.95 mA,Auto Retry,,No,1,-40°C ~ 125°C,"Current Limit, Fault Timeout, OVP, Slew Rate, UVLO",,,Hot Swap Controller,2.5V ~ 18V
TPS24772RGER,Texas Instruments,IC HOT SWAP CTRLR GP 24VQFN,linear-audio-amplifiers,0,1.9481,24-VFQFN Exposed Pad,Surface Mount,Active,,https://www.digikey.com/en/products/detail/texas-instruments/TPS24772RGER/5218106,General Purpose,,2.95 mA,Auto Retry,,No,1,-40°C ~ 125°C,"Current Limit, Fault Timeout, OVP, Slew Rate, UVLO",,,Hot Swap Controller,2.5V ~ 18V
TPS24772RGET,Texas Instruments,IC HOT SWAP CTRLR GP 24VQFN,linear-audio-amplifiers,12692,3.94,24-VFQFN Exposed Pad,Surface Mount,Active,,https://www.digikey.com/en/products/detail/texas-instruments/TPS24772RGET/5226500,General Purpose,,2.95 mA,Auto Retry,,No,1,-40°C ~ 125°C,"Current Limit, Fault Timeout, OVP, Slew Rate, UVLO",,,Hot Swap Controller,2.5V ~ 18V
TPS2480PW,Texas Instruments,IC HOT SWAP CTRLR GP 20TSSOP,linear-audio-amplifiers,0,4.73243,"20-TSSOP (0.173"", 4.40mm Width)",Surface Mount,Active,,https://www.digikey.com/en/products/detail/texas-instruments/TPS2480PW/2345424,General Purpose,,1 mA,"I2C, Latched Fault UVLO",,No,1,-40°C ~ 125°C,"Current Limit, Fault Timeout",,,"Hot Swap Controller, Monitor",9V ~ 80V
TPS2480PWR,Texas Instruments,IC HOT SWAP CTRLR GP 20TSSOP,linear-audio-amplifiers,2976,6.3,"20-TSSOP (0.173"", 4.40mm Width)",Surface Mount,Active,,https://www.digikey.com/en/products/detail/texas-instruments/TPS2480PWR/2600473,General Purpose,,1 mA,"I2C, Latched Fault UVLO",,No,1,-40°C ~ 125°C,"Current Limit, Fault Timeout",,,"Hot Swap Controller, Monitor",9V ~ 80V
TPS2481PW,Texas Instruments,IC HOT SWAP CTRLR GP 20TSSOP,linear-audio-amplifiers,0,4.73243,"20-TSSOP (0.173"", 4.40mm Width)",Surface Mount,Active,,https://www.digikey.com/en/products/detail/texas-instruments/TPS2481PW/2600474,General Purpose,,1 mA,"Auto Retry, I2C, UVLO",,No,1,-40°C ~ 125°C,"Current Limit, Fault Timeout",,,"Hot Swap Controller, Monitor",9V ~ 80V
TPS2481PWR,Texas Instruments,IC HOT SWAP CTRLR GP 20TSSOP,linear-audio-amplifiers,0,3.94394,"20-TSSOP (0.173"", 4.40mm Width)",Surface Mount,Active,,https://www.digikey.com/en/products/detail/texas-instruments/TPS2481PWR/2345425,General Purpose,,1 mA,"Auto Retry, I2C, UVLO",,No,1,-40°C ~ 125°C,"Current Limit, Fault Timeout",,,"Hot Swap Controller, Monitor",9V ~ 80V
TPS2482PW,Texas Instruments,IC HOT SWAP CTRLR GP 20TSSOP,linear-audio-amplifiers,420,6.77,"20-TSSOP (0.173"", 4.40mm Width)",Surface Mount,Active,,https://www.digikey.com/en/products/detail/texas-instruments/TPS2482PW/4134656,General Purpose,,2 mA,"I2C, Latched Fault, UVLO",,No,1,-40°C ~ 85°C,"Current Limit, Fault Timeout",,,"Hot Swap Controller, Monitor",9V ~ 80V
TPS2482PWR,Texas Instruments,IC HOT SWAP CTRLR GP 20TSSOP,linear-audio-amplifiers,0,3.5574,"20-TSSOP (0.173"", 4.40mm Width)",Surface Mount,Active,,https://www.digikey.com/en/products/detail/texas-instruments/TPS2482PWR/4288828,General Purpose,,2 mA,"I2C, Latched Fault, UVLO",,No,1,-40°C ~ 85°C,"Current Limit, Fault Timeout",,,"Hot Swap Controller, Monitor",9V ~ 80V
TPS2483PW,Texas Instruments,IC HOT SWAP CTRLR GP 20TSSOP,linear-audio-amplifiers,10,6.77,"20-TSSOP (0.173"", 4.40mm Width)",Surface Mount,Active,,https://www.digikey.com/en/products/detail/texas-instruments/TPS2483PW/4134657,General Purpose,,2 mA,"Auto Retry, I2C, UVLO",,No,1,-40°C ~ 85°C,"Current Limit, Fault Timeout",,,"Hot Swap Controller, Monitor",9V ~ 80V
TPS2483PWR,Texas Instruments,IC HOT SWAP CTRLR GP 20TSSOP,linear-audio-amplifiers,0,3.5574,"20-TSSOP (0.173"", 4.40mm Width)",Surface Mount,Active,,https://www.digikey.com/en/products/detail/texas-instruments/TPS2483PWR/4288829,General Purpose,,2 mA,"Auto Retry, I2C, UVLO",,No,1,-40°C ~ 85°C,"Current Limit, Fault Timeout",,,"Hot Swap Controller, Monitor",9V ~ 80V
TPS2490DGS,Texas Instruments,IC HOT SWAP CTRLR GP 10VSSOP,linear-audio-amplifiers,2033,4.78,"10-TFSOP, 10-MSOP (0.118"", 3.00mm Width)",Surface Mount,Active,,https://www.digikey.com/en/products/detail/texas-instruments/TPS2490DGS/660260,General Purpose,,1 mA,Latched Fault,,No,1,-40°C ~ 85°C,"Current Limit, Fault Timeout, UVLO",,,Hot Swap Controller,9V ~ 80V
TPS2490DGSG4,Texas Instruments,IC HOT SWAP CTRLR GP 10VSSOP,linear-audio-amplifiers,0,2.187,"10-TFSOP, 10-MSOP (0.118"", 3.00mm Width)",Surface Mount,Discontinued at DigiKey,,https://www.digikey.com/en/products/detail/texas-instruments/TPS2490DGSG4/1671189,General Purpose,,1 mA,Latched Fault,,No,1,-40°C ~ 85°C,"Current Limit, Fault Timeout, UVLO",,,Hot Swap Controller,9V ~ 80V
TPS2490DGSR,Texas Instruments,IC HOT SWAP CTRLR GP 10VSSOP,linear-audio-amplifiers,0,4.06,"10-TFSOP, 10-MSOP (0.118"", 3.00mm Width)",Surface Mount,Active,,https://www.digikey.com/en/products/detail/texas-instruments/TPS2490DGSR/1671190,General Purpose,,1 mA,Latched Fault,,No,1,-40°C ~ 85°C,"Current Limit, Fault Timeout, UVLO",,,Hot Swap Controller,9V ~ 80V
TPS2490DGSRG4,Texas Instruments,IC HOT SWAP CTRLR GP 10VSSOP,linear-audio-amplifiers,0,1.66424,"10-TFSOP, 10-MSOP (0.118"", 3.00mm Width)",Surface Mount,Discontinued at DigiKey,,https://www.digikey.com/en/products/detail/texas-instruments/TPS2490DGSRG4/1671191,General Purpose,,1 mA,Latched Fault,,No,1,-40°C ~ 85°C,"Current Limit, Fault Timeout, UVLO",,,Hot Swap Controller,9V ~ 80V
TPS2491DGS,Texas Instruments,IC HOT SWAP CTRLR GP 10VSSOP,linear-audio-amplifiers,5044,4.78,"10-TFSOP, 10-MSOP (0.118"", 3.00mm Width)",Surface Mount,Active,,https://www.digikey.com/en/products/detail/texas-instruments/TPS2491DGS/643244,General Purpose,,1 mA,Auto Retry,,No,1,-40°C ~ 85°C,"Current Limit, Fault Timeout, UVLO",,,Hot Swap Controller,9V ~ 80V
TPS2491DGSG4,Texas Instruments,IC HOT SWAP CTRLR GP 10VSSOP,linear-audio-amplifiers,0,2.187,"10-TFSOP, 10-MSOP (0.118"", 3.00mm Width)",Surface Mount,Discontinued at DigiKey,,https://www.digikey.com/en/products/detail/texas-instruments/TPS2491DGSG4/1671192,General Purpose,,1 mA,Auto Retry,,No,1,-40°C ~ 85°C,"Current Limit, Fault Timeout, UVLO",,,Hot Swap Controller,9V ~ 80V
TPS2491DGSR,Texas Instruments,IC HOT SWAP CTRLR GP 10VSSOP,linear-audio-amplifiers,3892,4.06,"10-TFSOP, 10-MSOP (0.118"", 3.00mm Width)",Surface Mount,Active,,https://www.digikey.com/en/products/detail/texas-instruments/TPS2491DGSR/1671193,General Purpose,,1 mA,Auto Retry,,No,1,-40°C ~ 85°C,"Current Limit, Fault Timeout, UVLO",,,Hot Swap Controller,9V ~ 80V
TPS2491DGSRG4,Texas Instruments,IC HOT SWAP CTRLR GP 10VSSOP,linear-audio-amplifiers,2500,2.20448,"10-TFSOP, 10-MSOP (0.118"", 3.00mm Width)",Surface Mount,Discontinued at DigiKey,,https://www.digikey.com/en/products/detail/texas-instruments/TPS2491DGSRG4/1671194,General Purpose,,1 mA,Auto Retry,,No,1,-40°C ~ 85°C,"Current Limit, Fault Timeout, UVLO",,,Hot Swap Controller,9V ~ 80V
TPS2492PW,Texas Instruments,IC HOT SWAP CTRLR GP 14TSSOP,linear-audio-amplifiers,3285,5.24,"14-TSSOP (0.173"", 4.40mm Width)",Surface Mount,Active,,https://www.digikey.com/en/products/detail/texas-instruments/TPS2492PW/2391357,General Purpose,,1 mA,Latched Fault,,No,1,-40°C ~ 125°C,"Current Limit, Fault Timeout, OVP, UVLO",,,"Hot Swap Controller, Monitor",9V ~ 80V
TPS2492PWR,Texas Instruments,IC HOT SWAP CTRLR GP 14TSSOP,linear-audio-amplifiers,1442,4.45,"14-TSSOP (0.173"", 4.40mm Width)",Surface Mount,Active,,https://www.digikey.com/en/products/detail/texas-instruments/TPS2492PWR/2600475,General Purpose,,1 mA,Latched Fault,,No,1,-40°C ~ 125°C,"Current Limit, Fault Timeout, OVP, UVLO",,,"Hot Swap Controller, Monitor",9V ~ 80V
TPS2493PW,Texas Instruments,IC HOT SWAP CTRLR GP 14TSSOP,linear-audio-amplifiers,450,5.24,"14-TSSOP (0.173"", 4.40mm Width)",Surface Mount,Active,,https://www.digikey.com/en/products/detail/texas-instruments/TPS2493PW/2391358,General Purpose,,1 mA,Auto Retry,,No,1,-40°C ~ 125°C,"Current Limit, Fault Timeout, OVP, UVLO",,,"Hot Swap Controller, Monitor",9V ~ 80V
TPS2493PWR,Texas Instruments,IC HOT SWAP CTRLR GP 14TSSOP,linear-audio-amplifiers,7391,4.45,"14-TSSOP (0.173"", 4.40mm Width)",Surface Mount,Active,,https://www.digikey.com/en/products/detail/texas-instruments/TPS2493PWR/2600476,General Purpose,,1 mA,Auto Retry,,No,1,-40°C ~ 125°C,"Current Limit, Fault Timeout, OVP, UVLO",,,"Hot Swap Controller, Monitor",9V ~ 80V
TPS2590RSAR,Texas Instruments,IC HOT SWAP CTRLR GP 16QFN,linear-audio-amplifiers,252,2.74,16-VQFN Exposed Pad,Surface Mount,Active,,https://www.digikey.com/en/products/detail/texas-instruments/TPS2590RSAR/2232781,General Purpose,5.5A,,"Thermal Limit, UVLO",,Yes,1,-40°C ~ 125°C,"Auto Retry, Circuit Breaker, Current Limit, Fault Timeout, Latched Fault",,,Hot Swap Controller,3V ~ 20V
TPS2590RSAT,Texas Instruments,IC HOT SWAP CTRLR GP 16QFN,linear-audio-amplifiers,486,3.78,16-VQFN Exposed Pad,Surface Mount,Active,,https://www.digikey.com/en/products/detail/texas-instruments/TPS2590RSAT/2118053,General Purpose,5.5A,,"Thermal Limit, UVLO",,Yes,1,-40°C ~ 125°C,"Auto Retry, Circuit Breaker, Current Limit, Fault Timeout, Latched Fault",,,Hot Swap Controller,3V ~ 20V
TPS25910RSAR,Texas Instruments,IC HOT SWAP CTRLR GP 16QFN,linear-audio-amplifiers,9007,3.1,16-VQFN Exposed Pad,Surface Mount,Active,,https://www.digikey.com/en/products/detail/texas-instruments/TPS25910RSAR/3671889,General Purpose,5A,,"Thermal Limit, UVLO",,Yes,1,-40°C ~ 125°C,"Current Limit, Slew Rate",,,Hot Swap Controller,3V ~ 20V
TPS25910RSAT,Texas Instruments,IC HOT SWAP CTRLR GP 16QFN,linear-audio-amplifiers,422,3.78,16-VQFN Exposed Pad,Surface Mount,Active,,https://www.digikey.com/en/products/detail/texas-instruments/TPS25910RSAT/3789596,General Purpose,5A,,"Thermal Limit, UVLO",,Yes,1,-40°C ~ 125°C,"Current Limit, Slew Rate",,,Hot Swap Controller,3V ~ 20V
TPS25961DRVR,Texas Instruments,2.7-V TO 19-V 100-M EFUSE WITH O,linear-audio-amplifiers,28243,0.8,6-WDFN Exposed Pad,Surface Mount,Active,https://www.ti.com/lit/ds/symlink/tps25961.pdf?ts=1703073741623&ref_url=https%253A%252F%252Fwww.ti.com%252Fsitesearch%252Fen-us%252Fdocs%252Funiversalsearch.tsp%253FlangPref%253Den-US%2526searchTerm%253D,https://www.digikey.com/en/products/detail/texas-instruments/TPS25961DRVR/17394947,General Purpose,2A,144 µA,"Auto Retry, Fault Timeout, Latched Fault, OVP, Thermal Shutdown, UVLO",,Yes,1,-40°C ~ 125°C (TJ),"Current Limit, Fault Timeout, OVP, UVLO",,,Hot Swap Controller,2.7V ~ 19V
TPS259802ONRGER,Texas Instruments,"2.7-V TO 24-V, 8-A, 3-M SMART EF",linear-audio-amplifiers,2470,2.49,24-VFQFN Exposed Pad,Surface Mount,Active,,https://www.digikey.com/en/products/detail/texas-instruments/TPS259802ONRGER/13174011,General Purpose,8A,800 µA,"Latched Fault, UVLO",,Yes,1,-40°C ~ 125°C,"Circuit Breaker, Current Limit, Fault Timeout, Latched Fault, OVP, Slew Rate, UVLO",,,Hot Swap Controller,2.7V ~ 24V
TPS259803ONRGER,Texas Instruments,"2.7-V TO 24-V, 8-A, 3-M SMART EF",linear-audio-amplifiers,8349,2.49,24-VFQFN Exposed Pad,Surface Mount,Active,,https://www.digikey.com/en/products/detail/texas-instruments/TPS259803ONRGER/13174063,General Purpose,8A,800 µA,"Latched Fault, UVLO",,Yes,1,-40°C ~ 125°C,"Circuit Breaker, Current Limit, Fault Timeout, Latched Fault, OVP, Slew Rate, UVLO",,,Hot Swap Controller,2.7V ~ 24V
TPS259804ONRGER,Texas Instruments,"2.7-V TO 24-V, 8-A, 3-M SMART EF",linear-audio-amplifiers,0,2.49,24-VFQFN Exposed Pad,Surface Mount,Active,,https://www.digikey.com/en/products/detail/texas-instruments/TPS259804ONRGER/13174020,General Purpose,8A,800 µA,"Latched Fault, UVLO",,Yes,1,-40°C ~ 125°C,"Circuit Breaker, Current Limit, Fault Timeout, Latched Fault, OVP, Slew Rate, UVLO",,,Hot Swap Controller,2.7V ~ 24V
TPS259807ONRGER,Texas Instruments,"2.7-V TO 24-V, 8-A, 3-M SMART EF",linear-audio-amplifiers,0,2.49,24-VFQFN Exposed Pad,Surface Mount,Active,https://www.ti.com/lit/ds/symlink/tps25980.pdf?ts=1693961353362,https://www.digikey.com/en/products/detail/texas-instruments/TPS259807ONRGER/13174056,General Purpose,8A,800 µA,"Latched Fault, UVLO",,Yes,1,-40°C ~ 125°C,"Circuit Breaker, Current Limit, Fault Timeout, Latched Fault, OVP, Slew Rate, UVLO",,,Hot Swap Controller,2.7V ~ 24V
TPS259830LNRGER,Texas Instruments,"2.7-V TO 26-V, 2.7-M 18-A INTEGR",linear-audio-amplifiers,7667,4.22,24-VFQFN Exposed Pad,Surface Mount,Active,https://www.ti.com/lit/ds/symlink/tps25983.pdf?ts=1704286457396&ref_url=https%253A%252F%252Fwww.ti.com%252Fproduct%252FTPS25983,https://www.digikey.com/en/products/detail/texas-instruments/TPS259830LNRGER/22106807,PCI,18A,243 µA,"Auto Retry, OVP",,Yes,1,-40°C ~ 125°C (TA),Current Limit,,,Hot Swap Controller,2.7V ~ 26V
TPS259830ONRGER,Texas Instruments,"2.7-V TO 26-V, 2.7-M 18-A INTEGR",linear-audio-amplifiers,15233,4.22,24-VFQFN Exposed Pad,Surface Mount,Active,https://www.ti.com/lit/ds/symlink/tps25983.pdf?ts=1704286457396&ref_url=https%253A%252F%252Fwww.ti.com%252Fproduct%252FTPS25983,https://www.digikey.com/en/products/detail/texas-instruments/TPS259830ONRGER/22106882,PCI,18A,243 µA,"Auto Retry, OVP",,Yes,1,-40°C ~ 125°C (TA),Current Limit,,,Hot Swap Controller,2.7V ~ 26V
TPS25984B0RZJR,Texas Instruments,"4.5V TO 16V, 0.8M, 70A STACKABLE",linear-audio-amplifiers,0,4.0733,32-WFQFN Exposed Pad,Surface Mount,Active,,https://www.digikey.com/en/products/detail/texas-instruments/TPS25984B0RZJR/25881405,General Purpose,55A,3.5 mA,"Fault Timeout, Latched Fault, OVP, UVLO",,Yes,1,-40°C ~ 125°C (TJ),"Circuit Breaker, Current Limit, Fault Timeout, OVP, Slew Rate, UVLO",,,"Hot Swap Controller, Monitor",4.5V ~ 16V
TPS25984B1RZJR,Texas Instruments,70A STACKABLE EFUSE,linear-audio-amplifiers,0,4.0733,32-WFQFN Exposed Pad,Surface Mount,Active,https://www.ti.com/lit/ds/symlink/tps25984b.pdf?ts=1742891456780&ref_url=https%253A%252F%252Fwww.ti.com%252Fsitesearch%252Fen-us%252Fdocs%252Funiversalsearch.tsp%253FlangPref%253Den-US%2526nr%253D2%2526searchTerm%253DTPS25984B1RZJR,https://www.digikey.com/en/products/detail/texas-instruments/TPS25984B1RZJR/25982821,General Purpose,55A,3.5 mA,"Auto Retry, Fault Timeout, OVP, UVLO",,Yes,1,-40°C ~ 125°C (TJ),"Circuit Breaker, Current Limit, Fault Timeout, OVP, Slew Rate, UVLO",,TPS25984Bx,"Hot Swap Controller, Monitor",4.5V ~ 16V
TPS25984B2RZJR,Texas Instruments,"4.5V TO 16V, 0.8M, 70A STACKABLE",linear-audio-amplifiers,0,4.0733,32-WFQFN Exposed Pad,Surface Mount,Active,https://www.ti.com/lit/ds/symlink/tps25984b.pdf?ts=1751352028027&ref_url=https%253A%252F%252Fwww.ti.com%252Fproduct%252FTPS25984B,https://www.digikey.com/en/products/detail/texas-instruments/TPS25984B2RZJR/26262555,General Purpose,55A,3.5 mA,"Fault Timeout, OVP, Thermal Limit, UVLO",,Yes,1,-40°C ~ 125°C (TJ),"Current Limit, Fault Timeout, Slew Rate, OVP, UVLO",,TPS25984Bx,"Hot Swap Controller, Monitor",4.5V ~ 16V
TPS25984B3RZJR,Texas Instruments,"4.5V TO 16V, 0.8M, 70A STACKABLE",linear-audio-amplifiers,0,4.0733,32-WFQFN Exposed Pad,Surface Mount,Active,,https://www.digikey.com/en/products/detail/texas-instruments/TPS25984B3RZJR/25881384,General Purpose,55A,3.5 mA,"Fault Timeout, Latched Fault, OVP, UVLO",,Yes,1,-40°C ~ 125°C (TJ),"Circuit Breaker, Current Limit, Fault Timeout, OVP, Slew Rate, UVLO",,,"Hot Swap Controller, Monitor",4.5V ~ 16V
UC2914DW,Texas Instruments,IC HOT SWAP CTRLR GP 18SOIC,linear-audio-amplifiers,0,12.73,"18-SOIC (0.295"", 7.50mm Width)",Surface Mount,Obsolete,https://www.ti.com/lit/ds/symlink/uc2914.pdf,https://www.digikey.com/en/products/detail/texas-instruments/UC2914DW/334351,General Purpose,,12 mA,UVLO,,No,1,-40°C ~ 85°C,"Auto Retry, Circuit Breaker, Current Limit, Fault Timeout, Latched Fault",,,Hot Swap Controller,5V ~ 35V
UC2914DWTR,Texas Instruments,IC HOT SWAP CTRLR GP 18SOIC,linear-audio-amplifiers,0,0.0,"18-SOIC (0.295"", 7.50mm Width)",Surface Mount,Obsolete,https://www.ti.com/lit/ds/symlink/uc2914.pdf,https://www.digikey.com/en/products/detail/texas-instruments/UC2914DWTR/1910769,General Purpose,,12 mA,UVLO,,No,1,-40°C ~ 85°C,"Auto Retry, Circuit Breaker, Current Limit, Fault Timeout, Latched Fault",,,Hot Swap Controller,5V ~ 35V
UC2914N,Texas Instruments,IC HOT SWAP CTRLR GP 18DIP,linear-audio-amplifiers,0,7.51,"18-DIP (0.300"", 7.62mm)",Through Hole,Obsolete,https://www.digikey.com//mm.digikey.com/Volume0/opasdata/d220001/medias/docus/2271/UC2914%2C3914_Rev_Jun_2014.pdf,https://www.digikey.com/en/products/detail/texas-instruments/UC2914N/306375,General Purpose,,12 mA,UVLO,,No,1,-40°C ~ 85°C,"Auto Retry, Circuit Breaker, Current Limit, Fault Timeout, Latched Fault",,,Hot Swap Controller,5V ~ 35V
UC3914DW,Texas Instruments,IC HOT SWAP CTRLR GP 18SOIC,linear-audio-amplifiers,0,11.15,"18-SOIC (0.295"", 7.50mm Width)",Surface Mount,Obsolete,https://www.ti.com/lit/ds/symlink/uc2914.pdf,https://www.digikey.com/en/products/detail/texas-instruments/UC3914DW/381933,General Purpose,,12 mA,UVLO,,No,1,0°C ~ 70°C,"Auto Retry, Circuit Breaker, Current Limit, Fault Timeout, Latched Fault",,,Hot Swap Controller,5V ~ 35V
UC3914DWTR,Texas Instruments,IC HOT SWAP CTRLR GP 18SOIC,linear-audio-amplifiers,0,9.55,"18-SOIC (0.295"", 7.50mm Width)",Surface Mount,Obsolete,https://www.ti.com/lit/ds/symlink/uc2914.pdf,https://www.digikey.com/en/products/detail/texas-instruments/UC3914DWTR/1911217,General Purpose,,12 mA,UVLO,,No,1,0°C ~ 70°C,"Auto Retry, Circuit Breaker, Current Limit, Fault Timeout, Latched Fault",,,Hot Swap Controller,5V ~ 35V
UC3914DWTRG4,Texas Instruments,IC HOT SWAP CTRLR GP 18SOIC,linear-audio-amplifiers,0,0.0,"18-SOIC (0.295"", 7.50mm Width)",Surface Mount,Obsolete,https://www.ti.com/lit/ds/symlink/uc2914.pdf,https://www.digikey.com/en/products/detail/texas-instruments/UC3914DWTRG4/1911218,General Purpose,,12 mA,UVLO,,No,1,0°C ~ 70°C,"Auto Retry, Circuit Breaker, Current Limit, Fault Timeout, Latched Fault",,,Hot Swap Controller,5V ~ 35V
UC3914N,Texas Instruments,IC HOT SWAP CTRLR GP 18DIP,linear-audio-amplifiers,0,6.34,"18-DIP (0.300"", 7.62mm)",Through Hole,Obsolete,https://www.digikey.com//mm.digikey.com/Volume0/opasdata/d220001/medias/docus/2540/UC2914%2C3914_Rev_May_2015.pdf,https://www.digikey.com/en/products/detail/texas-instruments/UC3914N/306200,General Purpose,,12 mA,UVLO,,No,1,0°C ~ 70°C,"Auto Retry, Circuit Breaker, Current Limit, Fault Timeout, Latched Fault",,,Hot Swap Controller,5V ~ 35V
UCC2912DP,Texas Instruments,IC HOT SWAP CTRLR GP 16SOIC,linear-audio-amplifiers,0,7.64455,"16-SOIC (0.154"", 3.90mm Width)",Surface Mount,Active,,https://www.digikey.com/en/products/detail/texas-instruments/UCC2912DP/614932,General Purpose,4A,1 mA,"Latched Fault, Thermal Limit",,Yes,1,-40°C ~ 85°C,"Current Limit, Fault Timeout",,,Hot Swap Controller,3V ~ 8V
UCC2912DPR,Texas Instruments,IC HOT SWAP CTRLR GP 16SOIC,linear-audio-amplifiers,0,3.28327,"16-SOIC (0.154"", 3.90mm Width)",Surface Mount,Obsolete,,https://www.digikey.com/en/products/detail/texas-instruments/UCC2912DPR/1911878,General Purpose,4A,1 mA,"Latched Fault, Thermal Limit",,Yes,1,-40°C ~ 85°C,"Current Limit, Fault Timeout",,,Hot Swap Controller,3V ~ 8V
UCC2912N,Texas Instruments,IC HOT SWAP CTRLR GP 16DIP,linear-audio-amplifiers,0,4.5186,"16-DIP (0.300"", 7.62mm)",Through Hole,Obsolete,,https://www.digikey.com/en/products/detail/texas-instruments/UCC2912N/1911880,General Purpose,4A,1 mA,"Latched Fault, Thermal Limit",,Yes,1,-40°C ~ 85°C,"Current Limit, Fault Timeout",,,Hot Swap Controller,3V ~ 8V
UCC2912NG4,Texas Instruments,IC HOT SWAP CTRLR GP 16DIP,linear-audio-amplifiers,0,4.5186,"16-DIP (0.300"", 7.62mm)",Through Hole,Obsolete,,https://www.digikey.com/en/products/detail/texas-instruments/UCC2912NG4/1911881,General Purpose,4A,1 mA,"Latched Fault, Thermal Limit",,Yes,1,-40°C ~ 85°C,"Current Limit, Fault Timeout",,,Hot Swap Controller,3V ~ 8V
UCC2912PWP,Texas Instruments,IC HOT SWAP CTRLR GP 24HTSSOP,linear-audio-amplifiers,0,7.00856,"24-PowerTSSOP (0.173"", 4.40mm Width)",Surface Mount,Active,,https://www.digikey.com/en/products/detail/texas-instruments/UCC2912PWP/614933,General Purpose,4A,1 mA,"Latched Fault, Thermal Limit",,Yes,1,-40°C ~ 85°C,"Current Limit, Fault Timeout",,,Hot Swap Controller,3V ~ 8V
UCC2912PWPR,Texas Instruments,IC HOT SWAP CTRLR GP 24HTSSOP,linear-audio-amplifiers,0,3.66309,"24-PowerTSSOP (0.173"", 4.40mm Width)",Surface Mount,Obsolete,,https://www.digikey.com/en/products/detail/texas-instruments/UCC2912PWPR/1911883,General Purpose,4A,1 mA,"Latched Fault, Thermal Limit",,Yes,1,-40°C ~ 85°C,"Current Limit, Fault Timeout",,,Hot Swap Controller,3V ~ 8V
UCC2912PWPRG4,Texas Instruments,IC HOT SWAP CTRLR GP 24HTSSOP,linear-audio-amplifiers,0,3.66309,"24-PowerTSSOP (0.173"", 4.40mm Width)",Surface Mount,Obsolete,,https://www.digikey.com/en/products/detail/texas-instruments/UCC2912PWPRG4/1911884,General Purpose,4A,1 mA,"Latched Fault, Thermal Limit",,Yes,1,-40°C ~ 85°C,"Current Limit, Fault Timeout",,,Hot Swap Controller,3V ~ 8V
UCC2913D,Texas Instruments,IC HOT SWAP CTRLR -48V 8SOIC,linear-audio-amplifiers,0,4.86333,"8-SOIC (0.154"", 3.90mm Width)",Surface Mount,Active,https://www.ti.com/lit/ds/slus274a/slus274a.pdf,https://www.digikey.com/en/products/detail/texas-instruments/UCC2913D/306201,-48V,,1 mA,"Auto Retry, UVLO",,No,1,-40°C ~ 85°C,"Circuit Breaker, Current Limit, Fault Timeout",,,Hot Swap Controller,
UCC2913DG4,Texas Instruments,IC HOT SWAP CTRLR -48V 8SOIC,linear-audio-amplifiers,0,3.4322,"8-SOIC (0.154"", 3.90mm Width)",Surface Mount,Discontinued at DigiKey,https://www.ti.com/lit/ds/slus274a/slus274a.pdf,https://www.digikey.com/en/products/detail/texas-instruments/UCC2913DG4/1911885,-48V,,1 mA,"Auto Retry, UVLO",,No,1,-40°C ~ 85°C,"Circuit Breaker, Current Limit, Fault Timeout",,,Hot Swap Controller,
UCC2913DTR,Unitrode,UCC2913 NEGATIVE FLOATING SINGLE,linear-audio-amplifiers,949,3.94,"8-SOIC (0.154"", 3.90mm Width)",Surface Mount,Active,,https://www.digikey.com/en/products/detail/rochester-electronics-llc/UCC2913DTR/13523534,-48V,,1 mA,"Auto Retry, UVLO",,No,1,-40°C ~ 85°C,"Circuit Breaker, Current Limit, Fault Timeout",,,Hot Swap Controller,
UCC2913DTRG4,Texas Instruments,IC HOT SWAP CTRLR -48V 8SOIC,linear-audio-amplifiers,0,2.07622,"8-SOIC (0.154"", 3.90mm Width)",Surface Mount,Obsolete,https://www.ti.com/lit/ds/slus274a/slus274a.pdf,https://www.digikey.com/en/products/detail/texas-instruments/UCC2913DTRG4/1911887,-48V,,1 mA,"Auto Retry, UVLO",,No,1,-40°C ~ 85°C,"Circuit Breaker, Current Limit, Fault Timeout",,,Hot Swap Controller,
UCC2913N,Texas Instruments,IC HOT SWAP CTRLR -48V 8DIP,linear-audio-amplifiers,0,2.71,"8-DIP (0.300"", 7.62mm)",Through Hole,Obsolete,https://www.ti.com/lit/ds/slus274a/slus274a.pdf,https://www.digikey.com/en/products/detail/texas-instruments/UCC2913N/413538,-48V,,1 mA,"Auto Retry, UVLO",,No,1,-40°C ~ 85°C,"Circuit Breaker, Current Limit, Fault Timeout",,,Hot Swap Controller,
UCC2915DP,Unitrode,"UCC2915 0 TO 3A, 7 TO 15V SINGLE",linear-audio-amplifiers,1145,10.44,-,-,Active,,https://www.digikey.com/en/products/detail/rochester-electronics-llc/UCC2915DP/13449605,,,,,,,,,,,*,,
UCC2915DPTR,Texas Instruments,IC HOT SWAP CTRLR GP 16SOIC,linear-audio-amplifiers,0,5.5515,"16-SOIC (0.154"", 3.90mm Width)",Surface Mount,Obsolete,https://www.ti.com/lit/ds/slus198c/slus198c.pdf,https://www.digikey.com/en/products/detail/texas-instruments/UCC2915DPTR/1911890,General Purpose,4A,1 mA,Thermal Limit,,Yes,1,-40°C ~ 85°C,"Circuit Breaker, Current Limit, Fault Timeout",,,Hot Swap Controller,7V ~ 15V
UCC2915DPTRG4,Texas Instruments,IC HOT SWAP CTRLR GP 16SOIC,linear-audio-amplifiers,0,5.5515,"16-SOIC (0.154"", 3.90mm Width)",Surface Mount,Obsolete,https://www.ti.com/lit/ds/slus198c/slus198c.pdf,https://www.digikey.com/en/products/detail/texas-instruments/UCC2915DPTRG4/1911891,General Purpose,4A,1 mA,Thermal Limit,,Yes,1,-40°C ~ 85°C,"Circuit Breaker, Current Limit, Fault Timeout",,,Hot Swap Controller,7V ~ 15V
UCC2917D,Texas Instruments,IC HOT SWAP CTRLR GP 16SOIC,linear-audio-amplifiers,0,4.29,"16-SOIC (0.154"", 3.90mm Width)",Surface Mount,Obsolete,https://www.ti.com/lit/ds/slus203d/slus203d.pdf,https://www.digikey.com/en/products/detail/texas-instruments/UCC2917D/306203,General Purpose,,5 mA,UVLO,,No,1,-40°C ~ 85°C,"Auto Retry, Circuit Breaker, Current Limit, Fault Timeout, Latched Fault",,,Hot Swap Controller,15V ~ 1000V
UCC2917DTR,Texas Instruments,IC HOT SWAP CTRLR GP 16SOIC,linear-audio-amplifiers,0,3.7,"16-SOIC (0.154"", 3.90mm Width)",Surface Mount,Obsolete,https://www.ti.com/lit/ds/slus203d/slus203d.pdf,https://www.digikey.com/en/products/detail/texas-instruments/UCC2917DTR/1911893,General Purpose,,5 mA,UVLO,,No,1,-40°C ~ 85°C,"Auto Retry, Circuit Breaker, Current Limit, Fault Timeout, Latched Fault",,,Hot Swap Controller,15V ~ 1000V
UCC2917N,Texas Instruments,IC HOT SWAP CTRLR GP 16DIP,linear-audio-amplifiers,0,3.7,"16-DIP (0.300"", 7.62mm)",Through Hole,Obsolete,https://www.ti.com/lit/ds/slus203d/slus203d.pdf,https://www.digikey.com/en/products/detail/texas-instruments/UCC2917N/413539,General Purpose,,5 mA,UVLO,,No,1,-40°C ~ 85°C,"Auto Retry, Circuit Breaker, Current Limit, Fault Timeout, Latched Fault",,,Hot Swap Controller,15V ~ 1000V
UCC2918DP,Unitrode,"POWER SUPPLY SUPPORT CIRCUIT, FI",linear-audio-amplifiers,2094,3.18,"16-SOIC (0.154"", 3.90mm Width)",Surface Mount,Active,https://rocelec.widen.net/view/pdf/2l3sv9ei9a/UNITS00310-1.pdf?t.download=true&u=5oefqw,https://www.digikey.com/en/products/detail/rochester-electronics-llc/UCC2918DP/12597780,General Purpose,4A,1 mA,Thermal Limit,,Yes,1,-40°C ~ 85°C,"Circuit Breaker, Current Limit, Fault Timeout",,,Hot Swap Controller,3V ~ 6V
UCC2918DP/81510,Texas Instruments,IC HOT SWAP CTRLR GP 16SOIC,linear-audio-amplifiers,0,5.29233,"16-SOIC (0.154"", 3.90mm Width)",Surface Mount,Obsolete,,https://www.digikey.com/en/products/detail/texas-instruments/UCC2918DP-81510/381579,General Purpose,4A,1 mA,Thermal Limit,,Yes,1,-40°C ~ 85°C,"Circuit Breaker, Current Limit, Fault Timeout",,,Hot Swap Controller,3V ~ 6V
UCC2919D,Texas Instruments,IC HOT SWAP CTRLR GP 16SOIC,linear-audio-amplifiers,0,5.35,"16-SOIC (0.154"", 3.90mm Width)",Surface Mount,Obsolete,https://www.digikey.com//mm.digikey.com/Volume0/opasdata/d220001/medias/docus/1/UCC2919_3919_Rev_Oct_2014.pdf,https://www.digikey.com/en/products/detail/texas-instruments/UCC2919D/306204,General Purpose,,1 mA,UVLO,,No,1,-40°C ~ 85°C,"Auto Retry, Circuit Breaker, Current Limit, Fault Timeout, Latched Fault",,,Hot Swap Controller,3V ~ 8V
UCC2919DG4,Texas Instruments,IC HOT SWAP CTRLR GP 16SOIC,linear-audio-amplifiers,0,0.0,"16-SOIC (0.154"", 3.90mm Width)",Surface Mount,Obsolete,https://www.digikey.com//mm.digikey.com/Volume0/opasdata/d220001/medias/docus/1/UCC2919_3919_Rev_Oct_2014.pdf,https://www.digikey.com/en/products/detail/texas-instruments/UCC2919DG4/1911896,General Purpose,,1 mA,UVLO,,No,1,-40°C ~ 85°C,"Auto Retry, Circuit Breaker, Current Limit, Fault Timeout, Latched Fault",,,Hot Swap Controller,3V ~ 8V
UCC2919DTR,Texas Instruments,IC HOT SWAP CTRLR GP 16SOIC,linear-audio-amplifiers,0,4.6,"16-SOIC (0.154"", 3.90mm Width)",Surface Mount,Obsolete,https://www.digikey.com//mm.digikey.com/Volume0/opasdata/d220001/medias/docus/1/UCC2919_3919_Rev_Oct_2014.pdf,https://www.digikey.com/en/products/detail/texas-instruments/UCC2919DTR/1911897,General Purpose,,1 mA,UVLO,,No,1,-40°C ~ 85°C,"Auto Retry, Circuit Breaker, Current Limit, Fault Timeout, Latched Fault",,,Hot Swap Controller,3V ~ 8V
UCC2919DTRG4,Texas Instruments,IC HOT SWAP CTRLR GP 16SOIC,linear-audio-amplifiers,0,0.0,"16-SOIC (0.154"", 3.90mm Width)",Surface Mount,Obsolete,https://www.digikey.com//mm.digikey.com/Volume0/opasdata/d220001/medias/docus/1/UCC2919_3919_Rev_Oct_2014.pdf,https://www.digikey.com/en/products/detail/texas-instruments/UCC2919DTRG4/1911898,General Purpose,,1 mA,UVLO,,No,1,-40°C ~ 85°C,"Auto Retry, Circuit Breaker, Current Limit, Fault Timeout, Latched Fault",,,Hot Swap Controller,3V ~ 8V
UCC2919PW,Texas Instruments,IC HOT SWAP CTRLR GP 16TSSOP,linear-audio-amplifiers,0,5.35,"16-TSSOP (0.173"", 4.40mm Width)",Surface Mount,Obsolete,https://www.digikey.com//mm.digikey.com/Volume0/opasdata/d220001/medias/docus/1/UCC2919_3919_Rev_Oct_2014.pdf,https://www.digikey.com/en/products/detail/texas-instruments/UCC2919PW/413540,General Purpose,,1 mA,UVLO,,No,1,-40°C ~ 85°C,"Auto Retry, Circuit Breaker, Current Limit, Fault Timeout, Latched Fault",,,Hot Swap Controller,3V ~ 8V
UCC2919PWG4,Texas Instruments,IC HOT SWAP CTRLR GP 16TSSOP,linear-audio-amplifiers,0,0.0,"16-TSSOP (0.173"", 4.40mm Width)",Surface Mount,Obsolete,https://www.digikey.com//mm.digikey.com/Volume0/opasdata/d220001/medias/docus/1/UCC2919_3919_Rev_Oct_2014.pdf,https://www.digikey.com/en/products/detail/texas-instruments/UCC2919PWG4/1911899,General Purpose,,1 mA,UVLO,,No,1,-40°C ~ 85°C,"Auto Retry, Circuit Breaker, Current Limit, Fault Timeout, Latched Fault",,,Hot Swap Controller,3V ~ 8V
UCC2921D,Texas Instruments,IC HOT SWAP CTRLR GP 8SOIC,linear-audio-amplifiers,0,4.8048,"8-SOIC (0.154"", 3.90mm Width)",Surface Mount,Active,https://www.ti.com/lit/ds/slus207/slus207.pdf,https://www.digikey.com/en/products/detail/texas-instruments/UCC2921D/306205,General Purpose,,1 mA,UVLO,,No,1,-40°C ~ 85°C,"Auto Retry, Circuit Breaker, Current Limit, Fault Timeout, Latched Fault",,,Hot Swap Controller,-48V
UCC2921DG4,Texas Instruments,IC HOT SWAP CTRLR GP 8SOIC,linear-audio-amplifiers,0,3.40607,"8-SOIC (0.154"", 3.90mm Width)",Surface Mount,Discontinued at DigiKey,https://www.ti.com/lit/ds/slus207/slus207.pdf,https://www.digikey.com/en/products/detail/texas-instruments/UCC2921DG4/1911900,General Purpose,,1 mA,UVLO,,No,1,-40°C ~ 85°C,"Auto Retry, Circuit Breaker, Current Limit, Fault Timeout, Latched Fault",,,Hot Swap Controller,-48V
UCC2921DTR,Texas Instruments,IC HOT SWAP CTRLR GP 8SOIC,linear-audio-amplifiers,0,4.08716,"8-SOIC (0.154"", 3.90mm Width)",Surface Mount,Active,https://www.ti.com/lit/ds/slus207/slus207.pdf,https://www.digikey.com/en/products/detail/texas-instruments/UCC2921DTR/1911901,General Purpose,,1 mA,UVLO,,No,1,-40°C ~ 85°C,"Auto Retry, Circuit Breaker, Current Limit, Fault Timeout, Latched Fault",,,Hot Swap Controller,-48V
UCC2921N,Unitrode,"POWER SUPPLY SUPPORT CIRCUIT, FI",linear-audio-amplifiers,3250,1.98,"8-DIP (0.300"", 7.62mm)",Through Hole,Active,https://rocelec.widen.net/view/pdf/lsg61lnj7q/TXIIS05667-1.pdf?t.download=true&u=5oefqw,https://www.digikey.com/en/products/detail/rochester-electronics-llc/UCC2921N/12616109,General Purpose,,1 mA,UVLO,,No,1,-40°C ~ 85°C,"Auto Retry, Circuit Breaker, Current Limit, Fault Timeout, Latched Fault",,,Hot Swap Controller,-48V
UCC3912DP,Unitrode,"UCC3912 0-3A, 3-8V SINGLE HOT-SW",linear-audio-amplifiers,75,5.81,-,-,Active,,https://www.digikey.com/en/products/detail/rochester-electronics-llc/UCC3912DP/13442749,,,,,,,,,,,*,,
UCC3912DP/81218,Texas Instruments,ANALG VOLT REF & OTHER,linear-audio-amplifiers,250,3.01,-,-,Active,,https://www.digikey.com/en/products/detail/rochester-electronics-llc/UCC3912DP-81218/12132290,,,,,,,,,,,*,,
UCC3912DPG4,Texas Instruments,IC HOT SWAP CTRLR GP 16SOIC,linear-audio-amplifiers,0,4.238,"16-SOIC (0.154"", 3.90mm Width)",Surface Mount,Discontinued at DigiKey,,https://www.digikey.com/en/products/detail/texas-instruments/UCC3912DPG4/1912393,General Purpose,4A,1 mA,"Latched Fault, Thermal Limit",,Yes,1,0°C ~ 70°C,"Current Limit, Fault Timeout",,,Hot Swap Controller,3V ~ 8V
UCC3912DPTR,Texas Instruments,IC HOT SWAP CTRLR GP 16SOIC,linear-audio-amplifiers,0,3.16799,"16-SOIC (0.154"", 3.90mm Width)",Surface Mount,Obsolete,,https://www.digikey.com/en/products/detail/texas-instruments/UCC3912DPTR/1912394,General Purpose,4A,1 mA,"Latched Fault, Thermal Limit",,Yes,1,0°C ~ 70°C,"Current Limit, Fault Timeout",,,Hot Swap Controller,3V ~ 8V
UCC3912PWP,Texas Instruments,IC HOT SWAP CTRLR GP 24HTSSOP,linear-audio-amplifiers,0,6.5265,"24-PowerTSSOP (0.173"", 4.40mm Width)",Surface Mount,Active,,https://www.digikey.com/en/products/detail/texas-instruments/UCC3912PWP/404269,General Purpose,4A,1 mA,"Latched Fault, Thermal Limit",,Yes,1,0°C ~ 70°C,"Current Limit, Fault Timeout",,,Hot Swap Controller,3V ~ 8V
UCC3912PWPG4,Texas Instruments,IC HOT SWAP CTRLR GP 24HTSSOP,linear-audio-amplifiers,0,4.238,"24-PowerTSSOP (0.173"", 4.40mm Width)",Surface Mount,Discontinued at DigiKey,,https://www.digikey.com/en/products/detail/texas-instruments/UCC3912PWPG4/1912396,General Purpose,4A,1 mA,"Latched Fault, Thermal Limit",,Yes,1,0°C ~ 70°C,"Current Limit, Fault Timeout",,,Hot Swap Controller,3V ~ 8V
UCC3912PWPTR,Texas Instruments,IC HOT SWAP CTRLR GP 24HTSSOP,linear-audio-amplifiers,0,5.43928,"24-PowerTSSOP (0.173"", 4.40mm Width)",Surface Mount,Active,,https://www.digikey.com/en/products/detail/texas-instruments/UCC3912PWPTR/1912397,General Purpose,4A,1 mA,"Latched Fault, Thermal Limit",,Yes,1,0°C ~ 70°C,"Current Limit, Fault Timeout",,,Hot Swap Controller,3V ~ 8V
UCC3913D,Texas Instruments,IC HOT SWAP CTRLR -48V 8SOIC,linear-audio-amplifiers,0,4.05328,"8-SOIC (0.154"", 3.90mm Width)",Surface Mount,Active,https://www.ti.com/lit/ds/slus274a/slus274a.pdf,https://www.digikey.com/en/products/detail/texas-instruments/UCC3913D/306208,-48V,,1 mA,"Auto Retry, UVLO",,No,1,0°C ~ 70°C,"Circuit Breaker, Current Limit, Fault Timeout",,,Hot Swap Controller,
UCC3913DTR,Texas Instruments,IC HOT SWAP CTRLR -48V 8SOIC,linear-audio-amplifiers,0,1.94264,"8-SOIC (0.154"", 3.90mm Width)",Surface Mount,Obsolete,https://www.ti.com/lit/ds/slus274a/slus274a.pdf,https://www.digikey.com/en/products/detail/texas-instruments/UCC3913DTR/1912400,-48V,,1 mA,"Auto Retry, UVLO",,No,1,0°C ~ 70°C,"Circuit Breaker, Current Limit, Fault Timeout",,,Hot Swap Controller,
UCC3913N,Texas Instruments,IC HOT SWAP CTRLR -48V 8DIP,linear-audio-amplifiers,0,2.49,"8-DIP (0.300"", 7.62mm)",Through Hole,Obsolete,https://www.ti.com/lit/ds/slus274a/slus274a.pdf,https://www.digikey.com/en/products/detail/texas-instruments/UCC3913N/373019,-48V,,1 mA,"Auto Retry, UVLO",,No,1,0°C ~ 70°C,"Circuit Breaker, Current Limit, Fault Timeout",,,Hot Swap Controller,
UCC39151DPTR,Texas Instruments,IC HOT SWAP CTRLR GP 16SOIC,linear-audio-amplifiers,0,7.3216,"16-SOIC (0.154"", 3.90mm Width)",Surface Mount,Obsolete,,https://www.digikey.com/en/products/detail/texas-instruments/UCC39151DPTR/390523,General Purpose,3A,1 mA,Thermal Limit,,Yes,1,0°C ~ 70°C,"Current Limit, Fault Timeout",,,Hot Swap Controller,7V ~ 15V
UCC39151PWP,Texas Instruments,IC SUPERVISOR PWR SUP SUPPORT,linear-audio-amplifiers,2640,5.18,-,-,Active,https://rocelec.widen.net/view/pdf/bpsk5hbqqa/TXIIS115401-1.pdf?t.download=true&u=5oefqw,https://www.digikey.com/en/products/detail/rochester-electronics-llc/UCC39151PWP/12130910,,,,,,,,,,,*,,
UCC3915DP,Unitrode,"UCC3915 0-3A, 7-15V SINGLE HOT-S",linear-audio-amplifiers,910,6.44,"16-SOIC (0.154"", 3.90mm Width)",Surface Mount,Active,,https://www.digikey.com/en/products/detail/rochester-electronics-llc/UCC3915DP/13499430,General Purpose,4A,1 mA,Thermal Limit,,Yes,1,0°C ~ 70°C,"Circuit Breaker, Current Limit, Fault Timeout",,,Hot Swap Controller,7V ~ 15V
UCC3915DPG4,Texas Instruments,IC HOT SWAP CTRLR GP 16SOIC,linear-audio-amplifiers,0,4.675,"16-SOIC (0.154"", 3.90mm Width)",Surface Mount,Discontinued at DigiKey,https://www.ti.com/lit/ds/slus198c/slus198c.pdf,https://www.digikey.com/en/products/detail/texas-instruments/UCC3915DPG4/1912403,General Purpose,4A,1 mA,Thermal Limit,,Yes,1,0°C ~ 70°C,"Circuit Breaker, Current Limit, Fault Timeout",,,Hot Swap Controller,7V ~ 15V
UCC3915DPTR,Texas Instruments,IC HOT SWAP CTRLR GP 16SOIC,linear-audio-amplifiers,0,5.5209,"16-SOIC (0.154"", 3.90mm Width)",Surface Mount,Active,https://www.ti.com/lit/ds/slus198c/slus198c.pdf,https://www.digikey.com/en/products/detail/texas-instruments/UCC3915DPTR/1912404,General Purpose,4A,1 mA,Thermal Limit,,Yes,1,0°C ~ 70°C,"Circuit Breaker, Current Limit, Fault Timeout",,,Hot Swap Controller,7V ~ 15V
UCC3915N,Texas Instruments,IC HOT SWAP CTRLR GP 16DIP,linear-audio-amplifiers,0,3.9297,"16-DIP (0.300"", 7.62mm)",Through Hole,Obsolete,https://www.ti.com/lit/ds/slus198c/slus198c.pdf,https://www.digikey.com/en/products/detail/texas-instruments/UCC3915N/373020,General Purpose,4A,1 mA,Thermal Limit,,Yes,1,0°C ~ 70°C,"Circuit Breaker, Current Limit, Fault Timeout",,,Hot Swap Controller,7V ~ 15V
UCC3915PWP,Texas Instruments,IC HOT SWAP CTRLR GP 24HTSSOP,linear-audio-amplifiers,0,4.26425,"24-PowerTSSOP (0.173"", 4.40mm Width)",Surface Mount,Obsolete,https://www.ti.com/lit/ds/slus198c/slus198c.pdf,https://www.digikey.com/en/products/detail/texas-instruments/UCC3915PWP/373021,General Purpose,4A,1 mA,Thermal Limit,,Yes,1,0°C ~ 70°C,"Circuit Breaker, Current Limit, Fault Timeout",,,Hot Swap Controller,7V ~ 15V
UCC3915PWPTR,Texas Instruments,IC HOT SWAP CTRLR GP 24HTSSOP,linear-audio-amplifiers,0,3.20804,"24-PowerTSSOP (0.173"", 4.40mm Width)",Surface Mount,Obsolete,https://www.ti.com/lit/ds/slus198c/slus198c.pdf,https://www.digikey.com/en/products/detail/texas-instruments/UCC3915PWPTR/1912408,General Purpose,4A,1 mA,Thermal Limit,,Yes,1,0°C ~ 70°C,"Circuit Breaker, Current Limit, Fault Timeout",,,Hot Swap Controller,7V ~ 15V
UCC3915PWPTRG4,Texas Instruments,IC HOT SWAP CTRLR GP 24HTSSOP,linear-audio-amplifiers,0,3.20804,"24-PowerTSSOP (0.173"", 4.40mm Width)",Surface Mount,Obsolete,https://www.ti.com/lit/ds/slus198c/slus198c.pdf,https://www.digikey.com/en/products/detail/texas-instruments/UCC3915PWPTRG4/1912409,General Purpose,4A,1 mA,Thermal Limit,,Yes,1,0°C ~ 70°C,"Circuit Breaker, Current Limit, Fault Timeout",,,Hot Swap Controller,7V ~ 15V
UCC39161DP,Texas Instruments,IC HOT SWAP CTRLR GP 8SOIC,linear-audio-amplifiers,0,4.56373,"8-SOIC (0.154"", 3.90mm Width)",Surface Mount,Obsolete,,https://www.digikey.com/en/products/detail/texas-instruments/UCC39161DP/373022,General Purpose,800mA,1 mA,Thermal Limit,,Yes,1,0°C ~ 70°C,Fault Timeout,,,Hot Swap Controller,4V ~ 6V
UCC3916DP,Texas Instruments,IC HOT SWAP CTRLR SCSI 8SOIC,linear-audio-amplifiers,0,4.82637,"8-SOIC (0.154"", 3.90mm Width)",Surface Mount,Active,https://www.ti.com/lit/ds/slus206a/slus206a.pdf,https://www.digikey.com/en/products/detail/texas-instruments/UCC3916DP/306128,SCSI,1.65A,1 mA,Thermal Limit,,Yes,1,0°C ~ 70°C,Fault Timeout,,,Hot Swap Controller,4V ~ 6V
UCC3916DPTR,Texas Instruments,IC HOT SWAP CTRLR SCSI 8SOIC,linear-audio-amplifiers,0,4.02248,"8-SOIC (0.154"", 3.90mm Width)",Surface Mount,Active,https://www.ti.com/lit/ds/slus206a/slus206a.pdf,https://www.digikey.com/en/products/detail/texas-instruments/UCC3916DPTR/1912411,SCSI,1.65A,1 mA,Thermal Limit,,Yes,1,0°C ~ 70°C,Fault Timeout,,,Hot Swap Controller,4V ~ 6V
UCC3916DPTRG4,Texas Instruments,IC HOT SWAP CTRLR SCSI 8SOIC,linear-audio-amplifiers,0,2.35759,"8-SOIC (0.154"", 3.90mm Width)",Surface Mount,Discontinued at DigiKey,https://www.ti.com/lit/ds/slus206a/slus206a.pdf,https://www.digikey.com/en/products/detail/texas-instruments/UCC3916DPTRG4/1912412,SCSI,1.65A,1 mA,Thermal Limit,,Yes,1,0°C ~ 70°C,Fault Timeout,,,Hot Swap Controller,4V ~ 6V
UCC3917D,Texas Instruments,IC HOT SWAP CTRLR GP 16SOIC,linear-audio-amplifiers,0,0.0,"16-SOIC (0.154"", 3.90mm Width)",Surface Mount,Obsolete,https://www.ti.com/lit/ds/slus203d/slus203d.pdf,https://www.digikey.com/en/products/detail/texas-instruments/UCC3917D/306210,General Purpose,,5 mA,UVLO,,No,1,0°C ~ 70°C,"Auto Retry, Circuit Breaker, Current Limit, Fault Timeout, Latched Fault",,,Hot Swap Controller,15V ~ 1000V
UCC3917DG4,Texas Instruments,IC HOT SWAP CTRLR GP 16SOIC,linear-audio-amplifiers,0,0.0,"16-SOIC (0.154"", 3.90mm Width)",Surface Mount,Obsolete,https://www.ti.com/lit/ds/slus203d/slus203d.pdf,https://www.digikey.com/en/products/detail/texas-instruments/UCC3917DG4/1912413,General Purpose,,5 mA,UVLO,,No,1,0°C ~ 70°C,"Auto Retry, Circuit Breaker, Current Limit, Fault Timeout, Latched Fault",,,Hot Swap Controller,15V ~ 1000V
UCC3917DTR,Texas Instruments,IC HOT SWAP CTRLR GP 16SOIC,linear-audio-amplifiers,0,0.0,"16-SOIC (0.154"", 3.90mm Width)",Surface Mount,Obsolete,https://www.ti.com/lit/ds/slus203d/slus203d.pdf,https://www.digikey.com/en/products/detail/texas-instruments/UCC3917DTR/1912414,General Purpose,,5 mA,UVLO,,No,1,0°C ~ 70°C,"Auto Retry, Circuit Breaker, Current Limit, Fault Timeout, Latched Fault",,,Hot Swap Controller,15V ~ 1000V
UCC3917DTRG4,Texas Instruments,IC HOT SWAP CTRLR GP 16SOIC,linear-audio-amplifiers,0,0.0,"16-SOIC (0.154"", 3.90mm Width)",Surface Mount,Obsolete,https://www.ti.com/lit/ds/slus203d/slus203d.pdf,https://www.digikey.com/en/products/detail/texas-instruments/UCC3917DTRG4/1912415,General Purpose,,5 mA,UVLO,,No,1,0°C ~ 70°C,"Auto Retry, Circuit Breaker, Current Limit, Fault Timeout, Latched Fault",,,Hot Swap Controller,15V ~ 1000V
UCC3917N,Texas Instruments,IC HOT SWAP CTRLR GP 16DIP,linear-audio-amplifiers,0,3.06,"16-DIP (0.300"", 7.62mm)",Through Hole,Obsolete,https://www.ti.com/lit/ds/slus203d/slus203d.pdf,https://www.digikey.com/en/products/detail/texas-instruments/UCC3917N/373023,General Purpose,,5 mA,UVLO,,No,1,0°C ~ 70°C,"Auto Retry, Circuit Breaker, Current Limit, Fault Timeout, Latched Fault",,,Hot Swap Controller,15V ~ 1000V
UCC3918DP,Unitrode,"UCC3918 0-4A, 3-6V LOW RDSON SIN",linear-audio-amplifiers,4738,5.39,-,-,Active,,https://www.digikey.com/en/products/detail/rochester-electronics-llc/UCC3918DP/13479996,,,,,,,,,,,*,,
UCC3918DPG4,Texas Instruments,IC HOT SWAP CTRLR GP 16SOIC,linear-audio-amplifiers,0,3.94433,"16-SOIC (0.154"", 3.90mm Width)",Surface Mount,Discontinued at DigiKey,,https://www.digikey.com/en/products/detail/texas-instruments/UCC3918DPG4/1912417,General Purpose,4.6A,1 mA,"Thermal Limit, UVLO",,Yes,1,0°C ~ 70°C,"Circuit Breaker, Current Limit, Fault Timeout",,,Hot Swap Controller,3V ~ 6V
UCC3918DPTR,Texas Instruments,IC HOT SWAP CTRLR GP 16SOIC,linear-audio-amplifiers,0,4.62462,"16-SOIC (0.154"", 3.90mm Width)",Surface Mount,Active,https://www.ti.com/lit/ds/slus384b/slus384b.pdf,https://www.digikey.com/en/products/detail/texas-instruments/UCC3918DPTR/1912418,General Purpose,4.6A,1 mA,"Thermal Limit, UVLO",,Yes,1,0°C ~ 70°C,"Circuit Breaker, Current Limit, Fault Timeout",,,Hot Swap Controller,3V ~ 6V
UCC3919D,Texas Instruments,IC HOT SWAP CTRLR GP 16SOIC,linear-audio-amplifiers,0,4.6,"16-SOIC (0.154"", 3.90mm Width)",Surface Mount,Obsolete,https://www.digikey.com//mm.digikey.com/Volume0/opasdata/d220001/medias/docus/1/UCC2919_3919_Rev_Oct_2014.pdf,https://www.digikey.com/en/products/detail/texas-instruments/UCC3919D/306212,General Purpose,,1 mA,UVLO,,No,1,0°C ~ 70°C,"Auto Retry, Circuit Breaker, Current Limit, Fault Timeout, Latched Fault",,,Hot Swap Controller,3V ~ 8V
UCC3919DG4,Texas Instruments,IC HOT SWAP CTRLR GP 16SOIC,linear-audio-amplifiers,0,0.0,"16-SOIC (0.154"", 3.90mm Width)",Surface Mount,Obsolete,https://www.digikey.com//mm.digikey.com/Volume0/opasdata/d220001/medias/docus/2174/UCC2919_3919_Rev_May_2014.pdf,https://www.digikey.com/en/products/detail/texas-instruments/UCC3919DG4/1912420,General Purpose,,1 mA,UVLO,,No,1,0°C ~ 70°C,"Auto Retry, Circuit Breaker, Current Limit, Fault Timeout, Latched Fault",,,Hot Swap Controller,3V ~ 8V
UCC3919DTR,Texas Instruments,IC HOT SWAP CTRLR GP 16SOIC,linear-audio-amplifiers,0,3.86,"16-SOIC (0.154"", 3.90mm Width)",Surface Mount,Obsolete,https://www.digikey.com//mm.digikey.com/Volume0/opasdata/d220001/medias/docus/1/UCC2919_3919_Rev_Oct_2014.pdf,https://www.digikey.com/en/products/detail/texas-instruments/UCC3919DTR/1912421,General Purpose,,1 mA,UVLO,,No,1,0°C ~ 70°C,"Auto Retry, Circuit Breaker, Current Limit, Fault Timeout, Latched Fault",,,Hot Swap Controller,3V ~ 8V
UCC3919DTRG4,Texas Instruments,IC HOT SWAP CTRLR GP 16SOIC,linear-audio-amplifiers,0,0.0,"16-SOIC (0.154"", 3.90mm Width)",Surface Mount,Obsolete,https://www.digikey.com//mm.digikey.com/Volume0/opasdata/d220001/medias/docus/2174/UCC2919_3919_Rev_May_2014.pdf,https://www.digikey.com/en/products/detail/texas-instruments/UCC3919DTRG4/1912422,General Purpose,,1 mA,UVLO,,No,1,0°C ~ 70°C,"Auto Retry, Circuit Breaker, Current Limit, Fault Timeout, Latched Fault",,,Hot Swap Controller,3V ~ 8V
UCC3919PW,Texas Instruments,IC HOT SWAP CTRLR GP 16TSSOP,linear-audio-amplifiers,0,4.6,"16-TSSOP (0.173"", 4.40mm Width)",Surface Mount,Obsolete,https://www.digikey.com//mm.digikey.com/Volume0/opasdata/d220001/medias/docus/1/UCC2919_3919_Rev_Oct_2014.pdf,https://www.digikey.com/en/products/detail/texas-instruments/UCC3919PW/373026,General Purpose,,1 mA,UVLO,,No,1,0°C ~ 70°C,"Auto Retry, Circuit Breaker, Current Limit, Fault Timeout, Latched Fault",,,Hot Swap Controller,3V ~ 8V
UCC3919PWG4,Texas Instruments,IC HOT SWAP CTRLR GP 16TSSOP,linear-audio-amplifiers,0,0.0,"16-TSSOP (0.173"", 4.40mm Width)",Surface Mount,Obsolete,https://www.digikey.com//mm.digikey.com/Volume0/opasdata/d220001/medias/docus/2174/UCC2919_3919_Rev_May_2014.pdf,https://www.digikey.com/en/products/detail/texas-instruments/UCC3919PWG4/1912423,General Purpose,,1 mA,UVLO,,No,1,0°C ~ 70°C,"Auto Retry, Circuit Breaker, Current Limit, Fault Timeout, Latched Fault",,,Hot Swap Controller,3V ~ 8V
UCC3921D,Unitrode,UCC3921 LATCHABLE NEGATIVE FLOAT,linear-audio-amplifiers,720,4.18,-,-,Active,,https://www.digikey.com/en/products/detail/rochester-electronics-llc/UCC3921D/13458393,,,,,,,,,,,*,,
UCC3921D/81143,Texas Instruments,IC HOT SWAP CTRLR GP 8SOIC,linear-audio-amplifiers,0,2.6832,"8-SOIC (0.154"", 3.90mm Width)",Surface Mount,Obsolete,https://www.ti.com/lit/ds/slus207/slus207.pdf,https://www.digikey.com/en/products/detail/texas-instruments/UCC3921D-81143/1912426,General Purpose,,1 mA,UVLO,,No,1,0°C ~ 70°C,"Auto Retry, Circuit Breaker, Current Limit, Fault Timeout, Latched Fault",,,Hot Swap Controller,-48V
UCC3921DTR,Texas Instruments,IC HOT SWAP CTRLR GP 8SOIC,linear-audio-amplifiers,0,3.58512,"8-SOIC (0.154"", 3.90mm Width)",Surface Mount,Active,https://www.ti.com/lit/ds/slus207/slus207.pdf,https://www.digikey.com/en/products/detail/texas-instruments/UCC3921DTR/1912429,General Purpose,,1 mA,UVLO,,No,1,0°C ~ 70°C,"Auto Retry, Circuit Breaker, Current Limit, Fault Timeout, Latched Fault",,,Hot Swap Controller,-48V
UCC3921DTR/81143,Texas Instruments,IC HOT SWAP CTRLR GP 8SOIC,linear-audio-amplifiers,0,3.58512,"8-SOIC (0.154"", 3.90mm Width)",Surface Mount,Active,https://www.ti.com/lit/ds/slus207/slus207.pdf,https://www.digikey.com/en/products/detail/texas-instruments/UCC3921DTR-81143/1912430,General Purpose,,1 mA,UVLO,,No,1,0°C ~ 70°C,"Auto Retry, Circuit Breaker, Current Limit, Fault Timeout, Latched Fault",,,Hot Swap Controller,-48V
UCC3921N,Unitrode,"POWER SUPPLY SUPPORT CIRCUIT, AD",linear-audio-amplifiers,3700,2.64,"8-DIP (0.300"", 7.62mm)",Through Hole,Active,https://rocelec.widen.net/view/pdf/waca1ylid2/UNITS00584-1.pdf?t.download=true&u=5oefqw,https://www.digikey.com/en/products/detail/rochester-electronics-llc/UCC3921N/12619614,General Purpose,,1 mA,UVLO,,No,1,0°C ~ 70°C,"Auto Retry, Circuit Breaker, Current Limit, Fault Timeout, Latched Fault",,,Hot Swap Controller,-48V
XDP700002XUMA1,Infineon Technologies,CONTROLLER,linear-audio-amplifiers,0,7.06,29-VFQFN Exposed Pad,Surface Mount,Active,https://www.infineon.com/dgdl/Infineon-XDP700-002-DataSheet-v01_00-EN.pdf?fileId=8ac78c8c8d2fe47b018dc1866abc54f6,https://www.digikey.com/en/products/detail/infineon-technologies/XDP700002XUMA1/22157770,General Purpose,1.5A,7 mA,"Fault Timeout, Latched Fault, OVP, PMBus, UVLO",,Yes,1,-40°C ~ 125°C (TJ),"Current Limit, Fault Timeout, OVP, UVLO",,,Hot Swap Controller,5.5V ~ 80V
XDP710001XUMA1,Infineon Technologies,CONTROLLER,linear-audio-amplifiers,5603,5.17,29-VFQFN Exposed Pad,Surface Mount,Not For New Designs,https://www.infineon.com/dgdl/Infineon-XDP710-001-DataSheet-v01_00-EN.pdf?fileId=8ac78c8c8412f8d301848a5316290b97,https://www.digikey.com/en/products/detail/infineon-technologies/XDP710001XUMA1/17399534,Networking,,7 mA,"Latched Fault, OVP, PMBus, Thermal Limit, UVLO",,Yes,1,-40°C ~ 125°C (TJ),"Current Limit, Fault Timeout, OVP, Slew Rate, UVLO",,,Hot Swap Controller,5.5V ~ 80V
XDP710002XUMA1,Infineon Technologies,CONTROLLER,linear-audio-amplifiers,3339,7.06,29-VFQFN Exposed Pad,Surface Mount,Active,https://www.infineon.com/dgdl/Infineon-XDP710-002-DataSheet-v01_00-EN.pdf?fileId=8ac78c8c8d2fe47b018dc186655e54f3,https://www.digikey.com/en/products/detail/infineon-technologies/XDP710002XUMA1/22157624,General Purpose,1.5A,7 mA,"Fault Timeout, Latched Fault, OVP, PMBus, UVLO",,Yes,1,-40°C ~ 125°C (TJ),"Current Limit, Fault Timeout, OVP, UVLO",,,Hot Swap Controller,5.5V ~ 80V
XDP711001XUMA1,Infineon Technologies,XDP711001XUMA1,linear-audio-amplifiers,0,5.16686,29-VFQFN Exposed Pad,Surface Mount,Active,https://www.infineon.com/assets/row/public/documents/24/49/infineon-xdp711-001-datasheet-en.pdf,https://www.digikey.com/en/products/detail/infineon-technologies/XDP711001XUMA1/29514928,Networking,4A,7 mA,"Fault Timeout, Latched Fault, OVP, PMBus, Thermal Limit, UVLO",,Both,1,-40°C ~ 125°C,"Current Limit, Fault Timeout, OVP, Slew Rate, Thermal Limit, UVLO",,OptiMOS™,Hot Swap Controller,7V ~ 80V
XDP712001XUMA1,Infineon Technologies,PROTECTION IC,linear-audio-amplifiers,0,5.16685,-,-,Active,,https://www.digikey.com/en/products/detail/infineon-technologies/XDP712001XUMA1/29734321,,,,,,,,,,,*,,
XDP720001AUMA1,Infineon Technologies,PROTECTION IC,linear-audio-amplifiers,0,7.62947,-,-,Active,,https://www.digikey.com/en/products/detail/infineon-technologies/XDP720001AUMA1/29734153,,,,,,,,,,,*,,
XDP721001AUMA1,Infineon Technologies,PROTECTION IC,linear-audio-amplifiers,0,7.24801,-,-,Active,,https://www.digikey.com/en/products/detail/infineon-technologies/XDP721001AUMA1/29734381,,,,,,,,,,,*,,
XDP722001AUMA1,Infineon Technologies,PROTECTION IC,linear-audio-amplifiers,0,7.24801,-,-,Active,,https://www.digikey.com/en/products/detail/infineon-technologies/XDP722001AUMA1/29734189,,,,,,,,,,,*,,
