MPN,Manufacturer,Description,Subcategory,Stock,Unit Price,Package,Mounting Type,Status,Datasheet URL,Product URL,Access Time,Clock Frequency,DigiKey Programmable,Grade,Memory Format,Memory Interface,Memory Organization,Memory Size,Memory Type,Operating Temperature,Qualification,Series,Technology,Voltage - Supply,"Write Cycle Time - Word, Page"
11AA010T-I/TT,Microchip Technology,IC EEPROM 1KBIT SGL WIRE SOT23-3,memory,2269,0.28,"TO-236-3, SC-59, SOT-23-3",Surface Mount,Active,https://ww1.microchip.com/downloads/en/DeviceDoc/22067J.pdf,https://www.digikey.com/en/products/detail/microchip-technology/11AA010T-I-TT/2059589,,100 kHz,Not Verified,,EEPROM,Single Wire,128 x 8,1Kbit,Non-Volatile,-40°C ~ 85°C (TA),,,EEPROM,1.8V ~ 5.5V,5ms
11AA02E48T-I/TT,Microchip Technology,IC EEPROM 2KBIT SGL WIRE SOT23-3,memory,10639,0.44,"TO-236-3, SC-59, SOT-23-3",Surface Mount,Active,https://ww1.microchip.com/downloads/en/DeviceDoc/11AA02E48-11AA02E64-2K-UNIO-Serial-EEPROMs-Data-Sheet-20002122E.pdf,https://www.digikey.com/en/products/detail/microchip-technology/11AA02E48T-I-TT/2059590,,100 kHz,Not Verified,,EEPROM,Single Wire,256 x 8,2Kbit,Non-Volatile,-40°C ~ 85°C (TA),,,EEPROM,1.8V ~ 5.5V,5ms
11AA160T-I/TT,Microchip Technology,IC EEPROM 16KBIT SGL WIRE SOT23,memory,7632,0.37,"TO-236-3, SC-59, SOT-23-3",Surface Mount,Active,https://ww1.microchip.com/downloads/en/DeviceDoc/22067J.pdf,https://www.digikey.com/en/products/detail/microchip-technology/11AA160T-I-TT/1851330,,100 kHz,Not Verified,,EEPROM,Single Wire,2K x 8,16Kbit,Non-Volatile,-40°C ~ 85°C (TA),,,EEPROM,1.8V ~ 5.5V,5ms
11LC010T-I/TT,Microchip Technology,IC EEPROM 1KBIT SGL WIRE SOT23-3,memory,4990,0.28,"TO-236-3, SC-59, SOT-23-3",Surface Mount,Active,https://ww1.microchip.com/downloads/en/DeviceDoc/22067J.pdf,https://www.digikey.com/en/products/detail/microchip-technology/11LC010T-I-TT/2059591,,100 kHz,Not Verified,,EEPROM,Single Wire,128 x 8,1Kbit,Non-Volatile,-40°C ~ 85°C (TA),,,EEPROM,2.5V ~ 5.5V,5ms
24AA01T-I/LT,Microchip Technology,IC EEPROM 1KBIT I2C SC70-5,memory,4731,0.32,"5-TSSOP, SC-70-5, SOT-353",Surface Mount,Active,https://ww1.microchip.com/downloads/en/DeviceDoc/24AA01-24LC01B-24FC01-1K-I2C-Serial-EEPROM-20001711M.pdf,https://www.digikey.com/en/products/detail/microchip-technology/24AA01T-I-LT/2059597,3500 ns,400 kHz,Not Verified,,EEPROM,I2C,128 x 8,1Kbit,Non-Volatile,-40°C ~ 85°C (TA),,,EEPROM,1.7V ~ 5.5V,5ms
24AA01T-I/OT,Microchip Technology,IC EEPROM 1KBIT I2C SOT23-5,memory,64264,0.28,"SC-74A, SOT-753",Surface Mount,Active,https://ww1.microchip.com/downloads/en/DeviceDoc/24AA01-24LC01B-24FC01-1K-I2C-Serial-EEPROM-20001711M.pdf,https://www.digikey.com/en/products/detail/microchip-technology/24AA01T-I-OT/468413,3500 ns,400 kHz,Verified,,EEPROM,I2C,128 x 8,1Kbit,Non-Volatile,-40°C ~ 85°C (TA),,,EEPROM,1.7V ~ 5.5V,5ms
24AA02-I/SN,Microchip Technology,IC EEPROM 2KBIT I2C 400KHZ 8SOIC,memory,1551,0.31,"8-SOIC (0.154"", 3.90mm Width)",Surface Mount,Active,https://ww1.microchip.com/downloads/en/DeviceDoc/24AA02-24LC02B-24FC02-2K-I2C-Serial-EEPROM-20001709N.pdf,https://www.digikey.com/en/products/detail/microchip-technology/24AA02-I-SN/318544,900 ns,400 kHz,Verified,,EEPROM,I2C,256 x 8,2Kbit,Non-Volatile,-40°C ~ 85°C (TA),,,EEPROM,1.7V ~ 5.5V,5ms
24AA024T-I/MNY,Microchip Technology,IC EEPROM 2KBIT I2C 400KHZ 8TDFN,memory,9006,0.41,8-WFDFN Exposed Pad,Surface Mount,Active,https://ww1.microchip.com/downloads/aemDocuments/documents/MPD/ProductDocuments/DataSheets/24AA024-24LC024-24AA025-24LC025-2-Kbit-I2C-Serial-EEPROM-DS20001210.pdf,https://www.digikey.com/en/products/detail/microchip-technology/24AA024T-I-MNY/2765512,900 ns,400 kHz,Not Verified,,EEPROM,I2C,256 x 8,2Kbit,Non-Volatile,-40°C ~ 85°C (TA),,,EEPROM,1.7V ~ 5.5V,5ms
24AA024T-I/MS,Microchip Technology,IC EEPROM 2KBIT I2C 400KHZ 8MSOP,memory,2450,0.41,"8-TSSOP, 8-MSOP (0.118"", 3.00mm Width)",Surface Mount,Active,https://ww1.microchip.com/downloads/aemDocuments/documents/MPD/ProductDocuments/DataSheets/24AA024-24LC024-24AA025-24LC025-2-Kbit-I2C-Serial-EEPROM-DS20001210.pdf,https://www.digikey.com/en/products/detail/microchip-technology/24AA024T-I-MS/572955,900 ns,400 kHz,Verified,,EEPROM,I2C,256 x 8,2Kbit,Non-Volatile,-40°C ~ 85°C (TA),,,EEPROM,1.7V ~ 5.5V,5ms
24AA024T-I/SN,Microchip Technology,IC EEPROM 2KBIT I2C 400KHZ 8SOIC,memory,4317,0.37,"8-SOIC (0.154"", 3.90mm Width)",Surface Mount,Active,https://ww1.microchip.com/downloads/aemDocuments/documents/MPD/ProductDocuments/DataSheets/24AA024-24LC024-24AA025-24LC025-2-Kbit-I2C-Serial-EEPROM-DS20001210.pdf,https://www.digikey.com/en/products/detail/microchip-technology/24AA024T-I-SN/458453,900 ns,400 kHz,Verified,,EEPROM,I2C,256 x 8,2Kbit,Non-Volatile,-40°C ~ 85°C (TA),,,EEPROM,1.7V ~ 5.5V,5ms
24AA025E48-I/SN,Microchip Technology,IC EEPROM 2KBIT I2C 400KHZ 8SOIC,memory,5104,0.37,"8-SOIC (0.154"", 3.90mm Width)",Surface Mount,Active,https://ww1.microchip.com/downloads/aemDocuments/documents/MPD/ProductDocuments/DataSheets/2-Kbit-I2C-Serial-EEPROMs-+EUI-48-or-EUI-64-Node-20002124.pdf,https://www.digikey.com/en/products/detail/microchip-technology/24AA025E48-I-SN/2351999,900 ns,400 kHz,Not Verified,,EEPROM,I2C,256 x 8,2Kbit,Non-Volatile,-40°C ~ 85°C (TA),,,EEPROM,1.7V ~ 5.5V,5ms
24AA025E48T-E/OT,Microchip Technology,IC EEPROM 2KBIT I2C SOT23-6,memory,2217,0.43,SOT-23-6,Surface Mount,Active,https://ww1.microchip.com/downloads/aemDocuments/documents/MPD/ProductDocuments/DataSheets/2-Kbit-I2C-Serial-EEPROMs-+EUI-48-or-EUI-64-Node-20002124.pdf,https://www.digikey.com/en/products/detail/microchip-technology/24AA025E48T-E-OT/5032401,900 ns,400 kHz,Not Verified,,EEPROM,I2C,256 x 8,2Kbit,Non-Volatile,-40°C ~ 125°C (TA),,,EEPROM,1.7V ~ 5.5V,5ms
24AA025E48T-E/SN,Microchip Technology,IC EEPROM 2KBIT I2C 400KHZ 8SOIC,memory,4083,0.46,"8-SOIC (0.154"", 3.90mm Width)",Surface Mount,Active,https://ww1.microchip.com/downloads/aemDocuments/documents/MPD/ProductDocuments/DataSheets/2-Kbit-I2C-Serial-EEPROMs-+EUI-48-or-EUI-64-Node-20002124.pdf,https://www.digikey.com/en/products/detail/microchip-technology/24AA025E48T-E-SN/5032402,900 ns,400 kHz,Not Verified,,EEPROM,I2C,256 x 8,2Kbit,Non-Volatile,-40°C ~ 125°C (TA),,,EEPROM,1.7V ~ 5.5V,5ms
24AA025E48T-I/OT,Microchip Technology,IC EEPROM 2KBIT I2C SOT23-6,memory,14010,0.37,SOT-23-6,Surface Mount,Active,https://ww1.microchip.com/downloads/aemDocuments/documents/MPD/ProductDocuments/DataSheets/2-Kbit-I2C-Serial-EEPROMs-+EUI-48-or-EUI-64-Node-20002124.pdf,https://www.digikey.com/en/products/detail/microchip-technology/24AA025E48T-I-OT/2352000,900 ns,400 kHz,Verified,,EEPROM,I2C,256 x 8,2Kbit,Non-Volatile,-40°C ~ 85°C (TA),,,EEPROM,1.7V ~ 5.5V,5ms
24AA025E48T-I/SN,Microchip Technology,IC EEPROM 2KBIT I2C 400KHZ 8SOIC,memory,13190,0.4,"8-SOIC (0.154"", 3.90mm Width)",Surface Mount,Active,https://ww1.microchip.com/downloads/aemDocuments/documents/MPD/ProductDocuments/DataSheets/2-Kbit-I2C-Serial-EEPROMs-+EUI-48-or-EUI-64-Node-20002124.pdf,https://www.digikey.com/en/products/detail/microchip-technology/24AA025E48T-I-SN/2355078,900 ns,400 kHz,Not Verified,,EEPROM,I2C,256 x 8,2Kbit,Non-Volatile,-40°C ~ 85°C (TA),,,EEPROM,1.7V ~ 5.5V,5ms
24AA025E64T-E/OT,Microchip Technology,IC EEPROM 2KBIT I2C SOT23-6,memory,1203,0.43,SOT-23-6,Surface Mount,Active,https://ww1.microchip.com/downloads/aemDocuments/documents/MPD/ProductDocuments/DataSheets/2-Kbit-I2C-Serial-EEPROMs-+EUI-48-or-EUI-64-Node-20002124.pdf,https://www.digikey.com/en/products/detail/microchip-technology/24AA025E64T-E-OT/5032403,900 ns,400 kHz,Not Verified,,EEPROM,I2C,256 x 8,2Kbit,Non-Volatile,-40°C ~ 125°C (TA),,,EEPROM,1.7V ~ 5.5V,5ms
24AA025E64T-I/OT,Microchip Technology,IC EEPROM 2KBIT I2C SOT23-6,memory,2903,0.37,SOT-23-6,Surface Mount,Active,https://ww1.microchip.com/downloads/aemDocuments/documents/MPD/ProductDocuments/DataSheets/2-Kbit-I2C-Serial-EEPROMs-+EUI-48-or-EUI-64-Node-20002124.pdf,https://www.digikey.com/en/products/detail/microchip-technology/24AA025E64T-I-OT/3908633,900 ns,400 kHz,Not Verified,,EEPROM,I2C,256 x 8,2Kbit,Non-Volatile,-40°C ~ 85°C (TA),,,EEPROM,1.7V ~ 5.5V,5ms
24AA025T-I/OT,Microchip Technology,IC EEPROM 2KBIT I2C SOT23-6,memory,6319,0.35,SOT-23-6,Surface Mount,Active,https://ww1.microchip.com/downloads/aemDocuments/documents/MPD/ProductDocuments/DataSheets/24AA024-24LC024-24AA025-24LC025-2-Kbit-I2C-Serial-EEPROM-DS20001210.pdf,https://www.digikey.com/en/products/detail/microchip-technology/24AA025T-I-OT/2059601,900 ns,400 kHz,Not Verified,,EEPROM,I2C,256 x 8,2Kbit,Non-Volatile,-40°C ~ 85°C (TA),,,EEPROM,1.7V ~ 5.5V,5ms
24AA025UID-I/SN,Microchip Technology,IC EEPROM 2KBIT I2C 400KHZ 8SOIC,memory,2931,0.35,"8-SOIC (0.154"", 3.90mm Width)",Surface Mount,Active,https://ww1.microchip.com/downloads/aemDocuments/documents/OTH/ProductDocuments/DataSheets/20005202A.pdf,https://www.digikey.com/en/products/detail/microchip-technology/24AA025UID-I-SN/4079969,900 ns,400 kHz,Not Verified,,EEPROM,I2C,128 x 8 x 2,2Kbit,Non-Volatile,-40°C ~ 85°C (TA),,,EEPROM,1.7V ~ 5.5V,5ms
24AA025UIDT-I/OT,Microchip Technology,IC EEPROM 2KBIT I2C SOT23-6,memory,17925,0.35,SOT-23-6,Surface Mount,Active,https://ww1.microchip.com/downloads/aemDocuments/documents/OTH/ProductDocuments/DataSheets/20005202A.pdf,https://www.digikey.com/en/products/detail/microchip-technology/24AA025UIDT-I-OT/4079900,900 ns,400 kHz,Not Verified,,EEPROM,I2C,128 x 8 x 2,2Kbit,Non-Volatile,-40°C ~ 85°C (TA),,,EEPROM,1.7V ~ 5.5V,5ms
24AA02E48-I/SN,Microchip Technology,IC EEPROM 2KBIT I2C 400KHZ 8SOIC,memory,5326,0.322,"8-SOIC (0.154"", 3.90mm Width)",Surface Mount,Active,https://ww1.microchip.com/downloads/aemDocuments/documents/MPD/ProductDocuments/DataSheets/2-Kbit-I2C-Serial-EEPROMs-+EUI-48-or-EUI-64-Node-20002124.pdf,https://www.digikey.com/en/products/detail/microchip-technology/24AA02E48-I-SN/2003465,900 ns,400 kHz,Not Verified,,EEPROM,I2C,256 x 8,2Kbit,Non-Volatile,-40°C ~ 85°C (TA),,,EEPROM,1.7V ~ 5.5V,5ms
24AA02E48T-E/OT,Microchip Technology,IC EEPROM 2KBIT I2C SOT23-5,memory,2961,0.37,"SC-74A, SOT-753",Surface Mount,Active,https://ww1.microchip.com/downloads/aemDocuments/documents/MPD/ProductDocuments/DataSheets/2-Kbit-I2C-Serial-EEPROMs-+EUI-48-or-EUI-64-Node-20002124.pdf,https://www.digikey.com/en/products/detail/microchip-technology/24AA02E48T-E-OT/5032405,900 ns,400 kHz,Not Verified,,EEPROM,I2C,256 x 8,2Kbit,Non-Volatile,-40°C ~ 125°C (TA),,,EEPROM,1.7V ~ 5.5V,5ms
24AA02E48T-E/SN,Microchip Technology,IC EEPROM 2KBIT I2C 400KHZ 8SOIC,memory,2540,0.41,"8-SOIC (0.154"", 3.90mm Width)",Surface Mount,Active,https://ww1.microchip.com/downloads/aemDocuments/documents/MPD/ProductDocuments/DataSheets/2-Kbit-I2C-Serial-EEPROMs-+EUI-48-or-EUI-64-Node-20002124.pdf,https://www.digikey.com/en/products/detail/microchip-technology/24AA02E48T-E-SN/5032406,900 ns,400 kHz,Not Verified,,EEPROM,I2C,256 x 8,2Kbit,Non-Volatile,-40°C ~ 125°C (TA),,,EEPROM,1.7V ~ 5.5V,5ms
24AA02E48T-I/OT,Microchip Technology,IC EEPROM 2KBIT I2C SOT23-5,memory,5797,0.32,"SC-74A, SOT-753",Surface Mount,Active,https://ww1.microchip.com/downloads/aemDocuments/documents/MPD/ProductDocuments/DataSheets/2-Kbit-I2C-Serial-EEPROMs-+EUI-48-or-EUI-64-Node-20002124.pdf,https://www.digikey.com/en/products/detail/microchip-technology/24AA02E48T-I-OT/2003460,900 ns,400 kHz,Verified,,EEPROM,I2C,256 x 8,2Kbit,Non-Volatile,-40°C ~ 85°C (TA),,,EEPROM,1.7V ~ 5.5V,5ms
24AA02E48T-I/SN,Microchip Technology,IC EEPROM 2KBIT I2C 400KHZ 8SOIC,memory,3187,0.35,"8-SOIC (0.154"", 3.90mm Width)",Surface Mount,Active,https://ww1.microchip.com/downloads/aemDocuments/documents/MPD/ProductDocuments/DataSheets/2-Kbit-I2C-Serial-EEPROMs-+EUI-48-or-EUI-64-Node-20002124.pdf,https://www.digikey.com/en/products/detail/microchip-technology/24AA02E48T-I-SN/2061392,900 ns,400 kHz,Verified,,EEPROM,I2C,256 x 8,2Kbit,Non-Volatile,-40°C ~ 85°C (TA),,,EEPROM,1.7V ~ 5.5V,5ms
24AA02E64T-I/OT,Microchip Technology,IC EEPROM 2KBIT I2C SOT23-5,memory,7041,0.32,"SC-74A, SOT-753",Surface Mount,Active,https://ww1.microchip.com/downloads/aemDocuments/documents/MPD/ProductDocuments/DataSheets/2-Kbit-I2C-Serial-EEPROMs-+EUI-48-or-EUI-64-Node-20002124.pdf,https://www.digikey.com/en/products/detail/microchip-technology/24AA02E64T-I-OT/3908649,900 ns,400 kHz,Not Verified,,EEPROM,I2C,256 x 8,2Kbit,Non-Volatile,-40°C ~ 85°C (TA),,,EEPROM,1.7V ~ 5.5V,5ms
24AA02T-I/LT,Microchip Technology,IC EEPROM 2KBIT I2C SC70-5,memory,13246,0.35,"5-TSSOP, SC-70-5, SOT-353",Surface Mount,Active,https://ww1.microchip.com/downloads/en/DeviceDoc/24AA02-24LC02B-24FC02-2K-I2C-Serial-EEPROM-20001709N.pdf,https://www.digikey.com/en/products/detail/microchip-technology/24AA02T-I-LT/2059604,900 ns,400 kHz,Not Verified,,EEPROM,I2C,256 x 8,2Kbit,Non-Volatile,-40°C ~ 85°C (TA),,,EEPROM,1.7V ~ 5.5V,5ms
24AA02T-I/MNY,Microchip Technology,IC EEPROM 2KBIT I2C 400KHZ 8TDFN,memory,9762,0.37,8-WFDFN Exposed Pad,Surface Mount,Active,https://ww1.microchip.com/downloads/en/DeviceDoc/24AA02-24LC02B-24FC02-2K-I2C-Serial-EEPROM-20001709N.pdf,https://www.digikey.com/en/products/detail/microchip-technology/24AA02T-I-MNY/2059605,900 ns,400 kHz,Not Verified,,EEPROM,I2C,256 x 8,2Kbit,Non-Volatile,-40°C ~ 85°C (TA),,,EEPROM,1.7V ~ 5.5V,5ms
24AA02T-I/OT,Microchip Technology,IC EEPROM 2KBIT I2C SOT23-5,memory,6386,0.31,"SC-74A, SOT-753",Surface Mount,Active,https://ww1.microchip.com/downloads/aemDocuments/documents/MPD/ProductDocuments/DataSheets/24AA02-24LC02B-24FC02-2Kbit-I2C-Serial-EEPROM-DS20001709.pdf,https://www.digikey.com/en/products/detail/microchip-technology/24AA02T-I-OT/443515,900 ns,400 kHz,Verified,,EEPROM,I2C,256 x 8,2Kbit,Non-Volatile,-40°C ~ 85°C (TA),,,EEPROM,1.7V ~ 5.5V,5ms
24AA02UIDT-I/OT,Microchip Technology,IC EEPROM 2KBIT I2C SOT23-5,memory,16532,0.31,"SC-74A, SOT-753",Surface Mount,Active,https://ww1.microchip.com/downloads/aemDocuments/documents/OTH/ProductDocuments/DataSheets/20005202A.pdf,https://www.digikey.com/en/products/detail/microchip-technology/24AA02UIDT-I-OT/4079901,900 ns,400 kHz,Not Verified,,EEPROM,I2C,128 x 8 x 2,2Kbit,Non-Volatile,-40°C ~ 85°C (TA),,,EEPROM,1.7V ~ 5.5V,5ms
24AA02UIDT-I/SN,Microchip Technology,IC EEPROM 2KBIT I2C 400KHZ 8SOIC,memory,3840,0.32,"8-SOIC (0.154"", 3.90mm Width)",Surface Mount,Active,https://ww1.microchip.com/downloads/aemDocuments/documents/OTH/ProductDocuments/DataSheets/20005202A.pdf,https://www.digikey.com/en/products/detail/microchip-technology/24AA02UIDT-I-SN/4079925,900 ns,400 kHz,Not Verified,,EEPROM,I2C,128 x 8 x 2,2Kbit,Non-Volatile,-40°C ~ 85°C (TA),,,EEPROM,1.7V ~ 5.5V,5ms
24AA04T-I/OT,Microchip Technology,IC EEPROM 4KBIT I2C SOT23-5,memory,4386,0.32,"SC-74A, SOT-753",Surface Mount,Active,https://ww1.microchip.com/downloads/en/DeviceDoc/24AA04-24LC04B-24FC04-4K-I2C-Serial-EEPROM-20001708P.pdf,https://www.digikey.com/en/products/detail/microchip-technology/24AA04T-I-OT/443577,900 ns,400 kHz,Verified,,EEPROM,I2C,256 x 8 x 2,4Kbit,Non-Volatile,-40°C ~ 85°C (TA),,,EEPROM,1.7V ~ 5.5V,5ms
24AA08T-I/OT,Microchip Technology,IC EEPROM 8KBIT I2C SOT23-5,memory,27086,0.35,"SC-74A, SOT-753",Surface Mount,Active,https://ww1.microchip.com/downloads/en/DeviceDoc/24AA08-24LC08B-24FC08-8K-I2C-Serial-EEPROM-20001710M.pdf,https://www.digikey.com/en/products/detail/microchip-technology/24AA08T-I-OT/443521,900 ns,400 kHz,Verified,,EEPROM,I2C,256 x 8 x 4,8Kbit,Non-Volatile,-40°C ~ 85°C (TA),,,EEPROM,1.7V ~ 5.5V,5ms
24AA08T-I/SN,Microchip Technology,IC EEPROM 8KBIT I2C 400KHZ 8SOIC,memory,4691,0.37,"8-SOIC (0.154"", 3.90mm Width)",Surface Mount,Active,https://ww1.microchip.com/downloads/en/DeviceDoc/24AA08-24LC08B-24FC08-8K-I2C-Serial-EEPROM-20001710M.pdf,https://www.digikey.com/en/products/detail/microchip-technology/24AA08T-I-SN/318557,900 ns,400 kHz,Verified,,EEPROM,I2C,256 x 8 x 4,8Kbit,Non-Volatile,-40°C ~ 85°C (TA),,,EEPROM,1.7V ~ 5.5V,5ms
24AA1025-I/P,Microchip Technology,IC EEPROM 1MBIT I2C 400KHZ 8DIP,memory,618,4.23,"8-DIP (0.300"", 7.62mm)",Through Hole,Active,https://ww1.microchip.com/downloads/en/DeviceDoc/20001941L.pdf,https://www.digikey.com/en/products/detail/microchip-technology/24AA1025-I-P/957535,900 ns,400 kHz,Not Verified,,EEPROM,I2C,128K x 8,1Mbit,Non-Volatile,-40°C ~ 85°C (TA),,,EEPROM,1.7V ~ 5.5V,5ms
24AA1025-I/SM,Microchip Technology,IC EEPROM 1MBIT I2C 400KHZ 8SOIJ,memory,560,4.05,"8-SOIC (0.209"", 5.30mm Width)",Surface Mount,Active,https://ww1.microchip.com/downloads/en/DeviceDoc/20001941L.pdf,https://www.digikey.com/en/products/detail/microchip-technology/24AA1025-I-SM/957536,900 ns,400 kHz,Verified,,EEPROM,I2C,128K x 8,1Mbit,Non-Volatile,-40°C ~ 85°C (TA),,,EEPROM,1.7V ~ 5.5V,5ms
24AA1025-I/SN,Microchip Technology,IC EEPROM 1MBIT I2C 400KHZ 8SOIC,memory,1372,4.02,"8-SOIC (0.154"", 3.90mm Width)",Surface Mount,Active,https://ww1.microchip.com/downloads/en/DeviceDoc/20001941L.pdf,https://www.digikey.com/en/products/detail/microchip-technology/24AA1025-I-SN/2270912,900 ns,400 kHz,Not Verified,,EEPROM,I2C,128K x 8,1Mbit,Non-Volatile,-40°C ~ 85°C (TA),,,EEPROM,1.7V ~ 5.5V,5ms
24AA1025T-I/SM,Microchip Technology,IC EEPROM 1MBIT I2C 400KHZ 8SOIJ,memory,5878,4.42,"8-SOIC (0.209"", 5.30mm Width)",Surface Mount,Active,https://ww1.microchip.com/downloads/en/DeviceDoc/20001941L.pdf,https://www.digikey.com/en/products/detail/microchip-technology/24AA1025T-I-SM/964255,900 ns,400 kHz,Verified,,EEPROM,I2C,128K x 8,1Mbit,Non-Volatile,-40°C ~ 85°C (TA),,,EEPROM,1.7V ~ 5.5V,5ms
24AA1025T-I/SN,Microchip Technology,IC EEPROM 1MBIT I2C 400KHZ 8SOIC,memory,2679,4.39,"8-SOIC (0.154"", 3.90mm Width)",Surface Mount,Active,https://ww1.microchip.com/downloads/en/DeviceDoc/20001941L.pdf,https://www.digikey.com/en/products/detail/microchip-technology/24AA1025T-I-SN/2332777,900 ns,400 kHz,Not Verified,,EEPROM,I2C,128K x 8,1Mbit,Non-Volatile,-40°C ~ 85°C (TA),,,EEPROM,1.7V ~ 5.5V,5ms
24AA1026-I/SN,Microchip Technology,IC EEPROM 1MBIT I2C 400KHZ 8SOIC,memory,1381,4.02,"8-SOIC (0.154"", 3.90mm Width)",Surface Mount,Active,https://ww1.microchip.com/downloads/en/DeviceDoc/20002270E.pdf,https://www.digikey.com/en/products/detail/microchip-technology/24AA1026-I-SN/2601399,900 ns,400 kHz,Not Verified,,EEPROM,I2C,128K x 8,1Mbit,Non-Volatile,-40°C ~ 85°C (TA),,,EEPROM,1.7V ~ 5.5V,5ms
24AA128T-I/MNY,Microchip Technology,IC EEPROM 128KBIT I2C 8TDFN,memory,32187,0.86,8-WFDFN Exposed Pad,Surface Mount,Active,https://ww1.microchip.com/downloads/en/DeviceDoc/24AA128-24LC128-24FC128-128K-I2C-Serial-EEPROM-DS.pdf,https://www.digikey.com/en/products/detail/microchip-technology/24AA128T-I-MNY/2385850,900 ns,400 kHz,Not Verified,,EEPROM,I2C,16K x 8,128Kbit,Non-Volatile,-40°C ~ 85°C (TA),,,EEPROM,1.7V ~ 5.5V,5ms
24AA128T-I/MS,Microchip Technology,IC EEPROM 128KBIT I2C 8MSOP,memory,2214,0.92,"8-TSSOP, 8-MSOP (0.118"", 3.00mm Width)",Surface Mount,Active,https://ww1.microchip.com/downloads/en/DeviceDoc/24AA128-24LC128-24FC128-128K-I2C-Serial-EEPROM-DS.pdf,https://www.digikey.com/en/products/detail/microchip-technology/24AA128T-I-MS/468416,900 ns,400 kHz,Verified,,EEPROM,I2C,16K x 8,128Kbit,Non-Volatile,-40°C ~ 85°C (TA),,,EEPROM,1.7V ~ 5.5V,5ms
24AA128T-I/SN,Microchip Technology,IC EEPROM 128KBIT I2C 8SOIC,memory,9292,0.81,"8-SOIC (0.154"", 3.90mm Width)",Surface Mount,Active,https://ww1.microchip.com/downloads/en/DeviceDoc/24AA128-24LC128-24FC128-128K-I2C-Serial-EEPROM-DS.pdf,https://www.digikey.com/en/products/detail/microchip-technology/24AA128T-I-SN/443592,900 ns,400 kHz,Verified,,EEPROM,I2C,16K x 8,128Kbit,Non-Volatile,-40°C ~ 85°C (TA),,,EEPROM,1.7V ~ 5.5V,5ms
24AA128T-I/ST,Microchip Technology,IC EEPROM 128KBIT I2C 8TSSOP,memory,26563,0.86,"8-TSSOP (0.173"", 4.40mm Width)",Surface Mount,Active,https://ww1.microchip.com/downloads/en/DeviceDoc/24AA128-24LC128-24FC128-128K-I2C-Serial-EEPROM-DS.pdf,https://www.digikey.com/en/products/detail/microchip-technology/24AA128T-I-ST/443582,900 ns,400 kHz,Verified,,EEPROM,I2C,16K x 8,128Kbit,Non-Volatile,-40°C ~ 85°C (TA),,,EEPROM,1.7V ~ 5.5V,5ms
24AA16HT-I/OT,Microchip Technology,IC EEPROM 16KBIT I2C SOT23-5,memory,8580,0.37,"SC-74A, SOT-753",Surface Mount,Active,http://ww1.microchip.com/downloads/en/DeviceDoc/20002118B.pdf,https://www.digikey.com/en/products/detail/microchip-technology/24AA16HT-I-OT/2059611,900 ns,400 kHz,Not Verified,,EEPROM,I2C,2K x 8,16Kbit,Non-Volatile,-40°C ~ 85°C (TA),,,EEPROM,1.7V ~ 5.5V,5ms
24AA16T-E/OT,Microchip Technology,IC EEPROM 16KBIT I2C SOT23-5,memory,16192,0.44,"SC-74A, SOT-753",Surface Mount,Active,https://ww1.microchip.com/downloads/en/DeviceDoc/20001703M.pdf,https://www.digikey.com/en/products/detail/microchip-technology/24AA16T-E-OT/3908656,900 ns,400 kHz,Not Verified,,EEPROM,I2C,2K x 8,16Kbit,Non-Volatile,-40°C ~ 125°C (TA),,,EEPROM,1.7V ~ 5.5V,5ms
24AA16T-I/OT,Microchip Technology,IC EEPROM 16KBIT I2C SOT23-5,memory,21907,0.37,"SC-74A, SOT-753",Surface Mount,Active,https://ww1.microchip.com/downloads/en/DeviceDoc/20001703M.pdf,https://www.digikey.com/en/products/detail/microchip-technology/24AA16T-I-OT/443503,900 ns,400 kHz,Verified,,EEPROM,I2C,2K x 8,16Kbit,Non-Volatile,-40°C ~ 85°C (TA),,,EEPROM,1.7V ~ 5.5V,5ms
24AA256-I/MS,Microchip Technology,IC EEPROM 256KBIT I2C 8MSOP,memory,7780,1.12,"8-TSSOP, 8-MSOP (0.118"", 3.00mm Width)",Surface Mount,Active,https://ww1.microchip.com/downloads/aemDocuments/documents/MPD/ProductDocuments/DataSheets/24AA256-24LC256-24FC256-256K-I2C-Serial-EEPROM-DS20001203.pdf,https://www.digikey.com/en/products/detail/microchip-technology/24AA256-I-MS/468417,900 ns,400 kHz,Verified,,EEPROM,I2C,32K x 8,256Kbit,Non-Volatile,-40°C ~ 85°C (TA),,,EEPROM,1.7V ~ 5.5V,5ms
24AA256-I/P,Microchip Technology,IC EEPROM 256KBIT I2C 8DIP,memory,220,1.16,"8-DIP (0.300"", 7.62mm)",Through Hole,Active,https://ww1.microchip.com/downloads/aemDocuments/documents/MPD/ProductDocuments/DataSheets/24AA256-24LC256-24FC256-256K-I2C-Serial-EEPROM-DS20001203.pdf,https://www.digikey.com/en/products/detail/microchip-technology/24AA256-I-P/442754,900 ns,400 kHz,Verified,,EEPROM,I2C,32K x 8,256Kbit,Non-Volatile,-40°C ~ 85°C (TA),,,EEPROM,1.7V ~ 5.5V,5ms
24AA256-I/SN,Microchip Technology,IC EEPROM 256KBIT I2C 8SOIC,memory,7347,1.08,"8-SOIC (0.154"", 3.90mm Width)",Surface Mount,Active,https://ww1.microchip.com/downloads/aemDocuments/documents/MPD/ProductDocuments/DataSheets/24AA256-24LC256-24FC256-256K-I2C-Serial-EEPROM-DS20001203.pdf,https://www.digikey.com/en/products/detail/microchip-technology/24AA256-I-SN/442756,900 ns,400 kHz,Verified,,EEPROM,I2C,32K x 8,256Kbit,Non-Volatile,-40°C ~ 85°C (TA),,,EEPROM,1.7V ~ 5.5V,5ms
24AA256-I/ST,Microchip Technology,IC EEPROM 256KBIT I2C 8TSSOP,memory,736,1.12,"8-TSSOP (0.173"", 4.40mm Width)",Surface Mount,Active,https://ww1.microchip.com/downloads/aemDocuments/documents/MPD/ProductDocuments/DataSheets/24AA256-24LC256-24FC256-256K-I2C-Serial-EEPROM-DS20001203.pdf,https://www.digikey.com/en/products/detail/microchip-technology/24AA256-I-ST/442755,900 ns,400 kHz,Verified,,EEPROM,I2C,32K x 8,256Kbit,Non-Volatile,-40°C ~ 85°C (TA),,,EEPROM,1.7V ~ 5.5V,5ms
24AA256T-E/MNY,Microchip Technology,IC EEPROM 256KBIT I2C 8TDFN,memory,2600,1.22,8-WFDFN Exposed Pad,Surface Mount,Active,https://ww1.microchip.com/downloads/aemDocuments/documents/MPD/ProductDocuments/DataSheets/24AA256-24LC256-24FC256-256K-I2C-Serial-EEPROM-DS20001203.pdf,https://www.digikey.com/en/products/detail/microchip-technology/24AA256T-E-MNY/3871626,900 ns,400 kHz,Not Verified,,EEPROM,I2C,32K x 8,256Kbit,Non-Volatile,-40°C ~ 125°C (TA),,,EEPROM,1.7V ~ 5.5V,5ms
24AA256T-I/MNY,Microchip Technology,IC EEPROM 256KBIT I2C 8TDFN,memory,3313,1.16,8-WFDFN Exposed Pad,Surface Mount,Active,https://ww1.microchip.com/downloads/aemDocuments/documents/MPD/ProductDocuments/DataSheets/24AA256-24LC256-24FC256-256K-I2C-Serial-EEPROM-DS20001203.pdf,https://www.digikey.com/en/products/detail/microchip-technology/24AA256T-I-MNY/3871632,900 ns,400 kHz,Not Verified,,EEPROM,I2C,32K x 8,256Kbit,Non-Volatile,-40°C ~ 85°C (TA),,,EEPROM,1.7V ~ 5.5V,5ms
24AA256T-I/SN,Microchip Technology,IC EEPROM 256KBIT I2C 8SOIC,memory,2085,1.18,"8-SOIC (0.154"", 3.90mm Width)",Surface Mount,Active,https://ww1.microchip.com/downloads/aemDocuments/documents/MPD/ProductDocuments/DataSheets/24AA256-24LC256-24FC256-256K-I2C-Serial-EEPROM-DS20001203.pdf,https://www.digikey.com/en/products/detail/microchip-technology/24AA256T-I-SN/443543,900 ns,400 kHz,Verified,,EEPROM,I2C,32K x 8,256Kbit,Non-Volatile,-40°C ~ 85°C (TA),,,EEPROM,1.7V ~ 5.5V,5ms
24AA256UID-I/ST,Microchip Technology,IC EEPROM 256KBIT I2C 8TSSOP,memory,597,1.14,"8-TSSOP (0.173"", 4.40mm Width)",Surface Mount,Active,https://ww1.microchip.com/downloads/en/DeviceDoc/24AA256UID-256K-I2C-Serial-EEPROM-with-EUI48-EUI64-20005215D.pdf,https://www.digikey.com/en/products/detail/microchip-technology/24AA256UID-I-ST/4439785,900 ns,400 kHz,Not Verified,,EEPROM,I2C,32K x 8,256Kbit,Non-Volatile,-40°C ~ 85°C (TA),,,EEPROM,1.7V ~ 5.5V,5ms
24AA256UIDT-I/SN,Microchip Technology,IC EEPROM 256KBIT I2C 8SOIC,memory,7686,1.18,"8-SOIC (0.154"", 3.90mm Width)",Surface Mount,Active,https://ww1.microchip.com/downloads/en/DeviceDoc/24AA256UID-256K-I2C-Serial-EEPROM-with-EUI48-EUI64-20005215D.pdf,https://www.digikey.com/en/products/detail/microchip-technology/24AA256UIDT-I-SN/4439669,900 ns,400 kHz,Not Verified,,EEPROM,I2C,32K x 8,256Kbit,Non-Volatile,-40°C ~ 85°C (TA),,,EEPROM,1.7V ~ 5.5V,5ms
24AA32AFT-I/MNY,Microchip Technology,IC EEPROM 32KBIT I2C 8TDFN,memory,1594,0.55,8-WFDFN Exposed Pad,Surface Mount,Active,https://ww1.microchip.com/downloads/en/DeviceDoc/22184A.pdf,https://www.digikey.com/en/products/detail/microchip-technology/24AA32AFT-I-MNY/2125390,900 ns,400 kHz,Not Verified,,EEPROM,I2C,4K x 8,32Kbit,Non-Volatile,-40°C ~ 85°C (TA),,,EEPROM,1.7V ~ 5.5V,5ms
24AA32AFT-I/OT,Microchip Technology,IC EEPROM 32KBIT I2C SOT23-5,memory,8527,0.44,"SC-74A, SOT-753",Surface Mount,Active,https://ww1.microchip.com/downloads/en/DeviceDoc/22184A.pdf,https://www.digikey.com/en/products/detail/microchip-technology/24AA32AFT-I-OT/2125402,900 ns,400 kHz,Not Verified,,EEPROM,I2C,4K x 8,32Kbit,Non-Volatile,-40°C ~ 85°C (TA),,,EEPROM,1.7V ~ 5.5V,5ms
24AA32AT-I/MS,Microchip Technology,IC EEPROM 32KBIT I2C 8MSOP,memory,2120,0.55,"8-TSSOP, 8-MSOP (0.118"", 3.00mm Width)",Surface Mount,Active,https://ww1.microchip.com/downloads/aemDocuments/documents/MPD/ProductDocuments/DataSheets/24AA32A-24LC32A-32-Kbit-I2C-Serial-EEPROM-DS20001713.pdf,https://www.digikey.com/en/products/detail/microchip-technology/24AA32AT-I-MS/443579,900 ns,400 kHz,Verified,,EEPROM,I2C,4K x 8,32Kbit,Non-Volatile,-40°C ~ 85°C (TA),,,EEPROM,1.8V ~ 5.5V,5ms
24AA32AT-I/OT,Microchip Technology,IC EEPROM 32KBIT I2C SOT23-5,memory,1753,0.44,"SC-74A, SOT-753",Surface Mount,Active,https://ww1.microchip.com/downloads/aemDocuments/documents/MPD/ProductDocuments/DataSheets/24AA32A-24LC32A-32-Kbit-I2C-Serial-EEPROM-DS20001713.pdf,https://www.digikey.com/en/products/detail/microchip-technology/24AA32AT-I-OT/2059614,900 ns,400 kHz,Not Verified,,EEPROM,I2C,4K x 8,32Kbit,Non-Volatile,-40°C ~ 85°C (TA),,,EEPROM,1.8V ~ 5.5V,5ms
24AA32AT-I/SN,Microchip Technology,IC EEPROM 32KBIT I2C 8SOIC,memory,12298,0.54,"8-SOIC (0.154"", 3.90mm Width)",Surface Mount,Active,https://ww1.microchip.com/downloads/aemDocuments/documents/MPD/ProductDocuments/DataSheets/24AA32A-24LC32A-32-Kbit-I2C-Serial-EEPROM-DS20001713.pdf,https://www.digikey.com/en/products/detail/microchip-technology/24AA32AT-I-SN/443516,900 ns,400 kHz,Verified,,EEPROM,I2C,4K x 8,32Kbit,Non-Volatile,-40°C ~ 85°C (TA),,,EEPROM,1.8V ~ 5.5V,5ms
24AA512-I/SM,Microchip Technology,IC EEPROM 512KBIT I2C 8SOIJ,memory,273,1.82,"8-SOIC (0.209"", 5.30mm Width)",Surface Mount,Active,https://ww1.microchip.com/downloads/en/DeviceDoc/24AA512-24LC512-24FC512-512K-Bit-I2C-Serial-EEPROM-20001754Q.pdf,https://www.digikey.com/en/products/detail/microchip-technology/24AA512-I-SM/523016,900 ns,400 kHz,Verified,,EEPROM,I2C,64K x 8,512Kbit,Non-Volatile,-40°C ~ 85°C (TA),,,EEPROM,1.7V ~ 5.5V,5ms
24AA512-I/SN,Microchip Technology,IC EEPROM 512KBIT I2C 8SOIC,memory,3727,1.81,"8-SOIC (0.154"", 3.90mm Width)",Surface Mount,Active,https://ww1.microchip.com/downloads/en/DeviceDoc/24AA512-24LC512-24FC512-512K-Bit-I2C-Serial-EEPROM-20001754Q.pdf,https://www.digikey.com/en/products/detail/microchip-technology/24AA512-I-SN/2258531,900 ns,400 kHz,Verified,,EEPROM,I2C,64K x 8,512Kbit,Non-Volatile,-40°C ~ 85°C (TA),,,EEPROM,1.7V ~ 5.5V,5ms
24AA512-I/ST,Microchip Technology,IC EEPROM 512KBIT I2C 8TSSOP,memory,671,1.83,"8-TSSOP (0.173"", 4.40mm Width)",Surface Mount,Active,https://ww1.microchip.com/downloads/en/DeviceDoc/24AA512-24LC512-24FC512-512K-Bit-I2C-Serial-EEPROM-20001754Q.pdf,https://www.digikey.com/en/products/detail/microchip-technology/24AA512-I-ST/2201937,900 ns,400 kHz,Verified,,EEPROM,I2C,64K x 8,512Kbit,Non-Volatile,-40°C ~ 85°C (TA),,,EEPROM,1.7V ~ 5.5V,5ms
24AA512T-I/MF,Microchip Technology,IC EEPROM 512KBIT I2C 8DFN,memory,10920,2.31,8-VDFN Exposed Pad,Surface Mount,Active,https://ww1.microchip.com/downloads/en/DeviceDoc/24AA512-24LC512-24FC512-512K-Bit-I2C-Serial-EEPROM-20001754Q.pdf,https://www.digikey.com/en/products/detail/microchip-technology/24AA512T-I-MF/523098,900 ns,400 kHz,Verified,,EEPROM,I2C,64K x 8,512Kbit,Non-Volatile,-40°C ~ 85°C (TA),,,EEPROM,1.7V ~ 5.5V,5ms
24AA512T-I/SN,Microchip Technology,IC EEPROM 512KBIT I2C 8SOIC,memory,2917,1.97,"8-SOIC (0.154"", 3.90mm Width)",Surface Mount,Active,https://ww1.microchip.com/downloads/en/DeviceDoc/24AA512-24LC512-24FC512-512K-Bit-I2C-Serial-EEPROM-20001754Q.pdf,https://www.digikey.com/en/products/detail/microchip-technology/24AA512T-I-SN/2202079,900 ns,400 kHz,Not Verified,,EEPROM,I2C,64K x 8,512Kbit,Non-Volatile,-40°C ~ 85°C (TA),,,EEPROM,1.7V ~ 5.5V,5ms
24AA512T-I/ST,Microchip Technology,IC EEPROM 512KBIT I2C 8TSSOP,memory,820,2.0,"8-TSSOP (0.173"", 4.40mm Width)",Surface Mount,Active,https://ww1.microchip.com/downloads/en/DeviceDoc/24AA512-24LC512-24FC512-512K-Bit-I2C-Serial-EEPROM-20001754Q.pdf,https://www.digikey.com/en/products/detail/microchip-technology/24AA512T-I-ST/2202080,900 ns,400 kHz,Verified,,EEPROM,I2C,64K x 8,512Kbit,Non-Volatile,-40°C ~ 85°C (TA),,,EEPROM,1.7V ~ 5.5V,5ms
24AA64-I/SN,Microchip Technology,IC EEPROM 64KBIT I2C 8SOIC,memory,2038,0.5,"8-SOIC (0.154"", 3.90mm Width)",Surface Mount,Active,https://ww1.microchip.com/downloads/aemDocuments/documents/MPD/ProductDocuments/DataSheets/24AA64-24FC64-24LC64-64-Kbit-I2C-Serial-EEPROM-DS20001189.pdf,https://www.digikey.com/en/products/detail/microchip-technology/24AA64-I-SN/443598,900 ns,400 kHz,Verified,,EEPROM,I2C,8K x 8,64Kbit,Non-Volatile,-40°C ~ 85°C (TA),,,EEPROM,1.7V ~ 5.5V,5ms
24AA64F-I/SN,Microchip Technology,IC EEPROM 64KBIT I2C 8SOIC,memory,1208,0.5,"8-SOIC (0.154"", 3.90mm Width)",Surface Mount,Active,https://ww1.microchip.com/downloads/en/DeviceDoc/22154B.pdf,https://www.digikey.com/en/products/detail/microchip-technology/24AA64F-I-SN/2125469,900 ns,400 kHz,Not Verified,,EEPROM,I2C,8K x 8,64Kbit,Non-Volatile,-40°C ~ 85°C (TA),,,EEPROM,1.7V ~ 5.5V,5ms
24AA64FT-I/OT,Microchip Technology,IC EEPROM 64KBIT I2C SOT23-5,memory,15744,0.52,"SC-74A, SOT-753",Surface Mount,Active,https://ww1.microchip.com/downloads/en/DeviceDoc/22154B.pdf,https://www.digikey.com/en/products/detail/microchip-technology/24AA64FT-I-OT/2125403,900 ns,400 kHz,Not Verified,,EEPROM,I2C,8K x 8,64Kbit,Non-Volatile,-40°C ~ 85°C (TA),,,EEPROM,1.7V ~ 5.5V,5ms
24AA64T-E/OT,Microchip Technology,IC EEPROM 64KBIT I2C SOT23-5,memory,7484,0.58,"SC-74A, SOT-753",Surface Mount,Active,https://ww1.microchip.com/downloads/aemDocuments/documents/MPD/ProductDocuments/DataSheets/24AA64-24FC64-24LC64-64-Kbit-I2C-Serial-EEPROM-DS20001189.pdf,https://www.digikey.com/en/products/detail/microchip-technology/24AA64T-E-OT/3871640,900 ns,400 kHz,Not Verified,,EEPROM,I2C,8K x 8,64Kbit,Non-Volatile,-40°C ~ 125°C (TA),,,EEPROM,1.7V ~ 5.5V,5ms
24AA64T-I/MNY,Microchip Technology,IC EEPROM 64KBIT I2C 8TDFN,memory,5716,0.58,8-WFDFN Exposed Pad,Surface Mount,Active,https://ww1.microchip.com/downloads/aemDocuments/documents/MPD/ProductDocuments/DataSheets/24AA64-24FC64-24LC64-64-Kbit-I2C-Serial-EEPROM-DS20001189.pdf,https://www.digikey.com/en/products/detail/microchip-technology/24AA64T-I-MNY/2059615,900 ns,400 kHz,Verified,,EEPROM,I2C,8K x 8,64Kbit,Non-Volatile,-40°C ~ 85°C (TA),,,EEPROM,1.7V ~ 5.5V,5ms
24AA64T-I/MS,Microchip Technology,IC EEPROM 64KBIT I2C 8MSOP,memory,18967,0.58,"8-TSSOP, 8-MSOP (0.118"", 3.00mm Width)",Surface Mount,Active,https://ww1.microchip.com/downloads/aemDocuments/documents/MPD/ProductDocuments/DataSheets/24AA64-24FC64-24LC64-64-Kbit-I2C-Serial-EEPROM-DS20001189.pdf,https://www.digikey.com/en/products/detail/microchip-technology/24AA64T-I-MS/443534,900 ns,400 kHz,Verified,,EEPROM,I2C,8K x 8,64Kbit,Non-Volatile,-40°C ~ 85°C (TA),,,EEPROM,1.7V ~ 5.5V,5ms
24AA64T-I/OT,Microchip Technology,IC EEPROM 64KBIT I2C SOT23-5,memory,7863,0.52,"SC-74A, SOT-753",Surface Mount,Active,https://ww1.microchip.com/downloads/aemDocuments/documents/MPD/ProductDocuments/DataSheets/24AA64-24FC64-24LC64-64-Kbit-I2C-Serial-EEPROM-DS20001189.pdf,https://www.digikey.com/en/products/detail/microchip-technology/24AA64T-I-OT/2059616,900 ns,400 kHz,Not Verified,,EEPROM,I2C,8K x 8,64Kbit,Non-Volatile,-40°C ~ 85°C (TA),,,EEPROM,1.7V ~ 5.5V,5ms
24AA64T-I/SN,Microchip Technology,IC EEPROM 64KBIT I2C 8SOIC,memory,11236,0.55,"8-SOIC (0.154"", 3.90mm Width)",Surface Mount,Active,https://ww1.microchip.com/downloads/aemDocuments/documents/MPD/ProductDocuments/DataSheets/24AA64-24FC64-24LC64-64-Kbit-I2C-Serial-EEPROM-DS20001189.pdf,https://www.digikey.com/en/products/detail/microchip-technology/24AA64T-I-SN/443600,900 ns,400 kHz,Verified,,EEPROM,I2C,8K x 8,64Kbit,Non-Volatile,-40°C ~ 85°C (TA),,,EEPROM,1.7V ~ 5.5V,5ms
24C02C-I/P,Microchip Technology,IC EEPROM 2KBIT I2C 400KHZ 8DIP,memory,1486,0.45,"8-DIP (0.300"", 7.62mm)",Through Hole,Active,https://ww1.microchip.com/downloads/aemDocuments/documents/MPD/ProductDocuments/DataSheets/2-Kbit-5.0V-I2C-Serial-EEPROM-Data-Sheet-DS20001202.pdf,https://www.digikey.com/en/products/detail/microchip-technology/24C02C-I-P/318616,900 ns,400 kHz,Not Verified,,EEPROM,I2C,256 x 8,2Kbit,Non-Volatile,-40°C ~ 85°C (TA),,,EEPROM,4.5V ~ 5.5V,1ms
24C02C/SN,Microchip Technology,IC EEPROM 2KBIT I2C 400KHZ 8SOIC,memory,6614,0.35,"8-SOIC (0.154"", 3.90mm Width)",Surface Mount,Active,https://ww1.microchip.com/downloads/aemDocuments/documents/MPD/ProductDocuments/DataSheets/2-Kbit-5.0V-I2C-Serial-EEPROM-Data-Sheet-DS20001202.pdf,https://www.digikey.com/en/products/detail/microchip-technology/24C02C-SN/264015,3.5 µs,400 kHz,Not Verified,,EEPROM,I2C,256 x 8,2Kbit,Non-Volatile,0°C ~ 70°C (TA),,,EEPROM,4.5V ~ 5.5V,1.5ms
24CS256T-E/OT,Microchip Technology,IC EEPROM 256KBIT I2C SOT23-5,memory,1206,0.52,"SC-74A, SOT-753",Surface Mount,Active,https://ww1.microchip.com/downloads/aemDocuments/documents/MPD/ProductDocuments/DataSheets/24CS256-256-Kbit-3.4-MHz-I2C-Serial-EEPROM-with-128-Bit-Serial-Number-and-Enhanced-Software-Write-Protection-DS20005998.pdf,https://www.digikey.com/en/products/detail/microchip-technology/24CS256T-E-OT/16889581,400 ns,1 MHz,Not Verified,,EEPROM,I2C,32K x 8,256Kbit,Non-Volatile,-40°C ~ 125°C (TA),,,EEPROM,1.7V ~ 5.5V,5ms
24CS256T-I/OT,Microchip Technology,IC EEPROM 256KBIT I2C SOT23-5,memory,2255,0.46,"SC-74A, SOT-753",Surface Mount,Active,https://ww1.microchip.com/downloads/aemDocuments/documents/MPD/ProductDocuments/DataSheets/24CS256-256-Kbit-3.4-MHz-I2C-Serial-EEPROM-with-128-Bit-Serial-Number-and-Enhanced-Software-Write-Protection-DS20005998.pdf,https://www.digikey.com/en/products/detail/microchip-technology/24CS256T-I-OT/16889559,70 ns,3.4 MHz,Not Verified,,EEPROM,I2C,32K x 8,256Kbit,Non-Volatile,-40°C ~ 85°C (TA),,,EEPROM,1.7V ~ 5.5V,5ms
24CS512T-E/OT,Microchip Technology,IC EEPROM 512KBIT I2C SOT23-5,memory,1084,0.72,"SC-74A, SOT-753",Surface Mount,Active,https://ww1.microchip.com/downloads/aemDocuments/documents/MPD/ProductDocuments/DataSheets/24CS512-512-Kbit-3.4-MHz-I2C-Serial-EEPROM-with-128-Bit-Serial-Number-and-Enhanced-Software-Write-Protection-DS20005769.pdf,https://www.digikey.com/en/products/detail/microchip-technology/24CS512T-E-OT/12807363,400 ns,3.4 MHz,Not Verified,,EEPROM,I2C,64K x 8,512Kbit,Non-Volatile,-40°C ~ 125°C (TA),,,EEPROM,1.7V ~ 5.5V,5ms
24CS512T-E/Q4B,Microchip Technology,IC EEPROM 512KBIT I2C 8UDFN,memory,7387,0.82,8-UFDFN Exposed Pad,Surface Mount,Active,https://ww1.microchip.com/downloads/aemDocuments/documents/MPD/ProductDocuments/DataSheets/24CS512-512-Kbit-3.4-MHz-I2C-Serial-EEPROM-with-128-Bit-Serial-Number-and-Enhanced-Software-Write-Protection-DS20005769.pdf,https://www.digikey.com/en/products/detail/microchip-technology/24CS512T-E-Q4B/15219716,400 ns,3.4 MHz,Not Verified,,EEPROM,I2C,64K x 8,512Kbit,Non-Volatile,-40°C ~ 125°C (TA),,,EEPROM,1.7V ~ 5.5V,5ms
24CS512T-I/OT,Microchip Technology,IC EEPROM 512KBIT I2C SOT23-5,memory,1914,0.66,"SC-74A, SOT-753",Surface Mount,Active,https://ww1.microchip.com/downloads/aemDocuments/documents/MPD/ProductDocuments/DataSheets/24CS512-512-Kbit-3.4-MHz-I2C-Serial-EEPROM-with-128-Bit-Serial-Number-and-Enhanced-Software-Write-Protection-DS20005769.pdf,https://www.digikey.com/en/products/detail/microchip-technology/24CS512T-I-OT/12807401,400 ns,3.4 MHz,Not Verified,,EEPROM,I2C,64K x 8,512Kbit,Non-Volatile,-40°C ~ 85°C (TA),,,EEPROM,1.7V ~ 5.5V,5ms
24CSM01T-E/Q4B,Microchip Technology,IC EEPROM 1MBIT I2C 8UDFN,memory,10769,1.1,8-UFDFN Exposed Pad,Surface Mount,Active,https://ww1.microchip.com/downloads/aemDocuments/documents/MPD/ProductDocuments/DataSheets/24CSM01-1-Mbit-3.4MHz-I2C-Serial-EEPROM-DS20006781.pdf,https://www.digikey.com/en/products/detail/microchip-technology/24CSM01T-E-Q4B/22194589,70 ns,1 MHz,,,EEPROM,I2C,128K x 8,1Mbit,Non-Volatile,-40°C ~ 125°C (TC),,,EEPROM,1.7V ~ 5.5V,5ms
24CSM01T-I/Q4B,Microchip Technology,IC EEPROM 1MBIT I2C 8UDFN,memory,1221,1.04,8-UFDFN Exposed Pad,Surface Mount,Active,https://ww1.microchip.com/downloads/aemDocuments/documents/MPD/ProductDocuments/DataSheets/24CSM01-1-Mbit-3.4MHz-I2C-Serial-EEPROM-DS20006781.pdf,https://www.digikey.com/en/products/detail/microchip-technology/24CSM01T-I-Q4B/22194208,400 ns,3.4 MHz,,,EEPROM,I2C,128K x 8,1Mbit,Non-Volatile,-40°C ~ 85°C (TC),,,EEPROM,1.7V ~ 5.5V,5ms
24CW1280T-I/OT,Microchip Technology,IC EEPROM 128KBIT I2C SOT23-5,memory,10820,0.66,"SC-74A, SOT-753",Surface Mount,Active,https://ww1.microchip.com/downloads/aemDocuments/documents/OTH/ProductDocuments/DataSheets/24CW16X-24CW32X-24CW64X-24CW128X-Data-Sheet-20005772B.pdf,https://www.digikey.com/en/products/detail/microchip-technology/24CW1280T-I-OT/9606899,450 ns,1 MHz,Not Verified,,EEPROM,I2C,16K x 8,128Kbit,Non-Volatile,-40°C ~ 85°C (TA),,24CW,EEPROM,1.6V ~ 5.5V,5ms
24CW160T-I/OT,Microchip Technology,IC EEPROM 16KBIT I2C SOT23-5,memory,6799,0.38,"SC-74A, SOT-753",Surface Mount,Active,https://ww1.microchip.com/downloads/aemDocuments/documents/OTH/ProductDocuments/DataSheets/24CW16X-24CW32X-24CW64X-24CW128X-Data-Sheet-20005772B.pdf,https://www.digikey.com/en/products/detail/microchip-technology/24CW160T-I-OT/8594954,450 ns,1 MHz,Not Verified,,EEPROM,I2C,2K x 8,16Kbit,Non-Volatile,-40°C ~ 85°C (TA),,24CW,EEPROM,1.6V ~ 5.5V,5ms
24CW320T-I/OT,Microchip Technology,IC EEPROM 32KBIT I2C SOT23-5,memory,8492,0.41,"SC-74A, SOT-753",Surface Mount,Active,https://ww1.microchip.com/downloads/aemDocuments/documents/OTH/ProductDocuments/DataSheets/24CW16X-24CW32X-24CW64X-24CW128X-Data-Sheet-20005772B.pdf,https://www.digikey.com/en/products/detail/microchip-technology/24CW320T-I-OT/8594955,450 ns,1 MHz,Not Verified,,EEPROM,I2C,4K x 8,32Kbit,Non-Volatile,-40°C ~ 85°C (TA),,24CW,EEPROM,1.6V ~ 5.5V,5ms
24CW640T-I/CS0668,Microchip Technology,IC EEPROM 64KBIT I2C 1MHZ 4CSP,memory,38811,0.58,"4-XFBGA, CSPBGA",Surface Mount,Active,https://ww1.microchip.com/downloads/aemDocuments/documents/OTH/ProductDocuments/DataSheets/24CW16X-24CW32X-24CW64X-24CW128X-Data-Sheet-20005772B.pdf,https://www.digikey.com/en/products/detail/microchip-technology/24CW640T-I-CS0668/8594939,450 ns,1 MHz,Not Verified,,EEPROM,I2C,8K x 8,64Kbit,Non-Volatile,-40°C ~ 85°C (TA),,24CW,EEPROM,1.6V ~ 5.5V,5ms
24CW640T-I/CS1668,Microchip Technology,IC EEPROM 64KBIT I2C 1MHZ 4CSP,memory,15444,0.58,"4-XFBGA, CSPBGA",Surface Mount,Active,https://ww1.microchip.com/downloads/aemDocuments/documents/OTH/ProductDocuments/DataSheets/24CW16X-24CW32X-24CW64X-24CW128X-Data-Sheet-20005772B.pdf,https://www.digikey.com/en/products/detail/microchip-technology/24CW640T-I-CS1668/8594940,450 ns,1 MHz,Not Verified,,EEPROM,I2C,8K x 8,64Kbit,Non-Volatile,-40°C ~ 85°C (TA),,24CW,EEPROM,1.6V ~ 5.5V,5ms
24CW640T-I/OT,Microchip Technology,IC EEPROM 64KBIT I2C SOT23-5,memory,2250,0.54,"SC-74A, SOT-753",Surface Mount,Active,https://ww1.microchip.com/downloads/aemDocuments/documents/OTH/ProductDocuments/DataSheets/24CW16X-24CW32X-24CW64X-24CW128X-Data-Sheet-20005772B.pdf,https://www.digikey.com/en/products/detail/microchip-technology/24CW640T-I-OT/8594956,450 ns,1 MHz,Not Verified,,EEPROM,I2C,8K x 8,64Kbit,Non-Volatile,-40°C ~ 85°C (TA),,24CW,EEPROM,1.6V ~ 5.5V,5ms
24FC01T-E/OT,Microchip Technology,IC EEPROM 1KBIT I2C 1MHZ SOT23-5,memory,3643,0.22,"SC-74A, SOT-753",Surface Mount,Active,https://ww1.microchip.com/downloads/en/DeviceDoc/24AA01-24LC01B-24FC01-1K-I2C-Serial-EEPROM-20001711M.pdf,https://www.digikey.com/en/products/detail/microchip-technology/24FC01T-E-OT/9996239,450 ns,1 MHz,Not Verified,,EEPROM,I2C,128 x 8,1Kbit,Non-Volatile,-40°C ~ 125°C (TA),,,EEPROM,1.7V ~ 5.5V,5ms
24FC01T-I/OT,Microchip Technology,IC EEPROM 1KBIT I2C 1MHZ SOT23-5,memory,5844,0.16,"SC-74A, SOT-753",Surface Mount,Active,https://ww1.microchip.com/downloads/en/DeviceDoc/24AA01-24LC01B-24FC01-1K-I2C-Serial-EEPROM-20001711M.pdf,https://www.digikey.com/en/products/detail/microchip-technology/24FC01T-I-OT/9867109,450 ns,1 MHz,Not Verified,,EEPROM,I2C,128 x 8,1Kbit,Non-Volatile,-40°C ~ 85°C (TA),,,EEPROM,1.7V ~ 5.5V,5ms
24FC02T-I/OT,Microchip Technology,IC EEPROM 2KBIT I2C 1MHZ SOT23-5,memory,6112,0.18,"SC-74A, SOT-753",Surface Mount,Active,https://ww1.microchip.com/downloads/aemDocuments/documents/MPD/ProductDocuments/DataSheets/24AA02-24LC02B-24FC02-2Kbit-I2C-Serial-EEPROM-DS20001709.pdf,https://www.digikey.com/en/products/detail/microchip-technology/24FC02T-I-OT/9867119,450 ns,1 MHz,Not Verified,,EEPROM,I2C,256 x 8,2Kbit,Non-Volatile,-40°C ~ 85°C (TA),,,EEPROM,1.7V ~ 5.5V,5ms
24FC08T-I/OT,Microchip Technology,IC EEPROM 8KBIT I2C 1MHZ SOT23-5,memory,3184,0.24,"SC-74A, SOT-753",Surface Mount,Active,https://ww1.microchip.com/downloads/en/DeviceDoc/24AA08-24LC08B-24FC08-8K-I2C-Serial-EEPROM-20001710M.pdf,https://www.digikey.com/en/products/detail/microchip-technology/24FC08T-I-OT/12177633,450 ns,1 MHz,Not Verified,,EEPROM,I2C,1K x 8,8Kbit,Non-Volatile,-40°C ~ 85°C (TA),,,EEPROM,1.7V ~ 5.5V,5ms
24FC1025-I/P,Microchip Technology,IC EEPROM 1MBIT I2C 1MHZ 8DIP,memory,233,1.3,"8-DIP (0.300"", 7.62mm)",Through Hole,Active,https://ww1.microchip.com/downloads/en/DeviceDoc/20001941L.pdf,https://www.digikey.com/en/products/detail/microchip-technology/24FC1025-I-P/957537,400 ns,1 MHz,Not Verified,,EEPROM,I2C,128K x 8,1Mbit,Non-Volatile,-40°C ~ 85°C (TA),,,EEPROM,1.8V ~ 5.5V,5ms
24FC1025-I/SN,Microchip Technology,IC EEPROM 1MBIT I2C 1MHZ 8SOIC,memory,2578,1.1,"8-SOIC (0.154"", 3.90mm Width)",Surface Mount,Active,https://ww1.microchip.com/downloads/en/DeviceDoc/20001941L.pdf,https://www.digikey.com/en/products/detail/microchip-technology/24FC1025-I-SN/2270913,400 ns,1 MHz,Verified,,EEPROM,I2C,128K x 8,1Mbit,Non-Volatile,-40°C ~ 85°C (TA),,,EEPROM,1.8V ~ 5.5V,5ms
24FC1025T-I/SM,Microchip Technology,IC EEPROM 1MBIT I2C 1MHZ 8SOIJ,memory,5305,1.3,"8-SOIC (0.209"", 5.30mm Width)",Surface Mount,Active,https://ww1.microchip.com/downloads/en/DeviceDoc/20001941L.pdf,https://www.digikey.com/en/products/detail/microchip-technology/24FC1025T-I-SM/957539,400 ns,1 MHz,Verified,,EEPROM,I2C,128K x 8,1Mbit,Non-Volatile,-40°C ~ 85°C (TA),,,EEPROM,1.8V ~ 5.5V,5ms
24FC1025T-I/SN,Microchip Technology,IC EEPROM 1MBIT I2C 1MHZ 8SOIC,memory,40832,1.18,"8-SOIC (0.154"", 3.90mm Width)",Surface Mount,Active,https://ww1.microchip.com/downloads/en/DeviceDoc/20001941L.pdf,https://www.digikey.com/en/products/detail/microchip-technology/24FC1025T-I-SN/2332778,400 ns,1 MHz,Verified,,EEPROM,I2C,128K x 8,1Mbit,Non-Volatile,-40°C ~ 85°C (TA),,,EEPROM,1.8V ~ 5.5V,5ms
24FC1026T-I/SN,Microchip Technology,IC EEPROM 1MBIT I2C 1MHZ 8SOIC,memory,3922,1.19,"8-SOIC (0.154"", 3.90mm Width)",Surface Mount,Active,https://ww1.microchip.com/downloads/en/DeviceDoc/20002270E.pdf,https://www.digikey.com/en/products/detail/microchip-technology/24FC1026T-I-SN/2614893,400 ns,1 MHz,Not Verified,,EEPROM,I2C,128K x 8,1Mbit,Non-Volatile,-40°C ~ 85°C (TA),,,EEPROM,1.8V ~ 5.5V,5ms
24FC128T-I/SN,Microchip Technology,IC EEPROM 128KBIT I2C 8SOIC,memory,3725,0.49,"8-SOIC (0.154"", 3.90mm Width)",Surface Mount,Active,https://ww1.microchip.com/downloads/en/DeviceDoc/24AA128-24LC128-24FC128-128K-I2C-Serial-EEPROM-DS.pdf,https://www.digikey.com/en/products/detail/microchip-technology/24FC128T-I-SN/318637,400 ns,1 MHz,Verified,,EEPROM,I2C,16K x 8,128Kbit,Non-Volatile,-40°C ~ 85°C (TA),,,EEPROM,1.7V ~ 5.5V,5ms
24FC16T-I/OT,Microchip Technology,IC EEPROM 16KBIT I2C SOT23-5,memory,19541,0.26,"SC-74A, SOT-753",Surface Mount,Active,https://ww1.microchip.com/downloads/en/DeviceDoc/20001703M.pdf,https://www.digikey.com/en/products/detail/microchip-technology/24FC16T-I-OT/12177544,450 ns,1 MHz,Not Verified,,EEPROM,I2C,2K x 8,16Kbit,Non-Volatile,-40°C ~ 85°C (TA),,,EEPROM,1.7V ~ 5.5V,5ms
24FC256-I/MS,Microchip Technology,IC EEPROM 256KBIT I2C 1MHZ 8MSOP,memory,1991,0.72,"8-TSSOP, 8-MSOP (0.118"", 3.00mm Width)",Surface Mount,Active,https://ww1.microchip.com/downloads/aemDocuments/documents/MPD/ProductDocuments/DataSheets/24AA256-24LC256-24FC256-256K-I2C-Serial-EEPROM-DS20001203.pdf,https://www.digikey.com/en/products/detail/microchip-technology/24FC256-I-MS/482228,400 ns,1 MHz,Verified,,EEPROM,I2C,32K x 8,256Kbit,Non-Volatile,-40°C ~ 85°C (TA),,,EEPROM,1.7V ~ 5.5V,5ms
24FC256-I/ST,Microchip Technology,IC EEPROM 256KBIT I2C 8TSSOP,memory,1089,0.68,"8-TSSOP (0.173"", 4.40mm Width)",Surface Mount,Active,https://ww1.microchip.com/downloads/aemDocuments/documents/MPD/ProductDocuments/DataSheets/24AA256-24LC256-24FC256-256K-I2C-Serial-EEPROM-DS20001203.pdf,https://www.digikey.com/en/products/detail/microchip-technology/24FC256-I-ST/442576,400 ns,1 MHz,Verified,,EEPROM,I2C,32K x 8,256Kbit,Non-Volatile,-40°C ~ 85°C (TA),,,EEPROM,1.7V ~ 5.5V,5ms
24FC256T-I/MNY,Microchip Technology,IC EEPROM 256KBIT I2C 1MHZ 8TDFN,memory,7857,0.75,8-WFDFN Exposed Pad,Surface Mount,Active,https://ww1.microchip.com/downloads/aemDocuments/documents/MPD/ProductDocuments/DataSheets/24AA256-24LC256-24FC256-256K-I2C-Serial-EEPROM-DS20001203.pdf,https://www.digikey.com/en/products/detail/microchip-technology/24FC256T-I-MNY/3871646,400 ns,1 MHz,Not Verified,,EEPROM,I2C,32K x 8,256Kbit,Non-Volatile,-40°C ~ 85°C (TA),,,EEPROM,1.7V ~ 5.5V,5ms
24FC256T-I/SN,Microchip Technology,IC EEPROM 256KBIT I2C 1MHZ 8SOIC,memory,3174,0.7,"8-SOIC (0.154"", 3.90mm Width)",Surface Mount,Active,https://ww1.microchip.com/downloads/aemDocuments/documents/MPD/ProductDocuments/DataSheets/24AA256-24LC256-24FC256-256K-I2C-Serial-EEPROM-DS20001203.pdf,https://www.digikey.com/en/products/detail/microchip-technology/24FC256T-I-SN/482271,400 ns,1 MHz,Verified,,EEPROM,I2C,32K x 8,256Kbit,Non-Volatile,-40°C ~ 85°C (TA),,,EEPROM,1.7V ~ 5.5V,5ms
24FC512-I/MF,Microchip Technology,IC EEPROM 512KBIT I2C 1MHZ 8DFN,memory,734,1.5,8-VDFN Exposed Pad,Surface Mount,Active,https://ww1.microchip.com/downloads/en/DeviceDoc/24AA512-24LC512-24FC512-512K-Bit-I2C-Serial-EEPROM-20001754Q.pdf,https://www.digikey.com/en/products/detail/microchip-technology/24FC512-I-MF/572951,400 ns,1 MHz,Not Verified,,EEPROM,I2C,64K x 8,512Kbit,Non-Volatile,-40°C ~ 85°C (TA),,,EEPROM,1.7V ~ 5.5V,5ms
24FC512-I/ST,Microchip Technology,IC EEPROM 512KBIT I2C 8TSSOP,memory,1045,0.82,"8-TSSOP (0.173"", 4.40mm Width)",Surface Mount,Active,https://ww1.microchip.com/downloads/en/DeviceDoc/24AA512-24LC512-24FC512-512K-Bit-I2C-Serial-EEPROM-20001754Q.pdf,https://www.digikey.com/en/products/detail/microchip-technology/24FC512-I-ST/2258571,400 ns,1 MHz,Not Verified,,EEPROM,I2C,64K x 8,512Kbit,Non-Volatile,-40°C ~ 85°C (TA),,,EEPROM,1.7V ~ 5.5V,5ms
24FC512T-E/OT,Microchip Technology,IC EEPROM 512KBIT I2C SOT23-5,memory,3769,0.86,"SC-74A, SOT-753",Surface Mount,Active,https://ww1.microchip.com/downloads/en/DeviceDoc/24AA512-24LC512-24FC512-512K-Bit-I2C-Serial-EEPROM-20001754Q.pdf,https://www.digikey.com/en/products/detail/microchip-technology/24FC512T-E-OT/14291634,900 ns,1 MHz,Not Verified,Automotive,EEPROM,I2C,64K x 8,512Kbit,Non-Volatile,-40°C ~ 125°C (TA),AEC-Q100,,EEPROM,1.7V ~ 5.5V,5ms
24FC512T-E/Q4B,Microchip Technology,IC EEPROM 512KBIT I2C 1MHZ 8UDFN,memory,3483,0.87,8-UFDFN Exposed Pad,Surface Mount,Active,http://ww1.microchip.com/downloads/en/devicedoc/21754m.pdf,https://www.digikey.com/en/products/detail/microchip-technology/24FC512T-E-Q4B/15219651,900 ns,1 MHz,Not Verified,Automotive,EEPROM,I2C,64K x 8,512Kbit,Non-Volatile,-40°C ~ 125°C (TA),AEC-Q100,,EEPROM,1.7V ~ 5.5V,5ms
24FC512T-I/OT,Microchip Technology,IC EEPROM 512KBIT I2C SOT23-5,memory,6077,0.8,"SC-74A, SOT-753",Surface Mount,Active,https://ww1.microchip.com/downloads/en/DeviceDoc/24AA512-24LC512-24FC512-512K-Bit-I2C-Serial-EEPROM-20001754Q.pdf,https://www.digikey.com/en/products/detail/microchip-technology/24FC512T-I-OT/14291986,900 ns,1 MHz,Not Verified,Automotive,EEPROM,I2C,64K x 8,512Kbit,Non-Volatile,-40°C ~ 85°C (TA),AEC-Q100,,EEPROM,1.7V ~ 5.5V,5ms
24FC512T-I/Q4B,Microchip Technology,IC EEPROM 512KBIT I2C 1MHZ 8UDFN,memory,3485,0.9,8-UFDFN Exposed Pad,Surface Mount,Active,http://ww1.microchip.com/downloads/en/devicedoc/21754m.pdf,https://www.digikey.com/en/products/detail/microchip-technology/24FC512T-I-Q4B/15219702,900 ns,1 MHz,Not Verified,Automotive,EEPROM,I2C,64K x 8,512Kbit,Non-Volatile,-40°C ~ 85°C (TA),AEC-Q100,,EEPROM,1.7V ~ 5.5V,5ms
24FC512T-I/SM,Microchip Technology,IC EEPROM 512KBIT I2C 1MHZ 8SOIJ,memory,4694,0.98,"8-SOIC (0.209"", 5.30mm Width)",Surface Mount,Active,https://ww1.microchip.com/downloads/en/DeviceDoc/24AA512-24LC512-24FC512-512K-Bit-I2C-Serial-EEPROM-20001754Q.pdf,https://www.digikey.com/en/products/detail/microchip-technology/24FC512T-I-SM/572370,400 ns,1 MHz,Verified,,EEPROM,I2C,64K x 8,512Kbit,Non-Volatile,-40°C ~ 85°C (TA),,,EEPROM,1.7V ~ 5.5V,5ms
24FC512T-I/SN,Microchip Technology,IC EEPROM 512KBIT I2C 1MHZ 8SOIC,memory,4081,0.86,"8-SOIC (0.154"", 3.90mm Width)",Surface Mount,Active,https://ww1.microchip.com/downloads/en/DeviceDoc/24AA512-24LC512-24FC512-512K-Bit-I2C-Serial-EEPROM-20001754Q.pdf,https://www.digikey.com/en/products/detail/microchip-technology/24FC512T-I-SN/2260244,400 ns,1 MHz,Verified,,EEPROM,I2C,64K x 8,512Kbit,Non-Volatile,-40°C ~ 85°C (TA),,,EEPROM,1.7V ~ 5.5V,5ms
24FC64FT-I/OT,Microchip Technology,IC EEPROM 64KBIT I2C SOT23-5,memory,1655,0.38,"SC-74A, SOT-753",Surface Mount,Active,https://ww1.microchip.com/downloads/en/DeviceDoc/22154B.pdf,https://www.digikey.com/en/products/detail/microchip-technology/24FC64FT-I-OT/2651405,400 ns,1 MHz,Not Verified,,EEPROM,I2C,8K x 8,64Kbit,Non-Volatile,-40°C ~ 85°C (TA),,,EEPROM,1.7V ~ 5.5V,5ms
24FC64T-I/MNY,Microchip Technology,IC EEPROM 64KBIT I2C 1MHZ 8TDFN,memory,3249,0.47,8-WFDFN Exposed Pad,Surface Mount,Active,https://ww1.microchip.com/downloads/aemDocuments/documents/MPD/ProductDocuments/DataSheets/24AA64-24FC64-24LC64-64-Kbit-I2C-Serial-EEPROM-DS20001189.pdf,https://www.digikey.com/en/products/detail/microchip-technology/24FC64T-I-MNY/2651406,400 ns,1 MHz,Not Verified,,EEPROM,I2C,8K x 8,64Kbit,Non-Volatile,-40°C ~ 85°C (TA),,,EEPROM,1.7V ~ 5.5V,5ms
24FC64T-I/SN,Microchip Technology,IC EEPROM 64KBIT I2C 1MHZ 8SOIC,memory,4636,0.43,"8-SOIC (0.154"", 3.90mm Width)",Surface Mount,Active,https://ww1.microchip.com/downloads/aemDocuments/documents/MPD/ProductDocuments/DataSheets/24AA64-24FC64-24LC64-64-Kbit-I2C-Serial-EEPROM-DS20001189.pdf,https://www.digikey.com/en/products/detail/microchip-technology/24FC64T-I-SN/1626587,400 ns,1 MHz,Not Verified,,EEPROM,I2C,8K x 8,64Kbit,Non-Volatile,-40°C ~ 85°C (TA),,,EEPROM,1.7V ~ 5.5V,5ms
24LC00T-I/OT,Microchip Technology,IC EEPROM 128BIT I2C SOT23-5,memory,6636,0.28,"SC-74A, SOT-753",Surface Mount,Active,https://ww1.microchip.com/downloads/aemDocuments/documents/MPD/ProductDocuments/DataSheets/24AA00-24LC00-24C00-Data-Sheet-20001178J.pdf,https://www.digikey.com/en/products/detail/microchip-technology/24LC00T-I-OT/318644,3.5 µs,400 kHz,Verified,,EEPROM,I2C,16 x 8,128bit,Non-Volatile,-40°C ~ 85°C (TA),,,EEPROM,2.5V ~ 5.5V,4ms
24LC01B-I/P,Microchip Technology,IC EEPROM 1KBIT I2C 400KHZ 8DIP,memory,4081,0.37,"8-DIP (0.300"", 7.62mm)",Through Hole,Active,https://ww1.microchip.com/downloads/aemDocuments/documents/MPD/ProductDocuments/DataSheets/24AA01H-24LC01BH-1-Kbit-I2C-Serial-EEPROM-with-Half-Array-Write-Protect-20002104B.pdf,https://www.digikey.com/en/products/detail/microchip-technology/24LC01B-I-P/218075,3.5 µs,400 kHz,Verified,,EEPROM,I2C,128 x 8,1Kbit,Non-Volatile,-40°C ~ 85°C (TA),,,EEPROM,2.5V ~ 5.5V,5ms
24LC01B-I/SN,Microchip Technology,IC EEPROM 1KBIT I2C 400KHZ 8SOIC,memory,4108,0.28,"8-SOIC (0.154"", 3.90mm Width)",Surface Mount,Active,https://ww1.microchip.com/downloads/aemDocuments/documents/MPD/ProductDocuments/DataSheets/24AA01-24LC01B-24FC01-1K-I2C-Serial-EEPROM-20001711N.pdf,https://www.digikey.com/en/products/detail/microchip-technology/24LC01B-I-SN/218076,3.5 µs,400 kHz,Verified,,EEPROM,I2C,128 x 8,1Kbit,Non-Volatile,-40°C ~ 85°C (TA),,,EEPROM,2.5V ~ 5.5V,5ms
24LC01BT-I/OT,Microchip Technology,IC EEPROM 1KBIT I2C SOT23-5,memory,2212,0.28,"SC-74A, SOT-753",Surface Mount,Active,https://ww1.microchip.com/downloads/en/DeviceDoc/24AA01-24LC01B-24FC01-1K-I2C-Serial-EEPROM-20001711M.pdf,https://www.digikey.com/en/products/detail/microchip-technology/24LC01BT-I-OT/318651,3.5 µs,400 kHz,Verified,,EEPROM,I2C,128 x 8,1Kbit,Non-Volatile,-40°C ~ 85°C (TA),,,EEPROM,2.5V ~ 5.5V,5ms
24LC01BT-I/SN,Microchip Technology,IC EEPROM 1KBIT I2C 400KHZ 8SOIC,memory,42009,0.31,"8-SOIC (0.154"", 3.90mm Width)",Surface Mount,Active,https://ww1.microchip.com/downloads/aemDocuments/documents/MPD/ProductDocuments/DataSheets/24AA01-24LC01B-24FC01-1Kbit-I2C-Serial-EEPROM-DS20001711.pdf,https://www.digikey.com/en/products/detail/microchip-technology/24LC01BT-I-SN/318652,3.5 µs,400 kHz,Verified,,EEPROM,I2C,128 x 8,1Kbit,Non-Volatile,-40°C ~ 85°C (TA),,,EEPROM,2.5V ~ 5.5V,5ms
24LC024-I/SN,Microchip Technology,IC EEPROM 2KBIT I2C 400KHZ 8SOIC,memory,1427,0.35,"8-SOIC (0.154"", 3.90mm Width)",Surface Mount,Active,https://ww1.microchip.com/downloads/aemDocuments/documents/MPD/ProductDocuments/DataSheets/24AA024-24LC024-24AA025-24LC025-2-Kbit-I2C-Serial-EEPROM-DS20001210.pdf,https://www.digikey.com/en/products/detail/microchip-technology/24LC024-I-SN/318656,900 ns,400 kHz,Verified,,EEPROM,I2C,256 x 8,2Kbit,Non-Volatile,-40°C ~ 85°C (TA),,,EEPROM,2.5V ~ 5.5V,5ms
24LC025-I/ST,Microchip Technology,IC EEPROM 2KBIT I2C 8TSSOP,memory,2088,0.41,"8-TSSOP (0.173"", 4.40mm Width)",Surface Mount,Active,https://ww1.microchip.com/downloads/aemDocuments/documents/MPD/ProductDocuments/DataSheets/24AA024-24LC024-24AA025-24LC025-2-Kbit-I2C-Serial-EEPROM-DS20001210.pdf,https://www.digikey.com/en/products/detail/microchip-technology/24LC025-I-ST/443659,900 ns,400 kHz,Not Verified,,EEPROM,I2C,256 x 8,2Kbit,Non-Volatile,-40°C ~ 85°C (TA),,,EEPROM,2.5V ~ 5.5V,5ms
24LC025T-I/OT,Microchip Technology,IC EEPROM 2KBIT I2C SOT23-6,memory,6155,0.35,SOT-23-6,Surface Mount,Active,https://ww1.microchip.com/downloads/aemDocuments/documents/MPD/ProductDocuments/DataSheets/24AA024-24LC024-24AA025-24LC025-2-Kbit-I2C-Serial-EEPROM-DS20001210.pdf,https://www.digikey.com/en/products/detail/microchip-technology/24LC025T-I-OT/2059628,900 ns,400 kHz,Not Verified,,EEPROM,I2C,256 x 8,2Kbit,Non-Volatile,-40°C ~ 85°C (TA),,,EEPROM,2.5V ~ 5.5V,5ms
24LC02B-I/P,Microchip Technology,IC EEPROM 2KBIT I2C 400KHZ 8DIP,memory,1472,0.39,"8-DIP (0.300"", 7.62mm)",Through Hole,Active,https://ww1.microchip.com/downloads/aemDocuments/documents/OTH/ProductDocuments/DataSheets/20005202A.pdf,https://www.digikey.com/en/products/detail/microchip-technology/24LC02B-I-P/318665,900 ns,400 kHz,Verified,,EEPROM,I2C,256 x 8,2Kbit,Non-Volatile,-40°C ~ 85°C (TA),,,EEPROM,2.5V ~ 5.5V,5ms
24LC02B-I/SN,Microchip Technology,IC EEPROM 2KBIT I2C 400KHZ 8SOIC,memory,3411,0.29,"8-SOIC (0.154"", 3.90mm Width)",Surface Mount,Active,https://ww1.microchip.com/downloads/aemDocuments/documents/OTH/ProductDocuments/DataSheets/20005202A.pdf,https://www.digikey.com/en/products/detail/microchip-technology/24LC02B-I-SN/318666,900 ns,400 kHz,Verified,,EEPROM,I2C,256 x 8,2Kbit,Non-Volatile,-40°C ~ 85°C (TA),,,EEPROM,2.5V ~ 5.5V,5ms
24LC02B/SN,Microchip Technology,IC EEPROM 2KBIT I2C 400KHZ 8SOIC,memory,1193,0.31,"8-SOIC (0.154"", 3.90mm Width)",Surface Mount,Active,https://ww1.microchip.com/downloads/aemDocuments/documents/OTH/ProductDocuments/DataSheets/20005202A.pdf,https://www.digikey.com/en/products/detail/microchip-technology/24LC02B-SN/170138,900 ns,400 kHz,Verified,,EEPROM,I2C,256 x 8,2Kbit,Non-Volatile,0°C ~ 70°C (TA),,,EEPROM,2.5V ~ 5.5V,5ms
24LC02BT-E/OT,Microchip Technology,IC EEPROM 2KBIT I2C SOT23-5,memory,1419,0.37,"SC-74A, SOT-753",Surface Mount,Active,https://ww1.microchip.com/downloads/aemDocuments/documents/OTH/ProductDocuments/DataSheets/20005202A.pdf,https://www.digikey.com/en/products/detail/microchip-technology/24LC02BT-E-OT/509526,900 ns,400 kHz,Verified,,EEPROM,I2C,256 x 8,2Kbit,Non-Volatile,-40°C ~ 125°C (TA),,,EEPROM,2.5V ~ 5.5V,5ms
24LC02BT-I/LT,Microchip Technology,IC EEPROM 2KBIT I2C SC70-5,memory,5091,0.35,"5-TSSOP, SC-70-5, SOT-353",Surface Mount,Active,https://ww1.microchip.com/downloads/aemDocuments/documents/OTH/ProductDocuments/DataSheets/20005202A.pdf,https://www.digikey.com/en/products/detail/microchip-technology/24LC02BT-I-LT/2039839,900 ns,400 kHz,Not Verified,,EEPROM,I2C,256 x 8,2Kbit,Non-Volatile,-40°C ~ 85°C (TA),,,EEPROM,2.5V ~ 5.5V,5ms
24LC02BT-I/OT,Microchip Technology,IC EEPROM 2KBIT I2C SOT23-5,memory,5098,0.31,"SC-74A, SOT-753",Surface Mount,Active,https://ww1.microchip.com/downloads/aemDocuments/documents/OTH/ProductDocuments/DataSheets/20005202A.pdf,https://www.digikey.com/en/products/detail/microchip-technology/24LC02BT-I-OT/443519,900 ns,400 kHz,Verified,,EEPROM,I2C,256 x 8,2Kbit,Non-Volatile,-40°C ~ 85°C (TA),,,EEPROM,2.5V ~ 5.5V,5ms
24LC02BT-I/SN,Microchip Technology,IC EEPROM 2KBIT I2C 400KHZ 8SOIC,memory,5430,0.34,"8-SOIC (0.154"", 3.90mm Width)",Surface Mount,Active,https://ww1.microchip.com/downloads/aemDocuments/documents/OTH/ProductDocuments/DataSheets/20005202A.pdf,https://www.digikey.com/en/products/detail/microchip-technology/24LC02BT-I-SN/318667,900 ns,400 kHz,Verified,,EEPROM,I2C,256 x 8,2Kbit,Non-Volatile,-40°C ~ 85°C (TA),,,EEPROM,2.5V ~ 5.5V,5ms
24LC04B-I/P,Microchip Technology,IC EEPROM 4KBIT I2C 400KHZ 8DIP,memory,2240,0.42,"8-DIP (0.300"", 7.62mm)",Through Hole,Active,https://ww1.microchip.com/downloads/en/DeviceDoc/24AA04-24LC04B-24FC04-4K-I2C-Serial-EEPROM-20001708P.pdf,https://www.digikey.com/en/products/detail/microchip-technology/24LC04B-I-P/218077,900 ns,400 kHz,Verified,,EEPROM,I2C,256 x 8 x 2,4Kbit,Non-Volatile,-40°C ~ 85°C (TA),,,EEPROM,2.5V ~ 5.5V,5ms
24LC04B-I/SN,Microchip Technology,IC EEPROM 4KBIT I2C 400KHZ 8SOIC,memory,1908,0.35,"8-SOIC (0.154"", 3.90mm Width)",Surface Mount,Active,https://ww1.microchip.com/downloads/aemDocuments/documents/MPD/ProductDocuments/DataSheets/24AA01-24LC01B-24FC01-1K-I2C-Serial-EEPROM-20001711N.pdf,https://www.digikey.com/en/products/detail/microchip-technology/24LC04B-I-SN/218078,900 ns,400 kHz,Verified,,EEPROM,I2C,256 x 8 x 2,4Kbit,Non-Volatile,-40°C ~ 85°C (TA),,,EEPROM,2.5V ~ 5.5V,5ms
24LC04B/P,Microchip Technology,IC EEPROM 4KBIT I2C 400KHZ 8DIP,memory,1500,0.42,"8-DIP (0.300"", 7.62mm)",Through Hole,Active,https://ww1.microchip.com/downloads/en/DeviceDoc/24AA04-24LC04B-24FC04-4K-I2C-Serial-EEPROM-20001708P.pdf,https://www.digikey.com/en/products/detail/microchip-technology/24LC04B-P/170140,900 ns,400 kHz,Verified,,EEPROM,I2C,256 x 8 x 2,4Kbit,Non-Volatile,0°C ~ 70°C (TA),,,EEPROM,2.5V ~ 5.5V,5ms
24LC04B/SN,Microchip Technology,IC EEPROM 4KBIT I2C 400KHZ 8SOIC,memory,7006,0.33,"8-SOIC (0.154"", 3.90mm Width)",Surface Mount,Active,https://ww1.microchip.com/downloads/en/DeviceDoc/24AA04-24LC04B-24FC04-4K-I2C-Serial-EEPROM-20001708P.pdf,https://www.digikey.com/en/products/detail/microchip-technology/24LC04B-SN/170153,900 ns,400 kHz,Verified,,EEPROM,I2C,256 x 8 x 2,4Kbit,Non-Volatile,0°C ~ 70°C (TA),,,EEPROM,2.5V ~ 5.5V,5ms
24LC04BT-I/MC,Microchip Technology,IC EEPROM 4KBIT I2C 400KHZ 8DFN,memory,6196,0.44,8-VFDFN Exposed Pad,Surface Mount,Active,https://ww1.microchip.com/downloads/en/DeviceDoc/24AA04-24LC04B-24FC04-4K-I2C-Serial-EEPROM-20001708P.pdf,https://www.digikey.com/en/products/detail/microchip-technology/24LC04BT-I-MC/739317,900 ns,400 kHz,Verified,,EEPROM,I2C,256 x 8 x 2,4Kbit,Non-Volatile,-40°C ~ 85°C (TA),,,EEPROM,2.5V ~ 5.5V,5ms
24LC04BT-I/OT,Microchip Technology,IC EEPROM 4KBIT I2C SOT23-5,memory,3434,0.32,"SC-74A, SOT-753",Surface Mount,Active,https://ww1.microchip.com/downloads/en/DeviceDoc/24AA04-24LC04B-24FC04-4K-I2C-Serial-EEPROM-20001708P.pdf,https://www.digikey.com/en/products/detail/microchip-technology/24LC04BT-I-OT/443565,900 ns,400 kHz,Verified,,EEPROM,I2C,256 x 8 x 2,4Kbit,Non-Volatile,-40°C ~ 85°C (TA),,,EEPROM,2.5V ~ 5.5V,5ms
24LC04BT-I/SN,Microchip Technology,IC EEPROM 4KBIT I2C 400KHZ 8SOIC,memory,4239,0.37,"8-SOIC (0.154"", 3.90mm Width)",Surface Mount,Active,https://ww1.microchip.com/downloads/aemDocuments/documents/MPD/ProductDocuments/DataSheets/24AA01-24LC01B-24FC01-1K-I2C-Serial-EEPROM-20001711N.pdf,https://www.digikey.com/en/products/detail/microchip-technology/24LC04BT-I-SN/318669,900 ns,400 kHz,Verified,,EEPROM,I2C,256 x 8 x 2,4Kbit,Non-Volatile,-40°C ~ 85°C (TA),,,EEPROM,2.5V ~ 5.5V,5ms
24LC08BT-E/OT,Microchip Technology,IC EEPROM 8KBIT I2C SOT23-5,memory,5414,0.41,"SC-74A, SOT-753",Surface Mount,Active,https://ww1.microchip.com/downloads/en/DeviceDoc/24AA08-24LC08B-24FC08-8K-I2C-Serial-EEPROM-20001710M.pdf,https://www.digikey.com/en/products/detail/microchip-technology/24LC08BT-E-OT/509525,900 ns,400 kHz,Verified,,EEPROM,I2C,256 x 8 x 4,8Kbit,Non-Volatile,-40°C ~ 125°C (TA),,,EEPROM,2.5V ~ 5.5V,5ms
24LC08BT-I/OT,Microchip Technology,IC EEPROM 8KBIT I2C SOT23-5,memory,1800,0.35,"SC-74A, SOT-753",Surface Mount,Active,https://ww1.microchip.com/downloads/en/DeviceDoc/24AA08-24LC08B-24FC08-8K-I2C-Serial-EEPROM-20001710M.pdf,https://www.digikey.com/en/products/detail/microchip-technology/24LC08BT-I-OT/443520,900 ns,400 kHz,Verified,,EEPROM,I2C,256 x 8 x 4,8Kbit,Non-Volatile,-40°C ~ 85°C (TA),,,EEPROM,2.5V ~ 5.5V,5ms
24LC1025-E/SM,Microchip Technology,IC EEPROM 1MBIT I2C 400KHZ 8SOIJ,memory,1123,4.1,"8-SOIC (0.209"", 5.30mm Width)",Surface Mount,Active,https://ww1.microchip.com/downloads/en/DeviceDoc/20001941L.pdf,https://www.digikey.com/en/products/detail/microchip-technology/24LC1025-E-SM/1228487,900 ns,400 kHz,Verified,,EEPROM,I2C,128K x 8,1Mbit,Non-Volatile,-40°C ~ 125°C (TA),,,EEPROM,2.5V ~ 5.5V,5ms
24LC1025-E/SN,Microchip Technology,IC EEPROM 1MBIT I2C 400KHZ 8SOIC,memory,977,4.07,"8-SOIC (0.154"", 3.90mm Width)",Surface Mount,Active,https://ww1.microchip.com/downloads/en/DeviceDoc/20001941L.pdf,https://www.digikey.com/en/products/detail/microchip-technology/24LC1025-E-SN/2664892,900 ns,400 kHz,Verified,,EEPROM,I2C,128K x 8,1Mbit,Non-Volatile,-40°C ~ 125°C (TA),,,EEPROM,2.5V ~ 5.5V,5ms
24LC1025-I/P,Microchip Technology,IC EEPROM 1MBIT I2C 400KHZ 8DIP,memory,481,4.23,"8-DIP (0.300"", 7.62mm)",Through Hole,Active,https://ww1.microchip.com/downloads/en/DeviceDoc/20001941L.pdf,https://www.digikey.com/en/products/detail/microchip-technology/24LC1025-I-P/957540,900 ns,400 kHz,Verified,,EEPROM,I2C,128K x 8,1Mbit,Non-Volatile,-40°C ~ 85°C (TA),,,EEPROM,2.5V ~ 5.5V,5ms
24LC1025-I/SM,Microchip Technology,IC EEPROM 1MBIT I2C 400KHZ 8SOIJ,memory,3283,4.05,"8-SOIC (0.209"", 5.30mm Width)",Surface Mount,Active,https://ww1.microchip.com/downloads/en/DeviceDoc/20001941L.pdf,https://www.digikey.com/en/products/detail/microchip-technology/24LC1025-I-SM/957541,900 ns,400 kHz,Verified,,EEPROM,I2C,128K x 8,1Mbit,Non-Volatile,-40°C ~ 85°C (TA),,,EEPROM,2.5V ~ 5.5V,5ms
24LC1025-I/SN,Microchip Technology,IC EEPROM 1MBIT I2C 400KHZ 8SOIC,memory,5164,4.02,"8-SOIC (0.154"", 3.90mm Width)",Surface Mount,Active,https://ww1.microchip.com/downloads/en/DeviceDoc/20001941L.pdf,https://www.digikey.com/en/products/detail/microchip-technology/24LC1025-I-SN/2270914,900 ns,400 kHz,Verified,,EEPROM,I2C,128K x 8,1Mbit,Non-Volatile,-40°C ~ 85°C (TA),,,EEPROM,2.5V ~ 5.5V,5ms
24LC1025T-I/SM,Microchip Technology,IC EEPROM 1MBIT I2C 400KHZ 8SOIJ,memory,8104,4.42,"8-SOIC (0.209"", 5.30mm Width)",Surface Mount,Active,https://ww1.microchip.com/downloads/en/DeviceDoc/20001941L.pdf,https://www.digikey.com/en/products/detail/microchip-technology/24LC1025T-I-SM/964256,900 ns,400 kHz,Verified,,EEPROM,I2C,128K x 8,1Mbit,Non-Volatile,-40°C ~ 85°C (TA),,,EEPROM,2.5V ~ 5.5V,5ms
24LC1025T-I/SN,Microchip Technology,IC EEPROM 1MBIT I2C 400KHZ 8SOIC,memory,2788,4.39,"8-SOIC (0.154"", 3.90mm Width)",Surface Mount,Active,https://ww1.microchip.com/downloads/en/DeviceDoc/20001941L.pdf,https://www.digikey.com/en/products/detail/microchip-technology/24LC1025T-I-SN/2332779,900 ns,400 kHz,Verified,,EEPROM,I2C,128K x 8,1Mbit,Non-Volatile,-40°C ~ 85°C (TA),,,EEPROM,2.5V ~ 5.5V,5ms
24LC1026-E/SN,Microchip Technology,IC EEPROM 1MBIT I2C 400KHZ 8SOIC,memory,1252,4.07,"8-SOIC (0.154"", 3.90mm Width)",Surface Mount,Active,https://ww1.microchip.com/downloads/en/DeviceDoc/20002270E.pdf,https://www.digikey.com/en/products/detail/microchip-technology/24LC1026-E-SN/2664891,900 ns,400 kHz,Not Verified,,EEPROM,I2C,128K x 8,1Mbit,Non-Volatile,-40°C ~ 125°C (TA),,,EEPROM,2.5V ~ 5.5V,5ms
24LC1026-I/P,Microchip Technology,IC EEPROM 1MBIT I2C 400KHZ 8DIP,memory,1117,4.23,"8-DIP (0.300"", 7.62mm)",Through Hole,Active,https://ww1.microchip.com/downloads/en/DeviceDoc/20002270E.pdf,https://www.digikey.com/en/products/detail/microchip-technology/24LC1026-I-P/2601403,900 ns,400 kHz,Not Verified,,EEPROM,I2C,128K x 8,1Mbit,Non-Volatile,-40°C ~ 85°C (TA),,,EEPROM,2.5V ~ 5.5V,5ms
24LC1026-I/SN,Microchip Technology,IC EEPROM 1MBIT I2C 400KHZ 8SOIC,memory,2867,4.02,"8-SOIC (0.154"", 3.90mm Width)",Surface Mount,Active,https://ww1.microchip.com/downloads/en/DeviceDoc/20002270E.pdf,https://www.digikey.com/en/products/detail/microchip-technology/24LC1026-I-SN/2601405,900 ns,400 kHz,Not Verified,,EEPROM,I2C,128K x 8,1Mbit,Non-Volatile,-40°C ~ 85°C (TA),,,EEPROM,2.5V ~ 5.5V,5ms
24LC128-E/SN,Microchip Technology,IC EEPROM 128KBIT I2C 8SOIC,memory,1218,0.81,"8-SOIC (0.154"", 3.90mm Width)",Surface Mount,Active,https://ww1.microchip.com/downloads/en/DeviceDoc/24AA128-24LC128-24FC128-128K-I2C-Serial-EEPROM-DS.pdf,https://www.digikey.com/en/products/detail/microchip-technology/24LC128-E-SN/305064,900 ns,400 kHz,Verified,,EEPROM,I2C,16K x 8,128Kbit,Non-Volatile,-40°C ~ 125°C (TA),,,EEPROM,2.5V ~ 5.5V,5ms
24LC128-I/SN,Microchip Technology,IC EEPROM 128KBIT I2C 8SOIC,memory,4512,0.78,"8-SOIC (0.154"", 3.90mm Width)",Surface Mount,Active,https://ww1.microchip.com/downloads/en/DeviceDoc/24AA128-24LC128-24FC128-128K-I2C-Serial-EEPROM-DS.pdf,https://www.digikey.com/en/products/detail/microchip-technology/24LC128-I-SN/273430,900 ns,400 kHz,Verified,,EEPROM,I2C,16K x 8,128Kbit,Non-Volatile,-40°C ~ 85°C (TA),,,EEPROM,2.5V ~ 5.5V,5ms
24LC128T-E/ST,Microchip Technology,IC EEPROM 128KBIT I2C 8TSSOP,memory,2361,0.93,"8-TSSOP (0.173"", 4.40mm Width)",Surface Mount,Active,https://ww1.microchip.com/downloads/en/DeviceDoc/24AA128-24LC128-24FC128-128K-I2C-Serial-EEPROM-DS.pdf,https://www.digikey.com/en/products/detail/microchip-technology/24LC128T-E-ST/551782,900 ns,400 kHz,Verified,,EEPROM,I2C,16K x 8,128Kbit,Non-Volatile,-40°C ~ 125°C (TA),,,EEPROM,2.5V ~ 5.5V,5ms
24LC128T-I/MNY,Microchip Technology,IC EEPROM 128KBIT I2C 8TDFN,memory,7298,0.86,8-WFDFN Exposed Pad,Surface Mount,Active,https://ww1.microchip.com/downloads/en/DeviceDoc/24AA128-24LC128-24FC128-128K-I2C-Serial-EEPROM-DS.pdf,https://www.digikey.com/en/products/detail/microchip-technology/24LC128T-I-MNY/2385851,900 ns,400 kHz,Not Verified,,EEPROM,I2C,16K x 8,128Kbit,Non-Volatile,-40°C ~ 85°C (TA),,,EEPROM,2.5V ~ 5.5V,5ms
24LC128T-I/MS,Microchip Technology,IC EEPROM 128KBIT I2C 8MSOP,memory,7573,0.86,"8-TSSOP, 8-MSOP (0.118"", 3.00mm Width)",Surface Mount,Active,https://ww1.microchip.com/downloads/en/DeviceDoc/24AA128-24LC128-24FC128-128K-I2C-Serial-EEPROM-DS.pdf,https://www.digikey.com/en/products/detail/microchip-technology/24LC128T-I-MS/468424,900 ns,400 kHz,Verified,,EEPROM,I2C,16K x 8,128Kbit,Non-Volatile,-40°C ~ 85°C (TA),,,EEPROM,2.5V ~ 5.5V,5ms
24LC128T-I/SN,Microchip Technology,IC EEPROM 128KBIT I2C 8SOIC,memory,5809,0.81,"8-SOIC (0.154"", 3.90mm Width)",Surface Mount,Active,,https://www.digikey.com/en/products/detail/microchip-technology/24LC128T-I-SN/318680,900 ns,400 kHz,Verified,,EEPROM,I2C,16K x 8,128Kbit,Non-Volatile,-40°C ~ 85°C (TA),,,EEPROM,2.5V ~ 5.5V,5ms
24LC16B-E/SN,Microchip Technology,IC EEPROM 16KBIT I2C 8SOIC,memory,5432,0.49,"8-SOIC (0.154"", 3.90mm Width)",Surface Mount,Active,https://ww1.microchip.com/downloads/en/DeviceDoc/20001703M.pdf,https://www.digikey.com/en/products/detail/microchip-technology/24LC16B-E-SN/443567,900 ns,400 kHz,Verified,,EEPROM,I2C,2K x 8,16Kbit,Non-Volatile,-40°C ~ 125°C (TA),,,EEPROM,2.5V ~ 5.5V,5ms
24LC16B-I/P,Microchip Technology,IC EEPROM 16KBIT I2C 400KHZ 8DIP,memory,2221,0.47,"8-DIP (0.300"", 7.62mm)",Through Hole,Active,https://ww1.microchip.com/downloads/en/DeviceDoc/20001703M.pdf,https://www.digikey.com/en/products/detail/microchip-technology/24LC16B-I-P/218079,900 ns,400 kHz,Verified,,EEPROM,I2C,2K x 8,16Kbit,Non-Volatile,-40°C ~ 85°C (TA),,,EEPROM,2.5V ~ 5.5V,5ms
24LC16B-M/SN,Microchip Technology,IC EEPROM 16KBIT I2C 8SOIC,memory,964,9.35,"8-SOIC (0.154"", 3.90mm Width)",Surface Mount,Active,https://ww1.microchip.com/downloads/en/DeviceDoc/20002213B.pdf,https://www.digikey.com/en/products/detail/microchip-technology/24LC16B-M-SN/2179274,900 ns,400 kHz,Not Verified,,EEPROM,I2C,2K x 8,16Kbit,Non-Volatile,-55°C ~ 125°C (TA),,,EEPROM,2.5V ~ 5.5V,5ms
24LC16B/SN,Microchip Technology,IC EEPROM 16KBIT I2C 8SOIC,memory,1714,0.37,"8-SOIC (0.154"", 3.90mm Width)",Surface Mount,Active,https://ww1.microchip.com/downloads/en/DeviceDoc/20001703M.pdf,https://www.digikey.com/en/products/detail/microchip-technology/24LC16B-SN/170164,900 ns,400 kHz,Verified,,EEPROM,I2C,2K x 8,16Kbit,Non-Volatile,0°C ~ 70°C (TA),,,EEPROM,2.5V ~ 5.5V,5ms
24LC16BHT-I/OT,Microchip Technology,IC EEPROM 16KBIT I2C SOT23-5,memory,2888,0.37,"SC-74A, SOT-753",Surface Mount,Active,http://ww1.microchip.com/downloads/en/DeviceDoc/20002118B.pdf,https://www.digikey.com/en/products/detail/microchip-technology/24LC16BHT-I-OT/2059637,900 ns,400 kHz,Verified,,EEPROM,I2C,2K x 8,16Kbit,Non-Volatile,-40°C ~ 85°C (TA),,,EEPROM,2.5V ~ 5.5V,5ms
24LC16BT-E/OT,Microchip Technology,IC EEPROM 16KBIT I2C SOT23-5,memory,5482,0.44,"SC-74A, SOT-753",Surface Mount,Active,https://ww1.microchip.com/downloads/en/DeviceDoc/20001703M.pdf,https://www.digikey.com/en/products/detail/microchip-technology/24LC16BT-E-OT/509523,900 ns,400 kHz,Verified,,EEPROM,I2C,2K x 8,16Kbit,Non-Volatile,-40°C ~ 125°C (TA),,,EEPROM,2.5V ~ 5.5V,5ms
24LC16BT-I/OT,Microchip Technology,IC EEPROM 16KBIT I2C SOT23-5,memory,100883,0.37,"SC-74A, SOT-753",Surface Mount,Active,https://ww1.microchip.com/downloads/en/DeviceDoc/20001703M.pdf,https://www.digikey.com/en/products/detail/microchip-technology/24LC16BT-I-OT/443505,900 ns,400 kHz,Verified,,EEPROM,I2C,2K x 8,16Kbit,Non-Volatile,-40°C ~ 85°C (TA),,,EEPROM,2.5V ~ 5.5V,5ms
24LC16BT-I/SN,Microchip Technology,IC EEPROM 16KBIT I2C 8SOIC,memory,60418,0.41,"8-SOIC (0.154"", 3.90mm Width)",Surface Mount,Active,https://ww1.microchip.com/downloads/en/DeviceDoc/20001703M.pdf,https://www.digikey.com/en/products/detail/microchip-technology/24LC16BT-I-SN/318683,900 ns,400 kHz,Verified,,EEPROM,I2C,2K x 8,16Kbit,Non-Volatile,-40°C ~ 85°C (TA),,,EEPROM,2.5V ~ 5.5V,5ms
24LC256-E/P,Microchip Technology,IC EEPROM 256KBIT I2C 8DIP,memory,2336,1.24,"8-DIP (0.300"", 7.62mm)",Through Hole,Active,https://ww1.microchip.com/downloads/aemDocuments/documents/MPD/ProductDocuments/DataSheets/24AA256-24LC256-24FC256-256K-I2C-Serial-EEPROM-DS20001203.pdf,https://www.digikey.com/en/products/detail/microchip-technology/24LC256-E-P/318696,900 ns,400 kHz,Verified,,EEPROM,I2C,32K x 8,256Kbit,Non-Volatile,-40°C ~ 125°C (TA),,,EEPROM,2.5V ~ 5.5V,5ms
24LC256-E/SN,Microchip Technology,IC EEPROM 256KBIT I2C 8SOIC,memory,2989,1.16,"8-SOIC (0.154"", 3.90mm Width)",Surface Mount,Active,https://ww1.microchip.com/downloads/aemDocuments/documents/MPD/ProductDocuments/DataSheets/24AA256-24LC256-24FC256-256K-I2C-Serial-EEPROM-DS20001203.pdf,https://www.digikey.com/en/products/detail/microchip-technology/24LC256-E-SN/459111,900 ns,400 kHz,Verified,,EEPROM,I2C,32K x 8,256Kbit,Non-Volatile,-40°C ~ 125°C (TA),,,EEPROM,2.5V ~ 5.5V,5ms
24LC256-I/MS,Microchip Technology,IC EEPROM 256KBIT I2C 8MSOP,memory,10029,1.12,"8-TSSOP, 8-MSOP (0.118"", 3.00mm Width)",Surface Mount,Active,https://ww1.microchip.com/downloads/aemDocuments/documents/MPD/ProductDocuments/DataSheets/24AA256-24LC256-24FC256-256K-I2C-Serial-EEPROM-DS20001203.pdf,https://www.digikey.com/en/products/detail/microchip-technology/24LC256-I-MS/468425,900 ns,400 kHz,Verified,,EEPROM,I2C,32K x 8,256Kbit,Non-Volatile,-40°C ~ 85°C (TA),,,EEPROM,2.5V ~ 5.5V,5ms
24LC256-I/P,Microchip Technology,IC EEPROM 256KBIT I2C 8DIP,memory,4298,1.16,"8-DIP (0.300"", 7.62mm)",Through Hole,Active,https://ww1.microchip.com/downloads/aemDocuments/documents/MPD/ProductDocuments/DataSheets/24AA256-24LC256-24FC256-256K-I2C-Serial-EEPROM-DS20001203.pdf,https://www.digikey.com/en/products/detail/microchip-technology/24LC256-I-P/273431,900 ns,400 kHz,Verified,,EEPROM,I2C,32K x 8,256Kbit,Non-Volatile,-40°C ~ 85°C (TA),,,EEPROM,2.5V ~ 5.5V,5ms
24LC256-I/SM,Microchip Technology,IC EEPROM 256KBIT I2C 8SOIJ,memory,1448,1.11,"8-SOIC (0.209"", 5.30mm Width)",Surface Mount,Active,https://ww1.microchip.com/downloads/aemDocuments/documents/MPD/ProductDocuments/DataSheets/24AA256-24LC256-24FC256-256K-I2C-Serial-EEPROM-DS20001203.pdf,https://www.digikey.com/en/products/detail/microchip-technology/24LC256-I-SM/273432,900 ns,400 kHz,Verified,,EEPROM,I2C,32K x 8,256Kbit,Non-Volatile,-40°C ~ 85°C (TA),,,EEPROM,2.5V ~ 5.5V,5ms
24LC256-I/SN,Microchip Technology,IC EEPROM 256KBIT I2C 8SOIC,memory,11161,1.13,"8-SOIC (0.154"", 3.90mm Width)",Surface Mount,Active,https://ww1.microchip.com/downloads/aemDocuments/documents/MPD/ProductDocuments/DataSheets/24AA256-24LC256-24FC256-256K-I2C-Serial-EEPROM-DS20001203.pdf,https://www.digikey.com/en/products/detail/microchip-technology/24LC256-I-SN/440169,900 ns,400 kHz,Verified,,EEPROM,I2C,32K x 8,256Kbit,Non-Volatile,-40°C ~ 85°C (TA),,,EEPROM,2.5V ~ 5.5V,5ms
24LC256-I/ST,Microchip Technology,IC EEPROM 256KBIT I2C 8TSSOP,memory,2765,1.12,"8-TSSOP (0.173"", 4.40mm Width)",Surface Mount,Active,https://ww1.microchip.com/downloads/aemDocuments/documents/MPD/ProductDocuments/DataSheets/24AA256-24LC256-24FC256-256K-I2C-Serial-EEPROM-DS20001203.pdf,https://www.digikey.com/en/products/detail/microchip-technology/24LC256-I-ST/442740,900 ns,400 kHz,Verified,,EEPROM,I2C,32K x 8,256Kbit,Non-Volatile,-40°C ~ 85°C (TA),,,EEPROM,2.5V ~ 5.5V,5ms
24LC256T-E/SN,Microchip Technology,IC EEPROM 256KBIT I2C 8SOIC,memory,5919,1.27,"8-SOIC (0.154"", 3.90mm Width)",Surface Mount,Active,https://ww1.microchip.com/downloads/aemDocuments/documents/MPD/ProductDocuments/DataSheets/24AA256-24LC256-24FC256-256K-I2C-Serial-EEPROM-DS20001203.pdf,https://www.digikey.com/en/products/detail/microchip-technology/24LC256T-E-SN/459130,900 ns,400 kHz,Verified,,EEPROM,I2C,32K x 8,256Kbit,Non-Volatile,-40°C ~ 125°C (TA),,,EEPROM,2.5V ~ 5.5V,5ms
24LC256T-E/ST,Microchip Technology,IC EEPROM 256KBIT I2C 8TSSOP,memory,2099,1.3,"8-TSSOP (0.173"", 4.40mm Width)",Surface Mount,Active,https://ww1.microchip.com/downloads/aemDocuments/documents/MPD/ProductDocuments/DataSheets/24AA256-24LC256-24FC256-256K-I2C-Serial-EEPROM-DS20001203.pdf,https://www.digikey.com/en/products/detail/microchip-technology/24LC256T-E-ST/572328,900 ns,400 kHz,Verified,,EEPROM,I2C,32K x 8,256Kbit,Non-Volatile,-40°C ~ 125°C (TA),,,EEPROM,2.5V ~ 5.5V,5ms
24LC256T-I/MS,Microchip Technology,IC EEPROM 256KBIT I2C 8MSOP,memory,54485,1.22,"8-TSSOP, 8-MSOP (0.118"", 3.00mm Width)",Surface Mount,Active,https://ww1.microchip.com/downloads/aemDocuments/documents/MPD/ProductDocuments/DataSheets/24AA256-24LC256-24FC256-256K-I2C-Serial-EEPROM-DS20001203.pdf,https://www.digikey.com/en/products/detail/microchip-technology/24LC256T-I-MS/468426,900 ns,400 kHz,Not Verified,,EEPROM,I2C,32K x 8,256Kbit,Non-Volatile,-40°C ~ 85°C (TA),,,EEPROM,2.5V ~ 5.5V,5ms
24LC256T-I/SN,Microchip Technology,IC EEPROM 256KBIT I2C 8SOIC,memory,18828,1.18,"8-SOIC (0.154"", 3.90mm Width)",Surface Mount,Active,https://ww1.microchip.com/downloads/aemDocuments/documents/MPD/ProductDocuments/DataSheets/24AA256-24LC256-24FC256-256K-I2C-Serial-EEPROM-DS20001203.pdf,https://www.digikey.com/en/products/detail/microchip-technology/24LC256T-I-SN/443546,900 ns,400 kHz,Verified,,EEPROM,I2C,32K x 8,256Kbit,Non-Volatile,-40°C ~ 85°C (TA),,,EEPROM,2.5V ~ 5.5V,5ms
24LC256T-I/ST,Microchip Technology,IC EEPROM 256KBIT I2C 8TSSOP,memory,6722,1.22,"8-TSSOP (0.173"", 4.40mm Width)",Surface Mount,Active,https://ww1.microchip.com/downloads/aemDocuments/documents/MPD/ProductDocuments/DataSheets/24AA256-24LC256-24FC256-256K-I2C-Serial-EEPROM-DS20001203.pdf,https://www.digikey.com/en/products/detail/microchip-technology/24LC256T-I-ST/443550,900 ns,400 kHz,Verified,,EEPROM,I2C,32K x 8,256Kbit,Non-Volatile,-40°C ~ 85°C (TA),,,EEPROM,2.5V ~ 5.5V,5ms
24LC32A-E/SN,Microchip Technology,IC EEPROM 32KBIT I2C 8SOIC,memory,1154,0.54,"8-SOIC (0.154"", 3.90mm Width)",Surface Mount,Active,https://ww1.microchip.com/downloads/aemDocuments/documents/MPD/ProductDocuments/DataSheets/24AA32A-24LC32A-32-Kbit-I2C-Serial-EEPROM-DS20001713.pdf,https://www.digikey.com/en/products/detail/microchip-technology/24LC32A-E-SN/443617,900 ns,400 kHz,Verified,,EEPROM,I2C,4K x 8,32Kbit,Non-Volatile,-40°C ~ 125°C (TA),,,EEPROM,2.5V ~ 5.5V,5ms
24LC32A-I/MS,Microchip Technology,IC EEPROM 32KBIT I2C 8MSOP,memory,7256,0.5,"8-TSSOP, 8-MSOP (0.118"", 3.00mm Width)",Surface Mount,Active,https://ww1.microchip.com/downloads/aemDocuments/documents/MPD/ProductDocuments/DataSheets/24AA32A-24LC32A-32-Kbit-I2C-Serial-EEPROM-DS20001713.pdf,https://www.digikey.com/en/products/detail/microchip-technology/24LC32A-I-MS/443583,900 ns,400 kHz,Verified,,EEPROM,I2C,4K x 8,32Kbit,Non-Volatile,-40°C ~ 85°C (TA),,,EEPROM,2.5V ~ 5.5V,5ms
24LC32A-I/P,Microchip Technology,IC EEPROM 32KBIT I2C 400KHZ 8DIP,memory,2684,0.56,"8-DIP (0.300"", 7.62mm)",Through Hole,Active,https://ww1.microchip.com/downloads/aemDocuments/documents/MPD/ProductDocuments/DataSheets/24AA32A-24LC32A-32-Kbit-I2C-Serial-EEPROM-DS20001713.pdf,https://www.digikey.com/en/products/detail/microchip-technology/24LC32A-I-P/318699,900 ns,400 kHz,Verified,,EEPROM,I2C,4K x 8,32Kbit,Non-Volatile,-40°C ~ 85°C (TA),,,EEPROM,2.5V ~ 5.5V,5ms
24LC32A-I/ST,Microchip Technology,IC EEPROM 32KBIT I2C 8TSSOP,memory,1557,0.54,"8-TSSOP (0.173"", 4.40mm Width)",Surface Mount,Active,https://ww1.microchip.com/downloads/aemDocuments/documents/MPD/ProductDocuments/DataSheets/24AA32A-24LC32A-32-Kbit-I2C-Serial-EEPROM-DS20001713.pdf,https://www.digikey.com/en/products/detail/microchip-technology/24LC32A-I-ST/443589,900 ns,400 kHz,Not Verified,,EEPROM,I2C,4K x 8,32Kbit,Non-Volatile,-40°C ~ 85°C (TA),,,EEPROM,2.5V ~ 5.5V,5ms
24LC32A/P,Microchip Technology,IC EEPROM 32KBIT I2C 400KHZ 8DIP,memory,11367,0.56,"8-DIP (0.300"", 7.62mm)",Through Hole,Active,https://ww1.microchip.com/downloads/aemDocuments/documents/MPD/ProductDocuments/DataSheets/24AA32A-24LC32A-32-Kbit-I2C-Serial-EEPROM-DS20001713.pdf,https://www.digikey.com/en/products/detail/microchip-technology/24LC32A-P/249076,900 ns,400 kHz,Verified,,EEPROM,I2C,4K x 8,32Kbit,Non-Volatile,0°C ~ 70°C (TA),,,EEPROM,2.5V ~ 5.5V,5ms
24LC32A/SN,Microchip Technology,IC EEPROM 32KBIT I2C 8SOIC,memory,3561,0.46,"8-SOIC (0.154"", 3.90mm Width)",Surface Mount,Active,https://ww1.microchip.com/downloads/aemDocuments/documents/MPD/ProductDocuments/DataSheets/24AA32A-24LC32A-32-Kbit-I2C-Serial-EEPROM-DS20001713.pdf,https://www.digikey.com/en/products/detail/microchip-technology/24LC32A-SN/249077,900 ns,400 kHz,Verified,,EEPROM,I2C,4K x 8,32Kbit,Non-Volatile,0°C ~ 70°C (TA),,,EEPROM,2.5V ~ 5.5V,5ms
24LC32AFT-I/OT,Microchip Technology,IC EEPROM 32KBIT I2C SOT23-5,memory,3530,0.44,"SC-74A, SOT-753",Surface Mount,Active,https://ww1.microchip.com/downloads/en/DeviceDoc/22184A.pdf,https://www.digikey.com/en/products/detail/microchip-technology/24LC32AFT-I-OT/2125404,900 ns,400 kHz,Not Verified,,EEPROM,I2C,4K x 8,32Kbit,Non-Volatile,-40°C ~ 85°C (TA),,,EEPROM,2.5V ~ 5.5V,5ms
24LC32AT-E/OT,Microchip Technology,IC EEPROM 32KBIT I2C SOT23-5,memory,3255,0.55,"SC-74A, SOT-753",Surface Mount,Active,https://ww1.microchip.com/downloads/aemDocuments/documents/MPD/ProductDocuments/DataSheets/24AA32A-24LC32A-32-Kbit-I2C-Serial-EEPROM-DS20001713.pdf,https://www.digikey.com/en/products/detail/microchip-technology/24LC32AT-E-OT/2061377,900 ns,400 kHz,Not Verified,,EEPROM,I2C,4K x 8,32Kbit,Non-Volatile,-40°C ~ 125°C (TA),,,EEPROM,2.5V ~ 5.5V,5ms
24LC32AT-I/MS,Microchip Technology,IC EEPROM 32KBIT I2C 8MSOP,memory,2336,0.55,"8-TSSOP, 8-MSOP (0.118"", 3.00mm Width)",Surface Mount,Active,https://ww1.microchip.com/downloads/aemDocuments/documents/MPD/ProductDocuments/DataSheets/24AA32A-24LC32A-32-Kbit-I2C-Serial-EEPROM-DS20001713.pdf,https://www.digikey.com/en/products/detail/microchip-technology/24LC32AT-I-MS/443590,900 ns,400 kHz,Verified,,EEPROM,I2C,4K x 8,32Kbit,Non-Volatile,-40°C ~ 85°C (TA),,,EEPROM,2.5V ~ 5.5V,5ms
24LC32AT-I/OT,Microchip Technology,IC EEPROM 32KBIT I2C SOT23-5,memory,7472,0.44,"SC-74A, SOT-753",Surface Mount,Active,https://ww1.microchip.com/downloads/aemDocuments/documents/MPD/ProductDocuments/DataSheets/24AA32A-24LC32A-32-Kbit-I2C-Serial-EEPROM-DS20001713.pdf,https://www.digikey.com/en/products/detail/microchip-technology/24LC32AT-I-OT/2059640,900 ns,400 kHz,Not Verified,,EEPROM,I2C,4K x 8,32Kbit,Non-Volatile,-40°C ~ 85°C (TA),,,EEPROM,2.5V ~ 5.5V,5ms
24LC32AT-I/SN,Microchip Technology,IC EEPROM 32KBIT I2C 8SOIC,memory,67777,0.5,"8-SOIC (0.154"", 3.90mm Width)",Surface Mount,Active,https://ww1.microchip.com/downloads/aemDocuments/documents/MPD/ProductDocuments/DataSheets/24AA32A-24LC32A-32-Kbit-I2C-Serial-EEPROM-DS20001713.pdf,https://www.digikey.com/en/products/detail/microchip-technology/24LC32AT-I-SN/285049,900 ns,400 kHz,Verified,,EEPROM,I2C,4K x 8,32Kbit,Non-Volatile,-40°C ~ 85°C (TA),,,EEPROM,2.5V ~ 5.5V,5ms
24LC32AT-I/ST,Microchip Technology,IC EEPROM 32KBIT I2C 8TSSOP,memory,1956,0.55,"8-TSSOP (0.173"", 4.40mm Width)",Surface Mount,Active,https://ww1.microchip.com/downloads/aemDocuments/documents/MPD/ProductDocuments/DataSheets/24AA32A-24LC32A-32-Kbit-I2C-Serial-EEPROM-DS20001713.pdf,https://www.digikey.com/en/products/detail/microchip-technology/24LC32AT-I-ST/443584,900 ns,400 kHz,Verified,,EEPROM,I2C,4K x 8,32Kbit,Non-Volatile,-40°C ~ 85°C (TA),,,EEPROM,2.5V ~ 5.5V,5ms
24LC512-E/SM,Microchip Technology,IC EEPROM 512KBIT I2C 8SOIJ,memory,7043,1.92,"8-SOIC (0.209"", 5.30mm Width)",Surface Mount,Active,https://ww1.microchip.com/downloads/en/DeviceDoc/24AA512-24LC512-24FC512-512K-Bit-I2C-Serial-EEPROM-20001754Q.pdf,https://www.digikey.com/en/products/detail/microchip-technology/24LC512-E-SM/551937,900 ns,400 kHz,Verified,,EEPROM,I2C,64K x 8,512Kbit,Non-Volatile,-40°C ~ 125°C (TA),,,EEPROM,2.5V ~ 5.5V,5ms
24LC512-E/SN,Microchip Technology,IC EEPROM 512KBIT I2C 8SOIC,memory,3526,1.89,"8-SOIC (0.154"", 3.90mm Width)",Surface Mount,Active,https://ww1.microchip.com/downloads/en/DeviceDoc/24AA512-24LC512-24FC512-512K-Bit-I2C-Serial-EEPROM-20001754Q.pdf,https://www.digikey.com/en/products/detail/microchip-technology/24LC512-E-SN/2202081,900 ns,400 kHz,Verified,,EEPROM,I2C,64K x 8,512Kbit,Non-Volatile,-40°C ~ 125°C (TA),,,EEPROM,2.5V ~ 5.5V,5ms
24LC512-E/ST,Microchip Technology,IC EEPROM 512KBIT I2C 8TSSOP,memory,1332,1.95,"8-TSSOP (0.173"", 4.40mm Width)",Surface Mount,Active,https://ww1.microchip.com/downloads/en/DeviceDoc/24AA512-24LC512-24FC512-512K-Bit-I2C-Serial-EEPROM-20001754Q.pdf,https://www.digikey.com/en/products/detail/microchip-technology/24LC512-E-ST/2202082,900 ns,400 kHz,Not Verified,,EEPROM,I2C,64K x 8,512Kbit,Non-Volatile,-40°C ~ 125°C (TA),,,EEPROM,2.5V ~ 5.5V,5ms
24LC512-I/P,Microchip Technology,IC EEPROM 512KBIT I2C 8DIP,memory,1285,1.93,"8-DIP (0.300"", 7.62mm)",Through Hole,Active,https://ww1.microchip.com/downloads/en/DeviceDoc/24AA512-24LC512-24FC512-512K-Bit-I2C-Serial-EEPROM-20001754Q.pdf,https://www.digikey.com/en/products/detail/microchip-technology/24LC512-I-P/523018,900 ns,400 kHz,Verified,,EEPROM,I2C,64K x 8,512Kbit,Non-Volatile,-40°C ~ 85°C (TA),,,EEPROM,2.5V ~ 5.5V,5ms
24LC512-I/PG,Microchip Technology,IC EEPROM 512KBIT I2C 8DIP,memory,156,1.93,"8-DIP (0.300"", 7.62mm)",Through Hole,Active,https://ww1.microchip.com/downloads/en/DeviceDoc/24AA512-24LC512-24FC512-512K-Bit-I2C-Serial-EEPROM-20001754Q.pdf,https://www.digikey.com/en/products/detail/microchip-technology/24LC512-I-PG/3871657,900 ns,400 kHz,Not Verified,,EEPROM,I2C,64K x 8,512Kbit,Non-Volatile,-40°C ~ 85°C (TA),,,EEPROM,2.5V ~ 5.5V,5ms
24LC512-I/SM,Microchip Technology,IC EEPROM 512KBIT I2C 8SOIJ,memory,2630,1.82,"8-SOIC (0.209"", 5.30mm Width)",Surface Mount,Active,https://ww1.microchip.com/downloads/en/DeviceDoc/24AA512-24LC512-24FC512-512K-Bit-I2C-Serial-EEPROM-20001754Q.pdf,https://www.digikey.com/en/products/detail/microchip-technology/24LC512-I-SM/523017,900 ns,400 kHz,Verified,,EEPROM,I2C,64K x 8,512Kbit,Non-Volatile,-40°C ~ 85°C (TA),,,EEPROM,2.5V ~ 5.5V,5ms
24LC512-I/SN,Microchip Technology,IC EEPROM 512KBIT I2C 8SOIC,memory,13158,1.81,"8-SOIC (0.154"", 3.90mm Width)",Surface Mount,Active,https://ww1.microchip.com/downloads/en/DeviceDoc/24AA512-24LC512-24FC512-512K-Bit-I2C-Serial-EEPROM-20001754Q.pdf,https://www.digikey.com/en/products/detail/microchip-technology/24LC512-I-SN/2270915,900 ns,400 kHz,Verified,,EEPROM,I2C,64K x 8,512Kbit,Non-Volatile,-40°C ~ 85°C (TA),,,EEPROM,2.5V ~ 5.5V,5ms
24LC512-I/ST,Microchip Technology,IC EEPROM 512KBIT I2C 8TSSOP,memory,7275,1.83,"8-TSSOP (0.173"", 4.40mm Width)",Surface Mount,Active,https://ww1.microchip.com/downloads/en/DeviceDoc/24AA512-24LC512-24FC512-512K-Bit-I2C-Serial-EEPROM-20001754Q.pdf,https://www.digikey.com/en/products/detail/microchip-technology/24LC512-I-ST/2201938,900 ns,400 kHz,Not Verified,,EEPROM,I2C,64K x 8,512Kbit,Non-Volatile,-40°C ~ 85°C (TA),,,EEPROM,2.5V ~ 5.5V,5ms
24LC512T-E/SN,Microchip Technology,IC EEPROM 512KBIT I2C 8SOIC,memory,3987,2.07,"8-SOIC (0.154"", 3.90mm Width)",Surface Mount,Active,https://ww1.microchip.com/downloads/en/DeviceDoc/24AA512-24LC512-24FC512-512K-Bit-I2C-Serial-EEPROM-20001754Q.pdf,https://www.digikey.com/en/products/detail/microchip-technology/24LC512T-E-SN/2202083,900 ns,400 kHz,Verified,,EEPROM,I2C,64K x 8,512Kbit,Non-Volatile,-40°C ~ 125°C (TA),,,EEPROM,2.5V ~ 5.5V,5ms
24LC512T-I/SM,Microchip Technology,IC EEPROM 512KBIT I2C 8SOIJ,memory,10178,1.99,"8-SOIC (0.209"", 5.30mm Width)",Surface Mount,Active,https://ww1.microchip.com/downloads/en/DeviceDoc/24AA512-24LC512-24FC512-512K-Bit-I2C-Serial-EEPROM-20001754Q.pdf,https://www.digikey.com/en/products/detail/microchip-technology/24LC512T-I-SM/523069,900 ns,400 kHz,Verified,,EEPROM,I2C,64K x 8,512Kbit,Non-Volatile,-40°C ~ 85°C (TA),,,EEPROM,2.5V ~ 5.5V,5ms
24LC512T-I/SN,Microchip Technology,IC EEPROM 512KBIT I2C 8SOIC,memory,18088,1.97,"8-SOIC (0.154"", 3.90mm Width)",Surface Mount,Active,https://ww1.microchip.com/downloads/en/DeviceDoc/24AA512-24LC512-24FC512-512K-Bit-I2C-Serial-EEPROM-20001754Q.pdf,https://www.digikey.com/en/products/detail/microchip-technology/24LC512T-I-SN/2202085,900 ns,400 kHz,Verified,,EEPROM,I2C,64K x 8,512Kbit,Non-Volatile,-40°C ~ 85°C (TA),,,EEPROM,2.5V ~ 5.5V,5ms
24LC512T-I/ST,Microchip Technology,IC EEPROM 512KBIT I2C 8TSSOP,memory,4479,2.0,"8-TSSOP (0.173"", 4.40mm Width)",Surface Mount,Active,https://ww1.microchip.com/downloads/en/DeviceDoc/24AA512-24LC512-24FC512-512K-Bit-I2C-Serial-EEPROM-20001754Q.pdf,https://www.digikey.com/en/products/detail/microchip-technology/24LC512T-I-ST/2202086,900 ns,400 kHz,Not Verified,,EEPROM,I2C,64K x 8,512Kbit,Non-Volatile,-40°C ~ 85°C (TA),,,EEPROM,2.5V ~ 5.5V,5ms
24LC515-I/SM,Microchip Technology,IC EEPROM 512KBIT I2C 8SOIJ,memory,698,3.77,"8-SOIC (0.209"", 5.30mm Width)",Surface Mount,Active,https://ww1.microchip.com/downloads/en/DeviceDoc/21673G.pdf,https://www.digikey.com/en/products/detail/microchip-technology/24LC515-I-SM/442545,900 ns,400 kHz,Verified,,EEPROM,I2C,64K x 8,512Kbit,Non-Volatile,-40°C ~ 85°C (TA),,,EEPROM,2.5V ~ 5.5V,5ms
24LC515T-I/SM,Microchip Technology,IC EEPROM 512KBIT I2C 8SOIJ,memory,2283,4.04,"8-SOIC (0.209"", 5.30mm Width)",Surface Mount,Active,https://ww1.microchip.com/downloads/en/DeviceDoc/21673G.pdf,https://www.digikey.com/en/products/detail/microchip-technology/24LC515T-I-SM/443557,900 ns,400 kHz,Verified,,EEPROM,I2C,64K x 8,512Kbit,Non-Volatile,-40°C ~ 85°C (TA),,,EEPROM,2.5V ~ 5.5V,5ms
24LC64-I/MS,Microchip Technology,IC EEPROM 64KBIT I2C 8MSOP,memory,1698,0.56,"8-TSSOP, 8-MSOP (0.118"", 3.00mm Width)",Surface Mount,Active,https://ww1.microchip.com/downloads/aemDocuments/documents/MPD/ProductDocuments/DataSheets/24AA64-24FC64-24LC64-64-Kbit-I2C-Serial-EEPROM-DS20001189.pdf,https://www.digikey.com/en/products/detail/microchip-technology/24LC64-I-MS/443532,900 ns,400 kHz,Verified,,EEPROM,I2C,8K x 8,64Kbit,Non-Volatile,-40°C ~ 85°C (TA),,,EEPROM,2.5V ~ 5.5V,5ms
24LC64-I/P,Microchip Technology,IC EEPROM 64KBIT I2C 400KHZ 8DIP,memory,2376,0.61,"8-DIP (0.300"", 7.62mm)",Through Hole,Active,https://ww1.microchip.com/downloads/aemDocuments/documents/MPD/ProductDocuments/DataSheets/24AA64-24FC64-24LC64-64-Kbit-I2C-Serial-EEPROM-DS20001189.pdf,https://www.digikey.com/en/products/detail/microchip-technology/24LC64-I-P/273427,900 ns,400 kHz,Verified,,EEPROM,I2C,8K x 8,64Kbit,Non-Volatile,-40°C ~ 85°C (TA),,,EEPROM,2.5V ~ 5.5V,5ms
24LC64-I/SN,Microchip Technology,IC EEPROM 64KBIT I2C 8SOIC,memory,13946,0.54,"8-SOIC (0.154"", 3.90mm Width)",Surface Mount,Active,https://ww1.microchip.com/downloads/aemDocuments/documents/MPD/ProductDocuments/DataSheets/24AA64-24FC64-24LC64-64-Kbit-I2C-Serial-EEPROM-DS20001189.pdf,https://www.digikey.com/en/products/detail/microchip-technology/24LC64-I-SN/273428,900 ns,400 kHz,Verified,,EEPROM,I2C,8K x 8,64Kbit,Non-Volatile,-40°C ~ 85°C (TA),,,EEPROM,2.5V ~ 5.5V,5ms
24LC64-I/ST,Microchip Technology,IC EEPROM 64KBIT I2C 8TSSOP,memory,1240,0.6,"8-TSSOP (0.173"", 4.40mm Width)",Surface Mount,Active,https://ww1.microchip.com/downloads/aemDocuments/documents/MPD/ProductDocuments/DataSheets/24AA64-24FC64-24LC64-64-Kbit-I2C-Serial-EEPROM-DS20001189.pdf,https://www.digikey.com/en/products/detail/microchip-technology/24LC64-I-ST/443537,900 ns,400 kHz,Verified,,EEPROM,I2C,8K x 8,64Kbit,Non-Volatile,-40°C ~ 85°C (TA),,,EEPROM,2.5V ~ 5.5V,5ms
24LC64FT-E/OT,Microchip Technology,IC EEPROM 64KBIT I2C SOT23-5,memory,8483,0.58,"SC-74A, SOT-753",Surface Mount,Active,https://ww1.microchip.com/downloads/en/DeviceDoc/22154B.pdf,https://www.digikey.com/en/products/detail/microchip-technology/24LC64FT-E-OT/2126108,900 ns,400 kHz,Not Verified,,EEPROM,I2C,8K x 8,64Kbit,Non-Volatile,-40°C ~ 125°C (TA),,,EEPROM,2.5V ~ 5.5V,5ms
24LC64FT-I/OT,Microchip Technology,IC EEPROM 64KBIT I2C SOT23-5,memory,3930,0.52,"SC-74A, SOT-753",Surface Mount,Active,https://ww1.microchip.com/downloads/en/DeviceDoc/22154B.pdf,https://www.digikey.com/en/products/detail/microchip-technology/24LC64FT-I-OT/2125405,900 ns,400 kHz,Not Verified,,EEPROM,I2C,8K x 8,64Kbit,Non-Volatile,-40°C ~ 85°C (TA),,,EEPROM,2.5V ~ 5.5V,5ms
24LC64T-E/MNY,Microchip Technology,IC EEPROM 64KBIT I2C 8TDFN,memory,11957,0.7,8-WFDFN Exposed Pad,Surface Mount,Active,https://ww1.microchip.com/downloads/aemDocuments/documents/MPD/ProductDocuments/DataSheets/24AA64-24FC64-24LC64-64-Kbit-I2C-Serial-EEPROM-DS20001189.pdf,https://www.digikey.com/en/products/detail/microchip-technology/24LC64T-E-MNY/2061430,900 ns,400 kHz,Not Verified,,EEPROM,I2C,8K x 8,64Kbit,Non-Volatile,-40°C ~ 125°C (TA),,,EEPROM,2.5V ~ 5.5V,5ms
24LC64T-E/SN,Microchip Technology,IC EEPROM 64KBIT I2C 8SOIC,memory,1015,0.64,"8-SOIC (0.154"", 3.90mm Width)",Surface Mount,Active,https://ww1.microchip.com/downloads/aemDocuments/documents/MPD/ProductDocuments/DataSheets/24AA64-24FC64-24LC64-64-Kbit-I2C-Serial-EEPROM-DS20001189.pdf,https://www.digikey.com/en/products/detail/microchip-technology/24LC64T-E-SN/318713,900 ns,400 kHz,Verified,,EEPROM,I2C,8K x 8,64Kbit,Non-Volatile,-40°C ~ 125°C (TA),,,EEPROM,2.5V ~ 5.5V,5ms
24LC64T-I/MC,Microchip Technology,IC EEPROM 64KBIT I2C 400KHZ 8DFN,memory,1993,0.66,8-VFDFN Exposed Pad,Surface Mount,Active,https://ww1.microchip.com/downloads/aemDocuments/documents/MPD/ProductDocuments/DataSheets/24AA64-24FC64-24LC64-64-Kbit-I2C-Serial-EEPROM-DS20001189.pdf,https://www.digikey.com/en/products/detail/microchip-technology/24LC64T-I-MC/857456,900 ns,400 kHz,Verified,,EEPROM,I2C,8K x 8,64Kbit,Non-Volatile,-40°C ~ 85°C (TA),,,EEPROM,2.5V ~ 5.5V,5ms
24LC64T-I/OT,Microchip Technology,IC EEPROM 64KBIT I2C SOT23-5,memory,19127,0.52,"SC-74A, SOT-753",Surface Mount,Active,https://ww1.microchip.com/downloads/aemDocuments/documents/MPD/ProductDocuments/DataSheets/24AA64-24FC64-24LC64-64-Kbit-I2C-Serial-EEPROM-DS20001189.pdf,https://www.digikey.com/en/products/detail/microchip-technology/24LC64T-I-OT/2039840,900 ns,400 kHz,Not Verified,,EEPROM,I2C,8K x 8,64Kbit,Non-Volatile,-40°C ~ 85°C (TA),,,EEPROM,2.5V ~ 5.5V,5ms
24LC65-I/SM,Microchip Technology,IC EEPROM 64KBIT I2C 8SOIJ,memory,931,2.28,"8-SOIC (0.209"", 5.30mm Width)",Surface Mount,Active,https://ww1.microchip.com/downloads/aemDocuments/documents/OTH/ProductDocuments/DataSheets/21073K.pdf,https://www.digikey.com/en/products/detail/microchip-technology/24LC65-I-SM/218096,900 ns,400 kHz,Verified,,EEPROM,I2C,8K x 8,64Kbit,Non-Volatile,-40°C ~ 85°C (TA),,,EEPROM,2.5V ~ 6.0V,5ms
24LCS22A-I/SN,Microchip Technology,IC EEPROM 2KBIT I2C 400KHZ 8SOIC,memory,6175,0.5,"8-SOIC (0.154"", 3.90mm Width)",Surface Mount,Active,https://ww1.microchip.com/downloads/aemDocuments/documents/MPD/ProductDocuments/DataSheets/21682E.pdf,https://www.digikey.com/en/products/detail/microchip-technology/24LCS22A-I-SN/443607,900 ns,400 kHz,Verified,,EEPROM,I2C,256 x 8,2Kbit,Non-Volatile,-40°C ~ 85°C (TA),,,EEPROM,2.5V ~ 5.5V,10ms
24LCS52-I/SN,Microchip Technology,IC EEPROM 2KBIT I2C 400KHZ 8SOIC,memory,1328,0.43,"8-SOIC (0.154"", 3.90mm Width)",Surface Mount,Active,https://ww1.microchip.com/downloads/en/DeviceDoc/21166K.pdf,https://www.digikey.com/en/products/detail/microchip-technology/24LCS52-I-SN/318729,900 ns,400 kHz,Verified,,EEPROM,I2C,256 x 8,2Kbit,Non-Volatile,-40°C ~ 85°C (TA),,,EEPROM,2.2V ~ 5.5V,5ms
25AA010AT-I/OT,Microchip Technology,IC EEPROM 1KBIT SPI SOT23-6,memory,9736,0.5,SOT-23-6,Surface Mount,Active,https://ww1.microchip.com/downloads/en/DeviceDoc/21832H.pdf,https://www.digikey.com/en/products/detail/microchip-technology/25AA010AT-I-OT/1212462,,10 MHz,Verified,,EEPROM,SPI,128 x 8,1Kbit,Non-Volatile,-40°C ~ 85°C (TA),,,EEPROM,1.8V ~ 5.5V,5ms
25AA02E48T-I/OT,Microchip Technology,IC EEPROM 2KBIT SPI SOT23-6,memory,2866,0.55,SOT-23-6,Surface Mount,Active,https://ww1.microchip.com/downloads/en/DeviceDoc/25AA02E48-25AA02E64-2K-SPI-Bus-Serial-EEPROM-Data%20Sheet_DS20002123G.pdf,https://www.digikey.com/en/products/detail/microchip-technology/25AA02E48T-I-OT/2059650,,10 MHz,Not Verified,,EEPROM,SPI,256 x 8,2Kbit,Non-Volatile,-40°C ~ 85°C (TA),,,EEPROM,1.8V ~ 5.5V,5ms
25AA02E48T-I/SN,Microchip Technology,IC EEPROM 2KBIT SPI 10MHZ 8SOIC,memory,7524,0.57,"8-SOIC (0.154"", 3.90mm Width)",Surface Mount,Active,https://ww1.microchip.com/downloads/en/DeviceDoc/25AA02E48-25AA02E64-2K-SPI-Bus-Serial-EEPROM-Data%20Sheet_DS20002123G.pdf,https://www.digikey.com/en/products/detail/microchip-technology/25AA02E48T-I-SN/2061438,,10 MHz,Not Verified,,EEPROM,SPI,256 x 8,2Kbit,Non-Volatile,-40°C ~ 85°C (TA),,,EEPROM,1.8V ~ 5.5V,5ms
25AA02UIDT-I/OT,Microchip Technology,IC EEPROM 2KBIT SPI SOT23-6,memory,6345,0.52,SOT-23-6,Surface Mount,Active,https://ww1.microchip.com/downloads/en/DeviceDoc/20005205A.pdf,https://www.digikey.com/en/products/detail/microchip-technology/25AA02UIDT-I-OT/4079771,,10 MHz,Not Verified,,EEPROM,SPI,256 x 8,2Kbit,Non-Volatile,-40°C ~ 85°C (TA),,,EEPROM,1.8V ~ 5.5V,5ms
25AA040A-I/P,Microchip Technology,IC EEPROM 4KBIT SPI 10MHZ 8DIP,memory,3789,0.65,"8-DIP (0.300"", 7.62mm)",Through Hole,Active,https://ww1.microchip.com/downloads/en/DeviceDoc/21827H.pdf,https://www.digikey.com/en/products/detail/microchip-technology/25AA040A-I-P/1212469,,10 MHz,Not Verified,,EEPROM,SPI,512 x 8,4Kbit,Non-Volatile,-40°C ~ 85°C (TA),,,EEPROM,1.8V ~ 5.5V,5ms
25AA040AT-I/OT,Microchip Technology,IC EEPROM 4KBIT SPI SOT23-6,memory,6275,0.55,SOT-23-6,Surface Mount,Active,https://ww1.microchip.com/downloads/en/DeviceDoc/21827H.pdf,https://www.digikey.com/en/products/detail/microchip-technology/25AA040AT-I-OT/1212472,,10 MHz,Verified,,EEPROM,SPI,512 x 8,4Kbit,Non-Volatile,-40°C ~ 85°C (TA),,,EEPROM,1.8V ~ 5.5V,5ms
25AA1024-I/P,Microchip Technology,IC EEPROM 1MBIT SPI 20MHZ 8DIP,memory,479,4.31,"8-DIP (0.300"", 7.62mm)",Through Hole,Active,https://ww1.microchip.com/downloads/en/DeviceDoc/1-Mbit-SPI-Bus-Serial-EEPROM-Data-Sheet-20001836K.pdf,https://www.digikey.com/en/products/detail/microchip-technology/25AA1024-I-P/665585,,20 MHz,Not Verified,,EEPROM,SPI,128K x 8,1Mbit,Non-Volatile,-40°C ~ 85°C (TA),,,EEPROM,1.8V ~ 5.5V,6ms
25AA1024-I/SM,Microchip Technology,IC EEPROM 1MBIT SPI 20MHZ 8SOIJ,memory,2437,4.1,"8-SOIC (0.209"", 5.30mm Width)",Surface Mount,Active,https://ww1.microchip.com/downloads/en/DeviceDoc/1-Mbit-SPI-Bus-Serial-EEPROM-Data-Sheet-20001836K.pdf,https://www.digikey.com/en/products/detail/microchip-technology/25AA1024-I-SM/665586,,20 MHz,Verified,,EEPROM,SPI,128K x 8,1Mbit,Non-Volatile,-40°C ~ 85°C (TA),,,EEPROM,1.8V ~ 5.5V,6ms
25AA1024T-I/MF,Microchip Technology,IC EEPROM 1MBIT SPI 20MHZ 8DFN,memory,1217,4.8,8-VDFN Exposed Pad,Surface Mount,Active,https://ww1.microchip.com/downloads/aemDocuments/documents/MPD/ProductDocuments/DataSheets/1-Mbit-SPI-Bus-Serial-EEPROM-Data-Sheet-20001836K.pdf,https://www.digikey.com/en/products/detail/microchip-technology/25AA1024T-I-MF/1228444,,20 MHz,Verified,,EEPROM,SPI,128K x 8,1Mbit,Non-Volatile,-40°C ~ 85°C (TA),,,EEPROM,1.8V ~ 5.5V,6ms
25AA1024T-I/SM,Microchip Technology,IC EEPROM 1MBIT SPI 20MHZ 8SOIJ,memory,3707,4.48,"8-SOIC (0.209"", 5.30mm Width)",Surface Mount,Active,https://ww1.microchip.com/downloads/en/DeviceDoc/1-Mbit-SPI-Bus-Serial-EEPROM-Data-Sheet-20001836K.pdf,https://www.digikey.com/en/products/detail/microchip-technology/25AA1024T-I-SM/1228443,,20 MHz,Verified,,EEPROM,SPI,128K x 8,1Mbit,Non-Volatile,-40°C ~ 85°C (TA),,,EEPROM,1.8V ~ 5.5V,6ms
25AA128-I/SN,Microchip Technology,IC EEPROM 128KBIT SPI 8SOIC,memory,18206,1.18,"8-SOIC (0.154"", 3.90mm Width)",Surface Mount,Active,https://ww1.microchip.com/downloads/en/DeviceDoc/25AA128-25LC128-128K-SPI-Bus-Serial-EEPROM-20001831F.pdf,https://www.digikey.com/en/products/detail/microchip-technology/25AA128-I-SN/1228588,,10 MHz,Verified,,EEPROM,SPI,16K x 8,128Kbit,Non-Volatile,-40°C ~ 85°C (TA),,,EEPROM,1.8V ~ 5.5V,5ms
25AA256-I/P,Microchip Technology,IC EEPROM 256KBIT SPI 10MHZ 8DIP,memory,488,1.72,"8-DIP (0.300"", 7.62mm)",Through Hole,Active,https://ww1.microchip.com/downloads/en/DeviceDoc/25AA256-25LC256-256K-SPI-Bus-Serial-EEPROM-20001822H.pdf,https://www.digikey.com/en/products/detail/microchip-technology/25AA256-I-P/665596,,10 MHz,Not Verified,,EEPROM,SPI,32K x 8,256Kbit,Non-Volatile,-40°C ~ 85°C (TA),,,EEPROM,1.8V ~ 5.5V,5ms
25AA256-I/SM,Microchip Technology,IC EEPROM 256KBIT SPI 8SOIJ,memory,507,1.62,"8-SOIC (0.209"", 5.30mm Width)",Surface Mount,Active,https://ww1.microchip.com/downloads/en/DeviceDoc/25AA256-25LC256-256K-SPI-Bus-Serial-EEPROM-20001822H.pdf,https://www.digikey.com/en/products/detail/microchip-technology/25AA256-I-SM/957542,,10 MHz,Verified,,EEPROM,SPI,32K x 8,256Kbit,Non-Volatile,-40°C ~ 85°C (TA),,,EEPROM,1.8V ~ 5.5V,5ms
25AA256T-I/SN,Microchip Technology,IC EEPROM 256KBIT SPI 8SOIC,memory,3668,1.73,"8-SOIC (0.154"", 3.90mm Width)",Surface Mount,Active,https://ww1.microchip.com/downloads/en/DeviceDoc/25AA256-25LC256-256K-SPI-Bus-Serial-EEPROM-20001822H.pdf,https://www.digikey.com/en/products/detail/microchip-technology/25AA256T-I-SN/957050,,10 MHz,Verified,,EEPROM,SPI,32K x 8,256Kbit,Non-Volatile,-40°C ~ 85°C (TA),,,EEPROM,1.8V ~ 5.5V,5ms
25AA320A-I/SN,Microchip Technology,IC EEPROM 32KBIT SPI 10MHZ 8SOIC,memory,1156,0.74,"8-SOIC (0.154"", 3.90mm Width)",Surface Mount,Active,https://ww1.microchip.com/downloads/aemDocuments/documents/MPD/ProductDocuments/DataSheets/25AA320A-25LC320A-32K-SPI-Bus-Serial-EEPROM-20001828H.pdf,https://www.digikey.com/en/products/detail/microchip-technology/25AA320A-I-SN/1228540,,10 MHz,Not Verified,,EEPROM,SPI,4K x 8,32Kbit,Non-Volatile,-40°C ~ 85°C (TA),,,EEPROM,1.8V ~ 5.5V,5ms
25AA512-I/P,Microchip Technology,IC EEPROM 512KBIT SPI 20MHZ 8DIP,memory,1419,2.59,"8-DIP (0.300"", 7.62mm)",Through Hole,Active,https://ww1.microchip.com/downloads/aemDocuments/documents/MPD/ProductDocuments/DataSheets/25AA512-512-Kbit-SPI-Bus-Serial-EEPROM-20002021H.pdf,https://www.digikey.com/en/products/detail/microchip-technology/25AA512-I-P/1228592,,20 MHz,Not Verified,,EEPROM,SPI,64K x 8,512Kbit,Non-Volatile,-40°C ~ 85°C (TA),,,EEPROM,1.8V ~ 5.5V,5ms
25AA512-I/SN,Microchip Technology,IC EEPROM 512KBIT SPI 8SOIC,memory,10459,2.44,"8-SOIC (0.154"", 3.90mm Width)",Surface Mount,Active,https://ww1.microchip.com/downloads/aemDocuments/documents/MPD/ProductDocuments/DataSheets/25AA512-512-Kbit-SPI-Bus-Serial-EEPROM-20002021H.pdf,https://www.digikey.com/en/products/detail/microchip-technology/25AA512-I-SN/1228577,,20 MHz,Verified,,EEPROM,SPI,64K x 8,512Kbit,Non-Volatile,-40°C ~ 85°C (TA),,,EEPROM,1.8V ~ 5.5V,5ms
25AA512T-I/SN,Microchip Technology,IC EEPROM 512KBIT SPI 8SOIC,memory,8466,2.66,"8-SOIC (0.154"", 3.90mm Width)",Surface Mount,Active,https://ww1.microchip.com/downloads/aemDocuments/documents/MPD/ProductDocuments/DataSheets/25AA512-512-Kbit-SPI-Bus-Serial-EEPROM-20002021H.pdf,https://www.digikey.com/en/products/detail/microchip-technology/25AA512T-I-SN/1228397,,20 MHz,Verified,,EEPROM,SPI,64K x 8,512Kbit,Non-Volatile,-40°C ~ 85°C (TA),,,EEPROM,1.8V ~ 5.5V,5ms
25AA640AT-I/MNY,Microchip Technology,IC EEPROM 64KBIT SPI 10MHZ 8TDFN,memory,7442,0.86,8-WFDFN Exposed Pad,Surface Mount,Active,https://ww1.microchip.com/downloads/en/DeviceDoc/25AA640A-25LC640A-64K-SPI-Bus-Serial-EEPROM-20001830G.pdf,https://www.digikey.com/en/products/detail/microchip-technology/25AA640AT-I-MNY/2059652,,10 MHz,Not Verified,,EEPROM,SPI,8K x 8,64Kbit,Non-Volatile,-40°C ~ 85°C (TA),,,EEPROM,1.8V ~ 5.5V,5ms
25CSM04-I/SN,Microchip Technology,IC EEPROM 4MBIT SPI 8MHZ 8SOIC,memory,255,2.2,"8-SOIC (0.154"", 3.90mm Width)",Surface Mount,Active,http://ww1.microchip.com/downloads/en/DeviceDoc/25CSM04-4-Mbit-SPI-Serial-EEPROM-With-128-Bit-Serial-Number-and-Enhanced-Write-Protection-20005817C.pdf,https://www.digikey.com/en/products/detail/microchip-technology/25CSM04-I-SN/13174938,,8 MHz,Not Verified,,EEPROM,SPI,512K x 8,4Mbit,Non-Volatile,-40°C ~ 85°C (TA),,25CS,EEPROM,2.5V ~ 5.5V,5ms
25CSM04T-I/MF,Microchip Technology,IC EEPROM 4MBIT SPI 8MHZ 8WDFN,memory,3603,2.85,8-WDFN Exposed Pad,Surface Mount,Active,http://ww1.microchip.com/downloads/en/DeviceDoc/25CSM04-4-Mbit-SPI-Serial-EEPROM-With-128-Bit-Serial-Number-and-Enhanced-Write-Protection-20005817C.pdf,https://www.digikey.com/en/products/detail/microchip-technology/25CSM04T-I-MF/13174933,,8 MHz,Not Verified,,EEPROM,SPI,512K x 8,4Mbit,Non-Volatile,-40°C ~ 85°C (TA),,25CS,EEPROM,2.5V ~ 5.5V,5ms
25CSM04T-I/SN,Microchip Technology,IC EEPROM 4MBIT SPI 8MHZ 8SOIC,memory,4507,2.36,"8-SOIC (0.154"", 3.90mm Width)",Surface Mount,Active,http://ww1.microchip.com/downloads/en/DeviceDoc/25CSM04-4-Mbit-SPI-Serial-EEPROM-With-128-Bit-Serial-Number-and-Enhanced-Write-Protection-20005817C.pdf,https://www.digikey.com/en/products/detail/microchip-technology/25CSM04T-I-SN/13174945,,8 MHz,Not Verified,,EEPROM,SPI,512K x 8,4Mbit,Non-Volatile,-40°C ~ 85°C (TA),,25CS,EEPROM,2.5V ~ 5.5V,5ms
25LC040AT-E/OT,Microchip Technology,IC EEPROM 4KBIT SPI SOT23-6,memory,3551,0.64,SOT-23-6,Surface Mount,Active,https://ww1.microchip.com/downloads/en/DeviceDoc/21827H.pdf,https://www.digikey.com/en/products/detail/microchip-technology/25LC040AT-E-OT/1228411,,10 MHz,Verified,,EEPROM,SPI,512 x 8,4Kbit,Non-Volatile,-40°C ~ 125°C (TA),,,EEPROM,2.5V ~ 5.5V,5ms
25LC040AT-I/OT,Microchip Technology,IC EEPROM 4KBIT SPI SOT23-6,memory,1141,0.55,SOT-23-6,Surface Mount,Active,https://ww1.microchip.com/downloads/en/DeviceDoc/21827H.pdf,https://www.digikey.com/en/products/detail/microchip-technology/25LC040AT-I-OT/1212487,,10 MHz,Verified,,EEPROM,SPI,512 x 8,4Kbit,Non-Volatile,-40°C ~ 85°C (TA),,,EEPROM,2.5V ~ 5.5V,5ms
25LC040AT-I/SN,Microchip Technology,IC EEPROM 4KBIT SPI 10MHZ 8SOIC,memory,3240,0.57,"8-SOIC (0.154"", 3.90mm Width)",Surface Mount,Active,https://ww1.microchip.com/downloads/en/DeviceDoc/21827H.pdf,https://www.digikey.com/en/products/detail/microchip-technology/25LC040AT-I-SN/1222933,,10 MHz,Verified,,EEPROM,SPI,512 x 8,4Kbit,Non-Volatile,-40°C ~ 85°C (TA),,,EEPROM,2.5V ~ 5.5V,5ms
25LC080AT-I/SN,Microchip Technology,IC EEPROM 8KBIT SPI 10MHZ 8SOIC,memory,1486,0.75,"8-SOIC (0.154"", 3.90mm Width)",Surface Mount,Active,https://ww1.microchip.com/downloads/en/DeviceDoc/21808D.pdf,https://www.digikey.com/en/products/detail/microchip-technology/25LC080AT-I-SN/683073,,10 MHz,Verified,,EEPROM,SPI,1K x 8,8Kbit,Non-Volatile,-40°C ~ 85°C (TA),,,EEPROM,2.5V ~ 5.5V,5ms
25LC1024-E/MF,Microchip Technology,IC EEPROM 1MBIT SPI 20MHZ 8DFN,memory,2903,4.47,8-VDFN Exposed Pad,Surface Mount,Active,https://ww1.microchip.com/downloads/aemDocuments/documents/MPD/ProductDocuments/DataSheets/25LC1024-1-Mbit-SPI-Bus-Serial-EEPROM-20002064E.pdf,https://www.digikey.com/en/products/detail/microchip-technology/25LC1024-E-MF/1228563,,20 MHz,Not Verified,,EEPROM,SPI,128K x 8,1Mbit,Non-Volatile,-40°C ~ 125°C (TA),,,EEPROM,2.5V ~ 5.5V,6ms
25LC1024-E/SM,Microchip Technology,IC EEPROM 1MBIT SPI 20MHZ 8SOIJ,memory,1350,4.19,"8-SOIC (0.209"", 5.30mm Width)",Surface Mount,Active,https://ww1.microchip.com/downloads/aemDocuments/documents/MPD/ProductDocuments/DataSheets/25LC1024-1-Mbit-SPI-Bus-Serial-EEPROM-20002064E.pdf,https://www.digikey.com/en/products/detail/microchip-technology/25LC1024-E-SM/1228573,,20 MHz,Verified,,EEPROM,SPI,128K x 8,1Mbit,Non-Volatile,-40°C ~ 125°C (TA),,,EEPROM,2.5V ~ 5.5V,6ms
25LC1024-I/P,Microchip Technology,IC EEPROM 1MBIT SPI 20MHZ 8DIP,memory,782,4.31,"8-DIP (0.300"", 7.62mm)",Through Hole,Active,https://ww1.microchip.com/downloads/aemDocuments/documents/MPD/ProductDocuments/DataSheets/25LC1024-1-Mbit-SPI-Bus-Serial-EEPROM-20002064E.pdf,https://www.digikey.com/en/products/detail/microchip-technology/25LC1024-I-P/665604,,20 MHz,Not Verified,,EEPROM,SPI,128K x 8,1Mbit,Non-Volatile,-40°C ~ 85°C (TA),,,EEPROM,2.5V ~ 5.5V,6ms
25LC1024-I/SM,Microchip Technology,IC EEPROM 1MBIT SPI 20MHZ 8SOIJ,memory,5062,4.1,"8-SOIC (0.209"", 5.30mm Width)",Surface Mount,Active,https://ww1.microchip.com/downloads/aemDocuments/documents/MPD/ProductDocuments/DataSheets/25LC1024-1-Mbit-SPI-Bus-Serial-EEPROM-20002064E.pdf,https://www.digikey.com/en/products/detail/microchip-technology/25LC1024-I-SM/665605,,20 MHz,Verified,,EEPROM,SPI,128K x 8,1Mbit,Non-Volatile,-40°C ~ 85°C (TA),,,EEPROM,2.5V ~ 5.5V,6ms
25LC1024T-E/SM,Microchip Technology,IC EEPROM 1MBIT SPI 20MHZ 8SOIJ,memory,5726,4.57,"8-SOIC (0.209"", 5.30mm Width)",Surface Mount,Active,https://ww1.microchip.com/downloads/aemDocuments/documents/MPD/ProductDocuments/DataSheets/25LC1024-1-Mbit-SPI-Bus-Serial-EEPROM-20002064E.pdf,https://www.digikey.com/en/products/detail/microchip-technology/25LC1024T-E-SM/1228431,,20 MHz,Verified,,EEPROM,SPI,128K x 8,1Mbit,Non-Volatile,-40°C ~ 125°C (TA),,,EEPROM,2.5V ~ 5.5V,6ms
25LC1024T-I/SM,Microchip Technology,IC EEPROM 1MBIT SPI 20MHZ 8SOIJ,memory,8290,4.48,"8-SOIC (0.209"", 5.30mm Width)",Surface Mount,Active,https://ww1.microchip.com/downloads/aemDocuments/documents/MPD/ProductDocuments/DataSheets/25LC1024-1-Mbit-SPI-Bus-Serial-EEPROM-20002064E.pdf,https://www.digikey.com/en/products/detail/microchip-technology/25LC1024T-I-SM/1228422,,20 MHz,Verified,,EEPROM,SPI,128K x 8,1Mbit,Non-Volatile,-40°C ~ 85°C (TA),,,EEPROM,2.5V ~ 5.5V,6ms
25LC128-I/SN,Microchip Technology,IC EEPROM 128KBIT SPI 8SOIC,memory,926,1.18,"8-SOIC (0.154"", 3.90mm Width)",Surface Mount,Active,https://ww1.microchip.com/downloads/en/DeviceDoc/25AA128-25LC128-128K-SPI-Bus-Serial-EEPROM-20001831F.pdf,https://www.digikey.com/en/products/detail/microchip-technology/25LC128-I-SN/1228516,,10 MHz,Verified,,EEPROM,SPI,16K x 8,128Kbit,Non-Volatile,-40°C ~ 85°C (TA),,,EEPROM,2.5V ~ 5.5V,5ms
25LC128T-I/SN,Microchip Technology,IC EEPROM 128KBIT SPI 8SOIC,memory,7465,1.29,"8-SOIC (0.154"", 3.90mm Width)",Surface Mount,Active,https://ww1.microchip.com/downloads/en/DeviceDoc/25AA128-25LC128-128K-SPI-Bus-Serial-EEPROM-20001831F.pdf,https://www.digikey.com/en/products/detail/microchip-technology/25LC128T-I-SN/1228416,,10 MHz,Verified,,EEPROM,SPI,16K x 8,128Kbit,Non-Volatile,-40°C ~ 85°C (TA),,,EEPROM,2.5V ~ 5.5V,5ms
25LC160AT-I/SN,Microchip Technology,IC EEPROM 16KBIT SPI 10MHZ 8SOIC,memory,2992,0.76,"8-SOIC (0.154"", 3.90mm Width)",Surface Mount,Active,https://ww1.microchip.com/downloads/aemDocuments/documents/MPD/ProductDocuments/DataSheets/21807D.pdf,https://www.digikey.com/en/products/detail/microchip-technology/25LC160AT-I-SN/683097,,10 MHz,Verified,,EEPROM,SPI,2K x 8,16Kbit,Non-Volatile,-40°C ~ 85°C (TA),,,EEPROM,2.5V ~ 5.5V,5ms
25LC256-E/SN,Microchip Technology,IC EEPROM 256KBIT SPI 8SOIC,memory,2538,1.71,"8-SOIC (0.154"", 3.90mm Width)",Surface Mount,Active,https://ww1.microchip.com/downloads/en/DeviceDoc/25AA256-25LC256-256K-SPI-Bus-Serial-EEPROM-20001822H.pdf,https://www.digikey.com/en/products/detail/microchip-technology/25LC256-E-SN/957057,,10 MHz,Verified,,EEPROM,SPI,32K x 8,256Kbit,Non-Volatile,-40°C ~ 125°C (TA),,,EEPROM,2.5V ~ 5.5V,5ms
25LC256-E/ST,Microchip Technology,IC EEPROM 256KBIT SPI 8TSSOP,memory,2933,1.74,"8-TSSOP (0.173"", 4.40mm Width)",Surface Mount,Active,https://ww1.microchip.com/downloads/en/DeviceDoc/25AA256-25LC256-256K-SPI-Bus-Serial-EEPROM-20001822H.pdf,https://www.digikey.com/en/products/detail/microchip-technology/25LC256-E-ST/957058,,10 MHz,Not Verified,,EEPROM,SPI,32K x 8,256Kbit,Non-Volatile,-40°C ~ 125°C (TA),,,EEPROM,2.5V ~ 5.5V,5ms
25LC256-I/P,Microchip Technology,IC EEPROM 256KBIT SPI 10MHZ 8DIP,memory,353,1.72,"8-DIP (0.300"", 7.62mm)",Through Hole,Active,https://ww1.microchip.com/downloads/en/DeviceDoc/25AA256-25LC256-256K-SPI-Bus-Serial-EEPROM-20001822H.pdf,https://www.digikey.com/en/products/detail/microchip-technology/25LC256-I-P/665615,,10 MHz,Not Verified,,EEPROM,SPI,32K x 8,256Kbit,Non-Volatile,-40°C ~ 85°C (TA),,,EEPROM,2.5V ~ 5.5V,5ms
25LC256-I/SN,Microchip Technology,IC EEPROM 256KBIT SPI 8SOIC,memory,2429,1.58,"8-SOIC (0.154"", 3.90mm Width)",Surface Mount,Active,https://ww1.microchip.com/downloads/en/DeviceDoc/25AA256-25LC256-256K-SPI-Bus-Serial-EEPROM-20001822H.pdf,https://www.digikey.com/en/products/detail/microchip-technology/25LC256-I-SN/660205,,10 MHz,Verified,,EEPROM,SPI,32K x 8,256Kbit,Non-Volatile,-40°C ~ 85°C (TA),,,EEPROM,2.5V ~ 5.5V,5ms
25LC256-I/ST,Microchip Technology,IC EEPROM 256KBIT SPI 8TSSOP,memory,2070,1.64,"8-TSSOP (0.173"", 4.40mm Width)",Surface Mount,Active,https://ww1.microchip.com/downloads/en/DeviceDoc/25AA256-25LC256-256K-SPI-Bus-Serial-EEPROM-20001822H.pdf,https://www.digikey.com/en/products/detail/microchip-technology/25LC256-I-ST/665616,,10 MHz,Not Verified,,EEPROM,SPI,32K x 8,256Kbit,Non-Volatile,-40°C ~ 85°C (TA),,,EEPROM,2.5V ~ 5.5V,5ms
25LC256T-E/SN,Microchip Technology,IC EEPROM 256KBIT SPI 8SOIC,memory,3175,1.87,"8-SOIC (0.154"", 3.90mm Width)",Surface Mount,Active,https://ww1.microchip.com/downloads/en/DeviceDoc/25AA256-25LC256-256K-SPI-Bus-Serial-EEPROM-20001822H.pdf,https://www.digikey.com/en/products/detail/microchip-technology/25LC256T-E-SN/957061,,10 MHz,Verified,,EEPROM,SPI,32K x 8,256Kbit,Non-Volatile,-40°C ~ 125°C (TA),,,EEPROM,2.5V ~ 5.5V,5ms
25LC256T-I/SM,Microchip Technology,IC EEPROM 256KBIT SPI 8SOIJ,memory,4846,1.77,"8-SOIC (0.209"", 5.30mm Width)",Surface Mount,Active,https://ww1.microchip.com/downloads/en/DeviceDoc/25AA256-25LC256-256K-SPI-Bus-Serial-EEPROM-20001822H.pdf,https://www.digikey.com/en/products/detail/microchip-technology/25LC256T-I-SM/957064,,10 MHz,Verified,,EEPROM,SPI,32K x 8,256Kbit,Non-Volatile,-40°C ~ 85°C (TA),,,EEPROM,2.5V ~ 5.5V,5ms
25LC256T-I/SN,Microchip Technology,IC EEPROM 256KBIT SPI 8SOIC,memory,2722,1.73,"8-SOIC (0.154"", 3.90mm Width)",Surface Mount,Active,https://ww1.microchip.com/downloads/en/DeviceDoc/25AA256-25LC256-256K-SPI-Bus-Serial-EEPROM-20001822H.pdf,https://www.digikey.com/en/products/detail/microchip-technology/25LC256T-I-SN/957065,,10 MHz,Verified,,EEPROM,SPI,32K x 8,256Kbit,Non-Volatile,-40°C ~ 85°C (TA),,,EEPROM,2.5V ~ 5.5V,5ms
25LC256T-I/ST,Microchip Technology,IC EEPROM 256KBIT SPI 8TSSOP,memory,2914,1.79,"8-TSSOP (0.173"", 4.40mm Width)",Surface Mount,Active,https://ww1.microchip.com/downloads/en/DeviceDoc/25AA256-25LC256-256K-SPI-Bus-Serial-EEPROM-20001822H.pdf,https://www.digikey.com/en/products/detail/microchip-technology/25LC256T-I-ST/957066,,10 MHz,Verified,,EEPROM,SPI,32K x 8,256Kbit,Non-Volatile,-40°C ~ 85°C (TA),,,EEPROM,2.5V ~ 5.5V,5ms
25LC320AT-E/MS,Microchip Technology,IC EEPROM 32KBIT SPI 10MHZ 8MSOP,memory,4730,0.93,"8-TSSOP, 8-MSOP (0.118"", 3.00mm Width)",Surface Mount,Active,https://ww1.microchip.com/downloads/aemDocuments/documents/MPD/ProductDocuments/DataSheets/25LCXXXX-8K-256K-SPI-Serial-EEPROM-High-Temp-Family-Data-Sheet-DS20002131.pdf,https://www.digikey.com/en/products/detail/microchip-technology/25LC320AT-E-MS/1228418,,10 MHz,Verified,,EEPROM,SPI,4K x 8,32Kbit,Non-Volatile,-40°C ~ 125°C (TA),,,EEPROM,2.5V ~ 5.5V,5ms
25LC320AT-I/SN,Microchip Technology,IC EEPROM 32KBIT SPI 10MHZ 8SOIC,memory,3613,0.81,"8-SOIC (0.154"", 3.90mm Width)",Surface Mount,Active,https://ww1.microchip.com/downloads/aemDocuments/documents/MPD/ProductDocuments/DataSheets/25AA320A-25LC320A-32K-SPI-Bus-Serial-EEPROM-20001828H.pdf,https://www.digikey.com/en/products/detail/microchip-technology/25LC320AT-I-SN/1228425,,10 MHz,Verified,,EEPROM,SPI,4K x 8,32Kbit,Non-Volatile,-40°C ~ 85°C (TA),,,EEPROM,2.5V ~ 5.5V,5ms
25LC512-E/SN,Microchip Technology,IC EEPROM 512KBIT SPI 8SOIC,memory,1886,2.52,"8-SOIC (0.154"", 3.90mm Width)",Surface Mount,Active,https://ww1.microchip.com/downloads/en/DeviceDoc/25LC512-512-Kbit-SPI-Bus-Serial-EEPROM-20002065D.pdf,https://www.digikey.com/en/products/detail/microchip-technology/25LC512-E-SN/1228738,,20 MHz,Verified,,EEPROM,SPI,64K x 8,512Kbit,Non-Volatile,-40°C ~ 125°C (TA),,,EEPROM,2.5V ~ 5.5V,5ms
25LC512-I/P,Microchip Technology,IC EEPROM 512KBIT SPI 20MHZ 8DIP,memory,133,2.59,"8-DIP (0.300"", 7.62mm)",Through Hole,Active,https://ww1.microchip.com/downloads/en/DeviceDoc/25LC512-512-Kbit-SPI-Bus-Serial-EEPROM-20002065D.pdf,https://www.digikey.com/en/products/detail/microchip-technology/25LC512-I-P/1228678,,20 MHz,Not Verified,,EEPROM,SPI,64K x 8,512Kbit,Non-Volatile,-40°C ~ 85°C (TA),,,EEPROM,2.5V ~ 5.5V,5ms
25LC512-I/SM,Microchip Technology,IC EEPROM 512KBIT SPI 8SOIJ,memory,4598,2.46,"8-SOIC (0.209"", 5.30mm Width)",Surface Mount,Active,https://ww1.microchip.com/downloads/en/DeviceDoc/25LC512-512-Kbit-SPI-Bus-Serial-EEPROM-20002065D.pdf,https://www.digikey.com/en/products/detail/microchip-technology/25LC512-I-SM/1228617,,20 MHz,Verified,,EEPROM,SPI,64K x 8,512Kbit,Non-Volatile,-40°C ~ 85°C (TA),,,EEPROM,2.5V ~ 5.5V,5ms
25LC512-I/SN,Microchip Technology,IC EEPROM 512KBIT SPI 8SOIC,memory,1675,2.44,"8-SOIC (0.154"", 3.90mm Width)",Surface Mount,Active,https://ww1.microchip.com/downloads/en/DeviceDoc/25LC512-512-Kbit-SPI-Bus-Serial-EEPROM-20002065D.pdf,https://www.digikey.com/en/products/detail/microchip-technology/25LC512-I-SN/1228618,,20 MHz,Verified,,EEPROM,SPI,64K x 8,512Kbit,Non-Volatile,-40°C ~ 85°C (TA),,,EEPROM,2.5V ~ 5.5V,5ms
25LC512-M/SN,Microchip Technology,IC EEPROM 512KBIT SPI 8SOIC,memory,1752,17.35,"8-SOIC (0.154"", 3.90mm Width)",Surface Mount,Active,https://ww1.microchip.com/downloads/en/DeviceDoc/20005265A.pdf,https://www.digikey.com/en/products/detail/microchip-technology/25LC512-M-SN/5033140,,20 MHz,Verified,,EEPROM,SPI,64K x 8,512Kbit,Non-Volatile,-55°C ~ 125°C (TA),,,EEPROM,2.5V ~ 5.5V,5ms
25LC512T-E/SN,Microchip Technology,IC EEPROM 512KBIT SPI 8SOIC,memory,5353,2.75,"8-SOIC (0.154"", 3.90mm Width)",Surface Mount,Active,https://ww1.microchip.com/downloads/en/DeviceDoc/25LC512-512-Kbit-SPI-Bus-Serial-EEPROM-20002065D.pdf,https://www.digikey.com/en/products/detail/microchip-technology/25LC512T-E-SN/1228391,,20 MHz,Verified,,EEPROM,SPI,64K x 8,512Kbit,Non-Volatile,-40°C ~ 125°C (TA),,,EEPROM,2.5V ~ 5.5V,5ms
25LC512T-I/SN,Microchip Technology,IC EEPROM 512KBIT SPI 8SOIC,memory,2709,2.66,"8-SOIC (0.154"", 3.90mm Width)",Surface Mount,Active,https://ww1.microchip.com/downloads/en/DeviceDoc/25LC512-512-Kbit-SPI-Bus-Serial-EEPROM-20002065D.pdf,https://www.digikey.com/en/products/detail/microchip-technology/25LC512T-I-SN/1228399,,20 MHz,Verified,,EEPROM,SPI,64K x 8,512Kbit,Non-Volatile,-40°C ~ 85°C (TA),,,EEPROM,2.5V ~ 5.5V,5ms
25LC640-I/SN,Microchip Technology,IC EEPROM 64KBIT SPI 2MHZ 8SOIC,memory,1102,0.9,"8-SOIC (0.154"", 3.90mm Width)",Surface Mount,Active,https://ww1.microchip.com/downloads/aemDocuments/documents/MPD/ProductDocuments/DataSheets/21223H.pdf,https://www.digikey.com/en/products/detail/microchip-technology/25LC640-I-SN/273434,,2 MHz,Verified,,EEPROM,SPI,8K x 8,64Kbit,Non-Volatile,-40°C ~ 85°C (TA),,,EEPROM,2.5V ~ 5.5V,5ms
25LC640A-E/SN,Microchip Technology,IC EEPROM 64KBIT SPI 10MHZ 8SOIC,memory,2495,0.83,"8-SOIC (0.154"", 3.90mm Width)",Surface Mount,Active,https://ww1.microchip.com/downloads/en/DeviceDoc/25AA640A-25LC640A-64K-SPI-Bus-Serial-EEPROM-20001830G.pdf,https://www.digikey.com/en/products/detail/microchip-technology/25LC640A-E-SN/1635920,,10 MHz,Verified,,EEPROM,SPI,8K x 8,64Kbit,Non-Volatile,-40°C ~ 125°C (TA),,,EEPROM,2.5V ~ 5.5V,5ms
25LC640A-M/SN,Microchip Technology,IC EEPROM 64KBIT SPI 10MHZ 8SOIC,memory,222,14.13,"8-SOIC (0.154"", 3.90mm Width)",Surface Mount,Active,https://ww1.microchip.com/downloads/aemDocuments/documents/OTH/ProductDocuments/DataSheets/22144A.pdf,https://www.digikey.com/en/products/detail/microchip-technology/25LC640A-M-SN/2179266,,10 MHz,Verified,,EEPROM,SPI,8K x 8,64Kbit,Non-Volatile,-55°C ~ 125°C (TA),,,EEPROM,2.5V ~ 5.5V,5ms
25LC640AT-E/SN,Microchip Technology,IC EEPROM 64KBIT SPI 10MHZ 8SOIC,memory,2114,0.89,"8-SOIC (0.154"", 3.90mm Width)",Surface Mount,Active,https://ww1.microchip.com/downloads/en/DeviceDoc/25AA640A-25LC640A-64K-SPI-Bus-Serial-EEPROM-20001830G.pdf,https://www.digikey.com/en/products/detail/microchip-technology/25LC640AT-E-SN/1635355,,10 MHz,Verified,,EEPROM,SPI,8K x 8,64Kbit,Non-Volatile,-40°C ~ 125°C (TA),,,EEPROM,2.5V ~ 5.5V,5ms
25LC640AT-I/MNY,Microchip Technology,IC EEPROM 64KBIT SPI 10MHZ 8TDFN,memory,14120,0.86,8-WFDFN Exposed Pad,Surface Mount,Active,https://ww1.microchip.com/downloads/en/DeviceDoc/25AA640A-25LC640A-64K-SPI-Bus-Serial-EEPROM-20001830G.pdf,https://www.digikey.com/en/products/detail/microchip-technology/25LC640AT-I-MNY/2059654,,10 MHz,Not Verified,,EEPROM,SPI,8K x 8,64Kbit,Non-Volatile,-40°C ~ 85°C (TA),,,EEPROM,2.5V ~ 5.5V,5ms
25LC640AT-I/SN,Microchip Technology,IC EEPROM 64KBIT SPI 10MHZ 8SOIC,memory,5486,0.81,"8-SOIC (0.154"", 3.90mm Width)",Surface Mount,Active,https://ww1.microchip.com/downloads/en/DeviceDoc/25AA640A-25LC640A-64K-SPI-Bus-Serial-EEPROM-20001830G.pdf,https://www.digikey.com/en/products/detail/microchip-technology/25LC640AT-I-SN/1635352,,10 MHz,Verified,,EEPROM,SPI,8K x 8,64Kbit,Non-Volatile,-40°C ~ 85°C (TA),,,EEPROM,2.5V ~ 5.5V,5ms
25LC640T-I/SN,Microchip Technology,IC EEPROM 64KBIT SPI 2MHZ 8SOIC,memory,11016,0.9,"8-SOIC (0.154"", 3.90mm Width)",Surface Mount,Active,https://ww1.microchip.com/downloads/aemDocuments/documents/MPD/ProductDocuments/DataSheets/21223H.pdf,https://www.digikey.com/en/products/detail/microchip-technology/25LC640T-I-SN/318839,,2 MHz,Verified,,EEPROM,SPI,8K x 8,64Kbit,Non-Volatile,-40°C ~ 85°C (TA),,,EEPROM,2.5V ~ 5.5V,5ms
93AA46AE48T-I/OT,Microchip Technology,IC EEPROM 1KBIT MIC WIRE SOT23-6,memory,4691,0.32,SOT-23-6,Surface Mount,Active,https://ww1.microchip.com/downloads/en/DeviceDoc/93AA46E48-1K-Microwire-Serial-EEPROM-with-EUI-48-Node-ID-20005229D.pdf,https://www.digikey.com/en/products/detail/microchip-technology/93AA46AE48T-I-OT/4439769,,2 MHz,Not Verified,,EEPROM,Microwire,128 x 8,1Kbit,Non-Volatile,-40°C ~ 85°C (TA),,,EEPROM,1.8V ~ 5.5V,6ms
93AA56AT-I/OT,Microchip Technology,IC EEPROM 2KBIT MIC WIRE SOT23-6,memory,7891,0.32,SOT-23-6,Surface Mount,Active,https://ww1.microchip.com/downloads/en/DeviceDoc/21794G.pdf,https://www.digikey.com/en/products/detail/microchip-technology/93AA56AT-I-OT/572828,,2 MHz,Verified,,EEPROM,Microwire,256 x 8,2Kbit,Non-Volatile,-40°C ~ 85°C (TA),,,EEPROM,1.8V ~ 5.5V,6ms
93AA56BT-I/OT,Microchip Technology,IC EEPROM 2KBIT MIC WIRE SOT23-6,memory,6185,0.32,SOT-23-6,Surface Mount,Active,https://ww1.microchip.com/downloads/en/DeviceDoc/21794G.pdf,https://www.digikey.com/en/products/detail/microchip-technology/93AA56BT-I-OT/572822,,2 MHz,Verified,,EEPROM,Microwire,128 x 16,2Kbit,Non-Volatile,-40°C ~ 85°C (TA),,,EEPROM,1.8V ~ 5.5V,6ms
93AA66AT-I/OT,Microchip Technology,IC EEPROM 4KBIT MIC WIRE SOT23-6,memory,2790,0.35,SOT-23-6,Surface Mount,Active,https://ww1.microchip.com/downloads/en/DeviceDoc/21795E.pdf,https://www.digikey.com/en/products/detail/microchip-technology/93AA66AT-I-OT/572393,,2 MHz,Verified,,EEPROM,Microwire,512 x 8,4Kbit,Non-Volatile,-40°C ~ 85°C (TA),,,EEPROM,1.8V ~ 5.5V,6ms
93AA66AT-I/SN,Microchip Technology,IC EEPROM 4KBIT MICROWIRE 8SOIC,memory,2695,0.37,"8-SOIC (0.154"", 3.90mm Width)",Surface Mount,Active,https://ww1.microchip.com/downloads/en/DeviceDoc/21795E.pdf,https://www.digikey.com/en/products/detail/microchip-technology/93AA66AT-I-SN/572378,,2 MHz,Verified,,EEPROM,Microwire,512 x 8,4Kbit,Non-Volatile,-40°C ~ 85°C (TA),,,EEPROM,1.8V ~ 5.5V,6ms
93AA66C-I/SN,Microchip Technology,IC EEPROM 4KBIT MICROWIRE 8SOIC,memory,1079,0.35,"8-SOIC (0.154"", 3.90mm Width)",Surface Mount,Active,https://ww1.microchip.com/downloads/en/DeviceDoc/21795E.pdf,https://www.digikey.com/en/products/detail/microchip-technology/93AA66C-I-SN/572380,,3 MHz,Verified,,EEPROM,Microwire,"512 x 8, 256 x 16",4Kbit,Non-Volatile,-40°C ~ 85°C (TA),,,EEPROM,1.8V ~ 5.5V,6ms
93AA66CT-I/MC,Microchip Technology,IC EEPROM 4KBIT MICROWIRE 8DFN,memory,1307,0.5,8-VFDFN Exposed Pad,Surface Mount,Active,https://ww1.microchip.com/downloads/en/DeviceDoc/21795E.pdf,https://www.digikey.com/en/products/detail/microchip-technology/93AA66CT-I-MC/857464,,3 MHz,Verified,,EEPROM,Microwire,"512 x 8, 256 x 16",4Kbit,Non-Volatile,-40°C ~ 85°C (TA),,,EEPROM,1.8V ~ 5.5V,6ms
93AA66CT-I/MNY,Microchip Technology,IC EEPROM 4KBIT MICROWIRE 8TDFN,memory,1918,0.41,8-WFDFN Exposed Pad,Surface Mount,Active,https://ww1.microchip.com/downloads/en/DeviceDoc/21795E.pdf,https://www.digikey.com/en/products/detail/microchip-technology/93AA66CT-I-MNY/2775722,,3 MHz,Not Verified,,EEPROM,Microwire,"512 x 8, 256 x 16",4Kbit,Non-Volatile,-40°C ~ 85°C (TA),,,EEPROM,1.8V ~ 5.5V,6ms
93AA66CT-I/SN,Microchip Technology,IC EEPROM 4KBIT MICROWIRE 8SOIC,memory,2961,0.37,"8-SOIC (0.154"", 3.90mm Width)",Surface Mount,Active,https://ww1.microchip.com/downloads/en/DeviceDoc/21795E.pdf,https://www.digikey.com/en/products/detail/microchip-technology/93AA66CT-I-SN/572392,,3 MHz,Verified,,EEPROM,Microwire,"512 x 8, 256 x 16",4Kbit,Non-Volatile,-40°C ~ 85°C (TA),,,EEPROM,1.8V ~ 5.5V,6ms
93C46B-I/P,Microchip Technology,IC EEPROM 1KBIT MICROWIRE 8DIP,memory,3424,0.39,"8-DIP (0.300"", 7.62mm)",Through Hole,Active,https://ww1.microchip.com/downloads/en/DeviceDoc/20001749K.pdf,https://www.digikey.com/en/products/detail/microchip-technology/93C46B-I-P/254227,,2 MHz,Verified,,EEPROM,Microwire,64 x 16,1Kbit,Non-Volatile,-40°C ~ 85°C (TA),,,EEPROM,4.5V ~ 5.5V,2ms
93C46B-I/SN,Microchip Technology,IC EEPROM 1KBIT MICROWIRE 8SOIC,memory,1484,0.29,"8-SOIC (0.154"", 3.90mm Width)",Surface Mount,Active,https://ww1.microchip.com/downloads/en/DeviceDoc/20001749K.pdf,https://www.digikey.com/en/products/detail/microchip-technology/93C46B-I-SN/254228,,2 MHz,Verified,,EEPROM,Microwire,64 x 16,1Kbit,Non-Volatile,-40°C ~ 85°C (TA),,,EEPROM,4.5V ~ 5.5V,2ms
93C46B/SN,Microchip Technology,IC EEPROM 1KBIT MICROWIRE 8SOIC,memory,3205,0.29,"8-SOIC (0.154"", 3.90mm Width)",Surface Mount,Active,https://ww1.microchip.com/downloads/en/DeviceDoc/20001749K.pdf,https://www.digikey.com/en/products/detail/microchip-technology/93C46B-SN/254226,,2 MHz,Verified,,EEPROM,Microwire,64 x 16,1Kbit,Non-Volatile,0°C ~ 70°C (TA),,,EEPROM,4.5V ~ 5.5V,2ms
93C46BT-I/OT,Microchip Technology,IC EEPROM 1KBIT MIC WIRE SOT23-6,memory,1050,0.31,SOT-23-6,Surface Mount,Active,https://ww1.microchip.com/downloads/en/DeviceDoc/20001749K.pdf,https://www.digikey.com/en/products/detail/microchip-technology/93C46BT-I-OT/572648,,2 MHz,Verified,,EEPROM,Microwire,64 x 16,1Kbit,Non-Volatile,-40°C ~ 85°C (TA),,,EEPROM,4.5V ~ 5.5V,2ms
93C66B-I/P,Microchip Technology,IC EEPROM 4KBIT MICROWIRE 8DIP,memory,1684,0.45,"8-DIP (0.300"", 7.62mm)",Through Hole,Active,https://ww1.microchip.com/downloads/en/DeviceDoc/21795E.pdf,https://www.digikey.com/en/products/detail/microchip-technology/93C66B-I-P/572371,,2 MHz,Verified,,EEPROM,Microwire,256 x 16,4Kbit,Non-Volatile,-40°C ~ 85°C (TA),,,EEPROM,4.5V ~ 5.5V,2ms
93LC46B-I/P,Microchip Technology,IC EEPROM 1KBIT MICROWIRE 8DIP,memory,1873,0.39,"8-DIP (0.300"", 7.62mm)",Through Hole,Active,https://ww1.microchip.com/downloads/aemDocuments/documents/MPD/ProductDocuments/DataSheets/93AA46A-B-C-93LC46A-B-C-93C46A-B-C-1-Kbit-Microwire-Compatible-Serial-EEPROM-Data-Sheet-DS20001749.pdf,https://www.digikey.com/en/products/detail/microchip-technology/93LC46B-I-P/254235,,2 MHz,Verified,,EEPROM,Microwire,64 x 16,1Kbit,Non-Volatile,-40°C ~ 85°C (TA),,,EEPROM,2.5V ~ 5.5V,6ms
93LC46B/P,Microchip Technology,IC EEPROM 1KBIT MICROWIRE 8DIP,memory,1336,0.39,"8-DIP (0.300"", 7.62mm)",Through Hole,Active,https://ww1.microchip.com/downloads/aemDocuments/documents/MPD/ProductDocuments/DataSheets/93AA46A-B-C-93LC46A-B-C-93C46A-B-C-1-Kbit-Microwire-Compatible-Serial-EEPROM-Data-Sheet-DS20001749.pdf,https://www.digikey.com/en/products/detail/microchip-technology/93LC46B-P/254233,,2 MHz,Verified,,EEPROM,Microwire,64 x 16,1Kbit,Non-Volatile,0°C ~ 70°C (TA),,,EEPROM,2.5V ~ 5.5V,6ms
93LC46B/SN,Microchip Technology,IC EEPROM 1KBIT MICROWIRE 8SOIC,memory,1244,0.29,"8-SOIC (0.154"", 3.90mm Width)",Surface Mount,Active,https://ww1.microchip.com/downloads/aemDocuments/documents/MPD/ProductDocuments/DataSheets/93AA46A-B-C-93LC46A-B-C-93C46A-B-C-1-Kbit-Microwire-Compatible-Serial-EEPROM-Data-Sheet-DS20001749.pdf,https://www.digikey.com/en/products/detail/microchip-technology/93LC46B-SN/254234,,2 MHz,Verified,,EEPROM,Microwire,64 x 16,1Kbit,Non-Volatile,0°C ~ 70°C (TA),,,EEPROM,2.5V ~ 5.5V,6ms
93LC46BT-I/MC,Microchip Technology,IC EEPROM 1KBIT MICROWIRE 8DFN,memory,3243,0.41,8-VFDFN Exposed Pad,Surface Mount,Active,https://ww1.microchip.com/downloads/en/DeviceDoc/20001749K.pdf,https://www.digikey.com/en/products/detail/microchip-technology/93LC46BT-I-MC/739306,,2 MHz,Verified,,EEPROM,Microwire,64 x 16,1Kbit,Non-Volatile,-40°C ~ 85°C (TA),,,EEPROM,2.5V ~ 5.5V,6ms
93LC46BT-I/OT,Microchip Technology,IC EEPROM 1KBIT MIC WIRE SOT23-6,memory,185947,0.31,SOT-23-6,Surface Mount,Active,https://ww1.microchip.com/downloads/en/DeviceDoc/20001749K.pdf,https://www.digikey.com/en/products/detail/microchip-technology/93LC46BT-I-OT/572840,,2 MHz,Verified,,EEPROM,Microwire,64 x 16,1Kbit,Non-Volatile,-40°C ~ 85°C (TA),,,EEPROM,2.5V ~ 5.5V,6ms
93LC46BT-I/SN,Microchip Technology,IC EEPROM 1KBIT MICROWIRE 8SOIC,memory,8938,0.32,"8-SOIC (0.154"", 3.90mm Width)",Surface Mount,Active,https://ww1.microchip.com/downloads/aemDocuments/documents/MPD/ProductDocuments/DataSheets/93AA46A-B-C-93LC46A-B-C-93C46A-B-C-1-Kbit-Microwire-Compatible-Serial-EEPROM-Data-Sheet-DS20001749.pdf,https://www.digikey.com/en/products/detail/microchip-technology/93LC46BT-I-SN/319160,,2 MHz,Verified,,EEPROM,Microwire,64 x 16,1Kbit,Non-Volatile,-40°C ~ 85°C (TA),,,EEPROM,2.5V ~ 5.5V,6ms
93LC46BT-I/ST,Microchip Technology,IC EEPROM 1KBIT MICROWIRE 8TSSOP,memory,12602,0.37,"8-TSSOP (0.173"", 4.40mm Width)",Surface Mount,Active,https://ww1.microchip.com/downloads/en/DeviceDoc/20001749K.pdf,https://www.digikey.com/en/products/detail/microchip-technology/93LC46BT-I-ST/319161,,2 MHz,Verified,,EEPROM,Microwire,64 x 16,1Kbit,Non-Volatile,-40°C ~ 85°C (TA),,,EEPROM,2.5V ~ 5.5V,6ms
93LC46C-I/SN,Microchip Technology,IC EEPROM 1KBIT MICROWIRE 8SOIC,memory,2001,0.33,"8-SOIC (0.154"", 3.90mm Width)",Surface Mount,Active,https://ww1.microchip.com/downloads/en/DeviceDoc/20001749K.pdf,https://www.digikey.com/en/products/detail/microchip-technology/93LC46C-I-SN/572642,,3 MHz,Not Verified,,EEPROM,Microwire,"128 x 8, 64 x 16",1Kbit,Non-Volatile,-40°C ~ 85°C (TA),,,EEPROM,2.5V ~ 5.5V,6ms
93LC46CT-I/SN,Microchip Technology,IC EEPROM 1KBIT MICROWIRE 8SOIC,memory,9101,0.35,"8-SOIC (0.154"", 3.90mm Width)",Surface Mount,Active,https://ww1.microchip.com/downloads/en/DeviceDoc/20001749K.pdf,https://www.digikey.com/en/products/detail/microchip-technology/93LC46CT-I-SN/572637,,3 MHz,Verified,,EEPROM,Microwire,"128 x 8, 64 x 16",1Kbit,Non-Volatile,-40°C ~ 85°C (TA),,,EEPROM,2.5V ~ 5.5V,6ms
93LC56AT-I/OT,Microchip Technology,IC EEPROM 2KBIT MIC WIRE SOT23-6,memory,4110,0.32,SOT-23-6,Surface Mount,Active,https://ww1.microchip.com/downloads/en/DeviceDoc/21794G.pdf,https://www.digikey.com/en/products/detail/microchip-technology/93LC56AT-I-OT/572910,,2 MHz,Verified,,EEPROM,Microwire,256 x 8,2Kbit,Non-Volatile,-40°C ~ 85°C (TA),,,EEPROM,2.5V ~ 5.5V,6ms
93LC56B-I/P,Microchip Technology,IC EEPROM 2KBIT MICROWIRE 8DIP,memory,1498,0.42,"8-DIP (0.300"", 7.62mm)",Through Hole,Active,https://ww1.microchip.com/downloads/en/DeviceDoc/21794G.pdf,https://www.digikey.com/en/products/detail/microchip-technology/93LC56B-I-P/264030,,2 MHz,Verified,,EEPROM,Microwire,128 x 16,2Kbit,Non-Volatile,-40°C ~ 85°C (TA),,,EEPROM,2.5V ~ 5.5V,6ms
93LC56B-I/SN,Microchip Technology,IC EEPROM 2KBIT MICROWIRE 8SOIC,memory,9206,0.33,"8-SOIC (0.154"", 3.90mm Width)",Surface Mount,Active,https://ww1.microchip.com/downloads/en/DeviceDoc/21794G.pdf,https://www.digikey.com/en/products/detail/microchip-technology/93LC56B-I-SN/264031,,2 MHz,Verified,,EEPROM,Microwire,128 x 16,2Kbit,Non-Volatile,-40°C ~ 85°C (TA),,,EEPROM,2.5V ~ 5.5V,6ms
93LC56BT-E/MNY,Microchip Technology,IC EEPROM 2KBIT MICROWIRE 8TDFN,memory,4060,0.5,8-WFDFN Exposed Pad,Surface Mount,Active,https://ww1.microchip.com/downloads/en/DeviceDoc/21794G.pdf,https://www.digikey.com/en/products/detail/microchip-technology/93LC56BT-E-MNY/3072353,,2 MHz,Not Verified,,EEPROM,Microwire,128 x 16,2Kbit,Non-Volatile,-40°C ~ 125°C (TA),,,EEPROM,2.5V ~ 5.5V,6ms
93LC56BT-E/OT,Microchip Technology,IC EEPROM 2KBIT MIC WIRE SOT23-6,memory,9907,0.4,SOT-23-6,Surface Mount,Active,https://ww1.microchip.com/downloads/en/DeviceDoc/21794G.pdf,https://www.digikey.com/en/products/detail/microchip-technology/93LC56BT-E-OT/572716,,2 MHz,Verified,,EEPROM,Microwire,128 x 16,2Kbit,Non-Volatile,-40°C ~ 125°C (TA),,,EEPROM,2.5V ~ 5.5V,6ms
93LC56BT-E/SN,Microchip Technology,IC EEPROM 2KBIT MICROWIRE 8SOIC,memory,7447,0.41,"8-SOIC (0.154"", 3.90mm Width)",Surface Mount,Active,https://ww1.microchip.com/downloads/en/DeviceDoc/21794G.pdf,https://www.digikey.com/en/products/detail/microchip-technology/93LC56BT-E-SN/572718,,2 MHz,Verified,,EEPROM,Microwire,128 x 16,2Kbit,Non-Volatile,-40°C ~ 125°C (TA),,,EEPROM,2.5V ~ 5.5V,6ms
93LC56BT-I/MC,Microchip Technology,IC EEPROM 2KBIT MICROWIRE 8DFN,memory,8551,0.44,8-VFDFN Exposed Pad,Surface Mount,Active,https://ww1.microchip.com/downloads/en/DeviceDoc/21794G.pdf,https://www.digikey.com/en/products/detail/microchip-technology/93LC56BT-I-MC/857484,,2 MHz,Verified,,EEPROM,Microwire,128 x 16,2Kbit,Non-Volatile,-40°C ~ 85°C (TA),,,EEPROM,2.5V ~ 5.5V,6ms
93LC56BT-I/MS,Microchip Technology,IC EEPROM 2KBIT MICROWIRE 8MSOP,memory,3552,0.4,"8-TSSOP, 8-MSOP (0.118"", 3.00mm Width)",Surface Mount,Active,https://ww1.microchip.com/downloads/en/DeviceDoc/21794G.pdf,https://www.digikey.com/en/products/detail/microchip-technology/93LC56BT-I-MS/572542,,2 MHz,Not Verified,,EEPROM,Microwire,128 x 16,2Kbit,Non-Volatile,-40°C ~ 85°C (TA),,,EEPROM,2.5V ~ 5.5V,6ms
93LC56BT-I/OT,Microchip Technology,IC EEPROM 2KBIT MIC WIRE SOT23-6,memory,26828,0.32,SOT-23-6,Surface Mount,Active,https://ww1.microchip.com/downloads/aemDocuments/documents/MPD/ProductDocuments/DataSheets/93AA56X-93LC56X-93C56X-2-Kbit-Microwire-Compatible-Serial-EEPROM-Data-Sheet.pdf,https://www.digikey.com/en/products/detail/microchip-technology/93LC56BT-I-OT/572825,,2 MHz,Verified,,EEPROM,Microwire,128 x 16,2Kbit,Non-Volatile,-40°C ~ 85°C (TA),,,EEPROM,2.5V ~ 5.5V,6ms
93LC56BT-I/SN,Microchip Technology,IC EEPROM 2KBIT MICROWIRE 8SOIC,memory,3674,0.35,"8-SOIC (0.154"", 3.90mm Width)",Surface Mount,Active,https://ww1.microchip.com/downloads/en/DeviceDoc/21794G.pdf,https://www.digikey.com/en/products/detail/microchip-technology/93LC56BT-I-SN/319188,,2 MHz,Verified,,EEPROM,Microwire,128 x 16,2Kbit,Non-Volatile,-40°C ~ 85°C (TA),,,EEPROM,2.5V ~ 5.5V,6ms
93LC56BT-I/ST,Microchip Technology,IC EEPROM 2KBIT MICROWIRE 8TSSOP,memory,4642,0.4,"8-TSSOP (0.173"", 4.40mm Width)",Surface Mount,Active,https://ww1.microchip.com/downloads/en/DeviceDoc/21794G.pdf,https://www.digikey.com/en/products/detail/microchip-technology/93LC56BT-I-ST/319189,,2 MHz,Verified,,EEPROM,Microwire,128 x 16,2Kbit,Non-Volatile,-40°C ~ 85°C (TA),,,EEPROM,2.5V ~ 5.5V,6ms
93LC56BT/SN,Microchip Technology,IC EEPROM 2KBIT MICROWIRE 8SOIC,memory,2818,0.35,"8-SOIC (0.154"", 3.90mm Width)",Surface Mount,Active,https://ww1.microchip.com/downloads/en/DeviceDoc/21794G.pdf,https://www.digikey.com/en/products/detail/microchip-technology/93LC56BT-SN/319190,,2 MHz,Verified,,EEPROM,Microwire,128 x 16,2Kbit,Non-Volatile,0°C ~ 70°C (TA),,,EEPROM,2.5V ~ 5.5V,6ms
93LC56C-I/SN,Microchip Technology,IC EEPROM 2KBIT MICROWIRE 8SOIC,memory,1058,0.33,"8-SOIC (0.154"", 3.90mm Width)",Surface Mount,Active,https://ww1.microchip.com/downloads/en/DeviceDoc/21794G.pdf,https://www.digikey.com/en/products/detail/microchip-technology/93LC56C-I-SN/572796,,3 MHz,Not Verified,,EEPROM,Microwire,"256 x 8, 128 x 16",2Kbit,Non-Volatile,-40°C ~ 85°C (TA),,,EEPROM,2.5V ~ 5.5V,6ms
93LC56CT-I/MNY,Microchip Technology,IC EEPROM 2KBIT MICROWIRE 8TDFN,memory,2680,0.4,8-WFDFN Exposed Pad,Surface Mount,Active,https://ww1.microchip.com/downloads/en/DeviceDoc/21794G.pdf,https://www.digikey.com/en/products/detail/microchip-technology/93LC56CT-I-MNY/2775715,,3 MHz,Not Verified,,EEPROM,Microwire,"256 x 8, 128 x 16",2Kbit,Non-Volatile,-40°C ~ 85°C (TA),,,EEPROM,2.5V ~ 5.5V,6ms
93LC56CT-I/SN,Microchip Technology,IC EEPROM 2KBIT MICROWIRE 8SOIC,memory,8897,0.35,"8-SOIC (0.154"", 3.90mm Width)",Surface Mount,Active,https://ww1.microchip.com/downloads/en/DeviceDoc/21794G.pdf,https://www.digikey.com/en/products/detail/microchip-technology/93LC56CT-I-SN/572795,,3 MHz,Verified,,EEPROM,Microwire,"256 x 8, 128 x 16",2Kbit,Non-Volatile,-40°C ~ 85°C (TA),,,EEPROM,2.5V ~ 5.5V,6ms
93LC66A-I/SN,Microchip Technology,IC EEPROM 4KBIT MICROWIRE 8SOIC,memory,1964,0.35,"8-SOIC (0.154"", 3.90mm Width)",Surface Mount,Active,https://ww1.microchip.com/downloads/en/DeviceDoc/21795E.pdf,https://www.digikey.com/en/products/detail/microchip-technology/93LC66A-I-SN/264035,,2 MHz,Verified,,EEPROM,Microwire,512 x 8,4Kbit,Non-Volatile,-40°C ~ 85°C (TA),,,EEPROM,2.5V ~ 5.5V,6ms
93LC66A/SN,Microchip Technology,IC EEPROM 4KBIT MICROWIRE 8SOIC,memory,12010,0.35,"8-SOIC (0.154"", 3.90mm Width)",Surface Mount,Active,https://ww1.microchip.com/downloads/en/DeviceDoc/21795E.pdf,https://www.digikey.com/en/products/detail/microchip-technology/93LC66A-SN/264033,,2 MHz,Verified,,EEPROM,Microwire,512 x 8,4Kbit,Non-Volatile,0°C ~ 70°C (TA),,,EEPROM,2.5V ~ 5.5V,6ms
93LC66AT-I/OT,Microchip Technology,IC EEPROM 4KBIT MIC WIRE SOT23-6,memory,16003,0.35,SOT-23-6,Surface Mount,Active,https://ww1.microchip.com/downloads/en/DeviceDoc/21795E.pdf,https://www.digikey.com/en/products/detail/microchip-technology/93LC66AT-I-OT/572390,,2 MHz,Not Verified,,EEPROM,Microwire,512 x 8,4Kbit,Non-Volatile,-40°C ~ 85°C (TA),,,EEPROM,2.5V ~ 5.5V,6ms
93LC66AT-I/SN,Microchip Technology,IC EEPROM 4KBIT MICROWIRE 8SOIC,memory,6611,0.37,"8-SOIC (0.154"", 3.90mm Width)",Surface Mount,Active,https://ww1.microchip.com/downloads/en/DeviceDoc/21795E.pdf,https://www.digikey.com/en/products/detail/microchip-technology/93LC66AT-I-SN/319206,,2 MHz,Verified,,EEPROM,Microwire,512 x 8,4Kbit,Non-Volatile,-40°C ~ 85°C (TA),,,EEPROM,2.5V ~ 5.5V,6ms
93LC66B-I/P,Microchip Technology,IC EEPROM 4KBIT MICROWIRE 8DIP,memory,1505,0.45,"8-DIP (0.300"", 7.62mm)",Through Hole,Active,https://ww1.microchip.com/downloads/en/DeviceDoc/21795E.pdf,https://www.digikey.com/en/products/detail/microchip-technology/93LC66B-I-P/264038,,2 MHz,Verified,,EEPROM,Microwire,256 x 16,4Kbit,Non-Volatile,-40°C ~ 85°C (TA),,,EEPROM,2.5V ~ 5.5V,6ms
93LC66B/SN,Microchip Technology,IC EEPROM 4KBIT MICROWIRE 8SOIC,memory,1081,0.35,"8-SOIC (0.154"", 3.90mm Width)",Surface Mount,Active,https://ww1.microchip.com/downloads/en/DeviceDoc/21795E.pdf,https://www.digikey.com/en/products/detail/microchip-technology/93LC66B-SN/264037,,2 MHz,Verified,,EEPROM,Microwire,256 x 16,4Kbit,Non-Volatile,0°C ~ 70°C (TA),,,EEPROM,2.5V ~ 5.5V,6ms
93LC66BT-E/OT,Microchip Technology,IC EEPROM 4KBIT MIC WIRE SOT23-6,memory,2661,0.41,SOT-23-6,Surface Mount,Active,https://ww1.microchip.com/downloads/en/DeviceDoc/21795E.pdf,https://www.digikey.com/en/products/detail/microchip-technology/93LC66BT-E-OT/572453,,2 MHz,Verified,,EEPROM,Microwire,256 x 16,4Kbit,Non-Volatile,-40°C ~ 125°C (TA),,,EEPROM,2.5V ~ 5.5V,6ms
93LC66BT-I/OT,Microchip Technology,IC EEPROM 4KBIT MIC WIRE SOT23-6,memory,2815,0.35,SOT-23-6,Surface Mount,Active,https://ww1.microchip.com/downloads/en/DeviceDoc/21795E.pdf,https://www.digikey.com/en/products/detail/microchip-technology/93LC66BT-I-OT/572389,,2 MHz,Verified,,EEPROM,Microwire,256 x 16,4Kbit,Non-Volatile,-40°C ~ 85°C (TA),,,EEPROM,2.5V ~ 5.5V,6ms
93LC66BT-I/SN,Microchip Technology,IC EEPROM 4KBIT MICROWIRE 8SOIC,memory,4720,0.37,"8-SOIC (0.154"", 3.90mm Width)",Surface Mount,Active,https://ww1.microchip.com/downloads/en/DeviceDoc/21795E.pdf,https://www.digikey.com/en/products/detail/microchip-technology/93LC66BT-I-SN/319216,,2 MHz,Verified,,EEPROM,Microwire,256 x 16,4Kbit,Non-Volatile,-40°C ~ 85°C (TA),,,EEPROM,2.5V ~ 5.5V,6ms
93LC86-I/SN,Microchip Technology,IC EEPROM 16KBIT MICROWIRE 8SOIC,memory,5811,1.13,"8-SOIC (0.154"", 3.90mm Width)",Surface Mount,Active,https://ww1.microchip.com/downloads/en/DeviceDoc/21130E.pdf,https://www.digikey.com/en/products/detail/microchip-technology/93LC86-I-SN/302180,,3 MHz,Verified,,EEPROM,Microwire,"2K x 8, 1K x 16",16Kbit,Non-Volatile,-40°C ~ 85°C (TA),,,EEPROM,2.5V ~ 6.0V,5ms
93LC86C-I/SN,Microchip Technology,IC EEPROM 16KBIT MICROWIRE 8SOIC,memory,1346,0.52,"8-SOIC (0.154"", 3.90mm Width)",Surface Mount,Active,https://ww1.microchip.com/downloads/en/DeviceDoc/21797L.pdf,https://www.digikey.com/en/products/detail/microchip-technology/93LC86C-I-SN/665639,,3 MHz,Not Verified,,EEPROM,Microwire,"2K x 8, 1K x 16",16Kbit,Non-Volatile,-40°C ~ 85°C (TA),,,EEPROM,2.5V ~ 5.5V,5ms
93LC86T-I/SN,Microchip Technology,IC EEPROM 16KBIT MICROWIRE 8SOIC,memory,6528,1.22,"8-SOIC (0.154"", 3.90mm Width)",Surface Mount,Active,https://ww1.microchip.com/downloads/en/DeviceDoc/21130E.pdf,https://www.digikey.com/en/products/detail/microchip-technology/93LC86T-I-SN/319237,,3 MHz,Verified,,EEPROM,Microwire,"2K x 8, 1K x 16",16Kbit,Non-Volatile,-40°C ~ 85°C (TA),,,EEPROM,2.5V ~ 6.0V,5ms
AT21CS01-STUM10-T,Microchip Technology,IC EEPROM 1KBIT I2C SOT23-3,memory,16289,0.26,"TO-236-3, SC-59, SOT-23-3",Surface Mount,Active,https://ww1.microchip.com/downloads/aemDocuments/documents/MPD/ProductDocuments/DataSheets/AT21CS01-AT21CS11-1-Kbit-Serial-EEPROM-Data-Sheet-DS20005857.pdf,https://www.digikey.com/en/products/detail/microchip-technology/AT21CS01-STUM10-T/5056996,,125 kHz,Not Verified,,EEPROM,"I2C, Single Wire",128 x 8,1Kbit,Non-Volatile,-40°C ~ 85°C (TC),,,EEPROM,1.7V ~ 3.6V,5ms
AT21CS11-STU10-T,Microchip Technology,IC EEPROM 1KBIT I2C SOT23-3,memory,35446,0.26,"TO-236-3, SC-59, SOT-23-3",Surface Mount,Active,https://ww1.microchip.com/downloads/aemDocuments/documents/MPD/ProductDocuments/DataSheets/AT21CS01-AT21CS11-1-Kbit-Serial-EEPROM-Data-Sheet-DS20005857.pdf,https://www.digikey.com/en/products/detail/microchip-technology/AT21CS11-STU10-T/7898440,,125 kHz,Not Verified,,EEPROM,"I2C, Single Wire",128 x 8,1Kbit,Non-Volatile,-40°C ~ 85°C (TC),,,EEPROM,2.7V ~ 4.5V,5ms
AT24C01C-MAHM-T,Microchip Technology,IC EEPROM 1KBIT I2C 1MHZ 8UDFN,memory,18914,0.31,8-UFDFN Exposed Pad,Surface Mount,Active,https://ww1.microchip.com/downloads/aemDocuments/documents/MPD/ProductDocuments/DataSheets/AT24C04C-AT24C08C-I2C-Compatible-Two-Wire-Serial-EEPROM-4-Kbit-8-Kbit-20006127.pdf,https://www.digikey.com/en/products/detail/microchip-technology/AT24C01C-MAHM-T/3903732,550 ns,1 MHz,Not Verified,,EEPROM,I2C,128 x 8,1Kbit,Non-Volatile,-40°C ~ 85°C (TA),,,EEPROM,1.7V ~ 5.5V,5ms
AT24C01C-SSHM-B,Microchip Technology,IC EEPROM 1KBIT I2C 1MHZ 8SOIC,memory,3276,0.238,"8-SOIC (0.154"", 3.90mm Width)",Surface Mount,Active,https://ww1.microchip.com/downloads/aemDocuments/documents/MPD/ProductDocuments/DataSheets/AT24C04C-AT24C08C-I2C-Compatible-Two-Wire-Serial-EEPROM-4-Kbit-8-Kbit-20006127.pdf,https://www.digikey.com/en/products/detail/microchip-technology/AT24C01C-SSHM-B/3903727,550 ns,1 MHz,Not Verified,,EEPROM,I2C,128 x 8,1Kbit,Non-Volatile,-40°C ~ 85°C (TA),,,EEPROM,1.7V ~ 5.5V,5ms
AT24C01C-SSHM-T,Microchip Technology,IC EEPROM 1KBIT I2C 1MHZ 8SOIC,memory,7469,0.26,"8-SOIC (0.154"", 3.90mm Width)",Surface Mount,Active,https://www.digikey.com//mm.digikey.com/Volume0/opasdata/d220001/medias/docus/7311/AT24C01C-SSHM-T.pdf,https://www.digikey.com/en/products/detail/microchip-technology/AT24C01C-SSHM-T/3903733,550 ns,1 MHz,Verified,,EEPROM,I2C,128 x 8,1Kbit,Non-Volatile,-40°C ~ 85°C (TA),,,EEPROM,1.7V ~ 5.5V,5ms
AT24C01C-STUM-T,Microchip Technology,IC EEPROM 1KBIT I2C 1MHZ SOT23-5,memory,7266,0.21,"SOT-23-5 Thin, TSOT-23-5",Surface Mount,Active,https://ww1.microchip.com/downloads/aemDocuments/documents/MPD/ProductDocuments/DataSheets/AT24C04C-AT24C08C-I2C-Compatible-Two-Wire-Serial-EEPROM-4-Kbit-8-Kbit-20006127.pdf,https://www.digikey.com/en/products/detail/microchip-technology/AT24C01C-STUM-T/3903734,550 ns,1 MHz,Not Verified,,EEPROM,I2C,128 x 8,1Kbit,Non-Volatile,-40°C ~ 85°C (TA),,,EEPROM,1.7V ~ 5.5V,5ms
AT24C01D-SSHM-B,Microchip Technology,IC EEPROM 1KBIT I2C 1MHZ 8SOIC,memory,18452,0.2,"8-SOIC (0.154"", 3.90mm Width)",Surface Mount,Active,https://ww1.microchip.com/downloads/en/DeviceDoc/AT24C01D-AT24C02D-I2C-Compatible-Two-Wire-Serial-EEPROM-1Kbit-2Kbit-20006100A.pdf,https://www.digikey.com/en/products/detail/microchip-technology/AT24C01D-SSHM-B/4914360,4.5 µs,1 MHz,Verified,,EEPROM,I2C,128 x 8,1Kbit,Non-Volatile,-40°C ~ 85°C (TC),,,EEPROM,1.7V ~ 3.6V,5ms
AT24C01D-SSHM-T,Microchip Technology,IC EEPROM 1KBIT I2C 1MHZ 8SOIC,memory,2425,0.21,"8-SOIC (0.154"", 3.90mm Width)",Surface Mount,Active,https://ww1.microchip.com/downloads/en/DeviceDoc/AT24C01D-AT24C02D-I2C-Compatible-Two-Wire-Serial-EEPROM-1Kbit-2Kbit-20006100A.pdf,https://www.digikey.com/en/products/detail/microchip-technology/AT24C01D-SSHM-T/4914367,4.5 µs,1 MHz,Verified,,EEPROM,I2C,128 x 8,1Kbit,Non-Volatile,-40°C ~ 85°C (TC),,,EEPROM,1.7V ~ 3.6V,5ms
AT24C01D-STUM-T,Microchip Technology,IC EEPROM 1KBIT I2C 1MHZ SOT23-5,memory,9315,0.17,"SOT-23-5 Thin, TSOT-23-5",Surface Mount,Active,https://ww1.microchip.com/downloads/en/DeviceDoc/AT24C01D-AT24C02D-I2C-Compatible-Two-Wire-Serial-EEPROM-1Kbit-2Kbit-20006100A.pdf,https://www.digikey.com/en/products/detail/microchip-technology/AT24C01D-STUM-T/4914368,4.5 µs,1 MHz,Not Verified,,EEPROM,I2C,128 x 8,1Kbit,Non-Volatile,-40°C ~ 85°C (TC),,,EEPROM,1.7V ~ 3.6V,5ms
AT24C01D-XHM-B,Microchip Technology,IC EEPROM 1KBIT I2C 1MHZ 8TSSOP,memory,3300,0.21,"8-TSSOP (0.173"", 4.40mm Width)",Surface Mount,Active,https://ww1.microchip.com/downloads/en/DeviceDoc/AT24C01D-AT24C02D-I2C-Compatible-Two-Wire-Serial-EEPROM-1Kbit-2Kbit-20006100A.pdf,https://www.digikey.com/en/products/detail/microchip-technology/AT24C01D-XHM-B/4914361,4.5 µs,1 MHz,Not Verified,,EEPROM,I2C,128 x 8,1Kbit,Non-Volatile,-40°C ~ 85°C (TC),,,EEPROM,1.7V ~ 3.6V,5ms
AT24C02C-MAHM-E,Microchip Technology,IC EEPROM 2KBIT I2C 1MHZ 8UDFN,memory,5003,0.32,8-UFDFN Exposed Pad,Surface Mount,Active,https://ww1.microchip.com/downloads/en/DeviceDoc/AT24C01C-AT24C02C-I2C-Compatible-Two-Wire-Serial-EEPROM-1Kbit-2Kbit-20006111A.pdf,https://www.digikey.com/en/products/detail/microchip-technology/AT24C02C-MAHM-E/8575708,550 ns,1 MHz,Not Verified,,EEPROM,I2C,256 x 8,2Kbit,Non-Volatile,-40°C ~ 85°C (TA),,,EEPROM,1.7V ~ 5.5V,5ms
AT24C02C-MAHM-T,Microchip Technology,IC EEPROM 2KBIT I2C 1MHZ 8UDFN,memory,36395,0.32,8-UFDFN Exposed Pad,Surface Mount,Active,https://ww1.microchip.com/downloads/aemDocuments/documents/OTH/ProductDocuments/DataSheets/AT24C01C-AT24C02C-I2C-Compatible-Two-Wire-Serial-EEPROM-1Kbit-2Kbit-20006111A.pdf,https://www.digikey.com/en/products/detail/microchip-technology/AT24C02C-MAHM-T/2356958,550 ns,1 MHz,Not Verified,,EEPROM,I2C,256 x 8,2Kbit,Non-Volatile,-40°C ~ 85°C (TA),,,EEPROM,1.7V ~ 5.5V,5ms
AT24C02C-PUM,Microchip Technology,IC EEPROM 2KBIT I2C 1MHZ 8DIP,memory,1254,0.46,"8-DIP (0.300"", 7.62mm)",Through Hole,Active,https://ww1.microchip.com/downloads/aemDocuments/documents/OTH/ProductDocuments/DataSheets/AT24C01C-AT24C02C-I2C-Compatible-Two-Wire-Serial-EEPROM-1Kbit-2Kbit-20006111A.pdf,https://www.digikey.com/en/products/detail/microchip-technology/AT24C02C-PUM/2356959,550 ns,1 MHz,Verified,,EEPROM,I2C,256 x 8,2Kbit,Non-Volatile,-40°C ~ 85°C (TA),,,EEPROM,1.7V ~ 5.5V,5ms
AT24C02C-SSHM-B,Microchip Technology,IC EEPROM 2KBIT I2C 1MHZ 8SOIC,memory,1969,0.26,"8-SOIC (0.154"", 3.90mm Width)",Surface Mount,Active,https://ww1.microchip.com/downloads/aemDocuments/documents/OTH/ProductDocuments/DataSheets/AT24C01C-AT24C02C-I2C-Compatible-Two-Wire-Serial-EEPROM-1Kbit-2Kbit-20006111A.pdf,https://www.digikey.com/en/products/detail/microchip-technology/AT24C02C-SSHM-B/2356960,550 ns,1 MHz,Verified,,EEPROM,I2C,256 x 8,2Kbit,Non-Volatile,-40°C ~ 85°C (TA),,,EEPROM,1.7V ~ 5.5V,5ms
AT24C02C-SSHM-T,Microchip Technology,IC EEPROM 2KBIT I2C 1MHZ 8SOIC,memory,34641,0.28,"8-SOIC (0.154"", 3.90mm Width)",Surface Mount,Active,https://ww1.microchip.com/downloads/aemDocuments/documents/OTH/ProductDocuments/DataSheets/AT24C01C-AT24C02C-I2C-Compatible-Two-Wire-Serial-EEPROM-1Kbit-2Kbit-20006111A.pdf,https://www.digikey.com/en/products/detail/microchip-technology/AT24C02C-SSHM-T/2356961,550 ns,1 MHz,Verified,,EEPROM,I2C,256 x 8,2Kbit,Non-Volatile,-40°C ~ 85°C (TA),,,EEPROM,1.7V ~ 5.5V,5ms
AT24C02C-STUM-T,Microchip Technology,IC EEPROM 2KBIT I2C 1MHZ SOT23-5,memory,24058,0.23,"SOT-23-5 Thin, TSOT-23-5",Surface Mount,Active,https://ww1.microchip.com/downloads/aemDocuments/documents/OTH/ProductDocuments/DataSheets/AT24C01C-AT24C02C-I2C-Compatible-Two-Wire-Serial-EEPROM-1Kbit-2Kbit-20006111A.pdf,https://www.digikey.com/en/products/detail/microchip-technology/AT24C02C-STUM-T/2356962,550 ns,1 MHz,Not Verified,,EEPROM,I2C,256 x 8,2Kbit,Non-Volatile,-40°C ~ 85°C (TA),,,EEPROM,1.7V ~ 5.5V,5ms
AT24C02C-XHM-T,Microchip Technology,IC EEPROM 2KBIT I2C 1MHZ 8TSSOP,memory,9682,0.31,"8-TSSOP (0.173"", 4.40mm Width)",Surface Mount,Active,https://ww1.microchip.com/downloads/aemDocuments/documents/OTH/ProductDocuments/DataSheets/AT24C01C-AT24C02C-I2C-Compatible-Two-Wire-Serial-EEPROM-1Kbit-2Kbit-20006111A.pdf,https://www.digikey.com/en/products/detail/microchip-technology/AT24C02C-XHM-T/2356964,550 ns,1 MHz,Verified,,EEPROM,I2C,256 x 8,2Kbit,Non-Volatile,-40°C ~ 85°C (TA),,,EEPROM,1.7V ~ 5.5V,5ms
AT24C02D-MAHM-E,Microchip Technology,IC EEPROM 2KBIT I2C 1MHZ 8UDFN,memory,42458,0.28,8-UFDFN Exposed Pad,Surface Mount,Active,https://ww1.microchip.com/downloads/en/DeviceDoc/AT24C01D-AT24C02D-I2C-Compatible-Two-Wire-Serial-EEPROM-1Kbit-2Kbit-20006100A.pdf,https://www.digikey.com/en/products/detail/microchip-technology/AT24C02D-MAHM-E/8575709,4.5 µs,1 MHz,Not Verified,,EEPROM,I2C,256 x 8,2Kbit,Non-Volatile,-40°C ~ 85°C (TC),,,EEPROM,1.7V ~ 3.6V,5ms
AT24C02D-MAHM-T,Microchip Technology,IC EEPROM 2KBIT I2C 1MHZ 8UDFN,memory,9856,0.28,8-UFDFN Exposed Pad,Surface Mount,Active,https://ww1.microchip.com/downloads/en/DeviceDoc/AT24C01D-AT24C02D-I2C-Compatible-Two-Wire-Serial-EEPROM-1Kbit-2Kbit-20006100A.pdf,https://www.digikey.com/en/products/detail/microchip-technology/AT24C02D-MAHM-T/4557066,4.5 µs,1 MHz,Not Verified,,EEPROM,I2C,256 x 8,2Kbit,Non-Volatile,-40°C ~ 85°C (TC),,,EEPROM,1.7V ~ 3.6V,5ms
AT24C02D-PUM,Microchip Technology,IC EEPROM 2KBIT I2C 1MHZ 8DIP,memory,1991,0.42,"8-DIP (0.300"", 7.62mm)",Through Hole,Active,https://ww1.microchip.com/downloads/en/DeviceDoc/AT24C01D-AT24C02D-I2C-Compatible-Two-Wire-Serial-EEPROM-1Kbit-2Kbit-20006100A.pdf,https://www.digikey.com/en/products/detail/microchip-technology/AT24C02D-PUM/4557063,4.5 µs,1 MHz,Not Verified,,EEPROM,I2C,256 x 8,2Kbit,Non-Volatile,-40°C ~ 85°C (TC),,,EEPROM,1.7V ~ 3.6V,5ms
AT24C02D-SSHM-T,Microchip Technology,IC EEPROM 2KBIT I2C 1MHZ 8SOIC,memory,8325,0.23,"8-SOIC (0.154"", 3.90mm Width)",Surface Mount,Active,https://ww1.microchip.com/downloads/en/DeviceDoc/AT24C01D-AT24C02D-I2C-Compatible-Two-Wire-Serial-EEPROM-1Kbit-2Kbit-20006100A.pdf,https://www.digikey.com/en/products/detail/microchip-technology/AT24C02D-SSHM-T/4557067,450 ns,1 MHz,Verified,,EEPROM,I2C,256 x 8,2Kbit,Non-Volatile,-40°C ~ 85°C (TC),,,EEPROM,1.7V ~ 3.6V,5ms
AT24C02D-STUM-T,Microchip Technology,IC EEPROM 2KBIT I2C 1MHZ SOT23-5,memory,2575,0.2,"SOT-23-5 Thin, TSOT-23-5",Surface Mount,Active,https://ww1.microchip.com/downloads/en/DeviceDoc/AT24C01D-AT24C02D-I2C-Compatible-Two-Wire-Serial-EEPROM-1Kbit-2Kbit-20006100A.pdf,https://www.digikey.com/en/products/detail/microchip-technology/AT24C02D-STUM-T/4557068,4.5 µs,1 MHz,Not Verified,,EEPROM,I2C,256 x 8,2Kbit,Non-Volatile,-40°C ~ 85°C (TC),,,EEPROM,1.7V ~ 3.6V,5ms
AT24C02D-XHM-B,Microchip Technology,IC EEPROM 2KBIT I2C 1MHZ 8TSSOP,memory,3747,0.238,"8-TSSOP (0.173"", 4.40mm Width)",Surface Mount,Active,https://ww1.microchip.com/downloads/en/DeviceDoc/AT24C01D-AT24C02D-I2C-Compatible-Two-Wire-Serial-EEPROM-1Kbit-2Kbit-20006100A.pdf,https://www.digikey.com/en/products/detail/microchip-technology/AT24C02D-XHM-B/4557065,4.5 µs,1 MHz,Not Verified,,EEPROM,I2C,256 x 8,2Kbit,Non-Volatile,-40°C ~ 85°C (TC),,,EEPROM,1.7V ~ 3.6V,5ms
AT24C02D-XHM-T,Microchip Technology,IC EEPROM 2KBIT I2C 1MHZ 8TSSOP,memory,4658,0.26,"8-TSSOP (0.173"", 4.40mm Width)",Surface Mount,Active,https://ww1.microchip.com/downloads/en/DeviceDoc/AT24C01D-AT24C02D-I2C-Compatible-Two-Wire-Serial-EEPROM-1Kbit-2Kbit-20006100A.pdf,https://www.digikey.com/en/products/detail/microchip-technology/AT24C02D-XHM-T/4557069,4.5 µs,1 MHz,Not Verified,,EEPROM,I2C,256 x 8,2Kbit,Non-Volatile,-40°C ~ 85°C (TC),,,EEPROM,1.7V ~ 3.6V,5ms
AT24C04C-MAHM-T,Microchip Technology,IC EEPROM 4KBIT I2C 1MHZ 8UDFN,memory,26042,0.34,8-UFDFN Exposed Pad,Surface Mount,Active,https://ww1.microchip.com/downloads/aemDocuments/documents/MPD/ProductDocuments/DataSheets/AT24C04C-AT24C08C-I2C-Compatible-Two-Wire-Serial-EEPROM-4-Kbit-8-Kbit-20006127.pdf,https://www.digikey.com/en/products/detail/microchip-technology/AT24C04C-MAHM-T/3046376,550 ns,1 MHz,Not Verified,,EEPROM,I2C,512 x 8,4Kbit,Non-Volatile,-40°C ~ 85°C (TA),,,EEPROM,1.7V ~ 5.5V,5ms
AT24C04C-PUM,Microchip Technology,IC EEPROM 4KBIT I2C 1MHZ 8DIP,memory,2117,0.48,"8-DIP (0.300"", 7.62mm)",Through Hole,Active,https://ww1.microchip.com/downloads/aemDocuments/documents/MPD/ProductDocuments/DataSheets/AT24C04C-AT24C08C-I2C-Compatible-Two-Wire-Serial-EEPROM-4-Kbit-8-Kbit-20006127.pdf,https://www.digikey.com/en/products/detail/microchip-technology/AT24C04C-PUM/3026303,550 ns,1 MHz,Not Verified,,EEPROM,I2C,512 x 8,4Kbit,Non-Volatile,-40°C ~ 85°C (TA),,,EEPROM,1.7V ~ 5.5V,5ms
AT24C04C-SSHM-B,Microchip Technology,IC EEPROM 4KBIT I2C 1MHZ 8SOIC,memory,7169,0.28,"8-SOIC (0.154"", 3.90mm Width)",Surface Mount,Active,https://ww1.microchip.com/downloads/aemDocuments/documents/MPD/ProductDocuments/DataSheets/AT24C04C-AT24C08C-I2C-Compatible-Two-Wire-Serial-EEPROM-4-Kbit-8-Kbit-20006127.pdf,https://www.digikey.com/en/products/detail/microchip-technology/AT24C04C-SSHM-B/3026305,550 ns,1 MHz,Verified,,EEPROM,I2C,512 x 8,4Kbit,Non-Volatile,-40°C ~ 85°C (TA),,,EEPROM,1.7V ~ 5.5V,5ms
AT24C04C-SSHM-T,Microchip Technology,IC EEPROM 4KBIT I2C 1MHZ 8SOIC,memory,197435,0.31,"8-SOIC (0.154"", 3.90mm Width)",Surface Mount,Active,https://ww1.microchip.com/downloads/aemDocuments/documents/MPD/ProductDocuments/DataSheets/AT24C04C-AT24C08C-I2C-Compatible-Two-Wire-Serial-EEPROM-4-Kbit-8-Kbit-20006127.pdf,https://www.digikey.com/en/products/detail/microchip-technology/AT24C04C-SSHM-T/3046235,550 ns,1 MHz,Verified,,EEPROM,I2C,512 x 8,4Kbit,Non-Volatile,-40°C ~ 85°C (TA),,,EEPROM,1.7V ~ 5.5V,5ms
AT24C04C-STUM-T,Microchip Technology,IC EEPROM 4KBIT I2C 1MHZ SOT23-5,memory,9130,0.26,"SOT-23-5 Thin, TSOT-23-5",Surface Mount,Active,https://ww1.microchip.com/downloads/aemDocuments/documents/MPD/ProductDocuments/DataSheets/AT24C04C-AT24C08C-I2C-Compatible-Two-Wire-Serial-EEPROM-4-Kbit-8-Kbit-20006127.pdf,https://www.digikey.com/en/products/detail/microchip-technology/AT24C04C-STUM-T/3789511,550 ns,1 MHz,Not Verified,,EEPROM,I2C,512 x 8,4Kbit,Non-Volatile,-40°C ~ 85°C (TA),,,EEPROM,1.7V ~ 5.5V,5ms
AT24C04C-XHM-T,Microchip Technology,IC EEPROM 4KBIT I2C 1MHZ 8TSSOP,memory,59954,0.32,"8-TSSOP (0.173"", 4.40mm Width)",Surface Mount,Active,https://ww1.microchip.com/downloads/aemDocuments/documents/MPD/ProductDocuments/DataSheets/AT24C04C-AT24C08C-I2C-Compatible-Two-Wire-Serial-EEPROM-4-Kbit-8-Kbit-20006127.pdf,https://www.digikey.com/en/products/detail/microchip-technology/AT24C04C-XHM-T/3046236,550 ns,1 MHz,Not Verified,,EEPROM,I2C,512 x 8,4Kbit,Non-Volatile,-40°C ~ 85°C (TA),,,EEPROM,1.7V ~ 5.5V,5ms
AT24C04D-MAHM-T,Microchip Technology,IC EEPROM 4KBIT I2C 1MHZ 8UDFN,memory,8719,0.31,8-UFDFN Exposed Pad,Surface Mount,Active,https://ww1.microchip.com/downloads/en/DeviceDoc/Atmel-8896E-SEEPROM-AT24C04D-Datasheet.pdf,https://www.digikey.com/en/products/detail/microchip-technology/AT24C04D-MAHM-T/4914370,450 ns,1 MHz,Not Verified,,EEPROM,I2C,512 x 8,4Kbit,Non-Volatile,-40°C ~ 85°C (TA),,,EEPROM,1.7V ~ 3.6V,5ms
AT24C04D-PUM,Microchip Technology,IC EEPROM 4KBIT I2C 1MHZ 8DIP,memory,1546,0.44,"8-DIP (0.300"", 7.62mm)",Through Hole,Active,https://ww1.microchip.com/downloads/en/DeviceDoc/Atmel-8896E-SEEPROM-AT24C04D-Datasheet.pdf,https://www.digikey.com/en/products/detail/microchip-technology/AT24C04D-PUM/4927738,450 ns,1 MHz,Not Verified,,EEPROM,I2C,512 x 8,4Kbit,Non-Volatile,-40°C ~ 85°C (TA),,,EEPROM,1.7V ~ 3.6V,5ms
AT24C04D-SSHM-T,Microchip Technology,IC EEPROM 4KBIT I2C 1MHZ 8SOIC,memory,13704,0.26,"8-SOIC (0.154"", 3.90mm Width)",Surface Mount,Active,https://ww1.microchip.com/downloads/en/DeviceDoc/Atmel-8896E-SEEPROM-AT24C04D-Datasheet.pdf,https://www.digikey.com/en/products/detail/microchip-technology/AT24C04D-SSHM-T/4914371,450 ns,1 MHz,Not Verified,,EEPROM,I2C,512 x 8,4Kbit,Non-Volatile,-40°C ~ 85°C (TA),,,EEPROM,1.7V ~ 3.6V,5ms
AT24C04D-STUM-T,Microchip Technology,IC EEPROM 4KBIT I2C 1MHZ SOT23-5,memory,9083,0.21,"SOT-23-5 Thin, TSOT-23-5",Surface Mount,Active,https://ww1.microchip.com/downloads/en/DeviceDoc/Atmel-8896E-SEEPROM-AT24C04D-Datasheet.pdf,https://www.digikey.com/en/products/detail/microchip-technology/AT24C04D-STUM-T/4914372,450 ns,1 MHz,Not Verified,,EEPROM,I2C,512 x 8,4Kbit,Non-Volatile,-40°C ~ 85°C (TA),,,EEPROM,1.7V ~ 3.6V,5ms
AT24C08C-MAHM-T,Microchip Technology,IC EEPROM 8KBIT I2C 1MHZ 8UDFN,memory,6852,0.38,8-UFDFN Exposed Pad,Surface Mount,Active,https://ww1.microchip.com/downloads/aemDocuments/documents/MPD/ProductDocuments/DataSheets/AT24C04C-AT24C08C-I2C-Compatible-Two-Wire-Serial-EEPROM-4-Kbit-8-Kbit-20006127.pdf,https://www.digikey.com/en/products/detail/microchip-technology/AT24C08C-MAHM-T/3046377,550 ns,1 MHz,Not Verified,,EEPROM,I2C,1K x 8,8Kbit,Non-Volatile,-40°C ~ 85°C (TA),,,EEPROM,1.7V ~ 5.5V,5ms
AT24C08C-SSHM-B,Microchip Technology,IC EEPROM 8KBIT I2C 1MHZ 8SOIC,memory,1436,0.308,"8-SOIC (0.154"", 3.90mm Width)",Surface Mount,Active,https://ww1.microchip.com/downloads/aemDocuments/documents/MPD/ProductDocuments/DataSheets/AT24C04C-AT24C08C-I2C-Compatible-Two-Wire-Serial-EEPROM-4-Kbit-8-Kbit-20006127.pdf,https://www.digikey.com/en/products/detail/microchip-technology/AT24C08C-SSHM-B/3026308,550 ns,1 MHz,Not Verified,,EEPROM,I2C,1K x 8,8Kbit,Non-Volatile,-40°C ~ 85°C (TA),,,EEPROM,1.7V ~ 5.5V,5ms
AT24C08C-SSHM-T,Microchip Technology,IC EEPROM 8KBIT I2C 1MHZ 8SOIC,memory,3963,0.34,"8-SOIC (0.154"", 3.90mm Width)",Surface Mount,Active,https://ww1.microchip.com/downloads/aemDocuments/documents/MPD/ProductDocuments/DataSheets/AT24C04C-AT24C08C-I2C-Compatible-Two-Wire-Serial-EEPROM-4-Kbit-8-Kbit-20006127.pdf,https://www.digikey.com/en/products/detail/microchip-technology/AT24C08C-SSHM-T/3046237,550 ns,1 MHz,Not Verified,,EEPROM,I2C,1K x 8,8Kbit,Non-Volatile,-40°C ~ 85°C (TA),,,EEPROM,1.7V ~ 5.5V,5ms
AT24C08C-STUM-T,Microchip Technology,IC EEPROM 8KBIT I2C 1MHZ SOT23-5,memory,7916,0.43,"SOT-23-5 Thin, TSOT-23-5",Surface Mount,Active,https://ww1.microchip.com/downloads/aemDocuments/documents/MPD/ProductDocuments/DataSheets/AT24C04C-AT24C08C-I2C-Compatible-Two-Wire-Serial-EEPROM-4-Kbit-8-Kbit-20006127.pdf,https://www.digikey.com/en/products/detail/microchip-technology/AT24C08C-STUM-T/3789512,550 ns,1 MHz,Not Verified,,EEPROM,I2C,1K x 8,8Kbit,Non-Volatile,-40°C ~ 85°C (TA),,,EEPROM,1.7V ~ 5.5V,5ms
AT24C08C-XHM-T,Microchip Technology,IC EEPROM 8KBIT I2C 1MHZ 8TSSOP,memory,16782,0.37,"8-TSSOP (0.173"", 4.40mm Width)",Surface Mount,Active,https://ww1.microchip.com/downloads/aemDocuments/documents/MPD/ProductDocuments/DataSheets/AT24C04C-AT24C08C-I2C-Compatible-Two-Wire-Serial-EEPROM-4-Kbit-8-Kbit-20006127.pdf,https://www.digikey.com/en/products/detail/microchip-technology/AT24C08C-XHM-T/3046238,550 ns,1 MHz,Not Verified,,EEPROM,I2C,1K x 8,8Kbit,Non-Volatile,-40°C ~ 85°C (TA),,,EEPROM,1.7V ~ 5.5V,5ms
AT24C08D-SSHM-B,Microchip Technology,IC EEPROM 8KBIT I2C 1MHZ 8SOIC,memory,13493,0.28,"8-SOIC (0.154"", 3.90mm Width)",Surface Mount,Active,https://ww1.microchip.com/downloads/en/DeviceDoc/AT24C08D-I2C-Compatible-2-Wire-Serial-EEPROM-20006022A.pdf,https://www.digikey.com/en/products/detail/microchip-technology/AT24C08D-SSHM-B/4743508,4.5 µs,1 MHz,Not Verified,,EEPROM,I2C,1K x 8,8Kbit,Non-Volatile,-40°C ~ 85°C (TC),,,EEPROM,1.7V ~ 3.6V,5ms
AT24C08D-SSHM-T,Microchip Technology,IC EEPROM 8KBIT I2C 1MHZ 8SOIC,memory,7720,0.31,"8-SOIC (0.154"", 3.90mm Width)",Surface Mount,Active,https://ww1.microchip.com/downloads/en/DeviceDoc/AT24C08D-I2C-Compatible-2-Wire-Serial-EEPROM-20006022A.pdf,https://www.digikey.com/en/products/detail/microchip-technology/AT24C08D-SSHM-T/4743509,4.5 µs,1 MHz,Not Verified,,EEPROM,I2C,1K x 8,8Kbit,Non-Volatile,-40°C ~ 85°C (TC),,,EEPROM,1.7V ~ 3.6V,5ms
AT24C08D-STUM-T,Microchip Technology,IC EEPROM 8KBIT I2C 1MHZ SOT23-5,memory,6550,0.26,"SOT-23-5 Thin, TSOT-23-5",Surface Mount,Active,https://ww1.microchip.com/downloads/en/DeviceDoc/AT24C08D-I2C-Compatible-2-Wire-Serial-EEPROM-20006022A.pdf,https://www.digikey.com/en/products/detail/microchip-technology/AT24C08D-STUM-T/4743510,4.5 µs,1 MHz,Not Verified,,EEPROM,I2C,1K x 8,8Kbit,Non-Volatile,-40°C ~ 85°C (TC),,,EEPROM,1.7V ~ 3.6V,5ms
AT24C128C-MAHM-T,Microchip Technology,IC EEPROM 128KBIT I2C 8UDFN,memory,3346,0.47,8-UFDFN Exposed Pad,Surface Mount,Active,https://ww1.microchip.com/downloads/aemDocuments/documents/MPD/ProductDocuments/DataSheets/AT24C128C-128-Kbit-Serial-EEPROM-I2C-Compatible-DS20006110.pdf,https://www.digikey.com/en/products/detail/microchip-technology/AT24C128C-MAHM-T/3046378,550 ns,1 MHz,Not Verified,,EEPROM,I2C,16K x 8,128Kbit,Non-Volatile,-40°C ~ 85°C (TA),,,EEPROM,1.7V ~ 5.5V,5ms
AT24C128C-SSHM-B,Microchip Technology,IC EEPROM 128KBIT I2C 8SOIC,memory,1634,0.4,"8-SOIC (0.154"", 3.90mm Width)",Surface Mount,Active,https://ww1.microchip.com/downloads/aemDocuments/documents/MPD/ProductDocuments/DataSheets/AT24C128C-128-Kbit-Serial-EEPROM-I2C-Compatible-DS20006110.pdf,https://www.digikey.com/en/products/detail/microchip-technology/AT24C128C-SSHM-B/3046487,550 ns,1 MHz,Verified,,EEPROM,I2C,16K x 8,128Kbit,Non-Volatile,-40°C ~ 85°C (TA),,,EEPROM,1.7V ~ 5.5V,5ms
AT24C128C-SSHM-T,Microchip Technology,IC EEPROM 128KBIT I2C 8SOIC,memory,3953,0.43,"8-SOIC (0.154"", 3.90mm Width)",Surface Mount,Active,https://ww1.microchip.com/downloads/aemDocuments/documents/OTH/ProductDocuments/DataSheets/AT24C128C-AT24C256C-Data-Sheet-DS20006270B.pdf,https://www.digikey.com/en/products/detail/microchip-technology/AT24C128C-SSHM-T/3046239,550 ns,1 MHz,Verified,,EEPROM,I2C,16K x 8,128Kbit,Non-Volatile,-40°C ~ 85°C (TA),,,EEPROM,1.7V ~ 5.5V,5ms
AT24C128C-XHM-T,Microchip Technology,IC EEPROM 128KBIT I2C 8TSSOP,memory,5637,0.44,"8-TSSOP (0.173"", 4.40mm Width)",Surface Mount,Active,https://ww1.microchip.com/downloads/aemDocuments/documents/MPD/ProductDocuments/DataSheets/AT24C128C-128-Kbit-Serial-EEPROM-I2C-Compatible-DS20006110.pdf,https://www.digikey.com/en/products/detail/microchip-technology/AT24C128C-XHM-T/3046240,550 ns,1 MHz,Not Verified,,EEPROM,I2C,16K x 8,128Kbit,Non-Volatile,-40°C ~ 85°C (TA),,,EEPROM,1.7V ~ 5.5V,5ms
AT24C16C-MAHM-T,Microchip Technology,IC EEPROM 16KBIT I2C 8UDFN,memory,4035,0.41,8-UFDFN Exposed Pad,Surface Mount,Active,https://ww1.microchip.com/downloads/en/DeviceDoc/AT24C16C-data-sheet-20006051A.pdf,https://www.digikey.com/en/products/detail/microchip-technology/AT24C16C-MAHM-T/3046379,550 ns,1 MHz,Not Verified,,EEPROM,I2C,2K x 8,16Kbit,Non-Volatile,-40°C ~ 85°C (TA),,,EEPROM,1.7V ~ 5.5V,5ms
AT24C16C-PUM,Microchip Technology,IC EEPROM 16KBIT I2C 8DIP,memory,2050,0.54,"8-DIP (0.300"", 7.62mm)",Through Hole,Active,https://ww1.microchip.com/downloads/en/DeviceDoc/AT24C16C-data-sheet-20006051A.pdf,https://www.digikey.com/en/products/detail/microchip-technology/AT24C16C-PUM/3046489,550 ns,1 MHz,Not Verified,,EEPROM,I2C,2K x 8,16Kbit,Non-Volatile,-40°C ~ 85°C (TA),,,EEPROM,1.7V ~ 5.5V,5ms
AT24C16C-SSHM-B,Microchip Technology,IC EEPROM 16KBIT I2C 8SOIC,memory,2253,0.34,"8-SOIC (0.154"", 3.90mm Width)",Surface Mount,Active,https://ww1.microchip.com/downloads/en/DeviceDoc/AT24C16C-data-sheet-20006051A.pdf,https://www.digikey.com/en/products/detail/microchip-technology/AT24C16C-SSHM-B/3046490,550 ns,1 MHz,Verified,,EEPROM,I2C,2K x 8,16Kbit,Non-Volatile,-40°C ~ 85°C (TA),,,EEPROM,1.7V ~ 5.5V,5ms
AT24C16C-SSHM-T,Microchip Technology,IC EEPROM 16KBIT I2C 8SOIC,memory,5032,0.37,"8-SOIC (0.154"", 3.90mm Width)",Surface Mount,Active,https://ww1.microchip.com/downloads/en/DeviceDoc/AT24C16C-data-sheet-20006051A.pdf,https://www.digikey.com/en/products/detail/microchip-technology/AT24C16C-SSHM-T/3046241,550 ns,1 MHz,Verified,,EEPROM,I2C,2K x 8,16Kbit,Non-Volatile,-40°C ~ 85°C (TA),,,EEPROM,1.7V ~ 5.5V,5ms
AT24C16C-XHM-T,Microchip Technology,IC EEPROM 16KBIT I2C 8TSSOP,memory,22735,0.38,"8-TSSOP (0.173"", 4.40mm Width)",Surface Mount,Active,https://ww1.microchip.com/downloads/en/DeviceDoc/AT24C16C-data-sheet-20006051A.pdf,https://www.digikey.com/en/products/detail/microchip-technology/AT24C16C-XHM-T/3046242,550 ns,1 MHz,Not Verified,,EEPROM,I2C,2K x 8,16Kbit,Non-Volatile,-40°C ~ 85°C (TA),,,EEPROM,1.7V ~ 5.5V,5ms
AT24C16D-STUM-T,Microchip Technology,IC EEPROM 16KBIT I2C SOT23-5,memory,61790,0.41,"SOT-23-5 Thin, TSOT-23-5",Surface Mount,Active,https://www.digikey.com//mm.digikey.com/Volume0/opasdata/d220001/medias/docus/7957/PdfFile471607.pdf,https://www.digikey.com/en/products/detail/microchip-technology/AT24C16D-STUM-T/5013499,450 ns,1 MHz,Not Verified,,EEPROM,I2C,2K x 8,16Kbit,Non-Volatile,-40°C ~ 85°C (TC),,,EEPROM,1.7V ~ 3.6V,5ms
AT24C256C-MAHL-T,Microchip Technology,IC EEPROM 256KBIT I2C 1MHZ 8UDFN,memory,11617,0.6,8-UFDFN Exposed Pad,Surface Mount,Active,https://ww1.microchip.com/downloads/aemDocuments/documents/MPD/ProductDocuments/DataSheets/AT24C256C-I%C2%B2C-Compatible-%28Two-Wire%29-Serial-EEPROM-256-Kbit-%2832%2C768x8%29-Data-Sheet-DS20006042.pdf,https://www.digikey.com/en/products/detail/microchip-technology/AT24C256C-MAHL-T/2270989,550 ns,1 MHz,Not Verified,,EEPROM,I2C,32K x 8,256Kbit,Non-Volatile,-40°C ~ 85°C (TA),,,EEPROM,1.7V ~ 5.5V,5ms
AT24C256C-SSHL-B,Microchip Technology,IC EEPROM 256KBIT I2C 1MHZ 8SOIC,memory,2046,0.52,"8-SOIC (0.154"", 3.90mm Width)",Surface Mount,Active,https://ww1.microchip.com/downloads/aemDocuments/documents/MPD/ProductDocuments/DataSheets/AT24C256C-I%C2%B2C-Compatible-%28Two-Wire%29-Serial-EEPROM-256-Kbit-%2832%2C768x8%29-Data-Sheet-DS20006042.pdf,https://www.digikey.com/en/products/detail/microchip-technology/AT24C256C-SSHL-B/2271121,550 ns,1 MHz,Verified,,EEPROM,I2C,32K x 8,256Kbit,Non-Volatile,-40°C ~ 85°C (TA),,,EEPROM,1.7V ~ 5.5V,5ms
AT24C256C-SSHL-T,Microchip Technology,IC EEPROM 256KBIT I2C 1MHZ 8SOIC,memory,11981,0.55,"8-SOIC (0.154"", 3.90mm Width)",Surface Mount,Active,https://ww1.microchip.com/downloads/aemDocuments/documents/MPD/ProductDocuments/DataSheets/AT24C256C-I%C2%B2C-Compatible-%28Two-Wire%29-Serial-EEPROM-256-Kbit-%2832%2C768x8%29-Data-Sheet-DS20006042.pdf,https://www.digikey.com/en/products/detail/microchip-technology/AT24C256C-SSHL-T/2271166,550 ns,1 MHz,Verified,,EEPROM,I2C,32K x 8,256Kbit,Non-Volatile,-40°C ~ 85°C (TA),,,EEPROM,1.7V ~ 5.5V,5ms
AT24C256C-XHL-T,Microchip Technology,IC EEPROM 256KBIT I2C 8TSSOP,memory,4347,0.58,"8-TSSOP (0.173"", 4.40mm Width)",Surface Mount,Active,https://ww1.microchip.com/downloads/aemDocuments/documents/MPD/ProductDocuments/DataSheets/AT24C256C-I%C2%B2C-Compatible-%28Two-Wire%29-Serial-EEPROM-256-Kbit-%2832%2C768x8%29-Data-Sheet-DS20006042.pdf,https://www.digikey.com/en/products/detail/microchip-technology/AT24C256C-XHL-T/2271164,550 ns,1 MHz,Verified,,EEPROM,I2C,32K x 8,256Kbit,Non-Volatile,-40°C ~ 85°C (TA),,,EEPROM,1.7V ~ 5.5V,5ms
AT24C32D-MAHM-T,Microchip Technology,IC EEPROM 32KBIT I2C 8MINI MAP,memory,4945,0.43,8-UFDFN Exposed Pad,Surface Mount,Active,https://ww1.microchip.com/downloads/en/DeviceDoc/AT24C32D-I2C-Compatible-Serial-EEPROM-Data-Sheet-20006047A.pdf,https://www.digikey.com/en/products/detail/microchip-technology/AT24C32D-MAHM-T/2507871,550 ns,1 MHz,Not Verified,,EEPROM,I2C,4K x 8,32Kbit,Non-Volatile,-40°C ~ 85°C (TA),,,EEPROM,1.7V ~ 5.5V,5ms
AT24C32D-STUM-T,Microchip Technology,IC EEPROM 32KBIT I2C SOT23-5,memory,8187,0.34,"SOT-23-5 Thin, TSOT-23-5",Surface Mount,Active,https://ww1.microchip.com/downloads/en/DeviceDoc/AT24C32D-I2C-Compatible-Serial-EEPROM-Data-Sheet-20006047A.pdf,https://www.digikey.com/en/products/detail/microchip-technology/AT24C32D-STUM-T/4914375,550 ns,1 MHz,Not Verified,,EEPROM,I2C,4K x 8,32Kbit,Non-Volatile,-40°C ~ 85°C (TA),,,EEPROM,1.7V ~ 5.5V,5ms
AT24C32D-XHM-T,Microchip Technology,IC EEPROM 32KBIT I2C 1MHZ 8TSSOP,memory,5932,0.41,"8-TSSOP (0.173"", 4.40mm Width)",Surface Mount,Active,https://ww1.microchip.com/downloads/aemDocuments/documents/MPD/ProductDocuments/DataSheets/AT24C32D-AT24C64D-32-64-Kbit-I2C-Serial-EEPROM-Automotive-Grade-DS20006271.pdf,https://www.digikey.com/en/products/detail/microchip-technology/AT24C32D-XHM-T/2507875,550 ns,1 MHz,Not Verified,,EEPROM,I2C,4K x 8,32Kbit,Non-Volatile,-40°C ~ 85°C (TA),,,EEPROM,1.7V ~ 5.5V,5ms
AT24C32E-MAHM-T,Microchip Technology,IC EEPROM 32KBIT I2C 1MHZ 8UDFN,memory,5891,0.41,8-UFDFN Exposed Pad,Surface Mount,Active,https://ww1.microchip.com/downloads/aemDocuments/documents/MPD/ProductDocuments/DataSheets/AT24C32E_I2C-Compatible_%28Two-Wire%29_Serial_EEPROM_32-Kbit_%284%2C096x8%29_20006109B.pdf,https://www.digikey.com/en/products/detail/microchip-technology/AT24C32E-MAHM-T/5056444,450 ns,1 MHz,Not Verified,,EEPROM,I2C,4K x 8,32Kbit,Non-Volatile,-40°C ~ 85°C (TC),,,EEPROM,1.7V ~ 3.6V,5ms
AT24C32E-PUM,Microchip Technology,IC EEPROM 32KBIT I2C 1MHZ 8DIP,memory,1046,0.54,"8-DIP (0.300"", 7.62mm)",Through Hole,Active,https://ww1.microchip.com/downloads/aemDocuments/documents/MPD/ProductDocuments/DataSheets/AT24C32E_I2C-Compatible_%28Two-Wire%29_Serial_EEPROM_32-Kbit_%284%2C096x8%29_20006109B.pdf,https://www.digikey.com/en/products/detail/microchip-technology/AT24C32E-PUM/5056420,450 ns,1 MHz,Not Verified,,EEPROM,I2C,4K x 8,32Kbit,Non-Volatile,-40°C ~ 85°C (TC),,,EEPROM,1.7V ~ 3.6V,5ms
AT24C32E-SSHM-T,Microchip Technology,IC EEPROM 32KBIT I2C 1MHZ 8SOIC,memory,36993,0.37,"8-SOIC (0.154"", 3.90mm Width)",Surface Mount,Active,https://ww1.microchip.com/downloads/aemDocuments/documents/MPD/ProductDocuments/DataSheets/AT24C32E_I2C-Compatible_%28Two-Wire%29_Serial_EEPROM_32-Kbit_%284%2C096x8%29_20006109B.pdf,https://www.digikey.com/en/products/detail/microchip-technology/AT24C32E-SSHM-T/5056445,450 ns,1 MHz,Verified,,EEPROM,I2C,4K x 8,32Kbit,Non-Volatile,-40°C ~ 85°C (TC),,,EEPROM,1.7V ~ 3.6V,5ms
AT24C32E-STUM-T,Microchip Technology,IC EEPROM 32KBIT I2C SOT23-5,memory,7285,0.32,"SOT-23-5 Thin, TSOT-23-5",Surface Mount,Active,https://ww1.microchip.com/downloads/aemDocuments/documents/MPD/ProductDocuments/DataSheets/AT24C32E_I2C-Compatible_%28Two-Wire%29_Serial_EEPROM_32-Kbit_%284%2C096x8%29_20006109B.pdf,https://www.digikey.com/en/products/detail/microchip-technology/AT24C32E-STUM-T/5056446,450 ns,1 MHz,Verified,,EEPROM,I2C,4K x 8,32Kbit,Non-Volatile,-40°C ~ 85°C (TC),,,EEPROM,1.7V ~ 3.6V,5ms
AT24C32E-XHM-T,Microchip Technology,IC EEPROM 32KBIT I2C 1MHZ 8TSSOP,memory,4354,0.38,"8-TSSOP (0.173"", 4.40mm Width)",Surface Mount,Active,https://ww1.microchip.com/downloads/aemDocuments/documents/MPD/ProductDocuments/DataSheets/AT24C32E_I2C-Compatible_%28Two-Wire%29_Serial_EEPROM_32-Kbit_%284%2C096x8%29_20006109B.pdf,https://www.digikey.com/en/products/detail/microchip-technology/AT24C32E-XHM-T/5056447,450 ns,1 MHz,Not Verified,,EEPROM,I2C,4K x 8,32Kbit,Non-Volatile,-40°C ~ 85°C (TC),,,EEPROM,1.7V ~ 3.6V,5ms
AT24C512C-MAHM-E,Microchip Technology,IC EEPROM 512KBIT I2C 8UDFN,memory,11741,0.84,8-UFDFN Exposed Pad,Surface Mount,Active,https://ww1.microchip.com/downloads/en/DeviceDoc/20006161B.pdf,https://www.digikey.com/en/products/detail/microchip-technology/AT24C512C-MAHM-E/8575719,900 ns,400 kHz,Not Verified,,EEPROM,I2C,64K x 8,512Kbit,Non-Volatile,-40°C ~ 85°C (TA),,,EEPROM,1.7V ~ 3.6V,5ms
AT24C512C-MAHM-T,Microchip Technology,IC EEPROM 512KBIT I2C 8UDFN,memory,51267,0.84,8-UFDFN Exposed Pad,Surface Mount,Active,https://ww1.microchip.com/downloads/en/DeviceDoc/20006161B.pdf,https://www.digikey.com/en/products/detail/microchip-technology/AT24C512C-MAHM-T/3046243,900 ns,400 kHz,Not Verified,,EEPROM,I2C,64K x 8,512Kbit,Non-Volatile,-40°C ~ 85°C (TA),,,EEPROM,1.7V ~ 3.6V,5ms
AT24C512C-SHD-T,Microchip Technology,IC EEPROM 512KBIT I2C 1MHZ 8SOIJ,memory,5573,0.92,"8-SOIC (0.209"", 5.30mm Width)",Surface Mount,Active,https://ww1.microchip.com/downloads/en/DeviceDoc/20006161B.pdf,https://www.digikey.com/en/products/detail/microchip-technology/AT24C512C-SHD-T/3046244,550 ns,1 MHz,Not Verified,,EEPROM,I2C,64K x 8,512Kbit,Non-Volatile,-40°C ~ 85°C (TA),,,EEPROM,2.5V ~ 5.5V,5ms
AT24C512C-SSHD-B,Microchip Technology,IC EEPROM 512KBIT I2C 1MHZ 8SOIC,memory,5434,0.74,"8-SOIC (0.154"", 3.90mm Width)",Surface Mount,Active,https://ww1.microchip.com/downloads/en/DeviceDoc/20006161B.pdf,https://www.digikey.com/en/products/detail/microchip-technology/AT24C512C-SSHD-B/3046493,550 ns,1 MHz,Verified,,EEPROM,I2C,64K x 8,512Kbit,Non-Volatile,-40°C ~ 85°C (TA),,,EEPROM,2.5V ~ 5.5V,5ms
AT24C512C-SSHD-T,Microchip Technology,IC EEPROM 512KBIT I2C 1MHZ 8SOIC,memory,4375,0.8,"8-SOIC (0.154"", 3.90mm Width)",Surface Mount,Active,https://ww1.microchip.com/downloads/en/DeviceDoc/20006161B.pdf,https://www.digikey.com/en/products/detail/microchip-technology/AT24C512C-SSHD-T/3046245,550 ns,1 MHz,Verified,,EEPROM,I2C,64K x 8,512Kbit,Non-Volatile,-40°C ~ 85°C (TA),,,EEPROM,2.5V ~ 5.5V,5ms
AT24C512C-SSHM-T,Microchip Technology,IC EEPROM 512KBIT I2C 8SOIC,memory,3556,0.8,"8-SOIC (0.154"", 3.90mm Width)",Surface Mount,Active,https://ww1.microchip.com/downloads/en/DeviceDoc/20006161B.pdf,https://www.digikey.com/en/products/detail/microchip-technology/AT24C512C-SSHM-T/3046247,900 ns,400 kHz,Verified,,EEPROM,I2C,64K x 8,512Kbit,Non-Volatile,-40°C ~ 85°C (TA),,,EEPROM,1.7V ~ 3.6V,5ms
AT24C512C-XHD-B,Microchip Technology,IC EEPROM 512KBIT I2C 8TSSOP,memory,1367,0.76,"8-TSSOP (0.173"", 4.40mm Width)",Surface Mount,Active,https://ww1.microchip.com/downloads/en/DeviceDoc/20006161B.pdf,https://www.digikey.com/en/products/detail/microchip-technology/AT24C512C-XHD-B/3046495,550 ns,1 MHz,Not Verified,,EEPROM,I2C,64K x 8,512Kbit,Non-Volatile,-40°C ~ 85°C (TA),,,EEPROM,2.5V ~ 5.5V,5ms
AT24C512C-XHD-T,Microchip Technology,IC EEPROM 512KBIT I2C 8TSSOP,memory,74637,0.81,"8-TSSOP (0.173"", 4.40mm Width)",Surface Mount,Active,https://ww1.microchip.com/downloads/en/DeviceDoc/20006161B.pdf,https://www.digikey.com/en/products/detail/microchip-technology/AT24C512C-XHD-T/3046248,550 ns,1 MHz,Not Verified,,EEPROM,I2C,64K x 8,512Kbit,Non-Volatile,-40°C ~ 85°C (TA),,,EEPROM,2.5V ~ 5.5V,5ms
AT24C512C-XHM-T,Microchip Technology,IC EEPROM 512KBIT I2C 8TSSOP,memory,6051,0.81,"8-TSSOP (0.173"", 4.40mm Width)",Surface Mount,Active,https://ww1.microchip.com/downloads/en/DeviceDoc/20006161B.pdf,https://www.digikey.com/en/products/detail/microchip-technology/AT24C512C-XHM-T/3046249,900 ns,400 kHz,Verified,,EEPROM,I2C,64K x 8,512Kbit,Non-Volatile,-40°C ~ 85°C (TA),,,EEPROM,1.7V ~ 3.6V,5ms
AT24C64BN-10SU-2.7,Microchip Technology,IC EEPROM 64KBIT I2C 8SOIC,memory,1904,0.84,"8-SOIC (0.154"", 3.90mm Width)",Surface Mount,Active,https://ww1.microchip.com/downloads/aemDocuments/documents/OTH/ProductDocuments/DataSheets/AT24C64B-Data-Sheet-20006188A.pdf,https://www.digikey.com/en/products/detail/microchip-technology/AT24C64BN-10SU-2-7/1118838,900 ns,400 kHz,Verified,,EEPROM,I2C,8K x 8,64Kbit,Non-Volatile,-40°C ~ 85°C (TA),,,EEPROM,2.7V ~ 5.5V,5ms
AT24C64D-MAHM-E,Microchip Technology,IC EEPROM 64KBIT I2C 1MHZ 8UDFN,memory,21653,0.41,8-UFDFN Exposed Pad,Surface Mount,Active,https://ww1.microchip.com/downloads/aemDocuments/documents/MPD/ProductDocuments/DataSheets/AT24C64D-64-Kbit-Serial-EEPROM-I2C-Compatible-Two-Wire-DS20005937.pdf,https://www.digikey.com/en/products/detail/microchip-technology/AT24C64D-MAHM-E/8575722,450 ns,1 MHz,Not Verified,,EEPROM,I2C,8K x 8,64Kbit,Non-Volatile,-40°C ~ 85°C (TA),,,EEPROM,1.7V ~ 5.5V,5ms
AT24C64D-MAHM-T,Microchip Technology,IC EEPROM 64KBIT I2C 8MINI MAP,memory,40663,0.41,8-UFDFN Exposed Pad,Surface Mount,Active,https://ww1.microchip.com/downloads/aemDocuments/documents/MPD/ProductDocuments/DataSheets/AT24C64D-64-Kbit-Serial-EEPROM-I2C-Compatible-Two-Wire-DS20005937.pdf,https://www.digikey.com/en/products/detail/microchip-technology/AT24C64D-MAHM-T/2507876,550 ns,1 MHz,Not Verified,,EEPROM,I2C,8K x 8,64Kbit,Non-Volatile,-40°C ~ 85°C (TA),,,EEPROM,1.7V ~ 5.5V,5ms
AT24C64D-SSHM-B,Microchip Technology,IC EEPROM 64KBIT I2C 1MHZ 8SOIC,memory,4199,0.34,"8-SOIC (0.154"", 3.90mm Width)",Surface Mount,Active,https://ww1.microchip.com/downloads/aemDocuments/documents/MPD/ProductDocuments/DataSheets/AT24C64D-64-Kbit-Serial-EEPROM-I2C-Compatible-Two-Wire-DS20005937.pdf,https://www.digikey.com/en/products/detail/microchip-technology/AT24C64D-SSHM-B/2507877,550 ns,1 MHz,Verified,,EEPROM,I2C,8K x 8,64Kbit,Non-Volatile,-40°C ~ 85°C (TA),,,EEPROM,1.7V ~ 5.5V,5ms
AT24C64D-XHM-T,Microchip Technology,IC EEPROM 64KBIT I2C 1MHZ 8TSSOP,memory,44900,0.38,"8-TSSOP (0.173"", 4.40mm Width)",Surface Mount,Active,https://ww1.microchip.com/downloads/aemDocuments/documents/MPD/ProductDocuments/DataSheets/AT24C64D-64-Kbit-Serial-EEPROM-I2C-Compatible-Two-Wire-DS20005937.pdf,https://www.digikey.com/en/products/detail/microchip-technology/AT24C64D-XHM-T/2507880,550 ns,1 MHz,Verified,,EEPROM,I2C,8K x 8,64Kbit,Non-Volatile,-40°C ~ 85°C (TA),,,EEPROM,1.7V ~ 5.5V,5ms
AT24CM01-SHD-T,Microchip Technology,IC EEPROM 1MBIT I2C 1MHZ 8SOIC,memory,8835,1.22,"8-SOIC (0.209"", 5.30mm Width)",Surface Mount,Active,https://ww1.microchip.com/downloads/en/DeviceDoc/AT24CM01-I2C-Compatible-Two-Wire-Serial-EEPROM-Data-Sheet-20006170A.pdf,https://www.digikey.com/en/products/detail/microchip-technology/AT24CM01-SHD-T/3913169,550 ns,1 MHz,Verified,,EEPROM,I2C,128K x 8,1Mbit,Non-Volatile,-40°C ~ 85°C (TA),,,EEPROM,2.5V ~ 5.5V,5ms
AT24CM01-SSHD-B,Microchip Technology,IC EEPROM 1MBIT I2C 1MHZ 8SOIC,memory,7037,1.02,"8-SOIC (0.154"", 3.90mm Width)",Surface Mount,Active,https://ww1.microchip.com/downloads/en/DeviceDoc/AT24CM01-I2C-Compatible-Two-Wire-Serial-EEPROM-Data-Sheet-20006170A.pdf,https://www.digikey.com/en/products/detail/microchip-technology/AT24CM01-SSHD-B/3913172,550 ns,1 MHz,Verified,,EEPROM,I2C,128K x 8,1Mbit,Non-Volatile,-40°C ~ 85°C (TA),,,EEPROM,2.5V ~ 5.5V,5ms
AT24CM01-SSHM-T,Microchip Technology,IC EEPROM 1MBIT I2C 1MHZ 8SOIC,memory,5838,1.09,"8-SOIC (0.154"", 3.90mm Width)",Surface Mount,Active,https://ww1.microchip.com/downloads/en/DeviceDoc/AT24CM01-I2C-Compatible-Two-Wire-Serial-EEPROM-Data-Sheet-20006170A.pdf,https://www.digikey.com/en/products/detail/microchip-technology/AT24CM01-SSHM-T/3913175,550 ns,1 MHz,Verified,,EEPROM,I2C,128K x 8,1Mbit,Non-Volatile,-40°C ~ 85°C (TA),,,EEPROM,1.7V ~ 5.5V,5ms
AT24CM01-XHD-B,Microchip Technology,IC EEPROM 1MBIT I2C 1MHZ 8TSSOP,memory,25278,1.04,"8-TSSOP (0.173"", 4.40mm Width)",Surface Mount,Active,https://ww1.microchip.com/downloads/en/DeviceDoc/AT24CM01-I2C-Compatible-Two-Wire-Serial-EEPROM-Data-Sheet-20006170A.pdf,https://www.digikey.com/en/products/detail/microchip-technology/AT24CM01-XHD-B/3913186,550 ns,1 MHz,Not Verified,,EEPROM,I2C,128K x 8,1Mbit,Non-Volatile,-40°C ~ 85°C (TA),,,EEPROM,2.5V ~ 5.5V,5ms
AT24CM01-XHD-T,Microchip Technology,IC EEPROM 1MBIT I2C 1MHZ 8TSSOP,memory,18816,1.16,"8-TSSOP (0.173"", 4.40mm Width)",Surface Mount,Active,https://ww1.microchip.com/downloads/en/DeviceDoc/AT24CM01-I2C-Compatible-Two-Wire-Serial-EEPROM-Data-Sheet-20006170A.pdf,https://www.digikey.com/en/products/detail/microchip-technology/AT24CM01-XHD-T/3913187,550 ns,1 MHz,Not Verified,,EEPROM,I2C,128K x 8,1Mbit,Non-Volatile,-40°C ~ 85°C (TA),,,EEPROM,2.5V ~ 5.5V,5ms
AT24CM01-XHM-B,Microchip Technology,IC EEPROM 1MBIT I2C 1MHZ 8TSSOP,memory,989,1.08,"8-TSSOP (0.173"", 4.40mm Width)",Surface Mount,Active,https://ww1.microchip.com/downloads/en/DeviceDoc/AT24CM01-I2C-Compatible-Two-Wire-Serial-EEPROM-Data-Sheet-20006170A.pdf,https://www.digikey.com/en/products/detail/microchip-technology/AT24CM01-XHM-B/3913188,550 ns,1 MHz,Not Verified,,EEPROM,I2C,128K x 8,1Mbit,Non-Volatile,-40°C ~ 85°C (TA),,,EEPROM,1.7V ~ 5.5V,5ms
AT24CM01-XHM-T,Microchip Technology,IC EEPROM 1MBIT I2C 1MHZ 8TSSOP,memory,5436,1.16,"8-TSSOP (0.173"", 4.40mm Width)",Surface Mount,Active,https://ww1.microchip.com/downloads/en/DeviceDoc/AT24CM01-I2C-Compatible-Two-Wire-Serial-EEPROM-Data-Sheet-20006170A.pdf,https://www.digikey.com/en/products/detail/microchip-technology/AT24CM01-XHM-T/3913189,550 ns,1 MHz,Not Verified,,EEPROM,I2C,128K x 8,1Mbit,Non-Volatile,-40°C ~ 85°C (TA),,,EEPROM,1.7V ~ 5.5V,5ms
AT24CM02-SSHD-B,Microchip Technology,IC EEPROM 2MBIT I2C 1MHZ 8SOIC,memory,1337,2.6,"8-SOIC (0.154"", 3.90mm Width)",Surface Mount,Active,"https://ww1.microchip.com/downloads/en/DeviceDoc/I%C2%B2C-Compatible-(Two-Wire)-Serial-EEPROM-2-Mbit-(262,144x8)-20006197B.pdf",https://www.digikey.com/en/products/detail/microchip-technology/AT24CM02-SSHD-B/5313448,450 ns,1 MHz,Verified,,EEPROM,I2C,256K x 8,2Mbit,Non-Volatile,-40°C ~ 85°C (TC),,,EEPROM,2.5V ~ 5.5V,10ms
AT24CM02-SSHD-T,Microchip Technology,IC EEPROM 2MBIT I2C 1MHZ 8SOIC,memory,5781,2.78,"8-SOIC (0.154"", 3.90mm Width)",Surface Mount,Active,"https://ww1.microchip.com/downloads/en/DeviceDoc/I%C2%B2C-Compatible-(Two-Wire)-Serial-EEPROM-2-Mbit-(262,144x8)-20006197B.pdf",https://www.digikey.com/en/products/detail/microchip-technology/AT24CM02-SSHD-T/5313450,450 ns,1 MHz,Verified,,EEPROM,I2C,256K x 8,2Mbit,Non-Volatile,-40°C ~ 85°C (TC),,,EEPROM,2.5V ~ 5.5V,10ms
AT24CM02-SSHM-B,Microchip Technology,IC EEPROM 2MBIT I2C 1MHZ 8SOIC,memory,986,2.6,"8-SOIC (0.154"", 3.90mm Width)",Surface Mount,Active,"https://ww1.microchip.com/downloads/en/DeviceDoc/I%C2%B2C-Compatible-(Two-Wire)-Serial-EEPROM-2-Mbit-(262,144x8)-20006197B.pdf",https://www.digikey.com/en/products/detail/microchip-technology/AT24CM02-SSHM-B/5313449,450 ns,1 MHz,Not Verified,,EEPROM,I2C,256K x 8,2Mbit,Non-Volatile,-40°C ~ 85°C (TC),,,EEPROM,1.7V ~ 5.5V,10ms
AT24CM02-SSHM-T,Microchip Technology,IC EEPROM 2MBIT I2C 1MHZ 8SOIC,memory,5151,2.78,"8-SOIC (0.154"", 3.90mm Width)",Surface Mount,Active,"https://ww1.microchip.com/downloads/en/DeviceDoc/I%C2%B2C-Compatible-(Two-Wire)-Serial-EEPROM-2-Mbit-(262,144x8)-20006197B.pdf",https://www.digikey.com/en/products/detail/microchip-technology/AT24CM02-SSHM-T/8575723,450 ns,1 MHz,Not Verified,,EEPROM,I2C,256K x 8,2Mbit,Non-Volatile,-40°C ~ 85°C (TC),,,EEPROM,1.7V ~ 5.5V,10ms
AT24CS01-MAHM-T,Microchip Technology,IC EEPROM 1KBIT I2C 1MHZ 8UDFN,memory,1653,0.32,8-UFDFN Exposed Pad,Surface Mount,Active,https://ww1.microchip.com/downloads/aemDocuments/documents/MPD/ProductDocuments/DataSheets/20006330A.pdf,https://www.digikey.com/en/products/detail/microchip-technology/AT24CS01-MAHM-T/3973062,550 ns,1 MHz,Not Verified,,EEPROM,I2C,128 x 8,1Kbit,Non-Volatile,-40°C ~ 85°C (TA),,,EEPROM,1.7V ~ 5.5V,5ms
AT24CS01-SSHM-T,Microchip Technology,IC EEPROM 1KBIT I2C 1MHZ 8SOIC,memory,3785,0.28,"8-SOIC (0.154"", 3.90mm Width)",Surface Mount,Active,https://ww1.microchip.com/downloads/aemDocuments/documents/MPD/ProductDocuments/DataSheets/20006330A.pdf,https://www.digikey.com/en/products/detail/microchip-technology/AT24CS01-SSHM-T/3466374,550 ns,1 MHz,Not Verified,,EEPROM,I2C,128 x 8,1Kbit,Non-Volatile,-40°C ~ 85°C (TA),,,EEPROM,1.7V ~ 5.5V,5ms
AT24CS01-STUM-T,Microchip Technology,IC EEPROM 1KBIT I2C 1MHZ SOT23-5,memory,5581,0.37,"SOT-23-5 Thin, TSOT-23-5",Surface Mount,Active,https://ww1.microchip.com/downloads/aemDocuments/documents/MPD/ProductDocuments/DataSheets/20006330A.pdf,https://www.digikey.com/en/products/detail/microchip-technology/AT24CS01-STUM-T/3973063,550 ns,1 MHz,Not Verified,,EEPROM,I2C,128 x 8,1Kbit,Non-Volatile,-40°C ~ 85°C (TA),,,EEPROM,1.7V ~ 5.5V,5ms
AT24CS02-MAHM-T,Microchip Technology,IC EEPROM 2KBIT I2C 1MHZ 8UDFN,memory,21468,0.34,8-UFDFN Exposed Pad,Surface Mount,Active,https://ww1.microchip.com/downloads/aemDocuments/documents/MPD/ProductDocuments/DataSheets/20006330A.pdf,https://www.digikey.com/en/products/detail/microchip-technology/AT24CS02-MAHM-T/3973064,550 ns,1 MHz,Not Verified,,EEPROM,I2C,256 x 8,2Kbit,Non-Volatile,-40°C ~ 85°C (TA),,,EEPROM,1.7V ~ 5.5V,5ms
AT24CS02-SSHM-T,Microchip Technology,IC EEPROM 2KBIT I2C 1MHZ 8SOIC,memory,10655,0.31,"8-SOIC (0.154"", 3.90mm Width)",Surface Mount,Active,https://ww1.microchip.com/downloads/aemDocuments/documents/MPD/ProductDocuments/DataSheets/20006330A.pdf,https://www.digikey.com/en/products/detail/microchip-technology/AT24CS02-SSHM-T/3466376,550 ns,1 MHz,Not Verified,,EEPROM,I2C,256 x 8,2Kbit,Non-Volatile,-40°C ~ 85°C (TA),,,EEPROM,1.7V ~ 5.5V,5ms
AT24CS02-STUM-T,Microchip Technology,IC EEPROM 2KBIT I2C 1MHZ SOT23-5,memory,8573,0.38,"SOT-23-5 Thin, TSOT-23-5",Surface Mount,Active,https://ww1.microchip.com/downloads/aemDocuments/documents/MPD/ProductDocuments/DataSheets/20006330A.pdf,https://www.digikey.com/en/products/detail/microchip-technology/AT24CS02-STUM-T/3973065,550 ns,1 MHz,Not Verified,,EEPROM,I2C,256 x 8,2Kbit,Non-Volatile,-40°C ~ 85°C (TA),,,EEPROM,1.7V ~ 5.5V,5ms
AT24CS04-SSHM-T,Microchip Technology,IC EEPROM 4KBIT I2C 1MHZ 8SOIC,memory,5155,0.32,"8-SOIC (0.154"", 3.90mm Width)",Surface Mount,Active,https://ww1.microchip.com/downloads/en/DeviceDoc/20006350A.pdf,https://www.digikey.com/en/products/detail/microchip-technology/AT24CS04-SSHM-T/3466378,550 ns,1 MHz,Not Verified,,EEPROM,I2C,512 x 8,4Kbit,Non-Volatile,-40°C ~ 85°C (TA),,,EEPROM,1.7V ~ 5.5V,5ms
AT24CS04-STUM-T,Microchip Technology,IC EEPROM 4KBIT I2C 1MHZ SOT23-5,memory,1260,0.41,"SOT-23-5 Thin, TSOT-23-5",Surface Mount,Active,https://ww1.microchip.com/downloads/en/DeviceDoc/20006350A.pdf,https://www.digikey.com/en/products/detail/microchip-technology/AT24CS04-STUM-T/3973067,550 ns,1 MHz,Not Verified,,EEPROM,I2C,512 x 8,4Kbit,Non-Volatile,-40°C ~ 85°C (TA),,,EEPROM,1.7V ~ 5.5V,5ms
AT24CS08-SSHM-T,Microchip Technology,IC EEPROM 8KBIT I2C 1MHZ 8SOIC,memory,17053,0.34,"8-SOIC (0.154"", 3.90mm Width)",Surface Mount,Active,https://ww1.microchip.com/downloads/en/DeviceDoc/20006350A.pdf,https://www.digikey.com/en/products/detail/microchip-technology/AT24CS08-SSHM-T/3466379,550 ns,1 MHz,Not Verified,,EEPROM,I2C,1K x 8,8Kbit,Non-Volatile,-40°C ~ 85°C (TA),,,EEPROM,1.7V ~ 5.5V,5ms
AT24CS08-STUM-T,Microchip Technology,IC EEPROM 8KBIT I2C 1MHZ SOT23-5,memory,2308,0.43,"SOT-23-5 Thin, TSOT-23-5",Surface Mount,Active,https://ww1.microchip.com/downloads/en/DeviceDoc/20006350A.pdf,https://www.digikey.com/en/products/detail/microchip-technology/AT24CS08-STUM-T/3973069,550 ns,1 MHz,Not Verified,,EEPROM,I2C,1K x 8,8Kbit,Non-Volatile,-40°C ~ 85°C (TA),,,EEPROM,1.7V ~ 5.5V,5ms
AT24CS32-MAHM-T,Microchip Technology,IC EEPROM 32KBIT I2C 1MHZ 8UDFN,memory,5360,0.44,8-UFDFN Exposed Pad,Surface Mount,Active,https://ww1.microchip.com/downloads/aemDocuments/documents/OTH/ProductDocuments/DataSheets/20006341A.pdf,https://www.digikey.com/en/products/detail/microchip-technology/AT24CS32-MAHM-T/4292101,550 ns,1 MHz,Not Verified,,EEPROM,I2C,4K x 8,32Kbit,Non-Volatile,-40°C ~ 85°C (TA),,,EEPROM,1.7V ~ 5.5V,5ms
AT24CS32-SSHM-T,Microchip Technology,IC EEPROM 32KBIT I2C 1MHZ 8SOIC,memory,3746,0.41,"8-SOIC (0.154"", 3.90mm Width)",Surface Mount,Active,https://ww1.microchip.com/downloads/aemDocuments/documents/OTH/ProductDocuments/DataSheets/20006341A.pdf,https://www.digikey.com/en/products/detail/microchip-technology/AT24CS32-SSHM-T/4292102,550 ns,1 MHz,Not Verified,,EEPROM,I2C,4K x 8,32Kbit,Non-Volatile,-40°C ~ 85°C (TA),,,EEPROM,1.7V ~ 5.5V,5ms
AT24CS32-STUM-T,Microchip Technology,IC EEPROM 32KBIT I2C SOT23-5,memory,13348,0.49,"SOT-23-5 Thin, TSOT-23-5",Surface Mount,Active,https://ww1.microchip.com/downloads/aemDocuments/documents/OTH/ProductDocuments/DataSheets/20006341A.pdf,https://www.digikey.com/en/products/detail/microchip-technology/AT24CS32-STUM-T/4292103,550 ns,1 MHz,Not Verified,,EEPROM,I2C,4K x 8,32Kbit,Non-Volatile,-40°C ~ 85°C (TA),,,EEPROM,1.7V ~ 5.5V,5ms
AT24CS64-MAHM-T,Microchip Technology,IC EEPROM 64KBIT I2C 1MHZ 8UDFN,memory,3457,0.47,8-UFDFN Exposed Pad,Surface Mount,Active,https://ww1.microchip.com/downloads/en/DeviceDoc/20006296A.pdf,https://www.digikey.com/en/products/detail/microchip-technology/AT24CS64-MAHM-T/4292105,550 ns,1 MHz,Not Verified,,EEPROM,I2C,8K x 8,64Kbit,Non-Volatile,-40°C ~ 85°C (TA),,,EEPROM,1.7V ~ 5.5V,5ms
AT24CS64-SSHM-B,Microchip Technology,IC EEPROM 64KBIT I2C 1MHZ 8SOIC,memory,1859,0.4,"8-SOIC (0.154"", 3.90mm Width)",Surface Mount,Active,https://ww1.microchip.com/downloads/en/DeviceDoc/20006296A.pdf,https://www.digikey.com/en/products/detail/microchip-technology/AT24CS64-SSHM-B/4900952,550 ns,1 MHz,Not Verified,,EEPROM,I2C,8K x 8,64Kbit,Non-Volatile,-40°C ~ 85°C (TA),,,EEPROM,1.7V ~ 5.5V,5ms
AT24CS64-SSHM-T,Microchip Technology,IC EEPROM 64KBIT I2C 1MHZ 8SOIC,memory,5386,0.43,"8-SOIC (0.154"", 3.90mm Width)",Surface Mount,Active,https://ww1.microchip.com/downloads/en/DeviceDoc/20006296A.pdf,https://www.digikey.com/en/products/detail/microchip-technology/AT24CS64-SSHM-T/4292106,550 ns,1 MHz,Not Verified,,EEPROM,I2C,8K x 8,64Kbit,Non-Volatile,-40°C ~ 85°C (TA),,,EEPROM,1.7V ~ 5.5V,5ms
AT24CS64-XHM-B,Microchip Technology,IC EEPROM 64KBIT I2C 1MHZ 8TSSOP,memory,1718,0.42,"8-TSSOP (0.173"", 4.40mm Width)",Surface Mount,Active,https://ww1.microchip.com/downloads/en/DeviceDoc/20006296A.pdf,https://www.digikey.com/en/products/detail/microchip-technology/AT24CS64-XHM-B/5057023,550 ns,1 MHz,Not Verified,,EEPROM,I2C,8K x 8,64Kbit,Non-Volatile,-40°C ~ 85°C (TA),,,EEPROM,1.7V ~ 5.5V,5ms
AT24CSW010-STUM-T,Microchip Technology,IC EEPROM 1KBIT I2C TSOT23-5,memory,3954,0.32,"SOT-23-5 Thin, TSOT-23-5",Surface Mount,Active,https://ww1.microchip.com/downloads/en/DeviceDoc/AT24CSW01X-AT24XSW02X-I2C-Compatible-(Two-Wire)-Serial-EEPROM-with-a-Security-Register-and-Software-Write-Protection-1-Kbit-(128X8)-2-Kbit-(256X8)-20006396B.pdf,https://www.digikey.com/en/products/detail/microchip-technology/AT24CSW010-STUM-T/15219666,450 ns,1 MHz,Not Verified,,EEPROM,I2C,128 x 8,1Kbit,Non-Volatile,-40°C ~ 85°C (TC),,,EEPROM,1.7V ~ 3.6V,5ms
AT24CSW010-UUM0B-T,Microchip Technology,IC EEPROM 1KBIT I2C 1MHZ 4WLCSP,memory,18230,0.23,"4-XFBGA, WLCSP",Surface Mount,Active,https://ww1.microchip.com/downloads/en/DeviceDoc/Atmel-8982F-SEEPROM-AT24CSW01-02-Series-Datasheet.pdf,https://www.digikey.com/en/products/detail/microchip-technology/AT24CSW010-UUM0B-T/6592981,450 ns,1 MHz,Not Verified,,EEPROM,I2C,128 x 8,1Kbit,Non-Volatile,-40°C ~ 85°C (TC),,,EEPROM,1.7V ~ 3.6V,5ms
AT24CSW020-UUM0B-T,Microchip Technology,IC EEPROM 2KBIT I2C 1MHZ 4WLCSP,memory,56991,0.26,"4-XFBGA, WLCSP",Surface Mount,Active,https://ww1.microchip.com/downloads/en/DeviceDoc/Atmel-8982F-SEEPROM-AT24CSW01-02-Series-Datasheet.pdf,https://www.digikey.com/en/products/detail/microchip-technology/AT24CSW020-UUM0B-T/6592982,450 ns,1 MHz,Not Verified,,EEPROM,I2C,256 x 8,2Kbit,Non-Volatile,-40°C ~ 85°C (TC),,,EEPROM,1.7V ~ 3.6V,5ms
AT24CSW080-STUM-T,Microchip Technology,IC EEPROM 8KBIT I2C TSOT23-5,memory,4988,0.41,"SOT-23-5 Thin, TSOT-23-5",Surface Mount,Active,https://ww1.microchip.com/downloads/en/DeviceDoc/AT24CSW04X-AT24CSW08X-I2C-Compatible-(Two-Wire)-Serial-EEPROM-with-a-Security-Register-and-Software-Write-Protection-4-Kbit-8-Kbit-20006426B.pdf,https://www.digikey.com/en/products/detail/microchip-technology/AT24CSW080-STUM-T/15219741,450 ns,1 MHz,Not Verified,,EEPROM,I2C,1K x 8,8Kbit,Non-Volatile,-40°C ~ 85°C (TC),,,EEPROM,1.7V ~ 3.6V,5ms
AT24HC02C-XHM-T,Microchip Technology,IC EEPROM 2KBIT I2C 1MHZ 8TSSOP,memory,11425,0.31,"8-TSSOP (0.173"", 4.40mm Width)",Surface Mount,Active,https://ww1.microchip.com/downloads/aemDocuments/documents/OTH/ProductDocuments/DataSheets/AT24HC02C-I2C-Compatible-Two-Wire-Serial-EEPROM-20006123A.pdf,https://www.digikey.com/en/products/detail/microchip-technology/AT24HC02C-XHM-T/3903737,550 ns,1 MHz,Not Verified,,EEPROM,I2C,256 x 8,2Kbit,Non-Volatile,-40°C ~ 85°C (TA),,,EEPROM,1.7V ~ 5.5V,5ms
AT24HC04B-TH-T,Microchip Technology,IC EEPROM 4KBIT I2C 1MHZ 8TSSOP,memory,4853,0.38,"8-TSSOP (0.173"", 4.40mm Width)",Surface Mount,Active,https://ww1.microchip.com/downloads/aemDocuments/documents/MPD/ProductDocuments/DataSheets/AT24C04C-AT24C08C-I2C-Compatible-Two-Wire-Serial-EEPROM-4-Kbit-8-Kbit-20006127.pdf,https://www.digikey.com/en/products/detail/microchip-technology/AT24HC04B-TH-T/1914190,550 ns,1 MHz,Verified,,EEPROM,I2C,512 x 8,4Kbit,Non-Volatile,-40°C ~ 85°C (TA),,,EEPROM,1.8V ~ 5.5V,5ms
AT24MAC402-MAHM-T,Microchip Technology,IC EEPROM 2KBIT I2C 1MHZ 8UDFN,memory,14141,0.41,8-UFDFN Exposed Pad,Surface Mount,Active,https://ww1.microchip.com/downloads/en/DeviceDoc/Atmel-8807-SEEPROM-AT24MAC402-602-Datasheet.pdf,https://www.digikey.com/en/products/detail/microchip-technology/AT24MAC402-MAHM-T/3973070,550 ns,1 MHz,Not Verified,,EEPROM,I2C,256 x 8,2Kbit,Non-Volatile,-40°C ~ 85°C (TA),,,EEPROM,1.7V ~ 5.5V,5ms
AT24MAC402-SSHM-B,Microchip Technology,IC EEPROM 2KBIT I2C 1MHZ 8SOIC,memory,1443,0.34,"8-SOIC (0.154"", 3.90mm Width)",Surface Mount,Active,https://ww1.microchip.com/downloads/en/DeviceDoc/Atmel-8807-SEEPROM-AT24MAC402-602-Datasheet.pdf,https://www.digikey.com/en/products/detail/microchip-technology/AT24MAC402-SSHM-B/5057024,550 ns,1 MHz,Verified,,EEPROM,I2C,256 x 8,2Kbit,Non-Volatile,-40°C ~ 85°C (TA),,,EEPROM,1.7V ~ 5.5V,5ms
AT24MAC402-SSHM-T,Microchip Technology,IC EEPROM 2KBIT I2C 1MHZ 8SOIC,memory,1567,0.37,"8-SOIC (0.154"", 3.90mm Width)",Surface Mount,Active,https://ww1.microchip.com/downloads/en/DeviceDoc/Atmel-8807-SEEPROM-AT24MAC402-602-Datasheet.pdf,https://www.digikey.com/en/products/detail/microchip-technology/AT24MAC402-SSHM-T/3466381,550 ns,1 MHz,Verified,,EEPROM,I2C,256 x 8,2Kbit,Non-Volatile,-40°C ~ 85°C (TA),,,EEPROM,1.7V ~ 5.5V,5ms
AT24MAC402-STUM-T,Microchip Technology,IC EEPROM 2KBIT I2C 1MHZ SOT23-5,memory,3157,0.44,"SOT-23-5 Thin, TSOT-23-5",Surface Mount,Active,https://ww1.microchip.com/downloads/en/DeviceDoc/Atmel-8807-SEEPROM-AT24MAC402-602-Datasheet.pdf,https://www.digikey.com/en/products/detail/microchip-technology/AT24MAC402-STUM-T/3973071,550 ns,1 MHz,Not Verified,,EEPROM,I2C,256 x 8,2Kbit,Non-Volatile,-40°C ~ 85°C (TA),,,EEPROM,1.7V ~ 5.5V,5ms
AT24MAC402-XHM-T,Microchip Technology,IC EEPROM 2KBIT I2C 1MHZ 8TSSOP,memory,2940,0.38,"8-TSSOP (0.173"", 4.40mm Width)",Surface Mount,Active,https://www.digikey.com//mm.digikey.com/Volume0/opasdata/d220001/medias/docus/6490/AT24MAC402-XHM.pdf,https://www.digikey.com/en/products/detail/microchip-technology/AT24MAC402-XHM-T/3876920,550 ns,1 MHz,Not Verified,,EEPROM,I2C,256 x 8,2Kbit,Non-Volatile,-40°C ~ 85°C (TA),,,EEPROM,1.7V ~ 5.5V,5ms
AT24MAC602-SSHM-T,Microchip Technology,IC EEPROM 2KBIT I2C 1MHZ 8SOIC,memory,5430,0.37,"8-SOIC (0.154"", 3.90mm Width)",Surface Mount,Active,https://ww1.microchip.com/downloads/en/DeviceDoc/Atmel-8807-SEEPROM-AT24MAC402-602-Datasheet.pdf,https://www.digikey.com/en/products/detail/microchip-technology/AT24MAC602-SSHM-T/3466382,550 ns,1 MHz,Not Verified,,EEPROM,I2C,256 x 8,2Kbit,Non-Volatile,-40°C ~ 85°C (TA),,,EEPROM,1.7V ~ 5.5V,5ms
AT24MAC602-XHM-T,Microchip Technology,IC EEPROM 2KBIT I2C 1MHZ 8TSSOP,memory,2662,0.38,"8-TSSOP (0.173"", 4.40mm Width)",Surface Mount,Active,https://www.digikey.com//mm.digikey.com/Volume0/opasdata/d220001/medias/docus/6490/AT24MAC402-XHM.pdf,https://www.digikey.com/en/products/detail/microchip-technology/AT24MAC602-XHM-T/3466383,550 ns,1 MHz,Not Verified,,EEPROM,I2C,256 x 8,2Kbit,Non-Volatile,-40°C ~ 85°C (TA),,,EEPROM,1.7V ~ 5.5V,5ms
AT25010B-SSHL-B,Microchip Technology,IC EEPROM 1KBIT SPI 20MHZ 8SOIC,memory,3902,0.28,"8-SOIC (0.154"", 3.90mm Width)",Surface Mount,Active,https://ww1.microchip.com/downloads/en/DeviceDoc/20006251A.pdf,https://www.digikey.com/en/products/detail/microchip-technology/AT25010B-SSHL-B/2271162,,20 MHz,Verified,,EEPROM,SPI,128 x 8,1Kbit,Non-Volatile,-40°C ~ 85°C (TA),,,EEPROM,1.8V ~ 5.5V,5ms
AT25010B-SSHL-T,Microchip Technology,IC EEPROM 1KBIT SPI 20MHZ 8SOIC,memory,7170,0.31,"8-SOIC (0.154"", 3.90mm Width)",Surface Mount,Active,https://ww1.microchip.com/downloads/en/DeviceDoc/20006251A.pdf,https://www.digikey.com/en/products/detail/microchip-technology/AT25010B-SSHL-T/2271160,,20 MHz,Verified,,EEPROM,SPI,128 x 8,1Kbit,Non-Volatile,-40°C ~ 85°C (TA),,,EEPROM,1.8V ~ 5.5V,5ms
AT25040B-MAHL-T,Microchip Technology,IC EEPROM 4KBIT SPI 20MHZ 8UDFN,memory,6955,0.41,8-UFDFN Exposed Pad,Surface Mount,Active,https://ww1.microchip.com/downloads/en/DeviceDoc/20006251A.pdf,https://www.digikey.com/en/products/detail/microchip-technology/AT25040B-MAHL-T/2271161,,20 MHz,Not Verified,,EEPROM,SPI,512 x 8,4Kbit,Non-Volatile,-40°C ~ 85°C (TA),,,EEPROM,1.8V ~ 5.5V,5ms
AT25040B-SSHL-T,Microchip Technology,IC EEPROM 4KBIT SPI 20MHZ 8SOIC,memory,9342,0.37,"8-SOIC (0.154"", 3.90mm Width)",Surface Mount,Active,https://ww1.microchip.com/downloads/en/DeviceDoc/20006251A.pdf,https://www.digikey.com/en/products/detail/microchip-technology/AT25040B-SSHL-T/2271177,,20 MHz,Verified,,EEPROM,SPI,512 x 8,4Kbit,Non-Volatile,-40°C ~ 85°C (TA),,,EEPROM,1.8V ~ 5.5V,5ms
AT25080B-SSHL-T,Microchip Technology,IC EEPROM 8KBIT SPI 20MHZ 8SOIC,memory,12898,0.41,"8-SOIC (0.154"", 3.90mm Width)",Surface Mount,Active,https://ww1.microchip.com/downloads/aemDocuments/documents/MPD/ProductDocuments/DataSheets/AT25080B-AT25160B-8-16-Kbit-SPI-Serial-EEPROM-Industrial-Grade-Data-Sheet-DS20006244.pdf,https://www.digikey.com/en/products/detail/microchip-technology/AT25080B-SSHL-T/2238023,,20 MHz,Verified,,EEPROM,SPI,1K x 8,8Kbit,Non-Volatile,-40°C ~ 85°C (TA),,,EEPROM,1.8V ~ 5.5V,5ms
AT25128B-SSHL-T,Microchip Technology,IC EEPROM 128KBIT SPI 8SOIC,memory,1757,0.76,"8-SOIC (0.154"", 3.90mm Width)",Surface Mount,Active,https://ww1.microchip.com/downloads/aemDocuments/documents/MPD/ProductDocuments/DataSheets/AT25128B-AT25256B-128-256-Kbit-SPI-Serial-EEPROM-Industrial-Grade-Data-Sheet-DS20006193.pdf,https://www.digikey.com/en/products/detail/microchip-technology/AT25128B-SSHL-T/2238028,,20 MHz,Verified,,EEPROM,SPI,16K x 8,128Kbit,Non-Volatile,-40°C ~ 85°C (TA),,,EEPROM,1.8V ~ 5.5V,5ms
AT25128B-XHL-T,Microchip Technology,IC EEPROM 128KBIT SPI 8TSSOP,memory,6246,0.8,"8-TSSOP (0.173"", 4.40mm Width)",Surface Mount,Active,https://ww1.microchip.com/downloads/aemDocuments/documents/MPD/ProductDocuments/DataSheets/AT25128B-AT25256B-128-256-Kbit-SPI-Serial-EEPROM-Industrial-Grade-Data-Sheet-DS20006193.pdf,https://www.digikey.com/en/products/detail/microchip-technology/AT25128B-XHL-T/2238030,,20 MHz,Verified,,EEPROM,SPI,16K x 8,128Kbit,Non-Volatile,-40°C ~ 85°C (TA),,,EEPROM,1.8V ~ 5.5V,5ms
AT25160B-MAHL-T,Microchip Technology,IC EEPROM 16KBIT SPI 20MHZ 8UDFN,memory,3687,0.49,8-UFDFN Exposed Pad,Surface Mount,Active,https://ww1.microchip.com/downloads/aemDocuments/documents/MPD/ProductDocuments/DataSheets/AT25080B-AT25160B-8-16-Kbit-SPI-Serial-EEPROM-Industrial-Grade-Data-Sheet-DS20006244.pdf,https://www.digikey.com/en/products/detail/microchip-technology/AT25160B-MAHL-T/2238031,,20 MHz,Not Verified,,EEPROM,SPI,2K x 8,16Kbit,Non-Volatile,-40°C ~ 85°C (TA),,,EEPROM,1.8V ~ 5.5V,5ms
AT25160B-XHL-T,Microchip Technology,IC EEPROM 16KBIT SPI 8TSSOP,memory,4950,0.47,"8-TSSOP (0.173"", 4.40mm Width)",Surface Mount,Active,https://ww1.microchip.com/downloads/aemDocuments/documents/MPD/ProductDocuments/DataSheets/AT25080B-AT25160B-8-16-Kbit-SPI-Serial-EEPROM-Industrial-Grade-Data-Sheet-DS20006244.pdf,https://www.digikey.com/en/products/detail/microchip-technology/AT25160B-XHL-T/2238035,,20 MHz,Not Verified,,EEPROM,SPI,2K x 8,16Kbit,Non-Volatile,-40°C ~ 85°C (TA),,,EEPROM,1.8V ~ 5.5V,5ms
AT25256B-MAHL-E,Microchip Technology,IC EEPROM 256KBIT SPI 8UDFN,memory,6941,1.01,8-UFDFN Exposed Pad,Surface Mount,Active,https://ww1.microchip.com/downloads/aemDocuments/documents/MPD/ProductDocuments/DataSheets/AT25128B-AT25256B-128-256-Kbit-SPI-Serial-EEPROM-Industrial-Grade-Data-Sheet-DS20006193.pdf,https://www.digikey.com/en/products/detail/microchip-technology/AT25256B-MAHL-E/8575730,,20 MHz,Not Verified,,EEPROM,SPI,32K x 8,256Kbit,Non-Volatile,-40°C ~ 85°C (TA),,,EEPROM,1.8V ~ 5.5V,5ms
AT25256B-MAHL-T,Microchip Technology,IC EEPROM 256KBIT SPI 8UDFN,memory,9419,1.01,8-UFDFN Exposed Pad,Surface Mount,Active,https://ww1.microchip.com/downloads/aemDocuments/documents/MPD/ProductDocuments/DataSheets/AT25128B-AT25256B-128-256-Kbit-SPI-Serial-EEPROM-Industrial-Grade-Data-Sheet-DS20006193.pdf,https://www.digikey.com/en/products/detail/microchip-technology/AT25256B-MAHL-T/2238036,,20 MHz,Not Verified,,EEPROM,SPI,32K x 8,256Kbit,Non-Volatile,-40°C ~ 85°C (TA),,,EEPROM,1.8V ~ 5.5V,5ms
AT25256B-SSHL-B,Microchip Technology,IC EEPROM 256KBIT SPI 8SOIC,memory,22755,0.9,"8-SOIC (0.154"", 3.90mm Width)",Surface Mount,Active,https://ww1.microchip.com/downloads/aemDocuments/documents/MPD/ProductDocuments/DataSheets/AT25128B-AT25256B-128-256-Kbit-SPI-Serial-EEPROM-Industrial-Grade-Data-Sheet-DS20006193.pdf,https://www.digikey.com/en/products/detail/microchip-technology/AT25256B-SSHL-B/2238037,,20 MHz,Verified,,EEPROM,SPI,32K x 8,256Kbit,Non-Volatile,-40°C ~ 85°C (TA),,,EEPROM,1.8V ~ 5.5V,5ms
AT25256B-SSHL-T,Microchip Technology,IC EEPROM 256KBIT SPI 8SOIC,memory,22359,0.96,"8-SOIC (0.154"", 3.90mm Width)",Surface Mount,Active,https://ww1.microchip.com/downloads/aemDocuments/documents/MPD/ProductDocuments/DataSheets/AT25128B-AT25256B-128-256-Kbit-SPI-Serial-EEPROM-Industrial-Grade-Data-Sheet-DS20006193.pdf,https://www.digikey.com/en/products/detail/microchip-technology/AT25256B-SSHL-T/2238038,,20 MHz,Verified,,EEPROM,SPI,32K x 8,256Kbit,Non-Volatile,-40°C ~ 85°C (TA),,,EEPROM,1.8V ~ 5.5V,5ms
AT25256B-XHL-T,Microchip Technology,IC EEPROM 256KBIT SPI 8TSSOP,memory,14036,0.98,"8-TSSOP (0.173"", 4.40mm Width)",Surface Mount,Active,https://ww1.microchip.com/downloads/aemDocuments/documents/MPD/ProductDocuments/DataSheets/AT25128B-AT25256B-128-256-Kbit-SPI-Serial-EEPROM-Industrial-Grade-Data-Sheet-DS20006193.pdf,https://www.digikey.com/en/products/detail/microchip-technology/AT25256B-XHL-T/2238040,,20 MHz,Verified,,EEPROM,SPI,32K x 8,256Kbit,Non-Volatile,-40°C ~ 85°C (TA),,,EEPROM,1.8V ~ 5.5V,5ms
AT25320B-SSHL-B,Microchip Technology,IC EEPROM 32KBIT SPI 20MHZ 8SOIC,memory,2874,0.44,"8-SOIC (0.154"", 3.90mm Width)",Surface Mount,Active,https://ww1.microchip.com/downloads/en/DeviceDoc/Atmel-8535-SEEPROM-AT25320B-640B-Datasheet.pdf,https://www.digikey.com/en/products/detail/microchip-technology/AT25320B-SSHL-B/2238042,,20 MHz,Verified,,EEPROM,SPI,4K x 8,32Kbit,Non-Volatile,-40°C ~ 85°C (TA),,,EEPROM,1.8V ~ 5.5V,5ms
AT25320B-SSHL-T,Microchip Technology,IC EEPROM 32KBIT SPI 20MHZ 8SOIC,memory,2200,0.47,"8-SOIC (0.154"", 3.90mm Width)",Surface Mount,Active,https://ww1.microchip.com/downloads/en/DeviceDoc/Atmel-8535-SEEPROM-AT25320B-640B-Datasheet.pdf,https://www.digikey.com/en/products/detail/microchip-technology/AT25320B-SSHL-T/2238043,,20 MHz,Verified,,EEPROM,SPI,4K x 8,32Kbit,Non-Volatile,-40°C ~ 85°C (TA),,,EEPROM,1.8V ~ 5.5V,5ms
AT25512-TH-T,Microchip Technology,IC EEPROM 512KBIT SPI 8TSSOP,memory,28720,1.29,"8-TSSOP (0.173"", 4.40mm Width)",Surface Mount,Active,https://ww1.microchip.com/downloads/en/DeviceDoc/AT25512-SPI-Serial-EEPROM-512-Kbits-20006218A.pdf,https://www.digikey.com/en/products/detail/microchip-technology/AT25512-TH-T/1914194,,20 MHz,Not Verified,,EEPROM,SPI,64K x 8,512Kbit,Non-Volatile,-40°C ~ 85°C (TA),,,EEPROM,1.8V ~ 5.5V,5ms
AT25512N-SH-B,Microchip Technology,IC EEPROM 512KBIT SPI 8SOIC,memory,2256,1.18,"8-SOIC (0.154"", 3.90mm Width)",Surface Mount,Active,https://ww1.microchip.com/downloads/en/DeviceDoc/AT25512-SPI-Serial-EEPROM-512-Kbits-20006218A.pdf,https://www.digikey.com/en/products/detail/microchip-technology/AT25512N-SH-B/1914195,,20 MHz,Verified,,EEPROM,SPI,64K x 8,512Kbit,Non-Volatile,-40°C ~ 85°C (TA),,,EEPROM,1.8V ~ 5.5V,5ms
AT25512N-SH-T,Microchip Technology,IC EEPROM 512KBIT SPI 8SOIC,memory,5699,1.27,"8-SOIC (0.154"", 3.90mm Width)",Surface Mount,Active,https://ww1.microchip.com/downloads/en/DeviceDoc/AT25512-SPI-Serial-EEPROM-512-Kbits-20006218A.pdf,https://www.digikey.com/en/products/detail/microchip-technology/AT25512N-SH-T/1914196,,20 MHz,Verified,,EEPROM,SPI,64K x 8,512Kbit,Non-Volatile,-40°C ~ 85°C (TA),,,EEPROM,1.8V ~ 5.5V,5ms
AT25640B-MAHL-T,Microchip Technology,IC EEPROM 64KBIT SPI 20MHZ 8UDFN,memory,3338,0.63,8-UFDFN Exposed Pad,Surface Mount,Active,https://ww1.microchip.com/downloads/en/DeviceDoc/Atmel-8535-SEEPROM-AT25320B-640B-Datasheet.pdf,https://www.digikey.com/en/products/detail/microchip-technology/AT25640B-MAHL-T/2238046,,20 MHz,Not Verified,,EEPROM,SPI,8K x 8,64Kbit,Non-Volatile,-40°C ~ 85°C (TA),,,EEPROM,1.8V ~ 5.5V,5ms
AT25640B-SSHL-B,Microchip Technology,IC EEPROM 64KBIT SPI 20MHZ 8SOIC,memory,3668,0.54,"8-SOIC (0.154"", 3.90mm Width)",Surface Mount,Active,https://ww1.microchip.com/downloads/en/DeviceDoc/Atmel-8535-SEEPROM-AT25320B-640B-Datasheet.pdf,https://www.digikey.com/en/products/detail/microchip-technology/AT25640B-SSHL-B/2238047,,20 MHz,Verified,,EEPROM,SPI,8K x 8,64Kbit,Non-Volatile,-40°C ~ 85°C (TA),,,EEPROM,1.8V ~ 5.5V,5ms
AT25640B-SSHL-T,Microchip Technology,IC EEPROM 64KBIT SPI 20MHZ 8SOIC,memory,2104,0.58,"8-SOIC (0.154"", 3.90mm Width)",Surface Mount,Active,https://ww1.microchip.com/downloads/en/DeviceDoc/Atmel-8535-SEEPROM-AT25320B-640B-Datasheet.pdf,https://www.digikey.com/en/products/detail/microchip-technology/AT25640B-SSHL-T/2238048,,20 MHz,Not Verified,,EEPROM,SPI,8K x 8,64Kbit,Non-Volatile,-40°C ~ 85°C (TA),,,EEPROM,1.8V ~ 5.5V,5ms
AT25M01-SSHM-B,Microchip Technology,IC EEPROM 1MBIT SPI 20MHZ 8SOIC,memory,11092,1.52,"8-SOIC (0.154"", 3.90mm Width)",Surface Mount,Active,https://ww1.microchip.com/downloads/aemDocuments/documents/OTH/ProductDocuments/DataSheets/AT25M01-SPI-Serial-EEPROM-Data-Sheet-20006226A.pdf,https://www.digikey.com/en/products/detail/microchip-technology/AT25M01-SSHM-B/4814548,,20 MHz,Verified,,EEPROM,SPI,128K x 8,1Mbit,Non-Volatile,-40°C ~ 85°C (TA),,,EEPROM,1.7V ~ 5.5V,5ms
AT25M01-SSHM-T,Microchip Technology,IC EEPROM 1MBIT SPI 20MHZ 8SOIC,memory,4588,1.62,"8-SOIC (0.154"", 3.90mm Width)",Surface Mount,Active,https://ww1.microchip.com/downloads/aemDocuments/documents/OTH/ProductDocuments/DataSheets/AT25M01-SPI-Serial-EEPROM-Data-Sheet-20006226A.pdf,https://www.digikey.com/en/products/detail/microchip-technology/AT25M01-SSHM-T/4814537,,20 MHz,Verified,,EEPROM,SPI,128K x 8,1Mbit,Non-Volatile,-40°C ~ 85°C (TA),,,EEPROM,1.7V ~ 5.5V,5ms
AT25M02-SSHD-T,Microchip Technology,IC EEPROM 2MBIT SPI 5MHZ 8SOIC,memory,16602,2.78,"8-SOIC (0.154"", 3.90mm Width)",Surface Mount,Active,https://ww1.microchip.com/downloads/en/DeviceDoc/AT25M02-SPI-Serial-EEPROM-Data-Sheet-20006230A.pdf,https://www.digikey.com/en/products/detail/microchip-technology/AT25M02-SSHD-T/5886198,,5 MHz,Not Verified,,EEPROM,SPI,256K x 8,2Mbit,Non-Volatile,-40°C ~ 85°C (TC),,,EEPROM,2.5V ~ 5.5V,10ms
AT25M02-SSHM-B,Microchip Technology,IC EEPROM 2MBIT SPI 5MHZ 8SOIC,memory,615,2.6,"8-SOIC (0.154"", 3.90mm Width)",Surface Mount,Active,https://ww1.microchip.com/downloads/en/DeviceDoc/AT25M02-SPI-Serial-EEPROM-Data-Sheet-20006230A.pdf,https://www.digikey.com/en/products/detail/microchip-technology/AT25M02-SSHM-B/5885786,,5 MHz,Not Verified,,EEPROM,SPI,256K x 8,2Mbit,Non-Volatile,-40°C ~ 85°C (TC),,,EEPROM,1.7V ~ 5.5V,10ms
AT25M02-SSHM-T,Microchip Technology,IC EEPROM 2MBIT SPI 5MHZ 8SOIC,memory,4861,2.78,"8-SOIC (0.154"", 3.90mm Width)",Surface Mount,Active,https://ww1.microchip.com/downloads/en/DeviceDoc/AT25M02-SPI-Serial-EEPROM-Data-Sheet-20006230A.pdf,https://www.digikey.com/en/products/detail/microchip-technology/AT25M02-SSHM-T/5313451,,5 MHz,Not Verified,,EEPROM,SPI,256K x 8,2Mbit,Non-Volatile,-40°C ~ 85°C (TC),,,EEPROM,1.7V ~ 5.5V,10ms
AT28BV256-20SU,Microchip Technology,IC EEPROM 256KBIT PAR 28SOIC,memory,188,12.31,"28-SOIC (0.295"", 7.50mm Width)",Surface Mount,Active,https://ww1.microchip.com/downloads/en/DeviceDoc/doc0273.pdf,https://www.digikey.com/en/products/detail/microchip-technology/AT28BV256-20SU/1008454,200 ns,,Not Verified,,EEPROM,Parallel,32K x 8,256Kbit,Non-Volatile,-40°C ~ 85°C (TC),,,EEPROM,2.7V ~ 3.6V,10ms
AT28C256-15JU,Microchip Technology,IC EEPROM 256KBIT PAR 32PLCC,memory,360,11.39,32-LCC (J-Lead),Surface Mount,Active,https://ww1.microchip.com/downloads/aemDocuments/documents/MPD/ProductDocuments/DataSheets/AT28C256-Industrial-Grade-256-Kbit-Paged-Parallel-EEPROM-Data-Sheet-DS20006386.pdf,https://www.digikey.com/en/products/detail/microchip-technology/AT28C256-15JU/1008507,150 ns,,Not Verified,,EEPROM,Parallel,32K x 8,256Kbit,Non-Volatile,-40°C ~ 85°C (TC),,,EEPROM,4.5V ~ 5.5V,10ms
AT28C256-15PU,Microchip Technology,IC EEPROM 256KBIT PARALLEL 28DIP,memory,501,11.62,"28-DIP (0.600"", 15.24mm)",Through Hole,Active,https://ww1.microchip.com/downloads/aemDocuments/documents/MPD/ProductDocuments/DataSheets/AT28C256-Industrial-Grade-256-Kbit-Paged-Parallel-EEPROM-Data-Sheet-DS20006386.pdf,https://www.digikey.com/en/products/detail/microchip-technology/AT28C256-15PU/1008506,150 ns,,Not Verified,,EEPROM,Parallel,32K x 8,256Kbit,Non-Volatile,-40°C ~ 85°C (TC),,,EEPROM,4.5V ~ 5.5V,10ms
AT28C256E-15JU,Microchip Technology,IC EEPROM 256KBIT PAR 32PLCC,memory,576,12.17,32-LCC (J-Lead),Surface Mount,Active,https://ww1.microchip.com/downloads/aemDocuments/documents/MPD/ProductDocuments/DataSheets/AT28C256-Industrial-Grade-256-Kbit-Paged-Parallel-EEPROM-Data-Sheet-DS20006386.pdf,https://www.digikey.com/en/products/detail/microchip-technology/AT28C256E-15JU/1008508,150 ns,,Not Verified,,EEPROM,Parallel,32K x 8,256Kbit,Non-Volatile,-40°C ~ 85°C (TC),,,EEPROM,4.5V ~ 5.5V,10ms
AT28C64B-15JU,Microchip Technology,IC EEPROM 64KBIT PARALLEL 32PLCC,memory,256,5.5,32-LCC (J-Lead),Surface Mount,Active,https://ww1.microchip.com/downloads/aemDocuments/documents/MPD/ProductDocuments/DataSheets/AT28C64B-64-Kbit-8Kx8-Parallel-EEPROM-with-Page-Write-and-Software-Data-Protection-DS20006432.pdf,https://www.digikey.com/en/products/detail/microchip-technology/AT28C64B-15JU/1008523,150 ns,,Verified,,EEPROM,Parallel,8K x 8,64Kbit,Non-Volatile,-40°C ~ 85°C (TC),,,EEPROM,4.5V ~ 5.5V,10ms
AT28C64B-15PU,Microchip Technology,IC EEPROM 64KBIT PARALLEL 28DIP,memory,2734,5.5,"28-DIP (0.600"", 15.24mm)",Through Hole,Active,https://ww1.microchip.com/downloads/en/DeviceDoc/doc0270.pdf,https://www.digikey.com/en/products/detail/microchip-technology/AT28C64B-15PU/1008529,150 ns,,Verified,,EEPROM,Parallel,8K x 8,64Kbit,Non-Volatile,-40°C ~ 85°C (TC),,,EEPROM,4.5V ~ 5.5V,10ms
AT28C64B-15SU,Microchip Technology,IC EEPROM 64KBIT PARALLEL 28SOIC,memory,164,5.79,"28-SOIC (0.295"", 7.50mm Width)",Surface Mount,Active,https://ww1.microchip.com/downloads/en/DeviceDoc/doc0270.pdf,https://www.digikey.com/en/products/detail/microchip-technology/AT28C64B-15SU/1008474,150 ns,,Verified,,EEPROM,Parallel,8K x 8,64Kbit,Non-Volatile,-40°C ~ 85°C (TC),,,EEPROM,4.5V ~ 5.5V,10ms
AT28HC64BF-12JU,Microchip Technology,IC EEPROM 64KBIT PARALLEL 32PLCC,memory,311,5.89,32-LCC (J-Lead),Surface Mount,Active,https://ww1.microchip.com/downloads/aemDocuments/documents/MPD/ProductDocuments/DataSheets/AT28HC64B-AT28HC64BF-64-Kbit-Industrial-High-Speed-Parallel-EEPROM-Page-Write-Software-Data-Protection-DS20006473.pdf,https://www.digikey.com/en/products/detail/microchip-technology/AT28HC64BF-12JU/1914235,120 ns,,Not Verified,,EEPROM,Parallel,8K x 8,64Kbit,Non-Volatile,-40°C ~ 85°C (TC),,,EEPROM,4.5V ~ 5.5V,10ms
AT34C02D-MAHM-T,Microchip Technology,IC EEPROM 2KBIT I2C 1MHZ 8UDFN,memory,8257,0.32,8-UFDFN Exposed Pad,Surface Mount,Active,https://ww1.microchip.com/downloads/en/DeviceDoc/Atmel-8781-SEEPROM-AT34C02D-Datasheet.pdf,https://www.digikey.com/en/products/detail/microchip-technology/AT34C02D-MAHM-T/3844897,,1 MHz,Not Verified,,EEPROM,I2C,256 x 8,2Kbit,Non-Volatile,-40°C ~ 85°C (TA),,,EEPROM,1.7V ~ 5.5V,5ms
AT93C46D-TH-B,Microchip Technology,IC EEPROM 1KBIT 3-WIRE 8TSSOP,memory,3889,0.28,"8-TSSOP (0.173"", 4.40mm Width)",Surface Mount,Active,https://ww1.microchip.com/downloads/aemDocuments/documents/MPD/ProductDocuments/DataSheets/20006224B.pdf,https://www.digikey.com/en/products/detail/microchip-technology/AT93C46D-TH-B/1576768,,2 MHz,Verified,,EEPROM,3-Wire Serial,"128 x 8, 64 x 16",1Kbit,Non-Volatile,-40°C ~ 85°C (TA),,,EEPROM,1.8V ~ 5.5V,5ms
AT93C46D-TH-T,Microchip Technology,IC EEPROM 1KBIT 3-WIRE 8TSSOP,memory,14129,0.31,"8-TSSOP (0.173"", 4.40mm Width)",Surface Mount,Active,https://ww1.microchip.com/downloads/aemDocuments/documents/MPD/ProductDocuments/DataSheets/20006224B.pdf,https://www.digikey.com/en/products/detail/microchip-technology/AT93C46D-TH-T/1566801,,2 MHz,Verified,,EEPROM,3-Wire Serial,"128 x 8, 64 x 16",1Kbit,Non-Volatile,-40°C ~ 85°C (TA),,,EEPROM,1.8V ~ 5.5V,5ms
AT93C46DN-SH-B,Microchip Technology,IC EEPROM 1KBIT 3-WIRE 8SOIC,memory,2347,0.26,"8-SOIC (0.154"", 3.90mm Width)",Surface Mount,Active,https://ww1.microchip.com/downloads/aemDocuments/documents/MPD/ProductDocuments/DataSheets/20006224B.pdf,https://www.digikey.com/en/products/detail/microchip-technology/AT93C46DN-SH-B/1576766,,2 MHz,Verified,,EEPROM,3-Wire Serial,"128 x 8, 64 x 16",1Kbit,Non-Volatile,-40°C ~ 85°C (TA),,,EEPROM,1.8V ~ 5.5V,5ms
AT93C46DN-SH-T,Microchip Technology,IC EEPROM 1KBIT 3-WIRE 8SOIC,memory,26124,0.28,"8-SOIC (0.154"", 3.90mm Width)",Surface Mount,Active,https://ww1.microchip.com/downloads/aemDocuments/documents/MPD/ProductDocuments/DataSheets/20006224B.pdf,https://www.digikey.com/en/products/detail/microchip-technology/AT93C46DN-SH-T/1566800,,2 MHz,Verified,,EEPROM,3-Wire Serial,"128 x 8, 64 x 16",1Kbit,Non-Volatile,-40°C ~ 85°C (TA),,,EEPROM,1.8V ~ 5.5V,5ms
AT93C46EN-SH-T,Microchip Technology,IC EEPROM 1KBIT 3-WIRE 8SOIC,memory,60616,0.28,"8-SOIC (0.154"", 3.90mm Width)",Surface Mount,Active,https://ww1.microchip.com/downloads/aemDocuments/documents/MPD/ProductDocuments/DataSheets/20006224B.pdf,https://www.digikey.com/en/products/detail/microchip-technology/AT93C46EN-SH-T/1566802,,2 MHz,Verified,,EEPROM,3-Wire Serial,64 x 16,1Kbit,Non-Volatile,-40°C ~ 85°C (TA),,,EEPROM,1.8V ~ 5.5V,5ms
AT93C56B-MAHM-T,Microchip Technology,IC EEPROM 2KBIT 3-WIRE 8MINI MAP,memory,11165,0.34,8-UFDFN Exposed Pad,Surface Mount,Active,https://ww1.microchip.com/downloads/en/DeviceDoc/20006260A.pdf,https://www.digikey.com/en/products/detail/microchip-technology/AT93C56B-MAHM-T/3046384,,2 MHz,Not Verified,,EEPROM,3-Wire Serial,"256 x 8, 128 x 16",2Kbit,Non-Volatile,-40°C ~ 85°C (TA),,,EEPROM,1.7V ~ 5.5V,5ms
AT93C56B-SSHM-T,Microchip Technology,IC EEPROM 2KBIT 3-WIRE 8SOIC,memory,2330,0.31,"8-SOIC (0.154"", 3.90mm Width)",Surface Mount,Active,https://ww1.microchip.com/downloads/en/DeviceDoc/20006260A.pdf,https://www.digikey.com/en/products/detail/microchip-technology/AT93C56B-SSHM-T/3046268,,2 MHz,Verified,,EEPROM,3-Wire Serial,"256 x 8, 128 x 16",2Kbit,Non-Volatile,-40°C ~ 85°C (TA),,,EEPROM,1.7V ~ 5.5V,5ms
AT93C66B-MAHM-T,Microchip Technology,IC EEPROM 4KBIT 3-WIRE 8MINI MAP,memory,7665,0.37,8-UFDFN Exposed Pad,Surface Mount,Active,https://ww1.microchip.com/downloads/en/DeviceDoc/20006260A.pdf,https://www.digikey.com/en/products/detail/microchip-technology/AT93C66B-MAHM-T/3046385,,2 MHz,Not Verified,,EEPROM,3-Wire Serial,"512 x 8, 256 x 16",4Kbit,Non-Volatile,-40°C ~ 85°C (TA),,,EEPROM,1.7V ~ 5.5V,5ms
AT93C66B-SSHM-B,Microchip Technology,IC EEPROM 4KBIT 3-WIRE 8SOIC,memory,1058,0.3,"8-SOIC (0.154"", 3.90mm Width)",Surface Mount,Active,https://ww1.microchip.com/downloads/en/DeviceDoc/20006260A.pdf,https://www.digikey.com/en/products/detail/microchip-technology/AT93C66B-SSHM-B/3046515,,2 MHz,Verified,,EEPROM,3-Wire Serial,"512 x 8, 256 x 16",4Kbit,Non-Volatile,-40°C ~ 85°C (TA),,,EEPROM,1.7V ~ 5.5V,5ms
AT93C66B-SSHM-T,Microchip Technology,IC EEPROM 4KBIT 3-WIRE 8SOIC,memory,4435,0.32,"8-SOIC (0.154"", 3.90mm Width)",Surface Mount,Active,https://ww1.microchip.com/downloads/en/DeviceDoc/20006260A.pdf,https://www.digikey.com/en/products/detail/microchip-technology/AT93C66B-SSHM-T/3046270,,2 MHz,Verified,,EEPROM,3-Wire Serial,"512 x 8, 256 x 16",4Kbit,Non-Volatile,-40°C ~ 85°C (TA),,,EEPROM,1.7V ~ 5.5V,5ms
AT93C66B-XHM-T,Microchip Technology,IC EEPROM 4KBIT 3-WIRE 8TSSOP,memory,10718,0.34,"8-TSSOP (0.173"", 4.40mm Width)",Surface Mount,Active,https://ww1.microchip.com/downloads/en/DeviceDoc/20006260A.pdf,https://www.digikey.com/en/products/detail/microchip-technology/AT93C66B-XHM-T/3046271,,2 MHz,Not Verified,,EEPROM,3-Wire Serial,"512 x 8, 256 x 16",4Kbit,Non-Volatile,-40°C ~ 85°C (TA),,,EEPROM,1.7V ~ 5.5V,5ms
AT93C86A-10SU-2.7,Microchip Technology,IC EEPROM 16KBIT 3-WIRE 8SOIC,memory,1360,0.38,"8-SOIC (0.154"", 3.90mm Width)",Surface Mount,Active,https://ww1.microchip.com/downloads/en/DeviceDoc/20006261A.pdf,https://www.digikey.com/en/products/detail/microchip-technology/AT93C86A-10SU-2-7/660467,,2 MHz,Verified,,EEPROM,3-Wire Serial,"2K x 8, 1K x 16",16Kbit,Non-Volatile,-40°C ~ 85°C (TA),,,EEPROM,2.7V ~ 5.5V,10ms
AT93C86A-10SU-2.7-T,Microchip Technology,IC EEPROM 16KBIT 3-WIRE 8SOIC,memory,8905,0.41,"8-SOIC (0.154"", 3.90mm Width)",Surface Mount,Active,https://ww1.microchip.com/downloads/en/DeviceDoc/20006261A.pdf,https://www.digikey.com/en/products/detail/microchip-technology/AT93C86A-10SU-2-7-T/9828727,,1 MHz,Not Verified,,EEPROM,3-Wire Serial,"2K x 8, 1K x 16",16Kbit,Non-Volatile,-40°C ~ 85°C (TA),,,EEPROM,2.7V ~ 5.5V,10ms
BR24G128NUX-3ATTR,Rohm Semiconductor,IC EEPROM 128KBIT I2C 8VSON,memory,28935,0.83,8-UFDFN Exposed Pad,Surface Mount,Not For New Designs,https://www.rohm.com/datasheet?p=BR24G128NUX-3A&dist=Digi-key&media=referral&source=digi-key.com&campaign=Digi-key,https://www.digikey.com/en/products/detail/rohm-semiconductor/BR24G128NUX-3ATTR/4879614,,1 MHz,Not Verified,,EEPROM,I2C,16K x 8,128Kbit,Non-Volatile,-40°C ~ 85°C (TA),,,EEPROM,1.7V ~ 5.5V,5ms
BR24G1MFJ-5AE2,Rohm Semiconductor,IC EEPROM 1MBIT I2C 1MHZ 8SOPJ,memory,2425,1.77,"8-SOIC (0.154"", 3.90mm Width)",Surface Mount,Active,https://www.rohm.com/datasheet?p=BR24G1MFJ-5A&dist=Digi-key&media=referral&source=digi-key.com&campaign=Digi-key,https://www.digikey.com/en/products/detail/rohm-semiconductor/BR24G1MFJ-5AE2/15777101,,1 MHz,Not Verified,,EEPROM,I2C,128K x 8,1Mbit,Non-Volatile,-40°C ~ 85°C (TA),,,EEPROM,1.7V ~ 5.5V,3.5ms
BR24G32FVT-3AGE2,Rohm Semiconductor,IC EEPROM 32KBIT I2C 8TSSOPB,memory,10141,0.41,"8-TSSOP (0.173"", 4.40mm Width)",Surface Mount,Not For New Designs,https://www.rohm.com/datasheet?p=BR24G32FVT-3A&dist=Digi-key&media=referral&source=digi-key.com&campaign=Digi-key,https://www.digikey.com/en/products/detail/rohm-semiconductor/BR24G32FVT-3AGE2/4879566,,1 MHz,Not Verified,,EEPROM,I2C,4K x 8,32Kbit,Non-Volatile,-40°C ~ 85°C (TA),,,EEPROM,1.7V ~ 5.5V,5ms
BR24G512FVT-3AGE2,Rohm Semiconductor,IC EEPROM 512KBIT I2C 8TSSOPB,memory,8763,1.02,"8-TSSOP (0.173"", 4.40mm Width)",Surface Mount,Not For New Designs,https://www.rohm.com/datasheet?p=BR24G512FVT-3A&dist=Digi-key&media=referral&source=digi-key.com&campaign=Digi-key,https://www.digikey.com/en/products/detail/rohm-semiconductor/BR24G512FVT-3AGE2/4879569,,1 MHz,Not Verified,,EEPROM,I2C,64K x 8,512Kbit,Non-Volatile,-40°C ~ 85°C (TA),,,EEPROM,1.7V ~ 5.5V,5ms
BR24H128NUX-5ACTR,Rohm Semiconductor,IC EEPROM 128KBIT I2C 8VSON,memory,2985,1.04,8-UFDFN Exposed Pad,Surface Mount,Active,https://www.rohm.com/datasheet?p=BR24H128NUX-5AC&dist=Digi-key&media=referral&source=digi-key.com&campaign=Digi-key,https://www.digikey.com/en/products/detail/rohm-semiconductor/BR24H128NUX-5ACTR/13684661,,1 MHz,Not Verified,Automotive,EEPROM,I2C,16K x 8,128Kbit,Non-Volatile,-40°C ~ 125°C (TA),AEC-Q100,,EEPROM,1.7V ~ 5.5V,3.5ms
BR24H256NUX-5ACTR,Rohm Semiconductor,IC EEPROM 256KBIT I2C 8VSON,memory,6227,1.19,8-UFDFN Exposed Pad,Surface Mount,Active,https://www.rohm.com/datasheet?p=BR24H256NUX-5AC&dist=Digi-key&media=referral&source=digi-key.com&campaign=Digi-key,https://www.digikey.com/en/products/detail/rohm-semiconductor/BR24H256NUX-5ACTR/13684655,,1 MHz,Not Verified,Automotive,EEPROM,I2C,32K x 8,256Kbit,Non-Volatile,-40°C ~ 125°C (TA),AEC-Q100,,EEPROM,1.7V ~ 5.5V,3.5ms
BR24T1MF-3AME2,Rohm Semiconductor,IC EEPROM 1MBIT I2C 1MHZ 8SOP,memory,7749,3.46,"8-SOIC (0.173"", 4.40mm Width)",Surface Mount,Not For New Designs,https://www.rohm.com/datasheet?p=BR24T1MF-3AM&dist=Digi-key&media=referral&source=digi-key.com&campaign=Digi-key,https://www.digikey.com/en/products/detail/rohm-semiconductor/BR24T1MF-3AME2/10249301,,1 MHz,Not Verified,Automotive,EEPROM,I2C,128K x 8,1Mbit,Non-Volatile,-40°C ~ 85°C (TA),AEC-Q100,,EEPROM,1.7V ~ 5.5V,5ms
BR24T1MFJ-3AME2,Rohm Semiconductor,IC EEPROM 1MBIT I2C 1MHZ 8SOPJ,memory,4944,3.46,"8-SOIC (0.154"", 3.90mm Width)",Surface Mount,Not For New Designs,https://www.rohm.com/datasheet?p=BR24T1MFJ-3AM&dist=Digi-key&media=referral&source=digi-key.com&campaign=Digi-key,https://www.digikey.com/en/products/detail/rohm-semiconductor/BR24T1MFJ-3AME2/10249309,,1 MHz,Not Verified,Automotive,EEPROM,I2C,128K x 8,1Mbit,Non-Volatile,-40°C ~ 85°C (TA),AEC-Q100,,EEPROM,1.7V ~ 5.5V,5ms
BR25G128NUX-3TR,Rohm Semiconductor,IC EEPROM 128KBIT SPI 8VSON,memory,8068,0.75,8-UFDFN Exposed Pad,Surface Mount,Not For New Designs,https://www.rohm.com/datasheet?p=BR25G128NUX-3&dist=Digi-key&media=referral&source=digi-key.com&campaign=Digi-key,https://www.digikey.com/en/products/detail/rohm-semiconductor/BR25G128NUX-3TR/5721068,,20 MHz,Not Verified,,EEPROM,SPI,16K x 8,128Kbit,Non-Volatile,-40°C ~ 85°C (TA),,,EEPROM,1.6V ~ 5.5V,5ms
CAT24C02TDI-GT3A,onsemi,IC EEPROM 2KBIT I2C TSOT23-5,memory,14843,0.31,"SOT-23-5 Thin, TSOT-23-5",Surface Mount,Active,,https://www.digikey.com/en/products/detail/onsemi/CAT24C02TDI-GT3A/2481997,900 ns,400 kHz,Not Verified,,EEPROM,I2C,256 x 8,2Kbit,Non-Volatile,-40°C ~ 85°C (TA),,,EEPROM,1.7V ~ 5.5V,5ms
CAT24C04HU4I-GT3,onsemi,IC EEPROM 4KBIT I2C 400KHZ 8UDFN,memory,0,0.47,8-UFDFN Exposed Pad,Surface Mount,Active,,https://www.digikey.com/en/products/detail/onsemi/CAT24C04HU4I-GT3/2748096,900 ns,400 kHz,Not Verified,,EEPROM,I2C,512 x 8,4Kbit,Non-Volatile,-40°C ~ 85°C (TA),,,EEPROM,1.7V ~ 5.5V,5ms
CAT24C04WI-GT3,onsemi,IC EEPROM 4KBIT I2C 400KHZ 8SOIC,memory,3582,0.39,"8-SOIC (0.154"", 3.90mm Width)",Surface Mount,Active,,https://www.digikey.com/en/products/detail/onsemi/CAT24C04WI-GT3/2063302,900 ns,400 kHz,Not Verified,,EEPROM,I2C,512 x 8,4Kbit,Non-Volatile,-40°C ~ 85°C (TA),,,EEPROM,1.7V ~ 5.5V,5ms
CAT24C04YI-GT3,onsemi,IC EEPROM 4KBIT I2C 8TSSOP,memory,3022,0.37,"8-TSSOP (0.173"", 4.40mm Width)",Surface Mount,Active,,https://www.digikey.com/en/products/detail/onsemi/CAT24C04YI-GT3/1630993,900 ns,400 kHz,Verified,,EEPROM,I2C,512 x 8,4Kbit,Non-Volatile,-40°C ~ 85°C (TA),,,EEPROM,1.7V ~ 5.5V,5ms
CAT24C08C4ATR,onsemi,IC EEPROM 8KBIT I2C 4WLCSP,memory,27159,0.19,"4-XFBGA, WLCSP",Surface Mount,Active,,https://www.digikey.com/en/products/detail/onsemi/CAT24C08C4ATR/3536578,900 ns,400 kHz,Not Verified,,EEPROM,I2C,1K x 8,8Kbit,Non-Volatile,-40°C ~ 85°C (TA),,,EEPROM,1.7V ~ 5.5V,5ms
CAT24C08HU4I-GT3,onsemi,IC EEPROM 8KBIT I2C 400KHZ 8UDFN,memory,4,0.44,8-UFDFN Exposed Pad,Surface Mount,Active,,https://www.digikey.com/en/products/detail/onsemi/CAT24C08HU4I-GT3/2748097,900 ns,400 kHz,Verified,,EEPROM,I2C,1K x 8,8Kbit,Non-Volatile,-40°C ~ 85°C (TA),,,EEPROM,1.7V ~ 5.5V,5ms
CAT24C08WI-GT3,onsemi,IC EEPROM 8KBIT I2C 400KHZ 8SOIC,memory,66036,0.34,"8-SOIC (0.154"", 3.90mm Width)",Surface Mount,Active,,https://www.digikey.com/en/products/detail/onsemi/CAT24C08WI-GT3/1630998,900 ns,400 kHz,Verified,,EEPROM,I2C,1K x 8,8Kbit,Non-Volatile,-40°C ~ 85°C (TA),,,EEPROM,1.7V ~ 5.5V,5ms
CAT24C08YI-GT3,onsemi,IC EEPROM 8KBIT I2C 8TSSOP,memory,8218,0.37,"8-TSSOP (0.173"", 4.40mm Width)",Surface Mount,Active,,https://www.digikey.com/en/products/detail/onsemi/CAT24C08YI-GT3/1630999,900 ns,400 kHz,Verified,,EEPROM,I2C,1K x 8,8Kbit,Non-Volatile,-40°C ~ 85°C (TA),,,EEPROM,1.7V ~ 5.5V,5ms
CAT24C128HU4IGT3,onsemi,IC EEPROM 128KBIT I2C 8UDFN,memory,10790,0.51,8-UFDFN Exposed Pad,Surface Mount,Active,,https://www.digikey.com/en/products/detail/onsemi/CAT24C128HU4IGT3/2748099,400 ns,1 MHz,Not Verified,,EEPROM,I2C,16K x 8,128Kbit,Non-Volatile,-40°C ~ 85°C (TA),,,EEPROM,1.8V ~ 5.5V,5ms
CAT24C128WI-GT3,onsemi,IC EEPROM 128KBIT I2C 8SOIC,memory,0,0.61,"8-SOIC (0.154"", 3.90mm Width)",Surface Mount,Active,,https://www.digikey.com/en/products/detail/onsemi/CAT24C128WI-GT3/1631001,400 ns,1 MHz,Not Verified,,EEPROM,I2C,16K x 8,128Kbit,Non-Volatile,-40°C ~ 85°C (TA),,,EEPROM,1.8V ~ 5.5V,5ms
CAT24C128WIGT3JN,onsemi,IC EEPROM 128KBIT I2C 8SOIC,memory,4440,0.45,"8-SOIC (0.154"", 3.90mm Width)",Surface Mount,Active,,https://www.digikey.com/en/products/detail/onsemi/CAT24C128WIGT3JN/7220396,400 ns,1 MHz,Not Verified,,EEPROM,I2C,16K x 8,128Kbit,Non-Volatile,-40°C ~ 85°C (TA),,,EEPROM,1.8V ~ 5.5V,5ms
CAT24C128YI-GT3,onsemi,IC EEPROM 128KBIT I2C 8TSSOP,memory,1569,0.79,"8-TSSOP (0.173"", 4.40mm Width)",Surface Mount,Active,,https://www.digikey.com/en/products/detail/onsemi/CAT24C128YI-GT3/1856939,400 ns,1 MHz,Not Verified,,EEPROM,I2C,16K x 8,128Kbit,Non-Volatile,-40°C ~ 85°C (TA),,,EEPROM,1.8V ~ 5.5V,5ms
CAT24C16C4ATR,onsemi,IC EEPROM 16KBIT I2C 4WLCSP,memory,1575,0.22,"4-XFBGA, WLCSP",Surface Mount,Active,,https://www.digikey.com/en/products/detail/onsemi/CAT24C16C4ATR/3536579,900 ns,400 kHz,Not Verified,,EEPROM,I2C,2K x 8,16Kbit,Non-Volatile,-40°C ~ 85°C (TA),,,EEPROM,1.8V ~ 5.5V,5ms
CAT24C16HU4I-GT3,onsemi,IC EEPROM 16KBIT I2C 8UDFN,memory,2566,0.51,8-UFDFN Exposed Pad,Surface Mount,Active,,https://www.digikey.com/en/products/detail/onsemi/CAT24C16HU4I-GT3/2748098,900 ns,400 kHz,Not Verified,,EEPROM,I2C,2K x 8,16Kbit,Non-Volatile,-40°C ~ 85°C (TA),,,EEPROM,1.7V ~ 5.5V,5ms
CAT24C16TDI-GT3,onsemi,IC EEPROM 16KBIT I2C TSOT23-5,memory,29178,0.37,"SOT-23-5 Thin, TSOT-23-5",Surface Mount,Active,,https://www.digikey.com/en/products/detail/onsemi/CAT24C16TDI-GT3/23329489,900 ns,400 kHz,,,EEPROM,I2C,2K x 8,16Kbit,Non-Volatile,-40°C ~ 85°C (TA),,,EEPROM,1.7V ~ 5.5V,5ms
CAT24C16WI-GT3,onsemi,IC EEPROM 16KBIT I2C 8SOIC,memory,27168,0.38,"8-SOIC (0.154"", 3.90mm Width)",Surface Mount,Active,,https://www.digikey.com/en/products/detail/onsemi/CAT24C16WI-GT3/1631003,900 ns,400 kHz,Verified,,EEPROM,I2C,2K x 8,16Kbit,Non-Volatile,-40°C ~ 85°C (TA),,,EEPROM,1.7V ~ 5.5V,5ms
CAT24C16YI-GT3,onsemi,IC EEPROM 16KBIT I2C 8TSSOP,memory,18592,0.38,"8-TSSOP (0.173"", 4.40mm Width)",Surface Mount,Active,,https://www.digikey.com/en/products/detail/onsemi/CAT24C16YI-GT3/1631004,900 ns,400 kHz,Not Verified,,EEPROM,I2C,2K x 8,16Kbit,Non-Volatile,-40°C ~ 85°C (TA),,,EEPROM,1.7V ~ 5.5V,5ms
CAT24C256HU4IGT3,onsemi,IC EEPROM 256KBIT I2C 1MHZ 8UDFN,memory,19522,0.61,8-UFDFN Exposed Pad,Surface Mount,Active,,https://www.digikey.com/en/products/detail/onsemi/CAT24C256HU4IGT3/2748100,500 ns,1 MHz,Not Verified,,EEPROM,I2C,32K x 8,256Kbit,Non-Volatile,-40°C ~ 85°C (TA),,,EEPROM,1.8V ~ 5.5V,5ms
CAT24C256WI-GT3,onsemi,IC EEPROM 256KBIT I2C 1MHZ 8SOIC,memory,27168,0.7,"8-SOIC (0.154"", 3.90mm Width)",Surface Mount,Active,,https://www.digikey.com/en/products/detail/onsemi/CAT24C256WI-GT3/1856934,500 ns,1 MHz,Verified,,EEPROM,I2C,32K x 8,256Kbit,Non-Volatile,-40°C ~ 85°C (TA),,,EEPROM,1.8V ~ 5.5V,5ms
CAT24C256YI-GT3,onsemi,IC EEPROM 256KBIT I2C 8TSSOP,memory,26974,0.61,"8-TSSOP (0.173"", 4.40mm Width)",Surface Mount,Active,,https://www.digikey.com/en/products/detail/onsemi/CAT24C256YI-GT3/1856937,500 ns,1 MHz,Verified,,EEPROM,I2C,32K x 8,256Kbit,Non-Volatile,-40°C ~ 85°C (TA),,,EEPROM,1.8V ~ 5.5V,5ms
CAT24C32HU4I-GT3,onsemi,IC EEPROM 32KBIT I2C 1MHZ 8UDFN,memory,3090,0.52,8-UFDFN Exposed Pad,Surface Mount,Active,,https://www.digikey.com/en/products/detail/onsemi/CAT24C32HU4I-GT3/2626505,400 ns,1 MHz,Not Verified,,EEPROM,I2C,4K x 8,32Kbit,Non-Volatile,-40°C ~ 85°C (TA),,,EEPROM,1.7V ~ 5.5V,5ms
CAT24C32WI-GT3,onsemi,IC EEPROM 32KBIT I2C 1MHZ 8SOIC,memory,9688,0.45,"8-SOIC (0.154"", 3.90mm Width)",Surface Mount,Active,,https://www.digikey.com/en/products/detail/onsemi/CAT24C32WI-GT3/1631007,400 ns,1 MHz,Verified,,EEPROM,I2C,4K x 8,32Kbit,Non-Volatile,-40°C ~ 85°C (TA),,,EEPROM,1.7V ~ 5.5V,5ms
CAT24C32YI-GT3,onsemi,IC EEPROM 32KBIT I2C 1MHZ 8TSSOP,memory,1069,0.4,"8-TSSOP (0.173"", 4.40mm Width)",Surface Mount,Active,,https://www.digikey.com/en/products/detail/onsemi/CAT24C32YI-GT3/1631008,400 ns,1 MHz,Not Verified,,EEPROM,I2C,4K x 8,32Kbit,Non-Volatile,-40°C ~ 85°C (TA),,,EEPROM,1.7V ~ 5.5V,5ms
CAT24C512C8UTR,onsemi,IC EEPROM 512KBIT I2C 8WLCSP,memory,8621,0.58,"8-UFBGA, WLCSP",Surface Mount,Active,,https://www.digikey.com/en/products/detail/onsemi/CAT24C512C8UTR/9829091,900 ns,1 MHz,Not Verified,,EEPROM,I2C,64K x 8,512Kbit,Non-Volatile,-40°C ~ 85°C (TA),,,EEPROM,1.8V ~ 5.5V,5ms
CAT24C512WI-GT3,onsemi,IC EEPROM 512KBIT I2C 1MHZ 8SOIC,memory,0,0.78,"8-SOIC (0.154"", 3.90mm Width)",Surface Mount,Active,,https://www.digikey.com/en/products/detail/onsemi/CAT24C512WI-GT3/2683757,900 ns,1 MHz,Not Verified,,EEPROM,I2C,64K x 8,512Kbit,Non-Volatile,-40°C ~ 85°C (TA),,,EEPROM,1.8V ~ 5.5V,5ms
CAT24C512WIGT3JN,onsemi,512-KB I2C SERIAL EEPROM,memory,2907,0.59,"8-SOIC (0.154"", 3.90mm Width)",Surface Mount,Active,https://www.onsemi.com/pdf/datasheet/cat24c512-d.pdf,https://www.digikey.com/en/products/detail/onsemi/CAT24C512WIGT3JN/25586519,900 ns,400 kHz,,,EEPROM,I2C,64K x 8,512Kbit,Non-Volatile,-40°C ~ 125°C (TA),,,EEPROM,1.8V ~ 5.5V,5ms
CAT24C512YI-GT3,onsemi,IC EEPROM 512KBIT I2C 8TSSOP,memory,11499,0.88,"8-TSSOP (0.173"", 4.40mm Width)",Surface Mount,Active,,https://www.digikey.com/en/products/detail/onsemi/CAT24C512YI-GT3/2683758,900 ns,1 MHz,Not Verified,,EEPROM,I2C,64K x 8,512Kbit,Non-Volatile,-40°C ~ 85°C (TA),,,EEPROM,1.8V ~ 5.5V,5ms
CAT24C64C4CTR,onsemi,IC EEPROM 64KBIT I2C 1MHZ 4WLCSP,memory,4306,0.21,"4-XFBGA, WLCSP",Surface Mount,Active,,https://www.digikey.com/en/products/detail/onsemi/CAT24C64C4CTR/5257535,400 ns,1 MHz,Not Verified,,EEPROM,I2C,8K x 8,64Kbit,Non-Volatile,-40°C ~ 85°C (TA),,,EEPROM,1.7V ~ 5.5V,5ms
CAT24C64HU4I-GT3,onsemi,IC EEPROM 64KBIT I2C 1MHZ 8UDFN,memory,0,0.57,8-UFDFN Exposed Pad,Surface Mount,Active,,https://www.digikey.com/en/products/detail/onsemi/CAT24C64HU4I-GT3/2481904,400 ns,1 MHz,Not Verified,,EEPROM,I2C,8K x 8,64Kbit,Non-Volatile,-40°C ~ 85°C (TA),,,EEPROM,1.7V ~ 5.5V,5ms
CAT24C64WI-GT3,onsemi,IC EEPROM 64KBIT I2C 1MHZ 8SOIC,memory,0,0.5,"8-SOIC (0.154"", 3.90mm Width)",Surface Mount,Active,,https://www.digikey.com/en/products/detail/onsemi/CAT24C64WI-GT3/1631010,400 ns,1 MHz,Verified,,EEPROM,I2C,8K x 8,64Kbit,Non-Volatile,-40°C ~ 85°C (TA),,,EEPROM,1.7V ~ 5.5V,5ms
CAT24M01DWDLT3G,onsemi,1MB I2C SERIAL EEPROM,memory,0,0.79,"8-SOIC (0.154"", 3.90mm Width)",Surface Mount,Active,,https://www.digikey.com/en/products/detail/onsemi/CAT24M01DWDLT3G/25586076,400 ns,1 MHz,,,EEPROM,I2C,128K x 8,1Mbit,Non-Volatile,-40°C ~ 125°C (TA),,,EEPROM,1.7V ~ 5.5V,5ms
CAT24M01WI-GT3,onsemi,IC EEPROM 1MBIT I2C 1MHZ 8SOIC,memory,18647,1.16,"8-SOIC (0.154"", 3.90mm Width)",Surface Mount,Active,,https://www.digikey.com/en/products/detail/onsemi/CAT24M01WI-GT3/2698334,400 ns,1 MHz,Verified,,EEPROM,I2C,128K x 8,1Mbit,Non-Volatile,-40°C ~ 85°C (TA),,,EEPROM,1.8V ~ 5.5V,5ms
CAT24M01YI-GT3,onsemi,IC EEPROM 1MBIT I2C 1MHZ 8TSSOP,memory,5559,1.31,"8-TSSOP (0.173"", 4.40mm Width)",Surface Mount,Active,,https://www.digikey.com/en/products/detail/onsemi/CAT24M01YI-GT3/3536583,400 ns,1 MHz,Not Verified,,EEPROM,I2C,128K x 8,1Mbit,Non-Volatile,-40°C ~ 85°C (TA),,,EEPROM,1.8V ~ 5.5V,5ms
CAT24S128C4ATR,onsemi,IC EEPROM 128KBIT I2C 4WLCSP,memory,3927,0.29,"4-XFBGA, WLCSP",Surface Mount,Active,https://www.onsemi.com/download/data-sheet/pdf/cat24s128-d.pdf,https://www.digikey.com/en/products/detail/onsemi/CAT24S128C4ATR/5817190,400 ns,1 MHz,Not Verified,,EEPROM,I2C,16K x 8,128Kbit,Non-Volatile,-40°C ~ 85°C (TA),,,EEPROM,1.7V ~ 5.5V,5ms
CAT25010YI-GT3,onsemi,IC EEPROM 1KBIT SPI 20MHZ 8TSSOP,memory,12000,0.42,"8-TSSOP (0.173"", 4.40mm Width)",Surface Mount,Active,,https://www.digikey.com/en/products/detail/onsemi/CAT25010YI-GT3/1631014,,,Verified,,EEPROM,SPI,128 x 8,1Kbit,Non-Volatile,-40°C ~ 85°C (TA),,,EEPROM,1.8V ~ 5.5V,5ms
CAT25040VP2I-GT3,onsemi,IC EEPROM 4KBIT SPI 8TDFN,memory,4975,0.48,8-WFDFN Exposed Pad,Surface Mount,Active,,https://www.digikey.com/en/products/detail/onsemi/CAT25040VP2I-GT3/2194248,,,Not Verified,,EEPROM,SPI,512 x 8,4Kbit,Non-Volatile,-40°C ~ 85°C (TA),,,EEPROM,1.8V ~ 5.5V,5ms
CAT25080VI-GT3,onsemi,IC EEPROM 8KBIT SPI 8SOIC,memory,11400,0.43,"8-SOIC (0.154"", 3.90mm Width)",Surface Mount,Active,,https://www.digikey.com/en/products/detail/onsemi/CAT25080VI-GT3/1631022,,,Not Verified,,EEPROM,SPI,1K x 8,8Kbit,Non-Volatile,-40°C ~ 85°C (TA),,,EEPROM,1.8V ~ 5.5V,5ms
CAT25080YI-GT3,onsemi,IC EEPROM 8KBIT SPI 8TSSOP,memory,6880,0.61,"8-TSSOP (0.173"", 4.40mm Width)",Surface Mount,Active,,https://www.digikey.com/en/products/detail/onsemi/CAT25080YI-GT3/1631023,,,Not Verified,,EEPROM,SPI,1K x 8,8Kbit,Non-Volatile,-40°C ~ 85°C (TA),,,EEPROM,1.8V ~ 5.5V,5ms
CAT25128VI-GT3,onsemi,IC EEPROM 128KBIT SPI 8SOIC,memory,14073,0.7,"8-SOIC (0.154"", 3.90mm Width)",Surface Mount,Active,,https://www.digikey.com/en/products/detail/onsemi/CAT25128VI-GT3/2063309,,20 MHz,Verified,,EEPROM,SPI,16K x 8,128Kbit,Non-Volatile,-40°C ~ 85°C (TA),,,EEPROM,1.8V ~ 5.5V,5ms
CAT25160VI-GT3,onsemi,IC EEPROM 16KBIT SPI 20MHZ 8SOIC,memory,18420,0.47,"8-SOIC (0.154"", 3.90mm Width)",Surface Mount,Active,,https://www.digikey.com/en/products/detail/onsemi/CAT25160VI-GT3/1631024,,20 MHz,Not Verified,,EEPROM,SPI,2K x 8,16Kbit,Non-Volatile,-40°C ~ 85°C (TA),,,EEPROM,1.8V ~ 5.5V,5ms
CAT25256HU4I-GT3,onsemi,IC EEPROM 256KBIT SPI 8UDFN,memory,7498,0.82,8-UFDFN Exposed Pad,Surface Mount,Active,,https://www.digikey.com/en/products/detail/onsemi/CAT25256HU4I-GT3/4847565,,10 MHz,Not Verified,,EEPROM,SPI,32K x 8,256Kbit,Non-Volatile,-40°C ~ 85°C (TA),,,EEPROM,1.8V ~ 5.5V,5ms
CAT25256VI-GT3,onsemi,IC EEPROM 256KBIT SPI 8SOIC,memory,22671,0.81,"8-SOIC (0.154"", 3.90mm Width)",Surface Mount,Active,,https://www.digikey.com/en/products/detail/onsemi/CAT25256VI-GT3/2193960,,20 MHz,Not Verified,,EEPROM,SPI,32K x 8,256Kbit,Non-Volatile,-40°C ~ 85°C (TA),,,EEPROM,1.8V ~ 5.5V,5ms
CAT25256XI-T2,onsemi,IC EEPROM 256KBIT SPI 8SOIC,memory,1068,1.06,"8-SOIC (0.209"", 5.30mm Width)",Surface Mount,Active,,https://www.digikey.com/en/products/detail/onsemi/CAT25256XI-T2/2063311,,20 MHz,Verified,,EEPROM,SPI,32K x 8,256Kbit,Non-Volatile,-40°C ~ 85°C (TA),,,EEPROM,1.8V ~ 5.5V,5ms
CAT25256YI-GT3,onsemi,IC EEPROM 256KBIT SPI 8TSSOP,memory,11021,0.99,"8-TSSOP (0.173"", 4.40mm Width)",Surface Mount,Active,,https://www.digikey.com/en/products/detail/onsemi/CAT25256YI-GT3/2193870,,20 MHz,Verified,,EEPROM,SPI,32K x 8,256Kbit,Non-Volatile,-40°C ~ 85°C (TA),,,EEPROM,1.8V ~ 5.5V,5ms
CAT25320VI-GT3,onsemi,IC EEPROM 32KBIT SPI 10MHZ 8SOIC,memory,17302,0.59,"8-SOIC (0.154"", 3.90mm Width)",Surface Mount,Active,,https://www.digikey.com/en/products/detail/onsemi/CAT25320VI-GT3/1631027,,10 MHz,Not Verified,,EEPROM,SPI,4K x 8,32Kbit,Non-Volatile,-40°C ~ 85°C (TA),,,EEPROM,1.8V ~ 5.5V,5ms
CAT25512HU5I-GT3,onsemi,IC EEPROM 512KBIT SPI 8UDFN,memory,6445,0.98,8-UFDFN Exposed Pad,Surface Mount,Active,,https://www.digikey.com/en/products/detail/onsemi/CAT25512HU5I-GT3/3536587,,20 MHz,Not Verified,,EEPROM,SPI,64K x 8,512Kbit,Non-Volatile,-40°C ~ 85°C (TA),,,EEPROM,1.8V ~ 5.5V,5ms
CAT25512VI-GT3,onsemi,IC EEPROM 512KBIT SPI 8SOIC,memory,16341,0.94,"8-SOIC (0.154"", 3.90mm Width)",Surface Mount,Active,,https://www.digikey.com/en/products/detail/onsemi/CAT25512VI-GT3/3198036,,20 MHz,Not Verified,,EEPROM,SPI,64K x 8,512Kbit,Non-Volatile,-40°C ~ 85°C (TA),,,EEPROM,1.8V ~ 5.5V,5ms
CAT25512YI-GT3,onsemi,IC EEPROM 512KBIT SPI 8TSSOP,memory,1471,0.88,"8-TSSOP (0.173"", 4.40mm Width)",Surface Mount,Active,,https://www.digikey.com/en/products/detail/onsemi/CAT25512YI-GT3/3198037,,20 MHz,Not Verified,,EEPROM,SPI,64K x 8,512Kbit,Non-Volatile,-40°C ~ 85°C (TA),,,EEPROM,1.8V ~ 5.5V,5ms
CAT25640VI-GT3,onsemi,IC EEPROM 64KBIT SPI 20MHZ 8SOIC,memory,11662,0.62,"8-SOIC (0.154"", 3.90mm Width)",Surface Mount,Active,,https://www.digikey.com/en/products/detail/onsemi/CAT25640VI-GT3/1770454,,20 MHz,Not Verified,,EEPROM,SPI,8K x 8,64Kbit,Non-Volatile,-40°C ~ 85°C (TA),,,EEPROM,1.8V ~ 5.5V,5ms
CAT25M01VI-GT3,onsemi,IC EEPROM 1MBIT SPI 10MHZ 8SOIC,memory,14132,1.32,"8-SOIC (0.154"", 3.90mm Width)",Surface Mount,Active,,https://www.digikey.com/en/products/detail/onsemi/CAT25M01VI-GT3/4847568,,10 MHz,Verified,,EEPROM,SPI,128K x 8,1Mbit,Non-Volatile,-40°C ~ 85°C (TA),,,EEPROM,1.8V ~ 5.5V,5ms
CAT25M01YI-GT3,onsemi,IC EEPROM 1MBIT SPI 10MHZ 8TSSOP,memory,2268,1.29,"8-TSSOP (0.173"", 4.40mm Width)",Surface Mount,Active,,https://www.digikey.com/en/products/detail/onsemi/CAT25M01YI-GT3/4847571,,10 MHz,Not Verified,,EEPROM,SPI,128K x 8,1Mbit,Non-Volatile,-40°C ~ 85°C (TA),,,EEPROM,1.8V ~ 5.5V,5ms
CAT34C02YI-GT5A,onsemi,IC EEPROM 2KBIT I2C 8TSSOP,memory,4350,0.37,"8-TSSOP (0.173"", 4.40mm Width)",Surface Mount,Active,,https://www.digikey.com/en/products/detail/onsemi/CAT34C02YI-GT5A/2271395,900 ns,400 kHz,Not Verified,,EEPROM,I2C,256 x 8,2Kbit,Non-Volatile,-40°C ~ 85°C (TA),,,EEPROM,1.7V ~ 5.5V,5ms
CAT93C66VI-GT3,onsemi,IC EEPROM 4KBIT MICROWIRE 8SOIC,memory,1669,0.48,"8-SOIC (0.154"", 3.90mm Width)",Surface Mount,Active,,https://www.digikey.com/en/products/detail/onsemi/CAT93C66VI-GT3/1631117,,2 MHz,Not Verified,,EEPROM,Microwire,"512 x 8, 256 x 16",4Kbit,Non-Volatile,-40°C ~ 85°C (TA),,,EEPROM,1.8V ~ 5.5V,
CAT93C86VI-GT3,onsemi,IC EEPROM 16KBIT MICROWIRE 8SOIC,memory,3829,0.53,"8-SOIC (0.154"", 3.90mm Width)",Surface Mount,Active,,https://www.digikey.com/en/products/detail/onsemi/CAT93C86VI-GT3/1631120,,3 MHz,Verified,,EEPROM,Microwire,"2K x 8, 1K x 16",16Kbit,Non-Volatile,-40°C ~ 85°C (TA),,,EEPROM,1.8V ~ 5.5V,
CAV24C02WE-GT3,onsemi,IC EEPROM 2KBIT I2C 400KHZ 8SOIC,memory,5499,0.38,"8-SOIC (0.154"", 3.90mm Width)",Surface Mount,Active,,https://www.digikey.com/en/products/detail/onsemi/CAV24C02WE-GT3/2698335,900 ns,400 kHz,Not Verified,Automotive,EEPROM,I2C,256 x 8,2Kbit,Non-Volatile,-40°C ~ 125°C (TA),AEC-Q100,,EEPROM,2.5V ~ 5.5V,5ms
CAV24C256YE-GT3,onsemi,IC EEPROM 256KBIT I2C 8TSSOP,memory,1093,0.82,"8-TSSOP (0.173"", 4.40mm Width)",Surface Mount,Active,,https://www.digikey.com/en/products/detail/onsemi/CAV24C256YE-GT3/4847592,400 ns,1 MHz,Not Verified,Automotive,EEPROM,I2C,32K x 8,256Kbit,Non-Volatile,-40°C ~ 125°C (TA),AEC-Q100,,EEPROM,2.5V ~ 5.5V,5ms
CAV24C32WE-GT3,onsemi,IC EEPROM 32KBIT I2C 8SOIC,memory,11823,0.59,"8-SOIC (0.154"", 3.90mm Width)",Surface Mount,Active,,https://www.digikey.com/en/products/detail/onsemi/CAV24C32WE-GT3/2698339,900 ns,400 kHz,Not Verified,Automotive,EEPROM,I2C,4K x 8,32Kbit,Non-Volatile,-40°C ~ 125°C (TA),AEC-Q100,,EEPROM,2.5V ~ 5.5V,5ms
CAV24M01WE-GT3,onsemi,IC EEPROM 1MBIT I2C 1MHZ 8SOIC,memory,871,1.21,"8-SOIC (0.154"", 3.90mm Width)",Surface Mount,Active,,https://www.digikey.com/en/products/detail/onsemi/CAV24M01WE-GT3/4847595,400 ns,1 MHz,Not Verified,Automotive,EEPROM,I2C,128K x 8,1Mbit,Non-Volatile,-40°C ~ 125°C (TA),AEC-Q100,,EEPROM,2.5V ~ 5.5V,5ms
CAV24M01YE-GT3,onsemi,IC EEPROM 1MBIT I2C 1MHZ 8TSSOP,memory,2953,1.47,"8-TSSOP (0.173"", 4.40mm Width)",Surface Mount,Active,,https://www.digikey.com/en/products/detail/onsemi/CAV24M01YE-GT3/4847596,400 ns,1 MHz,Not Verified,Automotive,EEPROM,I2C,128K x 8,1Mbit,Non-Volatile,-40°C ~ 125°C (TA),AEC-Q100,,EEPROM,2.5V ~ 5.5V,5ms
CAV25256VE-GT3,onsemi,IC EEPROM 256KBIT SPI 8SOIC,memory,2775,1.04,"8-SOIC (0.154"", 3.90mm Width)",Surface Mount,Active,,https://www.digikey.com/en/products/detail/onsemi/CAV25256VE-GT3/4847599,,10 MHz,Not Verified,Automotive,EEPROM,SPI,32K x 8,256Kbit,Non-Volatile,-40°C ~ 125°C (TA),AEC-Q100,,EEPROM,2.5V ~ 5.5V,5ms
CAV25512VE-GT3,onsemi,IC EEPROM 512KBIT SPI 8SOIC,memory,3000,1.07,"8-SOIC (0.154"", 3.90mm Width)",Surface Mount,Active,,https://www.digikey.com/en/products/detail/onsemi/CAV25512VE-GT3/5816940,,10 MHz,Not Verified,Automotive,EEPROM,SPI,64K x 8,512Kbit,Non-Volatile,-40°C ~ 125°C (TA),AEC-Q100,,EEPROM,2.5V ~ 5.5V,5ms
CAV25M01VE-GT3,onsemi,IC EEPROM 1MBIT SPI 10MHZ 8SOIC,memory,4920,1.45,"8-SOIC (0.154"", 3.90mm Width)",Surface Mount,Active,,https://www.digikey.com/en/products/detail/onsemi/CAV25M01VE-GT3/4847601,,10 MHz,Not Verified,Automotive,EEPROM,SPI,128K x 8,1Mbit,Non-Volatile,-40°C ~ 125°C (TA),AEC-Q100,,EEPROM,2.5V ~ 5.5V,5ms
DS2430A+,Analog Devices Inc./Maxim Integrated,IC EEPROM 256BIT 1-WIRE TO92-3,memory,1239,4.52,"TO-226-3, TO-92-3 (TO-226AA)",Through Hole,Not For New Designs,https://www.analog.com/media/en/technical-documentation/data-sheets/ds2430a.pdf,https://www.digikey.com/en/products/detail/analog-devices-inc-maxim-integrated/DS2430A/956996,15 µs,,Not Verified,,EEPROM,1-Wire®,32 x 8,256bit,Non-Volatile,-40°C ~ 85°C (TA),,,EEPROM,,
DS2430A+T&R,Analog Devices Inc./Maxim Integrated,IC EEPROM 256BIT 1-WIRE TO92-3,memory,20917,4.85,"TO-226-3, TO-92-3 (TO-226AA) Formed Leads",Through Hole,Not For New Designs,https://www.analog.com/media/en/technical-documentation/data-sheets/ds2430a.pdf,https://www.digikey.com/en/products/detail/analog-devices-inc-maxim-integrated/DS2430A-T-R/1017812,15 µs,,Not Verified,,EEPROM,1-Wire®,32 x 8,256bit,Non-Volatile,-40°C ~ 85°C (TA),,,EEPROM,,
DS2430AP+,Analog Devices Inc./Maxim Integrated,IC EEPROM 256BIT 1-WIRE 6TSOC,memory,3198,4.61,"6-SMD, J-Lead",Surface Mount,Active,https://www.analog.com/media/en/technical-documentation/data-sheets/ds2430a.pdf,https://www.digikey.com/en/products/detail/analog-devices-inc-maxim-integrated/DS2430AP/956995,15 µs,,Not Verified,,EEPROM,1-Wire®,32 x 8,256bit,Non-Volatile,-40°C ~ 85°C (TA),,,EEPROM,,
DS2430AP+T&R,Analog Devices Inc./Maxim Integrated,IC EEPROM 256BIT 1-WIRE 6TSOC,memory,3355,5.22,"6-SMD, J-Lead",Surface Mount,Active,https://www.analog.com/media/en/technical-documentation/data-sheets/ds2430a.pdf,https://www.digikey.com/en/products/detail/analog-devices-inc-maxim-integrated/DS2430AP-T-R/1018092,15 µs,,Not Verified,,EEPROM,1-Wire®,32 x 8,256bit,Non-Volatile,-40°C ~ 85°C (TA),,,EEPROM,,
DS2431+,Analog Devices Inc./Maxim Integrated,IC EEPROM 1KBIT 1-WIRE TO92-3,memory,29722,2.38,"TO-226-3, TO-92-3 (TO-226AA)",Through Hole,Active,https://www.analog.com/media/en/technical-documentation/data-sheets/ds2431.pdf,https://www.digikey.com/en/products/detail/analog-devices-inc-maxim-integrated/DS2431/1197428,2 µs,,Not Verified,,EEPROM,1-Wire®,256 x 4,1Kbit,Non-Volatile,-40°C ~ 85°C (TA),,,EEPROM,,
DS2431+T&R,Analog Devices Inc./Maxim Integrated,IC EEPROM 1KBIT 1-WIRE TO92-3,memory,9276,2.85,"TO-226-3, TO-92-3 (TO-226AA) Formed Leads",Through Hole,Active,https://www.analog.com/media/en/technical-documentation/data-sheets/ds2431.pdf,https://www.digikey.com/en/products/detail/analog-devices-inc-maxim-integrated/DS2431-T-R/1197429,2 µs,,Not Verified,,EEPROM,1-Wire®,256 x 4,1Kbit,Non-Volatile,-40°C ~ 85°C (TA),,,EEPROM,,
DS2431G+T&R,Analog Devices Inc./Maxim Integrated,IC EEPROM 1KBIT 1-WIRE 2SFN,memory,7505,3.27,2-SFN,Surface Mount,Active,https://www.analog.com/media/en/technical-documentation/data-sheets/ds2431.pdf,https://www.digikey.com/en/products/detail/analog-devices-inc-maxim-integrated/DS2431G-T-R/1769455,2 µs,,Not Verified,,EEPROM,1-Wire®,256 x 4,1Kbit,Non-Volatile,-40°C ~ 85°C (TA),,,EEPROM,,
DS2431GA+T&R,Analog Devices Inc./Maxim Integrated,IC EEPROM 1KBIT 1-WIRE 2SFN,memory,8168,3.16,2-WDFN,Surface Mount,Active,https://www.analog.com/media/en/technical-documentation/data-sheets/ds2431.pdf,https://www.digikey.com/en/products/detail/analog-devices-inc-maxim-integrated/DS2431GA-T-R/3045775,2 µs,,Not Verified,,EEPROM,1-Wire®,256 x 4,1Kbit,Non-Volatile,-40°C ~ 85°C (TA),,,EEPROM,,
DS2431P+,Analog Devices Inc./Maxim Integrated,IC EEPROM 1KBIT 1-WIRE 6TSOC,memory,11986,2.71,"6-SMD, J-Lead",Surface Mount,Active,https://www.analog.com/media/en/technical-documentation/data-sheets/ds2431.pdf,https://www.digikey.com/en/products/detail/analog-devices-inc-maxim-integrated/DS2431P/1197430,2 µs,,Not Verified,,EEPROM,1-Wire®,256 x 4,1Kbit,Non-Volatile,-40°C ~ 85°C (TA),,,EEPROM,,
DS2431P+T&R,Analog Devices Inc./Maxim Integrated,IC EEPROM 1KBIT 1-WIRE 6TSOC,memory,67829,2.85,"6-SMD, J-Lead",Surface Mount,Active,https://www.analog.com/media/en/technical-documentation/data-sheets/ds2431.pdf,https://www.digikey.com/en/products/detail/analog-devices-inc-maxim-integrated/DS2431P-T-R/1197431,2 µs,,Not Verified,,EEPROM,1-Wire®,256 x 4,1Kbit,Non-Volatile,-40°C ~ 85°C (TA),,,EEPROM,,
DS2431P-A1+,Analog Devices Inc./Maxim Integrated,IC EEPROM 1KBIT 1-WIRE 6TSOC,memory,3650,4.87,"6-SMD, J-Lead",Surface Mount,Active,https://www.analog.com/media/en/technical-documentation/data-sheets/ds2431-a1.pdf,https://www.digikey.com/en/products/detail/analog-devices-inc-maxim-integrated/DS2431P-A1/1769210,2 µs,,Not Verified,Automotive,EEPROM,1-Wire®,256 x 4,1Kbit,Non-Volatile,-40°C ~ 125°C (TA),AEC-Q100,,EEPROM,,
DS2431P-A1+T,Analog Devices Inc./Maxim Integrated,IC EEPROM 1KBIT 1-WIRE 6TSOC,memory,3908,6.08,"6-SMD, J-Lead",Surface Mount,Active,https://www.analog.com/media/en/technical-documentation/data-sheets/ds2431-a1.pdf,https://www.digikey.com/en/products/detail/analog-devices-inc-maxim-integrated/DS2431P-A1-T/1769519,2 µs,,Not Verified,Automotive,EEPROM,1-Wire®,256 x 4,1Kbit,Non-Volatile,-40°C ~ 125°C (TA),AEC-Q100,,EEPROM,,
DS2431Q+T&R,Analog Devices Inc./Maxim Integrated,IC EEPROM 1KBIT 1-WIRE 6TDFN,memory,16275,3.97,6-WDFN Exposed Pad,Surface Mount,Active,https://www.analog.com/media/en/technical-documentation/data-sheets/ds2431.pdf,https://www.digikey.com/en/products/detail/analog-devices-inc-maxim-integrated/DS2431Q-T-R/1768299,2 µs,,Not Verified,,EEPROM,1-Wire®,256 x 4,1Kbit,Non-Volatile,-40°C ~ 85°C (TA),,,EEPROM,,
DS2431X-S+,Analog Devices Inc./Maxim Integrated,IC EEPROM 1KBIT 1-WIRE 6UCSPR,memory,47328,2.95,"6-WFBGA, CSPBGA",Surface Mount,Active,https://www.analog.com/media/en/technical-documentation/data-sheets/ds2431.pdf,https://www.digikey.com/en/products/detail/analog-devices-inc-maxim-integrated/DS2431X-S/3739507,2 µs,,Not Verified,,EEPROM,1-Wire®,256 x 4,1Kbit,Non-Volatile,-40°C ~ 85°C (TA),,,EEPROM,,
DS24B33+,Analog Devices Inc./Maxim Integrated,IC EEPROM 4KBIT 1-WIRE TO92-3,memory,10109,4.39,"TO-226-3, TO-92-3 (TO-226AA)",Through Hole,Active,https://www.analog.com/media/en/technical-documentation/data-sheets/ds24b33.pdf,https://www.digikey.com/en/products/detail/analog-devices-inc-maxim-integrated/DS24B33/2650587,2 µs,,Not Verified,,EEPROM,1-Wire®,256 x 16,4Kbit,Non-Volatile,-40°C ~ 85°C (TA),,,EEPROM,2.8V ~ 5.25V,
DS24B33+T&R,Analog Devices Inc./Maxim Integrated,IC EEPROM 4KBIT 1-WIRE TO92-3,memory,5132,5.08,"TO-226-3, TO-92-3 (TO-226AA) Formed Leads",Through Hole,Active,https://www.analog.com/media/en/technical-documentation/data-sheets/ds24b33.pdf,https://www.digikey.com/en/products/detail/analog-devices-inc-maxim-integrated/DS24B33-T-R/2754406,2 µs,,Not Verified,,EEPROM,1-Wire®,256 x 16,4Kbit,Non-Volatile,-40°C ~ 85°C (TA),,,EEPROM,2.8V ~ 5.25V,
DS24B33Q+T&R,Analog Devices Inc./Maxim Integrated,IC EEPROM 4KBIT 1-WIRE 6TDFN,memory,5736,5.19,6-WDFN Exposed Pad,Surface Mount,Active,https://www.analog.com/media/en/technical-documentation/data-sheets/ds24b33.pdf,https://www.digikey.com/en/products/detail/analog-devices-inc-maxim-integrated/DS24B33Q-T-R/3517072,2 µs,,Not Verified,,EEPROM,1-Wire®,256 x 16,4Kbit,Non-Volatile,-40°C ~ 85°C (TA),,,EEPROM,2.8V ~ 5.25V,
DS24B33S+T&R,Analog Devices Inc./Maxim Integrated,IC EEPROM 4KBIT 1-WIRE 8SOIC,memory,13597,5.49,"8-SOIC (0.209"", 5.30mm Width)",Surface Mount,Active,https://www.analog.com/media/en/technical-documentation/data-sheets/ds24b33.pdf,https://www.digikey.com/en/products/detail/analog-devices-inc-maxim-integrated/DS24B33S-T-R/2754407,2 µs,,Not Verified,,EEPROM,1-Wire®,256 x 16,4Kbit,Non-Volatile,-40°C ~ 85°C (TA),,,EEPROM,2.8V ~ 5.25V,
DS28E01P-100+,Analog Devices Inc./Maxim Integrated,IC EEPROM 1KBIT 1-WIRE 6TSOC,memory,2434,2.82,"6-SMD, J-Lead",Surface Mount,Active,https://www.analog.com/media/en/technical-documentation/data-sheets/ds28e01-100.pdf,https://www.digikey.com/en/products/detail/analog-devices-inc-maxim-integrated/DS28E01P-100/5396358,2 µs,,Not Verified,,EEPROM,1-Wire®,256 x 4,1Kbit,Non-Volatile,-40°C ~ 85°C (TA),,,EEPROM,2.85V ~ 5.25V,
DS28E01P-100+T,Analog Devices Inc./Maxim Integrated,IC EEPROM 1KBIT 1-WIRE 6TSOC,memory,3597,3.53,"6-SMD, J-Lead",Surface Mount,Active,https://www.analog.com/media/en/technical-documentation/data-sheets/ds28e01-100.pdf,https://www.digikey.com/en/products/detail/analog-devices-inc-maxim-integrated/DS28E01P-100-T/5396359,2 µs,,Not Verified,,EEPROM,1-Wire®,256 x 4,1Kbit,Non-Volatile,-40°C ~ 85°C (TA),,,EEPROM,2.85V ~ 5.25V,
DS28E04S-100+,Analog Devices Inc./Maxim Integrated,IC EEPROM 4KBIT 1-WIRE 16SOIC,memory,1184,7.15,"16-SOIC (0.154"", 3.90mm Width)",Surface Mount,Active,https://www.analog.com/media/en/technical-documentation/data-sheets/ds28e04-100.pdf,https://www.digikey.com/en/products/detail/analog-devices-inc-maxim-integrated/DS28E04S-100/1197556,2 µs,,Not Verified,,EEPROM,1-Wire®,256 x 16,4Kbit,Non-Volatile,-40°C ~ 85°C (TA),,,EEPROM,,
DS28E04S-100+T,Analog Devices Inc./Maxim Integrated,IC EEPROM 4KBIT 1-WIRE 16SOIC,memory,6539,8.94,"16-SOIC (0.154"", 3.90mm Width)",Surface Mount,Active,https://www.analog.com/media/en/technical-documentation/data-sheets/ds28e04-100.pdf,https://www.digikey.com/en/products/detail/analog-devices-inc-maxim-integrated/DS28E04S-100-T/1197557,2 µs,,Not Verified,,EEPROM,1-Wire®,256 x 16,4Kbit,Non-Volatile,-40°C ~ 85°C (TA),,,EEPROM,,
DS28E05P+,Analog Devices Inc./Maxim Integrated,IC EEPROM 896BIT 1-WIRE 6TSOC,memory,3778,1.24,"6-SMD, J-Lead",Surface Mount,Active,https://www.analog.com/media/en/technical-documentation/data-sheets/DS28E05.pdf,https://www.digikey.com/en/products/detail/analog-devices-inc-maxim-integrated/DS28E05P/3877429,2 µs,,Not Verified,,EEPROM,1-Wire®,112 x 8,896bit,Non-Volatile,-40°C ~ 85°C (TA),,,EEPROM,1.7V ~ 3.6V,
DS28E05P+T,Analog Devices Inc./Maxim Integrated,IC EEPROM 896BIT 1-WIRE 6TSOC,memory,3896,1.55,"6-SMD, J-Lead",Surface Mount,Active,https://www.analog.com/media/en/technical-documentation/data-sheets/DS28E05.pdf,https://www.digikey.com/en/products/detail/analog-devices-inc-maxim-integrated/DS28E05P-T/3877473,2 µs,,Not Verified,,EEPROM,1-Wire®,112 x 8,896bit,Non-Volatile,-40°C ~ 85°C (TA),,,EEPROM,1.7V ~ 3.6V,
DS28E05R+T,Analog Devices Inc./Maxim Integrated,IC EEPROM 896BIT 1-WIRE SOT23-3,memory,38072,1.55,"TO-236-3, SC-59, SOT-23-3",Surface Mount,Active,https://www.analog.com/media/en/technical-documentation/data-sheets/DS28E05.pdf,https://www.digikey.com/en/products/detail/analog-devices-inc-maxim-integrated/DS28E05R-T/3975551,2 µs,,Not Verified,,EEPROM,1-Wire®,112 x 8,896bit,Non-Volatile,-40°C ~ 85°C (TA),,,EEPROM,1.7V ~ 3.6V,
DS28E05X-S+T,Analog Devices Inc./Maxim Integrated,IC EEPROM 896BIT 1-WIRE 4WLP,memory,5284,1.11,"4-XFBGA, WLBGA",Surface Mount,Active,https://www.analog.com/media/en/technical-documentation/data-sheets/DS28E05.pdf,https://www.digikey.com/en/products/detail/analog-devices-inc-maxim-integrated/DS28E05X-S-T/11485870,,,Not Verified,,EEPROM,1-Wire®,112 x 8,896bit,Non-Volatile,-40°C ~ 85°C (TA),,,EEPROM,1.71V ~ 3.63V,
DS28E07+,Analog Devices Inc./Maxim Integrated,IC EEPROM 1KBIT 1-WIRE TO92-3,memory,11448,1.53,"TO-226-3, TO-92-3 (TO-226AA)",Through Hole,Active,https://www.analog.com/media/en/technical-documentation/data-sheets/DS28E07.pdf,https://www.digikey.com/en/products/detail/analog-devices-inc-maxim-integrated/DS28E07/5396362,2 µs,,Not Verified,,EEPROM,1-Wire®,256 x 4,1Kbit,Non-Volatile,-40°C ~ 85°C (TA),,,EEPROM,3V ~ 5.25V,
DS28E07+T,Analog Devices Inc./Maxim Integrated,IC EEPROM 1KBIT 1-WIRE TO92-3,memory,4898,1.91,"TO-226-3, TO-92-3 (TO-226AA) Formed Leads",Through Hole,Active,https://www.analog.com/media/en/technical-documentation/data-sheets/DS28E07.pdf,https://www.digikey.com/en/products/detail/analog-devices-inc-maxim-integrated/DS28E07-T/5396363,2 µs,,Not Verified,,EEPROM,1-Wire®,256 x 4,1Kbit,Non-Volatile,-40°C ~ 85°C (TA),,,EEPROM,3V ~ 5.25V,
DS28E07P+,Analog Devices Inc./Maxim Integrated,IC EEPROM 1KBIT 1-WIRE 6TSOC,memory,14127,1.53,"6-SMD, J-Lead",Surface Mount,Active,https://www.analog.com/media/en/technical-documentation/data-sheets/DS28E07.pdf,https://www.digikey.com/en/products/detail/analog-devices-inc-maxim-integrated/DS28E07P/5396364,2 µs,,Not Verified,,EEPROM,1-Wire®,256 x 4,1Kbit,Non-Volatile,-40°C ~ 85°C (TA),,,EEPROM,3V ~ 5.25V,
DS28E07P+T,Analog Devices Inc./Maxim Integrated,IC EEPROM 1KBIT 1-WIRE 6TSOC,memory,18209,1.91,"6-SMD, J-Lead",Surface Mount,Active,https://www.analog.com/media/en/technical-documentation/data-sheets/DS28E07.pdf,https://www.digikey.com/en/products/detail/analog-devices-inc-maxim-integrated/DS28E07P-T/5396365,2 µs,,Not Verified,,EEPROM,1-Wire®,256 x 4,1Kbit,Non-Volatile,-40°C ~ 85°C (TA),,,EEPROM,3V ~ 5.25V,
DS28E07Q+T,Analog Devices Inc./Maxim Integrated,IC EEPROM 1KBIT 1-WIRE 6TDFN,memory,12960,2.1,6-WDFN Exposed Pad,Surface Mount,Active,https://www.analog.com/media/en/technical-documentation/data-sheets/DS28E07.pdf,https://www.digikey.com/en/products/detail/analog-devices-inc-maxim-integrated/DS28E07Q-T/5396366,2 µs,,Not Verified,,EEPROM,1-Wire®,256 x 4,1Kbit,Non-Volatile,-40°C ~ 85°C (TA),,,EEPROM,3V ~ 5.25V,
DS28E80Q+T,Analog Devices Inc./Maxim Integrated,IC EEPROM 2KBIT 1-WIRE 6TDFN,memory,1185,2.99,6-WDFN Exposed Pad,Surface Mount,Active,https://www.analog.com/media/en/technical-documentation/data-sheets/ds28e80.pdf,https://www.digikey.com/en/products/detail/analog-devices-inc-maxim-integrated/DS28E80Q-T/5086310,2 µs,,Not Verified,,EEPROM,1-Wire®,2K x 1,2Kbit,Non-Volatile,-40°C ~ 85°C (TA),,,EEPROM,2.97V ~ 3.63V,
DS28EC20+,Analog Devices Inc./Maxim Integrated,IC EEPROM 20KBIT 1-WIRE TO92-3,memory,2675,4.36,"TO-226-3, TO-92-3 (TO-226AA)",Through Hole,Active,https://www.analog.com/media/en/technical-documentation/data-sheets/DS28EC20.pdf,https://www.digikey.com/en/products/detail/analog-devices-inc-maxim-integrated/DS28EC20/1769375,,,Not Verified,,EEPROM,1-Wire®,256 x 80,20Kbit,Non-Volatile,-40°C ~ 85°C (TA),,,EEPROM,,
DS28EC20+T,Analog Devices Inc./Maxim Integrated,IC EEPROM 20KBIT 1-WIRE TO92-3,memory,2318,5.44,"TO-226-3, TO-92-3 (TO-226AA) Formed Leads",Through Hole,Active,https://www.analog.com/media/en/technical-documentation/data-sheets/DS28EC20.pdf,https://www.digikey.com/en/products/detail/analog-devices-inc-maxim-integrated/DS28EC20-T/1768308,,,Not Verified,,EEPROM,1-Wire®,256 x 80,20Kbit,Non-Volatile,-40°C ~ 85°C (TA),,,EEPROM,,
DS28EC20P+,Analog Devices Inc./Maxim Integrated,IC EEPROM 20KBIT 1-WIRE 6TSOC,memory,3856,4.34,"6-SMD, J-Lead",Surface Mount,Active,https://www.analog.com/media/en/technical-documentation/data-sheets/DS28EC20.pdf,https://www.digikey.com/en/products/detail/analog-devices-inc-maxim-integrated/DS28EC20P/1768306,,,Not Verified,,EEPROM,1-Wire®,256 x 80,20Kbit,Non-Volatile,-40°C ~ 85°C (TA),,,EEPROM,,
DS28EC20P+T,Analog Devices Inc./Maxim Integrated,IC EEPROM 20KBIT 1-WIRE 6TSOC,memory,22536,5.42,"6-SMD, J-Lead",Surface Mount,Active,https://www.analog.com/media/en/technical-documentation/data-sheets/DS28EC20.pdf,https://www.digikey.com/en/products/detail/analog-devices-inc-maxim-integrated/DS28EC20P-T/1768307,,,Not Verified,,EEPROM,1-Wire®,256 x 80,20Kbit,Non-Volatile,-40°C ~ 85°C (TA),,,EEPROM,,
DS28EC20Q+T,Analog Devices Inc./Maxim Integrated,IC EEPROM 20KBIT 1-WIRE 6TDFN,memory,19483,4.94,6-WDFN Exposed Pad,Surface Mount,Active,https://www.analog.com/media/en/technical-documentation/data-sheets/DS28EC20.pdf,https://www.digikey.com/en/products/detail/analog-devices-inc-maxim-integrated/DS28EC20Q-T/9833406,,,Not Verified,,EEPROM,1-Wire®,256 x 80,20Kbit,Non-Volatile,-40°C ~ 85°C (TA),,,EEPROM,,
M24128-BFMC6TG,STMicroelectronics,IC EEPROM 128KBIT I2C 8UFDFPN,memory,2687,0.53,8-UFDFN Exposed Pad,Surface Mount,Active,https://www.st.com/content/ccc/resource/technical/document/datasheet/59/05/c9/5b/7b/41/48/b6/CD00259167.pdf/files/CD00259167.pdf/jcr:content/translations/en.CD00259167.pdf,https://www.digikey.com/en/products/detail/stmicroelectronics/M24128-BFMC6TG/3455570,450 ns,1 MHz,Not Verified,,EEPROM,I2C,16K x 8,128Kbit,Non-Volatile,-40°C ~ 85°C (TA),,,EEPROM,1.7V ~ 5.5V,5ms
M24128-BFMH6TG,STMicroelectronics,IC EEPROM 128KBIT I2C 5UFDFPN,memory,82254,0.42,5-UFDFN,Surface Mount,Active,https://www.st.com/content/ccc/resource/technical/document/datasheet/59/05/c9/5b/7b/41/48/b6/CD00259167.pdf/files/CD00259167.pdf/jcr:content/translations/en.CD00259167.pdf,https://www.digikey.com/en/products/detail/stmicroelectronics/M24128-BFMH6TG/7348330,450 ns,1 MHz,Not Verified,,EEPROM,I2C,16K x 8,128Kbit,Non-Volatile,-40°C ~ 85°C (TA),,,EEPROM,1.7V ~ 5.5V,5ms
M24128-BRDW6TP,STMicroelectronics,IC EEPROM 128KBIT I2C 8TSSOP,memory,6750,0.44,"8-TSSOP (0.173"", 4.40mm Width)",Surface Mount,Active,https://www.st.com/content/ccc/resource/technical/document/datasheet/59/05/c9/5b/7b/41/48/b6/CD00259167.pdf/files/CD00259167.pdf/jcr:content/translations/en.CD00259167.pdf,https://www.digikey.com/en/products/detail/stmicroelectronics/M24128-BRDW6TP/1663538,450 ns,1 MHz,Verified,,EEPROM,I2C,16K x 8,128Kbit,Non-Volatile,-40°C ~ 85°C (TA),,,EEPROM,1.8V ~ 5.5V,5ms
M24128-BRMN6TP,STMicroelectronics,IC EEPROM 128KBIT I2C 8SOIC,memory,4801,0.43,"8-SOIC (0.154"", 3.90mm Width)",Surface Mount,Active,https://www.st.com/content/ccc/resource/technical/document/datasheet/59/05/c9/5b/7b/41/48/b6/CD00259167.pdf/files/CD00259167.pdf/jcr:content/translations/en.CD00259167.pdf,https://www.digikey.com/en/products/detail/stmicroelectronics/M24128-BRMN6TP/1663539,450 ns,1 MHz,Verified,,EEPROM,I2C,16K x 8,128Kbit,Non-Volatile,-40°C ~ 85°C (TA),,,EEPROM,1.8V ~ 5.5V,5ms
M24128-DRDW3TP/K,STMicroelectronics,IC EEPROM 128KBIT I2C 8TSSOP,memory,7015,1.35,"8-TSSOP (0.173"", 4.40mm Width)",Surface Mount,Active,https://www.st.com/content/ccc/resource/technical/document/datasheet/fe/87/0f/11/24/64/42/6a/DM00068315.pdf/files/DM00068315.pdf/jcr:content/translations/en.DM00068315.pdf,https://www.digikey.com/en/products/detail/stmicroelectronics/M24128-DRDW3TP-K/4729222,450 ns,1 MHz,Not Verified,Automotive,EEPROM,I2C,16K x 8,128Kbit,Non-Volatile,-40°C ~ 125°C (TA),AEC-Q100,,EEPROM,1.8V ~ 5.5V,4ms
M24128-DRDW8TP/K,STMicroelectronics,IC EEPROM 128KBIT I2C 8TSSOP,memory,14417,0.72,"8-TSSOP (0.173"", 4.40mm Width)",Surface Mount,Active,https://www.st.com/content/ccc/resource/technical/document/datasheet/5c/f3/4b/70/8e/63/48/95/DM00149696.pdf/files/DM00149696.pdf/jcr:content/translations/en.DM00149696.pdf,https://www.digikey.com/en/products/detail/stmicroelectronics/M24128-DRDW8TP-K/5175386,450 ns,1 MHz,Not Verified,Automotive,EEPROM,I2C,16K x 8,128Kbit,Non-Volatile,-40°C ~ 105°C (TA),AEC-Q100,,EEPROM,1.8V ~ 5.5V,4ms
M24128-DRMF3TG/K,STMicroelectronics,IC EEPROM 128KBIT I2C 8UFDFPN,memory,2086,1.22,8-UFDFN Exposed Pad,Surface Mount,Active,https://www.st.com/resource/en/datasheet/m24128-a125.pdf,https://www.digikey.com/en/products/detail/stmicroelectronics/M24128-DRMF3TG-K/5175404,450 ns,1 MHz,Not Verified,Automotive,EEPROM,I2C,16K x 8,128Kbit,Non-Volatile,-40°C ~ 125°C (TA),AEC-Q100,,EEPROM,1.8V ~ 5.5V,4ms
M24128-DRMN3TP/K,STMicroelectronics,IC EEPROM 128KBIT I2C 8SOIC,memory,19030,1.13,"8-SOIC (0.154"", 3.90mm Width)",Surface Mount,Active,https://www.st.com/content/ccc/resource/technical/document/datasheet/fe/87/0f/11/24/64/42/6a/DM00068315.pdf/files/DM00068315.pdf/jcr:content/translations/en.DM00068315.pdf,https://www.digikey.com/en/products/detail/stmicroelectronics/M24128-DRMN3TP-K/4729223,450 ns,1 MHz,Not Verified,Automotive,EEPROM,I2C,16K x 8,128Kbit,Non-Volatile,-40°C ~ 125°C (TA),AEC-Q100,,EEPROM,1.8V ~ 5.5V,4ms
M24128X-FCU6T/TF,STMicroelectronics,IC EEPROM 128KBIT I2C 4WLCSP,memory,18065,0.63,"4-XFBGA, WLCSP",Surface Mount,Active,https://www.st.com/resource/en/datasheet/m24128x-fcu.pdf,https://www.digikey.com/en/products/detail/stmicroelectronics/M24128X-FCU6T-TF/13540413,650 ns,1 MHz,Not Verified,,EEPROM,I2C,16K x 8,128Kbit,Non-Volatile,-40°C ~ 85°C (TA),,,EEPROM,1.7V ~ 5.5V,5ms
M24256-BFMC6TG,STMicroelectronics,IC EEPROM 256KBIT I2C 8UFDFPN,memory,34283,0.6,8-UFDFN Exposed Pad,Surface Mount,Active,https://www.st.com/content/ccc/resource/technical/document/datasheet/b6/38/3e/3f/fe/a6/48/c2/CD00001891.pdf/files/CD00001891.pdf/jcr:content/translations/en.CD00001891.pdf,https://www.digikey.com/en/products/detail/stmicroelectronics/M24256-BFMC6TG/3455572,450 ns,1 MHz,Not Verified,,EEPROM,I2C,32K x 8,256Kbit,Non-Volatile,-40°C ~ 85°C (TA),,,EEPROM,1.7V ~ 5.5V,5ms
M24256-BRDW6TP,STMicroelectronics,IC EEPROM 256KBIT I2C 8TSSOP,memory,19128,0.5,"8-TSSOP (0.173"", 4.40mm Width)",Surface Mount,Not For New Designs,https://www.st.com/content/ccc/resource/technical/document/datasheet/b6/38/3e/3f/fe/a6/48/c2/CD00001891.pdf/files/CD00001891.pdf/jcr:content/translations/en.CD00001891.pdf,https://www.digikey.com/en/products/detail/stmicroelectronics/M24256-BRDW6TP/1827915,450 ns,1 MHz,Not Verified,,EEPROM,I2C,32K x 8,256Kbit,Non-Volatile,-40°C ~ 85°C (TA),,,EEPROM,1.8V ~ 5.5V,5ms
M24256-BRMN6TP,STMicroelectronics,IC EEPROM 256KBIT I2C 1MHZ 8SOIC,memory,12363,0.47,"8-SOIC (0.154"", 3.90mm Width)",Surface Mount,Active,https://www.st.com/content/ccc/resource/technical/document/datasheet/b6/38/3e/3f/fe/a6/48/c2/CD00001891.pdf/files/CD00001891.pdf/jcr:content/translations/en.CD00001891.pdf,https://www.digikey.com/en/products/detail/stmicroelectronics/M24256-BRMN6TP/1827916,450 ns,1 MHz,Verified,,EEPROM,I2C,32K x 8,256Kbit,Non-Volatile,-40°C ~ 85°C (TA),,,EEPROM,1.8V ~ 5.5V,5ms
M24256-BWMN6P,STMicroelectronics,IC EEPROM 256KBIT I2C 1MHZ 8SOIC,memory,3652,0.56,"8-SOIC (0.154"", 3.90mm Width)",Surface Mount,Not For New Designs,https://www.st.com/content/ccc/resource/technical/document/datasheet/b6/38/3e/3f/fe/a6/48/c2/CD00001891.pdf/files/CD00001891.pdf/jcr:content/translations/en.CD00001891.pdf,https://www.digikey.com/en/products/detail/stmicroelectronics/M24256-BWMN6P/1663543,450 ns,1 MHz,Not Verified,,EEPROM,I2C,32K x 8,256Kbit,Non-Volatile,-40°C ~ 85°C (TA),,,EEPROM,2.5V ~ 5.5V,5ms
M24256-BWMN6TP,STMicroelectronics,IC EEPROM 256KBIT I2C 1MHZ 8SOIC,memory,2594,0.47,"8-SOIC (0.154"", 3.90mm Width)",Surface Mount,Not For New Designs,https://www.st.com/content/ccc/resource/technical/document/datasheet/b6/38/3e/3f/fe/a6/48/c2/CD00001891.pdf/files/CD00001891.pdf/jcr:content/translations/en.CD00001891.pdf,https://www.digikey.com/en/products/detail/stmicroelectronics/M24256-BWMN6TP/1663544,450 ns,1 MHz,Not Verified,,EEPROM,I2C,32K x 8,256Kbit,Non-Volatile,-40°C ~ 85°C (TA),,,EEPROM,2.5V ~ 5.5V,5ms
M24256-DFDW6TP,STMicroelectronics,IC EEPROM 256KBIT I2C 8TSSOP,memory,3745,0.53,"8-TSSOP (0.173"", 4.40mm Width)",Surface Mount,Active,https://www.st.com/content/ccc/resource/technical/document/datasheet/b6/38/3e/3f/fe/a6/48/c2/CD00001891.pdf/files/CD00001891.pdf/jcr:content/translations/en.CD00001891.pdf,https://www.digikey.com/en/products/detail/stmicroelectronics/M24256-DFDW6TP/4357378,450 ns,400 kHz,Not Verified,,EEPROM,I2C,32K x 8,256Kbit,Non-Volatile,-40°C ~ 85°C (TA),,,EEPROM,1.7V ~ 5.5V,5ms
M24256-DFMC6TG,STMicroelectronics,IC EEPROM 256KBIT I2C 8UFDFPN,memory,51994,0.61,8-UFDFN Exposed Pad,Surface Mount,Active,https://www.st.com/content/ccc/resource/technical/document/datasheet/b6/38/3e/3f/fe/a6/48/c2/CD00001891.pdf/files/CD00001891.pdf/jcr:content/translations/en.CD00001891.pdf,https://www.digikey.com/en/products/detail/stmicroelectronics/M24256-DFMC6TG/4729276,450 ns,1 MHz,Not Verified,,EEPROM,I2C,32K x 8,256Kbit,Non-Volatile,-40°C ~ 85°C (TA),,,EEPROM,1.7V ~ 5.5V,5ms
M24256-DFMN6TP,STMicroelectronics,IC EEPROM 256KBIT I2C 1MHZ 8SOIC,memory,5828,0.49,"8-SOIC (0.154"", 3.90mm Width)",Surface Mount,Active,https://www.st.com/content/ccc/resource/technical/document/datasheet/b6/38/3e/3f/fe/a6/48/c2/CD00001891.pdf/files/CD00001891.pdf/jcr:content/translations/en.CD00001891.pdf,https://www.digikey.com/en/products/detail/stmicroelectronics/M24256-DFMN6TP/4357379,450 ns,1 MHz,Not Verified,,EEPROM,I2C,32K x 8,256Kbit,Non-Volatile,-40°C ~ 85°C (TA),,,EEPROM,1.7V ~ 5.5V,5ms
M24256-DRDW3TP/K,STMicroelectronics,IC EEPROM 256KBIT I2C 8TSSOP,memory,18745,1.42,"8-TSSOP (0.173"", 4.40mm Width)",Surface Mount,Active,https://www.st.com/content/ccc/resource/technical/document/datasheet/b6/38/3e/3f/fe/a6/48/c2/CD00001891.pdf/files/CD00001891.pdf/jcr:content/translations/en.CD00001891.pdf,https://www.digikey.com/en/products/detail/stmicroelectronics/M24256-DRDW3TP-K/4729224,450 ns,1 MHz,Not Verified,Automotive,EEPROM,I2C,32K x 8,256Kbit,Non-Volatile,-40°C ~ 125°C (TA),AEC-Q100,,EEPROM,1.8V ~ 5.5V,5ms
M24256-DRDW8TP/K,STMicroelectronics,IC EEPROM 256KBIT I2C 8TSSOP,memory,5143,0.68,"8-TSSOP (0.173"", 4.40mm Width)",Surface Mount,Active,https://www.st.com/content/ccc/resource/technical/document/datasheet/41/95/ac/60/5d/af/47/80/DM00157641.pdf/files/DM00157641.pdf/jcr:content/translations/en.DM00157641.pdf,https://www.digikey.com/en/products/detail/stmicroelectronics/M24256-DRDW8TP-K/5175388,450 ns,1 MHz,Not Verified,Automotive,EEPROM,I2C,32K x 8,256Kbit,Non-Volatile,-40°C ~ 105°C (TA),AEC-Q100,,EEPROM,1.8V ~ 5.5V,5ms
M24256-DRMF3TG/K,STMicroelectronics,IC EEPROM 256KBIT I2C 1MHZ 8MLP,memory,11708,1.44,8-WFDFN Exposed Pad,Surface Mount,Active,https://www.st.com/content/ccc/resource/technical/document/datasheet/a7/9b/dd/87/57/59/41/8c/DM00061669.pdf/files/DM00061669.pdf/jcr:content/translations/en.DM00061669.pdf,https://www.digikey.com/en/products/detail/stmicroelectronics/M24256-DRMF3TG-K/5175405,450 ns,1 MHz,Not Verified,Automotive,EEPROM,I2C,32K x 8,256Kbit,Non-Volatile,-40°C ~ 125°C (TA),AEC-Q100,,EEPROM,1.8V ~ 5.5V,5ms
M24256-DRMN3TP/K,STMicroelectronics,IC EEPROM 256KBIT I2C 1MHZ 8SOIC,memory,7480,1.42,"8-SOIC (0.154"", 3.90mm Width)",Surface Mount,Active,https://www.st.com/content/ccc/resource/technical/document/datasheet/b6/38/3e/3f/fe/a6/48/c2/CD00001891.pdf/files/CD00001891.pdf/jcr:content/translations/en.CD00001891.pdf,https://www.digikey.com/en/products/detail/stmicroelectronics/M24256-DRMN3TP-K/4729225,450 ns,1 MHz,Not Verified,Automotive,EEPROM,I2C,32K x 8,256Kbit,Non-Volatile,-40°C ~ 125°C (TA),AEC-Q100,,EEPROM,1.8V ~ 5.5V,5ms
M24256-DRMN8TP/K,STMicroelectronics,IC EEPROM 256KBIT I2C 1MHZ 8SOIC,memory,11556,0.65,"8-SOIC (0.154"", 3.90mm Width)",Surface Mount,Active,https://www.st.com/content/ccc/resource/technical/document/datasheet/41/95/ac/60/5d/af/47/80/DM00157641.pdf/files/DM00157641.pdf/jcr:content/translations/en.DM00157641.pdf,https://www.digikey.com/en/products/detail/stmicroelectronics/M24256-DRMN8TP-K/5175389,450 ns,1 MHz,Not Verified,Automotive,EEPROM,I2C,32K x 8,256Kbit,Non-Volatile,-40°C ~ 105°C (TA),AEC-Q100,,EEPROM,1.8V ~ 5.5V,5ms
M24256E-FDW6TP,STMicroelectronics,IC EEPROM 256KBIT I2C 8TSSOP,memory,4087,0.35,"8-TSSOP (0.173"", 4.40mm Width)",Surface Mount,Active,https://www.st.com/resource/en/datasheet/m24256e-f.pdf,https://www.digikey.com/en/products/detail/stmicroelectronics/M24256E-FDW6TP/20686459,450 ns,1 MHz,,Automotive,EEPROM,I2C,32K x 8,256Kbit,Non-Volatile,-40°C ~ 85°C (TA),AEC-Q100,,EEPROM,1.6V ~ 5.5V,5ms
M24256E-FMC6TG,STMicroelectronics,256-KBIT SERIAL I2C BUS EEPROM W,memory,5223,0.4,8-UFDFN Exposed Pad,Surface Mount,Active,https://www.st.com/resource/en/datasheet/m24256e-f.pdf,https://www.digikey.com/en/products/detail/stmicroelectronics/M24256E-FMC6TG/25550861,450 ns,1 MHz,,,EEPROM,I2C,32K x 8,256Kbit,Non-Volatile,-40°C ~ 85°C (TA),,,EEPROM,1.6V ~ 5.5V,5ms
M24256E-FMH6TG,STMicroelectronics,IC EEPROM 256KBIT I2C 5UFDFN,memory,3585,0.37,5-UFDFN,Surface Mount,Active,https://www.st.com/resource/en/datasheet/m24256e-f.pdf,https://www.digikey.com/en/products/detail/stmicroelectronics/M24256E-FMH6TG/19188341,450 ns,1 MHz,,Automotive,EEPROM,I2C,32K x 8,256Kbit,Non-Volatile,-40°C ~ 85°C (TA),AEC-Q100,,EEPROM,1.6V ~ 5.5V,5ms
M24256E-FMN6TP,STMicroelectronics,IC EEPROM 256KBIT I2C 1MHZ 8SO,memory,9401,0.29,"8-SOIC (0.154"", 3.90mm Width)",Surface Mount,Active,https://www.st.com/resource/en/datasheet/m24256e-f.pdf,https://www.digikey.com/en/products/detail/stmicroelectronics/M24256E-FMN6TP/16582582,450 ns,1 MHz,Not Verified,,EEPROM,I2C,32K x 8,256Kbit,Non-Volatile,-40°C ~ 85°C (TA),,,EEPROM,1.6V ~ 5.5V,5ms
M24256X-FCU6T/VF,STMicroelectronics,IC EEPROM 256KBIT I2C 4WLCSP,memory,14761,0.58,"4-XFBGA, WLCSP",Surface Mount,Active,https://www.st.com/content/ccc/resource/technical/document/datasheet/group3/67/e4/54/0e/56/46/4e/3e/DM00451470/files/DM00451470.pdf/jcr:content/translations/en.DM00451470.pdf,https://www.digikey.com/en/products/detail/stmicroelectronics/M24256X-FCU6T-VF/15276429,900 ns,1 MHz,Not Verified,Automotive,EEPROM,I2C,32K x 8,256Kbit,Non-Volatile,-40°C ~ 85°C (TA),AEC-Q101,,EEPROM,1.6V ~ 3.6V,5ms
M24512-DFCS6TP/K,STMicroelectronics,IC EEPROM 512KBIT I2C 8WLCSP,memory,2106,1.25,"8-WFBGA, WLCSP",Surface Mount,Active,https://www.st.com/content/ccc/resource/technical/document/datasheet/e0/4c/87/45/e8/bd/4f/11/CD00251873.pdf/files/CD00251873.pdf/jcr:content/translations/en.CD00251873.pdf,https://www.digikey.com/en/products/detail/stmicroelectronics/M24512-DFCS6TP-K/3946171,500 ns,1 MHz,Not Verified,,EEPROM,I2C,64K x 8,512Kbit,Non-Volatile,-40°C ~ 85°C (TA),,,EEPROM,1.7V ~ 5.5V,5ms
M24512-DFMC6TG,STMicroelectronics,IC EEPROM 512KBIT I2C 8UFDFPN,memory,1799,1.12,8-UFDFN Exposed Pad,Surface Mount,Not For New Designs,https://www.st.com/content/ccc/resource/technical/document/datasheet/e0/4c/87/45/e8/bd/4f/11/CD00251873.pdf/files/CD00251873.pdf/jcr:content/translations/en.CD00251873.pdf,https://www.digikey.com/en/products/detail/stmicroelectronics/M24512-DFMC6TG/4357381,500 ns,1 MHz,Not Verified,,EEPROM,I2C,64K x 8,512Kbit,Non-Volatile,-40°C ~ 85°C (TA),,,EEPROM,1.7V ~ 5.5V,5ms
M24512-DFMN6TP,STMicroelectronics,IC EEPROM 512KBIT I2C 1MHZ 8SOIC,memory,5727,0.92,"8-SOIC (0.154"", 3.90mm Width)",Surface Mount,Active,https://www.st.com/content/ccc/resource/technical/document/datasheet/e0/4c/87/45/e8/bd/4f/11/CD00251873.pdf/files/CD00251873.pdf/jcr:content/translations/en.CD00251873.pdf,https://www.digikey.com/en/products/detail/stmicroelectronics/M24512-DFMN6TP/4357382,500 ns,1 MHz,Not Verified,,EEPROM,I2C,64K x 8,512Kbit,Non-Volatile,-40°C ~ 85°C (TA),,,EEPROM,1.7V ~ 5.5V,5ms
M24512-DRDW3TP/K,STMicroelectronics,IC EEPROM 512KBIT I2C 8TSSOP,memory,15602,1.93,"8-TSSOP (0.173"", 4.40mm Width)",Surface Mount,Active,https://www.st.com/content/ccc/resource/technical/document/datasheet/group3/dc/d3/8f/e4/f0/96/45/63/DM00061672/files/DM00061672.pdf/jcr:content/translations/en.DM00061672.pdf,https://www.digikey.com/en/products/detail/stmicroelectronics/M24512-DRDW3TP-K/4729226,450 ns,1 MHz,Not Verified,Automotive,EEPROM,I2C,64K x 8,512Kbit,Non-Volatile,-40°C ~ 125°C (TA),AEC-Q100,,EEPROM,1.8V ~ 5.5V,4ms
M24512-DRDW8TP/K,STMicroelectronics,IC EEPROM 512KBIT I2C 8TSSOP,memory,22089,1.29,"8-TSSOP (0.173"", 4.40mm Width)",Surface Mount,Active,https://www.st.com/content/ccc/resource/technical/document/datasheet/9f/b1/6f/6d/89/91/4b/b5/DM00149697.pdf/files/DM00149697.pdf/jcr:content/translations/en.DM00149697.pdf,https://www.digikey.com/en/products/detail/stmicroelectronics/M24512-DRDW8TP-K/5175390,450 ns,1 MHz,Not Verified,Automotive,EEPROM,I2C,64K x 8,512Kbit,Non-Volatile,-40°C ~ 105°C (TA),AEC-Q100,,EEPROM,1.8V ~ 5.5V,4ms
M24512-DRMF3TG/K,STMicroelectronics,IC EEPROM 512KBIT I2C 1MHZ 8MLP,memory,75353,1.96,8-WFDFN Exposed Pad,Surface Mount,Active,https://www.st.com/content/ccc/resource/technical/document/datasheet/group3/dc/d3/8f/e4/f0/96/45/63/DM00061672/files/DM00061672.pdf/jcr:content/translations/en.DM00061672.pdf,https://www.digikey.com/en/products/detail/stmicroelectronics/M24512-DRMF3TG-K/5175406,450 ns,1 MHz,Not Verified,Automotive,EEPROM,I2C,64K x 8,512Kbit,Non-Volatile,-40°C ~ 125°C (TA),AEC-Q100,,EEPROM,1.8V ~ 5.5V,4ms
M24512-DRMN3TP/K,STMicroelectronics,IC EEPROM 512KBIT I2C 1MHZ 8SOIC,memory,9925,1.94,"8-SOIC (0.154"", 3.90mm Width)",Surface Mount,Active,https://www.st.com/content/ccc/resource/technical/document/datasheet/group3/dc/d3/8f/e4/f0/96/45/63/DM00061672/files/DM00061672.pdf/jcr:content/translations/en.DM00061672.pdf,https://www.digikey.com/en/products/detail/stmicroelectronics/M24512-DRMN3TP-K/4729227,450 ns,1 MHz,Not Verified,Automotive,EEPROM,I2C,64K x 8,512Kbit,Non-Volatile,-40°C ~ 125°C (TA),AEC-Q100,,EEPROM,1.8V ~ 5.5V,4ms
M24512-DRMN8TP/K,STMicroelectronics,IC EEPROM 512KBIT I2C 1MHZ 8SOIC,memory,13063,0.98,"8-SOIC (0.154"", 3.90mm Width)",Surface Mount,Active,https://www.st.com/content/ccc/resource/technical/document/datasheet/9f/b1/6f/6d/89/91/4b/b5/DM00149697.pdf/files/DM00149697.pdf/jcr:content/translations/en.DM00149697.pdf,https://www.digikey.com/en/products/detail/stmicroelectronics/M24512-DRMN8TP-K/5175391,450 ns,1 MHz,Not Verified,Automotive,EEPROM,I2C,64K x 8,512Kbit,Non-Volatile,-40°C ~ 105°C (TA),AEC-Q100,,EEPROM,1.8V ~ 5.5V,4ms
M24512-RDW6TP,STMicroelectronics,IC EEPROM 512KBIT I2C 8TSSOP,memory,20543,0.95,"8-TSSOP (0.173"", 4.40mm Width)",Surface Mount,Active,https://www.st.com/content/ccc/resource/technical/document/datasheet/e0/4c/87/45/e8/bd/4f/11/CD00251873.pdf/files/CD00251873.pdf/jcr:content/translations/en.CD00251873.pdf,https://www.digikey.com/en/products/detail/stmicroelectronics/M24512-RDW6TP/1827917,500 ns,1 MHz,Not Verified,,EEPROM,I2C,64K x 8,512Kbit,Non-Volatile,-40°C ~ 85°C (TA),,,EEPROM,1.8V ~ 5.5V,5ms
M24512-RMN6TP,STMicroelectronics,IC EEPROM 512KBIT I2C 1MHZ 8SOIC,memory,20268,0.9,"8-SOIC (0.154"", 3.90mm Width)",Surface Mount,Active,https://www.digikey.com//mm.digikey.com/Volume0/opasdata/d220001/medias/docus/8892/M24512-RMN6TP.pdf,https://www.digikey.com/en/products/detail/stmicroelectronics/M24512-RMN6TP/1827918,500 ns,1 MHz,Verified,,EEPROM,I2C,64K x 8,512Kbit,Non-Volatile,-40°C ~ 85°C (TA),,,EEPROM,1.8V ~ 5.5V,5ms
M24512-WMN6TP,STMicroelectronics,IC EEPROM 512KBIT I2C 1MHZ 8SOIC,memory,44691,0.94,"8-SOIC (0.154"", 3.90mm Width)",Surface Mount,Not For New Designs,https://www.st.com/content/ccc/resource/technical/document/datasheet/e0/4c/87/45/e8/bd/4f/11/CD00251873.pdf/files/CD00251873.pdf/jcr:content/translations/en.CD00251873.pdf,https://www.digikey.com/en/products/detail/stmicroelectronics/M24512-WMN6TP/1852261,500 ns,1 MHz,Not Verified,,EEPROM,I2C,64K x 8,512Kbit,Non-Volatile,-40°C ~ 85°C (TA),,,EEPROM,2.5V ~ 5.5V,5ms
M24512E-FDW6TP,STMicroelectronics,IC EEPROM 512KBIT I2C 8TSSOP,memory,5193,0.47,"8-TSSOP (0.173"", 4.40mm Width)",Surface Mount,Active,https://www.st.com/resource/en/datasheet/m24512e-f.pdf,https://www.digikey.com/en/products/detail/stmicroelectronics/M24512E-FDW6TP/20686463,450 ns,1 MHz,,,EEPROM,I2C,64K x 8,512Kbit,Non-Volatile,-40°C ~ 85°C (TA),,,EEPROM,1.6V ~ 5.5V,4ms
M24512E-FMC6TG,STMicroelectronics,IC EEPROM 512KBIT I2C 8UDFN,memory,8174,0.59,8-UFDFN Exposed Pad,Surface Mount,Active,https://www.st.com/resource/en/datasheet/m24512e-f.pdf,https://www.digikey.com/en/products/detail/stmicroelectronics/M24512E-FMC6TG/22539555,450 ns,1 MHz,,,EEPROM,I2C,64K x 8,512Kbit,Non-Volatile,-40°C ~ 85°C (TA),,,EEPROM,1.6V ~ 5.5V,4ms
M24512E-FMN6TP,STMicroelectronics,IC EEPROM 512KBIT I2C 8SO,memory,2455,0.36,"8-SOIC (0.154"", 3.90mm Width)",Surface Mount,Active,https://www.st.com/resource/en/datasheet/m24512e-f.pdf,https://www.digikey.com/en/products/detail/stmicroelectronics/M24512E-FMN6TP/20686461,450 ns,1 MHz,,,EEPROM,I2C,64K x 8,512Kbit,Non-Volatile,-40°C ~ 85°C (TA),,,EEPROM,1.6V ~ 5.5V,4ms
M24C01-RDW6TP,STMicroelectronics,IC EEPROM 1KBIT I2C 8TSSOP,memory,2651,0.21,"8-TSSOP (0.173"", 4.40mm Width)",Surface Mount,Active,https://www.st.com/content/ccc/resource/technical/document/datasheet/b0/d8/50/40/5a/85/49/6f/DM00071904.pdf/files/DM00071904.pdf/jcr:content/translations/en.DM00071904.pdf,https://www.digikey.com/en/products/detail/stmicroelectronics/M24C01-RDW6TP/1663553,900 ns,400 kHz,Not Verified,,EEPROM,I2C,128 x 8,1Kbit,Non-Volatile,-40°C ~ 85°C (TA),,,EEPROM,1.8V ~ 5.5V,5ms
M24C01-RMN6P,STMicroelectronics,IC EEPROM 1KBIT I2C 400KHZ 8SOIC,memory,1875,0.57,"8-SOIC (0.154"", 3.90mm Width)",Surface Mount,Active,https://www.st.com/content/ccc/resource/technical/document/datasheet/b0/d8/50/40/5a/85/49/6f/DM00071904.pdf/files/DM00071904.pdf/jcr:content/translations/en.DM00071904.pdf,https://www.digikey.com/en/products/detail/stmicroelectronics/M24C01-RMN6P/1663554,900 ns,400 kHz,Not Verified,,EEPROM,I2C,128 x 8,1Kbit,Non-Volatile,-40°C ~ 85°C (TA),,,EEPROM,1.8V ~ 5.5V,5ms
M24C01-WDW6TP,STMicroelectronics,IC EEPROM 1KBIT I2C 8TSSOP,memory,6279,0.21,"8-TSSOP (0.173"", 4.40mm Width)",Surface Mount,Not For New Designs,https://www.st.com/content/ccc/resource/technical/document/datasheet/b0/d8/50/40/5a/85/49/6f/DM00071904.pdf/files/DM00071904.pdf/jcr:content/translations/en.DM00071904.pdf,https://www.digikey.com/en/products/detail/stmicroelectronics/M24C01-WDW6TP/1663558,900 ns,400 kHz,Verified,,EEPROM,I2C,128 x 8,1Kbit,Non-Volatile,-40°C ~ 85°C (TA),,,EEPROM,2.5V ~ 5.5V,5ms
M24C01-WMN6P,STMicroelectronics,IC EEPROM 1KBIT I2C 400KHZ 8SOIC,memory,6069,0.21,"8-SOIC (0.154"", 3.90mm Width)",Surface Mount,Not For New Designs,https://www.st.com/content/ccc/resource/technical/document/datasheet/b0/d8/50/40/5a/85/49/6f/DM00071904.pdf/files/DM00071904.pdf/jcr:content/translations/en.DM00071904.pdf,https://www.digikey.com/en/products/detail/stmicroelectronics/M24C01-WMN6P/1663559,900 ns,400 kHz,Verified,,EEPROM,I2C,128 x 8,1Kbit,Non-Volatile,-40°C ~ 85°C (TA),,,EEPROM,2.5V ~ 5.5V,5ms
M24C02-DRDW3TP/K,STMicroelectronics,IC EEPROM 2KBIT I2C 1MHZ 8TSSOP,memory,9575,0.38,"8-TSSOP (0.173"", 4.40mm Width)",Surface Mount,Active,https://www.st.com/content/ccc/resource/technical/document/datasheet/53/87/6b/65/e8/3c/49/d8/DM00104266.pdf/files/DM00104266.pdf/jcr:content/translations/en.DM00104266.pdf,https://www.digikey.com/en/products/detail/stmicroelectronics/M24C02-DRDW3TP-K/5283400,450 ns,1 MHz,Not Verified,Automotive,EEPROM,I2C,256 x 8,2Kbit,Non-Volatile,-40°C ~ 125°C (TA),AEC-Q100,,EEPROM,1.8V ~ 5.5V,4ms
M24C02-DRDW8TP/K,STMicroelectronics,IC EEPROM 2KBIT I2C 1MHZ 8TSSOP,memory,13970,0.24,"8-TSSOP (0.173"", 4.40mm Width)",Surface Mount,Active,https://www.st.com/content/ccc/resource/technical/document/datasheet/33/a5/35/f1/1f/3b/45/bb/DM00157643.pdf/files/DM00157643.pdf/jcr:content/translations/en.DM00157643.pdf,https://www.digikey.com/en/products/detail/stmicroelectronics/M24C02-DRDW8TP-K/5175392,450 ns,1 MHz,Not Verified,Automotive,EEPROM,I2C,256 x 8,2Kbit,Non-Volatile,-40°C ~ 105°C (TA),AEC-Q100,,EEPROM,1.8V ~ 5.5V,4ms
M24C02-DRMF3TG/K,STMicroelectronics,IC EEPROM 2KBIT I2C 1MHZ 8MLP,memory,23716,0.49,8-WFDFN Exposed Pad,Surface Mount,Active,https://www.st.com/content/ccc/resource/technical/document/datasheet/53/87/6b/65/e8/3c/49/d8/DM00104266.pdf/files/DM00104266.pdf/jcr:content/translations/en.DM00104266.pdf,https://www.digikey.com/en/products/detail/stmicroelectronics/M24C02-DRMF3TG-K/5175407,450 ns,1 MHz,Not Verified,Automotive,EEPROM,I2C,256 x 8,2Kbit,Non-Volatile,-40°C ~ 125°C (TA),AEC-Q100,,EEPROM,1.8V ~ 5.5V,4ms
M24C02-DRMN3TP/K,STMicroelectronics,IC EEPROM 2KBIT I2C 1MHZ 8SOIC,memory,10216,0.38,"8-SOIC (0.154"", 3.90mm Width)",Surface Mount,Active,https://www.st.com/content/ccc/resource/technical/document/datasheet/53/87/6b/65/e8/3c/49/d8/DM00104266.pdf/files/DM00104266.pdf/jcr:content/translations/en.DM00104266.pdf,https://www.digikey.com/en/products/detail/stmicroelectronics/M24C02-DRMN3TP-K/5283401,450 ns,1 MHz,Not Verified,Automotive,EEPROM,I2C,256 x 8,2Kbit,Non-Volatile,-40°C ~ 125°C (TA),AEC-Q100,,EEPROM,1.8V ~ 5.5V,4ms
M24C02-DRMN8TP/K,STMicroelectronics,IC EEPROM 2KBIT I2C 1MHZ 8SOIC,memory,5592,0.22,"8-SOIC (0.154"", 3.90mm Width)",Surface Mount,Active,https://www.st.com/content/ccc/resource/technical/document/datasheet/33/a5/35/f1/1f/3b/45/bb/DM00157643.pdf/files/DM00157643.pdf/jcr:content/translations/en.DM00157643.pdf,https://www.digikey.com/en/products/detail/stmicroelectronics/M24C02-DRMN8TP-K/5175393,450 ns,1 MHz,Not Verified,Automotive,EEPROM,I2C,256 x 8,2Kbit,Non-Volatile,-40°C ~ 105°C (TA),AEC-Q100,,EEPROM,1.8V ~ 5.5V,4ms
M24C02-FDW6TP,STMicroelectronics,IC EEPROM 2KBIT I2C 8TSSOP,memory,59364,0.19,"8-TSSOP (0.173"", 4.40mm Width)",Surface Mount,Active,https://www.st.com/content/ccc/resource/technical/document/datasheet/b0/d8/50/40/5a/85/49/6f/DM00071904.pdf/files/DM00071904.pdf/jcr:content/translations/en.DM00071904.pdf,https://www.digikey.com/en/products/detail/stmicroelectronics/M24C02-FDW6TP/4729277,900 ns,400 kHz,Not Verified,,EEPROM,I2C,256 x 8,2Kbit,Non-Volatile,-40°C ~ 85°C (TA),,,EEPROM,1.7V ~ 5.5V,5ms
M24C02-FMH6TG,STMicroelectronics,IC EEPROM 2KBIT I2C 5UFDFPN,memory,10610,0.22,5-UFDFN,Surface Mount,Active,https://www.st.com/content/ccc/resource/technical/document/datasheet/b0/d8/50/40/5a/85/49/6f/DM00071904.pdf/files/DM00071904.pdf/jcr:content/translations/en.DM00071904.pdf,https://www.digikey.com/en/products/detail/stmicroelectronics/M24C02-FMH6TG/7491649,900 ns,400 kHz,Not Verified,,EEPROM,I2C,256 x 8,2Kbit,Non-Volatile,-40°C ~ 85°C (TA),,,EEPROM,1.7V ~ 5.5V,5ms
M24C02-FMN6TP,STMicroelectronics,IC EEPROM 2KBIT I2C 400KHZ 8SOIC,memory,14421,0.18,"8-SOIC (0.154"", 3.90mm Width)",Surface Mount,Active,https://www.st.com/content/ccc/resource/technical/document/datasheet/b0/d8/50/40/5a/85/49/6f/DM00071904.pdf/files/DM00071904.pdf/jcr:content/translations/en.DM00071904.pdf,https://www.digikey.com/en/products/detail/stmicroelectronics/M24C02-FMN6TP/4729279,900 ns,400 kHz,Verified,,EEPROM,I2C,256 x 8,2Kbit,Non-Volatile,-40°C ~ 85°C (TA),,,EEPROM,1.7V ~ 5.5V,5ms
M24C02-RDW6TP,STMicroelectronics,IC EEPROM 2KBIT I2C 8TSSOP,memory,26314,0.2,"8-TSSOP (0.173"", 4.40mm Width)",Surface Mount,Active,https://www.st.com/content/ccc/resource/technical/document/datasheet/b0/d8/50/40/5a/85/49/6f/DM00071904.pdf/files/DM00071904.pdf/jcr:content/translations/en.DM00071904.pdf,https://www.digikey.com/en/products/detail/stmicroelectronics/M24C02-RDW6TP/2529344,900 ns,400 kHz,Not Verified,,EEPROM,I2C,256 x 8,2Kbit,Non-Volatile,-40°C ~ 85°C (TA),,,EEPROM,1.8V ~ 5.5V,5ms
M24C02-RMN6P,STMicroelectronics,IC EEPROM 2KBIT I2C 400KHZ 8SOIC,memory,8119,0.58,"8-SOIC (0.154"", 3.90mm Width)",Surface Mount,Active,https://www.st.com/content/ccc/resource/technical/document/datasheet/b0/d8/50/40/5a/85/49/6f/DM00071904.pdf/files/DM00071904.pdf/jcr:content/translations/en.DM00071904.pdf,https://www.digikey.com/en/products/detail/stmicroelectronics/M24C02-RMN6P/1663564,900 ns,400 kHz,Verified,,EEPROM,I2C,256 x 8,2Kbit,Non-Volatile,-40°C ~ 85°C (TA),,,EEPROM,1.8V ~ 5.5V,5ms
M24C02-RMN6TP,STMicroelectronics,IC EEPROM 2KBIT I2C 400KHZ 8SOIC,memory,2280,0.18,"8-SOIC (0.154"", 3.90mm Width)",Surface Mount,Active,https://www.st.com/content/ccc/resource/technical/document/datasheet/b0/d8/50/40/5a/85/49/6f/DM00071904.pdf/files/DM00071904.pdf/jcr:content/translations/en.DM00071904.pdf,https://www.digikey.com/en/products/detail/stmicroelectronics/M24C02-RMN6TP/1663565,900 ns,400 kHz,Verified,,EEPROM,I2C,256 x 8,2Kbit,Non-Volatile,-40°C ~ 85°C (TA),,,EEPROM,1.8V ~ 5.5V,5ms
M24C02-WDW6TP,STMicroelectronics,IC EEPROM 2KBIT I2C 8TSSOP,memory,4955,0.2,"8-TSSOP (0.173"", 4.40mm Width)",Surface Mount,Not For New Designs,https://www.st.com/content/ccc/resource/technical/document/datasheet/b0/d8/50/40/5a/85/49/6f/DM00071904.pdf/files/DM00071904.pdf/jcr:content/translations/en.DM00071904.pdf,https://www.digikey.com/en/products/detail/stmicroelectronics/M24C02-WDW6TP/932923,900 ns,400 kHz,Verified,,EEPROM,I2C,256 x 8,2Kbit,Non-Volatile,-40°C ~ 85°C (TA),,,EEPROM,2.5V ~ 5.5V,5ms
M24C02-WMN6P,STMicroelectronics,IC EEPROM 2KBIT I2C 400KHZ 8SOIC,memory,12019,0.2,"8-SOIC (0.154"", 3.90mm Width)",Surface Mount,Not For New Designs,https://www.st.com/content/ccc/resource/technical/document/datasheet/b0/d8/50/40/5a/85/49/6f/DM00071904.pdf/files/DM00071904.pdf/jcr:content/translations/en.DM00071904.pdf,https://www.digikey.com/en/products/detail/stmicroelectronics/M24C02-WMN6P/1663567,900 ns,400 kHz,Verified,,EEPROM,I2C,256 x 8,2Kbit,Non-Volatile,-40°C ~ 85°C (TA),,,EEPROM,2.5V ~ 5.5V,5ms
M24C04-DRMN3TP/K,STMicroelectronics,IC EEPROM 4KBIT I2C 1MHZ 8SOIC,memory,5429,0.44,"8-SOIC (0.154"", 3.90mm Width)",Surface Mount,Active,https://www.st.com/content/ccc/resource/technical/document/datasheet/af/c6/ea/37/c5/9c/42/eb/DM00114738.pdf/files/DM00114738.pdf/jcr:content/translations/en.DM00114738.pdf,https://www.digikey.com/en/products/detail/stmicroelectronics/M24C04-DRMN3TP-K/5283403,450 ns,1 MHz,Not Verified,Automotive,EEPROM,I2C,512 x 8,4Kbit,Non-Volatile,-40°C ~ 125°C (TA),AEC-Q100,,EEPROM,1.7V ~ 5.5V,4ms
M24C04-DRMN8TP/K,STMicroelectronics,IC EEPROM 4KBIT I2C 1MHZ 8SOIC,memory,7035,0.35,"8-SOIC (0.154"", 3.90mm Width)",Surface Mount,Active,https://www.st.com/content/ccc/resource/technical/document/datasheet/d2/5e/8e/3b/20/5b/4a/c3/DM00157645.pdf/files/DM00157645.pdf/jcr:content/translations/en.DM00157645.pdf,https://www.digikey.com/en/products/detail/stmicroelectronics/M24C04-DRMN8TP-K/5175395,450 ns,1 MHz,Not Verified,Automotive,EEPROM,I2C,512 x 8,4Kbit,Non-Volatile,-40°C ~ 105°C (TA),AEC-Q100,,EEPROM,1.8V ~ 5.5V,4ms
M24C04-FMH6TG,STMicroelectronics,IC EEPROM 4KBIT I2C 5UFDFPN,memory,1955,0.24,5-UFDFN,Surface Mount,Active,https://www.st.com/content/ccc/resource/technical/document/datasheet/2f/5c/01/ff/33/d7/4b/00/DM00071277.pdf/files/DM00071277.pdf/jcr:content/translations/en.DM00071277.pdf,https://www.digikey.com/en/products/detail/stmicroelectronics/M24C04-FMH6TG/7491650,900 ns,400 kHz,Not Verified,,EEPROM,I2C,512 x 8,4Kbit,Non-Volatile,-40°C ~ 85°C (TA),,,EEPROM,1.7V ~ 5.5V,5ms
M24C04-FMN6TP,STMicroelectronics,IC EEPROM 4KBIT I2C 400KHZ 8SOIC,memory,1184,0.23,"8-SOIC (0.154"", 3.90mm Width)",Surface Mount,Active,https://www.st.com/content/ccc/resource/technical/document/datasheet/2f/5c/01/ff/33/d7/4b/00/DM00071277.pdf/files/DM00071277.pdf/jcr:content/translations/en.DM00071277.pdf,https://www.digikey.com/en/products/detail/stmicroelectronics/M24C04-FMN6TP/4729282,900 ns,400 kHz,Verified,,EEPROM,I2C,512 x 8,4Kbit,Non-Volatile,-40°C ~ 85°C (TA),,,EEPROM,1.7V ~ 5.5V,5ms
M24C04-RDW6TP,STMicroelectronics,IC EEPROM 4KBIT I2C 8TSSOP,memory,16772,0.23,"8-TSSOP (0.173"", 4.40mm Width)",Surface Mount,Active,https://www.st.com/content/ccc/resource/technical/document/datasheet/2f/5c/01/ff/33/d7/4b/00/DM00071277.pdf/files/DM00071277.pdf/jcr:content/translations/en.DM00071277.pdf,https://www.digikey.com/en/products/detail/stmicroelectronics/M24C04-RDW6TP/1663570,900 ns,400 kHz,Not Verified,,EEPROM,I2C,512 x 8,4Kbit,Non-Volatile,-40°C ~ 85°C (TA),,,EEPROM,1.8V ~ 5.5V,5ms
M24C04-RMC6TG,STMicroelectronics,IC EEPROM 4KBIT I2C 8UFDFPN,memory,6127,0.28,8-UFDFN Exposed Pad,Surface Mount,Active,https://www.st.com/content/ccc/resource/technical/document/datasheet/2f/5c/01/ff/33/d7/4b/00/DM00071277.pdf/files/DM00071277.pdf/jcr:content/translations/en.DM00071277.pdf,https://www.digikey.com/en/products/detail/stmicroelectronics/M24C04-RMC6TG/3087698,900 ns,400 kHz,Not Verified,,EEPROM,I2C,512 x 8,4Kbit,Non-Volatile,-40°C ~ 85°C (TA),,,EEPROM,1.8V ~ 5.5V,5ms
M24C04-RMN6P,STMicroelectronics,IC EEPROM 4KBIT I2C 400KHZ 8SOIC,memory,6754,0.23,"8-SOIC (0.154"", 3.90mm Width)",Surface Mount,Active,https://www.st.com/content/ccc/resource/technical/document/datasheet/2f/5c/01/ff/33/d7/4b/00/DM00071277.pdf/files/DM00071277.pdf/jcr:content/translations/en.DM00071277.pdf,https://www.digikey.com/en/products/detail/stmicroelectronics/M24C04-RMN6P/1663571,900 ns,400 kHz,Verified,,EEPROM,I2C,512 x 8,4Kbit,Non-Volatile,-40°C ~ 85°C (TA),,,EEPROM,1.8V ~ 5.5V,5ms
M24C04-RMN6TP,STMicroelectronics,IC EEPROM 4KBIT I2C 400KHZ 8SOIC,memory,9360,0.21,"8-SOIC (0.154"", 3.90mm Width)",Surface Mount,Active,https://www.st.com/content/ccc/resource/technical/document/datasheet/2f/5c/01/ff/33/d7/4b/00/DM00071277.pdf/files/DM00071277.pdf/jcr:content/translations/en.DM00071277.pdf,https://www.digikey.com/en/products/detail/stmicroelectronics/M24C04-RMN6TP/1663572,900 ns,400 kHz,Verified,,EEPROM,I2C,512 x 8,4Kbit,Non-Volatile,-40°C ~ 85°C (TA),,,EEPROM,1.8V ~ 5.5V,5ms
M24C04-WMN6P,STMicroelectronics,IC EEPROM 4KBIT I2C 400KHZ 8SOIC,memory,5647,0.23,"8-SOIC (0.154"", 3.90mm Width)",Surface Mount,Not For New Designs,https://www.st.com/content/ccc/resource/technical/document/datasheet/2f/5c/01/ff/33/d7/4b/00/DM00071277.pdf/files/DM00071277.pdf/jcr:content/translations/en.DM00071277.pdf,https://www.digikey.com/en/products/detail/stmicroelectronics/M24C04-WMN6P/1663576,900 ns,400 kHz,Verified,,EEPROM,I2C,512 x 8,4Kbit,Non-Volatile,-40°C ~ 85°C (TA),,,EEPROM,2.5V ~ 5.5V,5ms
M24C04-WMN6TP,STMicroelectronics,IC EEPROM 4KBIT I2C 400KHZ 8SOIC,memory,19602,0.19,"8-SOIC (0.154"", 3.90mm Width)",Surface Mount,Not For New Designs,https://www.st.com/content/ccc/resource/technical/document/datasheet/2f/5c/01/ff/33/d7/4b/00/DM00071277.pdf/files/DM00071277.pdf/jcr:content/translations/en.DM00071277.pdf,https://www.digikey.com/en/products/detail/stmicroelectronics/M24C04-WMN6TP/934083,900 ns,400 kHz,Verified,,EEPROM,I2C,512 x 8,4Kbit,Non-Volatile,-40°C ~ 85°C (TA),,,EEPROM,2.5V ~ 5.5V,5ms
M24C08-DRDW3TP/K,STMicroelectronics,IC EEPROM 8KBIT I2C 1MHZ 8TSSOP,memory,8090,0.46,"8-TSSOP (0.173"", 4.40mm Width)",Surface Mount,Active,https://www.st.com/content/ccc/resource/technical/document/datasheet/d0/a4/b1/a4/e2/77/47/d5/DM00106099.pdf/files/DM00106099.pdf/jcr:content/translations/en.DM00106099.pdf,https://www.digikey.com/en/products/detail/stmicroelectronics/M24C08-DRDW3TP-K/5283404,450 ns,1 MHz,Verified,Automotive,EEPROM,I2C,1K x 8,8Kbit,Non-Volatile,-40°C ~ 125°C (TA),AEC-Q100,,EEPROM,1.7V ~ 5.5V,4ms
M24C08-DRMF3TG/K,STMicroelectronics,IC EEPROM 8KBIT I2C 1MHZ 8MLP,memory,3625,0.49,8-WFDFN Exposed Pad,Surface Mount,Active,https://www.st.com/content/ccc/resource/technical/document/datasheet/d0/a4/b1/a4/e2/77/47/d5/DM00106099.pdf/files/DM00106099.pdf/jcr:content/translations/en.DM00106099.pdf,https://www.digikey.com/en/products/detail/stmicroelectronics/M24C08-DRMF3TG-K/5175409,450 ns,1 MHz,Not Verified,Automotive,EEPROM,I2C,1K x 8,8Kbit,Non-Volatile,-40°C ~ 125°C (TA),AEC-Q100,,EEPROM,1.7V ~ 5.5V,4ms
M24C08-FCT6TP/T,STMicroelectronics,IC EEPROM 8KBIT I2C 4WLCSP,memory,4500,0.36,"4-XFBGA, WLCSP",Surface Mount,Active,https://www.st.com/content/ccc/resource/technical/document/datasheet/cc/f5/a5/01/6f/4b/47/d2/DM00070057.pdf/files/DM00070057.pdf/jcr:content/translations/en.DM00070057.pdf,https://www.digikey.com/en/products/detail/stmicroelectronics/M24C08-FCT6TP-T/4959846,900 ns,400 kHz,Not Verified,,EEPROM,I2C,1K x 8,8Kbit,Non-Volatile,-40°C ~ 85°C (TA),,,EEPROM,1.7V ~ 5.5V,5ms
M24C08-FMC6TG,STMicroelectronics,IC EEPROM 8KBIT I2C 8UFDFPN,memory,12196,0.32,8-UFDFN Exposed Pad,Surface Mount,Active,https://www.st.com/content/ccc/resource/technical/document/datasheet/cc/f5/a5/01/6f/4b/47/d2/DM00070057.pdf/files/DM00070057.pdf/jcr:content/translations/en.DM00070057.pdf,https://www.digikey.com/en/products/detail/stmicroelectronics/M24C08-FMC6TG/4729284,900 ns,400 kHz,Not Verified,,EEPROM,I2C,1K x 8,8Kbit,Non-Volatile,-40°C ~ 85°C (TA),,,EEPROM,1.7V ~ 5.5V,5ms
M24C08-FMN6TP,STMicroelectronics,IC EEPROM 8KBIT I2C 400KHZ 8SOIC,memory,11128,0.23,"8-SOIC (0.154"", 3.90mm Width)",Surface Mount,Active,https://www.st.com/content/ccc/resource/technical/document/datasheet/cc/f5/a5/01/6f/4b/47/d2/DM00070057.pdf/files/DM00070057.pdf/jcr:content/translations/en.DM00070057.pdf,https://www.digikey.com/en/products/detail/stmicroelectronics/M24C08-FMN6TP/4729285,900 ns,400 kHz,Verified,,EEPROM,I2C,1K x 8,8Kbit,Non-Volatile,-40°C ~ 85°C (TA),,,EEPROM,1.7V ~ 5.5V,5ms
M24C08-RDW6TP,STMicroelectronics,IC EEPROM 8KBIT I2C 8TSSOP,memory,13120,0.25,"8-TSSOP (0.173"", 4.40mm Width)",Surface Mount,Active,https://www.st.com/content/ccc/resource/technical/document/datasheet/cc/f5/a5/01/6f/4b/47/d2/DM00070057.pdf/files/DM00070057.pdf/jcr:content/translations/en.DM00070057.pdf,https://www.digikey.com/en/products/detail/stmicroelectronics/M24C08-RDW6TP/1663579,900 ns,400 kHz,Verified,,EEPROM,I2C,1K x 8,8Kbit,Non-Volatile,-40°C ~ 85°C (TA),,,EEPROM,1.8V ~ 5.5V,5ms
M24C08-RMC6TG,STMicroelectronics,IC EEPROM 8KBIT I2C 8UFDFPN,memory,11537,0.32,8-UFDFN Exposed Pad,Surface Mount,Active,https://www.st.com/content/ccc/resource/technical/document/datasheet/cc/f5/a5/01/6f/4b/47/d2/DM00070057.pdf/files/DM00070057.pdf/jcr:content/translations/en.DM00070057.pdf,https://www.digikey.com/en/products/detail/stmicroelectronics/M24C08-RMC6TG/3087700,900 ns,400 kHz,Not Verified,,EEPROM,I2C,1K x 8,8Kbit,Non-Volatile,-40°C ~ 85°C (TA),,,EEPROM,1.8V ~ 5.5V,5ms
M24C08-RMN6TP,STMicroelectronics,IC EEPROM 8KBIT I2C 400KHZ 8SOIC,memory,15279,0.22,"8-SOIC (0.154"", 3.90mm Width)",Surface Mount,Active,https://www.st.com/content/ccc/resource/technical/document/datasheet/cc/f5/a5/01/6f/4b/47/d2/DM00070057.pdf/files/DM00070057.pdf/jcr:content/translations/en.DM00070057.pdf,https://www.digikey.com/en/products/detail/stmicroelectronics/M24C08-RMN6TP/1663582,900 ns,400 kHz,Verified,,EEPROM,I2C,1K x 8,8Kbit,Non-Volatile,-40°C ~ 85°C (TA),,,EEPROM,1.8V ~ 5.5V,5ms
M24C08-WDW6TP,STMicroelectronics,IC EEPROM 8KBIT I2C 8TSSOP,memory,5971,0.25,"8-TSSOP (0.173"", 4.40mm Width)",Surface Mount,Not For New Designs,https://www.st.com/content/ccc/resource/technical/document/datasheet/cc/f5/a5/01/6f/4b/47/d2/DM00070057.pdf/files/DM00070057.pdf/jcr:content/translations/en.DM00070057.pdf,https://www.digikey.com/en/products/detail/stmicroelectronics/M24C08-WDW6TP/1663585,900 ns,400 kHz,Not Verified,,EEPROM,I2C,1K x 8,8Kbit,Non-Volatile,-40°C ~ 85°C (TA),,,EEPROM,2.5V ~ 5.5V,5ms
M24C08-WMN6TP,STMicroelectronics,IC EEPROM 8KBIT I2C 400KHZ 8SOIC,memory,4569,0.22,"8-SOIC (0.154"", 3.90mm Width)",Surface Mount,Not For New Designs,https://www.st.com/content/ccc/resource/technical/document/datasheet/cc/f5/a5/01/6f/4b/47/d2/DM00070057.pdf/files/DM00070057.pdf/jcr:content/translations/en.DM00070057.pdf,https://www.digikey.com/en/products/detail/stmicroelectronics/M24C08-WMN6TP/699574,900 ns,400 kHz,Verified,,EEPROM,I2C,1K x 8,8Kbit,Non-Volatile,-40°C ~ 85°C (TA),,,EEPROM,2.5V ~ 5.5V,5ms
M24C16-DFCU6TP/K,STMicroelectronics,IC EEPROM 16KBIT I2C 4WLCSP,memory,4149,0.34,"4-XFBGA, WLCSP",Surface Mount,Active,https://www.st.com/content/ccc/resource/technical/document/datasheet/53/b5/f0/fa/b7/13/45/ee/DM00120211.pdf/files/DM00120211.pdf/jcr:content/translations/en.DM00120211.pdf,https://www.digikey.com/en/products/detail/stmicroelectronics/M24C16-DFCU6TP-K/5175410,450 ns,1 MHz,Not Verified,,EEPROM,I2C,2K x 8,16Kbit,Non-Volatile,-40°C ~ 85°C (TA),,,EEPROM,1.7V ~ 5.5V,5ms
M24C16-DRMF3TG/K,STMicroelectronics,IC EEPROM 16KBIT I2C 8MLP,memory,9943,0.57,8-WFDFN Exposed Pad,Surface Mount,Active,https://www.st.com/content/ccc/resource/technical/document/datasheet/e0/9f/77/c0/51/7d/48/3d/DM00101826.pdf/files/DM00101826.pdf/jcr:content/translations/en.DM00101826.pdf,https://www.digikey.com/en/products/detail/stmicroelectronics/M24C16-DRMF3TG-K/5175411,450 ns,1 MHz,Not Verified,Automotive,EEPROM,I2C,2K x 8,16Kbit,Non-Volatile,-40°C ~ 125°C (TA),AEC-Q100,,EEPROM,1.7V ~ 5.5V,4ms
M24C16-DRMN3TP/K,STMicroelectronics,IC EEPROM 16KBIT I2C 8SOIC,memory,10962,0.52,"8-SOIC (0.154"", 3.90mm Width)",Surface Mount,Active,https://www.st.com/content/ccc/resource/technical/document/datasheet/e0/9f/77/c0/51/7d/48/3d/DM00101826.pdf/files/DM00101826.pdf/jcr:content/translations/en.DM00101826.pdf,https://www.digikey.com/en/products/detail/stmicroelectronics/M24C16-DRMN3TP-K/5283407,450 ns,1 MHz,Not Verified,Automotive,EEPROM,I2C,2K x 8,16Kbit,Non-Volatile,-40°C ~ 125°C (TA),AEC-Q100,,EEPROM,1.7V ~ 5.5V,4ms
M24C16-FDW6TP,STMicroelectronics,IC EEPROM 16KBIT I2C 8TSSOP,memory,4741,0.27,"8-TSSOP (0.173"", 4.40mm Width)",Surface Mount,Active,https://www.st.com/content/ccc/resource/technical/document/datasheet/a2/2d/80/cb/91/59/43/9a/DM00061111.pdf/files/DM00061111.pdf/jcr:content/translations/en.DM00061111.pdf,https://www.digikey.com/en/products/detail/stmicroelectronics/M24C16-FDW6TP/4729286,900 ns,400 kHz,Not Verified,,EEPROM,I2C,2K x 8,16Kbit,Non-Volatile,-40°C ~ 85°C (TA),,,EEPROM,1.7V ~ 5.5V,5ms
M24C16-FMC6TG,STMicroelectronics,IC EEPROM 16KBIT I2C 8UFDFPN,memory,1114,0.35,8-UFDFN Exposed Pad,Surface Mount,Active,https://www.st.com/content/ccc/resource/technical/document/datasheet/a2/2d/80/cb/91/59/43/9a/DM00061111.pdf/files/DM00061111.pdf/jcr:content/translations/en.DM00061111.pdf,https://www.digikey.com/en/products/detail/stmicroelectronics/M24C16-FMC6TG/4729287,900 ns,400 kHz,Not Verified,,EEPROM,I2C,2K x 8,16Kbit,Non-Volatile,-40°C ~ 85°C (TA),,,EEPROM,1.7V ~ 5.5V,5ms
M24C16-FMH6TG,STMicroelectronics,IC EEPROM 16KBIT I2C 5UFDFPN,memory,68641,0.36,5-UFDFN,Surface Mount,Active,https://www.st.com/content/ccc/resource/technical/document/datasheet/a2/2d/80/cb/91/59/43/9a/DM00061111.pdf/files/DM00061111.pdf/jcr:content/translations/en.DM00061111.pdf,https://www.digikey.com/en/products/detail/stmicroelectronics/M24C16-FMH6TG/4572742,900 ns,400 kHz,Not Verified,,EEPROM,I2C,2K x 8,16Kbit,Non-Volatile,-40°C ~ 85°C (TA),,,EEPROM,1.7V ~ 5.5V,5ms
M24C16-FMN6TP,STMicroelectronics,IC EEPROM 16KBIT I2C 8SOIC,memory,2313,0.25,"8-SOIC (0.154"", 3.90mm Width)",Surface Mount,Active,https://www.st.com/content/ccc/resource/technical/document/datasheet/a2/2d/80/cb/91/59/43/9a/DM00061111.pdf/files/DM00061111.pdf/jcr:content/translations/en.DM00061111.pdf,https://www.digikey.com/en/products/detail/stmicroelectronics/M24C16-FMN6TP/4357384,900 ns,400 kHz,Verified,,EEPROM,I2C,2K x 8,16Kbit,Non-Volatile,-40°C ~ 85°C (TA),,,EEPROM,1.7V ~ 5.5V,5ms
M24C16-RDW6TP,STMicroelectronics,IC EEPROM 16KBIT I2C 8TSSOP,memory,6955,0.27,"8-TSSOP (0.173"", 4.40mm Width)",Surface Mount,Active,https://www.st.com/content/ccc/resource/technical/document/datasheet/a2/2d/80/cb/91/59/43/9a/DM00061111.pdf/files/DM00061111.pdf/jcr:content/translations/en.DM00061111.pdf,https://www.digikey.com/en/products/detail/stmicroelectronics/M24C16-RDW6TP/1663591,900 ns,400 kHz,Not Verified,,EEPROM,I2C,2K x 8,16Kbit,Non-Volatile,-40°C ~ 85°C (TA),,,EEPROM,1.8V ~ 5.5V,5ms
M24C16-RMC6TG,STMicroelectronics,IC EEPROM 16KBIT I2C 8UFDFPN,memory,3510,0.35,8-UFDFN Exposed Pad,Surface Mount,Active,https://www.st.com/content/ccc/resource/technical/document/datasheet/a2/2d/80/cb/91/59/43/9a/DM00061111.pdf/files/DM00061111.pdf/jcr:content/translations/en.DM00061111.pdf,https://www.digikey.com/en/products/detail/stmicroelectronics/M24C16-RMC6TG/3087702,900 ns,400 kHz,Not Verified,,EEPROM,I2C,2K x 8,16Kbit,Non-Volatile,-40°C ~ 85°C (TA),,,EEPROM,1.8V ~ 5.5V,5ms
M24C16-RMN6TP,STMicroelectronics,IC EEPROM 16KBIT I2C 8SOIC,memory,2500,0.25,"8-SOIC (0.154"", 3.90mm Width)",Surface Mount,Active,https://www.st.com/content/ccc/resource/technical/document/datasheet/a2/2d/80/cb/91/59/43/9a/DM00061111.pdf/files/DM00061111.pdf/jcr:content/translations/en.DM00061111.pdf,https://www.digikey.com/en/products/detail/stmicroelectronics/M24C16-RMN6TP/1663593,900 ns,400 kHz,Verified,,EEPROM,I2C,2K x 8,16Kbit,Non-Volatile,-40°C ~ 85°C (TA),,,EEPROM,1.8V ~ 5.5V,5ms
M24C16-WMN6P,STMicroelectronics,IC EEPROM 16KBIT I2C 8SOIC,memory,9409,0.28,"8-SOIC (0.154"", 3.90mm Width)",Surface Mount,Not For New Designs,https://www.st.com/content/ccc/resource/technical/document/datasheet/a2/2d/80/cb/91/59/43/9a/DM00061111.pdf/files/DM00061111.pdf/jcr:content/translations/en.DM00061111.pdf,https://www.digikey.com/en/products/detail/stmicroelectronics/M24C16-WMN6P/1663598,900 ns,400 kHz,Verified,,EEPROM,I2C,2K x 8,16Kbit,Non-Volatile,-40°C ~ 85°C (TA),,,EEPROM,2.5V ~ 5.5V,5ms
M24C16-WMN6TP,STMicroelectronics,IC EEPROM 16KBIT I2C 400KHZ 8SO,memory,19373,0.25,"8-SOIC (0.154"", 3.90mm Width)",Surface Mount,Not For New Designs,https://www.st.com/content/ccc/resource/technical/document/datasheet/a2/2d/80/cb/91/59/43/9a/DM00061111.pdf/files/DM00061111.pdf/jcr:content/translations/en.DM00061111.pdf,https://www.digikey.com/en/products/detail/stmicroelectronics/M24C16-WMN6TP/1007246,900 ns,400 kHz,Verified,,EEPROM,I2C,2K x 8,16Kbit,Non-Volatile,-40°C ~ 85°C (TA),,,EEPROM,2.5V ~ 5.5V,5ms
M24C32-DRDW8TP/K,STMicroelectronics,IC EEPROM 32KBIT I2C 1MHZ 8TSSOP,memory,17450,0.43,"8-TSSOP (0.173"", 4.40mm Width)",Surface Mount,Active,https://www.st.com/content/ccc/resource/technical/document/datasheet/f0/33/3c/69/c8/77/43/e7/DM00157642.pdf/files/DM00157642.pdf/jcr:content/translations/en.DM00157642.pdf,https://www.digikey.com/en/products/detail/stmicroelectronics/M24C32-DRDW8TP-K/5175400,450 ns,1 MHz,Not Verified,Automotive,EEPROM,I2C,4K x 8,32Kbit,Non-Volatile,-40°C ~ 105°C (TA),AEC-Q100,,EEPROM,1.8V ~ 5.5V,4ms
M24C32-DRMF3TG/K,STMicroelectronics,IC EEPROM 32KBIT I2C 1MHZ 8MLP,memory,8638,0.83,8-WFDFN Exposed Pad,Surface Mount,Active,https://www.st.com/content/ccc/resource/technical/document/datasheet/group3/bc/64/de/4c/14/d3/44/fe/DM00058617/files/DM00058617.pdf/jcr:content/translations/en.DM00058617.pdf,https://www.digikey.com/en/products/detail/stmicroelectronics/M24C32-DRMF3TG-K/5175412,450 ns,1 MHz,Not Verified,Automotive,EEPROM,I2C,4K x 8,32Kbit,Non-Volatile,-40°C ~ 125°C (TA),AEC-Q100,,EEPROM,1.8V ~ 5.5V,4ms
M24C32-DRMN8TP/K,STMicroelectronics,IC EEPROM 32KBIT I2C 1MHZ 8SOIC,memory,16810,0.36,"8-SOIC (0.154"", 3.90mm Width)",Surface Mount,Active,https://www.st.com/content/ccc/resource/technical/document/datasheet/f0/33/3c/69/c8/77/43/e7/DM00157642.pdf/files/DM00157642.pdf/jcr:content/translations/en.DM00157642.pdf,https://www.digikey.com/en/products/detail/stmicroelectronics/M24C32-DRMN8TP-K/5175401,450 ns,1 MHz,Not Verified,Automotive,EEPROM,I2C,4K x 8,32Kbit,Non-Volatile,-40°C ~ 105°C (TA),AEC-Q100,,EEPROM,1.8V ~ 5.5V,4ms
M24C32-FDW6TP,STMicroelectronics,IC EEPROM 32KBIT I2C 1MHZ 8TSSOP,memory,2072,0.33,"8-TSSOP (0.173"", 4.40mm Width)",Surface Mount,Active,https://www.st.com/content/ccc/resource/technical/document/datasheet/80/4e/8c/54/f2/63/4c/4a/CD00001012.pdf/files/CD00001012.pdf/jcr:content/translations/en.CD00001012.pdf,https://www.digikey.com/en/products/detail/stmicroelectronics/M24C32-FDW6TP/3455573,450 ns,1 MHz,Not Verified,,EEPROM,I2C,4K x 8,32Kbit,Non-Volatile,-40°C ~ 85°C (TA),,,EEPROM,1.7V ~ 5.5V,5ms
M24C32-FMN6TP,STMicroelectronics,IC EEPROM 32KBIT I2C 1MHZ 8SOIC,memory,21895,0.32,"8-SOIC (0.154"", 3.90mm Width)",Surface Mount,Active,https://www.st.com/content/ccc/resource/technical/document/datasheet/80/4e/8c/54/f2/63/4c/4a/CD00001012.pdf/files/CD00001012.pdf/jcr:content/translations/en.CD00001012.pdf,https://www.digikey.com/en/products/detail/stmicroelectronics/M24C32-FMN6TP/4729288,450 ns,1 MHz,Verified,,EEPROM,I2C,4K x 8,32Kbit,Non-Volatile,-40°C ~ 85°C (TA),,,EEPROM,1.7V ~ 5.5V,5ms
M24C32-RDW6TP,STMicroelectronics,IC EEPROM 32KBIT I2C 1MHZ 8TSSOP,memory,13172,0.32,"8-TSSOP (0.173"", 4.40mm Width)",Surface Mount,Active,https://www.st.com/content/ccc/resource/technical/document/datasheet/80/4e/8c/54/f2/63/4c/4a/CD00001012.pdf/files/CD00001012.pdf/jcr:content/translations/en.CD00001012.pdf,https://www.digikey.com/en/products/detail/stmicroelectronics/M24C32-RDW6TP/1663599,450 ns,1 MHz,Not Verified,,EEPROM,I2C,4K x 8,32Kbit,Non-Volatile,-40°C ~ 85°C (TA),,,EEPROM,1.8V ~ 5.5V,5ms
M24C32-WMN6TP,STMicroelectronics,IC EEPROM 32KBIT I2C 1MHZ 8SOIC,memory,9949,0.29,"8-SOIC (0.154"", 3.90mm Width)",Surface Mount,Not For New Designs,https://www.st.com/content/ccc/resource/technical/document/datasheet/80/4e/8c/54/f2/63/4c/4a/CD00001012.pdf/files/CD00001012.pdf/jcr:content/translations/en.CD00001012.pdf,https://www.digikey.com/en/products/detail/stmicroelectronics/M24C32-WMN6TP/934070,450 ns,1 MHz,Verified,,EEPROM,I2C,4K x 8,32Kbit,Non-Volatile,-40°C ~ 85°C (TA),,,EEPROM,2.5V ~ 5.5V,5ms
M24C64-DFCT6TP/K,STMicroelectronics,IC EEPROM 64KBIT I2C 1MHZ 8WLCSP,memory,30257,0.64,"8-XFBGA, WLCSP",Surface Mount,Active,https://www.st.com/content/ccc/resource/technical/document/datasheet/5c/df/52/a5/15/f2/48/bd/CD00259166.pdf/files/CD00259166.pdf/jcr:content/translations/en.CD00259166.pdf,https://www.digikey.com/en/products/detail/stmicroelectronics/M24C64-DFCT6TP-K/4428859,450 ns,1 MHz,Not Verified,,EEPROM,I2C,8K x 8,64Kbit,Non-Volatile,-40°C ~ 85°C (TA),,,EEPROM,1.7V ~ 5.5V,5ms
M24C64-DFMC6TG,STMicroelectronics,IC EEPROM 64KBIT I2C 8UFDFPN,memory,13424,0.54,8-UFDFN Exposed Pad,Surface Mount,Active,https://www.st.com/content/ccc/resource/technical/document/datasheet/5c/df/52/a5/15/f2/48/bd/CD00259166.pdf/files/CD00259166.pdf/jcr:content/translations/en.CD00259166.pdf,https://www.digikey.com/en/products/detail/stmicroelectronics/M24C64-DFMC6TG/3087705,450 ns,1 MHz,Not Verified,,EEPROM,I2C,8K x 8,64Kbit,Non-Volatile,-40°C ~ 85°C (TA),,,EEPROM,1.7V ~ 5.5V,5ms
M24C64-DFMN6TP,STMicroelectronics,IC EEPROM 64KBIT I2C 1MHZ 8SOIC,memory,4319,0.42,"8-SOIC (0.154"", 3.90mm Width)",Surface Mount,Active,https://www.st.com/content/ccc/resource/technical/document/datasheet/5c/df/52/a5/15/f2/48/bd/CD00259166.pdf/files/CD00259166.pdf/jcr:content/translations/en.CD00259166.pdf,https://www.digikey.com/en/products/detail/stmicroelectronics/M24C64-DFMN6TP/3087706,450 ns,1 MHz,Verified,,EEPROM,I2C,8K x 8,64Kbit,Non-Volatile,-40°C ~ 85°C (TA),,,EEPROM,1.7V ~ 5.5V,5ms
M24C64-DRDW3TP/K,STMicroelectronics,IC EEPROM 64KBIT I2C 1MHZ 8TSSOP,memory,19389,0.92,"8-TSSOP (0.173"", 4.40mm Width)",Surface Mount,Active,https://www.st.com/content/ccc/resource/technical/document/datasheet/fb/a8/54/5c/60/09/4e/cd/DM00051766.pdf/files/DM00051766.pdf/jcr:content/translations/en.DM00051766.pdf,https://www.digikey.com/en/products/detail/stmicroelectronics/M24C64-DRDW3TP-K/4729230,450 ns,1 MHz,Not Verified,Automotive,EEPROM,I2C,8K x 8,64Kbit,Non-Volatile,-40°C ~ 125°C (TA),AEC-Q100,,EEPROM,1.8V ~ 5.5V,4ms
M24C64-DRDW8TP/K,STMicroelectronics,IC EEPROM 64KBIT I2C 1MHZ 8TSSOP,memory,4010,0.44,"8-TSSOP (0.173"", 4.40mm Width)",Surface Mount,Active,https://www.st.com/content/ccc/resource/technical/document/datasheet/2b/d0/60/68/e0/38/41/6b/DM00155869.pdf/files/DM00155869.pdf/jcr:content/translations/en.DM00155869.pdf,https://www.digikey.com/en/products/detail/stmicroelectronics/M24C64-DRDW8TP-K/5175402,450 ns,1 MHz,Not Verified,Automotive,EEPROM,I2C,8K x 8,64Kbit,Non-Volatile,-40°C ~ 105°C (TA),AEC-Q100,,EEPROM,1.8V ~ 5.5V,4ms
M24C64-DRMF3TG/K,STMicroelectronics,IC EEPROM 64KBIT I2C 1MHZ 8MLP,memory,17948,0.92,8-WFDFN Exposed Pad,Surface Mount,Active,https://www.st.com/content/ccc/resource/technical/document/datasheet/fb/a8/54/5c/60/09/4e/cd/DM00051766.pdf/files/DM00051766.pdf/jcr:content/translations/en.DM00051766.pdf,https://www.digikey.com/en/products/detail/stmicroelectronics/M24C64-DRMF3TG-K/5175413,450 ns,1 MHz,Not Verified,Automotive,EEPROM,I2C,8K x 8,64Kbit,Non-Volatile,-40°C ~ 125°C (TA),AEC-Q100,,EEPROM,1.8V ~ 5.5V,4ms
M24C64-DRMN3TP/K,STMicroelectronics,IC EEPROM 64KBIT I2C 1MHZ 8SOIC,memory,13143,0.92,"8-SOIC (0.154"", 3.90mm Width)",Surface Mount,Active,https://www.st.com/content/ccc/resource/technical/document/datasheet/fb/a8/54/5c/60/09/4e/cd/DM00051766.pdf/files/DM00051766.pdf/jcr:content/translations/en.DM00051766.pdf,https://www.digikey.com/en/products/detail/stmicroelectronics/M24C64-DRMN3TP-K/4729231,450 ns,1 MHz,Verified,Automotive,EEPROM,I2C,8K x 8,64Kbit,Non-Volatile,-40°C ~ 125°C (TA),AEC-Q100,,EEPROM,1.8V ~ 5.5V,4ms
M24C64-DRMN8TP/K,STMicroelectronics,IC EEPROM 64KBIT I2C 1MHZ 8SOIC,memory,5608,0.45,"8-SOIC (0.154"", 3.90mm Width)",Surface Mount,Active,https://www.st.com/content/ccc/resource/technical/document/datasheet/2b/d0/60/68/e0/38/41/6b/DM00155869.pdf/files/DM00155869.pdf/jcr:content/translations/en.DM00155869.pdf,https://www.digikey.com/en/products/detail/stmicroelectronics/M24C64-DRMN8TP-K/5175403,450 ns,1 MHz,Verified,Automotive,EEPROM,I2C,8K x 8,64Kbit,Non-Volatile,-40°C ~ 105°C (TA),AEC-Q100,,EEPROM,1.8V ~ 5.5V,4ms
M24C64-FCS6TP/K,STMicroelectronics,IC EEPROM 64KBIT I2C 1MHZ 5WLCSP,memory,6820,0.66,"5-UFBGA, WLCSP",Surface Mount,Active,https://www.st.com/content/ccc/resource/technical/document/datasheet/5c/df/52/a5/15/f2/48/bd/CD00259166.pdf/files/CD00259166.pdf/jcr:content/translations/en.CD00259166.pdf,https://www.digikey.com/en/products/detail/stmicroelectronics/M24C64-FCS6TP-K/3455574,450 ns,1 MHz,Not Verified,,EEPROM,I2C,8K x 8,64Kbit,Non-Volatile,-40°C ~ 85°C (TA),,,EEPROM,1.7V ~ 5.5V,5ms
M24C64-FMH6TG,STMicroelectronics,IC EEPROM 64KBIT I2C 5UFDFPN,memory,35979,0.39,5-UFDFN,Surface Mount,Active,https://www.st.com/content/ccc/resource/technical/document/datasheet/5c/df/52/a5/15/f2/48/bd/CD00259166.pdf/files/CD00259166.pdf/jcr:content/translations/en.CD00259166.pdf,https://www.digikey.com/en/products/detail/stmicroelectronics/M24C64-FMH6TG/7348332,450 ns,1 MHz,Not Verified,,EEPROM,I2C,8K x 8,64Kbit,Non-Volatile,-40°C ~ 85°C (TA),,,EEPROM,1.7V ~ 5.5V,5ms
M24C64-FMN6TP,STMicroelectronics,IC EEPROM 64KBIT I2C 1MHZ 8SOIC,memory,9643,0.34,"8-SOIC (0.154"", 3.90mm Width)",Surface Mount,Active,https://www.st.com/content/ccc/resource/technical/document/datasheet/5c/df/52/a5/15/f2/48/bd/CD00259166.pdf/files/CD00259166.pdf/jcr:content/translations/en.CD00259166.pdf,https://www.digikey.com/en/products/detail/stmicroelectronics/M24C64-FMN6TP/4729291,450 ns,1 MHz,Verified,,EEPROM,I2C,8K x 8,64Kbit,Non-Volatile,-40°C ~ 85°C (TA),,,EEPROM,1.7V ~ 5.5V,5ms
M24C64-RDW6TP,STMicroelectronics,IC EEPROM 64KBIT I2C 1MHZ 8TSSOP,memory,4551,0.3,"8-TSSOP (0.173"", 4.40mm Width)",Surface Mount,Active,https://www.st.com/content/ccc/resource/technical/document/datasheet/5c/df/52/a5/15/f2/48/bd/CD00259166.pdf/files/CD00259166.pdf/jcr:content/translations/en.CD00259166.pdf,https://www.digikey.com/en/products/detail/stmicroelectronics/M24C64-RDW6TP/1663607,450 ns,1 MHz,Not Verified,,EEPROM,I2C,8K x 8,64Kbit,Non-Volatile,-40°C ~ 85°C (TA),,,EEPROM,1.8V ~ 5.5V,5ms
M24C64-RMN6P,STMicroelectronics,IC EEPROM 64KBIT I2C 1MHZ 8SOIC,memory,3523,0.35,"8-SOIC (0.154"", 3.90mm Width)",Surface Mount,Active,https://www.st.com/content/ccc/resource/technical/document/datasheet/5c/df/52/a5/15/f2/48/bd/CD00259166.pdf/files/CD00259166.pdf/jcr:content/translations/en.CD00259166.pdf,https://www.digikey.com/en/products/detail/stmicroelectronics/M24C64-RMN6P/1663608,450 ns,1 MHz,Verified,,EEPROM,I2C,8K x 8,64Kbit,Non-Volatile,-40°C ~ 85°C (TA),,,EEPROM,1.8V ~ 5.5V,5ms
M24C64-RMN6TP,STMicroelectronics,IC EEPROM 64KBIT I2C 1MHZ 8SOIC,memory,13770,0.33,"8-SOIC (0.154"", 3.90mm Width)",Surface Mount,Active,https://www.st.com/content/ccc/resource/technical/document/datasheet/5c/df/52/a5/15/f2/48/bd/CD00259166.pdf/files/CD00259166.pdf/jcr:content/translations/en.CD00259166.pdf,https://www.digikey.com/en/products/detail/stmicroelectronics/M24C64-RMN6TP/1663609,450 ns,1 MHz,Verified,,EEPROM,I2C,8K x 8,64Kbit,Non-Volatile,-40°C ~ 85°C (TA),,,EEPROM,1.8V ~ 5.5V,5ms
M24C64-UFMN6TP,STMicroelectronics,GP EEPROM_MM,memory,3629,0.31,"8-SOIC (0.154"", 3.90mm Width)",Surface Mount,Active,https://www.st.com/resource/en/datasheet/m24c64-f.pdf,https://www.digikey.com/en/products/detail/stmicroelectronics/M24C64-UFMN6TP/26254388,450 ns,1 MHz,,,EEPROM,I2C,8K x 8,64Kbit,Non-Volatile,-40°C ~ 85°C (TA),,,EEPROM,1.7V ~ 5.5V,5ms
M24C64-WDW6TP,STMicroelectronics,IC EEPROM 64KBIT I2C 1MHZ 8TSSOP,memory,4307,0.34,"8-TSSOP (0.173"", 4.40mm Width)",Surface Mount,Not For New Designs,https://www.st.com/content/ccc/resource/technical/document/datasheet/5c/df/52/a5/15/f2/48/bd/CD00259166.pdf/files/CD00259166.pdf/jcr:content/translations/en.CD00259166.pdf,https://www.digikey.com/en/products/detail/stmicroelectronics/M24C64-WDW6TP/1663611,450 ns,1 MHz,Verified,,EEPROM,I2C,8K x 8,64Kbit,Non-Volatile,-40°C ~ 85°C (TA),,,EEPROM,2.5V ~ 5.5V,5ms
M24C64-WMN6P,STMicroelectronics,IC EEPROM 64KBIT I2C 1MHZ 8SOIC,memory,7976,0.35,"8-SOIC (0.154"", 3.90mm Width)",Surface Mount,Not For New Designs,https://www.st.com/content/ccc/resource/technical/document/datasheet/5c/df/52/a5/15/f2/48/bd/CD00259166.pdf/files/CD00259166.pdf/jcr:content/translations/en.CD00259166.pdf,https://www.digikey.com/en/products/detail/stmicroelectronics/M24C64-WMN6P/1852268,450 ns,1 MHz,Verified,,EEPROM,I2C,8K x 8,64Kbit,Non-Volatile,-40°C ~ 85°C (TA),,,EEPROM,2.5V ~ 5.5V,5ms
M24C64X-FCU8T/TF,STMicroelectronics,64-KBITSERIAL 12C BUS EEPROM,memory,10128,0.2,"4-XFBGA, WLCSP",Surface Mount,Active,https://www.st.com/resource/en/datasheet/m24c64x-dre.pdf,https://www.digikey.com/en/products/detail/stmicroelectronics/M24C64X-FCU8T-TF/27543666,650 ns,1 MHz,,,EEPROM,I2C,8K x 8,64Kbit,Non-Volatile,-40°C ~ 105°C (TA),,,EEPROM,1.7V ~ 5.5V,5ms
M24M01-DFCS6TP/K,STMicroelectronics,IC EEPROM 1MBIT I2C 1MHZ 8WLCSP,memory,22426,2.54,"8-UFBGA, WLCSP",Surface Mount,Active,https://www.st.com/content/ccc/resource/technical/document/datasheet/group0/cb/91/ba/7d/0b/c1/4d/f6/CD00147128/files/CD00147128.pdf/jcr:content/translations/en.CD00147128.pdf,https://www.digikey.com/en/products/detail/stmicroelectronics/M24M01-DFCS6TP-K/3946172,500 ns,1 MHz,Not Verified,,EEPROM,I2C,128K x 8,1Mbit,Non-Volatile,-40°C ~ 85°C (TA),,,EEPROM,1.7V ~ 5.5V,5ms
M24M01-DFDW6TP,STMicroelectronics,IC EEPROM 1MBIT I2C 1MHZ 8TSSOP,memory,2810,1.96,"8-TSSOP (0.173"", 4.40mm Width)",Surface Mount,Active,https://www.st.com/resource/en/datasheet/m24c16-f.pdf,https://www.digikey.com/en/products/detail/stmicroelectronics/M24M01-DFDW6TP/4729292,500 ns,1 MHz,Not Verified,,EEPROM,I2C,128K x 8,1Mbit,Non-Volatile,-40°C ~ 85°C (TA),,,EEPROM,1.7V ~ 5.5V,5ms
M24M01-DFMN6TP,STMicroelectronics,IC EEPROM 1MBIT I2C 1MHZ 8SOIC,memory,17054,1.86,"8-SOIC (0.154"", 3.90mm Width)",Surface Mount,Active,https://www.st.com/content/ccc/resource/technical/document/datasheet/group0/cb/91/ba/7d/0b/c1/4d/f6/CD00147128/files/CD00147128.pdf/jcr:content/translations/en.CD00147128.pdf,https://www.digikey.com/en/products/detail/stmicroelectronics/M24M01-DFMN6TP/4357388,500 ns,1 MHz,Verified,,EEPROM,I2C,128K x 8,1Mbit,Non-Volatile,-40°C ~ 85°C (TA),,,EEPROM,1.7V ~ 5.5V,5ms
M24M01-DWDW3TP/K,STMicroelectronics,IC EEPROM 1MBIT I2C 1MHZ 8TSSOP,memory,5630,2.77,"8-TSSOP (0.173"", 4.40mm Width)",Surface Mount,Active,https://www.st.com/content/ccc/resource/technical/document/datasheet/fe/8a/5d/cf/fe/3d/42/1d/DM00067067.pdf/files/DM00067067.pdf/jcr:content/translations/en.DM00067067.pdf,https://www.digikey.com/en/products/detail/stmicroelectronics/M24M01-DWDW3TP-K/4729232,450 ns,1 MHz,Not Verified,Automotive,EEPROM,I2C,128K x 8,1Mbit,Non-Volatile,-40°C ~ 125°C (TA),AEC-Q100,,EEPROM,2.5V ~ 5.5V,4ms
M24M01-DWMN3TP/K,STMicroelectronics,IC EEPROM 1MBIT I2C 1MHZ 8SOIC,memory,2015,3.24,"8-SOIC (0.154"", 3.90mm Width)",Surface Mount,Active,https://www.st.com/content/ccc/resource/technical/document/datasheet/fe/8a/5d/cf/fe/3d/42/1d/DM00067067.pdf/files/DM00067067.pdf/jcr:content/translations/en.DM00067067.pdf,https://www.digikey.com/en/products/detail/stmicroelectronics/M24M01-DWMN3TP-K/4729233,450 ns,1 MHz,Not Verified,Automotive,EEPROM,I2C,128K x 8,1Mbit,Non-Volatile,-40°C ~ 125°C (TA),AEC-Q100,,EEPROM,2.5V ~ 5.5V,4ms
M24M01-RDW6TP,STMicroelectronics,IC EEPROM 1MBIT I2C 1MHZ 8TSSOP,memory,13324,1.65,"8-TSSOP (0.173"", 4.40mm Width)",Surface Mount,Active,https://www.st.com/content/ccc/resource/technical/document/datasheet/group0/cb/91/ba/7d/0b/c1/4d/f6/CD00147128/files/CD00147128.pdf/jcr:content/translations/en.CD00147128.pdf,https://www.digikey.com/en/products/detail/stmicroelectronics/M24M01-RDW6TP/4357389,500 ns,1 MHz,Not Verified,,EEPROM,I2C,128K x 8,1Mbit,Non-Volatile,-40°C ~ 85°C (TA),,,EEPROM,1.8V ~ 5.5V,5ms
M24M01-RMN6P,STMicroelectronics,IC EEPROM 1MBIT I2C 1MHZ 8SOIC,memory,2420,1.94,"8-SOIC (0.154"", 3.90mm Width)",Surface Mount,Active,https://www.st.com/content/ccc/resource/technical/document/datasheet/group0/cb/91/ba/7d/0b/c1/4d/f6/CD00147128/files/CD00147128.pdf/jcr:content/translations/en.CD00147128.pdf,https://www.digikey.com/en/products/detail/stmicroelectronics/M24M01-RMN6P/1852269,500 ns,1 MHz,Not Verified,,EEPROM,I2C,128K x 8,1Mbit,Non-Volatile,-40°C ~ 85°C (TA),,,EEPROM,1.8V ~ 5.5V,5ms
M24M01-RMN6TP,STMicroelectronics,IC EEPROM 1MBIT I2C 1MHZ 8SOIC,memory,5253,1.57,"8-SOIC (0.154"", 3.90mm Width)",Surface Mount,Active,https://www.st.com/content/ccc/resource/technical/document/datasheet/group0/cb/91/ba/7d/0b/c1/4d/f6/CD00147128/files/CD00147128.pdf/jcr:content/translations/en.CD00147128.pdf,https://www.digikey.com/en/products/detail/stmicroelectronics/M24M01-RMN6TP/1827919,500 ns,1 MHz,Verified,,EEPROM,I2C,128K x 8,1Mbit,Non-Volatile,-40°C ~ 85°C (TA),,,EEPROM,1.8V ~ 5.5V,5ms
M24M01E-FDW6TP,STMicroelectronics,IC EEPROM 1MBIT I2C 1MHZ 8TSSOP,memory,1921,1.09,"8-TSSOP (0.173"", 4.40mm Width)",Surface Mount,Active,https://www.st.com/resource/en/datasheet/m24m01e-f.pdf,https://www.digikey.com/en/products/detail/stmicroelectronics/M24M01E-FDW6TP/21348910,450 ns,1 MHz,,,EEPROM,I2C,128K x 8,1Mbit,Non-Volatile,-40°C ~ 85°C (TA),,,EEPROM,1.6V ~ 5.5V,4ms
M24M01E-FMC6TG,STMicroelectronics,IC EEPROM 1MBIT I2C 1MHZ 8UFDFPN,memory,20845,1.11,8-UFDFN Exposed Pad,Surface Mount,Active,https://www.st.com/resource/en/datasheet/m24m01e-f.pdf,https://www.digikey.com/en/products/detail/stmicroelectronics/M24M01E-FMC6TG/21349016,450 ns,1 MHz,,,EEPROM,I2C,128K x 8,1Mbit,Non-Volatile,-40°C ~ 85°C (TA),,,EEPROM,1.6V ~ 5.5V,4ms
M24M01E-FMN6TP,STMicroelectronics,IC EEPROM 1MBIT I2C 1MHZ 8SO,memory,9856,1.04,"8-SOIC (0.154"", 3.90mm Width)",Surface Mount,Active,https://www.st.com/resource/en/datasheet/m24m01e-f.pdf,https://www.digikey.com/en/products/detail/stmicroelectronics/M24M01E-FMN6TP/20686462,450 ns,1 MHz,,,EEPROM,I2C,128K x 8,1Mbit,Non-Volatile,-40°C ~ 85°C (TA),,,EEPROM,1.6V ~ 5.5V,4ms
M24M01X-FCU6T/VF,STMicroelectronics,1 MBIT SERIAL I2C BUS EEPROM,memory,9622,1.01,"4-XFBGA, WLCSP",Surface Mount,Active,https://www.st.com/resource/en/datasheet/m24m01x-f.pdf,https://www.digikey.com/en/products/detail/stmicroelectronics/M24M01X-FCU6T-VF/25550860,450 ns,1 MHz,,,EEPROM,I2C,128K x 8,1Mbit,Non-Volatile,-40°C ~ 85°C (TA),,,EEPROM,1.6V ~ 5.5V,4ms
M24M02-DRCS6TP/K,STMicroelectronics,IC EEPROM 2MBIT I2C 1MHZ 8WLCSP,memory,8920,4.1,"8-UBGA, WLCSP",Surface Mount,Active,https://www.st.com/content/ccc/resource/technical/document/datasheet/b7/de/9b/f6/03/28/4e/8e/CD00290537.pdf/files/CD00290537.pdf/jcr:content/translations/en.CD00290537.pdf,https://www.digikey.com/en/products/detail/stmicroelectronics/M24M02-DRCS6TP-K/4428860,450 ns,1 MHz,Not Verified,,EEPROM,I2C,256K x 8,2Mbit,Non-Volatile,-40°C ~ 85°C (TA),,,EEPROM,1.8V ~ 5.5V,10ms
M24M02-DWMN3TP/K,STMicroelectronics,IC EEPROM 2MBIT I2C 1MHZ 8SOIC,memory,6761,5.07,"8-SOIC (0.154"", 3.90mm Width)",Surface Mount,Active,https://www.st.com/content/ccc/resource/technical/document/datasheet/83/f4/3e/e4/4e/49/42/c5/DM00200595.pdf/files/DM00200595.pdf/jcr:content/translations/en.DM00200595.pdf,https://www.digikey.com/en/products/detail/stmicroelectronics/M24M02-DWMN3TP-K/5764573,450 ns,1 MHz,Not Verified,Automotive,EEPROM,I2C,256K x 8,2Mbit,Non-Volatile,-40°C ~ 125°C (TA),AEC-Q100,,EEPROM,2.5V ~ 5.5V,4ms
M24M02E-FCS6T/VF,STMicroelectronics,2 MBIT SERIAL I2C BUS EEPROM WIT,memory,8520,1.84,"5-XFBGA, WLCSP",Surface Mount,Active,https://www.st.com/resource/en/datasheet/m24m02e-f.pdf,https://www.digikey.com/en/products/detail/stmicroelectronics/M24M02E-FCS6T-VF/25609332,450 ns,1 MHz,,,EEPROM,I2C,256K x 8,2Mbit,Non-Volatile,-40°C ~ 85°C (TA),,,EEPROM,1.6V ~ 5.5V,4ms
M24M02E-FDW6TP,STMicroelectronics,IC EEPROM 2MBIT I2C 8TSSOP,memory,3152,1.6,"8-TSSOP (0.173"", 4.40mm Width)",Surface Mount,Active,https://www.st.com/resource/en/datasheet/m24m02e-f.pdf,https://www.digikey.com/en/products/detail/stmicroelectronics/M24M02E-FDW6TP/21700756,450 ns,1 MHz,,,EEPROM,I2C,256K x 8,2Mbit,Non-Volatile,-40°C ~ 85°C (TA),,,EEPROM,1.6V ~ 5.5V,4ms
M24M02E-FMC6TG,STMicroelectronics,IC EEPROM 2MBIT I2C 8UFDFPN,memory,4038,1.67,8-UFDFN Exposed Pad,Surface Mount,Active,https://www.st.com/resource/en/datasheet/m24m02e-f.pdf,https://www.digikey.com/en/products/detail/stmicroelectronics/M24M02E-FMC6TG/23626895,450 ns,1 MHz,,,EEPROM,I2C,256K x 8,2Mbit,Non-Volatile,-40°C ~ 85°C (TA),,,EEPROM,1.6V ~ 5.5V,4ms
M24M02E-UFMN6TP,STMicroelectronics,GP EEPROM_MM,memory,2511,1.69,"8-SOIC (0.154"", 3.90mm Width)",Surface Mount,Active,https://www.st.com/resource/en/datasheet/m24m02e-u.pdf,https://www.digikey.com/en/products/detail/stmicroelectronics/M24M02E-UFMN6TP/26254200,450 ns,1 MHz,,,EEPROM,I2C,256K x 8,2Mbit,Non-Volatile,-40°C ~ 85°C (TA),,,EEPROM,1.6V ~ 5.5V,4ms
M34E04-FMC9TG,STMicroelectronics,IC EEPROM 4KBIT I2C 1MHZ 8UFDFPN,memory,6717,0.34,8-UFDFN Exposed Pad,Surface Mount,Active,https://www.st.com/content/ccc/resource/technical/document/datasheet/3d/3b/76/6c/ed/d0/49/c8/DM00058022.pdf/files/DM00058022.pdf/jcr:content/translations/en.DM00058022.pdf,https://www.digikey.com/en/products/detail/stmicroelectronics/M34E04-FMC9TG/4959848,,1 MHz,Not Verified,,EEPROM,I2C,512 x 8,4Kbit,Non-Volatile,0°C ~ 95°C (TA),,,EEPROM,1.7V ~ 3.6V,5ms
M93C46-WDW6TP,STMicroelectronics,IC EEPROM 1KBIT MICROWIRE 8TSSOP,memory,44876,0.23,"8-TSSOP (0.173"", 4.40mm Width)",Surface Mount,Active,https://www.st.com/resource/en/datasheet/m93c46-w.pdf,https://www.digikey.com/en/products/detail/stmicroelectronics/M93C46-WDW6TP/1664121,,2 MHz,Verified,,EEPROM,Microwire,"128 x 8, 64 x 16",1Kbit,Non-Volatile,-40°C ~ 85°C (TA),,,EEPROM,2.5V ~ 5.5V,5ms
M93C46-WMN6P,STMicroelectronics,IC EEPROM 1KBIT MICROWIRE 8SOIC,memory,6189,0.2187,"8-SOIC (0.154"", 3.90mm Width)",Surface Mount,Active,https://www.st.com/resource/en/datasheet/m93c46-w.pdf,https://www.digikey.com/en/products/detail/stmicroelectronics/M93C46-WMN6P/1664122,,2 MHz,Not Verified,,EEPROM,Microwire,"128 x 8, 64 x 16",1Kbit,Non-Volatile,-40°C ~ 85°C (TA),,,EEPROM,2.5V ~ 5.5V,5ms
M93C46-WMN6TP,STMicroelectronics,IC EEPROM 1KBIT MICROWIRE 8-SOIC,memory,14095,0.22,"8-SOIC (0.154"", 3.90mm Width)",Surface Mount,Active,https://www.st.com/resource/en/datasheet/m93c76-r.pdf,https://www.digikey.com/en/products/detail/stmicroelectronics/M93C46-WMN6TP/1115155,,2 MHz,Verified,,EEPROM,Microwire,"128 x 8, 64 x 16",1Kbit,Non-Volatile,-40°C ~ 85°C (TA),,,EEPROM,2.5V ~ 5.5V,5ms
M93C56-WDW6TP,STMicroelectronics,IC EEPROM 2KBIT MICROWIRE 8TSSOP,memory,8052,0.27,"8-TSSOP (0.173"", 4.40mm Width)",Surface Mount,Active,https://www.st.com/resource/en/datasheet/m93c46-w.pdf,https://www.digikey.com/en/products/detail/stmicroelectronics/M93C56-WDW6TP/1664131,,2 MHz,Not Verified,,EEPROM,Microwire,"256 x 8, 128 x 16",2Kbit,Non-Volatile,-40°C ~ 85°C (TA),,,EEPROM,2.5V ~ 5.5V,5ms
M93C56-WMN6TP,STMicroelectronics,IC EEPROM 2KBIT MICROWIRE 8-SOIC,memory,14650,0.26,"8-SOIC (0.154"", 3.90mm Width)",Surface Mount,Active,https://www.st.com/resource/en/datasheet/m93c76-r.pdf,https://www.digikey.com/en/products/detail/stmicroelectronics/M93C56-WMN6TP/1664133,,2 MHz,Verified,,EEPROM,Microwire,"256 x 8, 128 x 16",2Kbit,Non-Volatile,-40°C ~ 85°C (TA),,,EEPROM,2.5V ~ 5.5V,5ms
M93C66-RMC6TG,STMicroelectronics,IC EEPROM 4KBIT MIC WIRE 8UFDFPN,memory,9547,0.34,8-UFDFN Exposed Pad,Surface Mount,Active,https://www.st.com/resource/en/datasheet/m93c46-w.pdf,https://www.digikey.com/en/products/detail/stmicroelectronics/M93C66-RMC6TG/3087713,,1 MHz,Not Verified,,EEPROM,Microwire,"512 x 8, 256 x 16",4Kbit,Non-Volatile,-40°C ~ 85°C (TA),,,EEPROM,1.8V ~ 5.5V,5ms
M93C66-RMN3TP/K,STMicroelectronics,IC EEPROM 4KBIT MICROWIRE 8-SOIC,memory,15072,0.67,"8-SOIC (0.154"", 3.90mm Width)",Surface Mount,Active,https://www.st.com/resource/en/datasheet/m93c76-r.pdf,https://www.digikey.com/en/products/detail/stmicroelectronics/M93C66-RMN3TP-K/4729239,,2 MHz,Not Verified,Automotive,EEPROM,Microwire,"512 x 8, 256 x 16",4Kbit,Non-Volatile,-40°C ~ 125°C (TA),AEC-Q100,,EEPROM,1.8V ~ 5.5V,5ms
M93C66-WDW6TP,STMicroelectronics,IC EEPROM 4KBIT MICROWIRE 8TSSOP,memory,12199,0.29,"8-TSSOP (0.173"", 4.40mm Width)",Surface Mount,Active,https://www.st.com/resource/en/datasheet/m93c46-w.pdf,https://www.digikey.com/en/products/detail/stmicroelectronics/M93C66-WDW6TP/1664137,,2 MHz,Verified,,EEPROM,Microwire,"512 x 8, 256 x 16",4Kbit,Non-Volatile,-40°C ~ 85°C (TA),,,EEPROM,2.5V ~ 5.5V,5ms
M93C66-WMN6P,STMicroelectronics,IC EEPROM 4KBIT MICROWIRE 8SOIC,memory,4759,0.3,"8-SOIC (0.154"", 3.90mm Width)",Surface Mount,Active,https://www.st.com/resource/en/datasheet/m93c46-w.pdf,https://www.digikey.com/en/products/detail/stmicroelectronics/M93C66-WMN6P/932597,,2 MHz,Verified,,EEPROM,Microwire,"512 x 8, 256 x 16",4Kbit,Non-Volatile,-40°C ~ 85°C (TA),,,EEPROM,2.5V ~ 5.5V,5ms
M93C86-WMN6P,STMicroelectronics,IC EEPROM 16KBIT MICROWIRE 8SOIC,memory,2856,0.49,"8-SOIC (0.154"", 3.90mm Width)",Surface Mount,Active,https://www.st.com/resource/en/datasheet/m93c46-w.pdf,https://www.digikey.com/en/products/detail/stmicroelectronics/M93C86-WMN6P/932223,,2 MHz,Verified,,EEPROM,Microwire,"2K x 8, 1K x 16",16Kbit,Non-Volatile,-40°C ~ 85°C (TA),,,EEPROM,2.5V ~ 5.5V,5ms
M93C86-WMN6TP,STMicroelectronics,IC EEPROM 16KBIT MICROWIRE 8SOIC,memory,6839,0.44,"8-SOIC (0.154"", 3.90mm Width)",Surface Mount,Active,https://www.st.com/resource/en/datasheet/m93c46-w.pdf,https://www.digikey.com/en/products/detail/stmicroelectronics/M93C86-WMN6TP/1664149,,2 MHz,Verified,,EEPROM,Microwire,"2K x 8, 1K x 16",16Kbit,Non-Volatile,-40°C ~ 85°C (TA),,,EEPROM,2.5V ~ 5.5V,5ms
M95010-WMN6TP,STMicroelectronics,IC EEPROM 1KBIT SPI 20MHZ 8SOIC,memory,4752,0.31,"8-SOIC (0.154"", 3.90mm Width)",Surface Mount,Active,https://www.st.com/content/ccc/resource/technical/document/datasheet/cc/12/59/af/45/f3/4d/11/CD00001755.pdf/files/CD00001755.pdf/jcr:content/translations/en.CD00001755.pdf,https://www.digikey.com/en/products/detail/stmicroelectronics/M95010-WMN6TP/1664162,,20 MHz,Verified,,EEPROM,SPI,128 x 8,1Kbit,Non-Volatile,-40°C ~ 85°C (TA),,,EEPROM,2.5V ~ 5.5V,5ms
M95020-WMN6TP,STMicroelectronics,IC EEPROM 2KBIT SPI 20MHZ 8SOIC,memory,8414,0.32,"8-SOIC (0.154"", 3.90mm Width)",Surface Mount,Active,https://www.st.com/content/ccc/resource/technical/document/datasheet/cc/12/59/af/45/f3/4d/11/CD00001755.pdf/files/CD00001755.pdf/jcr:content/translations/en.CD00001755.pdf,https://www.digikey.com/en/products/detail/stmicroelectronics/M95020-WMN6TP/1664166,,20 MHz,Verified,,EEPROM,SPI,256 x 8,2Kbit,Non-Volatile,-40°C ~ 85°C (TA),,,EEPROM,2.5V ~ 5.5V,5ms
M95040-WMN6TP,STMicroelectronics,IC EEPROM 4KBIT SPI 20MHZ 8SOIC,memory,23539,0.36,"8-SOIC (0.154"", 3.90mm Width)",Surface Mount,Active,https://www.st.com/content/ccc/resource/technical/document/datasheet/cc/12/59/af/45/f3/4d/11/CD00001755.pdf/files/CD00001755.pdf/jcr:content/translations/en.CD00001755.pdf,https://www.digikey.com/en/products/detail/stmicroelectronics/M95040-WMN6TP/933741,,20 MHz,Not Verified,,EEPROM,SPI,512 x 8,4Kbit,Non-Volatile,-40°C ~ 85°C (TA),,,EEPROM,2.5V ~ 5.5V,5ms
M95080-WDW6TP,STMicroelectronics,IC EEPROM 8KBIT SPI 20MHZ 8TSSOP,memory,4621,0.39,"8-TSSOP (0.173"", 4.40mm Width)",Surface Mount,Active,https://www.st.com/content/ccc/resource/technical/document/datasheet/28/42/21/c1/13/bf/47/9a/DM00043274.pdf/files/DM00043274.pdf/jcr:content/translations/en.DM00043274.pdf,https://www.digikey.com/en/products/detail/stmicroelectronics/M95080-WDW6TP/1664175,,20 MHz,Verified,,EEPROM,SPI,1K x 8,8Kbit,Non-Volatile,-40°C ~ 85°C (TA),,,EEPROM,2.5V ~ 5.5V,5ms
M95080-WMN6TP,STMicroelectronics,IC EEPROM 8KBIT SPI 20MHZ 8SOIC,memory,5614,0.29,"8-SOIC (0.154"", 3.90mm Width)",Surface Mount,Active,https://www.st.com/content/ccc/resource/technical/document/datasheet/28/42/21/c1/13/bf/47/9a/DM00043274.pdf/files/DM00043274.pdf/jcr:content/translations/en.DM00043274.pdf,https://www.digikey.com/en/products/detail/stmicroelectronics/M95080-WMN6TP/1664178,,20 MHz,Not Verified,,EEPROM,SPI,1K x 8,8Kbit,Non-Volatile,-40°C ~ 85°C (TA),,,EEPROM,2.5V ~ 5.5V,5ms
M95128-DRDW8TP/K,STMicroelectronics,IC EEPROM 128KBIT SPI 8TSSOP,memory,7575,1.0,"8-TSSOP (0.173"", 4.40mm Width)",Surface Mount,Active,https://www.st.com/content/ccc/resource/technical/document/datasheet/fd/d6/69/3a/b3/a6/49/70/DM00159863.pdf/files/DM00159863.pdf/jcr:content/translations/en.DM00159863.pdf,https://www.digikey.com/en/products/detail/stmicroelectronics/M95128-DRDW8TP-K/5402898,,20 MHz,Not Verified,Automotive,EEPROM,SPI,16K x 8,128Kbit,Non-Volatile,-40°C ~ 105°C (TA),AEC-Q100,,EEPROM,1.8V ~ 5.5V,4ms
M95128-DRMF3TG/K,STMicroelectronics,IC EEPROM 128KBIT SPI 8MLP,memory,3637,1.29,8-WFDFN Exposed Pad,Surface Mount,Active,https://www.st.com/content/ccc/resource/technical/document/datasheet/3a/99/8b/79/f9/0f/4b/ff/DM00053030.pdf/files/DM00053030.pdf/jcr:content/translations/en.DM00053030.pdf,https://www.digikey.com/en/products/detail/stmicroelectronics/M95128-DRMF3TG-K/5175417,,20 MHz,Not Verified,Automotive,EEPROM,SPI,16K x 8,128Kbit,Non-Volatile,-40°C ~ 125°C (TA),AEC-Q100,,EEPROM,1.8V ~ 5.5V,4ms
M95128-DRMN3TP/K,STMicroelectronics,IC EEPROM 128KBIT SPI 8SOIC,memory,4705,1.29,"8-SOIC (0.154"", 3.90mm Width)",Surface Mount,Active,https://www.st.com/content/ccc/resource/technical/document/datasheet/3a/99/8b/79/f9/0f/4b/ff/DM00053030.pdf/files/DM00053030.pdf/jcr:content/translations/en.DM00053030.pdf,https://www.digikey.com/en/products/detail/stmicroelectronics/M95128-DRMN3TP-K/4729251,,20 MHz,Not Verified,Automotive,EEPROM,SPI,16K x 8,128Kbit,Non-Volatile,-40°C ~ 125°C (TA),AEC-Q100,,EEPROM,1.8V ~ 5.5V,4ms
M95128-RDW6TP,STMicroelectronics,IC EEPROM 128KBIT SPI 8TSSOP,memory,4506,0.67,"8-TSSOP (0.173"", 4.40mm Width)",Surface Mount,Active,https://www.st.com/content/ccc/resource/technical/document/datasheet/11/47/cf/4a/88/23/42/87/CD00001441.pdf/files/CD00001441.pdf/jcr:content/translations/en.CD00001441.pdf,https://www.digikey.com/en/products/detail/stmicroelectronics/M95128-RDW6TP/1852315,,20 MHz,Not Verified,,EEPROM,SPI,16K x 8,128Kbit,Non-Volatile,-40°C ~ 85°C (TA),,,EEPROM,1.8V ~ 5.5V,5ms
M95128-WMN6P,STMicroelectronics,IC EEPROM 128KBIT SPI 8SOIC,memory,1164,0.71,"8-SOIC (0.154"", 3.90mm Width)",Surface Mount,Active,https://www.st.com/content/ccc/resource/technical/document/datasheet/11/47/cf/4a/88/23/42/87/CD00001441.pdf/files/CD00001441.pdf/jcr:content/translations/en.CD00001441.pdf,https://www.digikey.com/en/products/detail/stmicroelectronics/M95128-WMN6P/1664182,,20 MHz,Not Verified,,EEPROM,SPI,16K x 8,128Kbit,Non-Volatile,-40°C ~ 85°C (TA),,,EEPROM,2.5V ~ 5.5V,5ms
M95128-WMN6TP,STMicroelectronics,IC EEPROM 128KBIT SPI 8SOIC,memory,8069,0.64,"8-SOIC (0.154"", 3.90mm Width)",Surface Mount,Active,https://www.st.com/content/ccc/resource/technical/document/datasheet/11/47/cf/4a/88/23/42/87/CD00001441.pdf/files/CD00001441.pdf/jcr:content/translations/en.CD00001441.pdf,https://www.digikey.com/en/products/detail/stmicroelectronics/M95128-WMN6TP/1664184,,20 MHz,Verified,,EEPROM,SPI,16K x 8,128Kbit,Non-Volatile,-40°C ~ 85°C (TA),,,EEPROM,2.5V ~ 5.5V,5ms
M95160-RMC6TG,STMicroelectronics,IC EEPROM 16KBIT SPI 8UFDFPN,memory,3690,0.5,8-UFDFN Exposed Pad,Surface Mount,Active,https://www.st.com/content/ccc/resource/technical/document/datasheet/d4/5d/8e/0a/e0/c6/4a/c2/DM00043980.pdf/files/DM00043980.pdf/jcr:content/translations/en.DM00043980.pdf,https://www.digikey.com/en/products/detail/stmicroelectronics/M95160-RMC6TG/3455579,,10 MHz,Not Verified,,EEPROM,SPI,2K x 8,16Kbit,Non-Volatile,-40°C ~ 85°C (TA),,,EEPROM,1.8V ~ 5.5V,5ms
M95160-WMN6TP,STMicroelectronics,IC EEPROM 16KBIT SPI 10MHZ 8SOIC,memory,8865,0.43,"8-SOIC (0.154"", 3.90mm Width)",Surface Mount,Active,https://www.st.com/content/ccc/resource/technical/document/datasheet/d4/5d/8e/0a/e0/c6/4a/c2/DM00043980.pdf/files/DM00043980.pdf/jcr:content/translations/en.DM00043980.pdf,https://www.digikey.com/en/products/detail/stmicroelectronics/M95160-WMN6TP/1664190,,10 MHz,Verified,,EEPROM,SPI,2K x 8,16Kbit,Non-Volatile,-40°C ~ 85°C (TA),,,EEPROM,2.5V ~ 5.5V,5ms
M95256-DFMC6TG,STMicroelectronics,IC EEPROM 256KBIT SPI 8UFDFPN,memory,2442,1.03,8-UFDFN Exposed Pad,Surface Mount,Active,https://www.st.com/content/ccc/resource/technical/document/datasheet/9d/75/f0/3e/76/00/4c/0b/CD00103810.pdf/files/CD00103810.pdf/jcr:content/translations/en.CD00103810.pdf,https://www.digikey.com/en/products/detail/stmicroelectronics/M95256-DFMC6TG/4729301,,20 MHz,Not Verified,,EEPROM,SPI,32K x 8,256Kbit,Non-Volatile,-40°C ~ 85°C (TA),,,EEPROM,1.7V ~ 5.5V,5ms
M95256-DRMN3TP/K,STMicroelectronics,IC EEPROM 256KBIT SPI 8SOIC,memory,9162,1.48,"8-SOIC (0.154"", 3.90mm Width)",Surface Mount,Active,https://www.st.com/content/ccc/resource/technical/document/datasheet/a8/f6/88/7c/3d/0b/4d/19/DM00048493.pdf/files/DM00048493.pdf/jcr:content/translations/en.DM00048493.pdf,https://www.digikey.com/en/products/detail/stmicroelectronics/M95256-DRMN3TP-K/4729256,,5 MHz,Not Verified,Automotive,EEPROM,SPI,32K x 8,256Kbit,Non-Volatile,-40°C ~ 125°C (TA),AEC-Q100,,EEPROM,1.7V ~ 5.5V,4ms
M95256-DRMN8TP/K,STMicroelectronics,IC EEPROM 256KBIT SPI 20MHZ 8SO,memory,6058,1.17,"8-SOIC (0.154"", 3.90mm Width)",Surface Mount,Active,https://www.st.com/content/ccc/resource/technical/document/datasheet/group3/c8/e0/71/cd/07/cf/48/38/DM00159861/files/DM00159861.pdf/jcr:content/translations/en.DM00159861.pdf,https://www.digikey.com/en/products/detail/stmicroelectronics/M95256-DRMN8TP-K/5402903,,5 MHz,Not Verified,Automotive,EEPROM,SPI,32K x 8,256Kbit,Non-Volatile,-40°C ~ 105°C (TA),AEC-Q100,,EEPROM,1.7V ~ 5.5V,4ms
M95256-RMC6TG,STMicroelectronics,IC EEPROM 256KBIT SPI 8UFDFPN,memory,16223,0.93,8-UFDFN Exposed Pad,Surface Mount,Active,https://www.st.com/content/ccc/resource/technical/document/datasheet/9d/75/f0/3e/76/00/4c/0b/CD00103810.pdf/files/CD00103810.pdf/jcr:content/translations/en.CD00103810.pdf,https://www.digikey.com/en/products/detail/stmicroelectronics/M95256-RMC6TG/3455580,,20 MHz,Not Verified,,EEPROM,SPI,32K x 8,256Kbit,Non-Volatile,-40°C ~ 85°C (TA),,,EEPROM,1.8V ~ 5.5V,5ms
M95256-RMN6TP,STMicroelectronics,IC EEPROM 256KBIT SPI 8SOIC,memory,2603,0.81,"8-SOIC (0.154"", 3.90mm Width)",Surface Mount,Active,https://www.st.com/content/ccc/resource/technical/document/datasheet/9d/75/f0/3e/76/00/4c/0b/CD00103810.pdf/files/CD00103810.pdf/jcr:content/translations/en.CD00103810.pdf,https://www.digikey.com/en/products/detail/stmicroelectronics/M95256-RMN6TP/1827922,,20 MHz,Verified,,EEPROM,SPI,32K x 8,256Kbit,Non-Volatile,-40°C ~ 85°C (TA),,,EEPROM,1.8V ~ 5.5V,5ms
M95256-WMN6P,STMicroelectronics,IC EEPROM 256KBIT SPI 8SOIC,memory,8929,0.8,"8-SOIC (0.154"", 3.90mm Width)",Surface Mount,Active,https://www.st.com/resource/en/datasheet/m95256-w.pdf,https://www.digikey.com/en/products/detail/stmicroelectronics/M95256-WMN6P/1664191,,20 MHz,Verified,,EEPROM,SPI,32K x 8,256Kbit,Non-Volatile,-40°C ~ 85°C (TA),,,EEPROM,2.5V ~ 5.5V,5ms
M95256-WMN6TP,STMicroelectronics,IC EEPROM 256KBIT SPI 8SOIC,memory,2798,0.81,"8-SOIC (0.154"", 3.90mm Width)",Surface Mount,Active,https://www.st.com/content/ccc/resource/technical/document/datasheet/9d/75/f0/3e/76/00/4c/0b/CD00103810.pdf/files/CD00103810.pdf/jcr:content/translations/en.CD00103810.pdf,https://www.digikey.com/en/products/detail/stmicroelectronics/M95256-WMN6TP/1664192,,20 MHz,Verified,,EEPROM,SPI,32K x 8,256Kbit,Non-Volatile,-40°C ~ 85°C (TA),,,EEPROM,2.5V ~ 5.5V,5ms
M95320-RDW6TP,STMicroelectronics,IC EEPROM 32KBIT SPI 8TSSOP,memory,2413,0.48,"8-TSSOP (0.173"", 4.40mm Width)",Surface Mount,Active,https://www.st.com/content/ccc/resource/technical/document/datasheet/d4/27/d7/31/c2/97/4f/45/CD00001399.pdf/files/CD00001399.pdf/jcr:content/translations/en.CD00001399.pdf,https://www.digikey.com/en/products/detail/stmicroelectronics/M95320-RDW6TP/3087717,,20 MHz,Not Verified,,EEPROM,SPI,4K x 8,32Kbit,Non-Volatile,-40°C ~ 85°C (TA),,,EEPROM,1.8V ~ 5.5V,5ms
M95320-RMC6TG,STMicroelectronics,IC EEPROM 32KBIT SPI 8UFDFPN,memory,2614,0.58,8-UFDFN Exposed Pad,Surface Mount,Active,https://www.st.com/content/ccc/resource/technical/document/datasheet/d4/27/d7/31/c2/97/4f/45/CD00001399.pdf/files/CD00001399.pdf/jcr:content/translations/en.CD00001399.pdf,https://www.digikey.com/en/products/detail/stmicroelectronics/M95320-RMC6TG/3455581,,20 MHz,Not Verified,,EEPROM,SPI,4K x 8,32Kbit,Non-Volatile,-40°C ~ 85°C (TA),,,EEPROM,1.8V ~ 5.5V,5ms
M95320-WMN6TP,STMicroelectronics,IC EEPROM 32KBIT SPI 20MHZ 8SOIC,memory,7357,0.45,"8-SOIC (0.154"", 3.90mm Width)",Surface Mount,Not For New Designs,https://www.st.com/content/ccc/resource/technical/document/datasheet/d4/27/d7/31/c2/97/4f/45/CD00001399.pdf/files/CD00001399.pdf/jcr:content/translations/en.CD00001399.pdf,https://www.digikey.com/en/products/detail/stmicroelectronics/M95320-WMN6TP/1664200,,20 MHz,Verified,,EEPROM,SPI,4K x 8,32Kbit,Non-Volatile,-40°C ~ 85°C (TA),,,EEPROM,2.5V ~ 5.5V,5ms
M95512-DFCS6TP/K,STMicroelectronics,IC EEPROM 512KBIT SPI 8WLCSP,memory,14013,1.31,"8-UFBGA, WLCSP",Surface Mount,Active,https://www.st.com/content/ccc/resource/technical/document/datasheet/4b/43/d3/44/28/d8/43/99/CD00048102.pdf/files/CD00048102.pdf/jcr:content/translations/en.CD00048102.pdf,https://www.digikey.com/en/products/detail/stmicroelectronics/M95512-DFCS6TP-K/3946174,,16 MHz,Not Verified,,EEPROM,SPI,64K x 8,512Kbit,Non-Volatile,-40°C ~ 85°C (TA),,,EEPROM,1.7V ~ 5.5V,5ms
M95512-DFMC6TG,STMicroelectronics,IC EEPROM 512KBIT SPI 8UFDFPN,memory,22905,1.26,8-UFDFN Exposed Pad,Surface Mount,Active,https://www.st.com/content/ccc/resource/technical/document/datasheet/4b/43/d3/44/28/d8/43/99/CD00048102.pdf/files/CD00048102.pdf/jcr:content/translations/en.CD00048102.pdf,https://www.digikey.com/en/products/detail/stmicroelectronics/M95512-DFMC6TG/4357397,,16 MHz,Not Verified,,EEPROM,SPI,64K x 8,512Kbit,Non-Volatile,-40°C ~ 85°C (TA),,,EEPROM,1.7V ~ 5.5V,5ms
M95512-DRMN3TP/K,STMicroelectronics,IC EEPROM 512KBIT SPI 8SOIC,memory,4028,2.05,"8-SOIC (0.154"", 3.90mm Width)",Surface Mount,Active,https://www.st.com/content/ccc/resource/technical/document/datasheet/df/3d/b1/c1/77/92/4b/75/DM00046608.pdf/files/DM00046608.pdf/jcr:content/translations/en.DM00046608.pdf,https://www.digikey.com/en/products/detail/stmicroelectronics/M95512-DRMN3TP-K/4729262,,16 MHz,Not Verified,Automotive,EEPROM,SPI,64K x 8,512Kbit,Non-Volatile,-40°C ~ 125°C (TA),AEC-Q100,,EEPROM,1.8V ~ 5.5V,4ms
M95512-DWDW4TP/K,STMicroelectronics,IC EEPROM 512KBIT SPI 8TSSOP,memory,19669,2.46,"8-TSSOP (0.173"", 4.40mm Width)",Surface Mount,Active,https://www.st.com/content/ccc/resource/technical/document/datasheet/df/3d/b1/c1/77/92/4b/75/DM00046608.pdf/files/DM00046608.pdf/jcr:content/translations/en.DM00046608.pdf,https://www.digikey.com/en/products/detail/stmicroelectronics/M95512-DWDW4TP-K/4729263,,16 MHz,Not Verified,Automotive,EEPROM,SPI,64K x 8,512Kbit,Non-Volatile,-40°C ~ 145°C (TA),AEC-Q100,,EEPROM,2.5V ~ 5.5V,4ms
M95512-RDW6TP,STMicroelectronics,IC EEPROM 512KBIT SPI 8TSSOP,memory,11919,1.14,"8-TSSOP (0.173"", 4.40mm Width)",Surface Mount,Active,https://www.st.com/content/ccc/resource/technical/document/datasheet/4b/43/d3/44/28/d8/43/99/CD00048102.pdf/files/CD00048102.pdf/jcr:content/translations/en.CD00048102.pdf,https://www.digikey.com/en/products/detail/stmicroelectronics/M95512-RDW6TP/1664202,,16 MHz,Verified,,EEPROM,SPI,64K x 8,512Kbit,Non-Volatile,-40°C ~ 85°C (TA),,,EEPROM,1.8V ~ 5.5V,5ms
M95512-RMN6TP,STMicroelectronics,IC EEPROM 512KBIT SPI 8SOIC,memory,19561,1.09,"8-SOIC (0.154"", 3.90mm Width)",Surface Mount,Active,https://www.st.com/content/ccc/resource/technical/document/datasheet/4b/43/d3/44/28/d8/43/99/CD00048102.pdf/files/CD00048102.pdf/jcr:content/translations/en.CD00048102.pdf,https://www.digikey.com/en/products/detail/stmicroelectronics/M95512-RMN6TP/1827924,,16 MHz,Verified,,EEPROM,SPI,64K x 8,512Kbit,Non-Volatile,-40°C ~ 85°C (TA),,,EEPROM,1.8V ~ 5.5V,5ms
M95512-WDW6TP,STMicroelectronics,IC EEPROM 512KBIT SPI 8TSSOP,memory,9394,1.15,"8-TSSOP (0.173"", 4.40mm Width)",Surface Mount,Active,https://www.st.com/content/ccc/resource/technical/document/datasheet/4b/43/d3/44/28/d8/43/99/CD00048102.pdf/files/CD00048102.pdf/jcr:content/translations/en.CD00048102.pdf,https://www.digikey.com/en/products/detail/stmicroelectronics/M95512-WDW6TP/1664204,,16 MHz,Verified,,EEPROM,SPI,64K x 8,512Kbit,Non-Volatile,-40°C ~ 85°C (TA),,,EEPROM,2.5V ~ 5.5V,5ms
M95512-WMN6TP,STMicroelectronics,IC EEPROM 512KBIT SPI 8SOIC,memory,3701,0.95,"8-SOIC (0.154"", 3.90mm Width)",Surface Mount,Active,https://www.st.com/content/ccc/resource/technical/document/datasheet/4b/43/d3/44/28/d8/43/99/CD00048102.pdf/files/CD00048102.pdf/jcr:content/translations/en.CD00048102.pdf,https://www.digikey.com/en/products/detail/stmicroelectronics/M95512-WMN6TP/1664206,,16 MHz,Verified,,EEPROM,SPI,64K x 8,512Kbit,Non-Volatile,-40°C ~ 85°C (TA),,,EEPROM,2.5V ~ 5.5V,5ms
M95640-DRDW3TP/K,STMicroelectronics,IC EEPROM 64KBIT SPI 8TSSOP,memory,1927,0.95,"8-TSSOP (0.173"", 4.40mm Width)",Surface Mount,Active,https://www.st.com/content/ccc/resource/technical/document/datasheet/1a/c4/41/c3/39/55/48/fa/DM00043979.pdf/files/DM00043979.pdf/jcr:content/translations/en.DM00043979.pdf,https://www.digikey.com/en/products/detail/stmicroelectronics/M95640-DRDW3TP-K/4729264,,20 MHz,Not Verified,Automotive,EEPROM,SPI,8K x 8,64Kbit,Non-Volatile,-40°C ~ 125°C (TA),AEC-Q100,,EEPROM,1.8V ~ 5.5V,4ms
M95640-DRMN3TP/K,STMicroelectronics,IC EEPROM 64KBIT SPI 20MHZ 8SOIC,memory,15475,0.89,"8-SOIC (0.154"", 3.90mm Width)",Surface Mount,Active,https://www.st.com/content/ccc/resource/technical/document/datasheet/1a/c4/41/c3/39/55/48/fa/DM00043979.pdf/files/DM00043979.pdf/jcr:content/translations/en.DM00043979.pdf,https://www.digikey.com/en/products/detail/stmicroelectronics/M95640-DRMN3TP-K/4729265,,20 MHz,Not Verified,Automotive,EEPROM,SPI,8K x 8,64Kbit,Non-Volatile,-40°C ~ 125°C (TA),AEC-Q100,,EEPROM,1.8V ~ 5.5V,4ms
M95640-RMN6TP,STMicroelectronics,IC EEPROM 64KBIT SPI 20MHZ 8SOIC,memory,2627,0.54,"8-SOIC (0.154"", 3.90mm Width)",Surface Mount,Active,https://www.st.com/content/ccc/resource/technical/document/datasheet/4b/e9/91/0c/24/94/4c/dc/CD00258834.pdf/files/CD00258834.pdf/jcr:content/translations/en.CD00258834.pdf,https://www.digikey.com/en/products/detail/stmicroelectronics/M95640-RMN6TP/1852322,,20 MHz,Not Verified,,EEPROM,SPI,8K x 8,64Kbit,Non-Volatile,-40°C ~ 85°C (TA),,,EEPROM,1.8V ~ 5.5V,5ms
M95640-WMN6P,STMicroelectronics,IC EEPROM 64KBIT SPI 20MHZ 8SOIC,memory,2752,0.56,"8-SOIC (0.154"", 3.90mm Width)",Surface Mount,Active,https://www.st.com/content/ccc/resource/technical/document/datasheet/4b/e9/91/0c/24/94/4c/dc/CD00258834.pdf/files/CD00258834.pdf/jcr:content/translations/en.CD00258834.pdf,https://www.digikey.com/en/products/detail/stmicroelectronics/M95640-WMN6P/1664211,,20 MHz,Verified,,EEPROM,SPI,8K x 8,64Kbit,Non-Volatile,-40°C ~ 85°C (TA),,,EEPROM,2.5V ~ 5.5V,5ms
M95640-WMN6TP,STMicroelectronics,IC EEPROM 64KBIT SPI 20MHZ 8SOIC,memory,8996,0.54,"8-SOIC (0.154"", 3.90mm Width)",Surface Mount,Active,https://www.st.com/content/ccc/resource/technical/document/datasheet/4b/e9/91/0c/24/94/4c/dc/CD00258834.pdf/files/CD00258834.pdf/jcr:content/translations/en.CD00258834.pdf,https://www.digikey.com/en/products/detail/stmicroelectronics/M95640-WMN6TP/1664212,,20 MHz,Verified,,EEPROM,SPI,8K x 8,64Kbit,Non-Volatile,-40°C ~ 85°C (TA),,,EEPROM,2.5V ~ 5.5V,5ms
M95M01-DFDW6TP,STMicroelectronics,IC EEPROM 1MBIT SPI 16MHZ 8TSSOP,memory,1003,2.03,"8-TSSOP (0.173"", 4.40mm Width)",Surface Mount,Active,https://www.st.com/resource/en/datasheet/m95m01-df.pdf,https://www.digikey.com/en/products/detail/stmicroelectronics/M95M01-DFDW6TP/4357400,,16 MHz,Not Verified,,EEPROM,SPI,128K x 8,1Mbit,Non-Volatile,-40°C ~ 85°C (TA),,,EEPROM,1.7V ~ 5.5V,5ms
M95M01-DFMN6TP,STMicroelectronics,IC EEPROM 1MBIT SPI 16MHZ 8SOIC,memory,16635,2.01,"8-SOIC (0.154"", 3.90mm Width)",Surface Mount,Active,https://www.st.com/resource/en/datasheet/m95m01-df.pdf,https://www.digikey.com/en/products/detail/stmicroelectronics/M95M01-DFMN6TP/4357401,,16 MHz,Not Verified,,EEPROM,SPI,128K x 8,1Mbit,Non-Volatile,-40°C ~ 85°C (TA),,,EEPROM,1.7V ~ 5.5V,5ms
M95M01-DWDW3TP/K,STMicroelectronics,IC EEPROM 1MBIT SPI 16MHZ 8TSSOP,memory,4115,3.39,"8-TSSOP (0.173"", 4.40mm Width)",Surface Mount,Active,https://www.st.com/content/ccc/resource/technical/document/datasheet/group3/4b/27/38/a0/2d/e1/4a/40/DM00055596/files/DM00055596.pdf/jcr:content/translations/en.DM00055596.pdf,https://www.digikey.com/en/products/detail/stmicroelectronics/M95M01-DWDW3TP-K/4729267,,16 MHz,Not Verified,Automotive,EEPROM,SPI,128K x 8,1Mbit,Non-Volatile,-40°C ~ 125°C (TA),AEC-Q100,,EEPROM,2.5V ~ 5.5V,4ms
M95M01-DWDW4TP/K,STMicroelectronics,IC EEPROM 1MBIT SPI 16MHZ 8TSSOP,memory,9852,3.99,"8-TSSOP (0.173"", 4.40mm Width)",Surface Mount,Active,https://www.st.com/content/ccc/resource/technical/document/datasheet/group3/4b/27/38/a0/2d/e1/4a/40/DM00055596/files/DM00055596.pdf/jcr:content/translations/en.DM00055596.pdf,https://www.digikey.com/en/products/detail/stmicroelectronics/M95M01-DWDW4TP-K/4729268,,16 MHz,Not Verified,Automotive,EEPROM,SPI,128K x 8,1Mbit,Non-Volatile,-40°C ~ 145°C (TA),AEC-Q100,,EEPROM,2.5V ~ 5.5V,4ms
M95M01-DWMN3TP/K,STMicroelectronics,IC EEPROM 1MBIT SPI 16MHZ 8SOIC,memory,12371,3.39,"8-SOIC (0.154"", 3.90mm Width)",Surface Mount,Active,https://www.st.com/content/ccc/resource/technical/document/datasheet/group3/4b/27/38/a0/2d/e1/4a/40/DM00055596/files/DM00055596.pdf/jcr:content/translations/en.DM00055596.pdf,https://www.digikey.com/en/products/detail/stmicroelectronics/M95M01-DWMN3TP-K/4729269,,16 MHz,Not Verified,Automotive,EEPROM,SPI,128K x 8,1Mbit,Non-Volatile,-40°C ~ 125°C (TA),AEC-Q100,,EEPROM,2.5V ~ 5.5V,4ms
M95M01-RDW6TP,STMicroelectronics,IC EEPROM 1MBIT SPI 16MHZ 8TSSOP,memory,9642,2.03,"8-TSSOP (0.173"", 4.40mm Width)",Surface Mount,Active,https://www.st.com/resource/en/datasheet/m95m01-df.pdf,https://www.digikey.com/en/products/detail/stmicroelectronics/M95M01-RDW6TP/4357402,,16 MHz,Not Verified,,EEPROM,SPI,128K x 8,1Mbit,Non-Volatile,-40°C ~ 85°C (TA),,,EEPROM,1.8V ~ 5.5V,5ms
M95M01-RMN6TP,STMicroelectronics,IC EEPROM 1MBIT SPI 16MHZ 8SOIC,memory,10722,2.04,"8-SOIC (0.154"", 3.90mm Width)",Surface Mount,Active,https://www.st.com/resource/en/datasheet/m95m01-df.pdf,https://www.digikey.com/en/products/detail/stmicroelectronics/M95M01-RMN6TP/1852324,,16 MHz,Verified,,EEPROM,SPI,128K x 8,1Mbit,Non-Volatile,-40°C ~ 85°C (TA),,,EEPROM,1.8V ~ 5.5V,5ms
M95M02-DRCS6TP/K,STMicroelectronics,IC EEPROM 2MBIT SPI 5MHZ 8WLCSP,memory,16626,4.19,"8-UBGA, WLCSP",Surface Mount,Active,https://www.st.com/content/ccc/resource/technical/document/datasheet/2a/c1/1a/71/e0/d9/4c/df/CD00290531.pdf/files/CD00290531.pdf/jcr:content/translations/en.CD00290531.pdf,https://www.digikey.com/en/products/detail/stmicroelectronics/M95M02-DRCS6TP-K/4428861,,5 MHz,Not Verified,,EEPROM,SPI,256K x 8,2Mbit,Non-Volatile,-40°C ~ 85°C (TA),,,EEPROM,1.8V ~ 5.5V,10ms
M95M02-DRMN6TP,STMicroelectronics,IC EEPROM 2MBIT SPI 5MHZ 8SOIC,memory,26946,2.44,"8-SOIC (0.154"", 3.90mm Width)",Surface Mount,Active,https://www.st.com/content/ccc/resource/technical/document/datasheet/2a/c1/1a/71/e0/d9/4c/df/CD00290531.pdf/files/CD00290531.pdf/jcr:content/translations/en.CD00290531.pdf,https://www.digikey.com/en/products/detail/stmicroelectronics/M95M02-DRMN6TP/2679404,,5 MHz,Verified,,EEPROM,SPI,256K x 8,2Mbit,Non-Volatile,-40°C ~ 85°C (TA),,,EEPROM,1.8V ~ 5.5V,10ms
M95M02-DWMN3TP/K,STMicroelectronics,IC EEPROM 2MBIT SPI 10MHZ 8SOIC,memory,8222,5.08,"8-SOIC (0.154"", 3.90mm Width)",Surface Mount,Active,https://www.st.com/content/ccc/resource/technical/document/datasheet/d4/20/53/1a/4b/a1/41/96/DM00132783.pdf/files/DM00132783.pdf/jcr:content/translations/en.DM00132783.pdf,https://www.digikey.com/en/products/detail/stmicroelectronics/M95M02-DWMN3TP-K/5250473,,10 MHz,Not Verified,Automotive,EEPROM,SPI,256K x 8,2Mbit,Non-Volatile,-40°C ~ 125°C (TA),AEC-Q100,,EEPROM,2.5V ~ 5.5V,5ms
M95M04-DRCS6TPVF,STMicroelectronics,IC EEPROM 4MBIT SPI 10MHZ 8WLCSP,memory,3503,4.62,"8-UFBGA, WLCSP",Surface Mount,Active,https://www.st.com/resource/en/datasheet/m95m04-dr.pdf,https://www.digikey.com/en/products/detail/stmicroelectronics/M95M04-DRCS6TPVF/13986414,,10 MHz,Not Verified,,EEPROM,SPI,512K x 8,4Mbit,Non-Volatile,-40°C ~ 85°C (TA),,,EEPROM,1.8V ~ 5.5V,5ms
M95M04-DRDW6TP,STMicroelectronics,IC EEPROM 4MBIT SPI 10MHZ 8TSSOP,memory,1429,3.27,"8-TSSOP (0.173"", 4.40mm Width)",Surface Mount,Active,https://www.st.com/resource/en/datasheet/m95m04-dr.pdf,https://www.digikey.com/en/products/detail/stmicroelectronics/M95M04-DRDW6TP/11482497,,10 MHz,Not Verified,,EEPROM,SPI,512K x 8,4Mbit,Non-Volatile,-40°C ~ 85°C (TA),,,EEPROM,1.8V ~ 5.5V,5ms
M95M04-DRMN6TP,STMicroelectronics,IC EEPROM 4MBIT SPI 10MHZ 8SOIC,memory,18119,3.12,"8-SOIC (0.154"", 3.90mm Width)",Surface Mount,Active,https://www.st.com/resource/en/datasheet/m95m04-dr.pdf,https://www.digikey.com/en/products/detail/stmicroelectronics/M95M04-DRMN6TP/11482307,,10 MHz,Not Verified,,EEPROM,SPI,512K x 8,4Mbit,Non-Volatile,-40°C ~ 85°C (TA),,,EEPROM,1.8V ~ 5.5V,5ms
M95M04-DWDW3TP/V,STMicroelectronics,IC EEPROM 4MBIT SPI 10MHZ 8TSSOP,memory,3048,5.91,"8-TSSOP (0.173"", 4.40mm Width)",Surface Mount,Active,https://www.st.com/resource/en/datasheet/m95m04-a125.pdf,https://www.digikey.com/en/products/detail/stmicroelectronics/M95M04-DWDW3TP-V/14324477,40 ns,10 MHz,Not Verified,Automotive,EEPROM,SPI,512K x 8,4Mbit,Non-Volatile,-40°C ~ 125°C (TA),AEC-Q100,,EEPROM,2.9V ~ 5.5V,4ms
M95M04-DWDW4TP/V,STMicroelectronics,IC EEPROM 4MBIT SPI 10MHZ 8TSSOP,memory,3547,6.31,"8-TSSOP (0.173"", 4.40mm Width)",Surface Mount,Active,https://www.st.com/resource/en/datasheet/m95m04-a125.pdf,https://www.digikey.com/en/products/detail/stmicroelectronics/M95M04-DWDW4TP-V/14324468,40 ns,10 MHz,Not Verified,Automotive,EEPROM,SPI,512K x 8,4Mbit,Non-Volatile,-40°C ~ 145°C (TA),AEC-Q100,,EEPROM,2.9V ~ 5.5V,4ms
M95M04-DWMN3TP/V,STMicroelectronics,IC EEPROM 4MBIT SPI 10MHZ 8SOIC,memory,3520,5.96,"8-SOIC (0.154"", 3.90mm Width)",Surface Mount,Active,https://www.st.com/resource/en/datasheet/m95m04-a125.pdf,https://www.digikey.com/en/products/detail/stmicroelectronics/M95M04-DWMN3TP-V/14324479,40 ns,10 MHz,Not Verified,Automotive,EEPROM,SPI,512K x 8,4Mbit,Non-Volatile,-40°C ~ 125°C (TA),AEC-Q100,,EEPROM,2.9V ~ 5.5V,4ms
M95P08-EXMNT/E,STMicroelectronics,IC EEPROM 8MBIT SPI/QUAD 8SOIC,memory,6798,1.09,"8-SOIC (0.154"", 3.90mm Width)",Surface Mount,Active,https://www.st.com/content/ccc/resource/technical/document/datasheet/group3/92/cb/18/81/06/87/40/65/DM00883663/files/DM00883663.pdf/jcr:content/translations/en.DM00883663.pdf,https://www.digikey.com/en/products/detail/stmicroelectronics/M95P08-EXMNT-E/21349478,10 ns,80 MHz,,,EEPROM,SPI - Quad I/O,1M x 8,8Mbit,Non-Volatile,-40°C ~ 105°C (TA),,,EEPROM,1.6V ~ 3.6V,1.5ms
M95P08-IXMCT/E,STMicroelectronics,IC EEPROM 8MBIT SPI/QUAD 8UFDFN,memory,5080,0.91,8-UFDFN Exposed Pad,Surface Mount,Active,https://www.st.com/resource/en/datasheet/m95p08-i.pdf,https://www.digikey.com/en/products/detail/stmicroelectronics/M95P08-IXMCT-E/21700674,10 ns,80 MHz,,,EEPROM,SPI - Quad I/O,1M x 8,8Mbit,Non-Volatile,-40°C ~ 85°C (TA),,,EEPROM,1.6V ~ 3.6V,"1.5ms, 4.5ms"
M95P08-IXMNT/E,STMicroelectronics,IC EEPROM 8MBIT SPI/QUAD 8SOIC,memory,2630,1.0,"8-SOIC (0.154"", 3.90mm Width)",Surface Mount,Active,https://www.st.com/resource/en/datasheet/m95p08-i.pdf,https://www.digikey.com/en/products/detail/stmicroelectronics/M95P08-IXMNT-E/21191547,10 ns,80 MHz,,,EEPROM,SPI - Quad I/O,1M x 8,8Mbit,Non-Volatile,-40°C ~ 85°C (TA),,,EEPROM,1.6V ~ 3.6V,1.5ms
M95P16-IXMCT/E,STMicroelectronics,IC EEPROM 16MBIT SPI/QUAD 8UFDFN,memory,4742,1.27,8-UFDFN Exposed Pad,Surface Mount,Active,https://www.st.com/resource/en/datasheet/m95p16-i.pdf,https://www.digikey.com/en/products/detail/stmicroelectronics/M95P16-IXMCT-E/21700579,10 ns,80 MHz,,,EEPROM,SPI - Quad I/O,2M x 8,16Mbit,Non-Volatile,-40°C ~ 85°C (TA),,,EEPROM,1.6V ~ 3.6V,1.5ms
M95P16-IXMNT/E,STMicroelectronics,IC EEPROM 16MBIT SPI/QUAD 8SOIC,memory,2559,1.19,"8-SOIC (0.154"", 3.90mm Width)",Surface Mount,Active,https://www.digikey.com//mm.digikey.com/Volume0/opasdata/d220001/medias/docus/6638/m95p16-i.pdf,https://www.digikey.com/en/products/detail/stmicroelectronics/M95P16-IXMNT-E/18085176,10 ns,80 MHz,,,EEPROM,SPI - Quad I/O,2M x 8,16Mbit,Non-Volatile,-40°C ~ 85°C (TA),,,EEPROM,1.6V ~ 3.6V,1.5ms
M95P32-IXCST/EF,STMicroelectronics,IC EEPROM 32MBIT SPI/QUAD 8WLCSP,memory,23360,2.2,"8-UFBGA, WLCSP",Surface Mount,Active,https://www.digikey.com//mm.digikey.com/Volume0/opasdata/d220001/medias/docus/6530/M95P32%20IXCSTEF.pdf,https://www.digikey.com/en/products/detail/stmicroelectronics/M95P32-IXCST-EF/18085140,11 ns,80 MHz,,,EEPROM,SPI - Quad I/O,4M x 8,32Mbit,Non-Volatile,-40°C ~ 85°C (TA),,,EEPROM,1.6V ~ 3.6V,1.5ms
M95P32-IXMNT/E,STMicroelectronics,IC EEPROM 32MBIT SPI 80MHZ 8SO,memory,43958,1.7,"8-SOIC (0.154"", 3.90mm Width)",Surface Mount,Active,https://www.st.com/resource/en/datasheet/m95p32-i.pdf,https://www.digikey.com/en/products/detail/stmicroelectronics/M95P32-IXMNT-E/16841564,11 ns,80 MHz,Not Verified,,EEPROM,SPI,4M x 8,32Mbit,Non-Volatile,-40°C ~ 85°C (TA),,,EEPROM,1.6V ~ 3.6V,1.5ms
N24C02UVTG,onsemi,IC EEPROM 2KBIT I2C 1MHZ US8,memory,0,0.29,"8-VFSOP (0.091"", 2.30mm Width)",Surface Mount,Active,https://www.onsemi.com/pdf/datasheet/n24c02-d.pdf,https://www.digikey.com/en/products/detail/onsemi/N24C02UVTG/6134956,450 ns,1 MHz,Not Verified,,EEPROM,I2C,128 x 16,2Kbit,Non-Volatile,-40°C ~ 125°C (TA),,,EEPROM,1.6V ~ 5.5V,4ms
N24C64UVTG,onsemi,IC EEPROM 64KBIT I2C 1MHZ US8,memory,4226,0.43,"8-VFSOP (0.091"", 2.30mm Width)",Surface Mount,Active,https://www.onsemi.com/pdf/datasheet/n24c64-d.pdf,https://www.digikey.com/en/products/detail/onsemi/N24C64UVTG/7220714,400 ns,1 MHz,Not Verified,,EEPROM,I2C,8K x 8,64Kbit,Non-Volatile,-40°C ~ 125°C (TA),,,EEPROM,1.8V ~ 5.5V,4ms
N24S64C4DYT3G,onsemi,IC EEPROM 64KBIT I2C 1MHZ 4WLCSP,memory,7345,0.21,"4-XFBGA, WLCSP",Surface Mount,Active,https://www.onsemi.com/pdf/datasheet/n24s64-d.pdf,https://www.digikey.com/en/products/detail/onsemi/N24S64C4DYT3G/10321887,400 ns,1 MHz,Not Verified,,EEPROM,I2C,8K x 8,64Kbit,Non-Volatile,-40°C ~ 85°C (TA),,,EEPROM,1.7V ~ 5.5V,5ms
NV24C128MUW3VTBG,onsemi,IC EEPROM 128KBIT I2C 8UDFN,memory,1130,0.77,8-UFDFN Exposed Pad,Surface Mount,Active,https://www.onsemi.com/pdf/datasheet/nv24c128muw-d.pdf,https://www.digikey.com/en/products/detail/onsemi/NV24C128MUW3VTBG/12526584,400 ns,1 MHz,Not Verified,Automotive,EEPROM,I2C,16K x 8,128Kbit,Non-Volatile,-40°C ~ 125°C (TA),AEC-Q100,,EEPROM,2.5V ~ 5.5V,5ms
NV24C16MUW3VLTBG,onsemi,IC EEPROM 16KBIT I2C 8UDFN,memory,5634,0.52,8-UFDFN Exposed Pad,Surface Mount,Active,https://www.onsemi.com/download/data-sheet/pdf/nv24c16lv-d.pdf,https://www.digikey.com/en/products/detail/onsemi/NV24C16MUW3VLTBG/12526731,450 ns,1 MHz,Not Verified,Automotive,EEPROM,I2C,2K x 8,16Kbit,Non-Volatile,-40°C ~ 125°C (TA),AEC-Q100,,EEPROM,1.7V ~ 5.5V,4ms
NV24C256C6PTG,onsemi,IC EEPROM 256KBIT I2C  6WLCSP,memory,9369,0.38,"6-XFBGA, WLCSP",Surface Mount,Active,https://www.onsemi.com/download/data-sheet/pdf/nv24c256c6ptg-d.pdf,https://www.digikey.com/en/products/detail/onsemi/NV24C256C6PTG/21575858,400 ns,1 MHz,,Automotive,EEPROM,I2C,32K x 8,256Kbit,Non-Volatile,-40°C ~ 105°C (TA),AEC-Q100,,EEPROM,1.7V ~ 5.5V,5ms
NV24C32MUW3VLTBG,onsemi,IC EEPROM 32KBIT I2C 1MHZ 8UDFN,memory,1980,0.61,8-UFDFN Exposed Pad,Surface Mount,Active,,https://www.digikey.com/en/products/detail/onsemi/NV24C32MUW3VLTBG/12525936,400 ns,1 MHz,Not Verified,Automotive,EEPROM,I2C,4K x 8,32Kbit,Non-Volatile,-40°C ~ 125°C (TA),AEC-Q100,,EEPROM,1.7V ~ 5.5V,4ms
NV24C512MUW3VTBG,onsemi,IC EEPROM 512KBIT I2C 1MHZ 8UDFN,memory,4113,1.17,8-UFDFN Exposed Pad,Surface Mount,Active,https://www.onsemi.com/download/data-sheet/pdf/nv24c512muw-d.pdf,https://www.digikey.com/en/products/detail/onsemi/NV24C512MUW3VTBG/12526899,400 ns,1 MHz,Not Verified,Automotive,EEPROM,I2C,64K x 8,512Kbit,Non-Volatile,-40°C ~ 125°C (TA),AEC-Q100,,EEPROM,2.5V ~ 5.5V,5ms
NV24C64DTVLT3G,onsemi,IC EEPROM 64KBIT I2C 1MHZ 8TSSOP,memory,2845,0.67,"8-TSSOP (0.173"", 4.40mm Width)",Surface Mount,Active,https://www.onsemi.com/download/data-sheet/pdf/nv24c64lv-d.pdf,https://www.digikey.com/en/products/detail/onsemi/NV24C64DTVLT3G/12526927,400 ns,1 MHz,Not Verified,Automotive,EEPROM,I2C,8K x 8,64Kbit,Non-Volatile,-40°C ~ 125°C (TA),AEC-Q100,,EEPROM,1.7V ~ 5.5V,4ms
NV24C64DWVLT3G,onsemi,IC EEPROM 64KBIT I2C 1MHZ 8SOIC,memory,6030,0.49,"8-SOIC (0.154"", 3.90mm Width)",Surface Mount,Active,https://www.onsemi.com/pdf/datasheet/nv24c64lv-d.pdf,https://www.digikey.com/en/products/detail/onsemi/NV24C64DWVLT3G/10427646,400 ns,1 MHz,Not Verified,Automotive,EEPROM,I2C,8K x 8,64Kbit,Non-Volatile,-40°C ~ 125°C (TA),AEC-Q100,,EEPROM,1.7V ~ 5.5V,4ms
NV24C64MUW3VLTBG,onsemi,IC EEPROM 64KBIT I2C 1MHZ 8UDFN,memory,6306,0.73,8-UFDFN Exposed Pad,Surface Mount,Active,https://www.onsemi.com/download/data-sheet/pdf/nv24c64lv-d.pdf,https://www.digikey.com/en/products/detail/onsemi/NV24C64MUW3VLTBG/12525644,400 ns,1 MHz,Not Verified,Automotive,EEPROM,I2C,8K x 8,64Kbit,Non-Volatile,-40°C ~ 125°C (TA),AEC-Q100,,EEPROM,1.7V ~ 5.5V,4ms
NV25512MUW3VTBG,onsemi,IC EEPROM 512KBIT SPI 8UDFN,memory,219,1.29,8-UFDFN Exposed Pad,Surface Mount,Active,https://www.onsemi.com/download/data-sheet/pdf/nv25512muw-d.pdf,https://www.digikey.com/en/products/detail/onsemi/NV25512MUW3VTBG/10322068,45 ns,10 MHz,Not Verified,Automotive,EEPROM,SPI,64K x 8,512Kbit,Non-Volatile,-40°C ~ 125°C (TA),AEC-Q100,,EEPROM,1.8V ~ 5.5V,5ms
NV25640DWHFT3G,onsemi,IC EEPROM 64KBIT SPI 10MHZ 8SOIC,memory,3115,0.5,"8-SOIC (0.154"", 3.90mm Width)",Surface Mount,Active,https://www.onsemi.com/pdf/datasheet/nv25080-d.pdf,https://www.digikey.com/en/products/detail/onsemi/NV25640DWHFT3G/9764688,40 ns,10 MHz,Not Verified,Automotive,EEPROM,SPI,8K x 8,64Kbit,Non-Volatile,-40°C ~ 150°C (TA),AEC-Q100,,,2.5V ~ 5.5V,4ms
