MPN,Manufacturer,Description,Subcategory,Stock,Unit Price,Package,Mounting Type,Status,Datasheet URL,Product URL,Access Time,Clock Frequency,DigiKey Programmable,Grade,Memory Format,Memory Interface,Memory Organization,Memory Size,Memory Type,Operating Temperature,Qualification,Series,Technology,Voltage - Supply,"Write Cycle Time - Word, Page"
47L04-I/SN,Microchip Technology,IC EERAM 4KBIT I2C 1MHZ 8SOIC,memory,2754,0.69,"8-SOIC (0.154"", 3.90mm Width)",Surface Mount,Active,https://ww1.microchip.com/downloads/aemDocuments/documents/MPD/ProductDocuments/DataSheets/47L04-47C04-47L16-47C16-4-Kbit-16-Kbit-I2C-Serial-EERAM-20005371E.pdf,https://www.digikey.com/en/products/detail/microchip-technology/47L04-I-SN/6236463,400 ns,1 MHz,Not Verified,,EERAM,I2C,512 x 8,4Kbit,Non-Volatile,-40°C ~ 85°C (TA),,,"EEPROM, SRAM",2.7V ~ 3.6V,1ms
47L16-I/P,Microchip Technology,IC EERAM 16KBIT I2C 1MHZ 8DIP,memory,216,1.02,"8-DIP (0.300"", 7.62mm)",Through Hole,Active,https://ww1.microchip.com/downloads/aemDocuments/documents/MPD/ProductDocuments/DataSheets/47L04-47C04-47L16-47C16-4-Kbit-16-Kbit-I2C-Serial-EERAM-20005371E.pdf,https://www.digikey.com/en/products/detail/microchip-technology/47L16-I-P/6098089,400 ns,1 MHz,Not Verified,,EERAM,I2C,2K x 8,16Kbit,Non-Volatile,-40°C ~ 85°C (TA),,,"EEPROM, SRAM",2.7V ~ 3.6V,1ms
47L16-I/SN,Microchip Technology,IC EERAM 16KBIT I2C 1MHZ 8SOIC,memory,4209,0.81,"8-SOIC (0.154"", 3.90mm Width)",Surface Mount,Active,https://ww1.microchip.com/downloads/aemDocuments/documents/MPD/ProductDocuments/DataSheets/47L04-47C04-47L16-47C16-4-Kbit-16-Kbit-I2C-Serial-EERAM-20005371E.pdf,https://www.digikey.com/en/products/detail/microchip-technology/47L16-I-SN/6098090,400 ns,1 MHz,Not Verified,,EERAM,I2C,2K x 8,16Kbit,Non-Volatile,-40°C ~ 85°C (TA),,,"EEPROM, SRAM",2.7V ~ 3.6V,1ms
47L16T-I/SN,Microchip Technology,IC EERAM 16KBIT I2C 1MHZ 8SOIC,memory,9439,0.89,"8-SOIC (0.154"", 3.90mm Width)",Surface Mount,Active,https://ww1.microchip.com/downloads/aemDocuments/documents/MPD/ProductDocuments/DataSheets/47L04-47C04-47L16-47C16-4-Kbit-16-Kbit-I2C-Serial-EERAM-20005371E.pdf,https://www.digikey.com/en/products/detail/microchip-technology/47L16T-I-SN/6055430,400 ns,1 MHz,Not Verified,,EERAM,I2C,2K x 8,16Kbit,Non-Volatile,-40°C ~ 85°C (TA),,,"EEPROM, SRAM",2.7V ~ 3.6V,1ms
AS29CF010-55CCIN,"Alliance Memory, Inc.",IC FLSH 1MBIT PARALLEL 32PLCC,memory,1092,11.75,32-LCC (J-Lead),Surface Mount,Active,https://www.alliancememory.com/wp-content/uploads/AllianceMemory_1Mb-128Kx8_5V_ParallelNORFlash_AS29CF010-55CCIN_July2019_V1.0.pdf,https://www.digikey.com/en/products/detail/alliance-memory-inc/AS29CF010-55CCIN/10821799,55 ns,,Not Verified,,FLASH,Parallel,128K x 8,1Mbit,Non-Volatile,-40°C ~ 85°C (TA),,,FLASH - NOR,4.5V ~ 5.5V,55ns
AS29CF040-55CCIN,"Alliance Memory, Inc.",IC FLSH 4MBIT PARALLEL 32PLCC,memory,596,14.96,32-LCC (J-Lead),Surface Mount,Active,https://www.alliancememory.com/wp-content/uploads/AllianceMemory_4Mb-512Kx8_5V_ParallelNORFlash_AS29CF040-55CCIN_July2019_V1.0.pdf,https://www.digikey.com/en/products/detail/alliance-memory-inc/AS29CF040-55CCIN/10821752,55 ns,,Not Verified,,FLASH,Parallel,512K x 8,4Mbit,Non-Volatile,-40°C ~ 85°C (TA),,,FLASH - NOR,4.5V ~ 5.5V,55ns
AS4C128M16D2A-25BCN,"Alliance Memory, Inc.",IC DRAM 2GBIT PARALLEL 84FBGA,memory,217,22.61,84-TFBGA,Surface Mount,Active,https://www.alliancememory.com/wp-content/uploads/2Gb20DDR220AS4C128M16D2A-25BCN2025BIN20Rev201.0-1.pdf,https://www.digikey.com/en/products/detail/alliance-memory-inc/AS4C128M16D2A-25BCN/5797355,,400 MHz,Not Verified,,DRAM,Parallel,128M x 16,2Gbit,Volatile,0°C ~ 85°C (TC),,,SDRAM - DDR2,1.7V ~ 1.9V,15ns
AS4C128M16D3LC-12BIN,"Alliance Memory, Inc.",IC DRAM 2GBIT PARALLEL 96FBGA,memory,3185,22.07,96-VFBGA,Surface Mount,Active,https://www.alliancememory.com/wp-content/uploads/AllianceMemory_2G_DDR3L_AS4C128M16D3LC-12BXN_February2020_v1.0.pdf,https://www.digikey.com/en/products/detail/alliance-memory-inc/AS4C128M16D3LC-12BIN/12686365,20 ns,800 MHz,Not Verified,,DRAM,Parallel,128M x 16,2Gbit,Volatile,-40°C ~ 95°C (TC),,,SDRAM - DDR3L,1.283V ~ 1.45V,15ns
AS4C128M8D2A-25BCN,"Alliance Memory, Inc.",IC DRAM 1GBIT PARALLEL 60FBGA,memory,264,12.64,60-TFBGA,Surface Mount,Active,https://www.alliancememory.com/wp-content/uploads/AllianceMemory_1G_DDR2_AS4C128M8D2A-25BCN-25BIN_Rev1.0_January2018.pdf,https://www.digikey.com/en/products/detail/alliance-memory-inc/AS4C128M8D2A-25BCN/7791367,400 ps,400 MHz,Not Verified,,DRAM,Parallel,128M x 8,1Gbit,Volatile,0°C ~ 85°C (TC),,,SDRAM - DDR2,1.7V ~ 1.9V,15ns
AS4C16M16SA-6BAN,"Alliance Memory, Inc.",IC DRAM 256MBIT PAR 54TFBGA,memory,10049,9.18,54-TFBGA,Surface Mount,Active,https://www.alliancememory.com/wp-content/uploads/256M-AS4C16M16SA-Automotive_v2.0_March-2015.pdf,https://www.digikey.com/en/products/detail/alliance-memory-inc/AS4C16M16SA-6BAN/5214125,5 ns,166 MHz,Not Verified,Automotive,DRAM,Parallel,16M x 16,256Mbit,Volatile,-40°C ~ 105°C (TA),AEC-Q100,,SDRAM,3V ~ 3.6V,12ns
AS4C16M16SA-6BIN,"Alliance Memory, Inc.",IC DRAM 256MBIT PAR 54TFBGA,memory,3564,8.28,54-TFBGA,Surface Mount,Active,https://www.alliancememory.com/wp-content/uploads/256Mb-AS4C16M16SA-CI_V3.0_March-2015.pdf,https://www.digikey.com/en/products/detail/alliance-memory-inc/AS4C16M16SA-6BIN/5214126,5 ns,166 MHz,Not Verified,,DRAM,Parallel,16M x 16,256Mbit,Volatile,-40°C ~ 85°C (TA),,,SDRAM,3V ~ 3.6V,12ns
AS4C16M16SA-6TAN,"Alliance Memory, Inc.",IC DRAM 256MBIT PAR 54TSOP II,memory,299,12.12,"54-TSOP (0.400"", 10.16mm Width)",Surface Mount,Active,https://www.alliancememory.com/wp-content/uploads/256M-AS4C16M16SA-Automotive_v2.0_March-2015.pdf,https://www.digikey.com/en/products/detail/alliance-memory-inc/AS4C16M16SA-6TAN/5214127,5 ns,166 MHz,Not Verified,Automotive,DRAM,Parallel,16M x 16,256Mbit,Volatile,-40°C ~ 105°C (TA),AEC-Q100,,SDRAM,3V ~ 3.6V,12ns
AS4C16M16SA-6TIN,"Alliance Memory, Inc.",IC DRAM 256MBIT PAR 54TSOP II,memory,5031,7.27,"54-TSOP (0.400"", 10.16mm Width)",Surface Mount,Active,https://www.alliancememory.com/wp-content/uploads/256Mb-AS4C16M16SA-CI_V3.0_March-2015.pdf,https://www.digikey.com/en/products/detail/alliance-memory-inc/AS4C16M16SA-6TIN/5214129,5 ns,166 MHz,Not Verified,,DRAM,Parallel,16M x 16,256Mbit,Volatile,-40°C ~ 85°C (TA),,,SDRAM,3V ~ 3.6V,12ns
AS4C16M16SA-7TCN,"Alliance Memory, Inc.",IC DRAM 256MBIT PAR 54TSOP II,memory,1345,6.47,"54-TSOP (0.400"", 10.16mm Width)",Surface Mount,Active,https://www.alliancememory.com/wp-content/uploads/256Mb-AS4C16M16SA-CI_V3.0_March-2015.pdf,https://www.digikey.com/en/products/detail/alliance-memory-inc/AS4C16M16SA-7TCN/5214131,5.4 ns,143 MHz,Not Verified,,DRAM,Parallel,16M x 16,256Mbit,Volatile,0°C ~ 70°C (TA),,,SDRAM,3V ~ 3.6V,14ns
AS4C256M16D3C-12BIN,"Alliance Memory, Inc.",IC DRAM 4GBIT PARALLEL 96FBGA,memory,2859,33.8,96-TFBGA,Surface Mount,Active,https://www.digikey.com//mm.digikey.com/Volume0/opasdata/d220001/medias/docus/7134/AllianceMemory4GDDR3AS4C256M16D3CMay2020Rev11Final.pdf,https://www.digikey.com/en/products/detail/alliance-memory-inc/AS4C256M16D3C-12BIN/12088635,20 ns,800 MHz,Not Verified,,DRAM,Parallel,256M x 16,4Gbit,Volatile,-40°C ~ 95°C (TC),,,SDRAM - DDR3,1.425V ~ 1.575V,15ns
AS4C256M16D3C-12BINTR,"Alliance Memory, Inc.",IC DRAM 4GBIT PARALLEL 96FBGA,memory,1357,34.33,96-TFBGA,Surface Mount,Active,https://www.digikey.com//mm.digikey.com/Volume0/opasdata/d220001/medias/docus/7134/AllianceMemory4GDDR3AS4C256M16D3CMay2020Rev11Final.pdf,https://www.digikey.com/en/products/detail/alliance-memory-inc/AS4C256M16D3C-12BINTR/12088645,20 ns,800 MHz,Not Verified,,DRAM,Parallel,256M x 16,4Gbit,Volatile,-40°C ~ 95°C (TC),,,SDRAM - DDR3,1.425V ~ 1.575V,15ns
AS4C256M16D3LC-12BCN,"Alliance Memory, Inc.",IC DRAM 4GBIT PARALLEL 96FBGA,memory,1584,36.99,96-TFBGA,Surface Mount,Active,https://www.alliancememory.com/wp-content/uploads/AllianceMemory_4G_DDR3L_AS4C256M16D3LC_March2020_Rev1.0.pdf,https://www.digikey.com/en/products/detail/alliance-memory-inc/AS4C256M16D3LC-12BCN/12088638,20 ns,800 MHz,Not Verified,,DRAM,Parallel,256M x 16,4Gbit,Volatile,0°C ~ 95°C (TC),,,SDRAM - DDR3L,1.283V ~ 1.45V,15ns
AS4C256M16D3LC-12BIN,"Alliance Memory, Inc.",IC DRAM 4GBIT PARALLEL 96FBGA,memory,1118,39.12,96-TFBGA,Surface Mount,Active,,https://www.digikey.com/en/products/detail/alliance-memory-inc/AS4C256M16D3LC-12BIN/12088634,20 ns,800 MHz,Not Verified,,DRAM,Parallel,256M x 16,4Gbit,Volatile,-40°C ~ 95°C (TC),,,SDRAM - DDR3L,1.283V ~ 1.45V,15ns
AS4C256M16D3LC-12BINTR,"Alliance Memory, Inc.",IC DRAM 4GBIT PARALLEL 96FBGA,memory,2515,34.33,96-TFBGA,Surface Mount,Active,https://www.alliancememory.com/wp-content/uploads/AllianceMemory_4G_DDR3L_AS4C256M16D3LC_March2020_Rev1.0.pdf,https://www.digikey.com/en/products/detail/alliance-memory-inc/AS4C256M16D3LC-12BINTR/12088633,20 ns,800 MHz,Not Verified,,DRAM,Parallel,256M x 16,4Gbit,Volatile,-40°C ~ 95°C (TC),,,SDRAM - DDR3L,1.283V ~ 1.45V,15ns
AS4C256M16D4-83BIN,"Alliance Memory, Inc.",IC DRAM 4GBIT POD 96FBGA,memory,989,44.47,96-TFBGA,Surface Mount,Not For New Designs,https://www.alliancememory.com/wp-content/uploads/AllianceMemory_4Gb_DDR4_AS4C256M16D4_August2019_v1.0.pdf,https://www.digikey.com/en/products/detail/alliance-memory-inc/AS4C256M16D4-83BIN/13282907,18 ns,1.2 GHz,Not Verified,,DRAM,POD,256M x 16,4Gbit,Volatile,-40°C ~ 95°C (TC),,,SDRAM - DDR4,1.14V ~ 1.26V,15ns
AS4C256M32MD4-062BAN,"Alliance Memory, Inc.",IC DRAM 8GBIT LVSTL 200FBGA,memory,937,142.39,200-TFBGA,Surface Mount,Active,https://www.alliancememory.com/wp-content/uploads/AllianceMemory_LPDDR4_2G-4G-8Gx16bitx32bit1600MHZ_March2021_V1p1_02Apr20.pdf,https://www.digikey.com/en/products/detail/alliance-memory-inc/AS4C256M32MD4-062BAN/13563589,3.5 ns,1.6 GHz,Not Verified,,DRAM,LVSTL,256M x 32,8Gbit,Volatile,-40°C ~ 105°C (TC),,,SDRAM - Mobile LPDDR4,"1.06V ~ 1.17V, 1.7V ~ 1.95V",18ns
AS4C2M32SA-6TCN,"Alliance Memory, Inc.",IC DRAM 64MBIT PAR 86TSOP II,memory,779,6.71,"86-TFSOP (0.400"", 10.16mm Width)",Surface Mount,Active,https://www.alliancememory.com/wp-content/uploads/64M-AS4C2M32SA-v.1.0.pdf,https://www.digikey.com/en/products/detail/alliance-memory-inc/AS4C2M32SA-6TCN/5640284,5.5 ns,166 MHz,Not Verified,,DRAM,Parallel,2M x 32,64Mbit,Volatile,0°C ~ 70°C (TA),,,SDRAM,3V ~ 3.6V,2ns
AS4C32M16D2A-25BIN,"Alliance Memory, Inc.",IC DRAM 512MBIT PAR 84TFBGA,memory,9157,7.04,84-TFBGA,Surface Mount,Not For New Designs,https://www.alliancememory.com/wp-content/uploads/AS4C32M16D2A-25BIN_Industrial_rev1.2.pdf,https://www.digikey.com/en/products/detail/alliance-memory-inc/AS4C32M16D2A-25BIN/5640290,400 ps,400 MHz,Not Verified,,DRAM,Parallel,32M x 16,512Mbit,Volatile,-40°C ~ 95°C (TC),,,SDRAM - DDR2,1.7V ~ 1.9V,15ns
AS4C32M16SB-7TCN,"Alliance Memory, Inc.",IC DRAM 512MBIT PAR 54TSOP II,memory,1984,21.63,"54-TSOP (0.400"", 10.16mm Width)",Surface Mount,Active,https://www.alliancememory.com/wp-content/uploads/AllianceMemory_512M_SDRAM_Bdie_AS4C32M16SB-7TXN-6TIN-7BIN_Rev1.2_March2020.pdf,https://www.digikey.com/en/products/detail/alliance-memory-inc/AS4C32M16SB-7TCN/6589201,5.4 ns,143 MHz,Not Verified,,DRAM,Parallel,32M x 16,512Mbit,Volatile,0°C ~ 70°C (TA),,,SDRAM,3V ~ 3.6V,14ns
AS4C32M16SB-7TIN,"Alliance Memory, Inc.",IC DRAM 512MBIT PAR 54TSOP II,memory,604,30.33,"54-TSOP (0.400"", 10.16mm Width)",Surface Mount,Active,https://www.alliancememory.com/wp-content/uploads/AllianceMemory_512M_SDRAM_Bdie_AS4C32M16SB-7TXN-6TIN-7BIN_Rev1.2_March2020.pdf,https://www.digikey.com/en/products/detail/alliance-memory-inc/AS4C32M16SB-7TIN/6589202,5.4 ns,143 MHz,Not Verified,,DRAM,Parallel,32M x 16,512Mbit,Volatile,-40°C ~ 85°C (TA),,,SDRAM,3V ~ 3.6V,14ns
AS4C32M16SC-7TIN,"Alliance Memory, Inc.",IC DRAM 512MBIT PAR 54TSOP II,memory,756,24.93,"54-TSOP (0.400"", 10.16mm Width)",Surface Mount,Active,https://www.alliancememory.com/wp-content/uploads/AllianceMemory_512M-SDRAM_Cdie_AS4C16M32SC-AS4C32M16SC-AS4C64M8SC-7TIN_Sept2018_rev1.0.pdf,https://www.digikey.com/en/products/detail/alliance-memory-inc/AS4C32M16SC-7TIN/9681182,17 ns,133 MHz,Not Verified,,DRAM,Parallel,32M x 16,512Mbit,Volatile,-40°C ~ 85°C (TA),,,SDRAM,3V ~ 3.6V,15ns
AS4C4M16SA-6BIN,"Alliance Memory, Inc.",IC DRAM 64MBIT PARALLEL 54TFBGA,memory,1100,7.49,54-TFBGA,Surface Mount,Active,https://www.alliancememory.com/wp-content/uploads/Alliance_Memory_64M-AS4C4M16SA-CI_v5.0_October_2018.pdf,https://www.digikey.com/en/products/detail/alliance-memory-inc/AS4C4M16SA-6BIN/5214133,5.4 ns,166 MHz,Not Verified,,DRAM,Parallel,4M x 16,64Mbit,Volatile,-40°C ~ 85°C (TA),,,SDRAM,3V ~ 3.6V,
AS4C4M16SA-6TIN,"Alliance Memory, Inc.",IC DRAM 64MBIT PAR 54TSOP II,memory,3750,6.11,"54-TSOP (0.400"", 10.16mm Width)",Surface Mount,Active,https://www.alliancememory.com/wp-content/uploads/Alliance_Memory_64M-AS4C4M16SA-CI_v5.0_October_2018.pdf,https://www.digikey.com/en/products/detail/alliance-memory-inc/AS4C4M16SA-6TIN/5214136,5.4 ns,166 MHz,Not Verified,,DRAM,Parallel,4M x 16,64Mbit,Volatile,-40°C ~ 85°C (TA),,,SDRAM,3V ~ 3.6V,
AS4C4M16SA-7BCN,"Alliance Memory, Inc.",IC DRAM 64MBIT PAR 54TFBGA,memory,346,7.04,54-TFBGA,Surface Mount,Active,https://www.alliancememory.com/wp-content/uploads/Alliance_Memory_64M-AS4C4M16SA-CI_v5.0_October_2018.pdf,https://www.digikey.com/en/products/detail/alliance-memory-inc/AS4C4M16SA-7BCN/5214137,5.4 ns,143 MHz,Not Verified,,DRAM,Parallel,4M x 16,64Mbit,Volatile,0°C ~ 70°C (TA),,,SDRAM,3V ~ 3.6V,
AS4C4M16SA-7TCN,"Alliance Memory, Inc.",IC DRAM 64MBIT PAR 54TSOP II,memory,1827,6.47,"54-TSOP (0.400"", 10.16mm Width)",Surface Mount,Active,https://www.alliancememory.com/wp-content/uploads/Alliance_Memory_64M-AS4C4M16SA-CI_v5.0_October_2018.pdf,https://www.digikey.com/en/products/detail/alliance-memory-inc/AS4C4M16SA-7TCN/5214138,5.4 ns,143 MHz,Not Verified,,DRAM,Parallel,4M x 16,64Mbit,Volatile,0°C ~ 70°C (TA),,,SDRAM,3V ~ 3.6V,
AS4C4M32SA-6TIN,"Alliance Memory, Inc.",IC DRAM 128MBIT PAR 86TSOP II,memory,2225,9.74,"86-TFSOP (0.400"", 10.16mm Width)",Surface Mount,Active,https://www.alliancememory.com/wp-content/uploads/128M_AS4C4M32SAv1.0September2015.pdf,https://www.digikey.com/en/products/detail/alliance-memory-inc/AS4C4M32SA-6TIN/5640294,5.4 ns,166 MHz,Not Verified,,DRAM,Parallel,4M x 32,128Mbit,Volatile,-40°C ~ 85°C (TA),,,SDRAM,3V ~ 3.6V,2ns
AS4C4M32SA-7TCN,"Alliance Memory, Inc.",IC DRAM 128MBIT PAR 86TSOP II,memory,4363,9.63,"86-TFSOP (0.400"", 10.16mm Width)",Surface Mount,Active,https://www.alliancememory.com/wp-content/uploads/128M_AS4C4M32SAv1.0September2015.pdf,https://www.digikey.com/en/products/detail/alliance-memory-inc/AS4C4M32SA-7TCN/5640295,5.4 ns,143 MHz,Not Verified,,DRAM,Parallel,4M x 32,128Mbit,Volatile,0°C ~ 70°C (TA),,,SDRAM,3V ~ 3.6V,2ns
AS4C512M16D4B-62BCN,"Alliance Memory, Inc.","DDR4, 8GB, 512M X 16, 1.2V, 96-B",memory,159,112.02,96-TFBGA,Surface Mount,Active,https://www.alliancememory.com/wp-content/uploads/AllianceMemory_AS4C512M16D4B_AS4C1G8D4B_8Gb_DDR4_Datasheet_Rev1.0_Sep2024.pdf,https://www.digikey.com/en/products/detail/alliance-memory-inc/AS4C512M16D4B-62BCN/25603010,19 ns,1.6 GHz,,,DRAM,Parallel,512M x 16,8Gbit,Volatile,0°C ~ 95°C (TC),,,SDRAM - DDR4,1.14V ~ 1.26V,15ns
AS4C64M16D2A-25BIN,"Alliance Memory, Inc.",IC DRAM 1GBIT PARALLEL 84FBGA,memory,2431,10.53,84-TFBGA,Surface Mount,Active,https://www.alliancememory.com/wp-content/uploads/AllianceMemory_AS4C64M16D2A-25BIN-25BCN_v.1.1_October2017.pdf,https://www.digikey.com/en/products/detail/alliance-memory-inc/AS4C64M16D2A-25BIN/7355731,400 ps,400 MHz,Not Verified,,DRAM,Parallel,64M x 16,1Gbit,Volatile,-40°C ~ 95°C (TC),,,SDRAM - DDR2,1.7V ~ 1.9V,15ns
AS4C64M32MD1A-5BIN,"Alliance Memory, Inc.",IC DRAM 2GBIT PARALLEL 90FBGA,memory,129,16.06,90-VFBGA,Surface Mount,Active,https://www.alliancememory.com/wp-content/uploads/AllianceMemory_LPDDR_2Gb_AS4C64M32MD1A-5BIN_90ball_Nov2019_Rev1.0.pdf,https://www.digikey.com/en/products/detail/alliance-memory-inc/AS4C64M32MD1A-5BIN/16678903,5 ns,200 MHz,Not Verified,,DRAM,Parallel,64M x 32,2Gbit,Volatile,-40°C ~ 85°C (TC),,,SDRAM - Mobile LPDDR,1.7V ~ 1.95V,15ns
AS4C64M8D2-25BIN,"Alliance Memory, Inc.",IC DRAM 512MBIT PARALLEL 60FBGA,memory,798,11.97,60-TFBGA,Surface Mount,Active,https://www.alliancememory.com/wp-content/uploads/512M-AS4C64M8D2_V1.1.pdf,https://www.digikey.com/en/products/detail/alliance-memory-inc/AS4C64M8D2-25BIN/4965493,400 ps,400 MHz,Not Verified,,DRAM,Parallel,64M x 8,512Mbit,Volatile,-40°C ~ 85°C (TA),,,SDRAM - DDR2,1.7V ~ 1.9V,15ns
AS4C8M16SA-6BAN,"Alliance Memory, Inc.",IC DRAM 128MBIT PAR 54TFBGA,memory,1238,10.3,54-TFBGA,Surface Mount,Active,https://www.digikey.com//mm.digikey.com/Volume0/opasdata/d220001/medias/docus/7250/128M-AS4C8M16SA.pdf,https://www.digikey.com/en/products/detail/alliance-memory-inc/AS4C8M16SA-6BAN/5214139,5 ns,166 MHz,Not Verified,Automotive,DRAM,Parallel,8M x 16,128Mbit,Volatile,-40°C ~ 105°C (TA),AEC-Q100,,SDRAM,3V ~ 3.6V,12ns
AS4C8M16SA-6BINTR,"Alliance Memory, Inc.",IC DRAM 128MBIT PAR 54TFBGA,memory,8005,7.61,54-TFBGA,Surface Mount,Active,https://www.digikey.com//mm.digikey.com/Volume0/opasdata/d220001/medias/docus/7250/128M-AS4C8M16SA.pdf,https://www.digikey.com/en/products/detail/alliance-memory-inc/AS4C8M16SA-6BINTR/7791408,5 ns,166 MHz,Not Verified,,DRAM,Parallel,8M x 16,128Mbit,Volatile,-40°C ~ 85°C (TA),,,SDRAM,3V ~ 3.6V,12ns
AS4C8M16SA-6TIN,"Alliance Memory, Inc.",IC DRAM 128MBIT PAR 54TSOP II,memory,9018,6.49,"54-TSOP (0.400"", 10.16mm Width)",Surface Mount,Active,https://www.digikey.com//mm.digikey.com/Volume0/opasdata/d220001/medias/docus/7250/128M-AS4C8M16SA.pdf,https://www.digikey.com/en/products/detail/alliance-memory-inc/AS4C8M16SA-6TIN/5214143,5 ns,166 MHz,Not Verified,,DRAM,Parallel,8M x 16,128Mbit,Volatile,-40°C ~ 85°C (TA),,,SDRAM,3V ~ 3.6V,12ns
AS4C8M16SA-7TCN,"Alliance Memory, Inc.",IC DRAM 128MBIT PAR 54TSOP II,memory,1885,6.02,"54-TSOP (0.400"", 10.16mm Width)",Surface Mount,Active,https://www.digikey.com//mm.digikey.com/Volume0/opasdata/d220001/medias/docus/7250/128M-AS4C8M16SA.pdf,https://www.digikey.com/en/products/detail/alliance-memory-inc/AS4C8M16SA-7TCN/5214145,5.4 ns,143 MHz,Not Verified,,DRAM,Parallel,8M x 16,128Mbit,Volatile,0°C ~ 70°C (TA),,,SDRAM,3V ~ 3.6V,14ns
AS5F12G04SND-10LIN,"Alliance Memory, Inc.",IC FLASH 2GBIT SPI/QUAD 8LGA,memory,374,12.97,8-WLGA,Surface Mount,Active,https://www.alliancememory.com/wp-content/uploads/AllianceMemory_AS5F_QSPI_NAND_Flash_3V-1Gb-8Gb_1p8V-2Gb-4Gb-8Gb_Ver3.1_O.pdf,https://www.digikey.com/en/products/detail/alliance-memory-inc/AS5F12G04SND-10LIN/13282910,,100 MHz,Not Verified,,FLASH,SPI - Quad I/O,256M x 8,2Gbit,Non-Volatile,-40°C ~ 85°C (TA),,,FLASH - NAND (SLC),1.7V ~ 1.98V,700µs
AS5F18G04SND-10LIN,"Alliance Memory, Inc.",IC FLASH 8GBIT SPI/QUAD 8LGA,memory,669,27.21,8-WLGA,Surface Mount,Active,https://www.alliancememory.com/wp-content/uploads/AllianceMemory_AS5F_QSPI_NAND_Flash_3V-1Gb-8Gb_1p8V-2Gb-4Gb-8Gb_Ver3.1_O.pdf,https://www.digikey.com/en/products/detail/alliance-memory-inc/AS5F18G04SND-10LIN/13282906,,100 MHz,Not Verified,,FLASH,SPI - Quad I/O,1G x 8,8Gbit,Non-Volatile,-40°C ~ 85°C (TA),,,FLASH - NAND (SLC),1.7V ~ 1.98V,700µs
AS5F34G04SNDA-08LIN,"Alliance Memory, Inc.",IC FLASH 4GBIT SPI/QUAD I/O 8LGA,memory,124,16.28,8-WLGA,Surface Mount,Active,https://www.alliancememory.com/wp-content/uploads/pdf/flash/Datasheet/AllianceMemory_RevA_3V-2Gb-4Gb-SPI_NAND_Flash_August2022_Rev1.0_final.pdf,https://www.digikey.com/en/products/detail/alliance-memory-inc/AS5F34G04SNDA-08LIN/16704698,7.5 ns,120 MHz,Not Verified,,FLASH,SPI - Quad I/O,512M x 8,4Gbit,Non-Volatile,-40°C ~ 85°C (TA),,,FLASH - NAND (SLC),3V ~ 3.6V,700µs
AS5F34G04SNDB-08LIN,"Alliance Memory, Inc.",IC FLASH 4GBIT SPI/QUAD 8LGA,memory,312,16.28,8-WLGA,Surface Mount,Active,https://www.alliancememory.com/wp-content/uploads/pdf/flash/Datasheet/AllianceMemory_RevB_3V-2Gb-4Gb-SPI_NAND_Flash_March2023_Rev1.0c.pdf,https://www.digikey.com/en/products/detail/alliance-memory-inc/AS5F34G04SNDB-08LIN/19910595,7.5 ns,120 MHz,,,FLASH,SPI - Quad I/O,512M x 4,4Gbit,Non-Volatile,-40°C ~ 85°C (TA),,,FLASH - NAND (SLC),3V ~ 3.6V,700µs
ASFC32G31T3-51BIN,"Alliance Memory, Inc.",IC FLASH 256GBIT EMMC 153FBGA,memory,1550,136.57,153-TFBGA,Surface Mount,Last Time Buy,https://www.alliancememory.com/wp-content/uploads/AllianceMemory__32GB_64GB_128GB_ASFC32G31T3-51BIN_ASFC64G31T5-51BIN_ASFC.pdf,https://www.digikey.com/en/products/detail/alliance-memory-inc/ASFC32G31T3-51BIN/21801876,,200 MHz,,,FLASH,eMMC_5.1,32G x 8,256Gbit,Non-Volatile,-40°C ~ 85°C (TA),,,FLASH - NAND (TLC),2.7V ~ 3.6V,
ASFC32G31T3-51BINTR,"Alliance Memory, Inc.",IC FLASH 256GBIT EMMC 153FBGA,memory,2269,137.35,153-TFBGA,Surface Mount,Last Time Buy,https://www.alliancememory.com/wp-content/uploads/AllianceMemory__32GB_64GB_128GB_ASFC32G31T3-51BIN_ASFC64G31T5-51BIN_ASFC.pdf,https://www.digikey.com/en/products/detail/alliance-memory-inc/ASFC32G31T3-51BINTR/22158183,,200 MHz,,,FLASH,eMMC_5.1,32G x 8,256Gbit,Non-Volatile,-40°C ~ 85°C (TA),,,FLASH - NAND (TLC),2.7V ~ 3.6V,
AT25DF021A-SSHN-T,Renesas Electronics Corporation,IC FLASH 2MBIT SPI 104MHZ 8SOIC,memory,84944,1.18,"8-SOIC (0.154"", 3.90mm Width)",Surface Mount,Active,https://www.renesas.com/us/en/document/dst/at25df021a-datasheet?language=en,https://www.digikey.com/en/products/detail/renesas-electronics-corporation/AT25DF021A-SSHN-T/5155703,,104 MHz,Verified,,FLASH,SPI,256K x 8,2Mbit,Non-Volatile,-40°C ~ 85°C (TC),,,FLASH,1.65V ~ 3.6V,"8µs, 2.5ms"
AT25DF021A-XMHN-T,Renesas Electronics Corporation,IC FLASH 2MBIT SPI 104MHZ 8TSSOP,memory,9701,1.69,"8-TSSOP (0.173"", 4.40mm Width)",Surface Mount,Active,https://www.renesas.com/us/en/document/dst/at25df021a-datasheet?language=en,https://www.digikey.com/en/products/detail/renesas-electronics-corporation/AT25DF021A-XMHN-T/5138424,,104 MHz,Not Verified,,FLASH,SPI,256K x 8,2Mbit,Non-Volatile,-40°C ~ 85°C (TC),,,FLASH,1.65V ~ 3.6V,"8µs, 2.5ms"
AT25DF041B-MAHN-T,Renesas Electronics Corporation,IC FLASH 4MBIT SPI 104MHZ 8UDFN,memory,3074,2.08,8-UFDFN Exposed Pad,Surface Mount,Active,https://www.renesas.com/us/en/document/dst/at25df041b-datasheet?language=en,https://www.digikey.com/en/products/detail/renesas-electronics-corporation/AT25DF041B-MAHN-T/6827489,,104 MHz,Not Verified,,FLASH,SPI,512K x 8,4Mbit,Non-Volatile,-40°C ~ 85°C (TC),,,FLASH,1.65V ~ 3.6V,"8µs, 2.5ms"
AT25DF041B-SSHN-B,Renesas Electronics Corporation,IC FLASH 4MBIT SPI 104MHZ 8SOIC,memory,5225,1.39,"8-SOIC (0.154"", 3.90mm Width)",Surface Mount,Active,https://www.renesas.com/us/en/document/dst/at25df041b-datasheet?language=en,https://www.digikey.com/en/products/detail/renesas-electronics-corporation/AT25DF041B-SSHN-B/5056927,,104 MHz,Verified,,FLASH,SPI,512K x 8,4Mbit,Non-Volatile,-40°C ~ 85°C (TC),,,FLASH,1.65V ~ 3.6V,"8µs, 2.5ms"
AT25DF041B-SSHN-T,Renesas Electronics Corporation,IC FLASH 4MBIT SPI 104MHZ 8SOIC,memory,15032,1.39,"8-SOIC (0.154"", 3.90mm Width)",Surface Mount,Active,https://www.renesas.com/us/en/document/dst/at25df041b-datasheet?language=en,https://www.digikey.com/en/products/detail/renesas-electronics-corporation/AT25DF041B-SSHN-T/6124891,,104 MHz,Verified,,FLASH,SPI,512K x 8,4Mbit,Non-Volatile,-40°C ~ 85°C (TC),,,FLASH,1.65V ~ 3.6V,"8µs, 2.5ms"
AT25DF081A-MH-Y,Renesas Electronics Corporation,IC FLASH 8MBIT SPI 100MHZ 8UDFN,memory,1354,3.31,8-UDFN Exposed Pad,Surface Mount,Active,https://www.renesas.com/us/en/document/dst/at25df081a-datasheet?language=en,https://www.digikey.com/en/products/detail/renesas-electronics-corporation/AT25DF081A-MH-Y/3828539,,100 MHz,Not Verified,,FLASH,SPI,256 Bytes x 4096 pages,8Mbit,Non-Volatile,-40°C ~ 85°C (TC),,,FLASH,2.7V ~ 3.6V,"7µs, 3ms"
AT25DF321A-MH-T,Renesas Electronics Corporation,IC FLASH 32MBIT SPI 100MHZ 8UDFN,memory,67304,6.36,8-UDFN Exposed Pad,Surface Mount,Not For New Designs,https://www.renesas.com/us/en/document/dst/at25df321a-datasheet?language=en,https://www.digikey.com/en/products/detail/renesas-electronics-corporation/AT25DF321A-MH-T/3828630,,100 MHz,Not Verified,,FLASH,SPI,256 Bytes x 16384 pages,32Mbit,Non-Volatile,-40°C ~ 85°C (TC),,,FLASH,2.7V ~ 3.6V,"7µs, 3ms"
AT25DN011-SSHF-T,Renesas Electronics Corporation,IC FLASH 1MBIT SPI 104MHZ 8SOIC,memory,12201,0.63,"8-SOIC (0.154"", 3.90mm Width)",Surface Mount,Active,https://www.renesas.com/us/en/document/dst/at25dn011-datasheet?language=en,https://www.digikey.com/en/products/detail/renesas-electronics-corporation/AT25DN011-SSHF-T/4702539,,104 MHz,Not Verified,,FLASH,SPI,128K x 8,1Mbit,Non-Volatile,-40°C ~ 85°C (TC),,,FLASH,2.3V ~ 3.6V,"8µs, 1.75ms"
AT25DN512C-SSHF-B,Renesas Electronics Corporation,IC FLASH 512KBIT SPI 8SOIC,memory,17283,0.57,"8-SOIC (0.154"", 3.90mm Width)",Surface Mount,Active,https://www.renesas.com/us/en/document/dst/at25dn512c-datasheet?language=en,https://www.digikey.com/en/products/detail/renesas-electronics-corporation/AT25DN512C-SSHF-B/4901493,,104 MHz,Verified,,FLASH,SPI,64K x 8,512Kbit,Non-Volatile,-40°C ~ 85°C (TC),,,FLASH,2.3V ~ 3.6V,"8µs, 1.75ms"
AT25FF081A-SSHN-B,Renesas Electronics Corporation,IC FLASH 8MBIT SPI/QUAD 8SOIC,memory,71989,0.82,"8-SOIC (0.154"", 3.90mm Width)",Surface Mount,Active,https://www.digikey.com//mm.digikey.com/Volume0/opasdata/d220001/medias/docus/6130/at25ff081a-datasheet.pdf,https://www.digikey.com/en/products/detail/renesas-electronics-corporation/AT25FF081A-SSHN-B/13918481,,133 MHz,Not Verified,,FLASH,SPI - Quad I/O,2M x 4,8Mbit,Non-Volatile,-40°C ~ 85°C (TC),,,FLASH - NOR,1.65V ~ 3.6V,"32µs, 6.5ms"
AT25PE20-SSHN-T,Renesas Electronics Corporation,IC FLASH 2MBIT SPI 85MHZ 8SOIC,memory,6499,1.81,"8-SOIC (0.154"", 3.90mm Width)",Surface Mount,Active,https://www.renesas.com/us/en/document/dst/at25pe20-datasheet?r=1608556,https://www.digikey.com/en/products/detail/renesas-electronics-corporation/AT25PE20-SSHN-T/8021931,,85 MHz,Not Verified,,FLASH,SPI,256 Bytes x 1024 pages,2Mbit,Non-Volatile,-40°C ~ 85°C (TC),,,FLASH,1.65V ~ 3.6V,"8µs, 3ms"
AT25PE40-SHN-T,Renesas Electronics Corporation,IC FLASH 4MBIT SPI 85MHZ 8SOIC,memory,5245,1.96,"8-SOIC (0.209"", 5.30mm Width)",Surface Mount,Active,https://www.renesas.com/us/en/document/dst/at25pe40-datasheet?language=en,https://www.digikey.com/en/products/detail/renesas-electronics-corporation/AT25PE40-SHN-T/8021933,,85 MHz,Verified,,FLASH,SPI,256 Bytes x 2048 pages,4Mbit,Non-Volatile,-40°C ~ 85°C (TC),,,FLASH,1.65V ~ 3.6V,"8µs, 3ms"
AT25QL1281C-MUE-T,Renesas Electronics Corporation,"1.8V 128MBIT, QUAD SPI NOR FLASH",memory,0,2.29,-,-,Active,https://www.renesas.com/en/document/dst/at25sl1281cat25ql1281c-datasheet?r=25577608,https://www.digikey.com/en/products/detail/renesas-electronics-corporation/AT25QL1281C-MUE-T/27683496,,,,,,,,,,,,,,,
AT25QL2561C-MUE-T,Renesas Electronics Corporation,"1.8V 256MBIT, QUAD SPI, DTR NOR",memory,0,5.78,-,-,Active,https://www.renesas.com/en/document/dst/at25sf2561cat25qf2561c-datasheet?queryID=7108b2677155c225d568f96cfc24ff4f,https://www.digikey.com/en/products/detail/renesas-electronics-corporation/AT25QL2561C-MUE-T/27683516,,,,,,,,,,,,,,,
AT25QL2561C-MWUE-T,Renesas Electronics Corporation,"1.8V 256MBIT, QUAD SPI, DTR NOR",memory,0,5.98,-,-,Active,https://www.renesas.com/en/document/dst/at25sf2561cat25qf2561c-datasheet?queryID=7108b2677155c225d568f96cfc24ff4f,https://www.digikey.com/en/products/detail/renesas-electronics-corporation/AT25QL2561C-MWUE-T/27683513,,,,,,,,,,,,,,,
AT25SF041B-MAHD-T,Renesas Electronics Corporation,IC FLASH 4MBIT SPI/QUAD 8UDFN,memory,3096,0.9,8-UFDFN Exposed Pad,Surface Mount,Active,https://www.renesas.com/us/en/document/dst/at25sf041b-datasheet?r=1608766,https://www.digikey.com/en/products/detail/renesas-electronics-corporation/AT25SF041B-MAHD-T/12702136,,108 MHz,Not Verified,,FLASH,SPI - Quad I/O,512K x 8,4Mbit,Non-Volatile,-40°C ~ 85°C (TC),,,FLASH - NOR,2.5V ~ 3.6V,"50µs, 2.4ms"
AT25SF041B-SSHB-B,Renesas Electronics Corporation,IC FLASH 4MBIT SPI/QUAD 8SOIC,memory,98888,0.71,"8-SOIC (0.154"", 3.90mm Width)",Surface Mount,Active,https://www.renesas.com/us/en/document/dst/at25sf041b-datasheet?r=1608766,https://www.digikey.com/en/products/detail/renesas-electronics-corporation/AT25SF041B-SSHB-B/12808415,,108 MHz,Verified,,FLASH,SPI - Quad I/O,512K x 8,4Mbit,Non-Volatile,-40°C ~ 85°C (TC),,,FLASH - NOR,2.5V ~ 3.6V,"5µs, 2.5ms"
AT25SF041B-SSHB-T,Renesas Electronics Corporation,IC FLASH 4MBIT SPI/QUAD 8SOIC,memory,56302,0.71,"8-SOIC (0.154"", 3.90mm Width)",Surface Mount,Active,https://www.renesas.com/us/en/document/dst/at25sf041b-datasheet?r=1608766,https://www.digikey.com/en/products/detail/renesas-electronics-corporation/AT25SF041B-SSHB-T/12180769,,108 MHz,Not Verified,,FLASH,SPI - Quad I/O,512K x 8,4Mbit,Non-Volatile,-40°C ~ 85°C (TC),,,FLASH - NOR,2.7V ~ 3.6V,"50µs, 2.4ms"
AT25SF041B-SSHD-B,Renesas Electronics Corporation,IC FLASH 4MBIT SPI/QUAD 8SOIC,memory,14358,0.71,"8-SOIC (0.154"", 3.90mm Width)",Surface Mount,Active,https://www.renesas.com/us/en/document/dst/at25sf041b-datasheet?r=1608766,https://www.digikey.com/en/products/detail/renesas-electronics-corporation/AT25SF041B-SSHD-B/12808412,,108 MHz,Verified,,FLASH,SPI - Quad I/O,512K x 8,4Mbit,Non-Volatile,-40°C ~ 85°C (TC),,,FLASH - NOR,2.5V ~ 3.6V,"5µs, 2.5ms"
AT25SF041B-SSHD-T,Renesas Electronics Corporation,IC FLASH 4MBIT SPI/QUAD 8SOIC,memory,44083,0.71,"8-SOIC (0.154"", 3.90mm Width)",Surface Mount,Active,https://www.renesas.com/us/en/document/dst/at25sf041b-datasheet?r=1608766,https://www.digikey.com/en/products/detail/renesas-electronics-corporation/AT25SF041B-SSHD-T/12702140,,108 MHz,Verified,,FLASH,SPI - Quad I/O,512K x 8,4Mbit,Non-Volatile,-40°C ~ 85°C (TC),,,FLASH - NOR,2.5V ~ 3.6V,"50µs, 2.4ms"
AT25SF081B-SSHB-B,Renesas Electronics Corporation,IC FLASH 8MBIT SPI/QUAD 8SOIC,memory,177931,0.79,"8-SOIC (0.154"", 3.90mm Width)",Surface Mount,Active,https://www.renesas.com/us/en/document/dst/at25sf081b-datasheet,https://www.digikey.com/en/products/detail/renesas-electronics-corporation/AT25SF081B-SSHB-B/13918480,,108 MHz,Verified,,FLASH,SPI - Quad I/O,1M x 8,8Mbit,Non-Volatile,-40°C ~ 85°C (TC),,,FLASH - NOR,2.7V ~ 3.6V,"50µs, 800µs"
AT25SF081B-SSHB-T,Renesas Electronics Corporation,IC FLASH 8MBIT SPI/QUAD 8SOIC,memory,50337,0.79,"8-SOIC (0.154"", 3.90mm Width)",Surface Mount,Active,https://www.renesas.com/us/en/document/dst/at25sf081b-datasheet,https://www.digikey.com/en/products/detail/renesas-electronics-corporation/AT25SF081B-SSHB-T/12180765,,108 MHz,Verified,,FLASH,SPI - Quad I/O,1M x 8,8Mbit,Non-Volatile,-40°C ~ 85°C (TC),,,FLASH - NOR,2.7V ~ 3.6V,"50µs, 2.4ms"
AT25SF081B-SSHD-B,Renesas Electronics Corporation,IC FLASH 8MBIT SPI/QUAD 8SOIC,memory,459605,1.03,"8-SOIC (0.154"", 3.90mm Width)",Surface Mount,Active,https://www.renesas.com/us/en/document/dst/at25sf081b-datasheet,https://www.digikey.com/en/products/detail/renesas-electronics-corporation/AT25SF081B-SSHD-B/13918482,,108 MHz,Verified,,FLASH,SPI - Quad I/O,1M x 8,8Mbit,Non-Volatile,-40°C ~ 85°C (TC),,,FLASH - NOR,2.5V ~ 3.6V,"50µs, 800µs"
AT25SF081B-SSHD-T,Renesas Electronics Corporation,IC FLASH 8MBIT SPI/QUAD 8SOIC,memory,15282,0.79,"8-SOIC (0.154"", 3.90mm Width)",Surface Mount,Active,https://www.renesas.com/us/en/document/dst/at25sf081b-datasheet,https://www.digikey.com/en/products/detail/renesas-electronics-corporation/AT25SF081B-SSHD-T/12702141,,108 MHz,Verified,,FLASH,SPI - Quad I/O,1M x 8,8Mbit,Non-Volatile,-40°C ~ 85°C (TC),,,FLASH - NOR,2.5V ~ 3.6V,"50µs, 2.4ms"
AT25SF128A-MHB-T,Renesas Electronics Corporation,IC FLASH 128MBIT SPI/QUAD 8UDFN,memory,1139,3.99,8-UDFN Exposed Pad,Surface Mount,Active,https://www.renesas.com/us/en/document/dst/at25sf128a-datasheet?r=1608781,https://www.digikey.com/en/products/detail/renesas-electronics-corporation/AT25SF128A-MHB-T/10280620,,133 MHz,Not Verified,,FLASH,SPI - Quad I/O,16M x 8,128Mbit,Non-Volatile,-40°C ~ 85°C (TA),,,FLASH - NOR,2.7V ~ 3.6V,"50µs, 2.4ms"
AT25SF128A-SHB-T,Renesas Electronics Corporation,IC FLASH 128MBIT SPI/QUAD 8SOIC,memory,71091,3.48,"8-SOIC (0.209"", 5.30mm Width)",Surface Mount,Active,https://www.renesas.com/us/en/document/dst/at25sf128a-datasheet?r=1608781,https://www.digikey.com/en/products/detail/renesas-electronics-corporation/AT25SF128A-SHB-T/10107135,,133 MHz,Verified,,FLASH,SPI - Quad I/O,16M x 8,128Mbit,Non-Volatile,-40°C ~ 85°C (TA),,,FLASH - NOR,2.7V ~ 3.6V,"50µs, 2.4ms"
AT25SF161B-MHB-T,Renesas Electronics Corporation,IC FLASH 16MBIT SPI/QUAD 8UDFN,memory,18285,1.39,8-UDFN Exposed Pad,Surface Mount,Active,https://www.renesas.com/us/en/document/dst/at25sf161b-datasheet?r=1608796,https://www.digikey.com/en/products/detail/renesas-electronics-corporation/AT25SF161B-MHB-T/11617283,,108 MHz,Not Verified,,FLASH,SPI - Quad I/O,2M x 8,16Mbit,Non-Volatile,-40°C ~ 85°C (TA),,,FLASH - NOR,2.7V ~ 3.6V,"50µs, 2.4ms"
AT25SF161B-SHB-T,Renesas Electronics Corporation,IC FLASH 16MBIT SPI/QUAD 8SOIC,memory,7675,1.05,"8-SOIC (0.209"", 5.30mm Width)",Surface Mount,Active,https://www.renesas.com/us/en/document/dst/at25sf161b-datasheet?r=1608796,https://www.digikey.com/en/products/detail/renesas-electronics-corporation/AT25SF161B-SHB-T/11617286,,108 MHz,Verified,,FLASH,SPI - Quad I/O,2M x 8,16Mbit,Non-Volatile,-40°C ~ 85°C (TA),,,FLASH - NOR,2.7V ~ 3.6V,"50µs, 2.4ms"
AT25SF161B-SSHD-T,Renesas Electronics Corporation,IC FLASH 16MBIT SPI/QUAD 8SOIC,memory,15776,1.01,"8-SOIC (0.154"", 3.90mm Width)",Surface Mount,Active,https://www.renesas.com/us/en/document/dst/at25sf161b-datasheet?language=en,https://www.digikey.com/en/products/detail/renesas-electronics-corporation/AT25SF161B-SSHD-T/14549318,7 ns,108 MHz,Not Verified,,FLASH,SPI - Quad I/O,2M x 8,16Mbit,Non-Volatile,-40°C ~ 85°C (TC),,,FLASH - NOR,2.5V ~ 3.6V,"50µs, 1.8ms"
AT25SF321B-SSHB-B,Renesas Electronics Corporation,IC FLASH 32MBIT SPI/QUAD 8SOIC,memory,7601,1.24,"8-SOIC (0.154"", 3.90mm Width)",Surface Mount,Active,https://www.renesas.com/us/en/document/dst/at25sf321b-datasheet?r=1608806,https://www.digikey.com/en/products/detail/renesas-electronics-corporation/AT25SF321B-SSHB-B/10390993,,108 MHz,Not Verified,,FLASH,SPI - Quad I/O,4M x 8,32Mbit,Non-Volatile,-40°C ~ 85°C (TC),,,FLASH - NOR,2.7V ~ 3.6V,"50µs, 3ms"
AT25SF641B-MHB-T,Renesas Electronics Corporation,IC FLASH 64MBIT SPI/QUAD 8UDFN,memory,14605,2.59,8-UDFN Exposed Pad,Surface Mount,Active,https://www.renesas.com/us/en/document/dst/at25sf641b-datasheet,https://www.digikey.com/en/products/detail/renesas-electronics-corporation/AT25SF641B-MHB-T/11307542,,108 MHz,Not Verified,,FLASH,SPI - Quad I/O,8M x 8,64Mbit,Non-Volatile,-40°C ~ 85°C (TA),,,FLASH - NOR,2.7V ~ 3.6V,"50µs, 3ms"
AT25SF641B-SHB-T,Renesas Electronics Corporation,IC FLASH 64MBIT SPI/QUAD 8SOIC,memory,3673,1.44,"8-SOIC (0.209"", 5.30mm Width)",Surface Mount,Active,https://www.renesas.com/us/en/document/dst/at25sf641b-datasheet,https://www.digikey.com/en/products/detail/renesas-electronics-corporation/AT25SF641B-SHB-T/11307543,,108 MHz,Verified,,FLASH,SPI - Quad I/O,8M x 8,64Mbit,Non-Volatile,-40°C ~ 85°C (TA),,,FLASH - NOR,2.7V ~ 3.6V,"50µs, 3ms"
AT25SF641B-SPB-T,Renesas Electronics Corporation,IC FLASH 64MBIT SPI/QUAD 8SOIC,memory,7104,2.27,"8-SOIC (0.209"", 5.30mm Width)",Surface Mount,Active,https://www.renesas.com/us/en/document/dst/at25sf641b-datasheet?r=1608816,https://www.digikey.com/en/products/detail/renesas-electronics-corporation/AT25SF641B-SPB-T/14831956,7 ns,104 MHz,Not Verified,,FLASH,SPI - Quad I/O,8M x 8,64Mbit,Non-Volatile,-40°C ~ 85°C (TC),,,FLASH,2.7V ~ 3.6V,"50µs, 3ms"
AT25SL1281C-UAUE-T,Renesas Electronics Operations Services Limited,IC FLASH 128MBIT SPI 21WLCSP,memory,0,2.57,"14-UFBGA, WLCSP",Surface Mount,Active,https://www.renesas.com/en/document/dst/at25sl1281cat25ql1281c-datasheet?r=25577608,https://www.digikey.com/en/products/detail/renesas-electronics-corporation/AT25SL1281C-UAUE-T/28854644,7 ns,133 MHz,,,FLASH,"SPI - Quad I/O, QPI",16M x 8,128Mbit,Non-Volatile,-40°C ~ 85°C (TA),,,FLASH - NOR (SLC),1.65V ~ 1.95V,"500µs, 5.5ms"
AT25SL2561C-MWUE-T,Renesas Electronics Corporation,"1.8V 256MBIT, UP TO QUAD SPI, DT",memory,0,5.98,-,-,Active,https://www.renesas.com/en/document/dst/at25sl641-datasheet?r=1608831,https://www.digikey.com/en/products/detail/renesas-electronics-corporation/AT25SL2561C-MWUE-T/27683497,,,,,,,,,,,,,,,
AT25SL641-MHE-T,Renesas Electronics Corporation,IC FLASH 64MBIT SPI 104MHZ 8UDFN,memory,11058,2.26,8-UDFN Exposed Pad,Surface Mount,Active,https://www.renesas.com/us/en/document/dst/at25sl641-datasheet,https://www.digikey.com/en/products/detail/renesas-electronics-corporation/AT25SL641-MHE-T/6827496,,104 MHz,Not Verified,,FLASH,SPI,8M x 8,64Mbit,Non-Volatile,-40°C ~ 85°C (TA),,,FLASH,1.7V ~ 2V,"150µs, 5ms"
AT25XE041B-MAHN-T,Renesas Electronics Corporation,IC FLASH 4MBIT SPI 85MHZ 8UDFN,memory,47516,2.14,8-UFDFN Exposed Pad,Surface Mount,Active,https://www.renesas.com/us/en/document/dst/at25xe041b-datasheet?r=1608846,https://www.digikey.com/en/products/detail/renesas-electronics-corporation/AT25XE041B-MAHN-T/5037211,,85 MHz,Not Verified,,FLASH,SPI,512K x 8,4Mbit,Non-Volatile,-40°C ~ 85°C (TC),,,FLASH,1.65V ~ 3.6V,"8µs, 2.75ms"
AT25XE041D-MAHN-T,Renesas Electronics Corporation,IC FLASH 4MBIT SPI/QUAD 8UDFN,memory,3429,1.01,8-UFDFN Exposed Pad,Surface Mount,Active,https://www.renesas.com/us/en/document/dst/at25xe041d-datasheet?r=1608856,https://www.digikey.com/en/products/detail/renesas-electronics-corporation/AT25XE041D-MAHN-T/12180771,,104 MHz,Not Verified,,FLASH,SPI - Quad I/O,512K x 8,4Mbit,Non-Volatile,-40°C ~ 85°C (TC),,,FLASH - NOR,1.65V ~ 3.6V,"4ms, 30ms"
AT25XE041D-SSHN-T,Renesas Electronics Corporation,IC FLASH 4MBIT SPI/QUAD 8SOIC,memory,120281,0.94,"8-SOIC (0.154"", 3.90mm Width)",Surface Mount,Active,https://www.renesas.com/us/en/document/dst/at25xe041d-datasheet?r=1608856,https://www.digikey.com/en/products/detail/renesas-electronics-corporation/AT25XE041D-SSHN-T/12180777,,104 MHz,Not Verified,,FLASH,SPI - Quad I/O,512K x 8,4Mbit,Non-Volatile,-40°C ~ 85°C (TC),,,FLASH - NOR,1.65V ~ 3.6V,"4ms, 30ms"
AT25XE321D-MHN-T,Renesas Electronics Corporation,IC FLASH 32MBIT SPI/QUAD 8UDFN,memory,7711,2.18,8-UDFN Exposed Pad,Surface Mount,Active,https://www.renesas.com/us/en/document/dst/at25xe321d-datasheet?r=1608871,https://www.digikey.com/en/products/detail/renesas-electronics-corporation/AT25XE321D-MHN-T/10413753,,104 MHz,Not Verified,,FLASH,SPI - Quad I/O,4M x 8,32Mbit,Non-Volatile,-40°C ~ 85°C (TA),,,FLASH - NOR,1.65V ~ 3.6V,"60µs, 12ms"
AT27C010-70JU,Microchip Technology,IC EPROM 1MBIT PARALLEL 32PLCC,memory,862,3.45,32-LCC (J-Lead),Surface Mount,Active,https://ww1.microchip.com/downloads/en/DeviceDoc/doc0321.pdf,https://www.digikey.com/en/products/detail/microchip-technology/AT27C010-70JU/1008563,70 ns,,Not Verified,,EPROM,Parallel,128K x 8,1Mbit,Non-Volatile,-40°C ~ 85°C (TC),,,EPROM - OTP,4.5V ~ 5.5V,
AT27C020-55JU,Microchip Technology,IC EPROM 2MBIT PARALLEL 32PLCC,memory,838,4.5,32-LCC (J-Lead),Surface Mount,Active,https://ww1.microchip.com/downloads/en/DeviceDoc/doc0570.pdf,https://www.digikey.com/en/products/detail/microchip-technology/AT27C020-55JU/1008611,55 ns,,Verified,,EPROM,Parallel,256K x 8,2Mbit,Non-Volatile,-40°C ~ 85°C (TC),,,EPROM - OTP,4.5V ~ 5.5V,
AT27C020-90JU,Microchip Technology,IC EPROM 2MBIT PARALLEL 32PLCC,memory,331,4.29,32-LCC (J-Lead),Surface Mount,Active,https://ww1.microchip.com/downloads/en/DeviceDoc/doc0570.pdf,https://www.digikey.com/en/products/detail/microchip-technology/AT27C020-90JU/1008613,90 ns,,Verified,,EPROM,Parallel,256K x 8,2Mbit,Non-Volatile,-40°C ~ 85°C (TC),,,EPROM - OTP,4.5V ~ 5.5V,
AT27C080-90JU,Microchip Technology,IC EPROM 8MBIT PARALLEL 32PLCC,memory,1227,14.25,32-LCC (J-Lead),Surface Mount,Active,https://ww1.microchip.com/downloads/en/DeviceDoc/doc0189.pdf,https://www.digikey.com/en/products/detail/microchip-technology/AT27C080-90JU/1008546,90 ns,,Verified,,EPROM,Parallel,1M x 8,8Mbit,Non-Volatile,-40°C ~ 85°C (TC),,,EPROM - OTP,4.5V ~ 5.5V,
AT27C1024-45PU,Microchip Technology,IC EPROM 1MBIT PARALLEL 40DIP,memory,207,4.6,"40-DIP (0.600"", 15.24mm)",Through Hole,Active,https://ww1.microchip.com/downloads/en/DeviceDoc/doc0019.pdf,https://www.digikey.com/en/products/detail/microchip-technology/AT27C1024-45PU/1914220,45 ns,,Not Verified,,EPROM,Parallel,64K x 16,1Mbit,Non-Volatile,-40°C ~ 85°C (TC),,,EPROM - OTP,4.5V ~ 5.5V,
AT27C1024-70JU,Microchip Technology,IC EPROM 1MBIT PARALLEL 44PLCC,memory,3722,4.29,44-LCC (J-Lead),Surface Mount,Active,https://ww1.microchip.com/downloads/en/DeviceDoc/doc0019.pdf,https://www.digikey.com/en/products/detail/microchip-technology/AT27C1024-70JU/1008582,70 ns,,Verified,,EPROM,Parallel,64K x 16,1Mbit,Non-Volatile,-40°C ~ 85°C (TC),,,EPROM - OTP,4.5V ~ 5.5V,
AT27C1024-70PU,Microchip Technology,IC EPROM 1MBIT PARALLEL 40DIP,memory,110,4.52,"40-DIP (0.600"", 15.24mm)",Through Hole,Active,https://ww1.microchip.com/downloads/en/DeviceDoc/doc0019.pdf,https://www.digikey.com/en/products/detail/microchip-technology/AT27C1024-70PU/1008548,70 ns,,Not Verified,,EPROM,Parallel,64K x 16,1Mbit,Non-Volatile,-40°C ~ 85°C (TC),,,EPROM - OTP,4.5V ~ 5.5V,
AT27C256R-45JU,Microchip Technology,IC EPROM 256KBIT PARALLEL 32PLCC,memory,725,2.6,32-LCC (J-Lead),Surface Mount,Active,https://ww1.microchip.com/downloads/aemDocuments/documents/MPD/ProductDocuments/DataSheets/AT27C256R-256-Kbit-%2832Kx8%29-One-Time-Programmable-Read-Only-Memory-20006674A.pdf,https://www.digikey.com/en/products/detail/microchip-technology/AT27C256R-45JU/1008545,45 ns,,Verified,,EPROM,Parallel,32K x 8,256Kbit,Non-Volatile,-40°C ~ 85°C (TC),,,EPROM - OTP,4.5V ~ 5.5V,
AT27C256R-45PU,Microchip Technology,IC EPROM 256KBIT PARALLEL 28DIP,memory,2535,2.77,"28-DIP (0.600"", 15.24mm)",Through Hole,Active,https://ww1.microchip.com/downloads/en/DeviceDoc/doc0014.pdf,https://www.digikey.com/en/products/detail/microchip-technology/AT27C256R-45PU/1118860,45 ns,,Verified,,EPROM,Parallel,32K x 8,256Kbit,Non-Volatile,-40°C ~ 85°C (TC),,,EPROM - OTP,4.5V ~ 5.5V,
AT27C256R-70JU,Microchip Technology,IC EPROM 256KBIT PARALLEL 32PLCC,memory,1088,2.57,32-LCC (J-Lead),Surface Mount,Active,https://ww1.microchip.com/downloads/aemDocuments/documents/MPD/ProductDocuments/DataSheets/AT27C256R-256-Kbit-%2832Kx8%29-One-Time-Programmable-Read-Only-Memory-20006674A.pdf,https://www.digikey.com/en/products/detail/microchip-technology/AT27C256R-70JU/1008583,70 ns,,Verified,,EPROM,Parallel,32K x 8,256Kbit,Non-Volatile,-40°C ~ 85°C (TC),,,EPROM - OTP,4.5V ~ 5.5V,
AT27C256R-70JU-T,Microchip Technology,IC EPROM 256KBIT PARALLEL 32PLCC,memory,750,2.86,32-LCC (J-Lead),Surface Mount,Active,https://ww1.microchip.com/downloads/aemDocuments/documents/MPD/ProductDocuments/DataSheets/AT27C256R-256-Kbit-%2832Kx8%29-One-Time-Programmable-Read-Only-Memory-20006674A.pdf,https://www.digikey.com/en/products/detail/microchip-technology/AT27C256R-70JU-T/6834168,70 ns,,Verified,,EPROM,Parallel,32K x 8,256Kbit,Non-Volatile,-40°C ~ 85°C (TC),,,EPROM - OTP,4.5V ~ 5.5V,
AT27C256R-70PU,Microchip Technology,IC EPROM 256KBIT PARALLEL 28DIP,memory,2727,2.68,"28-DIP (0.600"", 15.24mm)",Through Hole,Active,https://ww1.microchip.com/downloads/en/DeviceDoc/doc0014.pdf,https://www.digikey.com/en/products/detail/microchip-technology/AT27C256R-70PU/1008551,70 ns,,Verified,,EPROM,Parallel,32K x 8,256Kbit,Non-Volatile,-40°C ~ 85°C (TC),,,EPROM - OTP,4.5V ~ 5.5V,
AT27C4096-55JU,Microchip Technology,IC EPROM 4MBIT PARALLEL 44PLCC,memory,1054,9.15,44-LCC (J-Lead),Surface Mount,Active,https://ww1.microchip.com/downloads/en/DeviceDoc/doc0311.pdf,https://www.digikey.com/en/products/detail/microchip-technology/AT27C4096-55JU/1118861,55 ns,,Verified,,EPROM,Parallel,256K x 16,4Mbit,Non-Volatile,-40°C ~ 85°C (TC),,,EPROM - OTP,4.5V ~ 5.5V,
AT27C512R-45PU,Microchip Technology,IC EPROM 512KBIT PARALLEL 28DIP,memory,2760,3.05,"28-DIP (0.600"", 15.24mm)",Through Hole,Active,https://ww1.microchip.com/downloads/en/DeviceDoc/doc0015.pdf,https://www.digikey.com/en/products/detail/microchip-technology/AT27C512R-45PU/1118862,45 ns,,Verified,,EPROM,Parallel,64K x 8,512Kbit,Non-Volatile,-40°C ~ 85°C (TC),,,EPROM - OTP,4.5V ~ 5.5V,
AT27C512R-70JU,Microchip Technology,IC EPROM 512KBIT PARALLEL 32PLCC,memory,3393,2.79,32-LCC (J-Lead),Surface Mount,Active,https://ww1.microchip.com/downloads/aemDocuments/documents/MPD/ProductDocuments/DataSheets/AT27C256R-256-Kbit-%2832Kx8%29-One-Time-Programmable-Read-Only-Memory-20006674A.pdf,https://www.digikey.com/en/products/detail/microchip-technology/AT27C512R-70JU/1008619,70 ns,,Verified,,EPROM,Parallel,64K x 8,512Kbit,Non-Volatile,-40°C ~ 85°C (TC),,,EPROM - OTP,4.5V ~ 5.5V,
AT27C512R-70JU-T,Microchip Technology,IC EPROM 512KBIT PARALLEL 32PLCC,memory,620,3.11,32-LCC (J-Lead),Surface Mount,Active,https://ww1.microchip.com/downloads/aemDocuments/documents/MPD/ProductDocuments/DataSheets/AT27C512R-512-Kbit-OTP-ROM-Data-Sheet-DS20006752.pdf,https://www.digikey.com/en/products/detail/microchip-technology/AT27C512R-70JU-T/6834170,70 ns,,Verified,,EPROM,Parallel,64K x 8,512Kbit,Non-Volatile,-40°C ~ 85°C (TC),,,EPROM - OTP,4.5V ~ 5.5V,
AT27C512R-70PU,Microchip Technology,IC EPROM 512KBIT PARALLEL 28DIP,memory,1654,3.0,"28-DIP (0.600"", 15.24mm)",Through Hole,Active,https://ww1.microchip.com/downloads/en/DeviceDoc/doc0015.pdf,https://www.digikey.com/en/products/detail/microchip-technology/AT27C512R-70PU/1008609,70 ns,,Verified,,EPROM,Parallel,64K x 8,512Kbit,Non-Volatile,-40°C ~ 85°C (TC),,,EPROM - OTP,4.5V ~ 5.5V,
AT45DB021E-MHN-T,Renesas Electronics Corporation,IC FLASH 2MBIT SPI 70MHZ 8UDFN,memory,12342,2.08,8-UDFN Exposed Pad,Surface Mount,Active,https://www.renesas.com/us/en/document/dst/at45db021e-datasheet?r=1608891,https://www.digikey.com/en/products/detail/renesas-electronics-corporation/AT45DB021E-MHN-T/3854963,,70 MHz,Not Verified,,FLASH,SPI,264 Bytes x 1024 pages,2Mbit,Non-Volatile,-40°C ~ 85°C (TC),,,FLASH,1.65V ~ 3.6V,"8µs, 3ms"
AT45DB021E-SHN-B,Renesas Electronics Corporation,IC FLASH 2MBIT SPI 70MHZ 8SOIC,memory,95100,1.87,"8-SOIC (0.209"", 5.30mm Width)",Surface Mount,Active,https://www.renesas.com/us/en/document/dst/at45db021e-datasheet?r=1608891,https://www.digikey.com/en/products/detail/renesas-electronics-corporation/AT45DB021E-SHN-B/3854969,,70 MHz,Verified,,FLASH,SPI,264 Bytes x 1024 pages,2Mbit,Non-Volatile,-40°C ~ 85°C (TC),,,FLASH,1.65V ~ 3.6V,"8µs, 3ms"
AT45DB021E-SSHN-B,Renesas Electronics Corporation,IC FLASH 2MBIT SPI 70MHZ 8SOIC,memory,11241,1.87,"8-SOIC (0.154"", 3.90mm Width)",Surface Mount,Active,https://www.renesas.com/us/en/document/dst/at45db021e-datasheet?r=1608891,https://www.digikey.com/en/products/detail/renesas-electronics-corporation/AT45DB021E-SSHN-B/3854968,,70 MHz,Verified,,FLASH,SPI,264 Bytes x 1024 pages,2Mbit,Non-Volatile,-40°C ~ 85°C (TC),,,FLASH,1.65V ~ 3.6V,"8µs, 3ms"
AT45DB021E-SSHN-T,Renesas Electronics Corporation,IC FLASH 2MBIT SPI 70MHZ 8SOIC,memory,2487,1.81,"8-SOIC (0.154"", 3.90mm Width)",Surface Mount,Active,https://www.renesas.com/us/en/document/dst/at45db021e-datasheet?r=1608891,https://www.digikey.com/en/products/detail/renesas-electronics-corporation/AT45DB021E-SSHN-T/3854965,,70 MHz,Verified,,FLASH,SPI,264 Bytes x 1024 pages,2Mbit,Non-Volatile,-40°C ~ 85°C (TC),,,FLASH,1.65V ~ 3.6V,"8µs, 3ms"
AT45DB041E-SHN-B,Renesas Electronics Corporation,IC FLASH 4MBIT SPI 85MHZ 8SOIC,memory,13830,1.96,"8-SOIC (0.209"", 5.30mm Width)",Surface Mount,Active,https://www.renesas.com/us/en/document/dst/at45db041e-datasheet?r=1608896,https://www.digikey.com/en/products/detail/renesas-electronics-corporation/AT45DB041E-SHN-B/4340614,,85 MHz,Verified,,FLASH,SPI,264 Bytes x 2048 pages,4Mbit,Non-Volatile,-40°C ~ 85°C (TC),,,FLASH,1.65V ~ 3.6V,"8µs, 3ms"
AT45DB041E-SHN-T,Renesas Electronics Corporation,IC FLASH 4MBIT SPI 85MHZ 8SOIC,memory,1928,1.96,"8-SOIC (0.209"", 5.30mm Width)",Surface Mount,Active,https://www.renesas.com/us/en/document/dst/at45db041e-datasheet?r=1608896,https://www.digikey.com/en/products/detail/renesas-electronics-corporation/AT45DB041E-SHN-T/4311886,,85 MHz,Verified,,FLASH,SPI,264 Bytes x 2048 pages,4Mbit,Non-Volatile,-40°C ~ 85°C (TC),,,FLASH,1.65V ~ 3.6V,"8µs, 3ms"
AT45DB041E-SSHN-B,Renesas Electronics Corporation,IC FLASH 4MBIT SPI 85MHZ 8SOIC,memory,3875,1.9,"8-SOIC (0.154"", 3.90mm Width)",Surface Mount,Active,https://www.renesas.com/us/en/document/dst/at45db041e-datasheet?r=1608896,https://www.digikey.com/en/products/detail/renesas-electronics-corporation/AT45DB041E-SSHN-B/4340615,,85 MHz,Verified,,FLASH,SPI,264 Bytes x 2048 pages,4Mbit,Non-Volatile,-40°C ~ 85°C (TC),,,FLASH,1.65V ~ 3.6V,"8µs, 3ms"
AT45DB041E-SSHN-T,Renesas Electronics Corporation,IC FLASH 4MBIT SPI 85MHZ 8SOIC,memory,39626,1.9,"8-SOIC (0.154"", 3.90mm Width)",Surface Mount,Active,https://www.renesas.com/us/en/document/dst/at45db041e-datasheet?r=1608896,https://www.digikey.com/en/products/detail/renesas-electronics-corporation/AT45DB041E-SSHN-T/4311888,,85 MHz,Verified,,FLASH,SPI,264 Bytes x 2048 pages,4Mbit,Non-Volatile,-40°C ~ 85°C (TC),,,FLASH,1.65V ~ 3.6V,"8µs, 3ms"
AT45DB081E-SHN-B,Renesas Electronics Corporation,IC FLASH 8MBIT SPI 85MHZ 8SOIC,memory,12687,2.61,"8-SOIC (0.209"", 5.30mm Width)",Surface Mount,Active,https://www.renesas.com/us/en/document/dst/at45db081e-datasheet?language=en,https://www.digikey.com/en/products/detail/renesas-electronics-corporation/AT45DB081E-SHN-B/4439499,,85 MHz,Not Verified,,FLASH,SPI,264 Bytes x 4096 pages,8Mbit,Non-Volatile,-40°C ~ 85°C (TC),,,FLASH,1.7V ~ 3.6V,"8µs, 4ms"
AT45DB081E-SHN-T,Renesas Electronics Corporation,IC FLASH 8MBIT SPI 85MHZ 8SOIC,memory,9399,2.61,"8-SOIC (0.209"", 5.30mm Width)",Surface Mount,Active,https://www.renesas.com/us/en/document/dst/at45db081e-datasheet?language=en,https://www.digikey.com/en/products/detail/renesas-electronics-corporation/AT45DB081E-SHN-T/4425785,,85 MHz,Not Verified,,FLASH,SPI,264 Bytes x 4096 pages,8Mbit,Non-Volatile,-40°C ~ 85°C (TC),,,FLASH,1.7V ~ 3.6V,"8µs, 4ms"
AT45DB081E-SHN2B-T,Renesas Electronics Corporation,IC FLASH 8MBIT SPI 85MHZ 8SOIC,memory,963,2.52,"8-SOIC (0.209"", 5.30mm Width)",Surface Mount,Active,https://www.renesas.com/us/en/document/dst/at45db081e-datasheet?language=en,https://www.digikey.com/en/products/detail/renesas-electronics-corporation/AT45DB081E-SHN2B-T/4425786,,85 MHz,Not Verified,,FLASH,SPI,256 Bytes x 4096 pages,8Mbit,Non-Volatile,-40°C ~ 85°C (TC),,,FLASH,1.7V ~ 3.6V,"8µs, 4ms"
AT45DB081E-SSHN-B,Renesas Electronics Corporation,IC FLASH 8MBIT SPI 85MHZ 8SOIC,memory,11462,2.55,"8-SOIC (0.154"", 3.90mm Width)",Surface Mount,Active,https://www.renesas.com/us/en/document/dst/at45db081e-datasheet?language=en,https://www.digikey.com/en/products/detail/renesas-electronics-corporation/AT45DB081E-SSHN-B/4507057,,85 MHz,Not Verified,,FLASH,SPI,264 Bytes x 4096 pages,8Mbit,Non-Volatile,-40°C ~ 85°C (TC),,,FLASH,1.7V ~ 3.6V,"8µs, 4ms"
AT45DB081E-SSHN2B-T,Renesas Electronics Corporation,IC FLASH 8MBIT SPI 85MHZ 8SOIC,memory,13628,2.55,"8-SOIC (0.154"", 3.90mm Width)",Surface Mount,Active,https://www.renesas.com/us/en/document/dst/at45db081e-datasheet?language=en,https://www.digikey.com/en/products/detail/renesas-electronics-corporation/AT45DB081E-SSHN2B-T/4425784,,85 MHz,Not Verified,,FLASH,SPI,256 Bytes x 4096 pages,8Mbit,Non-Volatile,-40°C ~ 85°C (TC),,,FLASH,1.7V ~ 3.6V,"8µs, 4ms"
AT45DB161E-MHF-Y,Renesas Electronics Corporation,IC FLASH 16MBIT SPI 85MHZ 8UDFN,memory,3611,4.06,8-UDFN Exposed Pad,Surface Mount,Active,https://www.renesas.com/us/en/document/dst/at45db161e-datasheet?language=en&r=1608911,https://www.digikey.com/en/products/detail/renesas-electronics-corporation/AT45DB161E-MHF-Y/3986574,,85 MHz,Not Verified,,FLASH,SPI,528 Bytes x 4096 pages,16Mbit,Non-Volatile,-40°C ~ 85°C (TC),,,FLASH,2.3V ~ 3.6V,"8µs, 4ms"
AT45DB161E-SHD-B,Renesas Electronics Corporation,IC FLASH 16MBIT SPI 85MHZ 8SOIC,memory,3893,3.72,"8-SOIC (0.209"", 5.30mm Width)",Surface Mount,Not For New Designs,https://www.renesas.com/us/en/document/dst/at45db161e-datasheet?language=en&r=1608911,https://www.digikey.com/en/products/detail/renesas-electronics-corporation/AT45DB161E-SHD-B/3828611,,85 MHz,Verified,,FLASH,SPI,528 Bytes x 4096 pages,16Mbit,Non-Volatile,-40°C ~ 85°C (TC),,,FLASH,2.5V ~ 3.6V,"8µs, 4ms"
AT45DB161E-SHD-T,Renesas Electronics Corporation,IC FLASH 16MBIT SPI 85MHZ 8SOIC,memory,10191,3.72,"8-SOIC (0.209"", 5.30mm Width)",Surface Mount,Not For New Designs,https://www.renesas.com/us/en/document/dst/at45db161e-datasheet?language=en&r=1608911,https://www.digikey.com/en/products/detail/renesas-electronics-corporation/AT45DB161E-SHD-T/3828650,,85 MHz,Verified,,FLASH,SPI,528 Bytes x 4096 pages,16Mbit,Non-Volatile,-40°C ~ 85°C (TC),,,FLASH,2.5V ~ 3.6V,"8µs, 4ms"
AT45DB161E-SHF-B,Renesas Electronics Corporation,IC FLASH 16MBIT SPI 85MHZ 8SOIC,memory,59913,3.74,"8-SOIC (0.209"", 5.30mm Width)",Surface Mount,Active,https://www.renesas.com/us/en/document/dst/at45db161e-datasheet?language=en&r=1608911,https://www.digikey.com/en/products/detail/renesas-electronics-corporation/AT45DB161E-SHF-B/4340617,,85 MHz,Not Verified,,FLASH,SPI,528 Bytes x 4096 pages,16Mbit,Non-Volatile,-40°C ~ 85°C (TC),,,FLASH,2.3V ~ 3.6V,"8µs, 4ms"
AT45DB161E-SHF-T,Renesas Electronics Corporation,IC FLASH 16MBIT SPI 85MHZ 8SOIC,memory,8002,3.74,"8-SOIC (0.209"", 5.30mm Width)",Surface Mount,Active,https://www.renesas.com/us/en/document/dst/at45db161e-datasheet?language=en&r=1608911,https://www.digikey.com/en/products/detail/renesas-electronics-corporation/AT45DB161E-SHF-T/4337422,,85 MHz,Not Verified,,FLASH,SPI,528 Bytes x 4096 pages,16Mbit,Non-Volatile,-40°C ~ 85°C (TC),,,FLASH,2.3V ~ 3.6V,"8µs, 4ms"
AT45DB161E-SSHD-T,Renesas Electronics Corporation,IC FLASH 16MBIT SPI 85MHZ 8SOIC,memory,31895,3.66,"8-SOIC (0.154"", 3.90mm Width)",Surface Mount,Not For New Designs,https://www.renesas.com/us/en/document/dst/at45db161e-datasheet?language=en&r=1608911,https://www.digikey.com/en/products/detail/renesas-electronics-corporation/AT45DB161E-SSHD-T/3828652,,85 MHz,Not Verified,,FLASH,SPI,528 Bytes x 4096 pages,16Mbit,Non-Volatile,-40°C ~ 85°C (TC),,,FLASH,2.5V ~ 3.6V,"8µs, 4ms"
AT45DB161E-SSHF2B-T,Renesas Electronics Corporation,IC FLASH 16MBIT SPI 85MHZ 8SOIC,memory,3233,3.72,"8-SOIC (0.154"", 3.90mm Width)",Surface Mount,Active,https://www.renesas.com/us/en/document/dst/at45db161e-datasheet?language=en&r=1608911,https://www.digikey.com/en/products/detail/renesas-electronics-corporation/AT45DB161E-SSHF2B-T/3986569,,85 MHz,Not Verified,,FLASH,SPI,512 Bytes x 4096 pages,16Mbit,Non-Volatile,-40°C ~ 85°C (TC),,,FLASH,2.3V ~ 3.6V,"8µs, 4ms"
AT45DB161E-SSHFHA-T,Renesas Electronics Corporation,IC FLASH 16MBIT SPI 85MHZ 8SOIC,memory,1647,3.8,"8-SOIC (0.154"", 3.90mm Width)",Surface Mount,Active,https://www.renesas.com/us/en/document/dst/at45db161e-datasheet?language=en&r=1608911,https://www.digikey.com/en/products/detail/renesas-electronics-corporation/AT45DB161E-SSHFHA-T/4292703,,85 MHz,Not Verified,,FLASH,SPI,528 Bytes x 4096 pages,16Mbit,Non-Volatile,-40°C ~ 85°C (TC),,,FLASH,2.3V ~ 3.6V,"8µs, 4ms"
AT45DB321E-MHF-T,Renesas Electronics Corporation,IC FLASH 32MBIT SPI 85MHZ 8UDFN,memory,58917,6.06,8-UDFN Exposed Pad,Surface Mount,Active,https://www.renesas.com/us/en/document/dst/at45db321e-datasheet?language=en,https://www.digikey.com/en/products/detail/renesas-electronics-corporation/AT45DB321E-MHF-T/4337433,,85 MHz,Not Verified,,FLASH,SPI,528 Bytes x 8192 pages,32Mbit,Non-Volatile,-40°C ~ 85°C (TC),,,FLASH,2.3V ~ 3.6V,"8µs, 4ms"
AT45DB321E-MHF-Y,Renesas Electronics Corporation,IC FLASH 32MBIT SPI 85MHZ 8UDFN,memory,9843,6.3,8-UDFN Exposed Pad,Surface Mount,Active,https://www.renesas.com/us/en/document/dst/at45db321e-datasheet?language=en,https://www.digikey.com/en/products/detail/renesas-electronics-corporation/AT45DB321E-MHF-Y/4340619,,85 MHz,Not Verified,,FLASH,SPI,528 Bytes x 8192 pages,32Mbit,Non-Volatile,-40°C ~ 85°C (TC),,,FLASH,2.3V ~ 3.6V,"8µs, 4ms"
AT45DB321E-SHF-B,Renesas Electronics Corporation,IC FLASH 32MBIT SPI 85MHZ 8SOIC,memory,7189,4.94,"8-SOIC (0.209"", 5.30mm Width)",Surface Mount,Active,https://www.renesas.com/us/en/document/dst/at45db321e-datasheet?language=en,https://www.digikey.com/en/products/detail/renesas-electronics-corporation/AT45DB321E-SHF-B/4340620,,85 MHz,Verified,,FLASH,SPI,528 Bytes x 8192 pages,32Mbit,Non-Volatile,-40°C ~ 85°C (TC),,,FLASH,2.3V ~ 3.6V,"8µs, 4ms"
AT45DB641E-MHN-T,Renesas Electronics Corporation,IC FLASH 64MBIT SPI 85MHZ 8UDFN,memory,9436,8.2,8-UDFN Exposed Pad,Surface Mount,Active,https://www.renesas.com/us/en/document/dst/at45db641e-datasheet?r=1608921,https://www.digikey.com/en/products/detail/renesas-electronics-corporation/AT45DB641E-MHN-T/4494305,,85 MHz,Not Verified,,FLASH,SPI,264 Bytes x 32K pages,64Mbit,Non-Volatile,-40°C ~ 85°C (TC),,,FLASH,1.7V ~ 3.6V,"8µs, 5ms"
AT45DB641E-MWHN-T,Renesas Electronics Corporation,IC FLASH 64MBIT SPI 85MHZ 8VDFN,memory,4494,8.2,8-VDFN Exposed Pad,Surface Mount,Active,,https://www.digikey.com/en/products/detail/renesas-electronics-corporation/AT45DB641E-MWHN-T/4494303,,85 MHz,Not Verified,,FLASH,SPI,264 Bytes x 32K pages,64Mbit,Non-Volatile,-40°C ~ 85°C (TC),,,FLASH,1.7V ~ 3.6V,"8µs, 5ms"
AT45DQ321-SHF-B,Renesas Electronics Corporation,IC FLASH 32MBIT SPI 104MHZ 8SOIC,memory,29882,5.31,"8-SOIC (0.209"", 5.30mm Width)",Surface Mount,Active,https://www.renesas.com/us/en/document/dst/at45dq321-datasheet?language=en,https://www.digikey.com/en/products/detail/renesas-electronics-corporation/AT45DQ321-SHF-B/4337469,,104 MHz,Not Verified,,FLASH,SPI,528 Bytes x 8192 pages,32Mbit,Non-Volatile,-40°C ~ 85°C (TC),,,FLASH,2.3V ~ 3.6V,"8µs, 4ms"
BR24G02FJ-5E2,Rohm Semiconductor,"2KBIT, IC BUS, LOW CURRENT CONSU",memory,2192,0.33,"8-SOIC (0.154"", 3.90mm Width)",Surface Mount,Active,https://www.rohm.com/datasheet?p=BR24G02FJ-5&dist=Digi-Key&media=referral&source=digi-key.com&campaign=Digi-Key,https://www.digikey.com/en/products/detail/rohm-semiconductor/BR24G02FJ-5E2/25927538,,1 MHz,,,EEPROM,I2C,256 x 8,2Kbit,Non-Volatile,-40°C ~ 85°C (TA),,BR24G02xxx-5,EEPROM,1.6V ~ 5.5V,3.5ms
BR24G02FVT-5E2,Rohm Semiconductor,"2KBIT, IC BUS, LOW CURRENT CONSU",memory,3000,0.26,"8-TSSOP (0.173"", 4.40mm Width)",Surface Mount,Active,https://www.rohm.com/datasheet?p=BR24G02FVT-5&dist=Digi-Key&media=referral&source=digi-key.com&campaign=Digi-Key,https://www.digikey.com/en/products/detail/rohm-semiconductor/BR24G02FVT-5E2/25927592,,1 MHz,,,EEPROM,I2C,256 x 8,2Kbit,Non-Volatile,-40°C ~ 85°C (TA),,BR24G02xxx-5,EEPROM,1.6V ~ 5.5V,3.5ms
BY25Q128ESSIG(R),BYTe Semiconductor,IC FLASH 128MBIT SPI/QUAD 8SOP,memory,1950,1.16,"8-SOIC (0.209"", 5.30mm Width)",Surface Mount,Active,https://www.byte-semi.com/wp-content/uploads/BY25Q128ES.pdf,https://www.digikey.com/en/products/detail/byte-semiconductor/BY25Q128ESSIG-R/22041702,7.5 ns,120 MHz,Verified,,FLASH,SPI - Quad I/O,16M x 8,128Mbit,Non-Volatile,-40°C ~ 85°C (TA),,,FLASH - NOR,2.7V ~ 3.6V,"60µs, 2.4ms"
BY25Q128ESSIG(T),BYTe Semiconductor,IC FLASH 128MBIT SPI/QUAD 8SOP,memory,3709,1.69,"8-SOIC (0.209"", 5.30mm Width)",Surface Mount,Active,https://www.byte-semi.com/wp-content/uploads/BY25Q128ES.pdf,https://www.digikey.com/en/products/detail/byte-semiconductor/BY25Q128ESSIG-T/22155776,7.5 ns,120 MHz,Verified,,FLASH,SPI - Quad I/O,16M x 8,128Mbit,Non-Volatile,-40°C ~ 85°C (TA),,,FLASH - NOR,2.7V ~ 3.6V,"60µs, 2.4ms"
BY25Q16AWTIG(R),BYTe Semiconductor,IC FLASH 16MBIT SPI/QUAD 8SOP,memory,74886,0.34,"8-SOIC (0.154"", 3.90mm Width)",Surface Mount,Active,https://www.byte-semi.com/wp-content/uploads/BY25Q16AW.pdf,https://www.digikey.com/en/products/detail/byte-semiconductor/BY25Q16AWTIG-R/22322440,12 ns,100 MHz,,,FLASH,SPI - Quad I/O,2M x 8,16Mbit,Non-Volatile,-40°C ~ 85°C (TA),,,FLASH - NOR,1.65V ~ 3.6V,"3ms, 3ms"
BY25Q16BSMIG(R),BYTe Semiconductor,IC FLASH 16MBIT SPI/QUAD 8USON,memory,26199,0.44,8-UFDFN Exposed Pad,Surface Mount,Active,https://www.byte-semi.com/wp-content/uploads/BY25Q16BS.pdf,https://www.digikey.com/en/products/detail/byte-semiconductor/BY25Q16BSMIG-R/22322441,7 ns,108 MHz,Verified,,FLASH,"SPI - Quad I/O, QPI",2M x 8,16Mbit,Non-Volatile,-40°C ~ 85°C (TA),,,FLASH - NOR,2.7V ~ 3.6V,"50µs, 2.4ms"
BY25Q256FSSIG(R),BYTe Semiconductor,IC FLASH 256MBIT SPI/QUAD,memory,1609,3.7,"8-SOIC (0.209"", 5.30mm Width)",Surface Mount,Active,https://www.byte-semi.com/wp-content/uploads/BY25Q256FS.pdf,https://www.digikey.com/en/products/detail/byte-semiconductor/BY25Q256FSSIG-R/22155672,7 ns,100 MHz,Verified,,FLASH,"SPI - Quad I/O, QPI",32M x 8,256Mbit,Non-Volatile,-40°C ~ 85°C (TA),,,FLASH - NOR,2.7V ~ 3.6V,"50µs, 2.4ms"
BY25Q256FSSIG(T),BYTe Semiconductor,IC FLASH 256MBIT SPI/QUAD,memory,8145,3.7,"8-SOIC (0.209"", 5.30mm Width)",Surface Mount,Active,https://www.byte-semi.com/wp-content/uploads/BY25Q256FS.pdf,https://www.digikey.com/en/products/detail/byte-semiconductor/BY25Q256FSSIG-T/22155736,7 ns,100 MHz,Verified,,FLASH,"SPI - Quad I/O, QPI",32M x 8,256Mbit,Non-Volatile,-40°C ~ 85°C (TA),,,FLASH - NOR,2.7V ~ 3.6V,"50µs, 2.4ms"
BY25Q32ESSIG(R),BYTe Semiconductor,IC FLASH 32MBIT SPI/QUAD 8SOP,memory,4181,0.43,"8-SOIC (0.209"", 5.30mm Width)",Surface Mount,Active,https://www.byte-semi.com/wp-content/uploads/BY25Q32ES.pdf,https://www.digikey.com/en/products/detail/byte-semiconductor/BY25Q32ESSIG-R/22041703,11.5 ns,120 MHz,Verified,,FLASH,SPI - Quad I/O,4M x 8,32Mbit,Non-Volatile,-40°C ~ 85°C (TA),,,FLASH - NOR,2.7V ~ 3.6V,"50µs, 2.4ms"
BY25Q32ESTIG(T),BYTe Semiconductor,IC FLASH 32MBIT SPI/QUAD 8SOP,memory,7494,0.4,"8-SOIC (0.154"", 3.90mm Width)",Surface Mount,Active,https://www.byte-semi.com/wp-content/uploads/BY25Q32ES.pdf,https://www.digikey.com/en/products/detail/byte-semiconductor/BY25Q32ESTIG-T/22041704,11.5 ns,120 MHz,Verified,,FLASH,SPI - Quad I/O,4M x 8,32Mbit,Non-Volatile,-40°C ~ 85°C (TA),,,FLASH - NOR,2.7V ~ 3.6V,"50µs, 2.4ms"
BY25Q64ESSIG(R),BYTe Semiconductor,IC FLASH 64MBIT SPI/QUAD 8SOP,memory,4711,0.77,"8-SOIC (0.209"", 5.30mm Width)",Surface Mount,Active,https://www.byte-semi.com/wp-content/uploads/BY25Q64ES.pdf,https://www.digikey.com/en/products/detail/byte-semiconductor/BY25Q64ESSIG-R/22041701,11.5 ns,120 MHz,Verified,,FLASH,SPI - Quad I/O,8M x 8,64Mbit,Non-Volatile,-40°C ~ 85°C (TA),,,FLASH - NOR,2.7V ~ 3.6V,"50µs, 2.4ms"
BY25Q64ESTIG(R),BYTe Semiconductor,IC FLASH 64MBIT SPI/QUAD 8SOP,memory,10578,0.75,"8-SOIC (0.154"", 3.90mm Width)",Surface Mount,Active,https://www.byte-semi.com/wp-content/uploads/BY25Q64ES.pdf,https://www.digikey.com/en/products/detail/byte-semiconductor/BY25Q64ESTIG-R/22155714,11.5 ns,120 MHz,Verified,,FLASH,SPI - Quad I/O,8M x 8,64Mbit,Non-Volatile,-40°C ~ 85°C (TA),,,FLASH - NOR,2.7V ~ 3.6V,"50µs, 2.4ms"
BY25Q64ESTIG(T),BYTe Semiconductor,IC FLASH 64MBIT SPI/QUAD 8SOP,memory,9940,0.75,"8-SOIC (0.154"", 3.90mm Width)",Surface Mount,Active,https://www.byte-semi.com/wp-content/uploads/BY25Q64ES.pdf,https://www.digikey.com/en/products/detail/byte-semiconductor/BY25Q64ESTIG-T/22155740,11.5 ns,120 MHz,Verified,,FLASH,SPI - Quad I/O,8M x 8,64Mbit,Non-Volatile,-40°C ~ 85°C (TA),,,FLASH - NOR,2.7V ~ 3.6V,"50µs, 2.4ms"
DS2502+,Analog Devices Inc./Maxim Integrated,IC EPROM 1KBIT 1-WIRE TO92-3,memory,3815,4.12,"TO-226-3, TO-92-3 (TO-226AA)",Through Hole,Active,https://www.analog.com/media/en/technical-documentation/data-sheets/DS2502.pdf,https://www.digikey.com/en/products/detail/analog-devices-inc-maxim-integrated/DS2502/1197440,,,Not Verified,,EPROM,1-Wire®,128 x 8,1Kbit,Non-Volatile,-40°C ~ 85°C (TA),,,EPROM - OTP,2.8V ~ 6V,
DS2502P+T&R,Analog Devices Inc./Maxim Integrated,IC EPROM 1KBIT 1-WIRE 6TSOC,memory,10503,5.28,"6-SMD, J-Lead",Surface Mount,Active,https://www.analog.com/media/en/technical-documentation/data-sheets/DS2502.pdf,https://www.digikey.com/en/products/detail/analog-devices-inc-maxim-integrated/DS2502P-T-R/1018090,,,Not Verified,,EPROM,1-Wire®,128 x 8,1Kbit,Non-Volatile,-40°C ~ 85°C (TA),,,EPROM - OTP,2.8V ~ 6V,
DS2502R+T&R,Analog Devices Inc./Maxim Integrated,IC EPROM 1KBIT 1-WIRE SOT23-3,memory,3256,4.34,"TO-236-3, SC-59, SOT-23-3",Surface Mount,Active,https://www.analog.com/media/en/technical-documentation/data-sheets/DS2502.pdf,https://www.digikey.com/en/products/detail/analog-devices-inc-maxim-integrated/DS2502R-T-R/1197446,,,Not Verified,,EPROM,1-Wire®,128 x 8,1Kbit,Non-Volatile,-40°C ~ 85°C (TA),,,EPROM - OTP,2.8V ~ 6V,
DS2502S+T&R,Analog Devices Inc./Maxim Integrated,IC EPROM 1KBIT 1-WIRE 8SOIC,memory,2510,6.2,"8-SOIC (0.154"", 3.90mm Width)",Surface Mount,Active,https://www.analog.com/media/en/technical-documentation/data-sheets/ds2502.pdf,https://www.digikey.com/en/products/detail/analog-devices-inc-maxim-integrated/DS2502S-T-R/1017928,,,Not Verified,,EPROM,1-Wire®,128 x 8,1Kbit,Non-Volatile,-40°C ~ 85°C (TA),,,EPROM - OTP,2.8V ~ 6V,
DS2505+,Analog Devices Inc./Maxim Integrated,IC EPROM 16KBIT 1-WIRE TO92-3,memory,7767,4.61,"TO-226-3, TO-92-3 (TO-226AA)",Through Hole,Active,https://www.analog.com/media/en/technical-documentation/data-sheets/DS2505.pdf,https://www.digikey.com/en/products/detail/analog-devices-inc-maxim-integrated/DS2505/957003,15 µs,,Verified,,EPROM,1-Wire®,16K x 1,16Kbit,Non-Volatile,-40°C ~ 85°C (TA),,,EPROM - OTP,,
DS2505+T&R,Analog Devices Inc./Maxim Integrated,IC EPROM 16KBIT 1-WIRE TO92-3,memory,4063,5.42,"TO-226-3, TO-92-3 (TO-226AA) Formed Leads",Through Hole,Active,https://www.analog.com/media/en/technical-documentation/data-sheets/DS2505.pdf,https://www.digikey.com/en/products/detail/analog-devices-inc-maxim-integrated/DS2505-T-R/1017810,15 µs,,Verified,,EPROM,1-Wire®,16K x 1,16Kbit,Non-Volatile,-40°C ~ 85°C (TA),,,EPROM - OTP,,
DS2505P+,Analog Devices Inc./Maxim Integrated,IC EPROM 16KBIT 1-WIRE 6TSOC,memory,1363,4.65,"6-SMD, J-Lead",Surface Mount,Active,https://www.analog.com/media/en/technical-documentation/data-sheets/DS2505.pdf,https://www.digikey.com/en/products/detail/analog-devices-inc-maxim-integrated/DS2505P/789086,15 µs,,Not Verified,,EPROM,1-Wire®,16K x 1,16Kbit,Non-Volatile,-40°C ~ 85°C (TA),,,EPROM - OTP,,
DS2505P+T&R,Analog Devices Inc./Maxim Integrated,IC EPROM 16KBIT 1-WIRE 6TSOC,memory,7528,5.33,"6-SMD, J-Lead",Surface Mount,Active,https://www.analog.com/media/en/technical-documentation/data-sheets/DS2505.pdf,https://www.digikey.com/en/products/detail/analog-devices-inc-maxim-integrated/DS2505P-T-R/1018093,15 µs,,Not Verified,,EPROM,1-Wire®,16K x 1,16Kbit,Non-Volatile,-40°C ~ 85°C (TA),,,EPROM - OTP,,
EM064LXQADG13IS1T,Everspin Technologies Inc.,IC RAM 64MBIT XSPI/QUAD 8DFN,memory,126,64.72,8-VDFN Exposed Pad,Surface Mount,Not For New Designs,,https://www.digikey.com/en/products/detail/everspin-technologies-inc/EM064LXQADG13IS1T/16909653,,133 MHz,Not Verified,,RAM,SPI - Quad I/O,8M x 8,64Mbit,Non-Volatile,-40°C ~ 85°C,,EMxxLX,MRAM (Magnetoresistive RAM),1.65V ~ 2V,
EMMC256-TY29-5B111,Kingston Technology,IC FLASH 2TBIT EMMC 153WFBGA,memory,86,380.78,153-VFBGA,Surface Mount,Active,https://www.digikey.com//mm.digikey.com/Volume0/opasdata/d220001/medias/docus/5411/EMMCzzz-TY29-5B111.pdf,https://www.digikey.com/en/products/detail/kingston-technology/EMMC256-TY29-5B111/16602913,,,Not Verified,,FLASH,eMMC,256G x 8,2Tbit,Non-Volatile,-25°C ~ 85°C,,,FLASH - NAND (TLC),"1.8V, 3.3V",
EMMC64G-IY29-5B102,Kingston Technology,IC FLASH 512GBIT EMMC 153FBGA,memory,61,133.31,153-WFBGA,Surface Mount,Active,https://www.digikey.com//mm.digikey.com/Volume0/opasdata/d220001/medias/docus/6349/EMMCnnn-IY29-5B102.pdf,https://www.digikey.com/en/products/detail/kingston-technology/EMMC64G-IY29-5B102/23544202,,,,,FLASH,eMMC_5.1,64G x 8,512Gbit,Non-Volatile,-40°C ~ 85°C,,e•MMC™,FLASH - NAND (TLC),,
EMMC64G-IY29-5B111,Kingston Technology,IC FLSH 512GBIT EMMC 5.1 153FBGA,memory,48,132.98,153-WFBGA,Surface Mount,Active,https://www.digikey.com//mm.digikey.com/Volume0/opasdata/d220001/medias/docus/5411/EMMCzzz-IY29-5B111.pdf,https://www.digikey.com/en/products/detail/kingston-technology/EMMC64G-IY29-5B111/16644095,,,Not Verified,,FLASH,eMMC_5.1,64G x 8,512Gbit,Non-Volatile,-40°C ~ 85°C,,I-Temp e•MMC™,FLASH - NAND (TLC),,
EMMC64G-TB9F-03B11,Kingston Technology,IC FLASH 256GBIT EMMC 153VFBGA,memory,46,129.92,153-WFBGA,Surface Mount,Not For New Designs,https://media.kingston.com/pdfs/emmc/emmc_flyer_us.pdf,https://www.digikey.com/en/products/detail/kingston-technology/EMMC64G-TB9F-03B11/26714794,,200 MHz,,,FLASH,eMMC_5.1,64G x 8,512Gbit,Non-Volatile,-25°C ~ 85°C,,e•MMC™,FLASH - NAND (TLC),2.7V ~ 3.6V,
EMMC64G-TY29-5B111,Kingston Technology,IC FLASH 512GBIT EMMC 153WFBGA,memory,497,112.65,153-WFBGA,Surface Mount,Active,https://www.digikey.com//mm.digikey.com/Volume0/opasdata/d220001/medias/docus/5411/EMMCzzz-TY29-5B111.pdf,https://www.digikey.com/en/products/detail/kingston-technology/EMMC64G-TY29-5B111/16602919,,,Not Verified,,FLASH,eMMC,64G x 8,512Gbit,Non-Volatile,-25°C ~ 85°C,,,FLASH - NAND (TLC),"1.8V, 3.3V",
FEMC004GSTE9-T14-17,Flexxon Pte Ltd,IC FLASH 32GBIT EMMC 153FBGA,memory,935,63.76,153-VFBGA,Surface Mount,Active,https://www.digikey.com//mm.digikey.com/Volume0/opasdata/d220001/medias/docus/8891/4159926.pdf,https://www.digikey.com/en/products/detail/flexxon-pte-ltd/FEMC004GSTE9-T14-17/23334305,,200 MHz,,,FLASH,eMMC_5.1,4G x 8,32Gbit,Non-Volatile,-40°C ~ 85°C (TA),,XTRA III,FLASH - NAND (pSLC),2.7V ~ 3.6V,
GD25B128ESIGR,Gigadevice Electronics Singapore PTE.LTD.,IC FLASH 128MBIT SPI/QUAD 8SOP,memory,3999,2.08,"8-SOIC (0.209"", 5.30mm Width)",Surface Mount,Active,https://www.digikey.com//mm.digikey.com/Volume0/opasdata/d220001/medias/docus/5050/2023__Gde.pdf,https://www.digikey.com/en/products/detail/gigadevice-electronics-singapore-pte-ltd/GD25B128ESIGR/18083669,7 ns,133 MHz,,,FLASH,SPI - Quad I/O,16M x 8,128Mbit,Non-Volatile,-40°C ~ 85°C (TA),,,FLASH - NOR (SLC),2.7V ~ 3.6V,"70µs, 2.4ms"
GD25B128EWIGR,Gigadevice Electronics Singapore PTE.LTD.,IC FLASH 128MBIT SPI/QUAD 8WSON,memory,1028,2.29,8-WDFN Exposed Pad,Surface Mount,Active,https://www.digikey.com//mm.digikey.com/Volume0/opasdata/d220001/medias/docus/5050/2023__Gde.pdf,https://www.digikey.com/en/products/detail/gigadevice-electronics-singapore-pte-ltd/GD25B128EWIGR/18083687,7 ns,133 MHz,,,FLASH,SPI - Quad I/O,16M x 8,128Mbit,Non-Volatile,-40°C ~ 85°C (TA),,,FLASH - NOR (SLC),2.7V ~ 3.6V,"70µs, 2.4ms"
GD25B256EYIGR,Gigadevice Electronics Singapore PTE.LTD.,IC FLASH 256MBIT SPI/QUAD 8WSON,memory,2694,4.11,8-WDFN Exposed Pad,Surface Mount,Active,https://www.gigadevice.com.cn/Public/Uploads/uploadfile/files/20230627/DS-00658-GD25B256E-Rev1.1.pdf,https://www.digikey.com/en/products/detail/gigadevice-electronics-singapore-pte-ltd/GD25B256EYIGR/20531728,,,,,FLASH,SPI - Quad I/O,32M x 8,256Mbit,Non-Volatile,-40°C ~ 85°C (TA),,GD25B,FLASH - NOR (SLC),2.7V ~ 3.6V,
GD25F128FS2GR,Gigadevice Electronics Singapore PTE.LTD.,IC FLASH 128MBIT SPI/QUAD 8SOP,memory,810,3.55,"8-SOIC (0.209"", 5.30mm Width)",Surface Mount,Active,https://www.gigadevice.com/Public/Uploads/uploadfile/files/resource-center/GigaDevice-Selection-Guide-en.pdf,https://www.digikey.com/en/products/detail/gigadevice-electronics-singapore-pte-ltd/GD25F128FS2GR/20531633,,200 MHz,,,FLASH,SPI - Quad I/O,16M x 8,128Mbit,Non-Volatile,-40°C ~ 105°C (TA),,GD25F,FLASH - NOR (SLC),2.7V ~ 3.6V,
GD25LB128EWIGR,Gigadevice Electronics Singapore PTE.LTD.,IC FLASH 128MBIT SPI/QUAD 8WSON,memory,2187,2.48,8-WDFN Exposed Pad,Surface Mount,Active,https://www.gigadevice.com.cn/Public/Uploads/uploadfile/files/20220714/DS-00641-GD25LB128E-Rev1.1.pdf,https://www.digikey.com/en/products/detail/gigadevice-electronics-singapore-pte-ltd/GD25LB128EWIGR/20531697,,133 MHz,,,FLASH,"SPI - Quad I/O, QPI, DTR",16M x 8,128Mbit,Non-Volatile,-40°C ~ 85°C (TA),,GD25LB,FLASH - NOR (SLC),1.65V ~ 2V,
GD25LB256FFIRR,Gigadevice Electronics Singapore PTE.LTD.,IC FLASH 256MBIT SPI/QUAD,memory,2094,4.3,"16-SOIC (0.295"", 7.50mm Width)",Surface Mount,Active,,https://www.digikey.com/en/products/detail/gigadevice-electronics-singapore-pte-ltd/GD25LB256FFIRR/22672337,6 ns,133 MHz,,,FLASH,"SPI - Quad I/O, QPI",32M x 8,256Mbit,Non-Volatile,-40°C ~ 85°C (TA),,GD25LB,FLASH - NOR (SLC),1.65V ~ 2V,"110µs, 1.2ms"
GD25LB256FWIGR,Gigadevice Electronics Singapore PTE.LTD.,IC FLASH 256MBIT SPI/QUAD,memory,2343,4.18,8-WDFN Exposed Pad,Surface Mount,Active,https://www.digikey.com//mm.digikey.com/Volume0/opasdata/d220001/medias/docus/7957/me4975.pdf,https://www.digikey.com/en/products/detail/gigadevice-electronics-singapore-pte-ltd/GD25LB256FWIGR/22672327,6 ns,133 MHz,,,FLASH,"SPI - Quad I/O, QPI",32M x 8,256Mbit,Non-Volatile,-40°C ~ 85°C (TA),,GD25LB,FLASH - NOR (SLC),1.65V ~ 2V,"110µs, 1.2ms"
GD25LE128ELIGR,Gigadevice Electronics Singapore PTE.LTD.,IC FLSH 128MBIT SPI/QUAD 16WLCSP,memory,2000,2.55,"16-XFBGA, WLCSP",Surface Mount,Active,https://www.gigadevice.com.cn/Public/Uploads/uploadfile/files/20230926/DS-00600-GD25LE128E-Rev1.4.pdf,https://www.digikey.com/en/products/detail/gigadevice-electronics-singapore-pte-ltd/GD25LE128ELIGR/20531676,6 ns,133 MHz,,,FLASH,"SPI - Quad I/O, QPI",16M x 8,128Mbit,Non-Volatile,-40°C ~ 85°C (TA),,GD25LE,FLASH - NOR (SLC),1.65V ~ 2V,"60µs, 2.4ms"
GD25LE64ELIGR,Gigadevice Electronics Singapore PTE.LTD.,IC FLASH 64MBIT SPI/QUAD 16WLCSP,memory,785,1.63,"16-XFBGA, WLCSP",Surface Mount,Active,https://www.gigadevice.com.cn/Public/Uploads/uploadfile/files/20230627/DS-00567-GD25LE64E-Rev1.4.pdf,https://www.digikey.com/en/products/detail/gigadevice-electronics-singapore-pte-ltd/GD25LE64ELIGR/20531634,6 ns,133 MHz,,,FLASH,"SPI - Quad I/O, QPI",8M x 8,64Mbit,Non-Volatile,-40°C ~ 85°C (TA),,GD25LE,FLASH - NOR (SLC),1.65V ~ 2V,"60µs, 2.4ms"
GD25LQ128DSIGR,Gigadevice Electronics Singapore PTE.LTD.,IC FLASH 128MBIT SPI/QUAD 8SOP,memory,4000,2.31,"8-SOIC (0.209"", 5.30mm Width)",Surface Mount,Not For New Designs,https://www.gigadevice.com.cn/Public/Uploads/uploadfile/files/20220714/DS-00291-GD25LQ128D-Rev1.9.pdf,https://www.digikey.com/en/products/detail/gigadevice-electronics-singapore-pte-ltd/GD25LQ128DSIGR/9484720,,120 MHz,Verified,,FLASH,SPI - Quad I/O,16M x 8,128Mbit,Non-Volatile,-40°C ~ 85°C (TA),,,FLASH - NOR,1.65V ~ 2V,2.4ms
GD25LQ128ESIGR,Gigadevice Electronics Singapore PTE.LTD.,IC FLASH 128MBIT SPI/QUAD 8SOP,memory,13944,2.22,"8-SOIC (0.209"", 5.30mm Width)",Surface Mount,Active,https://www.digikey.com//mm.digikey.com/Volume0/opasdata/d220001/medias/docus/5050/2023__Gde.pdf,https://www.digikey.com/en/products/detail/gigadevice-electronics-singapore-pte-ltd/GD25LQ128ESIGR/14113869,7 ns,120 MHz,Not Verified,,FLASH,SPI - Quad I/O,16M x 8,128Mbit,Non-Volatile,-40°C ~ 85°C (TA),,,FLASH - NOR,1.65V ~ 2V,"60µs, 2.4ms"
GD25LQ128EWIGR,Gigadevice Electronics Singapore PTE.LTD.,IC FLASH 128MBIT SPI/QUAD 8WSON,memory,3000,2.41,8-WDFN Exposed Pad,Surface Mount,Active,https://www.digikey.com//mm.digikey.com/Volume0/opasdata/d220001/medias/docus/5050/2023__Gde.pdf,https://www.digikey.com/en/products/detail/gigadevice-electronics-singapore-pte-ltd/GD25LQ128EWIGR/14113849,7 ns,120 MHz,Not Verified,,FLASH,SPI - Quad I/O,16M x 8,128Mbit,Non-Volatile,-40°C ~ 85°C (TA),,,FLASH - NOR,1.65V ~ 2V,"60µs, 2.4ms"
GD25LQ16ETIGR,Gigadevice Electronics Singapore PTE.LTD.,IC FLASH 16MBIT SPI/QUAD 8SOP,memory,1158,0.88,"8-SOIC (0.154"", 3.90mm Width)",Surface Mount,Active,https://www.digikey.com//mm.digikey.com/Volume0/opasdata/d220001/medias/docus/5050/2023__Gde.pdf,https://www.digikey.com/en/products/detail/gigadevice-electronics-singapore-pte-ltd/GD25LQ16ETIGR/18083668,6 ns,133 MHz,,,FLASH,"SPI - Quad I/O, QPI",2M x 8,16Mbit,Non-Volatile,-40°C ~ 85°C (TA),,,FLASH - NOR (SLC),1.65V ~ 2.1V,"60µs, 2.4ms"
GD25LQ255EWIGR,Gigadevice Electronics Singapore PTE.LTD.,IC FLASH 256MBIT SPI/QUAD,memory,6000,4.3,8-WDFN Exposed Pad,Surface Mount,Not For New Designs,https://www.gigadevice.com.cn/Public/Uploads/uploadfile/files/20221129/DS-00562-GD25LQ255E-Rev1.1.pdf,https://www.digikey.com/en/products/detail/gigadevice-electronics-singapore-pte-ltd/GD25LQ255EWIGR/19092731,6 ns,133 MHz,,,FLASH,"SPI - Quad I/O, QPI",32M x 8,256Mbit,Non-Volatile,-40°C ~ 85°C (TA),,,FLASH - NOR (SLC),1.65V ~ 2V,"60µs, 2.4ms"
GD25LQ256DWIGR,Gigadevice Electronics Singapore PTE.LTD.,IC FLASH 256MBIT SPI/QUAD 8WSON,memory,6266,4.18,8-WDFN Exposed Pad,Surface Mount,Not For New Designs,https://www.digikey.com//mm.digikey.com/Volume0/opasdata/d220001/medias/docus/5050/2023__Gde.pdf,https://www.digikey.com/en/products/detail/gigadevice-electronics-singapore-pte-ltd/GD25LQ256DWIGR/9484722,,120 MHz,Not Verified,,FLASH,SPI - Quad I/O,32M x 8,256Mbit,Non-Volatile,-40°C ~ 85°C (TA),,,FLASH - NOR,1.65V ~ 2V,2.4ms
GD25LQ64EWIGR,Gigadevice Electronics Singapore PTE.LTD.,IC FLASH 64MBIT SPI/QUAD 8WSON,memory,324,1.58,8-WDFN Exposed Pad,Surface Mount,Active,https://www.digikey.com//mm.digikey.com/Volume0/opasdata/d220001/medias/docus/5050/2023__Gde.pdf,https://www.digikey.com/en/products/detail/gigadevice-electronics-singapore-pte-ltd/GD25LQ64EWIGR/18083675,6 ns,133 MHz,,,FLASH,SPI - Quad I/O,8M x 8,64Mbit,Non-Volatile,-40°C ~ 85°C (TA),,,FLASH - NOR (SLC),1.65V ~ 2V,"60µs, 2.4ms"
GD25Q127CSIGR,Gigadevice Electronics Singapore PTE.LTD.,IC FLASH 128MBIT SPI/QUAD 8SOP,memory,1384,2.12,"8-SOIC (0.209"", 5.30mm Width)",Surface Mount,Not For New Designs,https://www.digikey.com//mm.digikey.com/Volume0/opasdata/d220001/medias/docus/5050/2023__Gde.pdf,https://www.digikey.com/en/products/detail/gigadevice-electronics-singapore-pte-ltd/GD25Q127CSIGR/9484692,,104 MHz,Verified,,FLASH,SPI - Quad I/O,16M x 8,128Mbit,Non-Volatile,-40°C ~ 85°C (TA),,,FLASH - NOR,2.7V ~ 3.6V,"12µs, 2.4ms"
GD25Q128EQIGR,Gigadevice Electronics Singapore PTE.LTD.,IC FLASH 128MBIT SPI/QUAD 8USON,memory,5500,2.24,8-XDFN Exposed Pad,Surface Mount,Active,https://www.gigadevice.com.cn/Public/Uploads/uploadfile/files/20220714/DS-00480-GD25Q128E-Rev1.2.pdf,https://www.digikey.com/en/products/detail/gigadevice-electronics-singapore-pte-ltd/GD25Q128EQIGR/20532182,7 ns,133 MHz,,,FLASH,SPI - Quad I/O,16M x 8,128Mbit,Non-Volatile,-40°C ~ 85°C (TA),,GD25Q,FLASH - NOR (SLC),2.7V ~ 3.6V,"70µs, 2.4ms"
GD25Q128ESIGR,Gigadevice Electronics Singapore PTE.LTD.,IC FLASH 128MBIT SPI/QUAD 8SOP,memory,7889,2.03,"8-SOIC (0.209"", 5.30mm Width)",Surface Mount,Active,https://www.digikey.com//mm.digikey.com/Volume0/opasdata/d220001/medias/docus/5050/2023__Gde.pdf,https://www.digikey.com/en/products/detail/gigadevice-electronics-singapore-pte-ltd/GD25Q128ESIGR/14113862,7 ns,133 MHz,Not Verified,,FLASH,SPI - Quad I/O,16M x 8,128Mbit,Non-Volatile,-40°C ~ 85°C (TA),,,FLASH - NOR,2.7V ~ 3.6V,"70µs, 2.4ms"
GD25Q128EWIGR,Gigadevice Electronics Singapore PTE.LTD.,IC FLASH 128MBIT SPI/QUAD 8WSON,memory,3000,2.24,8-WDFN Exposed Pad,Surface Mount,Active,https://www.digikey.com//mm.digikey.com/Volume0/opasdata/d220001/medias/docus/5050/2023__Gde.pdf,https://www.digikey.com/en/products/detail/gigadevice-electronics-singapore-pte-ltd/GD25Q128EWIGR/14113863,7 ns,133 MHz,Not Verified,,FLASH,SPI - Quad I/O,16M x 8,128Mbit,Non-Volatile,-40°C ~ 85°C (TA),,,FLASH - NOR,2.7V ~ 3.6V,"70µs, 2.4ms"
GD25Q128EYIGR,Gigadevice Electronics Singapore PTE.LTD.,IC FLASH 128MBIT SPI/QUAD 8WSON,memory,2271,2.24,8-WDFN Exposed Pad,Surface Mount,Active,https://www.digikey.com//mm.digikey.com/Volume0/opasdata/d220001/medias/docus/5050/2023__Gde.pdf,https://www.digikey.com/en/products/detail/gigadevice-electronics-singapore-pte-ltd/GD25Q128EYIGR/18083674,7 ns,133 MHz,,,FLASH,SPI - Quad I/O,16M x 8,128Mbit,Non-Volatile,-40°C ~ 85°C (TA),,,FLASH - NOR (SLC),2.7V ~ 3.6V,"70µs, 2.4ms"
GD25Q16CTIGR,Gigadevice Electronics Singapore PTE.LTD.,IC FLASH 16MBIT SPI/QUAD 8SOP,memory,77577,0.88,"8-SOIC (0.154"", 3.90mm Width)",Surface Mount,Not For New Designs,https://www.gigadevice.com.cn/Public/Uploads/uploadfile/files/20220714/DS-00086-GD25Q16C-Rev3.2.pdf,https://www.digikey.com/en/products/detail/gigadevice-electronics-singapore-pte-ltd/GD25Q16CTIGR/9484675,,120 MHz,Not Verified,,FLASH,SPI - Quad I/O,2M x 8,16Mbit,Non-Volatile,-40°C ~ 85°C (TA),,,FLASH - NOR,2.7V ~ 3.6V,"50µs, 2.4ms"
GD25Q16EEIGR,Gigadevice Electronics Singapore PTE.LTD.,IC FLASH 16MBIT SPI/QUAD 8USON,memory,6000,0.88,8-XFDFN Exposed Pad,Surface Mount,Active,https://www.gigadevice.com.cn/Public/Uploads/uploadfile/files/20220714/DS-00473-GD25Q16E-Rev1.2.pdf,https://www.digikey.com/en/products/detail/gigadevice-electronics-singapore-pte-ltd/GD25Q16EEIGR/14113858,7 ns,133 MHz,Not Verified,,FLASH,SPI - Quad I/O,2M x 8,16Mbit,Non-Volatile,-40°C ~ 85°C (TA),,,FLASH - NOR,2.7V ~ 3.6V,"70µs, 2ms"
GD25Q16ESIGR,Gigadevice Electronics Singapore PTE.LTD.,IC FLASH 16MBIT SPI/QUAD 8SOP,memory,7410,0.81,"8-SOIC (0.209"", 5.30mm Width)",Surface Mount,Active,https://www.gigadevice.com.cn/Public/Uploads/uploadfile/files/20220714/DS-00473-GD25Q16E-Rev1.2.pdf,https://www.digikey.com/en/products/detail/gigadevice-electronics-singapore-pte-ltd/GD25Q16ESIGR/14113868,7 ns,133 MHz,Verified,,FLASH,SPI - Quad I/O,2M x 8,16Mbit,Non-Volatile,-40°C ~ 85°C (TA),,,FLASH - NOR,2.7V ~ 3.6V,"70µs, 2ms"
GD25Q256EWIGR,Gigadevice Electronics Singapore PTE.LTD.,IC FLASH 256MBIT SPI/QUAD,memory,2975,4.06,8-WDFN Exposed Pad,Surface Mount,Active,https://www.digikey.com//mm.digikey.com/Volume0/opasdata/d220001/medias/docus/5050/2023__Gde.pdf,https://www.digikey.com/en/products/detail/gigadevice-electronics-singapore-pte-ltd/GD25Q256EWIGR/18083684,7 ns,133 MHz,,,FLASH,SPI - Quad I/O,32M x 8,256Mbit,Non-Volatile,-40°C ~ 85°C (TA),,,FLASH - NOR (SLC),2.7V ~ 3.6V,"90µs, 2ms"
GD25Q32CTIGR,Gigadevice Electronics Singapore PTE.LTD.,IC FLASH 32MBIT SPI/QUAD 8SOP,memory,6017,1.07,"8-SOIC (0.154"", 3.90mm Width)",Surface Mount,Not For New Designs,https://www.gigadevice.com.cn/Public/Uploads/uploadfile/files/20220714/DS-00088-GD25Q32C-Rev4.1.pdf,https://www.digikey.com/en/products/detail/gigadevice-electronics-singapore-pte-ltd/GD25Q32CTIGR/9484677,,120 MHz,Not Verified,,FLASH,SPI - Quad I/O,4M x 8,32Mbit,Non-Volatile,-40°C ~ 85°C (TA),,,FLASH - NOR,2.7V ~ 3.6V,"50µs, 2.4ms"
GD25Q32ESIGR,Gigadevice Electronics Singapore PTE.LTD.,IC FLASH 32MBIT SPI/QUAD 8SOP,memory,2202,1.0,"8-SOIC (0.209"", 5.30mm Width)",Surface Mount,Active,https://www.digikey.com//mm.digikey.com/Volume0/opasdata/d220001/medias/docus/5050/2023__Gde.pdf,https://www.digikey.com/en/products/detail/gigadevice-electronics-singapore-pte-ltd/GD25Q32ESIGR/14113859,7 ns,133 MHz,Not Verified,,FLASH,SPI - Quad I/O,4M x 8,32Mbit,Non-Volatile,-40°C ~ 85°C (TA),,,FLASH - NOR,2.7V ~ 3.6V,"70µs, 2.4ms"
GD25Q40CTIGR,Gigadevice Electronics Singapore PTE.LTD.,IC FLASH 4MBIT SPI/QUAD I/O 8SOP,memory,10836,0.56,"8-SOIC (0.154"", 3.90mm Width)",Surface Mount,Not For New Designs,https://cdn.sparkfun.com/assets/9/c/2/2/d/DS-18076-4Mb_Flash_memory_-_GD25Q40CTIGR.pdf,https://www.digikey.com/en/products/detail/gigadevice-electronics-singapore-pte-ltd/GD25Q40CTIGR/9484671,,104 MHz,Not Verified,,FLASH,SPI - Quad I/O,512K x 8,4Mbit,Non-Volatile,-40°C ~ 85°C (TA),,,FLASH - NOR,2.7V ~ 3.6V,"50µs, 2.4ms"
GD25Q64ESIGR,Gigadevice Electronics Singapore PTE.LTD.,IC FLASH 64MBIT SPI/QUAD 8SOP,memory,3699,1.27,"8-SOIC (0.209"", 5.30mm Width)",Surface Mount,Active,https://www.gigadevice.com.cn/Public/Uploads/uploadfile/files/20220714/DS-00484-GD25Q64E-Rev1.4.pdf,https://www.digikey.com/en/products/detail/gigadevice-electronics-singapore-pte-ltd/GD25Q64ESIGR/14113856,7 ns,133 MHz,Not Verified,,FLASH,SPI - Quad I/O,8M x 8,64Mbit,Non-Volatile,-40°C ~ 85°C (TA),,,FLASH - NOR,2.7V ~ 3.6V,"70µs, 2.4ms"
GD25Q64EWIGR,Gigadevice Electronics Singapore PTE.LTD.,IC FLASH 64MBIT SPI/QUAD 8WSON,memory,2988,1.48,8-WDFN Exposed Pad,Surface Mount,Active,https://www.gigadevice.com.cn/Public/Uploads/uploadfile/files/20220714/DS-00484-GD25Q64E-Rev1.4.pdf,https://www.digikey.com/en/products/detail/gigadevice-electronics-singapore-pte-ltd/GD25Q64EWIGR/14113851,7 ns,133 MHz,Not Verified,,FLASH,SPI - Quad I/O,8M x 8,64Mbit,Non-Volatile,-40°C ~ 85°C (TA),,,FLASH - NOR,2.7V ~ 3.6V,"70µs, 2.4ms"
GD25Q64EYIGR,Gigadevice Electronics Singapore PTE.LTD.,IC FLASH 64MBIT SPI/QUAD 8WSON,memory,1052,1.48,8-WDFN Exposed Pad,Surface Mount,Active,https://www.gigadevice.com.cn/Public/Uploads/uploadfile/files/20220714/DS-00484-GD25Q64E-Rev1.4.pdf,https://www.digikey.com/en/products/detail/gigadevice-electronics-singapore-pte-ltd/GD25Q64EYIGR/20532193,7 ns,133 MHz,,,FLASH,SPI - Quad I/O,8M x 8,64Mbit,Non-Volatile,-40°C ~ 85°C (TA),,GD25Q,FLASH - NOR (SLC),2.7V ~ 3.6V,"70µs, 2.4ms"
GD25Q80CTIGR,Gigadevice Electronics Singapore PTE.LTD.,IC FLASH 8MBIT SPI/QUAD I/O 8SOP,memory,44800,0.66,"8-SOIC (0.154"", 3.90mm Width)",Surface Mount,Not For New Designs,https://www.gigadevice.com.cn/Public/Uploads/uploadfile/files/20220714/DS-00091-GD25Q80C-Rev2.8.pdf,https://www.digikey.com/en/products/detail/gigadevice-electronics-singapore-pte-ltd/GD25Q80CTIGR/9484673,,120 MHz,Not Verified,,FLASH,SPI - Quad I/O,1M x 8,8Mbit,Non-Volatile,-40°C ~ 85°C (TA),,,FLASH - NOR,2.7V ~ 3.6V,"50µs, 2.4ms"
GD25Q80EEIGR,Gigadevice Electronics Singapore PTE.LTD.,IC FLASH 8MBIT SPI/QUAD 8USON,memory,27856,0.68,8-XFDFN Exposed Pad,Surface Mount,Active,https://www.digikey.com//mm.digikey.com/Volume0/opasdata/d220001/medias/docus/5050/2023__Gde.pdf,https://www.digikey.com/en/products/detail/gigadevice-electronics-singapore-pte-ltd/GD25Q80EEIGR/14113848,7 ns,133 MHz,Not Verified,,FLASH,SPI - Quad I/O,1M x 8,8Mbit,Non-Volatile,-40°C ~ 85°C (TA),,,FLASH - NOR,2.7V ~ 3.6V,"70µs, 2ms"
GD25Q80ESIGR,Gigadevice Electronics Singapore PTE.LTD.,IC FLASH 8MBIT SPI/QUAD 8SOP,memory,2264,0.58,"8-SOIC (0.209"", 5.30mm Width)",Surface Mount,Active,https://www.digikey.com//mm.digikey.com/Volume0/opasdata/d220001/medias/docus/5050/2023__Gde.pdf,https://www.digikey.com/en/products/detail/gigadevice-electronics-singapore-pte-ltd/GD25Q80ESIGR/14113867,7 ns,133 MHz,Not Verified,,FLASH,SPI - Quad I/O,1M x 8,8Mbit,Non-Volatile,-40°C ~ 85°C (TA),,,FLASH - NOR,2.7V ~ 3.6V,"70µs, 2ms"
GD25S512MDYIGR,Gigadevice Electronics Singapore PTE.LTD.,IC FLASH 512MBIT SPI/QUAD 8WSON,memory,1247,7.94,8-WDFN Exposed Pad,Surface Mount,Active,https://www.digikey.com//mm.digikey.com/Volume0/opasdata/d220001/medias/docus/5050/2023__Gde.pdf,https://www.digikey.com/en/products/detail/gigadevice-electronics-singapore-pte-ltd/GD25S512MDYIGR/9484744,,104 MHz,Not Verified,,FLASH,SPI - Quad I/O,64M x 8,512Mbit,Non-Volatile,-40°C ~ 85°C (TA),,,FLASH - NOR,2.7V ~ 3.6V,"50µs, 2.4ms"
GD25WD40ETIGR,Gigadevice Electronics Singapore PTE.LTD.,IC FLASH 4MBIT SPI/DUAL 8SOP,memory,5278,0.46,"8-SOIC (0.154"", 3.90mm Width)",Surface Mount,Active,https://www.gigadevice.com.cn/Public/Uploads/uploadfile/files/20231213/DS-00872-GD25WD40E-Rev1.4.pdf,https://www.digikey.com/en/products/detail/gigadevice-electronics-singapore-pte-ltd/GD25WD40ETIGR/20531781,6 ns,104 MHz,,,FLASH,SPI - Dual I/O,512K x 8,4Mbit,Non-Volatile,-40°C ~ 85°C (TA),,GD25WD,FLASH - NOR (SLC),1.65V ~ 3.6V,"100µs, 6ms"
GD25WQ32ESIGR,Gigadevice Electronics Singapore PTE.LTD.,IC FLASH 32MBIT SPI/QUAD 8SOP,memory,5999,1.17,"8-SOIC (0.209"", 5.30mm Width)",Surface Mount,Active,https://www.digikey.com//mm.digikey.com/Volume0/opasdata/d220001/medias/docus/5050/2023__Gde.pdf,https://www.digikey.com/en/products/detail/gigadevice-electronics-singapore-pte-ltd/GD25WQ32ESIGR/18083671,8 ns,104 MHz,,,FLASH,SPI - Quad I/O,4M x 8,32Mbit,Non-Volatile,-40°C ~ 85°C (TA),,,FLASH - NOR (SLC),1.65V ~ 3.6V,"120µs, 4ms"
GD25WQ64ESIGR,Gigadevice Electronics Singapore PTE.LTD.,IC FLASH 64MBIT SPI/QUAD 8SOP,memory,2023,1.48,"8-SOIC (0.209"", 5.30mm Width)",Surface Mount,Active,https://www.digikey.com//mm.digikey.com/Volume0/opasdata/d220001/medias/docus/5050/2023__Gde.pdf,https://www.digikey.com/en/products/detail/gigadevice-electronics-singapore-pte-ltd/GD25WQ64ESIGR/18083676,12 ns,104 MHz,,,FLASH,SPI - Quad I/O,8M x 8,64Mbit,Non-Volatile,-40°C ~ 85°C (TA),,,FLASH - NOR (SLC),1.65V ~ 3.6V,"120µs, 4ms"
GD5F1GM7UEYIGR,Gigadevice Electronics Singapore PTE.LTD.,IC FLASH 1GBIT SPI/QUAD,memory,2899,6.18,8-WDFN Exposed Pad,Surface Mount,Active,https://www.gigadevice.com.cn/Public/Uploads/uploadfile/files/20231213/DS-00860-GD5F1GM7RE-Rev1.3.pdf,https://www.digikey.com/en/products/detail/gigadevice-electronics-singapore-pte-ltd/GD5F1GM7UEYIGR/21650062,7 ns,133 MHz,,,FLASH,"SPI - Quad I/O, DTR",128M x 8,1Gbit,Non-Volatile,-40°C ~ 85°C (TA),,,FLASH - NAND (SLC),2.7V ~ 3.6V,600µs
IS25LP010E-JNLE,"ISSI, Integrated Silicon Solution Inc",IC FLASH 1MBIT SPI/QUAD 8SOIC,memory,14324,0.6195,"8-SOIC (0.154"", 3.90mm Width)",Surface Mount,Active,https://www.issi.com/WW/pdf/25LP-WP040E-020E-010E-512E-025E.pdf,https://www.digikey.com/en/products/detail/issi-integrated-silicon-solution-inc/IS25LP010E-JNLE/15766950,8 ns,104 MHz,Not Verified,,FLASH,"SPI - Quad I/O, QPI, DTR",128K x 8,1Mbit,Non-Volatile,-40°C ~ 105°C (TA),,,FLASH - NOR,2.3V ~ 3.6V,1.2ms
IS25LP010E-JNLE-TR,"ISSI, Integrated Silicon Solution Inc",IC FLASH 1MBIT SPI/QUAD 8SOIC,memory,2614,0.71,"8-SOIC (0.154"", 3.90mm Width)",Surface Mount,Active,https://www.issi.com/WW/pdf/25LP-WP040E-020E-010E-512E-025E.pdf,https://www.digikey.com/en/products/detail/issi-integrated-silicon-solution-inc/IS25LP010E-JNLE-TR/15766949,8 ns,104 MHz,Not Verified,,FLASH,"SPI - Quad I/O, QPI, DTR",128K x 8,1Mbit,Non-Volatile,-40°C ~ 105°C (TA),,,FLASH - NOR,2.3V ~ 3.6V,1.2ms
IS25LP016D-JBLA3-TR,"ISSI, Integrated Silicon Solution Inc",IC FLASH 16MBIT SPI/QUAD 8SOIC,memory,166,1.36,"8-SOIC (0.209"", 5.30mm Width)",Surface Mount,Active,https://www.issi.com/WW/pdf/25LP-WP016D.pdf,https://www.digikey.com/en/products/detail/issi-integrated-silicon-solution-inc/IS25LP016D-JBLA3-TR/17799837,7 ns,133 MHz,Not Verified,Automotive,FLASH,"SPI - Quad I/O, QPI, DTR",2M x 8,16Mbit,Non-Volatile,-40°C ~ 125°C (TA),AEC-Q100,,FLASH - NOR (SLC),2.3V ~ 3.6V,"40µs, 800µs"
IS25LP016D-JBLE,"ISSI, Integrated Silicon Solution Inc",IC FLASH 16MBIT SPI/QUAD 8SOIC,memory,40886,1.73,"8-SOIC (0.209"", 5.30mm Width)",Surface Mount,Active,https://www.issi.com/WW/pdf/25LP-WP016D.pdf,https://www.digikey.com/en/products/detail/issi-integrated-silicon-solution-inc/IS25LP016D-JBLE/6624231,,133 MHz,Verified,,FLASH,"SPI - Quad I/O, QPI, DTR",2M x 8,16Mbit,Non-Volatile,-40°C ~ 105°C (TA),,,FLASH - NOR,2.3V ~ 3.6V,800µs
IS25LP016D-JBLE-TR,"ISSI, Integrated Silicon Solution Inc",IC FLASH 16MBIT SPI/QUAD 8SOIC,memory,11365,1.36,"8-SOIC (0.209"", 5.30mm Width)",Surface Mount,Active,https://www.issi.com/WW/pdf/25LP-WP016D.pdf,https://www.digikey.com/en/products/detail/issi-integrated-silicon-solution-inc/IS25LP016D-JBLE-TR/6624235,,133 MHz,Verified,,FLASH,"SPI - Quad I/O, QPI, DTR",2M x 8,16Mbit,Non-Volatile,-40°C ~ 105°C (TA),,,FLASH - NOR,2.3V ~ 3.6V,800µs
IS25LP016D-JKLE,"ISSI, Integrated Silicon Solution Inc",IC FLASH 16MBIT SPI/QUAD 8WSON,memory,18702,1.82,8-WDFN Exposed Pad,Surface Mount,Active,https://www.issi.com/WW/pdf/25LP-WP016D.pdf,https://www.digikey.com/en/products/detail/issi-integrated-silicon-solution-inc/IS25LP016D-JKLE/6624236,,133 MHz,Verified,,FLASH,"SPI - Quad I/O, QPI, DTR",2M x 8,16Mbit,Non-Volatile,-40°C ~ 105°C (TA),,,FLASH - NOR,2.3V ~ 3.6V,800µs
IS25LP016D-JKLE-TR,"ISSI, Integrated Silicon Solution Inc",IC FLASH 16MBIT SPI/QUAD 8WSON,memory,14055,1.55,8-WDFN Exposed Pad,Surface Mount,Active,https://www.issi.com/WW/pdf/25LP-WP016D.pdf,https://www.digikey.com/en/products/detail/issi-integrated-silicon-solution-inc/IS25LP016D-JKLE-TR/6624237,,133 MHz,Verified,,FLASH,"SPI - Quad I/O, QPI, DTR",2M x 8,16Mbit,Non-Volatile,-40°C ~ 105°C (TA),,,FLASH - NOR,2.3V ~ 3.6V,800µs
IS25LP016D-JNLA3,"ISSI, Integrated Silicon Solution Inc",IC FLASH 16MBIT SPI/QUAD 8SOIC,memory,1203,1.7,"8-SOIC (0.154"", 3.90mm Width)",Surface Mount,Active,https://www.issi.com/WW/pdf/25LP-WP016D.pdf,https://www.digikey.com/en/products/detail/issi-integrated-silicon-solution-inc/IS25LP016D-JNLA3/11568701,,133 MHz,Not Verified,Automotive,FLASH,"SPI - Quad I/O, QPI, DTR",2M x 8,16Mbit,Non-Volatile,-40°C ~ 125°C (TA),AEC-Q100,,FLASH - NOR,2.3V ~ 3.6V,800µs
IS25LP016D-JNLE-TR,"ISSI, Integrated Silicon Solution Inc",IC FLASH 16MBIT SPI/QUAD 8SOIC,memory,5941,1.36,"8-SOIC (0.154"", 3.90mm Width)",Surface Mount,Active,https://www.issi.com/WW/pdf/25LP-WP016D.pdf,https://www.digikey.com/en/products/detail/issi-integrated-silicon-solution-inc/IS25LP016D-JNLE-TR/6624238,,133 MHz,Verified,,FLASH,"SPI - Quad I/O, QPI, DTR",2M x 8,16Mbit,Non-Volatile,-40°C ~ 105°C (TA),,,FLASH - NOR,2.3V ~ 3.6V,800µs
IS25LP016D-JULE-TR,"ISSI, Integrated Silicon Solution Inc",IC FLASH 16MBIT SPI/QPI 8USON,memory,4730,1.48,8-UFDFN Exposed Pad,Surface Mount,Active,https://www.issi.com/WW/pdf/25LP-WP016D.pdf,https://www.digikey.com/en/products/detail/issi-integrated-silicon-solution-inc/IS25LP016D-JULE-TR/8563741,7 ns,133 MHz,Not Verified,,FLASH,"SPI, QPI",2M x 8,16Mbit,Non-Volatile,-40°C ~ 105°C (TA),,,FLASH - NOR,2.3V ~ 3.6V,800µs
IS25LP01G-RILE,"ISSI, Integrated Silicon Solution Inc",IC FLASH 1GBIT SPI/QUAD,memory,109,19.38,24-LBGA,Surface Mount,Active,https://www.issi.com/WW/pdf/IS25LP(WP)01G.pdf,https://www.digikey.com/en/products/detail/issi-integrated-silicon-solution-inc/IS25LP01G-RILE/17799863,8 ns,133 MHz,Not Verified,Automotive,FLASH,"SPI - Quad I/O, QPI, DTR",128M x 8,1Gbit,Non-Volatile,-40°C ~ 105°C (TA),AEC-Q100,,FLASH - NOR (SLC),2.7V ~ 3.6V,"50µs, 1ms"
IS25LP01GJ-RHLE,"ISSI, Integrated Silicon Solution Inc","1GB QPI/QSPI, 24-BALL TFBGA 6X8M",memory,329,20.02,24-TBGA,Surface Mount,Active,https://www.issi.com/WW/pdf/25LP-WP01GJ.pdf,https://www.digikey.com/en/products/detail/issi-integrated-silicon-solution-inc/IS25LP01GJ-RHLE/24617301,,166 MHz,,,FLASH,"SPI - Quad I/O, QPI, DTR",128M x 8,1Gbit,Non-Volatile,-40°C ~ 105°C (TA),,IS25xP,FLASH - NOR (SLC),2.7V ~ 3.6V,"70µs, 1ms"
IS25LP01GJ-RMLE-TY,"ISSI, Integrated Silicon Solution Inc","1GB QPI/QSPI, 16-PIN SOP 300MIL,",memory,178,20.39,"16-SOIC (0.295"", 7.50mm Width)",Surface Mount,Active,https://www.issi.com/WW/pdf/25LP-WP01GJ.pdf,https://www.digikey.com/en/products/detail/issi-integrated-silicon-solution-inc/IS25LP01GJ-RMLE-TY/24617439,,166 MHz,,,FLASH,"SPI - Quad I/O, QPI, DTR",128M x 8,1Gbit,Non-Volatile,-40°C ~ 105°C (TA),,IS25xP,FLASH - NOR (SLC),2.7V ~ 3.6V,"70µs, 1ms"
IS25LP020E-JNLE,"ISSI, Integrated Silicon Solution Inc",IC FLASH 2MBIT SPI/QUAD 8SOIC,memory,2070,0.68,"8-SOIC (0.154"", 3.90mm Width)",Surface Mount,Active,https://www.issi.com/WW/pdf/25LP-WP040E-020E-010E-512E-025E.pdf,https://www.digikey.com/en/products/detail/issi-integrated-silicon-solution-inc/IS25LP020E-JNLE/15766947,8 ns,104 MHz,Verified,,FLASH,"SPI - Quad I/O, QPI, DTR",256K x 8,2Mbit,Non-Volatile,-40°C ~ 105°C (TA),,,FLASH - NOR,2.3V ~ 3.6V,1.2ms
IS25LP020E-JNLE-TR,"ISSI, Integrated Silicon Solution Inc",IC FLASH 2MBIT SPI/QUAD 8SOIC,memory,11066,0.71,"8-SOIC (0.154"", 3.90mm Width)",Surface Mount,Active,https://www.issi.com/WW/pdf/25LP-WP040E-020E-010E-512E-025E.pdf,https://www.digikey.com/en/products/detail/issi-integrated-silicon-solution-inc/IS25LP020E-JNLE-TR/15766952,8 ns,104 MHz,Verified,,FLASH,"SPI - Quad I/O, QPI, DTR",256K x 8,2Mbit,Non-Volatile,-40°C ~ 105°C (TA),,,FLASH - NOR,2.3V ~ 3.6V,1.2ms
IS25LP032D-JBLA3,"ISSI, Integrated Silicon Solution Inc",IC FLASH 32MBIT SPI/QUAD 8SOIC,memory,533,2.17,"8-SOIC (0.209"", 5.30mm Width)",Surface Mount,Active,https://www.issi.com/WW/pdf/25LP-WP032D.pdf,https://www.digikey.com/en/products/detail/issi-integrated-silicon-solution-inc/IS25LP032D-JBLA3/11568739,,133 MHz,Verified,Automotive,FLASH,"SPI - Quad I/O, QPI, DTR",4M x 8,32Mbit,Non-Volatile,-40°C ~ 125°C (TA),AEC-Q100,,FLASH - NOR,2.3V ~ 3.6V,800µs
IS25LP032D-JBLE,"ISSI, Integrated Silicon Solution Inc",IC FLASH 32MBIT SPI/QUAD 8SOIC,memory,893,2.02,"8-SOIC (0.209"", 5.30mm Width)",Surface Mount,Active,https://www.issi.com/WW/pdf/25LP-WP032D.pdf,https://www.digikey.com/en/products/detail/issi-integrated-silicon-solution-inc/IS25LP032D-JBLE/6624233,,133 MHz,Verified,,FLASH,"SPI - Quad I/O, QPI, DTR",4M x 8,32Mbit,Non-Volatile,-40°C ~ 105°C (TA),,,FLASH - NOR,2.3V ~ 3.6V,800µs
IS25LP032D-JKLE,"ISSI, Integrated Silicon Solution Inc",IC FLASH 32MBIT SPI/QUAD 8WSON,memory,1206,2.19,8-WDFN Exposed Pad,Surface Mount,Active,https://www.issi.com/WW/pdf/25LP-WP032D.pdf,https://www.digikey.com/en/products/detail/issi-integrated-silicon-solution-inc/IS25LP032D-JKLE/6624240,,133 MHz,Not Verified,,FLASH,"SPI - Quad I/O, QPI, DTR",4M x 8,32Mbit,Non-Volatile,-40°C ~ 105°C (TA),,,FLASH - NOR,2.3V ~ 3.6V,800µs
IS25LP032D-JKLE-TR,"ISSI, Integrated Silicon Solution Inc",IC FLASH 32MBIT SPI/QUAD 8WSON,memory,2500,1.91,8-WDFN Exposed Pad,Surface Mount,Active,https://www.issi.com/WW/pdf/25LP-WP032D.pdf,https://www.digikey.com/en/products/detail/issi-integrated-silicon-solution-inc/IS25LP032D-JKLE-TR/6624241,,133 MHz,Not Verified,,FLASH,"SPI - Quad I/O, QPI, DTR",4M x 8,32Mbit,Non-Volatile,-40°C ~ 105°C (TA),,,FLASH - NOR,2.3V ~ 3.6V,800µs
IS25LP032D-JLLE,"ISSI, Integrated Silicon Solution Inc",IC FLASH 32MBIT SPI/QUAD 8WSON,memory,525,2.1,8-WDFN Exposed Pad,Surface Mount,Active,https://www.issi.com/WW/pdf/25LP-WP032D.pdf,https://www.digikey.com/en/products/detail/issi-integrated-silicon-solution-inc/IS25LP032D-JLLE/6624242,,133 MHz,Not Verified,,FLASH,"SPI - Quad I/O, QPI, DTR",4M x 8,32Mbit,Non-Volatile,-40°C ~ 105°C (TA),,,FLASH - NOR,2.3V ~ 3.6V,800µs
IS25LP032D-JLLE-TR,"ISSI, Integrated Silicon Solution Inc",IC FLASH 32MBIT SPI/QUAD 8WSON,memory,850,2.1,8-WDFN Exposed Pad,Surface Mount,Active,https://www.issi.com/WW/pdf/25LP-WP032D.pdf,https://www.digikey.com/en/products/detail/issi-integrated-silicon-solution-inc/IS25LP032D-JLLE-TR/6624243,,133 MHz,Not Verified,,FLASH,"SPI - Quad I/O, QPI, DTR",4M x 8,32Mbit,Non-Volatile,-40°C ~ 105°C (TA),,,FLASH - NOR,2.3V ~ 3.6V,800µs
IS25LP032D-JNLA3,"ISSI, Integrated Silicon Solution Inc",IC FLASH 32MBIT SPI/QUAD 8SOIC,memory,1966,2.17,"8-SOIC (0.154"", 3.90mm Width)",Surface Mount,Active,https://www.issi.com/WW/pdf/25LP-WP032D.pdf,https://www.digikey.com/en/products/detail/issi-integrated-silicon-solution-inc/IS25LP032D-JNLA3/11568706,,133 MHz,Verified,Automotive,FLASH,"SPI - Quad I/O, QPI, DTR",4M x 8,32Mbit,Non-Volatile,-40°C ~ 125°C (TA),AEC-Q100,,FLASH - NOR,2.3V ~ 3.6V,800µs
IS25LP032D-JNLE-TR,"ISSI, Integrated Silicon Solution Inc",IC FLASH 32MBIT SPI/QUAD 8SOP,memory,9575,1.74,"8-SOIC (0.154"", 3.90mm Width)",Surface Mount,Active,https://www.issi.com/WW/pdf/25LP-WP032D.pdf,https://www.digikey.com/en/products/detail/issi-integrated-silicon-solution-inc/IS25LP032D-JNLE-TR/6624246,,133 MHz,Not Verified,,FLASH,"SPI - Quad I/O, QPI, DTR",4M x 8,32Mbit,Non-Volatile,-40°C ~ 105°C (TA),,,FLASH - NOR,2.3V ~ 3.6V,800µs
IS25LP032D-JTLA3-TR,"ISSI, Integrated Silicon Solution Inc",IC FLASH 32MBIT SPI/QUAD 8USON,memory,2686,1.81,8-UDFN Exposed Pad,Surface Mount,Active,https://www.issi.com/WW/pdf/25LP-WP032D.pdf,https://www.digikey.com/en/products/detail/issi-integrated-silicon-solution-inc/IS25LP032D-JTLA3-TR/17766922,7 ns,133 MHz,Not Verified,Automotive,FLASH,"SPI - Quad I/O, QPI, DTR",4M x 8,32Mbit,Non-Volatile,-40°C ~ 125°C (TA),AEC-Q100,,FLASH - NOR (SLC),2.3V ~ 3.6V,"40µs, 800µs"
IS25LP040E-JNLE-TR,"ISSI, Integrated Silicon Solution Inc",IC FLASH 4MBIT SPI/QUAD 8SOIC,memory,18290,0.71,"8-SOIC (0.154"", 3.90mm Width)",Surface Mount,Active,https://www.issi.com/WW/pdf/25LP-WP040E-020E-010E-512E-025E.pdf,https://www.digikey.com/en/products/detail/issi-integrated-silicon-solution-inc/IS25LP040E-JNLE-TR/15766951,8 ns,104 MHz,Not Verified,,FLASH,"SPI - Quad I/O, QPI, DTR",512K x 8,4Mbit,Non-Volatile,-40°C ~ 105°C (TA),,,FLASH - NOR,2.3V ~ 3.6V,1.2ms
IS25LP040E-JYLE-TR,"ISSI, Integrated Silicon Solution Inc",IC FLASH 4MBIT SPI/QUAD 8USON,memory,3840,0.71,8-UFDFN Exposed Pad,Surface Mount,Active,https://www.issi.com/WW/pdf/25LP-WP040E-020E-010E-512E-025E.pdf,https://www.digikey.com/en/products/detail/issi-integrated-silicon-solution-inc/IS25LP040E-JYLE-TR/15766948,8 ns,104 MHz,Not Verified,,FLASH,"SPI - Quad I/O, QPI, DTR",512K x 8,4Mbit,Non-Volatile,-40°C ~ 105°C (TA),,,FLASH - NOR,2.3V ~ 3.6V,1.2ms
IS25LP064A-JBLE,"ISSI, Integrated Silicon Solution Inc",IC FLASH 64MBIT SPI/QUAD 8SOIC,memory,4241,2.83,"8-SOIC (0.209"", 5.30mm Width)",Surface Mount,Active,https://www.digikey.com//mm.digikey.com/Volume0/opasdata/d220001/medias/docus/6456/ISSI_SPI.pdf,https://www.digikey.com/en/products/detail/issi-integrated-silicon-solution-inc/IS25LP064A-JBLE/5431598,,133 MHz,Verified,,FLASH,"SPI - Quad I/O, QPI",8M x 8,64Mbit,Non-Volatile,-40°C ~ 105°C (TA),,,FLASH - NOR,2.3V ~ 3.6V,800µs
IS25LP064A-JBLE-TR,"ISSI, Integrated Silicon Solution Inc",IC FLASH 64MBIT SPI/QUAD 8SOIC,memory,10239,2.57,"8-SOIC (0.209"", 5.30mm Width)",Surface Mount,Active,https://www.issi.com/WW/pdf/25LP064A.pdf,https://www.digikey.com/en/products/detail/issi-integrated-silicon-solution-inc/IS25LP064A-JBLE-TR/7567417,,133 MHz,Verified,,FLASH,"SPI - Quad I/O, QPI",8M x 8,64Mbit,Non-Volatile,-40°C ~ 105°C (TA),,,FLASH - NOR,2.3V ~ 3.6V,800µs
IS25LP064A-JKLE,"ISSI, Integrated Silicon Solution Inc",IC FLASH 64MBIT SPI/QUAD 8WSON,memory,166,2.78,8-WDFN Exposed Pad,Surface Mount,Active,https://www.issi.com/WW/pdf/25LP064A.pdf,https://www.digikey.com/en/products/detail/issi-integrated-silicon-solution-inc/IS25LP064A-JKLE/7388481,,133 MHz,Not Verified,,FLASH,"SPI - Quad I/O, QPI",8M x 8,64Mbit,Non-Volatile,-40°C ~ 105°C (TA),,,FLASH - NOR,2.3V ~ 3.6V,800µs
IS25LP064A-JLLE,"ISSI, Integrated Silicon Solution Inc",IC FLASH 64MBIT SPI/QUAD 8WSON,memory,3259,2.81,8-WDFN Exposed Pad,Surface Mount,Active,https://www.issi.com/WW/pdf/25LP064A.pdf,https://www.digikey.com/en/products/detail/issi-integrated-silicon-solution-inc/IS25LP064A-JLLE/7567421,,133 MHz,Not Verified,,FLASH,"SPI - Quad I/O, QPI",8M x 8,64Mbit,Non-Volatile,-40°C ~ 105°C (TA),,,FLASH - NOR,2.3V ~ 3.6V,800µs
IS25LP064D-JKLE,"ISSI, Integrated Silicon Solution Inc",IC FLASH 64MBIT SPI/QUAD 8WSON,memory,1140,2.46,8-WDFN Exposed Pad,Surface Mount,Active,https://www.issi.com/WW/pdf/25LP-WP064D.pdf,https://www.digikey.com/en/products/detail/issi-integrated-silicon-solution-inc/IS25LP064D-JKLE/17799878,,166 MHz,Not Verified,Automotive,FLASH,"SPI - Quad I/O, QPI, DTR",8M x 8,64Mbit,Non-Volatile,-40°C ~ 105°C (TA),AEC-Q100,,FLASH - NOR (SLC),2.3V ~ 3.6V,"40µs, 800µs"
IS25LP064D-JLLE-TR,"ISSI, Integrated Silicon Solution Inc",IC FLASH 64MBIT SPI/QUAD 8WSON,memory,1895,2.34,8-WDFN Exposed Pad,Surface Mount,Active,https://www.issi.com/WW/pdf/25LP-WP064D.pdf,https://www.digikey.com/en/products/detail/issi-integrated-silicon-solution-inc/IS25LP064D-JLLE-TR/17799873,,166 MHz,Not Verified,Automotive,FLASH,"SPI - Quad I/O, QPI, DTR",8M x 8,64Mbit,Non-Volatile,-40°C ~ 105°C (TA),AEC-Q100,,FLASH - NOR (SLC),2.3V ~ 3.6V,"40µs, 800µs"
IS25LP080D-JBLE,"ISSI, Integrated Silicon Solution Inc",IC FLASH 8MBIT SPI/QUAD 8SOIC,memory,326,1.37,"8-SOIC (0.209"", 5.30mm Width)",Surface Mount,Active,https://www.digikey.com//mm.digikey.com/Volume0/opasdata/d220001/medias/docus/6456/ISSI_SPI.pdf,https://www.digikey.com/en/products/detail/issi-integrated-silicon-solution-inc/IS25LP080D-JBLE/6236157,,133 MHz,Verified,,FLASH,"SPI - Quad I/O, QPI, DTR",1M x 8,8Mbit,Non-Volatile,-40°C ~ 105°C (TA),,,FLASH - NOR,2.3V ~ 3.6V,800µs
IS25LP080D-JBLE-TR,"ISSI, Integrated Silicon Solution Inc",IC FLASH 8MBIT SPI/QUAD 8SOIC,memory,934,1.12,"8-SOIC (0.209"", 5.30mm Width)",Surface Mount,Active,https://www.issi.com/WW/pdf/25LP-WP080D-040D-020D.pdf,https://www.digikey.com/en/products/detail/issi-integrated-silicon-solution-inc/IS25LP080D-JBLE-TR/6236163,,133 MHz,Verified,,FLASH,"SPI - Quad I/O, QPI, DTR",1M x 8,8Mbit,Non-Volatile,-40°C ~ 105°C (TA),,,FLASH - NOR,2.3V ~ 3.6V,800µs
IS25LP080D-JKLE-TR,"ISSI, Integrated Silicon Solution Inc",IC FLASH 8MBIT SPI/QUAD 8WSON,memory,9068,1.34,8-WDFN Exposed Pad,Surface Mount,Active,https://www.issi.com/WW/pdf/25LP-WP080D-040D-020D.pdf,https://www.digikey.com/en/products/detail/issi-integrated-silicon-solution-inc/IS25LP080D-JKLE-TR/6236164,,133 MHz,Not Verified,,FLASH,"SPI - Quad I/O, QPI, DTR",1M x 8,8Mbit,Non-Volatile,-40°C ~ 105°C (TA),,,FLASH - NOR,2.3V ~ 3.6V,800µs
IS25LP080D-JNLA3,"ISSI, Integrated Silicon Solution Inc",IC FLASH 8MBIT SPI/QUAD 8SOIC,memory,1561,1.36,"8-SOIC (0.154"", 3.90mm Width)",Surface Mount,Active,https://www.issi.com/WW/pdf/25LP-WP080D-040D-020D.pdf,https://www.digikey.com/en/products/detail/issi-integrated-silicon-solution-inc/IS25LP080D-JNLA3/11568754,,133 MHz,Not Verified,Automotive,FLASH,"SPI - Quad I/O, QPI, DTR",1M x 8,8Mbit,Non-Volatile,-40°C ~ 105°C (TA),AEC-Q100,,FLASH - NOR,2.3V ~ 3.6V,800µs
IS25LP080D-JNLE,"ISSI, Integrated Silicon Solution Inc",IC FLASH 8MBIT SPI/QUAD 8SOIC,memory,223,1.44,"8-SOIC (0.154"", 3.90mm Width)",Surface Mount,Active,https://www.issi.com/WW/pdf/25LP-WP080D-040D-020D.pdf,https://www.digikey.com/en/products/detail/issi-integrated-silicon-solution-inc/IS25LP080D-JNLE/6236159,,133 MHz,Not Verified,,FLASH,"SPI - Quad I/O, QPI, DTR",1M x 8,8Mbit,Non-Volatile,-40°C ~ 105°C (TA),,,FLASH - NOR,2.3V ~ 3.6V,800µs
IS25LP080D-JNLE-TR,"ISSI, Integrated Silicon Solution Inc",IC FLASH 8MBIT SPI/QUAD 8SOIC,memory,20500,1.12,"8-SOIC (0.154"", 3.90mm Width)",Surface Mount,Active,https://www.issi.com/WW/pdf/25LP-WP080D-040D-020D.pdf,https://www.digikey.com/en/products/detail/issi-integrated-silicon-solution-inc/IS25LP080D-JNLE-TR/6236160,,133 MHz,Not Verified,,FLASH,"SPI - Quad I/O, QPI, DTR",1M x 8,8Mbit,Non-Volatile,-40°C ~ 105°C (TA),,,FLASH - NOR,2.3V ~ 3.6V,800µs
IS25LP128-JBLE,"ISSI, Integrated Silicon Solution Inc",IC FLASH 128MBIT SPI/QUAD 8SOIC,memory,3969,4.11,"8-SOIC (0.209"", 5.30mm Width)",Surface Mount,Active,https://www.issi.com/WW/pdf/IS25LP128.pdf,https://www.digikey.com/en/products/detail/issi-integrated-silicon-solution-inc/IS25LP128-JBLE/5189776,,133 MHz,Verified,,FLASH,"SPI - Quad I/O, QPI",16M x 8,128Mbit,Non-Volatile,-40°C ~ 105°C (TA),,,FLASH - NOR,2.3V ~ 3.6V,1ms
IS25LP128-JLLE,"ISSI, Integrated Silicon Solution Inc",IC FLASH 128MBIT SPI/QUAD 8WSON,memory,12593,4.39,8-WDFN Exposed Pad,Surface Mount,Active,https://www.issi.com/WW/pdf/IS25LP128.pdf,https://www.digikey.com/en/products/detail/issi-integrated-silicon-solution-inc/IS25LP128-JLLE/5189777,,133 MHz,Not Verified,,FLASH,"SPI - Quad I/O, QPI",16M x 8,128Mbit,Non-Volatile,-40°C ~ 105°C (TA),,,FLASH - NOR,2.3V ~ 3.6V,1ms
IS25LP128-JLLE-TR,"ISSI, Integrated Silicon Solution Inc",IC FLASH 128MBIT SPI/QUAD 8WSON,memory,7445,4.39,8-WDFN Exposed Pad,Surface Mount,Active,https://www.issi.com/WW/pdf/IS25LP128.pdf,https://www.digikey.com/en/products/detail/issi-integrated-silicon-solution-inc/IS25LP128-JLLE-TR/7567428,,133 MHz,Not Verified,,FLASH,"SPI - Quad I/O, QPI",16M x 8,128Mbit,Non-Volatile,-40°C ~ 105°C (TA),,,FLASH - NOR,2.3V ~ 3.6V,1ms
IS25LP128F-JBLA3,"ISSI, Integrated Silicon Solution Inc",IC FLASH 128MBIT SPI/QUAD 8SOIC,memory,706,4.87,"8-SOIC (0.209"", 5.30mm Width)",Surface Mount,Active,https://www.issi.com/WW/pdf/25LP-WP128F.pdf,https://www.digikey.com/en/products/detail/issi-integrated-silicon-solution-inc/IS25LP128F-JBLA3/11568723,,166 MHz,Verified,Automotive,FLASH,"SPI - Quad I/O, QPI, DTR",16M x 8,128Mbit,Non-Volatile,-40°C ~ 125°C (TA),AEC-Q100,,FLASH - NOR,2.3V ~ 3.6V,800µs
IS25LP128F-JBLE,"ISSI, Integrated Silicon Solution Inc",IC FLASH 128MBIT SPI/QUAD 8SOIC,memory,422,4.23,"8-SOIC (0.209"", 5.30mm Width)",Surface Mount,Active,https://www.issi.com/WW/pdf/25LP-WP128F.pdf,https://www.digikey.com/en/products/detail/issi-integrated-silicon-solution-inc/IS25LP128F-JBLE/8563800,,133 MHz,Verified,,FLASH,"SPI - Quad I/O, QPI, DTR",16M x 8,128Mbit,Non-Volatile,-40°C ~ 105°C (TA),,,FLASH - NOR,2.3V ~ 3.6V,800µs
IS25LP128F-JBLE-TR,"ISSI, Integrated Silicon Solution Inc",IC FLASH 128MBIT SPI/QUAD 8SOIC,memory,5770,3.9,"8-SOIC (0.209"", 5.30mm Width)",Surface Mount,Active,https://www.issi.com/WW/pdf/25LP-WP128F.pdf,https://www.digikey.com/en/products/detail/issi-integrated-silicon-solution-inc/IS25LP128F-JBLE-TR/8563742,,133 MHz,Verified,,FLASH,"SPI - Quad I/O, QPI, DTR",16M x 8,128Mbit,Non-Volatile,-40°C ~ 105°C (TA),,,FLASH - NOR,2.3V ~ 3.6V,800µs
IS25LP128F-JKLE-TR,"ISSI, Integrated Silicon Solution Inc",IC FLASH 128MBIT SPI/QUAD 8WSON,memory,275,3.31,8-WDFN Exposed Pad,Surface Mount,Active,https://www.issi.com/WW/pdf/25LP-WP128F.pdf,https://www.digikey.com/en/products/detail/issi-integrated-silicon-solution-inc/IS25LP128F-JKLE-TR/17799896,,166 MHz,Not Verified,Automotive,FLASH,"SPI - Quad I/O, QPI, DTR",16M x 8,128Mbit,Non-Volatile,-40°C ~ 105°C (TA),AEC-Q100,,FLASH - NOR (SLC),2.3V ~ 3.6V,"40µs, 800µs"
IS25LP128F-JLLA3,"ISSI, Integrated Silicon Solution Inc",IC FLASH 128MBIT SPI/QUAD 8WSON,memory,960,5.51,8-WDFN Exposed Pad,Surface Mount,Active,https://www.issi.com/WW/pdf/25LP-WP128F.pdf,https://www.digikey.com/en/products/detail/issi-integrated-silicon-solution-inc/IS25LP128F-JLLA3/11568725,,166 MHz,Not Verified,Automotive,FLASH,"SPI - Quad I/O, QPI, DTR",16M x 8,128Mbit,Non-Volatile,-40°C ~ 125°C (TA),AEC-Q100,,FLASH - NOR,2.3V ~ 3.6V,800µs
IS25LP128F-JLLE-TR,"ISSI, Integrated Silicon Solution Inc",IC FLASH 128MBIT SPI/QUAD 8WSON,memory,2540,4.43,8-WDFN Exposed Pad,Surface Mount,Active,https://www.issi.com/WW/pdf/25LP-WP128F.pdf,https://www.digikey.com/en/products/detail/issi-integrated-silicon-solution-inc/IS25LP128F-JLLE-TR/8563743,,133 MHz,Not Verified,,FLASH,"SPI - Quad I/O, QPI, DTR",16M x 8,128Mbit,Non-Volatile,-40°C ~ 105°C (TA),,,FLASH - NOR,2.3V ~ 3.6V,800µs
IS25LP128F-RHLE,"ISSI, Integrated Silicon Solution Inc",IC FLASH 128MBIT SPI/QUAD 24TBGA,memory,180,3.84,24-TBGA,Surface Mount,Active,https://www.issi.com/WW/pdf/25LP-WP128F.pdf,https://www.digikey.com/en/products/detail/issi-integrated-silicon-solution-inc/IS25LP128F-RHLE/17788066,,166 MHz,Not Verified,Automotive,FLASH,"SPI - Quad I/O, QPI, DTR",16M x 8,128Mbit,Non-Volatile,-40°C ~ 105°C (TA),AEC-Q100,,FLASH - NOR (SLC),2.3V ~ 3.6V,"40µs, 800µs"
IS25LP128F-RMLE-TR,"ISSI, Integrated Silicon Solution Inc",IC FLASH 128MBIT SPI/QUAD 16SOIC,memory,519,4.53,"16-SOIC (0.295"", 7.50mm Width)",Surface Mount,Active,https://www.issi.com/WW/pdf/25LP-WP128F.pdf,https://www.digikey.com/en/products/detail/issi-integrated-silicon-solution-inc/IS25LP128F-RMLE-TR/8563744,,133 MHz,Not Verified,,FLASH,"SPI - Quad I/O, QPI, DTR",16M x 8,128Mbit,Non-Volatile,-40°C ~ 105°C (TA),,,FLASH - NOR,2.3V ~ 3.6V,800µs
IS25LP256D-JHLE,"ISSI, Integrated Silicon Solution Inc",IC FLASH 256MBIT SPI/QUAD,memory,275,5.66,24-TBGA,Surface Mount,Active,https://www.issi.com/WW/pdf/IS25LP(WP)256D.pdf,https://www.digikey.com/en/products/detail/issi-integrated-silicon-solution-inc/IS25LP256D-JHLE/17799915,,166 MHz,Not Verified,,FLASH,"SPI - Quad I/O, QPI, DTR",32M x 8,256Mbit,Non-Volatile,-40°C ~ 105°C (TA),,,FLASH - NOR (SLC),2.3V ~ 3.6V,"40µs, 800µs"
IS25LP256D-RHLE,"ISSI, Integrated Silicon Solution Inc",IC FLASH 256MBIT SPI 24TFBGA,memory,1665,6.68,24-TBGA,Surface Mount,Active,https://www.issi.com/WW/pdf/25LP-WP256D_128D.pdf,https://www.digikey.com/en/products/detail/issi-integrated-silicon-solution-inc/IS25LP256D-RHLE/7567434,,133 MHz,Not Verified,,FLASH,"SPI - Quad I/O, QPI, DTR",32M x 8,256Mbit,Non-Volatile,-40°C ~ 105°C (TA),,,FLASH - NOR,2.3V ~ 3.6V,800µs
IS25LP512MG-JLLE,"ISSI, Integrated Silicon Solution Inc",IC FLASH 512MBIT SPI/QUAD 8WSON,memory,139,11.64,8-WDFN Exposed Pad,Surface Mount,Active,https://www.issi.com/WW/pdf/25LP-WP512MG.pdf,https://www.digikey.com/en/products/detail/issi-integrated-silicon-solution-inc/IS25LP512MG-JLLE/16529358,5.5 ns,166 MHz,Not Verified,,FLASH,"SPI - Quad I/O, QPI, DTR",64M x 8,512Mbit,Non-Volatile,-40°C ~ 105°C (TA),,,FLASH - NOR,2.3V ~ 3.6V,"50µs, 1ms"
IS25LX064-JHLE,"ISSI, Integrated Silicon Solution Inc",IC FLASH 64MBIT SPI/OCTL 24TFBGA,memory,128,3.32,24-TBGA,Surface Mount,Active,https://www.issi.com/ww/pdf/Octal-Memory.pdf,https://www.digikey.com/en/products/detail/issi-integrated-silicon-solution-inc/IS25LX064-JHLE/16529375,,133 MHz,Not Verified,,FLASH,SPI - Octal I/O,8M x 8,64Mbit,Non-Volatile,-40°C ~ 105°C (TA),,,FLASH,2.7V ~ 3.6V,
IS25LX512M-JHLE,"ISSI, Integrated Silicon Solution Inc",IC FLASH 512MBIT SPI/OCT 24TFBGA,memory,116,16.04,24-TBGA,Surface Mount,Active,https://www.issi.com/WW/pdf/25LX-WX512M.pdf,https://www.digikey.com/en/products/detail/issi-integrated-silicon-solution-inc/IS25LX512M-JHLE/16529389,,133 MHz,Not Verified,,FLASH,SPI - Octal I/O,64M x 8,512Mbit,Non-Volatile,-40°C ~ 105°C (TA),,,FLASH,2.7V ~ 3.6V,
IS25WJ032F-JNLE,"ISSI, Integrated Silicon Solution Inc",IC FLASH 32MBIT SPI/QUAD 8SOP,memory,2373,1.55,"8-SOIC (0.154"", 3.90mm Width)",Surface Mount,Active,https://www.issi.com/WW/pdf/25WJ032F.pdf,https://www.digikey.com/en/products/detail/issi-integrated-silicon-solution-inc/IS25WJ032F-JNLE/16266402,6 ns,133 MHz,Not Verified,,FLASH,"SPI - Quad I/O, QPI, DTR",4M x 8,32Mbit,Non-Volatile,-40°C ~ 105°C (TA),,,FLASH - NOR,1.65V ~ 1.95V,1.6ms
IS25WP016D-JKLE,"ISSI, Integrated Silicon Solution Inc",IC FLASH 16MBIT SPI/QUAD 8WSON,memory,1674,1.7,8-WDFN Exposed Pad,Surface Mount,Active,https://www.digikey.com//mm.digikey.com/Volume0/opasdata/d220001/medias/docus/6456/ISSI_SPI.pdf,https://www.digikey.com/en/products/detail/issi-integrated-silicon-solution-inc/IS25WP016D-JKLE/7567438,,133 MHz,Not Verified,,FLASH,"SPI - Quad I/O, QPI, DTR",2M x 8,16Mbit,Non-Volatile,-40°C ~ 105°C (TA),,,FLASH - NOR,1.65V ~ 1.95V,800µs
IS25WP016D-JNLE,"ISSI, Integrated Silicon Solution Inc",IC FLASH 16MBIT SPI/QUAD 8SOIC,memory,2211,1.46,"8-SOIC (0.154"", 3.90mm Width)",Surface Mount,Active,https://www.issi.com/WW/pdf/25LP-WP016D.pdf,https://www.digikey.com/en/products/detail/issi-integrated-silicon-solution-inc/IS25WP016D-JNLE/7567444,,133 MHz,Not Verified,,FLASH,"SPI - Quad I/O, QPI, DTR",2M x 8,16Mbit,Non-Volatile,-40°C ~ 105°C (TA),,,FLASH - NOR,1.65V ~ 1.95V,800µs
IS25WP032D-JBLE,"ISSI, Integrated Silicon Solution Inc",IC FLASH 32MBIT SPI/QUAD 8SOIC,memory,2395,1.86,"8-SOIC (0.209"", 5.30mm Width)",Surface Mount,Active,https://www.digikey.com//mm.digikey.com/Volume0/opasdata/d220001/medias/docus/6456/ISSI_SPI.pdf,https://www.digikey.com/en/products/detail/issi-integrated-silicon-solution-inc/IS25WP032D-JBLE/6624247,,133 MHz,Verified,,FLASH,"SPI - Quad I/O, QPI, DTR",4M x 8,32Mbit,Non-Volatile,-40°C ~ 105°C (TA),,,FLASH - NOR,1.65V ~ 1.95V,800µs
IS25WP032D-JKLE,"ISSI, Integrated Silicon Solution Inc",IC FLASH 32MBIT SPI/QUAD 8WSON,memory,320,2.03,8-WDFN Exposed Pad,Surface Mount,Active,https://www.digikey.com//mm.digikey.com/Volume0/opasdata/d220001/medias/docus/6456/ISSI_SPI.pdf,https://www.digikey.com/en/products/detail/issi-integrated-silicon-solution-inc/IS25WP032D-JKLE/6624249,,133 MHz,Not Verified,,FLASH,"SPI - Quad I/O, QPI, DTR",4M x 8,32Mbit,Non-Volatile,-40°C ~ 105°C (TA),,,FLASH - NOR,1.65V ~ 1.95V,800µs
IS25WP064A-JBLE,"ISSI, Integrated Silicon Solution Inc",IC FLASH 64MBIT SPI/QUAD 8SOIC,memory,8049,2.96,"8-SOIC (0.209"", 5.30mm Width)",Surface Mount,Active,https://www.digikey.com//mm.digikey.com/Volume0/opasdata/d220001/medias/docus/6456/ISSI_SPI.pdf,https://www.digikey.com/en/products/detail/issi-integrated-silicon-solution-inc/IS25WP064A-JBLE/7221227,,133 MHz,Verified,,FLASH,"SPI - Quad I/O, QPI, DTR",8M x 8,64Mbit,Non-Volatile,-40°C ~ 105°C (TA),,,FLASH - NOR,1.65V ~ 1.95V,800µs
IS25WP064A-JLLE,"ISSI, Integrated Silicon Solution Inc",IC FLASH 64MBIT SPI/QUAD 8WSON,memory,279,2.9,8-WDFN Exposed Pad,Surface Mount,Active,https://www.digikey.com//mm.digikey.com/Volume0/opasdata/d220001/medias/docus/6456/ISSI_SPI.pdf,https://www.digikey.com/en/products/detail/issi-integrated-silicon-solution-inc/IS25WP064A-JLLE/7567461,,133 MHz,Not Verified,,FLASH,"SPI - Quad I/O, QPI, DTR",8M x 8,64Mbit,Non-Volatile,-40°C ~ 105°C (TA),,,FLASH - NOR,1.65V ~ 1.95V,800µs
IS25WP080D-JULA3-TR,"ISSI, Integrated Silicon Solution Inc",IC FLASH 8MBIT SPI/QUAD 8USON,memory,5661,1.24,8-UFDFN Exposed Pad,Surface Mount,Active,https://www.issi.com/WW/pdf/25LP-WP080D-040D-020D.pdf,https://www.digikey.com/en/products/detail/issi-integrated-silicon-solution-inc/IS25WP080D-JULA3-TR/17800988,7 ns,133 MHz,Not Verified,Automotive,FLASH,"SPI - Quad I/O, QPI, DTR",1M x 8,8Mbit,Non-Volatile,-40°C ~ 125°C (TA),AEC-Q100,,FLASH - NOR (SLC),1.65V ~ 1.95V,"40µs, 800µs"
IS25WP128-JBLE,"ISSI, Integrated Silicon Solution Inc",IC FLASH 128MBIT SPI/QUAD 8SOIC,memory,2483,4.47,"8-SOIC (0.209"", 5.30mm Width)",Surface Mount,Active,https://www.digikey.com//mm.digikey.com/Volume0/opasdata/d220001/medias/docus/6456/ISSI_SPI.pdf,https://www.digikey.com/en/products/detail/issi-integrated-silicon-solution-inc/IS25WP128-JBLE/5431600,,133 MHz,Verified,,FLASH,"SPI - Quad I/O, QPI, DTR",16M x 8,128Mbit,Non-Volatile,-40°C ~ 105°C (TA),,,FLASH,1.65V ~ 1.95V,800µs
IS25WP128-JKLE,"ISSI, Integrated Silicon Solution Inc",IC FLASH 128MBIT SPI/QUAD 8WSON,memory,710,4.74,8-WDFN Exposed Pad,Surface Mount,Active,https://www.issi.com/WW/pdf/25WP128.pdf,https://www.digikey.com/en/products/detail/issi-integrated-silicon-solution-inc/IS25WP128-JKLE/7567474,,133 MHz,Not Verified,,FLASH,"SPI - Quad I/O, QPI, DTR",16M x 8,128Mbit,Non-Volatile,-40°C ~ 105°C (TA),,,FLASH - NOR,1.65V ~ 1.95V,800µs
IS25WP128-RMLE-TR,"ISSI, Integrated Silicon Solution Inc",IC FLASH 128MBIT SPI 16SOIC,memory,536,4.73,"16-SOIC (0.295"", 7.50mm Width)",Surface Mount,Active,https://www.issi.com/WW/pdf/25WP128.pdf,https://www.digikey.com/en/products/detail/issi-integrated-silicon-solution-inc/IS25WP128-RMLE-TR/8563755,7 ns,133 MHz,Not Verified,,FLASH,SPI,16M x 8,128Mbit,Non-Volatile,-40°C ~ 105°C (TA),,,FLASH - NOR,1.65V ~ 1.95V,800µs
IS25WP256D-JLLE,"ISSI, Integrated Silicon Solution Inc",IC FLASH 256MBIT SPI/QUAD 8WSON,memory,1198,6.95,8-WDFN Exposed Pad,Surface Mount,Active,https://www.issi.com/WW/pdf/25LP-WP256D_128D.pdf,https://www.digikey.com/en/products/detail/issi-integrated-silicon-solution-inc/IS25WP256D-JLLE/7567484,,104 MHz,Not Verified,,FLASH,"SPI - Quad I/O, QPI, DTR",32M x 8,256Mbit,Non-Volatile,-40°C ~ 105°C (TA),,,FLASH - NOR,1.65V ~ 1.95V,800µs
IS25WP256D-RMLE-TR,"ISSI, Integrated Silicon Solution Inc",IC FLASH 256MBIT SERIAL,memory,455,7.22,"16-SOIC (0.295"", 7.50mm Width)",Surface Mount,Active,https://www.issi.com/WW/pdf/25LP-WP256D_128D.pdf,https://www.digikey.com/en/products/detail/issi-integrated-silicon-solution-inc/IS25WP256D-RMLE-TR/8563756,8 ns,104 MHz,Not Verified,,FLASH,Serial,32M x 8,256Mbit,Non-Volatile,-40°C ~ 105°C (TA),,,FLASH - NOR,1.65V ~ 1.95V,800µs
IS25WP512MG-RHLA2,"ISSI, Integrated Silicon Solution Inc","512MB QPI/QSPI, 24-BALL TFBGA 6X",memory,222,14.26,24-TBGA,Surface Mount,Active,https://www.issi.com/WW/pdf/25LP-WP512MG.pdf,https://www.digikey.com/en/products/detail/issi-integrated-silicon-solution-inc/IS25WP512MG-RHLA2/24617406,5.5 ns,166 MHz,,Automotive,FLASH,"SPI - Quad I/O, QPI, DTR",64M x 8,512Mbit,Non-Volatile,-40°C ~ 105°C (TA),AEC-Q100,,FLASH - NOR (SLC),1.65V ~ 1.95V,"70µs, 4ms"
IS25WX128-JHLE,"ISSI, Integrated Silicon Solution Inc",IC FLASH 128MBIT SPI/OCT 24TFBGA,memory,462,6.72,24-TBGA,Surface Mount,Active,https://www.issi.com/ww/pdf/Octal-Memory.pdf,https://www.digikey.com/en/products/detail/issi-integrated-silicon-solution-inc/IS25WX128-JHLE/16529371,,200 MHz,Not Verified,,FLASH,SPI - Octal I/O,16M x 8,128Mbit,Non-Volatile,-40°C ~ 105°C (TA),,,FLASH,1.7V ~ 2V,
IS25WX256-JHLE,"ISSI, Integrated Silicon Solution Inc",IC FLASH 256MBIT SPI/OCT 24TFBGA,memory,585,8.62,24-TBGA,Surface Mount,Active,https://www.issi.com/ww/pdf/Octal-Memory.pdf,https://www.digikey.com/en/products/detail/issi-integrated-silicon-solution-inc/IS25WX256-JHLE/16529377,,200 MHz,Not Verified,,FLASH,SPI - Octal I/O,32M x 8,256Mbit,Non-Volatile,-40°C ~ 105°C (TA),,,FLASH,1.7V ~ 2V,
IS29GL032-70TLET,"ISSI, Integrated Silicon Solution Inc",IC FLASH 32MBIT CFI 48TSOPI,memory,112,4.97,"48-TFSOP (0.724"", 18.40mm Width)",Surface Mount,Active,https://www.digikey.com//mm.digikey.com/Volume0/opasdata/d220001/medias/docus/7957/PdfFile_140940.pdf,https://www.digikey.com/en/products/detail/issi-integrated-silicon-solution-inc/IS29GL032-70TLET/17801023,70 ns,,Not Verified,Automotive,FLASH,CFI,2M x 16,32Mbit,Non-Volatile,-40°C ~ 105°C (TA),AEC-Q100,,FLASH - NOR (SLC),2.7V ~ 3.6V,70ns
IS29GL064-70TLET,"ISSI, Integrated Silicon Solution Inc",IC FLASH 64MBIT PAR 48TSOP I,memory,218,6.27,"48-TFSOP (0.724"", 18.40mm Width)",Surface Mount,Active,https://www.issi.com/WW/pdf/29GL064-32-16.pdf,https://www.digikey.com/en/products/detail/issi-integrated-silicon-solution-inc/IS29GL064-70TLET/11568748,70 ns,,Not Verified,,FLASH,Parallel,8M x 8,64Mbit,Non-Volatile,-40°C ~ 105°C (TA),,,FLASH - NOR,2.7V ~ 3.6V,75ns
IS42S16100H-7TL,"ISSI, Integrated Silicon Solution Inc",IC DRAM 16MBIT PAR 50TSOP II,memory,1633,3.86,"50-TSOP (0.400"", 10.16mm Width)",Surface Mount,Active,https://www.issi.com/WW/pdf/42-45S16100H.pdf,https://www.digikey.com/en/products/detail/issi-integrated-silicon-solution-inc/IS42S16100H-7TL/5683868,5.5 ns,143 MHz,Not Verified,,DRAM,Parallel,1M x 16,16Mbit,Volatile,0°C ~ 70°C (TA),,,SDRAM,3V ~ 3.6V,
IS42S16100H-7TLI,"ISSI, Integrated Silicon Solution Inc",IC DRAM 16MBIT PAR 50TSOP II,memory,2140,4.23,"50-TSOP (0.400"", 10.16mm Width)",Surface Mount,Active,https://www.issi.com/WW/pdf/42-45S16100H.pdf,https://www.digikey.com/en/products/detail/issi-integrated-silicon-solution-inc/IS42S16100H-7TLI/5683869,5.5 ns,143 MHz,Not Verified,,DRAM,Parallel,1M x 16,16Mbit,Volatile,-40°C ~ 85°C (TA),,,SDRAM,3V ~ 3.6V,
IS42S16100H-7TLI-TR,"ISSI, Integrated Silicon Solution Inc",IC DRAM 16MBIT PAR 50TSOP II,memory,945,4.34,"50-TSOP (0.400"", 10.16mm Width)",Surface Mount,Active,https://www.issi.com/WW/pdf/42-45S16100H.pdf,https://www.digikey.com/en/products/detail/issi-integrated-silicon-solution-inc/IS42S16100H-7TLI-TR/5683839,5.5 ns,143 MHz,Not Verified,,DRAM,Parallel,1M x 16,16Mbit,Volatile,-40°C ~ 85°C (TA),,,SDRAM,3V ~ 3.6V,
IS42S16160J-7BLI,"ISSI, Integrated Silicon Solution Inc",IC DRAM 256MBIT PAR 54TFBGA,memory,2361,7.72,54-TFBGA,Surface Mount,Active,https://www.issi.com/WW/pdf/42-45S83200J-16160J.pdf,https://www.digikey.com/en/products/detail/issi-integrated-silicon-solution-inc/IS42S16160J-7BLI/5319794,5.4 ns,143 MHz,Not Verified,,DRAM,Parallel,16M x 16,256Mbit,Volatile,-40°C ~ 85°C (TA),,,SDRAM,3V ~ 3.6V,
IS42S16160L-6BLI,"ISSI, Integrated Silicon Solution Inc",IC DRAM 256MBIT PAR 54TFBGA,memory,273,7.02,54-TFBGA,Surface Mount,Active,https://www.issi.com/WW/pdf/42-45S83200L-16160L.pdf,https://www.digikey.com/en/products/detail/issi-integrated-silicon-solution-inc/IS42S16160L-6BLI/22471399,5.4 ns,166 MHz,,,DRAM,LVTTL,16M x 16,256Mbit,Volatile,-40°C ~ 85°C (TA),,,SDRAM,3V ~ 3.6V,
IS42S16320F-7BL,"ISSI, Integrated Silicon Solution Inc",IC DRAM 512MBIT PAR 54TFBGA,memory,260,12.69,54-TFBGA,Surface Mount,Active,https://www.issi.com/WW/pdf/42-45R-S_86400F-16320F.pdf,https://www.digikey.com/en/products/detail/issi-integrated-silicon-solution-inc/IS42S16320F-7BL/5319809,5.4 ns,143 MHz,Not Verified,,DRAM,Parallel,32M x 16,512Mbit,Volatile,0°C ~ 70°C (TA),,,SDRAM,3V ~ 3.6V,
IS42S16320F-7BLI,"ISSI, Integrated Silicon Solution Inc",IC DRAM 512MBIT PAR 54TFBGA,memory,2034,13.9,54-TFBGA,Surface Mount,Active,https://www.issi.com/WW/pdf/42-45R-S_86400F-16320F.pdf,https://www.digikey.com/en/products/detail/issi-integrated-silicon-solution-inc/IS42S16320F-7BLI/5319810,5.4 ns,143 MHz,Not Verified,,DRAM,Parallel,32M x 16,512Mbit,Volatile,-40°C ~ 85°C (TA),,,SDRAM,3V ~ 3.6V,
IS42S16320F-7TL,"ISSI, Integrated Silicon Solution Inc",IC DRAM 512MBIT PAR 54TSOP II,memory,772,13.01,"54-TSOP (0.400"", 10.16mm Width)",Surface Mount,Active,https://www.issi.com/WW/pdf/42-45R-S_86400F-16320F.pdf,https://www.digikey.com/en/products/detail/issi-integrated-silicon-solution-inc/IS42S16320F-7TL/5319813,5.4 ns,143 MHz,Not Verified,,DRAM,Parallel,32M x 16,512Mbit,Volatile,0°C ~ 70°C (TA),,,SDRAM,3V ~ 3.6V,
IS42S16320F-7TLI,"ISSI, Integrated Silicon Solution Inc",IC DRAM 512MBIT PAR 54TSOP II,memory,1205,14.46,"54-TSOP (0.400"", 10.16mm Width)",Surface Mount,Active,https://www.issi.com/WW/pdf/42-45R-S_86400F-16320F.pdf,https://www.digikey.com/en/products/detail/issi-integrated-silicon-solution-inc/IS42S16320F-7TLI/5319814,5.4 ns,143 MHz,Not Verified,,DRAM,Parallel,32M x 16,512Mbit,Volatile,-40°C ~ 85°C (TA),,,SDRAM,3V ~ 3.6V,
IS42S32160F-6BLI,"ISSI, Integrated Silicon Solution Inc",IC DRAM 512MBIT PAR 90TFBGA,memory,256,16.85,90-TFBGA,Surface Mount,Active,https://www.issi.com/WW/pdf/42-45R-S-32160F.pdf,https://www.digikey.com/en/products/detail/issi-integrated-silicon-solution-inc/IS42S32160F-6BLI/5319818,5.4 ns,167 MHz,Not Verified,,DRAM,Parallel,16M x 32,512Mbit,Volatile,-40°C ~ 85°C (TA),,,SDRAM,3V ~ 3.6V,
IS42S32160F-7BL,"ISSI, Integrated Silicon Solution Inc",IC DRAM 512MBIT PAR 90TFBGA,memory,243,15.38,90-TFBGA,Surface Mount,Active,https://www.issi.com/WW/pdf/42-45R-S-32160F.pdf,https://www.digikey.com/en/products/detail/issi-integrated-silicon-solution-inc/IS42S32160F-7BL/5319833,5.4 ns,143 MHz,Not Verified,,DRAM,Parallel,16M x 32,512Mbit,Volatile,0°C ~ 70°C (TA),,,SDRAM,3V ~ 3.6V,
IS42S32160F-7TLI,"ISSI, Integrated Silicon Solution Inc",IC DRAM 512MBIT PAR 86TSOP II,memory,587,16.08,"86-TFSOP (0.400"", 10.16mm Width)",Surface Mount,Active,https://www.issi.com/WW/pdf/42-45R-S-32160F.pdf,https://www.digikey.com/en/products/detail/issi-integrated-silicon-solution-inc/IS42S32160F-7TLI/5319838,5.4 ns,143 MHz,Not Verified,,DRAM,Parallel,16M x 32,512Mbit,Volatile,-40°C ~ 85°C (TA),,,SDRAM,3V ~ 3.6V,
IS42S32400J-7BLI,"ISSI, Integrated Silicon Solution Inc",IC DRAM 128MBIT PAR 90TFBGA,memory,321,7.45,90-TFBGA,Surface Mount,Active,https://www.issi.com/WW/pdf/42-45S32400J.pdf,https://www.digikey.com/en/products/detail/issi-integrated-silicon-solution-inc/IS42S32400J-7BLI/22471421,5.4 ns,143 MHz,,,DRAM,LVTTL,4M x 32,128Mbit,Volatile,-40°C ~ 85°C (TA),,,SDRAM,3V ~ 3.6V,
IS42S32800J-6BLI,"ISSI, Integrated Silicon Solution Inc",IC DRAM 256MBIT PAR 90TFBGA,memory,1299,10.39,90-TFBGA,Surface Mount,Active,https://www.issi.com/WW/pdf/42-45S32800J.pdf,https://www.digikey.com/en/products/detail/issi-integrated-silicon-solution-inc/IS42S32800J-6BLI/5319842,5.4 ns,166 MHz,Not Verified,,DRAM,Parallel,8M x 32,256Mbit,Volatile,-40°C ~ 85°C (TA),,,SDRAM,3V ~ 3.6V,
IS42S32800J-7BLI,"ISSI, Integrated Silicon Solution Inc",IC DRAM 256MBIT PAR 90TFBGA,memory,1920,11.75,90-TFBGA,Surface Mount,Active,https://www.issi.com/WW/pdf/42-45S32800J.pdf,https://www.digikey.com/en/products/detail/issi-integrated-silicon-solution-inc/IS42S32800J-7BLI/5319858,5.4 ns,143 MHz,Not Verified,,DRAM,Parallel,8M x 32,256Mbit,Volatile,-40°C ~ 85°C (TA),,,SDRAM,3V ~ 3.6V,
IS42S83200J-7TLI,"ISSI, Integrated Silicon Solution Inc",IC DRAM 256MBIT PAR 54TSOP II,memory,1166,8.06,"54-TSOP (0.400"", 10.16mm Width)",Surface Mount,Active,https://www.issi.com/WW/pdf/42-45S83200J-16160J.pdf,https://www.digikey.com/en/products/detail/issi-integrated-silicon-solution-inc/IS42S83200J-7TLI/5319870,5.4 ns,143 MHz,Not Verified,,DRAM,Parallel,32M x 8,256Mbit,Volatile,-40°C ~ 85°C (TA),,,SDRAM,3V ~ 3.6V,
IS42SM32160E-75BLI,"ISSI, Integrated Silicon Solution Inc",IC DRAM 512MBIT PAR 90TFBGA,memory,165,12.62,90-TFBGA,Surface Mount,Active,https://www.issi.com/WW/pdf/42-45SM-RM-VM32160E.pdf,https://www.digikey.com/en/products/detail/issi-integrated-silicon-solution-inc/IS42SM32160E-75BLI/4861068,6 ns,133 MHz,Not Verified,,DRAM,Parallel,16M x 32,512Mbit,Volatile,-40°C ~ 85°C (TA),,,SDRAM - Mobile,2.7V ~ 3.6V,
IS42VM16160K-75BLI,"ISSI, Integrated Silicon Solution Inc",IC DRAM 256MBIT PAR 54TFBGA,memory,1119,9.21,54-TFBGA,Surface Mount,Active,https://www.issi.com/WW/pdf/42-45SM-RM-VM16160K.pdf,https://www.digikey.com/en/products/detail/issi-integrated-silicon-solution-inc/IS42VM16160K-75BLI/4834512,6 ns,133 MHz,Not Verified,,DRAM,Parallel,16M x 16,256Mbit,Volatile,-40°C ~ 85°C (TA),,,SDRAM - Mobile,1.7V ~ 1.95V,
IS43DR16320E-3DBLI,"ISSI, Integrated Silicon Solution Inc",IC DRAM 512MBIT PAR 84TWBGA,memory,114,5.9,84-TFBGA,Surface Mount,Active,https://www.issi.com/WW/pdf/43-46DR86400E-16320E.pdf,https://www.digikey.com/en/products/detail/issi-integrated-silicon-solution-inc/IS43DR16320E-3DBLI/6202033,450 ps,333 MHz,Not Verified,,DRAM,Parallel,32M x 16,512Mbit,Volatile,-40°C ~ 85°C (TA),,,SDRAM - DDR2,1.7V ~ 1.9V,15ns
IS43DR16640C-3DBL,"ISSI, Integrated Silicon Solution Inc",IC DRAM 1GBIT PARALLEL 84TWBGA,memory,195,7.31,84-TFBGA,Surface Mount,Active,https://www.issi.com/WW/pdf/43-46DR81280C-16640C.pdf,https://www.digikey.com/en/products/detail/issi-integrated-silicon-solution-inc/IS43DR16640C-3DBL/6202039,450 ps,333 MHz,Not Verified,,DRAM,Parallel,64M x 16,1Gbit,Volatile,0°C ~ 85°C (TC),,,SDRAM - DDR2,1.7V ~ 1.9V,15ns
IS43DR82560C-25DBL,"ISSI, Integrated Silicon Solution Inc",IC DRAM 2GBIT PARALLEL 60TWBGA,memory,334,14.79,60-TFBGA,Surface Mount,Active,https://www.issi.com/WW/pdf/43-46DR82560C-16128C.pdf,https://www.digikey.com/en/products/detail/issi-integrated-silicon-solution-inc/IS43DR82560C-25DBL/6202046,400 ps,400 MHz,Not Verified,,DRAM,Parallel,256M x 8,2Gbit,Volatile,0°C ~ 85°C (TC),,,SDRAM - DDR2,1.7V ~ 1.9V,15ns
IS43DR82560C-25DBLI,"ISSI, Integrated Silicon Solution Inc",IC DRAM 2GBIT PARALLEL 60TWBGA,memory,274,16.22,60-TFBGA,Surface Mount,Active,https://www.issi.com/WW/pdf/43-46DR82560C-16128C.pdf,https://www.digikey.com/en/products/detail/issi-integrated-silicon-solution-inc/IS43DR82560C-25DBLI/6202048,400 ps,400 MHz,Not Verified,,DRAM,Parallel,256M x 8,2Gbit,Volatile,-40°C ~ 85°C (TA),,,SDRAM - DDR2,1.7V ~ 1.9V,15ns
IS43LQ32256A-062BLI,"ISSI, Integrated Silicon Solution Inc",IC DRAM 8GBIT PARALLEL 200TFBGA,memory,328,50.58,200-TFBGA,Surface Mount,Active,https://www.issi.com/WW/pdf/43-46LQ32256A-AL.pdf,https://www.digikey.com/en/products/detail/issi-integrated-silicon-solution-inc/IS43LQ32256A-062BLI/11568726,,1.6 GHz,Not Verified,,DRAM,Parallel,256M x 32,8Gbit,Volatile,-40°C ~ 95°C (TC),,,SDRAM - Mobile LPDDR4,"1.06V ~ 1.17V, 1.7V ~ 1.95V",
IS43LQ32256B-062BLI,"ISSI, Integrated Silicon Solution Inc",IC DRAM 8GBIT LVSTL 200VFBGA,memory,141,44.45,200-VFBGA,Surface Mount,Active,https://www.issi.com/WW/pdf/43-46LQ32256B.pdf,https://www.digikey.com/en/products/detail/issi-integrated-silicon-solution-inc/IS43LQ32256B-062BLI/22213940,,1.6 GHz,,,DRAM,LVSTL,256M x 32,8Gbit,Volatile,-40°C ~ 95°C (TC),,,SDRAM - Mobile LPDDR4,"1.06V ~ 1.17V, 1.7V ~ 1.95V",
IS43TR16128CL-125KBLI,"ISSI, Integrated Silicon Solution Inc",IC DRAM 2GBIT PARALLEL 96TWBGA,memory,121,14.81,96-TFBGA,Surface Mount,Active,https://www.issi.com/WW/pdf/43-46TR16128C-82560CL.pdf,https://www.digikey.com/en/products/detail/issi-integrated-silicon-solution-inc/IS43TR16128CL-125KBLI/7056877,20 ns,800 MHz,Not Verified,,DRAM,Parallel,128M x 16,2Gbit,Volatile,-40°C ~ 95°C (TC),,,SDRAM - DDR3L,1.283V ~ 1.45V,15ns
IS43TR16128D-125KBL,"ISSI, Integrated Silicon Solution Inc",IC DRAM 2GBIT PARALLEL 96TWBGA,memory,738,10.28,96-TFBGA,Surface Mount,Active,https://www.issi.com/WW/pdf/43-46TR16128D-82560DL.pdf,https://www.digikey.com/en/products/detail/issi-integrated-silicon-solution-inc/IS43TR16128D-125KBL/10257640,20 ns,800 MHz,Not Verified,,DRAM,Parallel,128M x 16,2Gbit,Volatile,0°C ~ 95°C (TC),,,SDRAM - DDR3,1.425V ~ 1.575V,15ns
IS43TR16128D-125KBLI,"ISSI, Integrated Silicon Solution Inc",IC DRAM 2GBIT PARALLEL 96TWBGA,memory,554,11.26,96-TFBGA,Surface Mount,Active,https://www.issi.com/WW/pdf/43-46TR16128D-82560DL.pdf,https://www.digikey.com/en/products/detail/issi-integrated-silicon-solution-inc/IS43TR16128D-125KBLI/10257641,20 ns,800 MHz,Not Verified,,DRAM,Parallel,128M x 16,2Gbit,Volatile,-40°C ~ 95°C (TC),,,SDRAM - DDR3,1.425V ~ 1.575V,15ns
IS43TR16640C-125JBLI,"ISSI, Integrated Silicon Solution Inc",IC DRAM 1GBIT PARALLEL 96TWBGA,memory,355,7.31,96-TFBGA,Surface Mount,Active,https://www.issi.com/WW/pdf/43-46TR16640C-81280CL.pdf,https://www.digikey.com/en/products/detail/issi-integrated-silicon-solution-inc/IS43TR16640C-125JBLI/11568747,20 ns,800 MHz,Not Verified,,DRAM,Parallel,64M x 16,1Gbit,Volatile,-40°C ~ 95°C (TC),,,SDRAM - DDR3,1.425V ~ 1.575V,15ns
IS43TR16640CL-107MBLI,"ISSI, Integrated Silicon Solution Inc",IC DRAM 1GBIT PARALLEL 96TWBGA,memory,118,7.31,96-TFBGA,Surface Mount,Active,https://www.issi.com/WW/pdf/43-46TR16640C-81280CL.pdf,https://www.digikey.com/en/products/detail/issi-integrated-silicon-solution-inc/IS43TR16640CL-107MBLI/11568710,20 ns,933 MHz,Not Verified,,DRAM,Parallel,64M x 16,1Gbit,Volatile,-40°C ~ 95°C (TC),,,SDRAM - DDR3L,1.283V ~ 1.45V,15ns
IS43TR16640CL-125JBL,"ISSI, Integrated Silicon Solution Inc",IC DRAM 1GBIT PARALLEL 96TWBGA,memory,875,6.68,96-TFBGA,Surface Mount,Active,https://www.issi.com/WW/pdf/43-46TR16640C-81280CL.pdf,https://www.digikey.com/en/products/detail/issi-integrated-silicon-solution-inc/IS43TR16640CL-125JBL/11568745,20 ns,800 MHz,Not Verified,,DRAM,Parallel,64M x 16,1Gbit,Volatile,0°C ~ 85°C (TC),,,SDRAM - DDR3L,1.283V ~ 1.45V,15ns
IS43TR16640ED-125KBLI-TR,"ISSI, Integrated Silicon Solution Inc",IC DRAM 1GBIT PARALLEL 96TWBGA,memory,470,13.64,96-TFBGA,Surface Mount,Active,https://www.issi.com/WW/pdf/43-46TR16640ED-81280ED.pdf,https://www.digikey.com/en/products/detail/issi-integrated-silicon-solution-inc/IS43TR16640ED-125KBLI-TR/17839185,20 ns,800 MHz,Not Verified,,DRAM,Parallel,64M x 16,1Gbit,Volatile,-40°C ~ 95°C (TC),,,SDRAM - DDR3,1.425V ~ 1.575V,15ns
IS43TR85120B-125KBLI,"ISSI, Integrated Silicon Solution Inc",IC DRAM 4GBIT PAR 78TWBGA,memory,242,16.57,78-TFBGA,Surface Mount,Active,https://www.issi.com/WW/pdf/43-46TR16256B-85120BL.pdf,https://www.digikey.com/en/products/detail/issi-integrated-silicon-solution-inc/IS43TR85120B-125KBLI/17875359,20 ns,800 MHz,,,DRAM,Parallel,512M x 8,4Gbit,Volatile,-40°C ~ 95°C (TC),,,SDRAM - DDR3,1.425V ~ 1.575V,15ns
IS43TR85120BL-125KBLI,"ISSI, Integrated Silicon Solution Inc",IC DRAM 4GBIT PARALLEL 78TWBGA,memory,507,19.54,78-TFBGA,Surface Mount,Active,https://www.issi.com/WW/pdf/43-46TR16256B-85120BL.pdf,https://www.digikey.com/en/products/detail/issi-integrated-silicon-solution-inc/IS43TR85120BL-125KBLI/12362502,20 ns,800 MHz,Not Verified,,DRAM,Parallel,512M x 8,4Gbit,Volatile,-40°C ~ 95°C (TC),,,SDRAM - DDR3L,1.283V ~ 1.45V,15ns
IS66WVH64M8DBLL-166B1LI,"ISSI, Integrated Silicon Solution Inc","512MB, HYPERRAM, 64MBX8, 3.0V, 1",memory,187,13.86,24-TBGA,Surface Mount,Active,https://www.issi.com/WW/pdf/66-67WVH64M8DALL-BLL.pdf,https://www.digikey.com/en/products/detail/issi-integrated-silicon-solution-inc/IS66WVH64M8DBLL-166B1LI/24617503,36 ns,166 MHz,,,PSRAM,HyperBus,64M x 8,512Mbit,Volatile,-40°C ~ 85°C (TA),,,PSRAM (Pseudo SRAM),2.7V ~ 3.6V,36ns
IS66WVH8M8FBLL-166B1LI,"ISSI, Integrated Silicon Solution Inc","64MB, HYPERRAM, 8MBX8, 3.0V, 166",memory,470,5.28,24-TBGA,Surface Mount,Active,https://www.issi.com/WW/pdf/66-67WVH8M8FALL-BLL.pdf,https://www.digikey.com/en/products/detail/issi-integrated-silicon-solution-inc/IS66WVH8M8FBLL-166B1LI/24617445,36 ns,166 MHz,,,PSRAM,HyperBus,8M x 8,64Mbit,Volatile,-40°C ~ 80°C (TA),,,PSRAM (Pseudo SRAM),2.7V ~ 3.6V,36ns
IS66WVR4M8BLL-104NLI,"ISSI, Integrated Silicon Solution Inc","32MB, SERIALRAM, CONTINUOUS OPER",memory,261,4.93,"8-SOIC (0.154"", 3.90mm Width)",Surface Mount,Active,https://www.issi.com/WW/pdf/66-67WVR4M8ALL-BLL.pdf,https://www.digikey.com/en/products/detail/issi-integrated-silicon-solution-inc/IS66WVR4M8BLL-104NLI/24617531,7 ns,104 MHz,,,PSRAM,SPI - Quad I/O,4M x 8,32Mbit,Volatile,-40°C ~ 80°C (TA),,,PSRAM (Pseudo SRAM),2.7V ~ 3.6V,
IS66WVR8M8FALL-104NLI,"ISSI, Integrated Silicon Solution Inc","64MB, SERIALRAM, CONTINUOUS OPER",memory,292,5.72,"8-SOIC (0.154"", 3.90mm Width)",Surface Mount,Active,https://www.issi.com/WW/pdf/66-67WVR8M8FALL-BLL.pdf,https://www.digikey.com/en/products/detail/issi-integrated-silicon-solution-inc/IS66WVR8M8FALL-104NLI/24617412,7 ns,104 MHz,,,PSRAM,SPI - Quad I/O,8M x 8,64Mbit,Volatile,-40°C ~ 80°C (TA),,,PSRAM (Pseudo SRAM),1.65V ~ 1.95V,
IS66WVR8M8FBLL-104NLI,"ISSI, Integrated Silicon Solution Inc","64MB, SERIALRAM, CONTINUOUS OPER",memory,219,5.15,"8-SOIC (0.154"", 3.90mm Width)",Surface Mount,Active,https://www.issi.com/WW/pdf/66-67WVR8M8FALL-BLL.pdf,https://www.digikey.com/en/products/detail/issi-integrated-silicon-solution-inc/IS66WVR8M8FBLL-104NLI/24617490,7 ns,104 MHz,,,PSRAM,SPI - Quad I/O,8M x 8,64Mbit,Volatile,-40°C ~ 80°C (TA),,,PSRAM (Pseudo SRAM),2.7V ~ 3.6V,
LE25U40CMC-AH,onsemi,IC FLASH 4MBIT SPI 40MHZ 8SOPJ,memory,13539,1.24,"8-SOIC (0.154"", 3.90mm Width)",Surface Mount,Active,https://www.onsemi.com/pdf/datasheet/le25u40cmc-d.pdf,https://www.digikey.com/en/products/detail/onsemi/LE25U40CMC-AH/3536362,,40 MHz,Not Verified,,FLASH,SPI,512K x 8,4Mbit,Non-Volatile,-40°C ~ 85°C (TA),,,FLASH,2.3V ~ 3.6V,5ms
M25PE10-VMN6P,"Alliance Memory, Inc.",IC FLASH 1MBIT SPI 75MHZ 8SO,memory,5358,1.91,"8-SOIC (0.154"", 3.90mm Width)",Surface Mount,Active,,https://www.digikey.com/en/products/detail/alliance-memory-inc/M25PE10-VMN6P/16591211,6 ns,75 MHz,Not Verified,,FLASH,SPI,128K x 8,1Mbit,Non-Volatile,-40°C ~ 85°C (TA),,,FLASH - NOR,2.7V ~ 3.6V,3ms
M29F160FT55N3E2,"Alliance Memory, Inc.",IC FLASH 16MBIT PARALLEL 48TSOP,memory,1567,6.07,"48-TFSOP (0.724"", 18.40mm Width)",Surface Mount,Active,https://www.digikey.com//mm.digikey.com/Volume0/opasdata/d220001/medias/docus/8588/M29F160FT55N3E2.pdf,https://www.digikey.com/en/products/detail/alliance-memory-inc/M29F160FT55N3E2/12180104,55 ns,,Not Verified,Automotive,FLASH,Parallel,"2M x 8, 1M x 16",16Mbit,Non-Volatile,-40°C ~ 125°C (TA),AEC-Q100,,FLASH - NOR,4.5V ~ 5.5V,55ns
M29F400FB55N3F2,"Alliance Memory, Inc.",IC FLASH 4MBIT PARALLEL 48TSOP,memory,6688,7.04,"48-TFSOP (0.724"", 18.40mm Width)",Surface Mount,Active,https://www.digikey.com//mm.digikey.com/Volume0/opasdata/d220001/medias/docus/2931/Micron-Alliance_Legacy%20Fab-13%20NOR%20%282020-07-01%29.pdf,https://www.digikey.com/en/products/detail/alliance-memory-inc/M29F400FB55N3F2/12180103,55 ns,,Not Verified,Automotive,FLASH,Parallel,"512K x 8, 256K x 16",4Mbit,Non-Volatile,-40°C ~ 125°C (TA),AEC-Q100,,FLASH - NOR,4.5V ~ 5.5V,55ns
M29F400FT5AN6E2,"Alliance Memory, Inc.",IC FLASH 4MBIT PARALLEL 48TSOP,memory,526,5.67,"48-TFSOP (0.724"", 18.40mm Width)",Surface Mount,Active,https://www.digikey.com//mm.digikey.com/Volume0/opasdata/d220001/medias/docus/2931/Micron-Alliance_Legacy%20Fab-13%20NOR%20%282020-07-01%29.pdf,https://www.digikey.com/en/products/detail/alliance-memory-inc/M29F400FT5AN6E2/12180101,55 ns,,Verified,Automotive,FLASH,Parallel,"512K x 8, 256K x 16",4Mbit,Non-Volatile,-40°C ~ 85°C (TA),AEC-Q100,,FLASH - NOR,4.5V ~ 5.5V,55ns
M29F800FB5AN6E2,"Alliance Memory, Inc.",IC FLASH 8MBIT PARALLEL 48TSOP I,memory,2197,5.67,"48-TFSOP (0.724"", 18.40mm Width)",Surface Mount,Active,https://www.digikey.com//mm.digikey.com/Volume0/opasdata/d220001/medias/docus/2931/Micron-Alliance_Legacy%20Fab-13%20NOR%20%282020-07-01%29.pdf,https://www.digikey.com/en/products/detail/alliance-memory-inc/M29F800FB5AN6E2/12180106,55 ns,,Not Verified,Automotive,FLASH,Parallel,"1M x 8, 512K x 16",8Mbit,Non-Volatile,-40°C ~ 85°C (TA),AEC-Q100,,FLASH - NOR,4.5V ~ 5.5V,55ns
M29F800FT55N3E2,"Alliance Memory, Inc.",IC FLASH 8MBIT PARALLEL 48TSOP,memory,563,5.9,"48-TFSOP (0.724"", 18.40mm Width)",Surface Mount,Active,https://www.digikey.com//mm.digikey.com/Volume0/opasdata/d220001/medias/docus/2931/Micron-Alliance_Legacy%20Fab-13%20NOR%20%282020-07-01%29.pdf,https://www.digikey.com/en/products/detail/alliance-memory-inc/M29F800FT55N3E2/12180107,55 ns,,Not Verified,Automotive,FLASH,Parallel,"1M x 8, 512K x 16",8Mbit,Non-Volatile,-40°C ~ 125°C (TA),AEC-Q100,,FLASH - NOR,4.5V ~ 5.5V,55ns
M95P16-EXMNT/E,STMicroelectronics,ULTRA LOW-POWER 16 MBIT SERIAL S,memory,2248,1.31,"8-SOIC (0.154"", 3.90mm Width)",Surface Mount,Active,https://www.st.com/resource/en/datasheet/m95p16-i.pdf,https://www.digikey.com/en/products/detail/stmicroelectronics/M95P16-EXMNT-E/25853858,10 ns,80 MHz,,,EEPROM,SPI - Quad I/O,2M x 8,16Mbit,Non-Volatile,-40°C ~ 105°C (TA),,,EEPROM,1.6V ~ 3.6V,1.5ms
MB85RS1MTPNF-G-AMERE2,RAMXEED,MB85RS1MTPNF-G-AMERE2,memory,2055,10.75,"8-SOIC (0.154"", 3.90mm Width)",Surface Mount,Active,https://www.digikey.com//mm.digikey.com/Volume0/opasdata/d220001/medias/docus/7704/MB85RS1MT-Datasheet.pdf,https://www.digikey.com/en/products/detail/ramxeed/MB85RS1MTPNF-G-AMERE2/26863900,9 ns,40 MHz,,,FRAM,SPI,128K x 8,1Mbit,Non-Volatile,-40°C ~ 85°C (TA),,,FRAM (Ferroelectric RAM),1.8V ~ 3.6V,
MB85RS256BPNF-G-AMERE2,RAMXEED,MB85RS256BPNF-G-AMERE2,memory,1523,6.02,"8-SOIC (0.154"", 3.90mm Width)",Surface Mount,Active,https://www.fujitsu.com/us/Images/MB85RS256B-DS501-00021-2v0-E.pdf,https://www.digikey.com/en/products/detail/ramxeed/MB85RS256BPNF-G-AMERE2/26863891,13 ns,33 MHz,,,FRAM,SPI,32K x 8,256Kbit,Non-Volatile,-40°C ~ 85°C (TA),,,FRAM (Ferroelectric RAM),2.7V ~ 3.6V,
MR0A08BCYS35,Everspin Technologies Inc.,IC RAM 1MBIT PARALLEL 44TSOP2,memory,1116,24.09,"44-TSOP (0.400"", 10.16mm Width)",Surface Mount,Active,,https://www.digikey.com/en/products/detail/everspin-technologies-inc/MR0A08BCYS35/1930952,35 ns,,Not Verified,,RAM,Parallel,128K x 8,1Mbit,Non-Volatile,-40°C ~ 85°C (TA),,,MRAM (Magnetoresistive RAM),3V ~ 3.6V,35ns
MR0A16ACMA35,Everspin Technologies Inc.,IC RAM 1MBIT PARALLEL 48FBGA,memory,921,20.57,48-LFBGA,Surface Mount,Active,,https://www.digikey.com/en/products/detail/everspin-technologies-inc/MR0A16ACMA35/2665195,35 ns,,Not Verified,,RAM,Parallel,64K x 16,1Mbit,Non-Volatile,-40°C ~ 85°C (TA),,,MRAM (Magnetoresistive RAM),3V ~ 3.6V,35ns
MR0A16AYS35,Everspin Technologies Inc.,IC RAM 1MBIT PARALLEL 44TSOP2,memory,925,19.57,"44-TSOP (0.400"", 10.16mm Width)",Surface Mount,Active,,https://www.digikey.com/en/products/detail/everspin-technologies-inc/MR0A16AYS35/1679277,35 ns,,Not Verified,,RAM,Parallel,64K x 16,1Mbit,Non-Volatile,0°C ~ 70°C (TA),,,MRAM (Magnetoresistive RAM),3V ~ 3.6V,35ns
MR20H40CDF,Everspin Technologies Inc.,IC RAM 4MBIT SPI 50MHZ 8DFN,memory,5423,30.12,8-VDFN Exposed Pad,Surface Mount,Active,,https://www.digikey.com/en/products/detail/everspin-technologies-inc/MR20H40CDF/4047456,,50 MHz,Not Verified,,RAM,SPI,512K x 8,4Mbit,Non-Volatile,-40°C ~ 85°C (TA),,,MRAM (Magnetoresistive RAM),3V ~ 3.6V,
MR256A08BCYS35,Everspin Technologies Inc.,IC RAM 256KBIT PARALLEL 44TSOP2,memory,270,12.4,"44-TSOP (0.400"", 10.16mm Width)",Surface Mount,Active,,https://www.digikey.com/en/products/detail/everspin-technologies-inc/MR256A08BCYS35/2665199,35 ns,,Not Verified,,RAM,Parallel,32K x 8,256Kbit,Non-Volatile,-40°C ~ 85°C (TA),,,MRAM (Magnetoresistive RAM),3V ~ 3.6V,35ns
MR25H10CDC,Everspin Technologies Inc.,IC RAM 1MBIT SPI 40MHZ 8DFN,memory,1823,12.02,8-VDFN Exposed Pad,Surface Mount,Not For New Designs,,https://www.digikey.com/en/products/detail/everspin-technologies-inc/MR25H10CDC/2504972,,40 MHz,Not Verified,,RAM,SPI,128K x 8,1Mbit,Non-Volatile,-40°C ~ 85°C (TA),,,MRAM (Magnetoresistive RAM),2.7V ~ 3.6V,
MR25H10CDF,Everspin Technologies Inc.,IC RAM 1MBIT SPI 40MHZ 8DFN,memory,11746,11.8,8-VDFN Exposed Pad,Surface Mount,Active,,https://www.digikey.com/en/products/detail/everspin-technologies-inc/MR25H10CDF/3471116,,40 MHz,Not Verified,,RAM,SPI,128K x 8,1Mbit,Non-Volatile,-40°C ~ 85°C (TA),,,MRAM (Magnetoresistive RAM),2.7V ~ 3.6V,
MR25H10CDFR,Everspin Technologies Inc.,IC RAM 1MBIT SPI 40MHZ 8DFN,memory,4510,12.26,8-VDFN Exposed Pad,Surface Mount,Active,,https://www.digikey.com/en/products/detail/everspin-technologies-inc/MR25H10CDFR/4021243,,40 MHz,Not Verified,,RAM,SPI,128K x 8,1Mbit,Non-Volatile,-40°C ~ 85°C (TA),,,MRAM (Magnetoresistive RAM),2.7V ~ 3.6V,
MR25H10MDC,Everspin Technologies Inc.,IC RAM 1MBIT SPI 40MHZ 8DFN,memory,932,18.15,8-TDFN Exposed Pad,Surface Mount,Not For New Designs,,https://www.digikey.com/en/products/detail/everspin-technologies-inc/MR25H10MDC/4021224,,40 MHz,Not Verified,Automotive,RAM,SPI,128K x 8,1Mbit,Non-Volatile,-40°C ~ 125°C (TA),AEC-Q100,,MRAM (Magnetoresistive RAM),2.7V ~ 3.6V,
MR25H10MDF,Everspin Technologies Inc.,IC RAM 1MBIT SPI 40MHZ 8DFN,memory,5983,17.69,8-VDFN Exposed Pad,Surface Mount,Active,,https://www.digikey.com/en/products/detail/everspin-technologies-inc/MR25H10MDF/4047457,,40 MHz,Not Verified,Automotive,RAM,SPI,128K x 8,1Mbit,Non-Volatile,-40°C ~ 125°C (TA),AEC-Q100,,MRAM (Magnetoresistive RAM),2.7V ~ 3.6V,
MR25H128ACDF,Everspin Technologies Inc.,IC RAM 128KBIT SPI 40MHZ 8DFN,memory,1177,5.79,8-VDFN Exposed Pad,Surface Mount,Active,,https://www.digikey.com/en/products/detail/everspin-technologies-inc/MR25H128ACDF/13157963,,40 MHz,Not Verified,Automotive,RAM,SPI,16K x 8,128Kbit,Non-Volatile,-40°C ~ 85°C (TA),AEC-Q100,,MRAM (Magnetoresistive RAM),2.7V ~ 3.6V,
MR25H256ACDF,Everspin Technologies Inc.,IC RAM 256KBIT SPI 40MHZ 8DFN,memory,3145,6.72,8-VDFN Exposed Pad,Surface Mount,Active,,https://www.digikey.com/en/products/detail/everspin-technologies-inc/MR25H256ACDF/8286370,,40 MHz,Not Verified,,RAM,SPI,32K x 8,256Kbit,Non-Volatile,-40°C ~ 85°C (TA),,,MRAM (Magnetoresistive RAM),2.7V ~ 3.6V,
MR25H256ACDFR,Everspin Technologies Inc.,IC RAM 256KBIT SPI 40MHZ 8DFN,memory,13093,7.04,8-VDFN Exposed Pad,Surface Mount,Active,https://www.everspin.com/getdatasheet/MR25H256,https://www.digikey.com/en/products/detail/everspin-technologies-inc/MR25H256ACDFR/16546863,9 ns,40 MHz,Not Verified,,RAM,SPI,32K x 8,256Kbit,Non-Volatile,-40°C ~ 85°C (TA),,,MRAM (Magnetoresistive RAM),2.7V ~ 3.6V,
MR25H256AMDF,Everspin Technologies Inc.,IC RAM 256KBIT SPI 40MHZ 8DFN,memory,4415,16.9,8-VDFN Exposed Pad,Surface Mount,Active,,https://www.digikey.com/en/products/detail/everspin-technologies-inc/MR25H256AMDF/8286371,,40 MHz,Not Verified,Automotive,RAM,SPI,32K x 8,256Kbit,Non-Volatile,-40°C ~ 125°C (TA),AEC-Q100,,MRAM (Magnetoresistive RAM),2.7V ~ 3.6V,
MR25H256CDC,Everspin Technologies Inc.,IC RAM 256KBIT SPI 40MHZ 8DFN,memory,4849,10.59,8-TDFN Exposed Pad,Surface Mount,Not For New Designs,,https://www.digikey.com/en/products/detail/everspin-technologies-inc/MR25H256CDC/2504973,,40 MHz,Not Verified,,RAM,SPI,32K x 8,256Kbit,Non-Volatile,-40°C ~ 85°C (TA),,,MRAM (Magnetoresistive RAM),2.7V ~ 3.6V,
MR25H40CDC,Everspin Technologies Inc.,IC RAM 4MBIT SPI 40MHZ 8DFN,memory,4232,27.62,8-VDFN Exposed Pad,Surface Mount,Not For New Designs,,https://www.digikey.com/en/products/detail/everspin-technologies-inc/MR25H40CDC/2783987,,40 MHz,Not Verified,,RAM,SPI,512K x 8,4Mbit,Non-Volatile,-40°C ~ 85°C (TA),,,MRAM (Magnetoresistive RAM),3V ~ 3.6V,
MR25H40CDF,Everspin Technologies Inc.,IC RAM 4MBIT SPI 40MHZ 8DFN,memory,910,25.34,8-VDFN Exposed Pad,Surface Mount,Active,,https://www.digikey.com/en/products/detail/everspin-technologies-inc/MR25H40CDF/3471117,,40 MHz,Not Verified,,RAM,SPI,512K x 8,4Mbit,Non-Volatile,-40°C ~ 85°C (TA),,,MRAM (Magnetoresistive RAM),3V ~ 3.6V,
MR25H40DF,Everspin Technologies Inc.,IC RAM 4MBIT SPI 40MHZ 8DFN,memory,478,19.59,8-VDFN Exposed Pad,Surface Mount,Active,,https://www.digikey.com/en/products/detail/everspin-technologies-inc/MR25H40DF/13157950,,40 MHz,Not Verified,Automotive,RAM,SPI,512K x 8,4Mbit,Non-Volatile,0°C ~ 70°C (TA),AEC-Q100,,MRAM (Magnetoresistive RAM),3V ~ 3.6V,
MR2A16ACYS35,Everspin Technologies Inc.,IC RAM 4MBIT PARALLEL 44TSOP2,memory,1469,38.25,"44-TSOP (0.400"", 10.16mm Width)",Surface Mount,Active,,https://www.digikey.com/en/products/detail/everspin-technologies-inc/MR2A16ACYS35/1791637,35 ns,,Not Verified,,RAM,Parallel,256K x 16,4Mbit,Non-Volatile,-40°C ~ 85°C (TA),,,MRAM (Magnetoresistive RAM),3V ~ 3.6V,35ns
MR2A16AVMA35,Everspin Technologies Inc.,IC RAM 4MBIT PARALLEL 48FBGA,memory,1033,44.41,48-LFBGA,Surface Mount,Active,,https://www.digikey.com/en/products/detail/everspin-technologies-inc/MR2A16AVMA35/2665196,35 ns,,Not Verified,,RAM,Parallel,256K x 16,4Mbit,Non-Volatile,-40°C ~ 105°C (TA),,,MRAM (Magnetoresistive RAM),3V ~ 3.6V,35ns
MR2A16AVYS35,Everspin Technologies Inc.,IC RAM 4MBIT PARALLEL 44TSOP2,memory,1197,44.92,"44-TSOP (0.400"", 10.16mm Width)",Surface Mount,Active,,https://www.digikey.com/en/products/detail/everspin-technologies-inc/MR2A16AVYS35/1679278,35 ns,,Not Verified,,RAM,Parallel,256K x 16,4Mbit,Non-Volatile,-40°C ~ 105°C (TA),,,MRAM (Magnetoresistive RAM),3V ~ 3.6V,35ns
MR4A08BCYS35,Everspin Technologies Inc.,IC RAM 16MBIT PARALLEL 44TSOP2,memory,352,63.93,"44-TSOP (0.400"", 10.16mm Width)",Surface Mount,Active,,https://www.digikey.com/en/products/detail/everspin-technologies-inc/MR4A08BCYS35/4021232,35 ns,,Not Verified,,RAM,Parallel,2M x 8,16Mbit,Non-Volatile,-40°C ~ 85°C (TA),,,MRAM (Magnetoresistive RAM),3V ~ 3.6V,35ns
MR4A16BCMA35,Everspin Technologies Inc.,IC RAM 16MBIT PARALLEL 48FBGA,memory,2244,66.88,48-LFBGA,Surface Mount,Active,,https://www.digikey.com/en/products/detail/everspin-technologies-inc/MR4A16BCMA35/2504975,35 ns,,Not Verified,,RAM,Parallel,1M x 16,16Mbit,Non-Volatile,-40°C ~ 85°C (TA),,,MRAM (Magnetoresistive RAM),3V ~ 3.6V,35ns
MR4A16BCYS35,Everspin Technologies Inc.,IC RAM 16MBIT PARALLEL 54TSOP2,memory,1625,56.56,"54-TSOP (0.400"", 10.16mm Width)",Surface Mount,Active,,https://www.digikey.com/en/products/detail/everspin-technologies-inc/MR4A16BCYS35/2504974,35 ns,,Not Verified,,RAM,Parallel,1M x 16,16Mbit,Non-Volatile,-40°C ~ 85°C (TA),,,MRAM (Magnetoresistive RAM),3V ~ 3.6V,35ns
MR5A16ACMA35,Everspin Technologies Inc.,IC RAM 32MBIT PARALLEL 48FBGA,memory,727,96.24,48-LFBGA,Surface Mount,Active,,https://www.digikey.com/en/products/detail/everspin-technologies-inc/MR5A16ACMA35/13157943,35 ns,,Not Verified,Automotive,RAM,Parallel,2M x 16,32Mbit,Non-Volatile,-40°C ~ 85°C (TA),AEC-Q100,,MRAM (Magnetoresistive RAM),3V ~ 3.6V,35ns
MR5A16AUMA45,Everspin Technologies Inc.,IC RAM 32MBIT PARALLEL 48FBGA,memory,156,130.76,48-LFBGA,Surface Mount,Active,,https://www.digikey.com/en/products/detail/everspin-technologies-inc/MR5A16AUMA45/13157947,45 ns,,Not Verified,Automotive,RAM,Parallel,2M x 16,32Mbit,Non-Volatile,-40°C ~ 125°C (TA),AEC-Q100,,MRAM (Magnetoresistive RAM),3V ~ 3.6V,45ns
MT40A1G16TD-062E:F,"Alliance Memory, Inc.",MT40A1G16TD-062E:F,memory,975,284.88,96-TFBGA,Surface Mount,Active,https://www.alliancememory.com/wp-content/uploads/MT40A1G16TD-062EF_MT40A2G8AG-062EF_Datasheet.pdf,https://www.digikey.com/en/products/detail/alliance-memory-inc/MT40A1G16TD-062E-F/26256364,19 ns,1.6 GHz,,,DRAM,POD,1G x 16,16Gbit,Volatile,0°C ~ 95°C (TC),,,SDRAM - DDR4,1.14V ~ 1.26V,15ns
MT40A512M16TD-062E:R TR,"Alliance Memory, Inc.",DDR4,memory,1003,113.14,96-TFBGA,Surface Mount,Active,https://www.alliancememory.com/wp-content/uploads/DDR4_Flyer_updated.pdf,https://www.digikey.com/en/products/detail/alliance-memory-inc/MT40A512M16TD-062E-R-TR/26256163,,1.6 GHz,,,DRAM,,512M x 16,8Gbit,Volatile,0°C ~ 95°C,,,SDRAM - DDR4,,
MX25L1006EMI-10G,Macronix,IC FLASH 1MBIT SPI 104MHZ 8SOP,memory,4427,1.09,"8-SOIC (0.154"", 3.90mm Width)",Surface Mount,Not For New Designs,"https://www.macronix.com/Lists/Datasheet/Attachments/8623/MX25L1006E,%203V,%201Mb,%20v1.4.pdf",https://www.digikey.com/en/products/detail/macronix/MX25L1006EMI-10G/2744794,,104 MHz,Verified,,FLASH,SPI,128K x 8,1Mbit,Non-Volatile,-40°C ~ 85°C (TA),,MX25xxx05/06/08,FLASH - NOR,2.7V ~ 3.6V,"50µs, 3ms"
MX25L12833FM2R-10G,Macronix,IC FLASH 128MBIT SPI/QUAD 8SOP A,memory,1765,4.19,"8-SOIC (0.209"", 5.30mm Width)",Surface Mount,Active,"https://www.macronix.com/Lists/Datasheet/Attachments/8934/MX25L12833F,%203V,%20128Mb,%20v1.0.pdf",https://www.digikey.com/en/products/detail/macronix/MX25L12833FM2R-10G/22596990,,104 MHz,,,FLASH,"SPI - Quad I/O, QPI","32M x 4, 64M x 2, 128M x 1",128Mbit,Non-Volatile,-40°C ~ 105°C (TA),,MXSMIO™,FLASH - NOR (SLC),2.7V ~ 3.6V,
MX25L12833FZ2I-10G,Macronix,IC FLASH 128MBIT SPI/QUAD 8WSON,memory,5484,4.08,8-WDFN Exposed Pad,Surface Mount,Active,"https://www.macronix.com/Lists/Datasheet/Attachments/8934/MX25L12833F,%203V,%20128Mb,%20v1.0.pdf",https://www.digikey.com/en/products/detail/macronix/MX25L12833FZ2I-10G/9808864,,133 MHz,Verified,,FLASH,"SPI - Quad I/O, QPI",16M x 8,128Mbit,Non-Volatile,-40°C ~ 85°C (TA),,MXSMIO™,FLASH - NOR,2.7V ~ 3.6V,"40µs, 1.2ms"
MX25L12833FZNI-10G,Macronix,IC FLASH 128MBIT SPI/QUAD 8WSON,memory,4129,4.08,8-WDFN Exposed Pad,Surface Mount,Active,"https://www.macronix.com/Lists/Datasheet/Attachments/8934/MX25L12833F,%203V,%20128Mb,%20v1.0.pdf",https://www.digikey.com/en/products/detail/macronix/MX25L12833FZNI-10G/9808865,,133 MHz,Not Verified,,FLASH,"SPI - Quad I/O, QPI",16M x 8,128Mbit,Non-Volatile,-40°C ~ 85°C (TA),,MXSMIO™,FLASH - NOR,2.7V ~ 3.6V,"40µs, 1.2ms"
MX25L12835FMI-10G,Macronix,IC FLASH 128MBIT SPI 16SOP,memory,8709,5.2,"16-SOIC (0.295"", 7.50mm Width)",Surface Mount,Not For New Designs,"https://www.macronix.com/Lists/Datasheet/Attachments/9173/MX25L12835F,%203V,%20128Mb,%20v1.7.pdf",https://www.digikey.com/en/products/detail/macronix/MX25L12835FMI-10G/4211592,,104 MHz,Verified,,FLASH,SPI,16M x 8,128Mbit,Non-Volatile,-40°C ~ 85°C (TA),,MX25xxx35/36 - MXSMIO™,FLASH - NOR,2.7V ~ 3.6V,"30µs, 1.5ms"
MX25L12835FZ2I-10G,Macronix,IC FLASH 128MBIT SPI 8WSON,memory,18177,5.59,8-WDFN Exposed Pad,Surface Mount,Not For New Designs,"https://www.macronix.com/Lists/Datasheet/Attachments/9173/MX25L12835F,%203V,%20128Mb,%20v1.7.pdf",https://www.digikey.com/en/products/detail/macronix/MX25L12835FZ2I-10G/4211537,,104 MHz,Not Verified,,FLASH,SPI,16M x 8,128Mbit,Non-Volatile,-40°C ~ 85°C (TA),,MX25xxx35/36 - MXSMIO™,FLASH - NOR,2.7V ~ 3.6V,"30µs, 1.5ms"
MX25L12835FZNI-10G,Macronix,IC FLASH 128MBIT SPI 8WSON,memory,5966,5.59,8-WDFN Exposed Pad,Surface Mount,Not For New Designs,"https://www.macronix.com/Lists/Datasheet/Attachments/9173/MX25L12835F,%203V,%20128Mb,%20v1.7.pdf",https://www.digikey.com/en/products/detail/macronix/MX25L12835FZNI-10G/4211593,,104 MHz,Not Verified,,FLASH,SPI,16M x 8,128Mbit,Non-Volatile,-40°C ~ 85°C (TA),,MX25xxx35/36 - MXSMIO™,FLASH - NOR,2.7V ~ 3.6V,"30µs, 1.5ms"
MX25L12845EMI-10G,Macronix,IC FLASH 128MBIT SPI 16SOP,memory,1467,9.88,"16-SOIC (0.295"", 7.50mm Width)",Surface Mount,Not For New Designs,https://www.macronix.com/en-us/products/NOR-Flash/Serial-NOR-Flash/Documents/The_MXSMIO_Implement_Brochure.pdf,https://www.digikey.com/en/products/detail/macronix/MX25L12845EMI-10G/2744776,,104 MHz,Not Verified,,FLASH,SPI,16M x 8,128Mbit,Non-Volatile,-40°C ~ 85°C (TA),,MX25xxx45 - MXSMIO™,FLASH - NOR,2.7V ~ 3.6V,"300µs, 5ms"
MX25L12845GM2I-08G,Macronix,IC FLASH 128MBIT SPI 120MHZ 8SOP,memory,1690,4.76,"8-SOIC (0.209"", 5.30mm Width)",Surface Mount,Active,"https://www.macronix.com/Lists/Datasheet/Attachments/8740/MX25L12845G,%203V,%20128Mb,%20v1.8.pdf",https://www.digikey.com/en/products/detail/macronix/MX25L12845GM2I-08G/7914949,,120 MHz,Verified,,FLASH,SPI,16M x 8,128Mbit,Non-Volatile,-40°C ~ 85°C (TA),,MX25xxx45 - MXSMIO™,FLASH - NOR,2.7V ~ 3.6V,"30µs, 750µs"
MX25L12845GZNI-08G,Macronix,IC FLASH 128MBIT SPI 8WSON,memory,634,4.18,8-WDFN Exposed Pad,Surface Mount,Active,"https://www.macronix.com/Lists/Datasheet/Attachments/8740/MX25L12845G,%203V,%20128Mb,%20v1.8.pdf",https://www.digikey.com/en/products/detail/macronix/MX25L12845GZNI-08G/7914956,,120 MHz,Not Verified,,FLASH,SPI,16M x 8,128Mbit,Non-Volatile,-40°C ~ 85°C (TA),,MX25xxx45 - MXSMIO™,FLASH - NOR,2.7V ~ 3.6V,"30µs, 750µs"
MX25L12872FM2I-10G,Macronix,IC FLASH 128MBIT SPI/QUAD 8SOP,memory,7416,5.19,"8-SOIC (0.209"", 5.30mm Width)",Surface Mount,Active,https://www.digikey.com//mm.digikey.com/Volume0/opasdata/d220001/medias/docus/6165/MX25L12872F3V128Mbv11.pdf,https://www.digikey.com/en/products/detail/macronix/MX25L12872FM2I-10G/10059507,,133 MHz,Not Verified,,FLASH,"SPI - Quad I/O, QPI",16M x 8,128Mbit,Non-Volatile,-40°C ~ 85°C (TA),,MXSMIO™,FLASH - NOR,2.7V ~ 3.6V,"40µs, 1.2ms"
MX25L1606EM1I-12G,Macronix,IC FLASH 16MBIT SPI 86MHZ 8SOP,memory,2531,1.32,"8-SOIC (0.154"", 3.90mm Width)",Surface Mount,Not For New Designs,https://docs.rs-online.com/d5f8/0900766b814ac6e6.pdf,https://www.digikey.com/en/products/detail/macronix/MX25L1606EM1I-12G/2744805,,86 MHz,Verified,,FLASH,SPI,2M x 8,16Mbit,Non-Volatile,-40°C ~ 85°C (TA),,MX25xxx05/06/08,FLASH - NOR,2.7V ~ 3.6V,"50µs, 3ms"
MX25L1606EM2I-12G,Macronix,IC FLASH 16MBIT SPI 86MHZ 8SOP,memory,46731,1.32,"8-SOIC (0.209"", 5.30mm Width)",Surface Mount,Not For New Designs,https://www.macronix.com/en-us/flash-memory-solutions/Documents/Macronix%20WLCSP%20Serial%20NOR%20Flash%20-%20Product%20Line%20Card.pdf,https://www.digikey.com/en/products/detail/macronix/MX25L1606EM2I-12G/2744818,,86 MHz,Verified,,FLASH,SPI,2M x 8,16Mbit,Non-Volatile,-40°C ~ 85°C (TA),,MX25xxx05/06/08,FLASH - NOR,2.7V ~ 3.6V,"50µs, 3ms"
MX25L1606EZNI-12G,Macronix,IC FLASH 16MBIT SPI 86MHZ 8WSON,memory,2768,1.77,8-WDFN Exposed Pad,Surface Mount,Not For New Designs,https://www.macronix.com/en-us/flash-memory-solutions/Documents/Macronix%20WLCSP%20Serial%20NOR%20Flash%20-%20Product%20Line%20Card.pdf,https://www.digikey.com/en/products/detail/macronix/MX25L1606EZNI-12G/2744758,,86 MHz,Not Verified,,FLASH,SPI,2M x 8,16Mbit,Non-Volatile,-40°C ~ 85°C (TA),,MX25xxx05/06/08,FLASH - NOR,2.7V ~ 3.6V,"50µs, 3ms"
MX25L2006EM1I-12G,Macronix,IC FLASH 2MBIT SPI 86MHZ 8SOP,memory,27044,0.84,"8-SOIC (0.154"", 3.90mm Width)",Surface Mount,Not For New Designs,https://www.digikey.com//mm.digikey.com/Volume0/opasdata/d220001/medias/docus/1022/MX25L2006E_Rev1.6.pdf,https://www.digikey.com/en/products/detail/macronix/MX25L2006EM1I-12G/2744795,,86 MHz,Verified,,FLASH,SPI,256K x 8,2Mbit,Non-Volatile,-40°C ~ 85°C (TA),,MX25xxx05/06/08,FLASH - NOR,2.7V ~ 3.6V,"50µs, 3ms"
MX25L2006EZUI-12G,Macronix,IC FLASH 2MBIT SPI 86MHZ 8USON,memory,17330,0.98,8-UFDFN Exposed Pad,Surface Mount,Not For New Designs,https://www.digikey.com//mm.digikey.com/Volume0/opasdata/d220001/medias/docus/1022/MX25L2006E_Rev1.6.pdf,https://www.digikey.com/en/products/detail/macronix/MX25L2006EZUI-12G/2744746,,86 MHz,Not Verified,,FLASH,SPI,256K x 8,2Mbit,Non-Volatile,-40°C ~ 85°C (TA),,MX25xxx05/06/08,FLASH - NOR,2.7V ~ 3.6V,"50µs, 3ms"
MX25L25635FMI-10G,Macronix,IC FLASH 256MBIT SPI 16SOP,memory,24144,11.55,"16-SOIC (0.295"", 7.50mm Width)",Surface Mount,Not For New Designs,https://www.digikey.com//mm.digikey.com/Volume0/opasdata/d220001/medias/docus/510/MX25L25635F.pdf,https://www.digikey.com/en/products/detail/macronix/MX25L25635FMI-10G/4211590,,133 MHz,Not Verified,,FLASH,SPI,32M x 8,256Mbit,Non-Volatile,-40°C ~ 85°C (TA),,MX25xxx35/36 - MXSMIO™,FLASH - NOR,2.7V ~ 3.6V,"30µs, 3ms"
MX25L25635FZ2I-10G,Macronix,IC FLASH 256MBIT SPI 8WSON,memory,5145,9.64,8-WDFN Exposed Pad,Surface Mount,Not For New Designs,https://www.digikey.com//mm.digikey.com/Volume0/opasdata/d220001/medias/docus/510/MX25L25635F.pdf,https://www.digikey.com/en/products/detail/macronix/MX25L25635FZ2I-10G/4211591,,104 MHz,Not Verified,,FLASH,SPI,32M x 8,256Mbit,Non-Volatile,-40°C ~ 85°C (TA),,MX25xxx35/36 - MXSMIO™,FLASH - NOR,2.7V ~ 3.6V,"30µs, 3ms"
MX25L25645GM2I-08G,Macronix,IC FLASH 256MBIT SPI 120MHZ 8SOP,memory,5867,6.29,"8-SOIC (0.209"", 5.30mm Width)",Surface Mount,Active,"https://www.mxic.com.tw/Lists/Datasheet/Attachments/8906/MX25L25645G,%203V,%20256Mb,%20v2.0.pdf",https://www.digikey.com/en/products/detail/macronix/MX25L25645GM2I-08G/7914972,,120 MHz,Verified,,FLASH,SPI,32M x 8,256Mbit,Non-Volatile,-40°C ~ 85°C (TA),,MXSMIO™,FLASH - NOR,2.7V ~ 3.6V,"30µs, 750µs"
MX25L25735FMI-10G,Macronix,IC FLASH 256MBIT SPI 16SOP,memory,1102,10.11,"16-SOIC (0.295"", 7.50mm Width)",Surface Mount,Not For New Designs,"https://www.macronix.com/Lists/Datasheet/Attachments/8609/MX25L25735F,%203V,%20256Mb,%20v1.2.pdf",https://www.digikey.com/en/products/detail/macronix/MX25L25735FMI-10G/4211594,,104 MHz,Not Verified,,FLASH,SPI,32M x 8,256Mbit,Non-Volatile,-40°C ~ 85°C (TA),,MX25xxx35/36 - MXSMIO™,FLASH - NOR,2.7V ~ 3.6V,"30µs, 1.5ms"
MX25L25735FZ2I-10G,Macronix,IC FLASH 256MBIT SPI 8WSON,memory,11526,12.05,8-WDFN Exposed Pad,Surface Mount,Not For New Designs,"https://www.macronix.com/Lists/Datasheet/Attachments/8609/MX25L25735F,%203V,%20256Mb,%20v1.2.pdf",https://www.digikey.com/en/products/detail/macronix/MX25L25735FZ2I-10G/4211595,,104 MHz,Not Verified,,FLASH,SPI,32M x 8,256Mbit,Non-Volatile,-40°C ~ 85°C (TA),,MX25xxx35/36 - MXSMIO™,FLASH - NOR,2.7V ~ 3.6V,"30µs, 1.5ms"
MX25L3206EM2I-12G,Macronix,IC FLASH 32MBIT SPI 86MHZ 8SOP,memory,41747,2.06,"8-SOIC (0.209"", 5.30mm Width)",Surface Mount,Not For New Designs,"https://www.macronix.com/Lists/Datasheet/Attachments/8616/MX25L3206E,%203V,%2032Mb,%20v1.5.pdf",https://www.digikey.com/en/products/detail/macronix/MX25L3206EM2I-12G/2744815,,86 MHz,Verified,,FLASH,SPI,4M x 8,32Mbit,Non-Volatile,-40°C ~ 85°C (TA),,MX25xxx05/06/08,FLASH - NOR,2.7V ~ 3.6V,"50µs, 3ms"
MX25L3206EMI-12G,Macronix,IC FLASH 32MBIT SPI 86MHZ 16SOP,memory,2724,2.23,"16-SOIC (0.295"", 7.50mm Width)",Surface Mount,Not For New Designs,"https://www.macronix.com/Lists/Datasheet/Attachments/8616/MX25L3206E,%203V,%2032Mb,%20v1.5.pdf",https://www.digikey.com/en/products/detail/macronix/MX25L3206EMI-12G/2744773,,86 MHz,Verified,,FLASH,SPI,4M x 8,32Mbit,Non-Volatile,-40°C ~ 85°C (TA),,MX25xxx05/06/08,FLASH - NOR,2.7V ~ 3.6V,"50µs, 3ms"
MX25L3206EZUI-12G,Macronix,IC FLASH 32MBIT SPI 86MHZ 8USON,memory,2295,2.08,8-WDFN Exposed Pad,Surface Mount,Not For New Designs,"https://www.macronix.com/Lists/Datasheet/Attachments/8616/MX25L3206E,%203V,%2032Mb,%20v1.5.pdf",https://www.digikey.com/en/products/detail/macronix/MX25L3206EZUI-12G/2744741,,86 MHz,Not Verified,,FLASH,SPI,4M x 8,32Mbit,Non-Volatile,-40°C ~ 85°C (TA),,MX25xxx05/06/08,FLASH - NOR,2.7V ~ 3.6V,"50µs, 3ms"
MX25L3233FM1I-08Q,Macronix,IC FLASH 32MBIT SPI/QUAD 8SOP,memory,33029,1.49,"8-SOIC (0.154"", 3.90mm Width)",Surface Mount,Active,"https://www.macronix.com/Lists/Datasheet/Attachments/8933/MX25L3233F,%203V,%2032Mb,%20v1.7.pdf",https://www.digikey.com/en/products/detail/macronix/MX25L3233FM1I-08Q/7796733,,133 MHz,Not Verified,,FLASH,SPI - Quad I/O,8M x 4,32Mbit,Non-Volatile,-40°C ~ 85°C (TA),,MXSMIO™,FLASH - NOR,2.65V ~ 3.6V,"50µs, 1.2ms"
MX25L3233FM2I-08G,Macronix,IC FLASH 32MBIT SPI/QUAD 8SOP,memory,18292,1.23,"8-SOIC (0.209"", 5.30mm Width)",Surface Mount,Active,"https://www.macronix.com/Lists/Datasheet/Attachments/8933/MX25L3233F,%203V,%2032Mb,%20v1.7.pdf",https://www.digikey.com/en/products/detail/macronix/MX25L3233FM2I-08G/7402341,,133 MHz,Verified,,FLASH,SPI - Quad I/O,8M x 4,32Mbit,Non-Volatile,-40°C ~ 85°C (TA),,MXSMIO™,FLASH - NOR,2.65V ~ 3.6V,"50µs, 1.2ms"
MX25L3233FM2I-08Q,Macronix,IC FLASH 32MBIT SPI/QUAD 8SOP,memory,44330,1.55,"8-SOIC (0.209"", 5.30mm Width)",Surface Mount,Not For New Designs,"https://www.macronix.com/Lists/Datasheet/Attachments/8933/MX25L3233F,%203V,%2032Mb,%20v1.7.pdf",https://www.digikey.com/en/products/detail/macronix/MX25L3233FM2I-08Q/7402342,,133 MHz,Verified,,FLASH,SPI - Quad I/O,8M x 4,32Mbit,Non-Volatile,-40°C ~ 85°C (TA),,MXSMIO™,FLASH - NOR,2.65V ~ 3.6V,"50µs, 1.2ms"
MX25L3233FZBI-08Q,Macronix,IC FLASH 32MBIT SPI/QUAD 8USON,memory,44947,1.2,8-UDFN Exposed Pad,Surface Mount,Active,"https://www.macronix.com/Lists/Datasheet/Attachments/8933/MX25L3233F,%203V,%2032Mb,%20v1.7.pdf",https://www.digikey.com/en/products/detail/macronix/MX25L3233FZBI-08Q/7796736,,133 MHz,Not Verified,,FLASH,SPI - Quad I/O,8M x 4,32Mbit,Non-Volatile,-40°C ~ 85°C (TA),,MXSMIO™,FLASH - NOR,2.65V ~ 3.6V,"50µs, 1.2ms"
MX25L3233FZCI-08Q,Macronix,IC FLASH 32MBIT SPI/QUAD 8XSON,memory,7778,1.35,8-XDFN Exposed Pad,Surface Mount,Active,"https://www.mxic.com.tw/Lists/Datasheet/Attachments/8933/MX25L3233F,%203V,%2032Mb,%20v1.7.pdf",https://www.digikey.com/en/products/detail/macronix/MX25L3233FZCI-08Q/18110036,6 ns,133 MHz,,,FLASH,SPI - Quad I/O,"8M x 4, 16M x 2, 32M x 1",32Mbit,Non-Volatile,-40°C ~ 85°C (TA),,MXSMIO™,FLASH - NOR (SLC),2.65V ~ 3.6V,"50µs, 1.2ms"
MX25L3233FZNI-08G,Macronix,IC FLASH 32MBIT SPI/QUAD 8WSON,memory,3848,1.34,8-WDFN Exposed Pad,Surface Mount,Active,"https://www.macronix.com/Lists/Datasheet/Attachments/8933/MX25L3233F,%203V,%2032Mb,%20v1.7.pdf",https://www.digikey.com/en/products/detail/macronix/MX25L3233FZNI-08G/7796737,,133 MHz,Not Verified,,FLASH,SPI - Quad I/O,8M x 4,32Mbit,Non-Volatile,-40°C ~ 85°C (TA),,MXSMIO™,FLASH - NOR,2.65V ~ 3.6V,"50µs, 1.2ms"
MX25L3233FZNI-08Q,Macronix,IC FLASH 32MBIT SPI/QUAD 8WSON,memory,4398,1.34,8-WDFN Exposed Pad,Surface Mount,Active,"https://www.macronix.com/Lists/Datasheet/Attachments/8933/MX25L3233F,%203V,%2032Mb,%20v1.7.pdf",https://www.digikey.com/en/products/detail/macronix/MX25L3233FZNI-08Q/7796738,,133 MHz,Not Verified,,FLASH,SPI - Quad I/O,8M x 4,32Mbit,Non-Volatile,-40°C ~ 85°C (TA),,MXSMIO™,FLASH - NOR,2.65V ~ 3.6V,"50µs, 1.2ms"
MX25L3273FM2I-08G,Macronix,IC FLASH 32MBIT SPI 8SOP,memory,2135,1.49,"8-SOIC (0.209"", 5.30mm Width)",Surface Mount,Active,"https://www.macronix.com/Lists/Datasheet/Attachments/8661/MX25L3273F,%203V,%2032Mb,%20v1.2.pdf",https://www.digikey.com/en/products/detail/macronix/MX25L3273FM2I-08G/18110130,6 ns,133 MHz,,,FLASH,SPI,"8M x 4, 16M x 2, 32M x 1",32Mbit,Non-Volatile,-40°C ~ 85°C (TA),,MXSMIO™,FLASH,2.65V ~ 3.6V,"50µs, 1.2ms"
MX25L4006EM1I-12G,Macronix,IC FLASH 4MBIT SPI 86MHZ 8SOP,memory,18422,0.68,"8-SOIC (0.154"", 3.90mm Width)",Surface Mount,Not For New Designs,https://www.digikey.com//mm.digikey.com/Volume0/opasdata/d220001/medias/docus/5721/MX25L4006E_Rev1.7_1-8-19.pdf,https://www.digikey.com/en/products/detail/macronix/MX25L4006EM1I-12G/2744797,,86 MHz,Verified,,FLASH,SPI,512K x 8,4Mbit,Non-Volatile,-40°C ~ 85°C (TA),,MX25xxx05/06/08,FLASH - NOR,2.7V ~ 3.6V,"50µs, 3ms"
MX25L4006EM2I-12G,Macronix,IC FLASH 4MBIT SPI 86MHZ 8SOP,memory,14033,0.88,"8-SOIC (0.209"", 5.30mm Width)",Surface Mount,Not For New Designs,https://www.digikey.com//mm.digikey.com/Volume0/opasdata/d220001/medias/docus/5721/MX25L4006E_Rev1.7_1-8-19.pdf,https://www.digikey.com/en/products/detail/macronix/MX25L4006EM2I-12G/2744788,,86 MHz,Verified,,FLASH,SPI,512K x 8,4Mbit,Non-Volatile,-40°C ~ 85°C (TA),,MX25xxx05/06/08,FLASH - NOR,2.7V ~ 3.6V,"50µs, 3ms"
MX25L4006EZNI-12G,Macronix,IC FLASH 4MBIT SPI 86MHZ 8WSON,memory,4950,1.0,8-WDFN Exposed Pad,Surface Mount,Active,https://www.digikey.com//mm.digikey.com/Volume0/opasdata/d220001/medias/docus/5721/MX25L4006E_Rev1.7_1-8-19.pdf,https://www.digikey.com/en/products/detail/macronix/MX25L4006EZNI-12G/2744751,,86 MHz,Not Verified,,FLASH,SPI,512K x 8,4Mbit,Non-Volatile,-40°C ~ 85°C (TA),,MX25xxx05/06/08,FLASH - NOR,2.7V ~ 3.6V,"50µs, 3ms"
MX25L4006EZUI-12G,Macronix,IC FLASH 4MBIT SPI 86MHZ 8USON,memory,11912,1.0,8-UFDFN Exposed Pad,Surface Mount,Not For New Designs,https://www.digikey.com//mm.digikey.com/Volume0/opasdata/d220001/medias/docus/5721/MX25L4006E_Rev1.7_1-8-19.pdf,https://www.digikey.com/en/products/detail/macronix/MX25L4006EZUI-12G/4895582,,86 MHz,Not Verified,,FLASH,SPI,512K x 8,4Mbit,Non-Volatile,-40°C ~ 85°C (TA),,MX25xxx05/06/08,FLASH - NOR,2.7V ~ 3.6V,"50µs, 3ms"
MX25L6406EZNI-12G,Macronix,IC FLASH 64MBIT SPI 86MHZ 8WSON,memory,19865,3.9,8-WDFN Exposed Pad,Surface Mount,Not For New Designs,"https://www.macronix.com/Lists/Datasheet/Attachments/8630/MX25L6406E,%203V,%2064Mb,%20v1.9.pdf",https://www.digikey.com/en/products/detail/macronix/MX25L6406EZNI-12G/2744697,,86 MHz,Not Verified,,FLASH,SPI,8M x 8,64Mbit,Non-Volatile,-40°C ~ 85°C (TA),,MX25xxx05/06/08,FLASH - NOR,2.7V ~ 3.6V,"300µs, 5ms"
MX25L6433FM2I-08Q,Macronix,IC FLASH 64MBIT SPI/QUAD 8SOP,memory,6505,2.15,"8-SOIC (0.209"", 5.30mm Width)",Surface Mount,Not For New Designs,,https://www.digikey.com/en/products/detail/macronix/MX25L6433FM2I-08Q/7809415,,133 MHz,Verified,,FLASH,SPI - Quad I/O,8M x 8,64Mbit,Non-Volatile,-40°C ~ 85°C (TA),,MXSMIO™,FLASH - NOR,2.65V ~ 3.6V,"50µs, 1.2ms"
MX25L6433FM2Q-09Q,Macronix,IC FLASH 64MBIT SPI/QUAD 8SOP,memory,1672,2.46,"8-SOIC (0.209"", 5.30mm Width)",Surface Mount,Active,,https://www.digikey.com/en/products/detail/macronix/MX25L6433FM2Q-09Q/22596996,6 ns,120 MHz,,,FLASH,SPI - Quad I/O,"16M x 4, 32M x 2, 64M x 1",64Mbit,Non-Volatile,-40°C ~ 125°C,,MXSMIO™,FLASH - NOR (SLC),2.65V ~ 3.6V,"70µs, 2ms"
MX25L6433FMI-08Q,Macronix,IC FLASH 64MBIT SPI/QUAD 16SOP,memory,1650,2.37,"16-SOIC (0.295"", 7.50mm Width)",Surface Mount,Active,,https://www.digikey.com/en/products/detail/macronix/MX25L6433FMI-08Q/7915002,,133 MHz,Verified,,FLASH,SPI - Quad I/O,8M x 8,64Mbit,Non-Volatile,-40°C ~ 85°C (TA),,MXSMIO™,FLASH - NOR,2.65V ~ 3.6V,"50µs, 1.2ms"
MX25L6433FZ2I-08G,Macronix,IC FLASH 64MBIT SPI/QUAD 8WSON,memory,8149,2.22,8-WDFN Exposed Pad,Surface Mount,Active,,https://www.digikey.com/en/products/detail/macronix/MX25L6433FZ2I-08G/7915004,,133 MHz,Not Verified,,FLASH,SPI - Quad I/O,8M x 8,64Mbit,Non-Volatile,-40°C ~ 85°C (TA),,MXSMIO™,FLASH - NOR,2.65V ~ 3.6V,"50µs, 1.2ms"
MX25L6433FZNI-08G,Macronix,IC FLASH 64MBIT SPI/QUAD 8WSON,memory,30320,2.22,8-WDFN Exposed Pad,Surface Mount,Active,,https://www.digikey.com/en/products/detail/macronix/MX25L6433FZNI-08G/7915005,,133 MHz,Not Verified,,FLASH,SPI - Quad I/O,8M x 8,64Mbit,Non-Volatile,-40°C ~ 85°C (TA),,MXSMIO™,FLASH - NOR,2.65V ~ 3.6V,"50µs, 1.2ms"
MX25L6433FZNI-08Q,Macronix,IC FLASH 64MBIT SPI/QUAD 8WSON,memory,4508,2.22,8-WDFN Exposed Pad,Surface Mount,Active,,https://www.digikey.com/en/products/detail/macronix/MX25L6433FZNI-08Q/7915006,,133 MHz,Not Verified,,FLASH,SPI - Quad I/O,8M x 8,64Mbit,Non-Volatile,-40°C ~ 85°C (TA),,MXSMIO™,FLASH - NOR,2.65V ~ 3.6V,"50µs, 1.2ms"
MX25L6445EM2I-10G,Macronix,IC FLASH 64MBIT SPI 104MHZ 8SOP,memory,8779,4.42,"8-SOIC (0.209"", 5.30mm Width)",Surface Mount,Not For New Designs,https://www.digikey.com//mm.digikey.com/Volume0/opasdata/d220001/medias/docus/409/MX25L6445E.pdf,https://www.digikey.com/en/products/detail/macronix/MX25L6445EM2I-10G/2744748,,104 MHz,Verified,,FLASH,SPI,8M x 8,64Mbit,Non-Volatile,-40°C ~ 85°C (TA),,MX25xxx45 - MXSMIO™,FLASH - NOR,2.7V ~ 3.6V,"300µs, 5ms"
MX25L6445EMI-10G,Macronix,IC FLASH 64MBIT SPI 104MHZ 16SOP,memory,4089,4.46,"16-SOIC (0.295"", 7.50mm Width)",Surface Mount,Not For New Designs,https://www.digikey.com//mm.digikey.com/Volume0/opasdata/d220001/medias/docus/409/MX25L6445E.pdf,https://www.digikey.com/en/products/detail/macronix/MX25L6445EMI-10G/2744696,,104 MHz,Verified,,FLASH,SPI,8M x 8,64Mbit,Non-Volatile,-40°C ~ 85°C (TA),,MX25xxx45 - MXSMIO™,FLASH - NOR,2.7V ~ 3.6V,"300µs, 5ms"
MX25L6445EZNI-10G,Macronix,IC FLASH 64MBIT SPI 104MHZ 8WSON,memory,6283,4.28,8-WDFN Exposed Pad,Surface Mount,Not For New Designs,https://www.digikey.com//mm.digikey.com/Volume0/opasdata/d220001/medias/docus/409/MX25L6445E.pdf,https://www.digikey.com/en/products/detail/macronix/MX25L6445EZNI-10G/2744698,,104 MHz,Not Verified,,FLASH,SPI,8M x 8,64Mbit,Non-Volatile,-40°C ~ 85°C (TA),,MX25xxx45 - MXSMIO™,FLASH - NOR,2.7V ~ 3.6V,"300µs, 5ms"
MX25L8006EM1I-12G,Macronix,IC FLASH 8MBIT SPI 86MHZ 8SOP,memory,26023,1.13,"8-SOIC (0.154"", 3.90mm Width)",Surface Mount,Not For New Designs,"https://www.macronix.com/Lists/Datasheet/Attachments/8680/MX25L8006E,%203V,%208Mb,%20v1.6.pdf",https://www.digikey.com/en/products/detail/macronix/MX25L8006EM1I-12G/2744800,,86 MHz,Verified,,FLASH,SPI,1M x 8,8Mbit,Non-Volatile,-40°C ~ 85°C (TA),,MX25xxx05/06/08,FLASH - NOR,2.7V ~ 3.6V,"50µs, 3ms"
MX25L8006EM1J-12G,Macronix,IC FLASH 8MBIT SPI 86MHZ 8SOP,memory,1804,1.24,"8-SOIC (0.154"", 3.90mm Width)",Surface Mount,Active,"https://www.macronix.com/Lists/Datasheet/Attachments/8680/MX25L8006E,%203V,%208Mb,%20v1.6.pdf",https://www.digikey.com/en/products/detail/macronix/MX25L8006EM1J-12G/7915019,,86 MHz,Not Verified,,FLASH,SPI,1M x 8,8Mbit,Non-Volatile,-40°C ~ 85°C (TA),,MX25xxx05/06/08,FLASH - NOR,2.7V ~ 3.6V,"50µs, 3ms"
MX25L8006EZNI-12G,Macronix,IC FLASH 8MBIT SPI 86MHZ 8WSON,memory,7619,1.28,8-WDFN Exposed Pad,Surface Mount,Not For New Designs,"https://www.macronix.com/Lists/Datasheet/Attachments/8680/MX25L8006E,%203V,%208Mb,%20v1.6.pdf",https://www.digikey.com/en/products/detail/macronix/MX25L8006EZNI-12G/2744754,,86 MHz,Not Verified,,FLASH,SPI,1M x 8,8Mbit,Non-Volatile,-40°C ~ 85°C (TA),,MX25xxx05/06/08,FLASH - NOR,2.7V ~ 3.6V,"50µs, 3ms"
MX25L8006EZUI-12G,Macronix,IC FLASH 8MBIT SPI 86MHZ 8USON,memory,71306,1.39,8-WDFN Exposed Pad,Surface Mount,Not For New Designs,"https://www.macronix.com/Lists/Datasheet/Attachments/8680/MX25L8006E,%203V,%208Mb,%20v1.6.pdf",https://www.digikey.com/en/products/detail/macronix/MX25L8006EZUI-12G/2744738,,86 MHz,Not Verified,,FLASH,SPI,1M x 8,8Mbit,Non-Volatile,-40°C ~ 85°C (TA),,MX25xxx05/06/08,FLASH - NOR,2.7V ~ 3.6V,"50µs, 3ms"
MX25LM25645GXDR00,Macronix,IC FLASH 256MBIT SPI/OCTAL 24CSP,memory,429,7.31,"24-TBGA, CSPBGA",Surface Mount,Active,"https://www.macronix.com/Lists/Datasheet/Attachments/8735/MX25LM25645G,%203V,%20256Mb,%20v1.1.pdf",https://www.digikey.com/en/products/detail/macronix/MX25LM25645GXDR00/22596992,,,,,FLASH,SPI - Octal I/O,"32M x 8, 256M x 1",256Mbit,Non-Volatile,-40°C ~ 105°C (TA),,OctaBus™,FLASH - NOR (SLC),2.7V ~ 3.6V,
MX25R1035FZUIL0,Macronix,IC FLASH 1MBIT SPI 33MHZ 8USON,memory,23871,0.86,8-UFDFN Exposed Pad,Surface Mount,Not For New Designs,"https://www.macronix.com/Lists/Datasheet/Attachments/8656/MX25R1035F,%20Wide%20Range,%201Mb,%20v1.4.pdf",https://www.digikey.com/en/products/detail/macronix/MX25R1035FZUIL0/5957728,,33 MHz,Not Verified,,FLASH,SPI,128K x 8,1Mbit,Non-Volatile,-40°C ~ 85°C (TA),,MXSMIO™,FLASH - NOR,1.65V ~ 3.6V,"100µs, 10ms"
MX25R1635FZNIH0,Macronix,IC FLASH 16MBIT SPI/QUAD 8WSON,memory,10926,1.45,8-WDFN Exposed Pad,Surface Mount,Active,"https://www.macronix.com/Lists/Datasheet/Attachments/8702/MX25R1635F,%20Wide%20Range,%2016Mb,%20v1.6.pdf",https://www.digikey.com/en/products/detail/macronix/MX25R1635FZNIH0/8676299,,80 MHz,Not Verified,,FLASH,SPI - Quad I/O,2M x 8,16Mbit,Non-Volatile,-40°C ~ 85°C (TA),,MXSMIO™,FLASH - NOR,1.65V ~ 3.6V,"100µs, 4ms"
MX25R1635FZUIH0,Macronix,IC FLASH 16MBIT SPI/QUAD 8USON,memory,57057,1.48,8-UFDFN Exposed Pad,Surface Mount,Active,"https://www.macronix.com/Lists/Datasheet/Attachments/8702/MX25R1635F,%20Wide%20Range,%2016Mb,%20v1.6.pdf",https://www.digikey.com/en/products/detail/macronix/MX25R1635FZUIH0/5957724,,80 MHz,Not Verified,,FLASH,SPI - Quad I/O,2M x 8,16Mbit,Non-Volatile,-40°C ~ 85°C (TA),,MXSMIO™,FLASH - NOR,1.65V ~ 3.6V,"100µs, 4ms"
MX25R1635FZUIL0,Macronix,IC FLASH 16MBIT SPI/QUAD 8USON,memory,66843,1.48,8-UFDFN Exposed Pad,Surface Mount,Active,"https://www.macronix.com/Lists/Datasheet/Attachments/8702/MX25R1635F,%20Wide%20Range,%2016Mb,%20v1.6.pdf",https://www.digikey.com/en/products/detail/macronix/MX25R1635FZUIL0/8416960,,33 MHz,Not Verified,,FLASH,SPI - Quad I/O,2M x 8,16Mbit,Non-Volatile,-40°C ~ 85°C (TA),,MXSMIO™,FLASH - NOR,1.65V ~ 3.6V,"100µs, 10ms"
MX25R2035FM1IH0,Macronix,IC FLASH 2MBIT SPI/QUAD 8SOP,memory,3847,0.91,"8-SOIC (0.154"", 3.90mm Width)",Surface Mount,Not For New Designs,"https://www.macronix.com/Lists/Datasheet/Attachments/8696/MX25R2035F,%20Wide%20Range,%202Mb,%20v1.6.pdf",https://www.digikey.com/en/products/detail/macronix/MX25R2035FM1IH0/5957742,,108 MHz,Not Verified,,FLASH,SPI - Quad I/O,256K x 8,2Mbit,Non-Volatile,-40°C ~ 85°C (TA),,MXSMIO™,FLASH - NOR,1.65V ~ 3.6V,"100µs, 4ms"
MX25R2035FZUIL0,Macronix,IC FLASH 2MBIT SPI/QUAD 8USON,memory,16498,0.91,8-UFDFN Exposed Pad,Surface Mount,Active,"https://www.macronix.com/Lists/Datasheet/Attachments/8696/MX25R2035F,%20Wide%20Range,%202Mb,%20v1.6.pdf",https://www.digikey.com/en/products/detail/macronix/MX25R2035FZUIL0/5957727,,33 MHz,Verified,,FLASH,SPI - Quad I/O,256K x 8,2Mbit,Non-Volatile,-40°C ~ 85°C (TA),,MXSMIO™,FLASH - NOR,1.65V ~ 3.6V,"100µs, 10ms"
MX25R3235FM1IL0,Macronix,IC FLASH 32MBIT SPI/QUAD 8SOP,memory,3307,2.01,"8-SOIC (0.154"", 3.90mm Width)",Surface Mount,Active,"https://www.macronix.com/Lists/Datasheet/Attachments/8755/MX25R3235F,%20Wide%20Range,%2032Mb,%20v1.8.pdf",https://www.digikey.com/en/products/detail/macronix/MX25R3235FM1IL0/7915034,,80 MHz,Not Verified,,FLASH,SPI - Quad I/O,4M x 8,32Mbit,Non-Volatile,-40°C ~ 85°C (TA),,MXSMIO™,FLASH - NOR,1.65V ~ 3.6V,"100µs, 10ms"
MX25R3235FM2IH0,Macronix,IC FLASH 32MBIT SPI/QUAD 8SOP,memory,762,1.72,"8-SOIC (0.209"", 5.30mm Width)",Surface Mount,Not For New Designs,"https://www.macronix.com/Lists/Datasheet/Attachments/8755/MX25R3235F,%20Wide%20Range,%2032Mb,%20v1.8.pdf",https://www.digikey.com/en/products/detail/macronix/MX25R3235FM2IH0/5957735,,80 MHz,Verified,,FLASH,SPI - Quad I/O,4M x 8,32Mbit,Non-Volatile,-40°C ~ 85°C (TA),,MXSMIO™,FLASH - NOR,1.65V ~ 3.6V,"100µs, 4ms"
MX25R3235FM2IL0,Macronix,IC FLASH 32MBIT SPI/QUAD 8SOP,memory,2658,2.0,"8-SOIC (0.209"", 5.30mm Width)",Surface Mount,Active,"https://www.macronix.com/Lists/Datasheet/Attachments/8755/MX25R3235F,%20Wide%20Range,%2032Mb,%20v1.8.pdf",https://www.digikey.com/en/products/detail/macronix/MX25R3235FM2IL0/7915035,,80 MHz,Not Verified,,FLASH,SPI - Quad I/O,4M x 8,32Mbit,Non-Volatile,-40°C ~ 85°C (TA),,MXSMIO™,FLASH - NOR,1.65V ~ 3.6V,"100µs, 10ms"
MX25R4035FM1IL0,Macronix,IC FLASH 4MBIT SPI/QUAD 8SOP,memory,9753,0.97,"8-SOIC (0.154"", 3.90mm Width)",Surface Mount,Active,"https://www.macronix.com/Lists/Datasheet/Attachments/8671/MX25R4035F,%20Wide%20Range,%204Mb,%20v1.4.pdf",https://www.digikey.com/en/products/detail/macronix/MX25R4035FM1IL0/6558612,,33 MHz,Not Verified,,FLASH,SPI - Quad I/O,512K x 8,4Mbit,Non-Volatile,-40°C ~ 85°C (TA),,MXSMIO™,FLASH - NOR,1.65V ~ 3.6V,"100µs, 10ms"
MX25R4035FZUIL0,Macronix,IC FLASH 4MBIT SPI/QUAD 8USON,memory,23300,0.94,8-UFDFN Exposed Pad,Surface Mount,Active,"https://www.macronix.com/Lists/Datasheet/Attachments/8671/MX25R4035F,%20Wide%20Range,%204Mb,%20v1.4.pdf",https://www.digikey.com/en/products/detail/macronix/MX25R4035FZUIL0/5957726,,33 MHz,Not Verified,,FLASH,SPI - Quad I/O,512K x 8,4Mbit,Non-Volatile,-40°C ~ 85°C (TA),,MXSMIO™,FLASH - NOR,1.65V ~ 3.6V,"100µs, 10ms"
MX25R6435FM2IH0,Macronix,IC FLASH 64MBIT SPI/QUAD 8SOP,memory,20341,3.07,"8-SOIC (0.209"", 5.30mm Width)",Surface Mount,Not For New Designs,"https://www.macronix.com/Lists/Datasheet/Attachments/8868/MX25R6435F,%20Wide%20Range,%2064Mb,%20v1.6.pdf",https://www.digikey.com/en/products/detail/macronix/MX25R6435FM2IH0/5957733,,80 MHz,Not Verified,,FLASH,SPI - Quad I/O,8M x 8,64Mbit,Non-Volatile,-40°C ~ 85°C (TA),,MXSMIO™,FLASH - NOR,1.65V ~ 3.6V,"100µs, 4ms"
MX25R6435FZAIH0,Macronix,IC FLASH 64MBIT SPI/QUAD 8USON,memory,21655,2.53,8-WDFN Exposed Pad,Surface Mount,Active,"https://www.macronix.com/Lists/Datasheet/Attachments/8868/MX25R6435F,%20Wide%20Range,%2064Mb,%20v1.6.pdf",https://www.digikey.com/en/products/detail/macronix/MX25R6435FZAIH0/5957730,,80 MHz,Not Verified,,FLASH,SPI - Quad I/O,8M x 8,64Mbit,Non-Volatile,-40°C ~ 85°C (TA),,MXSMIO™,FLASH - NOR,1.65V ~ 3.6V,"100µs, 4ms"
MX25R6435FZNIL0,Macronix,IC FLASH 64MBIT SPI/QUAD 8WSON,memory,43414,2.89,8-WDFN Exposed Pad,Surface Mount,Active,"https://www.macronix.com/Lists/Datasheet/Attachments/8868/MX25R6435F,%20Wide%20Range,%2064Mb,%20v1.6.pdf",https://www.digikey.com/en/products/detail/macronix/MX25R6435FZNIL0/6558605,,80 MHz,Not Verified,,FLASH,SPI - Quad I/O,8M x 8,64Mbit,Non-Volatile,-40°C ~ 85°C (TA),,MXSMIO™,FLASH - NOR,1.65V ~ 3.6V,"100µs, 10ms"
MX25R8035FBHIH2,Macronix,IC FLASH 8MBIT SPI/QUAD 8WLCSP,memory,9601,1.12,"8-XFBGA, WLCSP",Surface Mount,Active,"https://www.macronix.com/Lists/Datasheet/Attachments/8749/MX25R8035F,%20Wide%20Range,%208Mb,%20v1.6.pdf",https://www.digikey.com/en/products/detail/macronix/MX25R8035FBHIH2/11560919,,108 MHz,Not Verified,,FLASH,SPI - Quad I/O,1M x 8,8Mbit,Non-Volatile,-40°C ~ 85°C (TA),,MXSMIO™,FLASH - NOR,1.65V ~ 3.6V,"100µs, 4ms"
MX25R8035FM1IH1,Macronix,IC FLASH 8MBIT SPI/QUAD 8SOP,memory,30410,1.12,"8-SOIC (0.154"", 3.90mm Width)",Surface Mount,Not For New Designs,"https://www.macronix.com/Lists/Datasheet/Attachments/8749/MX25R8035F,%20Wide%20Range,%208Mb,%20v1.6.pdf",https://www.digikey.com/en/products/detail/macronix/MX25R8035FM1IH1/5957740,,108 MHz,Not Verified,,FLASH,SPI - Quad I/O,1M x 8,8Mbit,Non-Volatile,-40°C ~ 85°C (TA),,MXSMIO™,FLASH - NOR,1.65V ~ 3.6V,"100µs, 4ms"
MX25R8035FM1IL0,Macronix,IC FLASH 8MBIT SPI/QUAD 8SOP,memory,5750,1.46,"8-SOIC (0.154"", 3.90mm Width)",Surface Mount,Active,"https://www.macronix.com/Lists/Datasheet/Attachments/8749/MX25R8035F,%20Wide%20Range,%208Mb,%20v1.6.pdf",https://www.digikey.com/en/products/detail/macronix/MX25R8035FM1IL0/6558610,,33 MHz,Not Verified,,FLASH,SPI - Quad I/O,1M x 8,8Mbit,Non-Volatile,-40°C ~ 85°C (TA),,MXSMIO™,FLASH - NOR,1.65V ~ 3.6V,"100µs, 10ms"
MX25R8035FM2IL0,Macronix,IC FLASH 8MBIT SPI/QUAD 8SOP,memory,3652,1.12,"8-SOIC (0.209"", 5.30mm Width)",Surface Mount,Not For New Designs,"https://www.macronix.com/Lists/Datasheet/Attachments/8749/MX25R8035F,%20Wide%20Range,%208Mb,%20v1.6.pdf",https://www.digikey.com/en/products/detail/macronix/MX25R8035FM2IL0/6558609,,33 MHz,Verified,,FLASH,SPI - Quad I/O,1M x 8,8Mbit,Non-Volatile,-40°C ~ 85°C (TA),,MXSMIO™,FLASH - NOR,1.65V ~ 3.6V,"100µs, 10ms"
MX25R8035FZUIH1,Macronix,IC FLASH 8MBIT SPI/QUAD 8USON,memory,8198,1.16,8-UFDFN Exposed Pad,Surface Mount,Active,"https://www.macronix.com/Lists/Datasheet/Attachments/8749/MX25R8035F,%20Wide%20Range,%208Mb,%20v1.6.pdf",https://www.digikey.com/en/products/detail/macronix/MX25R8035FZUIH1/5957725,,108 MHz,Verified,,FLASH,SPI - Quad I/O,1M x 8,8Mbit,Non-Volatile,-40°C ~ 85°C (TA),,MXSMIO™,FLASH - NOR,1.65V ~ 3.6V,"100µs, 4ms"
MX25R8035FZUIL0,Macronix,IC FLASH 8MBIT SPI/QUAD 8USON,memory,61641,1.16,8-UFDFN Exposed Pad,Surface Mount,Active,"https://www.macronix.com/Lists/Datasheet/Attachments/8749/MX25R8035F,%20Wide%20Range,%208Mb,%20v1.6.pdf",https://www.digikey.com/en/products/detail/macronix/MX25R8035FZUIL0/8572963,,33 MHz,Verified,,FLASH,SPI - Quad I/O,1M x 8,8Mbit,Non-Volatile,-40°C ~ 85°C (TA),,MXSMIO™,FLASH - NOR,1.65V ~ 3.6V,"100µs, 10ms"
MX25U12832FZ4I02,Macronix,IC FLASH 128MBIT SPI/QUAD 8WSON,memory,711,4.82,8-WDFN Exposed Pad,Surface Mount,Active,https://www.digikey.com//mm.digikey.com/Volume0/opasdata/d220001/medias/docus/6165/MX25U12832F18V128Mbv000.pdf,https://www.digikey.com/en/products/detail/macronix/MX25U12832FZ4I02/12709098,,133 MHz,Not Verified,,FLASH,"SPI - Quad I/O, QPI",16M x 8,128Mbit,Non-Volatile,-40°C ~ 85°C (TA),,MXSMIO™,FLASH - NOR,1.65V ~ 2V,"40µs, 3ms"
MX25U12832FZNI02,Macronix,IC FLASH 128MBIT SPI/QUAD 8WSON,memory,2065,4.82,8-WDFN Exposed Pad,Surface Mount,Active,https://www.digikey.com//mm.digikey.com/Volume0/opasdata/d220001/medias/docus/6165/MX25U12832F18V128Mbv000.pdf,https://www.digikey.com/en/products/detail/macronix/MX25U12832FZNI02/11560863,,133 MHz,Not Verified,,FLASH,"SPI - Quad I/O, QPI",16M x 8,128Mbit,Non-Volatile,-40°C ~ 85°C (TA),,MXSMIO™,FLASH - NOR,1.65V ~ 2V,"40µs, 3ms"
MX25U12832FZNJ02,Macronix,IC FLASH 128MBIT SPI/QUAD 8WSON,memory,3296,5.03,8-WDFN Exposed Pad,Surface Mount,Active,"https://www.macronix.com/Lists/Datasheet/Attachments/8404/MX25U12832F,%201.8V,%20128Mb,%20v1.0.pdf",https://www.digikey.com/en/products/detail/macronix/MX25U12832FZNJ02/12709097,,120 MHz,Not Verified,,FLASH,"SPI - Quad I/O, QPI",16M x 8,128Mbit,Non-Volatile,-40°C ~ 105°C (TA),,MXSMIO™,FLASH - NOR,1.65V ~ 2V,"40µs, 3ms"
MX25U12835FM2I-10G,Macronix,IC FLASH 128MBIT SPI/QUAD 8SOP,memory,1864,7.15,"8-SOIC (0.209"", 5.30mm Width)",Surface Mount,Not For New Designs,"http://www.macronix.com/Lists/Datasheet/Attachments/7433/MX25U12835F,%201.8V,%20128Mb,%20v1.8.pdf",https://www.digikey.com/en/products/detail/macronix/MX25U12835FM2I-10G/7915050,,104 MHz,Verified,,FLASH,SPI - Quad I/O,16M x 8,128Mbit,Non-Volatile,-40°C ~ 85°C (TA),,MX25xxx35/36 - MXSMIO™,FLASH - NOR,1.65V ~ 2V,"30µs, 3ms"
MX25U12835FZ2I-10G,Macronix,IC FLASH 128MBIT SPI/QUAD 8WSON,memory,464,6.09,8-WDFN Exposed Pad,Surface Mount,Not For New Designs,https://www.digikey.com//mm.digikey.com/Volume0/opasdata/d220001/medias/docus/530/MX25U12835F.pdf,https://www.digikey.com/en/products/detail/macronix/MX25U12835FZ2I-10G/3728591,,104 MHz,Not Verified,,FLASH,SPI - Quad I/O,16M x 8,128Mbit,Non-Volatile,-40°C ~ 85°C (TA),,MX25xxx35/36 - MXSMIO™,FLASH - NOR,1.65V ~ 2V,"30µs, 3ms"
MX25U12835FZNI-10G,Macronix,IC FLASH 128MBIT SPI/QUAD 8WSON,memory,4478,6.09,8-WDFN Exposed Pad,Surface Mount,Not For New Designs,"http://www.macronix.com/Lists/Datasheet/Attachments/7433/MX25U12835F,%201.8V,%20128Mb,%20v1.8.pdf",https://www.digikey.com/en/products/detail/macronix/MX25U12835FZNI-10G/3886214,,104 MHz,Not Verified,,FLASH,SPI - Quad I/O,16M x 8,128Mbit,Non-Volatile,-40°C ~ 85°C (TA),,MX25xxx35/36 - MXSMIO™,FLASH - NOR,1.65V ~ 2V,"30µs, 3ms"
MX25U1632FM1I02,Macronix,IC FLASH 16MBIT SPI/QUAD 8SOP,memory,1206,1.08,"8-SOIC (0.154"", 3.90mm Width)",Surface Mount,Active,https://www.digikey.com//mm.digikey.com/Volume0/opasdata/d220001/medias/docus/6165/MX25U1632F18V16Mbv10.pdf,https://www.digikey.com/en/products/detail/macronix/MX25U1632FM1I02/16304578,6 ns,133 MHz,Not Verified,,FLASH,"SPI - Quad I/O, QPI",2M x 8,16Mbit,Non-Volatile,-40°C ~ 85°C (TA),,,FLASH - NOR,1.65V ~ 2V,"40µs, 3ms"
MX25U1632FM2I02,Macronix,IC FLASH 16MBIT SPI/QUAD 8SOP,memory,3974,1.08,"8-SOIC (0.209"", 5.30mm Width)",Surface Mount,Active,https://www.digikey.com//mm.digikey.com/Volume0/opasdata/d220001/medias/docus/6165/MX25U1632F18V16Mbv10.pdf,https://www.digikey.com/en/products/detail/macronix/MX25U1632FM2I02/16016394,6 ns,133 MHz,Not Verified,,FLASH,"SPI - Quad I/O, QPI",2M x 8,16Mbit,Non-Volatile,-40°C ~ 85°C (TA),,MXSMIO™,FLASH - NOR,1.65V ~ 2V,"40µs, 3ms"
MX25U1633FZUJ,Macronix,IC FLASH 16MBIT SPI/QUAD 8USON,memory,21372,1.22,8-UFDFN Exposed Pad,Surface Mount,Active,https://www.digikey.com//mm.digikey.com/Volume0/opasdata/d220001/medias/docus/6592/MX25U1633F18V16Mbv12.pdf,https://www.digikey.com/en/products/detail/macronix/MX25U1633FZUJ/16577961,8 ns,80 MHz,Not Verified,,FLASH,SPI - Quad I/O,2M x 8,16Mbit,Non-Volatile,-40°C ~ 105°C (TA),,MXSMIO™,FLASH - NOR,1.65V ~ 2V,"100µs, 3.6ms"
MX25U2035FZUI,Macronix,IC FLASH 2MBIT SPI/QUAD 8USON,memory,16237,0.85,8-UFDFN Exposed Pad,Surface Mount,Active,"http://www.macronix.com/Lists/Datasheet/Attachments/7474/MX25U2035F,%201.8V,%202Mb,%20v1.0.pdf",https://www.digikey.com/en/products/detail/macronix/MX25U2035FZUI/10059511,,108 MHz,Not Verified,,FLASH,SPI - Quad I/O,256K x 8,2Mbit,Non-Volatile,-40°C ~ 85°C (TA),,MXSMIO™,FLASH - NOR,1.65V ~ 2V,"100µs, 4ms"
MX25U25635FZ2I-10G,Macronix,IC FLASH 256MBIT SPI/QUAD 8WSON,memory,3560,12.84,8-WDFN Exposed Pad,Surface Mount,Not For New Designs,"https://www.macronix.com/Lists/Datasheet/Attachments/8663/MX25U25635F,%201.8V,%20256Mb,%20v1.5.pdf",https://www.digikey.com/en/products/detail/macronix/MX25U25635FZ2I-10G/4211546,,108 MHz,Not Verified,,FLASH,SPI - Quad I/O,32M x 8,256Mbit,Non-Volatile,-40°C ~ 85°C (TA),,MX25xxx35/36 - MXSMIO™,FLASH - NOR,1.65V ~ 2V,"30µs, 3ms"
MX25U25643GZ4I00,Macronix,IC FLASH 256MBIT SPI/QUAD 8WSON,memory,1500,7.49,8-WDFN Exposed Pad,Surface Mount,Active,"https://www.mxic.com.tw/Lists/Datasheet/Attachments/8766/MX25U25643G,%201.8V,%20256Mb,%20v1.1.pdf",https://www.digikey.com/en/products/detail/macronix/MX25U25643GZ4I00/18110120,8 ns,133 MHz,,,FLASH,"SPI - Quad I/O, QPI, DTR","64M x 4, 128M x 2, 256M x 1",256Mbit,Non-Volatile,-40°C ~ 85°C (TA),,MXSMIO™,FLASH - NOR (SLC),1.65V ~ 2V,"40µs, 3ms"
MX25U25645GXDI00,Macronix,IC FLASH 256MBIT SPI/QU 24CSPBGA,memory,6424,7.38,24-TBGA,Surface Mount,Active,"https://www.macronix.com/Lists/Datasheet/Attachments/8738/MX25U25645G,%201.8V,%20256Mb,%20v1.4.pdf",https://www.digikey.com/en/products/detail/macronix/MX25U25645GXDI00/7915062,,166 MHz,Verified,,FLASH,"SPI - Quad I/O, QPI, DTR",32M x 8,256Mbit,Non-Volatile,-40°C ~ 85°C (TA),,MXSMIO™,FLASH - NOR,1.65V ~ 2V,"60µs, 750µs"
MX25U25645GZ4I00,Macronix,IC FLASH 256MBIT SPI/QUAD 8WSON,memory,1533,7.37,8-WDFN Exposed Pad,Surface Mount,Active,"https://www.macronix.com/Lists/Datasheet/Attachments/8738/MX25U25645G,%201.8V,%20256Mb,%20v1.4.pdf",https://www.digikey.com/en/products/detail/macronix/MX25U25645GZ4I00/9808866,,166 MHz,Not Verified,,FLASH,"SPI - Quad I/O, QPI, DTR",32M x 8,256Mbit,Non-Volatile,-40°C ~ 85°C (TA),,MXSMIO™,FLASH - NOR,1.65V ~ 2V,"60µs, 750µs"
MX25U3232FBHI02,Macronix,IC FLASH 32MBIT SPI/QUAD 12WLCSP,memory,298,1.5,"12-XFBGA, WLCSP",Surface Mount,Active,"https://www.macronix.com/Lists/Datasheet/Attachments/8909/MX25U3232F,%201.8V,%2032Mb,%20v1.2.pdf",https://www.digikey.com/en/products/detail/macronix/MX25U3232FBHI02/11560940,,133 MHz,Not Verified,,FLASH,"SPI - Quad I/O, QPI",4M x 8,32Mbit,Non-Volatile,-40°C ~ 85°C (TA),,MXSMIO™,FLASH - NOR,1.65V ~ 2V,"40µs, 3ms"
MX25U3232FZNI02,Macronix,IC FLASH 32MBIT SPI/QUAD 8WSON,memory,2295,1.54,8-WDFN Exposed Pad,Surface Mount,Active,"https://www.macronix.com/Lists/Datasheet/Attachments/8909/MX25U3232F,%201.8V,%2032Mb,%20v1.2.pdf",https://www.digikey.com/en/products/detail/macronix/MX25U3232FZNI02/11532689,,133 MHz,Not Verified,,FLASH,"SPI - Quad I/O, QPI",4M x 8,32Mbit,Non-Volatile,-40°C ~ 85°C (TA),,MXSMIO™,FLASH - NOR,1.65V ~ 2V,"40µs, 3ms"
MX25U3235FM2I-10G,Macronix,IC FLASH 32MBIT SPI/QUAD 8SOP,memory,2967,2.2,"8-SOIC (0.209"", 5.30mm Width)",Surface Mount,Not For New Designs,"https://www.macronix.com/Lists/Datasheet/Attachments/8677/MX25U3235F,%201.8V,%2032Mb,%20v1.6.pdf",https://www.digikey.com/en/products/detail/macronix/MX25U3235FM2I-10G/3886232,,104 MHz,Verified,,FLASH,SPI - Quad I/O,4M x 8,32Mbit,Non-Volatile,-40°C ~ 85°C (TA),,MX25xxx35/36 - MXSMIO™,FLASH - NOR,1.65V ~ 2V,"30µs, 3ms"
MX25U3235FZNI-10G,Macronix,IC FLASH 32MBIT SPI/QUAD 8WSON,memory,13311,2.2,8-WDFN Exposed Pad,Surface Mount,Not For New Designs,"https://www.macronix.com/Lists/Datasheet/Attachments/8677/MX25U3235F,%201.8V,%2032Mb,%20v1.6.pdf",https://www.digikey.com/en/products/detail/macronix/MX25U3235FZNI-10G/3886209,,104 MHz,Not Verified,,FLASH,SPI - Quad I/O,4M x 8,32Mbit,Non-Volatile,-40°C ~ 85°C (TA),,MX25xxx35/36 - MXSMIO™,FLASH - NOR,1.65V ~ 2V,"30µs, 3ms"
MX25U4035FM1I,Macronix,IC FLASH 4MBIT SPI/QUAD 8SOP,memory,8275,1.0,"8-SOIC (0.154"", 3.90mm Width)",Surface Mount,Active,"https://www.macronix.com/Lists/Datasheet/Attachments/8700/MX25U4035F,%201.8V,%204Mb,%20v1.2.pdf",https://www.digikey.com/en/products/detail/macronix/MX25U4035FM1I/12165582,,108 MHz,Verified,,FLASH,SPI - Quad I/O,512K x 8,4Mbit,Non-Volatile,-40°C ~ 85°C (TA),,MXSMIO™,FLASH - NOR,1.65V ~ 2V,"100µs, 4ms"
MX25U51245GXDI00,Macronix,IC FLASH 512MBIT SPI/QU 24CSPBGA,memory,2455,15.82,24-TBGA,Surface Mount,Active,https://www.digikey.com//mm.digikey.com/Volume0/opasdata/d220001/medias/docus/38/MX25U51245G.pdf,https://www.digikey.com/en/products/detail/macronix/MX25U51245GXDI00/7915071,,166 MHz,Not Verified,,FLASH,"SPI - Quad I/O, QPI, DTR",64M x 8,512Mbit,Non-Volatile,-40°C ~ 85°C (TA),,MX25xxx45 - MXSMIO™,FLASH - NOR,1.65V ~ 2V,"60µs, 750µs"
MX25U51245GZ4I54,Macronix,IC FLASH 512MBIT SPI/QUAD 8WSON,memory,3807,14.95,8-WDFN Exposed Pad,Surface Mount,Active,,https://www.digikey.com/en/products/detail/macronix/MX25U51245GZ4I54/9808869,,166 MHz,Not Verified,,FLASH,"SPI - Quad I/O, QPI, DTR",64M x 8,512Mbit,Non-Volatile,-40°C ~ 85°C (TA),,MX25xxx45 - MXSMIO™,FLASH - NOR,1.65V ~ 2V,"60µs, 750µs"
MX25U51279GXDJ00,Macronix,IC FLASH 512MBIT SPI/QU 24CSPBGA,memory,470,16.4,"24-TBGA, CSPBGA",Surface Mount,Active,https://www.digikey.com//mm.digikey.com/Volume0/opasdata/d220001/medias/docus/7315/Macronix_MX25U51279GAutomotivever12.pdf,https://www.digikey.com/en/products/detail/macronix/MX25U51279GXDJ00/18110028,,166 MHz,,,FLASH,"SPI - Quad I/O, QPI, DTR","128M x 4, 256M x 2, 512M x 1",512Mbit,Non-Volatile,-40°C ~ 105°C,,MXSMIO™,FLASH - NOR (SLC),1.7V ~ 2V,
MX25U51279GXDR00,Macronix,IC FLASH 512MBIT SPI/QU 24CSPBGA,memory,683,12.06,"24-TBGA, CSPBGA",Surface Mount,Active,https://www.digikey.com//mm.digikey.com/Volume0/opasdata/d220001/medias/docus/6625/Macronix_MX25U51279GAutomotivever12-3532545.pdf,https://www.digikey.com/en/products/detail/macronix/MX25U51279GXDR00/16272823,,166 MHz,Not Verified,Automotive,FLASH,SPI - Quad I/O,"128M x 4, 256M x 2, 512M x 1",512Mbit,Non-Volatile,-40°C ~ 105°C,AEC-Q100,MXSMIO™,FLASH - NOR (SLC),1.7V ~ 2V,
MX25U6432FBBI02,Macronix,IC FLASH 64MBIT SPI/QUAD 14WLCSP,memory,3287,2.64,"14-XFBGA, WLCSP",Surface Mount,Active,https://www.digikey.com//mm.digikey.com/Volume0/opasdata/d220001/medias/docus/8882/MX25U6432F-Datasheet.pdf,https://www.digikey.com/en/products/detail/macronix/MX25U6432FBBI02/12709401,,133 MHz,Not Verified,,FLASH,"SPI - Quad I/O, QPI",8M x 8,64Mbit,Non-Volatile,-40°C ~ 85°C (TA),,MXSMIO™,FLASH - NOR,1.65V ~ 2V,"40µs, 3ms"
MX25U6432FZNI02,Macronix,IC FLASH 64MBIT SPI/QUAD 8WSON,memory,3863,2.82,8-WDFN Exposed Pad,Surface Mount,Active,https://www.digikey.com//mm.digikey.com/Volume0/opasdata/d220001/medias/docus/8882/MX25U6432F-Datasheet.pdf,https://www.digikey.com/en/products/detail/macronix/MX25U6432FZNI02/11532746,,133 MHz,Verified,,FLASH,"SPI - Quad I/O, QPI",8M x 8,64Mbit,Non-Volatile,-40°C ~ 85°C (TA),,MXSMIO™,FLASH - NOR,1.65V ~ 2V,"40µs, 3ms"
MX25U6435FM2I-10G,Macronix,IC FLASH 64MBIT SPI/QUAD 8SOP,memory,3565,3.05,"8-SOIC (0.209"", 5.30mm Width)",Surface Mount,Not For New Designs,"https://www.macronix.com/Lists/Datasheet/Attachments/8664/MX25U6435F,%201.8V,%2064Mb,%20v1.5.pdf",https://www.digikey.com/en/products/detail/macronix/MX25U6435FM2I-10G/3886229,,104 MHz,Not Verified,,FLASH,SPI - Quad I/O,8M x 8,64Mbit,Non-Volatile,-40°C ~ 85°C (TA),,MX25xxx35/36 - MXSMIO™,FLASH - NOR,1.65V ~ 2V,"30µs, 3ms"
MX25U6435FZNI-10G,Macronix,IC FLASH 64MBIT SPI/QUAD 8WSON,memory,5767,3.35,8-WDFN Exposed Pad,Surface Mount,Not For New Designs,"https://www.macronix.com/Lists/Datasheet/Attachments/8664/MX25U6435F,%201.8V,%2064Mb,%20v1.5.pdf",https://www.digikey.com/en/products/detail/macronix/MX25U6435FZNI-10G/3886217,,104 MHz,Not Verified,,FLASH,SPI - Quad I/O,8M x 8,64Mbit,Non-Volatile,-40°C ~ 85°C (TA),,MX25xxx35/36 - MXSMIO™,FLASH - NOR,1.65V ~ 2V,"30µs, 3ms"
MX25U8035FM1I,Macronix,IC FLASH 8MBIT SPI/QUAD 8SOP,memory,4112,0.95,"8-SOIC (0.154"", 3.90mm Width)",Surface Mount,Active,https://www.digikey.com//mm.digikey.com/Volume0/opasdata/d220001/medias/docus/6592/MX25U8035F.pdf,https://www.digikey.com/en/products/detail/macronix/MX25U8035FM1I/10059512,,108 MHz,Not Verified,,FLASH,SPI - Quad I/O,1M x 8,8Mbit,Non-Volatile,-40°C ~ 85°C (TA),,MX25xxx35/36 - MXSMIO™,FLASH - NOR,1.65V ~ 2V,"100µs, 4ms"
MX25U8035FZUI,Macronix,IC FLASH 8MBIT SPI/QUAD 8USON,memory,158790,0.95,8-UFDFN Exposed Pad,Surface Mount,Active,https://www.digikey.com//mm.digikey.com/Volume0/opasdata/d220001/medias/docus/6592/MX25U8035F.pdf,https://www.digikey.com/en/products/detail/macronix/MX25U8035FZUI/10059514,,108 MHz,Not Verified,,FLASH,SPI - Quad I/O,1M x 8,8Mbit,Non-Volatile,-40°C ~ 85°C (TA),,MX25xxx35/36 - MXSMIO™,FLASH - NOR,1.65V ~ 2V,"100µs, 4ms"
MX25UM51245GMI00,Macronix,IC FLASH 512MBIT SPI/OCT 16SOP,memory,151,13.41,"16-SOIC (0.295"", 7.50mm Width)",Surface Mount,Active,https://www.digikey.com//mm.digikey.com/Volume0/opasdata/d220001/medias/docus/6592/MX25UM51245G18V512Mbv14.pdf,https://www.digikey.com/en/products/detail/macronix/MX25UM51245GMI00/18110094,5 ns,200 MHz,,,FLASH,"SPI - Octal I/O, DTR","64M x 8, 512M x 1",512Mbit,Non-Volatile,-40°C ~ 85°C (TA),,MXSMIO™,FLASH - NOR (SLC),1.65V ~ 2V,"60µs, 750µs"
MX25V1006FZUI,Macronix,IC FLASH 1MBIT SPI/DUAL 8USON,memory,7550,0.74,8-UFDFN Exposed Pad,Surface Mount,Active,,https://www.digikey.com/en/products/detail/macronix/MX25V1006FZUI/10059515,,80 MHz,Not Verified,,FLASH,SPI - Dual I/O,128K x 8,1Mbit,Non-Volatile,-40°C ~ 85°C (TA),,MX25xxx05/06/08,FLASH - NOR,2.3V ~ 3.6V,"50µs, 10ms"
MX25V1635FM1I,Macronix,IC FLASH 16MBIT SPI/QUAD 8SOP,memory,32337,1.39,"8-SOIC (0.154"", 3.90mm Width)",Surface Mount,Active,https://www.digikey.com//mm.digikey.com/Volume0/opasdata/d220001/medias/docus/5731/MX25V1635F_Rev1.4_9-13-16.pdf,https://www.digikey.com/en/products/detail/macronix/MX25V1635FM1I/5957746,,80 MHz,Not Verified,,FLASH,SPI - Quad I/O,2M x 8,16Mbit,Non-Volatile,-40°C ~ 85°C (TA),,MXSMIO™,FLASH - NOR,2.3V ~ 3.6V,"100µs, 4ms"
MX25V1635FM1Q03,Macronix,IC FLASH 16MBIT SPI/QUAD 8SOP,memory,5818,1.42,"8-SOIC (0.154"", 3.90mm Width)",Surface Mount,Active,"https://www.mxic.com.tw/Lists/Datasheet/Attachments/8999/MX25V1635F,%202.5V,%2016Mb,%20v1.6.pdf",https://www.digikey.com/en/products/detail/macronix/MX25V1635FM1Q03/16395097,6 ns,80 MHz,Not Verified,,FLASH,SPI - Quad I/O,2M x 8,16Mbit,Non-Volatile,-40°C ~ 125°C (TA),,,FLASH - NOR,2.3V ~ 3.6V,"100µs, 4ms"
MX25V1635FM2I,Macronix,IC FLASH 16MBIT SPI/QUAD 8SOP,memory,19063,1.36,"8-SOIC (0.209"", 5.30mm Width)",Surface Mount,Active,https://www.digikey.com//mm.digikey.com/Volume0/opasdata/d220001/medias/docus/5731/MX25V1635F_Rev1.4_9-13-16.pdf,https://www.digikey.com/en/products/detail/macronix/MX25V1635FM2I/5957745,,80 MHz,Not Verified,,FLASH,SPI - Quad I/O,2M x 8,16Mbit,Non-Volatile,-40°C ~ 85°C (TA),,MXSMIO™,FLASH - NOR,2.3V ~ 3.6V,"100µs, 4ms"
MX25V1635FZNQ03,Macronix,IC FLASH 16MBIT SPI/QUAD 8WSON,memory,6606,2.28,8-WDFN Exposed Pad,Surface Mount,Active,https://www.digikey.com//mm.digikey.com/Volume0/opasdata/d220001/medias/docus/6165/mx25v1635f%2C_202.5v%2C_2016mb%2C_20v1.4.pdf,https://www.digikey.com/en/products/detail/macronix/MX25V1635FZNQ03/15284027,,80 MHz,Verified,,FLASH,SPI - Quad I/O,2M x 8,16Mbit,Non-Volatile,-40°C ~ 125°C (TA),,MXSMIO™,FLASH - NOR,2.3V ~ 3.6V,"100µs, 4ms"
MX25V1635FZUI,Macronix,IC FLASH 16MBIT SPI/QUAD 8USON,memory,11007,1.12,8-UFDFN Exposed Pad,Surface Mount,Active,https://www.digikey.com//mm.digikey.com/Volume0/opasdata/d220001/medias/docus/5731/MX25V1635F_Rev1.4_9-13-16.pdf,https://www.digikey.com/en/products/detail/macronix/MX25V1635FZUI/10059492,,80 MHz,Not Verified,,FLASH,SPI - Quad I/O,2M x 8,16Mbit,Non-Volatile,-40°C ~ 85°C (TA),,MXSMIO™,FLASH - NOR,2.3V ~ 3.6V,"100µs, 4ms"
MX25V2006EM1I-13G,Macronix,IC FLASH 2MBIT SPI 75MHZ 8SOP,memory,1998,1.17,"8-SOIC (0.154"", 3.90mm Width)",Surface Mount,Not For New Designs,https://www.digikey.com//mm.digikey.com/Volume0/opasdata/d220001/medias/docus/837/MX25V2006E.pdf,https://www.digikey.com/en/products/detail/macronix/MX25V2006EM1I-13G/2744796,,75 MHz,Not Verified,,FLASH,SPI,256K x 8,2Mbit,Non-Volatile,-40°C ~ 85°C (TA),,MX25xxx05/06,FLASH - NOR,2.35V ~ 3.6V,"50µs, 1ms"
MX25V2033FM1I,Macronix,IC FLASH 2MBIT SPI/QUAD 8SOP,memory,4334,0.75,"8-SOIC (0.154"", 3.90mm Width)",Surface Mount,Active,"https://www.macronix.com/Lists/Datasheet/Attachments/8679/MX25V2033F,%202.5V,%202Mb,%20v1.0.pdf",https://www.digikey.com/en/products/detail/macronix/MX25V2033FM1I/10059491,,80 MHz,Not Verified,,FLASH,SPI - Quad I/O,256K x 8,2Mbit,Non-Volatile,-40°C ~ 85°C (TA),,MXSMIO™,FLASH - NOR,2.3V ~ 3.6V,"50µs, 10ms"
MX25V2033FZUI,Macronix,IC FLASH 2MBIT SPI/QUAD 8USON,memory,6875,0.73,8-UFDFN Exposed Pad,Surface Mount,Active,"https://www.macronix.com/Lists/Datasheet/Attachments/8679/MX25V2033F,%202.5V,%202Mb,%20v1.0.pdf",https://www.digikey.com/en/products/detail/macronix/MX25V2033FZUI/10059516,,80 MHz,Not Verified,,FLASH,SPI - Quad I/O,256K x 8,2Mbit,Non-Volatile,-40°C ~ 85°C (TA),,MXSMIO™,FLASH - NOR,2.3V ~ 3.6V,"50µs, 10ms"
MX25V4006EM1I-13G,Macronix,IC FLASH 4MBIT SPI 75MHZ 8SOP,memory,28668,0.93,"8-SOIC (0.154"", 3.90mm Width)",Surface Mount,Not For New Designs,https://www.digikey.com//mm.digikey.com/Volume0/opasdata/d220001/medias/docus/976/MX25V4006E.pdf,https://www.digikey.com/en/products/detail/macronix/MX25V4006EM1I-13G/2744798,,75 MHz,Verified,,FLASH,SPI,512K x 8,4Mbit,Non-Volatile,-40°C ~ 85°C (TA),,MX25xxx05/06,FLASH - NOR,2.35V ~ 3.6V,"50µs, 1ms"
MX25V4035FM1Q03,Macronix,IC FLASH 4MBIT SPI/QUAD 8SOP AUT,memory,2663,1.04,"8-SOIC (0.154"", 3.90mm Width)",Surface Mount,Active,https://www.digikey.com//mm.digikey.com/Volume0/opasdata/d220001/medias/docus/6592/MX25V4035F.pdf,https://www.digikey.com/en/products/detail/macronix/MX25V4035FM1Q03/22596989,,,,,FLASH,SPI - Quad I/O,"1M x 4, 2M x 2, 4M x 1",4Mbit,Non-Volatile,-40°C ~ 125°C (TA),,MXSMIO™,FLASH - NOR (SLC),2.3V ~ 3.6V,
MX25V4035FZUI,Macronix,IC FLASH 4MBIT SPI/QUAD 8USON,memory,33911,0.82,8-UFDFN Exposed Pad,Surface Mount,Active,"https://www.mxic.com.tw/Lists/Datasheet/Attachments/8984/MX25V4035F,%202.5V,%204Mb,%20v1.3.pdf",https://www.digikey.com/en/products/detail/macronix/MX25V4035FZUI/7915083,,108 MHz,Verified,,FLASH,SPI - Quad I/O,512K x 8,4Mbit,Non-Volatile,-40°C ~ 85°C (TA),,MXSMIO™,FLASH - NOR,2.3V ~ 3.6V,"100µs, 4ms"
MX25V8035FM1I,Macronix,IC FLASH 8MBIT SPI 104MHZ 8SOP,memory,19968,1.13,"8-SOIC (0.154"", 3.90mm Width)",Surface Mount,Active,https://www.digikey.com//mm.digikey.com/Volume0/opasdata/d220001/medias/docus/887/MX25V8035F.pdf,https://www.digikey.com/en/products/detail/macronix/MX25V8035FM1I/5957748,,104 MHz,Verified,,FLASH,SPI,"2M x 4, 4M x 2, 8M x 1",8Mbit,Non-Volatile,-40°C ~ 85°C (TA),,MXSMIO™,FLASH - NOR,2.3V ~ 3.6V,"100µs, 4ms"
MX25V8035FM2I,Macronix,IC FLASH 8MBIT SPI 104MHZ 8SOP,memory,14875,1.51,"8-SOIC (0.209"", 5.30mm Width)",Surface Mount,Active,https://www.digikey.com//mm.digikey.com/Volume0/opasdata/d220001/medias/docus/887/MX25V8035F.pdf,https://www.digikey.com/en/products/detail/macronix/MX25V8035FM2I/5957747,,104 MHz,Verified,,FLASH,SPI,"2M x 4, 4M x 2, 8M x 1",8Mbit,Non-Volatile,-40°C ~ 85°C (TA),,MXSMIO™,FLASH - NOR,2.3V ~ 3.6V,"100µs, 4ms"
MX25V8035FZUI,Macronix,IC FLASH 8MBIT SPI 104MHZ 8USON,memory,120760,0.95,8-UFDFN Exposed Pad,Surface Mount,Active,https://www.digikey.com//mm.digikey.com/Volume0/opasdata/d220001/medias/docus/887/MX25V8035F.pdf,https://www.digikey.com/en/products/detail/macronix/MX25V8035FZUI/5957729,,104 MHz,Not Verified,,FLASH,SPI,"2M x 4, 4M x 2, 8M x 1",8Mbit,Non-Volatile,-40°C ~ 85°C (TA),,MXSMIO™,FLASH - NOR,2.3V ~ 3.6V,"100µs, 4ms"
MX29F400CBTI-70G,Macronix,IC FLASH 4MBIT PARALLEL 48TSOP,memory,6370,10.07,"48-TFSOP (0.724"", 18.40mm Width)",Surface Mount,Active,"https://www.mxic.com.tw/Lists/Datasheet/Attachments/8538/MX29F400C%20T-B,%205V,%204Mb,%20v2.3.pdf",https://www.digikey.com/en/products/detail/macronix/MX29F400CBTI-70G/2744703,70 ns,,Not Verified,,FLASH,Parallel,512K x 8,4Mbit,Non-Volatile,-40°C ~ 85°C (TA),,MX29F,FLASH - NOR,4.5V ~ 5.5V,70ns
MX29F400CTTI-70G,Macronix,IC FLASH 4MBIT PARALLEL 48TSOP,memory,3443,10.34,"48-TFSOP (0.724"", 18.40mm Width)",Surface Mount,Active,"https://www.macronix.com/Lists/Datasheet/Attachments/8538/MX29F400C%20T-B,%205V,%204Mb,%20v2.3.pdf",https://www.digikey.com/en/products/detail/macronix/MX29F400CTTI-70G/2744702,70 ns,,Not Verified,,FLASH,Parallel,512K x 8,4Mbit,Non-Volatile,-40°C ~ 85°C (TA),,MX29F,FLASH - NOR,4.5V ~ 5.5V,70ns
MX29F800CBTI-70G,Macronix,IC FLASH 8MBIT PARALLEL 48TSOP,memory,2752,12.15,"48-TFSOP (0.724"", 18.40mm Width)",Surface Mount,Active,"https://www.macronix.com/Lists/Datasheet/Attachments/8539/MX29F800C%20T-B,%205V,%208Mb,%20v1.3.pdf",https://www.digikey.com/en/products/detail/macronix/MX29F800CBTI-70G/2744705,70 ns,,Not Verified,,FLASH,Parallel,1M x 8,8Mbit,Non-Volatile,-40°C ~ 85°C (TA),,MX29F,FLASH - NOR,4.5V ~ 5.5V,70ns
MX29F800CTTI-70G,Macronix,IC FLASH 8MBIT PARALLEL 48TSOP,memory,4467,12.15,"48-TFSOP (0.724"", 18.40mm Width)",Surface Mount,Active,"https://www.macronix.com/Lists/Datasheet/Attachments/8539/MX29F800C%20T-B,%205V,%208Mb,%20v1.3.pdf",https://www.digikey.com/en/products/detail/macronix/MX29F800CTTI-70G/2744704,70 ns,,Not Verified,,FLASH,Parallel,1M x 8,8Mbit,Non-Volatile,-40°C ~ 85°C (TA),,MX29F,FLASH - NOR,4.5V ~ 5.5V,70ns
MX29GL256FHXFI-90Q,Macronix,IC FLSH 256MBIT PARALLEL 64LFBGA,memory,6631,14.12,"64-LBGA, CSPBGA",Surface Mount,Active,"https://www.macronix.com/Lists/Datasheet/Attachments/8527/MX29GL256F,%203V,%20256Mb,%20v1.5.pdf",https://www.digikey.com/en/products/detail/macronix/MX29GL256FHXFI-90Q/2744691,90 ns,,Verified,,FLASH,Parallel,32M x 8,256Mbit,Non-Volatile,-40°C ~ 85°C (TA),,MX29GL,FLASH - NOR,2.7V ~ 3.6V,90ns
MX29GL256FLT2I-90Q,Macronix,IC FLASH 256MBIT PARALLEL 56TSOP,memory,971,17.65,"56-TFSOP (0.724"", 18.40mm Width)",Surface Mount,Active,"https://www.macronix.com/Lists/Datasheet/Attachments/8527/MX29GL256F,%203V,%20256Mb,%20v1.5.pdf",https://www.digikey.com/en/products/detail/macronix/MX29GL256FLT2I-90Q/2744733,90 ns,,Not Verified,,FLASH,Parallel,32M x 8,256Mbit,Non-Volatile,-40°C ~ 85°C (TA),,MX29GL,FLASH - NOR,2.7V ~ 3.6V,90ns
MX29LV160DBTI-70G,Macronix,IC FLASH 16MBIT PARALLEL 48TSOP,memory,8230,6.76,"48-TFSOP (0.724"", 18.40mm Width)",Surface Mount,Active,https://www.digikey.com//mm.digikey.com/Volume0/opasdata/d220001/medias/docus/1118/MX29LV160D%28T%2CB%29.pdf,https://www.digikey.com/en/products/detail/macronix/MX29LV160DBTI-70G/2744817,70 ns,,Verified,,FLASH,Parallel,2M x 8,16Mbit,Non-Volatile,-40°C ~ 85°C (TA),,MX29LV,FLASH - NOR,2.7V ~ 3.6V,70ns
MX29LV160DTTI-70G,Macronix,IC FLASH 16MBIT PARALLEL 48TSOP,memory,7295,6.46,"48-TFSOP (0.724"", 18.40mm Width)",Surface Mount,Active,https://www.digikey.com//mm.digikey.com/Volume0/opasdata/d220001/medias/docus/1118/MX29LV160D%28T%2CB%29.pdf,https://www.digikey.com/en/products/detail/macronix/MX29LV160DTTI-70G/2744816,70 ns,,Verified,,FLASH,Parallel,2M x 8,16Mbit,Non-Volatile,-40°C ~ 85°C (TA),,MX29LV,FLASH - NOR,2.7V ~ 3.6V,70ns
MX29LV320EBTI-70G,Macronix,IC FLASH 32MBIT PARALLEL 48TSOP,memory,7857,7.31,"48-TFSOP (0.724"", 18.40mm Width)",Surface Mount,Active,"https://www.macronix.com/Lists/Datasheet/Attachments/8542/MX29LV320E%20T-B,%203V,%2032Mb,%20v1.3.pdf",https://www.digikey.com/en/products/detail/macronix/MX29LV320EBTI-70G/2744812,70 ns,,Verified,,FLASH,Parallel,4M x 8,32Mbit,Non-Volatile,-40°C ~ 85°C (TA),,MX29LV,FLASH - NOR,2.7V ~ 3.6V,70ns
MX29LV320ETTI-70G,Macronix,IC FLASH 32MBIT PARALLEL 48TSOP,memory,3977,7.31,"48-TFSOP (0.724"", 18.40mm Width)",Surface Mount,Active,"https://www.mxic.com.tw/Lists/Datasheet/Attachments/8542/MX29LV320E%20T-B,%203V,%2032Mb,%20v1.3.pdf",https://www.digikey.com/en/products/detail/macronix/MX29LV320ETTI-70G/2744784,70 ns,,Verified,,FLASH,Parallel,4M x 8,32Mbit,Non-Volatile,-40°C ~ 85°C (TA),,MX29LV,FLASH - NOR,2.7V ~ 3.6V,70ns
MX29LV320ETXEI-70G,Macronix,IC FLASH 32MBIT PARALLEL 48LFBGA,memory,1286,6.08,"48-LFBGA, CSPBGA",Surface Mount,Active,"https://www.mxic.com.tw/Lists/Datasheet/Attachments/8542/MX29LV320E%20T-B,%203V,%2032Mb,%20v1.3.pdf",https://www.digikey.com/en/products/detail/macronix/MX29LV320ETXEI-70G/2744714,70 ns,,Not Verified,,FLASH,Parallel,4M x 8,32Mbit,Non-Volatile,-40°C ~ 85°C (TA),,MX29LV,FLASH - NOR,2.7V ~ 3.6V,70ns
MX29LV400CTTI-70G,Macronix,IC FLASH 4MBIT PARALLEL 48TSOP,memory,1355,4.7,"48-TFSOP (0.724"", 18.40mm Width)",Surface Mount,Active,https://www.digikey.com//mm.digikey.com/Volume0/opasdata/d220001/medias/docus/29/MX29LV400%2C800%2C160C.pdf,https://www.digikey.com/en/products/detail/macronix/MX29LV400CTTI-70G/2744780,70 ns,,Not Verified,,FLASH,Parallel,512K x 8,4Mbit,Non-Volatile,-40°C ~ 85°C (TA),,MX29LV,FLASH - NOR,2.7V ~ 3.6V,70ns
MX29LV640EBTI-70G,Macronix,IC FLASH 64MBIT PARALLEL 48TSOP,memory,7148,8.42,"48-TFSOP (0.724"", 18.40mm Width)",Surface Mount,Active,"https://www.macronix.com/Lists/Datasheet/Attachments/8514/MX29LV640E%20T-B,%203V,%2064Mb,%20v1.7.pdf",https://www.digikey.com/en/products/detail/macronix/MX29LV640EBTI-70G/2744813,70 ns,,Not Verified,,FLASH,Parallel,8M x 8,64Mbit,Non-Volatile,-40°C ~ 85°C (TA),,MX29LV,FLASH - NOR,2.7V ~ 3.6V,70ns
MX29LV640ETTI-70G,Macronix,IC FLASH 64MBIT PARALLEL 48TSOP,memory,1902,8.42,"48-TFSOP (0.724"", 18.40mm Width)",Surface Mount,Active,"https://www.macronix.com/Lists/Datasheet/Attachments/8514/MX29LV640E%20T-B,%203V,%2064Mb,%20v1.7.pdf",https://www.digikey.com/en/products/detail/macronix/MX29LV640ETTI-70G/2744787,70 ns,,Verified,,FLASH,Parallel,8M x 8,64Mbit,Non-Volatile,-40°C ~ 85°C (TA),,MX29LV,FLASH - NOR,2.7V ~ 3.6V,70ns
MX29LV800CBTI-70G,Macronix,IC FLASH 8MBIT PARALLEL 48TSOP,memory,187,5.95,"48-TFSOP (0.724"", 18.40mm Width)",Surface Mount,Active,https://www.digikey.com//mm.digikey.com/Volume0/opasdata/d220001/medias/docus/29/MX29LV400%2C800%2C160C.pdf,https://www.digikey.com/en/products/detail/macronix/MX29LV800CBTI-70G/2744783,70 ns,,Verified,,FLASH,Parallel,1M x 8,8Mbit,Non-Volatile,-40°C ~ 85°C (TA),,MX29LV,FLASH - NOR,2.7V ~ 3.6V,70ns
MX30LF1G28AD-TI,Macronix,IC FLASH 1GBIT PARALLEL 48TSOP,memory,670,9.98,"48-TFSOP (0.724"", 18.40mm Width)",Surface Mount,Active,"https://www.macronix.com/Lists/Datasheet/Attachments/8863/MX30LF2G28AD,%203V,%202Gb,%20v1.3.pdf",https://www.digikey.com/en/products/detail/macronix/MX30LF1G28AD-TI/13420749,,,Not Verified,,FLASH,Parallel,128M x 8,1Gbit,Non-Volatile,-40°C ~ 85°C (TA),,MX30LF,FLASH - NAND (SLC),2.7V ~ 3.6V,20ns
MX30LF4G18AC-TI,Macronix,IC FLASH 4GBIT PARALLEL 48TSOP,memory,899,31.12,"48-TFSOP (0.724"", 18.40mm Width)",Surface Mount,Not For New Designs,https://www.macronix.com/Lists/ApplicationNote/Attachments/2069/AN0719V2-MGRT-MX30LF2G18AC%20to%20MX30LF2G28AD.pdf,https://www.digikey.com/en/products/detail/macronix/MX30LF4G18AC-TI/4968349,20 ns,,Not Verified,,FLASH,Parallel,512M x 8,4Gbit,Non-Volatile,-40°C ~ 85°C (TA),,MX30LF,FLASH - NAND (SLC),2.7V ~ 3.6V,20ns
MX30LF4G28AD-TI,Macronix,IC FLASH 4GBIT PARALLEL 48TSOP,memory,2128,26.83,"48-TFSOP (0.724"", 18.40mm Width)",Surface Mount,Active,"https://www.macronix.com/Lists/Datasheet/Attachments/8863/MX30LF2G28AD,%203V,%202Gb,%20v1.3.pdf",https://www.digikey.com/en/products/detail/macronix/MX30LF4G28AD-TI/13420748,,,Not Verified,,FLASH,Parallel,512M x 8,4Gbit,Non-Volatile,-40°C ~ 85°C (TA),,MX30LF,FLASH - NAND (SLC),2.7V ~ 3.6V,20ns
MX30LF4G28AD-XKI,Macronix,IC FLASH 4GBIT PARALLEL 63VFBGA,memory,1339,30.05,63-VFBGA,Surface Mount,Active,"https://www.macronix.com/Lists/Datasheet/Attachments/8863/MX30LF2G28AD,%203V,%202Gb,%20v1.3.pdf",https://www.digikey.com/en/products/detail/macronix/MX30LF4G28AD-XKI/13420751,,,Not Verified,,FLASH,Parallel,512M x 8,4Gbit,Non-Volatile,-40°C ~ 85°C (TA),,MX30LF,FLASH - NAND (SLC),2.7V ~ 3.6V,20ns
MX35LF2GE4AD-Z4I,Macronix,IC FLASH 2GBIT SPI/QUAD 8WSON,memory,140,14.85,8-WDFN Exposed Pad,Surface Mount,Active,https://www.digikey.com//mm.digikey.com/Volume0/opasdata/d220001/medias/docus/6165/MX35LF4GE4AD3V4Gbv13.pdf,https://www.digikey.com/en/products/detail/macronix/MX35LF2GE4AD-Z4I/18110001,8 ns,104 MHz,,,FLASH,SPI - Quad I/O,512M x 4,2Gbit,Non-Volatile,-40°C ~ 85°C (TA),,MX35LF,FLASH - NAND (SLC),2.7V ~ 3.6V,800µs
MX35UF4G24AD-Z4I8,Macronix,IC FLASH 4GBIT SERIAL NAND 8-WSO,memory,1189,20.33,8-WDFN Exposed Pad,Surface Mount,Active,"https://www.macronix.com/Lists/Datasheet/Attachments/9033/MX35UF4G24AD,%201.8V,%204Gb,%20v1.4.pdf",https://www.digikey.com/en/products/detail/macronix/MX35UF4G24AD-Z4I8/24773874,5 ns,166 MHz,,,FLASH,SPI,1G x 4,4Gbit,Non-Volatile,-40°C ~ 85°C (TA),,MX35UF,FLASH - NAND (SLC),1.7V ~ 1.95V,700µs
MX52LM04A11XSI,Macronix,IC FLASH 4GB EMMC 153-BGA (11.5X,memory,7302,65.45,153-VFBGA,Surface Mount,Active,"https://www.mxic.com.tw/Lists/Datasheet/Attachments/9224/MX52LM04A11,%203V,%204GB,%20v1.8.pdf",https://www.digikey.com/en/products/detail/macronix/MX52LM04A11XSI/25824296,,200 MHz,,,FLASH,eMMC_5.1,4G x 8,32Gbit,Non-Volatile,-40°C ~ 85°C (TA),,e.MMC™,FLASH - NAND (MLC),2.7V ~ 3.6V,
MX52LM04A11XVW,Macronix,IC FLASH 4GB EMMC 153-BGA (11.5X,memory,535,54.95,153-VFBGA,Surface Mount,Active,"https://www.mxic.com.tw/Lists/Datasheet/Attachments/9224/MX52LM04A11,%203V,%204GB,%20v1.8.pdf",https://www.digikey.com/en/products/detail/macronix/MX52LM04A11XVW/25824297,,200 MHz,,,FLASH,eMMC_5.1,4G x 8,32Gbit,Non-Volatile,-25°C ~ 85°C,,e•MMC™,FLASH - NAND (MLC),2.7V ~ 3.6V,
MX52LM08A11XVI,Macronix,IC FLASH 8GB EMMC 153-BGA (11.5X,memory,520,81.77,153-VFBGA,Surface Mount,Active,"https://www.mxic.com.tw/Lists/Datasheet/Attachments/9224/MX52LM04A11,%203V,%204GB,%20v1.8.pdf",https://www.digikey.com/en/products/detail/macronix/MX52LM08A11XVI/25824295,,200 MHz,,,FLASH,eMMC_5.1,8G x 8,64GBIT,Non-Volatile,-40°C ~ 85°C (TA),,e.MMC™,FLASH - NAND (MLC),2.7V ~ 3.6V,
MX52LM08A11XVW,Macronix,IC FLASH 8GB EMMC 153-BGA (11.5X,memory,2825,69.38,153-VFBGA,Surface Mount,Active,"https://www.mxic.com.tw/Lists/Datasheet/Attachments/9224/MX52LM04A11,%203V,%204GB,%20v1.8.pdf",https://www.digikey.com/en/products/detail/macronix/MX52LM08A11XVW/25824294,,200 MHz,,,FLASH,eMMC_5.1,8G x 8,64Gbit,Non-Volatile,-25°C ~ 85°C,,e•MMC™,FLASH - NAND (MLC),2.7V ~ 3.6V,
MX60LF8G28AD-TI,Macronix,IC FLASH 8GBIT PARALLEL 48TSOP,memory,1153,39.65,"48-TFSOP (0.724"", 18.40mm Width)",Surface Mount,Active,"https://www.macronix.com/Lists/Datasheet/Attachments/8865/MX60LF8G28AD,%203V,%208Gb,%20v1.1.pdf",https://www.digikey.com/en/products/detail/macronix/MX60LF8G28AD-TI/13420752,,,Not Verified,,FLASH,Parallel,1G x 8,8Gbit,Non-Volatile,-40°C ~ 85°C (TA),,MX60LF,FLASH - NAND (SLC),2.7V ~ 3.6V,700µs
MX66L2G45GMI00,Macronix,IC FLASH 2GBIT SPI/QUAD 16-SOP I,memory,705,55.21,"16-SOIC (0.295"", 7.50mm Width)",Surface Mount,Active,"https://www.macronix.com/Lists/Datasheet/Attachments/8959/MX66L2G45G,%203V,%202Gb,%20v1.1.pdf",https://www.digikey.com/en/products/detail/macronix/MX66L2G45GMI00/24773871,7.5 ns,133 MHz,,,FLASH,"SPI - Quad I/O, QPI","512M x 4, 1G x 2, 2G x 1",2Gbit,Non-Volatile,-40°C ~ 85°C (TA),,MXSMIO™,FLASH - NOR (SLC),2.7V ~ 3.6V,"60µs, 1.5ms"
MX66LM1G45GXDI00,Macronix,IC FLASH 1GBIT SPI/OCTA 24CSPBGA,memory,1610,30.63,24-TBGA,Surface Mount,Active,"http://www.macronix.com/Lists/Datasheet/Attachments/7420/MX66LM1G45G,%203V,%201Gb,%20v1.0.pdf",https://www.digikey.com/en/products/detail/macronix/MX66LM1G45GXDI00/9808871,,133 MHz,Not Verified,,FLASH,"SPI - Octal I/O, DTR",128M x 8,1Gbit,Non-Volatile,-40°C ~ 85°C (TA),,MXSMIO™,FLASH - NOR,2.7V ~ 3.6V,"40µs, 750µs"
MX66U1G45GMI00,Macronix,IC FLASH 1GBIT SPI/QUAD 16SOP,memory,2317,30.59,"16-SOIC (0.295"", 7.50mm Width)",Surface Mount,Active,"https://www.macronix.com/Lists/Datasheet/Attachments/8399/MX66U1G45G,%201.8V,%201Gb,%20v1.2.pdf",https://www.digikey.com/en/products/detail/macronix/MX66U1G45GMI00/7915153,,166 MHz,Not Verified,,FLASH,"SPI - Quad I/O, DTR",128M x 8,1Gbit,Non-Volatile,-40°C ~ 85°C (TA),,MXSMIO™,FLASH - NOR,1.65V ~ 2V,"60µs, 750µs"
MX66U1G45GXDI54,Macronix,IC FLASH 1GBIT SPI/QUAD 24CSPBGA,memory,1648,30.59,"24-TBGA, CSPBGA",Surface Mount,Active,"https://www.macronix.com/Lists/Datasheet/Attachments/8741/MX66U1G45G%2054,%201.8V,%201Gb,%20v1.1.pdf",https://www.digikey.com/en/products/detail/macronix/MX66U1G45GXDI54/18109998,5.5 ns,166 MHz,,,FLASH,"SPI - Quad I/O, QPI, DTR","256M x 4, 512M x 2, 1G x 1",1Gbit,Non-Volatile,-40°C ~ 85°C (TA),,MXSMIO™,FLASH - NOR (SLC),1.65V ~ 2V,"60µs, 750ns"
MX66U1G93GMI40,Macronix,IC FLASH,memory,2107,30.59,"16-SOIC (0.295"", 7.50mm Width)",Surface Mount,Active,"https://www.macronix.com/Lists/Datasheet/Attachments/8966/MX66U1G93G,%201.8V,%201Gb,%20v1.0.pdf",https://www.digikey.com/en/products/detail/macronix/MX66U1G93GMI40/26221333,5.5 ns,166 MHz,,,FLASH,"SPI - Quad I/O, QPI, DTR","256M x 4, 512M x 2, 1G x 1",1Gbit,Non-Volatile,-40°C ~ 85°C (TA),,MXSMIO™,FLASH - NOR (SLC),1.65V ~ 2V,"60µs, 750µs"
MX66UM1G45GXDI00,Macronix,IC FLASH 1GBIT SPI/OCTA 24CSPBGA,memory,3744,35.0,24-TBGA,Surface Mount,Active,"http://www.macronix.com/Lists/Datasheet/Attachments/7599/MX66UM1G45G,%201.8V,%201Gb,%20v1.0.pdf",https://www.digikey.com/en/products/detail/macronix/MX66UM1G45GXDI00/9808872,,166 MHz,Not Verified,,FLASH,"SPI - Octal I/O, DTR",128M x 8,1Gbit,Non-Volatile,-40°C ~ 85°C (TA),,MXSMIO™,FLASH - NOR,1.65V ~ 2V,750µs
MX66UW1G45GXDI00,Macronix,IC FLASH 1GBIT SPI/QUAD 24TFBGA,memory,570,36.47,24-BGA,Surface Mount,Active,https://www.mxic.com.tw/en-us/products/NOR-Flash/Serial-NOR-Flash/Documents/The_MXSMIO_Implement_Brochure.pdf,https://www.digikey.com/en/products/detail/macronix/MX66UW1G45GXDI00/18110052,,200 MHz,,,FLASH,SPI - Octal I/O,128M x 8,1Gbit,Non-Volatile,-40°C ~ 85°C,,MXSMIO™,FLASH - NOR (SLC),1.65V ~ 2V,
MX77U51250FMI42,Macronix,IC FLASH 512MBIT,memory,880,18.37,-,-,Not For New Designs,https://www.mxic.com.tw/en-us/products/NOR-Flash/Serial-NOR-Flash/Documents/The_MXSMIO_Implement_Brochure.pdf,https://www.digikey.com/en/products/detail/macronix/MX77U51250FMI42/18110037,,,,,FLASH,,,512Mbit,,,,,,,
N21C21ASNDT3G,onsemi,IC EPROM 1KBIT 1-WIRE SOT23-3,memory,2890,0.34,"TO-236-3, SC-59, SOT-23-3",Surface Mount,Active,https://www.onsemi.com/download/data-sheet/pdf/n21c21a-d.pdf,https://www.digikey.com/en/products/detail/onsemi/N21C21ASNDT3G/12525435,,,Not Verified,,EPROM,1-Wire®,128 x 8,1Kbit,Non-Volatile,-40°C ~ 85°C (TA),,,EPROM - OTP,2.65V ~ 5.5V,5µs
S25FL064LABMFA013,Infineon Technologies,IC FLASH 64MBIT SPI/QUAD 8SOIC,memory,10954,1.86,"8-SOIC (0.209"", 5.30mm Width)",Surface Mount,Active,https://www.infineon.com/assets/row/public/documents/10/49/infineon-s25fl064l-64-mbit-8-mbyte-3-datasheet-en.pdf,https://www.digikey.com/en/products/detail/infineon-technologies/S25FL064LABMFA013/7423061,,108 MHz,Verified,Automotive,FLASH,"SPI - Quad I/O, QPI",8M x 8,64Mbit,Non-Volatile,-40°C ~ 85°C (TA),AEC-Q100,FL-L,FLASH - NOR,2.7V ~ 3.6V,
S25FL064LABMFI003,Infineon Technologies,IC FLASH 64MBIT SPI/QUAD 16SOIC,memory,1498,1.67,"16-SOIC (0.295"", 7.50mm Width)",Surface Mount,Active,https://www.infineon.com/assets/row/public/documents/10/49/infineon-s25fl064l-64-mbit-8-mbyte-3-datasheet-en.pdf,https://www.digikey.com/en/products/detail/infineon-technologies/S25FL064LABMFI003/7363011,,108 MHz,Not Verified,,FLASH,"SPI - Quad I/O, QPI",8M x 8,64Mbit,Non-Volatile,-40°C ~ 85°C (TA),,FL-L,FLASH - NOR,2.7V ~ 3.6V,
S25FL064LABMFI010,Infineon Technologies,IC FLASH 64MBIT SPI/QUAD 8SOIC,memory,25723,1.67,"8-SOIC (0.209"", 5.30mm Width)",Surface Mount,Active,https://www.infineon.com/assets/row/public/documents/10/49/infineon-s25fl064l-64-mbit-8-mbyte-3-datasheet-en.pdf,https://www.digikey.com/en/products/detail/infineon-technologies/S25FL064LABMFI010/7034902,,108 MHz,Verified,,FLASH,"SPI - Quad I/O, QPI",8M x 8,64Mbit,Non-Volatile,-40°C ~ 85°C (TA),,FL-L,FLASH - NOR,2.7V ~ 3.6V,
S25FL064LABMFI011,Infineon Technologies,IC FLASH 64MBIT SPI/QUAD 8SOIC,memory,766,1.67,"8-SOIC (0.209"", 5.30mm Width)",Surface Mount,Active,https://www.infineon.com/assets/row/public/documents/10/49/infineon-s25fl064l-64-mbit-8-mbyte-3-datasheet-en.pdf,https://www.digikey.com/en/products/detail/infineon-technologies/S25FL064LABMFI011/7034916,,108 MHz,Verified,,FLASH,"SPI - Quad I/O, QPI",8M x 8,64Mbit,Non-Volatile,-40°C ~ 85°C (TA),,FL-L,FLASH - NOR,2.7V ~ 3.6V,
S25FL064LABMFI013,Infineon Technologies,IC FLASH 64MBIT SPI/QUAD 8SOIC,memory,86011,1.67,"8-SOIC (0.209"", 5.30mm Width)",Surface Mount,Active,https://www.infineon.com/assets/row/public/documents/10/49/infineon-s25fl064l-64-mbit-8-mbyte-3-datasheet-en.pdf,https://www.digikey.com/en/products/detail/infineon-technologies/S25FL064LABMFI013/7034906,,108 MHz,Verified,,FLASH,"SPI - Quad I/O, QPI",8M x 8,64Mbit,Non-Volatile,-40°C ~ 85°C (TA),,FL-L,FLASH - NOR,2.7V ~ 3.6V,
S25FL064LABMFM000,Infineon Technologies,IC FLASH 64MBIT SPI/QUAD 16SOIC,memory,198,2.17,"16-SOIC (0.295"", 7.50mm Width)",Surface Mount,Active,https://www.infineon.com/assets/row/public/documents/10/49/infineon-s25fl064l-64-mbit-8-mbyte-3-datasheet-en.pdf,https://www.digikey.com/en/products/detail/infineon-technologies/S25FL064LABMFM000/8258709,,108 MHz,Not Verified,Automotive,FLASH,"SPI - Quad I/O, QPI",8M x 8,64Mbit,Non-Volatile,-40°C ~ 125°C (TA),AEC-Q100,FL-L,FLASH - NOR,2.7V ~ 3.6V,
S25FL064LABMFM010,Infineon Technologies,IC FLASH 64MBIT SPI/QUAD 8SOIC,memory,1147,2.17,"8-SOIC (0.209"", 5.30mm Width)",Surface Mount,Active,https://www.infineon.com/assets/row/public/documents/10/49/infineon-s25fl064l-64-mbit-8-mbyte-3-datasheet-en.pdf,https://www.digikey.com/en/products/detail/infineon-technologies/S25FL064LABMFM010/7322844,,108 MHz,Verified,Automotive,FLASH,"SPI - Quad I/O, QPI",8M x 8,64Mbit,Non-Volatile,-40°C ~ 125°C (TA),AEC-Q100,FL-L,FLASH - NOR,2.7V ~ 3.6V,
S25FL064LABMFM013,Infineon Technologies,IC FLASH 64MBIT SPI/QUAD 8SOIC,memory,4154,2.17,"8-SOIC (0.209"", 5.30mm Width)",Surface Mount,Active,https://www.infineon.com/assets/row/public/documents/10/49/infineon-s25fl064l-64-mbit-8-mbyte-3-datasheet-en.pdf,https://www.digikey.com/en/products/detail/infineon-technologies/S25FL064LABMFM013/7363009,,108 MHz,Not Verified,Automotive,FLASH,"SPI - Quad I/O, QPI",8M x 8,64Mbit,Non-Volatile,-40°C ~ 125°C (TA),AEC-Q100,FL-L,FLASH - NOR,2.7V ~ 3.6V,
S25FL064LABMFV010,Infineon Technologies,IC FLASH 64MBIT SPI/QUAD 8SOIC,memory,1849,1.79,"8-SOIC (0.209"", 5.30mm Width)",Surface Mount,Active,https://www.infineon.com/assets/row/public/documents/10/49/infineon-s25fl064l-64-mbit-8-mbyte-3-datasheet-en.pdf,https://www.digikey.com/en/products/detail/infineon-technologies/S25FL064LABMFV010/7034913,,108 MHz,Verified,,FLASH,"SPI - Quad I/O, QPI",8M x 8,64Mbit,Non-Volatile,-40°C ~ 105°C (TA),,FL-L,FLASH - NOR,2.7V ~ 3.6V,
S25FL064LABMFV013,Infineon Technologies,IC FLASH 64MBIT SPI/QUAD 8SOIC,memory,30156,1.79,"8-SOIC (0.209"", 5.30mm Width)",Surface Mount,Active,https://www.infineon.com/assets/row/public/documents/10/49/infineon-s25fl064l-64-mbit-8-mbyte-3-datasheet-en.pdf,https://www.digikey.com/en/products/detail/infineon-technologies/S25FL064LABMFV013/7034915,,108 MHz,Verified,,FLASH,"SPI - Quad I/O, QPI",8M x 8,64Mbit,Non-Volatile,-40°C ~ 105°C (TA),,FL-L,FLASH - NOR,2.7V ~ 3.6V,
S25FL064LABNFA010,Infineon Technologies,IC FLASH 64MBIT SPI/QUAD 8WSON,memory,6491,1.86,8-WFDFN Exposed Pad,Surface Mount,Active,https://www.infineon.com/assets/row/public/documents/10/49/infineon-s25fl064l-64-mbit-8-mbyte-3-datasheet-en.pdf,https://www.digikey.com/en/products/detail/infineon-technologies/S25FL064LABNFA010/7423053,,108 MHz,Not Verified,Automotive,FLASH,"SPI - Quad I/O, QPI",8M x 8,64Mbit,Non-Volatile,-40°C ~ 85°C (TA),AEC-Q100,FL-L,FLASH - NOR,2.7V ~ 3.6V,
S25FL064LABNFA040,Infineon Technologies,IC FLASH 64MBIT SPI/QUAD 8USON,memory,2309,1.86,8-UDFN Exposed Pad,Surface Mount,Active,https://www.infineon.com/assets/row/public/documents/10/49/infineon-s25fl064l-64-mbit-8-mbyte-3-datasheet-en.pdf,https://www.digikey.com/en/products/detail/infineon-technologies/S25FL064LABNFA040/8258713,,108 MHz,Not Verified,Automotive,FLASH,"SPI - Quad I/O, QPI",8M x 8,64Mbit,Non-Volatile,-40°C ~ 85°C (TA),AEC-Q100,FL-L,FLASH - NOR,2.7V ~ 3.6V,
S25FL064LABNFI011,Infineon Technologies,IC FLASH 64MBIT SPI/QUAD 8WSON,memory,3704,1.67,8-WFDFN Exposed Pad,Surface Mount,Active,https://www.infineon.com/assets/row/public/documents/10/49/infineon-s25fl064l-64-mbit-8-mbyte-3-datasheet-en.pdf,https://www.digikey.com/en/products/detail/infineon-technologies/S25FL064LABNFI011/7363003,,108 MHz,Not Verified,,FLASH,"SPI - Quad I/O, QPI",8M x 8,64Mbit,Non-Volatile,-40°C ~ 85°C (TA),,FL-L,FLASH - NOR,2.7V ~ 3.6V,
S25FL064LABNFI013,Infineon Technologies,IC FLASH 64MBIT SPI/QUAD 8WSON,memory,12755,1.67,8-WFDFN Exposed Pad,Surface Mount,Active,https://www.infineon.com/assets/row/public/documents/10/49/infineon-s25fl064l-64-mbit-8-mbyte-3-datasheet-en.pdf,https://www.digikey.com/en/products/detail/infineon-technologies/S25FL064LABNFI013/7363002,,108 MHz,Not Verified,,FLASH,"SPI - Quad I/O, QPI",8M x 8,64Mbit,Non-Volatile,-40°C ~ 85°C (TA),,FL-L,FLASH - NOR,2.7V ~ 3.6V,
S25FL064LABNFI040,Infineon Technologies,IC FLASH 64MBIT SPI/QUAD 8USON,memory,3613,1.67,8-UDFN Exposed Pad,Surface Mount,Active,https://www.infineon.com/assets/row/public/documents/10/49/infineon-s25fl064l-64-mbit-8-mbyte-3-datasheet-en.pdf,https://www.digikey.com/en/products/detail/infineon-technologies/S25FL064LABNFI040/7034903,,108 MHz,Not Verified,,FLASH,"SPI - Quad I/O, QPI",8M x 8,64Mbit,Non-Volatile,-40°C ~ 85°C (TA),,FL-L,FLASH - NOR,2.7V ~ 3.6V,
S25FL064LABNFI043,Infineon Technologies,IC FLASH 64MBIT SPI/QUAD 8USON,memory,53783,1.67,8-UDFN Exposed Pad,Surface Mount,Active,https://www.infineon.com/assets/row/public/documents/10/49/infineon-s25fl064l-64-mbit-8-mbyte-3-datasheet-en.pdf,https://www.digikey.com/en/products/detail/infineon-technologies/S25FL064LABNFI043/7034907,,108 MHz,Not Verified,,FLASH,"SPI - Quad I/O, QPI",8M x 8,64Mbit,Non-Volatile,-40°C ~ 85°C (TA),,FL-L,FLASH - NOR,2.7V ~ 3.6V,
S25FL064LABNFM010,Infineon Technologies,IC FLASH 64MBIT SPI/QUAD 8WSON,memory,972,2.17,8-WFDFN Exposed Pad,Surface Mount,Active,https://www.infineon.com/assets/row/public/documents/10/49/infineon-s25fl064l-64-mbit-8-mbyte-3-datasheet-en.pdf,https://www.digikey.com/en/products/detail/infineon-technologies/S25FL064LABNFM010/7363001,,108 MHz,Not Verified,Automotive,FLASH,"SPI - Quad I/O, QPI",8M x 8,64Mbit,Non-Volatile,-40°C ~ 125°C (TA),AEC-Q100,FL-L,FLASH - NOR,2.7V ~ 3.6V,
S25FL064LABNFM040,Infineon Technologies,IC FLASH 64MBIT SPI/QUAD 8USON,memory,862,1.84,8-UDFN Exposed Pad,Surface Mount,Active,https://www.infineon.com/assets/row/public/documents/10/49/infineon-s25fl064l-64-mbit-8-mbyte-3-datasheet-en.pdf,https://www.digikey.com/en/products/detail/infineon-technologies/S25FL064LABNFM040/11486457,,108 MHz,Not Verified,,FLASH,"SPI - Quad I/O, QPI",8M x 8,64Mbit,Non-Volatile,-40°C ~ 125°C (TA),,FL-L,FLASH - NOR,2.7V ~ 3.6V,
S25FL128LAGBHI020,Infineon Technologies,IC FLASH 128MBIT SPI/QUAD 24BGA,memory,438,2.93,24-TBGA,Surface Mount,Active,https://www.infineon.com/assets/row/public/documents/10/49/infineon-s25fl128s-s25fl256s-128-mb-16-mb-256-mb-32-mb-fl-s-flash-spi-multi-io-3-v-datasheet-en.pdf,https://www.digikey.com/en/products/detail/infineon-technologies/S25FL128LAGBHI020/7100881,,133 MHz,Not Verified,,FLASH,"SPI - Quad I/O, QPI",16M x 8,128Mbit,Non-Volatile,-40°C ~ 85°C (TA),,FL-L,FLASH - NOR,2.7V ~ 3.6V,
S25FL128LAGMFB013,Infineon Technologies,IC FLASH 128MBIT SPI/QUAD 8SOIC,memory,3015,3.37,"8-SOIC (0.209"", 5.30mm Width)",Surface Mount,Active,https://www.digikey.com//mm.digikey.com/Volume0/opasdata/d220001/medias/docus/8315/S25FL.pdf,https://www.digikey.com/en/products/detail/infineon-technologies/S25FL128LAGMFB013/8258732,,133 MHz,Not Verified,Automotive,FLASH,"SPI - Quad I/O, QPI",16M x 8,128Mbit,Non-Volatile,-40°C ~ 105°C (TA),AEC-Q100,FL-L,FLASH - NOR,2.7V ~ 3.6V,
S25FL128LAGMFI000,Infineon Technologies,IC FLASH 128MBIT SPI/QUAD 16SOIC,memory,1064,2.93,"16-SOIC (0.295"", 7.50mm Width)",Surface Mount,Active,https://www.digikey.com//mm.digikey.com/Volume0/opasdata/d220001/medias/docus/8315/S25FL.pdf,https://www.digikey.com/en/products/detail/infineon-technologies/S25FL128LAGMFI000/7696758,,133 MHz,Not Verified,,FLASH,"SPI - Quad I/O, QPI",16M x 8,128Mbit,Non-Volatile,-40°C ~ 85°C (TA),,FL-L,FLASH - NOR,2.7V ~ 3.6V,
S25FL128LAGMFI003,Infineon Technologies,IC FLASH 128MBIT SPI/QUAD 16SOIC,memory,4906,2.93,"16-SOIC (0.295"", 7.50mm Width)",Surface Mount,Active,https://www.digikey.com//mm.digikey.com/Volume0/opasdata/d220001/medias/docus/7160/INFN-S-A0017271261-1.pdf,https://www.digikey.com/en/products/detail/infineon-technologies/S25FL128LAGMFI003/7696749,,133 MHz,Not Verified,,FLASH,"SPI - Quad I/O, QPI",16M x 8,128Mbit,Non-Volatile,-40°C ~ 85°C (TA),,FL-L,FLASH - NOR,2.7V ~ 3.6V,
S25FL128LAGMFI010,Infineon Technologies,IC FLASH 128MBIT SPI/QUAD 8SOIC,memory,12016,2.93,"8-SOIC (0.209"", 5.30mm Width)",Surface Mount,Active,https://www.digikey.com//mm.digikey.com/Volume0/opasdata/d220001/medias/docus/8315/S25FL.pdf,https://www.digikey.com/en/products/detail/infineon-technologies/S25FL128LAGMFI010/7100879,,133 MHz,Not Verified,,FLASH,"SPI - Quad I/O, QPI",16M x 8,128Mbit,Non-Volatile,-40°C ~ 85°C (TA),,FL-L,FLASH - NOR,2.7V ~ 3.6V,
S25FL128LAGMFI013,Infineon Technologies,IC FLASH 128MBIT SPI/QUAD 8SOIC,memory,55592,2.93,"8-SOIC (0.209"", 5.30mm Width)",Surface Mount,Active,https://www.digikey.com//mm.digikey.com/Volume0/opasdata/d220001/medias/docus/8315/S25FL.pdf,https://www.digikey.com/en/products/detail/infineon-technologies/S25FL128LAGMFI013/8258733,,133 MHz,Verified,,FLASH,"SPI - Quad I/O, QPI",16M x 8,128Mbit,Non-Volatile,-40°C ~ 85°C (TA),,FL-L,FLASH - NOR,2.7V ~ 3.6V,
S25FL128LAGMFM010,Infineon Technologies,IC FLASH 128MBIT SPI/QUAD 8SOIC,memory,6411,3.6,"8-SOIC (0.209"", 5.30mm Width)",Surface Mount,Active,https://www.digikey.com//mm.digikey.com/Volume0/opasdata/d220001/medias/docus/8315/S25FL.pdf,https://www.digikey.com/en/products/detail/infineon-technologies/S25FL128LAGMFM010/7322845,,133 MHz,Not Verified,Automotive,FLASH,"SPI - Quad I/O, QPI",16M x 8,128Mbit,Non-Volatile,-40°C ~ 125°C (TA),AEC-Q100,FL-L,FLASH - NOR,2.7V ~ 3.6V,
S25FL128LAGMFV010,Infineon Technologies,IC FLASH 128MBIT SPI/QUAD 8SOIC,memory,1601,2.99,"8-SOIC (0.209"", 5.30mm Width)",Surface Mount,Active,https://www.digikey.com//mm.digikey.com/Volume0/opasdata/d220001/medias/docus/8315/S25FL.pdf,https://www.digikey.com/en/products/detail/infineon-technologies/S25FL128LAGMFV010/7100880,,133 MHz,Not Verified,,FLASH,"SPI - Quad I/O, QPI",16M x 8,128Mbit,Non-Volatile,-40°C ~ 105°C (TA),,FL-L,FLASH - NOR,2.7V ~ 3.6V,
S25FL128LAGMFV013,Infineon Technologies,IC FLASH 128MBIT SPI/QUAD 8SOIC,memory,6254,2.99,"8-SOIC (0.209"", 5.30mm Width)",Surface Mount,Active,https://www.digikey.com//mm.digikey.com/Volume0/opasdata/d220001/medias/docus/8315/S25FL.pdf,https://www.digikey.com/en/products/detail/infineon-technologies/S25FL128LAGMFV013/8258737,,133 MHz,Not Verified,,FLASH,"SPI - Quad I/O, QPI",16M x 8,128Mbit,Non-Volatile,-40°C ~ 105°C (TA),,FL-L,FLASH - NOR,2.7V ~ 3.6V,
S25FL128LAGNFB010,Infineon Technologies,IC FLASH 128MBIT SPI/QUAD 8WSON,memory,895,3.37,8-WDFN Exposed Pad,Surface Mount,Active,https://www.digikey.com//mm.digikey.com/Volume0/opasdata/d220001/medias/docus/8315/S25FL.pdf,https://www.digikey.com/en/products/detail/infineon-technologies/S25FL128LAGNFB010/7696759,,133 MHz,Not Verified,Automotive,FLASH,"SPI - Quad I/O, QPI",16M x 8,128Mbit,Non-Volatile,-40°C ~ 105°C (TA),AEC-Q100,FL-L,FLASH - NOR,2.7V ~ 3.6V,
S25FL128LAGNFI010,Infineon Technologies,IC FLASH 128MBIT SPI/QUAD 8WSON,memory,16252,2.93,8-WDFN Exposed Pad,Surface Mount,Active,https://www.digikey.com//mm.digikey.com/Volume0/opasdata/d220001/medias/docus/8315/S25FL.pdf,https://www.digikey.com/en/products/detail/infineon-technologies/S25FL128LAGNFI010/7100883,,133 MHz,Not Verified,,FLASH,"SPI - Quad I/O, QPI",16M x 8,128Mbit,Non-Volatile,-40°C ~ 85°C (TA),,FL-L,FLASH - NOR,2.7V ~ 3.6V,
S25FL128LAGNFI013,Infineon Technologies,IC FLASH 128MBIT SPI/QUAD 8WSON,memory,10364,2.93,8-WDFN Exposed Pad,Surface Mount,Active,https://www.digikey.com//mm.digikey.com/Volume0/opasdata/d220001/medias/docus/8315/S25FL.pdf,https://www.digikey.com/en/products/detail/infineon-technologies/S25FL128LAGNFI013/7696751,,133 MHz,Not Verified,,FLASH,"SPI - Quad I/O, QPI",16M x 8,128Mbit,Non-Volatile,-40°C ~ 85°C (TA),,FL-L,FLASH - NOR,2.7V ~ 3.6V,
S25FL128LAGNFM010,Infineon Technologies,IC FLASH 128MBIT SPI/QUAD 8WSON,memory,9882,3.6,8-WDFN Exposed Pad,Surface Mount,Active,https://www.digikey.com//mm.digikey.com/Volume0/opasdata/d220001/medias/docus/8315/S25FL.pdf,https://www.digikey.com/en/products/detail/infineon-technologies/S25FL128LAGNFM010/8258740,,133 MHz,Not Verified,Automotive,FLASH,"SPI - Quad I/O, QPI",16M x 8,128Mbit,Non-Volatile,-40°C ~ 125°C (TA),AEC-Q100,FL-L,FLASH - NOR,2.7V ~ 3.6V,
S25FL128LAGNFV010,Infineon Technologies,IC FLASH 128MBIT SPI/QUAD 8WSON,memory,1474,2.99,8-WDFN Exposed Pad,Surface Mount,Active,https://www.digikey.com//mm.digikey.com/Volume0/opasdata/d220001/medias/docus/8315/S25FL.pdf,https://www.digikey.com/en/products/detail/infineon-technologies/S25FL128LAGNFV010/7100884,,133 MHz,Not Verified,,FLASH,"SPI - Quad I/O, QPI",16M x 8,128Mbit,Non-Volatile,-40°C ~ 105°C (TA),,FL-L,FLASH - NOR,2.7V ~ 3.6V,
S25FL128SAGBHI200,Infineon Technologies,IC FLASH 128MBIT SPI/QUAD 24BGA,memory,1671,4.46,24-TBGA,Surface Mount,Active,https://www.digikey.com//mm.digikey.com/Volume0/opasdata/d220001/medias/docus/7130/001-98283%20Rev%20T.pdf,https://www.digikey.com/en/products/detail/infineon-technologies/S25FL128SAGBHI200/3862692,,133 MHz,Not Verified,,FLASH,SPI - Quad I/O,16M x 8,128Mbit,Non-Volatile,-40°C ~ 85°C (TA),,FL-S,FLASH - NOR,2.7V ~ 3.6V,
S25FL128SAGBHIA00,Infineon Technologies,IC FLASH 128MBIT SPI/QUAD 24BGA,memory,5797,4.46,24-TBGA,Surface Mount,Active,https://www.digikey.com//mm.digikey.com/Volume0/opasdata/d220001/medias/docus/7130/001-98283%20Rev%20T.pdf,https://www.digikey.com/en/products/detail/infineon-technologies/S25FL128SAGBHIA00/4914900,,133 MHz,Not Verified,,FLASH,SPI - Quad I/O,16M x 8,128Mbit,Non-Volatile,-40°C ~ 85°C (TA),,FL-S,FLASH - NOR,2.7V ~ 3.6V,
S25FL128SAGBHVB00,Infineon Technologies,IC FLASH 128MBIT SPI/QUAD 24BGA,memory,995,4.5,24-TBGA,Surface Mount,Active,https://www.digikey.com//mm.digikey.com/Volume0/opasdata/d220001/medias/docus/7130/001-98283%20Rev%20T.pdf,https://www.digikey.com/en/products/detail/infineon-technologies/S25FL128SAGBHVB00/6596243,,133 MHz,Not Verified,,FLASH,SPI - Quad I/O,16M x 8,128Mbit,Non-Volatile,-40°C ~ 105°C (TA),,FL-S,FLASH - NOR,2.7V ~ 3.6V,
S25FL128SAGMFBR00,Infineon Technologies,IC FLASH 128MBIT SPI/QUAD 16SOIC,memory,1392,5.08,"16-SOIC (0.295"", 7.50mm Width)",Surface Mount,Active,https://www.digikey.com//mm.digikey.com/Volume0/opasdata/d220001/medias/docus/7130/001-98283%20Rev%20T.pdf,https://www.digikey.com/en/products/detail/infineon-technologies/S25FL128SAGMFBR00/6596245,,133 MHz,Not Verified,Automotive,FLASH,SPI - Quad I/O,16M x 8,128Mbit,Non-Volatile,-40°C ~ 105°C (TA),AEC-Q100,FL-S,FLASH - NOR,2.7V ~ 3.6V,
S25FL128SAGMFI000,Infineon Technologies,IC FLASH 128MBIT SPI/QUAD 16SOIC,memory,1598,4.59,"16-SOIC (0.295"", 7.50mm Width)",Surface Mount,Active,https://www.digikey.com//mm.digikey.com/Volume0/opasdata/d220001/medias/docus/7130/001-98283%20Rev%20T.pdf,https://www.digikey.com/en/products/detail/infineon-technologies/S25FL128SAGMFI000/3761544,,133 MHz,Verified,,FLASH,SPI - Quad I/O,16M x 8,128Mbit,Non-Volatile,-40°C ~ 85°C (TA),,FL-S,FLASH - NOR,2.7V ~ 3.6V,
S25FL128SAGMFI001,Infineon Technologies,IC FLASH 128MBIT SPI/QUAD 16SOIC,memory,8065,4.59,"16-SOIC (0.295"", 7.50mm Width)",Surface Mount,Active,https://www.digikey.com//mm.digikey.com/Volume0/opasdata/d220001/medias/docus/7130/001-98283%20Rev%20T.pdf,https://www.digikey.com/en/products/detail/infineon-technologies/S25FL128SAGMFI001/3761545,,133 MHz,Verified,,FLASH,SPI - Quad I/O,16M x 8,128Mbit,Non-Volatile,-40°C ~ 85°C (TA),,FL-S,FLASH - NOR,2.7V ~ 3.6V,
S25FL128SAGMFI003,Infineon Technologies,IC FLASH 128MBIT SPI/QUAD 16SOIC,memory,2773,4.59,"16-SOIC (0.295"", 7.50mm Width)",Surface Mount,Active,https://www.digikey.com//mm.digikey.com/Volume0/opasdata/d220001/medias/docus/7130/001-98283%20Rev%20T.pdf,https://www.digikey.com/en/products/detail/infineon-technologies/S25FL128SAGMFI003/3862699,,133 MHz,Not Verified,,FLASH,SPI - Quad I/O,16M x 8,128Mbit,Non-Volatile,-40°C ~ 85°C (TA),,FL-S,FLASH - NOR,2.7V ~ 3.6V,
S25FL128SAGMFI011,Infineon Technologies,IC FLASH 128MBIT SPI/QUAD 16SOIC,memory,753,4.59,"16-SOIC (0.295"", 7.50mm Width)",Surface Mount,Active,https://www.digikey.com//mm.digikey.com/Volume0/opasdata/d220001/medias/docus/7130/001-98283%20Rev%20T.pdf,https://www.digikey.com/en/products/detail/infineon-technologies/S25FL128SAGMFI011/3862701,,133 MHz,Verified,,FLASH,SPI - Quad I/O,16M x 8,128Mbit,Non-Volatile,-40°C ~ 85°C (TA),,FL-S,FLASH - NOR,2.7V ~ 3.6V,
S25FL128SAGMFI013,Infineon Technologies,IC FLASH 128MBIT SPI/QUAD 16SOIC,memory,2900,4.59,"16-SOIC (0.295"", 7.50mm Width)",Surface Mount,Active,https://www.digikey.com//mm.digikey.com/Volume0/opasdata/d220001/medias/docus/7130/001-98283%20Rev%20T.pdf,https://www.digikey.com/en/products/detail/infineon-technologies/S25FL128SAGMFI013/5779237,,133 MHz,Verified,,FLASH,SPI - Quad I/O,16M x 8,128Mbit,Non-Volatile,-40°C ~ 85°C (TA),,FL-S,FLASH - NOR,2.7V ~ 3.6V,
S25FL128SAGMFIR00,Infineon Technologies,IC FLASH 128MBIT SPI/QUAD 16SOIC,memory,1412,4.59,"16-SOIC (0.295"", 7.50mm Width)",Surface Mount,Active,https://www.digikey.com//mm.digikey.com/Volume0/opasdata/d220001/medias/docus/7130/001-98283%20Rev%20T.pdf,https://www.digikey.com/en/products/detail/infineon-technologies/S25FL128SAGMFIR00/3862702,,133 MHz,Not Verified,,FLASH,SPI - Quad I/O,16M x 8,128Mbit,Non-Volatile,-40°C ~ 85°C (TA),,FL-S,FLASH - NOR,2.7V ~ 3.6V,
S25FL128SAGMFIR01,Infineon Technologies,IC FLASH 128MBIT SPI/QUAD 16SOIC,memory,3612,4.59,"16-SOIC (0.295"", 7.50mm Width)",Surface Mount,Active,https://www.digikey.com//mm.digikey.com/Volume0/opasdata/d220001/medias/docus/7130/001-98283%20Rev%20T.pdf,https://www.digikey.com/en/products/detail/infineon-technologies/S25FL128SAGMFIR01/3862703,,133 MHz,Not Verified,,FLASH,SPI - Quad I/O,16M x 8,128Mbit,Non-Volatile,-40°C ~ 85°C (TA),,FL-S,FLASH - NOR,2.7V ~ 3.6V,
S25FL128SAGMFIR03,Infineon Technologies,IC FLASH 128MBIT SPI/QUAD 16SOIC,memory,7379,4.59,"16-SOIC (0.295"", 7.50mm Width)",Surface Mount,Active,https://www.digikey.com//mm.digikey.com/Volume0/opasdata/d220001/medias/docus/7130/001-98283%20Rev%20T.pdf,https://www.digikey.com/en/products/detail/infineon-technologies/S25FL128SAGMFIR03/5779240,,133 MHz,Not Verified,,FLASH,SPI - Quad I/O,16M x 8,128Mbit,Non-Volatile,-40°C ~ 85°C (TA),,FL-S,FLASH - NOR,2.7V ~ 3.6V,
S25FL128SAGMFMG00,Infineon Technologies,IC FLASH 128MBIT SPI/QUAD 16SOIC,memory,927,5.38,"16-SOIC (0.295"", 7.50mm Width)",Surface Mount,Active,https://www.digikey.com//mm.digikey.com/Volume0/opasdata/d220001/medias/docus/7130/001-98283%20Rev%20T.pdf,https://www.digikey.com/en/products/detail/infineon-technologies/S25FL128SAGMFMG00/6596246,,133 MHz,Not Verified,Automotive,FLASH,SPI - Quad I/O,16M x 8,128Mbit,Non-Volatile,-40°C ~ 125°C (TA),AEC-Q100,FL-S,FLASH - NOR,2.7V ~ 3.6V,
S25FL128SAGMFV003,Infineon Technologies,IC FLASH 128MBIT SPI/QUAD 16SOIC,memory,3867,4.5,"16-SOIC (0.295"", 7.50mm Width)",Surface Mount,Active,https://www.digikey.com//mm.digikey.com/Volume0/opasdata/d220001/medias/docus/7130/001-98283%20Rev%20T.pdf,https://www.digikey.com/en/products/detail/infineon-technologies/S25FL128SAGMFV003/5779242,,133 MHz,Verified,,FLASH,SPI - Quad I/O,16M x 8,128Mbit,Non-Volatile,-40°C ~ 105°C (TA),,FL-S,FLASH - NOR,2.7V ~ 3.6V,
S25FL128SAGNFI000,Infineon Technologies,IC FLASH 128MBIT SPI/QUAD 8WSON,memory,16564,4.68,8-WDFN Exposed Pad,Surface Mount,Active,https://www.digikey.com//mm.digikey.com/Volume0/opasdata/d220001/medias/docus/7130/001-98283%20Rev%20T.pdf,https://www.digikey.com/en/products/detail/infineon-technologies/S25FL128SAGNFI000/3862704,,133 MHz,Not Verified,,FLASH,SPI - Quad I/O,16M x 8,128Mbit,Non-Volatile,-40°C ~ 85°C (TA),,FL-S,FLASH - NOR,2.7V ~ 3.6V,
S25FL128SAGNFI001,Infineon Technologies,IC FLASH 128MBIT SPI/QUAD 8WSON,memory,12027,3.74,8-WDFN Exposed Pad,Surface Mount,Active,https://www.digikey.com//mm.digikey.com/Volume0/opasdata/d220001/medias/docus/7130/001-98283%20Rev%20T.pdf,https://www.digikey.com/en/products/detail/infineon-technologies/S25FL128SAGNFI001/3761546,,133 MHz,Not Verified,,FLASH,SPI - Quad I/O,16M x 8,128Mbit,Non-Volatile,-40°C ~ 85°C (TA),,FL-S,FLASH - NOR,2.7V ~ 3.6V,
S25FL128SAGNFI003,Infineon Technologies,IC FLASH 128MBIT SPI/QUAD 8WSON,memory,19601,4.68,8-WDFN Exposed Pad,Surface Mount,Active,https://www.digikey.com//mm.digikey.com/Volume0/opasdata/d220001/medias/docus/7130/001-98283%20Rev%20T.pdf,https://www.digikey.com/en/products/detail/infineon-technologies/S25FL128SAGNFI003/4103887,,133 MHz,Not Verified,,FLASH,SPI - Quad I/O,16M x 8,128Mbit,Non-Volatile,-40°C ~ 85°C (TA),,FL-S,FLASH - NOR,2.7V ~ 3.6V,
S25FL128SAGNFI010,Infineon Technologies,IC FLASH 128MBIT SPI/QUAD 8WSON,memory,585,4.68,8-WDFN Exposed Pad,Surface Mount,Active,https://www.digikey.com//mm.digikey.com/Volume0/opasdata/d220001/medias/docus/7130/001-98283%20Rev%20T.pdf,https://www.digikey.com/en/products/detail/infineon-technologies/S25FL128SAGNFI010/3862705,,133 MHz,Not Verified,,FLASH,SPI - Quad I/O,16M x 8,128Mbit,Non-Volatile,-40°C ~ 85°C (TA),,FL-S,FLASH - NOR,2.7V ~ 3.6V,
S25FL128SAGNFI013,Infineon Technologies,IC FLASH 128MBIT SPI/QUAD 8WSON,memory,10025,4.68,8-WDFN Exposed Pad,Surface Mount,Active,https://www.digikey.com//mm.digikey.com/Volume0/opasdata/d220001/medias/docus/7130/001-98283%20Rev%20T.pdf,https://www.digikey.com/en/products/detail/infineon-technologies/S25FL128SAGNFI013/4914901,,133 MHz,Not Verified,,FLASH,SPI - Quad I/O,16M x 8,128Mbit,Non-Volatile,-40°C ~ 85°C (TA),,FL-S,FLASH - NOR,2.7V ~ 3.6V,
S25FL128SAGNFM000,Infineon Technologies,IC FLASH 128MBIT SPI/QUAD 8WSON,memory,535,5.38,8-WDFN Exposed Pad,Surface Mount,Active,https://www.digikey.com//mm.digikey.com/Volume0/opasdata/d220001/medias/docus/7130/001-98283%20Rev%20T.pdf,https://www.digikey.com/en/products/detail/infineon-technologies/S25FL128SAGNFM000/8258773,,133 MHz,Not Verified,Automotive,FLASH,SPI - Quad I/O,16M x 8,128Mbit,Non-Volatile,-40°C ~ 125°C (TA),AEC-Q100,FL-S,FLASH - NOR,2.7V ~ 3.6V,
S25FL128SAGNFM003,Infineon Technologies,IC FLASH 128MBIT SPI/QUAD 8WSON,memory,9970,5.38,8-WDFN Exposed Pad,Surface Mount,Active,https://www.digikey.com//mm.digikey.com/Volume0/opasdata/d220001/medias/docus/7130/001-98283%20Rev%20T.pdf,https://www.digikey.com/en/products/detail/infineon-technologies/S25FL128SAGNFM003/8258774,,133 MHz,Not Verified,Automotive,FLASH,SPI - Quad I/O,16M x 8,128Mbit,Non-Volatile,-40°C ~ 125°C (TA),AEC-Q100,FL-S,FLASH - NOR,2.7V ~ 3.6V,
S25FL128SAGNFV000,Infineon Technologies,IC FLASH 128MBIT SPI/QUAD 8WSON,memory,742,4.68,8-WDFN Exposed Pad,Surface Mount,Active,https://www.digikey.com//mm.digikey.com/Volume0/opasdata/d220001/medias/docus/7130/001-98283%20Rev%20T.pdf,https://www.digikey.com/en/products/detail/infineon-technologies/S25FL128SAGNFV000/5787562,,133 MHz,Not Verified,,FLASH,SPI - Quad I/O,16M x 8,128Mbit,Non-Volatile,-40°C ~ 105°C (TA),,FL-S,FLASH - NOR,2.7V ~ 3.6V,
S25FL128SAGNFV001,Infineon Technologies,IC FLASH 128MBIT SPI/QUAD 8WSON,memory,3198,4.68,8-WDFN Exposed Pad,Surface Mount,Active,https://www.digikey.com//mm.digikey.com/Volume0/opasdata/d220001/medias/docus/7130/001-98283%20Rev%20T.pdf,https://www.digikey.com/en/products/detail/infineon-technologies/S25FL128SAGNFV001/5788566,,133 MHz,Not Verified,,FLASH,SPI - Quad I/O,16M x 8,128Mbit,Non-Volatile,-40°C ~ 105°C (TA),,FL-S,FLASH - NOR,2.7V ~ 3.6V,
S25FL128SAGNFV003,Infineon Technologies,IC FLASH 128MBIT SPI/QUAD 8WSON,memory,1363,4.68,8-WDFN Exposed Pad,Surface Mount,Active,https://www.digikey.com//mm.digikey.com/Volume0/opasdata/d220001/medias/docus/7130/001-98283%20Rev%20T.pdf,https://www.digikey.com/en/products/detail/infineon-technologies/S25FL128SAGNFV003/5779245,,133 MHz,Not Verified,,FLASH,SPI - Quad I/O,16M x 8,128Mbit,Non-Volatile,-40°C ~ 105°C (TA),,FL-S,FLASH - NOR,2.7V ~ 3.6V,
S25FL128SDPNFI001,Infineon Technologies,IC FLASH 128MBIT SPI/QUAD 8WSON,memory,116,4.68,8-WDFN Exposed Pad,Surface Mount,Active,https://www.digikey.com//mm.digikey.com/Volume0/opasdata/d220001/medias/docus/7130/001-98283%20Rev%20T.pdf,https://www.digikey.com/en/products/detail/infineon-technologies/S25FL128SDPNFI001/5788571,,66 MHz,Not Verified,,FLASH,SPI - Quad I/O,16M x 8,128Mbit,Non-Volatile,-40°C ~ 85°C (TA),,FL-S,FLASH - NOR,2.7V ~ 3.6V,
S25FL128SDSNFI000,Infineon Technologies,IC FLASH 128MBIT SPI/QUAD 8WSON,memory,2699,4.68,8-WDFN Exposed Pad,Surface Mount,Active,https://www.digikey.com//mm.digikey.com/Volume0/opasdata/d220001/medias/docus/7130/001-98283%20Rev%20T.pdf,https://www.digikey.com/en/products/detail/infineon-technologies/S25FL128SDSNFI000/6596250,,80 MHz,Not Verified,,FLASH,SPI - Quad I/O,16M x 8,128Mbit,Non-Volatile,-40°C ~ 85°C (TA),,FL-S,FLASH - NOR,2.7V ~ 3.6V,
S25FL256LAGBHI020,Infineon Technologies,IC FLASH 256MBIT SPI/QUAD 24BGA,memory,333,4.3,24-TBGA,Surface Mount,Active,https://www.digikey.com//mm.digikey.com/Volume0/opasdata/d220001/medias/docus/8315/S25FL.pdf,https://www.digikey.com/en/products/detail/infineon-technologies/S25FL256LAGBHI020/6596251,,133 MHz,Not Verified,,FLASH,"SPI - Quad I/O, QPI",32M x 8,256Mbit,Non-Volatile,-40°C ~ 85°C (TA),,FL-L,FLASH - NOR,2.7V ~ 3.6V,
S25FL256LAGBHI023,Infineon Technologies,IC FLASH 256MBIT SPI/QUAD 24BGA,memory,3627,4.3,24-TBGA,Surface Mount,Active,https://www.digikey.com//mm.digikey.com/Volume0/opasdata/d220001/medias/docus/8315/S25FL.pdf,https://www.digikey.com/en/products/detail/infineon-technologies/S25FL256LAGBHI023/6601083,,133 MHz,Not Verified,,FLASH,"SPI - Quad I/O, QPI",32M x 8,256Mbit,Non-Volatile,-40°C ~ 85°C (TA),,FL-L,FLASH - NOR,2.7V ~ 3.6V,
S25FL256LAGMFI003,Infineon Technologies,IC FLASH 256MBIT SPI/QUAD 16SOIC,memory,10324,4.48,"16-SOIC (0.295"", 7.50mm Width)",Surface Mount,Active,https://www.digikey.com//mm.digikey.com/Volume0/opasdata/d220001/medias/docus/8315/S25FL.pdf,https://www.digikey.com/en/products/detail/infineon-technologies/S25FL256LAGMFI003/6601085,,133 MHz,Not Verified,,FLASH,"SPI - Quad I/O, QPI",32M x 8,256Mbit,Non-Volatile,-40°C ~ 85°C (TA),,FL-L,FLASH - NOR,2.7V ~ 3.6V,
S25FL256LAGMFM000,Infineon Technologies,IC FLASH 256MBIT SPI/QUAD 16SOIC,memory,1006,6.0,"16-SOIC (0.295"", 7.50mm Width)",Surface Mount,Active,https://www.digikey.com//mm.digikey.com/Volume0/opasdata/d220001/medias/docus/8315/S25FL.pdf,https://www.digikey.com/en/products/detail/infineon-technologies/S25FL256LAGMFM000/7322849,,133 MHz,Not Verified,Automotive,FLASH,"SPI - Quad I/O, QPI",32M x 8,256Mbit,Non-Volatile,-40°C ~ 125°C (TA),AEC-Q100,FL-L,FLASH - NOR,2.7V ~ 3.6V,
S25FL256LAGMFM003,Infineon Technologies,IC FLASH 256MBIT SPI/QUAD 16SOIC,memory,297,5.5,"16-SOIC (0.295"", 7.50mm Width)",Surface Mount,Active,https://www.digikey.com//mm.digikey.com/Volume0/opasdata/d220001/medias/docus/7160/INFN-S-A0017271261-1.pdf,https://www.digikey.com/en/products/detail/infineon-technologies/S25FL256LAGMFM003/8258793,,133 MHz,Not Verified,Automotive,FLASH,"SPI - Quad I/O, QPI",32M x 8,256Mbit,Non-Volatile,-40°C ~ 125°C (TA),AEC-Q100,FL-L,FLASH - NOR,2.7V ~ 3.6V,
S25FL256LAGMFN000,Infineon Technologies,IC FLASH 256MBIT SPI/QUAD 16SOIC,memory,2211,5.24,"16-SOIC (0.295"", 7.50mm Width)",Surface Mount,Active,https://www.digikey.com//mm.digikey.com/Volume0/opasdata/d220001/medias/docus/7160/INFN-S-A0017271261-1.pdf,https://www.digikey.com/en/products/detail/infineon-technologies/S25FL256LAGMFN000/6618343,,133 MHz,Not Verified,,FLASH,"SPI - Quad I/O, QPI",32M x 8,256Mbit,Non-Volatile,-40°C ~ 125°C (TA),,FL-L,FLASH - NOR,2.7V ~ 3.6V,
S25FL256LAGNFB010,Infineon Technologies,IC FLASH 256MBIT SPI/QUAD 8WSON,memory,3136,5.41,8-WDFN Exposed Pad,Surface Mount,Active,https://www.digikey.com//mm.digikey.com/Volume0/opasdata/d220001/medias/docus/7160/INFN-S-A0017271261-1.pdf,https://www.digikey.com/en/products/detail/infineon-technologies/S25FL256LAGNFB010/8258795,,133 MHz,Not Verified,Automotive,FLASH,"SPI - Quad I/O, QPI",32M x 8,256Mbit,Non-Volatile,-40°C ~ 105°C (TA),AEC-Q100,FL-L,FLASH - NOR,2.7V ~ 3.6V,
S25FL256LAGNFI010,Infineon Technologies,IC FLASH 256MBIT SPI/QUAD 8WSON,memory,817,4.55,8-WDFN Exposed Pad,Surface Mount,Active,https://www.digikey.com//mm.digikey.com/Volume0/opasdata/d220001/medias/docus/8315/S25FL.pdf,https://www.digikey.com/en/products/detail/infineon-technologies/S25FL256LAGNFI010/6596253,,133 MHz,Not Verified,,FLASH,"SPI - Quad I/O, QPI",32M x 8,256Mbit,Non-Volatile,-40°C ~ 85°C (TA),,FL-L,FLASH - NOR,2.7V ~ 3.6V,
S25FL256LAGNFI013,Infineon Technologies,IC FLASH 256MBIT SPI/QUAD 8WSON,memory,3132,4.55,8-WDFN Exposed Pad,Surface Mount,Active,https://www.digikey.com//mm.digikey.com/Volume0/opasdata/d220001/medias/docus/8315/S25FL.pdf,https://www.digikey.com/en/products/detail/infineon-technologies/S25FL256LAGNFI013/8258798,,133 MHz,Not Verified,,FLASH,"SPI - Quad I/O, QPI",32M x 8,256Mbit,Non-Volatile,-40°C ~ 85°C (TA),,FL-L,FLASH - NOR,2.7V ~ 3.6V,
S25FL256LAGNFM010,Infineon Technologies,IC FLASH 256MBIT SPI/QUAD 8WSON,memory,22079,5.5,8-WDFN Exposed Pad,Surface Mount,Active,https://www.digikey.com//mm.digikey.com/Volume0/opasdata/d220001/medias/docus/8315/S25FL.pdf,https://www.digikey.com/en/products/detail/infineon-technologies/S25FL256LAGNFM010/7322850,,133 MHz,Not Verified,Automotive,FLASH,"SPI - Quad I/O, QPI",32M x 8,256Mbit,Non-Volatile,-40°C ~ 125°C (TA),AEC-Q100,FL-L,FLASH - NOR,2.7V ~ 3.6V,
S25FL256LAGNFV010,Infineon Technologies,IC FLASH 256MBIT SPI/QUAD 8WSON,memory,6093,4.59,8-WDFN Exposed Pad,Surface Mount,Active,https://www.digikey.com//mm.digikey.com/Volume0/opasdata/d220001/medias/docus/8315/S25FL.pdf,https://www.digikey.com/en/products/detail/infineon-technologies/S25FL256LAGNFV010/7322846,,133 MHz,Not Verified,,FLASH,"SPI - Quad I/O, QPI",32M x 8,256Mbit,Non-Volatile,-40°C ~ 105°C (TA),,FL-L,FLASH - NOR,2.7V ~ 3.6V,
S25FL256LAGNFV013,Infineon Technologies,IC FLASH 256MBIT SPI/QUAD 8WSON,memory,1684,4.59,8-WDFN Exposed Pad,Surface Mount,Active,https://www.digikey.com//mm.digikey.com/Volume0/opasdata/d220001/medias/docus/7160/INFN-S-A0017271261-1.pdf,https://www.digikey.com/en/products/detail/infineon-technologies/S25FL256LAGNFV013/7803980,,133 MHz,Not Verified,,FLASH,"SPI - Quad I/O, QPI",32M x 8,256Mbit,Non-Volatile,-40°C ~ 105°C (TA),,FL-L,FLASH - NOR,2.7V ~ 3.6V,
S25FL256LDPNFI010,Infineon Technologies,IC FLASH 256MBIT SPI/QUAD 8WSON,memory,190,4.55,8-WDFN Exposed Pad,Surface Mount,Active,https://www.digikey.com//mm.digikey.com/Volume0/opasdata/d220001/medias/docus/8315/S25FL.pdf,https://www.digikey.com/en/products/detail/infineon-technologies/S25FL256LDPNFI010/7362851,,66 MHz,Not Verified,,FLASH,"SPI - Quad I/O, QPI",32M x 8,256Mbit,Non-Volatile,-40°C ~ 85°C (TA),,FL-L,FLASH - NOR,2.7V ~ 3.6V,
S25FL256SAGBHI200,Infineon Technologies,IC FLASH 256MBIT SPI/QUAD 24BGA,memory,3186,5.94,24-TBGA,Surface Mount,Active,https://www.digikey.com//mm.digikey.com/Volume0/opasdata/d220001/medias/docus/7130/001-98283%20Rev%20T.pdf,https://www.digikey.com/en/products/detail/infineon-technologies/S25FL256SAGBHI200/3862744,,133 MHz,Not Verified,,FLASH,SPI - Quad I/O,32M x 8,256Mbit,Non-Volatile,-40°C ~ 85°C (TA),,FL-S,FLASH - NOR,2.7V ~ 3.6V,
S25FL256SAGBHI203,Infineon Technologies,IC FLASH 256MBIT SPI/QUAD 24BGA,memory,5404,5.94,24-TBGA,Surface Mount,Active,https://www.infineon.com/assets/row/public/documents/10/49/infineon-s25fl128s-s25fl256s-128-mb-16-mb-256-mb-32-mb-fl-s-flash-spi-multi-io-3-v-datasheet-en.pdf?fileId=8ac78c8c7d0d8da4017d0ecfb6a64a17,https://www.digikey.com/en/products/detail/infineon-technologies/S25FL256SAGBHI203/5779298,,133 MHz,Not Verified,,FLASH,SPI - Quad I/O,32M x 8,256Mbit,Non-Volatile,-40°C ~ 85°C (TA),,FL-S,FLASH - NOR,2.7V ~ 3.6V,
S25FL256SAGBHIA00,Infineon Technologies,IC FLASH 256MBIT SPI/QUAD 24BGA,memory,328,5.94,24-TBGA,Surface Mount,Active,https://www.digikey.com//mm.digikey.com/Volume0/opasdata/d220001/medias/docus/7130/001-98283%20Rev%20T.pdf,https://www.digikey.com/en/products/detail/infineon-technologies/S25FL256SAGBHIA00/5787607,,133 MHz,Not Verified,,FLASH,SPI - Quad I/O,32M x 8,256Mbit,Non-Volatile,-40°C ~ 85°C (TA),,FL-S,FLASH - NOR,2.7V ~ 3.6V,
S25FL256SAGBHIA03,Infineon Technologies,IC FLASH 256MBIT SPI/QUAD 24BGA,memory,1979,5.94,24-TBGA,Surface Mount,Active,https://www.digikey.com//mm.digikey.com/Volume0/opasdata/d220001/medias/docus/7130/001-98283%20Rev%20T.pdf,https://www.digikey.com/en/products/detail/infineon-technologies/S25FL256SAGBHIA03/5779302,,133 MHz,Not Verified,,FLASH,SPI - Quad I/O,32M x 8,256Mbit,Non-Volatile,-40°C ~ 85°C (TA),,FL-S,FLASH - NOR,2.7V ~ 3.6V,
S25FL256SAGBHIA10,Infineon Technologies,IC FLASH 256MBIT SPI/QUAD 24BGA,memory,4456,5.94,24-TBGA,Surface Mount,Active,https://www.infineon.com/assets/row/public/documents/10/49/infineon-s25fl128s-s25fl256s-128-mb-16-mb-256-mb-32-mb-fl-s-flash-spi-multi-io-3-v-datasheet-en.pdf?fileId=8ac78c8c7d0d8da4017d0ecfb6a64a17,https://www.digikey.com/en/products/detail/infineon-technologies/S25FL256SAGBHIA10/5787608,,133 MHz,Not Verified,,FLASH,SPI - Quad I/O,32M x 8,256Mbit,Non-Volatile,-40°C ~ 85°C (TA),,FL-S,FLASH - NOR,2.7V ~ 3.6V,
S25FL256SAGBHV200,Infineon Technologies,IC FLASH 256MBIT SPI/QUAD 24BGA,memory,0,6.19,24-TBGA,Surface Mount,Active,https://www.digikey.com//mm.digikey.com/Volume0/opasdata/d220001/medias/docus/7130/001-98283%20Rev%20T.pdf,https://www.digikey.com/en/products/detail/infineon-technologies/S25FL256SAGBHV200/5787613,,133 MHz,Not Verified,,FLASH,SPI - Quad I/O,32M x 8,256Mbit,Non-Volatile,-40°C ~ 105°C (TA),,FL-S,FLASH - NOR,2.7V ~ 3.6V,
S25FL256SAGBHVB00,Infineon Technologies,IC FLASH 256MBIT SPI/QUAD 24BGA,memory,3108,6.19,24-TBGA,Surface Mount,Active,https://www.digikey.com//mm.digikey.com/Volume0/opasdata/d220001/medias/docus/7130/001-98283%20Rev%20T.pdf,https://www.digikey.com/en/products/detail/infineon-technologies/S25FL256SAGBHVB00/5787615,,133 MHz,Not Verified,,FLASH,SPI - Quad I/O,32M x 8,256Mbit,Non-Volatile,-40°C ~ 105°C (TA),,FL-S,FLASH - NOR,2.7V ~ 3.6V,
S25FL256SAGMFI000,Infineon Technologies,IC FLASH 256MBIT SPI/QUAD 16SOIC,memory,4833,5.94,"16-SOIC (0.295"", 7.50mm Width)",Surface Mount,Active,https://www.infineon.com/assets/row/public/documents/10/49/infineon-s25fl128s-s25fl256s-128-mb-16-mb-256-mb-32-mb-fl-s-flash-spi-multi-io-3-v-datasheet-en.pdf?fileId=8ac78c8c7d0d8da4017d0ecfb6a64a17,https://www.digikey.com/en/products/detail/infineon-technologies/S25FL256SAGMFI000/3761547,,133 MHz,Verified,,FLASH,SPI - Quad I/O,32M x 8,256Mbit,Non-Volatile,-40°C ~ 85°C (TA),,FL-S,FLASH - NOR,2.7V ~ 3.6V,
S25FL256SAGMFI001,Infineon Technologies,IC FLASH 256MBIT SPI/QUAD 16SOIC,memory,2722,5.94,"16-SOIC (0.295"", 7.50mm Width)",Surface Mount,Active,https://www.digikey.com//mm.digikey.com/Volume0/opasdata/d220001/medias/docus/7130/001-98283%20Rev%20T.pdf,https://www.digikey.com/en/products/detail/infineon-technologies/S25FL256SAGMFI001/3761548,,133 MHz,Verified,,FLASH,SPI - Quad I/O,32M x 8,256Mbit,Non-Volatile,-40°C ~ 85°C (TA),,FL-S,FLASH - NOR,2.7V ~ 3.6V,
S25FL256SAGMFI003,Infineon Technologies,IC FLASH 256MBIT SPI/QUAD 16SOIC,memory,2786,5.94,"16-SOIC (0.295"", 7.50mm Width)",Surface Mount,Active,https://www.digikey.com//mm.digikey.com/Volume0/opasdata/d220001/medias/docus/7130/001-98283%20Rev%20T.pdf,https://www.digikey.com/en/products/detail/infineon-technologies/S25FL256SAGMFI003/3862750,,133 MHz,Verified,,FLASH,SPI - Quad I/O,32M x 8,256Mbit,Non-Volatile,-40°C ~ 85°C (TA),,FL-S,FLASH - NOR,2.7V ~ 3.6V,
S25FL256SAGMFI013,Infineon Technologies,IC FLASH 256MBIT SPI/QUAD 16SOIC,memory,957,5.94,"16-SOIC (0.295"", 7.50mm Width)",Surface Mount,Active,https://www.digikey.com//mm.digikey.com/Volume0/opasdata/d220001/medias/docus/7130/001-98283%20Rev%20T.pdf,https://www.digikey.com/en/products/detail/infineon-technologies/S25FL256SAGMFI013/5779316,,133 MHz,Not Verified,,FLASH,SPI - Quad I/O,32M x 8,256Mbit,Non-Volatile,-40°C ~ 85°C (TA),,FL-S,FLASH - NOR,2.7V ~ 3.6V,
S25FL256SAGMFIG00,Infineon Technologies,IC FLASH 256MBIT SPI/QUAD 16SOIC,memory,3826,5.94,"16-SOIC (0.295"", 7.50mm Width)",Surface Mount,Active,https://www.digikey.com//mm.digikey.com/Volume0/opasdata/d220001/medias/docus/7130/001-98283%20Rev%20T.pdf,https://www.digikey.com/en/products/detail/infineon-technologies/S25FL256SAGMFIG00/5787622,,133 MHz,Not Verified,,FLASH,SPI - Quad I/O,32M x 8,256Mbit,Non-Volatile,-40°C ~ 85°C (TA),,FL-S,FLASH - NOR,2.7V ~ 3.6V,
S25FL256SAGMFIG01,Infineon Technologies,IC FLASH 256MBIT SPI/QUAD 16SOIC,memory,2252,5.94,"16-SOIC (0.295"", 7.50mm Width)",Surface Mount,Active,https://www.infineon.com/assets/row/public/documents/10/49/infineon-s25fl128s-s25fl256s-128-mb-16-mb-256-mb-32-mb-fl-s-flash-spi-multi-io-3-v-datasheet-en.pdf?fileId=8ac78c8c7d0d8da4017d0ecfb6a64a17,https://www.digikey.com/en/products/detail/infineon-technologies/S25FL256SAGMFIG01/3862753,,133 MHz,Not Verified,,FLASH,SPI - Quad I/O,32M x 8,256Mbit,Non-Volatile,-40°C ~ 85°C (TA),,FL-S,FLASH - NOR,2.7V ~ 3.6V,
S25FL256SAGMFIG03,Infineon Technologies,IC FLASH 256MBIT SPI/QUAD 16SOIC,memory,4810,5.94,"16-SOIC (0.295"", 7.50mm Width)",Surface Mount,Active,https://www.infineon.com/assets/row/public/documents/10/49/infineon-s25fl128s-s25fl256s-128-mb-16-mb-256-mb-32-mb-fl-s-flash-spi-multi-io-3-v-datasheet-en.pdf?fileId=8ac78c8c7d0d8da4017d0ecfb6a64a17,https://www.digikey.com/en/products/detail/infineon-technologies/S25FL256SAGMFIG03/5779317,,133 MHz,Not Verified,,FLASH,SPI - Quad I/O,32M x 8,256Mbit,Non-Volatile,-40°C ~ 85°C (TA),,FL-S,FLASH - NOR,2.7V ~ 3.6V,
S25FL256SAGMFIR00,Infineon Technologies,IC FLASH 256MBIT SPI/QUAD 16SOIC,memory,505,5.94,"16-SOIC (0.295"", 7.50mm Width)",Surface Mount,Active,https://www.digikey.com//mm.digikey.com/Volume0/opasdata/d220001/medias/docus/7130/001-98283%20Rev%20T.pdf,https://www.digikey.com/en/products/detail/infineon-technologies/S25FL256SAGMFIR00/4833768,,133 MHz,Not Verified,,FLASH,SPI - Quad I/O,32M x 8,256Mbit,Non-Volatile,-40°C ~ 85°C (TA),,FL-S,FLASH - NOR,2.7V ~ 3.6V,
S25FL256SAGMFIR01,Infineon Technologies,IC FLASH 256MBIT SPI/QUAD 16SOIC,memory,3632,5.94,"16-SOIC (0.295"", 7.50mm Width)",Surface Mount,Active,https://www.digikey.com//mm.digikey.com/Volume0/opasdata/d220001/medias/docus/7130/001-98283%20Rev%20T.pdf,https://www.digikey.com/en/products/detail/infineon-technologies/S25FL256SAGMFIR01/4309185,,133 MHz,Not Verified,,FLASH,SPI - Quad I/O,32M x 8,256Mbit,Non-Volatile,-40°C ~ 85°C (TA),,FL-S,FLASH - NOR,2.7V ~ 3.6V,
S25FL256SAGMFIR03,Infineon Technologies,IC FLASH 256MBIT SPI/QUAD 16SOIC,memory,1435,5.94,"16-SOIC (0.295"", 7.50mm Width)",Surface Mount,Active,https://www.infineon.com/assets/row/public/documents/10/49/infineon-s25fl128s-s25fl256s-128-mb-16-mb-256-mb-32-mb-fl-s-flash-spi-multi-io-3-v-datasheet-en.pdf?fileId=8ac78c8c7d0d8da4017d0ecfb6a64a17,https://www.digikey.com/en/products/detail/infineon-technologies/S25FL256SAGMFIR03/5779319,,133 MHz,Not Verified,,FLASH,SPI - Quad I/O,32M x 8,256Mbit,Non-Volatile,-40°C ~ 85°C (TA),,FL-S,FLASH - NOR,2.7V ~ 3.6V,
S25FL256SAGNFB000,Infineon Technologies,IC FLASH 256MBIT SPI/QUAD 8WSON,memory,2517,6.95,8-WDFN Exposed Pad,Surface Mount,Active,https://www.digikey.com//mm.digikey.com/Volume0/opasdata/d220001/medias/docus/7130/001-98283%20Rev%20T.pdf,https://www.digikey.com/en/products/detail/infineon-technologies/S25FL256SAGNFB000/7362274,,133 MHz,Not Verified,Automotive,FLASH,SPI - Quad I/O,32M x 8,256Mbit,Non-Volatile,-40°C ~ 105°C (TA),AEC-Q100,FL-S,FLASH - NOR,2.7V ~ 3.6V,
S25FL256SAGNFI000,Infineon Technologies,IC FLASH 256MBIT SPI/QUAD 8WSON,memory,8902,5.94,8-WDFN Exposed Pad,Surface Mount,Active,https://www.digikey.com//mm.digikey.com/Volume0/opasdata/d220001/medias/docus/7130/001-98283%20Rev%20T.pdf,https://www.digikey.com/en/products/detail/infineon-technologies/S25FL256SAGNFI000/3862754,,133 MHz,Not Verified,,FLASH,SPI - Quad I/O,32M x 8,256Mbit,Non-Volatile,-40°C ~ 85°C (TA),,FL-S,FLASH - NOR,2.7V ~ 3.6V,
S25FL256SAGNFI001,Infineon Technologies,IC FLASH 256MBIT SPI/QUAD 8WSON,memory,8022,5.94,8-WDFN Exposed Pad,Surface Mount,Active,https://www.digikey.com//mm.digikey.com/Volume0/opasdata/d220001/medias/docus/7130/001-98283%20Rev%20T.pdf,https://www.digikey.com/en/products/detail/infineon-technologies/S25FL256SAGNFI001/3761549,,133 MHz,Not Verified,,FLASH,SPI - Quad I/O,32M x 8,256Mbit,Non-Volatile,-40°C ~ 85°C (TA),,FL-S,FLASH - NOR,2.7V ~ 3.6V,
S25FL256SAGNFI003,Infineon Technologies,IC FLASH 256MBIT SPI/QUAD 8WSON,memory,19254,5.94,8-WDFN Exposed Pad,Surface Mount,Active,https://www.digikey.com//mm.digikey.com/Volume0/opasdata/d220001/medias/docus/7130/001-98283%20Rev%20T.pdf,https://www.digikey.com/en/products/detail/infineon-technologies/S25FL256SAGNFI003/3862755,,133 MHz,Not Verified,,FLASH,SPI - Quad I/O,32M x 8,256Mbit,Non-Volatile,-40°C ~ 85°C (TA),,FL-S,FLASH - NOR,2.7V ~ 3.6V,
S25FL256SAGNFI010,Infineon Technologies,IC FLASH 256MBIT SPI/QUAD 8WSON,memory,1144,5.94,8-WDFN Exposed Pad,Surface Mount,Active,https://www.infineon.com/assets/row/public/documents/10/49/infineon-s25fl128s-s25fl256s-128-mb-16-mb-256-mb-32-mb-fl-s-flash-spi-multi-io-3-v-datasheet-en.pdf?fileId=8ac78c8c7d0d8da4017d0ecfb6a64a17,https://www.digikey.com/en/products/detail/infineon-technologies/S25FL256SAGNFI010/4833769,,133 MHz,Not Verified,,FLASH,SPI - Quad I/O,32M x 8,256Mbit,Non-Volatile,-40°C ~ 85°C (TA),,FL-S,FLASH - NOR,2.7V ~ 3.6V,
S25FL256SAGNFI013,Infineon Technologies,IC FLASH 256MBIT SPI/QUAD 8WSON,memory,515,5.94,8-WDFN Exposed Pad,Surface Mount,Active,https://www.infineon.com/assets/row/public/documents/10/49/infineon-s25fl128s-s25fl256s-128-mb-16-mb-256-mb-32-mb-fl-s-flash-spi-multi-io-3-v-datasheet-en.pdf?fileId=8ac78c8c7d0d8da4017d0ecfb6a64a17,https://www.digikey.com/en/products/detail/infineon-technologies/S25FL256SAGNFI013/4833771,,133 MHz,Not Verified,,FLASH,SPI - Quad I/O,32M x 8,256Mbit,Non-Volatile,-40°C ~ 85°C (TA),,FL-S,FLASH - NOR,2.7V ~ 3.6V,
S25FL256SAGNFV000,Infineon Technologies,IC FLASH 256MBIT SPI/QUAD 8WSON,memory,799,6.19,8-WDFN Exposed Pad,Surface Mount,Active,https://www.infineon.com/assets/row/public/documents/10/49/infineon-s25fl128s-s25fl256s-128-mb-16-mb-256-mb-32-mb-fl-s-flash-spi-multi-io-3-v-datasheet-en.pdf?fileId=8ac78c8c7d0d8da4017d0ecfb6a64a17,https://www.digikey.com/en/products/detail/infineon-technologies/S25FL256SAGNFV000/5787629,,133 MHz,Not Verified,,FLASH,SPI - Quad I/O,32M x 8,256Mbit,Non-Volatile,-40°C ~ 105°C (TA),,FL-S,FLASH - NOR,2.7V ~ 3.6V,
S25FL256SAGNFV001,Infineon Technologies,IC FLASH 256MBIT SPI/QUAD 8WSON,memory,3925,6.19,8-WDFN Exposed Pad,Surface Mount,Active,https://www.infineon.com/assets/row/public/documents/10/49/infineon-s25fl128s-s25fl256s-128-mb-16-mb-256-mb-32-mb-fl-s-flash-spi-multi-io-3-v-datasheet-en.pdf?fileId=8ac78c8c7d0d8da4017d0ecfb6a64a17,https://www.digikey.com/en/products/detail/infineon-technologies/S25FL256SAGNFV001/5788601,,133 MHz,Verified,,FLASH,SPI - Quad I/O,32M x 8,256Mbit,Non-Volatile,-40°C ~ 105°C (TA),,FL-S,FLASH - NOR,2.7V ~ 3.6V,
S25FL256SAGNFV003,Infineon Technologies,IC FLASH 256MBIT SPI/QUAD 8WSON,memory,16902,6.19,8-WDFN Exposed Pad,Surface Mount,Active,https://www.infineon.com/assets/row/public/documents/10/49/infineon-s25fl128s-s25fl256s-128-mb-16-mb-256-mb-32-mb-fl-s-flash-spi-multi-io-3-v-datasheet-en.pdf?fileId=8ac78c8c7d0d8da4017d0ecfb6a64a17,https://www.digikey.com/en/products/detail/infineon-technologies/S25FL256SAGNFV003/5779325,,133 MHz,Not Verified,,FLASH,SPI - Quad I/O,32M x 8,256Mbit,Non-Volatile,-40°C ~ 105°C (TA),,FL-S,FLASH - NOR,2.7V ~ 3.6V,
S25FL512SAGBHIA10,Infineon Technologies,IC FLASH 512MBIT SPI/QUAD 24BGA,memory,865,9.4,24-TBGA,Surface Mount,Active,https://www.digikey.com//mm.digikey.com/Volume0/opasdata/d220001/medias/docus/7130/001-98284%20Rev%20U.pdf,https://www.digikey.com/en/products/detail/infineon-technologies/S25FL512SAGBHIA10/5787644,,133 MHz,Not Verified,,FLASH,SPI - Quad I/O,64M x 8,512Mbit,Non-Volatile,-40°C ~ 85°C (TA),,FL-S,FLASH - NOR,2.7V ~ 3.6V,
S25FL512SAGBHIA13,Infineon Technologies,IC FLASH 512MBIT SPI/QUAD 24BGA,memory,1617,9.4,24-TBGA,Surface Mount,Active,https://www.digikey.com//mm.digikey.com/Volume0/opasdata/d220001/medias/docus/7130/001-98284%20Rev%20U.pdf,https://www.digikey.com/en/products/detail/infineon-technologies/S25FL512SAGBHIA13/5779343,,133 MHz,Not Verified,,FLASH,SPI - Quad I/O,64M x 8,512Mbit,Non-Volatile,-40°C ~ 85°C (TA),,FL-S,FLASH - NOR,2.7V ~ 3.6V,
S25FL512SAGBHIC10,Infineon Technologies,IC FLASH 512MBIT SPI/QUAD 24BGA,memory,2760,9.4,24-TBGA,Surface Mount,Active,https://www.digikey.com//mm.digikey.com/Volume0/opasdata/d220001/medias/docus/7130/001-98284%20Rev%20U.pdf,https://www.digikey.com/en/products/detail/infineon-technologies/S25FL512SAGBHIC10/3862762,,133 MHz,Not Verified,,FLASH,SPI - Quad I/O,64M x 8,512Mbit,Non-Volatile,-40°C ~ 85°C (TA),,FL-S,FLASH - NOR,2.7V ~ 3.6V,
S25FL512SAGBHIC13,Infineon Technologies,IC FLASH 512MBIT SPI/QUAD 24BGA,memory,6749,9.4,24-TBGA,Surface Mount,Active,https://www.digikey.com//mm.digikey.com/Volume0/opasdata/d220001/medias/docus/7130/001-98284%20Rev%20U.pdf,https://www.digikey.com/en/products/detail/infineon-technologies/S25FL512SAGBHIC13/3862763,,133 MHz,Not Verified,,FLASH,SPI - Quad I/O,64M x 8,512Mbit,Non-Volatile,-40°C ~ 85°C (TA),,FL-S,FLASH - NOR,2.7V ~ 3.6V,
S25FL512SAGMFI011,Infineon Technologies,IC FLASH 512MBIT SPI/QUAD 16SOIC,memory,2696,9.4,"16-SOIC (0.295"", 7.50mm Width)",Surface Mount,Active,https://www.digikey.com//mm.digikey.com/Volume0/opasdata/d220001/medias/docus/7130/001-98284%20Rev%20U.pdf,https://www.digikey.com/en/products/detail/infineon-technologies/S25FL512SAGMFI011/3761550,,133 MHz,Not Verified,,FLASH,SPI - Quad I/O,64M x 8,512Mbit,Non-Volatile,-40°C ~ 85°C (TA),,FL-S,FLASH - NOR,2.7V ~ 3.6V,
S25FL512SAGMFI013,Infineon Technologies,IC FLASH 512MBIT SPI/QUAD 16SOIC,memory,2894,9.4,"16-SOIC (0.295"", 7.50mm Width)",Surface Mount,Active,https://www.digikey.com//mm.digikey.com/Volume0/opasdata/d220001/medias/docus/7130/001-98284%20Rev%20U.pdf,https://www.digikey.com/en/products/detail/infineon-technologies/S25FL512SAGMFI013/3862767,,133 MHz,Not Verified,,FLASH,SPI - Quad I/O,64M x 8,512Mbit,Non-Volatile,-40°C ~ 85°C (TA),,FL-S,FLASH - NOR,2.7V ~ 3.6V,
S25FL512SAGMFIR10,Infineon Technologies,IC FLASH 512MBIT SPI/QUAD 16SOIC,memory,4213,9.4,"16-SOIC (0.295"", 7.50mm Width)",Surface Mount,Active,https://www.infineon.com/assets/row/public/documents/10/49/infineon-s25fl512s-512-mb-64-mb-fl-s-flash-spi-multi-i-o-3-datasheet-cn.pdf,https://www.digikey.com/en/products/detail/infineon-technologies/S25FL512SAGMFIR10/4833773,,133 MHz,Not Verified,,FLASH,SPI - Quad I/O,64M x 8,512Mbit,Non-Volatile,-40°C ~ 85°C (TA),,FL-S,FLASH - NOR,2.7V ~ 3.6V,
S25FL512SAGMFMG10,Infineon Technologies,IC FLASH 512MBIT SPI/QUAD 16SOIC,memory,2381,11.56,"16-SOIC (0.295"", 7.50mm Width)",Surface Mount,Active,https://www.digikey.com//mm.digikey.com/Volume0/opasdata/d220001/medias/docus/7130/001-98284%20Rev%20U.pdf,https://www.digikey.com/en/products/detail/infineon-technologies/S25FL512SAGMFMG10/7362855,,133 MHz,Not Verified,Automotive,FLASH,SPI - Quad I/O,64M x 8,512Mbit,Non-Volatile,-40°C ~ 125°C (TA),AEC-Q100,FL-S,FLASH - NOR,2.7V ~ 3.6V,
S25FL512SAGMFMR10,Infineon Technologies,IC FLASH 512MBIT SPI/QUAD 16SOIC,memory,1844,9.25,"16-SOIC (0.295"", 7.50mm Width)",Surface Mount,Active,https://www.digikey.com//mm.digikey.com/Volume0/opasdata/d220001/medias/docus/7130/001-98284%20Rev%20U.pdf,https://www.digikey.com/en/products/detail/infineon-technologies/S25FL512SAGMFMR10/11486480,,133 MHz,Not Verified,,FLASH,SPI - Quad I/O,64M x 8,512Mbit,Non-Volatile,-40°C ~ 125°C (TA),,FL-S,FLASH - NOR,2.7V ~ 3.6V,
S25FS064SAGMFI010,Infineon Technologies,IC FLASH 64MBIT SPI/QUAD 8SOIC,memory,874,2.78,"8-SOIC (0.209"", 5.30mm Width)",Surface Mount,Active,https://www.infineon.com/dgdl/Infineon-S25FS064S_64_Mbit_(8_Mbyte)_1.8-V_FS-S_Flash_Memory-DataSheet-v08_00-EN.pdf?fileId=8ac78c8c7d0d8da4017d0ed526b25412&utm_source=cypress&utm_medium=referral&utm_campaign=202110_globe_en_all_integration-files,https://www.digikey.com/en/products/detail/infineon-technologies/S25FS064SAGMFI010/6185705,,133 MHz,Verified,,FLASH,"SPI - Quad I/O, QPI",8M x 8,64Mbit,Non-Volatile,-40°C ~ 85°C (TA),,FS-S,FLASH - NOR,1.7V ~ 2V,
S25FS128SAGNFI000,Infineon Technologies,IC FLASH 128MBIT SPI/QUAD 8WSON,memory,705,4.16,8-WDFN Exposed Pad,Surface Mount,Active,https://www.infineon.com/assets/row/public/documents/10/49/infineon-s25fs128s-s25fs256s-1-datasheet-en.pdf?fileId=8ac78c8c7d0d8da4017d0ed6b5ab5758&utm_source=cypress&utm_medium=referral&utm_campaign,https://www.digikey.com/en/products/detail/infineon-technologies/S25FS128SAGNFI000/6596260,,133 MHz,Not Verified,,FLASH,"SPI - Quad I/O, QPI",16M x 8,128Mbit,Non-Volatile,-40°C ~ 85°C (TA),,FS-S,FLASH - NOR,1.7V ~ 2V,
S25FS128SAGNFI100,Infineon Technologies,IC FLASH 128MBIT SPI/QUAD 8WSON,memory,4305,4.16,8-WDFN Exposed Pad,Surface Mount,Active,https://www.infineon.com/assets/row/public/documents/10/49/infineon-s25fs128s-s25fs256s-1-datasheet-en.pdf?fileId=8ac78c8c7d0d8da4017d0ed6b5ab5758&utm_source=cypress&utm_medium=referral&utm_campaign,https://www.digikey.com/en/products/detail/infineon-technologies/S25FS128SAGNFI100/4833782,,133 MHz,Not Verified,,FLASH,"SPI - Quad I/O, QPI",16M x 8,128Mbit,Non-Volatile,-40°C ~ 85°C (TA),,FS-S,FLASH - NOR,1.7V ~ 2V,
S25FS256SAGNFI000,Infineon Technologies,IC FLASH 256MBIT SPI/QUAD 8WSON,memory,1831,5.94,8-WDFN Exposed Pad,Surface Mount,Active,https://www.infineon.com/assets/row/public/documents/10/49/infineon-s25fs128s-s25fs256s-1-datasheet-en.pdf?fileId=8ac78c8c7d0d8da4017d0ed6b5ab5758&utm_source=cypress&utm_medium=referral&utm_campaign,https://www.digikey.com/en/products/detail/infineon-technologies/S25FS256SAGNFI000/4833791,,133 MHz,Not Verified,,FLASH,"SPI - Quad I/O, QPI",32M x 8,256Mbit,Non-Volatile,-40°C ~ 85°C (TA),,FS-S,FLASH - NOR,1.7V ~ 2V,
S25FS256SAGNFI001,Infineon Technologies,IC FLASH 256MBIT SPI/QUAD 8WSON,memory,2097,5.94,8-WDFN Exposed Pad,Surface Mount,Active,https://www.infineon.com/assets/row/public/documents/10/49/infineon-s25fs128s-s25fs256s-1-datasheet-en.pdf?fileId=8ac78c8c7d0d8da4017d0ed6b5ab5758&utm_source=cypress&utm_medium=referral&utm_campaign,https://www.digikey.com/en/products/detail/infineon-technologies/S25FS256SAGNFI001/4499879,,133 MHz,Not Verified,,FLASH,"SPI - Quad I/O, QPI",32M x 8,256Mbit,Non-Volatile,-40°C ~ 85°C (TA),,FS-S,FLASH - NOR,1.7V ~ 2V,
S25FS256SAGNFI003,Infineon Technologies,IC FLASH 256MBIT SPI/QUAD 8WSON,memory,0,5.94,8-WDFN Exposed Pad,Surface Mount,Active,https://www.infineon.com/assets/row/public/documents/10/49/infineon-s25fs128s-s25fs256s-1-datasheet-en.pdf?fileId=8ac78c8c7d0d8da4017d0ed6b5ab5758&utm_source=cypress&utm_medium=referral&utm_campaign,https://www.digikey.com/en/products/detail/infineon-technologies/S25FS256SAGNFI003/4833792,,133 MHz,Not Verified,,FLASH,"SPI - Quad I/O, QPI",32M x 8,256Mbit,Non-Volatile,-40°C ~ 85°C (TA),,FS-S,FLASH - NOR,1.7V ~ 2V,
S25FS256SDSNFI000,Infineon Technologies,IC FLASH 256MBIT SPI/QUAD 8WSON,memory,628,5.77,8-WDFN Exposed Pad,Surface Mount,Active,https://www.infineon.com/assets/row/public/documents/10/49/infineon-s25fs128s-s25fs256s-1-datasheet-en.pdf?fileId=8ac78c8c7d0d8da4017d0ed6b5ab5758&utm_source=cypress&utm_medium=referral&utm_campaign,https://www.digikey.com/en/products/detail/infineon-technologies/S25FS256SDSNFI000/4833799,,80 MHz,Not Verified,,FLASH,"SPI - Quad I/O, QPI",32M x 8,256Mbit,Non-Volatile,-40°C ~ 85°C (TA),,FS-S,FLASH - NOR,1.7V ~ 2V,
S25HL01GTFAMHI010,Infineon Technologies,IC FLASH 1GBIT SPI/QUAD 16SOIC,memory,3908,19.38,"16-SOIC (0.295"", 7.50mm Width)",Surface Mount,Active,https://www.digikey.com//mm.digikey.com/Volume0/opasdata/d220001/medias/docus/6472/002-12345_rev-AF.pdf,https://www.digikey.com/en/products/detail/infineon-technologies/S25HL01GTFAMHI010/15903888,,166 MHz,Not Verified,,FLASH,"SPI - Quad I/O, QPI",128M x 8,1Gbit,Non-Volatile,-40°C ~ 85°C (TA),,HL-T,FLASH - NOR,2.7V ~ 3.6V,
S25HL512TDPNHI010,Infineon Technologies,IC FLASH 512MBIT SPI/QUAD 8WSON,memory,0,9.86,8-WDFN Exposed Pad,Surface Mount,Active,https://www.digikey.com//mm.digikey.com/Volume0/opasdata/d220001/medias/docus/6472/002-12345_rev-AF.pdf,https://www.digikey.com/en/products/detail/infineon-technologies/S25HL512TDPNHI010/10493038,,133 MHz,Not Verified,,FLASH,SPI - Quad I/O,64M x 8,512Mbit,Non-Volatile,-40°C ~ 85°C (TA),,HL-T,FLASH - NOR,2.7V ~ 3.6V,
S25HS01GTDPBHI030,Infineon Technologies,IC FLASH 1GBIT SPI/QUAD 24BGA,memory,993,18.87,24-VBGA,Surface Mount,Active,https://www.infineon.com/assets/row/public/documents/10/49/infineon-512-mb-1-gb-semper-tm-flash-quad-spi-ja-datasheet-ja.pdf,https://www.digikey.com/en/products/detail/infineon-technologies/S25HS01GTDPBHI030/15903892,,133 MHz,Not Verified,,FLASH,"SPI - Quad I/O, QPI",128M x 8,1Gbit,Non-Volatile,-40°C ~ 85°C (TA),,HS-T,FLASH - NOR,1.7V ~ 2V,
S25HS01GTDPMHI010,Infineon Technologies,IC FLASH 1GBIT SPI/QUAD 16SOIC,memory,193,18.87,"16-SOIC (0.295"", 7.50mm Width)",Surface Mount,Active,https://www.digikey.com//mm.digikey.com/Volume0/opasdata/d220001/medias/docus/6472/002-12345_rev-AF.pdf,https://www.digikey.com/en/products/detail/infineon-technologies/S25HS01GTDPMHI010/15903890,,133 MHz,Not Verified,,FLASH,"SPI - Quad I/O, QPI",128M x 8,1Gbit,Non-Volatile,-40°C ~ 85°C (TA),,HS-T,FLASH - NOR,1.7V ~ 2V,
S26KS512SDPBHI020,Infineon Technologies,IC FLASH 512MBIT HYPERBUS 24FBGA,memory,4177,22.92,24-VBGA,Surface Mount,Active,https://www.infineon.com/assets/row/public/documents/10/49/infineon-512mb-64mb256mb-32mb128mb-16mb1-8v-3-datasheet-en.pdf?fileId=8ac78c8c7d0d8da4017d0ed5ca77559f&utm_source=cypress&utm_medium=referral&utm_campaign=202110_globe_en_all_integ,https://www.digikey.com/en/products/detail/infineon-technologies/S26KS512SDPBHI020/6057101,96 ns,166 MHz,Not Verified,,FLASH,HyperBus,64M x 8,512Mbit,Non-Volatile,-40°C ~ 85°C (TA),,HYPERFLASH™ KS,FLASH - NOR,1.7V ~ 1.95V,
S28HL512TFPBHI010,Infineon Technologies,IC FLASH 512MBIT SPI/OCTL 24FBGA,memory,754,11.69,24-VBGA,Surface Mount,Active,https://www.infineon.com/dgdl/Infineon-S28HS256T_S28HS512T_S28HS01GT_S28HL256T_S28HL512T_S28HL01GT_256-Mb_(32-MB)_512-Mb_(64-MB)_1-Gb_(128-MB)_HS-T_(1.8-V)_HL-T_(3.0-V)_Semper_Flash_with_Octal_Interface-DataSheet-v03_00-EN.pdf?fileId=8ac78c8c7d0d8da4017d0ee6bca96f97&da=t,https://www.digikey.com/en/products/detail/infineon-technologies/S28HL512TFPBHI010/10824946,,166 MHz,Not Verified,,FLASH,SPI - Octal I/O,64M x 8,512Mbit,Non-Volatile,-40°C ~ 85°C (TA),,,FLASH - NOR,2.7V ~ 3.6V,
S28HS512TGABHI010,Infineon Technologies,IC FLASH 512MBIT SPI/OCTL 24FBGA,memory,188,12.33,24-VBGA,Surface Mount,Active,https://www.infineon.com/dgdl/Infineon-AN200810_S25FL-P_(32_Mb_64_Mb)_Package_Routing_Guide-ApplicationNotes-v03_00-EN.pdf?fileId=8ac78c8c7cdc391c017d07432ba2664a&utm_source=cypress&utm_medium=referral&utm_campaign=202110_globe_en_all_integration-files,https://www.digikey.com/en/products/detail/infineon-technologies/S28HS512TGABHI010/10493027,,200 MHz,Not Verified,,FLASH,SPI - Octal I/O,64M x 8,512Mbit,Non-Volatile,-40°C ~ 85°C (TA),,HS-T,FLASH - NOR,1.7V ~ 2V,
S28HS512TGABHM010,Infineon Technologies,IC FLASH 512MBIT SPI/OCTL 24FBGA,memory,956,15.15,24-VBGA,Surface Mount,Active,https://www.digikey.com//mm.digikey.com/Volume0/opasdata/d220001/medias/docus/4903/S28H%28L%2CS%2901GT_256T_512T_RevA_7-8-19.pdf,https://www.digikey.com/en/products/detail/infineon-technologies/S28HS512TGABHM010/16894691,5.45 ns,200 MHz,Not Verified,,FLASH,SPI - Octal I/O,64M x 8,512Mbit,Non-Volatile,-40°C ~ 125°C (TA),,SEMPER™,FLASH - NOR (SLC),1.7V ~ 2V,1.7ms
S29GL01GS10DHI010,Infineon Technologies,IC FLASH 1GBIT PARALLEL 64FBGA,memory,948,20.2,64-LBGA,Surface Mount,Active,https://www.infineon.com/assets/row/public/documents/10/49/infineon-s29gl01gs-s29gl512s-s29gl256s-s29gl128s-128-mb-256-mb-512-mb-1-gb-gl-s-mirrorbit-tm-flash-parallel-3-datasheet-en.pdf?fileId=8ac78c8c7d0d8da4017d0ed07ac14bd5&utm_source=cypress&utm_medium=referral&utm_campai,https://www.digikey.com/en/products/detail/infineon-technologies/S29GL01GS10DHI010/3761522,100 ns,,Not Verified,,FLASH,Parallel,64M x 16,1Gbit,Non-Volatile,-40°C ~ 85°C (TA),,GL-S,FLASH - NOR,2.7V ~ 3.6V,60ns
S29GL01GS10TFI010,Infineon Technologies,IC FLASH 1GBIT PARALLEL 56TSOP,memory,1494,20.2,"56-TFSOP (0.724"", 18.40mm Width)",Surface Mount,Active,https://www.infineon.com/assets/row/public/documents/10/49/infineon-s29gl01gs-s29gl512s-s29gl256s-s29gl128s-128-mb-256-mb-512-mb-1-gb-gl-s-mirrorbit-tm-flash-parallel-3-datasheet-en.pdf?fileId=8ac78c8c7d0d8da4017d0ed07ac14bd5&utm_source=cypress&utm_medium=referral&utm_campai,https://www.digikey.com/en/products/detail/infineon-technologies/S29GL01GS10TFI010/3761524,100 ns,,Not Verified,,FLASH,Parallel,64M x 16,1Gbit,Non-Volatile,-40°C ~ 85°C (TA),,GL-S,FLASH - NOR,2.7V ~ 3.6V,60ns
S29GL01GS11DHI010,Infineon Technologies,IC FLASH 1GBIT PARALLEL 64FBGA,memory,1211,20.2,64-LBGA,Surface Mount,Active,https://www.infineon.com/assets/row/public/documents/10/49/infineon-s29gl01gs-s29gl512s-s29gl256s-s29gl128s-128-mb-256-mb-512-mb-1-gb-gl-s-mirrorbit-tm-flash-parallel-3-datasheet-en.pdf?fileId=8ac78c8c7d0d8da4017d0ed07ac14bd5&utm_source=cypress&utm_medium=referral&utm_campai,https://www.digikey.com/en/products/detail/infineon-technologies/S29GL01GS11DHI010/3761526,110 ns,,Not Verified,,FLASH,Parallel,64M x 16,1Gbit,Non-Volatile,-40°C ~ 85°C (TA),,GL-S,FLASH - NOR,2.7V ~ 3.6V,60ns
S29GL01GS11DHIV10,Infineon Technologies,IC FLASH 1GBIT PARALLEL 64FBGA,memory,810,20.2,64-LBGA,Surface Mount,Active,https://www.infineon.com/assets/row/public/documents/10/49/infineon-s29gl01gs-s29gl512s-s29gl256s-s29gl128s-128-mb-256-mb-512-mb-1-gb-gl-s-mirrorbit-tm-flash-parallel-3-datasheet-en.pdf?fileId=8ac78c8c7d0d8da4017d0ed07ac14bd5&utm_source=cypress&utm_medium=referral&utm_campai,https://www.digikey.com/en/products/detail/infineon-technologies/S29GL01GS11DHIV10/3862819,110 ns,,Not Verified,,FLASH,Parallel,64M x 16,1Gbit,Non-Volatile,-40°C ~ 85°C (TA),,GL-S,FLASH - NOR,1.65V ~ 3.6V,60ns
S29GL01GS11DHIV20,Infineon Technologies,IC FLASH 1GBIT PARALLEL 64FBGA,memory,5048,20.2,64-LBGA,Surface Mount,Active,https://www.infineon.com/assets/row/public/documents/10/49/infineon-s29gl01gs-s29gl512s-s29gl256s-s29gl128s-128-mb-256-mb-512-mb-1-gb-gl-s-mirrorbit-tm-flash-parallel-3-datasheet-en.pdf?fileId=8ac78c8c7d0d8da4017d0ed07ac14bd5&utm_source=cypress&utm_medium=referral&utm_campai,https://www.digikey.com/en/products/detail/infineon-technologies/S29GL01GS11DHIV20/3862820,110 ns,,Not Verified,,FLASH,Parallel,64M x 16,1Gbit,Non-Volatile,-40°C ~ 85°C (TA),,GL-S,FLASH - NOR,1.65V ~ 3.6V,60ns
S29GL01GS11FHIV10,Infineon Technologies,IC FLASH 1GBIT PARALLEL 64FBGA,memory,623,20.2,64-LBGA,Surface Mount,Active,https://www.infineon.com/assets/row/public/documents/10/49/infineon-s29gl01gs-s29gl512s-s29gl256s-s29gl128s-128-mb-256-mb-512-mb-1-gb-gl-s-mirrorbit-tm-flash-parallel-3-datasheet-en.pdf?fileId=8ac78c8c7d0d8da4017d0ed07ac14bd5&utm_source=cypress&utm_medium=referral&utm_campai,https://www.digikey.com/en/products/detail/infineon-technologies/S29GL01GS11FHIV10/5787777,110 ns,,Not Verified,,FLASH,Parallel,64M x 16,1Gbit,Non-Volatile,-40°C ~ 85°C (TA),,GL-S,FLASH - NOR,1.65V ~ 3.6V,60ns
S29GL01GS11FHIV23,Infineon Technologies,IC FLASH 1GBIT PARALLEL 64FBGA,memory,3258,20.2,64-LBGA,Surface Mount,Active,https://www.infineon.com/assets/row/public/documents/10/49/infineon-s29gl01gs-s29gl512s-s29gl256s-s29gl128s-128-mb-256-mb-512-mb-1-gb-gl-s-mirrorbit-tm-flash-parallel-3-datasheet-en.pdf?fileId=8ac78c8c7d0d8da4017d0ed07ac14bd5&utm_source=cypress&utm_medium=referral&utm_campai,https://www.digikey.com/en/products/detail/infineon-technologies/S29GL01GS11FHIV23/5779476,110 ns,,Not Verified,,FLASH,Parallel,64M x 16,1Gbit,Non-Volatile,-40°C ~ 85°C (TA),,GL-S,FLASH - NOR,1.65V ~ 3.6V,60ns
S29GL01GS11TFI010,Infineon Technologies,IC FLASH 1GBIT PARALLEL 56TSOP,memory,2104,20.2,"56-TFSOP (0.724"", 18.40mm Width)",Surface Mount,Active,https://www.infineon.com/assets/row/public/documents/10/49/infineon-s29gl01gs-s29gl512s-s29gl256s-s29gl128s-128-mb-256-mb-512-mb-1-gb-gl-s-mirrorbit-tm-flash-parallel-3-datasheet-en.pdf?fileId=8ac78c8c7d0d8da4017d0ed07ac14bd5&utm_source=cypress&utm_medium=referral&utm_campai,https://www.digikey.com/en/products/detail/infineon-technologies/S29GL01GS11TFI010/3862821,110 ns,,Not Verified,,FLASH,Parallel,64M x 16,1Gbit,Non-Volatile,-40°C ~ 85°C (TA),,GL-S,FLASH - NOR,2.7V ~ 3.6V,60ns
S29GL01GS11TFIV10,Infineon Technologies,IC FLASH 1GBIT PARALLEL 56TSOP,memory,2228,20.2,"56-TFSOP (0.724"", 18.40mm Width)",Surface Mount,Active,https://www.infineon.com/assets/row/public/documents/10/49/infineon-s29gl01gs-s29gl512s-s29gl256s-s29gl128s-128-mb-256-mb-512-mb-1-gb-gl-s-mirrorbit-tm-flash-parallel-3-datasheet-en.pdf?fileId=8ac78c8c7d0d8da4017d0ed07ac14bd5&utm_source=cypress&utm_medium=referral&utm_campai,https://www.digikey.com/en/products/detail/infineon-technologies/S29GL01GS11TFIV10/3862823,110 ns,,Not Verified,,FLASH,Parallel,64M x 16,1Gbit,Non-Volatile,-40°C ~ 85°C (TA),,GL-S,FLASH - NOR,1.65V ~ 3.6V,60ns
S29GL01GS12TFIV10,Infineon Technologies,IC FLASH 1GBIT PARALLEL 56TSOP,memory,1149,20.2,"56-TFSOP (0.724"", 18.40mm Width)",Surface Mount,Active,https://www.infineon.com/assets/row/public/documents/10/49/infineon-s29gl01gs-s29gl512s-s29gl256s-s29gl128s-128-mb-256-mb-512-mb-1-gb-gl-s-mirrorbit-tm-flash-parallel-3-datasheet-en.pdf?fileId=8ac78c8c7d0d8da4017d0ed07ac14bd5&utm_source=cypress&utm_medium=referral&utm_campai,https://www.digikey.com/en/products/detail/infineon-technologies/S29GL01GS12TFIV10/3862827,120 ns,,Not Verified,,FLASH,Parallel,64M x 16,1Gbit,Non-Volatile,-40°C ~ 85°C (TA),,GL-S,FLASH - NOR,1.65V ~ 3.6V,60ns
S29GL01GT10FHI010,Infineon Technologies,IC FLASH 1GBIT PARALLEL 64FBGA,memory,2003,20.01,64-LBGA,Surface Mount,Active,https://www.infineon.com/assets/row/public/documents/10/49/infineon-s29gl01gt-s29gl512t-1-gb-128-mb-512-mb-64-mb-gl-t-mirrorbit-eclipse-flash-datasheet-en.pdf?fileId=8ac78c8c7d0d8da4017d0ed2abb34fce,https://www.digikey.com/en/products/detail/infineon-technologies/S29GL01GT10FHI010/6071291,100 ns,,Verified,,FLASH,Parallel,128M x 8,1Gbit,Non-Volatile,-40°C ~ 85°C (TA),,GL-T,FLASH - NOR,2.7V ~ 3.6V,60ns
S29GL01GT10FHI020,Infineon Technologies,IC FLASH 1GBIT PARALLEL 64FBGA,memory,1269,20.01,64-LBGA,Surface Mount,Active,https://www.infineon.com/assets/row/public/documents/10/49/infineon-s29gl01gt-s29gl512t-1-gb-128-mb-512-mb-64-mb-gl-t-mirrorbit-eclipse-flash-datasheet-en.pdf?fileId=8ac78c8c7d0d8da4017d0ed2abb34fce,https://www.digikey.com/en/products/detail/infineon-technologies/S29GL01GT10FHI020/6071292,100 ns,,Verified,,FLASH,Parallel,128M x 8,1Gbit,Non-Volatile,-40°C ~ 85°C (TA),,GL-T,FLASH - NOR,2.7V ~ 3.6V,60ns
S29GL01GT10TFI010,Infineon Technologies,IC FLASH 1GBIT PARALLEL 56TSOP,memory,1583,20.01,"56-TFSOP (0.724"", 18.40mm Width)",Surface Mount,Active,https://www.infineon.com/assets/row/public/documents/10/49/infineon-s29gl01gt-s29gl512t-1-gb-128-mb-512-mb-64-mb-gl-t-mirrorbit-eclipse-flash-datasheet-en.pdf?fileId=8ac78c8c7d0d8da4017d0ed2abb34fce,https://www.digikey.com/en/products/detail/infineon-technologies/S29GL01GT10TFI010/6071281,100 ns,,Not Verified,,FLASH,Parallel,128M x 8,1Gbit,Non-Volatile,-40°C ~ 85°C (TA),,GL-T,FLASH - NOR,2.7V ~ 3.6V,60ns
S29GL01GT11TFIV20,Infineon Technologies,IC FLASH 1GBIT PARALLEL 56TSOP,memory,987,20.01,"56-TFSOP (0.724"", 18.40mm Width)",Surface Mount,Active,https://www.infineon.com/assets/row/public/documents/10/49/infineon-s29gl01gt-s29gl512t-1-gb-128-mb-512-mb-64-mb-gl-t-mirrorbit-eclipse-flash-datasheet-en.pdf?fileId=8ac78c8c7d0d8da4017d0ed2abb34fce,https://www.digikey.com/en/products/detail/infineon-technologies/S29GL01GT11TFIV20/6228213,110 ns,,Not Verified,,FLASH,Parallel,128M x 8,1Gbit,Non-Volatile,-40°C ~ 85°C (TA),,GL-T,FLASH - NOR,1.65V ~ 3.6V,60ns
S29GL064S70BHI030,Infineon Technologies,IC FLASH 64MBIT PARALLEL 48FBGA,memory,6384,6.22,48-VFBGA,Surface Mount,Active,https://www.infineon.com/assets/row/public/documents/10/49/infineon-s29gl064s-64-mbit8-mbyte3-datasheet-en.pdf,https://www.digikey.com/en/products/detail/infineon-technologies/S29GL064S70BHI030/4833805,70 ns,,Not Verified,,FLASH,Parallel,"8M x 8, 4M x 16",64Mbit,Non-Volatile,-40°C ~ 85°C (TA),,GL-S,FLASH - NOR,2.7V ~ 3.6V,60ns
S29GL064S70BHI040,Infineon Technologies,IC FLASH 64MBIT PARALLEL 48FBGA,memory,1871,6.22,48-VFBGA,Surface Mount,Active,https://www.infineon.com/assets/row/public/documents/10/49/infineon-s29gl064s-64-mbit8-mbyte3-datasheet-en.pdf,https://www.digikey.com/en/products/detail/infineon-technologies/S29GL064S70BHI040/4833806,70 ns,,Not Verified,,FLASH,Parallel,"8M x 8, 4M x 16",64Mbit,Non-Volatile,-40°C ~ 85°C (TA),,GL-S,FLASH - NOR,2.7V ~ 3.6V,60ns
S29GL064S70TFA010,Infineon Technologies,IC FLASH 64MBIT PARALLEL 56TSOP,memory,455,7.45,"56-TFSOP (0.724"", 18.40mm Width)",Surface Mount,Active,https://www.infineon.com/assets/row/public/documents/10/49/infineon-s29gl064s-64-mbit8-mbyte3-datasheet-en.pdf,https://www.digikey.com/en/products/detail/infineon-technologies/S29GL064S70TFA010/5787843,70 ns,,Not Verified,Automotive,FLASH,Parallel,"8M x 8, 4M x 16",64Mbit,Non-Volatile,-40°C ~ 85°C (TA),AEC-Q100,GL-S,FLASH - NOR,2.7V ~ 3.6V,60ns
S29GL064S70TFI010,Infineon Technologies,IC FLASH 64MBIT PARALLEL 56TSOP,memory,11358,6.22,"56-TFSOP (0.724"", 18.40mm Width)",Surface Mount,Active,https://www.infineon.com/assets/row/public/documents/10/49/infineon-s29gl064s-64-mbit8-mbyte3-datasheet-en.pdf,https://www.digikey.com/en/products/detail/infineon-technologies/S29GL064S70TFI010/4833815,70 ns,,Verified,,FLASH,Parallel,"8M x 8, 4M x 16",64Mbit,Non-Volatile,-40°C ~ 85°C (TA),,GL-S,FLASH - NOR,2.7V ~ 3.6V,60ns
S29GL064S70TFI020,Infineon Technologies,IC FLASH 64MBIT PARALLEL 56TSOP,memory,1228,6.22,"56-TFSOP (0.724"", 18.40mm Width)",Surface Mount,Active,https://www.infineon.com/assets/row/public/documents/10/49/infineon-s29gl064s-64-mbit8-mbyte3-datasheet-en.pdf,https://www.digikey.com/en/products/detail/infineon-technologies/S29GL064S70TFI020/4833816,70 ns,,Not Verified,,FLASH,Parallel,"8M x 8, 4M x 16",64Mbit,Non-Volatile,-40°C ~ 85°C (TA),,GL-S,FLASH - NOR,2.7V ~ 3.6V,60ns
S29GL064S70TFI030,Infineon Technologies,IC FLASH 64MBIT PARALLEL 48TSOP,memory,901,7.09,"48-TFSOP (0.724"", 18.40mm Width)",Surface Mount,Active,https://www.infineon.com/assets/row/public/documents/10/49/infineon-s29gl064s-64-mbit8-mbyte3-datasheet-en.pdf,https://www.digikey.com/en/products/detail/infineon-technologies/S29GL064S70TFI030/4833817,70 ns,,Not Verified,,FLASH,Parallel,"8M x 8, 4M x 16",64Mbit,Non-Volatile,-40°C ~ 85°C (TA),,GL-S,FLASH - NOR,2.7V ~ 3.6V,60ns
S29GL064S70TFI040,Infineon Technologies,IC FLASH 64MBIT PARALLEL 48TSOP,memory,5134,6.22,"48-TFSOP (0.724"", 18.40mm Width)",Surface Mount,Active,https://www.infineon.com/assets/row/public/documents/10/49/infineon-s29gl064s-64-mbit8-mbyte3-datasheet-en.pdf,https://www.digikey.com/en/products/detail/infineon-technologies/S29GL064S70TFI040/4833818,70 ns,,Not Verified,,FLASH,Parallel,"8M x 8, 4M x 16",64Mbit,Non-Volatile,-40°C ~ 85°C (TA),,GL-S,FLASH - NOR,2.7V ~ 3.6V,60ns
S29GL128S10DHI013,Infineon Technologies,IC FLASH 128MBIT PARALLEL 64FBGA,memory,2605,7.58,64-LBGA,Surface Mount,Active,https://www.infineon.com/assets/row/public/documents/10/49/infineon-s29gl01gs-s29gl512s-s29gl256s-s29gl128s-128-mb-256-mb-512-mb-1-gb-gl-s-mirrorbit-tm-flash-parallel-3-datasheet-en.pdf?fileId=8ac78c8c7d0d8da4017d0ed07ac14bd5&utm_source=cypress&utm_medium=referral&utm_campai,https://www.digikey.com/en/products/detail/infineon-technologies/S29GL128S10DHI013/5779621,100 ns,,Not Verified,,FLASH,Parallel,8M x 16,128Mbit,Non-Volatile,-40°C ~ 85°C (TA),,GL-S,FLASH - NOR,2.7V ~ 3.6V,60ns
S29GL128S10FHI020,Infineon Technologies,IC FLASH 128MBIT PARALLEL 64FBGA,memory,733,7.58,64-LBGA,Surface Mount,Active,https://www.infineon.com/assets/row/public/documents/10/49/infineon-s29gl01gs-s29gl512s-s29gl256s-s29gl128s-128-mb-256-mb-512-mb-1-gb-gl-s-mirrorbit-tm-flash-parallel-3-datasheet-en.pdf?fileId=8ac78c8c7d0d8da4017d0ed07ac14bd5&utm_source=cypress&utm_medium=referral&utm_campai,https://www.digikey.com/en/products/detail/infineon-technologies/S29GL128S10FHI020/5787905,100 ns,,Not Verified,,FLASH,Parallel,8M x 16,128Mbit,Non-Volatile,-40°C ~ 85°C (TA),,GL-S,FLASH - NOR,2.7V ~ 3.6V,60ns
S29GL128S90FAI010,Infineon Technologies,IC FLASH 128MBIT PARALLEL 64FBGA,memory,1874,7.58,64-LBGA,Surface Mount,Active,https://www.infineon.com/assets/row/public/documents/10/49/infineon-s29gl01gs-s29gl512s-s29gl256s-s29gl128s-128-mb-256-mb-512-mb-1-gb-gl-s-mirrorbit-tm-flash-parallel-3-datasheet-en.pdf?fileId=8ac78c8c7d0d8da4017d0ed07ac14bd5&utm_source=cypress&utm_medium=referral&utm_campai,https://www.digikey.com/en/products/detail/infineon-technologies/S29GL128S90FAI010/5787920,90 ns,,Not Verified,,FLASH,Parallel,8M x 16,128Mbit,Non-Volatile,-40°C ~ 85°C (TA),,GL-S,FLASH - NOR,2.7V ~ 3.6V,60ns
S29GL128S90TFI010,Infineon Technologies,IC FLASH 128MBIT PARALLEL 56TSOP,memory,2332,7.58,"56-TFSOP (0.724"", 18.40mm Width)",Surface Mount,Active,https://www.infineon.com/assets/row/public/documents/10/49/infineon-s29gl01gs-s29gl512s-s29gl256s-s29gl128s-128-mb-256-mb-512-mb-1-gb-gl-s-mirrorbit-tm-flash-parallel-3-datasheet-en.pdf?fileId=8ac78c8c7d0d8da4017d0ed07ac14bd5&utm_source=cypress&utm_medium=referral&utm_campai,https://www.digikey.com/en/products/detail/infineon-technologies/S29GL128S90TFI010/3761518,90 ns,,Verified,,FLASH,Parallel,8M x 16,128Mbit,Non-Volatile,-40°C ~ 85°C (TA),,GL-S,FLASH - NOR,2.7V ~ 3.6V,60ns
S29GL128S90TFI020,Infineon Technologies,IC FLASH 128MBIT PARALLEL 56TSOP,memory,1075,7.58,"56-TFSOP (0.724"", 18.40mm Width)",Surface Mount,Active,https://www.infineon.com/assets/row/public/documents/10/49/infineon-s29gl01gs-s29gl512s-s29gl256s-s29gl128s-128-mb-256-mb-512-mb-1-gb-gl-s-mirrorbit-tm-flash-parallel-3-datasheet-en.pdf?fileId=8ac78c8c7d0d8da4017d0ed07ac14bd5&utm_source=cypress&utm_medium=referral&utm_campai,https://www.digikey.com/en/products/detail/infineon-technologies/S29GL128S90TFI020/3761519,90 ns,,Verified,,FLASH,Parallel,8M x 16,128Mbit,Non-Volatile,-40°C ~ 85°C (TA),,GL-S,FLASH - NOR,2.7V ~ 3.6V,60ns
S29GL256S90TFI010,Infineon Technologies,IC FLASH 256MBIT PARALLEL 56TSOP,memory,2070,11.06,"56-TFSOP (0.724"", 18.40mm Width)",Surface Mount,Active,https://www.infineon.com/assets/row/public/documents/10/49/infineon-s29gl01gs-s29gl512s-s29gl256s-s29gl128s-128-mb-256-mb-512-mb-1-gb-gl-s-mirrorbit-tm-flash-parallel-3-datasheet-en.pdf?fileId=8ac78c8c7d0d8da4017d0ed07ac14bd5&utm_source=cypress&utm_medium=referral&utm_campai,https://www.digikey.com/en/products/detail/infineon-technologies/S29GL256S90TFI010/3761525,90 ns,,Not Verified,,FLASH,Parallel,16M x 16,256Mbit,Non-Volatile,-40°C ~ 85°C (TA),,GL-S,FLASH - NOR,2.7V ~ 3.6V,60ns
S29GL512S10DHI020,Infineon Technologies,IC FLASH 512MBIT PARALLEL 64FBGA,memory,1161,14.25,64-LBGA,Surface Mount,Active,https://www.infineon.com/assets/row/public/documents/10/49/infineon-s29gl01gs-s29gl512s-s29gl256s-s29gl128s-128-mb-256-mb-512-mb-1-gb-gl-s-mirrorbit-tm-flash-parallel-3-datasheet-en.pdf?fileId=8ac78c8c7d0d8da4017d0ed07ac14bd5&utm_source=cypress&utm_medium=referral&utm_campai,https://www.digikey.com/en/products/detail/infineon-technologies/S29GL512S10DHI020/3862964,100 ns,,Not Verified,,FLASH,Parallel,32M x 16,512Mbit,Non-Volatile,-40°C ~ 85°C (TA),,GL-S,FLASH - NOR,2.7V ~ 3.6V,60ns
S29GL512S10TFI010,Infineon Technologies,IC FLASH 512MBIT PARALLEL 56TSOP,memory,1134,14.25,"56-TFSOP (0.724"", 18.40mm Width)",Surface Mount,Active,https://www.infineon.com/assets/row/public/documents/10/49/infineon-s29gl01gs-s29gl512s-s29gl256s-s29gl128s-128-mb-256-mb-512-mb-1-gb-gl-s-mirrorbit-tm-flash-parallel-3-datasheet-en.pdf?fileId=8ac78c8c7d0d8da4017d0ed07ac14bd5&utm_source=cypress&utm_medium=referral&utm_campai,https://www.digikey.com/en/products/detail/infineon-technologies/S29GL512S10TFI010/3761528,100 ns,,Verified,,FLASH,Parallel,32M x 16,512Mbit,Non-Volatile,-40°C ~ 85°C (TA),,GL-S,FLASH - NOR,2.7V ~ 3.6V,60ns
S29GL512S11DHIV10,Infineon Technologies,IC FLASH 512MBIT PARALLEL 64FBGA,memory,1500,14.25,64-LBGA,Surface Mount,Active,https://www.infineon.com/assets/row/public/documents/10/49/infineon-s29gl01gs-s29gl512s-s29gl256s-s29gl128s-128-mb-256-mb-512-mb-1-gb-gl-s-mirrorbit-tm-flash-parallel-3-datasheet-en.pdf?fileId=8ac78c8c7d0d8da4017d0ed07ac14bd5&utm_source=cypress&utm_medium=referral&utm_campai,https://www.digikey.com/en/products/detail/infineon-technologies/S29GL512S11DHIV10/3862967,110 ns,,Not Verified,,FLASH,Parallel,32M x 16,512Mbit,Non-Volatile,-40°C ~ 85°C (TA),,GL-S,FLASH - NOR,1.65V ~ 3.6V,60ns
S29GL512S11DHIV20,Infineon Technologies,IC FLASH 512MBIT PARALLEL 64FBGA,memory,3745,14.25,64-LBGA,Surface Mount,Active,https://www.infineon.com/assets/row/public/documents/10/49/infineon-s29gl01gs-s29gl512s-s29gl256s-s29gl128s-128-mb-256-mb-512-mb-1-gb-gl-s-mirrorbit-tm-flash-parallel-3-datasheet-en.pdf?fileId=8ac78c8c7d0d8da4017d0ed07ac14bd5&utm_source=cypress&utm_medium=referral&utm_campai,https://www.digikey.com/en/products/detail/infineon-technologies/S29GL512S11DHIV20/3862968,110 ns,,Not Verified,,FLASH,Parallel,32M x 16,512Mbit,Non-Volatile,-40°C ~ 85°C (TA),,GL-S,FLASH - NOR,1.65V ~ 3.6V,60ns
S29GL512S11TFI010,Infineon Technologies,IC FLASH 512MBIT PARALLEL 56TSOP,memory,444,14.25,"56-TFSOP (0.724"", 18.40mm Width)",Surface Mount,Active,https://www.infineon.com/assets/row/public/documents/10/49/infineon-s29gl01gs-s29gl512s-s29gl256s-s29gl128s-128-mb-256-mb-512-mb-1-gb-gl-s-mirrorbit-tm-flash-parallel-3-datasheet-en.pdf?fileId=8ac78c8c7d0d8da4017d0ed07ac14bd5&utm_source=cypress&utm_medium=referral&utm_campai,https://www.digikey.com/en/products/detail/infineon-technologies/S29GL512S11TFI010/3862969,110 ns,,Verified,,FLASH,Parallel,32M x 16,512Mbit,Non-Volatile,-40°C ~ 85°C (TA),,GL-S,FLASH - NOR,2.7V ~ 3.6V,60ns
S29GL512S11TFI020,Infineon Technologies,IC FLASH 512MBIT PARALLEL 56TSOP,memory,966,14.25,"56-TFSOP (0.724"", 18.40mm Width)",Surface Mount,Active,https://www.infineon.com/assets/row/public/documents/10/49/infineon-s29gl01gs-s29gl512s-s29gl256s-s29gl128s-128-mb-256-mb-512-mb-1-gb-gl-s-mirrorbit-tm-flash-parallel-3-datasheet-en.pdf?fileId=8ac78c8c7d0d8da4017d0ed07ac14bd5&utm_source=cypress&utm_medium=referral&utm_campai,https://www.digikey.com/en/products/detail/infineon-technologies/S29GL512S11TFI020/3862970,110 ns,,Not Verified,,FLASH,Parallel,32M x 16,512Mbit,Non-Volatile,-40°C ~ 85°C (TA),,GL-S,FLASH - NOR,2.7V ~ 3.6V,60ns
S29GL512T10FHI010,Infineon Technologies,IC FLASH 512MBIT PARALLEL 64FBGA,memory,1121,14.11,64-LBGA,Surface Mount,Active,https://www.infineon.com/assets/row/public/documents/10/49/infineon-s29gl01gt-s29gl512t-1-gb-128-mb-512-mb-64-mb-gl-t-mirrorbit-eclipse-flash-datasheet-en.pdf?fileId=8ac78c8c7d0d8da4017d0ed2abb34fce,https://www.digikey.com/en/products/detail/infineon-technologies/S29GL512T10FHI010/5788054,100 ns,,Verified,,FLASH,Parallel,64M x 8,512Mbit,Non-Volatile,-40°C ~ 85°C (TA),,GL-T,FLASH - NOR,2.7V ~ 3.6V,60ns
S29GL512T10FHI020,Infineon Technologies,IC FLASH 512MBIT PARALLEL 64FBGA,memory,1192,14.11,64-LBGA,Surface Mount,Active,https://www.infineon.com/assets/row/public/documents/10/49/infineon-s29gl01gt-s29gl512t-1-gb-128-mb-512-mb-64-mb-gl-t-mirrorbit-eclipse-flash-datasheet-en.pdf?fileId=8ac78c8c7d0d8da4017d0ed2abb34fce,https://www.digikey.com/en/products/detail/infineon-technologies/S29GL512T10FHI020/5788055,100 ns,,Verified,,FLASH,Parallel,64M x 8,512Mbit,Non-Volatile,-40°C ~ 85°C (TA),,GL-T,FLASH - NOR,2.7V ~ 3.6V,60ns
S29GL512T10TFI010,Infineon Technologies,IC FLASH 512MBIT PARALLEL 56TSOP,memory,1572,14.11,"56-TFSOP (0.724"", 18.40mm Width)",Surface Mount,Active,https://www.infineon.com/assets/row/public/documents/10/49/infineon-s29gl01gt-s29gl512t-1-gb-128-mb-512-mb-64-mb-gl-t-mirrorbit-eclipse-flash-datasheet-en.pdf?fileId=8ac78c8c7d0d8da4017d0ed2abb34fce,https://www.digikey.com/en/products/detail/infineon-technologies/S29GL512T10TFI010/5788058,100 ns,,Not Verified,,FLASH,Parallel,64M x 8,512Mbit,Non-Volatile,-40°C ~ 85°C (TA),,GL-T,FLASH - NOR,2.7V ~ 3.6V,60ns
S29GL512T10TFI020,Infineon Technologies,IC FLASH 512MBIT PARALLEL 56TSOP,memory,715,14.11,"56-TFSOP (0.724"", 18.40mm Width)",Surface Mount,Active,https://www.infineon.com/assets/row/public/documents/10/49/infineon-s29gl01gt-s29gl512t-1-gb-128-mb-512-mb-64-mb-gl-t-mirrorbit-eclipse-flash-datasheet-en.pdf?fileId=8ac78c8c7d0d8da4017d0ed2abb34fce,https://www.digikey.com/en/products/detail/infineon-technologies/S29GL512T10TFI020/5788059,100 ns,,Not Verified,,FLASH,Parallel,64M x 8,512Mbit,Non-Volatile,-40°C ~ 85°C (TA),,GL-T,FLASH - NOR,2.7V ~ 3.6V,60ns
S29GL512T10TFI023,Infineon Technologies,IC FLASH 512MBIT PARALLEL 56TSOP,memory,679,14.11,"56-TFSOP (0.724"", 18.40mm Width)",Surface Mount,Active,https://www.infineon.com/assets/row/public/documents/10/49/infineon-s29gl01gt-s29gl512t-1-gb-128-mb-512-mb-64-mb-gl-t-mirrorbit-eclipse-flash-datasheet-en.pdf?fileId=8ac78c8c7d0d8da4017d0ed2abb34fce,https://www.digikey.com/en/products/detail/infineon-technologies/S29GL512T10TFI023/6593467,100 ns,,Not Verified,,FLASH,Parallel,64M x 8,512Mbit,Non-Volatile,-40°C ~ 85°C (TA),,GL-T,FLASH - NOR,2.7V ~ 3.6V,60ns
S70FL01GSAGBHIC10,Infineon Technologies,IC FLASH 1GBIT SPI/QUAD 24BGA,memory,1342,19.61,24-TBGA,Surface Mount,Active,https://www.digikey.com//mm.digikey.com/Volume0/opasdata/d220001/medias/docus/7130/002-00466%20Rev%20J.pdf,https://www.digikey.com/en/products/detail/infineon-technologies/S70FL01GSAGBHIC10/4914906,,133 MHz,Not Verified,,FLASH,SPI - Quad I/O,128M x 8,1Gbit,Non-Volatile,-40°C ~ 85°C (TA),,FL-S,FLASH - NOR,2.7V ~ 3.6V,
S70FL01GSAGMFI010,Infineon Technologies,IC FLASH 1GBIT SPI/QUAD 16SOIC,memory,3149,19.61,"16-SOIC (0.295"", 7.50mm Width)",Surface Mount,Active,https://www.digikey.com//mm.digikey.com/Volume0/opasdata/d220001/medias/docus/7130/002-00466%20Rev%20J.pdf,https://www.digikey.com/en/products/detail/infineon-technologies/S70FL01GSAGMFI010/4357762,,133 MHz,Verified,,FLASH,SPI - Quad I/O,128M x 8,1Gbit,Non-Volatile,-40°C ~ 85°C (TA),,FL-S,FLASH - NOR,2.7V ~ 3.6V,
S70FL01GSAGMFI011,Infineon Technologies,IC FLASH 1GBIT SPI/QUAD 16SOIC,memory,1961,19.61,"16-SOIC (0.295"", 7.50mm Width)",Surface Mount,Active,https://www.infineon.com/dgdl/Infineon-S70FL01GS_1_Gbit_(128_Mbyte)_3.0V_SPI_Flash-DataSheet-v15_00-EN.pdf?fileId=8ac78c8c7d0d8da4017d0edb3adf5e12&utm_source=cypress&utm_medium=referral&utm_campaign=202110_globe_en_all_integration-files&redirId=File_2_3_130,https://www.digikey.com/en/products/detail/infineon-technologies/S70FL01GSAGMFI011/4368835,,133 MHz,Verified,,FLASH,SPI - Quad I/O,128M x 8,1Gbit,Non-Volatile,-40°C ~ 85°C (TA),,FL-S,FLASH - NOR,2.7V ~ 3.6V,
S70FL01GSAGMFI013,Infineon Technologies,IC FLASH 1GBIT SPI/QUAD 16SOIC,memory,2851,19.61,"16-SOIC (0.295"", 7.50mm Width)",Surface Mount,Active,https://www.infineon.com/dgdl/Infineon-S70FL01GS_1_Gbit_(128_Mbyte)_3.0V_SPI_Flash-DataSheet-v15_00-EN.pdf?fileId=8ac78c8c7d0d8da4017d0edb3adf5e12&utm_source=cypress&utm_medium=referral&utm_campaign=202110_globe_en_all_integration-files&redirId=File_2_3_130,https://www.digikey.com/en/products/detail/infineon-technologies/S70FL01GSAGMFI013/4357761,,133 MHz,Verified,,FLASH,SPI - Quad I/O,128M x 8,1Gbit,Non-Volatile,-40°C ~ 85°C (TA),,FL-S,FLASH - NOR,2.7V ~ 3.6V,
S70FL01GSAGMFM010,Infineon Technologies,IC FLASH 1GBIT SPI/QUAD 16SOIC,memory,2204,20.28,"16-SOIC (0.295"", 7.50mm Width)",Surface Mount,Active,https://www.infineon.com/dgdl/Infineon-S70FL01GS_1_Gbit_(128_Mbyte)_3_0V_SPI_Flash_Datasheet-DataSheet-v16_00-EN.pdf?fileId=8ac78c8c7d0d8da4017d0edb3adf5e12,https://www.digikey.com/en/products/detail/infineon-technologies/S70FL01GSAGMFM010/11486463,,133 MHz,Not Verified,,FLASH,SPI - Quad I/O,128M x 8,1Gbit,Non-Volatile,-40°C ~ 125°C (TA),,FL-S,FLASH - NOR,2.7V ~ 3.6V,
S70FL01GSAGMFV010,Infineon Technologies,IC FLASH 1GBIT SPI/QUAD 16SOIC,memory,1687,20.41,"16-SOIC (0.295"", 7.50mm Width)",Surface Mount,Active,https://www.infineon.com/dgdl/Infineon-S70FL01GS_1_Gbit_(128_Mbyte)_3.0V_SPI_Flash-DataSheet-v15_00-EN.pdf?fileId=8ac78c8c7d0d8da4017d0edb3adf5e12&utm_source=cypress&utm_medium=referral&utm_campaign=202110_globe_en_all_integration-files&redirId=File_2_3_130,https://www.digikey.com/en/products/detail/infineon-technologies/S70FL01GSAGMFV010/5788407,,133 MHz,Verified,,FLASH,SPI - Quad I/O,128M x 8,1Gbit,Non-Volatile,-40°C ~ 105°C (TA),,FL-S,FLASH - NOR,2.7V ~ 3.6V,
S70GL02GS12FHIV20,Infineon Technologies,IC FLASH 2GBIT PARALLEL 64FBGA,memory,1464,39.5,64-LBGA,Surface Mount,Active,https://www.infineon.com/dgdl/Infineon-S70GL02GS_2Gbit_(256Mbytes)_3.0V_Flash_Memory-DataSheet-v11_00-EN.pdf?fileId=8ac78c8c7d0d8da4017d0ed148734d74&utm_source=cypress&utm_medium=referral&utm_campaign=202110_globe_en_all_integration-files,https://www.digikey.com/en/products/detail/infineon-technologies/S70GL02GS12FHIV20/4357764,120 ns,,Verified,,FLASH,Parallel,128M x 16,2Gbit,Non-Volatile,-40°C ~ 85°C (TA),,GL-S,FLASH - NOR,1.65V ~ 3.6V,
SST25LF020A-33-4I-SAE,Microchip Technology,IC FLASH 2MBIT SPI 33MHZ 8SOIC,memory,3865,0.9,"8-SOIC (0.154"", 3.90mm Width)",Surface Mount,Active,https://ww1.microchip.com/downloads/en/DeviceDoc/25080A.pdf,https://www.digikey.com/en/products/detail/microchip-technology/SST25LF020A-33-4I-SAE/2480286,,33 MHz,Not Verified,,FLASH,SPI,256K x 8,2Mbit,Non-Volatile,-40°C ~ 85°C (TA),,SST25,FLASH,3V ~ 3.6V,20µs
SST25PF040C-40V/SN,Microchip Technology,IC FLASH 4MBIT SPI 40MHZ 8SOIC,memory,1389,1.17,"8-SOIC (0.154"", 3.90mm Width)",Surface Mount,Active,https://ww1.microchip.com/downloads/en/DeviceDoc/SST25PF040C-4-Mbit-3.3V-SPI-Serial-Flash-Data-Sheet-DS20005397E.pdf,https://www.digikey.com/en/products/detail/microchip-technology/SST25PF040C-40V-SN/6565024,,40 MHz,Verified,,FLASH,SPI,512K x 8,4Mbit,Non-Volatile,-40°C ~ 105°C (TA),,SST25,FLASH,2.3V ~ 3.6V,5ms
SST25PF040CT-40E/SN,Microchip Technology,IC FLASH 4MBIT SPI 40MHZ 8SOIC,memory,6985,1.39,"8-SOIC (0.154"", 3.90mm Width)",Surface Mount,Active,https://ww1.microchip.com/downloads/en/DeviceDoc/SST25PF040C-4-Mbit-3.3V-SPI-Serial-Flash-Data-Sheet-DS20005397E.pdf,https://www.digikey.com/en/products/detail/microchip-technology/SST25PF040CT-40E-SN/10270294,,40 MHz,Not Verified,,FLASH,SPI,512K x 8,4Mbit,Non-Volatile,-40°C ~ 125°C (TA),,SST25,FLASH,2.3V ~ 3.6V,5ms
SST25PF040CT-40I/NP,Microchip Technology,IC FLASH 4MBIT SPI 40MHZ 8UDFN,memory,5990,1.42,8-UFDFN Exposed Pad,Surface Mount,Active,https://ww1.microchip.com/downloads/aemDocuments/documents/MPD/ProductDocuments/DataSheets/SST25PF040C-4-Mbit-3.3V-SPI-Serial-Flash-20005397F.pdf,https://www.digikey.com/en/products/detail/microchip-technology/SST25PF040CT-40I-NP/7164905,,40 MHz,Verified,,FLASH,SPI,512K x 8,4Mbit,Non-Volatile,-40°C ~ 85°C (TA),,SST25,FLASH,2.3V ~ 3.6V,5ms
SST25PF040CT-40I/SN,Microchip Technology,IC FLASH 4MBIT SPI 40MHZ 8SOIC,memory,3592,1.09,"8-SOIC (0.154"", 3.90mm Width)",Surface Mount,Active,https://ww1.microchip.com/downloads/en/DeviceDoc/SST25PF040C-4-Mbit-3.3V-SPI-Serial-Flash-Data-Sheet-DS20005397E.pdf,https://www.digikey.com/en/products/detail/microchip-technology/SST25PF040CT-40I-SN/5864130,,40 MHz,Verified,,FLASH,SPI,512K x 8,4Mbit,Non-Volatile,-40°C ~ 85°C (TA),,SST25,FLASH,2.3V ~ 3.6V,5ms
SST25PF040CT-40V/NP,Microchip Technology,IC FLASH 4MBIT SPI 40MHZ 8USON,memory,2883,1.65,8-UFDFN Exposed Pad,Surface Mount,Active,https://ww1.microchip.com/downloads/en/DeviceDoc/SST25PF040C-4-Mbit-3.3V-SPI-Serial-Flash-Data-Sheet-DS20005397E.pdf,https://www.digikey.com/en/products/detail/microchip-technology/SST25PF040CT-40V-NP/7390313,,40 MHz,Not Verified,,FLASH,SPI,512K x 8,4Mbit,Non-Volatile,-40°C ~ 105°C (TA),,SST25,FLASH,2.3V ~ 3.6V,5ms
SST25VF010A-33-4C-SAE,Microchip Technology,IC FLASH 1MBIT SPI 33MHZ 8SOIC,memory,3276,0.72,"8-SOIC (0.154"", 3.90mm Width)",Surface Mount,Active,https://ww1.microchip.com/downloads/en/DeviceDoc/25081A.pdf,https://www.digikey.com/en/products/detail/microchip-technology/SST25VF010A-33-4C-SAE/2297791,,33 MHz,Verified,,FLASH,SPI,128K x 8,1Mbit,Non-Volatile,0°C ~ 70°C (TA),,SST25,FLASH,2.7V ~ 3.6V,20µs
SST25VF010A-33-4C-SAE-T,Microchip Technology,IC FLASH 1MBIT SPI 33MHZ 8SOIC,memory,6820,0.81,"8-SOIC (0.154"", 3.90mm Width)",Surface Mount,Active,https://ww1.microchip.com/downloads/en/DeviceDoc/25081A.pdf,https://www.digikey.com/en/products/detail/microchip-technology/SST25VF010A-33-4C-SAE-T/2299433,,33 MHz,Verified,,FLASH,SPI,128K x 8,1Mbit,Non-Volatile,0°C ~ 70°C (TA),,SST25,FLASH,2.7V ~ 3.6V,20µs
SST25VF010A-33-4I-SAE,Microchip Technology,IC FLASH 1MBIT SPI 33MHZ 8SOIC,memory,1733,0.72,"8-SOIC (0.154"", 3.90mm Width)",Surface Mount,Active,https://ww1.microchip.com/downloads/en/DeviceDoc/25081A.pdf,https://www.digikey.com/en/products/detail/microchip-technology/SST25VF010A-33-4I-SAE/2297792,,33 MHz,Verified,,FLASH,SPI,128K x 8,1Mbit,Non-Volatile,-40°C ~ 85°C (TA),,SST25,FLASH,2.7V ~ 3.6V,20µs
SST25VF010A-33-4I-SAE-T,Microchip Technology,IC FLASH 1MBIT SPI 33MHZ 8SOIC,memory,8253,0.92,"8-SOIC (0.154"", 3.90mm Width)",Surface Mount,Active,https://ww1.microchip.com/downloads/en/DeviceDoc/25081A.pdf,https://www.digikey.com/en/products/detail/microchip-technology/SST25VF010A-33-4I-SAE-T/2299431,,33 MHz,Verified,,FLASH,SPI,128K x 8,1Mbit,Non-Volatile,-40°C ~ 85°C (TA),,SST25,FLASH,2.7V ~ 3.6V,20µs
SST25VF016B-50-4C-S2AF,Microchip Technology,IC FLASH 16MBIT SPI 50MHZ 8SOIC,memory,6433,1.98,"8-SOIC (0.209"", 5.30mm Width)",Surface Mount,Active,https://ww1.microchip.com/downloads/en/DeviceDoc/20005044C.pdf,https://www.digikey.com/en/products/detail/microchip-technology/SST25VF016B-50-4C-S2AF/2297794,,50 MHz,Verified,,FLASH,SPI,2M x 8,16Mbit,Non-Volatile,0°C ~ 70°C (TA),,SST25,FLASH,2.7V ~ 3.6V,10µs
SST25VF016B-50-4C-S2AF-T,Microchip Technology,IC FLASH 16MBIT SPI 50MHZ 8SOIC,memory,7238,2.07,"8-SOIC (0.209"", 5.30mm Width)",Surface Mount,Active,https://ww1.microchip.com/downloads/en/DeviceDoc/20005044C.pdf,https://www.digikey.com/en/products/detail/microchip-technology/SST25VF016B-50-4C-S2AF-T/2299430,,50 MHz,Verified,,FLASH,SPI,2M x 8,16Mbit,Non-Volatile,0°C ~ 70°C (TA),,SST25,FLASH,2.7V ~ 3.6V,10µs
SST25VF016B-50-4I-QAF,Microchip Technology,IC FLASH 16MBIT SPI 50MHZ 8WSON,memory,222,2.05,8-WDFN Exposed Pad,Surface Mount,Active,https://ww1.microchip.com/downloads/en/DeviceDoc/20005044C.pdf,https://www.digikey.com/en/products/detail/microchip-technology/SST25VF016B-50-4I-QAF/2297795,,50 MHz,Not Verified,,FLASH,SPI,2M x 8,16Mbit,Non-Volatile,-40°C ~ 85°C (TA),,SST25,FLASH,2.7V ~ 3.6V,10µs
SST25VF016B-50-4I-QAF-T,Microchip Technology,IC FLASH 16MBIT SPI 50MHZ 8WSON,memory,4723,2.16,8-WDFN Exposed Pad,Surface Mount,Active,https://ww1.microchip.com/downloads/en/DeviceDoc/20005044C.pdf,https://www.digikey.com/en/products/detail/microchip-technology/SST25VF016B-50-4I-QAF-T/2391352,,50 MHz,Not Verified,,FLASH,SPI,2M x 8,16Mbit,Non-Volatile,-40°C ~ 85°C (TA),,SST25,FLASH,2.7V ~ 3.6V,10µs
SST25VF016B-50-4I-S2AF,Microchip Technology,IC FLASH 16MBIT SPI 50MHZ 8SOIC,memory,4225,1.98,"8-SOIC (0.209"", 5.30mm Width)",Surface Mount,Active,https://ww1.microchip.com/downloads/en/DeviceDoc/20005044C.pdf,https://www.digikey.com/en/products/detail/microchip-technology/SST25VF016B-50-4I-S2AF/2297796,,50 MHz,Verified,,FLASH,SPI,2M x 8,16Mbit,Non-Volatile,-40°C ~ 85°C (TA),,SST25,FLASH,2.7V ~ 3.6V,10µs
SST25VF016B-50-4I-S2AF-T,Microchip Technology,IC FLASH 16MBIT SPI 50MHZ 8SOIC,memory,18093,2.07,"8-SOIC (0.209"", 5.30mm Width)",Surface Mount,Active,https://ww1.microchip.com/downloads/en/DeviceDoc/20005044C.pdf,https://www.digikey.com/en/products/detail/microchip-technology/SST25VF016B-50-4I-S2AF-T/2299427,,50 MHz,Verified,,FLASH,SPI,2M x 8,16Mbit,Non-Volatile,-40°C ~ 85°C (TA),,SST25,FLASH,2.7V ~ 3.6V,10µs
SST25VF020B-80-4I-SAE,Microchip Technology,IC FLASH 2MBIT SPI 80MHZ 8SOIC,memory,2477,1.02,"8-SOIC (0.154"", 3.90mm Width)",Surface Mount,Active,https://ww1.microchip.com/downloads/aemDocuments/documents/OTH/ProductDocuments/DataSheets/20005054D.pdf,https://www.digikey.com/en/products/detail/microchip-technology/SST25VF020B-80-4I-SAE/2299384,,80 MHz,Verified,,FLASH,SPI,256K x 8,2Mbit,Non-Volatile,-40°C ~ 85°C (TA),,SST25,FLASH,2.7V ~ 3.6V,10µs
SST25VF020B-80-4I-SAE-T,Microchip Technology,IC FLASH 2MBIT SPI 80MHZ 8SOIC,memory,18248,1.06,"8-SOIC (0.154"", 3.90mm Width)",Surface Mount,Active,https://ww1.microchip.com/downloads/aemDocuments/documents/OTH/ProductDocuments/DataSheets/20005054D.pdf,https://www.digikey.com/en/products/detail/microchip-technology/SST25VF020B-80-4I-SAE-T/2486574,,80 MHz,Not Verified,,FLASH,SPI,256K x 8,2Mbit,Non-Volatile,-40°C ~ 85°C (TA),,SST25,FLASH,2.7V ~ 3.6V,10µs
SST25VF040B-50-4C-SAF-T,Microchip Technology,IC FLASH 4MBIT SPI 50MHZ 8SOIC,memory,11990,1.17,"8-SOIC (0.154"", 3.90mm Width)",Surface Mount,Active,https://ww1.microchip.com/downloads/aemDocuments/documents/MPD/ProductDocuments/DataSheets/SST25VF040B-4-Mbit-SPI-Serial-Flash-Data-Sheet-20005051F.pdf,https://www.digikey.com/en/products/detail/microchip-technology/SST25VF040B-50-4C-SAF-T/4740843,,50 MHz,Not Verified,,FLASH,SPI,512K x 8,4Mbit,Non-Volatile,0°C ~ 70°C (TA),,SST25,FLASH,2.7V ~ 3.6V,10µs
SST25VF040B-50-4I-S2AE-T,Microchip Technology,IC FLASH 4MBIT SPI 50MHZ 8SOIC,memory,3398,1.18,"8-SOIC (0.209"", 5.30mm Width)",Surface Mount,Active,https://ww1.microchip.com/downloads/aemDocuments/documents/MPD/ProductDocuments/DataSheets/SST25VF040B-4-Mbit-SPI-Serial-Flash-Data-Sheet-20005051F.pdf,https://www.digikey.com/en/products/detail/microchip-technology/SST25VF040B-50-4I-S2AE-T/4740844,,50 MHz,Not Verified,,FLASH,SPI,512K x 8,4Mbit,Non-Volatile,-40°C ~ 85°C (TA),,SST25,FLASH,2.7V ~ 3.6V,10µs
SST25VF040B-50-4I-S2AF-T,Microchip Technology,IC FLASH 4MBIT SPI 50MHZ 8SOIC,memory,2045,1.22,"8-SOIC (0.209"", 5.30mm Width)",Surface Mount,Active,https://ww1.microchip.com/downloads/aemDocuments/documents/MPD/ProductDocuments/DataSheets/SST25VF040B-4-Mbit-SPI-Serial-Flash-Data-Sheet-20005051F.pdf,https://www.digikey.com/en/products/detail/microchip-technology/SST25VF040B-50-4I-S2AF-T/4740845,,50 MHz,Not Verified,,FLASH,SPI,512K x 8,4Mbit,Non-Volatile,-40°C ~ 85°C (TA),,SST25,FLASH,2.7V ~ 3.6V,10µs
SST25VF040B-50-4I-SAE,Microchip Technology,IC FLASH 4MBIT SPI 50MHZ 8SOIC,memory,3411,1.12,"8-SOIC (0.154"", 3.90mm Width)",Surface Mount,Active,https://ww1.microchip.com/downloads/aemDocuments/documents/MPD/ProductDocuments/DataSheets/SST25VF040B-4-Mbit-SPI-Serial-Flash-Data-Sheet-20005051F.pdf,https://www.digikey.com/en/products/detail/microchip-technology/SST25VF040B-50-4I-SAE/4740882,,50 MHz,Not Verified,,FLASH,SPI,512K x 8,4Mbit,Non-Volatile,-40°C ~ 85°C (TA),,SST25,FLASH,2.7V ~ 3.6V,10µs
SST25VF040B-50-4I-SAE-T,Microchip Technology,IC FLASH 4MBIT SPI 50MHZ 8SOIC,memory,38021,1.22,"8-SOIC (0.154"", 3.90mm Width)",Surface Mount,Active,https://ww1.microchip.com/downloads/aemDocuments/documents/MPD/ProductDocuments/DataSheets/SST25VF040B-4-Mbit-SPI-Serial-Flash-Data-Sheet-20005051F.pdf,https://www.digikey.com/en/products/detail/microchip-technology/SST25VF040B-50-4I-SAE-T/4740846,,50 MHz,Not Verified,,FLASH,SPI,512K x 8,4Mbit,Non-Volatile,-40°C ~ 85°C (TA),,SST25,FLASH,2.7V ~ 3.6V,10µs
SST25VF040B-50-4I-SAF,Microchip Technology,IC FLASH 4MBIT SPI 50MHZ 8SOIC,memory,557,1.12,"8-SOIC (0.154"", 3.90mm Width)",Surface Mount,Active,https://ww1.microchip.com/downloads/aemDocuments/documents/MPD/ProductDocuments/DataSheets/SST25VF040B-4-Mbit-SPI-Serial-Flash-Data-Sheet-20005051F.pdf,https://www.digikey.com/en/products/detail/microchip-technology/SST25VF040B-50-4I-SAF/4740883,,50 MHz,Verified,,FLASH,SPI,512K x 8,4Mbit,Non-Volatile,-40°C ~ 85°C (TA),,SST25,FLASH,2.7V ~ 3.6V,10µs
SST25VF040B-50-4I-SAF-T,Microchip Technology,IC FLASH 4MBIT SPI 50MHZ 8SOIC,memory,3167,1.17,"8-SOIC (0.154"", 3.90mm Width)",Surface Mount,Active,https://ww1.microchip.com/downloads/aemDocuments/documents/MPD/ProductDocuments/DataSheets/SST25VF040B-4-Mbit-SPI-Serial-Flash-Data-Sheet-20005051F.pdf,https://www.digikey.com/en/products/detail/microchip-technology/SST25VF040B-50-4I-SAF-T/4740847,,50 MHz,Verified,,FLASH,SPI,512K x 8,4Mbit,Non-Volatile,-40°C ~ 85°C (TA),,SST25,FLASH,2.7V ~ 3.6V,10µs
SST25VF080B-50-4C-PAE,Microchip Technology,IC FLASH 8MBIT SPI 50MHZ 8DIP,memory,684,1.64,"8-DIP (0.300"", 7.62mm)",Through Hole,Active,https://ww1.microchip.com/downloads/aemDocuments/documents/OTH/ProductDocuments/DataSheets/20005045D.pdf,https://www.digikey.com/en/products/detail/microchip-technology/SST25VF080B-50-4C-PAE/4740884,,50 MHz,Not Verified,,FLASH,SPI,1M x 8,8Mbit,Non-Volatile,0°C ~ 70°C (TA),,SST25,FLASH,2.7V ~ 3.6V,10µs
SST25VF080B-50-4C-S2AF,Microchip Technology,IC FLASH 8MBIT SPI 50MHZ 8SOIC,memory,1389,1.4,"8-SOIC (0.209"", 5.30mm Width)",Surface Mount,Active,https://ww1.microchip.com/downloads/aemDocuments/documents/OTH/ProductDocuments/DataSheets/20005045D.pdf,https://www.digikey.com/en/products/detail/microchip-technology/SST25VF080B-50-4C-S2AF/4740886,,50 MHz,Verified,,FLASH,SPI,1M x 8,8Mbit,Non-Volatile,0°C ~ 70°C (TA),,SST25,FLASH,2.7V ~ 3.6V,10µs
SST25VF080B-50-4I-S2AE,Microchip Technology,IC FLASH 8MBIT SPI 50MHZ 8SOIC,memory,2612,1.4,"8-SOIC (0.209"", 5.30mm Width)",Surface Mount,Active,https://ww1.microchip.com/downloads/aemDocuments/documents/OTH/ProductDocuments/DataSheets/20005045D.pdf,https://www.digikey.com/en/products/detail/microchip-technology/SST25VF080B-50-4I-S2AE/4740888,,50 MHz,Verified,,FLASH,SPI,1M x 8,8Mbit,Non-Volatile,-40°C ~ 85°C (TA),,SST25,FLASH,2.7V ~ 3.6V,10µs
SST25VF080B-50-4I-S2AE-T,Microchip Technology,IC FLASH 8MBIT SPI 50MHZ 8SOIC,memory,3901,1.45,"8-SOIC (0.209"", 5.30mm Width)",Surface Mount,Active,https://ww1.microchip.com/downloads/aemDocuments/documents/OTH/ProductDocuments/DataSheets/20005045D.pdf,https://www.digikey.com/en/products/detail/microchip-technology/SST25VF080B-50-4I-S2AE-T/4740850,,50 MHz,Verified,,FLASH,SPI,1M x 8,8Mbit,Non-Volatile,-40°C ~ 85°C (TA),,SST25,FLASH,2.7V ~ 3.6V,10µs
SST25VF080B-50-4I-S2AF,Microchip Technology,IC FLASH 8MBIT SPI 50MHZ 8SOIC,memory,774,1.4,"8-SOIC (0.209"", 5.30mm Width)",Surface Mount,Active,https://ww1.microchip.com/downloads/aemDocuments/documents/OTH/ProductDocuments/DataSheets/20005045D.pdf,https://www.digikey.com/en/products/detail/microchip-technology/SST25VF080B-50-4I-S2AF/4740889,,50 MHz,Verified,,FLASH,SPI,1M x 8,8Mbit,Non-Volatile,-40°C ~ 85°C (TA),,SST25,FLASH,2.7V ~ 3.6V,10µs
SST25VF080B-50-4I-S2AF-T,Microchip Technology,IC FLASH 8MBIT SPI 50MHZ 8SOIC,memory,6110,1.45,"8-SOIC (0.209"", 5.30mm Width)",Surface Mount,Active,https://ww1.microchip.com/downloads/aemDocuments/documents/OTH/ProductDocuments/DataSheets/20005045D.pdf,https://www.digikey.com/en/products/detail/microchip-technology/SST25VF080B-50-4I-S2AF-T/2299432,,50 MHz,Verified,,FLASH,SPI,1M x 8,8Mbit,Non-Volatile,-40°C ~ 85°C (TA),,SST25,FLASH,2.7V ~ 3.6V,10µs
SST25VF512A-33-4I-SAE,Microchip Technology,IC FLASH 512KBIT SPI 33MHZ 8SOIC,memory,1780,0.61,"8-SOIC (0.154"", 3.90mm Width)",Surface Mount,Active,https://ww1.microchip.com/downloads/en/DeviceDoc/25090A.pdf,https://www.digikey.com/en/products/detail/microchip-technology/SST25VF512A-33-4I-SAE/2299415,,33 MHz,Verified,,FLASH,SPI,64K x 8,512Kbit,Non-Volatile,-40°C ~ 85°C (TA),,SST25,FLASH,2.7V ~ 3.6V,20µs
SST25WF080B-40I/SN,Microchip Technology,IC FLASH 8MBIT SPI 40MHZ 8SOIC,memory,474,1.28,"8-SOIC (0.154"", 3.90mm Width)",Surface Mount,Active,https://ww1.microchip.com/downloads/aemDocuments/documents/MPD/ProductDocuments/DataSheets/SST25WF080B-8-Mbit-1.8V-SPI-Serial-Flash-Data-Sheet-DS20005164.pdf,https://www.digikey.com/en/products/detail/microchip-technology/SST25WF080B-40I-SN/4842821,,40 MHz,Not Verified,,FLASH,SPI,1M x 8,8Mbit,Non-Volatile,-40°C ~ 85°C (TA),,SST25,FLASH,1.65V ~ 1.95V,1ms
SST26VF016-80-5I-S2AE-T,Microchip Technology,IC FLASH 16MBIT SPI/QUAD 8SOIC,memory,9192,2.07,"8-SOIC (0.209"", 5.30mm Width)",Surface Mount,Active,https://ww1.microchip.com/downloads/en/DeviceDoc/25017A.pdf,https://www.digikey.com/en/products/detail/microchip-technology/SST26VF016-80-5I-S2AE-T/2486541,,80 MHz,Verified,,FLASH,SPI - Quad I/O,2M x 8,16Mbit,Non-Volatile,-40°C ~ 85°C (TA),,SST26 SQI®,FLASH,2.7V ~ 3.6V,1.5ms
SST26VF016B-104I/SM,Microchip Technology,IC FLASH 16MBIT SPI/QUAD 8SOIJ,memory,1191,1.83,"8-SOIC (0.209"", 5.30mm Width)",Surface Mount,Active,https://ww1.microchip.com/downloads/aemDocuments/documents/MPD/ProductDocuments/DataSheets/SST26VF016B-2.5V-3.0V-16-Mbit-Serial-Quad-IO-%28SQI%29-Flash-Memory-20005262G.pdf,https://www.digikey.com/en/products/detail/microchip-technology/SST26VF016B-104I-SM/5033650,,104 MHz,Not Verified,,FLASH,SPI - Quad I/O,2M x 8,16Mbit,Non-Volatile,-40°C ~ 85°C (TA),,SST26 SQI®,FLASH,2.7V ~ 3.6V,1.5ms
SST26VF016B-104I/SN,Microchip Technology,IC FLASH 16MBIT SPI/QUAD 8SOIC,memory,7047,1.63,"8-SOIC (0.154"", 3.90mm Width)",Surface Mount,Active,https://ww1.microchip.com/downloads/aemDocuments/documents/MPD/ProductDocuments/DataSheets/SST26VF016B-2.5V-3.0V-16-Mbit-Serial-Quad-IO-%28SQI%29-Flash-Memory-20005262G.pdf,https://www.digikey.com/en/products/detail/microchip-technology/SST26VF016B-104I-SN/5033651,,104 MHz,Verified,,FLASH,SPI - Quad I/O,2M x 8,16Mbit,Non-Volatile,-40°C ~ 85°C (TA),,SST26 SQI®,FLASH,2.7V ~ 3.6V,1.5ms
SST26VF016B-80E/SN,Microchip Technology,IC FLASH 16MBIT SPI/QUAD 8SOIC,memory,274,1.95,"8-SOIC (0.154"", 3.90mm Width)",Surface Mount,Active,https://ww1.microchip.com/downloads/aemDocuments/documents/MPD/ProductDocuments/DataSheets/SST26VF016B-2.5V-3.0V-16-Mbit-Serial-Quad-IO-%28SQI%29-Flash-Memory-20005262G.pdf,https://www.digikey.com/en/products/detail/microchip-technology/SST26VF016B-80E-SN/10270338,,80 MHz,Verified,,FLASH,SPI - Quad I/O,2M x 8,16Mbit,Non-Volatile,-40°C ~ 125°C (TA),,SST26 SQI®,FLASH,2.3V ~ 3.6V,1.5ms
SST26VF016BEUI-104I/SN,Microchip Technology,IC FLASH 16MBIT SPI/QUAD 8SOIC,memory,104,2.05,"8-SOIC (0.154"", 3.90mm Width)",Surface Mount,Active,https://ww1.microchip.com/downloads/aemDocuments/documents/MPD/ProductDocuments/DataSheets/SST26VF016B-2.5V-3.0V-16-Mbit-Serial-Quad-IO-%28SQI%29-Flash-Memory-20005262G.pdf,https://www.digikey.com/en/products/detail/microchip-technology/SST26VF016BEUI-104I-SN/10297903,,104 MHz,Not Verified,,FLASH,SPI - Quad I/O,2M x 8,16Mbit,Non-Volatile,-40°C ~ 85°C (TA),,SST26 SQI®,FLASH,2.7V ~ 3.6V,1.5ms
SST26VF016BT-104I/MF,Microchip Technology,IC FLASH 16MBIT SPI/QUAD 8WDFN,memory,1968,2.13,8-WDFN Exposed Pad,Surface Mount,Active,https://ww1.microchip.com/downloads/en/DeviceDoc/SST26VF016B-2.5V-3.0V-16-Mbit-Serial-Quad-IO-SQI-Flash-Memory-Data-Sheet-DS20005262F.pdf,https://www.digikey.com/en/products/detail/microchip-technology/SST26VF016BT-104I-MF/5032900,,104 MHz,Not Verified,,FLASH,SPI - Quad I/O,2M x 8,16Mbit,Non-Volatile,-40°C ~ 85°C (TA),,SST26 SQI®,FLASH,2.7V ~ 3.6V,1.5ms
SST26VF016BT-104I/SM,Microchip Technology,IC FLASH 16MBIT SPI/QUAD 8SOIJ,memory,1976,2.0,"8-SOIC (0.209"", 5.30mm Width)",Surface Mount,Active,https://ww1.microchip.com/downloads/aemDocuments/documents/MPD/ProductDocuments/DataSheets/SST26VF016B-2.5V-3.0V-16-Mbit-Serial-Quad-IO-%28SQI%29-Flash-Memory-20005262G.pdf,https://www.digikey.com/en/products/detail/microchip-technology/SST26VF016BT-104I-SM/5032901,,104 MHz,Not Verified,,FLASH,SPI - Quad I/O,2M x 8,16Mbit,Non-Volatile,-40°C ~ 85°C (TA),,SST26 SQI®,FLASH,2.7V ~ 3.6V,1.5ms
SST26VF016BT-104I/SN,Microchip Technology,IC FLASH 16MBIT SPI/QUAD 8SOIC,memory,9640,1.79,"8-SOIC (0.154"", 3.90mm Width)",Surface Mount,Active,https://ww1.microchip.com/downloads/aemDocuments/documents/MPD/ProductDocuments/DataSheets/SST26VF016B-2.5V-3.0V-16-Mbit-Serial-Quad-IO-%28SQI%29-Flash-Memory-20005262G.pdf,https://www.digikey.com/en/products/detail/microchip-technology/SST26VF016BT-104I-SN/5032902,,104 MHz,Verified,,FLASH,SPI - Quad I/O,2M x 8,16Mbit,Non-Volatile,-40°C ~ 85°C (TA),,SST26 SQI®,FLASH,2.7V ~ 3.6V,1.5ms
SST26VF016BT-80E/SM,Microchip Technology,IC FLASH 16MBIT SPI/QUAD 8SOIJ,memory,2075,2.22,"8-SOIC (0.209"", 5.30mm Width)",Surface Mount,Active,https://ww1.microchip.com/downloads/aemDocuments/documents/MPD/ProductDocuments/DataSheets/SST26VF016B-2.5V-3.0V-16-Mbit-Serial-Quad-IO-%28SQI%29-Flash-Memory-20005262G.pdf,https://www.digikey.com/en/products/detail/microchip-technology/SST26VF016BT-80E-SM/10270311,,80 MHz,Not Verified,,FLASH,SPI - Quad I/O,2M x 8,16Mbit,Non-Volatile,-40°C ~ 125°C (TA),,SST26 SQI®,FLASH,2.3V ~ 3.6V,1.5ms
SST26VF016BT-80E/SN,Microchip Technology,IC FLASH 16MBIT SPI/QUAD 8SOIC,memory,7811,2.11,"8-SOIC (0.154"", 3.90mm Width)",Surface Mount,Active,https://ww1.microchip.com/downloads/aemDocuments/documents/MPD/ProductDocuments/DataSheets/SST26VF016B-2.5V-3.0V-16-Mbit-Serial-Quad-IO-%28SQI%29-Flash-Memory-20005262G.pdf,https://www.digikey.com/en/products/detail/microchip-technology/SST26VF016BT-80E-SN/10270295,,80 MHz,Verified,,FLASH,SPI - Quad I/O,2M x 8,16Mbit,Non-Volatile,-40°C ~ 125°C (TA),,SST26 SQI®,FLASH,2.3V ~ 3.6V,1.5ms
SST26VF032B-104I/SM,Microchip Technology,IC FLASH 32MBIT SPI/QUAD 8SOIJ,memory,2080,2.12,"8-SOIC (0.209"", 5.30mm Width)",Surface Mount,Active,https://ww1.microchip.com/downloads/aemDocuments/documents/MPD/ProductDocuments/DataSheets/SST26VF032B-SST26VF032BA-DS20005218.pdf,https://www.digikey.com/en/products/detail/microchip-technology/SST26VF032B-104I-SM/5033658,,104 MHz,Verified,,FLASH,SPI - Quad I/O,4M x 8,32Mbit,Non-Volatile,-40°C ~ 85°C (TA),,SST26 SQI®,FLASH,2.7V ~ 3.6V,1.5ms
SST26VF032B-104V/SM,Microchip Technology,IC FLASH 32MBIT SPI/QUAD 8SOIJ,memory,15899,2.43,"8-SOIC (0.209"", 5.30mm Width)",Surface Mount,Active,https://ww1.microchip.com/downloads/aemDocuments/documents/MPD/ProductDocuments/DataSheets/SST26VF032B-SST26VF032BA-DS20005218.pdf,https://www.digikey.com/en/products/detail/microchip-technology/SST26VF032B-104V-SM/5639487,,104 MHz,Verified,,FLASH,SPI - Quad I/O,4M x 8,32Mbit,Non-Volatile,-40°C ~ 105°C (TA),,SST26 SQI®,FLASH,2.7V ~ 3.6V,1.5ms
SST26VF032BA-104I/SM,Microchip Technology,IC FLASH 32MBIT SPI/QUAD 8SOIJ,memory,1849,2.21,"8-SOIC (0.209"", 5.30mm Width)",Surface Mount,Active,https://ww1.microchip.com/downloads/aemDocuments/documents/MPD/ProductDocuments/DataSheets/SST26VF032B-SST26VF032BA-DS20005218.pdf,https://www.digikey.com/en/products/detail/microchip-technology/SST26VF032BA-104I-SM/5033660,,104 MHz,Verified,,FLASH,SPI - Quad I/O,4M x 8,32Mbit,Non-Volatile,-40°C ~ 85°C (TA),,SST26 SQI®,FLASH,2.7V ~ 3.6V,1.5ms
SST26VF032BT-104I/SM,Microchip Technology,IC FLASH 32MBIT SPI/QUAD 8SOIJ,memory,4215,2.33,"8-SOIC (0.209"", 5.30mm Width)",Surface Mount,Active,https://ww1.microchip.com/downloads/aemDocuments/documents/MPD/ProductDocuments/DataSheets/SST26VF032B-SST26VF032BA-DS20005218.pdf,https://www.digikey.com/en/products/detail/microchip-technology/SST26VF032BT-104I-SM/5032907,,104 MHz,Verified,,FLASH,SPI - Quad I/O,4M x 8,32Mbit,Non-Volatile,-40°C ~ 85°C (TA),,SST26 SQI®,FLASH,2.7V ~ 3.6V,1.5ms
SST26VF032BT-104V/SM,Microchip Technology,IC FLASH 32MBIT SPI/QUAD 8SOIJ,memory,432,2.68,"8-SOIC (0.209"", 5.30mm Width)",Surface Mount,Active,https://ww1.microchip.com/downloads/aemDocuments/documents/MPD/ProductDocuments/DataSheets/SST26VF032B-SST26VF032BA-DS20005218.pdf,https://www.digikey.com/en/products/detail/microchip-technology/SST26VF032BT-104V-SM/5638475,,104 MHz,Verified,,FLASH,SPI - Quad I/O,4M x 8,32Mbit,Non-Volatile,-40°C ~ 105°C (TA),,SST26 SQI®,FLASH,2.7V ~ 3.6V,1.5ms
SST26VF064B-104I/MF,Microchip Technology,IC FLASH 64MBIT SPI/QUAD 8WDFN,memory,2633,3.57,8-WDFN Exposed Pad,Surface Mount,Active,https://ww1.microchip.com/downloads/aemDocuments/documents/MPD/ProductDocuments/DataSheets/SST26VF064B-SST26VF064BA-2-5V-3-0V-64-Mbit-Serial-Quad-IO--SQI--Flash-Memory-20005119K.pdf,https://www.digikey.com/en/products/detail/microchip-technology/SST26VF064B-104I-MF/5033661,,104 MHz,Not Verified,,FLASH,SPI - Quad I/O,8M x 8,64Mbit,Non-Volatile,-40°C ~ 85°C (TA),,SST26 SQI®,FLASH,2.7V ~ 3.6V,1.5ms
SST26VF064B-104I/MN,Microchip Technology,IC FLASH 64MBIT SPI/QUAD 8WDFN,memory,7945,4.06,8-WDFN Exposed Pad,Surface Mount,Active,https://ww1.microchip.com/downloads/aemDocuments/documents/MPD/ProductDocuments/DataSheets/SST26VF064B-SST26VF064BA-2-5V-3-0V-64-Mbit-Serial-Quad-IO--SQI--Flash-Memory-20005119K.pdf,https://www.digikey.com/en/products/detail/microchip-technology/SST26VF064B-104I-MN/5323582,,104 MHz,Not Verified,,FLASH,SPI - Quad I/O,8M x 8,64Mbit,Non-Volatile,-40°C ~ 85°C (TA),,SST26 SQI®,FLASH,2.7V ~ 3.6V,1.5ms
SST26VF064B-104I/SM,Microchip Technology,IC FLASH 64MBIT SPI/QUAD 8SOIJ,memory,3149,3.32,"8-SOIC (0.209"", 5.30mm Width)",Surface Mount,Active,https://ww1.microchip.com/downloads/en/DeviceDoc/20005119G.pdf,https://www.digikey.com/en/products/detail/microchip-technology/SST26VF064B-104I-SM/5033662,,104 MHz,Verified,,FLASH,SPI - Quad I/O,8M x 8,64Mbit,Non-Volatile,-40°C ~ 85°C (TA),,SST26 SQI®,FLASH,2.7V ~ 3.6V,1.5ms
SST26VF064B-104I/SO,Microchip Technology,IC FLASH 64MBIT SPI/QUAD 16SOIC,memory,750,3.44,"16-SOIC (0.295"", 7.50mm Width)",Surface Mount,Active,https://ww1.microchip.com/downloads/aemDocuments/documents/MPD/ProductDocuments/DataSheets/SST26VF064B-SST26VF064BA-2-5V-3-0V-64-Mbit-Serial-Quad-IO--SQI--Flash-Memory-20005119K.pdf,https://www.digikey.com/en/products/detail/microchip-technology/SST26VF064B-104I-SO/5033663,,104 MHz,Not Verified,,FLASH,SPI - Quad I/O,8M x 8,64Mbit,Non-Volatile,-40°C ~ 85°C (TA),,SST26 SQI®,FLASH,2.7V ~ 3.6V,1.5ms
SST26VF064B-104V/MF,Microchip Technology,IC FLASH 64MBIT SPI/QUAD 8WDFN,memory,1451,4.11,8-WDFN Exposed Pad,Surface Mount,Active,https://ww1.microchip.com/downloads/aemDocuments/documents/MPD/ProductDocuments/DataSheets/SST26VF064B-SST26VF064BA-2-5V-3-0V-64-Mbit-Serial-Quad-IO--SQI--Flash-Memory-20005119K.pdf,https://www.digikey.com/en/products/detail/microchip-technology/SST26VF064B-104V-MF/5639488,,104 MHz,Not Verified,,FLASH,SPI - Quad I/O,8M x 8,64Mbit,Non-Volatile,-40°C ~ 105°C (TA),,SST26 SQI®,FLASH,2.7V ~ 3.6V,1.5ms
SST26VF064B-104V/MN,Microchip Technology,IC FLASH 64MBIT SPI/QUAD 8WDFN,memory,1105,4.69,8-WDFN Exposed Pad,Surface Mount,Active,https://ww1.microchip.com/downloads/aemDocuments/documents/MPD/ProductDocuments/DataSheets/SST26VF064B-SST26VF064BA-2-5V-3-0V-64-Mbit-Serial-Quad-IO--SQI--Flash-Memory-20005119K.pdf,https://www.digikey.com/en/products/detail/microchip-technology/SST26VF064B-104V-MN/5639462,,104 MHz,Not Verified,,FLASH,SPI - Quad I/O,8M x 8,64Mbit,Non-Volatile,-40°C ~ 105°C (TA),,SST26 SQI®,FLASH,2.7V ~ 3.6V,1.5ms
SST26VF064B-104V/SM,Microchip Technology,IC FLASH 64MBIT SPI/QUAD 8SOIJ,memory,1208,3.81,"8-SOIC (0.209"", 5.30mm Width)",Surface Mount,Active,https://ww1.microchip.com/downloads/en/DeviceDoc/20005119G.pdf,https://www.digikey.com/en/products/detail/microchip-technology/SST26VF064B-104V-SM/5639489,,104 MHz,Verified,,FLASH,SPI - Quad I/O,8M x 8,64Mbit,Non-Volatile,-40°C ~ 105°C (TA),,SST26 SQI®,FLASH,2.7V ~ 3.6V,1.5ms
SST26VF064BEUI-104I/SM,Microchip Technology,IC FLASH 64MBIT SPI/QUAD 8SOIJ,memory,223,4.28,"8-SOIC (0.209"", 5.30mm Width)",Surface Mount,Active,https://ww1.microchip.com/downloads/en/DeviceDoc/20005119G.pdf,https://www.digikey.com/en/products/detail/microchip-technology/SST26VF064BEUI-104I-SM/10270345,,104 MHz,Not Verified,,FLASH,SPI - Quad I/O,8M x 8,64Mbit,Non-Volatile,-40°C ~ 85°C (TA),,SST26 SQI®,FLASH,2.7V ~ 3.6V,1.5ms
SST26VF064BEUIT-104I/MF,Microchip Technology,IC FLASH 64MBIT SPI/QUAD 8WDFN,memory,534,4.99,8-WDFN Exposed Pad,Surface Mount,Active,http://ww1.microchip.com/downloads/en/DeviceDoc/SST26VF064BEUI-Data-Sheet-DS20006138A.pdf,https://www.digikey.com/en/products/detail/microchip-technology/SST26VF064BEUIT-104I-MF/10270317,,104 MHz,Not Verified,,FLASH,SPI - Quad I/O,8M x 8,64Mbit,Non-Volatile,-40°C ~ 85°C (TA),,SST26 SQI®,FLASH,2.7V ~ 3.6V,1.5ms
SST26VF064BT-104I/MF,Microchip Technology,IC FLASH 64MBIT SPI/QUAD 8WDFN,memory,2071,3.89,8-WDFN Exposed Pad,Surface Mount,Active,https://ww1.microchip.com/downloads/aemDocuments/documents/MPD/ProductDocuments/DataSheets/SST26VF064B-SST26VF064BA-2-5V-3-0V-64-Mbit-Serial-Quad-IO--SQI--Flash-Memory-20005119K.pdf,https://www.digikey.com/en/products/detail/microchip-technology/SST26VF064BT-104I-MF/5032912,,104 MHz,Not Verified,,FLASH,SPI - Quad I/O,8M x 8,64Mbit,Non-Volatile,-40°C ~ 85°C (TA),,SST26 SQI®,FLASH,2.7V ~ 3.6V,1.5ms
SST26VF064BT-104I/SM,Microchip Technology,IC FLASH 64MBIT SPI/QUAD 8SOIJ,memory,2646,3.63,"8-SOIC (0.209"", 5.30mm Width)",Surface Mount,Active,https://ww1.microchip.com/downloads/en/DeviceDoc/20005119G.pdf,https://www.digikey.com/en/products/detail/microchip-technology/SST26VF064BT-104I-SM/5032913,,104 MHz,Verified,,FLASH,SPI - Quad I/O,8M x 8,64Mbit,Non-Volatile,-40°C ~ 85°C (TA),,SST26 SQI®,FLASH,2.7V ~ 3.6V,1.5ms
SST26VF064BT-104I/SO,Microchip Technology,IC FLASH 64MBIT SPI/QUAD 16SOIC,memory,1597,3.75,"16-SOIC (0.295"", 7.50mm Width)",Surface Mount,Active,https://ww1.microchip.com/downloads/aemDocuments/documents/MPD/ProductDocuments/DataSheets/SST26VF064B-SST26VF064BA-2-5V-3-0V-64-Mbit-Serial-Quad-IO--SQI--Flash-Memory-20005119K.pdf,https://www.digikey.com/en/products/detail/microchip-technology/SST26VF064BT-104I-SO/5032914,,104 MHz,Not Verified,,FLASH,SPI - Quad I/O,8M x 8,64Mbit,Non-Volatile,-40°C ~ 85°C (TA),,SST26 SQI®,FLASH,2.7V ~ 3.6V,1.5ms
SST26VF064BT-104V/SM,Microchip Technology,IC FLASH 64MBIT SPI/QUAD 8SOIJ,memory,1293,4.16,"8-SOIC (0.209"", 5.30mm Width)",Surface Mount,Active,https://ww1.microchip.com/downloads/en/DeviceDoc/20005119G.pdf,https://www.digikey.com/en/products/detail/microchip-technology/SST26VF064BT-104V-SM/5638478,,104 MHz,Verified,,FLASH,SPI - Quad I/O,8M x 8,64Mbit,Non-Volatile,-40°C ~ 105°C (TA),,SST26 SQI®,FLASH,2.7V ~ 3.6V,1.5ms
SST26VF080AT-104I/SN,Microchip Technology,IC FLASH 8MBIT SPI/QUAD 8SOIC,memory,6833,1.53,"8-SOIC (0.154"", 3.90mm Width)",Surface Mount,Active,https://ww1.microchip.com/downloads/en/DeviceDoc/20006203B.pdf,https://www.digikey.com/en/products/detail/microchip-technology/SST26VF080AT-104I-SN/12081915,,104 MHz,Not Verified,,FLASH,SPI - Quad I/O,1M x 8,8Mbit,Non-Volatile,-40°C ~ 85°C (TA),,SST26 SQI®,FLASH,2.7V ~ 3.6V,1.5ms
SST26WF064C-104I/SM,Microchip Technology,IC FLASH 64MBIT SPI/QUAD 8SOIJ,memory,108,3.7,"8-SOIC (0.209"", 5.30mm Width)",Surface Mount,Active,https://ww1.microchip.com/downloads/aemDocuments/documents/OTH/ProductDocuments/DataSheets/SST26WF064C-1.8V-64-Mbit-Serial-Quad-I-O-SQI-Flash-Memory-Data-Sheet-DS20005430C.pdf,https://www.digikey.com/en/products/detail/microchip-technology/SST26WF064C-104I-SM/7559472,,104 MHz,Not Verified,,FLASH,SPI - Quad I/O,8M x 8,64Mbit,Non-Volatile,-40°C ~ 85°C (TA),,SST26 SQI®,FLASH,1.65V ~ 1.95V,1.5ms
SST39LF800A-55-4C-EKE,Microchip Technology,IC FLASH 8MBIT PARALLEL 48TSOP,memory,189,3.57,"48-TFSOP (0.724"", 18.40mm Width)",Surface Mount,Active,https://ww1.microchip.com/downloads/en/DeviceDoc/25001A.pdf,https://www.digikey.com/en/products/detail/microchip-technology/SST39LF800A-55-4C-EKE/2297824,55 ns,,Not Verified,,FLASH,Parallel,512K x 16,8Mbit,Non-Volatile,0°C ~ 70°C (TA),,SST39 MPF™,FLASH,3V ~ 3.6V,20µs
SST39SF010A-55-4C-NHE,Microchip Technology,IC FLASH 1MBIT PARALLEL 32PLCC,memory,227,2.04,32-LCC (J-Lead),Surface Mount,Active,https://ww1.microchip.com/downloads/aemDocuments/documents/MPD/ProductDocuments/DataSheets/SST39SF010A-SST39SF020A-SST39SF040-Data-Sheet-DS20005022.pdf,https://www.digikey.com/en/products/detail/microchip-technology/SST39SF010A-55-4C-NHE/2601599,55 ns,,Verified,,FLASH,Parallel,128K x 8,1Mbit,Non-Volatile,0°C ~ 70°C (TA),,SST39 MPF™,FLASH,4.5V ~ 5.5V,20µs
SST39SF010A-55-4I-NHE,Microchip Technology,IC FLASH 1MBIT PARALLEL 32PLCC,memory,649,2.14,32-LCC (J-Lead),Surface Mount,Active,https://ww1.microchip.com/downloads/aemDocuments/documents/MPD/ProductDocuments/DataSheets/SST39SF010A-SST39SF020A-SST39SF040-Data-Sheet-DS20005022.pdf,https://www.digikey.com/en/products/detail/microchip-technology/SST39SF010A-55-4I-NHE/3873110,55 ns,,Not Verified,,FLASH,Parallel,128K x 8,1Mbit,Non-Volatile,-40°C ~ 85°C (TA),,SST39 MPF™,FLASH,4.5V ~ 5.5V,20µs
SST39SF010A-70-4C-NHE,Microchip Technology,IC FLASH 1MBIT PARALLEL 32PLCC,memory,1860,1.98,32-LCC (J-Lead),Surface Mount,Active,https://ww1.microchip.com/downloads/aemDocuments/documents/MPD/ProductDocuments/DataSheets/SST39SF010A-SST39SF020A-SST39SF040-Data-Sheet-DS20005022.pdf,https://www.digikey.com/en/products/detail/microchip-technology/SST39SF010A-70-4C-NHE/2297825,70 ns,,Verified,,FLASH,Parallel,128K x 8,1Mbit,Non-Volatile,0°C ~ 70°C (TA),,SST39 MPF™,FLASH,4.5V ~ 5.5V,20µs
SST39SF010A-70-4C-NHE-T,Microchip Technology,IC FLASH 1MBIT PARALLEL 32PLCC,memory,494,2.14,32-LCC (J-Lead),Surface Mount,Active,https://ww1.microchip.com/downloads/aemDocuments/documents/MPD/ProductDocuments/DataSheets/SST39SF010A-SST39SF020A-SST39SF040-Data-Sheet-DS20005022.pdf,https://www.digikey.com/en/products/detail/microchip-technology/SST39SF010A-70-4C-NHE-T/2299407,70 ns,,Verified,,FLASH,Parallel,128K x 8,1Mbit,Non-Volatile,0°C ~ 70°C (TA),,SST39 MPF™,FLASH,4.5V ~ 5.5V,20µs
SST39SF010A-70-4C-TU,Microchip Technology,4.5V TO 5.5V 1MBIT MULTI-PURPOSE,memory,634,1.71,"32-TFSOP (0.465"", 11.80mm Width)",Surface Mount,Active,https://ww1.microchip.com/downloads/aemDocuments/documents/MPD/ProductDocuments/DataSheets/SST39SF010A-SST39SF020A-SST39SF040-Data-Sheet-DS20005022.pdf,https://www.digikey.com/en/products/detail/microchip-technology/SST39SF010A-70-4C-TU/25903865,70 ns,,,,FLASH,Parallel,128K x 8,1Mbit,Non-Volatile,0°C ~ 70°C (TA),,SST39 MPF™,FLASH - NOR (SLC),4.5V ~ 5.5V,10µs
SST39SF010A-70-4I-NHE,Microchip Technology,IC FLASH 1MBIT PARALLEL 32PLCC,memory,2339,2.06,32-LCC (J-Lead),Surface Mount,Active,https://ww1.microchip.com/downloads/aemDocuments/documents/MPD/ProductDocuments/DataSheets/SST39SF010A-SST39SF020A-SST39SF040-Data-Sheet-DS20005022.pdf,https://www.digikey.com/en/products/detail/microchip-technology/SST39SF010A-70-4I-NHE/2297828,70 ns,,Verified,,FLASH,Parallel,128K x 8,1Mbit,Non-Volatile,-40°C ~ 85°C (TA),,SST39 MPF™,FLASH,4.5V ~ 5.5V,20µs
SST39SF010A-70-4I-NHE-T,Microchip Technology,IC FLASH 1MBIT PARALLEL 32PLCC,memory,189,2.23,32-LCC (J-Lead),Surface Mount,Active,https://ww1.microchip.com/downloads/aemDocuments/documents/MPD/ProductDocuments/DataSheets/SST39SF010A-SST39SF020A-SST39SF040-Data-Sheet-DS20005022.pdf,https://www.digikey.com/en/products/detail/microchip-technology/SST39SF010A-70-4I-NHE-T/2486534,70 ns,,Verified,,FLASH,Parallel,128K x 8,1Mbit,Non-Volatile,-40°C ~ 85°C (TA),,SST39 MPF™,FLASH,4.5V ~ 5.5V,20µs
SST39SF020A-70-4C-NHE,Microchip Technology,IC FLASH 2MBIT PARALLEL 32PLCC,memory,1015,2.31,32-LCC (J-Lead),Surface Mount,Active,https://ww1.microchip.com/downloads/aemDocuments/documents/MPD/ProductDocuments/DataSheets/SST39SF010A-SST39SF020A-SST39SF040-Data-Sheet-DS20005022.pdf,https://www.digikey.com/en/products/detail/microchip-technology/SST39SF020A-70-4C-NHE/2297830,70 ns,,Not Verified,,FLASH,Parallel,256K x 8,2Mbit,Non-Volatile,0°C ~ 70°C (TA),,SST39 MPF™,FLASH,4.5V ~ 5.5V,20µs
SST39SF020A-70-4I-NHE,Microchip Technology,IC FLASH 2MBIT PARALLEL 32PLCC,memory,343,2.4,32-LCC (J-Lead),Surface Mount,Active,https://ww1.microchip.com/downloads/aemDocuments/documents/MPD/ProductDocuments/DataSheets/SST39SF010A-SST39SF020A-SST39SF040-Data-Sheet-DS20005022.pdf,https://www.digikey.com/en/products/detail/microchip-technology/SST39SF020A-70-4I-NHE/2297833,70 ns,,Verified,,FLASH,Parallel,256K x 8,2Mbit,Non-Volatile,-40°C ~ 85°C (TA),,SST39 MPF™,FLASH,4.5V ~ 5.5V,20µs
SST39SF040-55-4I-NHE,Microchip Technology,IC FLASH 4MBIT PARALLEL 32PLCC,memory,455,2.84,32-LCC (J-Lead),Surface Mount,Active,https://ww1.microchip.com/downloads/aemDocuments/documents/MPD/ProductDocuments/DataSheets/SST39SF010A-SST39SF020A-SST39SF040-Data-Sheet-DS20005022.pdf,https://www.digikey.com/en/products/detail/microchip-technology/SST39SF040-55-4I-NHE/2480210,55 ns,,Verified,,FLASH,Parallel,512K x 8,4Mbit,Non-Volatile,-40°C ~ 85°C (TA),,SST39 MPF™,FLASH,4.5V ~ 5.5V,20µs
SST39SF040-70-4C-NHE,Microchip Technology,IC FLASH 4MBIT PARALLEL 32PLCC,memory,135,2.68,32-LCC (J-Lead),Surface Mount,Active,https://ww1.microchip.com/downloads/aemDocuments/documents/MPD/ProductDocuments/DataSheets/SST39SF010A-SST39SF020A-SST39SF040-Data-Sheet-DS20005022.pdf,https://www.digikey.com/en/products/detail/microchip-technology/SST39SF040-70-4C-NHE/2297834,70 ns,,Verified,,FLASH,Parallel,512K x 8,4Mbit,Non-Volatile,0°C ~ 70°C (TA),,SST39 MPF™,FLASH,4.5V ~ 5.5V,20µs
SST39SF040-70-4C-TU,Microchip Technology,4.5V TO 5.5V 4MBIT MULTI-PURPOSE,memory,553,2.4,"32-TFSOP (0.465"", 11.80mm Width)",Surface Mount,Active,https://ww1.microchip.com/downloads/aemDocuments/documents/MPD/ProductDocuments/DataSheets/SST39SF010A-SST39SF020A-SST39SF040-Data-Sheet-DS20005022.pdf,https://www.digikey.com/en/products/detail/microchip-technology/SST39SF040-70-4C-TU/25903834,70 ns,,,,FLASH,Parallel,512K x 8,4Mbit,Non-Volatile,0°C ~ 70°C (TA),,SST39 MPF™,FLASH - NOR (SLC),4.5V ~ 5.5V,10µs
SST39SF040-70-4I-NHE,Microchip Technology,IC FLASH 4MBIT PARALLEL 32PLCC,memory,114,2.77,32-LCC (J-Lead),Surface Mount,Active,https://ww1.microchip.com/downloads/aemDocuments/documents/MPD/ProductDocuments/DataSheets/SST39SF010A-SST39SF020A-SST39SF040-Data-Sheet-DS20005022.pdf,https://www.digikey.com/en/products/detail/microchip-technology/SST39SF040-70-4I-NHE/2299317,70 ns,,Verified,,FLASH,Parallel,512K x 8,4Mbit,Non-Volatile,-40°C ~ 85°C (TA),,SST39 MPF™,FLASH,4.5V ~ 5.5V,20µs
SST39SF040-70-4I-TU,Microchip Technology,4.5V TO 5.5V 4MBIT MULTI-PURPOSE,memory,249,2.5,"32-TFSOP (0.465"", 11.80mm Width)",Surface Mount,Active,https://ww1.microchip.com/downloads/aemDocuments/documents/MPD/ProductDocuments/DataSheets/SST39SF010A-SST39SF020A-SST39SF040-Data-Sheet-DS20005022.pdf,https://www.digikey.com/en/products/detail/microchip-technology/SST39SF040-70-4I-TU/25903940,70 ns,,,,FLASH,Parallel,512K x 8,4Mbit,Non-Volatile,-40°C ~ 85°C (TA),,SST39 MPF™,FLASH - NOR (SLC),4.5V ~ 5.5V,10µs
SST39VF040-70-4C-NHE,Microchip Technology,IC FLASH 4MBIT PARALLEL 32PLCC,memory,209,2.45,32-LCC (J-Lead),Surface Mount,Active,https://ww1.microchip.com/downloads/aemDocuments/documents/MPD/ProductDocuments/DataSheets/SST39LF010-SST39LF020-SST39LF040-SST39VF010-SST39VF020-SST39VF040-Data-Sheet-DS20005023.pdf,https://www.digikey.com/en/products/detail/microchip-technology/SST39VF040-70-4C-NHE/2297844,70 ns,,Not Verified,,FLASH,Parallel,512K x 8,4Mbit,Non-Volatile,0°C ~ 70°C (TA),,SST39 MPF™,FLASH,2.7V ~ 3.6V,20µs
SST39VF040-70-4I-NHE,Microchip Technology,IC FLASH 4MBIT PARALLEL 32PLCC,memory,150,2.53,32-LCC (J-Lead),Surface Mount,Active,https://ww1.microchip.com/downloads/aemDocuments/documents/MPD/ProductDocuments/DataSheets/SST39LF010-SST39LF020-SST39LF040-SST39VF010-SST39VF020-SST39VF040-Data-Sheet-DS20005023.pdf,https://www.digikey.com/en/products/detail/microchip-technology/SST39VF040-70-4I-NHE/2297846,70 ns,,Verified,,FLASH,Parallel,512K x 8,4Mbit,Non-Volatile,-40°C ~ 85°C (TA),,SST39 MPF™,FLASH,2.7V ~ 3.6V,20µs
SST39VF040-70-4I-TU,Microchip Technology,2.7V TO 3.6V 4MBIT MULTI-PURPOSE,memory,166,2.29,"32-TFSOP (0.465"", 11.80mm Width)",Surface Mount,Active,https://www.digikey.com//mm.digikey.com/Volume0/opasdata/d220001/medias/docus/7179/PdfFile_180664.pdf,https://www.digikey.com/en/products/detail/microchip-technology/SST39VF040-70-4I-TU/25903632,70 ns,,,,FLASH,Parallel,512K x 8,4Mbit,Non-Volatile,-40°C ~ 85°C (TA),,SST39 MPF™,FLASH - NOR (SLC),2.7V ~ 3.6V,20µs
SST39VF1601-70-4I-EKE-T,Microchip Technology,IC FLASH 16MBIT PARALLEL 48TSOP,memory,1495,4.71,"48-TFSOP (0.724"", 18.40mm Width)",Surface Mount,Active,https://ww1.microchip.com/downloads/en/DeviceDoc/25028A.pdf,https://www.digikey.com/en/products/detail/microchip-technology/SST39VF1601-70-4I-EKE-T/2486503,70 ns,,Not Verified,,FLASH,Parallel,1M x 16,16Mbit,Non-Volatile,-40°C ~ 85°C (TA),,SST39 MPF™,FLASH,2.7V ~ 3.6V,10µs
SST39VF3201-70-4C-EKE,Microchip Technology,IC FLASH 32MBIT PARALLEL 48TSOP,memory,863,5.4,"48-TFSOP (0.724"", 18.40mm Width)",Surface Mount,Active,https://ww1.microchip.com/downloads/en/DeviceDoc/25028A.pdf,https://www.digikey.com/en/products/detail/microchip-technology/SST39VF3201-70-4C-EKE/2297861,70 ns,,Verified,,FLASH,Parallel,2M x 16,32Mbit,Non-Volatile,0°C ~ 70°C (TA),,SST39 MPF™,FLASH,2.7V ~ 3.6V,10µs
SST39VF3201B-70-4I-EKE,Microchip Technology,IC FLASH 32MBIT PARALLEL 48TSOP,memory,547,3.84,"48-TFSOP (0.724"", 18.40mm Width)",Surface Mount,Active,https://ww1.microchip.com/downloads/en/DeviceDoc/25111A.pdf,https://www.digikey.com/en/products/detail/microchip-technology/SST39VF3201B-70-4I-EKE/2480227,70 ns,,Not Verified,,FLASH,Parallel,2M x 16,32Mbit,Non-Volatile,-40°C ~ 85°C (TA),,SST39 MPF™,FLASH,2.7V ~ 3.6V,10µs
SST39VF3201C-70-4I-B3KE,Microchip Technology,IC FLASH 32MBIT PARALLEL 48TFBGA,memory,367,3.16,48-TFBGA,Surface Mount,Active,https://ww1.microchip.com/downloads/en/DeviceDoc/20005020C.pdf,https://www.digikey.com/en/products/detail/microchip-technology/SST39VF3201C-70-4I-B3KE/3046590,70 ns,,Not Verified,,FLASH,Parallel,2M x 16,32Mbit,Non-Volatile,-40°C ~ 85°C (TA),,SST39 MPF™,FLASH,2.7V ~ 3.6V,10µs
SST39VF3202B-70-4I-EKE,Microchip Technology,IC FLASH 32MBIT PARALLEL 48TSOP,memory,335,3.84,"48-TFSOP (0.724"", 18.40mm Width)",Surface Mount,Active,https://ww1.microchip.com/downloads/en/DeviceDoc/25111A.pdf,https://www.digikey.com/en/products/detail/microchip-technology/SST39VF3202B-70-4I-EKE/2480232,70 ns,,Not Verified,,FLASH,Parallel,2M x 16,32Mbit,Non-Volatile,-40°C ~ 85°C (TA),,SST39 MPF™,FLASH,2.7V ~ 3.6V,10µs
SST39VF3202C-70-4I-EKE,Microchip Technology,IC FLASH 32MBIT PARALLEL 48TSOP,memory,381,3.62,"48-TFSOP (0.724"", 18.40mm Width)",Surface Mount,Active,https://ww1.microchip.com/downloads/en/DeviceDoc/20005020C.pdf,https://www.digikey.com/en/products/detail/microchip-technology/SST39VF3202C-70-4I-EKE/3046593,70 ns,,Not Verified,,FLASH,Parallel,2M x 16,32Mbit,Non-Volatile,-40°C ~ 85°C (TA),,SST39 MPF™,FLASH,2.7V ~ 3.6V,10µs
W25Q128JVEIQ,Winbond Electronics,IC FLASH 128MBIT SPI/QUAD 8WSON,memory,11689,4.79,8-WDFN Exposed Pad,Surface Mount,Active,https://www.winbond.com/resource-files/w25q128jv%20revf%2003272018%20plus.pdf,https://www.digikey.com/en/products/detail/winbond-electronics/W25Q128JVEIQ/6819667,,133 MHz,Not Verified,,FLASH,"SPI - Quad I/O, QPI",16M x 8,128Mbit,Non-Volatile,-40°C ~ 85°C (TA),,SpiFlash®,FLASH - NOR,2.7V ~ 3.6V,3ms
W25Q128JVPIQ,Winbond Electronics,IC FLASH 128MBIT SPI/QUAD 8WSON,memory,47111,3.93,8-WDFN Exposed Pad,Surface Mount,Active,https://www.winbond.com/resource-files/w25q128jv%20revf%2003272018%20plus.pdf,https://www.digikey.com/en/products/detail/winbond-electronics/W25Q128JVPIQ/6819668,,133 MHz,Verified,,FLASH,"SPI - Quad I/O, QPI",16M x 8,128Mbit,Non-Volatile,-40°C ~ 85°C (TA),,SpiFlash®,FLASH - NOR,2.7V ~ 3.6V,3ms
W25Q128JVPIQ TR,Winbond Electronics,IC FLASH 128MBIT SPI/QUAD 8WSON,memory,8570,3.74,8-WDFN Exposed Pad,Surface Mount,Active,https://www.winbond.com/resource-files/w25q128jv%20revf%2003272018%20plus.pdf,https://www.digikey.com/en/products/detail/winbond-electronics/W25Q128JVPIQ-TR/5803942,,133 MHz,Verified,,FLASH,"SPI - Quad I/O, QPI",16M x 8,128Mbit,Non-Volatile,-40°C ~ 85°C (TA),,SpiFlash®,FLASH - NOR,2.7V ~ 3.6V,3ms
W25Q128JVSIM TR,Winbond Electronics,IC FLASH 128MBIT SPI/QUAD 8SOIC,memory,109746,3.72,"8-SOIC (0.209"", 5.30mm Width)",Surface Mount,Active,https://www.winbond.com/resource-files/w25q128jv_dtr%20revc%2003272018%20plus.pdf,https://www.digikey.com/en/products/detail/winbond-electronics/W25Q128JVSIM-TR/6819722,,133 MHz,Verified,,FLASH,"SPI - Quad I/O, QPI, DTR",16M x 8,128Mbit,Non-Volatile,-40°C ~ 85°C (TA),,SpiFlash®,FLASH - NOR,2.7V ~ 3.6V,3ms
W25Q128JVSIQ,Winbond Electronics,IC FLASH 128MBIT SPI/QUAD 8SOIC,memory,31333,3.97,"8-SOIC (0.209"", 5.30mm Width)",Surface Mount,Active,https://www.digikey.com//mm.digikey.com/Volume0/opasdata/d220001/medias/docus/7161/256_W25Q128JV.pdf,https://www.digikey.com/en/products/detail/winbond-electronics/W25Q128JVSIQ/5803943,,133 MHz,Verified,,FLASH,"SPI - Quad I/O, QPI",16M x 8,128Mbit,Non-Volatile,-40°C ~ 85°C (TA),,SpiFlash®,FLASH - NOR,2.7V ~ 3.6V,3ms
W25Q128JVSIQ TR,Winbond Electronics,IC FLASH 128MBIT SPI/QUAD 8SOIC,memory,40140,3.72,"8-SOIC (0.209"", 5.30mm Width)",Surface Mount,Active,https://www.digikey.com//mm.digikey.com/Volume0/opasdata/d220001/medias/docus/7161/256_W25Q128JV.pdf,https://www.digikey.com/en/products/detail/winbond-electronics/W25Q128JVSIQ-TR/5803944,,133 MHz,Verified,,FLASH,"SPI - Quad I/O, QPI",16M x 8,128Mbit,Non-Volatile,-40°C ~ 85°C (TA),,SpiFlash®,FLASH - NOR,2.7V ~ 3.6V,3ms
W25Q16JVSNIM,Winbond Electronics,IC FLASH 16MBIT SPI/QUAD 8SOIC,memory,15900,0.68,"8-SOIC (0.154"", 3.90mm Width)",Surface Mount,Active,https://www.winbond.com/resource-files/w25q16jv_dtr%20reve%2002092018%20plus.pdf,https://www.digikey.com/en/products/detail/winbond-electronics/W25Q16JVSNIM/15182003,6 ns,133 MHz,Not Verified,,FLASH,"SPI - Quad I/O, QPI, DTR",2M x 8,16Mbit,Non-Volatile,-40°C ~ 85°C (TA),,SpiFlash®,FLASH - NOR,2.7V ~ 3.6V,3ms
W25Q16JVSSIQ,Winbond Electronics,IC FLASH 16MBIT SPI/QUAD 8SOIC,memory,49951,0.97,"8-SOIC (0.209"", 5.30mm Width)",Surface Mount,Active,https://www.winbond.com/resource-files/w25q16jv%20spi%20revg%2003222018%20plus.pdf,https://www.digikey.com/en/products/detail/winbond-electronics/W25Q16JVSSIQ/6193769,,133 MHz,Verified,,FLASH,SPI - Quad I/O,2M x 8,16Mbit,Non-Volatile,-40°C ~ 85°C (TA),,SpiFlash®,FLASH - NOR,2.7V ~ 3.6V,3ms
W25Q16JVZPIQ TR,Winbond Electronics,IC FLASH 16MBIT SPI/QUAD 8WSON,memory,39294,0.85,8-WDFN Exposed Pad,Surface Mount,Active,https://www.winbond.com/resource-files/w25q16jv%20spi%20revg%2003222018%20plus.pdf,https://www.digikey.com/en/products/detail/winbond-electronics/W25Q16JVZPIQ-TR/6193781,,133 MHz,Not Verified,,FLASH,SPI - Quad I/O,2M x 8,16Mbit,Non-Volatile,-40°C ~ 85°C (TA),,SpiFlash®,FLASH - NOR,2.7V ~ 3.6V,3ms
W25Q16JWSNIQ TR,Winbond Electronics,IC FLASH 16MBIT SPI/QUAD 8SOIC,memory,4447,1.91,"8-SOIC (0.154"", 3.90mm Width)",Surface Mount,Active,https://www.winbond.com/resource-files/W25Q16JW%20RevD%2001152020%20Plus.pdf,https://www.digikey.com/en/products/detail/winbond-electronics/W25Q16JWSNIQ-TR/11584745,,133 MHz,Not Verified,,FLASH,SPI - Quad I/O,2M x 8,16Mbit,Non-Volatile,-40°C ~ 85°C (TA),,SpiFlash®,FLASH - NOR,1.65V ~ 1.95V,3ms
W25Q20CLSNIG,Winbond Electronics,IC FLASH 2MBIT SPI/QUAD 8SOIC,memory,459,1.34,"8-SOIC (0.154"", 3.90mm Width)",Surface Mount,Active,https://www.winbond.com/resource-files/da00-w25q20cla1.pdf,https://www.digikey.com/en/products/detail/winbond-electronics/W25Q20CLSNIG/3008610,,104 MHz,Not Verified,,FLASH,SPI - Quad I/O,256K x 8,2Mbit,Non-Volatile,-40°C ~ 85°C (TA),,SpiFlash®,FLASH - NOR,2.3V ~ 3.6V,800µs
W25Q256JVEIQ TR,Winbond Electronics,IC FLASH 256MBIT SPI/QUAD 8WSON,memory,3999,6.08,8-WDFN Exposed Pad,Surface Mount,Active,https://www.winbond.com/resource-files/w25q256jv%20spi%20revg%2008032017.pdf,https://www.digikey.com/en/products/detail/winbond-electronics/W25Q256JVEIQ-TR/5803969,,133 MHz,Verified,,FLASH,SPI - Quad I/O,32M x 8,256Mbit,Non-Volatile,-40°C ~ 85°C (TA),,SpiFlash®,FLASH - NOR,2.7V ~ 3.6V,3ms
W25Q256JVFIQ,Winbond Electronics,IC FLASH 256MBIT SPI/QUAD 16SOIC,memory,5708,7.11,"16-SOIC (0.295"", 7.50mm Width)",Surface Mount,Active,,https://www.digikey.com/en/products/detail/winbond-electronics/W25Q256JVFIQ/5803970,,133 MHz,Verified,,FLASH,SPI - Quad I/O,32M x 8,256Mbit,Non-Volatile,-40°C ~ 85°C (TA),,SpiFlash®,FLASH - NOR,2.7V ~ 3.6V,3ms
W25Q256JWEIM,Winbond Electronics,IC FLASH 256MBIT SPI/QUAD 8WSON,memory,378,6.86,8-WDFN Exposed Pad,Surface Mount,Active,https://www.winbond.com/resource-files/W25Q256JW_DTR%20RevK%2003172021.pdf,https://www.digikey.com/en/products/detail/winbond-electronics/W25Q256JWEIM/15181808,6 ns,133 MHz,Not Verified,,FLASH,"SPI - Quad I/O, QPI, DTR",32M x 8,256Mbit,Non-Volatile,-40°C ~ 85°C (TA),,SpiFlash®,FLASH - NOR,1.7V ~ 1.95V,5ms
W25Q256JWFIQ,Winbond Electronics,IC FLASH 256MBIT SPI/QUAD 16SOIC,memory,730,7.24,"16-SOIC (0.295"", 7.50mm Width)",Surface Mount,Active,https://www.winbond.com/resource-files/W25Q256JW%20SPI%20RevJ%2003102021%20Plus.pdf,https://www.digikey.com/en/products/detail/winbond-electronics/W25Q256JWFIQ/15182245,6 ns,133 MHz,Not Verified,,FLASH,SPI - Quad I/O,32M x 8,256Mbit,Non-Volatile,-40°C ~ 85°C (TA),,SpiFlash®,FLASH - NOR,1.7V ~ 1.95V,5ms
W25Q32JVSSIQ TR,Winbond Electronics,IC FLASH 32MBIT SPI/QUAD 8SOIC,memory,1671,1.02,"8-SOIC (0.209"", 5.30mm Width)",Surface Mount,Active,https://www.digikey.com//mm.digikey.com/Volume0/opasdata/d220001/medias/docus/5059/W25Q32JV_RevI_5-4-21.pdf,https://www.digikey.com/en/products/detail/winbond-electronics/W25Q32JVSSIQ-TR/5803982,,133 MHz,Verified,,FLASH,SPI - Quad I/O,4M x 8,32Mbit,Non-Volatile,-40°C ~ 85°C (TA),,SpiFlash®,FLASH - NOR,2.7V ~ 3.6V,3ms
W25Q32JVZPIQ,Winbond Electronics,IC FLASH 32MBIT SPI/QUAD 8WSON,memory,32796,1.29,8-WDFN Exposed Pad,Surface Mount,Active,https://www.winbond.com/resource-files/w25q32jv%20revg%2003272018%20plus.pdf,https://www.digikey.com/en/products/detail/winbond-electronics/W25Q32JVZPIQ/6167525,,133 MHz,Not Verified,,FLASH,SPI - Quad I/O,4M x 8,32Mbit,Non-Volatile,-40°C ~ 85°C (TA),,SpiFlash®,FLASH - NOR,2.7V ~ 3.6V,3ms
W25Q64JVZPIQ,Winbond Electronics,IC FLASH 64MBIT SPI/QUAD 8WSON,memory,4339,2.64,8-WDFN Exposed Pad,Surface Mount,Active,https://www.winbond.com/resource-files/W25Q64JV%20RevK%2003102021%20Plus.pdf,https://www.digikey.com/en/products/detail/winbond-electronics/W25Q64JVZPIQ/15181953,6 ns,133 MHz,Verified,,FLASH,SPI - Quad I/O,8M x 8,64Mbit,Non-Volatile,-40°C ~ 85°C (TA),,SpiFlash®,FLASH - NOR,2.7V ~ 3.6V,3ms
W25Q80DVZPIG,Winbond Electronics,IC FLASH 8MBIT SPI/QUAD 8WSON,memory,3160,0.78,8-WDFN Exposed Pad,Surface Mount,Active,https://www.winbond.com/resource-files/w25q80dv%20dl_revh_10022015.pdf,https://www.digikey.com/en/products/detail/winbond-electronics/W25Q80DVZPIG/4878497,,104 MHz,Not Verified,,FLASH,SPI - Quad I/O,1M x 8,8Mbit,Non-Volatile,-40°C ~ 85°C (TA),,SpiFlash®,FLASH - NOR,2.7V ~ 3.6V,3ms
W971GG6NB-25,Winbond Electronics,IC DRAM 1GBIT SSTL 18 84TFBGA,memory,646,19.24,84-TFBGA,Surface Mount,Active,https://www.winbond.com/resource-files/W971GG6NB_A02.pdf,https://www.digikey.com/en/products/detail/winbond-electronics/W971GG6NB-25/14306092,57.5 ns,400 MHz,Not Verified,,DRAM,SSTL_18,64M x 16,1Gbit,Volatile,0°C ~ 85°C (TC),,,SDRAM - DDR2,1.7V ~ 1.9V,15ns
W9825G6KH-5 TR,Winbond Electronics,IC DRAM 256MBIT PAR 54TSOP II,memory,1367,7.18,"54-TSOP (0.400"", 10.16mm Width)",Surface Mount,Active,https://www.winbond.com/resource-files/w9825g6kh_a04.pdf,https://www.digikey.com/en/products/detail/winbond-electronics/W9825G6KH-5-TR/5154883,5 ns,200 MHz,Not Verified,,DRAM,Parallel,16M x 16,256Mbit,Volatile,0°C ~ 70°C (TA),,,SDRAM,3V ~ 3.6V,
