MPN,Manufacturer,Description,Subcategory,Stock,Unit Price,Package,Mounting Type,Status,Datasheet URL,Product URL,Count Rate,Direction,Grade,Logic Type,Number of Bits per Element,Number of Elements,Operating Temperature,Qualification,Reset,Series,Timing,Trigger Type,Voltage - Supply
100136DC,National Semiconductor,"BINARY COUNTER, 100K SERIES",pmic-gate-drivers,75,21.89,-,-,Active,https://rocelec.widen.net/view/pdf/nluk7yul0p/NATLS16344-1.pdf?t.download=true&u=5oefqw,https://www.digikey.com/en/products/detail/rochester-electronics-llc/100136DC/12098401,,,,,,,,,,,,,
100136J-MIL,National Semiconductor,"BINARY COUNTER, 100K SERIES",pmic-gate-drivers,964,31.25,-,-,Active,https://rocelec.widen.net/view/pdf/nluk7yul0p/NATLS16344-1.pdf?t.download=true&u=5oefqw,https://www.digikey.com/en/products/detail/rochester-electronics-llc/100136J-MIL/12098897,,,,,,,,,,,,,
11C05DM/B,"Rochester Electronics, LLC","PRESCALER, ECL SERIES",pmic-gate-drivers,784,159.19,-,-,Active,https://rocelec.widen.net/view/pdf/dddqhodeo1/RE_DSHEET_11C05DC_REI.pdf?t.download=true&u=5oefqw,https://www.digikey.com/en/products/detail/rochester-electronics-llc/11C05DM-B/12593738,,,,,,,,,,*,,,
11C90DM/B,"Rochester Electronics, LLC","PRESCALER, ECL SERIES",pmic-gate-drivers,2954,212.63,-,-,Active,https://rocelec.widen.net/view/pdf/bsz0wbqix8/11C90DMB-ROCV.pdf?t.download=true&u=axiww2,https://www.digikey.com/en/products/detail/rochester-electronics-llc/11C90DM-B/12593387,,,,,,,,,,*,,,
25LS2569DM/B,"Rochester Electronics, LLC",4BIT SYNC UP/DWN 3-STATE OUTPUTS,pmic-gate-drivers,189,156.3,-,-,Active,https://rocelec.widen.net/view/pdf/8eqodgqfsk/RE_DScover_AM25LS2568-69.pdf?t.download=true&u=5oefqw,https://www.digikey.com/en/products/detail/rochester-electronics-llc/25LS2569DM-B/12618368,,,,,,,,,,*,,,
25LS2569FM/B,"Rochester Electronics, LLC",4BIT SYNC UP/DWN 3-STATE OUTPUTS,pmic-gate-drivers,74,203.35,-,-,Active,https://rocelec.widen.net/view/pdf/8eqodgqfsk/RE_DScover_AM25LS2568-69.pdf,https://www.digikey.com/en/products/detail/rochester-electronics-llc/25LS2569FM-B/12600268,,,,,,,,,,*,,,
40161BDM,National Semiconductor,IC BINARY COUNTER 4-BIT 16CDIP,pmic-gate-drivers,1147,2.68,16-CDIP,Through Hole,Active,https://rocelec.widen.net/view/pdf/sctz7qxcfs/FAIRS32762-1.pdf?t.download=true&u=5oefqw,https://www.digikey.com/en/products/detail/rochester-electronics-llc/40161BDM/12103607,14 MHz,Up,,Binary Counter,4,1,,,Asynchronous,4000B,Synchronous,Positive Edge,
40163BDM,National Semiconductor,IC DECADE COUNTR DL 4BIT 16CDIP,pmic-gate-drivers,1565,4.75,16-CDIP,Through Hole,Active,https://rocelec.widen.net/view/pdf/sctz7qxcfs/FAIRS32762-1.pdf?t.download=true&u=5oefqw,https://www.digikey.com/en/products/detail/rochester-electronics-llc/40163BDM/12102947,14 MHz,Up,,"Counter, Decade",4,1,,,Synchronous,4000B,Synchronous,Positive Edge,
4017BDM,National Semiconductor,IC DECADE COUNTER 10BIT,pmic-gate-drivers,2002,6.14,-,-,Active,https://rocelec.widen.net/view/pdf/1xmwl9l6no/FAIRS31950-1.pdf?t.download=true&u=5oefqw,https://www.digikey.com/en/products/detail/rochester-electronics-llc/4017BDM/12103936,,Up,,"Counter, Decade",10,1,-40°C ~ 85°C (TA),,Asynchronous,4000B,Synchronous,"Positive, Negative",3 V ~ 15 V
4018B/BEA,"Rochester Electronics, LLC",DUAL MARKED (M38510/05652BEA),pmic-gate-drivers,2189,92.99,-,-,Active,,https://www.digikey.com/en/products/detail/rochester-electronics-llc/4018B-BEA/12591007,,,,,,,,,,*,,,
4018BDM,National Semiconductor,IC DIVIDER BY N 5-BIT 16CDIP,pmic-gate-drivers,1003,2.05,"16-CDIP (0.300"", 7.62mm)",Through Hole,Active,https://rocelec.widen.net/view/pdf/gmplazj1s8/FAIRS32764-1.pdf?t.download=true&u=5oefqw,https://www.digikey.com/en/products/detail/rochester-electronics-llc/4018BDM/12104846,10 MHz,,,Divide-by-N,5,1,,,Asynchronous,,Asynchronous,Positive Edge,3 V ~ 18 V
40193BDC,National Semiconductor,BINARY COUNTER,pmic-gate-drivers,262,3.96,-,-,Active,https://rocelec.widen.net/view/pdf/s5wkf9m3zb/FAIRS31951-1.pdf?t.download=true&u=5oefqw,https://www.digikey.com/en/products/detail/rochester-electronics-llc/40193BDC/12104691,,,,,,,,,,,,,
40193BDM,National Semiconductor,"BINARY COUNTER, SYNCHRONOUS",pmic-gate-drivers,589,4.7,-,-,Active,https://rocelec.widen.net/view/pdf/s5wkf9m3zb/FAIRS31951-1.pdf?t.download=true&u=5oefqw,https://www.digikey.com/en/products/detail/rochester-electronics-llc/40193BDM/12591174,,,,,,,,,,,,,
4020BDC,National Semiconductor,BINARY COUNTER,pmic-gate-drivers,756,1.76,-,-,Active,https://rocelec.widen.net/view/pdf/v3zrr4iu0o/FAIRS31900-1.pdf?t.download=true&u=5oefqw,https://www.digikey.com/en/products/detail/rochester-electronics-llc/4020BDC/12104384,,,,,,,,,,,,,
4020BDMQB,National Semiconductor,BINARY COUNTER,pmic-gate-drivers,2000,2.33,-,-,Active,https://rocelec.widen.net/view/pdf/v3zrr4iu0o/FAIRS31900-1.pdf?t.download=true&u=5oefqw,https://www.digikey.com/en/products/detail/rochester-electronics-llc/4020BDMQB/12104260,,,,,,,,,,,,,
4022A/BEA,"Rochester Electronics, LLC",DUAL MARKED (M38510/05604BEA),pmic-gate-drivers,1665,92.99,-,-,Active,https://rocelec.widen.net/view/pdf/xatezktnsn/RE_DSHEET_4022ABEA-ROCV.pdf?t.download=true&u=h6ohhb,https://www.digikey.com/en/products/detail/rochester-electronics-llc/4022A-BEA/12604205,,,,,,,,,,*,,,
4022BDC,National Semiconductor,DIVIDE BY 8 COUNTER,pmic-gate-drivers,1042,0.84,-,-,Active,https://rocelec.widen.net/view/pdf/1xmwl9l6no/FAIRS31950-1.pdf?t.download=true&u=5oefqw,https://www.digikey.com/en/products/detail/rochester-electronics-llc/4022BDC/12104350,,,,,,,,,,,,,
4022BDM,National Semiconductor,DIVIDE BY 8 COUNTER,pmic-gate-drivers,759,1.06,-,-,Active,https://rocelec.widen.net/view/pdf/1xmwl9l6no/FAIRS31950-1.pdf?t.download=true&u=5oefqw,https://www.digikey.com/en/products/detail/rochester-electronics-llc/4022BDM/12105033,,,,,,,,,,,,,
40245F,"IDT, Integrated Device Technology Inc","BINARY COUNTER, ASYNCHRONOUS",pmic-gate-drivers,9727,0.86,-,-,Active,,https://www.digikey.com/en/products/detail/rochester-electronics-llc/40245F/12591132,,,,,,,,,,*,,,
4024BDC,National Semiconductor,BINARY COUNTER,pmic-gate-drivers,3028,1.06,-,-,Active,https://rocelec.widen.net/view/pdf/jbuqiea1uq/FAIRS32097-1.pdf?t.download=true&u=5oefqw,https://www.digikey.com/en/products/detail/rochester-electronics-llc/4024BDC/12104815,,,,,,,,,,,,,
4024BDM,National Semiconductor,BINARY COUNTER,pmic-gate-drivers,7027,1.34,-,-,Active,https://rocelec.widen.net/view/pdf/jbuqiea1uq/FAIRS32097-1.pdf?t.download=true&u=5oefqw,https://www.digikey.com/en/products/detail/rochester-electronics-llc/4024BDM/12106285,,,,,,,,,,,,,
4024BDMQB,National Semiconductor,IC BINARY COUNTER 7-BIT 16CDIP,pmic-gate-drivers,1544,1.88,"16-CDIP (0.300"", 7.62mm)",Through Hole,Active,https://rocelec.widen.net/view/pdf/unlonwi1yi/FAIRS28631-1.pdf?t.download=true&u=5oefqw,https://www.digikey.com/en/products/detail/rochester-electronics-llc/4024BDMQB/12106911,30 MHz,Up,,Binary Counter,7,1,,,,4000B,,Negative Edge,
4029BDC,National Semiconductor,DECADE COUNTER,pmic-gate-drivers,8769,3.93,-,-,Active,https://rocelec.widen.net/view/pdf/hfnrhaf5vr/FAIRS32066-1.pdf?t.download=true&u=5oefqw,https://www.digikey.com/en/products/detail/rochester-electronics-llc/4029BDC/12105716,,,,,,,,,,,,,
4040BDM,National Semiconductor,BINARY COUNTER,pmic-gate-drivers,166,6.04,-,-,Active,https://rocelec.widen.net/view/pdf/v3zrr4iu0o/FAIRS31900-1.pdf?t.download=true&u=5oefqw,https://www.digikey.com/en/products/detail/rochester-electronics-llc/4040BDM/12107113,,,,,,,,,,,,,
4510BDC,National Semiconductor,IC DECADE COUNTER 16CDIP,pmic-gate-drivers,3813,6.03,16-CDIP,Through Hole,Active,https://rocelec.widen.net/view/pdf/ix3kvjyzaw/FAIRS32785-1.pdf?t.download=true&u=5oefqw,https://www.digikey.com/en/products/detail/rochester-electronics-llc/4510BDC/12109052,15 MHz,"Up, Down",,"Counter, Decade",,,,,Asynchronous,4510B,Synchronous,Positive Edge,
4516BDC,National Semiconductor,IC COUNTER 4-BIT 16CDIP,pmic-gate-drivers,1025,3.98,"16-CDIP (0.300"", 7.62mm)",Through Hole,Active,https://rocelec.widen.net/view/pdf/26t5cqiebg/FAIRS32786-1.pdf?t.download=true&u=5oefqw,https://www.digikey.com/en/products/detail/rochester-electronics-llc/4516BDC/12109379,15 MHz,"Up, Down",,Counter,4,1,,,Asynchronous,,Synchronous,Positive Edge,
4516BDM,National Semiconductor,IC BINARY COUNTER 4-BIT 14CDIP,pmic-gate-drivers,526,5.94,"14-CDIP (0.300"", 7.62mm)",Through Hole,Active,https://rocelec.widen.net/view/pdf/vltroh94n1/FAIRS28632-1.pdf?t.download=true&u=5oefqw,https://www.digikey.com/en/products/detail/rochester-electronics-llc/4516BDM/12109439,11 MHz,"Up, Down",,Binary Counter,4,1,-55°C ~ 125°C (TA),,Synchronous,4516B,Synchronous,Positive Edge,3 V ~ 18 V
4518BDM,National Semiconductor,IC BCD COUNTER DUAL 4BIT 16CDIP,pmic-gate-drivers,2232,4.84,"16-CDIP (0.300"", 7.62mm)",Through Hole,Active,https://rocelec.widen.net/view/pdf/unlonwi1yi/FAIRS28631-1.pdf?t.download=true&u=5oefqw,https://www.digikey.com/en/products/detail/rochester-electronics-llc/4518BDM/12600623,12 MHz,Up,,"BCD Counter, Counter, Decade",4,2,,,Asynchronous,,Synchronous,"Positive, Negative",5 V ~ 15 V
4520BDMQB,National Semiconductor,IC BINARY COUNTER 4BIT 14CERDIP,pmic-gate-drivers,2000,4.9,"14-CDIP (0.300"", 7.62mm)",Through Hole,Active,https://rocelec.widen.net/view/pdf/unlonwi1yi/FAIRS28631-1.pdf?t.download=true&u=5oefqw,https://www.digikey.com/en/products/detail/rochester-electronics-llc/4520BDMQB/12110469,10 MHz,Up,,Binary Counter,4,1,,,,4000B,Synchronous,"Positive, Negative",
54161DM/B,"Rochester Electronics, LLC",4 BIT BINARY UP COUNTER,pmic-gate-drivers,690,90.48,-,-,Active,https://rocelec.widen.net/view/pdf/asqemclzem/RE_DSHEET_54161DMB-ROCV.pdf?t.download=true&u=h6ohhb,https://www.digikey.com/en/products/detail/rochester-electronics-llc/54161DM-B/12592716,,,,,,,,,,*,,,
54177J/B,"Rochester Electronics, LLC",54177J/B,pmic-gate-drivers,190,105.56,-,-,Active,,https://www.digikey.com/en/products/detail/rochester-electronics-llc/54177J-B/12710451,,,,,,,,,,*,,,
54191J/B,"Rochester Electronics, LLC",DECADE COUNTER,pmic-gate-drivers,1544,86.71,-,-,Active,https://rocelec.widen.net/view/pdf/xf6itgdcg1/RE_DSHEET_54191JB-ROCV.pdf?t.download=true&u=h6ohhb,https://www.digikey.com/en/products/detail/rochester-electronics-llc/54191J-B/12592864,,,,,,,,,,*,,,
54193/BFA,"Rochester Electronics, LLC",DUAL MARKED (M38510/01309BFA),pmic-gate-drivers,329,105.56,-,-,Active,https://rocelec.widen.net/view/pdf/jwjv0mcbdt/RE_DSHEET_54193BFA-ROCV.pdf?t.download=true&u=h6ohhb,https://www.digikey.com/en/products/detail/rochester-electronics-llc/54193-BFA/12594592,,,,,,,,,,*,,,
54196DM/B,"Rochester Electronics, LLC",54196DM/B,pmic-gate-drivers,248,103.94,-,-,Active,https://rocelec.widen.net/view/pdf/nptebkw4po/FAIRS32850-1.pdf?t.download=true&u=5oefqw,https://www.digikey.com/en/products/detail/rochester-electronics-llc/54196DM-B/12711774,,,,,,,,,,*,,,
54196FM,"Rochester Electronics, LLC",54196FM,pmic-gate-drivers,351,116.83,-,-,Active,https://rocelec.widen.net/view/pdf/nptebkw4po/FAIRS32850-1.pdf?t.download=true&u=5oefqw,https://www.digikey.com/en/products/detail/rochester-electronics-llc/54196FM/12711771,,,,,,,,,,*,,,
5490/BCA,"Rochester Electronics, LLC",5490 - DECADE COUNTER - DUAL MAR,pmic-gate-drivers,2537,85.46,-,-,Active,https://rocelec.widen.net/view/pdf/xasiz8rwnm/RE_DSHEET_5490BCA-ROCV.pdf?t.download=true&u=h6ohhb,https://www.digikey.com/en/products/detail/rochester-electronics-llc/5490-BCA/13468851,,,,,,,,,,*,,,
5492FM,National Semiconductor,DIVIDE BY 12 COUNTER,pmic-gate-drivers,18,85.63,-,-,Active,https://rocelec.widen.net/view/pdf/62z8ytjdgo/RE_DSHEET_5492FM-ROCV.pdf?t.download=true&u=h6ohhb,https://www.digikey.com/en/products/detail/rochester-electronics-llc/5492FM/12125549,,,,,,,,,,*,,,
5493/BCA,"Rochester Electronics, LLC",DUAL MARKED (M38510/01302BCA),pmic-gate-drivers,865,94.25,-,-,Active,https://rocelec.widen.net/view/pdf/c4rkzijgvz/RE_DSHEET_5493BCA-ROCV.pdf?t.download=true&u=h6ohhb,https://www.digikey.com/en/products/detail/rochester-electronics-llc/5493-BCA/12596494,,,,,,,,,,*,,,
5493/BDA,"Rochester Electronics, LLC",DUAL MARKED (M38510/01302BDA),pmic-gate-drivers,704,118.13,-,-,Active,https://rocelec.widen.net/view/pdf/9iq43qwgs0/RE_DSHEET_5493BDA-ROCV.pdf?t.download=true&u=h6ohhb,https://www.digikey.com/en/products/detail/rochester-electronics-llc/5493-BDA/12596177,,,,,,,,,,*,,,
5493ADM,"Rochester Electronics, LLC",BINARY COUNTER; 4-BIT,pmic-gate-drivers,284,78.69,-,-,Active,https://rocelec.widen.net/view/pdf/ixfpzdvt0k/RE_DSHEET_5493ADM-ROCV.pdf?t.download=true&u=h6ohhb,https://www.digikey.com/en/products/detail/rochester-electronics-llc/5493ADM/12593772,,,,,,,,,,*,,,
54ACT161/VFA-R,"Rochester Electronics, LLC","BINARY COUNTER, ACT SERIES, SYNC",pmic-gate-drivers,51,692.25,-,-,Active,https://rocelec.widen.net/view/pdf/t7hpn0ntsh/RE_DSHEET_54ACT161VFA-R-ROCA.pdf?t.download=true&u=h6ohhb,https://www.digikey.com/en/products/detail/rochester-electronics-llc/54ACT161-VFA-R/15641079,,,,,,,,,,*,,,
54ACT161JRQMLV,National Semiconductor,IC BINARY COUNTER 4-BIT 16CDIP,pmic-gate-drivers,217,328.89,"16-CDIP (0.300"", 7.62mm)",Through Hole,Active,https://rocelec.widen.net/view/pdf/wpj4bsbbwk/NATLS05333-1.pdf?t.download=true&u=5oefqw,https://www.digikey.com/en/products/detail/rochester-electronics-llc/54ACT161JRQMLV/13513634,85 MHz,Up,,Binary Counter,4,1,-55°C ~ 125°C (TA),,Asynchronous,54ACT,Synchronous,Positive Edge,4.5 V ~ 5.5 V
54ACT161WRQMLV,National Semiconductor,IC BINARY COUNTER 4-BIT 16CFP,pmic-gate-drivers,470,343.2,16-CFlatPack,Surface Mount,Active,https://rocelec.widen.net/view/pdf/wpj4bsbbwk/NATLS05333-1.pdf?t.download=true&u=5oefqw,https://www.digikey.com/en/products/detail/rochester-electronics-llc/54ACT161WRQMLV/13513644,85 MHz,Up,,Binary Counter,4,1,-55°C ~ 125°C (TA),,Asynchronous,54ACT,Synchronous,Positive Edge,4.5 V ~ 5.5 V
54ACT163WRQMLV,National Semiconductor,IC BINARY COUNTER 4-BIT 16CFP,pmic-gate-drivers,175,411.97,16-CFlatPack,Surface Mount,Active,https://rocelec.widen.net/view/pdf/dx37wnizgs/NATLS05327-1.pdf?t.download=true&u=5oefqw,https://www.digikey.com/en/products/detail/rochester-electronics-llc/54ACT163WRQMLV/13493040,90 MHz,Up,,Binary Counter,4,1,-55°C ~ 125°C (TA),,Synchronous,54ACT,Synchronous,Positive Edge,4.5 V ~ 5.5 V
54ALS162BJ/B,"Rochester Electronics, LLC",SYNCRONOUS 4-BIT DECADE COUNTERS,pmic-gate-drivers,93,93.14,-,-,Active,https://rocelec.widen.net/view/pdf/rqsawmd0zh/RE_DSHEET_54ALS162BJB-ROCV.pdf?t.download=true&u=h6ohhb,https://www.digikey.com/en/products/detail/rochester-electronics-llc/54ALS162BJ-B/12596619,,,,,,,,,,*,,,
54ALS169B-E/883,National Semiconductor,SYNCHRONOUS 4 BIT UP/DOWN COUNTE,pmic-gate-drivers,178,5.89,-,-,Active,,https://www.digikey.com/en/products/detail/rochester-electronics-llc/54ALS169B-E-883/12596647,,,,,,,,,,*,,,
54F161/B2A,"Rochester Electronics, LLC",DUAL MARKED (M38510/34301B2A),pmic-gate-drivers,906,107.94,-,-,Active,https://rocelec.widen.net/view/pdf/bkidhwsmfw/RE_DSHEET_54F161B2A.pdf?t.download=true&u=ajtcp3,https://www.digikey.com/en/products/detail/rochester-electronics-llc/54F161-B2A/12601495,,,,,,,,,,*,,,
54F161/BEA,"Rochester Electronics, LLC",DUAL MARKED (M38510/34301BEA),pmic-gate-drivers,1288,102.68,-,-,Active,https://rocelec.widen.net/view/pdf/x4ijuqgvfg/RE_DSHEET_54F161BEA.pdf?t.download=true&u=ajtcp3,https://www.digikey.com/en/products/detail/rochester-electronics-llc/54F161-BEA/12613809,,,,,,,,,,*,,,
54F161/BFA,"Rochester Electronics, LLC","54F161 - BINARY COUNTER, 4-BIT S",pmic-gate-drivers,268,115.3,-,-,Active,https://landandmaritimeapps.dla.mil/Downloads/MilSpec/Docs/MIL-M-38510/mil38510ss343.pdf,https://www.digikey.com/en/products/detail/rochester-electronics-llc/54F161-BFA/15639914,,,,,,,,,,*,,,
54F161AFMQB,National Semiconductor,IC BINARY COUNTER 4BIT 16CFLTPK,pmic-gate-drivers,100,7.33,16-CFlatPack,Surface Mount,Active,https://rocelec.widen.net/view/pdf/tlhrvi1ozv/NATLS11606-1.pdf?t.download=true&u=5oefqw,https://www.digikey.com/en/products/detail/rochester-electronics-llc/54F161AFMQB/12130545,75 MHz,Up,,Binary Counter,4,1,-55°C ~ 125°C (TA),,Asynchronous,54F,Synchronous,Positive Edge,4.5 V ~ 5.5 V
54F163/B2A,"Rochester Electronics, LLC",DUAL MARKED (M38510/34302B2A),pmic-gate-drivers,795,108.44,-,-,Active,https://rocelec.widen.net/view/pdf/f1kin3xuei/RE_DSHEET_54F163B2A.pdf?t.download=true&u=ajtcp3,https://www.digikey.com/en/products/detail/rochester-electronics-llc/54F163-B2A/12611400,,,,,,,,,,*,,,
54F163/BEA,"Rochester Electronics, LLC",DUAL MARKED (M38510/34302BEA),pmic-gate-drivers,1361,103.9,-,-,Active,https://rocelec.widen.net/view/pdf/z7bv5xazbg/RE_DSHEET_54F163BEA.pdf?t.download=true&u=ajtcp3,https://www.digikey.com/en/products/detail/rochester-electronics-llc/54F163-BEA/12611198,,,,,,,,,,*,,,
54F163ADC,National Semiconductor,IC BINARY COUNTER 4-BIT 16CDIP,pmic-gate-drivers,377,1.84,"16-CDIP (0.300"", 7.62mm)",Through Hole,Active,https://rocelec.widen.net/view/pdf/y15m5dat4y/NATLS18519-1.pdf?t.download=true&u=5oefqw,https://www.digikey.com/en/products/detail/rochester-electronics-llc/54F163ADC/12124642,75 MHz,Up,,Binary Counter,4,1,-55°C ~ 125°C (TA),,Synchronous,54F,Synchronous,Positive Edge,4.5 V ~ 5.5 V
54F169/QEA,"Rochester Electronics, LLC",DUAL MARKED (5962-8607201EA),pmic-gate-drivers,1567,124.53,-,-,Active,https://www.digikey.com//mm.digikey.com/Volume0/opasdata/d220001/medias/docus/7138/2156_596286072B.pdf,https://www.digikey.com/en/products/detail/rochester-electronics-llc/54F169-QEA/12611742,,,,,,,,,,*,,,
54F191/QFA,"Rochester Electronics, LLC",IC BINARY COUNTER 4BIT 16CFLTPK,pmic-gate-drivers,80,118.5,16-CFlatPack,Surface Mount,Obsolete,https://www.digikey.com//mm.digikey.com/Volume0/opasdata/d220001/medias/docus/7138/2156_596290582.pdf,https://www.digikey.com/en/products/detail/rochester-electronics-llc/54F191-QFA/16348936,75 MHz,"Up, Down",,Binary Counter,4,1,-55°C ~ 125°C (TA),,Asynchronous,,Synchronous,Positive Edge,4.5 V ~ 5.5 V
54F192DM,National Semiconductor,IC BCD COUNTER 4-BIT 16CDIP,pmic-gate-drivers,121,6.26,"16-CDIP (0.300"", 7.62mm)",Through Hole,Active,https://rocelec.widen.net/view/pdf/sv5vcqz9qo/NATLS05310-1.pdf?t.download=true&u=5oefqw,https://www.digikey.com/en/products/detail/rochester-electronics-llc/54F192DM/12133595,75 MHz,"Up, Down",,"BCD Counter, Decade",4,1,-55°C ~ 125°C (TA),,Asynchronous,54F,Synchronous,Positive Edge,4.5 V ~ 5.5 V
54F192DMQB,National Semiconductor,IC BCD COUNTER 4-BIT 16CDIP,pmic-gate-drivers,249,7.24,"16-CDIP (0.300"", 7.62mm)",Through Hole,Active,https://rocelec.widen.net/view/pdf/9encg7rxcr/NATLS12471-1.pdf?t.download=true&u=5oefqw,https://www.digikey.com/en/products/detail/rochester-electronics-llc/54F192DMQB/12134032,75 MHz,"Up, Down",,"BCD Counter, Decade",4,1,-55°C ~ 125°C (TA),,Asynchronous,54F,Synchronous,Positive Edge,4.5 V ~ 5.5 V
54HC160/BEA,"Rochester Electronics, LLC",DUAL MARKED (5962-8682401EA),pmic-gate-drivers,649,104.05,-,-,Active,https://rocelec.widen.net/view/pdf/esdqtrnrja/RE_DSHEET_54HC160BEA-ROCV.pdf?t.download=true&u=h6ohhb,https://www.digikey.com/en/products/detail/rochester-electronics-llc/54HC160-BEA/12600124,,,,,,,,,,*,,,
54HC162/BEA,"Rochester Electronics, LLC",DUAL MARKED (8409401EA),pmic-gate-drivers,308,103.95,-,-,Active,https://rocelec.widen.net/view/pdf/muipg2wcg2/RE_DSHEET_54HC162BEA-ROCV.pdf?t.download=true&u=h6ohhb,https://www.digikey.com/en/products/detail/rochester-electronics-llc/54HC162-BEA/12617273,,,,,,,,,,*,,,
54HC390/BEA,"Rochester Electronics, LLC",DUAL MARKED (8600901EA),pmic-gate-drivers,193,103.95,-,-,Active,https://rocelec.widen.net/view/pdf/kbyrf7r1rf/RE_DSHEET_54HC390BEA-ROCV.pdf?t.download=true&u=h6ohhb,https://www.digikey.com/en/products/detail/rochester-electronics-llc/54HC390-BEA/12617375,,,,,,,,,,*,,,
54HC390J/B,"Rochester Electronics, LLC",DUAL 4-BIT DECADE/BINARY COUNTER,pmic-gate-drivers,85,103.95,-,-,Active,https://rocelec.widen.net/view/pdf/b8exngvxjo/RE_DSHEET_54HC390JB-ROCV.pdf?t.download=true&u=h6ohhb,https://www.digikey.com/en/products/detail/rochester-electronics-llc/54HC390J-B/12613065,,,,,,,,,,*,,,
54L193W/C,"Rochester Electronics, LLC",4 BIT BINARY UP/DOWN COUNTER,pmic-gate-drivers,33,115.76,-,-,Active,https://rocelec.widen.net/view/pdf/b8ewik5hdc/RE_DSHEET_54L193WC-ROCA.pdf?t.download=true&u=h6ohhb,https://www.digikey.com/en/products/detail/rochester-electronics-llc/54L193W-C/12605721,,,,,,,,,,*,,,
54LS160A/BEA,"Rochester Electronics, LLC",DUAL MARKED (M38510/31503BEA),pmic-gate-drivers,3093,104.19,-,-,Active,https://rocelec.widen.net/view/pdf/5q7ght6njn/RE_DSHEET_54LS160ABEA-ROCS.pdf?t.download=true&u=h6ohhb,https://www.digikey.com/en/products/detail/rochester-electronics-llc/54LS160A-BEA/12710916,,,,,,,,,,*,,,
54LS162A/BEA,"Rochester Electronics, LLC",DUAL MARKED (M38510/31511BEA),pmic-gate-drivers,683,106.56,-,-,Active,https://rocelec.widen.net/view/pdf/wpo8tqk1kj/RE_DSHEET_54LS162ABEA-ROCV.pdf?t.download=true&u=h6ohhb,https://www.digikey.com/en/products/detail/rochester-electronics-llc/54LS162A-BEA/12609678,,,,,,,,,,*,,,
54LS163AFMQB,National Semiconductor,IC BINARY COUNTER 4BIT 16CFLTPK,pmic-gate-drivers,2737,1.84,16-CFlatPack,Surface Mount,Active,https://rocelec.widen.net/view/pdf/tznek0o2fs/NATLS11701-1.pdf?t.download=true&u=5oefqw,https://www.digikey.com/en/products/detail/rochester-electronics-llc/54LS163AFMQB/12103372,25 MHz,Up,,Binary Counter,4,1,-55°C ~ 125°C (TA),,Synchronous,54LS,Synchronous,Positive Edge,4.5 V ~ 5.5 V
54LS190/BEA,"Rochester Electronics, LLC",DUAL MARKED (M38510/31513BEA),pmic-gate-drivers,593,102.69,-,-,Active,https://rocelec.widen.net/view/pdf/ewcgxmnq3k/RE_DSHEET_54LS190BEA-ROCS.pdf?t.download=true&u=h6ohhb,https://www.digikey.com/en/products/detail/rochester-electronics-llc/54LS190-BEA/12603018,,,,,,,,,,*,,,
54LS190J,"Rochester Electronics, LLC",BINARY COUNTER; 4 BIT SYNCHRONOU,pmic-gate-drivers,1007,80.0,-,-,Active,https://rocelec.widen.net/view/pdf/bgtwpttgj2/RE_DSHEET_54LS190J-ROCV.pdf?t.download=true&u=h6ohhb,https://www.digikey.com/en/products/detail/rochester-electronics-llc/54LS190J/12606164,,,,,,,,,,*,,,
54LS192/BEA,"Rochester Electronics, LLC",DUAL MARKED (M38510/31507BEA),pmic-gate-drivers,120,102.78,-,-,Active,https://rocelec.widen.net/view/pdf/1slaqzglwg/RE_DSHEET_54LS192BEA-ROCV.pdf?t.download=true&u=h6ohhb,https://www.digikey.com/en/products/detail/rochester-electronics-llc/54LS192-BEA/12613676,,,,,,,,,,*,,,
54LS192/BFA,"Rochester Electronics, LLC",DUAL MARKED (M38510/31507BFA),pmic-gate-drivers,312,106.4,-,-,Active,https://rocelec.widen.net/view/pdf/zbij1sllel/RE_DSHEET_54LS192BFA-ROCV.pdf?t.download=true&u=h6ohhb,https://www.digikey.com/en/products/detail/rochester-electronics-llc/54LS192-BFA/12606135,,,,,,,,,,*,,,
54LS196W/B,"Rochester Electronics, LLC",DECADE COUNTERS,pmic-gate-drivers,115,108.06,-,-,Active,https://rocelec.widen.net/view/pdf/dfuxoojb3u/RE_DSHEET_54LS196WB-ROCV.pdf?t.download=true&u=h6ohhb,https://www.digikey.com/en/products/detail/rochester-electronics-llc/54LS196W-B/12606133,,,,,,,,,,*,,,
54LS290/BCA,"Rochester Electronics, LLC",54LS290/BCA,pmic-gate-drivers,1215,97.5,-,-,Active,https://www.digikey.com//mm.digikey.com/Volume0/opasdata/d220001/medias/docus/7138/2156_NATLS141971.pdf,https://www.digikey.com/en/products/detail/rochester-electronics-llc/54LS290-BCA/12712027,,,,,,,,,,*,,,
54LS290/BDA,"Rochester Electronics, LLC",DUAL MARKED (M38510/32003BDA),pmic-gate-drivers,1340,105.56,-,-,Active,https://rocelec.widen.net/view/pdf/2wfxegycqf/RE_DSHEET_54LS290BDA-ROCV.pdf?t.download=true&u=h6ohhb,https://www.digikey.com/en/products/detail/rochester-electronics-llc/54LS290-BDA/12613375,,,,,,,,,,*,,,
54LS293/BCA,"Rochester Electronics, LLC",DUAL MARKED (M38510/32004BCA),pmic-gate-drivers,1409,97.5,-,-,Active,https://rocelec.widen.net/view/pdf/95m4gapmi1/RE_DSHEET_54LS293BCA-ROCS.pdf?t.download=true&u=h6ohhb,https://www.digikey.com/en/products/detail/rochester-electronics-llc/54LS293-BCA/12603969,,,,,,,,,,*,,,
54LS293J/B,"Rochester Electronics, LLC","BINARY COUNTER, LS SERIES, ASYNC",pmic-gate-drivers,30,93.75,-,-,Active,https://rocelec.widen.net/view/pdf/qt0ascuob7/RE_DSHEET_54LS293JB-ROCV.pdf?t.download=true&u=h6ohhb,https://www.digikey.com/en/products/detail/rochester-electronics-llc/54LS293J-B/12611381,,,,,,,,,,*,,,
54LS691FK/B,"Rochester Electronics, LLC",54LS691FK/B,pmic-gate-drivers,142,138.09,-,-,Active,https://rocelec.widen.net/view/pdf/zadwnndouz/RE_DSHEET_54LS691FKB-ROCV.pdf?t.download=true&u=h6ohhb,https://www.digikey.com/en/products/detail/rochester-electronics-llc/54LS691FK-B/12711361,,,,,,,,,,*,,,
54LS92/BDA,"Rochester Electronics, LLC",DUAL MARKED (M38510/31510BDA),pmic-gate-drivers,320,106.83,-,-,Active,http://embed.widencdn.net/pdf/plus/rocelec/gynawzsh3j/RE_DSHEET_5490A-5492A-93A-LS90-LS92-LS93_TIS.pdf?u=5oefqw,https://www.digikey.com/en/products/detail/rochester-electronics-llc/54LS92-BDA/12617020,,,,,,,,,,*,,,
54LS92J/B,"Rochester Electronics, LLC","DIVIDE BY 12 COUNTER, LS SERIES,",pmic-gate-drivers,2586,102.81,-,-,Active,https://rocelec.widen.net/view/pdf/gynawzsh3j/RE_DSHEET_5490A-5492A-93A-LS90-LS92-LS93_TIS.pdf?t.download=true&u=5oefqw,https://www.digikey.com/en/products/detail/rochester-electronics-llc/54LS92J-B/12605109,,,,,,,,,,*,,,
5962-8672701FA,Advanced Micro Devices,IC BINARY COUNTER 4BIT 16CFLTPK,pmic-gate-drivers,340,28.3,16-CFlatPack,Surface Mount,Active,https://rocelec.widen.net/view/pdf/b0jnc55s3d/5962-86727.pdf?t.download=true&u=5oefqw,https://www.digikey.com/en/products/detail/rochester-electronics-llc/5962-8672701FA/12120378,100 MHz,Up,,Binary Counter,4,1,-55°C ~ 125°C (TA),,Asynchronous,,Synchronous,Positive Edge,4.5 V ~ 5.5 V
5962-86840012A,Texas Instruments,SN54ALS191A SYNCHRONOUS 4-BIT UP,pmic-gate-drivers,22,43.3,-,-,Active,https://rocelec.widen.net/view/pdf/kmkykilegn/sn54als191a.pdf?t.download=true&u=5oefqw,https://www.digikey.com/en/products/detail/rochester-electronics-llc/5962-86840012A/13440673,,,,,,,,,,*,,,
5962-86891012A,Texas Instruments,SN54HC191 SYNCHRONOUS 4-BIT UP/D,pmic-gate-drivers,11,51.08,-,-,Active,https://rocelec.widen.net/view/pdf/jm0ippcaen/sn54hc191.pdf?t.download=true&u=5oefqw,https://www.digikey.com/en/products/detail/rochester-electronics-llc/5962-86891012A/13513521,,,,,,,,,,*,,,
5962-8751701,Texas Instruments,"BINARY COUNTER, LS SERIES, ASYNC",pmic-gate-drivers,661,15.21,-,-,Active,https://rocelec.widen.net/view/pdf/hdlslgkwtq/TXIID004-3-1137.pdf?t.download=true&u=5oefqw,https://www.digikey.com/en/products/detail/rochester-electronics-llc/5962-8751701/13431264,,,,,,,,,,*,,,
5962-8751701EA,Texas Instruments,SN54LS590 8-BIT BINARY COUNTERS,pmic-gate-drivers,17,68.08,-,-,Active,https://rocelec.widen.net/view/pdf/uhscobpnrz/sn54ls590.pdf?t.download=true&u=5oefqw,https://www.digikey.com/en/products/detail/rochester-electronics-llc/5962-8751701EA/13431270,,,,,,,,,,*,,,
5962-87544012X,Advanced Micro Devices,IC BINARY COUNTER 4-BIT 20CLCC,pmic-gate-drivers,162,30.35,20-CLCC,Surface Mount,Active,https://rocelec.widen.net/view/pdf/co6hqd7vef/5962-87544B.pdf?t.download=true&u=5oefqw,https://www.digikey.com/en/products/detail/rochester-electronics-llc/5962-87544012X/12119891,18 MHz,"Up, Down",,Binary Counter,4,1,-55°C ~ 125°C,,Asynchronous,,Synchronous,Positive Edge,4.75 V ~ 5.25 V
5962-8762101EA,Texas Instruments,54LS592 8-BIT BINARY COUNTERS WI,pmic-gate-drivers,7,79.18,-,-,Active,https://rocelec.widen.net/view/pdf/z8vbudhe5e/sn54ls592.pdf?t.download=true&u=5oefqw,https://www.digikey.com/en/products/detail/rochester-electronics-llc/5962-8762101EA/13483844,,,,,,,,,,*,,,
5962-87724012A,Texas Instruments,BINARY COUNTER,pmic-gate-drivers,16,31.56,-,-,Active,https://rocelec.widen.net/view/pdf/o7dlpd0tur/TXII-S-A0001283617-1.pdf?t.download=true&u=5oefqw,https://www.digikey.com/en/products/detail/rochester-electronics-llc/5962-87724012A/12122292,,,,,,,,,,*,,,
5962-8862401JA,Harris Corporation,IC DIVIDER BY N 16-BIT 24CDIP,pmic-gate-drivers,167,6.04,"24-CDIP (0.600"", 15.24mm)",Through Hole,Active,https://rocelec.widen.net/view/pdf/gd2fkkqo4k/5962-88624.pdf?t.download=true&u=5oefqw,https://www.digikey.com/en/products/detail/rochester-electronics-llc/5962-8862401JA/12129678,25 MHz,Down,,Divide-by-N,16,1,-55°C ~ 125°C (TA),,Synchronous,,Synchronous,Positive Edge,4.5 V ~ 5.5 V
5962-8863401ZCC6833,Intersil,"MICROCIRCUIT, DIGITAL, HS CMOS,P",pmic-gate-drivers,20,74.03,-,-,Active,https://rocelec.widen.net/view/pdf/gd2fkkqo4k/5962-88624.pdf?t.download=true&u=5oefqw,https://www.digikey.com/en/products/detail/rochester-electronics-llc/5962-8863401ZCC6833/12608726,,,,,,,,,,*,,,
5962-8865703FA,"IDT, Integrated Device Technology Inc",IC BINARY COUNTER 4-BIT 48DIP,pmic-gate-drivers,18,41.78,"48-DIP (0.600"", 15.24mm)",Through Hole,Active,https://rocelec.widen.net/view/pdf/maqrmdaub9/IDTID012-7.5-1.pdf?t.download=true&u=5oefqw,https://www.digikey.com/en/products/detail/rochester-electronics-llc/5962-8865703FA/12122697,125 MHz,Up,,Binary Counter,4,1,-55°C ~ 125°C (TA),,Synchronous,,Synchronous,Positive Edge,4.5 V ~ 5.5 V
5962-88657042A,"IDT, Integrated Device Technology Inc",IC BINARY COUNTER 4-BIT 20LCC,pmic-gate-drivers,38,32.38,20-LCC,Surface Mount,Active,https://rocelec.widen.net/view/pdf/maqrmdaub9/IDTID012-7.5-1.pdf?t.download=true&u=5oefqw,https://www.digikey.com/en/products/detail/rochester-electronics-llc/5962-88657042A/12123087,125 MHz,Up,,Binary Counter,4,1,-55°C ~ 125°C (TA),,Synchronous,,Synchronous,Positive Edge,4.5 V ~ 5.5 V
5962-8952601KA,Texas Instruments,"BINARY COUNTER, AS SERIES,",pmic-gate-drivers,33,31.5,-,-,Active,https://rocelec.widen.net/view/pdf/mp9papwlyx/TXII-S-A0001283336-1.pdf?t.download=true&u=5oefqw,https://www.digikey.com/en/products/detail/rochester-electronics-llc/5962-8952601KA/12135506,,,,,,,,,,*,,,
5962-8952601LA,Texas Instruments,SN54AS869 SYNCHRONOUS 8-BIT UP/D,pmic-gate-drivers,42,53.44,-,-,Active,https://rocelec.widen.net/view/pdf/8o71bsfdqw/sn54as867.pdf?t.download=true&u=5oefqw,https://www.digikey.com/en/products/detail/rochester-electronics-llc/5962-8952601LA/13443262,,,,,,,,,,*,,,
5962-8966801LA,Texas Instruments,SN54AS867 SYNCHRONOUS 8-BIT UP/D,pmic-gate-drivers,176,61.03,"24-CDIP (0.300"", 7.62mm)",Through Hole,Active,https://rocelec.widen.net/view/pdf/8o71bsfdqw/sn54as867.pdf?t.download=true&u=5oefqw,https://www.digikey.com/en/products/detail/rochester-electronics-llc/5962-8966801LA/13469189,,"Up, Down",,Binary Counter,8,1,-55°C ~ 125°C (TA),,Asynchronous,54AS,Synchronous,Positive Edge,4.5 V ~ 5.5 V
5962-8977101EA,Harris Corporation,IC BINARY COUNTER 14-BIT 16CDIP,pmic-gate-drivers,22,56.21,"16-CDIP (0.300"", 7.62mm)",Through Hole,Active,https://rocelec.widen.net/view/pdf/fkymg5f09z/cd54hc4060.pdf?t.download=true&u=5oefqw,https://www.digikey.com/en/products/detail/rochester-electronics-llc/5962-8977101EA/12095632,30 MHz,,,Binary Counter,14,1,-55°C ~ 125°C (TA),,Asynchronous,,,Negative Edge,4.5 V ~ 5.5 V
5962-8989001CA,Harris Corporation,IC BINARY COUNTR DL 4BIT 14CDIP,pmic-gate-drivers,45,30.56,"14-CDIP (0.300"", 7.62mm)",Through Hole,Active,https://rocelec.widen.net/view/pdf/bonexqlbl3/cd54hc393.pdf?t.download=true&u=5oefqw,https://www.digikey.com/en/products/detail/rochester-electronics-llc/5962-8989001CA/12096148,27 MHz,Up,,Binary Counter,4,2,-55°C ~ 125°C (TA),,Asynchronous,74HCT,,Negative Edge,4.5 V ~ 5.5 V
5962-9055301EA,Texas Instruments,CD54HC40103 HIGH SPEED CMOS LOGI,pmic-gate-drivers,233,31.2,-,-,Active,https://rocelec.widen.net/view/pdf/t642991usw/cd54hc40103.pdf?t.download=true&u=5oefqw,https://www.digikey.com/en/products/detail/rochester-electronics-llc/5962-9055301EA/13447574,,,,,,,,,,*,,,
74143N,"Rochester Electronics, LLC",IC LAMP DRIVER 4-BIT,pmic-gate-drivers,311,38.54,-,-,Active,https://rocelec.widen.net/view/pdf/gcjhlezrgu/RE_DSHEET_74143N-ROCV.pdf?t.download=true&u=h6ohhb,https://www.digikey.com/en/products/detail/rochester-electronics-llc/74143N/12601288,,,,,,,,,,*,,,
74177N,"Rochester Electronics, LLC",4-BIT BINARY COUNTER,pmic-gate-drivers,1479,33.92,-,-,Active,https://rocelec.widen.net/view/pdf/d4aamg9yq0/RE_DSHEET_74177N-ROCV.pdf?t.download=true&u=h6ohhb,https://www.digikey.com/en/products/detail/rochester-electronics-llc/74177N/12604949,,,,,,,,,,*,,,
74192PC,Fairchild Semiconductor,IC DECADE COUNTER 4-BIT 16DIP,pmic-gate-drivers,3570,2.3,16-DIP,Through Hole,Active,https://rocelec.widen.net/view/pdf/8qkmdsscsl/FAIRS32847-1.pdf?t.download=true&u=5oefqw,https://www.digikey.com/en/products/detail/rochester-electronics-llc/74192PC/12594428,25 MHz,"Up, Down",,"Counter, Decade",4,1,0°C ~ 70°C (TA),,Asynchronous,,Synchronous,Positive Edge,4.75 V ~ 5.25 V
74AC11191DW,"Rochester Electronics, LLC",BINARY COUNTER,pmic-gate-drivers,737,23.88,-,-,Active,https://rocelec.widen.net/view/pdf/uff82ysq0g/RSEL-S-A0001215489-1.pdf?t.download=true&u=5oefqw,https://www.digikey.com/en/products/detail/rochester-electronics-llc/74AC11191DW/12609181,,,,,,,,,,*,,,
74AC161PC,Fairchild Semiconductor,IC BINARY COUNTER 4-BIT 16DIP,pmic-gate-drivers,11953,0.58,"16-DIP (0.300"", 7.62mm)",Through Hole,Obsolete,https://rocelec.widen.net/view/pdf/saekrtzrjx/FAIRS43919-1.pdf?t.download=true&u=5oefqw,https://www.digikey.com/en/products/detail/rochester-electronics-llc/74AC161PC/11528194,167 MHz,Up,,Binary Counter,4,1,-40°C ~ 85°C,,Asynchronous,74AC,Synchronous,Positive Edge,2 V ~ 6 V
74AC161SCX,Fairchild Semiconductor,IC BINARY COUNTER 4-BIT 16SOIC,pmic-gate-drivers,4120,0.31,"16-SOIC (0.154"", 3.90mm Width)",Surface Mount,Obsolete,https://rocelec.widen.net/view/pdf/saekrtzrjx/FAIRS43919-1.pdf?t.download=true&u=5oefqw,https://www.digikey.com/en/products/detail/rochester-electronics-llc/74AC161SCX/11537841,167 MHz,Up,,Binary Counter,4,1,-40°C ~ 85°C,,Asynchronous,74AC,Synchronous,Positive Edge,2 V ~ 6 V
74AC161SJ,Fairchild Semiconductor,IC BINARY COUNTER 4-BIT 16SOP,pmic-gate-drivers,9465,0.5,"16-SOIC (0.209"", 5.30mm Width)",Surface Mount,Obsolete,https://rocelec.widen.net/view/pdf/pl1ax9ymws/RE_DSHEET_74AC161SC_REI.pdf?t.download=true&u=5oefqw,https://www.digikey.com/en/products/detail/rochester-electronics-llc/74AC161SJ/11520134,167 MHz,Up,,Binary Counter,4,1,-40°C ~ 85°C,,Asynchronous,74AC,Synchronous,Positive Edge,2 V ~ 6 V
74AC161SJX,Fairchild Semiconductor,IC BINARY COUNTER 4-BIT 16SOP,pmic-gate-drivers,8848,0.5,"16-SOIC (0.209"", 5.30mm Width)",Surface Mount,Obsolete,https://rocelec.widen.net/view/pdf/saekrtzrjx/FAIRS43919-1.pdf?t.download=true&u=5oefqw,https://www.digikey.com/en/products/detail/rochester-electronics-llc/74AC161SJX/11514155,167 MHz,Up,,Binary Counter,4,1,-40°C ~ 85°C,,Asynchronous,74AC,Synchronous,Positive Edge,2 V ~ 6 V
74AC163PC,Fairchild Semiconductor,IC BINARY COUNTER 4-BIT 16DIP,pmic-gate-drivers,10652,0.59,"16-DIP (0.300"", 7.62mm)",Through Hole,Obsolete,https://rocelec.widen.net/view/pdf/jv7woavgqo/FAIR-S-A0001036436-1.pdf?t.download=true&u=5oefqw,https://www.digikey.com/en/products/detail/rochester-electronics-llc/74AC163PC/11554829,140 MHz,Up,,Binary Counter,4,1,-40°C ~ 85°C,,Synchronous,74AC,Synchronous,Positive Edge,2 V ~ 6 V
74AC163SC,Fairchild Semiconductor,IC BINARY COUNTER 4-BIT 16SOIC,pmic-gate-drivers,4530,0.31,"16-SOIC (0.154"", 3.90mm Width)",Surface Mount,Obsolete,https://rocelec.widen.net/view/pdf/jv7woavgqo/FAIR-S-A0001036436-1.pdf?t.download=true&u=5oefqw,https://www.digikey.com/en/products/detail/rochester-electronics-llc/74AC163SC/11513562,140 MHz,Up,,Binary Counter,4,1,-40°C ~ 85°C,,Synchronous,74AC,Synchronous,Positive Edge,2 V ~ 6 V
74AC163SCX,Fairchild Semiconductor,IC BINARY COUNTER 4-BIT 16SOIC,pmic-gate-drivers,15044,0.21,"16-SOIC (0.154"", 3.90mm Width)",Surface Mount,Obsolete,https://rocelec.widen.net/view/pdf/jv7woavgqo/FAIR-S-A0001036436-1.pdf?t.download=true&u=5oefqw,https://www.digikey.com/en/products/detail/rochester-electronics-llc/74AC163SCX/11551437,140 MHz,Up,,Binary Counter,4,1,-40°C ~ 85°C,,Synchronous,74AC,Synchronous,Positive Edge,2 V ~ 6 V
74AC163SJ,Fairchild Semiconductor,IC BINARY COUNTER 4-BIT 16SOP,pmic-gate-drivers,12569,0.5,"16-SOIC (0.209"", 5.30mm Width)",Surface Mount,Obsolete,https://rocelec.widen.net/view/pdf/jv7woavgqo/FAIR-S-A0001036436-1.pdf?t.download=true&u=5oefqw,https://www.digikey.com/en/products/detail/rochester-electronics-llc/74AC163SJ/11550598,140 MHz,Up,,Binary Counter,4,1,-40°C ~ 85°C,,Synchronous,74AC,Synchronous,Positive Edge,2 V ~ 6 V
74AC163SJX,Fairchild Semiconductor,IC BINARY COUNTER 4-BIT 16SOP,pmic-gate-drivers,2400,0.5,"16-SOIC (0.209"", 5.30mm Width)",Surface Mount,Obsolete,https://rocelec.widen.net/view/pdf/jv7woavgqo/FAIR-S-A0001036436-1.pdf?t.download=true&u=5oefqw,https://www.digikey.com/en/products/detail/rochester-electronics-llc/74AC163SJX/11543771,140 MHz,Up,,Binary Counter,4,1,-40°C ~ 85°C,,Synchronous,74AC,Synchronous,Positive Edge,2 V ~ 6 V
74AC169PC,Fairchild Semiconductor,IC BINARY COUNTER 4-BIT 16DIP,pmic-gate-drivers,5188,0.64,"16-DIP (0.300"", 7.62mm)",Through Hole,Obsolete,https://rocelec.widen.net/view/pdf/pqrdreefbb/FAIRS04014-1.pdf?t.download=true&u=5oefqw,https://www.digikey.com/en/products/detail/rochester-electronics-llc/74AC169PC/11513527,154 MHz,"Up, Down",,Binary Counter,4,1,-40°C ~ 85°C,,,74AC,Synchronous,Positive Edge,2 V ~ 6 V
74AC191MTC,Fairchild Semiconductor,IC BINARY COUNTER 4-BIT 16TSSOP,pmic-gate-drivers,83,3.61,"16-TSSOP (0.173"", 4.40mm Width)",Surface Mount,Obsolete,https://rocelec.widen.net/view/pdf/xgli06l960/FAIRS01318-1.pdf?t.download=true&u=5oefqw,https://www.digikey.com/en/products/detail/rochester-electronics-llc/74AC191MTC/11525486,133 MHz,"Up, Down",,Binary Counter,4,1,-40°C ~ 85°C,,,74AC,Synchronous,Positive Edge,2 V ~ 6 V
74AC191MTCX,Fairchild Semiconductor,IC BINARY COUNTER 4-BIT 16TSSOP,pmic-gate-drivers,13307,37.69,"16-TSSOP (0.173"", 4.40mm Width)",Surface Mount,Obsolete,https://rocelec.widen.net/view/pdf/xgli06l960/FAIRS01318-1.pdf?t.download=true&u=5oefqw,https://www.digikey.com/en/products/detail/rochester-electronics-llc/74AC191MTCX/11558367,133 MHz,"Up, Down",,Binary Counter,4,1,-40°C ~ 85°C,,,74AC,Synchronous,Positive Edge,2 V ~ 6 V
74AC191SJ,Fairchild Semiconductor,IC BINARY COUNTER 4-BIT 16SOP,pmic-gate-drivers,405,0.97,"16-SOIC (0.209"", 5.30mm Width)",Surface Mount,Obsolete,https://rocelec.widen.net/view/pdf/xgli06l960/FAIRS01318-1.pdf?t.download=true&u=5oefqw,https://www.digikey.com/en/products/detail/rochester-electronics-llc/74AC191SJ/11513374,133 MHz,"Up, Down",,Binary Counter,4,1,-40°C ~ 85°C,,,74AC,Synchronous,Positive Edge,2 V ~ 6 V
74ACT11590DW,Texas Instruments,BINARY COUNTER,pmic-gate-drivers,1500,4.41,-,-,Active,https://rocelec.widen.net/view/pdf/fjtbcugspz/TXII-S-A0002212455-1.pdf?t.download=true&u=5oefqw,https://www.digikey.com/en/products/detail/rochester-electronics-llc/74ACT11590DW/12111228,,,,,,,,,,*,,,
74ACT11593NT,Texas Instruments,BINARY COUNTER,pmic-gate-drivers,1375,0.36,-,-,Active,https://rocelec.widen.net/view/pdf/ohz49ylvzf/TXIIS88927-1.pdf?t.download=true&u=5oefqw,https://www.digikey.com/en/products/detail/rochester-electronics-llc/74ACT11593NT/12111205,,,,,,,,,,*,,,
74ACT161MTR,STMicroelectronics,IC BINARY COUNTER 4-BIT 16SO,pmic-gate-drivers,0,0.21141,"16-SOIC (0.154"", 3.90mm Width)",Surface Mount,Obsolete,https://www.digikey.com//mm.digikey.com/Volume0/opasdata/d220001/medias/docus/905/74act161.pdf,https://www.digikey.com/en/products/detail/stmicroelectronics/74ACT161MTR/1037374,290 MHz,Up,,Binary Counter,4,1,-55°C ~ 125°C,,Asynchronous,74ACT,Synchronous,Positive Edge,4.5 V ~ 5.5 V
74ACT161PC,Fairchild Semiconductor,IC BINARY COUNTER 4-BIT 16DIP,pmic-gate-drivers,25625,0.59,"16-DIP (0.300"", 7.62mm)",Through Hole,Obsolete,https://rocelec.widen.net/view/pdf/saekrtzrjx/FAIRS43919-1.pdf?t.download=true&u=5oefqw,https://www.digikey.com/en/products/detail/rochester-electronics-llc/74ACT161PC/11535627,125 MHz,Up,,Binary Counter,4,1,-40°C ~ 85°C,,Asynchronous,74ACT,Synchronous,Positive Edge,4.5 V ~ 5.5 V
74ACT161SC,Fairchild Semiconductor,IC BINARY COUNTER 4-BIT 16SOIC,pmic-gate-drivers,4304,0.31,"16-SOIC (0.154"", 3.90mm Width)",Surface Mount,Obsolete,https://rocelec.widen.net/view/pdf/saekrtzrjx/FAIRS43919-1.pdf?t.download=true&u=5oefqw,https://www.digikey.com/en/products/detail/rochester-electronics-llc/74ACT161SC/11555166,125 MHz,Up,,Binary Counter,4,1,-40°C ~ 85°C,,Asynchronous,74ACT,Synchronous,Positive Edge,4.5 V ~ 5.5 V
74ACT161SCX,Fairchild Semiconductor,IC BINARY COUNTER 4-BIT 16SOIC,pmic-gate-drivers,14985,0.31,"16-SOIC (0.154"", 3.90mm Width)",Surface Mount,Obsolete,https://rocelec.widen.net/view/pdf/saekrtzrjx/FAIRS43919-1.pdf?t.download=true&u=5oefqw,https://www.digikey.com/en/products/detail/rochester-electronics-llc/74ACT161SCX/11537856,125 MHz,Up,,Binary Counter,4,1,-40°C ~ 85°C,,Asynchronous,74ACT,Synchronous,Positive Edge,4.5 V ~ 5.5 V
74ACT161SJ,onsemi,IC BINARY COUNTER 4-BIT 16SOP,pmic-gate-drivers,0,0.43511,"16-SOIC (0.209"", 5.30mm Width)",Surface Mount,Obsolete,https://www.digikey.com//mm.digikey.com/Volume0/opasdata/d220001/medias/docus/2526/74AC161%2C%2074ACT161.pdf,https://www.digikey.com/en/products/detail/onsemi/74ACT161SJ/974455,125 MHz,Up,,Binary Counter,4,1,-40°C ~ 85°C,,Asynchronous,74ACT,Synchronous,Positive Edge,4.5 V ~ 5.5 V
74ACT161SJX,Fairchild Semiconductor,IC BINARY COUNTER 4-BIT 16SOP,pmic-gate-drivers,3730,0.46,"16-SOIC (0.209"", 5.30mm Width)",Surface Mount,Obsolete,https://rocelec.widen.net/view/pdf/saekrtzrjx/FAIRS43919-1.pdf?t.download=true&u=5oefqw,https://www.digikey.com/en/products/detail/rochester-electronics-llc/74ACT161SJX/11543662,125 MHz,Up,,Binary Counter,4,1,-40°C ~ 85°C,,Asynchronous,74ACT,Synchronous,Positive Edge,4.5 V ~ 5.5 V
74ACT163MTCX,onsemi,IC BINARY COUNTER 4-BIT 16TSSOP,pmic-gate-drivers,0,0.20131,"16-TSSOP (0.173"", 4.40mm Width)",Surface Mount,Obsolete,https://www.digikey.com//mm.digikey.com/Volume0/opasdata/d220001/medias/docus/2415/74AC163%2C%2074ACT163.pdf,https://www.digikey.com/en/products/detail/onsemi/74ACT163MTCX/976114,140 MHz,Up,,Binary Counter,4,1,-40°C ~ 85°C,,Synchronous,74ACT,Synchronous,Positive Edge,4.5 V ~ 5.5 V
74ACT163PC,Fairchild Semiconductor,IC BINARY COUNTER 4-BIT 16DIP,pmic-gate-drivers,18075,0.73,"16-DIP (0.300"", 7.62mm)",Through Hole,Obsolete,https://rocelec.widen.net/view/pdf/jv7woavgqo/FAIR-S-A0001036436-1.pdf?t.download=true&u=5oefqw,https://www.digikey.com/en/products/detail/rochester-electronics-llc/74ACT163PC/11540150,140 MHz,Up,,Binary Counter,4,1,-40°C ~ 85°C,,Synchronous,74ACT,Synchronous,Positive Edge,4.5 V ~ 5.5 V
74ACT163SC,Fairchild Semiconductor,IC BINARY COUNTER 4-BIT 16SOIC,pmic-gate-drivers,15074,0.31,"16-SOIC (0.154"", 3.90mm Width)",Surface Mount,Obsolete,https://rocelec.widen.net/view/pdf/jv7woavgqo/FAIR-S-A0001036436-1.pdf?t.download=true&u=5oefqw,https://www.digikey.com/en/products/detail/rochester-electronics-llc/74ACT163SC/11553333,140 MHz,Up,,Binary Counter,4,1,-40°C ~ 85°C,,Synchronous,74ACT,Synchronous,Positive Edge,4.5 V ~ 5.5 V
74ACT163SCX,Fairchild Semiconductor,IC BINARY COUNTER 4-BIT 16SOIC,pmic-gate-drivers,118335,0.3,"16-SOIC (0.154"", 3.90mm Width)",Surface Mount,Obsolete,https://rocelec.widen.net/view/pdf/jv7woavgqo/FAIR-S-A0001036436-1.pdf?t.download=true&u=5oefqw,https://www.digikey.com/en/products/detail/rochester-electronics-llc/74ACT163SCX/11535707,140 MHz,Up,,Binary Counter,4,1,-40°C ~ 85°C,,Synchronous,74ACT,Synchronous,Positive Edge,4.5 V ~ 5.5 V
74ACT163SJ,Fairchild Semiconductor,IC BINARY COUNTER 4-BIT 16SOP,pmic-gate-drivers,940,0.5,"16-SOIC (0.209"", 5.30mm Width)",Surface Mount,Obsolete,https://rocelec.widen.net/view/pdf/jv7woavgqo/FAIR-S-A0001036436-1.pdf?t.download=true&u=5oefqw,https://www.digikey.com/en/products/detail/rochester-electronics-llc/74ACT163SJ/11523152,140 MHz,Up,,Binary Counter,4,1,-40°C ~ 85°C,,Synchronous,74ACT,Synchronous,Positive Edge,4.5 V ~ 5.5 V
74ACT163SJX,onsemi,IC BINARY COUNTER 4-BIT 16SOP,pmic-gate-drivers,0,0.23235,"16-SOIC (0.209"", 5.30mm Width)",Surface Mount,Obsolete,https://www.digikey.com//mm.digikey.com/Volume0/opasdata/d220001/medias/docus/2415/74AC163%2C%2074ACT163.pdf,https://www.digikey.com/en/products/detail/onsemi/74ACT163SJX/978032,140 MHz,Up,,Binary Counter,4,1,-40°C ~ 85°C,,Synchronous,74ACT,Synchronous,Positive Edge,4.5 V ~ 5.5 V
74ACT163TTR,STMicroelectronics,IC BINARY COUNTER 4-BIT 16TSSOP,pmic-gate-drivers,0,0.34303,"16-TSSOP (0.173"", 4.40mm Width)",Surface Mount,Obsolete,https://www.digikey.com//mm.digikey.com/Volume0/opasdata/d220001/medias/docus/1068/74act163.pdf,https://www.digikey.com/en/products/detail/stmicroelectronics/74ACT163TTR/1037376,250 MHz,Up,,Binary Counter,4,1,-55°C ~ 125°C,,Synchronous,74ACT,Synchronous,Positive Edge,4.5 V ~ 5.5 V
74AHC1G4208GW-Q10H,Nexperia USA Inc.,IC DIVIDER BY 2 8-BIT 5TSSOP,pmic-gate-drivers,2100,0.48,"5-TSSOP, SC-70-5, SOT-353",Surface Mount,Active,https://assets.nexperia.com/documents/data-sheet/74AHC1G4208_Q100.pdf,https://www.digikey.com/en/products/detail/nexperia-usa-inc/74AHC1G4208GW-Q10H/11205883,,Up,Automotive,Divide-by-256,8,1,-40°C ~ 125°C (TA),AEC-Q100,,74AHC,,Negative Edge,2 V ~ 5.5 V
74AHC1G4208GWH,Nexperia USA Inc.,IC DIVIDER BY 256 8-BIT 5TSSOP,pmic-gate-drivers,3100,0.41,"5-TSSOP, SC-70-5, SOT-353",Surface Mount,Active,https://assets.nexperia.com/documents/data-sheet/74AHC1G4208.pdf,https://www.digikey.com/en/products/detail/nexperia-usa-inc/74AHC1G4208GWH/10416459,,Up,,Divide-by-256,8,1,-40°C ~ 125°C (TA),,,74AHC,,Negative Edge,2 V ~ 5.5 V
74AHC1G4210GW-Q10H,Nexperia USA Inc.,IC DIVIDER 10-BIT 5TSSOP,pmic-gate-drivers,11097,0.48,"5-TSSOP, SC-70-5, SOT-353",Surface Mount,Active,https://assets.nexperia.com/documents/data-sheet/74AHC1G4210_Q100.pdf,https://www.digikey.com/en/products/detail/nexperia-usa-inc/74AHC1G4210GW-Q10H/9671433,,Up,Automotive,Divide-by-1024,10,1,-40°C ~ 125°C (TA),AEC-Q100,,74AHC,,Negative Edge,2 V ~ 5.5 V
74AHC1G4210GWH,Nexperia USA Inc.,IC DIVIDER 10-BIT 5TSSOP,pmic-gate-drivers,19801,0.41,"5-TSSOP, SC-70-5, SOT-353",Surface Mount,Active,https://assets.nexperia.com/documents/data-sheet/74AHC1G4210.pdf,https://www.digikey.com/en/products/detail/nexperia-usa-inc/74AHC1G4210GWH/7495486,,Up,,Divide-by-1024,10,1,-40°C ~ 125°C (TA),,,74AHC,,Negative Edge,2 V ~ 5.5 V
74AHC1G4212GW-Q10H,Nexperia USA Inc.,IC DIVIDER BY 2 12-BIT 5TSSOP,pmic-gate-drivers,5380,0.48,"5-TSSOP, SC-70-5, SOT-353",Surface Mount,Active,https://assets.nexperia.com/documents/data-sheet/74AHC1G4212_Q100.pdf,https://www.digikey.com/en/products/detail/nexperia-usa-inc/74AHC1G4212GW-Q10H/9671432,,Up,Automotive,Divide-by-4096,12,1,-40°C ~ 125°C (TA),AEC-Q100,,74AHC,,Negative Edge,2 V ~ 5.5 V
74AHC1G4212GWH,Nexperia USA Inc.,IC DIVIDER BY 2 12-BIT 5TSSOP,pmic-gate-drivers,3760,0.41,"5-TSSOP, SC-70-5, SOT-353",Surface Mount,Active,https://assets.nexperia.com/documents/data-sheet/74AHC1G4212.pdf,https://www.digikey.com/en/products/detail/nexperia-usa-inc/74AHC1G4212GWH/7495487,,Up,,Divide-by-4096,12,1,-40°C ~ 125°C (TA),,,74AHC,,Negative Edge,2 V ~ 5.5 V
74AHC1G4214GW-Q10H,Nexperia USA Inc.,IC DIVIDER BY 2 14-BIT 5TSSOP,pmic-gate-drivers,5751,0.48,"5-TSSOP, SC-70-5, SOT-353",Surface Mount,Active,https://assets.nexperia.com/documents/data-sheet/74AHC1G4214_Q100.pdf,https://www.digikey.com/en/products/detail/nexperia-usa-inc/74AHC1G4214GW-Q10H/9671431,,Up,Automotive,Divide-by-16384,14,1,-40°C ~ 125°C (TA),AEC-Q100,,74AHC,,Negative Edge,2 V ~ 5.5 V
74AHC1G4214GWH,Nexperia USA Inc.,IC DIVIDER BY 2 14-BIT 5TSSOP,pmic-gate-drivers,5910,0.41,"5-TSSOP, SC-70-5, SOT-353",Surface Mount,Active,https://assets.nexperia.com/documents/data-sheet/74AHC1G4214.pdf,https://www.digikey.com/en/products/detail/nexperia-usa-inc/74AHC1G4214GWH/7495488,,Up,,Divide-by-16384,14,1,-40°C ~ 125°C (TA),,,74AHC,,Negative Edge,2 V ~ 5.5 V
74AHC1G4215GW-Q10H,Nexperia USA Inc.,IC DIVIDER BY 2 15-BIT 5TSSOP,pmic-gate-drivers,0,0.22315,"5-TSSOP, SC-70-5, SOT-353",Surface Mount,Active,https://assets.nexperia.com/documents/data-sheet/74AHC1G4215_Q100.pdf,https://www.digikey.com/en/products/detail/nexperia-usa-inc/74AHC1G4215GW-Q10H/11205880,,Up,Automotive,Divide-by-32768,15,1,-40°C ~ 125°C (TA),AEC-Q100,,74AHC,,Negative Edge,2 V ~ 5.5 V
74AHC1G4215GWH,Nexperia USA Inc.,IC DIVIDER BY 2 15-BIT 5TSSOP,pmic-gate-drivers,1446,0.41,"5-TSSOP, SC-70-5, SOT-353",Surface Mount,Active,https://assets.nexperia.com/documents/data-sheet/74AHC1G4215.pdf,https://www.digikey.com/en/products/detail/nexperia-usa-inc/74AHC1G4215GWH/10416460,,Up,,Divide-by-32768,15,1,-40°C ~ 125°C (TA),,,74AHC,,Negative Edge,2 V ~ 5.5 V
74F160APC,onsemi,IC DECADE COUNTER 4-BIT 16DIP,pmic-gate-drivers,0,0.5324,"16-DIP (0.300"", 7.62mm)",Through Hole,Obsolete,https://www.digikey.com//mm.digikey.com/Volume0/opasdata/d220001/medias/docus/1127/74F160%2C162.pdf,https://www.digikey.com/en/products/detail/onsemi/74F160APC/32687,120 MHz,Up,,"Counter, Decade",4,1,0°C ~ 70°C,,Asynchronous,74F,Synchronous,Positive Edge,4.5 V ~ 5.5 V
74F160ASJX,Fairchild Semiconductor,IC DECADE COUNTER 4-BIT 16SOP,pmic-gate-drivers,3926,0.31,"16-SOIC (0.209"", 5.30mm Width)",Surface Mount,Active,https://rocelec.widen.net/view/pdf/uksu7fmpi7/FAIRS08381-1.pdf?t.download=true&u=5oefqw,https://www.digikey.com/en/products/detail/rochester-electronics-llc/74F160ASJX/12115235,120 MHz,Up,,"Counter, Decade",4,1,0°C ~ 70°C (TA),,Asynchronous,74F,Synchronous,Positive Edge,4.5 V ~ 5.5 V
74F161ASC,Fairchild Semiconductor,IC BINARY COUNTER 4-BIT 16SOIC,pmic-gate-drivers,3303,0.48,"16-SOIC (0.154"", 3.90mm Width)",Surface Mount,Obsolete,https://rocelec.widen.net/view/pdf/gjyghy29ub/FAIRS24903-1.pdf?t.download=true&u=5oefqw,https://www.digikey.com/en/products/detail/rochester-electronics-llc/74F161ASC/11552860,120 MHz,Up,,Binary Counter,4,1,0°C ~ 70°C,,Asynchronous,74F,Synchronous,Positive Edge,4.5 V ~ 5.5 V
74F161ASCX,Fairchild Semiconductor,IC BINARY COUNTER 4-BIT 16SOIC,pmic-gate-drivers,13501,0.48,"16-SOIC (0.154"", 3.90mm Width)",Surface Mount,Obsolete,https://rocelec.widen.net/view/pdf/gjyghy29ub/FAIRS24903-1.pdf?t.download=true&u=5oefqw,https://www.digikey.com/en/products/detail/rochester-electronics-llc/74F161ASCX/11556965,120 MHz,Up,,Binary Counter,4,1,0°C ~ 70°C,,Asynchronous,74F,Synchronous,Positive Edge,4.5 V ~ 5.5 V
74F161ASJ,Fairchild Semiconductor,IC BINARY COUNTER 4-BIT 16SOP,pmic-gate-drivers,5088,1.12,"16-SOIC (0.209"", 5.30mm Width)",Surface Mount,Obsolete,https://rocelec.widen.net/view/pdf/gjyghy29ub/FAIRS24903-1.pdf?t.download=true&u=5oefqw,https://www.digikey.com/en/products/detail/rochester-electronics-llc/74F161ASJ/11549157,120 MHz,Up,,Binary Counter,4,1,0°C ~ 70°C,,Asynchronous,74F,Synchronous,Positive Edge,4.5 V ~ 5.5 V
74F161ASJX,Fairchild Semiconductor,IC BINARY COUNTER 4-BIT 16SOP,pmic-gate-drivers,63133,0.74,"16-SOIC (0.209"", 5.30mm Width)",Surface Mount,Obsolete,https://rocelec.widen.net/view/pdf/gjyghy29ub/FAIRS24903-1.pdf?t.download=true&u=5oefqw,https://www.digikey.com/en/products/detail/rochester-electronics-llc/74F161ASJX/11515864,120 MHz,Up,,Binary Counter,4,1,0°C ~ 70°C,,Asynchronous,74F,Synchronous,Positive Edge,4.5 V ~ 5.5 V
74F162APC,Fairchild Semiconductor,IC DECADE COUNTER 4-BIT 16DIP,pmic-gate-drivers,2474,2.49,"16-DIP (0.300"", 7.62mm)",Through Hole,Obsolete,https://rocelec.widen.net/view/pdf/3al5wm5aft/FAIRS22165-1.pdf?t.download=true&u=5oefqw,https://www.digikey.com/en/products/detail/rochester-electronics-llc/74F162APC/11515879,120 MHz,Up,,"Counter, Decade",4,1,0°C ~ 70°C,,Asynchronous,74F,Synchronous,Positive Edge,4.5 V ~ 5.5 V
74F163APC,Fairchild Semiconductor,IC BINARY COUNTER 4-BIT 16DIP,pmic-gate-drivers,2381,0.55,"16-DIP (0.300"", 7.62mm)",Through Hole,Obsolete,https://rocelec.widen.net/view/pdf/gjyghy29ub/FAIRS24903-1.pdf?t.download=true&u=5oefqw,https://www.digikey.com/en/products/detail/rochester-electronics-llc/74F163APC/11510869,120 MHz,Up,,Binary Counter,4,1,0°C ~ 70°C,,Synchronous,74F,Synchronous,Positive Edge,4.5 V ~ 5.5 V
74F163ASC,Fairchild Semiconductor,IC BINARY COUNTER 4-BIT 16SOIC,pmic-gate-drivers,7313,0.28,"16-SOIC (0.154"", 3.90mm Width)",Surface Mount,Obsolete,https://rocelec.widen.net/view/pdf/gjyghy29ub/FAIRS24903-1.pdf?t.download=true&u=5oefqw,https://www.digikey.com/en/products/detail/rochester-electronics-llc/74F163ASC/11550422,120 MHz,Up,,Binary Counter,4,1,0°C ~ 70°C,,Synchronous,74F,Synchronous,Positive Edge,4.5 V ~ 5.5 V
74F163ASCX,Fairchild Semiconductor,IC BINARY COUNTER 4-BIT 16SOIC,pmic-gate-drivers,10952,0.28,"16-SOIC (0.154"", 3.90mm Width)",Surface Mount,Obsolete,https://rocelec.widen.net/view/pdf/gjyghy29ub/FAIRS24903-1.pdf?t.download=true&u=5oefqw,https://www.digikey.com/en/products/detail/rochester-electronics-llc/74F163ASCX/11556647,120 MHz,Up,,Binary Counter,4,1,0°C ~ 70°C,,Synchronous,74F,Synchronous,Positive Edge,4.5 V ~ 5.5 V
74F163ASJ,Fairchild Semiconductor,IC BINARY COUNTER 4-BIT 16SOP,pmic-gate-drivers,9208,0.43,"16-SOIC (0.209"", 5.30mm Width)",Surface Mount,Obsolete,https://rocelec.widen.net/view/pdf/gjyghy29ub/FAIRS24903-1.pdf?t.download=true&u=5oefqw,https://www.digikey.com/en/products/detail/rochester-electronics-llc/74F163ASJ/11555339,120 MHz,Up,,Binary Counter,4,1,0°C ~ 70°C,,Synchronous,74F,Synchronous,Positive Edge,4.5 V ~ 5.5 V
74F163ASJX,Fairchild Semiconductor,IC BINARY COUNTER 4-BIT 16SOP,pmic-gate-drivers,4000,0.43,"16-SOIC (0.209"", 5.30mm Width)",Surface Mount,Obsolete,https://rocelec.widen.net/view/pdf/gjyghy29ub/FAIRS24903-1.pdf?t.download=true&u=5oefqw,https://www.digikey.com/en/products/detail/rochester-electronics-llc/74F163ASJX/11548588,120 MHz,Up,,Binary Counter,4,1,0°C ~ 70°C,,Synchronous,74F,Synchronous,Positive Edge,4.5 V ~ 5.5 V
74F169PC,Fairchild Semiconductor,IC BINARY COUNTER 4-BIT 16DIP,pmic-gate-drivers,9486,0.59,"16-DIP (0.300"", 7.62mm)",Through Hole,Obsolete,https://rocelec.widen.net/view/pdf/6eqtjkgoiw/FAIRS01390-1.pdf?t.download=true&u=5oefqw,https://www.digikey.com/en/products/detail/rochester-electronics-llc/74F169PC/11537497,90 MHz,"Up, Down",,Binary Counter,4,1,0°C ~ 70°C,,,74F,,Positive Edge,4.5 V ~ 5.5 V
74F169SC,Fairchild Semiconductor,IC BINARY COUNTER 4-BIT 16SOIC,pmic-gate-drivers,8144,0.59,"16-SOIC (0.154"", 3.90mm Width)",Surface Mount,Obsolete,https://rocelec.widen.net/view/pdf/6eqtjkgoiw/FAIRS01390-1.pdf?t.download=true&u=5oefqw,https://www.digikey.com/en/products/detail/rochester-electronics-llc/74F169SC/11542575,90 MHz,"Up, Down",,Binary Counter,4,1,0°C ~ 70°C,,,74F,,Positive Edge,4.5 V ~ 5.5 V
74F169SCX,Fairchild Semiconductor,IC BINARY COUNTER 4-BIT 16SOIC,pmic-gate-drivers,2500,0.59,"16-SOIC (0.154"", 3.90mm Width)",Surface Mount,Obsolete,https://rocelec.widen.net/view/pdf/6eqtjkgoiw/FAIRS01390-1.pdf?t.download=true&u=5oefqw,https://www.digikey.com/en/products/detail/rochester-electronics-llc/74F169SCX/11543340,90 MHz,"Up, Down",,Binary Counter,4,1,0°C ~ 70°C,,,74F,,Positive Edge,4.5 V ~ 5.5 V
74F169SJ,Fairchild Semiconductor,IC BINARY COUNTER 4-BIT 16SOP,pmic-gate-drivers,2037,0.84,"16-SOIC (0.209"", 5.30mm Width)",Surface Mount,Obsolete,https://rocelec.widen.net/view/pdf/6eqtjkgoiw/FAIRS01390-1.pdf?t.download=true&u=5oefqw,https://www.digikey.com/en/products/detail/rochester-electronics-llc/74F169SJ/11515592,90 MHz,"Up, Down",,Binary Counter,4,1,0°C ~ 70°C,,,74F,,Positive Edge,4.5 V ~ 5.5 V
74F169SJX,Fairchild Semiconductor,IC BINARY COUNTER 4-BIT 16SOP,pmic-gate-drivers,4683,0.84,"16-SOIC (0.209"", 5.30mm Width)",Surface Mount,Obsolete,https://rocelec.widen.net/view/pdf/6eqtjkgoiw/FAIRS01390-1.pdf?t.download=true&u=5oefqw,https://www.digikey.com/en/products/detail/rochester-electronics-llc/74F169SJX/11520795,90 MHz,"Up, Down",,Binary Counter,4,1,0°C ~ 70°C,,,74F,,Positive Edge,4.5 V ~ 5.5 V
74F190SC,Fairchild Semiconductor,IC DECADE COUNTER 4-BIT 16SOIC,pmic-gate-drivers,3072,1.66,"16-SOIC (0.154"", 3.90mm Width)",Surface Mount,Active,https://rocelec.widen.net/view/pdf/87polofjs3/FAIRS32123-1.pdf?t.download=true&u=5oefqw,https://www.digikey.com/en/products/detail/rochester-electronics-llc/74F190SC/12116674,125 MHz,"Up, Down",,"Counter, Decade",4,1,0°C ~ 70°C (TA),,Asynchronous,74F,Synchronous,Positive Edge,4.5 V ~ 5.5 V
74F191PC,Fairchild Semiconductor,IC COUNTER DECADE UP/DOWN 16-DIP,pmic-gate-drivers,25468,40.19,"16-DIP (0.300"", 7.62mm)",Through Hole,Active,https://rocelec.widen.net/view/pdf/xzyccddlao/NATLS12470-1.pdf?t.download=true&u=5oefqw,https://www.digikey.com/en/products/detail/rochester-electronics-llc/74F191PC/15642574,125 MHz,"Up, Down",,Binary Counter,4,1,0°C ~ 70°C (TA),,Asynchronous,74F,Synchronous,Positive Edge,
74F191SJ,Fairchild Semiconductor,IC BINARY COUNTER 4-BIT 16SOP,pmic-gate-drivers,2448,1.35,"16-SOIC (0.209"", 5.30mm Width)",Surface Mount,Obsolete,https://rocelec.widen.net/view/pdf/c9bsr7ttmn/FAIRS24899-1.pdf?t.download=true&u=5oefqw,https://www.digikey.com/en/products/detail/rochester-electronics-llc/74F191SJ/11557343,100 MHz,"Up, Down",,Binary Counter,4,1,0°C ~ 70°C,,Asynchronous,74F,Synchronous,Positive Edge,4.5 V ~ 5.5 V
74F192SJ,Fairchild Semiconductor,IC DECADE COUNTER 4-BIT 16SOP,pmic-gate-drivers,2961,3.26,"16-SOIC (0.209"", 5.30mm Width)",Surface Mount,Active,https://rocelec.widen.net/view/pdf/efg9cgoszn/FAIRS01903-1.pdf?t.download=true&u=5oefqw,https://www.digikey.com/en/products/detail/rochester-electronics-llc/74F192SJ/12115285,125 MHz,"Up, Down",,"Counter, Decade",4,1,0°C ~ 70°C (TA),,Asynchronous,74F,Synchronous,Positive Edge,4.5 V ~ 5.5 V
74F193SJ,Fairchild Semiconductor,IC BINARY COUNTER 4-BIT 16SOP,pmic-gate-drivers,2010,2.63,"16-SOIC (0.209"", 5.30mm Width)",Surface Mount,Obsolete,https://rocelec.widen.net/view/pdf/vqpnmrp6jw/FAIRS01392-1.pdf?t.download=true&u=5oefqw,https://www.digikey.com/en/products/detail/rochester-electronics-llc/74F193SJ/11525059,125 MHz,"Up, Down",,Binary Counter,4,1,0°C ~ 70°C,,Asynchronous,74F,,Positive Edge,4.5 V ~ 5.5 V
74F269SPC,onsemi,IC BINARY COUNTER 8-BIT 24DIP,pmic-gate-drivers,0,36.8,"24-DIP (0.300"", 7.62mm)",Through Hole,Obsolete,https://www.digikey.com//mm.digikey.com/Volume0/opasdata/d220001/medias/docus/1049/74F269%2CRev.April07.pdf,https://www.digikey.com/en/products/detail/onsemi/74F269SPC/32802,100 MHz,"Up, Down",,Binary Counter,8,1,0°C ~ 70°C,,,74F,,Positive Edge,4.5 V ~ 5.5 V
74F779PC,onsemi,IC BINARY COUNTER 8-BIT 16DIP,pmic-gate-drivers,0,4.86,"16-DIP (0.300"", 7.62mm)",Through Hole,Obsolete,https://www.digikey.com//mm.digikey.com/Volume0/opasdata/d220001/medias/docus/966/74F779.pdf,https://www.digikey.com/en/products/detail/onsemi/74F779PC/147946,100 MHz,"Up, Down",,Binary Counter,8,1,0°C ~ 70°C,,Asynchronous,74F,,Positive Edge,4.5 V ~ 5.5 V
"74HC160D,652",NXP Semiconductors,NEXPERIA 74HC160D - DECADE COUNT,pmic-gate-drivers,3400,0.76,-,-,Active,https://assets.nexperia.com/documents/data-sheet/74HC160.pdf,https://www.digikey.com/en/products/detail/rochester-electronics-llc/74HC160D-652/15642203,,,,,,,,,,*,,,
"74HC160D,653",Nexperia USA Inc.,IC DECADE COUNTER 4-BIT 16SO,pmic-gate-drivers,0,0.66,"16-SOIC (0.154"", 3.90mm Width)",Surface Mount,Obsolete,https://assets.nexperia.com/documents/data-sheet/74HC160.pdf,https://www.digikey.com/en/products/detail/nexperia-usa-inc/74HC160D-653/1230113,66 MHz,Up,,"Counter, Decade",4,1,-40°C ~ 125°C,,Asynchronous,74HC,Synchronous,Positive Edge,2 V ~ 6 V
"74HC160DB,112",Nexperia USA Inc.,IC DECADE COUNTER 4-BIT 16SSOP,pmic-gate-drivers,7369,1.0,"16-SSOP (0.209"", 5.30mm Width)",Surface Mount,Obsolete,https://assets.nexperia.com/documents/data-sheet/74HC160.pdf,https://www.digikey.com/en/products/detail/rochester-electronics-llc/74HC160DB-112/11511719,66 MHz,Up,,"Counter, Decade",4,1,-40°C ~ 125°C,,Asynchronous,74HC,Synchronous,Positive Edge,2 V ~ 6 V
"74HC160DB,118",Nexperia USA Inc.,IC DECADE COUNTER 4-BIT 16SSOP,pmic-gate-drivers,0,0.30498,"16-SSOP (0.209"", 5.30mm Width)",Surface Mount,Obsolete,https://assets.nexperia.com/documents/data-sheet/74HC160.pdf,https://www.digikey.com/en/products/detail/nexperia-usa-inc/74HC160DB-118/1230112,66 MHz,Up,,"Counter, Decade",4,1,-40°C ~ 125°C,,Asynchronous,74HC,Synchronous,Positive Edge,2 V ~ 6 V
74HC160FP-E,Renesas Electronics Corporation,IC DECADE COUNTER 4-BIT,pmic-gate-drivers,2786,1.22,-,-,Active,https://rocelec.widen.net/view/pdf/l0ykabaerh/RNCCS19299-1.pdf,https://www.digikey.com/en/products/detail/rochester-electronics-llc/74HC160FP-E/12599964,66 MHz,Up,,"Counter, Decade",4,1,-40°C ~ 125°C,,Asynchronous,74HC,Synchronous,Positive Edge,2 V ~ 6 V
"74HC160PW,112",Nexperia USA Inc.,IC DECADE COUNTER 4-BIT 16TSSOP,pmic-gate-drivers,12188,0.71,"16-TSSOP (0.173"", 4.40mm Width)",Surface Mount,Obsolete,https://rocelec.widen.net/view/pdf/hjp4pchdir/PHGLS11391-1.pdf?t.download=true&u=5oefqw,https://www.digikey.com/en/products/detail/rochester-electronics-llc/74HC160PW-112/11510001,66 MHz,Up,,"Counter, Decade",4,1,-40°C ~ 125°C,,Asynchronous,74HC,Synchronous,Positive Edge,2 V ~ 6 V
"74HC160PW,118",Nexperia USA Inc.,IC DECADE COUNTER 4-BIT 16TSSOP,pmic-gate-drivers,11298,0.71,"16-TSSOP (0.173"", 4.40mm Width)",Surface Mount,Obsolete,https://rocelec.widen.net/view/pdf/hjp4pchdir/PHGLS11391-1.pdf?t.download=true&u=5oefqw,https://www.digikey.com/en/products/detail/rochester-electronics-llc/74HC160PW-118/11536602,66 MHz,Up,,"Counter, Decade",4,1,-40°C ~ 125°C,,Asynchronous,74HC,Synchronous,Positive Edge,2 V ~ 6 V
"74HC161D,653",Nexperia USA Inc.,IC BINARY COUNTER 4-BIT 16SO,pmic-gate-drivers,0,0.32,"16-SOIC (0.154"", 3.90mm Width)",Surface Mount,Active,https://assets.nexperia.com/documents/data-sheet/74HC161.pdf,https://www.digikey.com/en/products/detail/nexperia-usa-inc/74HC161D-653/1230119,48 MHz,Up,,Binary Counter,4,1,-40°C ~ 125°C,,Asynchronous,74HC,Synchronous,Positive Edge,2 V ~ 6 V
74HC161D-Q100J,Nexperia USA Inc.,IC BINARY COUNTER 4-BIT 16SO,pmic-gate-drivers,625,0.48,"16-SOIC (0.154"", 3.90mm Width)",Surface Mount,Active,https://assets.nexperia.com/documents/data-sheet/74HC161_Q100.pdf,https://www.digikey.com/en/products/detail/nexperia-usa-inc/74HC161D-Q100J/5035660,48 MHz,Up,Automotive,Binary Counter,4,1,-40°C ~ 125°C,AEC-Q100,Asynchronous,74HC,Synchronous,Positive Edge,2 V ~ 6 V
"74HC161DB,112",Nexperia USA Inc.,IC BINARY COUNTER 4-BIT 16SSOP,pmic-gate-drivers,3276,1.06,"16-SSOP (0.209"", 5.30mm Width)",Surface Mount,Active,https://assets.nexperia.com/documents/data-sheet/74HC161.pdf,https://www.digikey.com/en/products/detail/rochester-electronics-llc/74HC161DB-112/12596833,48 MHz,Up,,Binary Counter,4,1,-40°C ~ 125°C,,Asynchronous,74HC,Synchronous,Positive Edge,2 V ~ 6 V
"74HC161DB,118",Nexperia USA Inc.,IC BINARY COUNTER 4-BIT 16SSOP,pmic-gate-drivers,0,0.32054,"16-SSOP (0.209"", 5.30mm Width)",Surface Mount,Obsolete,https://assets.nexperia.com/documents/data-sheet/74HC161.pdf,https://www.digikey.com/en/products/detail/nexperia-usa-inc/74HC161DB-118/1230118,48 MHz,Up,,Binary Counter,4,1,-40°C ~ 125°C,,Asynchronous,74HC,Synchronous,Positive Edge,2 V ~ 6 V
74HC161FP-E,Renesas Electronics Corporation,IC BINARY COUNTER 4-BIT,pmic-gate-drivers,2445,0.95,-,-,Active,https://rocelec.widen.net/view/pdf/l0ykabaerh/RNCCS19299-1.pdf,https://www.digikey.com/en/products/detail/rochester-electronics-llc/74HC161FP-E/12605312,48 MHz,Up,,Binary Counter,4,1,-40°C ~ 125°C,,Asynchronous,74HC,Synchronous,Positive Edge,2 V ~ 6 V
"74HC161N,652",Nexperia USA Inc.,IC BINARY COUNTER 4-BIT 16DIP,pmic-gate-drivers,23324,1.94,"16-DIP (0.300"", 7.62mm)",Through Hole,Obsolete,https://www.digikey.com//mm.digikey.com/Volume0/opasdata/d220001/medias/docus/2216/74HC_HCT161_Dec_1990.pdf,https://www.digikey.com/en/products/detail/rochester-electronics-llc/74HC161N-652/11542434,48 MHz,Up,,Binary Counter,4,1,-40°C ~ 125°C,,Asynchronous,74HC,Synchronous,Positive Edge,2 V ~ 6 V
74HC161P-E,Renesas Electronics Corporation,IC BINARY COUNTER 4-BIT,pmic-gate-drivers,3980,0.95,-,-,Active,https://rocelec.widen.net/view/pdf/l0ykabaerh/RNCCS19299-1.pdf,https://www.digikey.com/en/products/detail/rochester-electronics-llc/74HC161P-E/12611496,48 MHz,Up,,Binary Counter,4,1,-40°C ~ 125°C,,Asynchronous,74HC,Synchronous,Positive Edge,2 V ~ 6 V
"74HC161PW,118",Nexperia USA Inc.,IC BINARY COUNTER 4-BIT 16TSSOP,pmic-gate-drivers,0,0.33,"16-TSSOP (0.173"", 4.40mm Width)",Surface Mount,Active,https://assets.nexperia.com/documents/data-sheet/74HC161.pdf,https://www.digikey.com/en/products/detail/nexperia-usa-inc/74HC161PW-118/1230122,48 MHz,Up,,Binary Counter,4,1,-40°C ~ 125°C,,Asynchronous,74HC,Synchronous,Positive Edge,2 V ~ 6 V
74HC161PW-Q100J,Nexperia USA Inc.,IC BINARY COUNTER 4-BIT 16TSSOP,pmic-gate-drivers,1866,0.45,"16-TSSOP (0.173"", 4.40mm Width)",Surface Mount,Active,https://assets.nexperia.com/documents/data-sheet/74HC161_Q100.pdf,https://www.digikey.com/en/products/detail/nexperia-usa-inc/74HC161PW-Q100J/5035661,48 MHz,Up,Automotive,Binary Counter,4,1,-40°C ~ 125°C,AEC-Q100,Asynchronous,74HC,Synchronous,Positive Edge,2 V ~ 6 V
74HC161TELL-E,Renesas Electronics Corporation,IC BINARY COUNTER 4-BIT,pmic-gate-drivers,14000,0.95,-,-,Active,https://rocelec.widen.net/view/pdf/l0ykabaerh/RNCCS19299-1.pdf?t.download=true&u=5oefqw,https://www.digikey.com/en/products/detail/rochester-electronics-llc/74HC161TELL-E/12596759,48 MHz,Up,,Binary Counter,4,1,-40°C ~ 125°C,,Asynchronous,74HC,Synchronous,Positive Edge,2 V ~ 6 V
74HC162P-E,Renesas Electronics Corporation,74HC162 SYNCHRONOUS 4 BIT DECADE,pmic-gate-drivers,1000,0.84,-,-,Active,https://rocelec.widen.net/view/pdf/nmshhlv97o/74HC160-163.pdf,https://www.digikey.com/en/products/detail/rochester-electronics-llc/74HC162P-E/12599298,,,,,,,,,,74HC,,,
"74HC163D,652",Nexperia USA Inc.,NOW NEXPERIA 74HC163D - BINARY C,pmic-gate-drivers,23300,0.45,"16-SOIC (0.154"", 3.90mm Width)",Surface Mount,Active,https://assets.nexperia.com/documents/data-sheet/74HC_HCT163.pdf,https://www.digikey.com/en/products/detail/rochester-electronics-llc/74HC163D-652/13512411,55 MHz,Up,,Binary Counter,4,1,-40°C ~ 125°C,,Synchronous,74HC,Synchronous,Positive Edge,2 V ~ 6 V
"74HC163D,653",Nexperia USA Inc.,IC BINARY COUNTER 4-BIT 16SO,pmic-gate-drivers,0,0.39,"16-SOIC (0.154"", 3.90mm Width)",Surface Mount,Obsolete,https://assets.nexperia.com/documents/data-sheet/74HC_HCT163.pdf,https://www.digikey.com/en/products/detail/nexperia-usa-inc/74HC163D-653/1230125,55 MHz,Up,,Binary Counter,4,1,-40°C ~ 125°C,,Synchronous,74HC,Synchronous,Positive Edge,2 V ~ 6 V
"74HC163DB,112",Nexperia USA Inc.,NOW NEXPERIA 74HC163DB - BINARY,pmic-gate-drivers,4890,1.06,"16-SSOP (0.209"", 5.30mm Width)",Surface Mount,Active,https://assets.nexperia.com/documents/data-sheet/74HC_HCT163.pdf,https://www.digikey.com/en/products/detail/rochester-electronics-llc/74HC163DB-112/13515422,55 MHz,Up,,Binary Counter,4,1,-40°C ~ 125°C,,Synchronous,74HC,Synchronous,Positive Edge,2 V ~ 6 V
"74HC163DB,118",Nexperia USA Inc.,IC BINARY COUNTER 4-BIT 16SSOP,pmic-gate-drivers,3980,0.92,"16-SSOP (0.209"", 5.30mm Width)",Surface Mount,Active,https://assets.nexperia.com/documents/data-sheet/74HC_HCT163.pdf,https://www.digikey.com/en/products/detail/rochester-electronics-llc/74HC163DB-118/12615493,55 MHz,Up,,Binary Counter,4,1,-40°C ~ 125°C,,Synchronous,74HC,Synchronous,Positive Edge,2 V ~ 6 V
74HC163FP-E,Renesas Electronics Corporation,IC BINARY COUNTER 4-BIT,pmic-gate-drivers,1000,0.98,-,-,Active,https://rocelec.widen.net/view/pdf/nmshhlv97o/74HC160-163.pdf,https://www.digikey.com/en/products/detail/rochester-electronics-llc/74HC163FP-E/12599984,55 MHz,Up,,Binary Counter,4,1,-40°C ~ 125°C,,Synchronous,74HC,Synchronous,Positive Edge,2 V ~ 6 V
"74HC163N,652",Nexperia USA Inc.,IC BINARY COUNTER 4-BIT 16DIP,pmic-gate-drivers,6242,1.94,"16-DIP (0.300"", 7.62mm)",Through Hole,Obsolete,https://www.digikey.com//mm.digikey.com/Volume0/opasdata/d220001/medias/docus/2357/74HC%28T%29163_Rev3.pdf,https://www.digikey.com/en/products/detail/rochester-electronics-llc/74HC163N-652/11513576,55 MHz,Up,,Binary Counter,4,1,-40°C ~ 125°C,,Synchronous,74HC,Synchronous,Positive Edge,2 V ~ 6 V
74HC163P-E,Renesas Electronics Corporation,IC BINARY COUNTER 4-BIT,pmic-gate-drivers,4751,0.98,-,-,Active,https://rocelec.widen.net/view/pdf/l0ykabaerh/RNCCS19299-1.pdf,https://www.digikey.com/en/products/detail/rochester-electronics-llc/74HC163P-E/12601591,55 MHz,Up,,Binary Counter,4,1,-40°C ~ 125°C,,Synchronous,74HC,Synchronous,Positive Edge,2 V ~ 6 V
"74HC163PW,118",Nexperia USA Inc.,NOW NEXPERIA 74HC163PW - BINARY,pmic-gate-drivers,14498,0.38,"16-TSSOP (0.173"", 4.40mm Width)",Surface Mount,Active,https://assets.nexperia.com/documents/data-sheet/74HC_HCT163.pdf,https://www.digikey.com/en/products/detail/rochester-electronics-llc/74HC163PW-118/13444921,55 MHz,Up,,Binary Counter,4,1,-40°C ~ 125°C,,Synchronous,74HC,Synchronous,Positive Edge,2 V ~ 6 V
"74HC191D,652",Nexperia USA Inc.,NEXPERIA 74HC191D - BINARY COUNT,pmic-gate-drivers,4203,0.96,"16-SOIC (0.154"", 3.90mm Width)",Surface Mount,Active,https://rocelec.widen.net/view/pdf/hgvgscudcu/PHGLS11394-1.pdf?t.download=true&u=5oefqw,https://www.digikey.com/en/products/detail/rochester-electronics-llc/74HC191D-652/15646163,39 MHz,"Up, Down",,Binary Counter,4,1,-40°C ~ 125°C,,Asynchronous,74HC,Synchronous,Positive Edge,2 V ~ 6 V
"74HC191D,653",Nexperia USA Inc.,IC BINARY COUNTER 4-BIT 16SO,pmic-gate-drivers,1661,0.55,"16-SOIC (0.154"", 3.90mm Width)",Surface Mount,Active,https://assets.nexperia.com/documents/data-sheet/74HC191.pdf,https://www.digikey.com/en/products/detail/nexperia-usa-inc/74HC191D-653/1230154,39 MHz,"Up, Down",,Binary Counter,4,1,-40°C ~ 125°C,,Asynchronous,74HC,Synchronous,Positive Edge,2 V ~ 6 V
"74HC191DB,112",Nexperia USA Inc.,IC BINARY COUNTER 4-BIT 16SSOP,pmic-gate-drivers,0,1.43,"16-SSOP (0.209"", 5.30mm Width)",Surface Mount,Obsolete,https://assets.nexperia.com/documents/data-sheet/74HC191.pdf,https://www.digikey.com/en/products/detail/nexperia-usa-inc/74HC191DB-112/1022908,39 MHz,"Up, Down",,Binary Counter,4,1,-40°C ~ 125°C,,Asynchronous,74HC,Synchronous,Positive Edge,2 V ~ 6 V
"74HC191DB,118",Nexperia USA Inc.,IC BINARY COUNTER 4-BIT 16SSOP,pmic-gate-drivers,0,1.24,"16-SSOP (0.209"", 5.30mm Width)",Surface Mount,Obsolete,https://assets.nexperia.com/documents/data-sheet/74HC191.pdf,https://www.digikey.com/en/products/detail/nexperia-usa-inc/74HC191DB-118/1230153,39 MHz,"Up, Down",,Binary Counter,4,1,-40°C ~ 125°C,,Asynchronous,74HC,Synchronous,Positive Edge,2 V ~ 6 V
74HC191FP-E,Renesas Electronics Corporation,IC BINARY COUNTER 4-BIT,pmic-gate-drivers,3000,1.74,-,-,Active,https://rocelec.widen.net/view/pdf/7gtogje76m/74HC191.pdf,https://www.digikey.com/en/products/detail/rochester-electronics-llc/74HC191FP-E/12611901,39 MHz,"Up, Down",,Binary Counter,4,1,-40°C ~ 125°C,,Asynchronous,74HC,Synchronous,Positive Edge,2 V ~ 6 V
"74HC191N,652",Nexperia USA Inc.,IC BINARY COUNTER 4-BIT 16DIP,pmic-gate-drivers,26886,1.83,"16-DIP (0.300"", 7.62mm)",Through Hole,Obsolete,https://www.digikey.com//mm.digikey.com/Volume0/opasdata/d220001/medias/docus/2231/74HC_HCT191_Rev_Dec_1990.pdf,https://www.digikey.com/en/products/detail/rochester-electronics-llc/74HC191N-652/11510218,39 MHz,"Up, Down",,Binary Counter,4,1,-40°C ~ 125°C,,Asynchronous,74HC,Synchronous,Positive Edge,2 V ~ 6 V
74HC191P-E,Renesas Electronics Corporation,IC BINARY COUNTER 4-BIT,pmic-gate-drivers,5000,1.74,-,-,Active,https://rocelec.widen.net/view/pdf/7gtogje76m/74HC191.pdf,https://www.digikey.com/en/products/detail/rochester-electronics-llc/74HC191P-E/12613990,39 MHz,"Up, Down",,Binary Counter,4,1,-40°C ~ 125°C,,Asynchronous,74HC,Synchronous,Positive Edge,2 V ~ 6 V
"74HC191PW,118",Nexperia USA Inc.,IC BINARY COUNTER 4-BIT 16TSSOP,pmic-gate-drivers,2500,0.53,"16-TSSOP (0.173"", 4.40mm Width)",Surface Mount,Active,https://assets.nexperia.com/documents/data-sheet/74HC191.pdf,https://www.digikey.com/en/products/detail/nexperia-usa-inc/74HC191PW-118/1230156,39 MHz,"Up, Down",,Binary Counter,4,1,-40°C ~ 125°C,,Asynchronous,74HC,Synchronous,Positive Edge,2 V ~ 6 V
74HC192FPEL-E,Renesas Electronics Corporation,74HC192 PRESETTABLE SYNCHRONOUS,pmic-gate-drivers,2000,1.73,-,-,Active,https://rocelec.widen.net/view/pdf/lumkjgtn4j/74HC192.pdf,https://www.digikey.com/en/products/detail/rochester-electronics-llc/74HC192FPEL-E/12613988,,,,,,,,,,74HC,,,
74HC192P-E,Renesas Electronics Corporation,74HC192 PRESETTABLE SYNCHRONOUS,pmic-gate-drivers,4000,1.64,-,-,Active,https://rocelec.widen.net/view/pdf/lumkjgtn4j/74HC192.pdf,https://www.digikey.com/en/products/detail/rochester-electronics-llc/74HC192P-E/12605393,,,,,,,,,,74HC,,,
"74HC193D,652",Nexperia USA Inc.,IC BINARY COUNTER 4-BIT 16SO,pmic-gate-drivers,0,1.19,"16-SOIC (0.154"", 3.90mm Width)",Surface Mount,Obsolete,https://assets.nexperia.com/documents/data-sheet/74HC_HCT193.pdf,https://www.digikey.com/en/products/detail/nexperia-usa-inc/74HC193D-652/763017,49 MHz,"Up, Down",,Binary Counter,4,1,-40°C ~ 125°C,,Asynchronous,74HC,Synchronous,Positive Edge,2 V ~ 6 V
"74HC193D,653",Nexperia USA Inc.,IC BINARY COUNTER 4-BIT 16SO,pmic-gate-drivers,5188,0.79,"16-SOIC (0.154"", 3.90mm Width)",Surface Mount,Active,https://assets.nexperia.com/documents/data-sheet/74HC_HCT193.pdf,https://www.digikey.com/en/products/detail/nexperia-usa-inc/74HC193D-653/1230158,49 MHz,"Up, Down",,Binary Counter,4,1,-40°C ~ 125°C,,Asynchronous,74HC,Synchronous,Positive Edge,2 V ~ 6 V
74HC193D-Q100J,Nexperia USA Inc.,IC BINARY COUNTER 4-BIT 16SO,pmic-gate-drivers,0,0.38408,"16-SOIC (0.154"", 3.90mm Width)",Surface Mount,Active,https://assets.nexperia.com/documents/data-sheet/74HC_HCT193_Q100.pdf,https://www.digikey.com/en/products/detail/nexperia-usa-inc/74HC193D-Q100J/4020215,49 MHz,"Up, Down",Automotive,Binary Counter,4,1,-40°C ~ 125°C,AEC-Q100,Asynchronous,74HC,Synchronous,Positive Edge,2 V ~ 6 V
"74HC193DB,112",Nexperia USA Inc.,IC BINARY COUNTER 4-BIT 16SSOP,pmic-gate-drivers,0,0.46861,"16-SSOP (0.209"", 5.30mm Width)",Surface Mount,Obsolete,https://assets.nexperia.com/documents/data-sheet/74HC_HCT193.pdf,https://www.digikey.com/en/products/detail/nexperia-usa-inc/74HC193DB-112/1022909,49 MHz,"Up, Down",,Binary Counter,4,1,-40°C ~ 125°C,,Asynchronous,74HC,Synchronous,Positive Edge,2 V ~ 6 V
"74HC193DB,118",Nexperia USA Inc.,IC BINARY COUNTER 4-BIT 16SSOP,pmic-gate-drivers,3983,1.15,"16-SSOP (0.209"", 5.30mm Width)",Surface Mount,Active,https://assets.nexperia.com/documents/data-sheet/74HC_HCT193.pdf,https://www.digikey.com/en/products/detail/rochester-electronics-llc/74HC193DB-118/12608959,49 MHz,"Up, Down",,Binary Counter,4,1,-40°C ~ 125°C,,Asynchronous,74HC,Synchronous,Positive Edge,2 V ~ 6 V
74HC193FP-E,Renesas Electronics Corporation,IC BINARY COUNTER 4-BIT,pmic-gate-drivers,2730,1.64,-,-,Active,https://rocelec.widen.net/view/pdf/lumkjgtn4j/74HC192.pdf,https://www.digikey.com/en/products/detail/rochester-electronics-llc/74HC193FP-E/12603633,49 MHz,"Up, Down",,Binary Counter,4,1,-40°C ~ 125°C,,Asynchronous,74HC,Synchronous,Positive Edge,2 V ~ 6 V
74HC193FPEL-E,Renesas Electronics Corporation,IC BINARY COUNTER 4-BIT,pmic-gate-drivers,4000,1.64,-,-,Active,https://rocelec.widen.net/view/pdf/lumkjgtn4j/74HC192.pdf,https://www.digikey.com/en/products/detail/rochester-electronics-llc/74HC193FPEL-E/12612032,49 MHz,"Up, Down",,Binary Counter,4,1,-40°C ~ 125°C,,Asynchronous,74HC,Synchronous,Positive Edge,2 V ~ 6 V
"74HC193N,652",Nexperia USA Inc.,IC BINARY COUNTER 4-BIT 16DIP,pmic-gate-drivers,25738,1.83,"16-DIP (0.300"", 7.62mm)",Through Hole,Obsolete,https://www.digikey.com//mm.digikey.com/Volume0/opasdata/d220001/medias/docus/2311/74HC%28T%29193_Rev4.pdf,https://www.digikey.com/en/products/detail/rochester-electronics-llc/74HC193N-652/11543866,49 MHz,"Up, Down",,Binary Counter,4,1,-40°C ~ 125°C,,Asynchronous,74HC,Synchronous,Positive Edge,2 V ~ 6 V
74HC193P-E,Renesas Electronics Corporation,IC BINARY COUNTER 4-BIT,pmic-gate-drivers,1000,1.64,-,-,Active,https://rocelec.widen.net/view/pdf/bgkylmqgvs/74HC193.pdf,https://www.digikey.com/en/products/detail/rochester-electronics-llc/74HC193P-E/12616814,49 MHz,"Up, Down",,Binary Counter,4,1,-40°C ~ 125°C,,Asynchronous,74HC,Synchronous,Positive Edge,2 V ~ 6 V
74HC193P-E#D0,Renesas Electronics Corporation,IC BINARY COUNTER 4-BIT,pmic-gate-drivers,1600,1.64,-,-,Active,https://rocelec.widen.net/view/pdf/bgkylmqgvs/74HC193.pdf,https://www.digikey.com/en/products/detail/rochester-electronics-llc/74HC193P-E-D0/12611796,49 MHz,"Up, Down",,Binary Counter,4,1,-40°C ~ 125°C,,Asynchronous,74HC,Synchronous,Positive Edge,2 V ~ 6 V
"74HC193PW,112",Nexperia USA Inc.,IC BINARY COUNTER 4-BIT 16TSSOP,pmic-gate-drivers,0,1.1,"16-TSSOP (0.173"", 4.40mm Width)",Surface Mount,Obsolete,https://assets.nexperia.com/documents/data-sheet/74HC_HCT193.pdf,https://www.digikey.com/en/products/detail/nexperia-usa-inc/74HC193PW-112/1230160,49 MHz,"Up, Down",,Binary Counter,4,1,-40°C ~ 125°C,,Asynchronous,74HC,Synchronous,Positive Edge,2 V ~ 6 V
"74HC193PW,118",Nexperia USA Inc.,IC BINARY COUNTER 4-BIT 16TSSOP,pmic-gate-drivers,0,0.27782,"16-TSSOP (0.173"", 4.40mm Width)",Surface Mount,Active,https://assets.nexperia.com/documents/data-sheet/74HC_HCT193.pdf,https://www.digikey.com/en/products/detail/nexperia-usa-inc/74HC193PW-118/1230161,49 MHz,"Up, Down",,Binary Counter,4,1,-40°C ~ 125°C,,Asynchronous,74HC,Synchronous,Positive Edge,2 V ~ 6 V
74HC193PW-Q100J,Nexperia USA Inc.,IC BINARY COUNTER 4-BIT 16TSSOP,pmic-gate-drivers,0,0.34404,"16-TSSOP (0.173"", 4.40mm Width)",Surface Mount,Active,https://assets.nexperia.com/documents/data-sheet/74HC_HCT193_Q100.pdf,https://www.digikey.com/en/products/detail/nexperia-usa-inc/74HC193PW-Q100J/4020216,49 MHz,"Up, Down",Automotive,Binary Counter,4,1,-40°C ~ 125°C,AEC-Q100,Asynchronous,74HC,Synchronous,Positive Edge,2 V ~ 6 V
"74HC390D,652",Nexperia USA Inc.,NEXPERIA 74HC390D - DECADE COUNT,pmic-gate-drivers,17262,0.88,-,-,Active,https://rocelec.widen.net/view/pdf/kc7mugmta7/PHGL-S-A0002333839-1.pdf?t.download=true&u=5oefqw,https://www.digikey.com/en/products/detail/rochester-electronics-llc/74HC390D-652/15640033,,,,,,,,,,*,,,
"74HC390D,653",Nexperia USA Inc.,IC DECADE COUNTER DL 4BIT 16SO,pmic-gate-drivers,27105,0.6,"16-SOIC (0.154"", 3.90mm Width)",Surface Mount,Active,https://assets.nexperia.com/documents/data-sheet/74HC_HCT390.pdf,https://www.digikey.com/en/products/detail/nexperia-usa-inc/74HC390D-653/1230327,71 MHz,Up,,"Counter, Decade",4,2,-40°C ~ 125°C,,Asynchronous,74HC,,Negative Edge,2 V ~ 6 V
"74HC390DB,112",Nexperia USA Inc.,IC DECADE COUNTR DL 4BIT 16SSOP,pmic-gate-drivers,2976,1.16,"16-SSOP (0.209"", 5.30mm Width)",Surface Mount,Active,https://assets.nexperia.com/documents/data-sheet/74HC_HCT390.pdf,https://www.digikey.com/en/products/detail/rochester-electronics-llc/74HC390DB-112/12615281,71 MHz,Up,,"Counter, Decade",4,2,-40°C ~ 125°C,,Asynchronous,74HC,,Negative Edge,2 V ~ 6 V
"74HC390DB,118",Nexperia USA Inc.,IC DECADE COUNTR DL 4BIT 16SSOP,pmic-gate-drivers,0,0.3516,"16-SSOP (0.209"", 5.30mm Width)",Surface Mount,Obsolete,https://assets.nexperia.com/documents/data-sheet/74HC_HCT390.pdf,https://www.digikey.com/en/products/detail/nexperia-usa-inc/74HC390DB-118/1230326,71 MHz,Up,,"Counter, Decade",4,2,-40°C ~ 125°C,,Asynchronous,74HC,,Negative Edge,2 V ~ 6 V
"74HC390N,652",Nexperia USA Inc.,IC DECADE COUNTER DL 4BIT 16DIP,pmic-gate-drivers,6888,1.51,"16-DIP (0.300"", 7.62mm)",Through Hole,Obsolete,https://assets.nexperia.com/documents/data-sheet/74HC_HCT390.pdf,https://www.digikey.com/en/products/detail/rochester-electronics-llc/74HC390N-652/11550411,71 MHz,Up,,"Counter, Decade",4,2,-40°C ~ 125°C,,Asynchronous,74HC,,Negative Edge,2 V ~ 6 V
74HC390P-E,Renesas Electronics Corporation,IC DECADE COUNTER DUAL 4-BIT,pmic-gate-drivers,5500,1.6,-,-,Active,https://rocelec.widen.net/view/pdf/vbkwkf8pmt/74HC390.pdf,https://www.digikey.com/en/products/detail/rochester-electronics-llc/74HC390P-E/12615713,71 MHz,Up,,"Counter, Decade",4,2,-40°C ~ 125°C,,Asynchronous,74HC,,Negative Edge,2 V ~ 6 V
"74HC390PW,112",Nexperia USA Inc.,NOW NEXPERIA 74HC390PW - DECADE,pmic-gate-drivers,8544,0.89,"16-TSSOP (0.173"", 4.40mm Width)",Surface Mount,Active,https://assets.nexperia.com/documents/data-sheet/74HC_HCT390.pdf,https://www.digikey.com/en/products/detail/rochester-electronics-llc/74HC390PW-112/13494862,71 MHz,Up,,"Counter, Decade",4,2,-40°C ~ 125°C,,Asynchronous,74HC,,Negative Edge,2 V ~ 6 V
"74HC390PW,118",Nexperia USA Inc.,IC DECADE COUNT DL 4BIT 16TSSOP,pmic-gate-drivers,0,0.45,"16-TSSOP (0.173"", 4.40mm Width)",Surface Mount,Active,https://assets.nexperia.com/documents/data-sheet/74HC_HCT390.pdf,https://www.digikey.com/en/products/detail/nexperia-usa-inc/74HC390PW-118/1230329,71 MHz,Up,,"Counter, Decade",4,2,-40°C ~ 125°C,,Asynchronous,74HC,,Negative Edge,2 V ~ 6 V
"74HC393BQ,115",Nexperia USA Inc.,IC BIN COUNTER DL 4BIT 14DHVQFN,pmic-gate-drivers,26348,0.5,14-VFQFN Exposed Pad,Surface Mount,Active,https://assets.nexperia.com/documents/data-sheet/74HC_HCT393.pdf,https://www.digikey.com/en/products/detail/nexperia-usa-inc/74HC393BQ-115/1022949,107 MHz,Up,,Binary Counter,4,2,-40°C ~ 125°C,,Asynchronous,74HC,,Negative Edge,2 V ~ 6 V
74HC393BQ-Q100X,Nexperia USA Inc.,IC BIN COUNTER DL 4BIT 14DHVQFN,pmic-gate-drivers,0,0.52,14-VFQFN Exposed Pad,Surface Mount,Active,https://assets.nexperia.com/documents/data-sheet/74HC_HCT393_Q100.pdf,https://www.digikey.com/en/products/detail/nexperia-usa-inc/74HC393BQ-Q100X/5169930,107 MHz,Up,Automotive,Binary Counter,4,2,-40°C ~ 125°C,AEC-Q100,Asynchronous,74HC,,Negative Edge,2 V ~ 6 V
74HC393D,Toshiba Semiconductor and Storage,IC BINARY COUNTR DL 4BIT 14SOIC,pmic-gate-drivers,1829,0.43,"14-SOIC (0.154"", 3.90mm Width)",Surface Mount,Obsolete,,https://www.digikey.com/en/products/detail/toshiba-semiconductor-and-storage/74HC393D/6198942,32 MHz,Up,,Binary Counter,4,2,-40°C ~ 85°C,,Asynchronous,74HC,,Negative Edge,2 V ~ 6 V
"74HC393D,652",Nexperia USA Inc.,NEXPERIA 74HC393D - BINARY COUNT,pmic-gate-drivers,16036,0.61,"14-SOIC (0.154"", 3.90mm Width)",-,Active,https://rocelec.widen.net/view/pdf/iijenwfvra/PHGL-S-A0001295707-1.pdf?t.download=true&u=5oefqw,https://www.digikey.com/en/products/detail/rochester-electronics-llc/74HC393D-652/15638864,107 MHz,Up,,Binary Counter,4,2,-40°C ~ 125°C,,Asynchronous,74HC,,Negative Edge,2 V ~ 6 V
"74HC393D,653",Nexperia USA Inc.,IC BINARY COUNTER DL 4BIT 14SO,pmic-gate-drivers,2757,0.29,"14-SOIC (0.154"", 3.90mm Width)",Surface Mount,Active,https://assets.nexperia.com/documents/data-sheet/74HC_HCT393.pdf,https://www.digikey.com/en/products/detail/nexperia-usa-inc/74HC393D-653/763047,107 MHz,Up,,Binary Counter,4,2,-40°C ~ 125°C,,Asynchronous,74HC,,Negative Edge,2 V ~ 6 V
74HC393D-Q100J,Nexperia USA Inc.,IC BINARY COUNTER DL 4BIT 14SO,pmic-gate-drivers,0,0.14738,"14-SOIC (0.154"", 3.90mm Width)",Surface Mount,Active,https://assets.nexperia.com/documents/data-sheet/74HC_HCT393_Q100.pdf,https://www.digikey.com/en/products/detail/nexperia-usa-inc/74HC393D-Q100J/5169931,107 MHz,Up,Automotive,Binary Counter,4,2,-40°C ~ 125°C,AEC-Q100,Asynchronous,74HC,,Negative Edge,2 V ~ 6 V
"74HC393DB,112",Nexperia USA Inc.,IC BINARY COUNTR DL 4BIT 14SSOP,pmic-gate-drivers,11768,0.74,"14-SSOP (0.209"", 5.30mm Width)",Surface Mount,Active,https://rocelec.widen.net/view/pdf/iijenwfvra/PHGL-S-A0001295707-1.pdf?t.download=true&u=5oefqw,https://www.digikey.com/en/products/detail/rochester-electronics-llc/74HC393DB-112/12612767,107 MHz,Up,,Binary Counter,4,2,-40°C ~ 125°C,,Asynchronous,74HC,,Negative Edge,2 V ~ 6 V
"74HC393DB,118",Nexperia USA Inc.,IC BINARY COUNTR DL 4BIT 14SSOP,pmic-gate-drivers,7746,0.64,"14-SSOP (0.209"", 5.30mm Width)",Surface Mount,Active,https://rocelec.widen.net/view/pdf/iijenwfvra/PHGL-S-A0001295707-1.pdf?t.download=true&u=5oefqw,https://www.digikey.com/en/products/detail/rochester-electronics-llc/74HC393DB-118/12602042,107 MHz,Up,,Binary Counter,4,2,-40°C ~ 125°C,,Asynchronous,74HC,,Negative Edge,2 V ~ 6 V
"74HC393N,652",Nexperia USA Inc.,IC BINARY COUNTER DL 4BIT 14DIP,pmic-gate-drivers,9795,1.51,"14-DIP (0.300"", 7.62mm)",Through Hole,Obsolete,https://assets.nexperia.com/documents/data-sheet/74HC_HCT393.pdf,https://www.digikey.com/en/products/detail/rochester-electronics-llc/74HC393N-652/11535361,107 MHz,Up,,Binary Counter,4,2,-40°C ~ 125°C,,Asynchronous,74HC,,Negative Edge,2 V ~ 6 V
"74HC393PW,112",Nexperia USA Inc.,NEXPERIA 74HC393PW - BINARY COUN,pmic-gate-drivers,18314,0.66,"14-TSSOP (0.173"", 4.40mm Width)",-,Active,https://rocelec.widen.net/view/pdf/iijenwfvra/PHGL-S-A0001295707-1.pdf?t.download=true&u=5oefqw,https://www.digikey.com/en/products/detail/rochester-electronics-llc/74HC393PW-112/15639876,107 MHz,Up,,Binary Counter,4,2,-40°C ~ 125°C,,Asynchronous,74HC,,Negative Edge,2 V ~ 6 V
"74HC393PW,118",Nexperia USA Inc.,IC BIN COUNTER DL 4BIT 14TSSOP,pmic-gate-drivers,4518,0.38,"14-TSSOP (0.173"", 4.40mm Width)",Surface Mount,Active,https://assets.nexperia.com/documents/data-sheet/74HC_HCT393.pdf,https://www.digikey.com/en/products/detail/nexperia-usa-inc/74HC393PW-118/1230333,107 MHz,Up,,Binary Counter,4,2,-40°C ~ 125°C,,Asynchronous,74HC,,Negative Edge,2 V ~ 6 V
74HC393PW-Q100J,Nexperia USA Inc.,IC BIN COUNTER DL 4BIT 14TSSOP,pmic-gate-drivers,2400,0.5,"14-TSSOP (0.173"", 4.40mm Width)",Surface Mount,Active,https://assets.nexperia.com/documents/data-sheet/74HC_HCT393_Q100.pdf,https://www.digikey.com/en/products/detail/nexperia-usa-inc/74HC393PW-Q100J/5169932,107 MHz,Up,Automotive,Binary Counter,4,2,-40°C ~ 125°C,AEC-Q100,Asynchronous,74HC,,Negative Edge,2 V ~ 6 V
"74HC40103D,653",Nexperia USA Inc.,IC BINARY COUNTER 8-BIT 16SO,pmic-gate-drivers,9641,0.87,"16-SOIC (0.154"", 3.90mm Width)",Surface Mount,Active,https://assets.nexperia.com/documents/data-sheet/74HC40103.pdf,https://www.digikey.com/en/products/detail/nexperia-usa-inc/74HC40103D-653/1230353,32 MHz,Down,,Binary Counter,8,1,-40°C ~ 125°C,,Asynchronous,74HC,Synchronous,Positive Edge,2 V ~ 6 V
"74HC40103DB,112",Nexperia USA Inc.,IC BINARY COUNTER 8-BIT 16SSOP,pmic-gate-drivers,0,0.61713,"16-SSOP (0.209"", 5.30mm Width)",Surface Mount,Obsolete,https://www.digikey.com//mm.digikey.com/Volume0/opasdata/d220001/medias/docus/2366/74HC40103_Rev4.pdf,https://www.digikey.com/en/products/detail/nexperia-usa-inc/74HC40103DB-112/1022952,32 MHz,Down,,Binary Counter,8,1,-40°C ~ 125°C,,Asynchronous,74HC,Synchronous,Positive Edge,2 V ~ 6 V
"74HC40103PW,112",Nexperia USA Inc.,IC BINARY COUNTER 8-BIT 16TSSOP,pmic-gate-drivers,0,0.39671,"16-TSSOP (0.173"", 4.40mm Width)",Surface Mount,Obsolete,https://assets.nexperia.com/documents/data-sheet/74HC40103.pdf,https://www.digikey.com/en/products/detail/nexperia-usa-inc/74HC40103PW-112/1022953,32 MHz,Down,,Binary Counter,8,1,-40°C ~ 125°C,,Asynchronous,74HC,Synchronous,Positive Edge,2 V ~ 6 V
"74HC40103PW,118",Nexperia USA Inc.,IC BINARY COUNTER 8-BIT 16TSSOP,pmic-gate-drivers,0,0.83,"16-TSSOP (0.173"", 4.40mm Width)",Surface Mount,Active,https://assets.nexperia.com/documents/data-sheet/74HC40103.pdf,https://www.digikey.com/en/products/detail/nexperia-usa-inc/74HC40103PW-118/1230354,32 MHz,Down,,Binary Counter,8,1,-40°C ~ 125°C,,Asynchronous,74HC,Synchronous,Positive Edge,2 V ~ 6 V
"74HC4017BQ,115",Nexperia USA Inc.,IC DECADE COUNTER 10BIT 16DHVQFN,pmic-gate-drivers,2490,0.58,16-VFQFN Exposed Pad,Surface Mount,Active,https://assets.nexperia.com/documents/data-sheet/74HC_HCT4017.pdf,https://www.digikey.com/en/products/detail/nexperia-usa-inc/74HC4017BQ-115/1966018,83 MHz,Up,,"Counter, Decade",10,1,-40°C ~ 125°C (TA),,Asynchronous,74HC,Synchronous,"Positive, Negative",2 V ~ 6 V
74HC4017BQ-Q100X,Nexperia USA Inc.,IC DECADE COUNTER 10BIT 16DHVQFN,pmic-gate-drivers,0,0.67,16-VFQFN Exposed Pad,Surface Mount,Active,https://assets.nexperia.com/documents/data-sheet/74HC_HCT4017_Q100.pdf,https://www.digikey.com/en/products/detail/nexperia-usa-inc/74HC4017BQ-Q100X/4475817,83 MHz,Up,Automotive,"Counter, Decade",10,1,-40°C ~ 125°C (TA),AEC-Q100,Asynchronous,74HC,Synchronous,"Positive, Negative",2 V ~ 6 V
"74HC4017D,653",Nexperia USA Inc.,IC DECADE COUNTER 10BIT 16SO,pmic-gate-drivers,0,0.52,"16-SOIC (0.154"", 3.90mm Width)",Surface Mount,Active,https://assets.nexperia.com/documents/data-sheet/74HC_HCT4017.pdf,https://www.digikey.com/en/products/detail/nexperia-usa-inc/74HC4017D-653/1230369,83 MHz,Up,,"Counter, Decade",10,1,-40°C ~ 125°C (TA),,Asynchronous,74HC,Synchronous,"Positive, Negative",2 V ~ 6 V
74HC4017D-Q100J,Nexperia USA Inc.,IC DECADE COUNTER 10BIT 16SO,pmic-gate-drivers,2008,0.64,"16-SOIC (0.154"", 3.90mm Width)",Surface Mount,Active,https://assets.nexperia.com/documents/data-sheet/74HC_HCT4017_Q100.pdf,https://www.digikey.com/en/products/detail/nexperia-usa-inc/74HC4017D-Q100J/4475730,83 MHz,Up,Automotive,"Counter, Decade",10,1,-40°C ~ 125°C (TA),AEC-Q100,Asynchronous,74HC,Synchronous,"Positive, Negative",2 V ~ 6 V
"74HC4017DB,112",Nexperia USA Inc.,IC DECADE COUNTER 10-BIT 16SSOP,pmic-gate-drivers,846,1.38,"16-SSOP (0.209"", 5.30mm Width)",Surface Mount,Active,https://assets.nexperia.com/documents/data-sheet/74HC_HCT4017.pdf,https://www.digikey.com/en/products/detail/rochester-electronics-llc/74HC4017DB-112/12616427,83 MHz,Up,,"Counter, Decade",10,1,-40°C ~ 125°C (TA),,Asynchronous,74HC,Synchronous,"Positive, Negative",2 V ~ 6 V
"74HC4017DB,118",Nexperia USA Inc.,IC DECADE COUNTER 10BIT 16SSOP,pmic-gate-drivers,3981,1.19,"16-SSOP (0.209"", 5.30mm Width)",Surface Mount,Active,https://rocelec.widen.net/view/pdf/ghkded8bic/PHGL-S-A0001441121-1.pdf?t.download=true&u=5oefqw,https://www.digikey.com/en/products/detail/rochester-electronics-llc/74HC4017DB-118/12609772,83 MHz,Up,,"Counter, Decade",10,1,-40°C ~ 125°C (TA),,Asynchronous,74HC,Synchronous,"Positive, Negative",2 V ~ 6 V
74HC4017FP-E,Renesas Electronics Corporation,IC DECADE COUNTER 10BIT,pmic-gate-drivers,1000,1.35,-,-,Active,https://rocelec.widen.net/view/pdf/mbxnsgebfd/74HC4017.pdf,https://www.digikey.com/en/products/detail/rochester-electronics-llc/74HC4017FP-E/12603105,83 MHz,Up,,"Counter, Decade",10,1,-40°C ~ 125°C (TA),,Asynchronous,74HC,Synchronous,"Positive, Negative",2 V ~ 6 V
"74HC4017PW,118",Nexperia USA Inc.,IC DECADE COUNTER 10BIT 16TSSOP,pmic-gate-drivers,4480,0.5,"16-TSSOP (0.173"", 4.40mm Width)",Surface Mount,Active,https://assets.nexperia.com/documents/data-sheet/74HC_HCT4017.pdf,https://www.digikey.com/en/products/detail/nexperia-usa-inc/74HC4017PW-118/1230371,83 MHz,Up,,"Counter, Decade",10,1,-40°C ~ 125°C (TA),,Asynchronous,74HC,Synchronous,"Positive, Negative",2 V ~ 6 V
74HC4017PW-Q100J,Nexperia USA Inc.,IC DECADE COUNTER 10BIT 16TSSOP,pmic-gate-drivers,0,0.30215,"16-TSSOP (0.173"", 4.40mm Width)",Surface Mount,Active,https://assets.nexperia.com/documents/data-sheet/74HC_HCT4017_Q100.pdf,https://www.digikey.com/en/products/detail/nexperia-usa-inc/74HC4017PW-Q100J/4475731,83 MHz,Up,Automotive,"Counter, Decade",10,1,-40°C ~ 125°C (TA),AEC-Q100,Asynchronous,74HC,Synchronous,"Positive, Negative",2 V ~ 6 V
"74HC4020BQ,115",Nexperia USA Inc.,IC BINARY COUNTER 14BIT 16DHVQFN,pmic-gate-drivers,2458,0.62,16-VFQFN Exposed Pad,Surface Mount,Active,https://assets.nexperia.com/documents/data-sheet/74HC_HCT4020.pdf,https://www.digikey.com/en/products/detail/nexperia-usa-inc/74HC4020BQ-115/2530555,109 MHz,Up,,Binary Counter,14,1,-40°C ~ 125°C,,Asynchronous,74HC,,Negative Edge,2 V ~ 6 V
74HC4020BQ-Q100X,Nexperia USA Inc.,IC BINARY COUNTER 14BIT 16DHVQFN,pmic-gate-drivers,0,0.35435,16-VFQFN Exposed Pad,Surface Mount,Active,https://assets.nexperia.com/documents/data-sheet/74HC_HCT4020_Q100.pdf,https://www.digikey.com/en/products/detail/nexperia-usa-inc/74HC4020BQ-Q100X/4288312,109 MHz,,Automotive,Binary Counter,14,1,-40°C ~ 125°C,AEC-Q100,Asynchronous,74HC,,Negative Edge,2 V ~ 6 V
"74HC4020D,653",Nexperia USA Inc.,NEXPERIA 74HC4020D - BINARY COUN,pmic-gate-drivers,23954,0.64,-,-,Active,https://assets.nexperia.com/documents/data-sheet/74HC_HCT4020.pdf,https://www.digikey.com/en/products/detail/rochester-electronics-llc/74HC4020D-653/15646166,,,,,,,,,,*,,,
74HC4020D-Q100J,Nexperia USA Inc.,IC BINARY COUNTER 14-BIT 16SO,pmic-gate-drivers,0,0.55,"16-SOIC (0.154"", 3.90mm Width)",Surface Mount,Active,https://assets.nexperia.com/documents/data-sheet/74HC_HCT4020_Q100.pdf,https://www.digikey.com/en/products/detail/nexperia-usa-inc/74HC4020D-Q100J/4020228,109 MHz,Up,Automotive,Binary Counter,14,1,-40°C ~ 125°C,AEC-Q100,Asynchronous,74HC,,Negative Edge,2 V ~ 6 V
"74HC4020DB,112",Nexperia USA Inc.,NEXPERIA 74HC4020DB - BINARY COU,pmic-gate-drivers,3653,1.43,-,-,Active,https://assets.nexperia.com/documents/data-sheet/74HC_HCT4020.pdf,https://www.digikey.com/en/products/detail/rochester-electronics-llc/74HC4020DB-112/15640572,,,,,,,,,,*,,,
"74HC4020DB,118",Nexperia USA Inc.,IC BINARY COUNTER 14-BIT 16SSOP,pmic-gate-drivers,0,1.24,"16-SSOP (0.209"", 5.30mm Width)",Surface Mount,Obsolete,https://assets.nexperia.com/documents/data-sheet/74HC_HCT4020.pdf,https://www.digikey.com/en/products/detail/nexperia-usa-inc/74HC4020DB-118/1230372,109 MHz,Up,,Binary Counter,14,1,-40°C ~ 125°C,,Asynchronous,74HC,,Negative Edge,2 V ~ 6 V
"74HC4020N,652",Nexperia USA Inc.,IC BINARY COUNTER 14-BIT 16DIP,pmic-gate-drivers,16824,1.83,"16-DIP (0.300"", 7.62mm)",Through Hole,Obsolete,https://www.digikey.com//mm.digikey.com/Volume0/opasdata/d220001/medias/docus/2178/74HC%28T%294020_Rev_Feb2017.pdf,https://www.digikey.com/en/products/detail/rochester-electronics-llc/74HC4020N-652/11511669,109 MHz,Up,,Binary Counter,14,1,-40°C ~ 125°C,,Asynchronous,74HC,,Negative Edge,2 V ~ 6 V
"74HC4020PW,112",Nexperia USA Inc.,IC BINARY COUNTER 14BIT 16TSSOP,pmic-gate-drivers,0,0.84,"16-TSSOP (0.173"", 4.40mm Width)",Surface Mount,Obsolete,https://assets.nexperia.com/documents/data-sheet/74HC_HCT4020.pdf,https://www.digikey.com/en/products/detail/nexperia-usa-inc/74HC4020PW-112/1230375,109 MHz,Up,,Binary Counter,14,1,-40°C ~ 125°C,,Asynchronous,74HC,,Negative Edge,2 V ~ 6 V
"74HC4020PW,118",Nexperia USA Inc.,IC BINARY COUNTER 14BIT 16TSSOP,pmic-gate-drivers,2754,0.49,"16-TSSOP (0.173"", 4.40mm Width)",Surface Mount,Active,https://assets.nexperia.com/documents/data-sheet/74HC_HCT4020.pdf,https://www.digikey.com/en/products/detail/nexperia-usa-inc/74HC4020PW-118/1230376,109 MHz,Up,,Binary Counter,14,1,-40°C ~ 125°C,,Asynchronous,74HC,,Negative Edge,2 V ~ 6 V
74HC4020PW-Q100J,Nexperia USA Inc.,IC BINARY COUNTER 14BIT 16TSSOP,pmic-gate-drivers,0,0.24147,"16-TSSOP (0.173"", 4.40mm Width)",Surface Mount,Active,https://assets.nexperia.com/documents/data-sheet/74HC_HCT4020_Q100.pdf,https://www.digikey.com/en/products/detail/nexperia-usa-inc/74HC4020PW-Q100J/4020229,109 MHz,Up,Automotive,Binary Counter,14,1,-40°C ~ 125°C,AEC-Q100,Asynchronous,74HC,,Negative Edge,2 V ~ 6 V
"74HC4024D,653",Nexperia USA Inc.,IC BINARY COUNTER 7-BIT 14SO,pmic-gate-drivers,0,0.5,"14-SOIC (0.154"", 3.90mm Width)",Surface Mount,Active,https://assets.nexperia.com/documents/data-sheet/74HC4024.pdf,https://www.digikey.com/en/products/detail/nexperia-usa-inc/74HC4024D-653/1230378,90 MHz,Up,,Binary Counter,7,1,-40°C ~ 125°C,,Asynchronous,74HC,,Negative Edge,2 V ~ 6 V
74HC4024D-Q100J,Nexperia USA Inc.,IC BINARY COUNTER 7-BIT 14SO,pmic-gate-drivers,0,0.28675,"14-SOIC (0.154"", 3.90mm Width)",Surface Mount,Active,https://assets.nexperia.com/documents/data-sheet/74HC4024_Q100.pdf,https://www.digikey.com/en/products/detail/nexperia-usa-inc/74HC4024D-Q100J/4475732,90 MHz,Up,Automotive,Binary Counter,7,1,-40°C ~ 125°C,AEC-Q100,Asynchronous,74HC,,Negative Edge,2 V ~ 6 V
"74HC4024N,652",Nexperia USA Inc.,IC BINARY COUNTER 7-BIT 14DIP,pmic-gate-drivers,10959,0.83,"14-DIP (0.300"", 7.62mm)",Through Hole,Obsolete,https://assets.nexperia.com/documents/data-sheet/74HC4024.pdf,https://www.digikey.com/en/products/detail/rochester-electronics-llc/74HC4024N-652/11550695,90 MHz,Up,,Binary Counter,7,1,-40°C ~ 125°C,,Asynchronous,74HC,,Negative Edge,2 V ~ 6 V
74HC4024P-E,Renesas Electronics Corporation,IC BINARY COUNTER 7-BIT,pmic-gate-drivers,1000,1.27,-,-,Active,https://rocelec.widen.net/view/pdf/nli2iyrwaz/RNCCS00581-1.pdf?t.download=true&u=5oefqw,https://www.digikey.com/en/products/detail/rochester-electronics-llc/74HC4024P-E/12112887,90 MHz,Up,,Binary Counter,7,1,-40°C ~ 125°C,,Asynchronous,74HC,,Negative Edge,2 V ~ 6 V
"74HC4024PW,112",Nexperia USA Inc.,IC BINARY COUNTER 7-BIT 14TSSOP,pmic-gate-drivers,0,0.34153,"14-TSSOP (0.173"", 4.40mm Width)",Surface Mount,Obsolete,https://assets.nexperia.com/documents/data-sheet/74HC4024.pdf,https://www.digikey.com/en/products/detail/nexperia-usa-inc/74HC4024PW-112/1230379,90 MHz,Up,,Binary Counter,7,1,-40°C ~ 125°C,,Asynchronous,74HC,,Negative Edge,2 V ~ 6 V
"74HC4024PW,118",Nexperia USA Inc.,IC BINARY COUNTER 7-BIT 14TSSOP,pmic-gate-drivers,0,0.29258,"14-TSSOP (0.173"", 4.40mm Width)",Surface Mount,Obsolete,https://assets.nexperia.com/documents/data-sheet/74HC4024.pdf,https://www.digikey.com/en/products/detail/nexperia-usa-inc/74HC4024PW-118/1230380,90 MHz,Up,,Binary Counter,7,1,-40°C ~ 125°C,,Asynchronous,74HC,,Negative Edge,2 V ~ 6 V
74HC4024PW-Q100J,Nexperia USA Inc.,IC BINARY COUNTER 7-BIT 14TSSOP,pmic-gate-drivers,0,0.34858,"14-TSSOP (0.173"", 4.40mm Width)",Surface Mount,Obsolete,https://assets.nexperia.com/documents/data-sheet/74HC4024_Q100.pdf,https://www.digikey.com/en/products/detail/nexperia-usa-inc/74HC4024PW-Q100J/4020230,90 MHz,Up,Automotive,Binary Counter,7,1,-40°C ~ 125°C,AEC-Q100,Asynchronous,74HC,,Negative Edge,2 V ~ 6 V
74HC4040BQ-Q100X,Nexperia USA Inc.,IC BINARY COUNTER 12BIT 16DHVQFN,pmic-gate-drivers,2375,0.49,16-VFQFN Exposed Pad,Surface Mount,Active,https://assets.nexperia.com/documents/data-sheet/74HC_HCT4040_Q100.pdf,https://www.digikey.com/en/products/detail/nexperia-usa-inc/74HC4040BQ-Q100X/4843083,98 MHz,Up,Automotive,Binary Counter,12,1,-40°C ~ 125°C,AEC-Q100,Asynchronous,74HC,,Negative Edge,2 V ~ 6 V
74HC4040BQX,Nexperia USA Inc.,IC BINARY COUNTER 12BIT 16DHVQFN,pmic-gate-drivers,0,0.4,16-VFQFN Exposed Pad,Surface Mount,Active,https://assets.nexperia.com/documents/data-sheet/74HC_HCT4040.pdf,https://www.digikey.com/en/products/detail/nexperia-usa-inc/74HC4040BQX/4288329,98 MHz,Up,,Binary Counter,12,1,-40°C ~ 125°C,,Asynchronous,74HC,,Negative Edge,2 V ~ 6 V
"74HC4040D,653",Nexperia USA Inc.,IC BINARY COUNTER 12-BIT 16SO,pmic-gate-drivers,0,0.39,"16-SOIC (0.154"", 3.90mm Width)",Surface Mount,Active,https://assets.nexperia.com/documents/data-sheet/74HC_HCT4040.pdf,https://www.digikey.com/en/products/detail/nexperia-usa-inc/74HC4040D-653/1230383,98 MHz,Up,,Binary Counter,12,1,-40°C ~ 125°C,,Asynchronous,74HC,,Negative Edge,2 V ~ 6 V
74HC4040D-Q100J,Nexperia USA Inc.,IC BINARY COUNTER 12-BIT 16SO,pmic-gate-drivers,2018,0.52,"16-SOIC (0.154"", 3.90mm Width)",Surface Mount,Active,https://assets.nexperia.com/documents/data-sheet/74HC_HCT4040_Q100.pdf,https://www.digikey.com/en/products/detail/nexperia-usa-inc/74HC4040D-Q100J/4020232,98 MHz,Up,Automotive,Binary Counter,12,1,-40°C ~ 125°C,AEC-Q100,Asynchronous,74HC,,Negative Edge,2 V ~ 6 V
"74HC4040DB,112",Nexperia USA Inc.,IC BINARY COUNTER 12-BIT 16SSOP,pmic-gate-drivers,0,0.2273,"16-SSOP (0.209"", 5.30mm Width)",Surface Mount,Obsolete,https://assets.nexperia.com/documents/data-sheet/74HC_HCT4040.pdf,https://www.digikey.com/en/products/detail/nexperia-usa-inc/74HC4040DB-112/1230381,98 MHz,Up,,Binary Counter,12,1,-40°C ~ 125°C,,Asynchronous,74HC,,Negative Edge,2 V ~ 6 V
"74HC4040DB,118",Nexperia USA Inc.,IC BINARY COUNTER 12-BIT 16SSOP,pmic-gate-drivers,30300,0.58,"16-SSOP (0.209"", 5.30mm Width)",Surface Mount,Active,https://rocelec.widen.net/view/pdf/rwci3ki0iy/PHGL-S-A0001441183-1.pdf?t.download=true&u=5oefqw,https://www.digikey.com/en/products/detail/rochester-electronics-llc/74HC4040DB-118/12603073,98 MHz,Up,,Binary Counter,12,1,-40°C ~ 125°C (TA),,Asynchronous,74HC,,Negative Edge,2 V ~ 6 V
"74HC4040N,652",Nexperia USA Inc.,IC BINARY COUNTER 12-BIT 16DIP,pmic-gate-drivers,3570,1.94,"16-DIP (0.300"", 7.62mm)",Through Hole,Obsolete,https://www.digikey.com//mm.digikey.com/Volume0/opasdata/d220001/medias/docus/2339/74HC%28T%294040_Rev4.pdf,https://www.digikey.com/en/products/detail/rochester-electronics-llc/74HC4040N-652/11548968,98 MHz,Up,,Binary Counter,12,1,-40°C ~ 125°C,,Asynchronous,74HC,,Negative Edge,2 V ~ 6 V
"74HC4040PW,118",Nexperia USA Inc.,IC BINARY COUNTER 12BIT 16TSSOP,pmic-gate-drivers,31,0.37,"16-TSSOP (0.173"", 4.40mm Width)",Surface Mount,Active,https://assets.nexperia.com/documents/data-sheet/74HC_HCT4040.pdf,https://www.digikey.com/en/products/detail/nexperia-usa-inc/74HC4040PW-118/1230385,98 MHz,Up,,Binary Counter,12,1,-40°C ~ 125°C,,Asynchronous,74HC,,Negative Edge,2 V ~ 6 V
74HC4040PW-Q100J,Nexperia USA Inc.,IC BINARY COUNTER 12BIT 16TSSOP,pmic-gate-drivers,0,0.5,"16-TSSOP (0.173"", 4.40mm Width)",Surface Mount,Active,https://assets.nexperia.com/documents/data-sheet/74HC_HCT4040_Q100.pdf,https://www.digikey.com/en/products/detail/nexperia-usa-inc/74HC4040PW-Q100J/4020233,98 MHz,Up,Automotive,Binary Counter,12,1,-40°C ~ 125°C,AEC-Q100,Asynchronous,74HC,,Negative Edge,2 V ~ 6 V
"74HC4059D,112",Nexperia USA Inc.,IC DIVIDER BY N 16-BIT 24SO,pmic-gate-drivers,610,2.54,"24-SOIC (0.295"", 7.50mm Width)",Surface Mount,Obsolete,https://www.digikey.com//mm.digikey.com/Volume0/opasdata/d220001/medias/docus/1092/74HC%28T%294059.pdf,https://www.digikey.com/en/products/detail/rochester-electronics-llc/74HC4059D-112/11551933,43 MHz,Down,,Divide-by-N,16,1,-40°C ~ 125°C,,Asynchronous,74HC,Synchronous,Positive Edge,2 V ~ 6 V
"74HC4060BQ,115",Nexperia USA Inc.,IC BINARY COUNTER 14BIT 16DHVQFN,pmic-gate-drivers,6248,0.38,16-VFQFN Exposed Pad,Surface Mount,Active,https://assets.nexperia.com/documents/data-sheet/74HC_HCT4060.pdf,https://www.digikey.com/en/products/detail/nexperia-usa-inc/74HC4060BQ-115/2034123,95 MHz,Up,,Binary Counter,14,1,-40°C ~ 125°C (TA),,Asynchronous,74HC,,Negative Edge,2 V ~ 6 V
"74HC4060BQ-Q100,11",Nexperia USA Inc.,IC BINARY COUNTER 14BIT 16DHVQFN,pmic-gate-drivers,2968,0.39,16-VFQFN Exposed Pad,Surface Mount,Active,https://assets.nexperia.com/documents/data-sheet/74HC_HCT4060_Q100.pdf,https://www.digikey.com/en/products/detail/nexperia-usa-inc/74HC4060BQ-Q100-11/3678892,95 MHz,Up,Automotive,Binary Counter,14,1,-40°C ~ 125°C (TA),AEC-Q100,Asynchronous,74HC,,Negative Edge,2 V ~ 6 V
"74HC4060D,653",Nexperia USA Inc.,IC BINARY COUNTER 14-BIT 16SO,pmic-gate-drivers,5666,0.33,"16-SOIC (0.154"", 3.90mm Width)",Surface Mount,Active,https://assets.nexperia.com/documents/data-sheet/74HC_HCT4060.pdf,https://www.digikey.com/en/products/detail/nexperia-usa-inc/74HC4060D-653/1230413,95 MHz,Up,,Binary Counter,14,1,-40°C ~ 125°C (TA),,Asynchronous,74HC,,Negative Edge,2 V ~ 6 V
"74HC4060D-Q100,118",Nexperia USA Inc.,IC BINARY COUNTER 14-BIT 16SO,pmic-gate-drivers,3385,0.37,"16-SOIC (0.154"", 3.90mm Width)",Surface Mount,Active,https://assets.nexperia.com/documents/data-sheet/74HC_HCT4060_Q100.pdf,https://www.digikey.com/en/products/detail/nexperia-usa-inc/74HC4060D-Q100-118/3678893,95 MHz,Up,Automotive,Binary Counter,14,1,-40°C ~ 125°C (TA),AEC-Q100,Asynchronous,74HC,,Negative Edge,2 V ~ 6 V
"74HC4060DB,112",Nexperia USA Inc.,NEXPERIA 74HC4060DB - BINARY COU,pmic-gate-drivers,2964,1.31,"16-SSOP (0.209"", 5.30mm Width)",Surface Mount,Active,https://assets.nexperia.com/documents/data-sheet/74HC_HCT4060.pdf,https://www.digikey.com/en/products/detail/rochester-electronics-llc/74HC4060DB-112/15641652,95 MHz,Up,,Binary Counter,14,1,-40°C ~ 125°C (TA),,Asynchronous,74HC,,Negative Edge,2 V ~ 6 V
"74HC4060DB,118",Nexperia USA Inc.,IC BINARY COUNTER 14-BIT 16SSOP,pmic-gate-drivers,0,1.14,"16-SSOP (0.209"", 5.30mm Width)",Surface Mount,Obsolete,https://assets.nexperia.com/documents/data-sheet/74HC_HCT4060.pdf,https://www.digikey.com/en/products/detail/nexperia-usa-inc/74HC4060DB-118/1230412,95 MHz,Up,,Binary Counter,14,1,-40°C ~ 125°C (TA),,Asynchronous,74HC,,Negative Edge,2 V ~ 6 V
74HC4060FP-E,Renesas Electronics Corporation,IC BINARY COUNTER 14-BIT,pmic-gate-drivers,5000,1.55,-,-,Active,https://rocelec.widen.net/view/pdf/ifapwe5g8e/74HC4060.pdf,https://www.digikey.com/en/products/detail/rochester-electronics-llc/74HC4060FP-E/12615773,95 MHz,Up,,Binary Counter,14,1,-40°C ~ 125°C (TA),,Asynchronous,74HC,,Negative Edge,2 V ~ 6 V
"74HC4060N,652",Nexperia USA Inc.,IC BINARY COUNTER 14-BIT 16DIP,pmic-gate-drivers,3213,1.94,"16-DIP (0.300"", 7.62mm)",Through Hole,Obsolete,https://www.digikey.com//mm.digikey.com/Volume0/opasdata/d220001/medias/docus/2271/74HC%28T%294060_Rev3.pdf,https://www.digikey.com/en/products/detail/rochester-electronics-llc/74HC4060N-652/11539494,95 MHz,Up,,Binary Counter,14,1,-40°C ~ 125°C (TA),,Asynchronous,74HC,,Negative Edge,2 V ~ 6 V
74HC4060P-E,Renesas Electronics Corporation,IC BINARY COUNTER 14-BIT,pmic-gate-drivers,7000,1.55,-,-,Active,https://rocelec.widen.net/view/pdf/ifapwe5g8e/74HC4060.pdf,https://www.digikey.com/en/products/detail/rochester-electronics-llc/74HC4060P-E/12614391,95 MHz,Up,,Binary Counter,14,1,-40°C ~ 125°C (TA),,Asynchronous,74HC,,Negative Edge,2 V ~ 6 V
"74HC4060PW,118",Nexperia USA Inc.,IC BINARY COUNTER 14BIT 16TSSOP,pmic-gate-drivers,5093,0.41,"16-TSSOP (0.173"", 4.40mm Width)",Surface Mount,Active,https://assets.nexperia.com/documents/data-sheet/74HC_HCT4060.pdf,https://www.digikey.com/en/products/detail/nexperia-usa-inc/74HC4060PW-118/1230415,95 MHz,Up,,Binary Counter,14,1,-40°C ~ 125°C (TA),,Asynchronous,74HC,,Negative Edge,2 V ~ 6 V
"74HC4060PW-Q100,11",Nexperia USA Inc.,IC BINARY COUNTER 14BIT 16TSSOP,pmic-gate-drivers,2646,0.43,"16-TSSOP (0.173"", 4.40mm Width)",Surface Mount,Active,https://assets.nexperia.com/documents/data-sheet/74HC_HCT4060_Q100.pdf,https://www.digikey.com/en/products/detail/nexperia-usa-inc/74HC4060PW-Q100-11/3678894,95 MHz,Up,Automotive,Binary Counter,14,1,-40°C ~ 125°C (TA),AEC-Q100,Asynchronous,74HC,,Negative Edge,2 V ~ 6 V
74HC4518P-E,Renesas Electronics Corporation,74HC4518 DUAL BCD COUNTERS,pmic-gate-drivers,1682,1.63,-,-,Active,https://rocelec.widen.net/view/pdf/ahqro7kzz5/74HC4518.pdf,https://www.digikey.com/en/products/detail/rochester-electronics-llc/74HC4518P-E/12133785,,,,,,,,,,74HC,,,
"74HC4520D,112",Nexperia USA Inc.,NEXPERIA 74HC4520D - BINARY COUN,pmic-gate-drivers,13647,1.14,-,-,Active,https://rocelec.widen.net/view/pdf/fl28e3cgos/PHGL-S-A0002259682-1.pdf?t.download=true&u=5oefqw,https://www.digikey.com/en/products/detail/rochester-electronics-llc/74HC4520D-112/15637020,,,,,,,,,,*,,,
"74HC4520D,118",Nexperia USA Inc.,IC BINARY COUNTER DL 4BIT 16SO,pmic-gate-drivers,150,0.64,"16-SOIC (0.154"", 3.90mm Width)",Surface Mount,Active,https://assets.nexperia.com/documents/data-sheet/74HC_HCT4520.pdf,https://www.digikey.com/en/products/detail/nexperia-usa-inc/74HC4520D-118/1230459,69 MHz,Up,,Binary Counter,4,2,-40°C ~ 125°C,,Asynchronous,74HC,Synchronous,"Positive, Negative",2 V ~ 6 V
74HC4520D-Q100J,Nexperia USA Inc.,IC BINARY COUNTER DL 4BIT 16SO,pmic-gate-drivers,0,0.38638,"16-SOIC (0.154"", 3.90mm Width)",Surface Mount,Active,https://assets.nexperia.com/documents/data-sheet/74HC_HCT4520_Q100.pdf,https://www.digikey.com/en/products/detail/nexperia-usa-inc/74HC4520D-Q100J/5169933,69 MHz,Up,Automotive,Binary Counter,4,2,-40°C ~ 125°C,AEC-Q100,Asynchronous,74HC,Synchronous,"Positive, Negative",2 V ~ 6 V
"74HC4520D/S400,118",Nexperia USA Inc.,IC BINARY COUNTER DL 4BIT 16SO,pmic-gate-drivers,7500,0.78,"16-SOIC (0.154"", 3.90mm Width)",Surface Mount,Active,https://rocelec.widen.net/view/pdf/ewlfjae8ec/PHGL-S-A0000178052-1.pdf?t.download=true&u=5oefqw,https://www.digikey.com/en/products/detail/rochester-electronics-llc/74HC4520D-S400-118/18448255,69 MHz,Up,,Binary Counter,4,2,-40°C ~ 125°C (TA),,Asynchronous,74HC,Synchronous,"Positive, Negative",2 V ~ 6 V
"74HC4520DB,112",Nexperia USA Inc.,IC BINARY COUNTR DL 4BIT 16SSOP,pmic-gate-drivers,1948,1.5,"16-SSOP (0.209"", 5.30mm Width)",Surface Mount,Obsolete,https://assets.nexperia.com/documents/data-sheet/74HC_HCT4520.pdf,https://www.digikey.com/en/products/detail/rochester-electronics-llc/74HC4520DB-112/11521532,69 MHz,Up,,Binary Counter,4,2,-40°C ~ 125°C,,Asynchronous,74HC,Synchronous,"Positive, Negative",2 V ~ 6 V
"74HC4520DB,118",Nexperia USA Inc.,IC BINARY COUNTR DL 4BIT 16SSOP,pmic-gate-drivers,9500,1.5,"16-SSOP (0.209"", 5.30mm Width)",Surface Mount,Obsolete,https://assets.nexperia.com/documents/data-sheet/74HC_HCT4520.pdf,https://www.digikey.com/en/products/detail/rochester-electronics-llc/74HC4520DB-118/11514113,69 MHz,Up,,Binary Counter,4,2,-40°C ~ 125°C,,Asynchronous,74HC,Synchronous,"Positive, Negative",2 V ~ 6 V
74HC4520FP-E,Renesas Electronics Corporation,IC BINARY COUNTER DUAL 4-BIT,pmic-gate-drivers,2000,1.35,-,-,Active,https://rocelec.widen.net/view/pdf/w8x9eixvgj/74HC4520.pdf,https://www.digikey.com/en/products/detail/rochester-electronics-llc/74HC4520FP-E/12134525,69 MHz,Up,,Binary Counter,4,2,-40°C ~ 125°C,,Asynchronous,74HC,Synchronous,"Positive, Negative",2 V ~ 6 V
74HC4520P-E,Renesas Electronics Corporation,IC BINARY COUNTER DUAL 4-BIT,pmic-gate-drivers,5000,1.35,-,-,Active,https://rocelec.widen.net/view/pdf/w8x9eixvgj/74HC4520.pdf,https://www.digikey.com/en/products/detail/rochester-electronics-llc/74HC4520P-E/12134710,69 MHz,Up,,Binary Counter,4,2,-40°C ~ 125°C,,Asynchronous,74HC,Synchronous,"Positive, Negative",2 V ~ 6 V
"74HC4520PW,118",Nexperia USA Inc.,IC BIN COUNTER DL 4BIT 16TSSOP,pmic-gate-drivers,0,0.77,"16-TSSOP (0.173"", 4.40mm Width)",Surface Mount,Active,https://assets.nexperia.com/documents/data-sheet/74HC_HCT4520.pdf,https://www.digikey.com/en/products/detail/nexperia-usa-inc/74HC4520PW-118/1230461,69 MHz,Up,,Binary Counter,4,2,-40°C ~ 125°C,,Asynchronous,74HC,Synchronous,"Positive, Negative",2 V ~ 6 V
74HC4520PW-Q100J,NXP USA Inc.,IC BIN COUNTER DL 4BIT 16TSSOP,pmic-gate-drivers,0,0.36105,"16-TSSOP (0.173"", 4.40mm Width)",Surface Mount,Obsolete,,https://www.digikey.com/en/products/detail/nxp-usa-inc/74HC4520PW-Q100J/5169934,69 MHz,Up,Automotive,Binary Counter,4,2,-40°C ~ 125°C,AEC-Q100,Asynchronous,74HC,Synchronous,"Positive, Negative",2 V ~ 6 V
74HC4520PW/S400J,Nexperia USA Inc.,IC BIN COUNTER DL 4BIT 16TSSOP,pmic-gate-drivers,5000,1.03,"16-TSSOP (0.173"", 4.40mm Width)",Surface Mount,Active,https://rocelec.widen.net/view/pdf/ewlfjae8ec/PHGL-S-A0000178052-1.pdf?t.download=true&u=5oefqw,https://www.digikey.com/en/products/detail/rochester-electronics-llc/74HC4520PW-S400J/18444910,69 MHz,Up,,Binary Counter,4,2,-40°C ~ 125°C (TA),,Asynchronous,74HC,Synchronous,"Positive, Negative",2 V ~ 6 V
"74HC590BQ,115",Nexperia USA Inc.,IC BINARY COUNTER 8-BIT 16DHVQFN,pmic-gate-drivers,8680,0.51,16-VFQFN Exposed Pad,Surface Mount,Active,https://assets.nexperia.com/documents/data-sheet/74HC590.pdf,https://www.digikey.com/en/products/detail/nexperia-usa-inc/74HC590BQ-115/1230484,61 MHz,Up,,Binary Counter,8,1,-40°C ~ 125°C,,Asynchronous,74HC,,Positive Edge,2 V ~ 6 V
"74HC590D,118",Nexperia USA Inc.,IC BINARY COUNTER 8-BIT 16SO,pmic-gate-drivers,896,0.45,"16-SOIC (0.154"", 3.90mm Width)",Surface Mount,Active,https://assets.nexperia.com/documents/data-sheet/74HC590.pdf,https://www.digikey.com/en/products/detail/nexperia-usa-inc/74HC590D-118/1230486,61 MHz,Up,,Binary Counter,8,1,-40°C ~ 125°C,,Asynchronous,74HC,,Positive Edge,2 V ~ 6 V
"74HC590PW,118",Nexperia USA Inc.,IC BINARY COUNTER 8-BIT 16TSSOP,pmic-gate-drivers,20705,0.46,"16-TSSOP (0.173"", 4.40mm Width)",Surface Mount,Active,https://assets.nexperia.com/documents/data-sheet/74HC590.pdf,https://www.digikey.com/en/products/detail/nexperia-usa-inc/74HC590PW-118/1230488,61 MHz,Up,,Binary Counter,8,1,-40°C ~ 125°C,,Asynchronous,74HC,,Positive Edge,2 V ~ 6 V
74HC590PW-Q100J,Nexperia USA Inc.,74HC590PW-Q100/SOT403/TSSOP16,pmic-gate-drivers,0,0.24532,"16-TSSOP (0.173"", 4.40mm Width)",Surface Mount,Active,https://assets.nexperia.com/documents/data-sheet/74HC590_Q100.pdf,https://www.digikey.com/en/products/detail/nexperia-usa-inc/74HC590PW-Q100J/22126197,52 MHz,Up,Automotive,Binary Counter,8,1,-40°C ~ 125°C,AEC-Q100,Asynchronous,,Synchronous,Positive Edge,2 V ~ 6 V
"74HC6323AD,118",Nexperia USA Inc.,74HC6323A - NOW NEXPERIA 74HC632,pmic-gate-drivers,11866,1.27,"8-SOIC (0.154"", 3.90mm Width)",Surface Mount,Active,https://assets.nexperia.com/documents/data-sheet/74HC_HCT6323A.pdf,https://www.digikey.com/en/products/detail/rochester-electronics-llc/74HC6323AD-118/15638420,100 MHz,Up,,Divide-by-N,3,3,-40°C ~ 125°C,,,74HC,,Negative Edge,
74HC669P-E,Renesas Electronics Corporation,74HC669 SYNCHRONOUS UP/DOWN 4 BI,pmic-gate-drivers,3748,1.9,-,-,Active,https://rocelec.widen.net/view/pdf/k7362ag5rq/74HC669.pdf,https://www.digikey.com/en/products/detail/rochester-electronics-llc/74HC669P-E/12617060,,,,,,,,,,,,,
"74HCT160N,652",Nexperia USA Inc.,IC DECADE COUNTER 4-BIT 16DIP,pmic-gate-drivers,3675,1.69,"16-DIP (0.300"", 7.62mm)",Through Hole,Obsolete,https://assets.nexperia.com/documents/data-sheet/74HC160.pdf,https://www.digikey.com/en/products/detail/rochester-electronics-llc/74HCT160N-652/11523767,66 MHz,Up,,"Counter, Decade",4,1,-40°C ~ 125°C,,Asynchronous,74HCT,Synchronous,Positive Edge,4.5 V ~ 5.5 V
"74HCT161D,652",Nexperia USA Inc.,IC BINARY COUNTER 4-BIT 16SO,pmic-gate-drivers,6719,0.57,"16-SOIC (0.154"", 3.90mm Width)",Surface Mount,Obsolete,https://www.digikey.com//mm.digikey.com/Volume0/opasdata/d220001/medias/docus/2216/74HC_HCT161_Dec_1990.pdf,https://www.digikey.com/en/products/detail/rochester-electronics-llc/74HCT161D-652/11541977,41 MHz,Up,,Binary Counter,4,1,-40°C ~ 125°C,,Asynchronous,74HCT,Synchronous,Positive Edge,4.5 V ~ 5.5 V
"74HCT161D,653",Nexperia USA Inc.,IC BINARY COUNTER 4-BIT 16SO,pmic-gate-drivers,10922,0.57,"16-SOIC (0.154"", 3.90mm Width)",Surface Mount,Obsolete,https://www.digikey.com//mm.digikey.com/Volume0/opasdata/d220001/medias/docus/2216/74HC_HCT161_Dec_1990.pdf,https://www.digikey.com/en/products/detail/rochester-electronics-llc/74HCT161D-653/11528259,41 MHz,Up,,Binary Counter,4,1,-40°C ~ 125°C,,Asynchronous,74HCT,Synchronous,Positive Edge,4.5 V ~ 5.5 V
"74HCT161N,652",Nexperia USA Inc.,IC BINARY COUNTER 4-BIT 16DIP,pmic-gate-drivers,9699,1.94,"16-DIP (0.300"", 7.62mm)",Through Hole,Obsolete,https://www.digikey.com//mm.digikey.com/Volume0/opasdata/d220001/medias/docus/2216/74HC_HCT161_Dec_1990.pdf,https://www.digikey.com/en/products/detail/rochester-electronics-llc/74HCT161N-652/11555223,41 MHz,Up,,Binary Counter,4,1,-40°C ~ 125°C,,Asynchronous,74HCT,Synchronous,Positive Edge,4.5 V ~ 5.5 V
"74HCT163D,652",Nexperia USA Inc.,NEXPERIA 74HCT163D - BINARY COUN,pmic-gate-drivers,10030,0.72,-,-,Active,https://assets.nexperia.com/documents/data-sheet/74HC_HCT163.pdf,https://www.digikey.com/en/products/detail/rochester-electronics-llc/74HCT163D-652/15638679,,,,,,,,,,*,,,
"74HCT163D,653",Nexperia USA Inc.,NEXPERIA 74HCT163D - BINARY COUN,pmic-gate-drivers,6805,0.62,-,-,Active,https://rocelec.widen.net/view/pdf/peglhnsmo8/PHGL-S-A0001367747-1.pdf?t.download=true&u=5oefqw,https://www.digikey.com/en/products/detail/rochester-electronics-llc/74HCT163D-653/15638361,,,,,,,,,,*,,,
"74HCT163N,652",Nexperia USA Inc.,IC BINARY COUNTER 4-BIT 16DIP,pmic-gate-drivers,8760,1.94,"16-DIP (0.300"", 7.62mm)",Through Hole,Obsolete,https://assets.nexperia.com/documents/data-sheet/74HC_HCT163.pdf,https://www.digikey.com/en/products/detail/rochester-electronics-llc/74HCT163N-652/11528207,45 MHz,Up,,Binary Counter,4,1,-40°C ~ 125°C,,Synchronous,74HCT,Synchronous,Positive Edge,4.5 V ~ 5.5 V
"74HCT191D,652",Nexperia USA Inc.,IC BINARY COUNTER 4-BIT 16SO,pmic-gate-drivers,6710,0.66,"16-SOIC (0.154"", 3.90mm Width)",Surface Mount,Obsolete,https://assets.nexperia.com/documents/data-sheet/74HC191.pdf,https://www.digikey.com/en/products/detail/rochester-electronics-llc/74HCT191D-652/11530768,39 MHz,"Up, Down",,Binary Counter,4,1,-40°C ~ 125°C,,,74HCT,Synchronous,Positive Edge,4.5 V ~ 5.5 V
"74HCT191N,652",Nexperia USA Inc.,IC BINARY COUNTER 4-BIT 16DIP,pmic-gate-drivers,5580,1.83,"16-DIP (0.300"", 7.62mm)",Through Hole,Obsolete,https://assets.nexperia.com/documents/data-sheet/74HC191.pdf,https://www.digikey.com/en/products/detail/rochester-electronics-llc/74HCT191N-652/11540315,39 MHz,"Up, Down",,Binary Counter,4,1,-40°C ~ 125°C,,,74HCT,Synchronous,Positive Edge,4.5 V ~ 5.5 V
"74HCT193D,652",Nexperia USA Inc.,NEXPERIA 74HCT193D - BINARY COUN,pmic-gate-drivers,16833,1.29,-,-,Active,https://assets.nexperia.com/documents/data-sheet/74HC_HCT193.pdf,https://www.digikey.com/en/products/detail/rochester-electronics-llc/74HCT193D-652/15635495,,,,,,,,,,*,,,
"74HCT193D,653",Nexperia USA Inc.,IC BINARY COUNTER 4-BIT 16SO,pmic-gate-drivers,525,0.82,"16-SOIC (0.154"", 3.90mm Width)",Surface Mount,Active,https://assets.nexperia.com/documents/data-sheet/74HC_HCT193.pdf,https://www.digikey.com/en/products/detail/nexperia-usa-inc/74HCT193D-653/1230699,43 MHz,"Up, Down",,Binary Counter,4,1,-40°C ~ 125°C,,Asynchronous,74HCT,Synchronous,Positive Edge,4.5 V ~ 5.5 V
74HCT193D-Q100J,Nexperia USA Inc.,IC BINARY COUNTER 4-BIT 16SO,pmic-gate-drivers,0,0.59,"16-SOIC (0.154"", 3.90mm Width)",Surface Mount,Active,https://assets.nexperia.com/documents/data-sheet/74HC_HCT193_Q100.pdf,https://www.digikey.com/en/products/detail/nexperia-usa-inc/74HCT193D-Q100J/4020259,43 MHz,"Up, Down",Automotive,Binary Counter,4,1,-40°C ~ 125°C,AEC-Q100,Asynchronous,74HCT,Synchronous,Positive Edge,4.5 V ~ 5.5 V
"74HCT193DB,112",Nexperia USA Inc.,IC BINARY COUNTER 4-BIT 16SSOP,pmic-gate-drivers,0,1.3,"16-SSOP (0.209"", 5.30mm Width)",Surface Mount,Obsolete,https://assets.nexperia.com/documents/data-sheet/74HC_HCT193.pdf,https://www.digikey.com/en/products/detail/nexperia-usa-inc/74HCT193DB-112/1023074,43 MHz,"Up, Down",,Binary Counter,4,1,-40°C ~ 125°C,,Asynchronous,74HCT,Synchronous,Positive Edge,4.5 V ~ 5.5 V
"74HCT193N,652",Nexperia USA Inc.,IC BINARY COUNTER 4-BIT 16DIP,pmic-gate-drivers,1290,1.83,"16-DIP (0.300"", 7.62mm)",Through Hole,Obsolete,https://assets.nexperia.com/documents/data-sheet/74HC_HCT193.pdf,https://www.digikey.com/en/products/detail/rochester-electronics-llc/74HCT193N-652/11520824,43 MHz,"Up, Down",,Binary Counter,4,1,-40°C ~ 125°C,,Asynchronous,74HCT,Synchronous,Positive Edge,4.5 V ~ 5.5 V
"74HCT193PW,118",Nexperia USA Inc.,IC BINARY COUNTER 4-BIT 16TSSOP,pmic-gate-drivers,0,0.43,"16-TSSOP (0.173"", 4.40mm Width)",Surface Mount,Active,https://assets.nexperia.com/documents/data-sheet/74HC_HCT193.pdf,https://www.digikey.com/en/products/detail/nexperia-usa-inc/74HCT193PW-118/1692582,43 MHz,"Up, Down",,Binary Counter,4,1,-40°C ~ 125°C,,Asynchronous,74HCT,Synchronous,Positive Edge,4.5 V ~ 5.5 V
74HCT193PW-Q100J,Nexperia USA Inc.,IC BINARY COUNTER 4-BIT 16TSSOP,pmic-gate-drivers,0,0.55,"16-TSSOP (0.173"", 4.40mm Width)",Surface Mount,Active,https://assets.nexperia.com/documents/data-sheet/74HC_HCT193_Q100.pdf,https://www.digikey.com/en/products/detail/nexperia-usa-inc/74HCT193PW-Q100J/4020260,43 MHz,"Up, Down",Automotive,Binary Counter,4,1,-40°C ~ 125°C,AEC-Q100,Asynchronous,74HCT,Synchronous,Positive Edge,4.5 V ~ 5.5 V
"74HCT390D,652",Nexperia USA Inc.,NEXPERIA 74HCT390D - DECADE COUN,pmic-gate-drivers,14847,0.96,-,-,Active,https://rocelec.widen.net/view/pdf/kc7mugmta7/PHGL-S-A0002333839-1.pdf?t.download=true&u=5oefqw,https://www.digikey.com/en/products/detail/rochester-electronics-llc/74HCT390D-652/15645012,,,,,,,,,,*,,,
"74HCT390D,653",Nexperia USA Inc.,IC DECADE COUNTER DL 4BIT 16SO,pmic-gate-drivers,2235,0.64,"16-SOIC (0.154"", 3.90mm Width)",Surface Mount,Active,https://assets.nexperia.com/documents/data-sheet/74HC_HCT390.pdf,https://www.digikey.com/en/products/detail/nexperia-usa-inc/74HCT390D-653/1230856,55 MHz,Up,,"Counter, Decade",4,2,-40°C ~ 125°C,,Asynchronous,74HCT,,Negative Edge,4.5 V ~ 5.5 V
"74HCT390DB,112",Nexperia USA Inc.,NEXPERIA 74HCT390DB - DECADE COU,pmic-gate-drivers,10602,1.16,-,-,Active,https://rocelec.widen.net/view/pdf/kc7mugmta7/PHGL-S-A0002333839-1.pdf?t.download=true&u=5oefqw,https://www.digikey.com/en/products/detail/rochester-electronics-llc/74HCT390DB-112/15642955,,,,,,,,,,*,,,
"74HCT390DB,118",Nexperia USA Inc.,IC DECADE COUNTR DL 4BIT 16SSOP,pmic-gate-drivers,0,0.3516,"16-SSOP (0.209"", 5.30mm Width)",Surface Mount,Obsolete,https://assets.nexperia.com/documents/data-sheet/74HC_HCT390.pdf,https://www.digikey.com/en/products/detail/nexperia-usa-inc/74HCT390DB-118/1230855,55 MHz,Up,,"Counter, Decade",4,2,-40°C ~ 125°C,,Asynchronous,74HCT,,Negative Edge,4.5 V ~ 5.5 V
"74HCT390N,652",Nexperia USA Inc.,IC DECADE COUNTER DL 4BIT 16DIP,pmic-gate-drivers,9681,1.51,"16-DIP (0.300"", 7.62mm)",Through Hole,Obsolete,https://assets.nexperia.com/documents/data-sheet/74HC_HCT390.pdf,https://www.digikey.com/en/products/detail/rochester-electronics-llc/74HCT390N-652/11530968,55 MHz,Up,,"Counter, Decade",4,2,-40°C ~ 125°C,,Asynchronous,74HCT,,Negative Edge,4.5 V ~ 5.5 V
74HCT390PWHL,Nexperia USA Inc.,IC DECADE COUNT DL 4BIT 16TSSOP,pmic-gate-drivers,0,0.21776,"16-TSSOP (0.173"", 4.40mm Width)",Surface Mount,Active,https://assets.nexperia.com/documents/data-sheet/74HC_HCT390.pdf,https://www.digikey.com/en/products/detail/nexperia-usa-inc/74HCT390PWHL/17295421,61 MHz,Up,,"Counter, Decade",4,2,-40°C ~ 125°C (TA),,Asynchronous,74HCT,,Negative Edge,4.5 V ~ 5.5 V
"74HCT393BQ,115",Nexperia USA Inc.,IC BIN COUNTER DL 4BIT 14DHVQFN,pmic-gate-drivers,0,0.27936,14-VFQFN Exposed Pad,Surface Mount,Active,https://assets.nexperia.com/documents/data-sheet/74HC_HCT393.pdf,https://www.digikey.com/en/products/detail/nexperia-usa-inc/74HCT393BQ-115/1023110,107 MHz,Up,,Binary Counter,4,2,-40°C ~ 125°C,,Asynchronous,74HCT,,Negative Edge,4.5 V ~ 5.5 V
74HCT393BQ-Q100X,Nexperia USA Inc.,IC BIN COUNTER DL 4BIT 14DHVQFN,pmic-gate-drivers,0,0.32864,14-VFQFN Exposed Pad,Surface Mount,Active,https://assets.nexperia.com/documents/data-sheet/74HC_HCT393_Q100.pdf,https://www.digikey.com/en/products/detail/nexperia-usa-inc/74HCT393BQ-Q100X/5169935,53 MHz,Up,Automotive,Binary Counter,4,2,-40°C ~ 125°C,AEC-Q100,Asynchronous,74HCT,,Negative Edge,4.5 V ~ 5.5 V
"74HCT393D,652",Nexperia USA Inc.,NEXPERIA 74HCT393D - BINARY COUN,pmic-gate-drivers,11885,0.76,-,-,Active,https://rocelec.widen.net/view/pdf/iijenwfvra/PHGL-S-A0001295707-1.pdf?t.download=true&u=5oefqw,https://www.digikey.com/en/products/detail/rochester-electronics-llc/74HCT393D-652/15636038,,,,,,,,,,*,,,
"74HCT393D,653",Nexperia USA Inc.,IC BINARY COUNTER DL 4BIT 14SO,pmic-gate-drivers,57,0.45,"14-SOIC (0.154"", 3.90mm Width)",Surface Mount,Active,https://assets.nexperia.com/documents/data-sheet/74HC_HCT393.pdf,https://www.digikey.com/en/products/detail/nexperia-usa-inc/74HCT393D-653/1230859,107 MHz,Up,,Binary Counter,4,2,-40°C ~ 125°C,,Asynchronous,74HCT,,Negative Edge,4.5 V ~ 5.5 V
74HCT393D-Q100J,Nexperia USA Inc.,IC BINARY COUNTER DL 4BIT 14SO,pmic-gate-drivers,0,0.25271,"14-SOIC (0.154"", 3.90mm Width)",Surface Mount,Active,https://assets.nexperia.com/documents/data-sheet/74HC_HCT393_Q100.pdf,https://www.digikey.com/en/products/detail/nexperia-usa-inc/74HCT393D-Q100J/5169936,53 MHz,Up,Automotive,Binary Counter,4,2,-40°C ~ 125°C,AEC-Q100,Asynchronous,74HCT,,Negative Edge,4.5 V ~ 5.5 V
"74HCT393DB,112",Nexperia USA Inc.,NEXPERIA 74HCT393DB - BINARY COU,pmic-gate-drivers,5469,1.0,-,-,Active,https://rocelec.widen.net/view/pdf/iijenwfvra/PHGL-S-A0001295707-1.pdf?t.download=true&u=5oefqw,https://www.digikey.com/en/products/detail/rochester-electronics-llc/74HCT393DB-112/15645865,,,,,,,,,,*,,,
"74HCT393N,652",Nexperia USA Inc.,IC BINARY COUNTER DL 4BIT 14DIP,pmic-gate-drivers,7194,1.51,"14-DIP (0.300"", 7.62mm)",Through Hole,Obsolete,https://www.digikey.com//mm.digikey.com/Volume0/opasdata/d220001/medias/docus/2362/74HC%28T%29393_Rev5.pdf,https://www.digikey.com/en/products/detail/rochester-electronics-llc/74HCT393N-652/11530996,107 MHz,Up,,Binary Counter,4,2,-40°C ~ 125°C,,Asynchronous,74HCT,,Negative Edge,4.5 V ~ 5.5 V
"74HCT393PW,118",Nexperia USA Inc.,IC BIN COUNTER DL 4BIT 14TSSOP,pmic-gate-drivers,0,0.20282,"14-TSSOP (0.173"", 4.40mm Width)",Surface Mount,Active,https://assets.nexperia.com/documents/data-sheet/74HC_HCT393.pdf,https://www.digikey.com/en/products/detail/nexperia-usa-inc/74HCT393PW-118/1230861,107 MHz,Up,,Binary Counter,4,2,-40°C ~ 125°C,,Asynchronous,74HCT,,Negative Edge,4.5 V ~ 5.5 V
74HCT393PW-Q100J,Nexperia USA Inc.,IC BIN COUNTER DL 4BIT 14TSSOP,pmic-gate-drivers,0,0.25118,"14-TSSOP (0.173"", 4.40mm Width)",Surface Mount,Active,https://assets.nexperia.com/documents/data-sheet/74HC_HCT393_Q100.pdf,https://www.digikey.com/en/products/detail/nexperia-usa-inc/74HCT393PW-Q100J/5169937,53 MHz,Up,Automotive,Binary Counter,4,2,-40°C ~ 125°C,AEC-Q100,Asynchronous,74HCT,,Negative Edge,4.5 V ~ 5.5 V
"74HCT4017BQ,115",Nexperia USA Inc.,IC DECADE COUNTER 10BIT 16DHVQFN,pmic-gate-drivers,0,0.68,16-VFQFN Exposed Pad,Surface Mount,Active,https://assets.nexperia.com/documents/data-sheet/74HC_HCT4017.pdf,https://www.digikey.com/en/products/detail/nexperia-usa-inc/74HCT4017BQ-115/1966023,67 MHz,Up,,"Counter, Decade",10,1,-40°C ~ 125°C (TA),,Asynchronous,74HCT,Synchronous,"Positive, Negative",4.5 V ~ 5.5 V
74HCT4017BQ-Q100X,Nexperia USA Inc.,IC DECADE COUNTER 10BIT 16DHVQFN,pmic-gate-drivers,0,0.38254,16-VFQFN Exposed Pad,Surface Mount,Active,https://assets.nexperia.com/documents/data-sheet/74HC_HCT4017_Q100.pdf,https://www.digikey.com/en/products/detail/nexperia-usa-inc/74HCT4017BQ-Q100X/4475821,67 MHz,Up,Automotive,"Counter, Decade",10,1,-40°C ~ 125°C (TA),AEC-Q100,Asynchronous,74HCT,Synchronous,"Positive, Negative",4.5 V ~ 5.5 V
"74HCT4017D,652",Nexperia USA Inc.,IC DECADE COUNTER 10BIT 16SO,pmic-gate-drivers,0,0.81,"16-SOIC (0.154"", 3.90mm Width)",Surface Mount,Obsolete,https://assets.nexperia.com/documents/data-sheet/74HC_HCT4017.pdf,https://www.digikey.com/en/products/detail/nexperia-usa-inc/74HCT4017D-652/1023121,67 MHz,Up,,"Counter, Decade",10,1,-40°C ~ 125°C (TA),,Asynchronous,74HCT,Synchronous,"Positive, Negative",4.5 V ~ 5.5 V
"74HCT4017D,653",Nexperia USA Inc.,IC DECADE COUNTER 10BIT 16SO,pmic-gate-drivers,869,0.56,"16-SOIC (0.154"", 3.90mm Width)",Surface Mount,Active,https://assets.nexperia.com/documents/data-sheet/74HC_HCT4017.pdf,https://www.digikey.com/en/products/detail/nexperia-usa-inc/74HCT4017D-653/1230879,67 MHz,Up,,"Counter, Decade",10,1,-40°C ~ 125°C (TA),,Asynchronous,74HCT,Synchronous,"Positive, Negative",4.5 V ~ 5.5 V
74HCT4017D-Q100J,Nexperia USA Inc.,IC DECADE COUNTER 10BIT 16SO,pmic-gate-drivers,0,0.29075,"16-SOIC (0.154"", 3.90mm Width)",Surface Mount,Active,https://assets.nexperia.com/documents/data-sheet/74HC_HCT4017_Q100.pdf,https://www.digikey.com/en/products/detail/nexperia-usa-inc/74HCT4017D-Q100J/4475738,67 MHz,Up,Automotive,"Counter, Decade",10,1,-40°C ~ 125°C (TA),AEC-Q100,Asynchronous,74HCT,Synchronous,"Positive, Negative",4.5 V ~ 5.5 V
"74HCT4020BQ,115",Nexperia USA Inc.,IC BINARY COUNTER 14BIT 16DHVQFN,pmic-gate-drivers,2975,0.59,16-VFQFN Exposed Pad,Surface Mount,Active,https://assets.nexperia.com/documents/data-sheet/74HC_HCT4020.pdf,https://www.digikey.com/en/products/detail/nexperia-usa-inc/74HCT4020BQ-115/2530568,47 MHz,Up,,Binary Counter,14,1,-40°C ~ 125°C,,Asynchronous,74HCT,,Negative Edge,4.5 V ~ 5.5 V
74HCT4020BQ-Q100X,Nexperia USA Inc.,IC BINARY COUNTER 14BIT 16DHVQFN,pmic-gate-drivers,0,0.59,16-VFQFN Exposed Pad,Surface Mount,Active,https://assets.nexperia.com/documents/data-sheet/74HC_HCT4020_Q100.pdf,https://www.digikey.com/en/products/detail/nexperia-usa-inc/74HCT4020BQ-Q100X/4288344,47 MHz,Up,Automotive,Binary Counter,14,1,-40°C ~ 125°C,AEC-Q100,Asynchronous,74HCT,,Negative Edge,4.5 V ~ 5.5 V
"74HCT4020D,652",Nexperia USA Inc.,NEXPERIA 74HCT4020D - BINARY COU,pmic-gate-drivers,17547,0.96,-,-,Active,https://assets.nexperia.com/documents/data-sheet/74HC_HCT4020.pdf,https://www.digikey.com/en/products/detail/rochester-electronics-llc/74HCT4020D-652/15641656,,,,,,,,,,*,,,
"74HCT4020D,653",Nexperia USA Inc.,IC BINARY COUNTER 14-BIT 16SO,pmic-gate-drivers,1074,0.62,"16-SOIC (0.154"", 3.90mm Width)",Surface Mount,Active,https://assets.nexperia.com/documents/data-sheet/74HC_HCT4020.pdf,https://www.digikey.com/en/products/detail/nexperia-usa-inc/74HCT4020D-653/1230882,47 MHz,Up,,Binary Counter,14,1,-40°C ~ 125°C,,Asynchronous,74HCT,,Negative Edge,4.5 V ~ 5.5 V
74HCT4020D-Q100J,Nexperia USA Inc.,IC BINARY COUNTER 14-BIT 16SO,pmic-gate-drivers,0,0.312,"16-SOIC (0.154"", 3.90mm Width)",Surface Mount,Active,https://assets.nexperia.com/documents/data-sheet/74HC_HCT4020_Q100.pdf,https://www.digikey.com/en/products/detail/nexperia-usa-inc/74HCT4020D-Q100J/4020270,47 MHz,Up,Automotive,Binary Counter,14,1,-40°C ~ 125°C,AEC-Q100,Asynchronous,74HCT,,Negative Edge,4.5 V ~ 5.5 V
"74HCT4020N,652",Nexperia USA Inc.,IC BINARY COUNTER 14-BIT 16DIP,pmic-gate-drivers,2308,1.83,"16-DIP (0.300"", 7.62mm)",Through Hole,Obsolete,https://assets.nexperia.com/documents/data-sheet/74HC_HCT4020.pdf,https://www.digikey.com/en/products/detail/rochester-electronics-llc/74HCT4020N-652/11538852,47 MHz,Up,,Binary Counter,14,1,-40°C ~ 125°C,,Asynchronous,74HCT,,Negative Edge,4.5 V ~ 5.5 V
"74HCT4020PW,112",Nexperia USA Inc.,NEXPERIA 74HCT4020PW - BINARY CO,pmic-gate-drivers,16849,0.77,-,-,Active,https://rocelec.widen.net/view/pdf/0ipj5hpfuz/PHGLS25199-1.pdf?t.download=true&u=5oefqw,https://www.digikey.com/en/products/detail/rochester-electronics-llc/74HCT4020PW-112/15644918,,,,,,,,,,*,,,
"74HCT4020PW,118",Nexperia USA Inc.,IC BINARY COUNTER 14BIT 16TSSOP,pmic-gate-drivers,0,0.20174,"16-TSSOP (0.173"", 4.40mm Width)",Surface Mount,Active,https://assets.nexperia.com/documents/data-sheet/74HC_HCT4020.pdf,https://www.digikey.com/en/products/detail/nexperia-usa-inc/74HCT4020PW-118/1230884,47 MHz,Up,,Binary Counter,14,1,-40°C ~ 125°C,,Asynchronous,74HCT,,Negative Edge,4.5 V ~ 5.5 V
74HCT4020PW-Q100J,Nexperia USA Inc.,IC BINARY COUNTER 14BIT 16TSSOP,pmic-gate-drivers,0,0.25241,"16-TSSOP (0.173"", 4.40mm Width)",Surface Mount,Active,https://assets.nexperia.com/documents/data-sheet/74HC_HCT4020_Q100.pdf,https://www.digikey.com/en/products/detail/nexperia-usa-inc/74HCT4020PW-Q100J/4020271,47 MHz,Up,Automotive,Binary Counter,14,1,-40°C ~ 125°C,AEC-Q100,Asynchronous,74HCT,,Negative Edge,4.5 V ~ 5.5 V
74HCT4040BQ-Q100X,Nexperia USA Inc.,IC BINARY COUNTER 12BIT 16DHVQFN,pmic-gate-drivers,0,0.5,16-VFQFN Exposed Pad,Surface Mount,Active,https://assets.nexperia.com/documents/data-sheet/74HC_HCT4040_Q100.pdf,https://www.digikey.com/en/products/detail/nexperia-usa-inc/74HCT4040BQ-Q100X/4843084,79 MHz,Up,Automotive,Binary Counter,12,1,-40°C ~ 125°C,AEC-Q100,Asynchronous,74HCT,,Negative Edge,4.5 V ~ 5.5 V
74HCT4040BQX,Nexperia USA Inc.,74HCT4040 - 12-STAGE BINARY RIPP,pmic-gate-drivers,32880,0.44,-,-,Active,https://assets.nexperia.com/documents/data-sheet/74HC_HCT4040.pdf,https://www.digikey.com/en/products/detail/rochester-electronics-llc/74HCT4040BQX/15646700,,,,,,,,,,*,,,
"74HCT4040D,652",Nexperia USA Inc.,NEXPERIA 74HCT4040D - BINARY COU,pmic-gate-drivers,9603,0.99,-,-,Active,https://assets.nexperia.com/documents/data-sheet/74HC_HCT4040.pdf,https://www.digikey.com/en/products/detail/rochester-electronics-llc/74HCT4040D-652/15640738,,,,,,,,,,*,,,
"74HCT4040D,653",Nexperia USA Inc.,IC BINARY COUNTER 12-BIT 16SO,pmic-gate-drivers,481,0.46,"16-SOIC (0.154"", 3.90mm Width)",Surface Mount,Active,https://assets.nexperia.com/documents/data-sheet/74HC_HCT4040.pdf,https://www.digikey.com/en/products/detail/nexperia-usa-inc/74HCT4040D-653/1230886,79 MHz,Up,,Binary Counter,12,1,-40°C ~ 125°C,,Asynchronous,74HCT,,Negative Edge,4.5 V ~ 5.5 V
74HCT4040D-Q100J,Nexperia USA Inc.,IC BINARY COUNTER 12-BIT 16SO,pmic-gate-drivers,0,0.32109,"16-SOIC (0.154"", 3.90mm Width)",Surface Mount,Active,https://assets.nexperia.com/documents/data-sheet/74HC_HCT4040_Q100.pdf,https://www.digikey.com/en/products/detail/nexperia-usa-inc/74HCT4040D-Q100J/4020273,79 MHz,Up,Automotive,Binary Counter,12,1,-40°C ~ 125°C,AEC-Q100,Asynchronous,74HCT,,Negative Edge,4.5 V ~ 5.5 V
"74HCT4040DB,112",Nexperia USA Inc.,NEXPERIA 74HCT4040DB - BINARY CO,pmic-gate-drivers,1092,1.04,-,-,Active,https://assets.nexperia.com/documents/data-sheet/74HC_HCT4040.pdf,https://www.digikey.com/en/products/detail/rochester-electronics-llc/74HCT4040DB-112/15638982,,,,,,,,,,*,,,
"74HCT4040DB,118",Nexperia USA Inc.,IC BINARY COUNTER 12-BIT 16SSOP,pmic-gate-drivers,4000,0.9,"16-SSOP (0.209"", 5.30mm Width)",Surface Mount,Active,https://assets.nexperia.com/documents/data-sheet/74HC_HCT4040.pdf,https://www.digikey.com/en/products/detail/rochester-electronics-llc/74HCT4040DB-118/12598446,79 MHz,Up,,Binary Counter,12,1,-40°C ~ 125°C,,Asynchronous,74HCT,,Negative Edge,4.5 V ~ 5.5 V
"74HCT4040N,652",Nexperia USA Inc.,IC BINARY COUNTER 12-BIT 16DIP,pmic-gate-drivers,1325,1.94,"16-DIP (0.300"", 7.62mm)",Through Hole,Obsolete,https://www.digikey.com//mm.digikey.com/Volume0/opasdata/d220001/medias/docus/2339/74HC%28T%294040_Rev4.pdf,https://www.digikey.com/en/products/detail/rochester-electronics-llc/74HCT4040N-652/11509743,79 MHz,Up,,Binary Counter,12,1,-40°C ~ 125°C,,Asynchronous,74HCT,,Negative Edge,4.5 V ~ 5.5 V
"74HCT4040PW,112",Nexperia USA Inc.,NEXPERIA 74HCT4040PW - BINARY CO,pmic-gate-drivers,18365,1.35,"16-TSSOP (0.173"", 4.40mm Width)",Surface Mount,Active,https://rocelec.widen.net/view/pdf/hcxrrzir57/PHGLS29625-1.pdf?t.download=true&u=5oefqw,https://www.digikey.com/en/products/detail/rochester-electronics-llc/74HCT4040PW-112/15641704,79 MHz,Up,,Binary Counter,12,1,-40°C ~ 125°C (TA),,Asynchronous,74HCT,,Negative Edge,4.5 V ~ 5.5 V
"74HCT4040PW,118",Nexperia USA Inc.,IC BINARY COUNTER 12BIT 16TSSOP,pmic-gate-drivers,0,0.22376,"16-TSSOP (0.173"", 4.40mm Width)",Surface Mount,Active,https://assets.nexperia.com/documents/data-sheet/74HC_HCT4040.pdf,https://www.digikey.com/en/products/detail/nexperia-usa-inc/74HCT4040PW-118/1230887,79 MHz,Up,,Binary Counter,12,1,-40°C ~ 125°C,,Asynchronous,74HCT,,Negative Edge,4.5 V ~ 5.5 V
74HCT4040PW-Q100J,Nexperia USA Inc.,IC BINARY COUNTER 12BIT 16TSSOP,pmic-gate-drivers,0,0.27073,"16-TSSOP (0.173"", 4.40mm Width)",Surface Mount,Active,https://assets.nexperia.com/documents/data-sheet/74HC_HCT4040_Q100.pdf,https://www.digikey.com/en/products/detail/nexperia-usa-inc/74HCT4040PW-Q100J/4020274,79 MHz,Up,Automotive,Binary Counter,12,1,-40°C ~ 125°C,AEC-Q100,Asynchronous,74HCT,,Negative Edge,4.5 V ~ 5.5 V
"74HCT4060BQ,115",Nexperia USA Inc.,IC BINARY COUNTER 14BIT 16DHVQFN,pmic-gate-drivers,0,0.37,16-VFQFN Exposed Pad,Surface Mount,Active,https://assets.nexperia.com/documents/data-sheet/74HC_HCT4060.pdf,https://www.digikey.com/en/products/detail/nexperia-usa-inc/74HCT4060BQ-115/2034132,88 MHz,Up,,Binary Counter,14,1,-40°C ~ 125°C (TA),,Asynchronous,74HCT,,Negative Edge,4.5 V ~ 5.5 V
"74HCT4060BQ-Q100,1",Nexperia USA Inc.,IC BINARY COUNTER 14BIT 16DHVQFN,pmic-gate-drivers,0,0.44,16-VFQFN Exposed Pad,Surface Mount,Active,https://assets.nexperia.com/documents/data-sheet/74HC_HCT4060_Q100.pdf,https://www.digikey.com/en/products/detail/nexperia-usa-inc/74HCT4060BQ-Q100-1/3678980,88 MHz,Up,Automotive,Binary Counter,14,1,-40°C ~ 125°C (TA),AEC-Q100,Asynchronous,74HCT,,Negative Edge,4.5 V ~ 5.5 V
"74HCT4060D,652",Nexperia USA Inc.,NEXPERIA 74HCT4060D - BINARY COU,pmic-gate-drivers,14780,0.96,"16-SOIC (0.154"", 3.90mm Width)",Surface Mount,Active,https://assets.nexperia.com/documents/data-sheet/74HC_HCT4060.pdf,https://www.digikey.com/en/products/detail/rochester-electronics-llc/74HCT4060D-652/15639146,88 MHz,Up,,Binary Counter,14,1,-40°C ~ 125°C (TA),,Asynchronous,74HCT,,Negative Edge,4.5 V ~ 5.5 V
"74HCT4060D,653",Nexperia USA Inc.,IC BINARY COUNTER 14-BIT 16SO,pmic-gate-drivers,2,0.62,"16-SOIC (0.154"", 3.90mm Width)",Surface Mount,Active,https://assets.nexperia.com/documents/data-sheet/74HC_HCT4060.pdf,https://www.digikey.com/en/products/detail/nexperia-usa-inc/74HCT4060D-653/1230908,88 MHz,Up,,Binary Counter,14,1,-40°C ~ 125°C (TA),,Asynchronous,74HCT,,Negative Edge,4.5 V ~ 5.5 V
"74HCT4060D-Q100,11",Nexperia USA Inc.,IC BINARY COUNTER 14-BIT 16SO,pmic-gate-drivers,0,0.29245,"16-SOIC (0.154"", 3.90mm Width)",Surface Mount,Active,https://assets.nexperia.com/documents/data-sheet/74HC_HCT4060_Q100.pdf,https://www.digikey.com/en/products/detail/nexperia-usa-inc/74HCT4060D-Q100-11/3678981,88 MHz,Up,Automotive,Binary Counter,14,1,-40°C ~ 125°C (TA),AEC-Q100,Asynchronous,74HCT,,Negative Edge,4.5 V ~ 5.5 V
"74HCT4060DB,118",Nexperia USA Inc.,IC BINARY COUNTER 14-BIT 16SSOP,pmic-gate-drivers,2000,1.05,"16-SSOP (0.209"", 5.30mm Width)",Surface Mount,Active,https://rocelec.widen.net/view/pdf/rmepjfi5iw/PHGL-S-A0001477848-1.pdf?t.download=true&u=5oefqw,https://www.digikey.com/en/products/detail/rochester-electronics-llc/74HCT4060DB-118/12599225,88 MHz,Up,,Binary Counter,14,1,-40°C ~ 125°C (TA),,Asynchronous,74HCT,,Negative Edge,4.5 V ~ 5.5 V
74HCT4060DB-Q100J,Nexperia USA Inc.,IC BINARY COUNTER 12-BIT 16SSOP,pmic-gate-drivers,0,1.24,"16-SSOP (0.209"", 5.30mm Width)",Surface Mount,Obsolete,https://assets.nexperia.com/documents/data-sheet/74HC_HCT4060_Q100.pdf,https://www.digikey.com/en/products/detail/nexperia-usa-inc/74HCT4060DB-Q100J/4288206,88 MHz,Up,Automotive,Binary Counter,14,1,-40°C ~ 125°C (TA),AEC-Q100,Asynchronous,74HCT,,Negative Edge,4.5 V ~ 5.5 V
"74HCT4060N,652",Nexperia USA Inc.,IC BINARY COUNTER 14-BIT 16DIP,pmic-gate-drivers,3802,1.94,"16-DIP (0.300"", 7.62mm)",Through Hole,Obsolete,https://assets.nexperia.com/documents/data-sheet/74HC_HCT4060.pdf,https://www.digikey.com/en/products/detail/rochester-electronics-llc/74HCT4060N-652/11537235,88 MHz,Up,,Binary Counter,14,1,-40°C ~ 125°C (TA),,Asynchronous,74HCT,,Negative Edge,4.5 V ~ 5.5 V
"74HCT4520D,118",Nexperia USA Inc.,NOW NEXPERIA 74HCT4520D - BINARY,pmic-gate-drivers,4795,0.77,"16-SOIC (0.154"", 3.90mm Width)",Surface Mount,Active,https://rocelec.widen.net/view/pdf/ewlfjae8ec/PHGL-S-A0000178052-1.pdf?t.download=true&u=5oefqw,https://www.digikey.com/en/products/detail/rochester-electronics-llc/74HCT4520D-118/13505730,58 MHz,Up,,Binary Counter,4,2,-40°C ~ 125°C,,Asynchronous,74HCT,Synchronous,"Positive, Negative",4.5 V ~ 5.5 V
74HCT4520D-Q100J,Nexperia USA Inc.,IC BINARY COUNTER DL 4BIT 16SO,pmic-gate-drivers,0,0.36898,"16-SOIC (0.154"", 3.90mm Width)",Surface Mount,Active,https://assets.nexperia.com/documents/data-sheet/74HC_HCT4520_Q100.pdf,https://www.digikey.com/en/products/detail/nexperia-usa-inc/74HCT4520D-Q100J/5169938,58 MHz,Up,Automotive,Binary Counter,4,2,-40°C ~ 125°C,AEC-Q100,Asynchronous,74HCT,Synchronous,"Positive, Negative",4.5 V ~ 5.5 V
"74HCT4520DB,118",Nexperia USA Inc.,IC BINARY COUNTR DL 4BIT 16SSOP,pmic-gate-drivers,0,0.43728,"16-SSOP (0.209"", 5.30mm Width)",Surface Mount,Obsolete,https://assets.nexperia.com/documents/data-sheet/74HC_HCT4520.pdf,https://www.digikey.com/en/products/detail/nexperia-usa-inc/74HCT4520DB-118/1230954,58 MHz,Up,,Binary Counter,4,2,-40°C ~ 125°C,,Asynchronous,74HCT,Synchronous,"Positive, Negative",4.5 V ~ 5.5 V
"74HCT4520N,112",Nexperia USA Inc.,IC BINARY COUNTER DL 4BIT 16DIP,pmic-gate-drivers,1000,1.66,"16-DIP (0.300"", 7.62mm)",Through Hole,Obsolete,https://www.digikey.com//mm.digikey.com/Volume0/opasdata/d220001/medias/docus/2089/74HC%28T%294520.pdf,https://www.digikey.com/en/products/detail/rochester-electronics-llc/74HCT4520N-112/11536461,58 MHz,Up,,Binary Counter,4,2,-40°C ~ 125°C,,Asynchronous,74HCT,Synchronous,"Positive, Negative",4.5 V ~ 5.5 V
"74HCT6323AD,112",Nexperia USA Inc.,74HCT6323 - NOW NEXPERIA 74HCT63,pmic-gate-drivers,1626,1.78,"8-SOIC (0.154"", 3.90mm Width)",Surface Mount,Active,https://assets.nexperia.com/documents/data-sheet/74HC_HCT6323A.pdf,https://www.digikey.com/en/products/detail/rochester-electronics-llc/74HCT6323AD-112/15646034,85 MHz,Up,,Divide-by-N,3,1,-40°C ~ 125°C,,Asynchronous,74HCT,,Negative Edge,
74HCT6323AD/C4J,Nexperia USA Inc.,IC BINARY COUNTER 3-BIT 8SOIC,pmic-gate-drivers,25000,1.78,"8-SOIC (0.154"", 3.90mm Width)",Surface Mount,Active,https://assets.nexperia.com/documents/data-sheet/74HC_HCT6323A.pdf,https://www.digikey.com/en/products/detail/rochester-electronics-llc/74HCT6323AD-C4J/18447701,100 MHz,Up,,Divide-by-N,3,1,-40°C ~ 125°C (TA),,Asynchronous,74HCT,,Negative Edge,4.5 V ~ 5.5 V
74L192N,"Rochester Electronics, LLC",UP/DOWN DUAL CLOCK COUNTERS,pmic-gate-drivers,181,72.89,-,-,Active,https://rocelec.widen.net/view/pdf/hxqqpgnjiy/RE_DSHEET_74L192N-ROCV.pdf?t.download=true&u=h6ohhb,https://www.digikey.com/en/products/detail/rochester-electronics-llc/74L192N/12598464,,,,,,,,,,*,,,
74LS161AP-E,Renesas Electronics Corporation,SYNCHRONOUS 4-BIT BINARY COUNTER,pmic-gate-drivers,2000,1.11,-,-,Active,https://rocelec.widen.net/view/pdf/26b0wsf8xe/74LS161A.pdf,https://www.digikey.com/en/products/detail/rochester-electronics-llc/74LS161AP-E/12114950,,,,,,,,,,*,,,
74LS162APC,National Semiconductor,"DECADE COUNTER, SYNCHRONOUS",pmic-gate-drivers,14,21.43,-,-,Active,https://rocelec.widen.net/view/pdf/2wkazkmxqe/FAIRS32837-1.pdf?t.download=true&u=5oefqw,https://www.digikey.com/en/products/detail/rochester-electronics-llc/74LS162APC/12117345,,,,,,,,,,,,,
74LS190N,"Rochester Electronics, LLC","DECADE COUNTER, SYNCHRONOUS, BID",pmic-gate-drivers,177,36.44,-,-,Active,https://rocelec.widen.net/view/pdf/wxa6gd0duc/RE_DSHEET_74LS190N-ROCV.pdf?t.download=true&u=h6ohhb,https://www.digikey.com/en/products/detail/rochester-electronics-llc/74LS190N/12592681,,,,,,,,,,*,,,
74LS193P-E,Renesas Electronics Corporation,UP/DOWN 4-BIT BINARY COUNTER,pmic-gate-drivers,1000,1.49,-,-,Active,https://rocelec.widen.net/view/pdf/yry5go3wx0/74LS193.pdf,https://www.digikey.com/en/products/detail/rochester-electronics-llc/74LS193P-E/12118636,,,,,,,,,,*,,,
74LS390FP-E,Renesas Electronics Corporation,DECADE COUNTER,pmic-gate-drivers,1805,1.74,-,-,Active,https://rocelec.widen.net/view/pdf/nnznrkmpfj/74LS390.pdf,https://www.digikey.com/en/products/detail/rochester-electronics-llc/74LS390FP-E/12120551,,,,,,,,,,*,,,
74LS393FP-E,Renesas Electronics Corporation,DUAL 4-BIT BINARY COUNTERS,pmic-gate-drivers,7000,1.65,-,-,Active,https://rocelec.widen.net/view/pdf/axgeucfye6/74LS393.pdf,https://www.digikey.com/en/products/detail/rochester-electronics-llc/74LS393FP-E/12136543,,,,,,,,,,*,,,
74LS393P-E,Renesas Electronics Corporation,DUAL 4-BIT BINARY COUNTERS,pmic-gate-drivers,2700,1.65,-,-,Active,https://rocelec.widen.net/view/pdf/axgeucfye6/74LS393.pdf,https://www.digikey.com/en/products/detail/rochester-electronics-llc/74LS393P-E/12128085,,,,,,,,,,*,,,
74LS461ANS,"Rochester Electronics, LLC",74LS461ANS,pmic-gate-drivers,3693,30.15,-,-,Active,https://rocelec.widen.net/view/pdf/xlnedit701/MONMS00003-1.pdf?t.download=true&u=5oefqw,https://www.digikey.com/en/products/detail/rochester-electronics-llc/74LS461ANS/12710885,,,,,,,,,,*,,,
74LS469ANS,"Rochester Electronics, LLC",74LS469ANS,pmic-gate-drivers,1093,38.81,-,-,Active,https://rocelec.widen.net/view/pdf/3zptfy11eq/MONMS00126-1.pdf,https://www.digikey.com/en/products/detail/rochester-electronics-llc/74LS469ANS/12711343,,,,,,,,,,*,,,
74LS491ANS,"Rochester Electronics, LLC",74LS491ANS,pmic-gate-drivers,2942,38.81,-,-,Active,https://rocelec.widen.net/view/pdf/hsivnvqrz3/RE_DSHEET_74LS491ANS-ROCS.pdf?t.download=true&u=h6ohhb,https://www.digikey.com/en/products/detail/rochester-electronics-llc/74LS491ANS/12710847,,,,,,,,,,*,,,
74LS56P,"Rochester Electronics, LLC",74LS56P,pmic-gate-drivers,1590,41.28,-,-,Active,https://rocelec.widen.net/view/pdf/ib2f8yybl2/RE_DSHEET_74LS56P-ROCV.pdf?t.download=true&u=h6ohhb,https://www.digikey.com/en/products/detail/rochester-electronics-llc/74LS56P/12711684,,,,,,,,,,*,,,
"74LV393D,112",Nexperia USA Inc.,"NEXPERIA 74LV132D - NAND GATE, L",pmic-gate-drivers,4530,1.1,-,-,Active,https://assets.nexperia.com/documents/data-sheet/74LV393.pdf,https://www.digikey.com/en/products/detail/rochester-electronics-llc/74LV393D-112/15641571,,,,,,,,,,*,,,
"74LV393D,118",Nexperia USA Inc.,74LV393 - DUAL 4-BIT BINARY RIPP,pmic-gate-drivers,1015,0.33,-,-,Active,https://rocelec.widen.net/view/pdf/piovdq98ib/PHGL-S-A0001367341-1.pdf?t.download=true&u=5oefqw,https://www.digikey.com/en/products/detail/rochester-electronics-llc/74LV393D-118/13491723,,,,,,,,,,*,,,
74LV393D-Q100J,Nexperia USA Inc.,IC BINARY COUNTER DL 4BIT 14SO,pmic-gate-drivers,0,0.14784,"14-SOIC (0.154"", 3.90mm Width)",Surface Mount,Active,https://assets.nexperia.com/documents/data-sheet/74LV393_Q100.pdf,https://www.digikey.com/en/products/detail/nexperia-usa-inc/74LV393D-Q100J/4288243,,Up,Automotive,Binary Counter,4,2,-40°C ~ 125°C,AEC-Q100,Asynchronous,74LV,,Negative Edge,1 V ~ 3.6 V
"74LV393DB,112",Nexperia USA Inc.,"BINARY COUNTER, LV/LV-A/LVX/H SE",pmic-gate-drivers,1695,1.49,-,-,Active,https://rocelec.widen.net/view/pdf/piovdq98ib/PHGL-S-A0001367341-1.pdf?t.download=true&u=5oefqw,https://www.digikey.com/en/products/detail/rochester-electronics-llc/74LV393DB-112/12604514,,,,,,,,,,*,,,
"74LV393N,112",Nexperia USA Inc.,IC BINARY COUNTER DL 4BIT 14DIP,pmic-gate-drivers,1498,2.33,"14-DIP (0.300"", 7.62mm)",Through Hole,Obsolete,https://rocelec.widen.net/view/pdf/piovdq98ib/PHGL-S-A0001367341-1.pdf?t.download=true&u=5oefqw,https://www.digikey.com/en/products/detail/rochester-electronics-llc/74LV393N-112/11555403,20 MHz,Up,,Binary Counter,4,2,-40°C ~ 125°C,,Asynchronous,74LV,,Negative Edge,1 V ~ 3.6 V
"74LV393PW,118",Nexperia USA Inc.,IC BIN COUNTER DL 4BIT 14TSSOP,pmic-gate-drivers,4,0.27,"14-TSSOP (0.173"", 4.40mm Width)",Surface Mount,Active,https://assets.nexperia.com/documents/data-sheet/74LV393.pdf,https://www.digikey.com/en/products/detail/nexperia-usa-inc/74LV393PW-118/1231189,20 MHz,Up,,Binary Counter,4,2,-40°C ~ 125°C,,Asynchronous,74LV,,Negative Edge,1 V ~ 3.6 V
74LV393PW-Q100J,Nexperia USA Inc.,IC BIN COUNTER DL 4BIT 14TSSOP,pmic-gate-drivers,0,0.32,"14-TSSOP (0.173"", 4.40mm Width)",Surface Mount,Active,https://assets.nexperia.com/documents/data-sheet/74LV393_Q100.pdf,https://www.digikey.com/en/products/detail/nexperia-usa-inc/74LV393PW-Q100J/4288244,,Up,Automotive,Binary Counter,4,2,-40°C ~ 125°C,AEC-Q100,Asynchronous,74LV,,Negative Edge,1 V ~ 3.6 V
"74LV4020N,112",Nexperia USA Inc.,IC BINARY COUNTER 14-BIT 16DIP,pmic-gate-drivers,547,2.75,"16-DIP (0.300"", 7.62mm)",Through Hole,Obsolete,https://www.digikey.com//mm.digikey.com/Volume0/opasdata/d220001/medias/docus/1121/74LV4020.pdf,https://www.digikey.com/en/products/detail/rochester-electronics-llc/74LV4020N-112/11553086,100 MHz,Up,,Binary Counter,14,1,-40°C ~ 125°C,,Asynchronous,74LV,,Negative Edge,1 V ~ 5.5 V
"74LV4060D,118",Nexperia USA Inc.,IC BINARY COUNTER 14-BIT 16SO,pmic-gate-drivers,0,0.33,"16-SOIC (0.154"", 3.90mm Width)",Surface Mount,Active,https://assets.nexperia.com/documents/data-sheet/74LV4060.pdf,https://www.digikey.com/en/products/detail/nexperia-usa-inc/74LV4060D-118/1231215,90 MHz,Up,,Binary Counter,14,1,-40°C ~ 125°C,,Asynchronous,74LV,,Negative Edge,1 V ~ 5.5 V
74LV4060D-Q100J,Nexperia USA Inc.,IC BINARY COUNTER 14-BIT 16SO,pmic-gate-drivers,0,0.18002,"16-SOIC (0.154"", 3.90mm Width)",Surface Mount,Active,https://assets.nexperia.com/documents/data-sheet/74LV4060_Q100.pdf,https://www.digikey.com/en/products/detail/nexperia-usa-inc/74LV4060D-Q100J/4020281,90 MHz,Up,Automotive,Binary Counter,14,1,-40°C ~ 125°C,AEC-Q100,Asynchronous,74LV,,Negative Edge,1 V ~ 5.5 V
"74LV4060DB,112",Nexperia USA Inc.,NEXPERIA 74LV4060DB - BINARY COU,pmic-gate-drivers,5297,1.49,-,-,Active,https://rocelec.widen.net/view/pdf/ypzi8arcny/PHGL-S-A0001696335-1.pdf?t.download=true&u=5oefqw,https://www.digikey.com/en/products/detail/rochester-electronics-llc/74LV4060DB-112/15639156,,,,,,,,,,*,,,
"74LV4060PW,118",Nexperia USA Inc.,IC BINARY COUNTER 14BIT 16TSSOP,pmic-gate-drivers,1636,0.32,"16-TSSOP (0.173"", 4.40mm Width)",Surface Mount,Active,https://assets.nexperia.com/documents/data-sheet/74LV4060.pdf,https://www.digikey.com/en/products/detail/nexperia-usa-inc/74LV4060PW-118/1231216,90 MHz,Up,,Binary Counter,14,1,-40°C ~ 125°C,,Asynchronous,74LV,,Negative Edge,1 V ~ 5.5 V
74LV4060PW-Q100J,Nexperia USA Inc.,IC BINARY COUNTER 14BIT 16TSSOP,pmic-gate-drivers,0,0.17125,"16-TSSOP (0.173"", 4.40mm Width)",Surface Mount,Active,https://assets.nexperia.com/documents/data-sheet/74LV4060_Q100.pdf,https://www.digikey.com/en/products/detail/nexperia-usa-inc/74LV4060PW-Q100J/4020282,90 MHz,Up,Automotive,Binary Counter,14,1,-40°C ~ 125°C,AEC-Q100,Asynchronous,74LV,,Negative Edge,1 V ~ 5.5 V
"74LVC161BQ,115",Nexperia USA Inc.,IC BINARY COUNTER 4-BIT 16DHVQFN,pmic-gate-drivers,5985,0.69,16-VFQFN Exposed Pad,Surface Mount,Active,https://assets.nexperia.com/documents/data-sheet/74LVC161.pdf,https://www.digikey.com/en/products/detail/nexperia-usa-inc/74LVC161BQ-115/1231339,150 MHz,Up,,Binary Counter,4,1,-40°C ~ 125°C,,Asynchronous,74LVC,Synchronous,Positive Edge,1.2 V ~ 3.6 V
"74LVC161D,112",Nexperia USA Inc.,NEXPERIA 74LVC161D - BINARY COUN,pmic-gate-drivers,10155,1.13,-,-,Active,https://rocelec.widen.net/view/pdf/hp5qvsuvjl/PHGLS25795-1.pdf?t.download=true&u=5oefqw,https://www.digikey.com/en/products/detail/rochester-electronics-llc/74LVC161D-112/15644684,,,,,,,,,,74LVC,,,
"74LVC161D,118",Nexperia USA Inc.,IC BINARY COUNTER 4-BIT 16SO,pmic-gate-drivers,1066,0.58,"16-SOIC (0.154"", 3.90mm Width)",Surface Mount,Active,https://assets.nexperia.com/documents/data-sheet/74LVC161.pdf,https://www.digikey.com/en/products/detail/nexperia-usa-inc/74LVC161D-118/1231343,150 MHz,Up,,Binary Counter,4,1,-40°C ~ 125°C,,Asynchronous,74LVC,Synchronous,Positive Edge,1.2 V ~ 3.6 V
"74LVC161PW,118",Nexperia USA Inc.,IC BINARY COUNTER 4-BIT 16TSSOP,pmic-gate-drivers,0,0.71,"16-TSSOP (0.173"", 4.40mm Width)",Surface Mount,Active,https://assets.nexperia.com/documents/data-sheet/74LVC161.pdf,https://www.digikey.com/en/products/detail/nexperia-usa-inc/74LVC161PW-118/1231345,150 MHz,Up,,Binary Counter,4,1,-40°C ~ 125°C,,Asynchronous,74LVC,Synchronous,Positive Edge,1.2 V ~ 3.6 V
"74LVC163BQ,115",Nexperia USA Inc.,IC BINARY COUNTER 4-BIT 16DHVQFN,pmic-gate-drivers,11960,0.78,16-VFQFN Exposed Pad,Surface Mount,Active,https://assets.nexperia.com/documents/data-sheet/74LVC163.pdf,https://www.digikey.com/en/products/detail/nexperia-usa-inc/74LVC163BQ-115/1231385,150 MHz,Up,,Binary Counter,4,1,-40°C ~ 125°C,,Synchronous,74LVC,Synchronous,Positive Edge,1.2 V ~ 3.6 V
"74LVC163D,112",Nexperia USA Inc.,IC BINARY COUNTER 4-BIT 16SO,pmic-gate-drivers,0,0.93,"16-SOIC (0.154"", 3.90mm Width)",Surface Mount,Obsolete,https://assets.nexperia.com/documents/data-sheet/74LVC163.pdf,https://www.digikey.com/en/products/detail/nexperia-usa-inc/74LVC163D-112/1231386,150 MHz,Up,,Binary Counter,4,1,-40°C ~ 125°C,,Synchronous,74LVC,Synchronous,Positive Edge,1.2 V ~ 3.6 V
"74LVC163D,118",Nexperia USA Inc.,IC BINARY COUNTER 4-BIT 16SO,pmic-gate-drivers,1960,0.63,"16-SOIC (0.154"", 3.90mm Width)",Surface Mount,Active,https://assets.nexperia.com/documents/data-sheet/74LVC163.pdf,https://www.digikey.com/en/products/detail/nexperia-usa-inc/74LVC163D-118/1231389,150 MHz,Up,,Binary Counter,4,1,-40°C ~ 125°C,,Synchronous,74LVC,Synchronous,Positive Edge,1.2 V ~ 3.6 V
"74LVC163PW,112",Nexperia USA Inc.,IC BINARY COUNTER 4-BIT 16TSSOP,pmic-gate-drivers,0,1.15,"16-TSSOP (0.173"", 4.40mm Width)",Surface Mount,Obsolete,https://assets.nexperia.com/documents/data-sheet/74LVC163.pdf,https://www.digikey.com/en/products/detail/nexperia-usa-inc/74LVC163PW-112/1231390,150 MHz,Up,,Binary Counter,4,1,-40°C ~ 125°C,,Synchronous,74LVC,Synchronous,Positive Edge,1.2 V ~ 3.6 V
"74LVC163PW,118",Nexperia USA Inc.,IC BINARY COUNTER 4-BIT 16TSSOP,pmic-gate-drivers,3676,0.73,"16-TSSOP (0.173"", 4.40mm Width)",Surface Mount,Active,https://assets.nexperia.com/documents/data-sheet/74LVC163.pdf,https://www.digikey.com/en/products/detail/nexperia-usa-inc/74LVC163PW-118/946683,150 MHz,Up,,Binary Counter,4,1,-40°C ~ 125°C,,Synchronous,74LVC,Synchronous,Positive Edge,1.2 V ~ 3.6 V
"74LVC169D,112",NXP USA Inc.,IC BINARY COUNTER 4-BIT 16SO,pmic-gate-drivers,0,0.24222,"16-SOIC (0.154"", 3.90mm Width)",Surface Mount,Obsolete,https://www.digikey.com//mm.digikey.com/Volume0/opasdata/d220001/medias/docus/1056/74LVC169.pdf,https://www.digikey.com/en/products/detail/nxp-usa-inc/74LVC169D-112/1231392,150 MHz,"Up, Down",,Binary Counter,4,1,-40°C ~ 125°C,,,74LVC,Synchronous,Positive Edge,2.7 V ~ 3.6 V
"74LVC169D,118",NXP USA Inc.,IC BINARY COUNTER 4-BIT 16SO,pmic-gate-drivers,0,0.23154,"16-SOIC (0.154"", 3.90mm Width)",Surface Mount,Obsolete,https://www.digikey.com//mm.digikey.com/Volume0/opasdata/d220001/medias/docus/1056/74LVC169.pdf,https://www.digikey.com/en/products/detail/nxp-usa-inc/74LVC169D-118/1231395,150 MHz,"Up, Down",,Binary Counter,4,1,-40°C ~ 125°C,,,74LVC,Synchronous,Positive Edge,2.7 V ~ 3.6 V
"74LVC169PW,112",Nexperia USA Inc.,IC BINARY COUNTER 4-BIT 16TSSOP,pmic-gate-drivers,2684,0.79,"16-TSSOP (0.173"", 4.40mm Width)",Surface Mount,Obsolete,https://www.digikey.com//mm.digikey.com/Volume0/opasdata/d220001/medias/docus/1056/74LVC169.pdf,https://www.digikey.com/en/products/detail/rochester-electronics-llc/74LVC169PW-112/11530478,150 MHz,"Up, Down",,Binary Counter,4,1,-40°C ~ 125°C,,,74LVC,Synchronous,Positive Edge,2.7 V ~ 3.6 V
74LVX163M,Fairchild Semiconductor,IC BINARY COUNTER 4-BIT 16SOIC,pmic-gate-drivers,6960,0.21,"16-SOIC (0.154"", 3.90mm Width)",Surface Mount,Obsolete,https://rocelec.widen.net/view/pdf/xr0dtrqfue/FAIRS34688-1.pdf?t.download=true&u=5oefqw,https://www.digikey.com/en/products/detail/rochester-electronics-llc/74LVX163M/11541899,115 MHz,Up,,Binary Counter,4,1,-40°C ~ 85°C,,Synchronous,74LVX,Synchronous,Positive Edge,2 V ~ 3.6 V
74LVX163MTC,onsemi,IC BINARY COUNTER 4-BIT 16TSSOP,pmic-gate-drivers,0,0.32396,"16-TSSOP (0.173"", 4.40mm Width)",Surface Mount,Obsolete,https://www.digikey.com//mm.digikey.com/Volume0/opasdata/d220001/medias/docus/852/74LVX163.pdf,https://www.digikey.com/en/products/detail/onsemi/74LVX163MTC/976239,115 MHz,Up,,Binary Counter,4,1,-40°C ~ 85°C,,Synchronous,74LVX,Synchronous,Positive Edge,2 V ~ 3.6 V
74LVX163MTCX,Fairchild Semiconductor,IC BINARY COUNTER 4-BIT 16TSSOP,pmic-gate-drivers,11581,0.23,"16-TSSOP (0.173"", 4.40mm Width)",Surface Mount,Obsolete,https://rocelec.widen.net/view/pdf/xr0dtrqfue/FAIRS34688-1.pdf?t.download=true&u=5oefqw,https://www.digikey.com/en/products/detail/rochester-electronics-llc/74LVX163MTCX/11526239,115 MHz,Up,,Binary Counter,4,1,-40°C ~ 85°C,,Synchronous,74LVX,Synchronous,Positive Edge,2 V ~ 3.6 V
74LVX163MX,onsemi,IC BINARY COUNTER 4-BIT 16SOIC,pmic-gate-drivers,0,0.30168,"16-SOIC (0.154"", 3.90mm Width)",Surface Mount,Obsolete,https://www.digikey.com//mm.digikey.com/Volume0/opasdata/d220001/medias/docus/852/74LVX163.pdf,https://www.digikey.com/en/products/detail/onsemi/74LVX163MX/977801,115 MHz,Up,,Binary Counter,4,1,-40°C ~ 85°C,,Synchronous,74LVX,Synchronous,Positive Edge,2 V ~ 3.6 V
74LVX163SJX,Fairchild Semiconductor,IC BINARY COUNTER 4-BIT 16SOP,pmic-gate-drivers,2000,0.84,"16-SOIC (0.209"", 5.30mm Width)",Surface Mount,Obsolete,https://rocelec.widen.net/view/pdf/xr0dtrqfue/FAIRS34688-1.pdf?t.download=true&u=5oefqw,https://www.digikey.com/en/products/detail/rochester-electronics-llc/74LVX163SJX/11538629,115 MHz,Up,,Binary Counter,4,1,-40°C ~ 85°C,,Synchronous,74LVX,Synchronous,Positive Edge,2 V ~ 3.6 V
74VHC161MTCX,Fairchild Semiconductor,IC BINARY COUNTER 4-BIT 16TSSOP,pmic-gate-drivers,292628,0.31,"16-TSSOP (0.173"", 4.40mm Width)",Surface Mount,Active,https://rocelec.widen.net/view/pdf/t5btsgktrt/FAIRS24812-1.pdf?t.download=true&u=5oefqw,https://www.digikey.com/en/products/detail/rochester-electronics-llc/74VHC161MTCX/12599103,125 MHz,Up,,Binary Counter,4,1,-40°C ~ 85°C,,Asynchronous,74VHC,Synchronous,Positive Edge,2 V ~ 5.5 V
74VHC161N,Fairchild Semiconductor,IC BINARY COUNTER 4-BIT 16DIP,pmic-gate-drivers,6990,0.23,"16-DIP (0.300"", 7.62mm)",Through Hole,Obsolete,https://rocelec.widen.net/view/pdf/t5btsgktrt/FAIRS24812-1.pdf?t.download=true&u=5oefqw,https://www.digikey.com/en/products/detail/rochester-electronics-llc/74VHC161N/11555388,125 MHz,Up,,Binary Counter,4,1,-40°C ~ 85°C,,Asynchronous,74VHC,Synchronous,Positive Edge,2 V ~ 5.5 V
74VHC161SJ,Fairchild Semiconductor,IC BINARY COUNTER 4-BIT 16SOP,pmic-gate-drivers,1278,0.48,"16-SOIC (0.209"", 5.30mm Width)",Surface Mount,Obsolete,https://rocelec.widen.net/view/pdf/t5btsgktrt/FAIRS24812-1.pdf?t.download=true&u=5oefqw,https://www.digikey.com/en/products/detail/rochester-electronics-llc/74VHC161SJ/11522549,125 MHz,Up,,Binary Counter,4,1,-40°C ~ 85°C,,Asynchronous,74VHC,Synchronous,Positive Edge,2 V ~ 5.5 V
74VHC161SJX,Fairchild Semiconductor,IC BINARY COUNTER 4-BIT 16SOP,pmic-gate-drivers,6107,0.53,"16-SOIC (0.209"", 5.30mm Width)",Surface Mount,Active,https://rocelec.widen.net/view/pdf/t5btsgktrt/FAIRS24812-1.pdf?t.download=true&u=5oefqw,https://www.digikey.com/en/products/detail/rochester-electronics-llc/74VHC161SJX/12608434,125 MHz,Up,,Binary Counter,4,1,-40°C ~ 85°C (TA),,Asynchronous,74VHC,Synchronous,Positive Edge,2 V ~ 5.5 V
74VHC163FT,Toshiba Semiconductor and Storage,IC BINARY COUNTER 4-BIT 16TSSOP,pmic-gate-drivers,0,0.3,"16-TSSOP (0.173"", 4.40mm Width)",Surface Mount,Active,,https://www.digikey.com/en/products/detail/toshiba-semiconductor-and-storage/74VHC163FT/7394041,125 MHz,Up,,Binary Counter,4,1,-40°C ~ 125°C (TA),,Synchronous,74VHC,Synchronous,Positive Edge,2 V ~ 5.5 V
74VHC163M,onsemi,IC BINARY COUNTER 4-BIT 16SOIC,pmic-gate-drivers,0,0.34323,"16-SOIC (0.154"", 3.90mm Width)",Surface Mount,Obsolete,https://www.digikey.com//mm.digikey.com/Volume0/opasdata/d220001/medias/docus/937/74VHC163.pdf,https://www.digikey.com/en/products/detail/onsemi/74VHC163M/976267,125 MHz,Up,,Binary Counter,4,1,-40°C ~ 85°C,,Synchronous,74VHC,,Positive Edge,2 V ~ 5.5 V
74VHC163MTC,onsemi,IC BINARY COUNTER 4-BIT 16TSSOP,pmic-gate-drivers,0,0.30407,"16-TSSOP (0.173"", 4.40mm Width)",Surface Mount,Obsolete,https://www.digikey.com//mm.digikey.com/Volume0/opasdata/d220001/medias/docus/937/74VHC163.pdf,https://www.digikey.com/en/products/detail/onsemi/74VHC163MTC/976268,125 MHz,Up,,Binary Counter,4,1,-40°C ~ 85°C,,Synchronous,74VHC,,Positive Edge,2 V ~ 5.5 V
74VHC163MTCX,onsemi,IC BINARY COUNTER 4-BIT 16TSSOP,pmic-gate-drivers,0,0.30168,"16-TSSOP (0.173"", 4.40mm Width)",Surface Mount,Obsolete,https://www.digikey.com//mm.digikey.com/Volume0/opasdata/d220001/medias/docus/937/74VHC163.pdf,https://www.digikey.com/en/products/detail/onsemi/74VHC163MTCX/976269,125 MHz,Up,,Binary Counter,4,1,-40°C ~ 85°C,,Synchronous,74VHC,,Positive Edge,2 V ~ 5.5 V
74VHC163MX,onsemi,IC BINARY COUNTER 4-BIT 16SOIC,pmic-gate-drivers,0,0.30168,"16-SOIC (0.154"", 3.90mm Width)",Surface Mount,Obsolete,https://www.digikey.com//mm.digikey.com/Volume0/opasdata/d220001/medias/docus/937/74VHC163.pdf,https://www.digikey.com/en/products/detail/onsemi/74VHC163MX/976270,125 MHz,Up,,Binary Counter,4,1,-40°C ~ 85°C,,Synchronous,74VHC,,Positive Edge,2 V ~ 5.5 V
74VHC163N,onsemi,IC BINARY COUNTER 4-BIT 16DIP,pmic-gate-drivers,0,0.43652,"16-DIP (0.300"", 7.62mm)",Through Hole,Obsolete,https://www.digikey.com//mm.digikey.com/Volume0/opasdata/d220001/medias/docus/937/74VHC163.pdf,https://www.digikey.com/en/products/detail/onsemi/74VHC163N/975469,125 MHz,Up,,Binary Counter,4,1,-40°C ~ 85°C,,Synchronous,74VHC,,Positive Edge,2 V ~ 5.5 V
74VHC163SJX,onsemi,IC BINARY COUNTER 4-BIT 16SOP,pmic-gate-drivers,0,0.50503,"16-SOIC (0.209"", 5.30mm Width)",Surface Mount,Obsolete,https://www.digikey.com//mm.digikey.com/Volume0/opasdata/d220001/medias/docus/937/74VHC163.pdf,https://www.digikey.com/en/products/detail/onsemi/74VHC163SJX/974993,125 MHz,Up,,Binary Counter,4,1,-40°C ~ 85°C,,Synchronous,74VHC,,Positive Edge,2 V ~ 5.5 V
74VHC393FT,Toshiba Semiconductor and Storage,IC BIN COUNTER DL 4BIT 14TSSOP,pmic-gate-drivers,15320,0.29,"14-TSSOP (0.173"", 4.40mm Width)",Surface Mount,Active,,https://www.digikey.com/en/products/detail/toshiba-semiconductor-and-storage/74VHC393FT/5820313,115 MHz,Up,,Binary Counter,4,2,-40°C ~ 125°C,,Asynchronous,74VHC,,Negative Edge,2 V ~ 5.5 V
74VHC393N,onsemi,IC BINARY COUNTR DL 4BIT 14MDIP,pmic-gate-drivers,0,0.45376,"14-DIP (0.300"", 7.62mm)",Through Hole,Obsolete,https://www.digikey.com//mm.digikey.com/Volume0/opasdata/d220001/medias/docus/937/74VHC393.pdf,https://www.digikey.com/en/products/detail/onsemi/74VHC393N/975473,115 MHz,Up,,Binary Counter,4,2,-40°C ~ 85°C,,Asynchronous,74VHC,,Negative Edge,2 V ~ 5.5 V
74VHC393SJ,Fairchild Semiconductor,IC BINARY COUNTER DL 4BIT 14SOP,pmic-gate-drivers,5687,0.68,"14-SOIC (0.209"", 5.30mm Width)",Surface Mount,Obsolete,https://rocelec.widen.net/view/pdf/yk9ark1rkj/FAIRS25838-1.pdf?t.download=true&u=5oefqw,https://www.digikey.com/en/products/detail/rochester-electronics-llc/74VHC393SJ/11541865,115 MHz,Up,,Binary Counter,4,2,-40°C ~ 85°C,,Asynchronous,74VHC,,Negative Edge,2 V ~ 5.5 V
74VHC393SJX,Fairchild Semiconductor,IC BINARY COUNTER DL 4BIT 14SOP,pmic-gate-drivers,9656,0.59,"14-SOIC (0.209"", 5.30mm Width)",Surface Mount,Obsolete,https://rocelec.widen.net/view/pdf/yk9ark1rkj/FAIRS25838-1.pdf?t.download=true&u=5oefqw,https://www.digikey.com/en/products/detail/rochester-electronics-llc/74VHC393SJX/11531259,115 MHz,Up,,Binary Counter,4,2,-40°C ~ 85°C,,Asynchronous,74VHC,,Negative Edge,2 V ~ 5.5 V
74VHC4020FT,Toshiba Semiconductor and Storage,IC BINARY COUNTER 14-BIT 16TSSOP,pmic-gate-drivers,6066,0.31,"16-TSSOP (0.173"", 4.40mm Width)",Surface Mount,Active,,https://www.digikey.com/en/products/detail/toshiba-semiconductor-and-storage/74VHC4020FT/9866001,210 MHz,Up,,Binary Counter,14,1,-40°C ~ 125°C,,Asynchronous,74VHC,,Negative Edge,2 V ~ 5.5 V
74VHC4040FT,Toshiba Semiconductor and Storage,IC BINARY COUNTER 12BIT 16TSSOP,pmic-gate-drivers,95582,0.31,"16-TSSOP (0.173"", 4.40mm Width)",Surface Mount,Active,,https://www.digikey.com/en/products/detail/toshiba-semiconductor-and-storage/74VHC4040FT/5155784,210 MHz,Up,,Binary Counter,12,1,-40°C ~ 85°C,,Asynchronous,74VHC,,Negative Edge,2 V ~ 5.5 V
74VHC4040N,Fairchild Semiconductor,IC BINARY COUNTER 12-BIT 16DIP,pmic-gate-drivers,20455,0.48,"16-DIP (0.300"", 7.62mm)",Through Hole,Obsolete,https://rocelec.widen.net/view/pdf/a2abjnocn7/FAIRS24810-1.pdf?t.download=true&u=5oefqw,https://www.digikey.com/en/products/detail/rochester-electronics-llc/74VHC4040N/11542122,210 MHz,Up,,Binary Counter,12,1,-40°C ~ 85°C,,Asynchronous,74VHC,,Negative Edge,2 V ~ 5.5 V
7600601EA,Texas Instruments,SN54LS193 SYNCHRONOUS 4-BIT UP/D,pmic-gate-drivers,177,19.48,-,-,Active,https://rocelec.widen.net/view/pdf/5bryvb4stx/sn54192.pdf?t.download=true&u=5oefqw,https://www.digikey.com/en/products/detail/rochester-electronics-llc/7600601EA/13483514,,,,,,,,,,*,,,
7600801EA,Texas Instruments,SN54LS161A SYNCHRONOUS 4-BIT COU,pmic-gate-drivers,35,14.0,-,-,Active,https://rocelec.widen.net/view/pdf/qduarracvz/sn54163.pdf?t.download=true&u=5oefqw,https://www.digikey.com/en/products/detail/rochester-electronics-llc/7600801EA/13448939,,,,,,,,,,*,,,
7600801FA,Texas Instruments,SN54LS161A SYNCHRONOUS 4-BIT COU,pmic-gate-drivers,88,14.41,-,-,Active,https://rocelec.widen.net/view/pdf/qduarracvz/sn54163.pdf?t.download=true&u=5oefqw,https://www.digikey.com/en/products/detail/rochester-electronics-llc/7600801FA/13434193,,,,,,,,,,*,,,
7600901EA,Texas Instruments,SN54LS191 SYNCHRONOUS UP/DOWN CO,pmic-gate-drivers,27,20.38,-,-,Active,https://rocelec.widen.net/view/pdf/l99v6gepnz/sn54ls191.pdf?t.download=true&u=5oefqw,https://www.digikey.com/en/products/detail/rochester-electronics-llc/7600901EA/13509212,,,,,,,,,,*,,,
7603201CA,Texas Instruments,SN54LS90 DECADE COUNTER,pmic-gate-drivers,49,17.49,-,-,Active,https://rocelec.widen.net/view/pdf/sm6aqlhagi/sn54ls90.pdf?t.download=true&u=5oefqw,https://www.digikey.com/en/products/detail/rochester-electronics-llc/7603201CA/13500577,,,,,,,,,,*,,,
7603201DA,Texas Instruments,"DECADE COUNTER, LS SERIES",pmic-gate-drivers,105,28.6,-,-,Active,https://rocelec.widen.net/view/pdf/eebxutcgny/TXII-S-A0001283404-1.pdf?t.download=true&u=5oefqw,https://www.digikey.com/en/products/detail/rochester-electronics-llc/7603201DA/12097402,,,,,,,,,,*,,,
7603401EA,Texas Instruments,SN54LS163A SYNCHRONOUS 4-BIT COU,pmic-gate-drivers,201,15.16,-,-,Active,https://rocelec.widen.net/view/pdf/qduarracvz/sn54163.pdf?t.download=true&u=5oefqw,https://www.digikey.com/en/products/detail/rochester-electronics-llc/7603401EA/13448986,,,,,,,,,,*,,,
8101602EA,Texas Instruments,CD4029B-MIL CMOS PRESETTABLE UP/,pmic-gate-drivers,18,26.05,-,-,Active,https://rocelec.widen.net/view/pdf/kthk18xuxv/cd4029b-mil.pdf?t.download=true&u=5oefqw,https://www.digikey.com/en/products/detail/rochester-electronics-llc/8101602EA/13433047,,,,,,,,,,*,,,
83022012A,Texas Instruments,SN54ALS161B SYNCHRONOUS 4-BIT BI,pmic-gate-drivers,21,47.2,-,-,Active,https://rocelec.widen.net/view/pdf/ocd3tmvur9/sn54als161b.pdf?t.download=true&u=5oefqw,https://www.digikey.com/en/products/detail/rochester-electronics-llc/83022012A/13433068,,,,,,,,,,*,,,
8302201EA,Texas Instruments,SN54ALS161B SYNCHRONOUS 4-BIT BI,pmic-gate-drivers,93,21.88,-,-,Active,https://rocelec.widen.net/view/pdf/ocd3tmvur9/sn54als161b.pdf?t.download=true&u=5oefqw,https://www.digikey.com/en/products/detail/rochester-electronics-llc/8302201EA/13465544,,,,,,,,,,*,,,
83022022A,Texas Instruments,SN54ALS163B SYNCHRONOUS 4-BIT BI,pmic-gate-drivers,22,40.83,-,-,Active,https://rocelec.widen.net/view/pdf/ocd3tmvur9/sn54als161b.pdf?t.download=true&u=5oefqw,https://www.digikey.com/en/products/detail/rochester-electronics-llc/83022022A/13505595,,,,,,,,,,*,,,
8302202EA,Texas Instruments,SN54ALS163B SYNCHRONOUS 4-BIT BI,pmic-gate-drivers,62,19.94,-,-,Active,https://rocelec.widen.net/view/pdf/ocd3tmvur9/sn54als161b.pdf?t.download=true&u=5oefqw,https://www.digikey.com/en/products/detail/rochester-electronics-llc/8302202EA/13480826,,,,,,,,,,*,,,
83025022A,Texas Instruments,SN54ALS569A SYNCHRONOUS 4-BIT UP,pmic-gate-drivers,502,47.4,-,-,Active,https://rocelec.widen.net/view/pdf/u7bdxjznp1/sn54als569a.pdf?t.download=true&u=5oefqw,https://www.digikey.com/en/products/detail/rochester-electronics-llc/83025022A/13440833,,,,,,,,,,*,,,
8302502RA,Texas Instruments,SN54ALS569A SYNCHRONOUS 4-BIT UP,pmic-gate-drivers,847,32.3,-,-,Active,https://rocelec.widen.net/view/pdf/u7bdxjznp1/sn54als569a.pdf?t.download=true&u=5oefqw,https://www.digikey.com/en/products/detail/rochester-electronics-llc/8302502RA/13431774,,,,,,,,,,*,,,
84075012A,Texas Instruments,SN54HC161 SYNCHRONOUS 4-BIT BINA,pmic-gate-drivers,123,49.84,-,-,Active,https://rocelec.widen.net/view/pdf/lvqy7xukde/sn54hc161-sp.pdf?t.download=true&u=5oefqw,https://www.digikey.com/en/products/detail/rochester-electronics-llc/84075012A/13513546,,,,,,,,,,*,,,
8407501EA,Harris Corporation,IC BINARY COUNTER 4-BIT 16CDIP,pmic-gate-drivers,159,14.0,"16-CDIP (0.300"", 7.62mm)",Through Hole,Active,https://rocelec.widen.net/view/pdf/lvqy7xukde/sn54hc161-sp.pdf?t.download=true&u=5oefqw,https://www.digikey.com/en/products/detail/rochester-electronics-llc/8407501EA/12101649,44 MHz,Up,,Binary Counter,4,1,-55°C ~ 125°C (TA),,Asynchronous,,Synchronous,Positive Edge,2 V ~ 6 V
84100012A,Texas Instruments,SN54HC393 DUAL 4-BIT BINARY COUN,pmic-gate-drivers,374,41.36,-,-,Active,https://rocelec.widen.net/view/pdf/roiw6jjvgx/sn54hc393.pdf?t.download=true&u=5oefqw,https://www.digikey.com/en/products/detail/rochester-electronics-llc/84100012A/13475773,,,,,,,,,,*,,,
85004012A,Texas Instruments,SN54HC4040 ASYNCHRONOUS 12-BIT B,pmic-gate-drivers,66,54.68,-,-,Active,https://rocelec.widen.net/view/pdf/ctyzgb7um5/sn54hc4040.pdf?t.download=true&u=5oefqw,https://www.digikey.com/en/products/detail/rochester-electronics-llc/85004012A/13460290,,,,,,,,,,*,,,
8607601EA,Texas Instruments,SN54HC163 SYNCHRONOUS 4-BIT BINA,pmic-gate-drivers,39,16.24,-,-,Active,https://rocelec.widen.net/view/pdf/hclh5vzkil/sn54hc163.pdf?t.download=true&u=5oefqw,https://www.digikey.com/en/products/detail/rochester-electronics-llc/8607601EA/13514470,,,,,,,,,,*,,,
8607601FA,Texas Instruments,"BINARY COUNTER, HC/UH SERIES",pmic-gate-drivers,84,24.53,-,-,Active,https://rocelec.widen.net/view/pdf/yqvqmpfocl/sn74hc163.pdf?t.download=true&u=5oefqw,https://www.digikey.com/en/products/detail/rochester-electronics-llc/8607601FA/12102585,,,,,,,,,,*,,,
9305DM,"Rochester Electronics, LLC",COUNTER,pmic-gate-drivers,20,77.5,-,-,Active,https://rocelec.widen.net/view/pdf/h0t4yiv4rb/RE_DSHEET_9305DM-ROCV.pdf?t.download=true&u=h6ohhb,https://www.digikey.com/en/products/detail/rochester-electronics-llc/9305DM/12594172,,,,,,,,,,*,,,
93L10DMQB,National Semiconductor,IC DECADE COUNTER 4-BIT 16CDIP,pmic-gate-drivers,31,17.1,"16-CDIP (0.300"", 7.62mm)",Through Hole,Active,https://rocelec.widen.net/view/pdf/h0i8mtza7r/NATLS01870-1.pdf?t.download=true&u=5oefqw,https://www.digikey.com/en/products/detail/rochester-electronics-llc/93L10DMQB/12115483,13 MHz,Up,,"Counter, Decade",4,1,-55°C ~ 125°C (TA),,Asynchronous,,Synchronous,Positive Edge,4.5 V ~ 5.5 V
93L10FMQB,National Semiconductor,IC DECADE COUNTER 4BIT 16CFLTPK,pmic-gate-drivers,163,23.19,16-CFlatPack,Surface Mount,Active,https://rocelec.widen.net/view/pdf/h0i8mtza7r/NATLS01870-1.pdf?t.download=true&u=5oefqw,https://www.digikey.com/en/products/detail/rochester-electronics-llc/93L10FMQB/12115759,13 MHz,Up,,"Counter, Decade",4,1,-55°C ~ 125°C (TA),,Asynchronous,,Synchronous,Positive Edge,4.5 V ~ 5.5 V
93L16DM,"Rochester Electronics, LLC",COUNTER,pmic-gate-drivers,394,69.19,-,-,Active,https://rocelec.widen.net/view/pdf/v6ut2sg0hr/RE_DSHEET_93L16DM-ROCV.pdf?t.download=true&u=h6ohhb,https://www.digikey.com/en/products/detail/rochester-electronics-llc/93L16DM/12608035,,,,,,,,,,*,,,
93L16FM,National Semiconductor,IC BINARY COUNTER 4-BIT 16CFP,pmic-gate-drivers,181,17.15,16-CFlatPack,Surface Mount,Active,https://rocelec.widen.net/view/pdf/6xuwt6ackg/FAIRS32978-1.pdf?t.download=true&u=5oefqw,https://www.digikey.com/en/products/detail/rochester-electronics-llc/93L16FM/12116249,13 MHz,Up,,Binary Counter,4,1,-55°C ~ 125°C (TA),,Asynchronous,,Synchronous,Positive Edge,4.5 V ~ 5.5 V
93L16PC,National Semiconductor,IC BINARY COUNTER 4-BIT 16DIP,pmic-gate-drivers,31284,61.44,"16-DIP (0.300"", 7.62mm)",Through Hole,Active,https://rocelec.widen.net/view/pdf/6xuwt6ackg/FAIRS32978-1.pdf?t.download=true&u=5oefqw,https://www.digikey.com/en/products/detail/rochester-electronics-llc/93L16PC/12115844,13 MHz,Up,,Binary Counter,4,1,0°C ~ 70°C (TA),,Asynchronous,,Synchronous,Positive Edge,4.75 V ~ 5.25 V
93S10DC,Advanced Micro Devices,IC BINARY COUNTER 4-BIT 16CDIP,pmic-gate-drivers,14857,4.93,16-CDIP,Through Hole,Active,https://rocelec.widen.net/view/pdf/vw8ebwedup/AMDIS02354-1.pdf?t.download=true&u=5oefqw,https://www.digikey.com/en/products/detail/rochester-electronics-llc/93S10DC/12123113,100 MHz,Up,,Binary Counter,4,1,0°C ~ 75°C (TA),,Asynchronous,,Synchronous,Positive Edge,4.5 V ~ 5.5 V
93S10DM,National Semiconductor,IC BCD COUNTER 4-BIT 16CDIP,pmic-gate-drivers,101,86.25,"16-CDIP (0.300"", 7.62mm)",Through Hole,Active,https://rocelec.widen.net/view/pdf/gypvsuyknd/NATLS14095-1.pdf?t.download=true&u=5oefqw,https://www.digikey.com/en/products/detail/rochester-electronics-llc/93S10DM/12117418,70 MHz,Up,,"BCD Counter, Decade",4,1,-55°C ~ 125°C (TA),,Asynchronous,,Synchronous,Positive Edge,4.5 V ~ 5.5 V
93S10DMB,Advanced Micro Devices,IC BINARY COUNTER 4-BIT 16CDIP,pmic-gate-drivers,185,13.9,16-CDIP,Through Hole,Active,https://rocelec.widen.net/view/pdf/vw8ebwedup/AMDIS02354-1.pdf?t.download=true&u=5oefqw,https://www.digikey.com/en/products/detail/rochester-electronics-llc/93S10DMB/12117232,100 MHz,Up,,Binary Counter,4,1,-55°C ~ 125°C (TA),,Asynchronous,,Synchronous,Positive Edge,4.75 V ~ 5.25 V
93S10PC,Advanced Micro Devices,"DECADE COUNTER, SYNCHRONOUS, UP",pmic-gate-drivers,21622,3.84,-,-,Active,https://rocelec.widen.net/view/pdf/vw8ebwedup/AMDIS02354-1.pdf?t.download=true&u=5oefqw,https://www.digikey.com/en/products/detail/rochester-electronics-llc/93S10PC/15641120,,,,,,,,,,*,,,
93S16/BEA,"Rochester Electronics, LLC","BINARY COUNTER, SYNCHRONOUS",pmic-gate-drivers,1039,90.48,-,-,Active,https://rocelec.widen.net/view/pdf/vw8ebwedup/AMDIS02354-1.pdf,https://www.digikey.com/en/products/detail/rochester-electronics-llc/93S16-BEA/12596822,,,,,,,,,,*,,,
93S16DM/B,"Rochester Electronics, LLC",COUNTER,pmic-gate-drivers,62,85.46,-,-,Active,https://rocelec.widen.net/view/pdf/vw8ebwedup/AMDIS02354-1.pdf,https://www.digikey.com/en/products/detail/rochester-electronics-llc/93S16DM-B/12599946,,,,,,,,,,*,,,
AM25LS2569/BRA,Advanced Micro Devices,IC BINARY COUNTER 4-BIT 20DIP,pmic-gate-drivers,1255,13.93,20-DIP,Through Hole,Active,https://rocelec.widen.net/view/pdf/zaa7d5efn3/AMDIS02014-1.pdf?t.download=true&u=5oefqw,https://www.digikey.com/en/products/detail/rochester-electronics-llc/AM25LS2569-BRA/12115488,18 MHz,"Up, Down",,Binary Counter,4,1,-55°C ~ 125°C,,Asynchronous,,Synchronous,Positive Edge,4.75 V ~ 5.25 V
AM25LS2569DC,Advanced Micro Devices,IC BINARY COUNTER 4-BIT 20CDIP,pmic-gate-drivers,7319,6.56,"20-CDIP (0.300"", 7.62mm)",Through Hole,Active,https://rocelec.widen.net/view/pdf/bcxyjok1tr/AMDID082-9-157.pdf?t.download=true&u=5oefqw,https://www.digikey.com/en/products/detail/rochester-electronics-llc/AM25LS2569DC/12114939,20 MHz,"Up, Down",,Binary Counter,4,1,0°C ~ 70°C,,Asynchronous,,Synchronous,Positive Edge,4.75 V ~ 5.25 V
AM25LS2569PCB,Advanced Micro Devices,IC BINARY COUNTER 4-BIT 20DIP,pmic-gate-drivers,1791,4.84,20-DIP,Through Hole,Active,https://rocelec.widen.net/view/pdf/bcxyjok1tr/AMDID082-9-157.pdf?t.download=true&u=5oefqw,https://www.digikey.com/en/products/detail/rochester-electronics-llc/AM25LS2569PCB/12115773,20 MHz,"Up, Down",,Binary Counter,4,1,0°C ~ 70°C,,Asynchronous,,Synchronous,Positive Edge,4.5 V ~ 5.5 V
ASNT8111-PQB,ADSANTEC,IC DIVIDER BY N OCT 1BIT 40QFN,pmic-gate-drivers,76,400.0,40-VFQFN Exposed Pad,Surface Mount,Active,https://www.adsantec.com/wp-content/uploads/2019/10/ASNT8111-PQB_varDiv256_v1-1-2.pdf,https://www.digikey.com/en/products/detail/adsantec/ASNT8111-PQB/12806601,24 GHz,Up,,Divide-by-N,8,1,-25°C ~ 125°C (TJ),,,,,"Positive, Negative",2.5 V ~ 3 V
ASNT8132-KMC,ADSANTEC,IC DIVIDER BY 2 24CQFP,pmic-gate-drivers,4,1.0,24-CQFP,Surface Mount,Active,https://www.adsantec.com/wp-content/uploads/2016/08/ASNT8132-KMC_54GhzClkDiv2_v1-3-2.pdf,https://www.digikey.com/en/products/detail/adsantec/ASNT8132-KMC/16272756,54 GHz,,,Divide-by-2,,1,-25°C ~ 85°C (TA),,,,,"Positive, Negative",3.1 V ~ 3.5 V
ASNT8133-KMC,ADSANTEC,IC DIV BY 2 AND 4 DL 1B 24CQFP,pmic-gate-drivers,86,975.0,24-LECQFP Exposed Pad,Surface Mount,Active,https://www.adsantec.com/wp-content/uploads/2016/08/ASNT8133-KMC_HSdiv1_2_4_v1-2-2.pdf,https://www.digikey.com/en/products/detail/adsantec/ASNT8133-KMC/12806593,50 GHz,Up,,"Divide-by-2, -4",2,1,-25°C ~ 125°C (TJ),,,,,"Positive, Negative",-3.1 V ~ -3.5 V
CD40102BE,Texas Instruments,IC BCD COUNTER DUAL 4-BIT 16DIP,pmic-gate-drivers,316,2.12,"16-DIP (0.300"", 7.62mm)",Through Hole,Active,,https://www.digikey.com/en/products/detail/texas-instruments/CD40102BE/525855,2.4 MHz,Down,,BCD Counter,4,2,-55°C ~ 105°C,,Asynchronous,4000B,Synchronous,Positive Edge,3 V ~ 18 V
CD40102BEX,Harris Corporation,IC BCD COUNTER DUAL 4-BIT 16DIP,pmic-gate-drivers,2441,0.83,"16-DIP (0.300"", 7.62mm)",Through Hole,Active,https://rocelec.widen.net/view/pdf/hldu1fv9s2/HRISS057-1.pdf?t.download=true&u=5oefqw,https://www.digikey.com/en/products/detail/rochester-electronics-llc/CD40102BEX/12116104,4.8 MHz,Down,,BCD Counter,4,2,-55°C ~ 125°C (TA),,Asynchronous,,Synchronous,Positive Edge,3 V ~ 18 V
CD40102BNSR,Texas Instruments,IC BCD COUNTER DUAL 4-BIT 16SO,pmic-gate-drivers,1509,2.05,"16-SOIC (0.209"", 5.30mm Width)",Surface Mount,Active,,https://www.digikey.com/en/products/detail/texas-instruments/CD40102BNSR/1690624,2.4 MHz,Down,,BCD Counter,4,2,-55°C ~ 105°C,,Asynchronous,4000B,Synchronous,Positive Edge,3 V ~ 18 V
CD40103BD,Harris Corporation,IC BINARY COUNTER 8-BIT 16CDIP,pmic-gate-drivers,654,5.31,"16-CDIP (0.300"", 7.62mm)",Through Hole,Active,https://rocelec.widen.net/view/pdf/hldu1fv9s2/HRISS057-1.pdf?t.download=true&u=5oefqw,https://www.digikey.com/en/products/detail/rochester-electronics-llc/CD40103BD/12116539,4.8 MHz,Down,,Binary Counter,8,1,-55°C ~ 125°C (TA),,Asynchronous,,Synchronous,Positive Edge,3 V ~ 18 V
CD40103BD3,Harris Corporation,IC BINARY COUNTER 8-BIT 16CDIP,pmic-gate-drivers,210,9.1,"16-CDIP (0.300"", 7.62mm)",Through Hole,Active,https://rocelec.widen.net/view/pdf/hldu1fv9s2/HRISS057-1.pdf?t.download=true&u=5oefqw,https://www.digikey.com/en/products/detail/rochester-electronics-llc/CD40103BD3/12132437,4.8 MHz,Down,,Binary Counter,8,1,-55°C ~ 125°C (TA),,Asynchronous,,Synchronous,Positive Edge,3 V ~ 18 V
CD40103BE,Texas Instruments,IC BINARY COUNTER 8-BIT 16DIP,pmic-gate-drivers,456,2.12,"16-DIP (0.300"", 7.62mm)",Through Hole,Active,,https://www.digikey.com/en/products/detail/texas-instruments/CD40103BE/525856,2.4 MHz,Down,,Binary Counter,8,1,-55°C ~ 125°C,,Asynchronous,4000B,Synchronous,Positive Edge,3 V ~ 18 V
CD40103BEG4,Texas Instruments,IC BINARY COUNTER 8-BIT 16DIP,pmic-gate-drivers,0,0.7225,"16-DIP (0.300"", 7.62mm)",Through Hole,Discontinued at DigiKey,,https://www.digikey.com/en/products/detail/texas-instruments/CD40103BEG4/1690629,2.4 MHz,Down,,Binary Counter,8,1,-55°C ~ 125°C,,Asynchronous,4000B,Synchronous,Positive Edge,3 V ~ 18 V
CD40103BNSR,Texas Instruments,IC BINARY COUNTER 8-BIT 16SO,pmic-gate-drivers,1655,2.05,"16-SOIC (0.209"", 5.30mm Width)",Surface Mount,Active,,https://www.digikey.com/en/products/detail/texas-instruments/CD40103BNSR/1690630,2.4 MHz,Down,,Binary Counter,8,1,-55°C ~ 125°C,,Asynchronous,4000B,Synchronous,Positive Edge,3 V ~ 18 V
CD40103BNSRG4,Texas Instruments,IC BINARY COUNTER 8-BIT 16SO,pmic-gate-drivers,0,0.65384,"16-SOIC (0.209"", 5.30mm Width)",Surface Mount,Discontinued at DigiKey,,https://www.digikey.com/en/products/detail/texas-instruments/CD40103BNSRG4/1896413,2.4 MHz,Down,,Binary Counter,8,1,-55°C ~ 125°C,,Asynchronous,4000B,Synchronous,Positive Edge,3 V ~ 18 V
CD40103BPW,Texas Instruments,IC BINARY COUNTER 8-BIT 16TSSOP,pmic-gate-drivers,438,1.71,"16-TSSOP (0.173"", 4.40mm Width)",Surface Mount,Active,,https://www.digikey.com/en/products/detail/texas-instruments/CD40103BPW/1690632,2.4 MHz,Down,,Binary Counter,8,1,-55°C ~ 125°C,,Asynchronous,4000B,Synchronous,Positive Edge,3 V ~ 18 V
CD40103BPWE4,Texas Instruments,IC BINARY COUNTER 8-BIT 16TSSOP,pmic-gate-drivers,0,0.63383,"16-TSSOP (0.173"", 4.40mm Width)",Surface Mount,Discontinued at DigiKey,,https://www.digikey.com/en/products/detail/texas-instruments/CD40103BPWE4/1690633,2.4 MHz,Down,,Binary Counter,8,1,-55°C ~ 125°C,,Asynchronous,4000B,Synchronous,Positive Edge,3 V ~ 18 V
CD40103BPWR,Texas Instruments,IC BINARY COUNTER 8-BIT 16TSSOP,pmic-gate-drivers,0,0.55736,"16-TSSOP (0.173"", 4.40mm Width)",Surface Mount,Obsolete,,https://www.digikey.com/en/products/detail/texas-instruments/CD40103BPWR/1690634,2.4 MHz,Down,,Binary Counter,8,1,-55°C ~ 125°C,,Asynchronous,4000B,Synchronous,Positive Edge,3 V ~ 18 V
CD40103BPWRE4,Texas Instruments,IC BINARY COUNTER 8-BIT 16TSSOP,pmic-gate-drivers,0,0.55736,"16-TSSOP (0.173"", 4.40mm Width)",Surface Mount,Obsolete,,https://www.digikey.com/en/products/detail/texas-instruments/CD40103BPWRE4/1690635,2.4 MHz,Down,,Binary Counter,8,1,-55°C ~ 125°C,,Asynchronous,4000B,Synchronous,Positive Edge,3 V ~ 18 V
CD40103BPWRG4,Texas Instruments,IC BINARY COUNTER 8-BIT 16TSSOP,pmic-gate-drivers,0,0.55736,"16-TSSOP (0.173"", 4.40mm Width)",Surface Mount,Obsolete,,https://www.digikey.com/en/products/detail/texas-instruments/CD40103BPWRG4/1896415,2.4 MHz,Down,,Binary Counter,8,1,-55°C ~ 125°C,,Asynchronous,4000B,Synchronous,Positive Edge,3 V ~ 18 V
CD40110BE,Texas Instruments,IC DECADE COUNTER 4-BIT 16DIP,pmic-gate-drivers,1275,2.26,"16-DIP (0.300"", 7.62mm)",Through Hole,Active,,https://www.digikey.com/en/products/detail/texas-instruments/CD40110BE/376605,5 MHz,"Up, Down",,"Counter, Decade",4,1,-55°C ~ 125°C,,,4000B,,"Positive, Negative",3 V ~ 18 V
CD40161BD3,Harris Corporation,IC BINARY COUNTER 4-BIT 16CDIP,pmic-gate-drivers,128,8.13,"16-CDIP (0.300"", 7.62mm)",Through Hole,Active,https://rocelec.widen.net/view/pdf/hldu1fv9s2/HRISS057-1.pdf?t.download=true&u=5oefqw,https://www.digikey.com/en/products/detail/rochester-electronics-llc/CD40161BD3/12119598,12 MHz,Up,,Binary Counter,4,1,-55°C ~ 125°C (TA),,Asynchronous,,Synchronous,Positive Edge,3 V ~ 18 V
CD40161BE,Texas Instruments,IC BINARY COUNTER 4-BIT 16DIP,pmic-gate-drivers,768,1.4,"16-DIP (0.300"", 7.62mm)",Through Hole,Active,,https://www.digikey.com/en/products/detail/texas-instruments/CD40161BE/67383,8 MHz,Up,,Binary Counter,4,1,-55°C ~ 125°C,,Asynchronous,4000B,Synchronous,Positive Edge,3 V ~ 18 V
CD40161BNS,Texas Instruments,PROGRAMMABLE 4-BIT COUNTER,pmic-gate-drivers,3950,0.3,-,-,Active,https://rocelec.widen.net/view/pdf/gdferi5dej/cd40160b.pdf?t.download=true&u=5oefqw,https://www.digikey.com/en/products/detail/rochester-electronics-llc/CD40161BNS/12118471,,,,,,,,,,*,,,
CD40161BNSR,Texas Instruments,IC BINARY COUNTER 4-BIT 16SO,pmic-gate-drivers,1666,0.77,"16-SOIC (0.209"", 5.30mm Width)",Surface Mount,Active,,https://www.digikey.com/en/products/detail/texas-instruments/CD40161BNSR/499489,8 MHz,Up,,Binary Counter,4,1,-55°C ~ 125°C,,Asynchronous,4000B,Synchronous,Positive Edge,3 V ~ 18 V
CD40161BPW,Texas Instruments,IC BINARY COUNTER 4-BIT 16TSSOP,pmic-gate-drivers,0,0.20663,"16-TSSOP (0.173"", 4.40mm Width)",Surface Mount,Obsolete,,https://www.digikey.com/en/products/detail/texas-instruments/CD40161BPW/1690768,8 MHz,Up,,Binary Counter,4,1,-55°C ~ 125°C,,Asynchronous,4000B,Synchronous,Positive Edge,3 V ~ 18 V
CD40161BPWE4,Texas Instruments,IC BINARY COUNTER 4-BIT 16TSSOP,pmic-gate-drivers,0,0.20663,"16-TSSOP (0.173"", 4.40mm Width)",Surface Mount,Obsolete,,https://www.digikey.com/en/products/detail/texas-instruments/CD40161BPWE4/1690769,8 MHz,Up,,Binary Counter,4,1,-55°C ~ 125°C,,Asynchronous,4000B,Synchronous,Positive Edge,3 V ~ 18 V
CD40161BPWG4,Texas Instruments,IC BINARY COUNTER 4-BIT 16TSSOP,pmic-gate-drivers,0,0.20663,"16-TSSOP (0.173"", 4.40mm Width)",Surface Mount,Obsolete,,https://www.digikey.com/en/products/detail/texas-instruments/CD40161BPWG4/1896494,8 MHz,Up,,Binary Counter,4,1,-55°C ~ 125°C,,Asynchronous,4000B,Synchronous,Positive Edge,3 V ~ 18 V
CD40161BPWR,Texas Instruments,IC BINARY COUNTER 4-BIT 16TSSOP,pmic-gate-drivers,0,0.63,"16-TSSOP (0.173"", 4.40mm Width)",Surface Mount,Active,,https://www.digikey.com/en/products/detail/texas-instruments/CD40161BPWR/528378,8 MHz,Up,,Binary Counter,4,1,-55°C ~ 125°C,,Asynchronous,4000B,Synchronous,Positive Edge,3 V ~ 18 V
CD40163BD,Harris Corporation,IC BINARY COUNTER 4-BIT 16CDIP,pmic-gate-drivers,155,4.47,"16-CDIP (0.300"", 7.62mm)",Through Hole,Active,https://rocelec.widen.net/view/pdf/hldu1fv9s2/HRISS057-1.pdf?t.download=true&u=5oefqw,https://www.digikey.com/en/products/detail/rochester-electronics-llc/CD40163BD/12119762,12 MHz,Up,,Binary Counter,4,1,-55°C ~ 125°C (TA),,Synchronous,,Synchronous,Positive Edge,3 V ~ 18 V
CD40175BF3,Harris Corporation,CMOS DECADE COUNTER WITH 10 DECO,pmic-gate-drivers,272,2.11,-,-,Active,https://rocelec.widen.net/view/pdf/wdfg9m2c5o/CD40175B.pdf?t.download=true&u=ovmfp3,https://www.digikey.com/en/products/detail/rochester-electronics-llc/CD40175BF3/12618261,,,,,,,,,,*,,,
CD4017AF/3,Harris Corporation,IC DECADE COUNTER 10BIT 16CDIP,pmic-gate-drivers,1455,9.41,"16-CDIP (0.300"", 7.62mm)",Through Hole,Active,https://rocelec.widen.net/view/pdf/d5fql51yp2/RCASS00218-1.pdf?t.download=true&u=5oefqw,https://www.digikey.com/en/products/detail/rochester-electronics-llc/CD4017AF-3/12119002,5 MHz,Up,,"Counter, Decade",10,1,-55°C ~ 125°C (TA),,Asynchronous,4000,Synchronous,"Positive, Negative",3 V ~ 12 V
CD4017AK,Harris Corporation,IC DECADE COUNTER 10BIT 16CFP,pmic-gate-drivers,248,49.2,16-CFlatPack,Surface Mount,Active,https://rocelec.widen.net/view/pdf/lcwlczsxwh/INSLS11658-1.pdf?t.download=true&u=5oefqw,https://www.digikey.com/en/products/detail/rochester-electronics-llc/CD4017AK/12125199,5 MHz,Up,,"Counter, Decade",10,1,-55°C ~ 125°C (TA),,Asynchronous,4000,Synchronous,"Positive, Negative",3 V ~ 12 V
CD4017BCSJ,Fairchild Semiconductor,IC DECADE COUNTER 10BIT 16SOP,pmic-gate-drivers,1880,0.64,"16-SOIC (0.209"", 5.30mm Width)",Surface Mount,Active,https://rocelec.widen.net/view/pdf/tlgk9oygv2/FAIRS16767-1.pdf?t.download=true&u=5oefqw,https://www.digikey.com/en/products/detail/rochester-electronics-llc/CD4017BCSJ/12135573,6 MHz,Up,,"Counter, Decade",10,1,-55°C ~ 125°C (TA),,Asynchronous,4000B,Synchronous,"Positive, Negative",3 V ~ 15 V
CD4017BD/3,Harris Corporation,IC DECADE COUNTER 10BIT 16CDIP,pmic-gate-drivers,125,12.69,"16-CDIP (0.300"", 7.62mm)",Through Hole,Active,https://rocelec.widen.net/view/pdf/jrtwtuuxua/RCASS00678-1.pdf?t.download=true&u=5oefqw,https://www.digikey.com/en/products/detail/rochester-electronics-llc/CD4017BD-3/12119350,11 MHz,Up,,"Counter, Decade",10,1,-55°C ~ 125°C (TA),,Asynchronous,4000B,Synchronous,"Positive, Negative",3 V ~ 18 V
CD4017BD3,Harris Corporation,IC DECADE COUNTER 10BIT 16CDIP,pmic-gate-drivers,187,12.69,"16-CDIP (0.300"", 7.62mm)",Through Hole,Active,https://rocelec.widen.net/view/pdf/hldu1fv9s2/HRISS057-1.pdf?t.download=true&u=5oefqw,https://www.digikey.com/en/products/detail/rochester-electronics-llc/CD4017BD3/12119190,11 MHz,Up,,"Counter, Decade",10,1,-55°C ~ 125°C (TA),,Asynchronous,4000B,Synchronous,"Positive, Negative",3 V ~ 18 V
CD4017BE,Texas Instruments,IC DECADE COUNTER 10BIT 16DIP,pmic-gate-drivers,9343,1.39,"16-DIP (0.300"", 7.62mm)",Through Hole,Active,,https://www.digikey.com/en/products/detail/texas-instruments/CD4017BE/67253,5.5 MHz,Up,,"Counter, Decade",10,1,-55°C ~ 125°C (TA),,Asynchronous,4000B,Synchronous,"Positive, Negative",3 V ~ 18 V
CD4017BEE4,Texas Instruments,IC DECADE COUNTER 10BIT 16DIP,pmic-gate-drivers,296,1.39,"16-DIP (0.300"", 7.62mm)",Through Hole,Discontinued at DigiKey,,https://www.digikey.com/en/products/detail/texas-instruments/CD4017BEE4/1690807,5.5 MHz,Up,,"Counter, Decade",10,1,-55°C ~ 125°C (TA),,Asynchronous,4000B,Synchronous,"Positive, Negative",3 V ~ 18 V
CD4017BK,Harris Corporation,IC DECADE COUNTER 10BIT 16CFP,pmic-gate-drivers,37,23.88,16-CFlatPack,Surface Mount,Active,https://rocelec.widen.net/view/pdf/hldu1fv9s2/HRISS057-1.pdf?t.download=true&u=5oefqw,https://www.digikey.com/en/products/detail/rochester-electronics-llc/CD4017BK/12118655,11 MHz,Up,,"Counter, Decade",10,1,-55°C ~ 125°C (TA),,Asynchronous,4000B,Synchronous,"Positive, Negative",3 V ~ 18 V
CD4017BK3,Harris Corporation,IC DECADE COUNTER 10BIT 16CFP,pmic-gate-drivers,1040,23.88,16-CFlatPack,Surface Mount,Active,https://rocelec.widen.net/view/pdf/hldu1fv9s2/HRISS057-1.pdf?t.download=true&u=5oefqw,https://www.digikey.com/en/products/detail/rochester-electronics-llc/CD4017BK3/12125571,11 MHz,Up,,"Counter, Decade",10,1,-55°C ~ 125°C (TA),,Asynchronous,4000B,Synchronous,"Positive, Negative",3 V ~ 18 V
CD4017BM96,Texas Instruments,IC DECADE COUNTER 10BIT 16SOIC,pmic-gate-drivers,5722,0.78,"16-SOIC (0.154"", 3.90mm Width)",Surface Mount,Active,,https://www.digikey.com/en/products/detail/texas-instruments/CD4017BM96/1690809,5.5 MHz,Up,,"Counter, Decade",10,1,-55°C ~ 125°C (TA),,Asynchronous,4000B,Synchronous,"Positive, Negative",3 V ~ 18 V
CD4017BM96G4,Texas Instruments,IC DECADE COUNTER 10BIT 16SOIC,pmic-gate-drivers,0,0.18376,"16-SOIC (0.154"", 3.90mm Width)",Surface Mount,Discontinued at DigiKey,,https://www.digikey.com/en/products/detail/texas-instruments/CD4017BM96G4/1896514,5.5 MHz,Up,,"Counter, Decade",10,1,-55°C ~ 125°C (TA),,Asynchronous,4000B,Synchronous,"Positive, Negative",3 V ~ 18 V
CD4017BMG4,Texas Instruments,IC DECADE COUNTER 10BIT 16SOIC,pmic-gate-drivers,0,0.43645,"16-SOIC (0.154"", 3.90mm Width)",Surface Mount,Obsolete,,https://www.digikey.com/en/products/detail/texas-instruments/CD4017BMG4/1896515,5.5 MHz,Up,,"Counter, Decade",10,1,-55°C ~ 125°C (TA),,Asynchronous,4000B,Synchronous,"Positive, Negative",3 V ~ 18 V
CD4017BNSR,Texas Instruments,IC DECADE COUNTER 10BIT 16SO,pmic-gate-drivers,833,1.07,"16-SOIC (0.209"", 5.30mm Width)",Surface Mount,Active,,https://www.digikey.com/en/products/detail/texas-instruments/CD4017BNSR/525881,5.5 MHz,Up,,"Counter, Decade",10,1,-55°C ~ 125°C (TA),,Asynchronous,4000B,Synchronous,"Positive, Negative",3 V ~ 18 V
CD4017BPW,Texas Instruments,IC DECADE COUNTER 10BIT 16TSSOP,pmic-gate-drivers,0,0.43596,"16-TSSOP (0.173"", 4.40mm Width)",Surface Mount,Obsolete,,https://www.digikey.com/en/products/detail/texas-instruments/CD4017BPW/1690813,5.5 MHz,Up,,"Counter, Decade",10,1,-55°C ~ 125°C (TA),,Asynchronous,4000B,Synchronous,"Positive, Negative",3 V ~ 18 V
CD4017BPWR,Texas Instruments,IC DECADE COUNTER 10BIT 16TSSOP,pmic-gate-drivers,3652,0.92,"16-TSSOP (0.173"", 4.40mm Width)",Surface Mount,Active,,https://www.digikey.com/en/products/detail/texas-instruments/CD4017BPWR/528387,5.5 MHz,Up,,"Counter, Decade",10,1,-55°C ~ 125°C (TA),,Asynchronous,4000B,Synchronous,"Positive, Negative",3 V ~ 18 V
CD4017BPWRE4,National Semiconductor,IC DECADE COUNTER 10BIT 16TSSOP,pmic-gate-drivers,1500,0.65,"16-TSSOP (0.173"", 4.40mm Width)",Surface Mount,Active,https://rocelec.widen.net/view/pdf/nmdurw4lvs/cd4017b-mil.pdf?t.download=true&u=5oefqw,https://www.digikey.com/en/products/detail/rochester-electronics-llc/CD4017BPWRE4/13465675,5.5 MHz,Up,,"Counter, Decade",10,1,-55°C ~ 125°C (TA),,Asynchronous,4000B,Synchronous,"Positive, Negative",3 V ~ 18 V
CD4018AK,Harris Corporation,PRESETTABLE DIVIDE-BY-N COUNTER,pmic-gate-drivers,956,27.26,-,-,Active,https://rocelec.widen.net/view/pdf/lcwlczsxwh/INSLS11658-1.pdf?t.download=true&u=5oefqw,https://www.digikey.com/en/products/detail/rochester-electronics-llc/CD4018AK/12118976,,,,,,,,,,*,,,
CD4018BD3,Harris Corporation,IC DIVIDER BY N 5-BIT 16CDIP,pmic-gate-drivers,109,11.4,"16-CDIP (0.300"", 7.62mm)",Through Hole,Active,https://rocelec.widen.net/view/pdf/hldu1fv9s2/HRISS057-1.pdf?t.download=true&u=5oefqw,https://www.digikey.com/en/products/detail/rochester-electronics-llc/CD4018BD3/12119330,17 MHz,Up,,Divide-by-N,5,1,-55°C ~ 125°C (TA),,Asynchronous,,Synchronous,Positive Edge,3 V ~ 18 V
CD4018BE,Texas Instruments,IC DIVIDER BY N 5-BIT 16DIP,pmic-gate-drivers,238,1.27,"16-DIP (0.300"", 7.62mm)",Through Hole,Active,,https://www.digikey.com/en/products/detail/texas-instruments/CD4018BE/67255,8.5 MHz,,,Divide-by-N,5,1,-55°C ~ 125°C,,Asynchronous,4000B,Synchronous,Positive Edge,3 V ~ 18 V
CD4018BF,Texas Instruments,CD4018B-MIL CMOS PRESETTABLE DIV,pmic-gate-drivers,22,23.61,-,-,Active,https://rocelec.widen.net/view/pdf/diwpy3wrgj/cd4018b-mil.pdf?t.download=true&u=5oefqw,https://www.digikey.com/en/products/detail/rochester-electronics-llc/CD4018BF/13500622,,,,,,,,,,*,,,
CD4018BM,Texas Instruments,IC DIVIDER BY N 5-BIT 16SOIC,pmic-gate-drivers,697,1.07,"16-SOIC (0.154"", 3.90mm Width)",Surface Mount,Obsolete,,https://www.digikey.com/en/products/detail/texas-instruments/CD4018BM/1690817,8.5 MHz,,,Divide-by-N,5,1,-55°C ~ 125°C,,Asynchronous,4000B,Synchronous,Positive Edge,3 V ~ 18 V
CD4018BM96,Texas Instruments,IC DIVIDER BY N 5-BIT 16SOIC,pmic-gate-drivers,2972,0.53,"16-SOIC (0.154"", 3.90mm Width)",Surface Mount,Active,,https://www.digikey.com/en/products/detail/texas-instruments/CD4018BM96/1690818,8.5 MHz,,,Divide-by-N,5,1,-55°C ~ 125°C,,Asynchronous,4000B,Synchronous,Positive Edge,3 V ~ 18 V
CD4018BMJ-MIL,National Semiconductor,IC DIVIDER BY N 5-BIT 16CDIP,pmic-gate-drivers,44,12.66,"16-CDIP (0.300"", 7.62mm)",Through Hole,Active,https://rocelec.widen.net/view/pdf/glv9xzyd5w/NATLS16802-1.pdf?t.download=true&u=5oefqw,https://www.digikey.com/en/products/detail/rochester-electronics-llc/CD4018BMJ-MIL/12132430,14 MHz,,,Divide-by-N,5,1,-55°C ~ 125°C (TA),,Synchronous,4000B,,Positive Edge,3 V ~ 15 V
CD4018BMT,Texas Instruments,IC DIVIDER BY N 5-BIT 16SOIC,pmic-gate-drivers,225,1.07,"16-SOIC (0.154"", 3.90mm Width)",Surface Mount,Obsolete,,https://www.digikey.com/en/products/detail/texas-instruments/CD4018BMT/1690821,8.5 MHz,,,Divide-by-N,5,1,-55°C ~ 125°C,,Asynchronous,4000B,Synchronous,Positive Edge,3 V ~ 18 V
CD4018BNSR,Texas Instruments,IC DIVIDER BY N 5-BIT 16SO,pmic-gate-drivers,1403,0.7,"16-SOIC (0.209"", 5.30mm Width)",Surface Mount,Active,,https://www.digikey.com/en/products/detail/texas-instruments/CD4018BNSR/525883,8.5 MHz,,,Divide-by-N,5,1,-55°C ~ 125°C,,Asynchronous,4000B,Synchronous,Positive Edge,3 V ~ 18 V
CD4018BPW,Texas Instruments,IC DIVIDER BY N 5-BIT 16TSSOP,pmic-gate-drivers,1416,0.94,"16-TSSOP (0.173"", 4.40mm Width)",Surface Mount,Active,,https://www.digikey.com/en/products/detail/texas-instruments/CD4018BPW/1690824,8.5 MHz,,,Divide-by-N,5,1,-55°C ~ 125°C,,Asynchronous,4000B,Synchronous,Positive Edge,3 V ~ 18 V
CD4018BPWE4,Texas Instruments,IC DIVIDER BY N 5-BIT 16TSSOP,pmic-gate-drivers,0,0.17224,"16-TSSOP (0.173"", 4.40mm Width)",Surface Mount,Discontinued at DigiKey,,https://www.digikey.com/en/products/detail/texas-instruments/CD4018BPWE4/1690825,8.5 MHz,,,Divide-by-N,5,1,-55°C ~ 125°C,,Asynchronous,4000B,Synchronous,Positive Edge,3 V ~ 18 V
CD4018BPWR,Texas Instruments,IC DIVIDER BY N 5-BIT 16TSSOP,pmic-gate-drivers,0,0.17171,"16-TSSOP (0.173"", 4.40mm Width)",Surface Mount,Obsolete,,https://www.digikey.com/en/products/detail/texas-instruments/CD4018BPWR/1690826,8.5 MHz,,,Divide-by-N,5,1,-55°C ~ 125°C,,Asynchronous,4000B,Synchronous,Positive Edge,3 V ~ 18 V
CD40192BCN,onsemi,IC DECADE COUNTER 4-BIT 16DIP,pmic-gate-drivers,0,0.6964,"16-DIP (0.300"", 7.62mm)",Through Hole,Obsolete,https://www.digikey.com//mm.digikey.com/Volume0/opasdata/d220001/medias/docus/2458/CD40192BC%2C%20CD40193BC.pdf,https://www.digikey.com/en/products/detail/onsemi/CD40192BCN/241937,12.5 MHz,"Up, Down",,"Counter, Decade",4,1,-55°C ~ 125°C,,Asynchronous,4000B,Synchronous,Positive Edge,3 V ~ 15 V
CD40192BE,Texas Instruments,IC DECADE COUNTER 4-BIT 16DIP,pmic-gate-drivers,1219,1.43,"16-DIP (0.300"", 7.62mm)",Through Hole,Active,,https://www.digikey.com/en/products/detail/texas-instruments/CD40192BE/376608,5.5 MHz,"Up, Down",,"Counter, Decade",4,1,-55°C ~ 125°C,,Asynchronous,4000B,Synchronous,Positive Edge,3 V ~ 18 V
CD40192BNSR,Texas Instruments,IC DECADE COUNTER 4-BIT 16SO,pmic-gate-drivers,1957,1.29,"16-SOIC (0.209"", 5.30mm Width)",Surface Mount,Active,,https://www.digikey.com/en/products/detail/texas-instruments/CD40192BNSR/525885,5.5 MHz,"Up, Down",,"Counter, Decade",4,1,-55°C ~ 125°C,,Asynchronous,4000B,Synchronous,Positive Edge,3 V ~ 18 V
CD40192BPW,Texas Instruments,IC DECADE COUNTER 4-BIT 16TSSOP,pmic-gate-drivers,0,0.20663,"16-TSSOP (0.173"", 4.40mm Width)",Surface Mount,Obsolete,,https://www.digikey.com/en/products/detail/texas-instruments/CD40192BPW/1690830,5.5 MHz,"Up, Down",,"Counter, Decade",4,1,-55°C ~ 125°C,,Asynchronous,4000B,Synchronous,Positive Edge,3 V ~ 18 V
CD40192BPWR,Texas Instruments,IC DECADE COUNTER 4-BIT 16TSSOP,pmic-gate-drivers,0,0.20559,"16-TSSOP (0.173"", 4.40mm Width)",Surface Mount,Obsolete,,https://www.digikey.com/en/products/detail/texas-instruments/CD40192BPWR/1690832,5.5 MHz,"Up, Down",,"Counter, Decade",4,1,-55°C ~ 125°C,,Asynchronous,4000B,Synchronous,Positive Edge,3 V ~ 18 V
CD40192BPWRE4,Texas Instruments,IC DECADE COUNTER 4-BIT 16TSSOP,pmic-gate-drivers,0,0.20559,"16-TSSOP (0.173"", 4.40mm Width)",Surface Mount,Obsolete,,https://www.digikey.com/en/products/detail/texas-instruments/CD40192BPWRE4/1690833,5.5 MHz,"Up, Down",,"Counter, Decade",4,1,-55°C ~ 125°C,,Asynchronous,4000B,Synchronous,Positive Edge,3 V ~ 18 V
CD40193BD,Harris Corporation,IC BINARY COUNTER 4-BIT 16CDIP,pmic-gate-drivers,274,4.59,"16-CDIP (0.300"", 7.62mm)",Through Hole,Active,https://rocelec.widen.net/view/pdf/hldu1fv9s2/HRISS057-1.pdf?t.download=true&u=5oefqw,https://www.digikey.com/en/products/detail/rochester-electronics-llc/CD40193BD/12138713,11 MHz,"Up, Down",,Binary Counter,4,1,-55°C ~ 125°C (TA),,Asynchronous,,Synchronous,Positive Edge,3 V ~ 18 V
CD40193BE,Texas Instruments,IC BINARY COUNTER 4-BIT 16DIP,pmic-gate-drivers,11249,1.43,"16-DIP (0.300"", 7.62mm)",Through Hole,Active,,https://www.digikey.com/en/products/detail/texas-instruments/CD40193BE/376609,5.5 MHz,"Up, Down",,Binary Counter,4,1,-55°C ~ 125°C,,Asynchronous,4000B,Synchronous,Positive Edge,3 V ~ 18 V
CD40193BK3,Harris Corporation,PRESETTABLE UP/DOWN COUNTER,pmic-gate-drivers,44,24.41,-,-,Active,https://rocelec.widen.net/view/pdf/ffa2zz94j4/CD40192B-CD40193B.pdf?t.download=true&u=ovmfp3,https://www.digikey.com/en/products/detail/rochester-electronics-llc/CD40193BK3/12137164,,,,,,,,,,*,,,
CD40193BNSR,Texas Instruments,IC BINARY COUNTER 4-BIT 16SO,pmic-gate-drivers,7472,1.29,"16-SOIC (0.209"", 5.30mm Width)",Surface Mount,Active,,https://www.digikey.com/en/products/detail/texas-instruments/CD40193BNSR/1690835,5.5 MHz,"Up, Down",,Binary Counter,4,1,-55°C ~ 125°C,,Asynchronous,4000B,Synchronous,Positive Edge,3 V ~ 18 V
CD40193BNSRE4,Texas Instruments,IC BINARY COUNTER 4-BIT 16SO,pmic-gate-drivers,0,0.18712,"16-SOIC (0.209"", 5.30mm Width)",Surface Mount,Discontinued at DigiKey,,https://www.digikey.com/en/products/detail/texas-instruments/CD40193BNSRE4/1690836,5.5 MHz,"Up, Down",,Binary Counter,4,1,-55°C ~ 125°C,,Asynchronous,4000B,Synchronous,Positive Edge,3 V ~ 18 V
CD40193BPW,Texas Instruments,IC BINARY COUNTER 4-BIT 16TSSOP,pmic-gate-drivers,316,1.04,"16-TSSOP (0.173"", 4.40mm Width)",Surface Mount,Obsolete,,https://www.digikey.com/en/products/detail/texas-instruments/CD40193BPW/1690837,5.5 MHz,"Up, Down",,Binary Counter,4,1,-55°C ~ 125°C,,Asynchronous,4000B,Synchronous,Positive Edge,3 V ~ 18 V
CD40193BPWR,Texas Instruments,IC BINARY COUNTER 4-BIT 16TSSOP,pmic-gate-drivers,0,1.19,"16-TSSOP (0.173"", 4.40mm Width)",Surface Mount,Active,,https://www.digikey.com/en/products/detail/texas-instruments/CD40193BPWR/528379,5.5 MHz,"Up, Down",,Binary Counter,4,1,-55°C ~ 125°C,,Asynchronous,4000B,Synchronous,Positive Edge,3 V ~ 18 V
CD4020AF3,Harris Corporation,CMOS 14-STAGE BINARY RIPPLE COUN,pmic-gate-drivers,347,5.38,-,-,Active,,https://www.digikey.com/en/products/detail/rochester-electronics-llc/CD4020AF3/12599482,,,,,,,,,,*,,,
CD4020BCN,Fairchild Semiconductor,IC BINARY COUNTER 14-BIT 16DIP,pmic-gate-drivers,3729,2.68,"16-DIP (0.300"", 7.62mm)",Through Hole,Obsolete,https://rocelec.widen.net/view/pdf/no5w1eyksd/FAIRS32295-1.pdf?t.download=true&u=5oefqw,https://www.digikey.com/en/products/detail/rochester-electronics-llc/CD4020BCN/11540599,12 MHz,Up,,Binary Counter,14,1,-55°C ~ 125°C,,Asynchronous,4000B,,Negative Edge,3 V ~ 15 V
CD4020BE,Texas Instruments,IC BINARY COUNTER 14-BIT 16DIP,pmic-gate-drivers,6349,1.14,"16-DIP (0.300"", 7.62mm)",Through Hole,Active,,https://www.digikey.com/en/products/detail/texas-instruments/CD4020BE/67259,24 MHz,Up,,Binary Counter,14,1,-55°C ~ 125°C,,Asynchronous,4000B,,Negative Edge,3 V ~ 18 V
CD4020BEE4,Texas Instruments,IC BINARY COUNTER 14-BIT 16DIP,pmic-gate-drivers,0,0.6006,"16-DIP (0.300"", 7.62mm)",Through Hole,Active,https://www.ti.com/lit/ds/symlink/cd4020b.pdf,https://www.digikey.com/en/products/detail/texas-instruments/CD4020BEE4/18158910,24 MHz,Up,,Binary Counter,14,1,-55°C ~ 125°C (TA),,Asynchronous,4000B,,Negative Edge,3 V ~ 18 V
CD4020BK,Harris Corporation,IC BINARY COUNTER 14-BIT 16CFP,pmic-gate-drivers,191,23.94,16-CFlatPack,Surface Mount,Active,https://rocelec.widen.net/view/pdf/hldu1fv9s2/HRISS057-1.pdf?t.download=true&u=5oefqw,https://www.digikey.com/en/products/detail/rochester-electronics-llc/CD4020BK/12135556,24 MHz,Up,,Binary Counter,14,1,-55°C ~ 125°C (TA),,Asynchronous,4000B,,Negative Edge,3 V ~ 18 V
CD4020BK3,Harris Corporation,IC BINARY COUNTER 14-BIT 16CFP,pmic-gate-drivers,142,23.94,16-CFlatPack,Surface Mount,Active,https://rocelec.widen.net/view/pdf/hldu1fv9s2/HRISS057-1.pdf?t.download=true&u=5oefqw,https://www.digikey.com/en/products/detail/rochester-electronics-llc/CD4020BK3/12133681,24 MHz,Up,,Binary Counter,14,1,-55°C ~ 125°C (TA),,Asynchronous,4000B,,Negative Edge,3 V ~ 18 V
CD4020BNS,Texas Instruments,IC BINARY COUNTER 14-BIT 16SO,pmic-gate-drivers,2400,1.08,"16-SOIC (0.209"", 5.30mm Width)",Surface Mount,Obsolete,,https://www.digikey.com/en/products/detail/texas-instruments/CD4020BNS/9860817,24 MHz,Up,,Binary Counter,14,1,-55°C ~ 125°C (TA),,Asynchronous,4000B,,Negative Edge,3 V ~ 18 V
CD4020BNSR,Texas Instruments,IC BINARY COUNTER 14-BIT 16SO,pmic-gate-drivers,3467,0.65,"16-SOIC (0.209"", 5.30mm Width)",Surface Mount,Active,,https://www.digikey.com/en/products/detail/texas-instruments/CD4020BNSR/525887,24 MHz,Up,,Binary Counter,14,1,-55°C ~ 125°C,,Asynchronous,4000B,,Negative Edge,3 V ~ 18 V
CD4020BNSRG4,Texas Instruments,IC BINARY COUNTER 14-BIT 16SO,pmic-gate-drivers,0,0.16199,"16-SOIC (0.209"", 5.30mm Width)",Surface Mount,Discontinued at DigiKey,,https://www.digikey.com/en/products/detail/texas-instruments/CD4020BNSRG4/1896547,24 MHz,Up,,Binary Counter,14,1,-55°C ~ 125°C,,Asynchronous,4000B,,Negative Edge,3 V ~ 18 V
CD4020BPW,Texas Instruments,IC BINARY COUNTER 14BIT 16TSSOP,pmic-gate-drivers,150,1.02,"16-TSSOP (0.173"", 4.40mm Width)",Surface Mount,Obsolete,,https://www.digikey.com/en/products/detail/texas-instruments/CD4020BPW/1690855,24 MHz,Up,,Binary Counter,14,1,-55°C ~ 125°C,,Asynchronous,4000B,,Negative Edge,3 V ~ 18 V
CD4020BPWE4,Texas Instruments,IC BINARY COUNTER 14BIT 16TSSOP,pmic-gate-drivers,0,0.44027,"16-TSSOP (0.173"", 4.40mm Width)",Surface Mount,Discontinued at DigiKey,,https://www.digikey.com/en/products/detail/texas-instruments/CD4020BPWE4/1690856,24 MHz,Up,,Binary Counter,14,1,-55°C ~ 125°C,,Asynchronous,4000B,,Negative Edge,3 V ~ 18 V
CD4020BPWR,Texas Instruments,IC BINARY COUNTER 14BIT 16TSSOP,pmic-gate-drivers,3487,0.49,"16-TSSOP (0.173"", 4.40mm Width)",Surface Mount,Active,,https://www.digikey.com/en/products/detail/texas-instruments/CD4020BPWR/1690857,24 MHz,Up,,Binary Counter,14,1,-55°C ~ 125°C,,Asynchronous,4000B,,Negative Edge,3 V ~ 18 V
CD4022BD3,Harris Corporation,IC BINARY COUNTER 4-BIT 16CDIP,pmic-gate-drivers,110,21.21,"16-CDIP (0.300"", 7.62mm)",Through Hole,Active,https://rocelec.widen.net/view/pdf/hldu1fv9s2/HRISS057-1.pdf?t.download=true&u=5oefqw,https://www.digikey.com/en/products/detail/rochester-electronics-llc/CD4022BD3/12137551,11 MHz,Up,,Binary Counter,4,1,-55°C ~ 125°C (TA),,Synchronous,,Synchronous,Positive Edge,3 V ~ 18 V
CD4022BE,Texas Instruments,IC BINARY COUNTER 4-BIT 16DIP,pmic-gate-drivers,839,1.43,"16-DIP (0.300"", 7.62mm)",Through Hole,Active,,https://www.digikey.com/en/products/detail/texas-instruments/CD4022BE/67263,6 MHz,Up,,Binary Counter,4,1,-55°C ~ 125°C,,Asynchronous,4000B,,Positive Edge,3 V ~ 18 V
CD4022BEE4,Texas Instruments,IC BINARY COUNTER 4-BIT 16DIP,pmic-gate-drivers,0,0.19174,"16-DIP (0.300"", 7.62mm)",Through Hole,Discontinued at DigiKey,,https://www.digikey.com/en/products/detail/texas-instruments/CD4022BEE4/1690870,6 MHz,Up,,Binary Counter,4,1,-55°C ~ 125°C,,Asynchronous,4000B,,Positive Edge,3 V ~ 18 V
CD4022BF3,Harris Corporation,CMOS COUNTER/DIVIDER,pmic-gate-drivers,344,1.99,-,-,Active,https://rocelec.widen.net/view/pdf/hldu1fv9s2/HRISS057-1.pdf?t.download=true&u=5oefqw,https://www.digikey.com/en/products/detail/rochester-electronics-llc/CD4022BF3/12598642,,,,,,,,,,*,,,
CD4022BFX,Harris Corporation,IC BINARY COUNTER 4-BIT 16CDIP,pmic-gate-drivers,319,1.99,"16-CDIP (0.300"", 7.62mm)",Through Hole,Active,https://rocelec.widen.net/view/pdf/hldu1fv9s2/HRISS057-1.pdf?t.download=true&u=5oefqw,https://www.digikey.com/en/products/detail/rochester-electronics-llc/CD4022BFX/12134635,11 MHz,Up,,Binary Counter,4,1,-55°C ~ 125°C (TA),,Synchronous,,Synchronous,Positive Edge,3 V ~ 18 V
CD4022BNSR,Texas Instruments,IC BINARY COUNTER 4-BIT 16SO,pmic-gate-drivers,1979,1.55,"16-SOIC (0.209"", 5.30mm Width)",Surface Mount,Active,,https://www.digikey.com/en/products/detail/texas-instruments/CD4022BNSR/525889,6 MHz,Up,,Binary Counter,4,1,-55°C ~ 125°C,,Asynchronous,4000B,,Positive Edge,3 V ~ 18 V
CD4022BNSRE4,Texas Instruments,IC BINARY COUNTER 4-BIT 16SO,pmic-gate-drivers,0,0.23814,"16-SOIC (0.209"", 5.30mm Width)",Surface Mount,Discontinued at DigiKey,,https://www.digikey.com/en/products/detail/texas-instruments/CD4022BNSRE4/1690871,6 MHz,Up,,Binary Counter,4,1,-55°C ~ 125°C,,Asynchronous,4000B,,Positive Edge,3 V ~ 18 V
CD4022BPW,Texas Instruments,IC BINARY COUNTER 4-BIT 16TSSOP,pmic-gate-drivers,368,1.03,"16-TSSOP (0.173"", 4.40mm Width)",Surface Mount,Obsolete,,https://www.digikey.com/en/products/detail/texas-instruments/CD4022BPW/1690872,6 MHz,Up,,Binary Counter,4,1,-55°C ~ 125°C,,Asynchronous,4000B,,Positive Edge,3 V ~ 18 V
CD4022BPWR,Texas Instruments,IC BINARY COUNTER 4-BIT 16TSSOP,pmic-gate-drivers,2363,1.06,"16-TSSOP (0.173"", 4.40mm Width)",Surface Mount,Active,,https://www.digikey.com/en/products/detail/texas-instruments/CD4022BPWR/528382,6 MHz,Up,,Binary Counter,4,1,-55°C ~ 125°C,,Asynchronous,4000B,,Positive Edge,3 V ~ 18 V
CD4024AD3,Harris Corporation,IC BINARY COUNTER 7-BIT 14CDIP,pmic-gate-drivers,221,8.94,"14-CDIP (0.300"", 7.62mm)",Through Hole,Active,https://rocelec.widen.net/view/pdf/hldu1fv9s2/HRISS057-1.pdf?t.download=true&u=5oefqw,https://www.digikey.com/en/products/detail/rochester-electronics-llc/CD4024AD3/12133791,7 MHz,Up,,Binary Counter,7,1,-55°C ~ 125°C (TA),,Asynchronous,,,Negative Edge,3 V ~ 12 V
CD4024AK3,Harris Corporation,IC BINARY COUNTER 7-BIT 14CFP,pmic-gate-drivers,28,27.61,14-CFlatPack,Surface Mount,Active,https://rocelec.widen.net/view/pdf/hldu1fv9s2/HRISS057-1.pdf?t.download=true&u=5oefqw,https://www.digikey.com/en/products/detail/rochester-electronics-llc/CD4024AK3/12135922,7 MHz,Up,,Binary Counter,7,1,-55°C ~ 125°C (TA),,Asynchronous,,,Negative Edge,3 V ~ 12 V
CD4024BCM,Fairchild Semiconductor,IC BINARY COUNTER 7-BIT 14SOIC,pmic-gate-drivers,15923,2.41,"14-SOIC (0.154"", 3.90mm Width)",Surface Mount,Obsolete,https://rocelec.widen.net/view/pdf/u7ohjlv4a2/FAIRS16897-1.pdf?t.download=true&u=5oefqw,https://www.digikey.com/en/products/detail/rochester-electronics-llc/CD4024BCM/11539820,12 MHz,Up,,Binary Counter,7,1,-55°C ~ 125°C,,Asynchronous,4000B,,Negative Edge,3 V ~ 15 V
CD4024BE,Texas Instruments,IC BINARY COUNTER 7-BIT 14DIP,pmic-gate-drivers,829,1.0,"14-DIP (0.300"", 7.62mm)",Through Hole,Active,,https://www.digikey.com/en/products/detail/texas-instruments/CD4024BE/67267,24 MHz,Up,,Binary Counter,7,1,-55°C ~ 125°C,,Asynchronous,4000B,,Negative Edge,3 V ~ 18 V
CD4024BEE4,Texas Instruments,IC BINARY COUNTER 7-BIT 14DIP,pmic-gate-drivers,0,0.51436,"14-DIP (0.300"", 7.62mm)",Through Hole,Active,https://www.ti.com/lit/ds/symlink/cd4020b.pdf,https://www.digikey.com/en/products/detail/texas-instruments/CD4024BEE4/18158731,24 MHz,Up,,Binary Counter,7,1,-55°C ~ 125°C (TA),,Asynchronous,4000B,,Negative Edge,3 V ~ 18 V
CD4024BFX,Harris Corporation,IC BINARY COUNTER 7-BIT 14CDIP,pmic-gate-drivers,628,2.58,"14-CDIP (0.300"", 7.62mm)",Through Hole,Active,https://rocelec.widen.net/view/pdf/hldu1fv9s2/HRISS057-1.pdf?t.download=true&u=5oefqw,https://www.digikey.com/en/products/detail/rochester-electronics-llc/CD4024BFX/12135019,24 MHz,Up,,Binary Counter,7,1,-55°C ~ 125°C (TA),,Asynchronous,,,Negative Edge,3 V ~ 18 V
CD4024BK352353,Harris Corporation,CMOS 7-STAGE BINARY RIPPLE COUNT,pmic-gate-drivers,103,23.38,-,-,Active,https://rocelec.widen.net/view/pdf/3bzn0px40i/CD4020B-CD4024B-CD4040B.pdf?t.download=true&u=ovmfp3,https://www.digikey.com/en/products/detail/rochester-electronics-llc/CD4024BK352353/12602704,,,,,,,,,,*,,,
CD4024BM,Harris Corporation,IC BINARY COUNTER 7-BIT 14SOIC,pmic-gate-drivers,8818,1.07,"14-SOIC (0.154"", 3.90mm Width)",Surface Mount,Obsolete,https://rocelec.widen.net/view/pdf/utyzvtjckk/HRISS503-1.pdf?t.download=true&u=5oefqw,https://www.digikey.com/en/products/detail/rochester-electronics-llc/CD4024BM/11558119,24 MHz,Up,,Binary Counter,7,1,-55°C ~ 125°C,,Asynchronous,4000B,,Negative Edge,3 V ~ 18 V
CD4024BM96,Texas Instruments,IC BINARY COUNTER 7-BIT 14SOIC,pmic-gate-drivers,0,0.79,"14-SOIC (0.154"", 3.90mm Width)",Surface Mount,Active,,https://www.digikey.com/en/products/detail/texas-instruments/CD4024BM96/528383,24 MHz,Up,,Binary Counter,7,1,-55°C ~ 125°C,,Asynchronous,4000B,,Negative Edge,3 V ~ 18 V
CD4024BME4,Texas Instruments,IC BINARY COUNTER 7-BIT 14SOIC,pmic-gate-drivers,0,0.5882,"14-SOIC (0.154"", 3.90mm Width)",Surface Mount,Obsolete,,https://www.digikey.com/en/products/detail/texas-instruments/CD4024BME4/1690890,24 MHz,Up,,Binary Counter,7,1,-55°C ~ 125°C,,Asynchronous,4000B,,Negative Edge,3 V ~ 18 V
CD4024BMG4,Texas Instruments,IC BINARY COUNTER 7-BIT 14SOIC,pmic-gate-drivers,0,0.5882,"14-SOIC (0.154"", 3.90mm Width)",Surface Mount,Obsolete,,https://www.digikey.com/en/products/detail/texas-instruments/CD4024BMG4/1896566,24 MHz,Up,,Binary Counter,7,1,-55°C ~ 125°C,,Asynchronous,4000B,,Negative Edge,3 V ~ 18 V
CD4024BMT,Texas Instruments,IC BINARY COUNTER 7-BIT 14SOIC,pmic-gate-drivers,2722,1.15,"14-SOIC (0.154"", 3.90mm Width)",Surface Mount,Obsolete,,https://www.digikey.com/en/products/detail/texas-instruments/CD4024BMT/1690891,24 MHz,Up,,Binary Counter,7,1,-55°C ~ 125°C,,Asynchronous,4000B,,Negative Edge,3 V ~ 18 V
CD4024BNSR,Texas Instruments,IC BINARY COUNTER 7-BIT 14SO,pmic-gate-drivers,2022,1.23,"14-SOIC (0.209"", 5.30mm Width)",Surface Mount,Active,,https://www.digikey.com/en/products/detail/texas-instruments/CD4024BNSR/1690893,24 MHz,Up,,Binary Counter,7,1,-55°C ~ 125°C,,Asynchronous,4000B,,Negative Edge,3 V ~ 18 V
CD4024BPW,Texas Instruments,IC BINARY COUNTER 7-BIT 14TSSOP,pmic-gate-drivers,1773,1.15,"14-TSSOP (0.173"", 4.40mm Width)",Surface Mount,Obsolete,,https://www.digikey.com/en/products/detail/texas-instruments/CD4024BPW/1690895,24 MHz,Up,,Binary Counter,7,1,-55°C ~ 125°C,,Asynchronous,4000B,,Negative Edge,3 V ~ 18 V
CD4024BPWR,Texas Instruments,IC BINARY COUNTER 7-BIT 14TSSOP,pmic-gate-drivers,7838,0.79,"14-TSSOP (0.173"", 4.40mm Width)",Surface Mount,Active,,https://www.digikey.com/en/products/detail/texas-instruments/CD4024BPWR/475869,24 MHz,Up,,Binary Counter,7,1,-55°C ~ 125°C,,Asynchronous,4000B,,Negative Edge,3 V ~ 18 V
CD4026AF/3,Harris Corporation,DECADE COUNTERS/DIVIDERS,pmic-gate-drivers,251,1.9,-,-,Obsolete,https://rocelec.widen.net/view/pdf/w9umsanu48/CD4026A-CD4033A.pdf?t.download=true&u=ovmfp3,https://www.digikey.com/en/products/detail/rochester-electronics-llc/CD4026AF-3/12093524,,,,,,,,,,*,,,
CD4026BE,Texas Instruments,IC DECADE COUNTER 5-BIT 16DIP,pmic-gate-drivers,0,1.45,"16-DIP (0.300"", 7.62mm)",Through Hole,Active,,https://www.digikey.com/en/products/detail/texas-instruments/CD4026BE/528411,16 MHz,Up,,"Counter, Decade",5,1,-55°C ~ 125°C,,Asynchronous,4000B,Synchronous,Positive Edge,3 V ~ 18 V
CD4026BEE4,Texas Instruments,IC DECADE COUNTER 5-BIT 16DIP,pmic-gate-drivers,0,0.17674,"16-DIP (0.300"", 7.62mm)",Through Hole,Discontinued at DigiKey,,https://www.digikey.com/en/products/detail/texas-instruments/CD4026BEE4/1690923,16 MHz,Up,,"Counter, Decade",5,1,-55°C ~ 125°C,,Asynchronous,4000B,Synchronous,Positive Edge,3 V ~ 18 V
CD4026BF,Harris Corporation,IC DECADE COUNTER 5-BIT 16CDIP,pmic-gate-drivers,1489,1.04,"16-CDIP (0.300"", 7.62mm)",Through Hole,Obsolete,https://rocelec.widen.net/view/pdf/dyaaib1snd/INSLS11302-1.pdf?t.download=true&u=5oefqw,https://www.digikey.com/en/products/detail/rochester-electronics-llc/CD4026BF/12093388,16 MHz,Up,,"Counter, Decade",5,1,-55°C ~ 125°C (TA),,Asynchronous,,Synchronous,Positive Edge,3 V ~ 18 V
CD4026BF/3,Harris Corporation,IC DECADE COUNTER 4-BIT 16CDIP,pmic-gate-drivers,499,1.9,"16-CDIP (0.300"", 7.62mm)",Through Hole,Obsolete,https://rocelec.widen.net/view/pdf/4n6f4yrppu/RCASS00676-1.pdf?t.download=true&u=5oefqw,https://www.digikey.com/en/products/detail/rochester-electronics-llc/CD4026BF-3/12093984,16 MHz,Up,,"Counter, Decade",4,1,-55°C ~ 125°C (TA),,Asynchronous,,Synchronous,Positive Edge,3 V ~ 18 V
CD4026BF3A,Harris Corporation,IC DECADE COUNTER 5-BIT 16CDIP,pmic-gate-drivers,275,1.91,"16-CDIP (0.300"", 7.62mm)",Through Hole,Obsolete,https://rocelec.widen.net/view/pdf/dyaaib1snd/INSLS11302-1.pdf?t.download=true&u=5oefqw,https://www.digikey.com/en/products/detail/rochester-electronics-llc/CD4026BF3A/12093947,16 MHz,Up,,"Counter, Decade",5,1,-55°C ~ 125°C (TA),,Asynchronous,,Synchronous,Positive Edge,3 V ~ 18 V
CD4026BNSR,Texas Instruments,IC DECADE COUNTER 5-BIT 16SO,pmic-gate-drivers,1778,0.83,"16-SOIC (0.209"", 5.30mm Width)",Surface Mount,Active,,https://www.digikey.com/en/products/detail/texas-instruments/CD4026BNSR/1690924,16 MHz,Up,,"Counter, Decade",5,1,-55°C ~ 125°C,,Asynchronous,4000B,Synchronous,Positive Edge,3 V ~ 18 V
CD4026BPW,Texas Instruments,IC DECADE COUNTER 5-BIT 16TSSOP,pmic-gate-drivers,0,1.07,"16-TSSOP (0.173"", 4.40mm Width)",Surface Mount,Obsolete,,https://www.digikey.com/en/products/detail/texas-instruments/CD4026BPW/1690926,16 MHz,Up,,"Counter, Decade",5,1,-55°C ~ 125°C,,Asynchronous,4000B,Synchronous,Positive Edge,3 V ~ 18 V
CD4026BPWR,Texas Instruments,IC DECADE COUNTER 5-BIT 16TSSOP,pmic-gate-drivers,3356,0.71,"16-TSSOP (0.173"", 4.40mm Width)",Surface Mount,Active,,https://www.digikey.com/en/products/detail/texas-instruments/CD4026BPWR/528377,16 MHz,Up,,"Counter, Decade",5,1,-55°C ~ 125°C,,Asynchronous,4000B,Synchronous,Positive Edge,3 V ~ 18 V
CD4029BCWMX,Fairchild Semiconductor,IC BINARY COUNTER 4-BIT 16SOIC,pmic-gate-drivers,20000,2.68,"16-SOIC (0.295"", 7.50mm Width)",Surface Mount,Active,https://rocelec.widen.net/view/pdf/y0exw1ua0d/FAIRS16899-1.pdf?t.download=true&u=5oefqw,https://www.digikey.com/en/products/detail/rochester-electronics-llc/CD4029BCWMX/12095834,9 MHz,"Up, Down",,"Binary Counter, Decade",4,1,-55°C ~ 125°C (TA),,Asynchronous,,Synchronous,Positive Edge,3 V ~ 15 V
CD4029BD3,Harris Corporation,IC BINARY COUNTER 4-BIT 16CDIP,pmic-gate-drivers,129,13.54,"16-CDIP (0.300"", 7.62mm)",Through Hole,Active,https://rocelec.widen.net/view/pdf/hldu1fv9s2/HRISS057-1.pdf?t.download=true&u=5oefqw,https://www.digikey.com/en/products/detail/rochester-electronics-llc/CD4029BD3/12095375,11 MHz,"Up, Down",,"Binary Counter, Decade",4,1,-55°C ~ 125°C (TA),,Asynchronous,,Synchronous,Positive Edge,3 V ~ 18 V
CD4029BE,Texas Instruments,IC BINARY COUNTER 4-BIT 16DIP,pmic-gate-drivers,1694,1.48,"16-DIP (0.300"", 7.62mm)",Through Hole,Active,,https://www.digikey.com/en/products/detail/texas-instruments/CD4029BE/67275,11 MHz,"Up, Down",,"Binary Counter, Decade",4,1,-55°C ~ 125°C,,Asynchronous,4000B,Synchronous,Positive Edge,3 V ~ 18 V
CD4029BEG4,Texas Instruments,IC BINARY COUNTER 4-BIT 16DIP,pmic-gate-drivers,0,0.21562,"16-DIP (0.300"", 7.62mm)",Through Hole,Discontinued at DigiKey,,https://www.digikey.com/en/products/detail/texas-instruments/CD4029BEG4/1690950,11 MHz,"Up, Down",,"Binary Counter, Decade",4,1,-55°C ~ 125°C,,Asynchronous,4000B,Synchronous,Positive Edge,3 V ~ 18 V
CD4029BK,Harris Corporation,IC BINARY COUNTER 4-BIT 16CFP,pmic-gate-drivers,88,24.2,16-CFlatPack,Surface Mount,Active,https://rocelec.widen.net/view/pdf/hldu1fv9s2/HRISS057-1.pdf?t.download=true&u=5oefqw,https://www.digikey.com/en/products/detail/rochester-electronics-llc/CD4029BK/12094992,11 MHz,"Up, Down",,"Binary Counter, Decade",4,1,-55°C ~ 125°C (TA),,Asynchronous,,Synchronous,Positive Edge,3 V ~ 18 V
CD4029BM,Texas Instruments,IC BINARY COUNTER 4-BIT 16SOIC,pmic-gate-drivers,0,0.91,"16-SOIC (0.154"", 3.90mm Width)",Surface Mount,Obsolete,,https://www.digikey.com/en/products/detail/texas-instruments/CD4029BM/1690951,11 MHz,"Up, Down",,"Binary Counter, Decade",4,1,-55°C ~ 125°C,,Asynchronous,4000B,Synchronous,Positive Edge,3 V ~ 18 V
CD4029BM96,Texas Instruments,IC BINARY COUNTER 4-BIT 16SOIC,pmic-gate-drivers,9499,0.55,"16-SOIC (0.154"", 3.90mm Width)",Surface Mount,Active,,https://www.digikey.com/en/products/detail/texas-instruments/CD4029BM96/1690952,11 MHz,"Up, Down",,"Binary Counter, Decade",4,1,-55°C ~ 125°C,,Asynchronous,4000B,Synchronous,Positive Edge,3 V ~ 18 V
CD4029BMT,Texas Instruments,IC BINARY COUNTER 4-BIT 16SOIC,pmic-gate-drivers,0,0.3581,"16-SOIC (0.154"", 3.90mm Width)",Surface Mount,Obsolete,,https://www.digikey.com/en/products/detail/texas-instruments/CD4029BMT/1690955,11 MHz,"Up, Down",,"Binary Counter, Decade",4,1,-55°C ~ 125°C,,Asynchronous,4000B,Synchronous,Positive Edge,3 V ~ 18 V
CD4029BNSR,Texas Instruments,IC BINARY COUNTER 4-BIT 16SO,pmic-gate-drivers,1975,0.7,"16-SOIC (0.209"", 5.30mm Width)",Surface Mount,Active,,https://www.digikey.com/en/products/detail/texas-instruments/CD4029BNSR/1690957,11 MHz,"Up, Down",,"Binary Counter, Decade",4,1,-55°C ~ 125°C,,Asynchronous,4000B,Synchronous,Positive Edge,3 V ~ 18 V
CD4029BPW,Texas Instruments,IC BINARY COUNTER 4-BIT 16TSSOP,pmic-gate-drivers,0,0.1765,"16-TSSOP (0.173"", 4.40mm Width)",Surface Mount,Obsolete,,https://www.digikey.com/en/products/detail/texas-instruments/CD4029BPW/1690959,11 MHz,"Up, Down",,"Binary Counter, Decade",4,1,-55°C ~ 125°C,,Asynchronous,4000B,Synchronous,Positive Edge,3 V ~ 18 V
CD4029BPWG4,Texas Instruments,IC BINARY COUNTER 4-BIT 16TSSOP,pmic-gate-drivers,0,0.1765,"16-TSSOP (0.173"", 4.40mm Width)",Surface Mount,Obsolete,,https://www.digikey.com/en/products/detail/texas-instruments/CD4029BPWG4/1896602,11 MHz,"Up, Down",,"Binary Counter, Decade",4,1,-55°C ~ 125°C,,Asynchronous,4000B,Synchronous,Positive Edge,3 V ~ 18 V
CD4029BPWR,Texas Instruments,IC BINARY COUNTER 4-BIT 16TSSOP,pmic-gate-drivers,2943,1.09,"16-TSSOP (0.173"", 4.40mm Width)",Surface Mount,Active,,https://www.digikey.com/en/products/detail/texas-instruments/CD4029BPWR/664610,11 MHz,"Up, Down",,"Binary Counter, Decade",4,1,-55°C ~ 125°C,,Asynchronous,4000B,Synchronous,Positive Edge,3 V ~ 18 V
CD4033BD,Harris Corporation,IC DECADE COUNTER 5-BIT 16CDIP,pmic-gate-drivers,237,6.98,"16-CDIP (0.300"", 7.62mm)",Through Hole,Active,https://rocelec.widen.net/view/pdf/hldu1fv9s2/HRISS057-1.pdf?t.download=true&u=5oefqw,https://www.digikey.com/en/products/detail/rochester-electronics-llc/CD4033BD/12096870,16 MHz,Up,,"Counter, Decade",5,1,-55°C ~ 125°C (TA),,Asynchronous,,Synchronous,Positive Edge,3 V ~ 18 V
CD4033BE,Texas Instruments,IC DECADE COUNTER 5-BIT 16DIP,pmic-gate-drivers,1117,2.39,"16-DIP (0.300"", 7.62mm)",Through Hole,Active,,https://www.digikey.com/en/products/detail/texas-instruments/CD4033BE/528403,16 MHz,Up,,"Counter, Decade",5,1,-55°C ~ 125°C,,Asynchronous,4000B,Synchronous,Positive Edge,3 V ~ 18 V
CD4033BNSR,Texas Instruments,IC DECADE COUNTER 5-BIT 16SO,pmic-gate-drivers,0,0.77467,"16-SOIC (0.209"", 5.30mm Width)",Surface Mount,Obsolete,,https://www.digikey.com/en/products/detail/texas-instruments/CD4033BNSR/1690980,16 MHz,Up,,"Counter, Decade",5,1,-55°C ~ 125°C,,Asynchronous,4000B,Synchronous,Positive Edge,3 V ~ 18 V
CD4033BNSRE4,Texas Instruments,IC DECADE COUNTER 5-BIT 16SO,pmic-gate-drivers,0,0.77467,"16-SOIC (0.209"", 5.30mm Width)",Surface Mount,Obsolete,,https://www.digikey.com/en/products/detail/texas-instruments/CD4033BNSRE4/1690981,16 MHz,Up,,"Counter, Decade",5,1,-55°C ~ 125°C,,Asynchronous,4000B,Synchronous,Positive Edge,3 V ~ 18 V
CD4033BPW,Texas Instruments,IC DECADE COUNTER 5-BIT 16TSSOP,pmic-gate-drivers,0,1.25,"16-TSSOP (0.173"", 4.40mm Width)",Surface Mount,Obsolete,,https://www.digikey.com/en/products/detail/texas-instruments/CD4033BPW/1690982,16 MHz,Up,,"Counter, Decade",5,1,-55°C ~ 125°C,,Asynchronous,4000B,Synchronous,Positive Edge,3 V ~ 18 V
CD4040BCM,Fairchild Semiconductor,IC BINARY COUNTER 12-BIT 16SOIC,pmic-gate-drivers,1817,1.58,"16-SOIC (0.154"", 3.90mm Width)",Surface Mount,Obsolete,https://rocelec.widen.net/view/pdf/vocygo00bb/FAIRS24802-1.pdf?t.download=true&u=5oefqw,https://www.digikey.com/en/products/detail/rochester-electronics-llc/CD4040BCM/11558046,12 MHz,Up,,Binary Counter,12,1,-55°C ~ 125°C,,Asynchronous,4000B,,Negative Edge,3 V ~ 15 V
CD4040BCMX,onsemi,IC BINARY COUNTER 12-BIT 16SOIC,pmic-gate-drivers,0,0.23836,"16-SOIC (0.154"", 3.90mm Width)",Surface Mount,Obsolete,https://www.digikey.com//mm.digikey.com/Volume0/opasdata/d220001/medias/docus/836/CD4040.pdf,https://www.digikey.com/en/products/detail/onsemi/CD4040BCMX/977955,12 MHz,Up,,Binary Counter,12,1,-55°C ~ 125°C,,Asynchronous,4000B,,Negative Edge,3 V ~ 15 V
CD4040BCN,onsemi,IC BINARY COUNTER 12-BIT 16DIP,pmic-gate-drivers,0,0.6144,"16-DIP (0.300"", 7.62mm)",Through Hole,Obsolete,https://www.digikey.com//mm.digikey.com/Volume0/opasdata/d220001/medias/docus/836/CD4040.pdf,https://www.digikey.com/en/products/detail/onsemi/CD4040BCN/1904,12 MHz,Up,,Binary Counter,12,1,-55°C ~ 125°C,,Asynchronous,4000B,,Negative Edge,3 V ~ 15 V
CD4040BCSJX,Fairchild Semiconductor,IC BINARY COUNTER 12-BIT 16SOP,pmic-gate-drivers,2000,0.84,"16-SOIC (0.209"", 5.30mm Width)",Surface Mount,Active,https://rocelec.widen.net/view/pdf/l6kila10ul/FAIRS16754-1.pdf?t.download=true&u=5oefqw,https://www.digikey.com/en/products/detail/rochester-electronics-llc/CD4040BCSJX/12096733,12 MHz,,,Binary Counter,12,1,-55°C ~ 125°C (TA),,Asynchronous,4000B,,Negative Edge,3 V ~ 15 V
CD4040BE,Texas Instruments,IC BINARY COUNTER 12-BIT 16DIP,pmic-gate-drivers,2715,1.15,"16-DIP (0.300"", 7.62mm)",Through Hole,Active,,https://www.digikey.com/en/products/detail/texas-instruments/CD4040BE/67285,12 MHz,Up,,Binary Counter,12,1,-55°C ~ 125°C,,Asynchronous,4000B,,Negative Edge,3 V ~ 18 V
CD4040BEE4,Texas Instruments,IC BINARY COUNTER 12-BIT 16DIP,pmic-gate-drivers,889,1.15,"16-DIP (0.300"", 7.62mm)",Through Hole,Active,https://www.ti.com/lit/ds/symlink/cd4020b.pdf,https://www.digikey.com/en/products/detail/texas-instruments/CD4040BEE4/18159227,24 MHz,Up,,Binary Counter,12,1,-55°C ~ 125°C (TA),,Asynchronous,4000B,,Negative Edge,3 V ~ 18 V
CD4040BM,Texas Instruments,IC BINARY COUNTER 12-BIT 16SOIC,pmic-gate-drivers,1091,0.81075,"16-SOIC (0.154"", 3.90mm Width)",Surface Mount,Active,,https://www.digikey.com/en/products/detail/texas-instruments/CD4040BM/1691010,12 MHz,Up,,Binary Counter,12,1,-55°C ~ 125°C,,Asynchronous,4000B,,Negative Edge,3 V ~ 18 V
CD4040BM96,Texas Instruments,IC BINARY COUNTER 12-BIT 16SOIC,pmic-gate-drivers,2302,0.74,"16-SOIC (0.154"", 3.90mm Width)",Surface Mount,Active,,https://www.digikey.com/en/products/detail/texas-instruments/CD4040BM96/1691011,12 MHz,Up,,Binary Counter,12,1,-55°C ~ 125°C,,Asynchronous,4000B,,Negative Edge,3 V ~ 18 V
CD4040BNS,Texas Instruments,IC 12BIT BIN RIPPL COUNTER 16SO,pmic-gate-drivers,2072,0.35,-,-,Active,https://rocelec.widen.net/view/pdf/wusetf6sqj/cd4020b-mil.pdf?t.download=true&u=5oefqw,https://www.digikey.com/en/products/detail/rochester-electronics-llc/CD4040BNS/12097369,,,,,,,,,,4000B,,,
CD4040BNSR,Texas Instruments,IC BINARY COUNTER 12-BIT 16SO,pmic-gate-drivers,4479,0.64,"16-SOIC (0.209"", 5.30mm Width)",Surface Mount,Active,,https://www.digikey.com/en/products/detail/texas-instruments/CD4040BNSR/509969,12 MHz,Up,,Binary Counter,12,1,-55°C ~ 125°C,,Asynchronous,4000B,,Negative Edge,3 V ~ 18 V
CD4040BPW,Texas Instruments,IC BINARY COUNTER 12BIT 16TSSOP,pmic-gate-drivers,596,0.92,"16-TSSOP (0.173"", 4.40mm Width)",Surface Mount,Obsolete,,https://www.digikey.com/en/products/detail/texas-instruments/CD4040BPW/1691015,12 MHz,Up,,Binary Counter,12,1,-55°C ~ 125°C,,Asynchronous,4000B,,Negative Edge,3 V ~ 18 V
CD4040BPWR,Texas Instruments,IC BINARY COUNTER 12BIT 16TSSOP,pmic-gate-drivers,26197,0.61,"16-TSSOP (0.173"", 4.40mm Width)",Surface Mount,Active,,https://www.digikey.com/en/products/detail/texas-instruments/CD4040BPWR/475871,12 MHz,Up,,Binary Counter,12,1,-55°C ~ 125°C,,Asynchronous,4000B,,Negative Edge,3 V ~ 18 V
CD4040BPWRG4,Texas Instruments,IC BINARY COUNTER 12BIT 16TSSOP,pmic-gate-drivers,0,0.20417,"16-TSSOP (0.173"", 4.40mm Width)",Surface Mount,Discontinued at DigiKey,,https://www.digikey.com/en/products/detail/texas-instruments/CD4040BPWRG4/1896631,12 MHz,Up,,Binary Counter,12,1,-55°C ~ 125°C,,Asynchronous,4000B,,Negative Edge,3 V ~ 18 V
CD4045BE,Harris Corporation,IC BINARY COUNTER 21-BIT 16DIP,pmic-gate-drivers,6323,0.94,"16-DIP (0.300"", 7.62mm)",Through Hole,Obsolete,https://rocelec.widen.net/view/pdf/1w2ezbukrt/cd4045b.pdf?t.download=true&u=5oefqw,https://www.digikey.com/en/products/detail/rochester-electronics-llc/CD4045BE/11556451,12 MHz,Up,,Binary Counter,21,1,-55°C ~ 125°C,,,4000B,,Negative Edge,3 V ~ 18 V
CD4045BF,Harris Corporation,IC BINARY COUNTER 21-BIT 16CDIP,pmic-gate-drivers,159,2.25,"16-CDIP (0.300"", 7.62mm)",Through Hole,Active,https://rocelec.widen.net/view/pdf/6qd43h3oxp/INSLS12643-1.pdf?t.download=true&u=5oefqw,https://www.digikey.com/en/products/detail/rochester-electronics-llc/CD4045BF/12099956,30 MHz,Up,,Binary Counter,21,1,-55°C ~ 125°C (TA),,,,,Negative Edge,3 V ~ 18 V
CD4045BPWR,Texas Instruments,IC BINARY COUNTER 21BIT 16TSSOP,pmic-gate-drivers,0,0.14667,"16-TSSOP (0.173"", 4.40mm Width)",Surface Mount,Obsolete,https://www.digikey.com//mm.digikey.com/Volume0/opasdata/d220001/medias/docus/2343/CD4045B.pdf,https://www.digikey.com/en/products/detail/texas-instruments/CD4045BPWR/525907,12 MHz,Up,,Binary Counter,21,1,-55°C ~ 125°C,,,4000B,,Negative Edge,3 V ~ 18 V
CD4059AM,Texas Instruments,IC DIVIDER BY N 16-BIT 24SOIC,pmic-gate-drivers,1391,4.66,"24-SOIC (0.295"", 7.50mm Width)",Surface Mount,Active,,https://www.digikey.com/en/products/detail/texas-instruments/CD4059AM/1691226,12 MHz,Down,,Divide-by-N,16,1,-55°C ~ 125°C,,Asynchronous,4000,,Positive Edge,3 V ~ 12 V
CD4060AK3,Harris Corporation,14-STAGEBINARYCOUNTER,pmic-gate-drivers,12,29.41,-,-,Active,https://rocelec.widen.net/view/pdf/lcwlczsxwh/INSLS11658-1.pdf?t.download=true&u=5oefqw,https://www.digikey.com/en/products/detail/rochester-electronics-llc/CD4060AK3/12101103,,,,,,,,,,*,,,
CD4060BE,Texas Instruments,IC BINARY COUNTER 14-BIT 16DIP,pmic-gate-drivers,3382,1.09,"16-DIP (0.300"", 7.62mm)",Through Hole,Active,,https://www.digikey.com/en/products/detail/texas-instruments/CD4060BE/67311,12 MHz,Up,,Binary Counter,14,1,-55°C ~ 125°C,,Asynchronous,4000B,,Negative Edge,3 V ~ 18 V
CD4060BEE4,Texas Instruments,IC BINARY COUNTER 14-BIT 16DIP,pmic-gate-drivers,0,0.5698,"16-DIP (0.300"", 7.62mm)",Through Hole,Active,https://www.ti.com/lit/ds/symlink/cd4060b.pdf,https://www.digikey.com/en/products/detail/texas-instruments/CD4060BEE4/18159028,24 MHz,Up,,Binary Counter,14,1,-55°C ~ 125°C (TA),,Asynchronous,4000B,,Negative Edge,3 V ~ 18 V
CD4060BK,Harris Corporation,IC BINARY COUNTER 14-BIT 16CFP,pmic-gate-drivers,3861,25.9,16-CFlatPack,Surface Mount,Active,https://rocelec.widen.net/view/pdf/lcwlczsxwh/INSLS11658-1.pdf?t.download=true&u=5oefqw,https://www.digikey.com/en/products/detail/rochester-electronics-llc/CD4060BK/12101759,24 MHz,Up,,Binary Counter,14,1,-55°C ~ 125°C (TA),,Asynchronous,,,Negative Edge,3 V ~ 18 V
CD4060BM,Texas Instruments,IC BINARY COUNTER 14-BIT 16SOIC,pmic-gate-drivers,2424,0.809,"16-SOIC (0.154"", 3.90mm Width)",Surface Mount,Active,,https://www.digikey.com/en/products/detail/texas-instruments/CD4060BM/1691231,12 MHz,Up,,Binary Counter,14,1,-55°C ~ 125°C,,Asynchronous,4000B,,Negative Edge,3 V ~ 18 V
CD4060BM96,Texas Instruments,IC BINARY COUNTER 14-BIT 16SOIC,pmic-gate-drivers,43320,0.57,"16-SOIC (0.154"", 3.90mm Width)",Surface Mount,Active,,https://www.digikey.com/en/products/detail/texas-instruments/CD4060BM96/1691232,12 MHz,Up,,Binary Counter,14,1,-55°C ~ 125°C,,Asynchronous,4000B,,Negative Edge,3 V ~ 18 V
CD4060BM96E4,Texas Instruments,IC BINARY COUNTER 14-BIT 16SOIC,pmic-gate-drivers,0,0.13286,"16-SOIC (0.154"", 3.90mm Width)",Surface Mount,Obsolete,,https://www.digikey.com/en/products/detail/texas-instruments/CD4060BM96E4/1691233,12 MHz,Up,,Binary Counter,14,1,-55°C ~ 125°C,,Asynchronous,4000B,,Negative Edge,3 V ~ 18 V
CD4060BM96G4,Texas Instruments,IC BINARY COUNTER 14-BIT 16SOIC,pmic-gate-drivers,0,0.13286,"16-SOIC (0.154"", 3.90mm Width)",Surface Mount,Obsolete,,https://www.digikey.com/en/products/detail/texas-instruments/CD4060BM96G4/1896725,12 MHz,Up,,Binary Counter,14,1,-55°C ~ 125°C,,Asynchronous,4000B,,Negative Edge,3 V ~ 18 V
CD4060BMG4,Texas Instruments,IC BINARY COUNTER 14-BIT 16SOIC,pmic-gate-drivers,0,0.50607,"16-SOIC (0.154"", 3.90mm Width)",Surface Mount,Discontinued at DigiKey,,https://www.digikey.com/en/products/detail/texas-instruments/CD4060BMG4/1896726,12 MHz,Up,,Binary Counter,14,1,-55°C ~ 125°C,,Asynchronous,4000B,,Negative Edge,3 V ~ 18 V
CD4060BMT,Texas Instruments,IC BINARY COUNTER 14-BIT 16SOIC,pmic-gate-drivers,101,1.01,"16-SOIC (0.154"", 3.90mm Width)",Surface Mount,Obsolete,,https://www.digikey.com/en/products/detail/texas-instruments/CD4060BMT/1691235,12 MHz,Up,,Binary Counter,14,1,-55°C ~ 125°C,,Asynchronous,4000B,,Negative Edge,3 V ~ 18 V
CD4060BMW-MIL,National Semiconductor,IC BINARY COUNTER 14-BIT 16DIP,pmic-gate-drivers,166,7.25,"16-DIP (0.300"", 7.62mm)",Through Hole,Active,https://www.digikey.com//mm.digikey.com/Volume0/opasdata/d220001/medias/docus/4288/CD4060BM.pdf,https://www.digikey.com/en/products/detail/rochester-electronics-llc/CD4060BMW-MIL/12102954,10 MHz,Up,,Binary Counter,14,1,-55°C ~ 125°C (TA),,Synchronous,,,Negative Edge,3 V ~ 15 V
CD4060BNSR,Texas Instruments,IC BINARY COUNTER 14-BIT 16SO,pmic-gate-drivers,4957,0.85,"16-SOIC (0.209"", 5.30mm Width)",Surface Mount,Active,,https://www.digikey.com/en/products/detail/texas-instruments/CD4060BNSR/1691237,12 MHz,Up,,Binary Counter,14,1,-55°C ~ 125°C,,Asynchronous,4000B,,Negative Edge,3 V ~ 18 V
CD4060BPW,Texas Instruments,IC BINARY COUNTER 14BIT 16TSSOP,pmic-gate-drivers,0,1.02,"16-TSSOP (0.173"", 4.40mm Width)",Surface Mount,Obsolete,,https://www.digikey.com/en/products/detail/texas-instruments/CD4060BPW/1691239,12 MHz,Up,,Binary Counter,14,1,-55°C ~ 125°C,,Asynchronous,4000B,,Negative Edge,3 V ~ 18 V
CD4060BPWR,Texas Instruments,IC BINARY COUNTER 14BIT 16TSSOP,pmic-gate-drivers,2842,0.61,"16-TSSOP (0.173"", 4.40mm Width)",Surface Mount,Active,,https://www.digikey.com/en/products/detail/texas-instruments/CD4060BPWR/525925,12 MHz,Up,,Binary Counter,14,1,-55°C ~ 125°C,,Asynchronous,4000B,,Negative Edge,3 V ~ 18 V
CD4060BPWRE4,Texas Instruments,IC BINARY COUNTER 14BIT 16TSSOP,pmic-gate-drivers,0,0.20417,"16-TSSOP (0.173"", 4.40mm Width)",Surface Mount,Discontinued at DigiKey,,https://www.digikey.com/en/products/detail/texas-instruments/CD4060BPWRE4/1691241,12 MHz,Up,,Binary Counter,14,1,-55°C ~ 125°C,,Asynchronous,4000B,,Negative Edge,3 V ~ 18 V
CD4060BPWRG4,Texas Instruments,IC BINARY COUNTER 14BIT 16TSSOP,pmic-gate-drivers,0,0.20417,"16-TSSOP (0.173"", 4.40mm Width)",Surface Mount,Discontinued at DigiKey,,https://www.digikey.com/en/products/detail/texas-instruments/CD4060BPWRG4/1896730,12 MHz,Up,,Binary Counter,14,1,-55°C ~ 125°C,,Asynchronous,4000B,,Negative Edge,3 V ~ 18 V
CD4510BE,Texas Instruments,IC BCD COUNTER 4-BIT 16DIP,pmic-gate-drivers,4,1.46,"16-DIP (0.300"", 7.62mm)",Through Hole,Active,,https://www.digikey.com/en/products/detail/texas-instruments/CD4510BE/67339,11 MHz,"Up, Down",,BCD Counter,4,1,-55°C ~ 125°C,,Asynchronous,4000B,Synchronous,Positive Edge,3 V ~ 18 V
CD4510BNSR,Texas Instruments,IC BCD COUNTER 4-BIT 16SO,pmic-gate-drivers,2104,0.78,"16-SOIC (0.209"", 5.30mm Width)",Surface Mount,Active,,https://www.digikey.com/en/products/detail/texas-instruments/CD4510BNSR/525971,11 MHz,"Up, Down",,BCD Counter,4,1,-55°C ~ 125°C,,Asynchronous,4000B,Synchronous,Positive Edge,3 V ~ 18 V
CD4510BPW,Texas Instruments,IC BCD COUNTER 4-BIT 16TSSOP,pmic-gate-drivers,0,0.19148,"16-TSSOP (0.173"", 4.40mm Width)",Surface Mount,Obsolete,,https://www.digikey.com/en/products/detail/texas-instruments/CD4510BPW/1691537,11 MHz,"Up, Down",,BCD Counter,4,1,-55°C ~ 125°C,,Asynchronous,4000B,Synchronous,Positive Edge,3 V ~ 18 V
CD4510BPWE4,Texas Instruments,IC BCD COUNTER 4-BIT 16TSSOP,pmic-gate-drivers,0,0.19148,"16-TSSOP (0.173"", 4.40mm Width)",Surface Mount,Obsolete,,https://www.digikey.com/en/products/detail/texas-instruments/CD4510BPWE4/1691538,11 MHz,"Up, Down",,BCD Counter,4,1,-55°C ~ 125°C,,Asynchronous,4000B,Synchronous,Positive Edge,3 V ~ 18 V
CD4510BPWG4,Texas Instruments,IC BCD COUNTER 4-BIT 16TSSOP,pmic-gate-drivers,0,0.19148,"16-TSSOP (0.173"", 4.40mm Width)",Surface Mount,Obsolete,,https://www.digikey.com/en/products/detail/texas-instruments/CD4510BPWG4/1896879,11 MHz,"Up, Down",,BCD Counter,4,1,-55°C ~ 125°C,,Asynchronous,4000B,Synchronous,Positive Edge,3 V ~ 18 V
CD4510BPWR,Texas Instruments,IC BCD COUNTER 4-BIT 16TSSOP,pmic-gate-drivers,1158,0.64,"16-TSSOP (0.173"", 4.40mm Width)",Surface Mount,Active,,https://www.digikey.com/en/products/detail/texas-instruments/CD4510BPWR/525973,11 MHz,"Up, Down",,BCD Counter,4,1,-55°C ~ 125°C,,Asynchronous,4000B,Synchronous,Positive Edge,3 V ~ 18 V
CD4516BD3,Harris Corporation,IC BINARY COUNTER 4-BIT 16CDIP,pmic-gate-drivers,209,8.41,"16-CDIP (0.300"", 7.62mm)",Through Hole,Active,https://rocelec.widen.net/view/pdf/hldu1fv9s2/HRISS057-1.pdf?t.download=true&u=5oefqw,https://www.digikey.com/en/products/detail/rochester-electronics-llc/CD4516BD3/12109841,11 MHz,"Up, Down",,Binary Counter,4,1,-55°C ~ 125°C (TA),,Asynchronous,,Synchronous,Positive Edge,3 V ~ 18 V
CD4516BE,Texas Instruments,IC BINARY COUNTER 4-BIT 16DIP,pmic-gate-drivers,1746,1.32,"16-DIP (0.300"", 7.62mm)",Through Hole,Active,,https://www.digikey.com/en/products/detail/texas-instruments/CD4516BE/67349,11 MHz,"Up, Down",,Binary Counter,4,1,-55°C ~ 125°C,,Asynchronous,4000B,Synchronous,Positive Edge,3 V ~ 18 V
CD4516BEE4,Texas Instruments,IC BINARY COUNTER 4-BIT 16DIP,pmic-gate-drivers,0,0.70532,"16-DIP (0.300"", 7.62mm)",Through Hole,Active,https://www.ti.com/lit/ds/symlink/cd4516b.pdf,https://www.digikey.com/en/products/detail/texas-instruments/CD4516BEE4/18159345,11 MHz,"Up, Down",,Binary Counter,4,1,-55°C ~ 125°C (TA),,Asynchronous,4000B,Synchronous,Positive Edge,3 V ~ 18 V
CD4516BEG4,Texas Instruments,IC BINARY COUNTER 4-BIT 16DIP,pmic-gate-drivers,0,0.21119,"16-DIP (0.300"", 7.62mm)",Through Hole,Discontinued at DigiKey,,https://www.digikey.com/en/products/detail/texas-instruments/CD4516BEG4/1691564,11 MHz,"Up, Down",,Binary Counter,4,1,-55°C ~ 125°C,,Asynchronous,4000B,Synchronous,Positive Edge,3 V ~ 18 V
CD4516BNSR,Texas Instruments,IC BINARY COUNTER 4-BIT 16SO,pmic-gate-drivers,13301,1.03,"16-SOIC (0.209"", 5.30mm Width)",Surface Mount,Active,,https://www.digikey.com/en/products/detail/texas-instruments/CD4516BNSR/1691565,11 MHz,"Up, Down",,Binary Counter,4,1,-55°C ~ 125°C,,Asynchronous,4000B,Synchronous,Positive Edge,3 V ~ 18 V
CD4516BPWR,Texas Instruments,IC BINARY COUNTER 4-BIT 16TSSOP,pmic-gate-drivers,663,0.56,"16-TSSOP (0.173"", 4.40mm Width)",Surface Mount,Active,,https://www.digikey.com/en/products/detail/texas-instruments/CD4516BPWR/376631,11 MHz,"Up, Down",,Binary Counter,4,1,-55°C ~ 125°C,,Asynchronous,4000B,Synchronous,Positive Edge,3 V ~ 18 V
CD4518BE,Texas Instruments,IC BCD COUNTER DUAL 4-BIT 16DIP,pmic-gate-drivers,1365,1.12,"16-DIP (0.300"", 7.62mm)",Through Hole,Active,,https://www.digikey.com/en/products/detail/texas-instruments/CD4518BE/67351,8 MHz,Up,,BCD Counter,4,2,-55°C ~ 125°C,,Asynchronous,4000B,Synchronous,"Positive, Negative",3 V ~ 18 V
CD4518BEE4,Texas Instruments,IC BCD COUNTER DUAL 4-BIT 16DIP,pmic-gate-drivers,0,0.58982,"16-DIP (0.300"", 7.62mm)",Through Hole,Active,https://www.ti.com/lit/ds/symlink/cd4520b-mil.pdf,https://www.digikey.com/en/products/detail/texas-instruments/CD4518BEE4/18159397,8 MHz,Up,,BCD Counter,4,2,-55°C ~ 125°C (TA),,Asynchronous,4000B,Synchronous,"Positive, Negative",3 V ~ 18 V
CD4518BEG4,Texas Instruments,IC BCD COUNTER DUAL 4-BIT 16DIP,pmic-gate-drivers,0,0.21119,"16-DIP (0.300"", 7.62mm)",Through Hole,Discontinued at DigiKey,,https://www.digikey.com/en/products/detail/texas-instruments/CD4518BEG4/1691571,8 MHz,Up,,BCD Counter,4,2,-55°C ~ 125°C,,Asynchronous,4000B,Synchronous,"Positive, Negative",3 V ~ 18 V
CD4518BK320,Harris Corporation,CMOS DUAL UP-COUNTERS,pmic-gate-drivers,98,25.81,-,-,Active,https://www.digikey.com//mm.digikey.com/Volume0/opasdata/d220001/medias/docus/6534/2411111227_Texas-Instruments-CD4518BK320_C3827961.pdf,https://www.digikey.com/en/products/detail/rochester-electronics-llc/CD4518BK320/12599549,,,,,,,,,,*,,,
CD4518BM,Texas Instruments,IC BCD COUNTER DUAL 4BIT 16SOIC,pmic-gate-drivers,3,1.07,"16-SOIC (0.154"", 3.90mm Width)",Surface Mount,Obsolete,,https://www.digikey.com/en/products/detail/texas-instruments/CD4518BM/1691572,8 MHz,Up,,BCD Counter,4,2,-55°C ~ 125°C,,Asynchronous,4000B,Synchronous,"Positive, Negative",3 V ~ 18 V
CD4518BM96,Texas Instruments,IC BCD COUNTER DUAL 4BIT 16SOIC,pmic-gate-drivers,4984,0.61,"16-SOIC (0.154"", 3.90mm Width)",Surface Mount,Active,,https://www.digikey.com/en/products/detail/texas-instruments/CD4518BM96/1691573,8 MHz,Up,,BCD Counter,4,2,-55°C ~ 125°C,,Asynchronous,4000B,Synchronous,"Positive, Negative",3 V ~ 18 V
CD4518BNSR,Texas Instruments,IC BCD COUNTER DUAL 4-BIT 16SO,pmic-gate-drivers,1051,0.74,"16-SOIC (0.209"", 5.30mm Width)",Surface Mount,Active,,https://www.digikey.com/en/products/detail/texas-instruments/CD4518BNSR/525975,8 MHz,Up,,BCD Counter,4,2,-55°C ~ 125°C,,Asynchronous,4000B,Synchronous,"Positive, Negative",3 V ~ 18 V
CD4518BPW,Texas Instruments,IC BCD COUNTER DL 4BIT 16TSSOP,pmic-gate-drivers,1768,1.09,"16-TSSOP (0.173"", 4.40mm Width)",Surface Mount,Obsolete,,https://www.digikey.com/en/products/detail/texas-instruments/CD4518BPW/1691577,8 MHz,Up,,BCD Counter,4,2,-55°C ~ 125°C,,Asynchronous,4000B,Synchronous,"Positive, Negative",3 V ~ 18 V
CD4518BPWE4,Texas Instruments,IC BCD COUNTER DL 4BIT 16TSSOP,pmic-gate-drivers,0,0.71003,"16-TSSOP (0.173"", 4.40mm Width)",Surface Mount,Obsolete,,https://www.digikey.com/en/products/detail/texas-instruments/CD4518BPWE4/1691578,8 MHz,Up,,BCD Counter,4,2,-55°C ~ 125°C,,Asynchronous,4000B,Synchronous,"Positive, Negative",3 V ~ 18 V
CD4518BPWG4,Texas Instruments,IC BCD COUNTER DL 4BIT 16TSSOP,pmic-gate-drivers,0,0.71003,"16-TSSOP (0.173"", 4.40mm Width)",Surface Mount,Obsolete,,https://www.digikey.com/en/products/detail/texas-instruments/CD4518BPWG4/1896901,8 MHz,Up,,BCD Counter,4,2,-55°C ~ 125°C,,Asynchronous,4000B,Synchronous,"Positive, Negative",3 V ~ 18 V
CD4518BPWR,Texas Instruments,IC BCD COUNTER DL 4BIT 16TSSOP,pmic-gate-drivers,2355,0.61,"16-TSSOP (0.173"", 4.40mm Width)",Surface Mount,Active,,https://www.digikey.com/en/products/detail/texas-instruments/CD4518BPWR/1691579,8 MHz,Up,,BCD Counter,4,2,-55°C ~ 125°C,,Asynchronous,4000B,Synchronous,"Positive, Negative",3 V ~ 18 V
CD4520BCWMX,National Semiconductor,IC BINARY COUNTR DL 4BIT 16CDIP,pmic-gate-drivers,3132,0.78,"16-CDIP (0.300"", 7.62mm)",Through Hole,Active,https://rocelec.widen.net/view/pdf/paz54pue5q/NATLD015-5-275.pdf?t.download=true&u=5oefqw,https://www.digikey.com/en/products/detail/rochester-electronics-llc/CD4520BCWMX/12111089,8 MHz,Up,,Binary Counter,4,2,-55°C ~ 125°C (TA),,Asynchronous,4000B,Synchronous,"Positive, Negative",3 V ~ 18 V
CD4520BD,Harris Corporation,IC BINARY COUNTR DL 4BIT 16SOIC,pmic-gate-drivers,153,3.56,"16-SOIC (0.154"", 3.90mm Width)",Surface Mount,Active,https://rocelec.widen.net/view/pdf/hldu1fv9s2/HRISS057-1.pdf?t.download=true&u=5oefqw,https://www.digikey.com/en/products/detail/rochester-electronics-llc/CD4520BD/12109612,8 MHz,Up,,Binary Counter,4,2,-55°C ~ 125°C (TA),,Asynchronous,,Synchronous,,3 V ~ 18 V
CD4520BD3,Harris Corporation,IC BINARY COUNTR DL 4BIT 16CDIP,pmic-gate-drivers,120,7.96,"16-CDIP (0.300"", 7.62mm)",Through Hole,Active,https://rocelec.widen.net/view/pdf/hldu1fv9s2/HRISS057-1.pdf?t.download=true&u=5oefqw,https://www.digikey.com/en/products/detail/rochester-electronics-llc/CD4520BD3/12109989,8 MHz,Up,,Binary Counter,4,2,-55°C ~ 125°C (TA),,Asynchronous,4000B,Synchronous,,3 V ~ 18 V
CD4520BE,Texas Instruments,IC BINARY COUNTER DL 4BIT 16DIP,pmic-gate-drivers,2301,1.18,"16-DIP (0.300"", 7.62mm)",Through Hole,Active,,https://www.digikey.com/en/products/detail/texas-instruments/CD4520BE/67355,8 MHz,Up,,Binary Counter,4,2,-55°C ~ 125°C,,Asynchronous,4000B,Synchronous,"Positive, Negative",3 V ~ 18 V
CD4520BEE4,Texas Instruments,IC BINARY COUNTER DL 4BIT 16DIP,pmic-gate-drivers,0,0.6237,"16-DIP (0.300"", 7.62mm)",Through Hole,Active,https://www.ti.com/lit/ds/symlink/cd4520b-mil.pdf,https://www.digikey.com/en/products/detail/texas-instruments/CD4520BEE4/18159197,8 MHz,Up,,Binary Counter,4,2,-55°C ~ 125°C (TA),,Asynchronous,4000B,Synchronous,"Positive, Negative",3 V ~ 18 V
CD4520BM96,Texas Instruments,IC BINARY COUNTR DL 4BIT 16SOIC,pmic-gate-drivers,1547,0.66,"16-SOIC (0.154"", 3.90mm Width)",Surface Mount,Active,,https://www.digikey.com/en/products/detail/texas-instruments/CD4520BM96/1691583,8 MHz,Up,,Binary Counter,4,2,-55°C ~ 125°C,,Asynchronous,4000B,Synchronous,"Positive, Negative",3 V ~ 18 V
CD4520BME4,Texas Instruments,IC BINARY COUNTR DL 4BIT 16SOIC,pmic-gate-drivers,0,0.47315,"16-SOIC (0.154"", 3.90mm Width)",Surface Mount,Obsolete,,https://www.digikey.com/en/products/detail/texas-instruments/CD4520BME4/1691585,8 MHz,Up,,Binary Counter,4,2,-55°C ~ 125°C,,Asynchronous,4000B,Synchronous,"Positive, Negative",3 V ~ 18 V
CD4520BMG4,Texas Instruments,IC BINARY COUNTR DL 4BIT 16SOIC,pmic-gate-drivers,0,0.47315,"16-SOIC (0.154"", 3.90mm Width)",Surface Mount,Obsolete,,https://www.digikey.com/en/products/detail/texas-instruments/CD4520BMG4/1896904,8 MHz,Up,,Binary Counter,4,2,-55°C ~ 125°C,,Asynchronous,4000B,Synchronous,"Positive, Negative",3 V ~ 18 V
CD4520BNSR,Texas Instruments,IC BINARY COUNTER DL 4BIT 16SO,pmic-gate-drivers,1887,0.74,"16-SOIC (0.209"", 5.30mm Width)",Surface Mount,Active,,https://www.digikey.com/en/products/detail/texas-instruments/CD4520BNSR/1691586,8 MHz,Up,,Binary Counter,4,2,-55°C ~ 125°C,,Asynchronous,4000B,Synchronous,"Positive, Negative",3 V ~ 18 V
CD4520BPWR,Texas Instruments,IC BIN COUNTER DL 4BIT 16TSSOP,pmic-gate-drivers,643,0.61,"16-TSSOP (0.173"", 4.40mm Width)",Surface Mount,Active,,https://www.digikey.com/en/products/detail/texas-instruments/CD4520BPWR/1691590,8 MHz,Up,,Binary Counter,4,2,-55°C ~ 125°C,,Asynchronous,4000B,Synchronous,"Positive, Negative",3 V ~ 18 V
CD4521BE,Texas Instruments,IC DIVIDER BY 2 24-BIT 16DIP,pmic-gate-drivers,1133,1.4,"16-DIP (0.300"", 7.62mm)",Through Hole,Active,,https://www.digikey.com/en/products/detail/texas-instruments/CD4521BE/525976,13 MHz,,,Divide-by-2,24,1,-55°C ~ 125°C,,Asynchronous,4000B,,Negative Edge,3 V ~ 18 V
CD4521BEE4,Texas Instruments,IC DIVIDER BY 2 24-BIT 16DIP,pmic-gate-drivers,0,0.75922,"16-DIP (0.300"", 7.62mm)",Through Hole,Active,https://www.ti.com/lit/ds/symlink/cd4521b.pdf,https://www.digikey.com/en/products/detail/texas-instruments/CD4521BEE4/18159187,13 MHz,,,Divide-by-2,24,1,-55°C ~ 125°C (TA),,Asynchronous,4000B,,Negative Edge,3 V ~ 18 V
CD4521BEG4,Texas Instruments,IC DIVIDER BY 2 24-BIT 16DIP,pmic-gate-drivers,0,0.22607,"16-DIP (0.300"", 7.62mm)",Through Hole,Discontinued at DigiKey,,https://www.digikey.com/en/products/detail/texas-instruments/CD4521BEG4/1691592,13 MHz,,,Divide-by-2,24,1,-55°C ~ 125°C,,Asynchronous,4000B,,Negative Edge,3 V ~ 18 V
CD4521BM,Texas Instruments,IC DIVIDER BY 2 24-BIT 16SOIC,pmic-gate-drivers,478,1.12,"16-SOIC (0.154"", 3.90mm Width)",Surface Mount,Obsolete,,https://www.digikey.com/en/products/detail/texas-instruments/CD4521BM/1691593,13 MHz,,,Divide-by-2,24,1,-55°C ~ 125°C,,Asynchronous,4000B,,Negative Edge,3 V ~ 18 V
CD4521BM96,Texas Instruments,IC DIVIDER BY 2 24-BIT 16SOIC,pmic-gate-drivers,9675,0.61,"16-SOIC (0.154"", 3.90mm Width)",Surface Mount,Active,,https://www.digikey.com/en/products/detail/texas-instruments/CD4521BM96/1691594,13 MHz,,,Divide-by-2,24,1,-55°C ~ 125°C,,Asynchronous,4000B,,Negative Edge,3 V ~ 18 V
CD4521BM96G4,Texas Instruments,IC DIVIDER BY 2 24-BIT 16SOIC,pmic-gate-drivers,0,0.19503,"16-SOIC (0.154"", 3.90mm Width)",Surface Mount,Discontinued at DigiKey,,https://www.digikey.com/en/products/detail/texas-instruments/CD4521BM96G4/1896908,13 MHz,,,Divide-by-2,24,1,-55°C ~ 125°C,,Asynchronous,4000B,,Negative Edge,3 V ~ 18 V
CD4521BMT,Texas Instruments,IC DIVIDER BY 2 24-BIT 16SOIC,pmic-gate-drivers,443,1.12,"16-SOIC (0.154"", 3.90mm Width)",Surface Mount,Obsolete,,https://www.digikey.com/en/products/detail/texas-instruments/CD4521BMT/1691597,13 MHz,,,Divide-by-2,24,1,-55°C ~ 125°C,,Asynchronous,4000B,,Negative Edge,3 V ~ 18 V
CD4521BNSR,Texas Instruments,IC DIVIDER BY 2 24-BIT 16SO,pmic-gate-drivers,5855,0.76,"16-SOIC (0.209"", 5.30mm Width)",Surface Mount,Active,,https://www.digikey.com/en/products/detail/texas-instruments/CD4521BNSR/1691599,13 MHz,,,Divide-by-2,24,1,-55°C ~ 125°C,,Asynchronous,4000B,,Negative Edge,3 V ~ 18 V
CD4521BPW,Texas Instruments,IC DIVIDER BY 2 24-BIT 16TSSOP,pmic-gate-drivers,954,0.61,"16-TSSOP (0.173"", 4.40mm Width)",Surface Mount,Active,,https://www.digikey.com/en/products/detail/texas-instruments/CD4521BPW/1691601,13 MHz,,,Divide-by-2,24,1,-55°C ~ 125°C,,Asynchronous,4000B,,Negative Edge,3 V ~ 18 V
CD4521BPWR,Texas Instruments,IC DIVIDER BY 2 24-BIT 16TSSOP,pmic-gate-drivers,0,0.27619,"16-TSSOP (0.173"", 4.40mm Width)",Surface Mount,Obsolete,,https://www.digikey.com/en/products/detail/texas-instruments/CD4521BPWR/1691603,13 MHz,,,Divide-by-2,24,1,-55°C ~ 125°C,,Asynchronous,4000B,,Negative Edge,3 V ~ 18 V
CD4522BE,Texas Instruments,IC DIVIDER BY N 4-BIT 16DIP,pmic-gate-drivers,578,1.2,"16-DIP (0.300"", 7.62mm)",Through Hole,Active,,https://www.digikey.com/en/products/detail/texas-instruments/CD4522BE/383049,8 MHz,Down,,Divide-by-N,4,1,-55°C ~ 125°C,,Asynchronous,4000B,,"Positive, Negative",3 V ~ 18 V
CD4522BM,Texas Instruments,IC DIVIDER BY N 4-BIT 16SOIC,pmic-gate-drivers,3044,0.64,"16-SOIC (0.154"", 3.90mm Width)",Surface Mount,Active,,https://www.digikey.com/en/products/detail/texas-instruments/CD4522BM/1691606,8 MHz,Down,,Divide-by-N,4,1,-55°C ~ 125°C,,Asynchronous,4000B,,"Positive, Negative",3 V ~ 18 V
CD4522BM96,Texas Instruments,IC DIVIDER BY N 4-BIT 16SOIC,pmic-gate-drivers,0,0.15361,"16-SOIC (0.154"", 3.90mm Width)",Surface Mount,Obsolete,,https://www.digikey.com/en/products/detail/texas-instruments/CD4522BM96/1691607,8 MHz,Down,,Divide-by-N,4,1,-55°C ~ 125°C,,Asynchronous,4000B,,"Positive, Negative",3 V ~ 18 V
CD4522BM96E4,Texas Instruments,IC DIVIDER BY N 4-BIT 16SOIC,pmic-gate-drivers,0,0.15832,"16-SOIC (0.154"", 3.90mm Width)",Surface Mount,Obsolete,,https://www.digikey.com/en/products/detail/texas-instruments/CD4522BM96E4/1691608,8 MHz,Down,,Divide-by-N,4,1,-55°C ~ 125°C,,Asynchronous,4000B,,"Positive, Negative",3 V ~ 18 V
CD4522BM96G4,Texas Instruments,IC DIVIDER BY N 4-BIT 16SOIC,pmic-gate-drivers,0,0.15832,"16-SOIC (0.154"", 3.90mm Width)",Surface Mount,Obsolete,,https://www.digikey.com/en/products/detail/texas-instruments/CD4522BM96G4/1896914,8 MHz,Down,,Divide-by-N,4,1,-55°C ~ 125°C,,Asynchronous,4000B,,"Positive, Negative",3 V ~ 18 V
CD4522BMT,Texas Instruments,IC DIVIDER BY N 4-BIT 16SOIC,pmic-gate-drivers,750,0.32852,"16-SOIC (0.154"", 3.90mm Width)",Surface Mount,Active,,https://www.digikey.com/en/products/detail/texas-instruments/CD4522BMT/1691610,8 MHz,Down,,Divide-by-N,4,1,-55°C ~ 125°C,,Asynchronous,4000B,,"Positive, Negative",3 V ~ 18 V
CD4522BNSR,Texas Instruments,IC DIVIDER BY N 4-BIT 16SO,pmic-gate-drivers,0,0.16894,"16-SOIC (0.209"", 5.30mm Width)",Surface Mount,Obsolete,,https://www.digikey.com/en/products/detail/texas-instruments/CD4522BNSR/1691612,8 MHz,Down,,Divide-by-N,4,1,-55°C ~ 125°C,,Asynchronous,4000B,,"Positive, Negative",3 V ~ 18 V
CD4522BPW,Texas Instruments,IC DIVIDER BY N 4-BIT 16TSSOP,pmic-gate-drivers,1829,0.72,"16-TSSOP (0.173"", 4.40mm Width)",Surface Mount,Obsolete,,https://www.digikey.com/en/products/detail/texas-instruments/CD4522BPW/1691614,8 MHz,Down,,Divide-by-N,4,1,-55°C ~ 125°C,,Asynchronous,4000B,,"Positive, Negative",3 V ~ 18 V
CD4522BPWE4,Texas Instruments,IC DIVIDER BY N 4-BIT 16TSSOP,pmic-gate-drivers,0,0.2033,"16-TSSOP (0.173"", 4.40mm Width)",Surface Mount,Discontinued at DigiKey,,https://www.digikey.com/en/products/detail/texas-instruments/CD4522BPWE4/1691615,8 MHz,Down,,Divide-by-N,4,1,-55°C ~ 125°C,,Asynchronous,4000B,,"Positive, Negative",3 V ~ 18 V
CD54AC163F3A,Harris Corporation,IC BINARY COUNTER 4-BIT 16CDIP,pmic-gate-drivers,256,19.44,"16-CDIP (0.300"", 7.62mm)",Through Hole,Active,https://rocelec.widen.net/view/pdf/cj3bpv9ot2/HRISD024-3-3.pdf?t.download=true&u=5oefqw,https://www.digikey.com/en/products/detail/rochester-electronics-llc/CD54AC163F3A/12113522,90 MHz,Up,,Binary Counter,4,1,-55°C ~ 125°C (TA),,Synchronous,,Synchronous,Positive Edge,1.5 V ~ 5.5 V
CD54ACT163F3A,Harris Corporation,IC BINARY COUNTER 4-BIT 16CDIP,pmic-gate-drivers,116,17.29,"16-CDIP (0.300"", 7.62mm)",Through Hole,Active,https://rocelec.widen.net/view/pdf/gyfqimzz5u/cd54act163.pdf?t.download=true&u=5oefqw,https://www.digikey.com/en/products/detail/rochester-electronics-llc/CD54ACT163F3A/12112964,80 MHz,Up,,Binary Counter,4,1,-55°C ~ 125°C (TA),,Synchronous,,Synchronous,Positive Edge,4.5 V ~ 5.5 V
CD54ACT191F3A,Harris Corporation,IC BINARY COUNTER 4-BIT 16CDIP,pmic-gate-drivers,80,11.46,"16-CDIP (0.300"", 7.62mm)",Through Hole,Active,https://rocelec.widen.net/view/pdf/ygdsbw8xft/TXIIS84464-1.pdf?t.download=true&u=5oefqw,https://www.digikey.com/en/products/detail/rochester-electronics-llc/CD54ACT191F3A/12114520,60 MHz,"Up, Down",,Binary Counter,4,1,-55°C ~ 125°C (TA),,Asynchronous,,Synchronous,Positive Edge,3 V ~ 18 V
CD54HC193F3A,Texas Instruments,CD54HC193 HIGH SPEED CMOS LOGIC,pmic-gate-drivers,54,19.48,"16-CDIP (0.300"", 7.62mm)",Through Hole,Active,https://rocelec.widen.net/view/pdf/nvshcntepc/cd54hc192.pdf?t.download=true&u=5oefqw,https://www.digikey.com/en/products/detail/rochester-electronics-llc/CD54HC193F3A/13500929,29 MHz,"Up, Down",,Binary Counter,4,1,-55°C ~ 125°C (TA),,Asynchronous,54HC,Synchronous,Positive Edge,2 V ~ 6 V
CD54HC4059F3A,Harris Corporation,IC DIVIDER BY N 16-BIT 24CDIP,pmic-gate-drivers,221,12.03,"24-CDIP (0.600"", 15.24mm)",Through Hole,Active,https://rocelec.widen.net/view/pdf/dgcihylucf/HRISD037-523.pdf?t.download=true&u=5oefqw,https://www.digikey.com/en/products/detail/rochester-electronics-llc/CD54HC4059F3A/12115784,54 MHz,Down,,Divide-by-N,16,1,-55°C ~ 125°C (TA),,Asynchronous,54HC,Synchronous,Positive Edge,2 V ~ 6 V
CD54HCT163F,Harris Corporation,IC BINARY COUNTER 4-BIT 16CDIP,pmic-gate-drivers,251,18.15,"16-CDIP (0.300"", 7.62mm)",Through Hole,Active,https://rocelec.widen.net/view/pdf/2e5hy3saox/RE_DSHEET_CD54HC162F3A_REI.pdf?t.download=true&u=5oefqw,https://www.digikey.com/en/products/detail/rochester-electronics-llc/CD54HCT163F/12117247,30 MHz,Up,,Binary Counter,4,1,-55°C ~ 125°C (TA),,Synchronous,54HCT,Synchronous,Positive Edge,4.5 V ~ 5.5 V
CD54HCT163F161,Harris Corporation,HIGH-SPEED CMOS LOGIC PRESETTABL,pmic-gate-drivers,1420,2.63,-,-,Active,,https://www.digikey.com/en/products/detail/rochester-electronics-llc/CD54HCT163F161/12617470,,,,,,,,,,54HCT,,,
CD54HCT4017F3A,Harris Corporation,IC DECADE COUNTER 10BIT 16CDIP,pmic-gate-drivers,112,4.94,"16-CDIP (0.300"", 7.62mm)",Through Hole,Active,https://rocelec.widen.net/view/pdf/8uej1txvek/TXIIS26420-1.pdf?t.download=true&u=5oefqw,https://www.digikey.com/en/products/detail/rochester-electronics-llc/CD54HCT4017F3A/12118118,25 MHz,Up,,"Counter, Decade",10,1,-55°C ~ 125°C (TA),,Asynchronous,54HCT,Synchronous,"Positive, Negative",4.5 V ~ 5.5 V
CD54HCT4059F,Harris Corporation,IC DIVIDER BY N 16-BIT 24CDIP,pmic-gate-drivers,1208,5.46,"24-CDIP (0.600"", 15.24mm)",Through Hole,Active,https://rocelec.widen.net/view/pdf/cpoxiwzutc/INSLS12692-1.pdf?t.download=true&u=5oefqw,https://www.digikey.com/en/products/detail/rochester-electronics-llc/CD54HCT4059F/12118339,25 MHz,Down,,Divide-by-N,16,1,-55°C ~ 125°C (TA),,Synchronous,54HCT,Synchronous,Positive Edge,4.5 V ~ 5.5 V
CD54HCT4060F3A,Harris Corporation,IC BINARY COUNTER 14-BIT 16CDIP,pmic-gate-drivers,170,64.66,"16-CDIP (0.300"", 7.62mm)",Through Hole,Active,https://rocelec.widen.net/view/pdf/fkymg5f09z/cd54hc4060.pdf?t.download=true&u=5oefqw,https://www.digikey.com/en/products/detail/rochester-electronics-llc/CD54HCT4060F3A/12120322,30 MHz,,,Binary Counter,14,1,-55°C ~ 125°C (TA),,Asynchronous,54HCT,,Negative Edge,4.5 V ~ 5.5 V
CD74AC161E,Texas Instruments,IC BINARY COUNTER 4-BIT 16DIP,pmic-gate-drivers,1601,1.76,"16-DIP (0.300"", 7.62mm)",Through Hole,Active,,https://www.digikey.com/en/products/detail/texas-instruments/CD74AC161E/1691774,90 MHz,Up,,Binary Counter,4,1,-55°C ~ 125°C,,Asynchronous,74AC,Synchronous,Positive Edge,1.5 V ~ 5.5 V
CD74AC161M,Texas Instruments,IC BINARY COUNTER 4-BIT 16SOIC,pmic-gate-drivers,0,0.58578,"16-SOIC (0.154"", 3.90mm Width)",Surface Mount,Obsolete,,https://www.digikey.com/en/products/detail/texas-instruments/CD74AC161M/375633,90 MHz,Up,,Binary Counter,4,1,-55°C ~ 125°C,,Asynchronous,74AC,Synchronous,Positive Edge,1.5 V ~ 5.5 V
CD74AC161M96,Texas Instruments,IC BINARY COUNTER 4-BIT 16SOIC,pmic-gate-drivers,0,0.59136,"16-SOIC (0.154"", 3.90mm Width)",Surface Mount,Active,,https://www.digikey.com/en/products/detail/texas-instruments/CD74AC161M96/1691776,90 MHz,Up,,Binary Counter,4,1,-55°C ~ 125°C,,Asynchronous,74AC,Synchronous,Positive Edge,1.5 V ~ 5.5 V
CD74AC161MG4,Texas Instruments,IC BINARY COUNTER 4-BIT 16SOIC,pmic-gate-drivers,0,0.58578,"16-SOIC (0.154"", 3.90mm Width)",Surface Mount,Obsolete,,https://www.digikey.com/en/products/detail/texas-instruments/CD74AC161MG4/1896993,90 MHz,Up,,Binary Counter,4,1,-55°C ~ 125°C,,Asynchronous,74AC,Synchronous,Positive Edge,1.5 V ~ 5.5 V
CD74AC163E,Texas Instruments,IC BINARY COUNTER 4-BIT 16DIP,pmic-gate-drivers,678,1.81,"16-DIP (0.300"", 7.62mm)",Through Hole,Active,,https://www.digikey.com/en/products/detail/texas-instruments/CD74AC163E/375632,90 MHz,Up,,Binary Counter,4,1,-55°C ~ 125°C,,Synchronous,74AC,Synchronous,Positive Edge,1.5 V ~ 5.5 V
CD74AC163M,Harris Corporation,IC BINARY COUNTER 4-BIT 16SOIC,pmic-gate-drivers,3172,1.15,"16-SOIC (0.154"", 3.90mm Width)",Surface Mount,Obsolete,https://rocelec.widen.net/view/pdf/bbwz5ugfo9/cd54ac163.pdf?t.download=true&u=5oefqw,https://www.digikey.com/en/products/detail/rochester-electronics-llc/CD74AC163M/11539442,90 MHz,Up,,Binary Counter,4,1,-55°C ~ 125°C,,Synchronous,74AC,Synchronous,Positive Edge,1.5 V ~ 5.5 V
CD74AC163M96,Texas Instruments,IC BINARY COUNTER 4-BIT 16SOIC,pmic-gate-drivers,388,1.0,"16-SOIC (0.154"", 3.90mm Width)",Surface Mount,Active,,https://www.digikey.com/en/products/detail/texas-instruments/CD74AC163M96/376449,90 MHz,Up,,Binary Counter,4,1,-55°C ~ 125°C,,Synchronous,74AC,Synchronous,Positive Edge,1.5 V ~ 5.5 V
CD74AC191E,Texas Instruments,PRESETTABLE 4-BIT COUNTER,pmic-gate-drivers,3021,4.83,-,-,Active,https://rocelec.widen.net/view/pdf/jbuj40yogx/TXIIS01219-1.pdf?t.download=true&u=5oefqw,https://www.digikey.com/en/products/detail/rochester-electronics-llc/CD74AC191E/12133719,,,,,,,,,,74AC,,,
CD74AC193M,Harris Corporation,IC BINARY COUNTER 4-BIT 16SOIC,pmic-gate-drivers,3425,1.8,"16-SOIC (0.154"", 3.90mm Width)",Surface Mount,Active,https://rocelec.widen.net/view/pdf/lxg7l4xw2c/HRISSD15-1.pdf?t.download=true&u=5oefqw,https://www.digikey.com/en/products/detail/rochester-electronics-llc/CD74AC193M/12137097,85 MHz,"Up, Down",,Binary Counter,4,1,-55°C ~ 125°C (TA),,Asynchronous,74AC,Synchronous,Positive Edge,1.5 V ~ 5.5 V
CD74AC7060E,Harris Corporation,IC BINARY COUNTER 14-BIT 20DIP,pmic-gate-drivers,1044,0.69,"20-DIP (0.300"", 7.62mm)",Through Hole,Active,https://rocelec.widen.net/view/pdf/abksoj30fc/INSLS11417-1.pdf?t.download=true&u=5oefqw,https://www.digikey.com/en/products/detail/rochester-electronics-llc/CD74AC7060E/12137688,100 MHz,,,Binary Counter,14,1,-55°C ~ 125°C (TA),,,74AC,,Negative Edge,1.5 V ~ 5.5 V
CD74ACT161E,Texas Instruments,IC BINARY COUNTER 4-BIT 16DIP,pmic-gate-drivers,435,1.29,"16-DIP (0.300"", 7.62mm)",Through Hole,Active,,https://www.digikey.com/en/products/detail/texas-instruments/CD74ACT161E/1691971,80 MHz,Up,,Binary Counter,4,1,-55°C ~ 125°C,,Asynchronous,74ACT,Synchronous,Positive Edge,4.5 V ~ 5.5 V
CD74ACT161M,Harris Corporation,IC BINARY COUNTER 4-BIT 16SOIC,pmic-gate-drivers,6830,0.96,"16-SOIC (0.154"", 3.90mm Width)",Surface Mount,Obsolete,https://rocelec.widen.net/view/pdf/9vqfekx3c3/cd54act161.pdf?t.download=true&u=5oefqw,https://www.digikey.com/en/products/detail/rochester-electronics-llc/CD74ACT161M/11524130,80 MHz,Up,,Binary Counter,4,1,-55°C ~ 125°C,,Asynchronous,74ACT,Synchronous,Positive Edge,4.5 V ~ 5.5 V
CD74ACT161M96,Texas Instruments,IC BINARY COUNTER 4-BIT 16SOIC,pmic-gate-drivers,819,1.04,"16-SOIC (0.154"", 3.90mm Width)",Surface Mount,Active,,https://www.digikey.com/en/products/detail/texas-instruments/CD74ACT161M96/1691973,80 MHz,Up,,Binary Counter,4,1,-55°C ~ 125°C,,Asynchronous,74ACT,Synchronous,Positive Edge,4.5 V ~ 5.5 V
CD74ACT163E,Texas Instruments,IC BINARY COUNTER 4-BIT 16DIP,pmic-gate-drivers,643,1.4,"16-DIP (0.300"", 7.62mm)",Through Hole,Active,,https://www.digikey.com/en/products/detail/texas-instruments/CD74ACT163E/1691976,80 MHz,Up,,Binary Counter,4,1,-55°C ~ 125°C,,Synchronous,74ACT,Synchronous,Positive Edge,4.5 V ~ 5.5 V
CD74ACT163M,Harris Corporation,IC BINARY COUNTER 4-BIT 16SOIC,pmic-gate-drivers,6332,0.96,"16-SOIC (0.154"", 3.90mm Width)",Surface Mount,Obsolete,https://rocelec.widen.net/view/pdf/gyfqimzz5u/cd54act163.pdf?t.download=true&u=5oefqw,https://www.digikey.com/en/products/detail/rochester-electronics-llc/CD74ACT163M/11556729,80 MHz,Up,,Binary Counter,4,1,-55°C ~ 125°C,,Synchronous,74ACT,Synchronous,Positive Edge,4.5 V ~ 5.5 V
CD74ACT163M96,Texas Instruments,IC BINARY COUNTER 4-BIT 16SOIC,pmic-gate-drivers,5732,1.13,"16-SOIC (0.154"", 3.90mm Width)",Surface Mount,Active,,https://www.digikey.com/en/products/detail/texas-instruments/CD74ACT163M96/1691978,80 MHz,Up,,Binary Counter,4,1,-55°C ~ 125°C,,Synchronous,74ACT,Synchronous,Positive Edge,4.5 V ~ 5.5 V
CD74ACT163M96E4,Texas Instruments,IC BINARY COUNTER 4-BIT 16SOIC,pmic-gate-drivers,0,0.36105,"16-SOIC (0.154"", 3.90mm Width)",Surface Mount,Discontinued at DigiKey,,https://www.digikey.com/en/products/detail/texas-instruments/CD74ACT163M96E4/1691979,80 MHz,Up,,Binary Counter,4,1,-55°C ~ 125°C,,Synchronous,74ACT,Synchronous,Positive Edge,4.5 V ~ 5.5 V
CD74ACT7060E,Harris Corporation,IC BINARY COUNTER 14-BIT 20DIP,pmic-gate-drivers,2624,0.73,"20-DIP (0.300"", 7.62mm)",Through Hole,Obsolete,https://rocelec.widen.net/view/pdf/abksoj30fc/INSLS11417-1.pdf?t.download=true&u=5oefqw,https://www.digikey.com/en/products/detail/rochester-electronics-llc/CD74ACT7060E/12094310,100 MHz,,,Binary Counter,14,1,-55°C ~ 125°C (TA),,,74ACT,,Negative Edge,4.5 V ~ 5.5 V
CD74ACT7061E,Harris Corporation,IC BINARY COUNTER 14-BIT 20DIP,pmic-gate-drivers,2160,0.69,"20-DIP (0.300"", 7.62mm)",Through Hole,Active,https://rocelec.widen.net/view/pdf/abksoj30fc/INSLS11417-1.pdf?t.download=true&u=5oefqw,https://www.digikey.com/en/products/detail/rochester-electronics-llc/CD74ACT7061E/12094724,100 MHz,,,Binary Counter,14,1,-55°C ~ 125°C (TA),,,74ACT,,Negative Edge,4.5 V ~ 5.5 V
CD74HC161E,Texas Instruments,IC BINARY COUNTER 4-BIT 16DIP,pmic-gate-drivers,365,1.18,"16-DIP (0.300"", 7.62mm)",Through Hole,Active,,https://www.digikey.com/en/products/detail/texas-instruments/CD74HC161E/1506697,24 MHz,Up,,Binary Counter,4,1,-55°C ~ 125°C,,Asynchronous,74HC,Synchronous,Positive Edge,2 V ~ 6 V
CD74HC161M,Harris Corporation,IC BINARY COUNTER 4-BIT 16SOIC,pmic-gate-drivers,12834,1.08,"16-SOIC (0.154"", 3.90mm Width)",Surface Mount,Obsolete,https://rocelec.widen.net/view/pdf/sxyewfodoh/HRISS01005-1.pdf?t.download=true&u=5oefqw,https://www.digikey.com/en/products/detail/rochester-electronics-llc/CD74HC161M/11550337,24 MHz,Up,,Binary Counter,4,1,-55°C ~ 125°C,,Asynchronous,74HC,Synchronous,Positive Edge,2 V ~ 6 V
CD74HC161M96,Texas Instruments,IC BINARY COUNTER 4-BIT 16SOIC,pmic-gate-drivers,910,0.56,"16-SOIC (0.154"", 3.90mm Width)",Surface Mount,Active,,https://www.digikey.com/en/products/detail/texas-instruments/CD74HC161M96/1506700,24 MHz,Up,,Binary Counter,4,1,-55°C ~ 125°C,,Asynchronous,74HC,Synchronous,Positive Edge,2 V ~ 6 V
CD74HC161M96G4,Texas Instruments,IC BINARY COUNTER 4-BIT 16SOIC,pmic-gate-drivers,0,0.24974,"16-SOIC (0.154"", 3.90mm Width)",Surface Mount,Discontinued at DigiKey,,https://www.digikey.com/en/products/detail/texas-instruments/CD74HC161M96G4/1897250,24 MHz,Up,,Binary Counter,4,1,-55°C ~ 125°C,,Asynchronous,74HC,Synchronous,Positive Edge,2 V ~ 6 V
CD74HC161MT,Texas Instruments,IC BINARY COUNTER 4-BIT 16SOIC,pmic-gate-drivers,984,0.93,"16-SOIC (0.154"", 3.90mm Width)",Surface Mount,Obsolete,,https://www.digikey.com/en/products/detail/texas-instruments/CD74HC161MT/1506703,24 MHz,Up,,Binary Counter,4,1,-55°C ~ 125°C,,Asynchronous,74HC,Synchronous,Positive Edge,2 V ~ 6 V
CD74HC162M,Harris Corporation,IC BCD COUNTER 4-BIT 16SOIC,pmic-gate-drivers,1749,0.59,"16-SOIC (0.154"", 3.90mm Width)",Surface Mount,Active,https://rocelec.widen.net/view/pdf/2e5hy3saox/RE_DSHEET_CD54HC162F3A_REI.pdf?t.download=true&u=5oefqw,https://www.digikey.com/en/products/detail/rochester-electronics-llc/CD74HC162M/12113082,35 MHz,Up,,"BCD Counter, Decade",4,1,-40°C ~ 85°C (TA),,Synchronous,,Synchronous,Positive Edge,2 V ~ 6 V
CD74HC163E,Texas Instruments,IC BINARY COUNTER 4-BIT 16DIP,pmic-gate-drivers,454,1.26,"16-DIP (0.300"", 7.62mm)",Through Hole,Active,,https://www.digikey.com/en/products/detail/texas-instruments/CD74HC163E/1506705,24 MHz,Up,,Binary Counter,4,1,-55°C ~ 125°C,,Synchronous,74HC,Synchronous,Positive Edge,2 V ~ 6 V
CD74HC163M,Harris Corporation,IC BINARY COUNTER 4-BIT 16SOIC,pmic-gate-drivers,20118,1.17,"16-SOIC (0.154"", 3.90mm Width)",Surface Mount,Obsolete,https://rocelec.widen.net/view/pdf/sxyewfodoh/HRISS01005-1.pdf?t.download=true&u=5oefqw,https://www.digikey.com/en/products/detail/rochester-electronics-llc/CD74HC163M/11518736,24 MHz,Up,,Binary Counter,4,1,-55°C ~ 125°C,,Synchronous,74HC,Synchronous,Positive Edge,2 V ~ 6 V
CD74HC163M96,Texas Instruments,IC BINARY COUNTER 4-BIT 16SOIC,pmic-gate-drivers,1902,0.68,"16-SOIC (0.154"", 3.90mm Width)",Surface Mount,Active,,https://www.digikey.com/en/products/detail/texas-instruments/CD74HC163M96/1506708,24 MHz,Up,,Binary Counter,4,1,-55°C ~ 125°C,,Synchronous,74HC,Synchronous,Positive Edge,2 V ~ 6 V
CD74HC163MT,Texas Instruments,IC BINARY COUNTER 4-BIT 16SOIC,pmic-gate-drivers,0,0.91344,"16-SOIC (0.154"", 3.90mm Width)",Surface Mount,Obsolete,,https://www.digikey.com/en/products/detail/texas-instruments/CD74HC163MT/1506711,24 MHz,Up,,Binary Counter,4,1,-55°C ~ 125°C,,Synchronous,74HC,Synchronous,Positive Edge,2 V ~ 6 V
CD74HC190E,Texas Instruments,IC DECADE COUNTER 4-BIT 16DIP,pmic-gate-drivers,937,2.24,"16-DIP (0.300"", 7.62mm)",Through Hole,Active,,https://www.digikey.com/en/products/detail/texas-instruments/CD74HC190E/1506763,35 MHz,"Up, Down",,"Counter, Decade",4,1,-55°C ~ 125°C,,,74HC,Synchronous,Positive Edge,2 V ~ 6 V
CD74HC190EG4,Texas Instruments,IC DECADE COUNTER 4-BIT 16DIP,pmic-gate-drivers,0,0.67296,"16-DIP (0.300"", 7.62mm)",Through Hole,Discontinued at DigiKey,,https://www.digikey.com/en/products/detail/texas-instruments/CD74HC190EG4/1506764,35 MHz,"Up, Down",,"Counter, Decade",4,1,-55°C ~ 125°C,,,74HC,Synchronous,Positive Edge,2 V ~ 6 V
CD74HC190NS,Texas Instruments,IC DECADE COUNTER 4-BIT 16SO,pmic-gate-drivers,3950,1.9,"16-SOIC (0.209"", 5.30mm Width)",Surface Mount,Active,https://rocelec.widen.net/view/pdf/urpmsynbxv/cd54hc190.pdf?t.download=true&u=5oefqw,https://www.digikey.com/en/products/detail/rochester-electronics-llc/CD74HC190NS/12113302,35 MHz,"Up, Down",,"Counter, Decade",4,1,-55°C ~ 125°C,,,74HC,Synchronous,Positive Edge,2 V ~ 6 V
CD74HC190NSR,Texas Instruments,IC DECADE COUNTER 4-BIT 16SO,pmic-gate-drivers,0,1.20736,"16-SOIC (0.209"", 5.30mm Width)",Surface Mount,Active,,https://www.digikey.com/en/products/detail/texas-instruments/CD74HC190NSR/1506765,35 MHz,"Up, Down",,"Counter, Decade",4,1,-55°C ~ 125°C,,,74HC,Synchronous,Positive Edge,2 V ~ 6 V
CD74HC190PW,Texas Instruments,IC DECADE COUNTER 4-BIT 16TSSOP,pmic-gate-drivers,143,1.54,"16-TSSOP (0.173"", 4.40mm Width)",Surface Mount,Obsolete,,https://www.digikey.com/en/products/detail/texas-instruments/CD74HC190PW/1506767,35 MHz,"Up, Down",,"Counter, Decade",4,1,-55°C ~ 125°C,,,74HC,Synchronous,Positive Edge,2 V ~ 6 V
CD74HC190PWR,Texas Instruments,IC DECADE COUNTER 4-BIT 16TSSOP,pmic-gate-drivers,1148,1.8,"16-TSSOP (0.173"", 4.40mm Width)",Surface Mount,Active,,https://www.digikey.com/en/products/detail/texas-instruments/CD74HC190PWR/1506769,35 MHz,"Up, Down",,"Counter, Decade",4,1,-55°C ~ 125°C,,,74HC,Synchronous,Positive Edge,2 V ~ 6 V
CD74HC190PWT,Texas Instruments,IC DECADE COUNTER 4-BIT 16TSSOP,pmic-gate-drivers,0,0.82408,"16-TSSOP (0.173"", 4.40mm Width)",Surface Mount,Discontinued at DigiKey,,https://www.digikey.com/en/products/detail/texas-instruments/CD74HC190PWT/1506771,35 MHz,"Up, Down",,"Counter, Decade",4,1,-55°C ~ 125°C,,,74HC,Synchronous,Positive Edge,2 V ~ 6 V
CD74HC191E,Texas Instruments,IC BINARY COUNTER 4-BIT 16DIP,pmic-gate-drivers,1005,1.23,"16-DIP (0.300"", 7.62mm)",Through Hole,Active,,https://www.digikey.com/en/products/detail/texas-instruments/CD74HC191E/1506773,35 MHz,"Up, Down",,Binary Counter,4,1,-55°C ~ 125°C,,Asynchronous,74HC,Synchronous,Positive Edge,2 V ~ 6 V
CD74HC191EG4,Texas Instruments,IC BINARY COUNTER 4-BIT 16DIP,pmic-gate-drivers,0,0.36594,"16-DIP (0.300"", 7.62mm)",Through Hole,Discontinued at DigiKey,,https://www.digikey.com/en/products/detail/texas-instruments/CD74HC191EG4/1506774,35 MHz,"Up, Down",,Binary Counter,4,1,-55°C ~ 125°C,,Asynchronous,74HC,Synchronous,Positive Edge,2 V ~ 6 V
CD74HC191M,Harris Corporation,IC BINARY COUNTER 4-BIT 16SOIC,pmic-gate-drivers,1200,1.22,"16-SOIC (0.154"", 3.90mm Width)",Surface Mount,Obsolete,https://rocelec.widen.net/view/pdf/yn0ccozcpk/HRISS872-1.pdf?t.download=true&u=5oefqw,https://www.digikey.com/en/products/detail/rochester-electronics-llc/CD74HC191M/11517465,35 MHz,"Up, Down",,Binary Counter,4,1,-55°C ~ 125°C,,Asynchronous,74HC,Synchronous,Positive Edge,2 V ~ 6 V
CD74HC191M96,Texas Instruments,IC BINARY COUNTER 4-BIT 16SOIC,pmic-gate-drivers,759,0.69,"16-SOIC (0.154"", 3.90mm Width)",Surface Mount,Active,,https://www.digikey.com/en/products/detail/texas-instruments/CD74HC191M96/1506776,35 MHz,"Up, Down",,Binary Counter,4,1,-55°C ~ 125°C,,Asynchronous,74HC,Synchronous,Positive Edge,2 V ~ 6 V
CD74HC191M96E4,Texas Instruments,IC BINARY COUNTER 4-BIT 16SOIC,pmic-gate-drivers,0,0.31109,"16-SOIC (0.154"", 3.90mm Width)",Surface Mount,Discontinued at DigiKey,,https://www.digikey.com/en/products/detail/texas-instruments/CD74HC191M96E4/1506777,35 MHz,"Up, Down",,Binary Counter,4,1,-55°C ~ 125°C,,Asynchronous,74HC,Synchronous,Positive Edge,2 V ~ 6 V
CD74HC191MT,Texas Instruments,IC BINARY COUNTER 4-BIT 16SOIC,pmic-gate-drivers,720,1.36,"16-SOIC (0.154"", 3.90mm Width)",Surface Mount,Obsolete,,https://www.digikey.com/en/products/detail/texas-instruments/CD74HC191MT/1506779,35 MHz,"Up, Down",,Binary Counter,4,1,-55°C ~ 125°C,,Asynchronous,74HC,Synchronous,Positive Edge,2 V ~ 6 V
CD74HC192E,Texas Instruments,IC DECADE COUNTER 4-BIT 16DIP,pmic-gate-drivers,1105,1.13,"16-DIP (0.300"", 7.62mm)",Through Hole,Active,,https://www.digikey.com/en/products/detail/texas-instruments/CD74HC192E/1506781,24 MHz,"Up, Down",,"Counter, Decade",4,1,-55°C ~ 125°C,,Asynchronous,74HC,Synchronous,Positive Edge,2 V ~ 6 V
CD74HC192NSR,Texas Instruments,IC DECADE COUNTER 4-BIT 16SO,pmic-gate-drivers,1880,1.1,"16-SOIC (0.209"", 5.30mm Width)",Surface Mount,Active,,https://www.digikey.com/en/products/detail/texas-instruments/CD74HC192NSR/1506783,24 MHz,"Up, Down",,"Counter, Decade",4,1,-55°C ~ 125°C,,Asynchronous,74HC,Synchronous,Positive Edge,2 V ~ 6 V
CD74HC192NSRG4,Texas Instruments,IC DECADE COUNTER 4-BIT 16SO,pmic-gate-drivers,0,0.22683,"16-SOIC (0.209"", 5.30mm Width)",Surface Mount,Discontinued at DigiKey,,https://www.digikey.com/en/products/detail/texas-instruments/CD74HC192NSRG4/1897284,24 MHz,"Up, Down",,"Counter, Decade",4,1,-55°C ~ 125°C,,Asynchronous,74HC,Synchronous,Positive Edge,2 V ~ 6 V
CD74HC192PW,Texas Instruments,IC DECADE COUNTER 4-BIT 16TSSOP,pmic-gate-drivers,0,0.22141,"16-TSSOP (0.173"", 4.40mm Width)",Surface Mount,Obsolete,,https://www.digikey.com/en/products/detail/texas-instruments/CD74HC192PW/1506785,24 MHz,"Up, Down",,"Counter, Decade",4,1,-55°C ~ 125°C,,Asynchronous,74HC,Synchronous,Positive Edge,2 V ~ 6 V
CD74HC192PWE4,Texas Instruments,IC DECADE COUNTER 4-BIT 16TSSOP,pmic-gate-drivers,0,0.22141,"16-TSSOP (0.173"", 4.40mm Width)",Surface Mount,Obsolete,,https://www.digikey.com/en/products/detail/texas-instruments/CD74HC192PWE4/1506786,24 MHz,"Up, Down",,"Counter, Decade",4,1,-55°C ~ 125°C,,Asynchronous,74HC,Synchronous,Positive Edge,2 V ~ 6 V
CD74HC192PWR,Texas Instruments,IC DECADE COUNTER 4-BIT 16TSSOP,pmic-gate-drivers,71,0.7,"16-TSSOP (0.173"", 4.40mm Width)",Surface Mount,Active,,https://www.digikey.com/en/products/detail/texas-instruments/CD74HC192PWR/475916,24 MHz,"Up, Down",,"Counter, Decade",4,1,-55°C ~ 125°C,,Asynchronous,74HC,Synchronous,Positive Edge,2 V ~ 6 V
CD74HC192PWRG4,Texas Instruments,IC DECADE COUNTER 4-BIT 16TSSOP,pmic-gate-drivers,0,0.26634,"16-TSSOP (0.173"", 4.40mm Width)",Surface Mount,Discontinued at DigiKey,,https://www.digikey.com/en/products/detail/texas-instruments/CD74HC192PWRG4/1897286,24 MHz,"Up, Down",,"Counter, Decade",4,1,-55°C ~ 125°C,,Asynchronous,74HC,Synchronous,Positive Edge,2 V ~ 6 V
CD74HC192PWT,Texas Instruments,IC DECADE COUNTER 4-BIT 16TSSOP,pmic-gate-drivers,0,0.93,"16-TSSOP (0.173"", 4.40mm Width)",Surface Mount,Obsolete,,https://www.digikey.com/en/products/detail/texas-instruments/CD74HC192PWT/1506788,24 MHz,"Up, Down",,"Counter, Decade",4,1,-55°C ~ 125°C,,Asynchronous,74HC,Synchronous,Positive Edge,2 V ~ 6 V
CD74HC193E,Texas Instruments,IC BINARY COUNTER 4-BIT 16DIP,pmic-gate-drivers,565,1.29,"16-DIP (0.300"", 7.62mm)",Through Hole,Active,,https://www.digikey.com/en/products/detail/texas-instruments/CD74HC193E/1506790,29 MHz,"Up, Down",,Binary Counter,4,1,-55°C ~ 125°C,,Asynchronous,74HC,Synchronous,Positive Edge,2 V ~ 6 V
CD74HC193M,Harris Corporation,IC BINARY COUNTER 4-BIT 16SOIC,pmic-gate-drivers,18594,0.74,"16-SOIC (0.154"", 3.90mm Width)",Surface Mount,Obsolete,https://rocelec.widen.net/view/pdf/nvshcntepc/cd54hc192.pdf?t.download=true&u=5oefqw,https://www.digikey.com/en/products/detail/rochester-electronics-llc/CD74HC193M/11537120,29 MHz,"Up, Down",,Binary Counter,4,1,-55°C ~ 125°C,,Asynchronous,74HC,Synchronous,Positive Edge,2 V ~ 6 V
CD74HC193M96,Texas Instruments,IC BINARY COUNTER 4-BIT 16SOIC,pmic-gate-drivers,1878,0.62,"16-SOIC (0.154"", 3.90mm Width)",Surface Mount,Active,,https://www.digikey.com/en/products/detail/texas-instruments/CD74HC193M96/1506793,29 MHz,"Up, Down",,Binary Counter,4,1,-55°C ~ 125°C,,Asynchronous,74HC,Synchronous,Positive Edge,2 V ~ 6 V
CD74HC193M96E4,Texas Instruments,IC BINARY COUNTER 4-BIT 16SOIC,pmic-gate-drivers,0,0.32638,"16-SOIC (0.154"", 3.90mm Width)",Surface Mount,Discontinued at DigiKey,,https://www.digikey.com/en/products/detail/texas-instruments/CD74HC193M96E4/1506794,29 MHz,"Up, Down",,Binary Counter,4,1,-55°C ~ 125°C,,Asynchronous,74HC,Synchronous,Positive Edge,2 V ~ 6 V
CD74HC193MT,Texas Instruments,IC BINARY COUNTER 4-BIT 16SOIC,pmic-gate-drivers,985,0.91,"16-SOIC (0.154"", 3.90mm Width)",Surface Mount,Obsolete,,https://www.digikey.com/en/products/detail/texas-instruments/CD74HC193MT/1506796,29 MHz,"Up, Down",,Binary Counter,4,1,-55°C ~ 125°C,,Asynchronous,74HC,Synchronous,Positive Edge,2 V ~ 6 V
CD74HC390E,Texas Instruments,IC DECADE COUNTER DL 4BIT 16DIP,pmic-gate-drivers,1596,1.05,"16-DIP (0.300"", 7.62mm)",Through Hole,Active,,https://www.digikey.com/en/products/detail/texas-instruments/CD74HC390E/376757,35 MHz,Up,,"Counter, Decade",4,2,-55°C ~ 125°C,,Asynchronous,74HC,,Negative Edge,2 V ~ 6 V
CD74HC390EE4,Texas Instruments,IC DECADE COUNTER DL 4BIT 16DIP,pmic-gate-drivers,0,0.54824,"16-DIP (0.300"", 7.62mm)",Through Hole,Active,https://www.ti.com/lit/ds/symlink/cd54hct390.pdf,https://www.digikey.com/en/products/detail/texas-instruments/CD74HC390EE4/18159166,35 MHz,Up,,"Counter, Decade",4,2,-55°C ~ 125°C (TA),,Asynchronous,74HC,,Negative Edge,2 V ~ 6 V
CD74HC390EG4,Texas Instruments,IC DECADE COUNTER DL 4BIT 16DIP,pmic-gate-drivers,0,0.30423,"16-DIP (0.300"", 7.62mm)",Through Hole,Discontinued at DigiKey,,https://www.digikey.com/en/products/detail/texas-instruments/CD74HC390EG4/1507024,35 MHz,Up,,"Counter, Decade",4,2,-55°C ~ 125°C,,Asynchronous,74HC,,Negative Edge,2 V ~ 6 V
CD74HC390EX,Harris Corporation,IC DECADE COUNTER DL 4BIT 16DIP,pmic-gate-drivers,586,0.97,"16-DIP (0.300"", 7.62mm)",Through Hole,Active,https://www.digikey.com//mm.digikey.com/Volume0/opasdata/d220001/medias/docus/4282/CD74HCT4059M.pdf,https://www.digikey.com/en/products/detail/rochester-electronics-llc/CD74HC390EX/12115399,35 MHz,Up,,"Counter, Decade",4,2,-55°C ~ 125°C,,Asynchronous,74HC,,Negative Edge,2 V ~ 6 V
CD74HC390M,Harris Corporation,IC DECADE COUNTR DL 4BIT 16SOIC,pmic-gate-drivers,61423,1.0,"16-SOIC (0.154"", 3.90mm Width)",Surface Mount,Obsolete,https://rocelec.widen.net/view/pdf/b5e2yzr52b/cd54hct390.pdf?t.download=true&u=5oefqw,https://www.digikey.com/en/products/detail/rochester-electronics-llc/CD74HC390M/11555420,35 MHz,Up,,"Counter, Decade",4,2,-55°C ~ 125°C,,Asynchronous,74HC,,Negative Edge,2 V ~ 6 V
CD74HC390M96,Texas Instruments,IC DECADE COUNTR DL 4BIT 16SOIC,pmic-gate-drivers,6335,0.74,"16-SOIC (0.154"", 3.90mm Width)",Surface Mount,Active,,https://www.digikey.com/en/products/detail/texas-instruments/CD74HC390M96/555820,35 MHz,Up,,"Counter, Decade",4,2,-55°C ~ 125°C,,Asynchronous,74HC,,Negative Edge,2 V ~ 6 V
CD74HC390MT,Texas Instruments,IC DECADE COUNTR DL 4BIT 16SOIC,pmic-gate-drivers,0,0.46504,"16-SOIC (0.154"", 3.90mm Width)",Surface Mount,Obsolete,,https://www.digikey.com/en/products/detail/texas-instruments/CD74HC390MT/1507029,35 MHz,Up,,"Counter, Decade",4,2,-55°C ~ 125°C,,Asynchronous,74HC,,Negative Edge,2 V ~ 6 V
CD74HC393E,Texas Instruments,IC BINARY COUNTER DL 4BIT 14DIP,pmic-gate-drivers,5139,1.19,"14-DIP (0.300"", 7.62mm)",Through Hole,Active,,https://www.digikey.com/en/products/detail/texas-instruments/CD74HC393E/1507031,35 MHz,Up,,Binary Counter,4,2,-55°C ~ 125°C,,Asynchronous,74HC,,Negative Edge,2 V ~ 6 V
CD74HC393M,Harris Corporation,IC BINARY COUNTR DL 4BIT 14SOIC,pmic-gate-drivers,9970,1.01,"14-SOIC (0.154"", 3.90mm Width)",Surface Mount,Obsolete,https://rocelec.widen.net/view/pdf/d1gyrmiyed/HRISSA93-1.pdf?t.download=true&u=5oefqw,https://www.digikey.com/en/products/detail/rochester-electronics-llc/CD74HC393M/11550318,35 MHz,Up,,Binary Counter,4,2,-55°C ~ 125°C,,Asynchronous,74HC,,Negative Edge,2 V ~ 6 V
CD74HC393M96,Texas Instruments,IC BINARY COUNTR DL 4BIT 14SOIC,pmic-gate-drivers,1173,0.57,"14-SOIC (0.154"", 3.90mm Width)",Surface Mount,Active,,https://www.digikey.com/en/products/detail/texas-instruments/CD74HC393M96/1507034,35 MHz,Up,,Binary Counter,4,2,-55°C ~ 125°C,,Asynchronous,74HC,,Negative Edge,2 V ~ 6 V
CD74HC393M96E4,Texas Instruments,IC BINARY COUNTR DL 4BIT 14SOIC,pmic-gate-drivers,0,0.29718,"14-SOIC (0.154"", 3.90mm Width)",Surface Mount,Obsolete,,https://www.digikey.com/en/products/detail/texas-instruments/CD74HC393M96E4/1507035,35 MHz,Up,,Binary Counter,4,2,-55°C ~ 125°C,,Asynchronous,74HC,,Negative Edge,2 V ~ 6 V
CD74HC393MT,Texas Instruments,IC BINARY COUNTR DL 4BIT 14SOIC,pmic-gate-drivers,45,1.18,"14-SOIC (0.154"", 3.90mm Width)",Surface Mount,Obsolete,,https://www.digikey.com/en/products/detail/texas-instruments/CD74HC393MT/1507037,35 MHz,Up,,Binary Counter,4,2,-55°C ~ 125°C,,Asynchronous,74HC,,Negative Edge,2 V ~ 6 V
CD74HC40103E,Texas Instruments,IC BINARY COUNTER 8-BIT 16DIP,pmic-gate-drivers,1028,3.02,"16-DIP (0.300"", 7.62mm)",Through Hole,Active,,https://www.digikey.com/en/products/detail/texas-instruments/CD74HC40103E/376751,18 MHz,Down,,Binary Counter,8,1,-55°C ~ 125°C,,Asynchronous,74HC,Synchronous,Positive Edge,2 V ~ 6 V
CD74HC40103M96,Texas Instruments,IC BINARY COUNTER 8-BIT 16SOIC,pmic-gate-drivers,6366,1.53,"16-SOIC (0.154"", 3.90mm Width)",Surface Mount,Active,,https://www.digikey.com/en/products/detail/texas-instruments/CD74HC40103M96/1507056,18 MHz,Down,,Binary Counter,8,1,-55°C ~ 125°C,,Asynchronous,74HC,Synchronous,Positive Edge,2 V ~ 6 V
CD74HC40103MT,Texas Instruments,IC BINARY COUNTER 8-BIT 16SOIC,pmic-gate-drivers,127,1.67,"16-SOIC (0.154"", 3.90mm Width)",Surface Mount,Obsolete,,https://www.digikey.com/en/products/detail/texas-instruments/CD74HC40103MT/1507059,18 MHz,Down,,Binary Counter,8,1,-55°C ~ 125°C,,Asynchronous,74HC,Synchronous,Positive Edge,2 V ~ 6 V
CD74HC40103QM96Q1,Texas Instruments,IC BINARY COUNTER 8-BIT 16SOIC,pmic-gate-drivers,0,0.488,"16-SOIC (0.154"", 3.90mm Width)",Surface Mount,Obsolete,https://www.digikey.com//mm.digikey.com/Volume0/opasdata/d220001/medias/docus/827/CD74HC40103-Q1.pdf,https://www.digikey.com/en/products/detail/texas-instruments/CD74HC40103QM96Q1/1507061,18 MHz,Down,Automotive,Binary Counter,8,1,-40°C ~ 125°C,AEC-Q100,Asynchronous,74HC,Synchronous,Positive Edge,2 V ~ 6 V
CD74HC4017E,Texas Instruments,IC DECADE COUNTER 10BIT 16DIP,pmic-gate-drivers,895,1.22,"16-DIP (0.300"", 7.62mm)",Through Hole,Active,,https://www.digikey.com/en/products/detail/texas-instruments/CD74HC4017E/480317,35 MHz,Up,,"Counter, Decade",10,1,-55°C ~ 125°C (TA),,Asynchronous,74HC,Synchronous,"Positive, Negative",2 V ~ 6 V
CD74HC4017EE4,Texas Instruments,IC DECADE COUNTER 10BIT 16DIP,pmic-gate-drivers,938,1.22,"16-DIP (0.300"", 7.62mm)",Through Hole,Active,https://www.ti.com/lit/ds/symlink/cd74hc4017.pdf,https://www.digikey.com/en/products/detail/texas-instruments/CD74HC4017EE4/18159419,50 MHz,Up,,"Counter, Decade",10,1,-55°C ~ 125°C (TA),,Asynchronous,74HC,Synchronous,"Positive, Negative",2 V ~ 6 V
CD74HC4017EG4,Texas Instruments,IC DECADE COUNTER 10BIT 16DIP,pmic-gate-drivers,0,0.30423,"16-DIP (0.300"", 7.62mm)",Through Hole,Discontinued at DigiKey,,https://www.digikey.com/en/products/detail/texas-instruments/CD74HC4017EG4/1507080,35 MHz,Up,,"Counter, Decade",10,1,-55°C ~ 125°C (TA),,Asynchronous,74HC,Synchronous,"Positive, Negative",2 V ~ 6 V
CD74HC4017M,Harris Corporation,IC DECADE COUNTER 10BIT 16SOIC,pmic-gate-drivers,4329,1.08,"16-SOIC (0.154"", 3.90mm Width)",Surface Mount,Obsolete,https://rocelec.widen.net/view/pdf/npn9peeqit/cd74hc4017.pdf?t.download=true&u=5oefqw,https://www.digikey.com/en/products/detail/rochester-electronics-llc/CD74HC4017M/11513594,35 MHz,Up,,"Counter, Decade",10,1,-55°C ~ 125°C (TA),,Asynchronous,74HC,Synchronous,"Positive, Negative",2 V ~ 6 V
CD74HC4017M96,Texas Instruments,IC DECADE COUNTER 10BIT 16SOIC,pmic-gate-drivers,14253,0.72,"16-SOIC (0.154"", 3.90mm Width)",Surface Mount,Active,,https://www.digikey.com/en/products/detail/texas-instruments/CD74HC4017M96/475935,35 MHz,Up,,"Counter, Decade",10,1,-55°C ~ 125°C (TA),,Asynchronous,74HC,Synchronous,"Positive, Negative",2 V ~ 6 V
CD74HC4017MT,Texas Instruments,IC DECADE COUNTER 10BIT 16SOIC,pmic-gate-drivers,881,1.25,"16-SOIC (0.154"", 3.90mm Width)",Surface Mount,Obsolete,,https://www.digikey.com/en/products/detail/texas-instruments/CD74HC4017MT/1507084,35 MHz,Up,,"Counter, Decade",10,1,-55°C ~ 125°C (TA),,Asynchronous,74HC,Synchronous,"Positive, Negative",2 V ~ 6 V
CD74HC4017NSR,Texas Instruments,IC DECADE COUNTER 10BIT 16SO,pmic-gate-drivers,2362,1.06,"16-SOIC (0.209"", 5.30mm Width)",Surface Mount,Active,,https://www.digikey.com/en/products/detail/texas-instruments/CD74HC4017NSR/1507086,35 MHz,Up,,"Counter, Decade",10,1,-55°C ~ 125°C (TA),,Asynchronous,74HC,Synchronous,"Positive, Negative",2 V ~ 6 V
CD74HC4017NSRE4,Texas Instruments,IC DECADE COUNTER 10BIT 16SO,pmic-gate-drivers,0,0.28462,"16-SOIC (0.209"", 5.30mm Width)",Surface Mount,Discontinued at DigiKey,,https://www.digikey.com/en/products/detail/texas-instruments/CD74HC4017NSRE4/1507087,35 MHz,Up,,"Counter, Decade",10,1,-55°C ~ 125°C (TA),,Asynchronous,74HC,Synchronous,"Positive, Negative",2 V ~ 6 V
CD74HC4017PW,Texas Instruments,IC DECADE COUNTER 10BIT 16TSSOP,pmic-gate-drivers,3689,1.25,"16-TSSOP (0.173"", 4.40mm Width)",Surface Mount,Obsolete,,https://www.digikey.com/en/products/detail/texas-instruments/CD74HC4017PW/1507088,35 MHz,Up,,"Counter, Decade",10,1,-55°C ~ 125°C (TA),,Asynchronous,74HC,Synchronous,"Positive, Negative",2 V ~ 6 V
CD74HC4017PWR,Texas Instruments,IC DECADE COUNTER 10BIT 16TSSOP,pmic-gate-drivers,0,0.76,"16-TSSOP (0.173"", 4.40mm Width)",Surface Mount,Active,,https://www.digikey.com/en/products/detail/texas-instruments/CD74HC4017PWR/381175,35 MHz,Up,,"Counter, Decade",10,1,-55°C ~ 125°C (TA),,Asynchronous,74HC,Synchronous,"Positive, Negative",2 V ~ 6 V
CD74HC4017PWT,Texas Instruments,IC DECADE COUNTER 10BIT 16TSSOP,pmic-gate-drivers,1470,1.25,"16-TSSOP (0.173"", 4.40mm Width)",Surface Mount,Obsolete,,https://www.digikey.com/en/products/detail/texas-instruments/CD74HC4017PWT/1507091,35 MHz,Up,,"Counter, Decade",10,1,-55°C ~ 125°C (TA),,Asynchronous,74HC,Synchronous,"Positive, Negative",2 V ~ 6 V
CD74HC4017QM96Q1,Texas Instruments,IC DECADE COUNTER 10BIT 16SOIC,pmic-gate-drivers,0,0.23294,"16-SOIC (0.154"", 3.90mm Width)",Surface Mount,Obsolete,,https://www.digikey.com/en/products/detail/texas-instruments/CD74HC4017QM96Q1/1507093,35 MHz,Up,Automotive,"Counter, Decade",10,1,-40°C ~ 125°C (TA),AEC-Q100,Asynchronous,74HC,Synchronous,"Positive, Negative",2 V ~ 6 V
CD74HC4017QPWREP,Texas Instruments,IC DECADE COUNTER 10BIT 16TSSOP,pmic-gate-drivers,1863,3.44,"16-TSSOP (0.173"", 4.40mm Width)",Surface Mount,Active,,https://www.digikey.com/en/products/detail/texas-instruments/CD74HC4017QPWREP/1666261,35 MHz,Up,,"Counter, Decade",10,1,-40°C ~ 125°C (TA),,Asynchronous,74HC,Synchronous,"Positive, Negative",2 V ~ 6 V
CD74HC4017QPWRG4Q1,Texas Instruments,IC DECADE COUNTER 10BIT 16TSSOP,pmic-gate-drivers,4081,1.22,"16-TSSOP (0.173"", 4.40mm Width)",Surface Mount,Active,,https://www.digikey.com/en/products/detail/texas-instruments/CD74HC4017QPWRG4Q1/1897425,35 MHz,Up,Automotive,"Counter, Decade",10,1,-40°C ~ 125°C (TA),AEC-Q100,Asynchronous,74HC,Synchronous,"Positive, Negative",2 V ~ 6 V
CD74HC4017QPWRQ1,Texas Instruments,IC DECADE COUNTER 10BIT 16TSSOP,pmic-gate-drivers,0,0.23531,"16-TSSOP (0.173"", 4.40mm Width)",Surface Mount,Obsolete,,https://www.digikey.com/en/products/detail/texas-instruments/CD74HC4017QPWRQ1/1507094,35 MHz,Up,Automotive,"Counter, Decade",10,1,-40°C ~ 125°C (TA),AEC-Q100,Asynchronous,74HC,Synchronous,"Positive, Negative",2 V ~ 6 V
CD74HC4020E,Texas Instruments,IC BINARY COUNTER 14-BIT 16DIP,pmic-gate-drivers,302,1.33,"16-DIP (0.300"", 7.62mm)",Through Hole,Active,,https://www.digikey.com/en/products/detail/texas-instruments/CD74HC4020E/1507095,35 MHz,Up,,Binary Counter,14,1,-55°C ~ 125°C,,Asynchronous,74HC,,Negative Edge,2 V ~ 6 V
CD74HC4020EE4,Texas Instruments,IC BINARY COUNTER 14-BIT 16DIP,pmic-gate-drivers,0,0.7161,"16-DIP (0.300"", 7.62mm)",Through Hole,Active,https://www.ti.com/lit/ds/symlink/cd54hct4020.pdf,https://www.digikey.com/en/products/detail/texas-instruments/CD74HC4020EE4/18159371,35 MHz,Up,,Binary Counter,14,1,-55°C ~ 125°C (TA),,Asynchronous,74HC,,Negative Edge,2 V ~ 6 V
CD74HC4020EG4,Texas Instruments,IC BINARY COUNTER 14-BIT 16DIP,pmic-gate-drivers,0,0.21862,"16-DIP (0.300"", 7.62mm)",Through Hole,Discontinued at DigiKey,,https://www.digikey.com/en/products/detail/texas-instruments/CD74HC4020EG4/1507096,35 MHz,Up,,Binary Counter,14,1,-55°C ~ 125°C,,Asynchronous,74HC,,Negative Edge,2 V ~ 6 V
CD74HC4020EX,Harris Corporation,IC BINARY COUNTER 14-BIT 16DIP,pmic-gate-drivers,3556,0.76,"16-DIP (0.300"", 7.62mm)",Through Hole,Active,https://www.digikey.com//mm.digikey.com/Volume0/opasdata/d220001/medias/docus/4282/CD74HCT4059M.pdf,https://www.digikey.com/en/products/detail/rochester-electronics-llc/CD74HC4020EX/12114551,35 MHz,Up,,Binary Counter,14,1,-55°C ~ 125°C,,Asynchronous,74HC,,Negative Edge,2 V ~ 6 V
CD74HC4020M,Texas Instruments,IC BINARY COUNTER 14-BIT 16SOIC,pmic-gate-drivers,0,0.81,"16-SOIC (0.154"", 3.90mm Width)",Surface Mount,Obsolete,,https://www.digikey.com/en/products/detail/texas-instruments/CD74HC4020M/1507097,35 MHz,Up,,Binary Counter,14,1,-55°C ~ 125°C,,Asynchronous,74HC,,Negative Edge,2 V ~ 6 V
CD74HC4020M96,Texas Instruments,IC BINARY COUNTER 14-BIT 16SOIC,pmic-gate-drivers,3638,0.42,"16-SOIC (0.154"", 3.90mm Width)",Surface Mount,Active,,https://www.digikey.com/en/products/detail/texas-instruments/CD74HC4020M96/475937,35 MHz,Up,,Binary Counter,14,1,-55°C ~ 125°C,,Asynchronous,74HC,,Negative Edge,2 V ~ 6 V
CD74HC4020M96E4,Texas Instruments,IC BINARY COUNTER 14-BIT 16SOIC,pmic-gate-drivers,0,0.18939,"16-SOIC (0.154"", 3.90mm Width)",Surface Mount,Discontinued at DigiKey,,https://www.digikey.com/en/products/detail/texas-instruments/CD74HC4020M96E4/1507098,35 MHz,Up,,Binary Counter,14,1,-55°C ~ 125°C,,Asynchronous,74HC,,Negative Edge,2 V ~ 6 V
CD74HC4020M96G4,Texas Instruments,IC BINARY COUNTER 14-BIT 16SOIC,pmic-gate-drivers,0,0.18939,"16-SOIC (0.154"", 3.90mm Width)",Surface Mount,Discontinued at DigiKey,,https://www.digikey.com/en/products/detail/texas-instruments/CD74HC4020M96G4/1897426,35 MHz,Up,,Binary Counter,14,1,-55°C ~ 125°C,,Asynchronous,74HC,,Negative Edge,2 V ~ 6 V
CD74HC4024E,Harris Corporation,IC BINARY COUNTER 7-BIT 14DIP,pmic-gate-drivers,22797,0.59,"14-DIP (0.300"", 7.62mm)",Through Hole,Obsolete,https://rocelec.widen.net/view/pdf/jkm1ccadff/cd54hc4024.pdf?t.download=true&u=5oefqw,https://www.digikey.com/en/products/detail/rochester-electronics-llc/CD74HC4024E/11548976,35 MHz,Up,,Binary Counter,7,1,-55°C ~ 125°C,,Asynchronous,74HC,,Negative Edge,2 V ~ 6 V
CD74HC4024M,Texas Instruments,IC BINARY COUNTER 7-BIT 14SOIC,pmic-gate-drivers,12,1.05,"14-SOIC (0.154"", 3.90mm Width)",Surface Mount,Obsolete,,https://www.digikey.com/en/products/detail/texas-instruments/CD74HC4024M/376760,35 MHz,Up,,Binary Counter,7,1,-55°C ~ 125°C,,Asynchronous,74HC,,Negative Edge,2 V ~ 6 V
CD74HC4024M96,Texas Instruments,IC BINARY COUNTER 7-BIT 14SOIC,pmic-gate-drivers,2339,0.58,"14-SOIC (0.154"", 3.90mm Width)",Surface Mount,Active,,https://www.digikey.com/en/products/detail/texas-instruments/CD74HC4024M96/1507103,35 MHz,Up,,Binary Counter,7,1,-55°C ~ 125°C,,Asynchronous,74HC,,Negative Edge,2 V ~ 6 V
CD74HC4024MG4,Texas Instruments,IC BINARY COUNTER 7-BIT 14SOIC,pmic-gate-drivers,0,0.53084,"14-SOIC (0.154"", 3.90mm Width)",Surface Mount,Discontinued at DigiKey,,https://www.digikey.com/en/products/detail/texas-instruments/CD74HC4024MG4/1897430,35 MHz,Up,,Binary Counter,7,1,-55°C ~ 125°C,,Asynchronous,74HC,,Negative Edge,2 V ~ 6 V
CD74HC4024MT,Texas Instruments,IC BINARY COUNTER 7-BIT 14SOIC,pmic-gate-drivers,0,0.53084,"14-SOIC (0.154"", 3.90mm Width)",Surface Mount,Obsolete,,https://www.digikey.com/en/products/detail/texas-instruments/CD74HC4024MT/1507106,35 MHz,Up,,Binary Counter,7,1,-55°C ~ 125°C,,Asynchronous,74HC,,Negative Edge,2 V ~ 6 V
CD74HC4024PW,Texas Instruments,IC BINARY COUNTER 7-BIT 14TSSOP,pmic-gate-drivers,0,0.87,"14-TSSOP (0.173"", 4.40mm Width)",Surface Mount,Obsolete,,https://www.digikey.com/en/products/detail/texas-instruments/CD74HC4024PW/1507108,35 MHz,Up,,Binary Counter,7,1,-55°C ~ 125°C,,Asynchronous,74HC,,Negative Edge,2 V ~ 6 V
CD74HC4024PWR,Texas Instruments,IC BINARY COUNTER 7-BIT 14TSSOP,pmic-gate-drivers,2578,0.52,"14-TSSOP (0.173"", 4.40mm Width)",Surface Mount,Active,,https://www.digikey.com/en/products/detail/texas-instruments/CD74HC4024PWR/1507110,35 MHz,Up,,Binary Counter,7,1,-55°C ~ 125°C,,Asynchronous,74HC,,Negative Edge,2 V ~ 6 V
CD74HC4024PWT,Texas Instruments,IC BINARY COUNTER 7-BIT 14TSSOP,pmic-gate-drivers,0,0.4151,"14-TSSOP (0.173"", 4.40mm Width)",Surface Mount,Obsolete,,https://www.digikey.com/en/products/detail/texas-instruments/CD74HC4024PWT/1507112,35 MHz,Up,,Binary Counter,7,1,-55°C ~ 125°C,,Asynchronous,74HC,,Negative Edge,2 V ~ 6 V
CD74HC4040E,Texas Instruments,IC BINARY COUNTER 12-BIT 16DIP,pmic-gate-drivers,442,1.08,"16-DIP (0.300"", 7.62mm)",Through Hole,Active,,https://www.digikey.com/en/products/detail/texas-instruments/CD74HC4040E/1507114,35 MHz,Up,,Binary Counter,12,1,-55°C ~ 125°C,,Asynchronous,74HC,,Negative Edge,2 V ~ 6 V
CD74HC4040M,Harris Corporation,IC BINARY COUNTER 12-BIT 16SOIC,pmic-gate-drivers,1151,1.01,"16-SOIC (0.154"", 3.90mm Width)",Surface Mount,Obsolete,https://rocelec.widen.net/view/pdf/ozcmef41tt/HRISS01001-1.pdf?t.download=true&u=5oefqw,https://www.digikey.com/en/products/detail/rochester-electronics-llc/CD74HC4040M/11535833,35 MHz,Up,,Binary Counter,12,1,-55°C ~ 125°C,,Asynchronous,74HC,,Negative Edge,2 V ~ 6 V
CD74HC4040M96,Texas Instruments,IC BINARY COUNTER 12-BIT 16SOIC,pmic-gate-drivers,2209,0.77,"16-SOIC (0.154"", 3.90mm Width)",Surface Mount,Active,,https://www.digikey.com/en/products/detail/texas-instruments/CD74HC4040M96/555823,35 MHz,Up,,Binary Counter,12,1,-55°C ~ 125°C,,Asynchronous,74HC,,Negative Edge,2 V ~ 6 V
CD74HC4040MS2074,Harris Corporation,IC BINARY COUNTER 12-BIT 16SOIC,pmic-gate-drivers,2064,0.3,"16-SOIC (0.154"", 3.90mm Width)",Surface Mount,Active,https://rocelec.widen.net/view/pdf/hnut5arhky/CD74HC4040.pdf?t.download=true&u=ovmfp3,https://www.digikey.com/en/products/detail/rochester-electronics-llc/CD74HC4040MS2074/12616856,35 MHz,Up,,Binary Counter,12,1,-55°C ~ 125°C,,Asynchronous,74HC,,Negative Edge,2 V ~ 6 V
CD74HC4040MT,Texas Instruments,IC BINARY COUNTER 12-BIT 16SOIC,pmic-gate-drivers,0,0.45792,"16-SOIC (0.154"", 3.90mm Width)",Surface Mount,Obsolete,,https://www.digikey.com/en/products/detail/texas-instruments/CD74HC4040MT/1507119,35 MHz,Up,,Binary Counter,12,1,-55°C ~ 125°C,,Asynchronous,74HC,,Negative Edge,2 V ~ 6 V
CD74HC4040NSR,Texas Instruments,IC BINARY COUNTER 12-BIT 16SO,pmic-gate-drivers,0,0.2339,"16-SOIC (0.209"", 5.30mm Width)",Surface Mount,Obsolete,,https://www.digikey.com/en/products/detail/texas-instruments/CD74HC4040NSR/1507121,35 MHz,Up,,Binary Counter,12,1,-55°C ~ 125°C,,Asynchronous,74HC,,Negative Edge,2 V ~ 6 V
CD74HC4040NSRE4,Texas Instruments,IC BINARY COUNTER 12-BIT 16SO,pmic-gate-drivers,0,0.2339,"16-SOIC (0.209"", 5.30mm Width)",Surface Mount,Obsolete,,https://www.digikey.com/en/products/detail/texas-instruments/CD74HC4040NSRE4/1507122,35 MHz,Up,,Binary Counter,12,1,-55°C ~ 125°C,,Asynchronous,74HC,,Negative Edge,2 V ~ 6 V
CD74HC4040NSRG4,Texas Instruments,IC BINARY COUNTER 12-BIT 16SO,pmic-gate-drivers,0,0.2339,"16-SOIC (0.209"", 5.30mm Width)",Surface Mount,Obsolete,,https://www.digikey.com/en/products/detail/texas-instruments/CD74HC4040NSRG4/1897438,35 MHz,Up,,Binary Counter,12,1,-55°C ~ 125°C,,Asynchronous,74HC,,Negative Edge,2 V ~ 6 V
CD74HC4059E,Texas Instruments,IC DIVIDER BY N 16-BIT 24DIP,pmic-gate-drivers,0,1.99,"24-DIP (0.600"", 15.24mm)",Through Hole,Obsolete,,https://www.digikey.com/en/products/detail/texas-instruments/CD74HC4059E/1507206,32 MHz,Down,,Divide-by-N,16,1,-55°C ~ 125°C,,Asynchronous,74HC,Synchronous,Positive Edge,2 V ~ 6 V
CD74HC4059M96,Texas Instruments,IC DIVIDER BY N 16-BIT 24SOIC,pmic-gate-drivers,659,4.24,"24-SOIC (0.295"", 7.50mm Width)",Surface Mount,Active,,https://www.digikey.com/en/products/detail/texas-instruments/CD74HC4059M96/390284,32 MHz,Down,,Divide-by-N,16,1,-55°C ~ 125°C,,Asynchronous,74HC,Synchronous,Positive Edge,2 V ~ 6 V
CD74HC4060E,Texas Instruments,IC BINARY COUNTER 14-BIT 16DIP,pmic-gate-drivers,1004,1.35,"16-DIP (0.300"", 7.62mm)",Through Hole,Active,,https://www.digikey.com/en/products/detail/texas-instruments/CD74HC4060E/1507209,35 MHz,Up,,Binary Counter,14,1,-55°C ~ 125°C (TA),,Asynchronous,74HC,,Negative Edge,2 V ~ 6 V
CD74HC4060EX,Harris Corporation,IC BINARY COUNTER 14-BIT 16DIP,pmic-gate-drivers,2058,0.43,"16-DIP (0.300"", 7.62mm)",Through Hole,Active,https://www.digikey.com//mm.digikey.com/Volume0/opasdata/d220001/medias/docus/4282/CD74HCT4059M.pdf,https://www.digikey.com/en/products/detail/rochester-electronics-llc/CD74HC4060EX/12115967,35 MHz,Up,,Binary Counter,14,1,-55°C ~ 125°C (TA),,Asynchronous,74HC,,Negative Edge,2 V ~ 6 V
CD74HC4060M,Texas Instruments,IC BINARY COUNTER 14-BIT 16SOIC,pmic-gate-drivers,2014,1.17,"16-SOIC (0.154"", 3.90mm Width)",Surface Mount,Obsolete,,https://www.digikey.com/en/products/detail/texas-instruments/CD74HC4060M/376775,35 MHz,Up,,Binary Counter,14,1,-55°C ~ 125°C (TA),,Asynchronous,74HC,,Negative Edge,2 V ~ 6 V
CD74HC4060M96,Texas Instruments,IC BINARY COUNTER 14-BIT 16SOIC,pmic-gate-drivers,5485,0.61,"16-SOIC (0.154"", 3.90mm Width)",Surface Mount,Active,,https://www.digikey.com/en/products/detail/texas-instruments/CD74HC4060M96/1507211,35 MHz,Up,,Binary Counter,14,1,-55°C ~ 125°C (TA),,Asynchronous,74HC,,Negative Edge,2 V ~ 6 V
CD74HC4060MG4,Texas Instruments,IC BINARY COUNTER 14-BIT 16SOIC,pmic-gate-drivers,0,0.77144,"16-SOIC (0.154"", 3.90mm Width)",Surface Mount,Obsolete,,https://www.digikey.com/en/products/detail/texas-instruments/CD74HC4060MG4/1897471,35 MHz,Up,,Binary Counter,14,1,-55°C ~ 125°C (TA),,Asynchronous,74HC,,Negative Edge,2 V ~ 6 V
CD74HC4060MT,Texas Instruments,IC BINARY COUNTER 14-BIT 16SOIC,pmic-gate-drivers,291,1.17,"16-SOIC (0.154"", 3.90mm Width)",Surface Mount,Obsolete,,https://www.digikey.com/en/products/detail/texas-instruments/CD74HC4060MT/1507214,35 MHz,Up,,Binary Counter,14,1,-55°C ~ 125°C (TA),,Asynchronous,74HC,,Negative Edge,2 V ~ 6 V
CD74HC4060PW,Texas Instruments,IC BINARY COUNTER 14BIT 16TSSOP,pmic-gate-drivers,0,0.60888,"16-TSSOP (0.173"", 4.40mm Width)",Surface Mount,Obsolete,,https://www.digikey.com/en/products/detail/texas-instruments/CD74HC4060PW/1507216,35 MHz,Up,,Binary Counter,14,1,-55°C ~ 125°C (TA),,Asynchronous,74HC,,Negative Edge,2 V ~ 6 V
CD74HC4060PWR,Texas Instruments,IC BINARY COUNTER 14BIT 16TSSOP,pmic-gate-drivers,2803,0.72,"16-TSSOP (0.173"", 4.40mm Width)",Surface Mount,Active,,https://www.digikey.com/en/products/detail/texas-instruments/CD74HC4060PWR/1507218,35 MHz,Up,,Binary Counter,14,1,-55°C ~ 125°C (TA),,Asynchronous,74HC,,Negative Edge,2 V ~ 6 V
CD74HC4060PWRG4,Texas Instruments,IC BINARY COUNTER 14BIT 16TSSOP,pmic-gate-drivers,0,0.23107,"16-TSSOP (0.173"", 4.40mm Width)",Surface Mount,Discontinued at DigiKey,,https://www.digikey.com/en/products/detail/texas-instruments/CD74HC4060PWRG4/1897474,35 MHz,Up,,Binary Counter,14,1,-55°C ~ 125°C (TA),,Asynchronous,74HC,,Negative Edge,2 V ~ 6 V
CD74HC4060PWT,Texas Instruments,IC BINARY COUNTER 14BIT 16TSSOP,pmic-gate-drivers,2730,1.19,"16-TSSOP (0.173"", 4.40mm Width)",Surface Mount,Obsolete,,https://www.digikey.com/en/products/detail/texas-instruments/CD74HC4060PWT/1507220,35 MHz,Up,,Binary Counter,14,1,-55°C ~ 125°C (TA),,Asynchronous,74HC,,Negative Edge,2 V ~ 6 V
CD74HC4518E,Texas Instruments,IC DECADE COUNTER DL 4BIT 16DIP,pmic-gate-drivers,195,2.83,"16-DIP (0.300"", 7.62mm)",Through Hole,Active,,https://www.digikey.com/en/products/detail/texas-instruments/CD74HC4518E/1507326,35 MHz,Up,,"Counter, Decade",4,2,-55°C ~ 125°C,,Asynchronous,74HC,Synchronous,"Positive, Negative",2 V ~ 6 V
CD74HC4520E,Texas Instruments,IC BINARY COUNTER DL 4BIT 16DIP,pmic-gate-drivers,9875,0.87,"16-DIP (0.300"", 7.62mm)",Through Hole,Active,,https://www.digikey.com/en/products/detail/texas-instruments/CD74HC4520E/1507328,35 MHz,Up,,Binary Counter,4,2,-55°C ~ 125°C,,Asynchronous,74HC,Synchronous,"Positive, Negative",2 V ~ 6 V
CD74HC4520M,Texas Instruments,IC BINARY COUNTR DL 4BIT 16SOIC,pmic-gate-drivers,0,1.19,"16-SOIC (0.154"", 3.90mm Width)",Surface Mount,Obsolete,,https://www.digikey.com/en/products/detail/texas-instruments/CD74HC4520M/1507330,35 MHz,Up,,Binary Counter,4,2,-55°C ~ 125°C,,Asynchronous,74HC,Synchronous,"Positive, Negative",2 V ~ 6 V
CD74HC4520M96,Texas Instruments,IC BINARY COUNTR DL 4BIT 16SOIC,pmic-gate-drivers,8540,0.54,"16-SOIC (0.154"", 3.90mm Width)",Surface Mount,Active,,https://www.digikey.com/en/products/detail/texas-instruments/CD74HC4520M96/1507331,35 MHz,Up,,Binary Counter,4,2,-55°C ~ 125°C,,Asynchronous,74HC,Synchronous,"Positive, Negative",2 V ~ 6 V
CD74HC4520M96G4,Texas Instruments,IC BINARY COUNTR DL 4BIT 16SOIC,pmic-gate-drivers,0,0.23154,"16-SOIC (0.154"", 3.90mm Width)",Surface Mount,Discontinued at DigiKey,,https://www.digikey.com/en/products/detail/texas-instruments/CD74HC4520M96G4/1897519,35 MHz,Up,,Binary Counter,4,2,-55°C ~ 125°C,,Asynchronous,74HC,Synchronous,"Positive, Negative",2 V ~ 6 V
CD74HC4520MT,Texas Instruments,IC BINARY COUNTR DL 4BIT 16SOIC,pmic-gate-drivers,440,1.19,"16-SOIC (0.154"", 3.90mm Width)",Surface Mount,Obsolete,,https://www.digikey.com/en/products/detail/texas-instruments/CD74HC4520MT/1507334,35 MHz,Up,,Binary Counter,4,2,-55°C ~ 125°C,,Asynchronous,74HC,Synchronous,"Positive, Negative",2 V ~ 6 V
CD74HC93E,Texas Instruments,IC BINARY COUNTER 4-BIT 14DIP,pmic-gate-drivers,864,2.54,"14-DIP (0.300"", 7.62mm)",Through Hole,Active,,https://www.digikey.com/en/products/detail/texas-instruments/CD74HC93E/1507499,35 MHz,Up,,Binary Counter,4,1,-55°C ~ 125°C,,Asynchronous,74HC,,Negative Edge,2 V ~ 6 V
CD74HC93M,Harris Corporation,IC BINARY COUNTER 4-BIT 14SOIC,pmic-gate-drivers,1102,1.38,"14-SOIC (0.154"", 3.90mm Width)",Surface Mount,Obsolete,https://rocelec.widen.net/view/pdf/qkkj4r5umh/cd74hc93.pdf?t.download=true&u=5oefqw,https://www.digikey.com/en/products/detail/rochester-electronics-llc/CD74HC93M/11541646,35 MHz,Up,,Binary Counter,4,1,-55°C ~ 125°C,,Asynchronous,74HC,,Negative Edge,2 V ~ 6 V
CD74HC93M96,Texas Instruments,IC BINARY COUNTER 4-BIT 14SOIC,pmic-gate-drivers,2034,1.36,"14-SOIC (0.154"", 3.90mm Width)",Surface Mount,Active,,https://www.digikey.com/en/products/detail/texas-instruments/CD74HC93M96/390287,35 MHz,Up,,Binary Counter,4,1,-55°C ~ 125°C,,Asynchronous,74HC,,Negative Edge,2 V ~ 6 V
CD74HC93MT,Texas Instruments,IC BINARY COUNTER 4-BIT 14SOIC,pmic-gate-drivers,27,1.59,"14-SOIC (0.154"", 3.90mm Width)",Surface Mount,Obsolete,,https://www.digikey.com/en/products/detail/texas-instruments/CD74HC93MT/1507504,35 MHz,Up,,Binary Counter,4,1,-55°C ~ 125°C,,Asynchronous,74HC,,Negative Edge,2 V ~ 6 V
CD74HCT161E,Texas Instruments,IC BINARY COUNTER 4-BIT 16DIP,pmic-gate-drivers,1166,1.34,"16-DIP (0.300"", 7.62mm)",Through Hole,Active,https://rocelec.widen.net/view/pdf/yyfxbvvpnb/cd54hc161.pdf?t.download=true&u=5oefqw,https://www.digikey.com/en/products/detail/texas-instruments/CD74HCT161E/38338,20 MHz,Up,,Binary Counter,4,1,-55°C ~ 125°C,,Asynchronous,74HCT,Synchronous,Positive Edge,4.5 V ~ 5.5 V
CD74HCT161EE4,Texas Instruments,IC BINARY COUNTER 4-BIT 16DIP,pmic-gate-drivers,0,0.72072,"16-DIP (0.300"", 7.62mm)",Through Hole,Active,https://www.ti.com/lit/ds/symlink/cd54hc161.pdf,https://www.digikey.com/en/products/detail/texas-instruments/CD74HCT161EE4/18159210,30 MHz,Up,,Binary Counter,4,1,-55°C ~ 125°C (TA),,Asynchronous,74HCT,Synchronous,Positive Edge,4.5 V ~ 5.5 V
CD74HCT161EG4,Texas Instruments,IC BINARY COUNTER 4-BIT 16DIP,pmic-gate-drivers,0,0.2291,"16-DIP (0.300"", 7.62mm)",Through Hole,Discontinued at DigiKey,https://rocelec.widen.net/view/pdf/yyfxbvvpnb/cd54hc161.pdf?t.download=true&u=5oefqw,https://www.digikey.com/en/products/detail/texas-instruments/CD74HCT161EG4/1507635,20 MHz,Up,,Binary Counter,4,1,-55°C ~ 125°C,,Asynchronous,74HCT,Synchronous,Positive Edge,4.5 V ~ 5.5 V
CD74HCT161M,Harris Corporation,IC BINARY COUNTER 4-BIT 16SOIC,pmic-gate-drivers,15719,0.94,"16-SOIC (0.154"", 3.90mm Width)",Surface Mount,Obsolete,https://rocelec.widen.net/view/pdf/sxyewfodoh/HRISS01005-1.pdf?t.download=true&u=5oefqw,https://www.digikey.com/en/products/detail/rochester-electronics-llc/CD74HCT161M/11513447,20 MHz,Up,,Binary Counter,4,1,-55°C ~ 125°C,,Asynchronous,74HCT,Synchronous,Positive Edge,4.5 V ~ 5.5 V
CD74HCT161M96,Texas Instruments,IC BINARY COUNTER 4-BIT 16SOIC,pmic-gate-drivers,4420,0.58,"16-SOIC (0.154"", 3.90mm Width)",Surface Mount,Active,https://rocelec.widen.net/view/pdf/yyfxbvvpnb/cd54hc161.pdf?t.download=true&u=5oefqw,https://www.digikey.com/en/products/detail/texas-instruments/CD74HCT161M96/1507636,20 MHz,Up,,Binary Counter,4,1,-55°C ~ 125°C,,Asynchronous,74HCT,Synchronous,Positive Edge,4.5 V ~ 5.5 V
CD74HCT161ME4,Texas Instruments,IC 4BIT BINARY COUNTER 16SOIC,pmic-gate-drivers,1000,0.94,"16-SOIC (0.154"", 3.90mm Width)",Surface Mount,Active,,https://www.digikey.com/en/products/detail/texas-instruments/CD74HCT161ME4/11546865,20 MHz,Up,,Binary Counter,4,1,-55°C ~ 125°C,,Asynchronous,74HCT,Synchronous,Positive Edge,4.5 V ~ 5.5 V
CD74HCT161MT,Texas Instruments,IC BINARY COUNTER 4-BIT 16SOIC,pmic-gate-drivers,0,0.4008,"16-SOIC (0.154"", 3.90mm Width)",Surface Mount,Discontinued at DigiKey,https://rocelec.widen.net/view/pdf/yyfxbvvpnb/cd54hc161.pdf?t.download=true&u=5oefqw,https://www.digikey.com/en/products/detail/texas-instruments/CD74HCT161MT/1507639,20 MHz,Up,,Binary Counter,4,1,-55°C ~ 125°C,,Asynchronous,74HCT,Synchronous,Positive Edge,4.5 V ~ 5.5 V
CD74HCT163E,Texas Instruments,IC BINARY COUNTER 4-BIT 16DIP,pmic-gate-drivers,1908,1.34,"16-DIP (0.300"", 7.62mm)",Through Hole,Active,,https://www.digikey.com/en/products/detail/texas-instruments/CD74HCT163E/475960,20 MHz,Up,,Binary Counter,4,1,-55°C ~ 125°C,,Synchronous,74HCT,Synchronous,Positive Edge,4.5 V ~ 5.5 V
CD74HCT163M,Texas Instruments,IC BINARY COUNTER 4-BIT 16SOIC,pmic-gate-drivers,1102,1.12,"16-SOIC (0.154"", 3.90mm Width)",Surface Mount,Obsolete,,https://www.digikey.com/en/products/detail/texas-instruments/CD74HCT163M/1507642,20 MHz,Up,,Binary Counter,4,1,-55°C ~ 125°C,,Synchronous,74HCT,Synchronous,Positive Edge,4.5 V ~ 5.5 V
CD74HCT163M96,Texas Instruments,IC BINARY COUNTER 4-BIT 16SOIC,pmic-gate-drivers,194,0.58,"16-SOIC (0.154"", 3.90mm Width)",Surface Mount,Active,,https://www.digikey.com/en/products/detail/texas-instruments/CD74HCT163M96/1507643,20 MHz,Up,,Binary Counter,4,1,-55°C ~ 125°C,,Synchronous,74HCT,Synchronous,Positive Edge,4.5 V ~ 5.5 V
CD74HCT163MT,Texas Instruments,IC BINARY COUNTER 4-BIT 16SOIC,pmic-gate-drivers,0,0.4008,"16-SOIC (0.154"", 3.90mm Width)",Surface Mount,Discontinued at DigiKey,,https://www.digikey.com/en/products/detail/texas-instruments/CD74HCT163MT/1507646,20 MHz,Up,,Binary Counter,4,1,-55°C ~ 125°C,,Synchronous,74HCT,Synchronous,Positive Edge,4.5 V ~ 5.5 V
CD74HCT191E,Texas Instruments,IC BINARY COUNTER 4-BIT 16DIP,pmic-gate-drivers,887,1.4,"16-DIP (0.300"", 7.62mm)",Through Hole,Active,,https://www.digikey.com/en/products/detail/texas-instruments/CD74HCT191E/38390,30 MHz,"Up, Down",,Binary Counter,4,1,-55°C ~ 125°C,,,74HCT,Synchronous,Positive Edge,4.5 V ~ 5.5 V
CD74HCT191M,Texas Instruments,IC BINARY COUNTER 4-BIT 16SOIC,pmic-gate-drivers,8782,1.11,"16-SOIC (0.154"", 3.90mm Width)",Surface Mount,Active,,https://www.digikey.com/en/products/detail/texas-instruments/CD74HCT191M/376909,30 MHz,"Up, Down",,Binary Counter,4,1,-55°C ~ 125°C,,,74HCT,Synchronous,Positive Edge,4.5 V ~ 5.5 V
CD74HCT193E,Texas Instruments,IC BINARY COUNTER 4-BIT 16DIP,pmic-gate-drivers,370,1.38,"16-DIP (0.300"", 7.62mm)",Through Hole,Active,,https://www.digikey.com/en/products/detail/texas-instruments/CD74HCT193E/38398,22 MHz,"Up, Down",,Binary Counter,4,1,-55°C ~ 125°C,,Asynchronous,74HCT,Synchronous,Positive Edge,4.5 V ~ 5.5 V
CD74HCT390E,Texas Instruments,IC DECADE COUNTER DL 4BIT 16DIP,pmic-gate-drivers,714,1.08,"16-DIP (0.300"", 7.62mm)",Through Hole,Active,,https://www.digikey.com/en/products/detail/texas-instruments/CD74HCT390E/38545,27 MHz,Up,,"Counter, Decade",4,2,-55°C ~ 125°C,,Asynchronous,74HCT,,Negative Edge,4.5 V ~ 5.5 V
CD74HCT390EE4,Texas Instruments,IC DECADE COUNTER DL 4BIT 16DIP,pmic-gate-drivers,0,0.56672,"16-DIP (0.300"", 7.62mm)",Through Hole,Active,https://www.ti.com/lit/ds/symlink/cd54hct390.pdf,https://www.digikey.com/en/products/detail/texas-instruments/CD74HCT390EE4/18159346,27 MHz,Up,,"Counter, Decade",4,2,-55°C ~ 125°C (TA),,Asynchronous,74HCT,,Negative Edge,4.5 V ~ 5.5 V
CD74HCT390EG4,Texas Instruments,IC DECADE COUNTER DL 4BIT 16DIP,pmic-gate-drivers,0,0.30566,"16-DIP (0.300"", 7.62mm)",Through Hole,Discontinued at DigiKey,,https://www.digikey.com/en/products/detail/texas-instruments/CD74HCT390EG4/1507840,27 MHz,Up,,"Counter, Decade",4,2,-55°C ~ 125°C,,Asynchronous,74HCT,,Negative Edge,4.5 V ~ 5.5 V
CD74HCT390M,Harris Corporation,IC DECADE COUNTR DL 4BIT 16SOIC,pmic-gate-drivers,9057,1.08,"16-SOIC (0.154"", 3.90mm Width)",Surface Mount,Obsolete,https://rocelec.widen.net/view/pdf/b5e2yzr52b/cd54hct390.pdf?t.download=true&u=5oefqw,https://www.digikey.com/en/products/detail/rochester-electronics-llc/CD74HCT390M/11523834,27 MHz,Up,,"Counter, Decade",4,2,-55°C ~ 125°C,,Asynchronous,74HCT,,Negative Edge,4.5 V ~ 5.5 V
CD74HCT390M96,Texas Instruments,IC DECADE COUNTR DL 4BIT 16SOIC,pmic-gate-drivers,2365,0.75,"16-SOIC (0.154"", 3.90mm Width)",Surface Mount,Active,,https://www.digikey.com/en/products/detail/texas-instruments/CD74HCT390M96/1507841,27 MHz,Up,,"Counter, Decade",4,2,-55°C ~ 125°C,,Asynchronous,74HCT,,Negative Edge,4.5 V ~ 5.5 V
CD74HCT390MT,Texas Instruments,IC DECADE COUNTR DL 4BIT 16SOIC,pmic-gate-drivers,720,1.27,"16-SOIC (0.154"", 3.90mm Width)",Surface Mount,Obsolete,,https://www.digikey.com/en/products/detail/texas-instruments/CD74HCT390MT/1507844,27 MHz,Up,,"Counter, Decade",4,2,-55°C ~ 125°C,,Asynchronous,74HCT,,Negative Edge,4.5 V ~ 5.5 V
CD74HCT393E,Texas Instruments,IC BINARY COUNTER DL 4BIT 14DIP,pmic-gate-drivers,2490,1.04,"14-DIP (0.300"", 7.62mm)",Through Hole,Active,,https://www.digikey.com/en/products/detail/texas-instruments/CD74HCT393E/38549,27 MHz,Up,,Binary Counter,4,2,-55°C ~ 125°C,,Asynchronous,74HCT,,Negative Edge,4.5 V ~ 5.5 V
CD74HCT393M,Harris Corporation,IC BINARY COUNTR DL 4BIT 14SOIC,pmic-gate-drivers,16493,0.74,"14-SOIC (0.154"", 3.90mm Width)",Surface Mount,Obsolete,https://rocelec.widen.net/view/pdf/d1gyrmiyed/HRISSA93-1.pdf?t.download=true&u=5oefqw,https://www.digikey.com/en/products/detail/rochester-electronics-llc/CD74HCT393M/11537113,27 MHz,Up,,Binary Counter,4,2,-55°C ~ 125°C,,Asynchronous,74HCT,,Negative Edge,4.5 V ~ 5.5 V
CD74HCT393M96,Texas Instruments,IC BINARY COUNTR DL 4BIT 14SOIC,pmic-gate-drivers,3162,0.71,"14-SOIC (0.154"", 3.90mm Width)",Surface Mount,Active,,https://www.digikey.com/en/products/detail/texas-instruments/CD74HCT393M96/555782,27 MHz,Up,,Binary Counter,4,2,-55°C ~ 125°C,,Asynchronous,74HCT,,Negative Edge,4.5 V ~ 5.5 V
CD74HCT393MT,Texas Instruments,IC BINARY COUNTR DL 4BIT 14SOIC,pmic-gate-drivers,0,0.97,"14-SOIC (0.154"", 3.90mm Width)",Surface Mount,Obsolete,,https://www.digikey.com/en/products/detail/texas-instruments/CD74HCT393MT/1507849,27 MHz,Up,,Binary Counter,4,2,-55°C ~ 125°C,,Asynchronous,74HCT,,Negative Edge,4.5 V ~ 5.5 V
CD74HCT40103E,Texas Instruments,IC BINARY COUNTER 8-BIT 16DIP,pmic-gate-drivers,396,2.08,"16-DIP (0.300"", 7.62mm)",Through Hole,Active,,https://www.digikey.com/en/products/detail/texas-instruments/CD74HCT40103E/38561,14 MHz,Down,,Binary Counter,8,1,-55°C ~ 125°C,,Asynchronous,74HCT,Synchronous,Positive Edge,4.5 V ~ 5.5 V
CD74HCT40103M,Harris Corporation,IC BINARY COUNTER 8-BIT 16SOIC,pmic-gate-drivers,1020,1.21,"16-SOIC (0.154"", 3.90mm Width)",Surface Mount,Obsolete,https://rocelec.widen.net/view/pdf/ji00b7yymq/HRISSD01-1.pdf?t.download=true&u=5oefqw,https://www.digikey.com/en/products/detail/rochester-electronics-llc/CD74HCT40103M/11536724,14 MHz,Down,,Binary Counter,8,1,-55°C ~ 125°C,,Asynchronous,74HCT,Synchronous,Positive Edge,4.5 V ~ 5.5 V
CD74HCT40103M96,Texas Instruments,IC BINARY COUNTER 8-BIT 16SOIC,pmic-gate-drivers,1452,0.93,"16-SOIC (0.154"", 3.90mm Width)",Surface Mount,Active,,https://www.digikey.com/en/products/detail/texas-instruments/CD74HCT40103M96/1507852,14 MHz,Down,,Binary Counter,8,1,-55°C ~ 125°C,,Asynchronous,74HCT,Synchronous,Positive Edge,4.5 V ~ 5.5 V
CD74HCT40103M96G4,Texas Instruments,IC BINARY COUNTER 8-BIT 16SOIC,pmic-gate-drivers,0,0.52922,"16-SOIC (0.154"", 3.90mm Width)",Surface Mount,Discontinued at DigiKey,,https://www.digikey.com/en/products/detail/texas-instruments/CD74HCT40103M96G4/1897743,14 MHz,Down,,Binary Counter,8,1,-55°C ~ 125°C,,Asynchronous,74HCT,Synchronous,Positive Edge,4.5 V ~ 5.5 V
CD74HCT40103MG4,Texas Instruments,IC BINARY COUNTER 8-BIT 16SOIC,pmic-gate-drivers,0,0.66283,"16-SOIC (0.154"", 3.90mm Width)",Surface Mount,Discontinued at DigiKey,,https://www.digikey.com/en/products/detail/texas-instruments/CD74HCT40103MG4/1897744,14 MHz,Down,,Binary Counter,8,1,-55°C ~ 125°C,,Asynchronous,74HCT,Synchronous,Positive Edge,4.5 V ~ 5.5 V
CD74HCT40103MT,Texas Instruments,IC BINARY COUNTER 8-BIT 16SOIC,pmic-gate-drivers,0,0.70812,"16-SOIC (0.154"", 3.90mm Width)",Surface Mount,Discontinued at DigiKey,,https://www.digikey.com/en/products/detail/texas-instruments/CD74HCT40103MT/1507855,14 MHz,Down,,Binary Counter,8,1,-55°C ~ 125°C,,Asynchronous,74HCT,Synchronous,Positive Edge,4.5 V ~ 5.5 V
CD74HCT4020E,Texas Instruments,IC BINARY COUNTER 14-BIT 16DIP,pmic-gate-drivers,238,1.34,"16-DIP (0.300"", 7.62mm)",Through Hole,Active,,https://www.digikey.com/en/products/detail/texas-instruments/CD74HCT4020E/38585,25 MHz,Up,,Binary Counter,14,1,-55°C ~ 125°C,,Asynchronous,74HCT,,Negative Edge,4.5 V ~ 5.5 V
CD74HCT4020M,Harris Corporation,IC BINARY COUNTER 14-BIT 16SOIC,pmic-gate-drivers,10717,0.96,"16-SOIC (0.154"", 3.90mm Width)",Surface Mount,Obsolete,https://rocelec.widen.net/view/pdf/nhrgdtzscu/HRISS01002-1.pdf?t.download=true&u=5oefqw,https://www.digikey.com/en/products/detail/rochester-electronics-llc/CD74HCT4020M/11518145,25 MHz,Up,,Binary Counter,14,1,-55°C ~ 125°C,,Asynchronous,74HCT,,Negative Edge,4.5 V ~ 5.5 V
CD74HCT4020M96,Texas Instruments,IC BINARY COUNTER 14-BIT 16SOIC,pmic-gate-drivers,1990,0.63,"16-SOIC (0.154"", 3.90mm Width)",Surface Mount,Active,,https://www.digikey.com/en/products/detail/texas-instruments/CD74HCT4020M96/1507865,25 MHz,Up,,Binary Counter,14,1,-55°C ~ 125°C,,Asynchronous,74HCT,,Negative Edge,4.5 V ~ 5.5 V
CD74HCT4020MT,Texas Instruments,IC BINARY COUNTER 14-BIT 16SOIC,pmic-gate-drivers,434,1.16,"16-SOIC (0.154"", 3.90mm Width)",Surface Mount,Obsolete,,https://www.digikey.com/en/products/detail/texas-instruments/CD74HCT4020MT/1507868,25 MHz,Up,,Binary Counter,14,1,-55°C ~ 125°C,,Asynchronous,74HCT,,Negative Edge,4.5 V ~ 5.5 V
CD74HCT4024E,Texas Instruments,IC BINARY COUNTER 7-BIT 14DIP,pmic-gate-drivers,439,1.08,"14-DIP (0.300"", 7.62mm)",Through Hole,Active,https://rocelec.widen.net/view/pdf/xvc0d41swi/cd74hct4024.pdf?t.download=true&u=5oefqw,https://www.digikey.com/en/products/detail/texas-instruments/CD74HCT4024E/1507870,25 MHz,Up,,Binary Counter,7,1,-55°C ~ 125°C,,Asynchronous,74HCT,,Negative Edge,4.5 V ~ 5.5 V
CD74HCT4024EE4,Texas Instruments,IC BINARY COUNTER 7-BIT 14DIP,pmic-gate-drivers,0,0.56518,"14-DIP (0.300"", 7.62mm)",Through Hole,Active,https://www.ti.com/lit/ds/symlink/cd54hc4024.pdf,https://www.digikey.com/en/products/detail/texas-instruments/CD74HCT4024EE4/18159259,25 MHz,Up,,Binary Counter,7,1,-55°C ~ 125°C (TA),,Asynchronous,74HCT,,Negative Edge,4.5 V ~ 5.5 V
CD74HCT4024EG4,Texas Instruments,IC BINARY COUNTER 7-BIT 14DIP,pmic-gate-drivers,0,0.3267,"14-DIP (0.300"", 7.62mm)",Through Hole,Discontinued at DigiKey,https://rocelec.widen.net/view/pdf/xvc0d41swi/cd74hct4024.pdf?t.download=true&u=5oefqw,https://www.digikey.com/en/products/detail/texas-instruments/CD74HCT4024EG4/1507871,25 MHz,Up,,Binary Counter,7,1,-55°C ~ 125°C,,Asynchronous,74HCT,,Negative Edge,4.5 V ~ 5.5 V
CD74HCT4024M,Texas Instruments,IC BINARY COUNTER 7-BIT 14SOIC,pmic-gate-drivers,914,0.89,"14-SOIC (0.154"", 3.90mm Width)",Surface Mount,Active,https://rocelec.widen.net/view/pdf/xvc0d41swi/cd74hct4024.pdf?t.download=true&u=5oefqw,https://www.digikey.com/en/products/detail/texas-instruments/CD74HCT4024M/376939,25 MHz,Up,,Binary Counter,7,1,-55°C ~ 125°C,,Asynchronous,74HCT,,Negative Edge,4.5 V ~ 5.5 V
CD74HCT4040E,Texas Instruments,IC BINARY COUNTER 12-BIT 16DIP,pmic-gate-drivers,1128,1.08,"16-DIP (0.300"", 7.62mm)",Through Hole,Active,,https://www.digikey.com/en/products/detail/texas-instruments/CD74HCT4040E/38593,25 MHz,Up,,Binary Counter,12,1,-55°C ~ 125°C,,Asynchronous,74HCT,,Negative Edge,4.5 V ~ 5.5 V
CD74HCT4040M,Harris Corporation,IC BINARY COUNTER 12-BIT 16SOIC,pmic-gate-drivers,9498,1.09,"16-SOIC (0.154"", 3.90mm Width)",Surface Mount,Obsolete,https://rocelec.widen.net/view/pdf/ozcmef41tt/HRISS01001-1.pdf?t.download=true&u=5oefqw,https://www.digikey.com/en/products/detail/rochester-electronics-llc/CD74HCT4040M/11509174,25 MHz,Up,,Binary Counter,12,1,-55°C ~ 125°C,,Asynchronous,74HCT,,Negative Edge,4.5 V ~ 5.5 V
CD74HCT4040M96,Texas Instruments,IC BINARY COUNTER 12-BIT 16SOIC,pmic-gate-drivers,4782,0.72,"16-SOIC (0.154"", 3.90mm Width)",Surface Mount,Active,,https://www.digikey.com/en/products/detail/texas-instruments/CD74HCT4040M96/555783,25 MHz,Up,,Binary Counter,12,1,-55°C ~ 125°C,,Asynchronous,74HCT,,Negative Edge,4.5 V ~ 5.5 V
CD74HCT4040M96G4,Texas Instruments,IC BINARY COUNTER 12-BIT 16SOIC,pmic-gate-drivers,0,0.26232,"16-SOIC (0.154"", 3.90mm Width)",Surface Mount,Discontinued at DigiKey,,https://www.digikey.com/en/products/detail/texas-instruments/CD74HCT4040M96G4/1897753,25 MHz,Up,,Binary Counter,12,1,-55°C ~ 125°C,,Asynchronous,74HCT,,Negative Edge,4.5 V ~ 5.5 V
CD74HCT4040MR2499,Harris Corporation,IC BINARY COUNTER 12-BIT 16SOIC,pmic-gate-drivers,2299,0.3,"16-SOIC (0.154"", 3.90mm Width)",Surface Mount,Active,https://rocelec.widen.net/view/pdf/tuchulmkoj/CD74HCT4040.pdf?t.download=true&u=ovmfp3,https://www.digikey.com/en/products/detail/rochester-electronics-llc/CD74HCT4040MR2499/12597837,25 MHz,Up,,Binary Counter,12,1,-55°C ~ 125°C,,Asynchronous,74HCT,,Negative Edge,4.5 V ~ 5.5 V
CD74HCT4040MT,Texas Instruments,IC BINARY COUNTER 12-BIT 16SOIC,pmic-gate-drivers,0,0.45792,"16-SOIC (0.154"", 3.90mm Width)",Surface Mount,Obsolete,,https://www.digikey.com/en/products/detail/texas-instruments/CD74HCT4040MT/1507877,25 MHz,Up,,Binary Counter,12,1,-55°C ~ 125°C,,Asynchronous,74HCT,,Negative Edge,4.5 V ~ 5.5 V
CD74HCT4060E,Texas Instruments,IC BINARY COUNTER 14-BIT 16DIP,pmic-gate-drivers,874,1.11,"16-DIP (0.300"", 7.62mm)",Through Hole,Active,,https://www.digikey.com/en/products/detail/texas-instruments/CD74HCT4060E/38613,30 MHz,Up,,Binary Counter,14,1,-55°C ~ 125°C (TA),,Asynchronous,74HCT,,Negative Edge,4.5 V ~ 5.5 V
CD74HCT4060EE4,Texas Instruments,IC BINARY COUNTER 14-BIT 16DIP,pmic-gate-drivers,500,1.11,"16-DIP (0.300"", 7.62mm)",Through Hole,Active,https://www.ti.com/lit/ds/symlink/cd54hc4060.pdf,https://www.digikey.com/en/products/detail/texas-instruments/CD74HCT4060EE4/18158720,25 MHz,Up,,Binary Counter,14,1,-55°C ~ 125°C (TA),,Asynchronous,74HCT,,Negative Edge,4.5 V ~ 5.5 V
CD74HCT4060EG4,Texas Instruments,IC BINARY COUNTER 14-BIT 16DIP,pmic-gate-drivers,0,0.3267,"16-DIP (0.300"", 7.62mm)",Through Hole,Discontinued at DigiKey,,https://www.digikey.com/en/products/detail/texas-instruments/CD74HCT4060EG4/1507911,30 MHz,Up,,Binary Counter,14,1,-55°C ~ 125°C (TA),,Asynchronous,74HCT,,Negative Edge,4.5 V ~ 5.5 V
CD74HCT4060M,Harris Corporation,IC BINARY COUNTER 14-BIT 16SOIC,pmic-gate-drivers,5285,1.09,"16-SOIC (0.154"", 3.90mm Width)",Surface Mount,Obsolete,https://rocelec.widen.net/view/pdf/6rmwaxtu9h/HRISS01008-1.pdf?t.download=true&u=5oefqw,https://www.digikey.com/en/products/detail/rochester-electronics-llc/CD74HCT4060M/11519372,30 MHz,Up,,Binary Counter,14,1,-55°C ~ 125°C (TA),,Asynchronous,74HCT,,Negative Edge,4.5 V ~ 5.5 V
CD74HCT4060M96,Texas Instruments,IC BINARY COUNTER 14-BIT 16SOIC,pmic-gate-drivers,0,0.76,"16-SOIC (0.154"", 3.90mm Width)",Surface Mount,Active,,https://www.digikey.com/en/products/detail/texas-instruments/CD74HCT4060M96/1507912,30 MHz,Up,,Binary Counter,14,1,-55°C ~ 125°C (TA),,Asynchronous,74HCT,,Negative Edge,4.5 V ~ 5.5 V
CD74HCT4060M96G4,Texas Instruments,IC BINARY COUNTER 14-BIT 16SOIC,pmic-gate-drivers,0,0.27906,"16-SOIC (0.154"", 3.90mm Width)",Surface Mount,Discontinued at DigiKey,,https://www.digikey.com/en/products/detail/texas-instruments/CD74HCT4060M96G4/1897764,30 MHz,Up,,Binary Counter,14,1,-55°C ~ 125°C (TA),,Asynchronous,74HCT,,Negative Edge,4.5 V ~ 5.5 V
CD74HCT4060MT,Texas Instruments,IC BINARY COUNTER 14-BIT 16SOIC,pmic-gate-drivers,188,1.28,"16-SOIC (0.154"", 3.90mm Width)",Surface Mount,Obsolete,,https://www.digikey.com/en/products/detail/texas-instruments/CD74HCT4060MT/1507915,30 MHz,Up,,Binary Counter,14,1,-55°C ~ 125°C (TA),,Asynchronous,74HCT,,Negative Edge,4.5 V ~ 5.5 V
CD74HCT4520E,Texas Instruments,IC BINARY COUNTER DL 4BIT 16DIP,pmic-gate-drivers,969,1.51,"16-DIP (0.300"", 7.62mm)",Through Hole,Active,,https://www.digikey.com/en/products/detail/texas-instruments/CD74HCT4520E/386077,25 MHz,Up,,Binary Counter,4,2,-55°C ~ 125°C,,Asynchronous,74HCT,Synchronous,"Positive, Negative",4.5 V ~ 5.5 V
CD74HCT4520M,Harris Corporation,IC BINARY COUNTR DL 4BIT 16SOIC,pmic-gate-drivers,60320,1.1,"16-SOIC (0.154"", 3.90mm Width)",Surface Mount,Obsolete,https://rocelec.widen.net/view/pdf/p7kb8vachw/HRISSD02-1.pdf?t.download=true&u=5oefqw,https://www.digikey.com/en/products/detail/rochester-electronics-llc/CD74HCT4520M/11526340,25 MHz,Up,,Binary Counter,4,2,-55°C ~ 125°C,,Asynchronous,74HCT,Synchronous,"Positive, Negative",4.5 V ~ 5.5 V
CD74HCT4520M96,Harris Corporation,IC BINARY COUNTR DL 4BIT 16SOIC,pmic-gate-drivers,2500,0.34,"16-SOIC (0.154"", 3.90mm Width)",Surface Mount,Obsolete,https://rocelec.widen.net/view/pdf/p7kb8vachw/HRISSD02-1.pdf?t.download=true&u=5oefqw,https://www.digikey.com/en/products/detail/rochester-electronics-llc/CD74HCT4520M96/11535373,25 MHz,Up,,Binary Counter,4,2,-55°C ~ 125°C,,Asynchronous,74HCT,Synchronous,"Positive, Negative",4.5 V ~ 5.5 V
CD74HCT4520MT,Texas Instruments,IC BINARY COUNTR DL 4BIT 16SOIC,pmic-gate-drivers,0,0.47216,"16-SOIC (0.154"", 3.90mm Width)",Surface Mount,Discontinued at DigiKey,,https://www.digikey.com/en/products/detail/texas-instruments/CD74HCT4520MT/1507960,25 MHz,Up,,Binary Counter,4,2,-55°C ~ 125°C,,Asynchronous,74HCT,Synchronous,"Positive, Negative",4.5 V ~ 5.5 V
CD74HCT93E,Texas Instruments,IC BINARY COUNTER 4-BIT 14DIP,pmic-gate-drivers,624,1.98,"14-DIP (0.300"", 7.62mm)",Through Hole,Active,,https://www.digikey.com/en/products/detail/texas-instruments/CD74HCT93E/38778,30 MHz,Up,,Binary Counter,4,1,-55°C ~ 125°C,,Asynchronous,74HCT,,Negative Edge,4.5 V ~ 5.5 V
CD74HCT93EG4,Texas Instruments,IC BINARY COUNTER 4-BIT 14DIP,pmic-gate-drivers,0,0.60816,"14-DIP (0.300"", 7.62mm)",Through Hole,Discontinued at DigiKey,,https://www.digikey.com/en/products/detail/texas-instruments/CD74HCT93EG4/1508045,30 MHz,Up,,Binary Counter,4,1,-55°C ~ 125°C,,Asynchronous,74HCT,,Negative Edge,4.5 V ~ 5.5 V
CY74FCT163CTQC,Texas Instruments,"BINARY COUNTER, FCT SERIES",pmic-gate-drivers,1390,1.93,-,-,Active,https://rocelec.widen.net/view/pdf/qmrzjkzlyp/CYPRS247-1.pdf?t.download=true&u=5oefqw,https://www.digikey.com/en/products/detail/rochester-electronics-llc/CY74FCT163CTQC/12104170,,,,,,,,,,*,,,
CY74FCT163CTQCT,Texas Instruments,IC BINARY COUNTER 4-BIT 16SSOP,pmic-gate-drivers,0,1.3552,"16-SSOP (0.154"", 3.90mm Width)",Surface Mount,Active,,https://www.digikey.com/en/products/detail/texas-instruments/CY74FCT163CTQCT/555778,,Up,,Binary Counter,4,1,-40°C ~ 85°C,,Synchronous,74FCT,,Positive Edge,4.75 V ~ 5.25 V
CY74FCT163CTSOC,Texas Instruments,IC BINARY COUNTER 4-BIT 16SOIC,pmic-gate-drivers,67,1.61,"16-SOIC (0.295"", 7.50mm Width)",Surface Mount,Active,,https://www.digikey.com/en/products/detail/texas-instruments/CY74FCT163CTSOC/1508417,,Up,,Binary Counter,4,1,-40°C ~ 85°C,,Synchronous,74FCT,,Positive Edge,4.75 V ~ 5.25 V
CY74FCT163CTSOCT,Texas Instruments,IC BINARY COUNTER 4-BIT 16SOIC,pmic-gate-drivers,0,0.91146,"16-SOIC (0.295"", 7.50mm Width)",Surface Mount,Obsolete,,https://www.digikey.com/en/products/detail/texas-instruments/CY74FCT163CTSOCT/1508419,,Up,,Binary Counter,4,1,-40°C ~ 85°C,,Synchronous,74FCT,,Positive Edge,4.75 V ~ 5.25 V
CY74FCT191ATSOC,Texas Instruments,IC BINARY COUNTER 4-BIT 16SOIC,pmic-gate-drivers,367,1.52,"16-SOIC (0.295"", 7.50mm Width)",Surface Mount,Active,https://rocelec.widen.net/view/pdf/pto3a8gssp/sccs016a.pdf?t.download=true&u=5oefqw,https://www.digikey.com/en/products/detail/texas-instruments/CY74FCT191ATSOC/1508456,,"Up, Down",,Binary Counter,4,1,-40°C ~ 85°C,,,74FCT,Synchronous,Positive Edge,4.75 V ~ 5.25 V
CY74FCT191ATSOCT,Texas Instruments,IC BINARY COUNTER 4-BIT 16SOIC,pmic-gate-drivers,0,0.51312,"16-SOIC (0.295"", 7.50mm Width)",Surface Mount,Obsolete,https://rocelec.widen.net/view/pdf/pto3a8gssp/sccs016a.pdf?t.download=true&u=5oefqw,https://www.digikey.com/en/products/detail/texas-instruments/CY74FCT191ATSOCT/1508458,,"Up, Down",,Binary Counter,4,1,-40°C ~ 85°C,,,74FCT,Synchronous,Positive Edge,4.75 V ~ 5.25 V
CY74FCT191CTQCT,Texas Instruments,IC BINARY COUNTER 4-BIT 16SSOP,pmic-gate-drivers,0,1.07954,"16-SSOP (0.154"", 3.90mm Width)",Surface Mount,Active,https://rocelec.widen.net/view/pdf/pto3a8gssp/sccs016a.pdf?t.download=true&u=5oefqw,https://www.digikey.com/en/products/detail/texas-instruments/CY74FCT191CTQCT/1508460,,"Up, Down",,Binary Counter,4,1,-40°C ~ 85°C,,,74FCT,Synchronous,Positive Edge,4.75 V ~ 5.25 V
CY74FCT191CTSOC,Texas Instruments,IC BINARY COUNTER 4-BIT 16SOIC,pmic-gate-drivers,15,1.52,"16-SOIC (0.295"", 7.50mm Width)",Surface Mount,Active,https://rocelec.widen.net/view/pdf/pto3a8gssp/sccs016a.pdf?t.download=true&u=5oefqw,https://www.digikey.com/en/products/detail/texas-instruments/CY74FCT191CTSOC/1508463,,"Up, Down",,Binary Counter,4,1,-40°C ~ 85°C,,,74FCT,Synchronous,Positive Edge,4.75 V ~ 5.25 V
CY74FCT191CTSOCT,Cypress Semiconductor Corp,IC BINARY COUNTER 4-BIT 16SOIC,pmic-gate-drivers,25000,0.84,"16-SOIC (0.295"", 7.50mm Width)",Surface Mount,Active,https://rocelec.widen.net/view/pdf/b57pfppr9d/CYPRS11428-1.pdf?t.download=true&u=5oefqw,https://www.digikey.com/en/products/detail/rochester-electronics-llc/CY74FCT191CTSOCT/12592471,,"Up, Down",,Binary Counter,4,1,-40°C ~ 85°C,,,74FCT,Synchronous,Positive Edge,4.75 V ~ 5.25 V
DM5493AW/883C,National Semiconductor,BINARY COUNTER,pmic-gate-drivers,147,2.41,-,-,Active,https://rocelec.widen.net/view/pdf/omqaj6ncym/TXIIS168578-1.pdf?t.download=true&u=5oefqw,https://www.digikey.com/en/products/detail/rochester-electronics-llc/DM5493AW-883C/12116849,,,,,,,,,,,,,
DM5497J/883,National Semiconductor,IC BINARY COUNTER 6-BIT 16CDIP,pmic-gate-drivers,164,8.96,"16-CDIP (0.300"", 7.62mm)",Through Hole,Active,https://rocelec.widen.net/view/pdf/sjosoh2xih/NATLS08558-1.pdf?t.download=true&u=5oefqw,https://www.digikey.com/en/products/detail/rochester-electronics-llc/DM5497J-883/12117041,25 MHz,,,Binary Counter,6,1,-55°C ~ 125°C (TA),,Asynchronous,,Synchronous,Positive Edge,4.5 V ~ 5.5 V
DM54L93J/883,National Semiconductor,IC DIVIDER BY 12 4-BIT 14CDIP,pmic-gate-drivers,51,13.21,"14-CDIP (0.300"", 7.62mm)",Through Hole,Active,https://rocelec.widen.net/view/pdf/0s82kejw0t/NATLS13273-1.pdf?t.download=true&u=5oefqw,https://www.digikey.com/en/products/detail/rochester-electronics-llc/DM54L93J-883/12118467,6 MHz,Up,,Divide-by-12,4,1,-55°C ~ 125°C (TA),,,,,Positive Edge,4.5 V ~ 5.5 V
DM54LS163J/883,National Semiconductor,BINARY COUNTER,pmic-gate-drivers,204,1.53,-,-,Active,https://rocelec.widen.net/view/pdf/wqltobeost/TXIIS168646-1.pdf?t.download=true&u=5oefqw,https://www.digikey.com/en/products/detail/rochester-electronics-llc/DM54LS163J-883/12125118,,,,,,,,,,,,,
DM54LS169J/883,National Semiconductor,IC BINARY COUNTER 4-BIT 16CDIP,pmic-gate-drivers,31,9.68,"16-CDIP (0.300"", 7.62mm)",Through Hole,Active,https://rocelec.widen.net/view/pdf/cjfeblsf8o/NATLS13193-1.pdf?t.download=true&u=5oefqw,https://www.digikey.com/en/products/detail/rochester-electronics-llc/DM54LS169J-883/12120511,20 MHz,"Up, Down",,Binary Counter,4,1,-55°C ~ 125°C (TA),,Synchronous,54LS,Synchronous,Positive Edge,4.5 V ~ 5.5 V
DM74161AN,National Semiconductor,IC BINARY COUNTER 4-BIT 16DIP,pmic-gate-drivers,60,5.0,"16-DIP (0.300"", 7.62mm)",Through Hole,Active,https://rocelec.widen.net/view/pdf/dbvrzvfxsv/NATLS15547-1.pdf?t.download=true&u=5oefqw,https://www.digikey.com/en/products/detail/rochester-electronics-llc/DM74161AN/12096073,25 MHz,Up,,Binary Counter,4,1,0°C ~ 70°C (TA),,Asynchronous,,Synchronous,Positive Edge,4.75 V ~ 5.25 V
DM74161J,"Rochester Electronics, LLC","BINARY COUNTER, SYNCHRONOUS",pmic-gate-drivers,463,43.99,-,-,Active,https://rocelec.widen.net/view/pdf/rdnpfpygrh/RE_DSHEET_DM74161J-ROCV.pdf?t.download=true&u=h6ohhb,https://www.digikey.com/en/products/detail/rochester-electronics-llc/DM74161J/12611537,,,,,,,,,,*,,,
DM74163AN,National Semiconductor,IC BINARY COUNTER 4-BIT 16DIP,pmic-gate-drivers,571,0.63,"16-DIP (0.300"", 7.62mm)",Through Hole,Active,https://rocelec.widen.net/view/pdf/dbvrzvfxsv/NATLS15547-1.pdf?t.download=true&u=5oefqw,https://www.digikey.com/en/products/detail/rochester-electronics-llc/DM74163AN/12096209,25 MHz,Up,,Binary Counter,4,1,0°C ~ 70°C (TA),,Synchronous,,Synchronous,Positive Edge,4.75 V ~ 5.25 V
DM74ALS161BM,Fairchild Semiconductor,IC BINARY COUNTER 4-BIT 16SOIC,pmic-gate-drivers,5643,0.35,"16-SOIC (0.154"", 3.90mm Width)",Surface Mount,Obsolete,https://rocelec.widen.net/view/pdf/fncacwojhk/FAIRS24789-1.pdf?t.download=true&u=5oefqw,https://www.digikey.com/en/products/detail/rochester-electronics-llc/DM74ALS161BM/11541951,40 MHz,Up,,Binary Counter,4,1,0°C ~ 70°C,,Asynchronous,74ALS,Synchronous,Positive Edge,4.5 V ~ 5.5 V
DM74ALS161BMX,Fairchild Semiconductor,IC BINARY COUNTER 4-BIT 16SOIC,pmic-gate-drivers,26875,31.44,"16-SOIC (0.154"", 3.90mm Width)",Surface Mount,Obsolete,https://rocelec.widen.net/view/pdf/fncacwojhk/FAIRS24789-1.pdf?t.download=true&u=5oefqw,https://www.digikey.com/en/products/detail/rochester-electronics-llc/DM74ALS161BMX/11515171,40 MHz,Up,,Binary Counter,4,1,0°C ~ 70°C,,Asynchronous,74ALS,Synchronous,Positive Edge,4.5 V ~ 5.5 V
DM74ALS161BN,Fairchild Semiconductor,IC BINARY COUNTER 4-BIT 16DIP,pmic-gate-drivers,1782,0.35,"16-DIP (0.300"", 7.62mm)",Through Hole,Obsolete,https://rocelec.widen.net/view/pdf/nlnlkbfxyq/FAIRS01655-1.pdf?t.download=true&u=5oefqw,https://www.digikey.com/en/products/detail/rochester-electronics-llc/DM74ALS161BN/11523327,40 MHz,Up,,Binary Counter,4,1,0°C ~ 70°C,,Asynchronous,74ALS,Synchronous,Positive Edge,4.5 V ~ 5.5 V
DM74ALS162BM,onsemi,IC DECADE COUNTER 4-BIT 16SOIC,pmic-gate-drivers,0,0.56544,"16-SOIC (0.154"", 3.90mm Width)",Surface Mount,Obsolete,https://www.digikey.com//mm.digikey.com/Volume0/opasdata/d220001/medias/docus/1176/DM74ALS161B_2B_3B.pdf,https://www.digikey.com/en/products/detail/onsemi/DM74ALS162BM/975120,40 MHz,Up,,"Counter, Decade",4,1,0°C ~ 70°C,,Synchronous,74ALS,Synchronous,Positive Edge,4.5 V ~ 5.5 V
DM74ALS162BMX,Fairchild Semiconductor,IC DECADE COUNTER 4-BIT 16SOIC,pmic-gate-drivers,11918,0.4,"16-SOIC (0.154"", 3.90mm Width)",Surface Mount,Obsolete,https://rocelec.widen.net/view/pdf/fncacwojhk/FAIRS24789-1.pdf?t.download=true&u=5oefqw,https://www.digikey.com/en/products/detail/rochester-electronics-llc/DM74ALS162BMX/11541134,40 MHz,Up,,"Counter, Decade",4,1,0°C ~ 70°C,,Synchronous,74ALS,Synchronous,Positive Edge,4.5 V ~ 5.5 V
DM74ALS162BN,Fairchild Semiconductor,IC DECADE COUNTER 4-BIT 16DIP,pmic-gate-drivers,15998,0.4,"16-DIP (0.300"", 7.62mm)",Through Hole,Obsolete,https://rocelec.widen.net/view/pdf/fncacwojhk/FAIRS24789-1.pdf?t.download=true&u=5oefqw,https://www.digikey.com/en/products/detail/rochester-electronics-llc/DM74ALS162BN/11537460,40 MHz,Up,,"Counter, Decade",4,1,0°C ~ 70°C,,Synchronous,74ALS,Synchronous,Positive Edge,4.5 V ~ 5.5 V
DM74ALS163BM,Fairchild Semiconductor,IC BINARY COUNTER 4-BIT 16SOIC,pmic-gate-drivers,1994,0.35,"16-SOIC (0.154"", 3.90mm Width)",Surface Mount,Obsolete,https://rocelec.widen.net/view/pdf/fncacwojhk/FAIRS24789-1.pdf?t.download=true&u=5oefqw,https://www.digikey.com/en/products/detail/rochester-electronics-llc/DM74ALS163BM/11515940,40 MHz,Up,,Binary Counter,4,1,0°C ~ 70°C,,Synchronous,74ALS,Synchronous,Positive Edge,4.5 V ~ 5.5 V
DM74ALS163BMX,Fairchild Semiconductor,IC BINARY COUNTER 4-BIT 16SOIC,pmic-gate-drivers,30000,31.44,"16-SOIC (0.154"", 3.90mm Width)",Surface Mount,Obsolete,https://rocelec.widen.net/view/pdf/fncacwojhk/FAIRS24789-1.pdf?t.download=true&u=5oefqw,https://www.digikey.com/en/products/detail/rochester-electronics-llc/DM74ALS163BMX/11548227,40 MHz,Up,,Binary Counter,4,1,0°C ~ 70°C,,Synchronous,74ALS,Synchronous,Positive Edge,4.5 V ~ 5.5 V
DM74ALS169BM,Fairchild Semiconductor,IC BINARY COUNTER 4-BIT 16SOIC,pmic-gate-drivers,3840,0.66,"16-SOIC (0.154"", 3.90mm Width)",Surface Mount,Obsolete,https://rocelec.widen.net/view/pdf/mettx1rhxs/FAIRS24798-1.pdf?t.download=true&u=5oefqw,https://www.digikey.com/en/products/detail/rochester-electronics-llc/DM74ALS169BM/11556890,40 MHz,"Up, Down",,Binary Counter,4,1,0°C ~ 70°C,,,74ALS,Synchronous,Positive Edge,4.5 V ~ 5.5 V
DM74ALS169BMX,Fairchild Semiconductor,IC BINARY COUNTER 4-BIT 16SOIC,pmic-gate-drivers,7500,37.69,"16-SOIC (0.154"", 3.90mm Width)",Surface Mount,Obsolete,https://rocelec.widen.net/view/pdf/mettx1rhxs/FAIRS24798-1.pdf?t.download=true&u=5oefqw,https://www.digikey.com/en/products/detail/rochester-electronics-llc/DM74ALS169BMX/11538528,40 MHz,"Up, Down",,Binary Counter,4,1,0°C ~ 70°C,,,74ALS,Synchronous,Positive Edge,4.5 V ~ 5.5 V
DM74ALS169BN,Fairchild Semiconductor,IC BINARY COUNTER 4-BIT 16DIP,pmic-gate-drivers,18815,0.35,"16-DIP (0.300"", 7.62mm)",Through Hole,Obsolete,https://rocelec.widen.net/view/pdf/rrpliv8exq/FAIRS01657-1.pdf?t.download=true&u=5oefqw,https://www.digikey.com/en/products/detail/rochester-electronics-llc/DM74ALS169BN/11555510,40 MHz,"Up, Down",,Binary Counter,4,1,0°C ~ 70°C,,,74ALS,Synchronous,Positive Edge,4.5 V ~ 5.5 V
DM74AS161M,Fairchild Semiconductor,IC BINARY COUNTER 4-BIT 16SOIC,pmic-gate-drivers,2880,1.34,"16-SOIC (0.154"", 3.90mm Width)",Surface Mount,Obsolete,https://rocelec.widen.net/view/pdf/bnjgmmly7f/FAIRS24782-1.pdf?t.download=true&u=5oefqw,https://www.digikey.com/en/products/detail/rochester-electronics-llc/DM74AS161M/11548125,75 MHz,Up,,Binary Counter,4,1,0°C ~ 70°C,,Asynchronous,74AS,Synchronous,Positive Edge,4.5 V ~ 5.5 V
DM74AS163M,Fairchild Semiconductor,IC BINARY COUNTER 4-BIT 16SOIC,pmic-gate-drivers,3837,1.34,"16-SOIC (0.154"", 3.90mm Width)",Surface Mount,Obsolete,https://rocelec.widen.net/view/pdf/bnjgmmly7f/FAIRS24782-1.pdf?t.download=true&u=5oefqw,https://www.digikey.com/en/products/detail/rochester-electronics-llc/DM74AS163M/11557293,75 MHz,Up,,Binary Counter,4,1,0°C ~ 70°C,,Synchronous,74AS,Synchronous,Positive Edge,4.5 V ~ 5.5 V
DM74AS163MX,onsemi,IC BINARY COUNTER 4-BIT 16SOIC,pmic-gate-drivers,0,0.59437,"16-SOIC (0.154"", 3.90mm Width)",Surface Mount,Obsolete,https://www.digikey.com//mm.digikey.com/Volume0/opasdata/d220001/medias/docus/1006/DM74AS161%2C163.pdf,https://www.digikey.com/en/products/detail/onsemi/DM74AS163MX/975179,75 MHz,Up,,Binary Counter,4,1,0°C ~ 70°C,,Synchronous,74AS,Synchronous,Positive Edge,4.5 V ~ 5.5 V
DM74AS163N,Fairchild Semiconductor,IC BINARY COUNTER 4-BIT 16DIP,pmic-gate-drivers,4000,1.8,"16-DIP (0.300"", 7.62mm)",Through Hole,Obsolete,https://rocelec.widen.net/view/pdf/fq421p0ifu/FAIRS04836-1.pdf?t.download=true&u=5oefqw,https://www.digikey.com/en/products/detail/rochester-electronics-llc/DM74AS163N/11509655,75 MHz,Up,,Binary Counter,4,1,0°C ~ 70°C,,Synchronous,74AS,Synchronous,Positive Edge,4.5 V ~ 5.5 V
DM74AS169AN,Fairchild Semiconductor,IC BINARY COUNTER 4-BIT 16DIP,pmic-gate-drivers,6775,2.3,"16-DIP (0.300"", 7.62mm)",Through Hole,Obsolete,https://rocelec.widen.net/view/pdf/ldtuwnlgp4/FAIRS04837-1.pdf?t.download=true&u=5oefqw,https://www.digikey.com/en/products/detail/rochester-electronics-llc/DM74AS169AN/11534879,75 MHz,"Up, Down",,Binary Counter,4,1,0°C ~ 70°C,,,74AS,Synchronous,Positive Edge,4.5 V ~ 5.5 V
DM74LS161AM,onsemi,IC BINARY COUNTER 4-BIT 16SOIC,pmic-gate-drivers,0,0.52125,"16-SOIC (0.154"", 3.90mm Width)",Surface Mount,Obsolete,https://www.digikey.com//mm.digikey.com/Volume0/opasdata/d220001/medias/docus/974/DM74LS161A%2C163A.pdf,https://www.digikey.com/en/products/detail/onsemi/DM74LS161AM/212034,,Up,,Binary Counter,4,1,0°C ~ 70°C,,Asynchronous,74LS,Synchronous,Positive Edge,4.75 V ~ 5.25 V
DM74LS161AN,onsemi,IC BINARY COUNTER 4-BIT 16DIP,pmic-gate-drivers,0,0.5908,"16-DIP (0.300"", 7.62mm)",Through Hole,Obsolete,https://www.digikey.com//mm.digikey.com/Volume0/opasdata/d220001/medias/docus/974/DM74LS161A%2C163A.pdf,https://www.digikey.com/en/products/detail/onsemi/DM74LS161AN/3324,,Up,,Binary Counter,4,1,0°C ~ 70°C,,Asynchronous,74LS,Synchronous,Positive Edge,4.75 V ~ 5.25 V
DM74LS163AN,onsemi,IC BINARY COUNTER 4-BIT 16DIP,pmic-gate-drivers,0,0.5908,"16-DIP (0.300"", 7.62mm)",Through Hole,Obsolete,https://www.digikey.com//mm.digikey.com/Volume0/opasdata/d220001/medias/docus/974/DM74LS161A%2C163A.pdf,https://www.digikey.com/en/products/detail/onsemi/DM74LS163AN/3328,,Up,,Binary Counter,4,1,0°C ~ 70°C,,Synchronous,74LS,Synchronous,Positive Edge,4.75 V ~ 5.25 V
DM74LS169AM,Fairchild Semiconductor,IC BINARY COUNTER 4-BIT 16SOIC,pmic-gate-drivers,2000,1.11,"16-SOIC (0.154"", 3.90mm Width)",Surface Mount,Obsolete,https://rocelec.widen.net/view/pdf/7w77foyqir/FAIRS32113-1.pdf?t.download=true&u=5oefqw,https://www.digikey.com/en/products/detail/rochester-electronics-llc/DM74LS169AM/11555657,25 MHz,"Up, Down",,Binary Counter,4,1,0°C ~ 70°C,,,74LS,Synchronous,Positive Edge,4.75 V ~ 5.25 V
DM74LS169AN,Fairchild Semiconductor,IC BINARY COUNTER 4-BIT 16DIP,pmic-gate-drivers,8205,0.28,"16-DIP (0.300"", 7.62mm)",Through Hole,Obsolete,https://rocelec.widen.net/view/pdf/7w77foyqir/FAIRS32113-1.pdf?t.download=true&u=5oefqw,https://www.digikey.com/en/products/detail/rochester-electronics-llc/DM74LS169AN/11513784,25 MHz,"Up, Down",,Binary Counter,4,1,0°C ~ 70°C,,,74LS,Synchronous,Positive Edge,4.75 V ~ 5.25 V
DM74LS191MX,Fairchild Semiconductor,IC BINARY COUNTER 4-BIT 16SOIC,pmic-gate-drivers,6428,0.43,"16-SOIC (0.154"", 3.90mm Width)",Surface Mount,Active,https://rocelec.widen.net/view/pdf/asnpycudqr/FAIRS32040-1.pdf?t.download=true&u=5oefqw,https://www.digikey.com/en/products/detail/rochester-electronics-llc/DM74LS191MX/12100403,20 MHz,"Up, Down",,Binary Counter,4,1,0°C ~ 70°C (TA),,Asynchronous,74LS,Synchronous,Positive Edge,4.75 V ~ 5.25 V
DM74LS191N,onsemi,IC BINARY COUNTER 4-BIT 16DIP,pmic-gate-drivers,0,0.7336,"16-DIP (0.300"", 7.62mm)",Through Hole,Obsolete,https://www.digikey.com//mm.digikey.com/Volume0/opasdata/d220001/medias/docus/835/DM74LS191.pdf,https://www.digikey.com/en/products/detail/onsemi/DM74LS191N/3346,20 MHz,"Up, Down",,Binary Counter,4,1,0°C ~ 70°C,,,74LS,Synchronous,Positive Edge,4.75 V ~ 5.25 V
DM74LS393M,onsemi,IC BINARY COUNTR DL 4BIT 14SOIC,pmic-gate-drivers,0,0.62927,"14-SOIC (0.154"", 3.90mm Width)",Surface Mount,Obsolete,https://www.digikey.com//mm.digikey.com/Volume0/opasdata/d220001/medias/docus/928/DM74LS393.pdf,https://www.digikey.com/en/products/detail/onsemi/DM74LS393M/212039,25 MHz,Up,,Binary Counter,4,2,0°C ~ 70°C,,Asynchronous,74LS,,Negative Edge,4.75 V ~ 5.25 V
DM74LS393N,onsemi,IC BINARY COUNTR DL 4BIT 14MDIP,pmic-gate-drivers,0,0.7292,"14-DIP (0.300"", 7.62mm)",Through Hole,Obsolete,https://www.digikey.com//mm.digikey.com/Volume0/opasdata/d220001/medias/docus/928/DM74LS393.pdf,https://www.digikey.com/en/products/detail/onsemi/DM74LS393N/147985,25 MHz,Up,,Binary Counter,4,2,0°C ~ 70°C,,Asynchronous,74LS,,Negative Edge,4.75 V ~ 5.25 V
DM74LS90N,onsemi,IC DECADE COUNTER 4-BIT 14MDIP,pmic-gate-drivers,0,0.6192,"14-DIP (0.300"", 7.62mm)",Through Hole,Obsolete,https://www.digikey.com//mm.digikey.com/Volume0/opasdata/d220001/medias/docus/1034/DM74LS90.pdf,https://www.digikey.com/en/products/detail/onsemi/DM74LS90N/3450,32 MHz,Up,,"Counter, Decade",4,1,0°C ~ 70°C,,Asynchronous,74LS,,Negative Edge,4.75 V ~ 5.25 V
DM74S161N,Fairchild Semiconductor,IC BINARY COUNTER 4-BIT 16DIP,pmic-gate-drivers,3312,0.58,"16-DIP (0.300"", 7.62mm)",Through Hole,Obsolete,https://rocelec.widen.net/view/pdf/4iztpmdxbc/FAIRS01728-1.pdf?t.download=true&u=5oefqw,https://www.digikey.com/en/products/detail/rochester-electronics-llc/DM74S161N/11527096,40 MHz,Up,,Binary Counter,4,1,0°C ~ 70°C,,,74S,Synchronous,Positive Edge,4.75 V ~ 5.25 V
DM74S163N,Fairchild Semiconductor,IC BINARY COUNTER 4-BIT 16DIP,pmic-gate-drivers,2950,0.64,"16-DIP (0.300"", 7.62mm)",Through Hole,Obsolete,https://rocelec.widen.net/view/pdf/4iztpmdxbc/FAIRS01728-1.pdf?t.download=true&u=5oefqw,https://www.digikey.com/en/products/detail/rochester-electronics-llc/DM74S163N/11555693,40 MHz,Up,,Binary Counter,4,1,0°C ~ 70°C,,,74S,Synchronous,Positive Edge,4.75 V ~ 5.25 V
DM8556N,National Semiconductor,IC BINARY COUNTER 4-BIT 16DIP,pmic-gate-drivers,124,46.56,"16-DIP (0.300"", 7.62mm)",Through Hole,Active,https://rocelec.widen.net/view/pdf/l4m4vjmk59/RSELS23171-1.pdf?t.download=true&u=5oefqw,https://www.digikey.com/en/products/detail/rochester-electronics-llc/DM8556N/12103831,25 MHz,,,Binary Counter,4,1,0°C ~ 70°C (TA),,Asynchronous,,Synchronous,Positive Edge,4.75 V ~ 5.25 V
DM9316J/883,National Semiconductor,IC BINARY COUNTER 4-BIT 16CDIP,pmic-gate-drivers,63,9.49,"16-CDIP (0.300"", 7.62mm)",Through Hole,Active,https://rocelec.widen.net/view/pdf/69wmtmpocw/NATLS13693-1.pdf?t.download=true&u=5oefqw,https://www.digikey.com/en/products/detail/rochester-electronics-llc/DM9316J-883/12104853,25 MHz,Up,,Binary Counter,4,1,-55°C ~ 125°C (TA),,Asynchronous,,Synchronous,Positive Edge,4.5 V ~ 5.5 V
HC40103QM96G4Q1,Texas Instruments,IC BINARY COUNTER 8-BIT 16SOIC,pmic-gate-drivers,0,0.488,"16-SOIC (0.154"", 3.90mm Width)",Surface Mount,Discontinued at DigiKey,https://www.digikey.com//mm.digikey.com/Volume0/opasdata/d220001/medias/docus/827/CD74HC40103-Q1.pdf,https://www.digikey.com/en/products/detail/texas-instruments/HC40103QM96G4Q1/1898453,18 MHz,Down,Automotive,Binary Counter,8,1,-40°C ~ 125°C,AEC-Q100,Asynchronous,74HC,Synchronous,Positive Edge,2 V ~ 6 V
HCF40161BEY,STMicroelectronics,IC BINARY COUNTER 4-BIT 16DIP,pmic-gate-drivers,0,0.52696,"16-DIP (0.300"", 7.62mm)",Through Hole,Obsolete,,https://www.digikey.com/en/products/detail/stmicroelectronics/HCF40161BEY/1038037,12 MHz,Up,,Binary Counter,4,1,-50°C ~ 125°C,,Asynchronous,4000B,Synchronous,Positive Edge,3 V ~ 20 V
HCF40161M013TR,STMicroelectronics,IC BINARY COUNTER 4-BIT 16SO,pmic-gate-drivers,0,0.52236,"16-SOIC (0.154"", 3.90mm Width)",Surface Mount,Obsolete,,https://www.digikey.com/en/products/detail/stmicroelectronics/HCF40161M013TR/1038038,12 MHz,Up,,Binary Counter,4,1,-50°C ~ 125°C,,Asynchronous,4000,Synchronous,Positive Edge,3 V ~ 20 V
HCF4017BEY,STMicroelectronics,IC DECADE COUNTER 10BIT 16DIP,pmic-gate-drivers,0,0.21325,"16-DIP (0.300"", 7.62mm)",Through Hole,Obsolete,https://www.st.com/content/ccc/resource/technical/document/datasheet/6b/bc/26/e0/a8/2e/49/36/CD00000366.pdf/files/CD00000366.pdf/jcr:content/translations/en.CD00000366.pdf,https://www.digikey.com/en/products/detail/stmicroelectronics/HCF4017BEY/585874,11 MHz,Up,,"Counter, Decade",10,1,-55°C ~ 125°C (TA),,Asynchronous,4000B,Synchronous,"Positive, Negative",3 V ~ 20 V
HCF4017M013TR,STMicroelectronics,IC DECADE COUNTER 10BIT 16SO,pmic-gate-drivers,0,0.12392,"16-SOIC (0.154"", 3.90mm Width)",Surface Mount,Obsolete,https://www.st.com/content/ccc/resource/technical/document/datasheet/6b/bc/26/e0/a8/2e/49/36/CD00000366.pdf/files/CD00000366.pdf/jcr:content/translations/en.CD00000366.pdf,https://www.digikey.com/en/products/detail/stmicroelectronics/HCF4017M013TR/585643,11 MHz,Up,,"Counter, Decade",10,1,-55°C ~ 125°C (TA),,Asynchronous,4000,Synchronous,"Positive, Negative",3 V ~ 20 V
HCF4018BEY,STMicroelectronics,IC DIVIDER BY N 5-BIT 16DIP,pmic-gate-drivers,0,0.31292,"16-DIP (0.300"", 7.62mm)",Through Hole,Obsolete,https://www.digikey.com//mm.digikey.com/Volume0/opasdata/d220001/medias/docus/388/HCF4018B.pdf,https://www.digikey.com/en/products/detail/stmicroelectronics/HCF4018BEY/1663297,17 MHz,Up,,Divide-by-N,5,1,-55°C ~ 125°C,,Asynchronous,4000B,,Positive Edge,3 V ~ 20 V
HCF40193BEY,STMicroelectronics,IC BINARY COUNTER 4-BIT 16DIP,pmic-gate-drivers,0,0.37421,"16-DIP (0.300"", 7.62mm)",Through Hole,Obsolete,,https://www.digikey.com/en/products/detail/stmicroelectronics/HCF40193BEY/1663298,11 MHz,"Up, Down",,Binary Counter,4,1,-55°C ~ 125°C,,Asynchronous,4000B,Synchronous,Positive Edge,3 V ~ 20 V
HCF4020BEY,STMicroelectronics,IC BINARY COUNTER 14-BIT 16DIP,pmic-gate-drivers,0,0.21325,"16-DIP (0.300"", 7.62mm)",Through Hole,Obsolete,https://www.st.com/content/ccc/resource/technical/document/datasheet/group1/8f/10/89/59/c5/0d/46/02/CD00002639/files/CD00002639.pdf/jcr:content/translations/en.CD00002639.pdf,https://www.digikey.com/en/products/detail/stmicroelectronics/HCF4020BEY/585875,24 MHz,Up,,Binary Counter,14,1,-55°C ~ 125°C,,Asynchronous,4000B,,Negative Edge,3 V ~ 20 V
HCF4020M013TR,STMicroelectronics,IC BINARY COUNTER 14-BIT 16SO,pmic-gate-drivers,0,0.12118,"16-SOIC (0.154"", 3.90mm Width)",Surface Mount,Obsolete,https://www.st.com/content/ccc/resource/technical/document/datasheet/group1/8f/10/89/59/c5/0d/46/02/CD00002639/files/CD00002639.pdf/jcr:content/translations/en.CD00002639.pdf,https://www.digikey.com/en/products/detail/stmicroelectronics/HCF4020M013TR/1038041,24 MHz,Up,,Binary Counter,14,1,-55°C ~ 125°C,,Asynchronous,4000,,Negative Edge,3 V ~ 20 V
HCF4022BEY,STMicroelectronics,IC BINARY COUNTER 4-BIT 16DIP,pmic-gate-drivers,0,0.32673,"16-DIP (0.300"", 7.62mm)",Through Hole,Obsolete,https://www.digikey.com//mm.digikey.com/Volume0/opasdata/d220001/medias/docus/1021/HCF4022B.pdf,https://www.digikey.com/en/products/detail/stmicroelectronics/HCF4022BEY/1663300,11 MHz,Up,,Binary Counter,4,1,-55°C ~ 125°C,,Asynchronous,4000B,,Positive Edge,3 V ~ 20 V
HCF4024BEY,STMicroelectronics,IC BINARY COUNTER 7-BIT 14DIP,pmic-gate-drivers,0,0.36305,"14-DIP (0.300"", 7.62mm)",Through Hole,Obsolete,https://www.digikey.com//mm.digikey.com/Volume0/opasdata/d220001/medias/docus/1/HCF4024B.pdf,https://www.digikey.com/en/products/detail/stmicroelectronics/HCF4024BEY/585877,24 MHz,Up,,Binary Counter,7,1,-55°C ~ 125°C,,Asynchronous,4000B,,Negative Edge,3 V ~ 20 V
HCF4024M013TR,STMicroelectronics,IC BINARY COUNTER 7-BIT 14SO,pmic-gate-drivers,0,0.35966,"14-SOIC (0.154"", 3.90mm Width)",Surface Mount,Obsolete,https://www.digikey.com//mm.digikey.com/Volume0/opasdata/d220001/medias/docus/1/HCF4024B.pdf,https://www.digikey.com/en/products/detail/stmicroelectronics/HCF4024M013TR/585645,24 MHz,Up,,Binary Counter,7,1,-55°C ~ 125°C,,Asynchronous,4000,,Negative Edge,3 V ~ 20 V
HCF4029BEY,STMicroelectronics,IC BINARY COUNTER 4-BIT 16DIP,pmic-gate-drivers,0,0.31292,"16-DIP (0.300"", 7.62mm)",Through Hole,Obsolete,https://www.digikey.com//mm.digikey.com/Volume0/opasdata/d220001/medias/docus/968/HCF4029B.pdf,https://www.digikey.com/en/products/detail/stmicroelectronics/HCF4029BEY/1663303,11 MHz,"Up, Down",,"Binary Counter, Decade",4,1,-55°C ~ 125°C,,,4000B,Synchronous,Positive Edge,3 V ~ 20 V
HCF4029M013TR,STMicroelectronics,IC BINARY COUNTER 4-BIT 16SO,pmic-gate-drivers,0,0.12666,"16-SOIC (0.154"", 3.90mm Width)",Surface Mount,Obsolete,https://www.digikey.com//mm.digikey.com/Volume0/opasdata/d220001/medias/docus/968/HCF4029B.pdf,https://www.digikey.com/en/products/detail/stmicroelectronics/HCF4029M013TR/1663304,11 MHz,"Up, Down",,"Binary Counter, Decade",4,1,-55°C ~ 125°C,,,4000B,Synchronous,Positive Edge,3 V ~ 20 V
HCF4040M013TR,STMicroelectronics,IC BINARY COUNTER 12-BIT 16SO,pmic-gate-drivers,0,0.14255,"16-SOIC (0.154"", 3.90mm Width)",Surface Mount,Obsolete,https://www.st.com/content/ccc/resource/technical/document/datasheet/c4/11/59/e9/97/ef/4c/5a/CD00002645.pdf/files/CD00002645.pdf/jcr:content/translations/en.CD00002645.pdf,https://www.digikey.com/en/products/detail/stmicroelectronics/HCF4040M013TR/585648,24 MHz,Up,,Binary Counter,12,1,-55°C ~ 125°C,,Asynchronous,4000,,Negative Edge,3 V ~ 20 V
HCF4060BEY,STMicroelectronics,IC BINARY COUNTER 14-BIT 16DIP,pmic-gate-drivers,0,0.20496,"16-DIP (0.300"", 7.62mm)",Through Hole,Obsolete,https://www.st.com/content/ccc/resource/technical/document/datasheet/49/b2/d2/ca/64/39/45/4c/CD00000386.pdf/files/CD00000386.pdf/jcr:content/translations/en.CD00000386.pdf,https://www.digikey.com/en/products/detail/stmicroelectronics/HCF4060BEY/585889,24 MHz,Up,,Binary Counter,14,1,-55°C ~ 125°C,,Asynchronous,4000B,,Negative Edge,3 V ~ 20 V
HCF4060M013TR,STMicroelectronics,IC BINARY COUNTER 14-BIT 16SO,pmic-gate-drivers,0,0.12118,"16-SOIC (0.154"", 3.90mm Width)",Surface Mount,Obsolete,https://www.st.com/content/ccc/resource/technical/document/datasheet/49/b2/d2/ca/64/39/45/4c/CD00000386.pdf/files/CD00000386.pdf/jcr:content/translations/en.CD00000386.pdf,https://www.digikey.com/en/products/detail/stmicroelectronics/HCF4060M013TR/585657,24 MHz,Up,,Binary Counter,14,1,-55°C ~ 125°C,,Asynchronous,4000,,Negative Edge,3 V ~ 20 V
HCF4060YM013TR,STMicroelectronics,IC BINARY COUNTER 14-BIT 16SO,pmic-gate-drivers,5648,0.73,"16-SOIC (0.154"", 3.90mm Width)",Surface Mount,Active,https://www.st.com/content/ccc/resource/technical/document/datasheet/49/b2/d2/ca/64/39/45/4c/CD00000386.pdf/files/CD00000386.pdf/jcr:content/translations/en.CD00000386.pdf,https://www.digikey.com/en/products/detail/stmicroelectronics/HCF4060YM013TR/4725926,24 MHz,Up,Automotive,Binary Counter,14,1,-40°C ~ 125°C,AEC-Q100,Asynchronous,4000,,Negative Edge,3 V ~ 20 V
HCF4510BEY,STMicroelectronics,IC BCD COUNTER 4-BIT 16DIP,pmic-gate-drivers,0,0.34052,"16-DIP (0.300"", 7.62mm)",Through Hole,Obsolete,https://www.digikey.com//mm.digikey.com/Volume0/opasdata/d220001/medias/docus/1105/HCF4510B.pdf,https://www.digikey.com/en/products/detail/stmicroelectronics/HCF4510BEY/1663324,11 MHz,"Up, Down",,BCD Counter,4,1,-55°C ~ 125°C,,Asynchronous,4000B,Synchronous,Positive Edge,3 V ~ 20 V
HCF4518BEY,STMicroelectronics,IC BCD COUNTER DUAL 4-BIT 16DIP,pmic-gate-drivers,0,0.2714,"16-DIP (0.300"", 7.62mm)",Through Hole,Obsolete,https://www.digikey.com//mm.digikey.com/Volume0/opasdata/d220001/medias/docus/1079/hcf4518.pdf,https://www.digikey.com/en/products/detail/stmicroelectronics/HCF4518BEY/1038050,8 MHz,Up,,BCD Counter,4,2,-55°C ~ 125°C,,Asynchronous,4000B,Synchronous,"Positive, Negative",3 V ~ 20 V
HCF4518M013TR,STMicroelectronics,IC BCD COUNTER DUAL 4-BIT 16SO,pmic-gate-drivers,0,0.18394,"16-SOIC (0.154"", 3.90mm Width)",Surface Mount,Obsolete,https://www.digikey.com//mm.digikey.com/Volume0/opasdata/d220001/medias/docus/1079/hcf4518.pdf,https://www.digikey.com/en/products/detail/stmicroelectronics/HCF4518M013TR/1038051,8 MHz,Up,,BCD Counter,4,2,-55°C ~ 125°C,,Asynchronous,4000,Synchronous,"Positive, Negative",3 V ~ 20 V
HCF4520BEY,STMicroelectronics,IC BINARY COUNTER DL 4BIT 16DIP,pmic-gate-drivers,0,0.21325,"16-DIP (0.300"", 7.62mm)",Through Hole,Obsolete,,https://www.digikey.com/en/products/detail/stmicroelectronics/HCF4520BEY/585900,8 MHz,Up,,Binary Counter,4,2,-55°C ~ 125°C,,Asynchronous,4000B,,"Positive, Negative",3 V ~ 20 V
HCF4520M013TR,STMicroelectronics,IC BINARY COUNTER DL 4BIT 16SO,pmic-gate-drivers,0,0.41222,"16-SOIC (0.154"", 3.90mm Width)",Surface Mount,Obsolete,,https://www.digikey.com/en/products/detail/stmicroelectronics/HCF4520M013TR/585669,8 MHz,Up,,Binary Counter,4,2,-55°C ~ 125°C,,Asynchronous,4000,,"Positive, Negative",3 V ~ 20 V
"HEC4020BT,118",Nexperia USA Inc.,IC BINARY COUNTER 14-BIT 16SO,pmic-gate-drivers,0,0.25897,"16-SOIC (0.154"", 3.90mm Width)",Surface Mount,Obsolete,,https://www.digikey.com/en/products/detail/nexperia-usa-inc/HEC4020BT-118/2296443,35 MHz,Up,,Binary Counter,14,1,-40°C ~ 85°C,,Asynchronous,4000B,,Negative Edge,3 V ~ 15 V
"HEC4020BTT,118",NXP USA Inc.,IC BINARY COUNTER 14BIT 16TSSOP,pmic-gate-drivers,0,0.31526,"16-TSSOP (0.173"", 4.40mm Width)",Surface Mount,Obsolete,,https://www.digikey.com/en/products/detail/nxp-usa-inc/HEC4020BTT-118/2296444,35 MHz,Up,,Binary Counter,14,1,-40°C ~ 85°C,,Asynchronous,4000B,,Negative Edge,3 V ~ 15 V
"HEC4060BT,118",Nexperia USA Inc.,IC BINARY COUNTER 14-BIT 16SO,pmic-gate-drivers,2500,0.64,"16-SOIC (0.154"", 3.90mm Width)",Surface Mount,Active,https://assets.nexperia.com/documents/data-sheet/HEF4060B.pdf,https://www.digikey.com/en/products/detail/rochester-electronics-llc/HEC4060BT-118/12606761,30 MHz,Up,,Binary Counter,14,1,-40°C ~ 85°C,,Asynchronous,4000B,,Negative Edge,3 V ~ 15 V
"HEF4017BT,653",Nexperia USA Inc.,IC DECADE COUNTER 10BIT 16SO,pmic-gate-drivers,0,0.33,"16-SOIC (0.154"", 3.90mm Width)",Surface Mount,Active,https://assets.nexperia.com/documents/data-sheet/HEF4017B.pdf,https://www.digikey.com/en/products/detail/nexperia-usa-inc/HEF4017BT-653/1156379,30 MHz,Up,,"Counter, Decade",10,1,-40°C ~ 85°C (TA),,Asynchronous,4000B,Synchronous,"Positive, Negative",4.5 V ~ 15.5 V
HEF4017BT-Q100J,Nexperia USA Inc.,IC DECADE COUNTER 10BIT 16SO,pmic-gate-drivers,1959,0.4,"16-SOIC (0.154"", 3.90mm Width)",Surface Mount,Active,https://assets.nexperia.com/documents/data-sheet/HEF4017B_Q100.pdf,https://www.digikey.com/en/products/detail/nexperia-usa-inc/HEF4017BT-Q100J/5169993,30 MHz,Up,Automotive,"Counter, Decade",10,1,-40°C ~ 125°C (TA),AEC-Q100,Asynchronous,4000B,Synchronous,"Positive, Negative",3 V ~ 15 V
"HEF40193BP,652",Nexperia USA Inc.,IC BINARY COUNTER 4-BIT 16DIP,pmic-gate-drivers,1365,2.17,"16-DIP (0.300"", 7.62mm)",Through Hole,Obsolete,https://www.digikey.com//mm.digikey.com/Volume0/opasdata/d220001/medias/docus/1/HEF40193B.pdf,https://www.digikey.com/en/products/detail/rochester-electronics-llc/HEF40193BP-652/11546591,18 MHz,"Up, Down",,Binary Counter,4,1,-40°C ~ 85°C,,Asynchronous,4000B,Synchronous,Positive Edge,3 V ~ 20 V
"HEF4020BT,653",Nexperia USA Inc.,IC BINARY COUNTER 14-BIT 16SO,pmic-gate-drivers,0,0.57,"16-SOIC (0.154"", 3.90mm Width)",Surface Mount,Active,https://assets.nexperia.com/documents/data-sheet/HEF4020B.pdf,https://www.digikey.com/en/products/detail/nexperia-usa-inc/HEF4020BT-653/1156383,35 MHz,Up,,Binary Counter,14,1,-40°C ~ 85°C,,Asynchronous,4000B,,Negative Edge,3 V ~ 15 V
HEF4020BT-Q100J,Nexperia USA Inc.,IC BINARY COUNTER 14-BIT 16SO,pmic-gate-drivers,0,0.35066,"16-SOIC (0.154"", 3.90mm Width)",Surface Mount,Active,https://assets.nexperia.com/documents/data-sheet/HEF4020B_Q100.pdf,https://www.digikey.com/en/products/detail/nexperia-usa-inc/HEF4020BT-Q100J/5169994,35 MHz,Up,Automotive,Binary Counter,14,1,-40°C ~ 85°C,AEC-Q100,Asynchronous,4000B,,Negative Edge,3 V ~ 15 V
"HEF4024BP,652",Nexperia USA Inc.,IC BINARY COUNTER 7-BIT 14DIP,pmic-gate-drivers,11320,1.43,"14-DIP (0.300"", 7.62mm)",Through Hole,Obsolete,https://www.digikey.com//mm.digikey.com/Volume0/opasdata/d220001/medias/docus/1086/HEF4024B.pdf,https://www.digikey.com/en/products/detail/rochester-electronics-llc/HEF4024BP-652/11516051,35 MHz,Up,,Binary Counter,7,1,-40°C ~ 85°C,,Asynchronous,4000B,,Negative Edge,4.5 V ~ 15.5 V
"HEF4024BT,652",NXP USA Inc.,IC BINARY COUNTER 7-BIT 14SO,pmic-gate-drivers,0,0.16048,"14-SOIC (0.154"", 3.90mm Width)",Surface Mount,Obsolete,https://www.digikey.com//mm.digikey.com/Volume0/opasdata/d220001/medias/docus/1086/HEF4024B.pdf,https://www.digikey.com/en/products/detail/nxp-usa-inc/HEF4024BT-652/1156390,35 MHz,Up,,Binary Counter,7,1,-40°C ~ 85°C,,Asynchronous,4000B,,Negative Edge,4.5 V ~ 15.5 V
"HEF4024BT,653",NXP USA Inc.,IC BINARY COUNTER 7-BIT 14SO,pmic-gate-drivers,0,0.16115,"14-SOIC (0.154"", 3.90mm Width)",Surface Mount,Obsolete,https://www.digikey.com//mm.digikey.com/Volume0/opasdata/d220001/medias/docus/1086/HEF4024B.pdf,https://www.digikey.com/en/products/detail/nxp-usa-inc/HEF4024BT-653/1156391,35 MHz,Up,,Binary Counter,7,1,-40°C ~ 85°C,,Asynchronous,4000B,,Negative Edge,4.5 V ~ 15.5 V
"HEF4040BT,652",Nexperia USA Inc.,NEXPERIA HEF4040BT - BINARY COUN,pmic-gate-drivers,11713,0.76,"16-SOIC (0.154"", 3.90mm Width)",Surface Mount,Active,https://assets.nexperia.com/documents/data-sheet/HEF4040B.pdf,https://www.digikey.com/en/products/detail/rochester-electronics-llc/HEF4040BT-652/15637004,50 MHz,Up,,Binary Counter,12,1,-40°C ~ 85°C (TA),,Asynchronous,4000B,,Negative Edge,3 V ~ 15 V
"HEF4040BT,653",Nexperia USA Inc.,IC BINARY COUNTER 12-BIT 16SO,pmic-gate-drivers,2500,0.36,"16-SOIC (0.154"", 3.90mm Width)",Surface Mount,Active,https://assets.nexperia.com/documents/data-sheet/HEF4040B.pdf,https://www.digikey.com/en/products/detail/nexperia-usa-inc/HEF4040BT-653/1156400,50 MHz,Up,,Binary Counter,12,1,-40°C ~ 85°C,,Asynchronous,4000B,,Negative Edge,4.5 V ~ 15.5 V
HEF4040BT-Q100J,Nexperia USA Inc.,IC BINARY COUNTER 12-BIT 16SO,pmic-gate-drivers,0,0.24532,"16-SOIC (0.154"", 3.90mm Width)",Surface Mount,Active,https://assets.nexperia.com/documents/data-sheet/HEF4040B_Q100.pdf,https://www.digikey.com/en/products/detail/nexperia-usa-inc/HEF4040BT-Q100J/4289738,50 MHz,Up,Automotive,Binary Counter,12,1,-40°C ~ 85°C,AEC-Q100,Asynchronous,4000B,,Negative Edge,3 V ~ 15 V
"HEF4060BT,652",Nexperia USA Inc.,NEXPERIA HEF4060BT - BINARY COUN,pmic-gate-drivers,5183,0.64,"16-SOIC (0.154"", 3.90mm Width)",Surface Mount,Active,https://rocelec.widen.net/view/pdf/jlzifphkrk/PHGLS23715-1.pdf?t.download=true&u=5oefqw,https://www.digikey.com/en/products/detail/rochester-electronics-llc/HEF4060BT-652/15644141,30 MHz,Up,,Binary Counter,14,1,-40°C ~ 85°C (TA),,Asynchronous,4000B,,Negative Edge,3 V ~ 15 V
"HEF4060BT,653",Nexperia USA Inc.,IC BINARY COUNTER 14-BIT 16SO,pmic-gate-drivers,2241,0.37,"16-SOIC (0.154"", 3.90mm Width)",Surface Mount,Active,https://assets.nexperia.com/documents/data-sheet/HEF4060B.pdf,https://www.digikey.com/en/products/detail/nexperia-usa-inc/HEF4060BT-653/1156416,30 MHz,Up,,Binary Counter,14,1,-40°C ~ 85°C,,Asynchronous,4000B,,Negative Edge,3 V ~ 15 V
HEF4060BT-Q100J,Nexperia USA Inc.,IC BINARY COUNTER 14-BIT 16SO,pmic-gate-drivers,1602,0.62,"16-SOIC (0.154"", 3.90mm Width)",Surface Mount,Active,https://assets.nexperia.com/documents/data-sheet/HEF4060B_Q100.pdf,https://www.digikey.com/en/products/detail/nexperia-usa-inc/HEF4060BT-Q100J/4020379,30 MHz,Up,Automotive,Binary Counter,14,1,-40°C ~ 85°C,AEC-Q100,Asynchronous,4000B,,Negative Edge,3 V ~ 15 V
HEF4060BTTJ,Nexperia USA Inc.,IC BINARY COUNTER 14-BIT,pmic-gate-drivers,0,0.29676,-,-,Active,https://assets.nexperia.com/documents/data-sheet/HEF4060B.pdf,https://www.digikey.com/en/products/detail/nexperia-usa-inc/HEF4060BTTJ/5035729,30 MHz,Up,,Binary Counter,14,1,-40°C ~ 85°C,,Asynchronous,4000B,,Negative Edge,3 V ~ 15 V
"HEF4516BP,652",Nexperia USA Inc.,IC BINARY COUNTER 4-BIT 16DIP,pmic-gate-drivers,4117,2.1,"16-DIP (0.300"", 7.62mm)",Through Hole,Obsolete,https://www.digikey.com//mm.digikey.com/Volume0/opasdata/d220001/medias/docus/918/HEF4516B.pdf,https://www.digikey.com/en/products/detail/rochester-electronics-llc/HEF4516BP-652/11546507,18 MHz,"Up, Down",,Binary Counter,4,1,-40°C ~ 85°C,,Asynchronous,4000B,Synchronous,Positive Edge,4.5 V ~ 15.5 V
"HEF4518BT,652",Nexperia USA Inc.,IC BCD COUNTER DUAL 4-BIT 16SO,pmic-gate-drivers,0,0.84,"16-SOIC (0.154"", 3.90mm Width)",Surface Mount,Obsolete,https://assets.nexperia.com/documents/data-sheet/HEF4518B.pdf,https://www.digikey.com/en/products/detail/nexperia-usa-inc/HEF4518BT-652/1156446,40 MHz,Up,,BCD Counter,4,2,-40°C ~ 85°C,,Asynchronous,4000B,,"Positive, Negative",4.5 V ~ 15.5 V
"HEF4518BT,653",Nexperia USA Inc.,IC BCD COUNTER DUAL 4-BIT 16SO,pmic-gate-drivers,5628,0.54,"16-SOIC (0.154"", 3.90mm Width)",Surface Mount,Active,https://assets.nexperia.com/documents/data-sheet/HEF4518B.pdf,https://www.digikey.com/en/products/detail/nexperia-usa-inc/HEF4518BT-653/1156447,40 MHz,Up,,BCD Counter,4,2,-40°C ~ 85°C,,Asynchronous,4000B,,"Positive, Negative",4.5 V ~ 15.5 V
"HEF4520BT,653",Nexperia USA Inc.,IC BINARY COUNTER DL 4BIT 16SO,pmic-gate-drivers,3705,0.41,"16-SOIC (0.154"", 3.90mm Width)",Surface Mount,Active,https://assets.nexperia.com/documents/data-sheet/HEF4520B.pdf,https://www.digikey.com/en/products/detail/nexperia-usa-inc/HEF4520BT-653/1156448,40 MHz,Up,,Binary Counter,4,2,-40°C ~ 85°C,,Asynchronous,4000B,,"Positive, Negative",4.5 V ~ 15.5 V
HEF4520BT-Q100J,Nexperia USA Inc.,IC BINARY COUNTER DL 4BIT 16SO,pmic-gate-drivers,0,0.26272,"16-SOIC (0.154"", 3.90mm Width)",Surface Mount,Active,https://assets.nexperia.com/documents/data-sheet/HEF4520B_Q100.pdf,https://www.digikey.com/en/products/detail/nexperia-usa-inc/HEF4520BT-Q100J/5169995,40 MHz,Up,Automotive,Binary Counter,4,2,-40°C ~ 85°C,AEC-Q100,Asynchronous,4000B,,"Positive, Negative",4.5 V ~ 15.5 V
"HEF4521BT,652",Nexperia USA Inc.,NEXPERIA HEF4521BT - BINARY COUN,pmic-gate-drivers,8691,1.35,"16-SOIC (0.154"", 3.90mm Width)",Surface Mount,Active,https://rocelec.widen.net/view/pdf/uipz4txjnz/PHGLS24164-1.pdf?t.download=true&u=5oefqw,https://www.digikey.com/en/products/detail/rochester-electronics-llc/HEF4521BT-652/15644982,35 MHz,Up,,Divide-by-2,24,1,-40°C ~ 85°C (TA),,Asynchronous,4000B,,Negative Edge,4.5 V ~ 5.5 V
"HEF4521BT,653",Nexperia USA Inc.,IC DIVIDER BY 2 24-BIT 16SO,pmic-gate-drivers,0,0.67,"16-SOIC (0.154"", 3.90mm Width)",Surface Mount,Active,https://assets.nexperia.com/documents/data-sheet/HEF4521B.pdf,https://www.digikey.com/en/products/detail/nexperia-usa-inc/HEF4521BT-653/1156450,35 MHz,,,Divide-by-2,24,1,-40°C ~ 85°C,,Asynchronous,4000B,,Negative Edge,3 V ~ 15 V
HEF4521BT-Q100J,Nexperia USA Inc.,HEF4521BT-Q100/SOT109/SO16,pmic-gate-drivers,0,0.3964,"16-SOIC (0.154"", 3.90mm Width)",Surface Mount,Active,https://assets.nexperia.com/documents/data-sheet/HEF4521B_Q100.pdf,https://www.digikey.com/en/products/detail/nexperia-usa-inc/HEF4521BT-Q100J/22126145,35 MHz,Up,Automotive,Divide-by-2,24,1,-40°C ~ 85°C (TA),AEC-Q100,Asynchronous,4000B,,Negative Edge,3 V ~ 15 V
IDT74FCT163TH,"IDT, Integrated Device Technology Inc",PRESETTABLE BINARY COUNTERS,pmic-gate-drivers,24546,1.35,-,-,Active,https://rocelec.widen.net/view/pdf/lddhjskp4t/IDT74FCT163.pdf?t.download=true&u=ovmfp3,https://www.digikey.com/en/products/detail/rochester-electronics-llc/IDT74FCT163TH/12123466,,,,,,,,,,*,,,
IDT74LVC169AXTPG,"IDT, Integrated Device Technology Inc",PRESETTABLE SYNCHRONOUS 4 BIT U,pmic-gate-drivers,7960,0.63,-,-,Active,https://rocelec.widen.net/view/pdf/8vfcgoidtl/IDT74LVC169.pdf?t.download=true&u=ovmfp3,https://www.digikey.com/en/products/detail/rochester-electronics-llc/IDT74LVC169AXTPG/12591714,,,,,,,,,,74LVC,,,
JD54F160BEA,National Semiconductor,SYNCHRONOUS PRESETTABLE BCD DEC,pmic-gate-drivers,249,23.33,-,-,Active,,https://www.digikey.com/en/products/detail/rochester-electronics-llc/JD54F160BEA/12604161,,,,,,,,,,*,,,
JD54F161SEA,National Semiconductor,54F161 - SYNCHRONOUS PRESETTABLE,pmic-gate-drivers,142,262.23,-,-,Active,https://www.digikey.com//mm.digikey.com/Volume0/opasdata/d220001/medias/docus/7138/2156_000059042.pdf,https://www.digikey.com/en/products/detail/rochester-electronics-llc/JD54F161SEA/15644562,,,,,,,,,,*,,,
JD54F161SFA,National Semiconductor,54F161 - SYNCHRONOUS PRESETTABLE,pmic-gate-drivers,236,273.64,-,-,Active,https://www.digikey.com//mm.digikey.com/Volume0/opasdata/d220001/medias/docus/7138/2156_000059042.pdf,https://www.digikey.com/en/products/detail/rochester-electronics-llc/JD54F161SFA/15643794,,,,,,,,,,*,,,
JD54F163SEA,National Semiconductor,54F163 - 4-BIT BINARY COUNTERS -,pmic-gate-drivers,163,214.66,-,-,Active,https://www.digikey.com//mm.digikey.com/Volume0/opasdata/d220001/medias/docus/7138/2156_000059042.pdf,https://www.digikey.com/en/products/detail/rochester-electronics-llc/JD54F163SEA/15639935,,,,,,,,,,*,,,
JD54F193BFA,National Semiconductor,UP DOWN BINARY COUNTER WITH SEP,pmic-gate-drivers,52,34.05,-,-,Active,https://rocelec.widen.net/view/pdf/e8rtzbibdh/NATLS11612-1.pdf?t.download=true&u=5oefqw,https://www.digikey.com/en/products/detail/rochester-electronics-llc/JD54F193BFA/12593623,,,,,,,,,,,,,
JM38510/05653BEA,Texas Instruments,CD4020B-MIL CMOS 14-STAGE RIPPLE,pmic-gate-drivers,56,89.55,"16-CDIP (0.300"", 7.62mm)",Through Hole,Active,https://rocelec.widen.net/view/pdf/wusetf6sqj/cd4020b-mil.pdf?t.download=true&u=5oefqw,https://www.digikey.com/en/products/detail/rochester-electronics-llc/JM38510-05653BEA/13510679,24 MHz,Up,,Binary Counter,14,1,-55°C ~ 125°C (TA),,Asynchronous,4000B,,Negative Edge,3 V ~ 18 V
JM38510/31501BCA,Texas Instruments,54LS90 DECADE COUNTER,pmic-gate-drivers,29,26.8,"14-CDIP (0.300"", 7.62mm)",Through Hole,Active,https://rocelec.widen.net/view/pdf/sm6aqlhagi/sn54ls90.pdf?t.download=true&u=5oefqw,https://www.digikey.com/en/products/detail/rochester-electronics-llc/JM38510-31501BCA/13453404,42 MHz,Up,,"Counter, Decade",4,1,-55°C ~ 125°C (TA),,Asynchronous,54LS,,Negative Edge,4.5 V ~ 5.5 V
JM38510/31504BEA,Texas Instruments,54LS161A SYNCHRONOUS 4-BIT COUNT,pmic-gate-drivers,94,16.58,"16-CDIP (0.300"", 7.62mm)",Through Hole,Active,https://rocelec.widen.net/view/pdf/qduarracvz/sn54163.pdf?t.download=true&u=5oefqw,https://www.digikey.com/en/products/detail/rochester-electronics-llc/JM38510-31504BEA/13470487,32 MHz,Up,Military,Binary Counter,4,1,-55°C ~ 125°C (TA),MIL-PRF-38535L,Asynchronous,54LS,Synchronous,Positive Edge,4.5 V ~ 5.5 V
JM38510/31504BFA,Texas Instruments,54LS161A SYNCHRONOUS 4-BIT COUNT,pmic-gate-drivers,165,15.93,16-CFlatPack,Surface Mount,Active,https://rocelec.widen.net/view/pdf/qduarracvz/sn54163.pdf?t.download=true&u=5oefqw,https://www.digikey.com/en/products/detail/rochester-electronics-llc/JM38510-31504BFA/13518822,32 MHz,Up,,Binary Counter,4,1,-55°C ~ 125°C (TA),,Asynchronous,54LS,Synchronous,Positive Edge,4.5 V ~ 5.5 V
JM38510/31508SFA,Texas Instruments,SN54LS193-SP SYNCHRONOUS 4-BIT U,pmic-gate-drivers,9,351.89,16-CFlatPack,Surface Mount,Active,https://rocelec.widen.net/view/pdf/5bryvb4stx/sn54192.pdf?t.download=true&u=5oefqw,https://www.digikey.com/en/products/detail/rochester-electronics-llc/JM38510-31508SFA/13501295,32 MHz,"Up, Down",,Binary Counter,4,1,-55°C ~ 125°C (TA),,Asynchronous,54LS,Synchronous,Positive Edge,4.5 V ~ 5.5 V
JM38510/31509BEA,Texas Instruments,54LS191 SYNCHRONOUS UP/DOWN COUN,pmic-gate-drivers,25,19.48,"16-CDIP (0.300"", 7.62mm)",Through Hole,Active,https://rocelec.widen.net/view/pdf/l99v6gepnz/sn54ls191.pdf?t.download=true&u=5oefqw,https://www.digikey.com/en/products/detail/rochester-electronics-llc/JM38510-31509BEA/13454622,25 MHz,"Up, Down",,Binary Counter,4,1,-55°C ~ 125°C (TA),,Asynchronous,54LS,Synchronous,Positive Edge,4.5 V ~ 5.5 V
JM38510/31512B2A,Texas Instruments,54LS163A SYNCHRONOUS 4-BIT COUNT,pmic-gate-drivers,32,45.23,20-CLCC,Surface Mount,Active,https://rocelec.widen.net/view/pdf/qduarracvz/sn54163.pdf?t.download=true&u=5oefqw,https://www.digikey.com/en/products/detail/rochester-electronics-llc/JM38510-31512B2A/13446295,32 MHz,Up,,Binary Counter,4,1,-55°C ~ 125°C (TA),,Synchronous,54LS,Synchronous,Positive Edge,4.5 V ~ 5.5 V
JM38510/31512BFA,Texas Instruments,54LS163A SYNCHRONOUS 4-BIT COUNT,pmic-gate-drivers,74,48.64,16-CFlatPack,Surface Mount,Active,https://rocelec.widen.net/view/pdf/qduarracvz/sn54163.pdf?t.download=true&u=5oefqw,https://www.digikey.com/en/products/detail/rochester-electronics-llc/JM38510-31512BFA/13452813,32 MHz,Up,,Binary Counter,4,1,-55°C ~ 125°C (TA),,Synchronous,54LS,Synchronous,Positive Edge,4.5 V ~ 5.5 V
JM38510/32702B2A,Texas Instruments,54LS393 DUAL 4-BIT BINARY COUNTE,pmic-gate-drivers,16,33.79,20-CLCC,Surface Mount,Active,https://rocelec.widen.net/view/pdf/dy3qcsc1ga/sn54ls390.pdf?t.download=true&u=5oefqw,https://www.digikey.com/en/products/detail/rochester-electronics-llc/JM38510-32702B2A/13494790,35 MHz,Up,,Binary Counter,4,2,-55°C ~ 125°C (TA),,Asynchronous,54LS,,Negative Edge,4.5 V ~ 5.5 V
JM38510/32702BDA,Texas Instruments,54LS393 DUAL 4-BIT BINARY COUNTE,pmic-gate-drivers,17,46.04,14-CFlatPack,Surface Mount,Active,https://rocelec.widen.net/view/pdf/dy3qcsc1ga/sn54ls390.pdf?t.download=true&u=5oefqw,https://www.digikey.com/en/products/detail/rochester-electronics-llc/JM38510-32702BDA/13486133,35 MHz,Up,,Binary Counter,4,2,-55°C ~ 125°C (TA),,Asynchronous,54LS,,Negative Edge,4.5 V ~ 5.5 V
JM38510/34402BEA,National Semiconductor,4-BIT SYNCHRONOUS DECADE COUNTER,pmic-gate-drivers,275,22.34,-,-,Active,,https://www.digikey.com/en/products/detail/rochester-electronics-llc/JM38510-34402BEA/12603153,,,,,,,,,,*,,,
JM38510/38001BEA,Texas Instruments,54ALS161B SYNCHRONOUS 4-BIT BINA,pmic-gate-drivers,189,50.0,"16-CDIP (0.300"", 7.62mm)",Through Hole,Active,https://rocelec.widen.net/view/pdf/ocd3tmvur9/sn54als161b.pdf?t.download=true&u=5oefqw,https://www.digikey.com/en/products/detail/rochester-electronics-llc/JM38510-38001BEA/13475432,22 MHz,Up,,Binary Counter,4,1,-55°C ~ 125°C (TA),,Asynchronous,54ALS,Synchronous,Positive Edge,4.5 V ~ 5.5 V
JM38510/38002BEA,Texas Instruments,54ALS163B SYNCHRONOUS 4-BIT BINA,pmic-gate-drivers,47,53.5,"16-CDIP (0.300"", 7.62mm)",Through Hole,Active,https://rocelec.widen.net/view/pdf/ocd3tmvur9/sn54als161b.pdf?t.download=true&u=5oefqw,https://www.digikey.com/en/products/detail/rochester-electronics-llc/JM38510-38002BEA/13455014,22 MHz,Up,,Binary Counter,4,1,-55°C ~ 125°C (TA),,Synchronous,54ALS,Synchronous,Positive Edge,4.5 V ~ 5.5 V
JM38510/66302B2A,Texas Instruments,"BINARY COUNTER, HC/UH SERIES, SY",pmic-gate-drivers,146,12.14,20-CLCC,Surface Mount,Active,,https://www.digikey.com/en/products/detail/rochester-electronics-llc/JM38510-66302B2A/12608986,44 MHz,Up,,Binary Counter,4,1,-55°C ~ 125°C (TA),,Asynchronous,54HC,Synchronous,Positive Edge,2 V ~ 6 V
JM38510/66302BEA,Texas Instruments,54HC161 SYNCHRONOUS 4-BIT BINARY,pmic-gate-drivers,33,66.97,"16-CDIP (0.300"", 7.62mm)",Through Hole,Active,https://rocelec.widen.net/view/pdf/lvqy7xukde/sn54hc161-sp.pdf?t.download=true&u=5oefqw,https://www.digikey.com/en/products/detail/rochester-electronics-llc/JM38510-66302BEA/13436506,44 MHz,Up,,Binary Counter,4,1,-55°C ~ 125°C (TA),,Asynchronous,54HC,Synchronous,Positive Edge,2 V ~ 6 V
JM38510/66302SEA,Texas Instruments,"BINARY COUNTER, HC/UH SERIES, SY",pmic-gate-drivers,74,87.41,-,-,Active,https://www.ti.com/lit/ds/symlink/sn54hc161.pdf?ts=1737422045065&ref_url=https%253A%252F%252Fwww.ti.com%252Fproduct%252FSN54HC161%253FkeyMatch%253DSN54HC161%2526tisearch%253Duniversal_search%2526usecase%253DGPN-ALT,https://www.digikey.com/en/products/detail/rochester-electronics-llc/JM38510-66302SEA/12614793,44 MHz,Up,,Binary Counter,4,1,-55°C ~ 125°C (TA),,Asynchronous,54HC,Synchronous,Positive Edge,2 V ~ 6 V
JM38510/66304B2A,Texas Instruments,"BINARY COUNTER, HC/UH SERIES, SY",pmic-gate-drivers,121,11.93,20-CLCC,Surface Mount,Active,,https://www.digikey.com/en/products/detail/rochester-electronics-llc/JM38510-66304B2A/12603685,36 MHz,Up,,Binary Counter,4,1,-55°C ~ 125°C (TA),,Synchronous,54HC,Synchronous,Positive Edge,2 V ~ 6 V
JM38510/66304BEA,Texas Instruments,54HC163 SYNCHRONOUS 4-BIT BINARY,pmic-gate-drivers,68,63.35,"16-CDIP (0.300"", 7.62mm)",Through Hole,Active,https://rocelec.widen.net/view/pdf/hclh5vzkil/sn54hc163.pdf?t.download=true&u=5oefqw,https://www.digikey.com/en/products/detail/rochester-electronics-llc/JM38510-66304BEA/13502838,36 MHz,Up,,Binary Counter,4,1,-55°C ~ 125°C (TA),,Synchronous,54HC,Synchronous,Positive Edge,2 V ~ 6 V
JM38510/66309B2A,Texas Instruments,"BINARY COUNTER, HC/UH SERIES, AS",pmic-gate-drivers,73,12.14,20-CLCC,Surface Mount,Active,,https://www.digikey.com/en/products/detail/rochester-electronics-llc/JM38510-66309B2A/12615621,60 MHz,Up,,Binary Counter,4,2,-55°C ~ 125°C (TA),,Asynchronous,54HC,,Negative Edge,2 V ~ 6 V
JM4018BBEA,National Semiconductor,CMOS PRESETTABLE DIVIDE-BY-N COU,pmic-gate-drivers,132,20.09,-,-,Active,,https://www.digikey.com/en/products/detail/rochester-electronics-llc/JM4018BBEA/12608991,,,,,,,,,,*,,,
JM54AC161S2A-RH,National Semiconductor,IC BINARY COUNTER 4-BIT 20LCCC,pmic-gate-drivers,50,343.22,20-CLCC,Surface Mount,Active,https://rocelec.widen.net/view/pdf/hnl2zoobap/NATLS15098-1.pdf?t.download=true&u=5oefqw,https://www.digikey.com/en/products/detail/rochester-electronics-llc/JM54AC161S2A-RH/13488700,80 MHz,Up,,Binary Counter,4,1,-55°C ~ 125°C (TA),,Asynchronous,54AC,Synchronous,Positive Edge,2 V ~ 6 V
JM54AC161SEA-RH,National Semiconductor,IC BINARY COUNTER 4-BIT 16CDIP,pmic-gate-drivers,187,301.2,"16-CDIP (0.300"", 7.62mm)",Through Hole,Active,https://rocelec.widen.net/view/pdf/hnl2zoobap/NATLS15098-1.pdf?t.download=true&u=5oefqw,https://www.digikey.com/en/products/detail/rochester-electronics-llc/JM54AC161SEA-RH/13486791,80 MHz,Up,,Binary Counter,4,1,-55°C ~ 125°C (TA),,Asynchronous,54AC,Synchronous,Positive Edge,2 V ~ 6 V
JM54AC161SFA-RH,National Semiconductor,IC BINARY COUNTER 4-BIT 16CFP,pmic-gate-drivers,194,313.75,16-CFlatPack,Surface Mount,Active,https://rocelec.widen.net/view/pdf/hnl2zoobap/NATLS15098-1.pdf?t.download=true&u=5oefqw,https://www.digikey.com/en/products/detail/rochester-electronics-llc/JM54AC161SFA-RH/13464956,80 MHz,Up,,Binary Counter,4,1,-55°C ~ 125°C (TA),,Asynchronous,54AC,Synchronous,Positive Edge,2 V ~ 6 V
JM54AC163SFA-RH,National Semiconductor,IC BINARY COUNTER 4-BIT 16CFP,pmic-gate-drivers,62,323.56,16-CFlatPack,Surface Mount,Active,https://rocelec.widen.net/view/pdf/otimhlvxvb/NATLS15099-1.pdf?t.download=true&u=5oefqw,https://www.digikey.com/en/products/detail/rochester-electronics-llc/JM54AC163SFA-RH/13470745,90 MHz,Up,,Binary Counter,4,1,-55°C ~ 125°C (TA),,Synchronous,54AC,Synchronous,Positive Edge,2 V ~ 6 V
JM54AC191S2A-RH,National Semiconductor,IC BINARY COUNTER 4-BIT 20LCCC,pmic-gate-drivers,85,334.45,20-CLCC,Surface Mount,Active,https://rocelec.widen.net/view/pdf/1bjqz0codz/NATLS12721-1.pdf?t.download=true&u=5oefqw,https://www.digikey.com/en/products/detail/rochester-electronics-llc/JM54AC191S2A-RH/13482877,80 MHz,"Up, Down",,Binary Counter,4,1,-55°C ~ 125°C (TA),,Asynchronous,54AC,Synchronous,Positive Edge,2 V ~ 6 V
JM54AC191SFA-RH,National Semiconductor,IC BINARY COUNTER 4-BIT 16CFP,pmic-gate-drivers,432,320.5,16-CFlatPack,Surface Mount,Active,https://rocelec.widen.net/view/pdf/1bjqz0codz/NATLS12721-1.pdf?t.download=true&u=5oefqw,https://www.digikey.com/en/products/detail/rochester-electronics-llc/JM54AC191SFA-RH/13503545,80 MHz,"Up, Down",,Binary Counter,4,1,-55°C ~ 125°C (TA),,Asynchronous,54AC,Synchronous,Positive Edge,2 V ~ 6 V
LS7166A-TS,LSI/CSI,IC BCD COUNT QUAD 24BIT 24TSSOP,pmic-gate-drivers,2434,12.38,"24-TSSOP (0.173"", 4.40mm Width)",Surface Mount,Active,https://lsicsi.com/datasheets/LS7166A.pdf,https://www.digikey.com/en/products/detail/lsi-csi/LS7166A-TS/12760866,40 MHz,"Up, Down",,"BCD Counter, Binary Counter, Divide-by-N",24,1,0°C ~ 85°C (TA),,,,,"Positive, Negative",3 V ~ 5.5 V
LS7166B-S,LSI/CSI,IC BCD COUNTR QUAD 24BIT 20SOIC,pmic-gate-drivers,997,12.37,"20-SOIC (0.295"", 7.50mm Width)",Surface Mount,Active,https://lsicsi.com/wp-content/uploads/2022/08/LS7166B.pdf,https://www.digikey.com/en/products/detail/lsi-csi/LS7166B-S/16689066,40 MHz,"Up, Down",,"BCD Counter, Binary Counter, Divide-by-N",24,1,-40°C ~ 125°C (TA),,,,,"Positive, Negative",3 V ~ 5.5 V
LS7267,LSI/CSI,IC BCD COUNTER DUAL 24BIT 28DIP,pmic-gate-drivers,5005,16.21,"28-DIP (0.600"", 15.24mm)",Through Hole,Active,,https://www.digikey.com/en/products/detail/lsi-csi/LS7267/13157919,50 MHz,"Up, Down",,"BCD Counter, Binary Counter",24,2,-25°C ~ 80°C (TA),,Synchronous,,Synchronous,Positive Edge,3 V ~ 5.5 V
LS7366R,LSI/CSI,IC BINARY COUNTER 32-BIT 14DIP,pmic-gate-drivers,5523,6.62,"14-DIP (0.300"", 7.62mm)",Through Hole,Active,https://lsicsi.com/wp-content/uploads/2021/06/LS7366R.pdf,https://www.digikey.com/en/products/detail/lsi-csi/LS7366R/12760871,40 MHz,"Up, Down",,Binary Counter,32,1,-25°C ~ 85°C (TA),,Asynchronous/Synchronous,,Synchronous,"Positive, Negative",3 V ~ 5.5 V
LS7366R-S,LSI/CSI,IC BINARY COUNTER 32-BIT 14SOIC,pmic-gate-drivers,4286,6.32,"14-SOIC (0.154"", 3.90mm Width)",Surface Mount,Active,https://lsicsi.com/wp-content/uploads/2021/06/LS7366R.pdf,https://www.digikey.com/en/products/detail/lsi-csi/LS7366R-S/12760864,40 MHz,"Up, Down",,Binary Counter,32,1,-25°C ~ 85°C (TA),,Asynchronous/Synchronous,,Synchronous,"Positive, Negative",3 V ~ 5.5 V
LS7366R-TS,LSI/CSI,IC BINARY COUNTER 32BIT 14TSSOP,pmic-gate-drivers,3914,6.34,"14-TSSOP (0.173"", 4.40mm Width)",Surface Mount,Active,https://lsicsi.com/wp-content/uploads/2021/06/LS7366R.pdf,https://www.digikey.com/en/products/detail/lsi-csi/LS7366R-TS/12760869,40 MHz,"Up, Down",,Binary Counter,32,1,-25°C ~ 85°C (TA),,Asynchronous/Synchronous,,Synchronous,"Positive, Negative",3 V ~ 5.5 V
LS7466-S,LSI/CSI,24-BIT 2-AXES PROGRAMMABLE QUADR,pmic-gate-drivers,494,11.06,"16-SOIC (0.154"", 3.90mm Width)",Surface Mount,Active,https://lsicsi.com/wp-content/uploads/2024/04/LS7466.pdf,https://www.digikey.com/en/products/detail/lsi-csi/LS7466-S/25952330,40 MHz,"Up, Down",,Divide-by-N,24,4,-40°C ~ 85°C (TA),,Synchronous,,Synchronous,"Positive, Negative",3 V ~ 5.5 V
LS7466-TS,LSI/CSI,24-BIT 2-AXES PROGRAMMABLE QUADR,pmic-gate-drivers,471,11.04,"16-TSSOP (0.173"", 4.40mm Width)",Surface Mount,Active,https://lsicsi.com/wp-content/uploads/2024/04/LS7466.pdf,https://www.digikey.com/en/products/detail/lsi-csi/LS7466-TS/25952331,40 MHz,"Up, Down",,Divide-by-N,24,4,-40°C ~ 85°C (TA),,Synchronous,,Synchronous,"Positive, Negative",3 V ~ 5.5 V
LS7566R-TS,LSI/CSI,IC BIN COUNT QUAD 24BIT 48TSSOP,pmic-gate-drivers,2470,15.27,"48-TFSOP (0.240"", 6.10mm Width)",Surface Mount,Active,https://lsicsi.com/datasheets/LS7566R.pdf,https://www.digikey.com/en/products/detail/lsi-csi/LS7566R-TS/12760872,40 MHz,"Up, Down",,Binary Counter,24,4,-25°C ~ 85°C (TA),,Asynchronous/Synchronous,,Asynchronous/Synchronous,"Positive, Negative",3 V ~ 5.5 V
LS7766DH-TS,LSI/CSI,IC DIVIDER BY N DL 16B 48TSSOP,pmic-gate-drivers,500,15.21,"48-TFSOP (0.240"", 6.10mm Width)",Surface Mount,Active,https://lsicsi.com/datasheets/LS7766.pdf,https://www.digikey.com/en/products/detail/lsi-csi/LS7766DH-TS/13157889,40 MHz,"Up, Down",,Divide-by-N,16,2,-25°C ~ 80°C (TA),,Asynchronous/Synchronous,,Asynchronous/Synchronous,"Positive, Negative",3 V ~ 5.5 V
LS7766DO,LSI/CSI,IC DIVIDER BY N DUAL 8BIT 28DIP,pmic-gate-drivers,1030,14.72,"28-DIP (0.600"", 15.24mm)",Through Hole,Active,https://lsicsi.com/datasheets/LS7766.pdf,https://www.digikey.com/en/products/detail/lsi-csi/LS7766DO/13157905,40 MHz,"Up, Down",,Divide-by-N,8,2,-25°C ~ 80°C (TA),,Asynchronous/Synchronous,,Asynchronous/Synchronous,"Positive, Negative",3 V ~ 5.5 V
LS7766SO,LSI/CSI,IC DIVIDER BY N 8-BIT 24DIP,pmic-gate-drivers,2183,13.06,"24-DIP (0.600"", 15.24mm)",Through Hole,Active,https://lsicsi.com/datasheets/LS7766.pdf,https://www.digikey.com/en/products/detail/lsi-csi/LS7766SO/13157866,40 MHz,"Up, Down",,Divide-by-N,8,1,-25°C ~ 80°C (TA),,Asynchronous/Synchronous,,Asynchronous/Synchronous,"Positive, Negative",3 V ~ 5.5 V
LS7866C-S,LSI/CSI,Quadrature Counter I2C Interface,pmic-gate-drivers,731,13.68,-,-,Active,https://lsicsi.com/wp-content/uploads/2025/05/LS7866C.pdf,https://www.digikey.com/en/products/detail/lsi-csi/LS7866C-S/26699248,,,,,,,,,,*,,,
LS7866C-TS,LSI/CSI,Quadrature Counter I2C Interface,pmic-gate-drivers,782,13.6,-,-,Active,https://lsicsi.com/wp-content/uploads/2025/05/LS7866C.pdf,https://www.digikey.com/en/products/detail/lsi-csi/LS7866C-TS/26699252,,,,,,,,,,*,,,
M74HC160RM13TR,STMicroelectronics,IC DECADE COUNTER 4-BIT 16SO,pmic-gate-drivers,0,0.15776,"16-SOIC (0.154"", 3.90mm Width)",Surface Mount,Obsolete,,https://www.digikey.com/en/products/detail/stmicroelectronics/M74HC160RM13TR/1038793,62 MHz,Up,,"Counter, Decade",4,1,-55°C ~ 125°C,,Asynchronous,74HC,Synchronous,Positive Edge,2 V ~ 6 V
M74HC161B1R,STMicroelectronics,IC BINARY COUNTER 4-BIT 16DIP,pmic-gate-drivers,0,0.39234,"16-DIP (0.300"", 7.62mm)",Through Hole,Obsolete,https://www.st.com/content/ccc/resource/technical/document/datasheet/group1/7b/6a/67/4d/db/c1/43/0e/CD00002534/files/CD00002534.pdf/jcr:content/translations/en.CD00002534.pdf,https://www.digikey.com/en/products/detail/stmicroelectronics/M74HC161B1R/591880,62 MHz,Up,,Binary Counter,4,1,-55°C ~ 125°C,,Asynchronous,74HC,Synchronous,Positive Edge,2 V ~ 6 V
M74HC161RM13TR,STMicroelectronics,IC BINARY COUNTER 4-BIT 16SO,pmic-gate-drivers,0,0.40393,"16-SOIC (0.154"", 3.90mm Width)",Surface Mount,Obsolete,https://www.st.com/content/ccc/resource/technical/document/datasheet/group1/7b/6a/67/4d/db/c1/43/0e/CD00002534/files/CD00002534.pdf/jcr:content/translations/en.CD00002534.pdf,https://www.digikey.com/en/products/detail/stmicroelectronics/M74HC161RM13TR/591881,62 MHz,Up,,Binary Counter,4,1,-55°C ~ 125°C,,Asynchronous,74HC,Synchronous,Positive Edge,2 V ~ 6 V
M74HC161TTR,STMicroelectronics,IC BINARY COUNTER 4-BIT 16TSSOP,pmic-gate-drivers,0,0.25655,"16-TSSOP (0.173"", 4.40mm Width)",Surface Mount,Obsolete,https://www.st.com/content/ccc/resource/technical/document/datasheet/group1/7b/6a/67/4d/db/c1/43/0e/CD00002534/files/CD00002534.pdf/jcr:content/translations/en.CD00002534.pdf,https://www.digikey.com/en/products/detail/stmicroelectronics/M74HC161TTR/1038794,62 MHz,Up,,Binary Counter,4,1,-55°C ~ 125°C,,Asynchronous,74HC,Synchronous,Positive Edge,2 V ~ 6 V
M74HC163B1R,STMicroelectronics,IC BINARY COUNTER 4-BIT 16DIP,pmic-gate-drivers,0,0.39234,"16-DIP (0.300"", 7.62mm)",Through Hole,Obsolete,https://www.st.com/content/ccc/resource/technical/document/datasheet/group1/0a/cf/5a/c7/a2/e6/41/ee/CD00002547/files/CD00002547.pdf/jcr:content/translations/en.CD00002547.pdf,https://www.digikey.com/en/products/detail/stmicroelectronics/M74HC163B1R/1038795,62 MHz,Up,,Binary Counter,4,1,-55°C ~ 125°C,,Synchronous,74HC,Synchronous,Positive Edge,2 V ~ 6 V
M74HC163RM13TR,STMicroelectronics,IC BINARY COUNTER 4-BIT 16SO,pmic-gate-drivers,0,0.13875,"16-SOIC (0.154"", 3.90mm Width)",Surface Mount,Obsolete,https://www.st.com/content/ccc/resource/technical/document/datasheet/group1/0a/cf/5a/c7/a2/e6/41/ee/CD00002547/files/CD00002547.pdf/jcr:content/translations/en.CD00002547.pdf,https://www.digikey.com/en/products/detail/stmicroelectronics/M74HC163RM13TR/1038796,62 MHz,Up,,Binary Counter,4,1,-55°C ~ 125°C,,Synchronous,74HC,Synchronous,Positive Edge,2 V ~ 6 V
M74HC190RM13TR,STMicroelectronics,IC DECADE COUNTER 4-BIT 16SO,pmic-gate-drivers,0,0.1335,"16-SOIC (0.154"", 3.90mm Width)",Surface Mount,Obsolete,https://www.digikey.com//mm.digikey.com/Volume0/opasdata/d220001/medias/docus/1105/M74HC190.pdf,https://www.digikey.com/en/products/detail/stmicroelectronics/M74HC190RM13TR/1664061,44 MHz,"Up, Down",,"Counter, Decade",4,1,-55°C ~ 125°C,,,74HC,Synchronous,Positive Edge,2 V ~ 6 V
M74HC191B1R,STMicroelectronics,IC BINARY COUNTER 4-BIT 16DIP,pmic-gate-drivers,0,0.42157,"16-DIP (0.300"", 7.62mm)",Through Hole,Obsolete,https://www.st.com/content/ccc/resource/technical/document/datasheet/69/31/4a/83/cd/1f/43/a0/CD00002569.pdf/files/CD00002569.pdf/jcr:content/translations/en.CD00002569.pdf,https://www.digikey.com/en/products/detail/stmicroelectronics/M74HC191B1R/1664062,44 MHz,"Up, Down",,Binary Counter,4,1,-55°C ~ 125°C,,Asynchronous,74HC,Synchronous,Positive Edge,2 V ~ 6 V
M74HC294RM13TR,STMicroelectronics,IC OSC DIVIDER/TIMER 75MHZ 16SO,pmic-gate-drivers,0,0.14255,"16-SOIC (0.154"", 3.90mm Width)",Surface Mount,Obsolete,https://www.digikey.com//mm.digikey.com/Volume0/opasdata/d220001/medias/docus/1158/M74HC294.pdf,https://www.digikey.com/en/products/detail/stmicroelectronics/M74HC294RM13TR/1664070,,,,,,,-55°C ~ 125°C,,,74HC,,,
M74HC390B1R,STMicroelectronics,IC DECADE COUNTER DL 4BIT 16DIP,pmic-gate-drivers,0,0.43686,"16-DIP (0.300"", 7.62mm)",Through Hole,Obsolete,https://www.st.com/content/ccc/resource/technical/document/datasheet/ba/eb/d8/58/8d/4a/46/51/CD00000308.pdf/files/CD00000308.pdf/jcr:content/translations/en.CD00000308.pdf,https://www.digikey.com/en/products/detail/stmicroelectronics/M74HC390B1R/1038827,79 MHz,Up,,"Counter, Decade",4,2,-55°C ~ 125°C,,Asynchronous,74HC,Synchronous,Negative Edge,2 V ~ 6 V
M74HC390D,onsemi,IC DECADE COUNTER DUAL 4-BIT,pmic-gate-drivers,2380,0.58,-,-,Active,https://rocelec.widen.net/view/pdf/wnf8zpqr6q/MITSS08925-1.pdf?t.download=true&u=5oefqw,https://www.digikey.com/en/products/detail/rochester-electronics-llc/M74HC390D/12109617,79 MHz,Up,,"Counter, Decade",4,2,-55°C ~ 125°C,,Asynchronous,74HC,Synchronous,Negative Edge,2 V ~ 6 V
M74HC390RM13TR,STMicroelectronics,IC DECADE COUNTER DL 4BIT 16SO,pmic-gate-drivers,0,0.46186,"16-SOIC (0.154"", 3.90mm Width)",Surface Mount,Obsolete,https://www.st.com/content/ccc/resource/technical/document/datasheet/ba/eb/d8/58/8d/4a/46/51/CD00000308.pdf/files/CD00000308.pdf/jcr:content/translations/en.CD00000308.pdf,https://www.digikey.com/en/products/detail/stmicroelectronics/M74HC390RM13TR/1038828,79 MHz,Up,,"Counter, Decade",4,2,-55°C ~ 125°C,,Asynchronous,74HC,Synchronous,Negative Edge,2 V ~ 6 V
M74HC393B1R,STMicroelectronics,IC BINARY COUNTER DL 4BIT 14DIP,pmic-gate-drivers,0,0.30877,"14-DIP (0.300"", 7.62mm)",Through Hole,Obsolete,https://www.digikey.com//mm.digikey.com/Volume0/opasdata/d220001/medias/docus/1/M74HC393.pdf,https://www.digikey.com/en/products/detail/stmicroelectronics/M74HC393B1R/591926,79 MHz,Up,,Binary Counter,4,2,-55°C ~ 125°C,,Asynchronous,74HC,,Negative Edge,2 V ~ 6 V
M74HC393RM13TR,STMicroelectronics,IC BINARY COUNTER DL 4BIT 14SO,pmic-gate-drivers,0,0.11432,"14-SOIC (0.154"", 3.90mm Width)",Surface Mount,Obsolete,https://www.digikey.com//mm.digikey.com/Volume0/opasdata/d220001/medias/docus/1/M74HC393.pdf,https://www.digikey.com/en/products/detail/stmicroelectronics/M74HC393RM13TR/591927,79 MHz,Up,,Binary Counter,4,2,-55°C ~ 125°C,,Asynchronous,74HC,,Negative Edge,2 V ~ 6 V
M74HC393TTR,STMicroelectronics,IC BIN COUNTER DL 4BIT 14TSSOP,pmic-gate-drivers,0,0.16604,"14-TSSOP (0.173"", 4.40mm Width)",Surface Mount,Obsolete,https://www.digikey.com//mm.digikey.com/Volume0/opasdata/d220001/medias/docus/1/M74HC393.pdf,https://www.digikey.com/en/products/detail/stmicroelectronics/M74HC393TTR/1038829,79 MHz,Up,,Binary Counter,4,2,-55°C ~ 125°C,,Asynchronous,74HC,,Negative Edge,2 V ~ 6 V
M74HC40103B1R,STMicroelectronics,IC BINARY COUNTER 8-BIT 16DIP,pmic-gate-drivers,0,0.45769,"16-DIP (0.300"", 7.62mm)",Through Hole,Obsolete,https://www.digikey.com//mm.digikey.com/Volume0/opasdata/d220001/medias/docus/974/M74HC40103.pdf,https://www.digikey.com/en/products/detail/stmicroelectronics/M74HC40103B1R/1664073,38 MHz,Down,,Binary Counter,8,1,-55°C ~ 125°C,,Asynchronous,74HC,Synchronous,Positive Edge,2 V ~ 6 V
M74HC40103RM13TR,STMicroelectronics,IC BINARY COUNTER 8-BIT 16SO,pmic-gate-drivers,0,0.45359,"16-SOIC (0.154"", 3.90mm Width)",Surface Mount,Obsolete,https://www.digikey.com//mm.digikey.com/Volume0/opasdata/d220001/medias/docus/974/M74HC40103.pdf,https://www.digikey.com/en/products/detail/stmicroelectronics/M74HC40103RM13TR/1664074,38 MHz,Down,,Binary Counter,8,1,-55°C ~ 125°C,,Asynchronous,74HC,Synchronous,Positive Edge,2 V ~ 6 V
M74HC4017B1R,STMicroelectronics,IC DECADE COUNTER 10BIT 16DIP,pmic-gate-drivers,0,0.21325,"16-DIP (0.300"", 7.62mm)",Through Hole,Obsolete,https://www.digikey.com//mm.digikey.com/Volume0/opasdata/d220001/medias/docus/1/M74HC4017.pdf,https://www.digikey.com/en/products/detail/stmicroelectronics/M74HC4017B1R/591928,48 MHz,Up,,"Counter, Decade",10,1,-55°C ~ 125°C (TA),,Asynchronous,74HC,Synchronous,"Positive, Negative",2 V ~ 6 V
M74HC4017RM13TR,STMicroelectronics,IC DECADE COUNTER 10BIT 16SO,pmic-gate-drivers,0,0.17706,"16-SOIC (0.154"", 3.90mm Width)",Surface Mount,Obsolete,https://www.digikey.com//mm.digikey.com/Volume0/opasdata/d220001/medias/docus/1/M74HC4017.pdf,https://www.digikey.com/en/products/detail/stmicroelectronics/M74HC4017RM13TR/591929,48 MHz,Up,,"Counter, Decade",10,1,-55°C ~ 125°C (TA),,Asynchronous,74HC,Synchronous,"Positive, Negative",2 V ~ 6 V
M74HC4020B1R,STMicroelectronics,IC BINARY COUNTER 14-BIT 16DIP,pmic-gate-drivers,1881,0.92,"16-DIP (0.300"", 7.62mm)",Through Hole,Obsolete,https://www.digikey.com//mm.digikey.com/Volume0/opasdata/d220001/medias/docus/1/M74HC4020.pdf,https://www.digikey.com/en/products/detail/stmicroelectronics/M74HC4020B1R/1038832,70 MHz,Up,,Binary Counter,14,1,-55°C ~ 125°C,,Asynchronous,74HC,,Negative Edge,2 V ~ 6 V
M74HC4020RM13TR,STMicroelectronics,IC BINARY COUNTER 14-BIT 16SO,pmic-gate-drivers,0,0.12118,"16-SOIC (0.154"", 3.90mm Width)",Surface Mount,Obsolete,https://www.digikey.com//mm.digikey.com/Volume0/opasdata/d220001/medias/docus/1/M74HC4020.pdf,https://www.digikey.com/en/products/detail/stmicroelectronics/M74HC4020RM13TR/591930,70 MHz,Up,,Binary Counter,14,1,-55°C ~ 125°C,,Asynchronous,74HC,,Negative Edge,2 V ~ 6 V
M74HC4024RM13TR,STMicroelectronics,IC BINARY COUNTER 7-BIT 14SO,pmic-gate-drivers,0,0.25655,"14-SOIC (0.154"", 3.90mm Width)",Surface Mount,Obsolete,https://www.digikey.com//mm.digikey.com/Volume0/opasdata/d220001/medias/docus/1/M74HC4024.pdf,https://www.digikey.com/en/products/detail/stmicroelectronics/M74HC4024RM13TR/591932,79 MHz,Up,,Binary Counter,7,1,-55°C ~ 125°C,,Asynchronous,74HC,,Negative Edge,2 V ~ 6 V
M74HC4040RM13TR,STMicroelectronics,IC BINARY COUNTER 12-BIT 16SO,pmic-gate-drivers,0,0.17155,"16-SOIC (0.154"", 3.90mm Width)",Surface Mount,Obsolete,https://www.st.com/content/ccc/resource/technical/document/datasheet/cf/1e/9a/ac/c2/d9/43/5e/CD00002533.pdf/files/CD00002533.pdf/jcr:content/translations/en.CD00002533.pdf,https://www.digikey.com/en/products/detail/stmicroelectronics/M74HC4040RM13TR/1038833,70 MHz,Up,,Binary Counter,12,1,-55°C ~ 125°C,,Asynchronous,74HC,,Negative Edge,2 V ~ 6 V
M74HC4040TTR,STMicroelectronics,IC BINARY COUNTER 12BIT 16TSSOP,pmic-gate-drivers,0,0.21141,"16-TSSOP (0.173"", 4.40mm Width)",Surface Mount,Obsolete,https://www.st.com/content/ccc/resource/technical/document/datasheet/cf/1e/9a/ac/c2/d9/43/5e/CD00002533.pdf/files/CD00002533.pdf/jcr:content/translations/en.CD00002533.pdf,https://www.digikey.com/en/products/detail/stmicroelectronics/M74HC4040TTR/1038834,70 MHz,Up,,Binary Counter,12,1,-55°C ~ 125°C,,Asynchronous,74HC,,Negative Edge,2 V ~ 6 V
M74HC4060B1R,STMicroelectronics,IC BINARY COUNTER 14-BIT 16DIP,pmic-gate-drivers,0,0.47988,"16-DIP (0.300"", 7.62mm)",Through Hole,Obsolete,https://www.st.com/content/ccc/resource/technical/document/datasheet/64/c8/d7/39/5c/a3/44/3d/CD00000318.pdf/files/CD00000318.pdf/jcr:content/translations/en.CD00000318.pdf,https://www.digikey.com/en/products/detail/stmicroelectronics/M74HC4060B1R/591944,65 MHz,Up,,Binary Counter,14,1,-55°C ~ 125°C (TA),,Asynchronous,74HC,,Negative Edge,2 V ~ 6 V
M74HC4060RM13TR,STMicroelectronics,IC BINARY COUNTER 14-BIT 16SO,pmic-gate-drivers,4843,0.88,"16-SOIC (0.154"", 3.90mm Width)",Surface Mount,Active,https://www.st.com/content/ccc/resource/technical/document/datasheet/64/c8/d7/39/5c/a3/44/3d/CD00000318.pdf/files/CD00000318.pdf/jcr:content/translations/en.CD00000318.pdf,https://www.digikey.com/en/products/detail/stmicroelectronics/M74HC4060RM13TR/591945,65 MHz,Up,,Binary Counter,14,1,-55°C ~ 125°C (TA),,Asynchronous,74HC,,Negative Edge,2 V ~ 6 V
M74HC4060TTR,STMicroelectronics,IC BINARY COUNTER 14BIT 16TSSOP,pmic-gate-drivers,0,0.16328,"16-TSSOP (0.173"", 4.40mm Width)",Surface Mount,Obsolete,https://www.st.com/content/ccc/resource/technical/document/datasheet/64/c8/d7/39/5c/a3/44/3d/CD00000318.pdf/files/CD00000318.pdf/jcr:content/translations/en.CD00000318.pdf,https://www.digikey.com/en/products/detail/stmicroelectronics/M74HC4060TTR/1038839,65 MHz,Up,,Binary Counter,14,1,-55°C ~ 125°C (TA),,Asynchronous,74HC,,Negative Edge,2 V ~ 6 V
M74HC4060YRM13TR,STMicroelectronics,IC BINARY COUNTER 14-BIT 16SO,pmic-gate-drivers,4910,0.97,"16-SOIC (0.154"", 3.90mm Width)",Surface Mount,Active,https://www.st.com/content/ccc/resource/technical/document/datasheet/64/c8/d7/39/5c/a3/44/3d/CD00000318.pdf/files/CD00000318.pdf/jcr:content/translations/en.CD00000318.pdf,https://www.digikey.com/en/products/detail/stmicroelectronics/M74HC4060YRM13TR/4725945,65 MHz,Up,Automotive,Binary Counter,14,1,-40°C ~ 125°C (TA),AEC-Q100,Asynchronous,74HC,,Negative Edge,2 V ~ 6 V
M74HC4060YTTR,STMicroelectronics,IC BINARY COUNTER 14BIT 16TSSOP,pmic-gate-drivers,1926,1.13,"16-TSSOP (0.173"", 4.40mm Width)",Surface Mount,Active,https://www.st.com/content/ccc/resource/technical/document/datasheet/64/c8/d7/39/5c/a3/44/3d/CD00000318.pdf/files/CD00000318.pdf/jcr:content/translations/en.CD00000318.pdf,https://www.digikey.com/en/products/detail/stmicroelectronics/M74HC4060YTTR/4725946,65 MHz,Up,Automotive,Binary Counter,14,1,-40°C ~ 125°C (TA),AEC-Q100,Asynchronous,74HC,,Negative Edge,2 V ~ 6 V
M74HC4518RM13TR,STMicroelectronics,IC DECADE COUNTER DL 4BIT 16SO,pmic-gate-drivers,0,0.1335,"16-SOIC (0.154"", 3.90mm Width)",Surface Mount,Obsolete,https://www.st.com/content/ccc/resource/technical/document/datasheet/f3/64/ff/ed/1d/98/43/16/CD00000330.pdf/files/CD00000330.pdf/jcr:content/translations/en.CD00000330.pdf,https://www.digikey.com/en/products/detail/stmicroelectronics/M74HC4518RM13TR/1664078,60 MHz,Up,,"Counter, Decade",4,2,-55°C ~ 125°C,,Asynchronous,74HC,,"Positive, Negative",2 V ~ 6 V
M74HC4520RM13TR,STMicroelectronics,IC BINARY COUNTER DL 4BIT 16SO,pmic-gate-drivers,0,0.25655,"16-SOIC (0.154"", 3.90mm Width)",Surface Mount,Obsolete,https://www.digikey.com//mm.digikey.com/Volume0/opasdata/d220001/medias/docus/1/M74HC4520.pdf,https://www.digikey.com/en/products/detail/stmicroelectronics/M74HC4520RM13TR/591956,60 MHz,Up,,Binary Counter,4,2,-55°C ~ 125°C,,Asynchronous,74HC,,"Positive, Negative",2 V ~ 6 V
M74HC590B1R,STMicroelectronics,IC BINARY COUNTER 8-BIT 16DIP,pmic-gate-drivers,0,0.64008,"16-DIP (0.300"", 7.62mm)",Through Hole,Obsolete,https://www.digikey.com//mm.digikey.com/Volume0/opasdata/d220001/medias/docus/1121/M74HC590.pdf,https://www.digikey.com/en/products/detail/stmicroelectronics/M74HC590B1R/591972,61 MHz,Up,,Binary Counter,8,1,-55°C ~ 125°C,,Asynchronous,74HC,,Positive Edge,2 V ~ 6 V
M74HC590RM13TR,STMicroelectronics,IC BINARY COUNTER 8-BIT 16SO,pmic-gate-drivers,0,0.19906,"16-SOIC (0.154"", 3.90mm Width)",Surface Mount,Obsolete,https://www.digikey.com//mm.digikey.com/Volume0/opasdata/d220001/medias/docus/1121/M74HC590.pdf,https://www.digikey.com/en/products/detail/stmicroelectronics/M74HC590RM13TR/1038852,61 MHz,Up,,Binary Counter,8,1,-55°C ~ 125°C,,Asynchronous,74HC,,Positive Edge,2 V ~ 6 V
M74HC590TTR,STMicroelectronics,IC BINARY COUNTER 8-BIT 16TSSOP,pmic-gate-drivers,0,0.63469,"16-TSSOP (0.173"", 4.40mm Width)",Surface Mount,Obsolete,https://www.digikey.com//mm.digikey.com/Volume0/opasdata/d220001/medias/docus/1121/M74HC590.pdf,https://www.digikey.com/en/products/detail/stmicroelectronics/M74HC590TTR/1038853,61 MHz,Up,,Binary Counter,8,1,-55°C ~ 125°C,,Asynchronous,74HC,,Positive Edge,2 V ~ 6 V
M74HC592TTR,STMicroelectronics,IC BINARY COUNTER 8-BIT 16TSSOP,pmic-gate-drivers,0,0.16879,"16-TSSOP (0.173"", 4.40mm Width)",Surface Mount,Obsolete,https://www.st.com/content/ccc/resource/technical/document/datasheet/ff/eb/91/e7/ca/0d/4c/34/CD00000338.pdf/files/CD00000338.pdf/jcr:content/translations/en.CD00000338.pdf,https://www.digikey.com/en/products/detail/stmicroelectronics/M74HC592TTR/1038854,53 MHz,Up,,Binary Counter,8,1,-55°C ~ 125°C,,,74HC,,Positive Edge,2 V ~ 6 V
MC100E016FN,onsemi,IC BINARY COUNTER 8-BIT 28PLCC,pmic-gate-drivers,0,7.3,28-LCC (J-Lead),Surface Mount,Obsolete,https://www.onsemi.com/pdf/datasheet/mc10e016-d.pdf,https://www.digikey.com/en/products/detail/onsemi/MC100E016FN/643324,900 MHz,Up,,Binary Counter,8,1,0°C ~ 85°C,,Asynchronous,100E,Synchronous,Positive Edge,4.2 V ~ 5.7 V
MC100E016FNG,onsemi,IC COUNTER 8BIT SYNC ECL 28PLCC,pmic-gate-drivers,2032,7.31,-,-,Active,https://www.onsemi.com/pdf/datasheet/mc10e016-d.pdf,https://www.digikey.com/en/products/detail/onsemi/MC100E016FNG/12607733,,,,,,,,,,*,,,
MC100E016FNR2,onsemi,IC BINARY COUNTER 8-BIT 28PLCC,pmic-gate-drivers,0,6.25,28-LCC (J-Lead),Surface Mount,Obsolete,https://www.onsemi.com/pdf/datasheet/mc10e016-d.pdf,https://www.digikey.com/en/products/detail/onsemi/MC100E016FNR2/1477287,900 MHz,Up,,Binary Counter,8,1,0°C ~ 85°C,,Asynchronous,100E,Synchronous,Positive Edge,4.2 V ~ 5.7 V
MC100E136FNG,onsemi,IC BINARY COUNTER 6-BIT 28PLCC,pmic-gate-drivers,0,7.3,28-LCC (J-Lead),Surface Mount,Obsolete,,https://www.digikey.com/en/products/detail/onsemi/MC100E136FNG/1477316,650 MHz,"Up, Down",,Binary Counter,6,1,0°C ~ 85°C,,Asynchronous,100E,Synchronous,Positive Edge,4.2 V ~ 5.7 V
MC100E136FNR2G,onsemi,IC BINARY COUNTER 6-BIT 28PLCC,pmic-gate-drivers,0,5.5625,28-LCC (J-Lead),Surface Mount,Obsolete,,https://www.digikey.com/en/products/detail/onsemi/MC100E136FNR2G/1477318,650 MHz,"Up, Down",,Binary Counter,6,1,0°C ~ 85°C,,Asynchronous,100E,Synchronous,Positive Edge,4.2 V ~ 5.7 V
MC100E137FN,onsemi,IC BINARY COUNTER 8-BIT 28PLCC,pmic-gate-drivers,0,4.51,28-LCC (J-Lead),Surface Mount,Obsolete,https://www.onsemi.com/pdf/datasheet/mc10e137-d.pdf,https://www.digikey.com/en/products/detail/onsemi/MC100E137FN/1477319,2.2 GHz,Up,,Binary Counter,8,1,0°C ~ 85°C,,Asynchronous,100E,Asynchronous,"Positive, Negative",4.2 V ~ 5.5 V
MC100E137FNG,onsemi,IC RIPPLE COUNTER 8BIT HS 28PLCC,pmic-gate-drivers,7820,7.31,-,-,Active,https://www.onsemi.com/pdf/datasheet/mc10e137-d.pdf,https://www.digikey.com/en/products/detail/onsemi/MC100E137FNG/12593903,,,,,,,,,,*,,,
MC100E137FNR2G,onsemi,IC BINARY COUNTER 8-BIT 28PLCC,pmic-gate-drivers,0,5.5625,28-LCC (J-Lead),Surface Mount,Obsolete,https://www.onsemi.com/pdf/datasheet/mc10e137-d.pdf,https://www.digikey.com/en/products/detail/onsemi/MC100E137FNR2G/1477322,2.2 GHz,Up,,Binary Counter,8,1,0°C ~ 85°C,,Asynchronous,100E,Asynchronous,"Positive, Negative",4.2 V ~ 5.5 V
MC100EL32D,onsemi,IC DIVIDER DIV X2 ECL 5V 8SOIC,pmic-gate-drivers,10709,2.05,"8-SOIC (0.154"", 3.90mm Width)",Surface Mount,Active,https://www.onsemi.com/pdf/datasheet/mc10el32-d.pdf,https://www.digikey.com/en/products/detail/onsemi/MC100EL32D/11558844,3 GHz,Up,,Divide-by-2,1,1,-40°C ~ 85°C,,Asynchronous,100EL,,"Positive, Negative",4.2 V ~ 5.7 V
MC100EL32DG,onsemi,IC DIVIDER BY 2 1-BIT 8SOIC,pmic-gate-drivers,923,6.12,"8-SOIC (0.154"", 3.90mm Width)",Surface Mount,Obsolete,https://www.onsemi.com/pdf/datasheet/mc10el32-d.pdf,https://www.digikey.com/en/products/detail/onsemi/MC100EL32DG/918680,3 GHz,Up,,Divide-by-2,1,1,-40°C ~ 85°C,,Asynchronous,100EL,,"Positive, Negative",4.2 V ~ 5.7 V
MC100EL32DR2,onsemi,IC DIVIDER DIV X2 5V ECL 8-SOIC,pmic-gate-drivers,20000,2.05,"8-SOIC (0.154"", 3.90mm Width)",Surface Mount,Active,https://www.onsemi.com/pdf/datasheet/mc10el32-d.pdf,https://www.digikey.com/en/products/detail/onsemi/MC100EL32DR2/11551995,3 GHz,Up,,Divide-by-2,1,1,-40°C ~ 85°C,,Asynchronous,100EL,,"Positive, Negative",4.2 V ~ 5.7 V
MC100EL32DR2G,onsemi,IC DIVIDER BY 2 1-BIT 8SOIC,pmic-gate-drivers,2206,6.12,"8-SOIC (0.154"", 3.90mm Width)",Surface Mount,Active,https://www.onsemi.com/pdf/datasheet/mc10el32-d.pdf,https://www.digikey.com/en/products/detail/onsemi/MC100EL32DR2G/1477458,3 GHz,Up,,Divide-by-2,1,1,-40°C ~ 85°C,,Asynchronous,100EL,,"Positive, Negative",4.2 V ~ 5.7 V
MC100EL32DT,onsemi,IC DIVIDER BY 2 1-BIT 8TSSOP,pmic-gate-drivers,0,2.05,"8-TSSOP, 8-MSOP (0.118"", 3.00mm Width)",Surface Mount,Obsolete,https://www.onsemi.com/pdf/datasheet/mc10el32-d.pdf,https://www.digikey.com/en/products/detail/onsemi/MC100EL32DT/661989,3 GHz,Up,,Divide-by-2,1,1,-40°C ~ 85°C,,Asynchronous,100EL,,"Positive, Negative",4.2 V ~ 5.7 V
MC100EL32DTG,onsemi,IC DIVIDER BY 2 1-BIT 8TSSOP,pmic-gate-drivers,0,3.69,"8-TSSOP, 8-MSOP (0.118"", 3.00mm Width)",Surface Mount,Obsolete,https://www.onsemi.com/pdf/datasheet/mc10el32-d.pdf,https://www.digikey.com/en/products/detail/onsemi/MC100EL32DTG/920638,3 GHz,Up,,Divide-by-2,1,1,-40°C ~ 85°C,,Asynchronous,100EL,,"Positive, Negative",4.2 V ~ 5.7 V
MC100EL32DTR2G,onsemi,IC DIVIDER BY 2 1-BIT 8TSSOP,pmic-gate-drivers,2500,3.69,"8-TSSOP, 8-MSOP (0.118"", 3.00mm Width)",Surface Mount,Obsolete,https://www.onsemi.com/pdf/datasheet/mc10el32-d.pdf,https://www.digikey.com/en/products/detail/onsemi/MC100EL32DTR2G/11534073,3 GHz,Up,,Divide-by-2,1,1,-40°C ~ 85°C,,Asynchronous,100EL,,"Positive, Negative",4.2 V ~ 5.7 V
MC100EL32MNR4G,onsemi,MC100EL32 - 5V ECL DIVIDE BY 2 D,pmic-gate-drivers,11000,3.69,-,-,Active,https://rocelec.widen.net/view/pdf/u2ccdkes3s/ONSMS15677-1.pdf?t.download=true&u=5oefqw,https://www.digikey.com/en/products/detail/rochester-electronics-llc/MC100EL32MNR4G/15640967,,,,,,,,,,*,,,
MC100EL33D,onsemi,IC DIVIDER DIV X4 ECL DIFF 8SOIC,pmic-gate-drivers,11860,2.05,"8-SOIC (0.154"", 3.90mm Width)",Surface Mount,Active,https://www.onsemi.com/pdf/datasheet/mc10el33-d.pdf,https://www.digikey.com/en/products/detail/onsemi/MC100EL33D/11524402,4.2 GHz,,,Divide-by-4,2,1,-40°C ~ 85°C,,Asynchronous,100EL,,"Positive, Negative",4.2 V ~ 5.7 V
MC100EL33DG,onsemi,IC DIVIDER BY 4 1-BIT 8SOIC,pmic-gate-drivers,47,6.12,"8-SOIC (0.154"", 3.90mm Width)",Surface Mount,Obsolete,https://www.onsemi.com/pdf/datasheet/mc10el33-d.pdf,https://www.digikey.com/en/products/detail/onsemi/MC100EL33DG/10471776,4.2 GHz,,,Divide-by-4,2,1,-40°C ~ 85°C,,Asynchronous,100EL,,"Positive, Negative",4.2 V ~ 5.7 V
MC100EL33DR2G,onsemi,IC DIVIDER BY 4 1-BIT 8SOIC,pmic-gate-drivers,0,3.7,"8-SOIC (0.154"", 3.90mm Width)",Surface Mount,Obsolete,https://www.onsemi.com/pdf/datasheet/mc10el33-d.pdf,https://www.digikey.com/en/products/detail/onsemi/MC100EL33DR2G/1477462,4.2 GHz,,,Divide-by-4,2,1,-40°C ~ 85°C,,Asynchronous,100EL,,"Positive, Negative",4.2 V ~ 5.7 V
MC100EL33DT,onsemi,IC DIVIDER DIV X4 ECL DFF 8TSSOP,pmic-gate-drivers,25778,2.05,"8-TSSOP, 8-MSOP (0.118"", 3.00mm Width)",Surface Mount,Active,https://www.onsemi.com/pdf/datasheet/mc10el33-d.pdf,https://www.digikey.com/en/products/detail/onsemi/MC100EL33DT/11552331,4.2 GHz,,,Divide-by-4,2,1,-40°C ~ 85°C,,Asynchronous,100EL,,"Positive, Negative",4.2 V ~ 5.7 V
MC100EL33DTG,onsemi,IC DIVIDER BY 4 1-BIT 8TSSOP,pmic-gate-drivers,0,3.69,"8-TSSOP, 8-MSOP (0.118"", 3.00mm Width)",Surface Mount,Obsolete,https://www.onsemi.com/pdf/datasheet/mc10el33-d.pdf,https://www.digikey.com/en/products/detail/onsemi/MC100EL33DTG/920639,4.2 GHz,,,Divide-by-4,2,1,-40°C ~ 85°C,,Asynchronous,100EL,,"Positive, Negative",4.2 V ~ 5.7 V
MC100EL33DTR2,onsemi,IC DIVIDER BY 4 1-BIT 8TSSOP,pmic-gate-drivers,0,2.05,"8-TSSOP, 8-MSOP (0.118"", 3.00mm Width)",Surface Mount,Obsolete,https://www.onsemi.com/pdf/datasheet/mc10el33-d.pdf,https://www.digikey.com/en/products/detail/onsemi/MC100EL33DTR2/1477463,4.2 GHz,,,Divide-by-4,2,1,-40°C ~ 85°C,,Asynchronous,100EL,,"Positive, Negative",4.2 V ~ 5.7 V
MC100EL33DTR2G,onsemi,IC DIVIDER BY 4 1-BIT 8TSSOP,pmic-gate-drivers,7500,3.69,"8-TSSOP, 8-MSOP (0.118"", 3.00mm Width)",Surface Mount,Obsolete,https://www.onsemi.com/pdf/datasheet/mc10el33-d.pdf,https://www.digikey.com/en/products/detail/onsemi/MC100EL33DTR2G/11523623,4.2 GHz,,,Divide-by-4,2,1,-40°C ~ 85°C,,Asynchronous,100EL,,"Positive, Negative",4.2 V ~ 5.7 V
MC100EP016AFA,onsemi,IC COUNTER 8BIT SYNC ECL 32LQFP,pmic-gate-drivers,0,16.25,32-LQFP,Surface Mount,Obsolete,https://www.onsemi.com/pdf/datasheet/mc100ep016a-d.pdf,https://www.digikey.com/en/products/detail/onsemi/MC100EP016AFA/661972,1.4 GHz,Up,,Binary Counter,8,1,-40°C ~ 70°C,,Asynchronous,100EP,Synchronous,"Positive, Negative",3 V ~ 3.6 V
MC100EP016AFAG,onsemi,IC BINARY COUNTER 8-BIT 32LQFP,pmic-gate-drivers,0,29.32,32-LQFP,Surface Mount,Active,https://www.onsemi.com/pdf/datasheet/mc100ep016a-d.pdf,https://www.digikey.com/en/products/detail/onsemi/MC100EP016AFAG/920658,1.4 GHz,Up,,Binary Counter,8,1,-40°C ~ 70°C,,Asynchronous,100EP,Synchronous,"Positive, Negative",3 V ~ 3.6 V
MC100EP016AFAR2,onsemi,IC COUNTER 8BIT SYNC ECL 32LQFP,pmic-gate-drivers,0,16.25,32-LQFP,Surface Mount,Obsolete,https://www.onsemi.com/pdf/datasheet/mc100ep016a-d.pdf,https://www.digikey.com/en/products/detail/onsemi/MC100EP016AFAR2/643247,1.4 GHz,Up,,Binary Counter,8,1,-40°C ~ 70°C,,Asynchronous,100EP,Synchronous,"Positive, Negative",3 V ~ 3.6 V
MC100EP016AMNG,onsemi,IC BINARY COUNTER 8-BIT 32QFN,pmic-gate-drivers,1109,25.83,32-VFQFN Exposed Pad,Surface Mount,Active,https://www.onsemi.com/pdf/datasheet/mc100ep016a-d.pdf,https://www.digikey.com/en/products/detail/onsemi/MC100EP016AMNG/1792241,1.4 GHz,Up,,Binary Counter,8,1,-40°C ~ 70°C,,Asynchronous,100EP,Synchronous,"Positive, Negative",3 V ~ 3.6 V
MC100EP016AMNR4G,onsemi,IC BINARY COUNTER 8-BIT 32QFN,pmic-gate-drivers,199,27.42,32-VFQFN Exposed Pad,Surface Mount,Active,https://www.onsemi.com/pdf/datasheet/mc100ep016a-d.pdf,https://www.digikey.com/en/products/detail/onsemi/MC100EP016AMNR4G/1792242,1.4 GHz,Up,,Binary Counter,8,1,-40°C ~ 70°C,,Asynchronous,100EP,Synchronous,"Positive, Negative",3 V ~ 3.6 V
MC100EP32D,onsemi,IC DIVIDER DIV X2 ECL CLK 8SOIC,pmic-gate-drivers,34792,3.26,"8-SOIC (0.154"", 3.90mm Width)",Surface Mount,Active,https://www.onsemi.com/pdf/datasheet/mc10ep32-d.pdf,https://www.digikey.com/en/products/detail/onsemi/MC100EP32D/11551532,4 GHz,,,Divide-by-2,1,1,-40°C ~ 85°C,,Asynchronous,100EP,,"Positive, Negative",3 V ~ 5.5 V
MC100EP32DG,onsemi,IC DIVIDER BY 2 1-BIT 8SOIC,pmic-gate-drivers,96,10.99,"8-SOIC (0.154"", 3.90mm Width)",Surface Mount,Active,https://www.onsemi.com/pdf/datasheet/mc10ep32-d.pdf,https://www.digikey.com/en/products/detail/onsemi/MC100EP32DG/920693,4 GHz,,,Divide-by-2,1,1,-40°C ~ 85°C,,Asynchronous,100EP,,"Positive, Negative",3 V ~ 5.5 V
MC100EP32DR2G,onsemi,IC DIVIDER BY 2 1-BIT 8SOIC,pmic-gate-drivers,2413,10.18,"8-SOIC (0.154"", 3.90mm Width)",Surface Mount,Active,https://www.onsemi.com/pdf/datasheet/mc10ep32-d.pdf,https://www.digikey.com/en/products/detail/onsemi/MC100EP32DR2G/1477584,4 GHz,,,Divide-by-2,1,1,-40°C ~ 85°C,,Asynchronous,100EP,,"Positive, Negative",3 V ~ 5.5 V
MC100EP32DT,onsemi,IC DIVIDER DIV X2 ECL CLK 8TSSOP,pmic-gate-drivers,32939,5.31,"8-TSSOP, 8-MSOP (0.118"", 3.00mm Width)",Surface Mount,Active,https://www.onsemi.com/pdf/datasheet/mc10ep32-d.pdf,https://www.digikey.com/en/products/detail/onsemi/MC100EP32DT/11514569,4 GHz,,,Divide-by-2,1,1,-40°C ~ 85°C,,Asynchronous,100EP,,"Positive, Negative",3 V ~ 5.5 V
MC100EP32DTG,onsemi,IC DIVIDER BY 2 1-BIT 8TSSOP,pmic-gate-drivers,646,11.2,"8-TSSOP, 8-MSOP (0.118"", 3.00mm Width)",Surface Mount,Active,https://www.onsemi.com/pdf/datasheet/mc10ep32-d.pdf,https://www.digikey.com/en/products/detail/onsemi/MC100EP32DTG/918716,4 GHz,,,Divide-by-2,1,1,-40°C ~ 85°C,,Asynchronous,100EP,,"Positive, Negative",3 V ~ 5.5 V
MC100EP32DTR2,onsemi,IC DIVIDER BY 2 1-BIT 8TSSOP,pmic-gate-drivers,0,5.0,"8-TSSOP, 8-MSOP (0.118"", 3.00mm Width)",Surface Mount,Obsolete,https://www.onsemi.com/pdf/datasheet/mc10ep32-d.pdf,https://www.digikey.com/en/products/detail/onsemi/MC100EP32DTR2/1477585,4 GHz,,,Divide-by-2,1,1,-40°C ~ 85°C,,Asynchronous,100EP,,"Positive, Negative",3 V ~ 5.5 V
MC100EP32DTR2 REEL,onsemi,MC100EP32DTR2  REEL,pmic-gate-drivers,1552,3.26,-,-,Active,https://rocelec.widen.net/view/pdf/qcx0gfseqz/ONSMS14655-1.pdf?t.download=true&u=5oefqw,https://www.digikey.com/en/products/detail/rochester-electronics-llc/MC100EP32DTR2-REEL/12607770,,,,,,,,,,*,,,
MC100EP32DTR2G,onsemi,IC DIVIDER BY 2 1-BIT 8TSSOP,pmic-gate-drivers,643,12.17,"8-TSSOP, 8-MSOP (0.118"", 3.00mm Width)",Surface Mount,Active,https://www.onsemi.com/pdf/datasheet/mc10ep32-d.pdf,https://www.digikey.com/en/products/detail/onsemi/MC100EP32DTR2G/1477586,4 GHz,,,Divide-by-2,1,1,-40°C ~ 85°C,,Asynchronous,100EP,,"Positive, Negative",3 V ~ 5.5 V
MC100EP32MNR4G,onsemi,IC DIVIDER BY 2 1-BIT 8DFN,pmic-gate-drivers,1667,9.77,8-VFDFN Exposed Pad,Surface Mount,Active,https://www.onsemi.com/pdf/datasheet/mc10ep32-d.pdf,https://www.digikey.com/en/products/detail/onsemi/MC100EP32MNR4G/1477588,4 GHz,,,Divide-by-2,1,1,-40°C ~ 85°C,,Asynchronous,100EP,,"Positive, Negative",3 V ~ 5.5 V
MC100EP33D,onsemi,IC DIVIDER BY 4 1-BIT 8SOIC,pmic-gate-drivers,0,4.94337,"8-SOIC (0.154"", 3.90mm Width)",Surface Mount,Obsolete,https://www.onsemi.com/pdf/datasheet/mc10ep33-d.pdf,https://www.digikey.com/en/products/detail/onsemi/MC100EP33D/662308,4 GHz,,,Divide-by-4,2,1,-40°C ~ 85°C,,Asynchronous,100EP,,"Positive, Negative",3 V ~ 5.5 V
MC100EP33DG,onsemi,IC DIVIDER BY 4 1-BIT 8SOIC,pmic-gate-drivers,0,11.58,"8-SOIC (0.154"", 3.90mm Width)",Surface Mount,Obsolete,https://www.onsemi.com/pdf/datasheet/mc10ep33-d.pdf,https://www.digikey.com/en/products/detail/onsemi/MC100EP33DG/920694,4 GHz,,,Divide-by-4,2,1,-40°C ~ 85°C,,Asynchronous,100EP,,"Positive, Negative",3 V ~ 5.5 V
MC100EP33DR2G,onsemi,IC DIVIDER BY 4 1-BIT 8SOIC,pmic-gate-drivers,0,4.93,"8-SOIC (0.154"", 3.90mm Width)",Surface Mount,Obsolete,https://www.onsemi.com/pdf/datasheet/mc10ep33-d.pdf,https://www.digikey.com/en/products/detail/onsemi/MC100EP33DR2G/1477590,4 GHz,,,Divide-by-4,2,1,-40°C ~ 85°C,,Asynchronous,100EP,,"Positive, Negative",3 V ~ 5.5 V
MC100EP33DT,onsemi,IC DIVIDER DIV X4 ECL CLK 8TSSOP,pmic-gate-drivers,26003,3.26,"8-TSSOP, 8-MSOP (0.118"", 3.00mm Width)",Surface Mount,Active,https://www.onsemi.com/pdf/datasheet/mc10ep33-d.pdf,https://www.digikey.com/en/products/detail/onsemi/MC100EP33DT/11525873,4 GHz,,,Divide-by-4,2,1,-40°C ~ 85°C,,Asynchronous,100EP,,"Positive, Negative",3.3 V ~ 5.5 V
MC100EP33DTG,onsemi,IC DIVIDER BY 4 1-BIT 8TSSOP,pmic-gate-drivers,174,11.38,"8-TSSOP, 8-MSOP (0.118"", 3.00mm Width)",Surface Mount,Active,https://www.onsemi.com/pdf/datasheet/mc10ep33-d.pdf,https://www.digikey.com/en/products/detail/onsemi/MC100EP33DTG/920695,4 GHz,,,Divide-by-4,2,1,-40°C ~ 85°C,,Asynchronous,100EP,,"Positive, Negative",3 V ~ 5.5 V
MC100EP33DTR2,Sanyo,IC DIVIDER BY 4 1-BIT 8TSSOP,pmic-gate-drivers,2500,3.26,"8-TSSOP, 8-MSOP (0.118"", 3.00mm Width)",Surface Mount,Obsolete,https://rocelec.widen.net/view/pdf/pv2mn79igq/ONSMS14751-1.pdf?t.download=true&u=5oefqw,https://www.digikey.com/en/products/detail/rochester-electronics-llc/MC100EP33DTR2/11551897,4 GHz,,,Divide-by-4,2,1,-40°C ~ 85°C (TA),,Asynchronous,,,"Positive, Negative",3 V ~ 5.5 V
MC100EP33DTR2G,onsemi,IC DIVIDER BY 4 1-BIT 8TSSOP,pmic-gate-drivers,2285,11.03,"8-TSSOP, 8-MSOP (0.118"", 3.00mm Width)",Surface Mount,Active,https://www.onsemi.com/pdf/datasheet/mc10ep33-d.pdf,https://www.digikey.com/en/products/detail/onsemi/MC100EP33DTR2G/1477592,4 GHz,,,Divide-by-4,2,1,-40°C ~ 85°C,,Asynchronous,100EP,,"Positive, Negative",3 V ~ 5.5 V
MC100EP33MNR4G,onsemi,IC DIVIDER BY 4 1-BIT 8DFN,pmic-gate-drivers,0,9.14,8-VFDFN Exposed Pad,Surface Mount,Active,https://www.onsemi.com/pdf/datasheet/mc10ep33-d.pdf,https://www.digikey.com/en/products/detail/onsemi/MC100EP33MNR4G/1477594,4 GHz,,,Divide-by-4,2,1,-40°C ~ 85°C,,Asynchronous,100EP,,"Positive, Negative",3 V ~ 5.5 V
MC100LVEL32D,onsemi,IC DIVIDER DIV X2 ECL 3.3V 8SOIC,pmic-gate-drivers,0,3.88602,"8-SOIC (0.154"", 3.90mm Width)",Surface Mount,Obsolete,https://www.onsemi.com/pdf/datasheet/mc100lvel32-d.pdf,https://www.digikey.com/en/products/detail/onsemi/MC100LVEL32D/662409,2.6 GHz,,,Divide-by-2,1,1,-40°C ~ 85°C,,Asynchronous,100LVEL,,"Positive, Negative",3 V ~ 3.8 V
MC100LVEL32DG,onsemi,IC DIVIDER BY 2 1-BIT 8SOIC,pmic-gate-drivers,81,6.12,"8-SOIC (0.154"", 3.90mm Width)",Surface Mount,Active,https://www.onsemi.com/pdf/datasheet/mc100lvel32-d.pdf,https://www.digikey.com/en/products/detail/onsemi/MC100LVEL32DG/920728,2.6 GHz,,,Divide-by-2,1,1,-40°C ~ 85°C,,Asynchronous,100LVEL,,"Positive, Negative",3 V ~ 3.8 V
MC100LVEL32DR2,onsemi,IC DIVIDER DIV X2 3.3V 8-SOIC,pmic-gate-drivers,12500,2.05,"8-SOIC (0.154"", 3.90mm Width)",Surface Mount,Active,https://www.onsemi.com/pdf/datasheet/mc100lvel32-d.pdf,https://www.digikey.com/en/products/detail/onsemi/MC100LVEL32DR2/11550937,2.6 GHz,,,Divide-by-2,1,1,-40°C ~ 85°C,,Asynchronous,100LVEL,,"Positive, Negative",3 V ~ 3.8 V
MC100LVEL32DR2G,onsemi,IC DIVIDER BY 2 1-BIT 8SOIC,pmic-gate-drivers,3111,6.61,"8-SOIC (0.154"", 3.90mm Width)",Surface Mount,Active,https://www.onsemi.com/pdf/datasheet/mc100lvel32-d.pdf,https://www.digikey.com/en/products/detail/onsemi/MC100LVEL32DR2G/1477745,2.6 GHz,,,Divide-by-2,1,1,-40°C ~ 85°C,,Asynchronous,100LVEL,,"Positive, Negative",3 V ~ 3.8 V
MC100LVEL32DT,onsemi,IC DIVIDER BY 2 1-BIT 8TSSOP,pmic-gate-drivers,0,3.8766,"8-TSSOP, 8-MSOP (0.118"", 3.00mm Width)",Surface Mount,Obsolete,https://www.onsemi.com/pdf/datasheet/mc100lvel32-d.pdf,https://www.digikey.com/en/products/detail/onsemi/MC100LVEL32DT/662410,2.6 GHz,,,Divide-by-2,1,1,-40°C ~ 85°C,,Asynchronous,100LVEL,,"Positive, Negative",3 V ~ 3.8 V
MC100LVEL32DTG,onsemi,IC DIVIDER BY 2 1-BIT 8TSSOP,pmic-gate-drivers,0,3.89,"8-TSSOP, 8-MSOP (0.118"", 3.00mm Width)",Surface Mount,Obsolete,https://www.onsemi.com/pdf/datasheet/mc100lvel32-d.pdf,https://www.digikey.com/en/products/detail/onsemi/MC100LVEL32DTG/920729,2.6 GHz,,,Divide-by-2,1,1,-40°C ~ 85°C,,Asynchronous,100LVEL,,"Positive, Negative",3 V ~ 3.8 V
MC100LVEL32DTR2G,onsemi,IC DIVIDER BY 2 1-BIT 8TSSOP,pmic-gate-drivers,2500,6.12,"8-TSSOP, 8-MSOP (0.118"", 3.00mm Width)",Surface Mount,Active,https://www.onsemi.com/pdf/datasheet/mc100lvel32-d.pdf,https://www.digikey.com/en/products/detail/onsemi/MC100LVEL32DTR2G/1477747,2.6 GHz,,,Divide-by-2,1,1,-40°C ~ 85°C,,Asynchronous,100LVEL,,"Positive, Negative",3 V ~ 3.8 V
MC100LVEL32MNR4G,onsemi,IC DIVIDER BY 2 1-BIT 8DFN,pmic-gate-drivers,0,3.69,8-VFDFN Exposed Pad,Surface Mount,Obsolete,https://www.onsemi.com/pdf/datasheet/mc100lvel32-d.pdf,https://www.digikey.com/en/products/detail/onsemi/MC100LVEL32MNR4G/4848180,2.6 GHz,,,Divide-by-2,1,1,-40°C ~ 85°C,,Asynchronous,100LVEL,,"Positive, Negative",3 V ~ 3.8 V
MC100LVEL33D,onsemi,IC DIVIDER DIV X4 ECL DIFF 8SOIC,pmic-gate-drivers,28239,4.11,"8-SOIC (0.154"", 3.90mm Width)",Surface Mount,Active,https://www.onsemi.com/pdf/datasheet/mc100lvel33-d.pdf,https://www.digikey.com/en/products/detail/onsemi/MC100LVEL33D/11554087,4 GHz,,,Divide-by-4,2,1,-40°C ~ 85°C,,Asynchronous,100LVEL,,"Positive, Negative",3 V ~ 3.8 V
MC100LVEL33DG,onsemi,IC DIVIDER BY 4 1-BIT 8SOIC,pmic-gate-drivers,400,6.12,"8-SOIC (0.154"", 3.90mm Width)",Surface Mount,Active,https://www.onsemi.com/pdf/datasheet/mc100lvel33-d.pdf,https://www.digikey.com/en/products/detail/onsemi/MC100LVEL33DG/920730,4 GHz,,,Divide-by-4,2,1,-40°C ~ 85°C,,Asynchronous,100LVEL,,"Positive, Negative",3 V ~ 3.8 V
MC100LVEL33DR2,onsemi,IC DIVIDER DIV X4 DIFF 8-SOIC,pmic-gate-drivers,2500,4.11,"8-SOIC (0.154"", 3.90mm Width)",Surface Mount,Active,https://www.onsemi.com/pdf/datasheet/mc100lvel33-d.pdf,https://www.digikey.com/en/products/detail/onsemi/MC100LVEL33DR2/11509668,4 GHz,,,Divide-by-4,2,1,-40°C ~ 85°C,,Asynchronous,100LVEL,,"Positive, Negative",3 V ~ 3.8 V
MC100LVEL33DR2G,onsemi,IC DIVIDER BY 4 1-BIT 8SOIC,pmic-gate-drivers,2213,6.12,"8-SOIC (0.154"", 3.90mm Width)",Surface Mount,Active,https://www.onsemi.com/pdf/datasheet/mc100lvel33-d.pdf,https://www.digikey.com/en/products/detail/onsemi/MC100LVEL33DR2G/1477749,4 GHz,,,Divide-by-4,2,1,-40°C ~ 85°C,,Asynchronous,100LVEL,,"Positive, Negative",3 V ~ 3.8 V
MC100LVEL33DT,onsemi,IC DIVIDER DIV X4 ECL DFF 8TSSOP,pmic-gate-drivers,7997,2.05,"8-TSSOP, 8-MSOP (0.118"", 3.00mm Width)",Surface Mount,Active,https://www.onsemi.com/pdf/datasheet/mc100lvel33-d.pdf,https://www.digikey.com/en/products/detail/onsemi/MC100LVEL33DT/11511537,4 GHz,,,Divide-by-4,2,1,-40°C ~ 85°C,,Asynchronous,100LVEL,,"Positive, Negative",3 V ~ 3.8 V
MC100LVEL33DTG,onsemi,IC DIVIDER BY 4 1-BIT 8TSSOP,pmic-gate-drivers,0,13.91,"8-TSSOP, 8-MSOP (0.118"", 3.00mm Width)",Surface Mount,Obsolete,https://www.onsemi.com/pdf/datasheet/mc100lvel33-d.pdf,https://www.digikey.com/en/products/detail/onsemi/MC100LVEL33DTG/920731,4 GHz,,,Divide-by-4,2,1,-40°C ~ 85°C,,Asynchronous,100LVEL,,"Positive, Negative",3 V ~ 3.8 V
MC100LVEL33DTR2G,onsemi,IC DIVIDER BY 4 1-BIT 8TSSOP,pmic-gate-drivers,0,9.99,"8-TSSOP, 8-MSOP (0.118"", 3.00mm Width)",Surface Mount,Obsolete,https://www.onsemi.com/pdf/datasheet/mc100lvel33-d.pdf,https://www.digikey.com/en/products/detail/onsemi/MC100LVEL33DTR2G/1477751,4 GHz,,,Divide-by-4,2,1,-40°C ~ 85°C,,Asynchronous,100LVEL,,"Positive, Negative",3 V ~ 3.8 V
MC100LVEL33MNR4G,onsemi,IC DIVIDER BY 4 1-BIT 8DFN,pmic-gate-drivers,0,2.8125,8-VFDFN Exposed Pad,Surface Mount,Obsolete,https://www.onsemi.com/pdf/datasheet/mc100lvel33-d.pdf,https://www.digikey.com/en/products/detail/onsemi/MC100LVEL33MNR4G/4848181,4 GHz,,,Divide-by-4,2,1,-40°C ~ 85°C,,Asynchronous,100LVEL,,"Positive, Negative",3 V ~ 3.8 V
MC10136FN,onsemi,COUNTER SINGLE 4-BIT,pmic-gate-drivers,2428,12.18,-,-,Active,https://rocelec.widen.net/view/pdf/ikzjezbzhw/ONSM-S-A0002809729-1.pdf?t.download=true&u=5oefqw,https://www.digikey.com/en/products/detail/rochester-electronics-llc/MC10136FN/12099897,,,,,,,,,,*,,,
MC10136L,onsemi,COUNTER SINGLE 4-BIT,pmic-gate-drivers,650,12.45,-,-,Active,https://rocelec.widen.net/view/pdf/ikzjezbzhw/ONSM-S-A0002809729-1.pdf?t.download=true&u=5oefqw,https://www.digikey.com/en/products/detail/rochester-electronics-llc/MC10136L/12099023,,,,,,,,,,*,,,
MC10136P,onsemi,COUNTER SINGLE 4-BIT,pmic-gate-drivers,312,11.63,-,-,Active,https://rocelec.widen.net/view/pdf/ikzjezbzhw/ONSM-S-A0002809729-1.pdf?t.download=true&u=5oefqw,https://www.digikey.com/en/products/detail/rochester-electronics-llc/MC10136P/12099024,,,,,,,,,,*,,,
MC10138FN,onsemi,COUNTER SINGLE 4-BIT,pmic-gate-drivers,2408,7.56,-,-,Active,https://rocelec.widen.net/view/pdf/f7lghwdnmw/ONSM-S-A0001032205-1.pdf?t.download=true&u=5oefqw,https://www.digikey.com/en/products/detail/rochester-electronics-llc/MC10138FN/12099061,,,,,,,,,,*,,,
MC10E016FN,onsemi,IC BINARY COUNTER 8-BIT 28PLCC,pmic-gate-drivers,0,6.73095,28-LCC (J-Lead),Surface Mount,Obsolete,https://www.onsemi.com/pdf/datasheet/mc10e016-d.pdf,https://www.digikey.com/en/products/detail/onsemi/MC10E016FN/643369,900 MHz,Up,,Binary Counter,8,1,0°C ~ 85°C,,Asynchronous,10E,Synchronous,"Positive, Negative",4.2 V ~ 5.7 V
MC10E136FN,onsemi,IC BINARY COUNTER 6-BIT 28PLCC,pmic-gate-drivers,0,7.29662,28-LCC (J-Lead),Surface Mount,Obsolete,,https://www.digikey.com/en/products/detail/onsemi/MC10E136FN/1477840,650 MHz,"Up, Down",,Binary Counter,6,1,0°C ~ 85°C,,Asynchronous,10E,Synchronous,Positive Edge,4.2 V ~ 5.7 V
MC10E136FNG,onsemi,IC BINARY COUNTER 6-BIT 28PLCC,pmic-gate-drivers,0,7.3,28-LCC (J-Lead),Surface Mount,Obsolete,,https://www.digikey.com/en/products/detail/onsemi/MC10E136FNG/1477841,650 MHz,"Up, Down",,Binary Counter,6,1,0°C ~ 85°C,,Asynchronous,10E,Synchronous,Positive Edge,4.2 V ~ 5.7 V
MC10E136FNR2,onsemi,IC BINARY COUNTER 6-BIT 28PLCC,pmic-gate-drivers,0,6.875,28-LCC (J-Lead),Surface Mount,Obsolete,,https://www.digikey.com/en/products/detail/onsemi/MC10E136FNR2/1477842,650 MHz,"Up, Down",,Binary Counter,6,1,0°C ~ 85°C,,Asynchronous,10E,Synchronous,Positive Edge,4.2 V ~ 5.7 V
MC10E136FNR2G,onsemi,IC BINARY COUNTER 6-BIT 28PLCC,pmic-gate-drivers,0,7.3,28-LCC (J-Lead),Surface Mount,Obsolete,,https://www.digikey.com/en/products/detail/onsemi/MC10E136FNR2G/1477843,650 MHz,"Up, Down",,Binary Counter,6,1,0°C ~ 85°C,,Asynchronous,10E,Synchronous,Positive Edge,4.2 V ~ 5.7 V
MC10E137FNG,onsemi,IC BINARY COUNTER 8-BIT 28PLCC,pmic-gate-drivers,0,45.19,28-LCC (J-Lead),Surface Mount,Obsolete,https://www.onsemi.com/pdf/datasheet/mc10e137-d.pdf,https://www.digikey.com/en/products/detail/onsemi/MC10E137FNG/1477845,2.2 GHz,Up,,Binary Counter,8,1,0°C ~ 85°C,,Asynchronous,10E,Asynchronous,"Positive, Negative",4.2 V ~ 5.7 V
MC10E137FNR2G,onsemi,IC BINARY COUNTER 8-BIT 28PLCC,pmic-gate-drivers,0,5.5625,28-LCC (J-Lead),Surface Mount,Obsolete,https://www.onsemi.com/pdf/datasheet/mc10e137-d.pdf,https://www.digikey.com/en/products/detail/onsemi/MC10E137FNR2G/1477847,2.2 GHz,Up,,Binary Counter,8,1,0°C ~ 85°C,,Asynchronous,10E,Asynchronous,"Positive, Negative",4.2 V ~ 5.7 V
MC10EL32D,onsemi,IC DIVIDER DIV X2 ECL DIFF 8SOIC,pmic-gate-drivers,6374,2.05,"8-SOIC (0.154"", 3.90mm Width)",Surface Mount,Active,https://www.onsemi.com/pdf/datasheet/mc10el32-d.pdf,https://www.digikey.com/en/products/detail/onsemi/MC10EL32D/11545035,3 GHz,Up,,Divide-by-2,1,1,-40°C ~ 85°C,,Asynchronous,10EL,,"Positive, Negative",4.2 V ~ 5.7 V
MC10EL32DG,onsemi,IC DIVIDER BY 2 1-BIT 8SOIC,pmic-gate-drivers,84,7.85,"8-SOIC (0.154"", 3.90mm Width)",Surface Mount,Obsolete,https://www.onsemi.com/pdf/datasheet/mc10el32-d.pdf,https://www.digikey.com/en/products/detail/onsemi/MC10EL32DG/918782,3 GHz,Up,,Divide-by-2,1,1,-40°C ~ 85°C,,Asynchronous,10EL,,"Positive, Negative",4.2 V ~ 5.7 V
MC10EL32DR2G,onsemi,IC DIVIDER BY 2 1-BIT 8SOIC,pmic-gate-drivers,0,5.23754,"8-SOIC (0.154"", 3.90mm Width)",Surface Mount,Active,https://www.onsemi.com/pdf/datasheet/mc10el32-d.pdf,https://www.digikey.com/en/products/detail/onsemi/MC10EL32DR2G/1477983,3 GHz,Up,,Divide-by-2,1,1,-40°C ~ 85°C,,Asynchronous,10EL,,"Positive, Negative",4.2 V ~ 5.7 V
MC10EL32DT,onsemi,IC DIVIDER DIV X2 ECL DFF 8TSSOP,pmic-gate-drivers,3046,2.05,"8-TSSOP, 8-MSOP (0.118"", 3.00mm Width)",Surface Mount,Active,https://www.onsemi.com/pdf/datasheet/mc10el32-d.pdf,https://www.digikey.com/en/products/detail/onsemi/MC10EL32DT/13444544,3 GHz,Up,,Divide-by-2,1,1,-40°C ~ 85°C,,Asynchronous,10EL,,"Positive, Negative",4.2 V ~ 5.7 V
MC10EL32DTG,onsemi,IC DIVIDER BY 2 1-BIT 8TSSOP,pmic-gate-drivers,0,3.69,"8-TSSOP, 8-MSOP (0.118"", 3.00mm Width)",Surface Mount,Obsolete,https://www.onsemi.com/pdf/datasheet/mc10el32-d.pdf,https://www.digikey.com/en/products/detail/onsemi/MC10EL32DTG/920762,3 GHz,Up,,Divide-by-2,1,1,-40°C ~ 85°C,,Asynchronous,10EL,,"Positive, Negative",4.2 V ~ 5.7 V
MC10EL32DTR2G,onsemi,IC DIVIDER BY 2 1-BIT 8TSSOP,pmic-gate-drivers,0,3.7,"8-TSSOP, 8-MSOP (0.118"", 3.00mm Width)",Surface Mount,Obsolete,https://www.onsemi.com/pdf/datasheet/mc10el32-d.pdf,https://www.digikey.com/en/products/detail/onsemi/MC10EL32DTR2G/1477985,3 GHz,Up,,Divide-by-2,1,1,-40°C ~ 85°C,,Asynchronous,10EL,,"Positive, Negative",4.2 V ~ 5.7 V
MC10EL33D,onsemi,IC DIVIDER DIV X4 ECL DIFF 8SOIC,pmic-gate-drivers,34823,2.05,"8-SOIC (0.154"", 3.90mm Width)",Surface Mount,Active,https://www.onsemi.com/pdf/datasheet/mc10el33-d.pdf,https://www.digikey.com/en/products/detail/onsemi/MC10EL33D/11516070,4.2 GHz,,,Divide-by-4,2,1,-40°C ~ 85°C,,Asynchronous,10EL,,"Positive, Negative",4.2 V ~ 5.7 V
MC10EL33DG,onsemi,IC DIVIDER BY 4 1-BIT 8SOIC,pmic-gate-drivers,0,4.2,"8-SOIC (0.154"", 3.90mm Width)",Surface Mount,Obsolete,https://www.onsemi.com/pdf/datasheet/mc10el33-d.pdf,https://www.digikey.com/en/products/detail/onsemi/MC10EL33DG/918783,4.2 GHz,,,Divide-by-4,2,1,-40°C ~ 85°C,,Asynchronous,10EL,,"Positive, Negative",4.2 V ~ 5.7 V
MC10EL33DR2,onsemi,IC DIVIDER X4 ECL DIFF 8-SOIC,pmic-gate-drivers,20000,4.11,"8-SOIC (0.154"", 3.90mm Width)",Surface Mount,Active,https://www.onsemi.com/pdf/datasheet/mc10el33-d.pdf,https://www.digikey.com/en/products/detail/onsemi/MC10EL33DR2/11523401,4.2 GHz,,,Divide-by-4,2,1,-40°C ~ 85°C,,Asynchronous,10EL,,"Positive, Negative",4.2 V ~ 5.7 V
MC10EL33DR2G,onsemi,IC DIVIDER BY 4 1-BIT 8SOIC,pmic-gate-drivers,0,3.69,"8-SOIC (0.154"", 3.90mm Width)",Surface Mount,Obsolete,https://www.onsemi.com/pdf/datasheet/mc10el33-d.pdf,https://www.digikey.com/en/products/detail/onsemi/MC10EL33DR2G/1477987,4.2 GHz,,,Divide-by-4,2,1,-40°C ~ 85°C,,Asynchronous,10EL,,"Positive, Negative",4.2 V ~ 5.7 V
MC10EL33DT,onsemi,IC DIVIDER BY 4 1-BIT 8TSSOP,pmic-gate-drivers,0,2.05,"8-TSSOP, 8-MSOP (0.118"", 3.00mm Width)",Surface Mount,Obsolete,https://www.onsemi.com/pdf/datasheet/mc10el33-d.pdf,https://www.digikey.com/en/products/detail/onsemi/MC10EL33DT/662379,4.2 GHz,,,Divide-by-4,2,1,-40°C ~ 85°C,,Asynchronous,10EL,,"Positive, Negative",4.2 V ~ 5.7 V
MC10EL33DTG,onsemi,IC DIVIDER BY 4 1-BIT 8TSSOP,pmic-gate-drivers,0,3.69,"8-TSSOP, 8-MSOP (0.118"", 3.00mm Width)",Surface Mount,Obsolete,https://www.onsemi.com/pdf/datasheet/mc10el33-d.pdf,https://www.digikey.com/en/products/detail/onsemi/MC10EL33DTG/920763,4.2 GHz,,,Divide-by-4,2,1,-40°C ~ 85°C,,Asynchronous,10EL,,"Positive, Negative",4.2 V ~ 5.7 V
MC10EL33DTR2,onsemi,IC DIVIDER BY 4 1-BIT 8TSSOP,pmic-gate-drivers,0,2.05,"8-TSSOP, 8-MSOP (0.118"", 3.00mm Width)",Surface Mount,Obsolete,https://www.onsemi.com/pdf/datasheet/mc10el33-d.pdf,https://www.digikey.com/en/products/detail/onsemi/MC10EL33DTR2/1477988,4.2 GHz,,,Divide-by-4,2,1,-40°C ~ 85°C,,Asynchronous,10EL,,"Positive, Negative",4.2 V ~ 5.7 V
MC10EL33DTR2G,onsemi,IC DIVIDER BY 4 1-BIT 8TSSOP,pmic-gate-drivers,34246,3.69,"8-TSSOP, 8-MSOP (0.118"", 3.00mm Width)",Surface Mount,Obsolete,https://www.onsemi.com/pdf/datasheet/mc10el33-d.pdf,https://www.digikey.com/en/products/detail/onsemi/MC10EL33DTR2G/11553290,4.2 GHz,,,Divide-by-4,2,1,-40°C ~ 85°C,,Asynchronous,10EL,,"Positive, Negative",4.2 V ~ 5.7 V
MC10EP016FA,onsemi,IC COUNTER 8BIT SYNC ECL 32LQFP,pmic-gate-drivers,0,16.25,32-LQFP,Surface Mount,Obsolete,https://www.onsemi.com/pdf/datasheet/mc10ep016-d.pdf,https://www.digikey.com/en/products/detail/onsemi/MC10EP016FA/662394,1.4 GHz,Up,,Binary Counter,8,1,-40°C ~ 70°C,,Asynchronous,10EP,Synchronous,"Positive, Negative",3 V ~ 3.6 V
MC10EP016FAG,onsemi,IC BINARY COUNTER 8-BIT 32LQFP,pmic-gate-drivers,0,26.81,32-LQFP,Surface Mount,Active,https://www.onsemi.com/pdf/datasheet/mc10ep016-d.pdf,https://www.digikey.com/en/products/detail/onsemi/MC10EP016FAG/918796,1.4 GHz,Up,,Binary Counter,8,1,-40°C ~ 70°C,,Asynchronous,10EP,Synchronous,"Positive, Negative",3 V ~ 3.6 V
MC10EP016FAR2,onsemi,IC COUNTER 8BIT SYNC ECL 32LQFP,pmic-gate-drivers,0,16.25,32-LQFP,Surface Mount,Obsolete,https://www.onsemi.com/pdf/datasheet/mc10ep016-d.pdf,https://www.digikey.com/en/products/detail/onsemi/MC10EP016FAR2/643256,1.4 GHz,Up,,Binary Counter,8,1,-40°C ~ 70°C,,Asynchronous,10EP,Synchronous,"Positive, Negative",3 V ~ 3.6 V
MC10EP016FAR2G,onsemi,IC BINARY COUNTER 8-BIT 32LQFP,pmic-gate-drivers,2000,26.81,32-LQFP,Surface Mount,Active,https://www.onsemi.com/pdf/datasheet/mc10ep016-d.pdf,https://www.digikey.com/en/products/detail/onsemi/MC10EP016FAR2G/920776,1.4 GHz,Up,,Binary Counter,8,1,-40°C ~ 70°C,,Asynchronous,10EP,Synchronous,"Positive, Negative",3 V ~ 3.6 V
MC10EP32D,onsemi,IC DIVIDER DIV X2 ECL CLK 8SOIC,pmic-gate-drivers,18483,3.26,"8-SOIC (0.154"", 3.90mm Width)",Surface Mount,Active,https://www.onsemi.com/pdf/datasheet/mc10ep32-d.pdf,https://www.digikey.com/en/products/detail/onsemi/MC10EP32D/11536398,4 GHz,,,Divide-by-2,1,1,-40°C ~ 85°C,,Asynchronous,10EP,,"Positive, Negative",3 V ~ 5.5 V
MC10EP32DG,onsemi,IC DIVIDER BY 2 1-BIT 8SOIC,pmic-gate-drivers,87,9.14,"8-SOIC (0.154"", 3.90mm Width)",Surface Mount,Obsolete,https://www.onsemi.com/pdf/datasheet/mc10ep32-d.pdf,https://www.digikey.com/en/products/detail/onsemi/MC10EP32DG/920796,4 GHz,,,Divide-by-2,1,1,-40°C ~ 85°C,,Asynchronous,10EP,,"Positive, Negative",3 V ~ 5.5 V
MC10EP32DR2,onsemi,IC DIVIDER 1:2 ECL CLK IN 8-SOIC,pmic-gate-drivers,15000,3.26,"8-SOIC (0.154"", 3.90mm Width)",Surface Mount,Active,https://www.onsemi.com/pdf/datasheet/mc10ep32-d.pdf,https://www.digikey.com/en/products/detail/onsemi/MC10EP32DR2/11552128,4 GHz,,,Divide-by-2,1,1,-40°C ~ 85°C,,Asynchronous,10EP,,"Positive, Negative",3 V ~ 5.5 V
MC10EP32DR2G,onsemi,IC DIVIDER BY 2 1-BIT 8SOIC,pmic-gate-drivers,1857,9.14,"8-SOIC (0.154"", 3.90mm Width)",Surface Mount,Active,https://www.onsemi.com/pdf/datasheet/mc10ep32-d.pdf,https://www.digikey.com/en/products/detail/onsemi/MC10EP32DR2G/1478076,4 GHz,,,Divide-by-2,1,1,-40°C ~ 85°C,,Asynchronous,10EP,,"Positive, Negative",3 V ~ 5.5 V
MC10EP32DT,onsemi,IC DIVIDER DIV X2 ECL CLK 8TSSOP,pmic-gate-drivers,10630,6.56,"8-TSSOP, 8-MSOP (0.118"", 3.00mm Width)",Surface Mount,Active,https://www.onsemi.com/pdf/datasheet/mc10ep32-d.pdf,https://www.digikey.com/en/products/detail/onsemi/MC10EP32DT/11537672,4 GHz,,,Divide-by-2,1,1,-40°C ~ 85°C,,Asynchronous,10EP,,"Positive, Negative",3 V ~ 5.5 V
MC10EP32DTG,onsemi,IC DIVIDER BY 2 1-BIT 8TSSOP,pmic-gate-drivers,117,9.14,"8-TSSOP, 8-MSOP (0.118"", 3.00mm Width)",Surface Mount,Active,https://www.onsemi.com/pdf/datasheet/mc10ep32-d.pdf,https://www.digikey.com/en/products/detail/onsemi/MC10EP32DTG/918815,4 GHz,,,Divide-by-2,1,1,-40°C ~ 85°C,,Asynchronous,10EP,,"Positive, Negative",3 V ~ 5.5 V
MC10EP32DTR2G,onsemi,IC DIVIDER BY 2 1-BIT 8TSSOP,pmic-gate-drivers,580,8.17,"8-TSSOP, 8-MSOP (0.118"", 3.00mm Width)",Surface Mount,Active,https://www.onsemi.com/pdf/datasheet/mc10ep32-d.pdf,https://www.digikey.com/en/products/detail/onsemi/MC10EP32DTR2G/1478078,4 GHz,,,Divide-by-2,1,1,-40°C ~ 85°C,,Asynchronous,10EP,,"Positive, Negative",3 V ~ 5.5 V
MC10EP32MNR4G,onsemi,IC DIVIDER BY 2 1-BIT 8DFN,pmic-gate-drivers,0,4.93,8-VFDFN Exposed Pad,Surface Mount,Obsolete,https://www.onsemi.com/pdf/datasheet/mc10ep32-d.pdf,https://www.digikey.com/en/products/detail/onsemi/MC10EP32MNR4G/1792297,4 GHz,,,Divide-by-2,1,1,-40°C ~ 85°C,,Asynchronous,10EP,,"Positive, Negative",3 V ~ 5.5 V
MC10EP33D,onsemi,IC DIVIDER DIV X4 ECL CLK 8SOIC,pmic-gate-drivers,8604,3.26,"8-SOIC (0.154"", 3.90mm Width)",Surface Mount,Active,https://www.onsemi.com/pdf/datasheet/mc10ep33-d.pdf,https://www.digikey.com/en/products/detail/onsemi/MC10EP33D/11520862,4 GHz,,,Divide-by-4,2,1,-40°C ~ 85°C,,Asynchronous,10EP,,"Positive, Negative",3 V ~ 5.5 V
MC10EP33DG,onsemi,IC DIVIDER BY 4 1-BIT 8SOIC,pmic-gate-drivers,0,10.64,"8-SOIC (0.154"", 3.90mm Width)",Surface Mount,Obsolete,https://www.onsemi.com/pdf/datasheet/mc10ep33-d.pdf,https://www.digikey.com/en/products/detail/onsemi/MC10EP33DG/920797,4 GHz,,,Divide-by-4,2,1,-40°C ~ 85°C,,Asynchronous,10EP,,"Positive, Negative",3 V ~ 5.5 V
MC10EP33DR2G,onsemi,IC DIVIDER BY 4 1-BIT 8SOIC,pmic-gate-drivers,2102,16.18,"8-SOIC (0.154"", 3.90mm Width)",Surface Mount,Active,https://www.onsemi.com/pdf/datasheet/mc10ep33-d.pdf,https://www.digikey.com/en/products/detail/onsemi/MC10EP33DR2G/1478080,4 GHz,,,Divide-by-4,2,1,-40°C ~ 85°C,,Asynchronous,10EP,,"Positive, Negative",3 V ~ 5.5 V
MC10EP33DT,onsemi,IC DIVIDER DIV X4 ECL CLK 8TSSOP,pmic-gate-drivers,1048,6.56,"8-TSSOP, 8-MSOP (0.118"", 3.00mm Width)",Surface Mount,Active,https://www.onsemi.com/pdf/datasheet/mc10ep33-d.pdf,https://www.digikey.com/en/products/detail/onsemi/MC10EP33DT/13522072,4 GHz,,,Divide-by-4,2,1,-40°C ~ 85°C,,Asynchronous,10EP,,"Positive, Negative",3 V ~ 5.5 V
MC10EP33DTG,onsemi,IC DIVIDER BY 4 1-BIT 8TSSOP,pmic-gate-drivers,25,9.14,"8-TSSOP, 8-MSOP (0.118"", 3.00mm Width)",Surface Mount,Obsolete,https://www.onsemi.com/pdf/datasheet/mc10ep33-d.pdf,https://www.digikey.com/en/products/detail/onsemi/MC10EP33DTG/918816,4 GHz,,,Divide-by-4,2,1,-40°C ~ 85°C,,Asynchronous,10EP,,"Positive, Negative",3 V ~ 5.5 V
MC10EP33DTR2,onsemi,IC DIVIDER 1:4 ECL CLK IN 8TSSOP,pmic-gate-drivers,12500,6.56,"8-TSSOP, 8-MSOP (0.118"", 3.00mm Width)",Surface Mount,Active,https://www.onsemi.com/pdf/datasheet/mc10ep33-d.pdf,https://www.digikey.com/en/products/detail/onsemi/MC10EP33DTR2/11547405,4 GHz,,,Divide-by-4,2,1,-40°C ~ 85°C,,Asynchronous,10EP,,"Positive, Negative",3 V ~ 5.5 V
MC10H016FN,onsemi,IC BINARY COUNTER 4-BIT 20PLCC,pmic-gate-drivers,0,17.075,20-LCC (J-Lead),Surface Mount,Obsolete,https://www.digikey.com//mm.digikey.com/Volume0/opasdata/d220001/medias/docus/571/MC10H016_Rev9.pdf,https://www.digikey.com/en/products/detail/onsemi/MC10H016FN/643330,200 MHz,Up,,Binary Counter,4,1,0°C ~ 75°C,,Asynchronous,10H,Synchronous,Positive Edge,
MC10H016FNG,onsemi,IC BINARY COUNTER 4-BIT 20PLCC,pmic-gate-drivers,0,17.075,20-LCC (J-Lead),Surface Mount,Obsolete,https://www.digikey.com//mm.digikey.com/Volume0/opasdata/d220001/medias/docus/571/MC10H016_Rev9.pdf,https://www.digikey.com/en/products/detail/onsemi/MC10H016FNG/918827,200 MHz,Up,,Binary Counter,4,1,0°C ~ 75°C,,Asynchronous,10H,Synchronous,Positive Edge,
MC10H016FNR2,onsemi,IC BINARY COUNTER 4-BIT 20PLCC,pmic-gate-drivers,0,17.075,20-LCC (J-Lead),Surface Mount,Obsolete,https://www.digikey.com//mm.digikey.com/Volume0/opasdata/d220001/medias/docus/571/MC10H016_Rev9.pdf,https://www.digikey.com/en/products/detail/onsemi/MC10H016FNR2/1478109,200 MHz,Up,,Binary Counter,4,1,0°C ~ 75°C,,Asynchronous,10H,Synchronous,Positive Edge,
MC10H016FNR2G,onsemi,IC BINARY COUNTER 4-BIT 20PLCC,pmic-gate-drivers,0,40.19,20-LCC (J-Lead),Surface Mount,Obsolete,,https://www.digikey.com/en/products/detail/onsemi/MC10H016FNR2G/1478110,200 MHz,Up,,Binary Counter,4,1,0°C ~ 75°C,,Asynchronous,10H,Synchronous,Positive Edge,
MC10H016P,onsemi,IC COUNTER 4BIT BINARY 16DIP,pmic-gate-drivers,0,14.7108,"16-DIP (0.300"", 7.62mm)",Through Hole,Obsolete,,https://www.digikey.com/en/products/detail/onsemi/MC10H016P/643310,200 MHz,Up,,Binary Counter,4,1,0°C ~ 75°C,,Asynchronous,10H,Synchronous,Positive Edge,
MC10H016PG,onsemi,IC BINARY COUNTER 4-BIT 16DIP,pmic-gate-drivers,0,17.94,"16-DIP (0.300"", 7.62mm)",Through Hole,Obsolete,https://www.digikey.com//mm.digikey.com/Volume0/opasdata/d220001/medias/docus/571/MC10H016_Rev9.pdf,https://www.digikey.com/en/products/detail/onsemi/MC10H016PG/918828,200 MHz,Up,,Binary Counter,4,1,0°C ~ 75°C,,Asynchronous,10H,Synchronous,Positive Edge,
MC10H136FNG,onsemi,IC BINARY COUNTER 4-BIT 20PLCC,pmic-gate-drivers,0,21.43,20-LCC (J-Lead),Surface Mount,Obsolete,,https://www.digikey.com/en/products/detail/onsemi/MC10H136FNG/1478297,250 MHz,"Up, Down",,Binary Counter,4,1,0°C ~ 75°C,,,10H,Synchronous,Positive Edge,
MC10H136FNR2G,onsemi,IC BINARY COUNTER 4-BIT 20PLCC,pmic-gate-drivers,934,21.43,20-LCC (J-Lead),Surface Mount,Obsolete,,https://www.digikey.com/en/products/detail/onsemi/MC10H136FNR2G/11535720,250 MHz,"Up, Down",,Binary Counter,4,1,0°C ~ 75°C,,,10H,Synchronous,Positive Edge,
MC10H136P,onsemi,IC COUNTER UNIV HEX HS 16-DIP,pmic-gate-drivers,0,19.6468,"16-DIP (0.300"", 7.62mm)",Through Hole,Obsolete,,https://www.digikey.com/en/products/detail/onsemi/MC10H136P/1478301,250 MHz,"Up, Down",,Binary Counter,4,1,0°C ~ 75°C,,,10H,Synchronous,Positive Edge,
MC10H136PG,onsemi,IC BINARY COUNTER 4-BIT 16DIP,pmic-gate-drivers,0,25.26,"16-DIP (0.300"", 7.62mm)",Through Hole,Obsolete,,https://www.digikey.com/en/products/detail/onsemi/MC10H136PG/1478302,250 MHz,"Up, Down",,Binary Counter,4,1,0°C ~ 75°C,,,10H,Synchronous,Positive Edge,
MC14017BDG,onsemi,IC DECADE COUNTER 10BIT 16SOIC,pmic-gate-drivers,35,0.37438,"16-SOIC (0.154"", 3.90mm Width)",Surface Mount,Active,https://www.onsemi.com/pdf/datasheet/mc14017b-d.pdf,https://www.digikey.com/en/products/detail/onsemi/MC14017BDG/1478659,16 MHz,Up,,"Counter, Decade",10,1,-55°C ~ 125°C (TA),,Asynchronous,4000B,Synchronous,"Positive, Negative",3 V ~ 18 V
MC14017BDR2,onsemi,IC DECADE COUNTER 10BIT 16SOIC,pmic-gate-drivers,3501,0.43,"16-SOIC (0.154"", 3.90mm Width)",Surface Mount,Active,https://www.onsemi.com/pdf/datasheet/mc14017b-d.pdf,https://www.digikey.com/en/products/detail/onsemi/MC14017BDR2/11521096,16 MHz,Up,,"Counter, Decade",10,1,-55°C ~ 125°C (TA),,Asynchronous,4000B,Synchronous,"Positive, Negative",3 V ~ 18 V
MC14017BDR2G,onsemi,IC DECADE COUNTER 10BIT 16SOIC,pmic-gate-drivers,3497,0.63,"16-SOIC (0.154"", 3.90mm Width)",Surface Mount,Active,https://www.onsemi.com/pdf/datasheet/mc14017b-d.pdf,https://www.digikey.com/en/products/detail/onsemi/MC14017BDR2G/1478661,16 MHz,Up,,"Counter, Decade",10,1,-55°C ~ 125°C (TA),,Asynchronous,4000B,Synchronous,"Positive, Negative",3 V ~ 18 V
MC14017BFELG,onsemi,IC DECADE COUNTER 10BIT 16SOEIAJ,pmic-gate-drivers,0,0.46,"16-SOIC (0.209"", 5.30mm Width)",Surface Mount,Obsolete,https://www.digikey.com//mm.digikey.com/Volume0/opasdata/d220001/medias/docus/42/MC14017B-D.pdf,https://www.digikey.com/en/products/detail/onsemi/MC14017BFELG/1478662,16 MHz,Up,,"Counter, Decade",10,1,-55°C ~ 125°C (TA),,Asynchronous,4000B,Synchronous,"Positive, Negative",3 V ~ 18 V
MC14018BCPG,onsemi,IC DIVIDER BY N 5-BIT 16DIP,pmic-gate-drivers,0,0.5,"16-DIP (0.300"", 7.62mm)",Through Hole,Obsolete,https://www.digikey.com//mm.digikey.com/Volume0/opasdata/d220001/medias/docus/2579/MC14018B%20Rev6.pdf,https://www.digikey.com/en/products/detail/onsemi/MC14018BCPG/1478664,8 MHz,,,Divide-by-N,5,1,-55°C ~ 125°C,,Asynchronous,4000B,Synchronous,Positive Edge,3 V ~ 18 V
MC14018BDG,Motorola,"RING COUNTER, 4000/14000/40000 S",pmic-gate-drivers,3312,0.51,"16-SOIC (0.154"", 3.90mm Width)",Surface Mount,Active,https://rocelec.widen.net/view/pdf/o8jmq2urtl/ONSMS38965-1.pdf?t.download=true&u=5oefqw,https://www.digikey.com/en/products/detail/rochester-electronics-llc/MC14018BDG/13460060,8 MHz,,,Divide-by-N,5,1,-55°C ~ 125°C,,Asynchronous,4000B,Synchronous,Positive Edge,3 V ~ 18 V
MC14018BDR2,onsemi,IC DIVIDER BY N 5-BIT 16SOIC,pmic-gate-drivers,0,0.22849,"16-SOIC (0.154"", 3.90mm Width)",Surface Mount,Obsolete,https://www.digikey.com//mm.digikey.com/Volume0/opasdata/d220001/medias/docus/2579/MC14018B%20Rev6.pdf,https://www.digikey.com/en/products/detail/onsemi/MC14018BDR2/1478665,8 MHz,,,Divide-by-N,5,1,-55°C ~ 125°C,,Asynchronous,4000B,Synchronous,Positive Edge,3 V ~ 18 V
MC14018BDR2G,onsemi,IC DIVIDER BY N 5-BIT 16SOIC,pmic-gate-drivers,1496,0.75,"16-SOIC (0.154"", 3.90mm Width)",Surface Mount,Active,https://www.onsemi.com/pdf/datasheet/mc14018b-d.pdf,https://www.digikey.com/en/products/detail/onsemi/MC14018BDR2G/1478666,8 MHz,,,Divide-by-N,5,1,-55°C ~ 125°C,,Asynchronous,4000B,Synchronous,Positive Edge,3 V ~ 18 V
MC14018BFR1,Motorola,IC DIVIDER BY N 5-BIT 16SOIC,pmic-gate-drivers,4000,0.21,"16-SOIC (0.154"", 3.90mm Width)",Surface Mount,Active,https://rocelec.widen.net/view/pdf/9m3wuzhx41/ONSMD00061-70.pdf?t.download=true&u=5oefqw,https://www.digikey.com/en/products/detail/rochester-electronics-llc/MC14018BFR1/12111887,8 MHz,Up,,Divide-by-N,5,1,-55°C ~ 125°C (TA),,Asynchronous,4000B,Synchronous,Positive Edge,3 V ~ 18 V
MC14020BDG,onsemi,IC BINARY COUNTER 14-BIT 16SOIC,pmic-gate-drivers,0,0.16,"16-SOIC (0.154"", 3.90mm Width)",Surface Mount,Obsolete,https://www.onsemi.com/pdf/datasheet/mc14020b-d.pdf,https://www.digikey.com/en/products/detail/onsemi/MC14020BDG/1478668,8 MHz,Up,,Binary Counter,14,1,-55°C ~ 125°C,,Asynchronous,4000B,,Negative Edge,3 V ~ 18 V
MC14020BDR2G,onsemi,IC BINARY COUNTER 14-BIT 16SOIC,pmic-gate-drivers,5735,0.77,"16-SOIC (0.154"", 3.90mm Width)",Surface Mount,Active,https://www.onsemi.com/pdf/datasheet/mc14020b-d.pdf,https://www.digikey.com/en/products/detail/onsemi/MC14020BDR2G/1478670,8 MHz,Up,,Binary Counter,14,1,-55°C ~ 125°C,,Asynchronous,4000B,,Negative Edge,3 V ~ 18 V
MC14020BFEL,onsemi,"BINARY COUNTER, 4000/14000/40000",pmic-gate-drivers,2000,0.35,-,-,Active,https://rocelec.widen.net/view/pdf/ybgojydeta/ONSMS31404-1.pdf?t.download=true&u=5oefqw,https://www.digikey.com/en/products/detail/rochester-electronics-llc/MC14020BFEL/15636913,,,,,,,,,,*,,,
MC14022BDG,onsemi,IC BINARY COUNTER 4-BIT 16SOIC,pmic-gate-drivers,77,0.3625,"16-SOIC (0.154"", 3.90mm Width)",Surface Mount,Active,https://www.onsemi.com/pdf/datasheet/mc14022b-d.pdf,https://www.digikey.com/en/products/detail/onsemi/MC14022BDG/1478673,16 MHz,Up,,Binary Counter,4,1,-55°C ~ 125°C,,Asynchronous,4000B,,Positive Edge,3 V ~ 18 V
MC14022BDR2,onsemi,IC BINARY COUNTER 4-BIT 16SOIC,pmic-gate-drivers,0,0.32636,"16-SOIC (0.154"", 3.90mm Width)",Surface Mount,Obsolete,https://www.digikey.com//mm.digikey.com/Volume0/opasdata/d220001/medias/docus/2574/MC14022B%20Rev5.pdf,https://www.digikey.com/en/products/detail/onsemi/MC14022BDR2/1478674,16 MHz,Up,,Binary Counter,4,1,-55°C ~ 125°C,,Asynchronous,4000B,,Positive Edge,3 V ~ 18 V
MC14022BDR2G,onsemi,IC BINARY COUNTER 4-BIT 16SOIC,pmic-gate-drivers,4386,0.61,"16-SOIC (0.154"", 3.90mm Width)",Surface Mount,Active,https://www.onsemi.com/pdf/datasheet/mc14022b-d.pdf,https://www.digikey.com/en/products/detail/onsemi/MC14022BDR2G/1478675,16 MHz,Up,,Binary Counter,4,1,-55°C ~ 125°C,,Asynchronous,4000B,,Positive Edge,3 V ~ 18 V
MC14022BF,Motorola,COUNTER/DIVIDER SINGLE 4 BIT OCT,pmic-gate-drivers,1200,0.58,-,-,Active,,https://www.digikey.com/en/products/detail/rochester-electronics-llc/MC14022BF/12603604,,,,,,,,,,*,,,
MC14022BF-ON,onsemi,COUNTER/DIVIDER SINGLE 4 BIT OCT,pmic-gate-drivers,800,0.58,-,-,Active,,https://www.digikey.com/en/products/detail/rochester-electronics-llc/MC14022BF-ON/12651235,,,,,,,,,,*,,,
MC14024BDG,onsemi,IC BINARY COUNTER 7-BIT 14SOIC,pmic-gate-drivers,118,0.51,"14-SOIC (0.154"", 3.90mm Width)",Surface Mount,Active,https://www.onsemi.com/pdf/datasheet/mc14024b-d.pdf,https://www.digikey.com/en/products/detail/onsemi/MC14024BDG/918874,12 MHz,Up,,Binary Counter,7,1,-55°C ~ 125°C,,Asynchronous,4000B,,Negative Edge,3 V ~ 18 V
MC14024BDR2G,onsemi,IC BINARY COUNTER 7-BIT 14SOIC,pmic-gate-drivers,625,0.51,"14-SOIC (0.154"", 3.90mm Width)",Surface Mount,Active,https://www.onsemi.com/pdf/datasheet/mc14024b-d.pdf,https://www.digikey.com/en/products/detail/onsemi/MC14024BDR2G/1478681,12 MHz,Up,,Binary Counter,7,1,-55°C ~ 125°C,,Asynchronous,4000B,,Negative Edge,3 V ~ 18 V
MC14024BFELG,onsemi,IC BINARY COUNTR 7BIT SOEIAJ-14,pmic-gate-drivers,0,0.38,"14-SOIC (0.209"", 5.30mm Width)",Surface Mount,Obsolete,https://www.onsemi.com/pdf/datasheet/mc14024b-d.pdf,https://www.digikey.com/en/products/detail/onsemi/MC14024BFELG/1478682,12 MHz,Up,,Binary Counter,7,1,-55°C ~ 125°C,,Asynchronous,4000B,,Negative Edge,3 V ~ 18 V
MC14024BFL2,onsemi,BINARY COUNTER,pmic-gate-drivers,6000,0.15,-,-,Active,https://rocelec.widen.net/view/pdf/nvhn98rrpz/ONSMS05264-1.pdf?t.download=true&u=5oefqw,https://www.digikey.com/en/products/detail/rochester-electronics-llc/MC14024BFL2/12112197,,,,,,,,,,*,,,
MC14024BFR1,onsemi,BINARY COUNTER,pmic-gate-drivers,8000,0.15,-,-,Active,https://rocelec.widen.net/view/pdf/heqhkc4jyi/ONSMD00061-86.pdf?t.download=true&u=5oefqw,https://www.digikey.com/en/products/detail/rochester-electronics-llc/MC14024BFR1/12110478,,,,,,,,,,*,,,
MC14029BD,onsemi,BINARY COUNTER,pmic-gate-drivers,19808,0.2,-,-,Active,https://rocelec.widen.net/view/pdf/pha43swzvq/ONSMD00061-103.pdf?t.download=true&u=5oefqw,https://www.digikey.com/en/products/detail/rochester-electronics-llc/MC14029BD/12111924,,,,,,,,,,*,,,
MC14029BDR2G,onsemi,IC BINARY COUNTER 4-BIT 16SOIC,pmic-gate-drivers,4148,0.68,"16-SOIC (0.154"", 3.90mm Width)",Surface Mount,Active,https://www.onsemi.com/pdf/datasheet/mc14029b-d.pdf,https://www.digikey.com/en/products/detail/onsemi/MC14029BDR2G/1478696,10 MHz,"Up, Down",,"Binary Counter, Decade",4,1,-55°C ~ 125°C,,,4000B,Synchronous,Positive Edge,3 V ~ 18 V
MC14029BFELG,onsemi,IC BINARY COUNTER 4BIT 16SOEIAJ,pmic-gate-drivers,0,0.5,"16-SOIC (0.209"", 5.30mm Width)",Surface Mount,Obsolete,https://www.onsemi.com/pdf/datasheet/mc14029b-d.pdf,https://www.digikey.com/en/products/detail/onsemi/MC14029BFELG/1478697,10 MHz,"Up, Down",,"Binary Counter, Decade",4,1,-55°C ~ 125°C,,,4000B,Synchronous,Positive Edge,3 V ~ 18 V
MC14040BDG,onsemi,IC BINARY COUNTER 12-BIT 16SOIC,pmic-gate-drivers,142,0.64,"16-SOIC (0.154"", 3.90mm Width)",Surface Mount,Active,https://www.onsemi.com/pdf/datasheet/mc14040b-d.pdf,https://www.digikey.com/en/products/detail/onsemi/MC14040BDG/1478706,10 MHz,Up,,Binary Counter,12,1,-55°C ~ 125°C,,Asynchronous,4000B,,Negative Edge,3 V ~ 18 V
MC14040BDR2,onsemi,IC COUNTER 12BIT CMOS 16SOIC,pmic-gate-drivers,2500,0.45,"16-SOIC (0.154"", 3.90mm Width)",Surface Mount,Active,https://www.onsemi.com/pdf/datasheet/mc14040b-d.pdf,https://www.digikey.com/en/products/detail/onsemi/MC14040BDR2/11548313,10 MHz,Up,,Binary Counter,12,1,-55°C ~ 125°C,,,4000B,,Negative Edge,3 V ~ 18 V
MC14040BDR2G,onsemi,IC BINARY COUNTER 12-BIT 16SOIC,pmic-gate-drivers,2536,0.64,"16-SOIC (0.154"", 3.90mm Width)",Surface Mount,Active,https://www.onsemi.com/pdf/datasheet/mc14040b-d.pdf,https://www.digikey.com/en/products/detail/onsemi/MC14040BDR2G/918882,10 MHz,Up,,Binary Counter,12,1,-55°C ~ 125°C,,Asynchronous,4000B,,Negative Edge,3 V ~ 18 V
MC14040BDTR2G,onsemi,IC BINARY COUNTER 12BIT 16TSSOP,pmic-gate-drivers,2351,0.67,"16-TSSOP (0.173"", 4.40mm Width)",Surface Mount,Active,https://www.onsemi.com/pdf/datasheet/mc14040b-d.pdf,https://www.digikey.com/en/products/detail/onsemi/MC14040BDTR2G/1478708,10 MHz,Up,,Binary Counter,12,1,-55°C ~ 125°C,,Asynchronous,4000B,,Negative Edge,3 V ~ 18 V
MC14040BFELG,onsemi,IC BINARY COUNTR 12BIT 16SOEIAJ,pmic-gate-drivers,0,0.51,"16-SOIC (0.209"", 5.30mm Width)",Surface Mount,Obsolete,https://www.digikey.com//mm.digikey.com/Volume0/opasdata/d220001/medias/docus/42/MC14040B-Rev2007.pdf,https://www.digikey.com/en/products/detail/onsemi/MC14040BFELG/1478709,10 MHz,Up,,Binary Counter,12,1,-55°C ~ 125°C,,Asynchronous,4000B,,Negative Edge,3 V ~ 18 V
MC14040BFL1,onsemi,BINARY COUNTER,pmic-gate-drivers,7000,0.17,-,-,Active,https://rocelec.widen.net/view/pdf/tg4v2ru0ww/ONSMS33082-1.pdf?t.download=true&u=5oefqw,https://www.digikey.com/en/products/detail/rochester-electronics-llc/MC14040BFL1/12111815,,,,,,,,,,*,,,
MC14040BFR1,onsemi,BINARY COUNTER,pmic-gate-drivers,3000,0.23,-,-,Active,https://rocelec.widen.net/view/pdf/8rlrwwmqir/ONSMD00061-115.pdf?t.download=true&u=5oefqw,https://www.digikey.com/en/products/detail/rochester-electronics-llc/MC14040BFR1/12114229,,,,,,,,,,*,,,
MC14060BDG,onsemi,IC BINARY COUNTER 14-BIT 16SOIC,pmic-gate-drivers,476,0.39958,"16-SOIC (0.154"", 3.90mm Width)",Surface Mount,Active,https://www.onsemi.com/download/data-sheet/pdf/mc14060b-d.pdf,https://www.digikey.com/en/products/detail/onsemi/MC14060BDG/1478765,17 MHz,Up,,Binary Counter,14,1,-55°C ~ 125°C,,,4000B,,Negative Edge,3 V ~ 18 V
MC14060BDR2,onsemi,IC COUNTER 14BIT CMOS 16SOIC,pmic-gate-drivers,1004,0.45,"16-SOIC (0.154"", 3.90mm Width)",Surface Mount,Active,,https://www.digikey.com/en/products/detail/onsemi/MC14060BDR2/11519903,17 MHz,Up,,Binary Counter,14,1,-55°C ~ 125°C,,,4000B,,Negative Edge,3 V ~ 18 V
MC14060BDR2G,onsemi,IC BINARY COUNTER 14-BIT 16SOIC,pmic-gate-drivers,19361,0.67,"16-SOIC (0.154"", 3.90mm Width)",Surface Mount,Active,https://www.onsemi.com/download/data-sheet/pdf/mc14060b-d.pdf,https://www.digikey.com/en/products/detail/onsemi/MC14060BDR2G/918901,17 MHz,Up,,Binary Counter,14,1,-55°C ~ 125°C,,,4000B,,Negative Edge,3 V ~ 18 V
MC14060BDTR2G,onsemi,IC BINARY COUNTER 14BIT 16TSSOP,pmic-gate-drivers,2581,0.73,"16-TSSOP (0.173"", 4.40mm Width)",Surface Mount,Active,https://www.onsemi.com/download/data-sheet/pdf/mc14060b-d.pdf,https://www.digikey.com/en/products/detail/onsemi/MC14060BDTR2G/1478767,17 MHz,Up,,Binary Counter,14,1,-55°C ~ 125°C,,,4000B,,Negative Edge,3 V ~ 18 V
MC14060BFELG,onsemi,IC BINARY COUNTR 14BIT 16SOEIAJ,pmic-gate-drivers,0,0.46,"16-SOIC (0.209"", 5.30mm Width)",Surface Mount,Obsolete,https://www.digikey.com//mm.digikey.com/Volume0/opasdata/d220001/medias/docus/42/MC14060B_2011.pdf,https://www.digikey.com/en/products/detail/onsemi/MC14060BFELG/1478768,17 MHz,Up,,Binary Counter,14,1,-55°C ~ 125°C,,,4000B,,Negative Edge,3 V ~ 18 V
MC14510BF,onsemi,BCD UP/DOWN COUNTER,pmic-gate-drivers,6000,0.38,-,-,Active,,https://www.digikey.com/en/products/detail/rochester-electronics-llc/MC14510BF/12614639,,,,,,,,,,*,,,
MC14516BDG,onsemi,IC BINARY COUNTER 4-BIT 16SOIC,pmic-gate-drivers,139,0.36,"16-SOIC (0.154"", 3.90mm Width)",Surface Mount,Active,https://www.onsemi.com/pdf/datasheet/mc14516b-d.pdf,https://www.digikey.com/en/products/detail/onsemi/MC14516BDG/918940,8 MHz,"Up, Down",,Binary Counter,4,1,-55°C ~ 125°C,,Asynchronous,4000B,Synchronous,Positive Edge,3 V ~ 18 V
MC14516BDR2G,onsemi,IC BINARY COUNTER 4-BIT 16SOIC,pmic-gate-drivers,13095,0.61,"16-SOIC (0.154"", 3.90mm Width)",Surface Mount,Active,https://www.onsemi.com/pdf/datasheet/mc14516b-d.pdf,https://www.digikey.com/en/products/detail/onsemi/MC14516BDR2G/1478888,8 MHz,"Up, Down",,Binary Counter,4,1,-55°C ~ 125°C,,Asynchronous,4000B,Synchronous,Positive Edge,3 V ~ 18 V
MC14516BFG,onsemi,IC BINARY COUNTER 4BIT 16SOEIAJ,pmic-gate-drivers,0,0.53,"16-SOIC (0.209"", 5.30mm Width)",Surface Mount,Obsolete,https://www.digikey.com//mm.digikey.com/Volume0/opasdata/d220001/medias/docus/42/MC14516B-D.pdf,https://www.digikey.com/en/products/detail/onsemi/MC14516BFG/1792309,8 MHz,"Up, Down",,Binary Counter,4,1,-55°C ~ 125°C,,Asynchronous,4000B,Synchronous,Positive Edge,3 V ~ 18 V
MC14518BDW,onsemi,IC BCD COUNTER DUAL 4BIT 16SOIC,pmic-gate-drivers,0,0.64766,"16-SOIC (0.295"", 7.50mm Width)",Surface Mount,Obsolete,https://www.onsemi.com/pdf/datasheet/mc14518b-d.pdf,https://www.digikey.com/en/products/detail/onsemi/MC14518BDW/1478893,8 MHz,Up,,BCD Counter,4,2,-55°C ~ 125°C,,Asynchronous,4000B,Synchronous,"Positive, Negative",3 V ~ 18 V
MC14518BDWG,onsemi,IC BCD COUNTER DUAL 4BIT 16SOIC,pmic-gate-drivers,217,0.94,"16-SOIC (0.295"", 7.50mm Width)",Surface Mount,Active,https://www.onsemi.com/pdf/datasheet/mc14518b-d.pdf,https://www.digikey.com/en/products/detail/onsemi/MC14518BDWG/15852003,8 MHz,Up,,BCD Counter,4,2,-55°C ~ 125°C,,Asynchronous,4000B,Synchronous,"Positive, Negative",3 V ~ 18 V
MC14518BDWR2,onsemi,IC BCD COUNTER DUAL 4BIT 16SOIC,pmic-gate-drivers,0,0.39523,"16-SOIC (0.295"", 7.50mm Width)",Surface Mount,Obsolete,https://www.onsemi.com/pdf/datasheet/mc14518b-d.pdf,https://www.digikey.com/en/products/detail/onsemi/MC14518BDWR2/1478895,8 MHz,Up,,BCD Counter,4,2,-55°C ~ 125°C,,Asynchronous,4000B,Synchronous,"Positive, Negative",3 V ~ 18 V
MC14518BDWR2G,onsemi,IC BCD COUNTER DUAL 4BIT 16SOIC,pmic-gate-drivers,630,0.94,"16-SOIC (0.295"", 7.50mm Width)",Surface Mount,Active,https://www.onsemi.com/pdf/datasheet/mc14518b-d.pdf,https://www.digikey.com/en/products/detail/onsemi/MC14518BDWR2G/1478896,8 MHz,Up,,BCD Counter,4,2,-55°C ~ 125°C,,Asynchronous,4000B,Synchronous,"Positive, Negative",3 V ~ 18 V
MC14518BFR2,onsemi,"DECADE COUNTER, SYNCHRONOUS",pmic-gate-drivers,2430,0.3,-,-,Active,https://rocelec.widen.net/view/pdf/qeki3lc5ar/ONSMD00061-287.pdf?t.download=true&u=5oefqw,https://www.digikey.com/en/products/detail/rochester-electronics-llc/MC14518BFR2/12119097,,,,,,,,,,*,,,
MC14520BDW,onsemi,IC BINARY COUNTR DL 4BIT 16SOIC,pmic-gate-drivers,0,0.37913,"16-SOIC (0.295"", 7.50mm Width)",Surface Mount,Obsolete,https://www.onsemi.com/pdf/datasheet/mc14518b-d.pdf,https://www.digikey.com/en/products/detail/onsemi/MC14520BDW/1478897,8 MHz,Up,,Binary Counter,4,2,-55°C ~ 125°C,,Asynchronous,4000B,Synchronous,"Positive, Negative",3 V ~ 18 V
MC14520BDWG,onsemi,IC BINARY COUNTR DL 4BIT 16SOIC,pmic-gate-drivers,0,0.46786,"16-SOIC (0.295"", 7.50mm Width)",Surface Mount,Obsolete,https://www.onsemi.com/pdf/datasheet/mc14518b-d.pdf,https://www.digikey.com/en/products/detail/onsemi/MC14520BDWG/1478898,8 MHz,Up,,Binary Counter,4,2,-55°C ~ 125°C,,Asynchronous,4000B,Synchronous,"Positive, Negative",3 V ~ 18 V
MC14520BDWR2G,onsemi,IC BINARY COUNTR DL 4BIT 16SOIC,pmic-gate-drivers,914,1.1,"16-SOIC (0.295"", 7.50mm Width)",Surface Mount,Active,https://www.onsemi.com/pdf/datasheet/mc14518b-d.pdf,https://www.digikey.com/en/products/detail/onsemi/MC14520BDWR2G/1478900,8 MHz,Up,,Binary Counter,4,2,-55°C ~ 125°C,,Asynchronous,4000B,Synchronous,"Positive, Negative",3 V ~ 18 V
MC14521BDG,onsemi,IC DIVIDER BY 2 24-BIT 16SOIC,pmic-gate-drivers,48,0.77,"16-SOIC (0.154"", 3.90mm Width)",Surface Mount,Active,https://www.onsemi.com/pdf/datasheet/mc14521b-d.pdf,https://www.digikey.com/en/products/detail/onsemi/MC14521BDG/1478902,12 MHz,,,Divide-by-2,24,1,-55°C ~ 125°C,,Asynchronous,4000B,,Negative Edge,3 V ~ 18 V
MC14521BDR2,onsemi,IC DIVIDER 24STAGE FREQ 16-SOIC,pmic-gate-drivers,7270,0.64,"16-SOIC (0.154"", 3.90mm Width)",Surface Mount,Active,https://www.onsemi.com/pdf/datasheet/mc14521b-d.pdf,https://www.digikey.com/en/products/detail/onsemi/MC14521BDR2/11526891,12 MHz,,,Divide-by-2,24,1,-55°C ~ 125°C,,Asynchronous,4000B,,Negative Edge,3 V ~ 18 V
MC14521BDR2G,onsemi,IC DIVIDER BY 2 24-BIT 16SOIC,pmic-gate-drivers,3505,0.67,"16-SOIC (0.154"", 3.90mm Width)",Surface Mount,Active,https://www.onsemi.com/pdf/datasheet/mc14521b-d.pdf,https://www.digikey.com/en/products/detail/onsemi/MC14521BDR2G/1478904,12 MHz,,,Divide-by-2,24,1,-55°C ~ 125°C,,Asynchronous,4000B,,Negative Edge,3 V ~ 18 V
MC14526BDW,onsemi,IC BINARY COUNTER 4-BIT 16SOIC,pmic-gate-drivers,0,0.37731,"16-SOIC (0.295"", 7.50mm Width)",Surface Mount,Obsolete,https://www.onsemi.com/pdf/datasheet/mc14526b-d.pdf,https://www.digikey.com/en/products/detail/onsemi/MC14526BDW/1478909,6.6 MHz,Down,,Binary Counter,4,1,-55°C ~ 125°C,,Asynchronous,4000B,,"Positive, Negative",3 V ~ 18 V
MC14526BDWG,onsemi,IC BINARY COUNTER 4-BIT 16SOIC,pmic-gate-drivers,2394,0.48936,"16-SOIC (0.295"", 7.50mm Width)",Surface Mount,Active,https://www.onsemi.com/pdf/datasheet/mc14526b-d.pdf,https://www.digikey.com/en/products/detail/onsemi/MC14526BDWG/1478910,6.6 MHz,Down,,Binary Counter,4,1,-55°C ~ 125°C,,Asynchronous,4000B,,"Positive, Negative",3 V ~ 18 V
MC14526BDWR2,onsemi,IC BINARY COUNTER 4-BIT 16SOIC,pmic-gate-drivers,0,0.36063,"16-SOIC (0.295"", 7.50mm Width)",Surface Mount,Obsolete,https://www.onsemi.com/pdf/datasheet/mc14526b-d.pdf,https://www.digikey.com/en/products/detail/onsemi/MC14526BDWR2/1478911,6.6 MHz,Down,,Binary Counter,4,1,-55°C ~ 125°C,,Asynchronous,4000B,,"Positive, Negative",3 V ~ 18 V
MC14526BDWR2G,onsemi,IC BINARY COUNTER 4-BIT 16SOIC,pmic-gate-drivers,2439,0.82,"16-SOIC (0.295"", 7.50mm Width)",Surface Mount,Active,https://www.onsemi.com/pdf/datasheet/mc14526b-d.pdf,https://www.digikey.com/en/products/detail/onsemi/MC14526BDWR2G/1478912,6.6 MHz,Down,,Binary Counter,4,1,-55°C ~ 125°C,,Asynchronous,4000B,,"Positive, Negative",3 V ~ 18 V
MC14569BDWG,onsemi,IC DIVIDER BY N DL 4BIT 16SOIC,pmic-gate-drivers,0,1.95,"16-SOIC (0.295"", 7.50mm Width)",Surface Mount,Obsolete,https://www.onsemi.com/pdf/datasheet/mc14569b-d.pdf,https://www.digikey.com/en/products/detail/onsemi/MC14569BDWG/1478986,13 MHz,,,Divide-by-N,4,2,-55°C ~ 125°C,,Asynchronous,4000B,,Positive Edge,3 V ~ 18 V
MC14569BDWR2G,onsemi,IC DIVIDER BY N DL 4BIT 16SOIC,pmic-gate-drivers,0,1.89,"16-SOIC (0.295"", 7.50mm Width)",Surface Mount,Obsolete,https://www.onsemi.com/pdf/datasheet/mc14569b-d.pdf,https://www.digikey.com/en/products/detail/onsemi/MC14569BDWR2G/1478988,13 MHz,,,Divide-by-N,4,2,-55°C ~ 125°C,,Asynchronous,4000B,,Positive Edge,3 V ~ 18 V
MC4323L,Motorola,IC DIVIDER BY N 4-BIT TO116,pmic-gate-drivers,125,23.38,"14-DIP (0.300"", 7.62mm)",Through Hole,Active,https://rocelec.widen.net/view/pdf/f6twnjdq13/MOTOS09997-1.pdf?t.download=true&u=5oefqw,https://www.digikey.com/en/products/detail/rochester-electronics-llc/MC4323L/12101026,,,,Divide-by-N,4,1,-55°C ~ 125°C,,,MC4323,,,
MC5490AF,Motorola,IC DECADE COUNTER 4BIT 14CFLTPK,pmic-gate-drivers,503,2.69,14-CFlatPack,Surface Mount,Active,https://rocelec.widen.net/view/pdf/znwrofc6xq/MOSES07541-1.pdf?t.download=true&u=5oefqw,https://www.digikey.com/en/products/detail/rochester-electronics-llc/MC5490AF/12106657,,Up,,"Counter, Decade",4,1,-55°C ~ 125°C,,Asynchronous,,,Negative Edge,4.5 V ~ 5.5 V
MC74AC160D,onsemi,"DECADE COUNTER, AC SERIES, SYNCH",pmic-gate-drivers,44,6.82,-,-,Active,https://rocelec.widen.net/view/pdf/a0ekwzuzsw/MOTOS03373-1.pdf?t.download=true&u=5oefqw,https://www.digikey.com/en/products/detail/rochester-electronics-llc/MC74AC160D/12615986,,,,,,,,,,*,,,
MC74AC160DR2,onsemi,"DECADE COUNTER, AC SERIES, SYNCH",pmic-gate-drivers,8081,0.5,-,-,Active,https://rocelec.widen.net/view/pdf/4udssnjcjs/MOTOS13655-1.pdf?t.download=true&u=5oefqw,https://www.digikey.com/en/products/detail/rochester-electronics-llc/MC74AC160DR2/12598256,,,,,,,,,,*,,,
MC74AC160N,onsemi,"DECADE COUNTER, AC SERIES, SYNCH",pmic-gate-drivers,1014,0.97,-,-,Active,https://rocelec.widen.net/view/pdf/a0ekwzuzsw/MOTOS03373-1.pdf?t.download=true&u=5oefqw,https://www.digikey.com/en/products/detail/rochester-electronics-llc/MC74AC160N/12608623,,,,,,,,,,*,,,
MC74AC161D,onsemi,IC BINARY COUNTER 4-BIT 16SOIC,pmic-gate-drivers,0,0.49958,"16-SOIC (0.154"", 3.90mm Width)",Surface Mount,Obsolete,https://www.digikey.com//mm.digikey.com/Volume0/opasdata/d220001/medias/docus/2154/MC74AC%28T%29161%2C163.pdf,https://www.digikey.com/en/products/detail/onsemi/MC74AC161D/1479404,167 MHz,Up,,Binary Counter,4,1,-40°C ~ 85°C,,Asynchronous,74AC,Synchronous,Positive Edge,2 V ~ 6 V
MC74AC161DG,onsemi,IC BINARY COUNTER 4-BIT 16SOIC,pmic-gate-drivers,0,0.35115,"16-SOIC (0.154"", 3.90mm Width)",Surface Mount,Obsolete,https://www.onsemi.com/pdf/datasheet/mc74ac161-d.pdf,https://www.digikey.com/en/products/detail/onsemi/MC74AC161DG/1479405,167 MHz,Up,,Binary Counter,4,1,-40°C ~ 85°C,,Asynchronous,74AC,Synchronous,Positive Edge,2 V ~ 6 V
MC74AC161DR2,onsemi,IC COUNTER SYNC BINARY 16-SOIC,pmic-gate-drivers,5781,0.2,"16-SOIC (0.154"", 3.90mm Width)",Surface Mount,Active,https://www.onsemi.com/pdf/datasheet/mc74ac161-d.pdf,https://www.digikey.com/en/products/detail/onsemi/MC74AC161DR2/11537971,167 MHz,Up,,Binary Counter,4,1,-40°C ~ 85°C,,Asynchronous,74AC,Synchronous,Positive Edge,2 V ~ 6 V
MC74AC161MG,onsemi,IC BINARY COUNTER 4BIT 16SOEIAJ,pmic-gate-drivers,3130,0.4,"16-SOIC (0.209"", 5.30mm Width)",Surface Mount,Obsolete,https://www.digikey.com//mm.digikey.com/Volume0/opasdata/d220001/medias/docus/2154/MC74AC%28T%29161%2C163.pdf,https://www.digikey.com/en/products/detail/onsemi/MC74AC161MG/11526956,167 MHz,Up,,Binary Counter,4,1,-40°C ~ 85°C,,Asynchronous,74AC,Synchronous,Positive Edge,2 V ~ 6 V
MC74AC161N,onsemi,IC BINARY COUNTER 4-BIT 16DIP,pmic-gate-drivers,0,0.30648,"16-DIP (0.300"", 7.62mm)",Through Hole,Obsolete,https://www.digikey.com//mm.digikey.com/Volume0/opasdata/d220001/medias/docus/2154/MC74AC%28T%29161%2C163.pdf,https://www.digikey.com/en/products/detail/onsemi/MC74AC161N/1479410,167 MHz,Up,,Binary Counter,4,1,-40°C ~ 85°C,,Asynchronous,74AC,Synchronous,Positive Edge,2 V ~ 6 V
MC74AC161NG,onsemi,IC BINARY COUNTER 4-BIT 16DIP,pmic-gate-drivers,0,0.48,"16-DIP (0.300"", 7.62mm)",Through Hole,Obsolete,https://www.digikey.com//mm.digikey.com/Volume0/opasdata/d220001/medias/docus/2154/MC74AC%28T%29161%2C163.pdf,https://www.digikey.com/en/products/detail/onsemi/MC74AC161NG/1479411,167 MHz,Up,,Binary Counter,4,1,-40°C ~ 85°C,,Asynchronous,74AC,Synchronous,Positive Edge,2 V ~ 6 V
MC74AC162D,onsemi,"DECADE COUNTER, AC SERIES, SYNCH",pmic-gate-drivers,2229,0.5,-,-,Active,https://rocelec.widen.net/view/pdf/a0ekwzuzsw/MOTOS03373-1.pdf?t.download=true&u=5oefqw,https://www.digikey.com/en/products/detail/rochester-electronics-llc/MC74AC162D/12615977,,,,,,,,,,*,,,
MC74AC162DR2,onsemi,"DECADE COUNTER, AC SERIES, SYNCH",pmic-gate-drivers,2083,0.5,-,-,Active,https://rocelec.widen.net/view/pdf/4udssnjcjs/MOTOS13655-1.pdf?t.download=true&u=5oefqw,https://www.digikey.com/en/products/detail/rochester-electronics-llc/MC74AC162DR2/12615301,,,,,,,,,,*,,,
MC74AC163D,onsemi,IC COUNTER SYNC BINARY 16-SOIC,pmic-gate-drivers,17945,0.28,-,-,Active,https://rocelec.widen.net/view/pdf/xs5e84tjf2/ONSMS11688-1.pdf?t.download=true&u=5oefqw,https://www.digikey.com/en/products/detail/rochester-electronics-llc/MC74AC163D/12112037,,,,,,,,,,*,,,
MC74AC163DR2G,onsemi,IC BINARY COUNTER 4-BIT 16SOIC,pmic-gate-drivers,2032,0.65,"16-SOIC (0.154"", 3.90mm Width)",Surface Mount,Active,https://www.onsemi.com/pdf/datasheet/mc74ac161-d.pdf,https://www.digikey.com/en/products/detail/onsemi/MC74AC163DR2G/1479413,140 MHz,Up,,Binary Counter,4,1,-40°C ~ 85°C,,Synchronous,74AC,Synchronous,Positive Edge,2 V ~ 6 V
MC74AC163MELG,onsemi,IC BINARY COUNTER 4BIT 16SOEIAJ,pmic-gate-drivers,0,0.25115,"16-SOIC (0.209"", 5.30mm Width)",Surface Mount,Obsolete,https://www.digikey.com//mm.digikey.com/Volume0/opasdata/d220001/medias/docus/2154/MC74AC%28T%29161%2C163.pdf,https://www.digikey.com/en/products/detail/onsemi/MC74AC163MELG/1479415,140 MHz,Up,,Binary Counter,4,1,-40°C ~ 85°C,,Synchronous,74AC,Synchronous,Positive Edge,2 V ~ 6 V
MC74AC163N,onsemi,IC BINARY COUNTER 4-BIT 16DIP,pmic-gate-drivers,0,0.36302,"16-DIP (0.300"", 7.62mm)",Through Hole,Obsolete,https://www.digikey.com//mm.digikey.com/Volume0/opasdata/d220001/medias/docus/2154/MC74AC%28T%29161%2C163.pdf,https://www.digikey.com/en/products/detail/onsemi/MC74AC163N/1479416,140 MHz,Up,,Binary Counter,4,1,-40°C ~ 85°C,,Synchronous,74AC,Synchronous,Positive Edge,2 V ~ 6 V
MC74AC163NG,onsemi,IC BINARY COUNTER 4-BIT 16DIP,pmic-gate-drivers,0,0.53,"16-DIP (0.300"", 7.62mm)",Through Hole,Obsolete,https://www.digikey.com//mm.digikey.com/Volume0/opasdata/d220001/medias/docus/2154/MC74AC%28T%29161%2C163.pdf,https://www.digikey.com/en/products/detail/onsemi/MC74AC163NG/1479417,140 MHz,Up,,Binary Counter,4,1,-40°C ~ 85°C,,Synchronous,74AC,Synchronous,Positive Edge,2 V ~ 6 V
MC74AC4040D,onsemi,IC BINARY COUNTER 12-BIT 16SOIC,pmic-gate-drivers,0,0.53,"16-SOIC (0.154"", 3.90mm Width)",Surface Mount,Obsolete,https://www.digikey.com//mm.digikey.com/Volume0/opasdata/d220001/medias/docus/39/MC74AC4040-D.pdf,https://www.digikey.com/en/products/detail/onsemi/MC74AC4040D/1479502,140 MHz,Up,,Binary Counter,12,1,-40°C ~ 85°C,,Asynchronous,74AC,,Negative Edge,2 V ~ 6 V
MC74AC4040DG,onsemi,IC BINARY COUNTER 12-BIT 16SOIC,pmic-gate-drivers,0,30.19,"16-SOIC (0.154"", 3.90mm Width)",Surface Mount,Obsolete,https://www.onsemi.com/pdf/datasheet/mc74ac4040-d.pdf,https://www.digikey.com/en/products/detail/onsemi/MC74AC4040DG/1479503,140 MHz,Up,,Binary Counter,12,1,-40°C ~ 85°C,,Asynchronous,74AC,,Negative Edge,2 V ~ 6 V
MC74AC4040DR2G,onsemi,IC BINARY COUNTER 12-BIT 16SOIC,pmic-gate-drivers,0,31.44,"16-SOIC (0.154"", 3.90mm Width)",Surface Mount,Obsolete,https://www.onsemi.com/pdf/datasheet/mc74ac4040-d.pdf,https://www.digikey.com/en/products/detail/onsemi/MC74AC4040DR2G/1479505,140 MHz,Up,,Binary Counter,12,1,-40°C ~ 85°C,,Asynchronous,74AC,,Negative Edge,2 V ~ 6 V
MC74AC4040MEL,onsemi,BINARY COUNTER,pmic-gate-drivers,8743,0.74,-,-,Active,https://rocelec.widen.net/view/pdf/m9x5jwjns6/ONSMS11698-1.pdf?t.download=true&u=5oefqw,https://www.digikey.com/en/products/detail/rochester-electronics-llc/MC74AC4040MEL/12115053,,,,,,,,,,*,,,
MC74AC4040MELG,onsemi,IC BINARY COUNTR 12BIT 16SOEIAJ,pmic-gate-drivers,0,0.71091,"16-SOIC (0.209"", 5.30mm Width)",Surface Mount,Obsolete,,https://www.digikey.com/en/products/detail/onsemi/MC74AC4040MELG/1479506,140 MHz,Up,,Binary Counter,12,1,-40°C ~ 85°C,,Asynchronous,74AC,,Negative Edge,2 V ~ 6 V
MC74AC4040NG,onsemi,IC BINARY COUNTER 12-BIT 16DIP,pmic-gate-drivers,0,1.39,"16-DIP (0.300"", 7.62mm)",Through Hole,Obsolete,https://www.digikey.com//mm.digikey.com/Volume0/opasdata/d220001/medias/docus/39/MC74AC4040-D.pdf,https://www.digikey.com/en/products/detail/onsemi/MC74AC4040NG/1479508,140 MHz,Up,,Binary Counter,12,1,-40°C ~ 85°C,,Asynchronous,74AC,,Negative Edge,2 V ~ 6 V
MC74ACT160N,onsemi,"DECADE COUNTER, ACT SERIES, SYNC",pmic-gate-drivers,2007,0.5,-,-,Active,https://rocelec.widen.net/view/pdf/a0ekwzuzsw/MOTOS03373-1.pdf?t.download=true&u=5oefqw,https://www.digikey.com/en/products/detail/rochester-electronics-llc/MC74ACT160N/12616050,,,,,,,,,,*,,,
MC74ACT161DG,onsemi,IC BINARY COUNTER 4-BIT 16SOIC,pmic-gate-drivers,7,0.64,"16-SOIC (0.154"", 3.90mm Width)",Surface Mount,Obsolete,https://www.onsemi.com/pdf/datasheet/mc74ac161-d.pdf,https://www.digikey.com/en/products/detail/onsemi/MC74ACT161DG/1479647,125 MHz,Up,,Binary Counter,4,1,-40°C ~ 85°C,,Asynchronous,74ACT,Synchronous,Positive Edge,4.5 V ~ 5.5 V
MC74ACT161DR2,onsemi,IC BINARY COUNTER 4-BIT 16SOIC,pmic-gate-drivers,0,0.2,"16-SOIC (0.154"", 3.90mm Width)",Surface Mount,Obsolete,https://www.digikey.com//mm.digikey.com/Volume0/opasdata/d220001/medias/docus/2154/MC74AC%28T%29161%2C163.pdf,https://www.digikey.com/en/products/detail/onsemi/MC74ACT161DR2/1479648,125 MHz,Up,,Binary Counter,4,1,-40°C ~ 85°C,,Asynchronous,74ACT,Synchronous,Positive Edge,4.5 V ~ 5.5 V
MC74ACT161DR2G,onsemi,IC BINARY COUNTER 4-BIT 16SOIC,pmic-gate-drivers,0,0.36,"16-SOIC (0.154"", 3.90mm Width)",Surface Mount,Obsolete,https://www.onsemi.com/pdf/datasheet/mc74ac161-d.pdf,https://www.digikey.com/en/products/detail/onsemi/MC74ACT161DR2G/1479649,125 MHz,Up,,Binary Counter,4,1,-40°C ~ 85°C,,Asynchronous,74ACT,Synchronous,Positive Edge,4.5 V ~ 5.5 V
MC74ACT161M,onsemi,IC COUNTER SYNC BINARY 16-SOIC,pmic-gate-drivers,3550,0.4,-,-,Active,https://rocelec.widen.net/view/pdf/ljqgtamafd/ONSMS22077-1.pdf?t.download=true&u=5oefqw,https://www.digikey.com/en/products/detail/rochester-electronics-llc/MC74ACT161M/12134554,,,,,,,,,,*,,,
MC74ACT161MELG,onsemi,IC BINARY COUNTER 4BIT 16SOEIAJ,pmic-gate-drivers,0,0.32667,"16-SOIC (0.209"", 5.30mm Width)",Surface Mount,Obsolete,https://www.digikey.com//mm.digikey.com/Volume0/opasdata/d220001/medias/docus/2154/MC74AC%28T%29161%2C163.pdf,https://www.digikey.com/en/products/detail/onsemi/MC74ACT161MELG/1479650,125 MHz,Up,,Binary Counter,4,1,-40°C ~ 85°C,,Asynchronous,74ACT,Synchronous,Positive Edge,4.5 V ~ 5.5 V
MC74ACT161ML1,onsemi,BINARY COUNTER,pmic-gate-drivers,12000,0.35,-,-,Active,https://rocelec.widen.net/view/pdf/ljqgtamafd/ONSMS22077-1.pdf?t.download=true&u=5oefqw,https://www.digikey.com/en/products/detail/rochester-electronics-llc/MC74ACT161ML1/12124976,,,,,,,,,,*,,,
MC74ACT161N,onsemi,IC BINARY COUNTER 4-BIT 16DIP,pmic-gate-drivers,0,0.21,"16-DIP (0.300"", 7.62mm)",Through Hole,Obsolete,https://www.digikey.com//mm.digikey.com/Volume0/opasdata/d220001/medias/docus/2154/MC74AC%28T%29161%2C163.pdf,https://www.digikey.com/en/products/detail/onsemi/MC74ACT161N/1479651,125 MHz,Up,,Binary Counter,4,1,-40°C ~ 85°C,,Asynchronous,74ACT,Synchronous,Positive Edge,4.5 V ~ 5.5 V
MC74ACT161NG,onsemi,IC BINARY COUNTER 4-BIT 16DIP,pmic-gate-drivers,0,36.44,"16-DIP (0.300"", 7.62mm)",Through Hole,Obsolete,https://www.digikey.com//mm.digikey.com/Volume0/opasdata/d220001/medias/docus/2154/MC74AC%28T%29161%2C163.pdf,https://www.digikey.com/en/products/detail/onsemi/MC74ACT161NG/1479652,125 MHz,Up,,Binary Counter,4,1,-40°C ~ 85°C,,Asynchronous,74ACT,Synchronous,Positive Edge,4.5 V ~ 5.5 V
MC74ACT162N,onsemi,"DECADE COUNTER, ACT SERIES, SYNC",pmic-gate-drivers,780,0.38,-,-,Active,https://rocelec.widen.net/view/pdf/a0ekwzuzsw/MOTOS03373-1.pdf?t.download=true&u=5oefqw,https://www.digikey.com/en/products/detail/rochester-electronics-llc/MC74ACT162N/12619746,,,,,,,,,,*,,,
MC74ACT163D,onsemi,IC BINARY COUNTER 4-BIT 16SOIC,pmic-gate-drivers,0,0.49958,"16-SOIC (0.154"", 3.90mm Width)",Surface Mount,Obsolete,https://www.digikey.com//mm.digikey.com/Volume0/opasdata/d220001/medias/docus/2154/MC74AC%28T%29161%2C163.pdf,https://www.digikey.com/en/products/detail/onsemi/MC74ACT163D/1479653,140 MHz,Up,,Binary Counter,4,1,-40°C ~ 85°C,,Synchronous,74ACT,Synchronous,Positive Edge,4.5 V ~ 5.5 V
MC74ACT163DG,onsemi,IC BINARY COUNTER 4-BIT 16SOIC,pmic-gate-drivers,0,0.17,"16-SOIC (0.154"", 3.90mm Width)",Surface Mount,Obsolete,https://www.onsemi.com/pdf/datasheet/mc74ac161-d.pdf,https://www.digikey.com/en/products/detail/onsemi/MC74ACT163DG/1479654,140 MHz,Up,,Binary Counter,4,1,-40°C ~ 85°C,,Synchronous,74ACT,Synchronous,Positive Edge,4.5 V ~ 5.5 V
MC74ACT163DR2,onsemi,IC COUNTER SYNC BINARY 16-SOIC,pmic-gate-drivers,38700,0.2,"16-SOIC (0.154"", 3.90mm Width)",Surface Mount,Active,https://www.onsemi.com/pdf/datasheet/mc74ac161-d.pdf,https://www.digikey.com/en/products/detail/onsemi/MC74ACT163DR2/13502703,140 MHz,Up,,Binary Counter,4,1,-40°C ~ 85°C,,Synchronous,74ACT,Synchronous,Positive Edge,4.5 V ~ 5.5 V
MC74ACT163DR2G,onsemi,IC BINARY COUNTER 4-BIT 16SOIC,pmic-gate-drivers,6599,0.65,"16-SOIC (0.154"", 3.90mm Width)",Surface Mount,Active,https://www.onsemi.com/pdf/datasheet/mc74ac161-d.pdf,https://www.digikey.com/en/products/detail/onsemi/MC74ACT163DR2G/1479656,140 MHz,Up,,Binary Counter,4,1,-40°C ~ 85°C,,Synchronous,74ACT,Synchronous,Positive Edge,4.5 V ~ 5.5 V
MC74ACT163MEL,onsemi,IC BINARY COUNTER 4BIT 16SOEIAJ,pmic-gate-drivers,0,0.21,"16-SOIC (0.209"", 5.30mm Width)",Surface Mount,Obsolete,https://www.digikey.com//mm.digikey.com/Volume0/opasdata/d220001/medias/docus/2154/MC74AC%28T%29161%2C163.pdf,https://www.digikey.com/en/products/detail/onsemi/MC74ACT163MEL/1479657,140 MHz,Up,,Binary Counter,4,1,-40°C ~ 85°C,,Synchronous,74ACT,Synchronous,Positive Edge,4.5 V ~ 5.5 V
MC74ACT163MELG,onsemi,IC BINARY COUNTER 4BIT 16SOEIAJ,pmic-gate-drivers,0,0.29773,"16-SOIC (0.209"", 5.30mm Width)",Surface Mount,Obsolete,https://www.digikey.com//mm.digikey.com/Volume0/opasdata/d220001/medias/docus/2154/MC74AC%28T%29161%2C163.pdf,https://www.digikey.com/en/products/detail/onsemi/MC74ACT163MELG/1479658,140 MHz,Up,,Binary Counter,4,1,-40°C ~ 85°C,,Synchronous,74ACT,Synchronous,Positive Edge,4.5 V ~ 5.5 V
MC74ACT163N,onsemi,IC BINARY COUNTER 4-BIT 16DIP,pmic-gate-drivers,0,0.28854,"16-DIP (0.300"", 7.62mm)",Through Hole,Obsolete,https://www.digikey.com//mm.digikey.com/Volume0/opasdata/d220001/medias/docus/2154/MC74AC%28T%29161%2C163.pdf,https://www.digikey.com/en/products/detail/onsemi/MC74ACT163N/1479659,140 MHz,Up,,Binary Counter,4,1,-40°C ~ 85°C,,Synchronous,74ACT,Synchronous,Positive Edge,4.5 V ~ 5.5 V
MC74ACT163NG,onsemi,IC BINARY COUNTER 4-BIT 16DIP,pmic-gate-drivers,0,0.53,"16-DIP (0.300"", 7.62mm)",Through Hole,Obsolete,https://www.digikey.com//mm.digikey.com/Volume0/opasdata/d220001/medias/docus/2154/MC74AC%28T%29161%2C163.pdf,https://www.digikey.com/en/products/detail/onsemi/MC74ACT163NG/1479660,140 MHz,Up,,Binary Counter,4,1,-40°C ~ 85°C,,Synchronous,74ACT,Synchronous,Positive Edge,4.5 V ~ 5.5 V
MC74F161ADR2,onsemi,IC BINARY COUNTER 4-BIT 16SO,pmic-gate-drivers,2500,0.2,"16-SOIC (0.154"", 3.90mm Width)",Surface Mount,Active,https://rocelec.widen.net/view/pdf/dzat07ipoy/MOTOD030-4-75.pdf?t.download=true&u=5oefqw,https://www.digikey.com/en/products/detail/rochester-electronics-llc/MC74F161ADR2/12591753,100 MHz,Up,,Binary Counter,4,1,0°C ~ 70°C (TA),,Asynchronous,74F,Synchronous,Positive Edge,4.5 V ~ 5.5 V
MC74F161AM,onsemi,COUNTER,pmic-gate-drivers,3072,0.38,-,-,Active,,https://www.digikey.com/en/products/detail/rochester-electronics-llc/MC74F161AM/12592903,,,,,,,,,,74F,,,
MC74F163AD,onsemi,COUNTER SINGLE 4 BIT SYNC BINARY,pmic-gate-drivers,6338,0.3,-,-,Active,https://rocelec.widen.net/view/pdf/k8iqlz7kaz/MOTOS04289-1.pdf?t.download=true&u=5oefqw,https://www.digikey.com/en/products/detail/rochester-electronics-llc/MC74F163AD/12597926,,,,,,,,,,*,,,
MC74F163AML1,onsemi,COUNTER,pmic-gate-drivers,6000,0.35,-,-,Active,,https://www.digikey.com/en/products/detail/rochester-electronics-llc/MC74F163AML1/12595827,,,,,,,,,,*,,,
MC74F169D,onsemi,IC BCD COUNTER 4-BIT 16SO,pmic-gate-drivers,5528,1.11,"16-SOIC (0.154"", 3.90mm Width)",Surface Mount,Active,https://rocelec.widen.net/view/pdf/5kca1stzoa/MOTOS02968-1.pdf?t.download=true&u=5oefqw,https://www.digikey.com/en/products/detail/rochester-electronics-llc/MC74F169D/12600651,100 MHz,"Up, Down",,"BCD Counter, Binary Counter, Decade",4,1,0°C ~ 70°C (TA),,Asynchronous,,Synchronous,Positive Edge,4.5 V ~ 5.5 V
MC74F169DR2,onsemi,IC BCD COUNTER 4-BIT 16SO,pmic-gate-drivers,5000,0.55,"16-SOIC (0.154"", 3.90mm Width)",Surface Mount,Active,https://rocelec.widen.net/view/pdf/hvxnxzmizo/MOTOD030-4-82.pdf?t.download=true&u=5oefqw,https://www.digikey.com/en/products/detail/rochester-electronics-llc/MC74F169DR2/12595845,100 MHz,"Up, Down",,"BCD Counter, Binary Counter, Decade",4,1,0°C ~ 70°C (TA),,Asynchronous,,Synchronous,Positive Edge,4.5 V ~ 5.5 V
MC74F169N,onsemi,IC BCD COUNTER 4-BIT 16DIP,pmic-gate-drivers,897,1.12,"16-DIP (0.300"", 7.62mm)",Through Hole,Active,https://rocelec.widen.net/view/pdf/5kca1stzoa/MOTOS02968-1.pdf?t.download=true&u=5oefqw,https://www.digikey.com/en/products/detail/rochester-electronics-llc/MC74F169N/12600698,100 MHz,"Up, Down",,"BCD Counter, Binary Counter, Decade",4,1,0°C ~ 70°C (TA),,Asynchronous,,Synchronous,Positive Edge,4.5 V ~ 5.5 V
MC74F569DW,onsemi,IC BCD COUNTER 4-BIT 20SO,pmic-gate-drivers,5808,0.74,"20-SOIC (0.295"", 7.50mm Width)",Surface Mount,Active,https://rocelec.widen.net/view/pdf/r3wpxeybij/MOTOS03005-1.pdf?t.download=true&u=5oefqw,https://www.digikey.com/en/products/detail/rochester-electronics-llc/MC74F569DW/12604989,100 MHz,"Up, Down",,"BCD Counter, Binary Counter, Decade",4,1,0°C ~ 70°C (TA),,,,Synchronous,Positive Edge,4.5 V ~ 5.5 V
MC74F569N,onsemi,COUNTER SINGLE 4 BIT BINARY UP/D,pmic-gate-drivers,2398,0.74,-,-,Active,https://rocelec.widen.net/view/pdf/r3wpxeybij/MOTOS03005-1.pdf?t.download=true&u=5oefqw,https://www.digikey.com/en/products/detail/rochester-electronics-llc/MC74F569N/12604982,,,,,,,,,,*,,,
MC74HC160ADR2G,onsemi,IC DECADE COUNTER 4-BIT 16SOIC,pmic-gate-drivers,0,0.16285,"16-SOIC (0.154"", 3.90mm Width)",Surface Mount,Obsolete,https://www.onsemi.com/pdf/datasheet/mc74hc160a-d.pdf,https://www.digikey.com/en/products/detail/onsemi/MC74HC160ADR2G/2512496,35 MHz,Up,,"Counter, Decade",4,1,-55°C ~ 125°C,,Asynchronous,74HC,Synchronous,Positive Edge,2 V ~ 6 V
MC74HC161ADG,onsemi,IC BINARY COUNTER 4-BIT 16SOIC,pmic-gate-drivers,0,0.32,"16-SOIC (0.154"", 3.90mm Width)",Surface Mount,Obsolete,https://www.onsemi.com/pdf/datasheet/mc74hc161a-d.pdf,https://www.digikey.com/en/products/detail/onsemi/MC74HC161ADG/2305548,35 MHz,Up,,Binary Counter,4,1,-40°C ~ 85°C,,Asynchronous,74HC,Synchronous,Positive Edge,2 V ~ 6 V
MC74HC161ADR2G,onsemi,IC BINARY COUNTER 4-BIT 16SOIC,pmic-gate-drivers,1164,0.39,"16-SOIC (0.154"", 3.90mm Width)",Surface Mount,Obsolete,https://www.onsemi.com/pdf/datasheet/mc74hc161a-d.pdf,https://www.digikey.com/en/products/detail/onsemi/MC74HC161ADR2G/2305549,35 MHz,Up,,Binary Counter,4,1,-40°C ~ 85°C,,Asynchronous,74HC,Synchronous,Positive Edge,2 V ~ 6 V
MC74HC161ADT,onsemi,IC BINARY COUNTER 4-BIT 16TSSOP,pmic-gate-drivers,20859,30.19,"16-TSSOP (0.173"", 4.40mm Width)",Surface Mount,Active,https://rocelec.widen.net/view/pdf/8tzaennl6m/ONSMD00060-79.pdf?t.download=true&u=5oefqw,https://www.digikey.com/en/products/detail/rochester-electronics-llc/MC74HC161ADT/12120246,35 MHz,Up,,Binary Counter,4,1,-40°C ~ 85°C,,Asynchronous,74HC,Synchronous,Positive Edge,2 V ~ 6 V
MC74HC161ADTG,onsemi,IC BINARY COUNTER 4-BIT 16TSSOP,pmic-gate-drivers,0,0.35,"16-TSSOP (0.173"", 4.40mm Width)",Surface Mount,Obsolete,https://www.onsemi.com/pdf/datasheet/mc74hc161a-d.pdf,https://www.digikey.com/en/products/detail/onsemi/MC74HC161ADTG/2305550,35 MHz,Up,,Binary Counter,4,1,-40°C ~ 85°C,,Asynchronous,74HC,Synchronous,Positive Edge,2 V ~ 6 V
MC74HC161ADTR2G,onsemi,IC BINARY COUNTER 4-BIT 16TSSOP,pmic-gate-drivers,0,0.18233,"16-TSSOP (0.173"", 4.40mm Width)",Surface Mount,Obsolete,https://www.onsemi.com/pdf/datasheet/mc74hc161a-d.pdf,https://www.digikey.com/en/products/detail/onsemi/MC74HC161ADTR2G/2305551,35 MHz,Up,,Binary Counter,4,1,-40°C ~ 85°C,,Asynchronous,74HC,Synchronous,Positive Edge,2 V ~ 6 V
MC74HC161AFEL,onsemi,IC BINARY COUNTER 4BIT 16SOEIAJ,pmic-gate-drivers,27400,0.21,"16-SOIC (0.209"", 5.30mm Width)",Surface Mount,Active,https://rocelec.widen.net/view/pdf/ixkxuxwpjn/ONSMS12178-1.pdf?t.download=true&u=5oefqw,https://www.digikey.com/en/products/detail/rochester-electronics-llc/MC74HC161AFEL/12119889,35 MHz,Up,,Binary Counter,4,1,-40°C ~ 85°C,,Asynchronous,74HC,Synchronous,Positive Edge,2 V ~ 6 V
MC74HC161AFL1,onsemi,IC BINARY COUNTER 4BIT 16SOEIAJ,pmic-gate-drivers,5000,0.21,"16-SOIC (0.209"", 5.30mm Width)",Surface Mount,Active,https://rocelec.widen.net/view/pdf/z7c1mejpsq/ONSMS34311-1.pdf?t.download=true&u=5oefqw,https://www.digikey.com/en/products/detail/rochester-electronics-llc/MC74HC161AFL1/12605449,35 MHz,Up,,Binary Counter,4,1,-40°C ~ 85°C,,Asynchronous,74HC,Synchronous,Positive Edge,2 V ~ 6 V
MC74HC161AFR1,onsemi,IC BINARY COUNTER 4BIT 16SOEIAJ,pmic-gate-drivers,5000,0.21,"16-SOIC (0.209"", 5.30mm Width)",Surface Mount,Active,https://rocelec.widen.net/view/pdf/z7c1mejpsq/ONSMS34311-1.pdf?t.download=true&u=5oefqw,https://www.digikey.com/en/products/detail/rochester-electronics-llc/MC74HC161AFR1/12597028,35 MHz,Up,,Binary Counter,4,1,-40°C ~ 85°C,,Asynchronous,74HC,Synchronous,Positive Edge,2 V ~ 6 V
MC74HC161AFR2,onsemi,IC BINARY COUNTER 4BIT 16SOEIAJ,pmic-gate-drivers,8000,0.21,"16-SOIC (0.209"", 5.30mm Width)",Surface Mount,Active,https://rocelec.widen.net/view/pdf/z7c1mejpsq/ONSMS34311-1.pdf?t.download=true&u=5oefqw,https://www.digikey.com/en/products/detail/rochester-electronics-llc/MC74HC161AFR2/12610155,35 MHz,Up,,Binary Counter,4,1,-40°C ~ 85°C,,Asynchronous,74HC,Synchronous,Positive Edge,2 V ~ 6 V
MC74HC163AD,onsemi,IC BINARY COUNTER 4-BIT 16SOIC,pmic-gate-drivers,25877,0.23,"16-SOIC (0.154"", 3.90mm Width)",Surface Mount,Active,https://rocelec.widen.net/view/pdf/ixkxuxwpjn/ONSMS12178-1.pdf?t.download=true&u=5oefqw,https://www.digikey.com/en/products/detail/rochester-electronics-llc/MC74HC163AD/12136143,35 MHz,Up,,Binary Counter,4,1,-55°C ~ 125°C (TA),,Synchronous,74HC,Synchronous,Positive Edge,2 V ~ 6 V
MC74HC163ADG,onsemi,IC BINARY COUNTER 4-BIT 16SOIC,pmic-gate-drivers,0,0.42375,"16-SOIC (0.154"", 3.90mm Width)",Surface Mount,Obsolete,https://www.onsemi.com/pdf/datasheet/mc74hc161a-d.pdf,https://www.digikey.com/en/products/detail/onsemi/MC74HC163ADG/2481938,35 MHz,Up,,Binary Counter,4,1,-55°C ~ 125°C (TA),,Synchronous,74HC,Synchronous,Positive Edge,2 V ~ 6 V
MC74HC163ADR,onsemi,IC BINARY COUNTER 4-BIT 16SOIC,pmic-gate-drivers,2500,0.35,"16-SOIC (0.154"", 3.90mm Width)",Surface Mount,Active,,https://www.digikey.com/en/products/detail/rochester-electronics-llc/MC74HC163ADR/12120006,35 MHz,Up,,Binary Counter,4,1,-55°C ~ 125°C (TA),,Synchronous,74HC,Synchronous,Positive Edge,2 V ~ 6 V
MC74HC163ADR2G,onsemi,IC BINARY COUNTER 4-BIT 16SOIC,pmic-gate-drivers,0,0.26,"16-SOIC (0.154"", 3.90mm Width)",Surface Mount,Obsolete,https://www.onsemi.com/pdf/datasheet/mc74hc161a-d.pdf,https://www.digikey.com/en/products/detail/onsemi/MC74HC163ADR2G/2482259,35 MHz,Up,,Binary Counter,4,1,-55°C ~ 125°C (TA),,Synchronous,74HC,Synchronous,Positive Edge,2 V ~ 6 V
MC74HC163ADTG,onsemi,IC BINARY COUNTER 4-BIT 16TSSOP,pmic-gate-drivers,0,0.15,"16-TSSOP (0.173"", 4.40mm Width)",Surface Mount,Obsolete,https://www.onsemi.com/pdf/datasheet/mc74hc161a-d.pdf,https://www.digikey.com/en/products/detail/onsemi/MC74HC163ADTG/2481863,35 MHz,Up,,Binary Counter,4,1,-55°C ~ 125°C (TA),,Synchronous,74HC,Synchronous,Positive Edge,2 V ~ 6 V
MC74HC163AFEL,Motorola,IC BINARY COUNTER 4BIT 16SOEIAJ,pmic-gate-drivers,4000,0.21,"16-SOIC (0.209"", 5.30mm Width)",Surface Mount,Active,https://rocelec.widen.net/view/pdf/ixkxuxwpjn/ONSMS12178-1.pdf?t.download=true&u=5oefqw,https://www.digikey.com/en/products/detail/rochester-electronics-llc/MC74HC163AFEL/12119226,35 MHz,Up,,Binary Counter,4,1,-55°C ~ 125°C (TA),,Synchronous,74HC,Synchronous,Positive Edge,2 V ~ 6 V
MC74HC163AFL1,onsemi,IC BINARY COUNTER 4BIT 16SOEIAJ,pmic-gate-drivers,5000,0.21,"16-SOIC (0.209"", 5.30mm Width)",Surface Mount,Active,https://rocelec.widen.net/view/pdf/z7c1mejpsq/ONSMS34311-1.pdf?t.download=true&u=5oefqw,https://www.digikey.com/en/products/detail/rochester-electronics-llc/MC74HC163AFL1/12600061,35 MHz,Up,,Binary Counter,4,1,-55°C ~ 125°C (TA),,Synchronous,74HC,Synchronous,Positive Edge,2 V ~ 6 V
MC74HC163AFL2,onsemi,IC BINARY COUNTER 4BIT 16SOEIAJ,pmic-gate-drivers,4000,0.21,"16-SOIC (0.209"", 5.30mm Width)",Surface Mount,Active,,https://www.digikey.com/en/products/detail/rochester-electronics-llc/MC74HC163AFL2/12610141,35 MHz,Up,,Binary Counter,4,1,-55°C ~ 125°C (TA),,Synchronous,74HC,Synchronous,Positive Edge,2 V ~ 6 V
MC74HC163AFR2,onsemi,IC BINARY COUNTER 4BIT 16SOEIAJ,pmic-gate-drivers,4000,0.21,"16-SOIC (0.209"", 5.30mm Width)",Surface Mount,Active,https://rocelec.widen.net/view/pdf/z7c1mejpsq/ONSMS34311-1.pdf?t.download=true&u=5oefqw,https://www.digikey.com/en/products/detail/rochester-electronics-llc/MC74HC163AFR2/12612784,35 MHz,Up,,Binary Counter,4,1,-55°C ~ 125°C (TA),,Synchronous,74HC,Synchronous,Positive Edge,2 V ~ 6 V
MC74HC163AN,onsemi,IC BINARY COUNTER 4-BIT 16DIP,pmic-gate-drivers,0,0.28,"16-DIP (0.300"", 7.62mm)",Through Hole,Obsolete,https://www.digikey.com//mm.digikey.com/Volume0/opasdata/d220001/medias/docus/2601/MC74HC161A-D%20%28Rev.%20June%202006%29%20.pdf,https://www.digikey.com/en/products/detail/onsemi/MC74HC163AN/609359,35 MHz,Up,,Binary Counter,4,1,-55°C ~ 125°C (TA),,Synchronous,74HC,Synchronous,Positive Edge,2 V ~ 6 V
MC74HC390ADG,onsemi,IC DECADE COUNTR DL 4BIT 16SOIC,pmic-gate-drivers,430,0.28521,"16-SOIC (0.154"", 3.90mm Width)",Surface Mount,Active,https://www.onsemi.com/pdf/datasheet/mc74hc390a-d.pdf,https://www.digikey.com/en/products/detail/onsemi/MC74HC390ADG/1479980,50 MHz,,,"Counter, Decade",4,2,-55°C ~ 125°C,,Asynchronous,74HC,,Negative Edge,2 V ~ 6 V
MC74HC390ADR2,onsemi,IC COUNTER DUAL 4STAGE 16SOIC,pmic-gate-drivers,49850,0.36,"16-SOIC (0.154"", 3.90mm Width)",Surface Mount,Active,https://www.onsemi.com/pdf/datasheet/mc74hc390a-d.pdf,https://www.digikey.com/en/products/detail/onsemi/MC74HC390ADR2/11555817,50 MHz,,,"Counter, Decade",4,2,-55°C ~ 125°C,,Asynchronous,74HC,,Negative Edge,2 V ~ 6 V
MC74HC390ADR2G,onsemi,IC DECADE COUNTR DL 4BIT 16SOIC,pmic-gate-drivers,4035,0.48,"16-SOIC (0.154"", 3.90mm Width)",Surface Mount,Active,https://www.onsemi.com/pdf/datasheet/mc74hc390a-d.pdf,https://www.digikey.com/en/products/detail/onsemi/MC74HC390ADR2G/919220,50 MHz,,,"Counter, Decade",4,2,-55°C ~ 125°C,,Asynchronous,74HC,,Negative Edge,2 V ~ 6 V
MC74HC390ADR2G-Q,onsemi,IC DECADE COUNTR DL 4BIT 16SOIC,pmic-gate-drivers,0,0.18449,"16-SOIC (0.154"", 3.90mm Width)",Surface Mount,Active,https://www.onsemi.com/pdf/datasheet/mc74hc390a-d.pdf,https://www.digikey.com/en/products/detail/onsemi/MC74HC390ADR2G-Q/25651009,50 MHz,Up,Automotive,"Counter, Decade",4,2,-55°C ~ 125°C (TA),AEC-Q100,Asynchronous,74HC,,Negative Edge,2 V ~ 6 V
MC74HC390ADT,onsemi,IC DECADE COUNT DL 4BIT 16TSSOP,pmic-gate-drivers,5175,0.28,"16-TSSOP (0.173"", 4.40mm Width)",Surface Mount,Active,https://rocelec.widen.net/view/pdf/s1oiikc8ch/ONSMD00060-175.pdf?t.download=true&u=5oefqw,https://www.digikey.com/en/products/detail/rochester-electronics-llc/MC74HC390ADT/12121541,50 MHz,,,"Counter, Decade",4,2,-55°C ~ 125°C,,Asynchronous,74HC,,Negative Edge,2 V ~ 6 V
MC74HC390ADTR2G,onsemi,IC DECADE COUNT DL 4BIT 16TSSOP,pmic-gate-drivers,975,0.46,"16-TSSOP (0.173"", 4.40mm Width)",Surface Mount,Active,https://www.onsemi.com/pdf/datasheet/mc74hc390a-d.pdf,https://www.digikey.com/en/products/detail/onsemi/MC74HC390ADTR2G/1479982,50 MHz,,,"Counter, Decade",4,2,-55°C ~ 125°C,,Asynchronous,74HC,,Negative Edge,2 V ~ 6 V
MC74HC390AFELG,onsemi,IC DECADE COUNT DL 4B 16SOEIAJ,pmic-gate-drivers,0,0.46,"16-SOIC (0.209"", 5.30mm Width)",Surface Mount,Obsolete,,https://www.digikey.com/en/products/detail/onsemi/MC74HC390AFELG/1479983,50 MHz,,,"Counter, Decade",4,2,-55°C ~ 125°C,,Asynchronous,74HC,,Negative Edge,2 V ~ 6 V
MC74HC390AFL1,onsemi,IC DECADE COUNT DL 4B 16SOEIAJ,pmic-gate-drivers,4000,0.3,"16-SOIC (0.209"", 5.30mm Width)",Surface Mount,Active,https://rocelec.widen.net/view/pdf/u2bf2eg8cn/ONSMS39166-1.pdf?t.download=true&u=5oefqw,https://www.digikey.com/en/products/detail/rochester-electronics-llc/MC74HC390AFL1/12603381,50 MHz,,,"Counter, Decade",4,2,-55°C ~ 125°C,,Asynchronous,74HC,,Negative Edge,2 V ~ 6 V
MC74HC390AFR1,Motorola,IC DECADE COUNT DL 4B 16SOEIAJ,pmic-gate-drivers,3000,0.5,"16-SOIC (0.209"", 5.30mm Width)",Surface Mount,Active,,https://www.digikey.com/en/products/detail/rochester-electronics-llc/MC74HC390AFR1/12601879,50 MHz,,,"Counter, Decade",4,2,-55°C ~ 125°C,,Asynchronous,74HC,,Negative Edge,2 V ~ 6 V
MC74HC390ANG,onsemi,IC DECADE COUNTER DL 4BIT 16DIP,pmic-gate-drivers,0,0.38,"16-DIP (0.300"", 7.62mm)",Through Hole,Obsolete,https://www.digikey.com//mm.digikey.com/Volume0/opasdata/d220001/medias/docus/39/MC74HC390A-D.pdf,https://www.digikey.com/en/products/detail/onsemi/MC74HC390ANG/919221,50 MHz,,,"Counter, Decade",4,2,-55°C ~ 125°C,,Asynchronous,74HC,,Negative Edge,2 V ~ 6 V
MC74HC393AD,onsemi,IC BINARY COUNTR DL 4BIT 14SOIC,pmic-gate-drivers,0,0.46564,"14-SOIC (0.154"", 3.90mm Width)",Surface Mount,Obsolete,https://www.onsemi.com/pdf/datasheet/mc74hc393a-d.pdf,https://www.digikey.com/en/products/detail/onsemi/MC74HC393AD/1479985,50 MHz,Up,,Binary Counter,4,2,-55°C ~ 125°C,,Asynchronous,74HC,,Negative Edge,2 V ~ 6 V
MC74HC393ADG,onsemi,IC BINARY COUNTR DL 4BIT 14SOIC,pmic-gate-drivers,522,0.26145,"14-SOIC (0.154"", 3.90mm Width)",Surface Mount,Active,https://www.onsemi.com/pdf/datasheet/mc74hc393a-d.pdf,https://www.digikey.com/en/products/detail/onsemi/MC74HC393ADG/1479986,50 MHz,Up,,Binary Counter,4,2,-55°C ~ 125°C,,Asynchronous,74HC,,Negative Edge,2 V ~ 6 V
MC74HC393ADR2,onsemi,IC COUNTER DUAL 4STAGE 14SOIC,pmic-gate-drivers,28444,0.35,"14-SOIC (0.154"", 3.90mm Width)",Surface Mount,Active,https://www.onsemi.com/pdf/datasheet/mc74hc393a-d.pdf,https://www.digikey.com/en/products/detail/onsemi/MC74HC393ADR2/11555971,50 MHz,Up,,Binary Counter,4,2,-55°C ~ 125°C,,Asynchronous,74HC,,Negative Edge,2 V ~ 6 V
MC74HC393ADR2G,onsemi,IC BINARY COUNTR DL 4BIT 14SOIC,pmic-gate-drivers,1823,0.46,"14-SOIC (0.154"", 3.90mm Width)",Surface Mount,Active,https://www.onsemi.com/pdf/datasheet/mc74hc393a-d.pdf,https://www.digikey.com/en/products/detail/onsemi/MC74HC393ADR2G/919222,50 MHz,Up,,Binary Counter,4,2,-55°C ~ 125°C,,Asynchronous,74HC,,Negative Edge,2 V ~ 6 V
MC74HC393ADTR2G,onsemi,IC BIN COUNTER DL 4BIT 14TSSOP,pmic-gate-drivers,6473,0.59,"14-TSSOP (0.173"", 4.40mm Width)",Surface Mount,Active,https://www.onsemi.com/pdf/datasheet/mc74hc393a-d.pdf,https://www.digikey.com/en/products/detail/onsemi/MC74HC393ADTR2G/1479988,50 MHz,Up,,Binary Counter,4,2,-55°C ~ 125°C,,Asynchronous,74HC,,Negative Edge,2 V ~ 6 V
MC74HC393ANG,onsemi,IC BINARY COUNTER DL 4BIT 14DIP,pmic-gate-drivers,0,0.4,"14-DIP (0.300"", 7.62mm)",Through Hole,Obsolete,https://www.onsemi.com/pdf/datasheet/mc74hc393a-d.pdf,https://www.digikey.com/en/products/detail/onsemi/MC74HC393ANG/919223,50 MHz,Up,,Binary Counter,4,2,-55°C ~ 125°C,,Asynchronous,74HC,,Negative Edge,2 V ~ 6 V
MC74HC393D,onsemi,IC BINARY COUNTR DL 4BIT 14SOIC,pmic-gate-drivers,13528,0.17,"14-SOIC (0.154"", 3.90mm Width)",Surface Mount,Active,https://rocelec.widen.net/view/pdf/l0xpahnx5p/ONSMS12177-1.pdf?t.download=true&u=5oefqw,https://www.digikey.com/en/products/detail/rochester-electronics-llc/MC74HC393D/12120893,50 MHz,Up,,Binary Counter,4,2,-55°C ~ 125°C,,Asynchronous,74HC,,Negative Edge,2 V ~ 6 V
MC74HC393F,onsemi,IC BINARY COUNTR DL 4BIT 14SOIC,pmic-gate-drivers,9350,0.3,"14-SOIC (0.209"", 5.30mm Width)",Surface Mount,Active,,https://www.digikey.com/en/products/detail/rochester-electronics-llc/MC74HC393F/12123687,50 MHz,Up,,Binary Counter,4,2,-55°C ~ 125°C,,Asynchronous,74HC,,Negative Edge,2 V ~ 6 V
MC74HC393N,onsemi,IC BINARY COUNTER DL 4BIT 14DIP,pmic-gate-drivers,27377,0.36,"14-DIP (0.300"", 7.62mm)",Through Hole,Active,https://rocelec.widen.net/view/pdf/l0xpahnx5p/ONSMS12177-1.pdf?t.download=true&u=5oefqw,https://www.digikey.com/en/products/detail/rochester-electronics-llc/MC74HC393N/12136714,50 MHz,Up,,Binary Counter,4,2,-55°C ~ 125°C,,Asynchronous,74HC,,Negative Edge,2 V ~ 6 V
MC74HC4017F,onsemi,IC DECADE COUNTER 10BIT,pmic-gate-drivers,5316,0.3,-,-,Active,,https://www.digikey.com/en/products/detail/rochester-electronics-llc/MC74HC4017F/12611894,,Up,,"Counter, Decade",10,1,,,Asynchronous,74HC,Synchronous,"Positive, Negative",
MC74HC4017FEL,onsemi,IC DECADE COUNTER 10BIT,pmic-gate-drivers,8000,0.3,-,-,Active,,https://www.digikey.com/en/products/detail/rochester-electronics-llc/MC74HC4017FEL/12614099,,Up,,"Counter, Decade",10,1,,,Asynchronous,74HC,Synchronous,"Positive, Negative",
MC74HC4020AD,onsemi,IC BINARY COUNTER 14-BIT 16SOIC,pmic-gate-drivers,0,0.60458,"16-SOIC (0.154"", 3.90mm Width)",Surface Mount,Obsolete,https://www.digikey.com//mm.digikey.com/Volume0/opasdata/d220001/medias/docus/2581/MC74HC4020A-D%20%28Rev.%20March%202008%29.pdf,https://www.digikey.com/en/products/detail/onsemi/MC74HC4020AD/1479991,50 MHz,Up,,Binary Counter,14,1,-55°C ~ 125°C,,Asynchronous,74HC,,Negative Edge,2 V ~ 6 V
MC74HC4020ADG,onsemi,IC BINARY COUNTER 14-BIT 16SOIC,pmic-gate-drivers,0,0.34,"16-SOIC (0.154"", 3.90mm Width)",Surface Mount,Obsolete,https://www.onsemi.com/pdf/datasheet/mc74hc4020a-d.pdf,https://www.digikey.com/en/products/detail/onsemi/MC74HC4020ADG/1479992,50 MHz,Up,,Binary Counter,14,1,-55°C ~ 125°C,,Asynchronous,74HC,,Negative Edge,2 V ~ 6 V
MC74HC4020ADR2G,onsemi,IC BINARY COUNTER 14-BIT 16SOIC,pmic-gate-drivers,0,0.27,"16-SOIC (0.154"", 3.90mm Width)",Surface Mount,Obsolete,https://www.onsemi.com/pdf/datasheet/mc74hc4020a-d.pdf,https://www.digikey.com/en/products/detail/onsemi/MC74HC4020ADR2G/1479994,50 MHz,Up,,Binary Counter,14,1,-55°C ~ 125°C,,Asynchronous,74HC,,Negative Edge,2 V ~ 6 V
MC74HC4020ADT,onsemi,IC BINARY COUNTER 14BIT 16TSSOP,pmic-gate-drivers,2487,0.21,"16-TSSOP (0.173"", 4.40mm Width)",Surface Mount,Active,https://rocelec.widen.net/view/pdf/umv7n5sggg/ONSMS33856-1.pdf?t.download=true&u=5oefqw,https://www.digikey.com/en/products/detail/rochester-electronics-llc/MC74HC4020ADT/12123382,50 MHz,Up,,Binary Counter,14,1,-55°C ~ 125°C,,Asynchronous,74HC,,Negative Edge,2 V ~ 6 V
MC74HC4020ADTR2G,onsemi,IC BINARY COUNTER 14BIT 16TSSOP,pmic-gate-drivers,0,0.20034,"16-TSSOP (0.173"", 4.40mm Width)",Surface Mount,Obsolete,https://www.onsemi.com/pdf/datasheet/mc74hc4020a-d.pdf,https://www.digikey.com/en/products/detail/onsemi/MC74HC4020ADTR2G/1479996,50 MHz,Up,,Binary Counter,14,1,-55°C ~ 125°C,,Asynchronous,74HC,,Negative Edge,2 V ~ 6 V
MC74HC4020AFEL,onsemi,IC BINARY COUNTR 14BIT 16SOEIAJ,pmic-gate-drivers,2000,0.3,"16-SOIC (0.209"", 5.30mm Width)",Surface Mount,Active,https://rocelec.widen.net/view/pdf/vr8n4eup7r/ONSMS19911-1.pdf?t.download=true&u=5oefqw,https://www.digikey.com/en/products/detail/rochester-electronics-llc/MC74HC4020AFEL/12136958,50 MHz,Up,,Binary Counter,14,1,-55°C ~ 125°C,,Asynchronous,74HC,,Negative Edge,2 V ~ 6 V
MC74HC4020AFELG,onsemi,IC BINARY COUNTR 14BIT 16SOEIAJ,pmic-gate-drivers,0,0.4,"16-SOIC (0.209"", 5.30mm Width)",Surface Mount,Obsolete,https://www.onsemi.com/pdf/datasheet/mc74hc4020a-d.pdf,https://www.digikey.com/en/products/detail/onsemi/MC74HC4020AFELG/1479997,50 MHz,Up,,Binary Counter,14,1,-55°C ~ 125°C,,Asynchronous,74HC,,Negative Edge,2 V ~ 6 V
MC74HC4020AFG,onsemi,IC BINARY COUNTR 14BIT 16SOEIAJ,pmic-gate-drivers,0,0.4,"16-SOIC (0.209"", 5.30mm Width)",Surface Mount,Obsolete,https://www.onsemi.com/pdf/datasheet/mc74hc4020a-d.pdf,https://www.digikey.com/en/products/detail/onsemi/MC74HC4020AFG/1479998,50 MHz,Up,,Binary Counter,14,1,-55°C ~ 125°C,,Asynchronous,74HC,,Negative Edge,2 V ~ 6 V
MC74HC4020AFL1,onsemi,IC BINARY COUNTR 14BIT 16SOEIAJ,pmic-gate-drivers,5000,0.3,"16-SOIC (0.209"", 5.30mm Width)",Surface Mount,Active,https://rocelec.widen.net/view/pdf/i3qxvcrwiq/ONSMS39177-1.pdf?t.download=true&u=5oefqw,https://www.digikey.com/en/products/detail/rochester-electronics-llc/MC74HC4020AFL1/12614511,50 MHz,Up,,Binary Counter,14,1,-55°C ~ 125°C,,Asynchronous,74HC,,Negative Edge,2 V ~ 6 V
MC74HC4020AN,onsemi,IC COUNTER RIPPLE 14STAGE 16DIP,pmic-gate-drivers,15121,0.2,"16-DIP (0.300"", 7.62mm)",Through Hole,Active,https://www.onsemi.com/pdf/datasheet/mc74hc4020a-d.pdf,https://www.digikey.com/en/products/detail/onsemi/MC74HC4020AN/11529593,50 MHz,Up,,Binary Counter,14,1,-55°C ~ 125°C,,Asynchronous,74HC,,Negative Edge,2 V ~ 6 V
MC74HC4020ANG,onsemi,IC BINARY COUNTER 14-BIT 16DIP,pmic-gate-drivers,0,0.38,"16-DIP (0.300"", 7.62mm)",Through Hole,Obsolete,https://www.onsemi.com/pdf/datasheet/mc74hc4020a-d.pdf,https://www.digikey.com/en/products/detail/onsemi/MC74HC4020ANG/919224,50 MHz,Up,,Binary Counter,14,1,-55°C ~ 125°C,,Asynchronous,74HC,,Negative Edge,2 V ~ 6 V
MC74HC4040AD,onsemi,IC COUNTER 12STAGE BIN 16-SOIC,pmic-gate-drivers,2994,0.15,"16-SOIC (0.154"", 3.90mm Width)",Surface Mount,Active,https://www.onsemi.com/pdf/datasheet/mc74hc4040a-d.pdf,https://www.digikey.com/en/products/detail/onsemi/MC74HC4040AD/11555906,50 MHz,Up,,Binary Counter,12,1,-55°C ~ 125°C,,Asynchronous,74HC,,Negative Edge,2 V ~ 6 V
MC74HC4040ADG,onsemi,IC BINARY COUNTER 12-BIT 16SOIC,pmic-gate-drivers,0,0.05,"16-SOIC (0.154"", 3.90mm Width)",Surface Mount,Obsolete,https://www.onsemi.com/pdf/datasheet/mc74hc4040a-d.pdf,https://www.digikey.com/en/products/detail/onsemi/MC74HC4040ADG/1480000,50 MHz,Up,,Binary Counter,12,1,-55°C ~ 125°C,,Asynchronous,74HC,,Negative Edge,2 V ~ 6 V
MC74HC4040ADR2,onsemi,IC COUNTER RIPPLE 12STAGE 16SOIC,pmic-gate-drivers,8080,0.31,"16-SOIC (0.154"", 3.90mm Width)",Surface Mount,Active,https://www.onsemi.com/pdf/datasheet/mc74hc4040a-d.pdf,https://www.digikey.com/en/products/detail/onsemi/MC74HC4040ADR2/11515277,50 MHz,Up,,Binary Counter,12,1,-55°C ~ 125°C,,Asynchronous,74HC,,Negative Edge,2 V ~ 6 V
MC74HC4040ADR2G,onsemi,IC BINARY COUNTER 12-BIT 16SOIC,pmic-gate-drivers,0,0.58,"16-SOIC (0.154"", 3.90mm Width)",Surface Mount,Active,https://www.onsemi.com/pdf/datasheet/mc74hc4040a-d.pdf,https://www.digikey.com/en/products/detail/onsemi/MC74HC4040ADR2G/919225,50 MHz,Up,,Binary Counter,12,1,-55°C ~ 125°C,,Asynchronous,74HC,,Negative Edge,2 V ~ 6 V
MC74HC4040ADTR2G,onsemi,IC BINARY COUNTER 12BIT 16TSSOP,pmic-gate-drivers,0,0.41,"16-TSSOP (0.173"", 4.40mm Width)",Surface Mount,Active,https://www.onsemi.com/pdf/datasheet/mc74hc4040a-d.pdf,https://www.digikey.com/en/products/detail/onsemi/MC74HC4040ADTR2G/1480002,50 MHz,Up,,Binary Counter,12,1,-55°C ~ 125°C,,Asynchronous,74HC,,Negative Edge,2 V ~ 6 V
MC74HC4040AFELG,onsemi,IC BINARY COUNTR 12BIT 16SOEIAJ,pmic-gate-drivers,0,0.48,"16-SOIC (0.209"", 5.30mm Width)",Surface Mount,Obsolete,https://www.digikey.com//mm.digikey.com/Volume0/opasdata/d220001/medias/docus/39/MC74HC4040A-D.pdf,https://www.digikey.com/en/products/detail/onsemi/MC74HC4040AFELG/1480003,50 MHz,Up,,Binary Counter,12,1,-55°C ~ 125°C,,Asynchronous,74HC,,Negative Edge,2 V ~ 6 V
MC74HC4040AFG,onsemi,IC BINARY COUNTR 12BIT 16SOEIAJ,pmic-gate-drivers,0,0.48,"16-SOIC (0.209"", 5.30mm Width)",Surface Mount,Obsolete,https://www.digikey.com//mm.digikey.com/Volume0/opasdata/d220001/medias/docus/39/MC74HC4040A-D.pdf,https://www.digikey.com/en/products/detail/onsemi/MC74HC4040AFG/1480004,50 MHz,Up,,Binary Counter,12,1,-55°C ~ 125°C,,Asynchronous,74HC,,Negative Edge,2 V ~ 6 V
MC74HC4040AFL1,Motorola,IC BINARY COUNTR 12BIT 16SOEIAJ,pmic-gate-drivers,2000,0.59,"16-SOIC (0.209"", 5.30mm Width)",Surface Mount,Active,https://rocelec.widen.net/view/pdf/hcgu653mfu/ONSMS39178-1.pdf?t.download=true&u=5oefqw,https://www.digikey.com/en/products/detail/rochester-electronics-llc/MC74HC4040AFL1/12613148,50 MHz,Up,,Binary Counter,12,1,-55°C ~ 125°C,,Asynchronous,74HC,,Negative Edge,2 V ~ 6 V
MC74HC4040AFR1,Motorola,IC BINARY COUNTR 12BIT 16SOEIAJ,pmic-gate-drivers,10000,0.59,"16-SOIC (0.209"", 5.30mm Width)",Surface Mount,Active,https://rocelec.widen.net/view/pdf/hcgu653mfu/ONSMS39178-1.pdf?t.download=true&u=5oefqw,https://www.digikey.com/en/products/detail/rochester-electronics-llc/MC74HC4040AFR1/12602308,50 MHz,Up,,Binary Counter,12,1,-55°C ~ 125°C,,Asynchronous,74HC,,Negative Edge,2 V ~ 6 V
MC74HC4040AFR2,onsemi,IC BINARY COUNTR 12BIT 16SOEIAJ,pmic-gate-drivers,2000,0.3,"16-SOIC (0.209"", 5.30mm Width)",Surface Mount,Active,https://rocelec.widen.net/view/pdf/hcgu653mfu/ONSMS39178-1.pdf?t.download=true&u=5oefqw,https://www.digikey.com/en/products/detail/rochester-electronics-llc/MC74HC4040AFR2/12613186,50 MHz,Up,,Binary Counter,12,1,-55°C ~ 125°C,,Asynchronous,74HC,,Negative Edge,2 V ~ 6 V
MC74HC4040ANG,onsemi,IC BINARY COUNTER 12-BIT 16DIP,pmic-gate-drivers,0,0.38,"16-DIP (0.300"", 7.62mm)",Through Hole,Obsolete,https://www.digikey.com//mm.digikey.com/Volume0/opasdata/d220001/medias/docus/39/MC74HC4040A-D.pdf,https://www.digikey.com/en/products/detail/onsemi/MC74HC4040ANG/919226,50 MHz,Up,,Binary Counter,12,1,-55°C ~ 125°C,,Asynchronous,74HC,,Negative Edge,2 V ~ 6 V
MC74HC404AFL2,onsemi,12-STAGE BINARY RIPPLE COUNTER,pmic-gate-drivers,6000,0.3,-,-,Active,,https://www.digikey.com/en/products/detail/rochester-electronics-llc/MC74HC404AFL2/12123157,,,,,,,,,,74HC,,,
MC74HC4060AD,onsemi,IC BINARY COUNTER 14-BIT 16SOIC,pmic-gate-drivers,0,0.45563,"16-SOIC (0.154"", 3.90mm Width)",Surface Mount,Obsolete,https://www.digikey.com//mm.digikey.com/Volume0/opasdata/d220001/medias/docus/39/MC74HC4060.pdf,https://www.digikey.com/en/products/detail/onsemi/MC74HC4060AD/1480035,50 MHz,Up,,Binary Counter,14,1,-55°C ~ 125°C (TA),,Asynchronous,74HC,,Negative Edge,2 V ~ 6 V
MC74HC4060ADG,onsemi,IC BINARY COUNTER 14-BIT 16SOIC,pmic-gate-drivers,0,0.28155,"16-SOIC (0.154"", 3.90mm Width)",Surface Mount,Obsolete,https://www.onsemi.com/pdf/datasheet/mc74hc4060a-d.pdf,https://www.digikey.com/en/products/detail/onsemi/MC74HC4060ADG/1480036,50 MHz,Up,,Binary Counter,14,1,-55°C ~ 125°C (TA),,Asynchronous,74HC,,Negative Edge,2 V ~ 6 V
MC74HC4060ADR2G,onsemi,IC BINARY COUNTER 14-BIT 16SOIC,pmic-gate-drivers,1577,0.49,"16-SOIC (0.154"", 3.90mm Width)",Surface Mount,Active,https://www.onsemi.com/pdf/datasheet/mc74hc4060a-d.pdf,https://www.digikey.com/en/products/detail/onsemi/MC74HC4060ADR2G/919239,50 MHz,Up,,Binary Counter,14,1,-55°C ~ 125°C (TA),,Asynchronous,74HC,,Negative Edge,2 V ~ 6 V
MC74HC4060ADTR2G,onsemi,IC BINARY COUNTER 14BIT 16TSSOP,pmic-gate-drivers,252,0.43,"16-TSSOP (0.173"", 4.40mm Width)",Surface Mount,Active,https://www.onsemi.com/pdf/datasheet/mc74hc4060a-d.pdf,https://www.digikey.com/en/products/detail/onsemi/MC74HC4060ADTR2G/1480040,50 MHz,Up,,Binary Counter,14,1,-55°C ~ 125°C (TA),,Asynchronous,74HC,,Negative Edge,2 V ~ 6 V
MC74HC4060ADTR2G-Q,onsemi,14-STGE BINRY RIPPLE COUN,pmic-gate-drivers,0,0.51,"16-TSSOP (0.173"", 4.40mm Width)",Surface Mount,Active,https://www.onsemi.com/download/data-sheet/pdf/mc74hc4060a-d.pdf,https://www.digikey.com/en/products/detail/onsemi/MC74HC4060ADTR2G-Q/29285916,50 MHz,Up,,Binary Counter,14,1,-55°C ~ 125°C (TA),,Asynchronous,74HC,,Negative Edge,2.5 V ~ 6 V
MC74HC4060AF,Motorola,IC BINARY COUNTR 14BIT 16SOEIAJ,pmic-gate-drivers,2323,0.59,"16-SOIC (0.209"", 5.30mm Width)",Surface Mount,Active,https://rocelec.widen.net/view/pdf/bitk9e3ynz/ONSM-S-A0002238928-1.pdf?t.download=true&u=5oefqw,https://www.digikey.com/en/products/detail/rochester-electronics-llc/MC74HC4060AF/12603857,50 MHz,Up,,Binary Counter,14,1,-55°C ~ 125°C (TA),,Asynchronous,74HC,,Negative Edge,2 V ~ 6 V
MC74HC4060AF-ON,onsemi,IC BINARY COUNTR 14BIT 16SOEIAJ,pmic-gate-drivers,960,0.59,"16-SOIC (0.209"", 5.30mm Width)",Surface Mount,Active,,https://www.digikey.com/en/products/detail/rochester-electronics-llc/MC74HC4060AF-ON/12652227,50 MHz,Up,,Binary Counter,14,1,-55°C ~ 125°C (TA),,Asynchronous,74HC,,Negative Edge,2 V ~ 6 V
MC74HC4060AFELG,onsemi,IC BINARY COUNTR 14BIT 16SOEIAJ,pmic-gate-drivers,0,36.44,"16-SOIC (0.209"", 5.30mm Width)",Surface Mount,Obsolete,https://www.digikey.com//mm.digikey.com/Volume0/opasdata/d220001/medias/docus/39/MC74HC4060A-D.pdf,https://www.digikey.com/en/products/detail/onsemi/MC74HC4060AFELG/1480041,50 MHz,Up,,Binary Counter,14,1,-55°C ~ 125°C (TA),,Asynchronous,74HC,,Negative Edge,2 V ~ 6 V
MC74HC4060AFL1,onsemi,IC BINARY COUNTR 14BIT 16SOEIAJ,pmic-gate-drivers,5000,0.3,"16-SOIC (0.209"", 5.30mm Width)",Surface Mount,Active,https://rocelec.widen.net/view/pdf/bitk9e3ynz/ONSM-S-A0002238928-1.pdf?t.download=true&u=5oefqw,https://www.digikey.com/en/products/detail/rochester-electronics-llc/MC74HC4060AFL1/12614254,50 MHz,Up,,Binary Counter,14,1,-55°C ~ 125°C (TA),,Asynchronous,74HC,,Negative Edge,2 V ~ 6 V
MC74HCT163AD,onsemi,"BINARY COUNTER, HCT SERIES",pmic-gate-drivers,2969,0.2,-,-,Active,https://rocelec.widen.net/view/pdf/tp8eakvgnn/MOTOD158-3-211.pdf?t.download=true&u=5oefqw,https://www.digikey.com/en/products/detail/rochester-electronics-llc/MC74HCT163AD/12124769,,,,,,,,,,74HCT,,,
MC74HCT163ADR2,onsemi,"BINARY COUNTER, HCT SERIES, SYNC",pmic-gate-drivers,10000,0.2,-,-,Active,https://rocelec.widen.net/view/pdf/tp8eakvgnn/MOTOD158-3-211.pdf?t.download=true&u=ovmfp3,https://www.digikey.com/en/products/detail/rochester-electronics-llc/MC74HCT163ADR2/12605042,,,,,,,,,,74HCT,,,
MM54C161J/883,National Semiconductor,IC BINARY COUNTER 4-BIT 16CDIP,pmic-gate-drivers,45,20.11,"16-CDIP (0.300"", 7.62mm)",Through Hole,Active,https://rocelec.widen.net/view/pdf/3ybur6vafu/NATLS10444-1.pdf?t.download=true&u=5oefqw,https://www.digikey.com/en/products/detail/rochester-electronics-llc/MM54C161J-883/12125731,8.5 MHz,Up,,Binary Counter,4,1,-55°C ~ 125°C,,Asynchronous,54C,Synchronous,Positive Edge,3 V ~ 15 V
MM54C192J/883,National Semiconductor,IC BCD COUNTER 4-BIT 16CDIP,pmic-gate-drivers,81,4.64,"16-CDIP (0.300"", 7.62mm)",Through Hole,Active,https://rocelec.widen.net/view/pdf/gepxw1n5cb/TXIIS168654-1.pdf?t.download=true&u=5oefqw,https://www.digikey.com/en/products/detail/rochester-electronics-llc/MM54C192J-883/12123334,10 MHz,"Up, Down",,"BCD Counter, Decade",4,1,-55°C ~ 125°C (TA),,Asynchronous,54C,Synchronous,Positive Edge,3 V ~ 15 V
MM54C193J/883,National Semiconductor,IC BINARY COUNTER 4-BIT 16CDIP,pmic-gate-drivers,112,4.11,"16-CDIP (0.300"", 7.62mm)",Through Hole,Active,https://rocelec.widen.net/view/pdf/xwste6ogqn/NATLS12868-1.pdf?t.download=true&u=5oefqw,https://www.digikey.com/en/products/detail/rochester-electronics-llc/MM54C193J-883/12124354,6 MHz,"Up, Down",,Binary Counter,4,1,-55°C ~ 125°C (TA),,Asynchronous,54C,Synchronous,Positive Edge,3 V ~ 15 V
MM54HC161W/883,National Semiconductor,IC BINARY COUNTER 4BIT 16CFLTPK,pmic-gate-drivers,110,6.21,16-CFlatPack,Surface Mount,Active,https://rocelec.widen.net/view/pdf/i57vdxeskc/NATLS15835-1.pdf?t.download=true&u=5oefqw,https://www.digikey.com/en/products/detail/rochester-electronics-llc/MM54HC161W-883/12124930,45 MHz,Up,,Binary Counter,4,1,-55°C ~ 125°C (TA),,Asynchronous,54HC,Synchronous,Positive Edge,2 V ~ 6 V
MM54HC393W/883,National Semiconductor,IC BINARY COUNTER DL 4BIT 14CFP,pmic-gate-drivers,194,10.61,14-CFlatPack,Surface Mount,Active,https://rocelec.widen.net/view/pdf/5shgwvqmcj/NATLS15853-1.pdf?t.download=true&u=5oefqw,https://www.digikey.com/en/products/detail/rochester-electronics-llc/MM54HC393W-883/12125721,31 MHz,Up,,Binary Counter,4,2,-55°C ~ 125°C (TA),,Asynchronous,54HC,,Negative Edge,2 V ~ 6 V
MM54HCT192J,"Rochester Electronics, LLC",SYNCHRONOUS DECADE UP/DOWN COUNT,pmic-gate-drivers,700,65.18,-,-,Active,https://rocelec.widen.net/view/pdf/iwwfthvywm/RE_DSHEET_MM54HCT192J-ROCV.pdf?t.download=true&u=h6ohhb,https://www.digikey.com/en/products/detail/rochester-electronics-llc/MM54HCT192J/12604245,,,,,,,,,,*,,,
MM74C93N,Fairchild Semiconductor,IC BINARY COUNTER 4-BIT 14DIP,pmic-gate-drivers,7480,49.31,"14-DIP (0.300"", 7.62mm)",Through Hole,Obsolete,https://rocelec.widen.net/view/pdf/nklcvg508j/RSEL-S-A0003388384-1.pdf?t.download=true&u=5oefqw,https://www.digikey.com/en/products/detail/rochester-electronics-llc/MM74C93N/11521323,,Up,,Binary Counter,4,1,-55°C ~ 125°C,,Asynchronous,74C,,Negative Edge,3 V ~ 15 V
MM74C947N,National Semiconductor,IC DECADE COUNTER 4-BIT 40DIP,pmic-gate-drivers,12692,8.45,"40-DIP (0.600"", 15.24mm)",Through Hole,Active,https://rocelec.widen.net/view/pdf/7rkfolq2i0/NATLS21706-1.pdf?t.download=true&u=5oefqw,https://www.digikey.com/en/products/detail/rochester-electronics-llc/MM74C947N/12133179,3 MHz,"Up, Down",,"Counter, Decade",4,1,-40°C ~ 85°C (TA),,,74C,,Positive Edge,3 V ~ 6 V
MM74HC161MTC,Fairchild Semiconductor,IC BINARY COUNTER 4-BIT 16TSSOP,pmic-gate-drivers,1370,2.49,"16-TSSOP (0.173"", 4.40mm Width)",Surface Mount,Active,https://rocelec.widen.net/view/pdf/dv8ojxmmor/FAIRS37335-1.pdf?t.download=true&u=5oefqw,https://www.digikey.com/en/products/detail/rochester-electronics-llc/MM74HC161MTC/12133899,40 MHz,Up,,Binary Counter,4,1,-55°C ~ 125°C,,Asynchronous,74HC,Synchronous,Positive Edge,2 V ~ 6 V
MM74HC161MTCX,Fairchild Semiconductor,IC BINARY COUNTER 4-BIT 16TSSOP,pmic-gate-drivers,19925,2.23,"16-TSSOP (0.173"", 4.40mm Width)",Surface Mount,Active,https://rocelec.widen.net/view/pdf/dv8ojxmmor/FAIRS37335-1.pdf?t.download=true&u=5oefqw,https://www.digikey.com/en/products/detail/rochester-electronics-llc/MM74HC161MTCX/12125586,40 MHz,Up,,Binary Counter,4,1,-55°C ~ 125°C,,Asynchronous,74HC,Synchronous,Positive Edge,2 V ~ 6 V
MM74HC161MX,Fairchild Semiconductor,IC BINARY COUNTER 4-BIT,pmic-gate-drivers,4406,2.49,-,-,Active,https://rocelec.widen.net/view/pdf/dv8ojxmmor/FAIRS37335-1.pdf?t.download=true&u=5oefqw,https://www.digikey.com/en/products/detail/rochester-electronics-llc/MM74HC161MX/12133773,40 MHz,Up,,Binary Counter,4,1,-55°C ~ 125°C,,Asynchronous,74HC,Synchronous,Positive Edge,2 V ~ 6 V
MM74HC161N,Fairchild Semiconductor,IC BINARY COUNTER 4-BIT 16DIP,pmic-gate-drivers,2353,2.49,"16-DIP (0.300"", 7.62mm)",Through Hole,Obsolete,https://rocelec.widen.net/view/pdf/dv8ojxmmor/FAIRS37335-1.pdf?t.download=true&u=5oefqw,https://www.digikey.com/en/products/detail/rochester-electronics-llc/MM74HC161N/11557370,40 MHz,Up,,Binary Counter,4,1,-55°C ~ 125°C,,Asynchronous,74HC,Synchronous,Positive Edge,2 V ~ 6 V
MM74HC161SJX,Fairchild Semiconductor,IC BINARY COUNTER 4-BIT,pmic-gate-drivers,4000,0.76,-,-,Active,https://rocelec.widen.net/view/pdf/mfdmviaudi/FAIRS14718-1.pdf?t.download=true&u=5oefqw,https://www.digikey.com/en/products/detail/rochester-electronics-llc/MM74HC161SJX/12127678,40 MHz,Up,,Binary Counter,4,1,-55°C ~ 125°C,,Asynchronous,74HC,Synchronous,Positive Edge,2 V ~ 6 V
MM74HC163N,Fairchild Semiconductor,IC BINARY COUNTER 4-BIT 16DIP,pmic-gate-drivers,22500,2.23,"16-DIP (0.300"", 7.62mm)",Through Hole,Obsolete,https://rocelec.widen.net/view/pdf/dv8ojxmmor/FAIRS37335-1.pdf?t.download=true&u=5oefqw,https://www.digikey.com/en/products/detail/rochester-electronics-llc/MM74HC163N/11526807,40 MHz,Up,,Binary Counter,4,1,-55°C ~ 125°C,,Synchronous,74HC,Synchronous,Positive Edge,2 V ~ 6 V
MM74HC191N,National Semiconductor,IC BINARY COUNTER 4-BIT 16DIP,pmic-gate-drivers,828,0.55,"16-DIP (0.300"", 7.62mm)",Through Hole,Active,https://rocelec.widen.net/view/pdf/mb21rtrwa4/NATLS01996-1.pdf?t.download=true&u=5oefqw,https://www.digikey.com/en/products/detail/rochester-electronics-llc/MM74HC191N/12138018,40 MHz,"Up, Down",,Binary Counter,4,1,-40°C ~ 85°C (TA),,Asynchronous,74HC,Synchronous,Positive Edge,2 V ~ 6 V
MM74HC191WMX,National Semiconductor,"BINARY COUNTER, HC/UH SERIES, SY",pmic-gate-drivers,2000,0.43,-,-,Active,,https://www.digikey.com/en/products/detail/rochester-electronics-llc/MM74HC191WMX/12603556,40 MHz,"Up, Down",,Binary Counter,4,1,-40°C ~ 85°C (TA),,Asynchronous,74HC,Synchronous,Positive Edge,2 V ~ 6 V
MM74HC390MX,National Semiconductor,"DECADE COUNTER, HC/UH SERIES, AS",pmic-gate-drivers,1530,0.94,-,-,Active,,https://www.digikey.com/en/products/detail/rochester-electronics-llc/MM74HC390MX/12612633,,,,,,,,,,74HC,,,
MM74HC393MX,Fairchild Semiconductor,IC BINARY COUNTR DL 4BIT 14SOIC,pmic-gate-drivers,25499,0.38,"14-SOIC (0.154"", 3.90mm Width)",Surface Mount,Obsolete,https://rocelec.widen.net/view/pdf/lr2xmth9cs/FAIRS44298-1.pdf?t.download=true&u=5oefqw,https://www.digikey.com/en/products/detail/rochester-electronics-llc/MM74HC393MX/11559292,50 MHz,Up,,Binary Counter,4,2,-40°C ~ 85°C,,Asynchronous,74HC,,Negative Edge,2 V ~ 6 V
MM74HC393N,Fairchild Semiconductor,IC BINARY COUNTER DL 4BIT 14DIP,pmic-gate-drivers,82051,0.69,"14-DIP (0.300"", 7.62mm)",Through Hole,Obsolete,https://rocelec.widen.net/view/pdf/lr2xmth9cs/FAIRS44298-1.pdf?t.download=true&u=5oefqw,https://www.digikey.com/en/products/detail/rochester-electronics-llc/MM74HC393N/11559438,50 MHz,Up,,Binary Counter,4,2,-40°C ~ 85°C,,Asynchronous,74HC,,Negative Edge,2 V ~ 6 V
MM74HC393SJ,onsemi,IC BINARY COUNTER DL 4BIT 14SOP,pmic-gate-drivers,0,0.42362,"14-SOIC (0.209"", 5.30mm Width)",Surface Mount,Obsolete,https://www.digikey.com//mm.digikey.com/Volume0/opasdata/d220001/medias/docus/1116/MM74HC393.pdf,https://www.digikey.com/en/products/detail/onsemi/MM74HC393SJ/1053008,50 MHz,Up,,Binary Counter,4,2,-40°C ~ 85°C,,Asynchronous,74HC,,Negative Edge,2 V ~ 6 V
MM74HC4020M,Fairchild Semiconductor,IC BINARY COUNTER 14-BIT 16DIP,pmic-gate-drivers,14512,2.23,"16-DIP (0.300"", 7.62mm)",Through Hole,Active,https://rocelec.widen.net/view/pdf/vnqggch6ct/FAIRS37333-1.pdf?t.download=true&u=5oefqw,https://www.digikey.com/en/products/detail/rochester-electronics-llc/MM74HC4020M/12138142,50 MHz,Up,,Binary Counter,14,1,-40°C ~ 85°C (TA),,Asynchronous,74HC,,Negative Edge,2 V ~ 6 V
MM74HC4020MX,Fairchild Semiconductor,IC BINARY COUNTER 14-BIT 16DIP,pmic-gate-drivers,7500,31.44,"16-DIP (0.300"", 7.62mm)",Through Hole,Active,https://rocelec.widen.net/view/pdf/vnqggch6ct/FAIRS37333-1.pdf?t.download=true&u=5oefqw,https://www.digikey.com/en/products/detail/rochester-electronics-llc/MM74HC4020MX/12127551,50 MHz,Up,,Binary Counter,14,1,-40°C ~ 85°C (TA),,Asynchronous,74HC,,Negative Edge,2 V ~ 6 V
MM74HC4020N,Fairchild Semiconductor,IC BINARY COUNTER 14-BIT 16DIP,pmic-gate-drivers,813,2.49,"16-DIP (0.300"", 7.62mm)",Through Hole,Obsolete,https://rocelec.widen.net/view/pdf/vnqggch6ct/FAIRS37333-1.pdf?t.download=true&u=5oefqw,https://www.digikey.com/en/products/detail/rochester-electronics-llc/MM74HC4020N/11553528,50 MHz,Up,,Binary Counter,14,1,-40°C ~ 85°C,,Asynchronous,74HC,,Negative Edge,2 V ~ 6 V
MM74HC4040N,Fairchild Semiconductor,IC BINARY COUNTER 12-BIT 16DIP,pmic-gate-drivers,32621,30.19,"16-DIP (0.300"", 7.62mm)",Through Hole,Obsolete,https://rocelec.widen.net/view/pdf/jcb5dlpwcr/FAIRS24823-1.pdf?t.download=true&u=5oefqw,https://www.digikey.com/en/products/detail/rochester-electronics-llc/MM74HC4040N/11559420,50 MHz,Up,,Binary Counter,12,1,-40°C ~ 85°C,,Asynchronous,74HC,,Negative Edge,2 V ~ 6 V
MM74HC4040SJ,onsemi,IC BINARY COUNTER 12-BIT 16SOP,pmic-gate-drivers,0,0.45766,"16-SOIC (0.209"", 5.30mm Width)",Surface Mount,Obsolete,https://www.digikey.com//mm.digikey.com/Volume0/opasdata/d220001/medias/docus/1134/MM74HC4020%2C4040.pdf,https://www.digikey.com/en/products/detail/onsemi/MM74HC4040SJ/1053412,50 MHz,Up,,Binary Counter,12,1,-40°C ~ 85°C,,Asynchronous,74HC,,Negative Edge,2 V ~ 6 V
MM74HC4040SJX,Fairchild Semiconductor,IC BINARY COUNTER 12-BIT 16SOP,pmic-gate-drivers,13980,0.58,"16-SOIC (0.209"", 5.30mm Width)",Surface Mount,Obsolete,https://rocelec.widen.net/view/pdf/jcb5dlpwcr/FAIRS24823-1.pdf?t.download=true&u=5oefqw,https://www.digikey.com/en/products/detail/rochester-electronics-llc/MM74HC4040SJX/11510693,50 MHz,Up,,Binary Counter,12,1,-40°C ~ 85°C,,Asynchronous,74HC,,Negative Edge,2 V ~ 6 V
MM74HC4060M,Fairchild Semiconductor,IC BINARY COUNTER 14-BIT 16SOIC,pmic-gate-drivers,2441,0.38,"16-SOIC (0.154"", 3.90mm Width)",Surface Mount,Obsolete,https://rocelec.widen.net/view/pdf/evursyg5nc/FAIRS02452-1.pdf?t.download=true&u=5oefqw,https://www.digikey.com/en/products/detail/rochester-electronics-llc/MM74HC4060M/11514368,30 MHz,Up,,Binary Counter,14,1,-40°C ~ 85°C (TA),,Asynchronous,74HC,,Negative Edge,2 V ~ 6 V
MM74HC4060MTCX,Fairchild Semiconductor,IC BINARY COUNTER 14BIT 16TSSOP,pmic-gate-drivers,4129,0.43,"16-TSSOP (0.173"", 4.40mm Width)",Surface Mount,Obsolete,https://rocelec.widen.net/view/pdf/evursyg5nc/FAIRS02452-1.pdf?t.download=true&u=5oefqw,https://www.digikey.com/en/products/detail/rochester-electronics-llc/MM74HC4060MTCX/11514809,30 MHz,Up,,Binary Counter,14,1,-40°C ~ 85°C (TA),,Asynchronous,74HC,,Negative Edge,2 V ~ 6 V
MM74HC4060N,Fairchild Semiconductor,IC BINARY COUNTER 14-BIT 16DIP,pmic-gate-drivers,21878,0.81,"16-DIP (0.300"", 7.62mm)",Through Hole,Obsolete,https://rocelec.widen.net/view/pdf/evursyg5nc/FAIRS02452-1.pdf?t.download=true&u=5oefqw,https://www.digikey.com/en/products/detail/rochester-electronics-llc/MM74HC4060N/11539203,30 MHz,Up,,Binary Counter,14,1,-40°C ~ 85°C (TA),,Asynchronous,74HC,,Negative Edge,2 V ~ 6 V
MM74HCT193WM,National Semiconductor,IC BINARY COUNTER 4-BIT 16SOIC,pmic-gate-drivers,998,0.5,"16-SOIC (0.154"", 3.90mm Width)",Surface Mount,Active,https://rocelec.widen.net/view/pdf/byqbjio11v/NATLS17070-1.pdf?t.download=true&u=5oefqw,https://www.digikey.com/en/products/detail/rochester-electronics-llc/MM74HCT193WM/12134795,35 MHz,"Up, Down",,Binary Counter,4,1,-40°C ~ 85°C (TA),,Asynchronous,74HCT,Synchronous,Positive Edge,4.5 V ~ 5.5 V
"N74F161AD,602",NXP USA Inc.,IC BINARY COUNTER 4-BIT 16SO,pmic-gate-drivers,0,0.1857,"16-SOIC (0.154"", 3.90mm Width)",Surface Mount,Obsolete,https://www.digikey.com//mm.digikey.com/Volume0/opasdata/d220001/medias/docus/973/74F16%281%2C3%29A.pdf,https://www.digikey.com/en/products/detail/nxp-usa-inc/N74F161AD-602/1156657,130 MHz,Up,,Binary Counter,4,1,0°C ~ 70°C,,Asynchronous,74F,Synchronous,Positive Edge,4.5 V ~ 5.5 V
"N74F161AD,623",NXP USA Inc.,IC BINARY COUNTER 4-BIT 16SO,pmic-gate-drivers,0,0.18376,"16-SOIC (0.154"", 3.90mm Width)",Surface Mount,Obsolete,https://www.digikey.com//mm.digikey.com/Volume0/opasdata/d220001/medias/docus/973/74F16%281%2C3%29A.pdf,https://www.digikey.com/en/products/detail/nxp-usa-inc/N74F161AD-623/1156658,130 MHz,Up,,Binary Counter,4,1,0°C ~ 70°C,,Asynchronous,74F,Synchronous,Positive Edge,4.5 V ~ 5.5 V
"N74F161AN,602",Nexperia USA Inc.,IC BINARY COUNTER 4-BIT 16DIP,pmic-gate-drivers,1530,0.87,"16-DIP (0.300"", 7.62mm)",Through Hole,Obsolete,https://www.digikey.com//mm.digikey.com/Volume0/opasdata/d220001/medias/docus/973/74F16%281%2C3%29A.pdf,https://www.digikey.com/en/products/detail/rochester-electronics-llc/N74F161AN-602/11551221,130 MHz,Up,,Binary Counter,4,1,0°C ~ 70°C,,Asynchronous,74F,Synchronous,Positive Edge,4.5 V ~ 5.5 V
NJ88C22MAMPTF,Zarlink,FREQUENCY SYNTHESISER WITH RESET,pmic-gate-drivers,6385,5.2,-,-,Obsolete,,https://www.digikey.com/en/products/detail/rochester-electronics-llc/NJ88C22MAMPTF/12608060,,,,,,,,,,*,,,
NJ88C24MAMPTF,Zarlink,FREQUENCY SYNTHESISER WITH NON-R,pmic-gate-drivers,24611,2.6,-,-,Obsolete,,https://www.digikey.com/en/products/detail/rochester-electronics-llc/NJ88C24MAMPTF/12615635,,,,,,,,,,*,,,
NLV14017BDG,onsemi,IC DECADE COUNTER 10BIT 16SOIC,pmic-gate-drivers,0,0.62708,"16-SOIC (0.154"", 3.90mm Width)",Surface Mount,Obsolete,https://www.onsemi.com/pdf/datasheet/mc14017b-d.pdf,https://www.digikey.com/en/products/detail/onsemi/NLV14017BDG/3062263,,Up,,"Counter, Decade",10,1,-55°C ~ 125°C (TA),,Asynchronous,4000B,Synchronous,"Positive, Negative",3 V ~ 18 V
NLV14017BDR2G,onsemi,IC DECADE COUNTER 10BIT 16SOIC,pmic-gate-drivers,2388,0.58,"16-SOIC (0.154"", 3.90mm Width)",Surface Mount,Active,https://www.onsemi.com/pdf/datasheet/mc14017b-d.pdf,https://www.digikey.com/en/products/detail/onsemi/NLV14017BDR2G/3062264,,Up,,"Counter, Decade",10,1,-55°C ~ 125°C (TA),,Asynchronous,4000B,Synchronous,"Positive, Negative",3 V ~ 18 V
NLV14018BDG,onsemi,IC DIVIDER BY N 5-BIT 16SOIC,pmic-gate-drivers,0,0.62708,"16-SOIC (0.154"", 3.90mm Width)",Surface Mount,Obsolete,https://www.onsemi.com/pdf/datasheet/mc14018b-d.pdf,https://www.digikey.com/en/products/detail/onsemi/NLV14018BDG/3062265,8 MHz,,,Divide-by-N,5,1,-55°C ~ 125°C,,Asynchronous,4000B,Synchronous,Positive Edge,3 V ~ 18 V
NLV14020BDR2G,onsemi,IC BINARY COUNTER 14-BIT 16SOIC,pmic-gate-drivers,2495,0.73,"16-SOIC (0.154"", 3.90mm Width)",Surface Mount,Active,https://www.onsemi.com/pdf/datasheet/mc14020b-d.pdf,https://www.digikey.com/en/products/detail/onsemi/NLV14020BDR2G/3062266,8 MHz,Up,,Binary Counter,14,1,-55°C ~ 125°C,,Asynchronous,4000B,,Negative Edge,3 V ~ 18 V
NLV14022BDR2G,onsemi,IC BINARY COUNTER 4-BIT 16SOIC,pmic-gate-drivers,2500,0.58,"16-SOIC (0.154"", 3.90mm Width)",Surface Mount,Active,https://www.onsemi.com/pdf/datasheet/mc14022b-d.pdf,https://www.digikey.com/en/products/detail/onsemi/NLV14022BDR2G/3062267,16 MHz,Up,,Binary Counter,4,1,-55°C ~ 125°C,,Asynchronous,4000B,,Positive Edge,3 V ~ 18 V
NLV14024BDR2G,onsemi,IC BINARY COUNTER 7-BIT 14SOIC,pmic-gate-drivers,517,0.49,"14-SOIC (0.154"", 3.90mm Width)",Surface Mount,Active,https://www.onsemi.com/pdf/datasheet/mc14024b-d.pdf,https://www.digikey.com/en/products/detail/onsemi/NLV14024BDR2G/3062270,12 MHz,Up,,Binary Counter,7,1,-55°C ~ 125°C,,Asynchronous,4000B,,Negative Edge,3 V ~ 18 V
NLV14029BDR2G,onsemi,IC BINARY COUNTER 4-BIT 16SOIC,pmic-gate-drivers,0,0.63,"16-SOIC (0.154"", 3.90mm Width)",Surface Mount,Active,https://www.onsemi.com/pdf/datasheet/mc14029b-d.pdf,https://www.digikey.com/en/products/detail/onsemi/NLV14029BDR2G/3062276,10 MHz,"Up, Down",,"Binary Counter, Decade",4,1,-55°C ~ 125°C,,,4000B,Synchronous,Positive Edge,3 V ~ 18 V
NLV14040BDR2G,onsemi,IC BINARY COUNTER 12-BIT 16SOIC,pmic-gate-drivers,2500,0.61,"16-SOIC (0.154"", 3.90mm Width)",Surface Mount,Active,https://www.onsemi.com/pdf/datasheet/mc14040b-d.pdf,https://www.digikey.com/en/products/detail/onsemi/NLV14040BDR2G/3062278,10 MHz,Up,,Binary Counter,12,1,-55°C ~ 125°C,,Asynchronous,4000B,,Negative Edge,3 V ~ 18 V
NLV14040BDTR2G,onsemi,IC BINARY COUNTER 12BIT 16TSSOP,pmic-gate-drivers,2500,0.63,"16-TSSOP (0.173"", 4.40mm Width)",Surface Mount,Active,https://www.onsemi.com/pdf/datasheet/mc14040b-d.pdf,https://www.digikey.com/en/products/detail/onsemi/NLV14040BDTR2G/3062279,10 MHz,Up,,Binary Counter,12,1,-55°C ~ 125°C,,Asynchronous,4000B,,Negative Edge,3 V ~ 18 V
NLV14060BDR2G,onsemi,IC BINARY COUNTER 14-BIT 16SOIC,pmic-gate-drivers,0,0.24,"16-SOIC (0.154"", 3.90mm Width)",Surface Mount,Discontinued at DigiKey,,https://www.digikey.com/en/products/detail/onsemi/NLV14060BDR2G/3062303,17 MHz,Up,,Binary Counter,14,1,-55°C ~ 125°C,,,4000B,,Negative Edge,3 V ~ 18 V
NLV14516BDR2G,onsemi,IC BINARY COUNTER 4-BIT 16SOIC,pmic-gate-drivers,2380,0.57,"16-SOIC (0.154"", 3.90mm Width)",Surface Mount,Active,https://www.onsemi.com/pdf/datasheet/mc14516b-d.pdf,https://www.digikey.com/en/products/detail/onsemi/NLV14516BDR2G/3062335,8 MHz,"Up, Down",,Binary Counter,4,1,-55°C ~ 125°C,,Asynchronous,4000B,Synchronous,Positive Edge,3 V ~ 18 V
NLV14518BDWR2G,onsemi,IC BCD COUNTER DUAL 4BIT 16SOIC,pmic-gate-drivers,0,0.458,"16-SOIC (0.295"", 7.50mm Width)",Surface Mount,Not For New Designs,https://www.onsemi.com/pdf/datasheet/mc14518b-d.pdf,https://www.digikey.com/en/products/detail/onsemi/NLV14518BDWR2G/5404710,8 MHz,Up,Automotive,BCD Counter,4,2,-55°C ~ 125°C,AEC-Q100,Asynchronous,,Synchronous,"Positive, Negative",3 V ~ 18 V
NLV14521BDR2G,onsemi,IC DIVIDER BY 2 24-BIT 16SOIC,pmic-gate-drivers,0,0.36159,"16-SOIC (0.154"", 3.90mm Width)",Surface Mount,Active,https://www.onsemi.com/pdf/datasheet/mc14521b-d.pdf,https://www.digikey.com/en/products/detail/onsemi/NLV14521BDR2G/3062337,12 MHz,,Automotive,Divide-by-2,24,1,-55°C ~ 125°C,AEC-Q100,Asynchronous,4000B,,Negative Edge,3 V ~ 18 V
NLV14569BDWR2G,onsemi,IC DIVIDER BY N DL 4BIT 16SOIC,pmic-gate-drivers,0,0.54916,"16-SOIC (0.295"", 7.50mm Width)",Surface Mount,Not For New Designs,https://www.onsemi.com/pdf/datasheet/mc14569b-d.pdf,https://www.digikey.com/en/products/detail/onsemi/NLV14569BDWR2G/5404717,13 MHz,,Automotive,Divide-by-N,4,2,-55°C ~ 125°C,AEC-Q100,Asynchronous,4000B,,Positive Edge,3 V ~ 18 V
NLV74HC390ADR2G,onsemi,IC DECADE COUNTR DL 4BIT 16SOIC,pmic-gate-drivers,2417,0.42,"16-SOIC (0.154"", 3.90mm Width)",Surface Mount,Obsolete,https://www.onsemi.com/pdf/datasheet/mc74hc390a-d.pdf,https://www.digikey.com/en/products/detail/onsemi/NLV74HC390ADR2G/5404784,50 MHz,,Automotive,"Counter, Decade",4,2,-55°C ~ 125°C,AEC-Q100,Asynchronous,74HC,,Negative Edge,2 V ~ 6 V
NLV74HC393ADR2G,onsemi,IC BINARY COUNTR DL 4BIT 14SOIC,pmic-gate-drivers,818,0.45,"14-SOIC (0.154"", 3.90mm Width)",Surface Mount,Obsolete,,https://www.digikey.com/en/products/detail/onsemi/NLV74HC393ADR2G/3062374,50 MHz,Up,Automotive,Binary Counter,4,2,-55°C ~ 125°C,AEC-Q100,Asynchronous,74HC,,Negative Edge,2 V ~ 6 V
NLV74HC4020ADTR2G,onsemi,NLV74HC4020 - 14-STAGE BINARY RI,pmic-gate-drivers,44355,0.91,-,-,Active,https://rocelec.widen.net/view/pdf/i3qxvcrwiq/ONSMS39177-1.pdf?t.download=true&u=5oefqw,https://www.digikey.com/en/products/detail/rochester-electronics-llc/NLV74HC4020ADTR2G/15646672,,,,,,,,,,*,,,
NLV74HC4060ADR2G,onsemi,IC BINARY COUNTER 14-BIT 16SOIC,pmic-gate-drivers,1677,0.41,"16-SOIC (0.154"", 3.90mm Width)",Surface Mount,Obsolete,https://www.onsemi.com/pdf/datasheet/mc74hc4060a-d.pdf,https://www.digikey.com/en/products/detail/onsemi/NLV74HC4060ADR2G/3062380,50 MHz,Up,Automotive,Binary Counter,14,1,-55°C ~ 125°C (TA),AEC-Q100,Asynchronous,74HC,,Negative Edge,2 V ~ 6 V
NLVHC4020ADTR2,onsemi,IC BINARY COUNTER 14BIT 16TSSOP,pmic-gate-drivers,0,0.32636,"16-TSSOP (0.173"", 4.40mm Width)",Surface Mount,Obsolete,https://www.onsemi.com/pdf/datasheet/mc74hc4020a-d.pdf,https://www.digikey.com/en/products/detail/onsemi/NLVHC4020ADTR2/1484524,50 MHz,Up,,Binary Counter,14,1,-55°C ~ 125°C,,Asynchronous,4000,,Negative Edge,2 V ~ 6 V
NLVHC4020ADTR2G,onsemi,IC BINARY COUNTER 14BIT 16TSSOP,pmic-gate-drivers,0,0.32636,"16-TSSOP (0.173"", 4.40mm Width)",Surface Mount,Obsolete,https://www.onsemi.com/pdf/datasheet/mc74hc4020a-d.pdf,https://www.digikey.com/en/products/detail/onsemi/NLVHC4020ADTR2G/1484525,50 MHz,Up,,Binary Counter,14,1,-55°C ~ 125°C,,Asynchronous,4000,,Negative Edge,2 V ~ 6 V
NLVHC4060ADTR2G,onsemi,IC BINARY COUNTER 14BIT 16TSSOP,pmic-gate-drivers,0,0.23836,"16-TSSOP (0.173"", 4.40mm Width)",Surface Mount,Obsolete,,https://www.digikey.com/en/products/detail/onsemi/NLVHC4060ADTR2G/3062400,50 MHz,Up,,Binary Counter,14,1,-55°C ~ 125°C (TA),,Asynchronous,74HC,,Negative Edge,2 V ~ 6 V
QS54FCT161ATHB,Quality Semiconductor,"BINARY COUNTER, FCT SERIES",pmic-gate-drivers,176,19.2,-,-,Active,https://rocelec.widen.net/view/pdf/wcgsfkvii6/QSEMS00455-1.pdf?t.download=true&u=5oefqw,https://www.digikey.com/en/products/detail/rochester-electronics-llc/QS54FCT161ATHB/12137982,,,,,,,,,,*,,,
QS54FCT161CTSO,Quality Semiconductor,"BINARY COUNTER, FCT SERIES, SYN",pmic-gate-drivers,526,4.51,-,-,Active,https://rocelec.widen.net/view/pdf/wcgsfkvii6/QSEMS00455-1.pdf?t.download=true&u=5oefqw,https://www.digikey.com/en/products/detail/rochester-electronics-llc/QS54FCT161CTSO/12608013,,,,,,,,,,*,,,
QS74FCT161CTS0,Quality Semiconductor,"BINARY COUNTER, FCT SERIES, SYN",pmic-gate-drivers,4990,1.5,-,-,Active,https://rocelec.widen.net/view/pdf/wcgsfkvii6/QSEMS00455-1.pdf?t.download=true&u=5oefqw,https://www.digikey.com/en/products/detail/rochester-electronics-llc/QS74FCT161CTS0/12593315,,,,,,,,,,*,,,
QS74FCT161TP,Quality Semiconductor,"BINARY COUNTER, FCT SERIES",pmic-gate-drivers,2777,0.81,-,-,Active,https://rocelec.widen.net/view/pdf/wcgsfkvii6/QSEMS00455-1.pdf?t.download=true&u=5oefqw,https://www.digikey.com/en/products/detail/rochester-electronics-llc/QS74FCT161TP/12129550,,,,,,,,,,*,,,
QS74FCT161TQ,Quality Semiconductor,"BINARY COUNTER, FCT SERIES",pmic-gate-drivers,687,0.81,-,-,Active,https://rocelec.widen.net/view/pdf/wcgsfkvii6/QSEMS00455-1.pdf?t.download=true&u=5oefqw,https://www.digikey.com/en/products/detail/rochester-electronics-llc/QS74FCT161TQ/12136083,,,,,,,,,,*,,,
QS74FCT163ATP,Quality Semiconductor,"BINARY COUNTER, FCT SERIES",pmic-gate-drivers,1271,1.63,-,-,Active,https://rocelec.widen.net/view/pdf/wcgsfkvii6/QSEMS00455-1.pdf?t.download=true&u=5oefqw,https://www.digikey.com/en/products/detail/rochester-electronics-llc/QS74FCT163ATP/12132108,,,,,,,,,,*,,,
QS74FCT163ATS1,Quality Semiconductor,IC BINARY COUNTER 4-BIT,pmic-gate-drivers,1806,1.6,-,Surface Mount,Obsolete,https://rocelec.widen.net/view/pdf/wcgsfkvii6/QSEMS00455-1.pdf?t.download=true&u=5oefqw,https://www.digikey.com/en/products/detail/rochester-electronics-llc/QS74FCT163ATS1/10499958,,Up,,Binary Counter,4,,0°C ~ 70°C,,Asynchronous,QS74FCT163,Synchronous,Positive Edge,
QS74FCT163CTQ,Quality Semiconductor,IC BINARY COUNTER 4-BIT,pmic-gate-drivers,3342,2.1,-,Surface Mount,Obsolete,https://rocelec.widen.net/view/pdf/wcgsfkvii6/QSEMS00455-1.pdf?t.download=true&u=5oefqw,https://www.digikey.com/en/products/detail/rochester-electronics-llc/QS74FCT163CTQ/10499514,,Up,,Binary Counter,4,,0°C ~ 70°C,,Asynchronous,QS74FCT163,Synchronous,Positive Edge,4.75 V ~ 5.25 V
QS74FCT163CTSO,Quality Semiconductor,IC BINARY COUNTER 4-BIT,pmic-gate-drivers,4881,3.06,-,Surface Mount,Obsolete,https://rocelec.widen.net/view/pdf/wcgsfkvii6/QSEMS00455-1.pdf?t.download=true&u=5oefqw,https://www.digikey.com/en/products/detail/rochester-electronics-llc/QS74FCT163CTSO/10499681,,Up,,Binary Counter,4,,0°C ~ 70°C,,Asynchronous,QS74FCT163,Synchronous,Positive Edge,
QS74FCT163DTQ,Quality Semiconductor,IC BINARY COUNTER 4-BIT,pmic-gate-drivers,163,3.06,-,Surface Mount,Obsolete,https://rocelec.widen.net/view/pdf/fa7ktucraf/QSEMD001-4-67.pdf?t.download=true&u=5oefqw,https://www.digikey.com/en/products/detail/rochester-electronics-llc/QS74FCT163DTQ/10499837,,Up,,Binary Counter,4,,0°C ~ 70°C,,Asynchronous,QS74FCT163,Synchronous,Positive Edge,
QS74FCT163TQ,Quality Semiconductor,"BINARY COUNTER, FCT SERIES",pmic-gate-drivers,1029,1.81,-,-,Active,https://rocelec.widen.net/view/pdf/wcgsfkvii6/QSEMS00455-1.pdf?t.download=true&u=5oefqw,https://www.digikey.com/en/products/detail/rochester-electronics-llc/QS74FCT163TQ/12129306,,,,,,,,,,*,,,
QS74FCT163TS0,Quality Semiconductor,"BINARY COUNTER, FCT SERIES, SYN",pmic-gate-drivers,484,1.69,-,-,Active,https://rocelec.widen.net/view/pdf/fa7ktucraf/QSEMD001-4-67.pdf?t.download=true&u=5oefqw,https://www.digikey.com/en/products/detail/rochester-electronics-llc/QS74FCT163TS0/12601312,,,,,,,,,,*,,,
QS74FCT163TS0X,Quality Semiconductor,"BINARY COUNTER, FCT SERIES, SYN",pmic-gate-drivers,1000,1.04,-,-,Active,https://rocelec.widen.net/view/pdf/fa7ktucraf/QSEMD001-4-67.pdf?t.download=true&u=5oefqw,https://www.digikey.com/en/products/detail/rochester-electronics-llc/QS74FCT163TS0X/12601324,,,,,,,,,,*,,,
QS74FCT163TSI,Quality Semiconductor,"BINARY COUNTER, FCT SERIES, SYN",pmic-gate-drivers,5000,1.33,-,-,Active,https://rocelec.widen.net/view/pdf/fa7ktucraf/QSEMD001-4-67.pdf?t.download=true&u=5oefqw,https://www.digikey.com/en/products/detail/rochester-electronics-llc/QS74FCT163TSI/12604719,,,,,,,,,,*,,,
QS74FCT191ATS0X,Quality Semiconductor,"BINARY COUNTER, FCT SERIES, SYN",pmic-gate-drivers,2000,1.91,-,-,Active,https://rocelec.widen.net/view/pdf/zakdmwclhe/QSEMS00558-1.pdf?t.download=true&u=5oefqw,https://www.digikey.com/en/products/detail/rochester-electronics-llc/QS74FCT191ATS0X/12593624,,,,,,,,,,*,,,
QS74FCT191ATS1,Quality Semiconductor,"BINARY COUNTER, FCT SERIES",pmic-gate-drivers,3359,1.89,-,-,Active,https://rocelec.widen.net/view/pdf/zakdmwclhe/QSEMS00558-1.pdf?t.download=true&u=5oefqw,https://www.digikey.com/en/products/detail/rochester-electronics-llc/QS74FCT191ATS1/12135920,,,,,,,,,,*,,,
QS74FCT191ATSO,Quality Semiconductor,IC BINARY COUNTER 4-BIT,pmic-gate-drivers,4631,1.61,-,Surface Mount,Obsolete,https://rocelec.widen.net/view/pdf/zakdmwclhe/QSEMS00558-1.pdf?t.download=true&u=5oefqw,https://www.digikey.com/en/products/detail/rochester-electronics-llc/QS74FCT191ATSO/10499529,,Bidirectional,,Binary Counter,4,,0°C ~ 70°C,,Asynchronous,QS74FCT191T,Synchronous,Positive Edge,
QS74FCT191CTSI,Quality Semiconductor,"BINARY COUNTER, FCT SERIES, SYN",pmic-gate-drivers,3285,1.89,-,-,Active,https://rocelec.widen.net/view/pdf/zakdmwclhe/QSEMS00558-1.pdf?t.download=true&u=5oefqw,https://www.digikey.com/en/products/detail/rochester-electronics-llc/QS74FCT191CTSI/12596638,,,,,,,,,,*,,,
QS74FCT191CTSO,Quality Semiconductor,IC BINARY COUNTER 4-BIT,pmic-gate-drivers,5692,2.3,-,Surface Mount,Obsolete,https://rocelec.widen.net/view/pdf/zakdmwclhe/QSEMS00558-1.pdf?t.download=true&u=5oefqw,https://www.digikey.com/en/products/detail/rochester-electronics-llc/QS74FCT191CTSO/10499663,,Bidirectional,,Binary Counter,4,,0°C ~ 70°C,,Asynchronous,QS74FCT191,Synchronous,Positive Edge,
QS74FCT191TS1X,Quality Semiconductor,"BINARY COUNTER, FCT SERIES, SYN",pmic-gate-drivers,5000,1.73,-,-,Active,https://rocelec.widen.net/view/pdf/zakdmwclhe/QSEMS00558-1.pdf?t.download=true&u=5oefqw,https://www.digikey.com/en/products/detail/rochester-electronics-llc/QS74FCT191TS1X/12603143,,,,,,,,,,*,,,
QS74FCT191TSO,Quality Semiconductor,IC BINARY COUNTER 4-BIT,pmic-gate-drivers,9512,1.89,-,Surface Mount,Obsolete,https://rocelec.widen.net/view/pdf/zakdmwclhe/QSEMS00558-1.pdf?t.download=true&u=5oefqw,https://www.digikey.com/en/products/detail/rochester-electronics-llc/QS74FCT191TSO/10499978,,Bidirectional,,Binary Counter,4,,0°C ~ 70°C,,Asynchronous,QS74FCT191T,Synchronous,Positive Edge,
QS74FCT193ATP,Quality Semiconductor,"BINARY COUNTER, FCT SERIES",pmic-gate-drivers,4900,1.61,-,-,Active,https://rocelec.widen.net/view/pdf/anodifgpgw/QSEMS00871-1.pdf?t.download=true&u=5oefqw,https://www.digikey.com/en/products/detail/rochester-electronics-llc/QS74FCT193ATP/12136046,,,,,,,,,,*,,,
QS74FCT193ATQ,Quality Semiconductor,"BINARY COUNTER, FCT SERIES",pmic-gate-drivers,5024,2.2,-,-,Active,https://rocelec.widen.net/view/pdf/anodifgpgw/QSEMS00871-1.pdf?t.download=true&u=5oefqw,https://www.digikey.com/en/products/detail/rochester-electronics-llc/QS74FCT193ATQ/12129699,,,,,,,,,,*,,,
QS74FCT193ATS0,Quality Semiconductor,"BINARY COUNTER, FCT SERIES, SYN",pmic-gate-drivers,3146,1.69,-,-,Active,https://rocelec.widen.net/view/pdf/anodifgpgw/QSEMS00871-1.pdf?t.download=true&u=5oefqw,https://www.digikey.com/en/products/detail/rochester-electronics-llc/QS74FCT193ATS0/12604519,,,,,,,,,,*,,,
QS74FCT193ATS1,Quality Semiconductor,IC BINARY COUNTER 4-BIT,pmic-gate-drivers,4996,1.89,-,Surface Mount,Obsolete,https://rocelec.widen.net/view/pdf/anodifgpgw/QSEMS00871-1.pdf?t.download=true&u=5oefqw,https://www.digikey.com/en/products/detail/rochester-electronics-llc/QS74FCT193ATS1/10499629,,Bidirectional,,Binary Counter,4,,0°C ~ 70°C,,Asynchronous,QS74FCT193,Synchronous,Positive Edge,
QS74FCT193ATZ,Quality Semiconductor,"BINARY COUNTER, FCT SERIES",pmic-gate-drivers,105,3.8,-,-,Active,https://rocelec.widen.net/view/pdf/anodifgpgw/QSEMS00871-1.pdf?t.download=true&u=5oefqw,https://www.digikey.com/en/products/detail/rochester-electronics-llc/QS74FCT193ATZ/12136079,,,,,,,,,,*,,,
QS74FCT193TQ,Quality Semiconductor,IC BINARY COUNTER 4-BIT,pmic-gate-drivers,5374,2.2,-,Surface Mount,Obsolete,https://rocelec.widen.net/view/pdf/anodifgpgw/QSEMS00871-1.pdf?t.download=true&u=5oefqw,https://www.digikey.com/en/products/detail/rochester-electronics-llc/QS74FCT193TQ/10499912,,Bidirectional,,Binary Counter,4,,0°C ~ 70°C,,Asynchronous,QS74FCT193T,Synchronous,Positive Edge,
QS74FCT193TS1,Quality Semiconductor,IC BINARY COUNTER 4-BIT,pmic-gate-drivers,5484,1.73,-,Surface Mount,Obsolete,https://rocelec.widen.net/view/pdf/anodifgpgw/QSEMS00871-1.pdf?t.download=true&u=5oefqw,https://www.digikey.com/en/products/detail/rochester-electronics-llc/QS74FCT193TS1/10499675,,Bidirectional,,Binary Counter,4,,0°C ~ 70°C,,Asynchronous,QS74FCT193T,Synchronous,Positive Edge,
QS74FCT2161ATP,Quality Semiconductor,"BINARY COUNTER, FCT SERIES",pmic-gate-drivers,5703,1.8,-,-,Active,https://rocelec.widen.net/view/pdf/wcgsfkvii6/QSEMS00455-1.pdf?t.download=true&u=5oefqw,https://www.digikey.com/en/products/detail/rochester-electronics-llc/QS74FCT2161ATP/12136253,,,,,,,,,,*,,,
QS74FCT2161ATQ,Quality Semiconductor,IC BINARY COUNTER 4-BIT,pmic-gate-drivers,4067,1.9,-,Surface Mount,Obsolete,https://rocelec.widen.net/view/pdf/wcgsfkvii6/QSEMS00455-1.pdf?t.download=true&u=5oefqw,https://www.digikey.com/en/products/detail/rochester-electronics-llc/QS74FCT2161ATQ/10499810,,Up,,Binary Counter,4,,0°C ~ 70°C,,Asynchronous,QS74FCT2161,Synchronous,Positive Edge,
QS74FCT2161ATS1,Quality Semiconductor,"BINARY COUNTER, FCT SERIES",pmic-gate-drivers,771,1.83,-,-,Active,https://rocelec.widen.net/view/pdf/wcgsfkvii6/QSEMS00455-1.pdf?t.download=true&u=5oefqw,https://www.digikey.com/en/products/detail/rochester-electronics-llc/QS74FCT2161ATS1/12132580,,,,,,,,,,*,,,
QS74FCT2161ATSO,Quality Semiconductor,"BINARY COUNTER, FCT SERIES",pmic-gate-drivers,4536,1.8,-,-,Active,https://rocelec.widen.net/view/pdf/wcgsfkvii6/QSEMS00455-1.pdf?t.download=true&u=5oefqw,https://www.digikey.com/en/products/detail/rochester-electronics-llc/QS74FCT2161ATSO/12129940,,,,,,,,,,*,,,
QS74FCT2161TQ,Quality Semiconductor,IC BINARY COUNTER 4-BIT,pmic-gate-drivers,3016,1.75,-,Surface Mount,Obsolete,https://rocelec.widen.net/view/pdf/wcgsfkvii6/QSEMS00455-1.pdf?t.download=true&u=5oefqw,https://www.digikey.com/en/products/detail/rochester-electronics-llc/QS74FCT2161TQ/10499698,,Up,,Binary Counter,4,,0°C ~ 70°C,,Asynchronous,QS74FCT2161T,Synchronous,Positive Edge,
QS74FCT2161TS1,Quality Semiconductor,"BINARY COUNTER, FCT SERIES",pmic-gate-drivers,1875,1.74,-,-,Active,https://rocelec.widen.net/view/pdf/wcgsfkvii6/QSEMS00455-1.pdf?t.download=true&u=5oefqw,https://www.digikey.com/en/products/detail/rochester-electronics-llc/QS74FCT2161TS1/12136160,,,,,,,,,,*,,,
QS74FCT2163ATQ,Quality Semiconductor,IC BINARY COUNTER 4-BIT,pmic-gate-drivers,5695,1.81,-,Surface Mount,Obsolete,https://rocelec.widen.net/view/pdf/wcgsfkvii6/QSEMS00455-1.pdf?t.download=true&u=5oefqw,https://www.digikey.com/en/products/detail/rochester-electronics-llc/QS74FCT2163ATQ/10499903,,Up,,Binary Counter,4,,0°C ~ 70°C,,Asynchronous,QS74FCT2163,Synchronous,Positive Edge,
QS74FCT2163ATQX,Quality Semiconductor,"BINARY COUNTER, FCT SERIES, SYN",pmic-gate-drivers,2500,1.81,-,-,Active,https://rocelec.widen.net/view/pdf/wcgsfkvii6/QSEMS00455-1.pdf?t.download=true&u=5oefqw,https://www.digikey.com/en/products/detail/rochester-electronics-llc/QS74FCT2163ATQX/12601459,,,,,,,,,,*,,,
QS74FCT2163ATS1,Quality Semiconductor,"BINARY COUNTER, FCT SERIES",pmic-gate-drivers,518,1.81,-,-,Active,https://rocelec.widen.net/view/pdf/wcgsfkvii6/QSEMS00455-1.pdf?t.download=true&u=5oefqw,https://www.digikey.com/en/products/detail/rochester-electronics-llc/QS74FCT2163ATS1/12131495,,,,,,,,,,*,,,
QS74FCT2163CTSO,Quality Semiconductor,IC BINARY COUNTER 4-BIT,pmic-gate-drivers,570,1.5,-,Surface Mount,Obsolete,https://rocelec.widen.net/view/pdf/wcgsfkvii6/QSEMS00455-1.pdf?t.download=true&u=5oefqw,https://www.digikey.com/en/products/detail/rochester-electronics-llc/QS74FCT2163CTSO/10499460,,Up,,Binary Counter,4,,0°C ~ 70°C,,Asynchronous,QS74FCT2163,Synchronous,Positive Edge,
QS74FCT2163TS1,Quality Semiconductor,IC BINARY COUNTER 4-BIT,pmic-gate-drivers,485,1.8,-,Surface Mount,Obsolete,https://rocelec.widen.net/view/pdf/wcgsfkvii6/QSEMS00455-1.pdf?t.download=true&u=5oefqw,https://www.digikey.com/en/products/detail/rochester-electronics-llc/QS74FCT2163TS1/10499461,,Up,,Binary Counter,4,,0°C ~ 70°C,,Asynchronous,QS74FCT2163T,Synchronous,Positive Edge,
QS74FCT2163TS1X,Quality Semiconductor,"BINARY COUNTER, FCT SERIES, SYN",pmic-gate-drivers,2500,1.69,-,-,Active,https://rocelec.widen.net/view/pdf/wcgsfkvii6/QSEMS00455-1.pdf?t.download=true&u=5oefqw,https://www.digikey.com/en/products/detail/rochester-electronics-llc/QS74FCT2163TS1X/12602846,,,,,,,,,,*,,,
QS74FCT2191TS1,Quality Semiconductor,"BINARY COUNTER, FCT SERIES",pmic-gate-drivers,474,1.73,-,-,Active,https://rocelec.widen.net/view/pdf/zakdmwclhe/QSEMS00558-1.pdf?t.download=true&u=5oefqw,https://www.digikey.com/en/products/detail/rochester-electronics-llc/QS74FCT2191TS1/12130100,,,,,,,,,,*,,,
QS74FCT2193ATSO,Quality Semiconductor,"BINARY COUNTER, FCT SERIES",pmic-gate-drivers,1083,1.89,-,-,Active,https://rocelec.widen.net/view/pdf/anodifgpgw/QSEMS00871-1.pdf?t.download=true&u=5oefqw,https://www.digikey.com/en/products/detail/rochester-electronics-llc/QS74FCT2193ATSO/12136223,,,,,,,,,,*,,,
QS74FCT2193TSO,Quality Semiconductor,"BINARY COUNTER, FCT SERIES",pmic-gate-drivers,5332,1.83,-,-,Active,https://rocelec.widen.net/view/pdf/anodifgpgw/QSEMS00871-1.pdf?t.download=true&u=5oefqw,https://www.digikey.com/en/products/detail/rochester-electronics-llc/QS74FCT2193TSO/12131465,,,,,,,,,,*,,,
S-35770E01I-K8T2U,ABLIC Inc.,IC OSC 2-WIRE TIMER 1MHZ 8TMSOP,pmic-gate-drivers,668,6.29,"8-WSSOP, 8-MSOP (0.110"", 2.80mm Width)",Surface Mount,Active,https://www.digikey.com//mm.digikey.com/Volume0/opasdata/d220001/medias/docus/7180/1662_S35770_I_E.pdf,https://www.digikey.com/en/products/detail/ablic-inc/S-35770E01I-K8T2U/9974496,1 MHz,Up,,Binary Counter,24,1,-40°C ~ 85°C (TA),,Asynchronous,S-357xx I,Asynchronous,,1.5 V ~ 5.5 V
SC2797PK32,onsemi,LS DL DECADE COUNTER,pmic-gate-drivers,12500,0.12,-,-,Active,,https://www.digikey.com/en/products/detail/rochester-electronics-llc/SC2797PK32/12125747,,,,,,,,,,*,,,
SN54192J,Texas Instruments,54192 SYNCHRONOUS 4-BIT UP/DOWN,pmic-gate-drivers,406,17.01,-,-,Active,https://rocelec.widen.net/view/pdf/5bryvb4stx/sn54192.pdf?t.download=true&u=5oefqw,https://www.digikey.com/en/products/detail/rochester-electronics-llc/SN54192J/13527672,,,,,,,,,,*,,,
SN54196J,Texas Instruments,54196 50/30/100-MHZ PRESETTABLE,pmic-gate-drivers,73,27.58,-,-,Active,https://rocelec.widen.net/view/pdf/0jk2yw9xpb/sn54196.pdf?t.download=true&u=5oefqw,https://www.digikey.com/en/products/detail/rochester-electronics-llc/SN54196J/13501872,,,,,,,,,,*,,,
SN54ALS191AJ,Texas Instruments,"BINARY COUNTER, ALS SERIES",pmic-gate-drivers,50,7.4,-,-,Active,https://rocelec.widen.net/view/pdf/6iishda4yh/TXII-S-A0001282598-1.pdf?t.download=true&u=5oefqw,https://www.digikey.com/en/products/detail/rochester-electronics-llc/SN54ALS191AJ/12123766,,,,,,,,,,*,,,
SN54HC4060FK,Texas Instruments,54HC4060 ASYNCHRONOUS 14-STAGE B,pmic-gate-drivers,7,83.56,-,-,Active,https://rocelec.widen.net/view/pdf/sgn97bpjtv/sn54hc4060.pdf?t.download=true&u=5oefqw,https://www.digikey.com/en/products/detail/rochester-electronics-llc/SN54HC4060FK/13516129,33 MHz,Up,,Binary Counter,14,1,-55°C ~ 125°C (TA),,Asynchronous,54HC,Asynchronous,Negative Edge,2 V ~ 6 V
SN54LS191J,Texas Instruments,54LS191 SYNCHRONOUS UP/DOWN COUN,pmic-gate-drivers,741,87.19,"16-CDIP (0.300"", 7.62mm)",Through Hole,Active,https://rocelec.widen.net/view/pdf/l99v6gepnz/sn54ls191.pdf?t.download=true&u=5oefqw,https://www.digikey.com/en/products/detail/rochester-electronics-llc/SN54LS191J/13505526,25 MHz,"Up, Down",,Binary Counter,4,1,-55°C ~ 125°C (TA),,Asynchronous,54LS,Synchronous,Positive Edge,4.5 V ~ 5.5 V
SN54LS461AJS883B,Advanced Micro Devices,IC BINARY COUNTER 8-BIT 24CDIP,pmic-gate-drivers,665,51.6,"24-CDIP (0.600"", 15.24mm)",Through Hole,Active,https://rocelec.widen.net/view/pdf/xlnedit701/MONMS00003-1.pdf?t.download=true&u=5oefqw,https://www.digikey.com/en/products/detail/rochester-electronics-llc/SN54LS461AJS883B/12132496,16.6 MHz,Up,,Binary Counter,8,1,-55°C ~ 125°C (TA),,Asynchronous,,Synchronous,Negative Edge,4.5 V ~ 5.5 V
SN54LS469AL/883B,Advanced Micro Devices,IC BINARY COUNTER 8-BIT 24CDIP,pmic-gate-drivers,299,91.26,"24-CDIP (0.300"", 7.62mm)",Through Hole,Active,https://rocelec.widen.net/view/pdf/3zptfy11eq/MONMS00126-1.pdf?t.download=true&u=5oefqw,https://www.digikey.com/en/products/detail/rochester-electronics-llc/SN54LS469AL-883B/12132812,16.6 MHz,"Up, Down",,Binary Counter,8,1,-55°C ~ 125°C (TA),,Asynchronous,54LS,Synchronous,Positive Edge,4.75 V ~ 5.25 V
SN54LS668J,Texas Instruments,"DECADE COUNTER, LS SERIES",pmic-gate-drivers,211,76.4,-,-,Active,https://rocelec.widen.net/view/pdf/iti0lwhpmg/TXIIS144379-1.pdf?t.download=true&u=5oefqw,https://www.digikey.com/en/products/detail/rochester-electronics-llc/SN54LS668J/12125094,,,,,,,,,,*,,,
SN54LS693J,Texas Instruments,"BINARY COUNTER, LS SERIES",pmic-gate-drivers,277,91.8,-,-,Active,https://rocelec.widen.net/view/pdf/w20g04kure/TXIIS146232-1.pdf?t.download=true&u=5oefqw,https://www.digikey.com/en/products/detail/rochester-electronics-llc/SN54LS693J/12125882,,,,,,,,,,*,,,
SN700059N,Texas Instruments,4-BIT SYNC BINARY COUNTER,pmic-gate-drivers,5325,0.53,-,-,Active,,https://www.digikey.com/en/products/detail/rochester-electronics-llc/SN700059N/12128135,,,,,,,,,,*,,,
SN700472DR,Texas Instruments,4-BIT SYNC BINARY COUNTER,pmic-gate-drivers,40000,0.6,-,-,Active,,https://www.digikey.com/en/products/detail/rochester-electronics-llc/SN700472DR/12128016,,,,,,,,,,*,,,
SN700473DR,Texas Instruments,4-BIT SYNC BINARY COUNTER,pmic-gate-drivers,27500,0.6,-,-,Active,,https://www.digikey.com/en/products/detail/rochester-electronics-llc/SN700473DR/12138139,,,,,,,,,,*,,,
SN700474DR,Texas Instruments,4-BIT SYNC BINARY COUNTER,pmic-gate-drivers,17500,0.6,-,-,Active,,https://www.digikey.com/en/products/detail/rochester-electronics-llc/SN700474DR/12138108,,,,,,,,,,*,,,
SN72438N,Texas Instruments,SYNC UP/DOWN BINARY COUNT,pmic-gate-drivers,5950,0.35,-,-,Active,,https://www.digikey.com/en/products/detail/rochester-electronics-llc/SN72438N/12135358,,,,,,,,,,*,,,
SN72456N,Texas Instruments,4-BIT BINARY COUNTER,pmic-gate-drivers,4375,0.31,-,-,Active,,https://www.digikey.com/en/products/detail/rochester-electronics-llc/SN72456N/12130571,,,,,,,,,,*,,,
SN72488N,Texas Instruments,BINARY COUNTER W/ OP REGI,pmic-gate-drivers,5825,3.24,-,-,Active,,https://www.digikey.com/en/products/detail/rochester-electronics-llc/SN72488N/12135535,,,,,,,,,,*,,,
SN74161D,Texas Instruments,DECADE COUNTER,pmic-gate-drivers,296,1.89,"16-SOIC (0.154"", 3.90mm Width)",Surface Mount,Active,https://rocelec.widen.net/view/pdf/c1byj5rskr/TXIIS218938-1.pdf?t.download=true&u=5oefqw,https://www.digikey.com/en/products/detail/rochester-electronics-llc/SN74161D/12129178,32 MHz,Up,,Binary Counter,4,1,0°C ~ 70°C (TA),,Asynchronous,,Synchronous,Positive Edge,4.75 V ~ 5.25 V
SN74162N,Texas Instruments,"DECADE COUNTER, SYNCHRONOUS",pmic-gate-drivers,1348,1.74,-,-,Active,https://rocelec.widen.net/view/pdf/cxnpagrlgh/TXIIS128382-1.pdf?t.download=true&u=5oefqw,https://www.digikey.com/en/products/detail/rochester-electronics-llc/SN74162N/12130385,,,,,,,,,,*,,,
SN74196N,Texas Instruments,"DECADE COUNTER, ASYNCHRONOUS",pmic-gate-drivers,3330,1.29,-,-,Active,https://www.ti.com/lit/ds/sdls077a/sdls077a.pdf,https://www.digikey.com/en/products/detail/rochester-electronics-llc/SN74196N/12129176,,,,,,,,,,*,,,
SN74293N,Texas Instruments,BINARY COUNTER,pmic-gate-drivers,404,2.0,-,-,Active,https://rocelec.widen.net/view/pdf/cgbaltnsau/TXIIS96454-1.pdf?t.download=true&u=5oefqw,https://www.digikey.com/en/products/detail/rochester-electronics-llc/SN74293N/12129119,,,,,,,,,,*,,,
SN74393N,Texas Instruments,BINARY COUNTER,pmic-gate-drivers,1752,2.88,-,-,Active,https://www.ti.com/lit/ds/sdls107/sdls107.pdf,https://www.digikey.com/en/products/detail/rochester-electronics-llc/SN74393N/12131918,,,,,,,,,,*,,,
SN7497N3,Texas Instruments,BINARY COUNTER,pmic-gate-drivers,192,2.51,-,-,Active,https://www.ti.com/lit/ds/symlink/sn5497.pdf,https://www.digikey.com/en/products/detail/rochester-electronics-llc/SN7497N3/12132445,,,,,,,,,,*,,,
SN74ALS161BD,Texas Instruments,IC BINARY COUNTER 4-BIT 16SOIC,pmic-gate-drivers,387,1.33,"16-SOIC (0.154"", 3.90mm Width)",Surface Mount,Obsolete,,https://www.digikey.com/en/products/detail/texas-instruments/SN74ALS161BD/374126,40 MHz,Up,,Binary Counter,4,1,0°C ~ 70°C,,Asynchronous,74ALS,Synchronous,Positive Edge,4.5 V ~ 5.5 V
SN74ALS161BDR,Texas Instruments,IC BINARY COUNTER 4-BIT 16SOIC,pmic-gate-drivers,523,1.6,"16-SOIC (0.154"", 3.90mm Width)",Surface Mount,Active,,https://www.digikey.com/en/products/detail/texas-instruments/SN74ALS161BDR/1567538,40 MHz,Up,,Binary Counter,4,1,0°C ~ 70°C,,Asynchronous,74ALS,Synchronous,Positive Edge,4.5 V ~ 5.5 V
SN74ALS161BDRE4,Texas Instruments,IC BINARY COUNTER 4-BIT 16SOIC,pmic-gate-drivers,0,0.48525,"16-SOIC (0.154"", 3.90mm Width)",Surface Mount,Discontinued at DigiKey,,https://www.digikey.com/en/products/detail/texas-instruments/SN74ALS161BDRE4/1567539,40 MHz,Up,,Binary Counter,4,1,0°C ~ 70°C,,Asynchronous,74ALS,Synchronous,Positive Edge,4.5 V ~ 5.5 V
SN74ALS161BN,Texas Instruments,IC BINARY COUNTER 4-BIT 16DIP,pmic-gate-drivers,482,1.97,"16-DIP (0.300"", 7.62mm)",Through Hole,Active,,https://www.digikey.com/en/products/detail/texas-instruments/SN74ALS161BN/277133,40 MHz,Up,,Binary Counter,4,1,0°C ~ 70°C,,Asynchronous,74ALS,Synchronous,Positive Edge,4.5 V ~ 5.5 V
SN74ALS161BNS,Texas Instruments,IC COUNTER DEC/BIN 4BIT 16SO,pmic-gate-drivers,5300,0.78,-,-,Active,https://www.ti.com/lit/ds/symlink/sn54als161b.pdf,https://www.digikey.com/en/products/detail/rochester-electronics-llc/SN74ALS161BNS/12132351,,,,,,,,,,*,,,
SN74ALS162BD,Texas Instruments,"DECADE COUNTER, ALS SERIES",pmic-gate-drivers,1629,1.04,-,-,Active,https://rocelec.widen.net/view/pdf/8fype13mi0/TXIIS16768-1.pdf?t.download=true&u=5oefqw,https://www.digikey.com/en/products/detail/rochester-electronics-llc/SN74ALS162BD/12137895,,,,,,,,,,*,,,
SN74ALS162BN,Texas Instruments,"DECADE COUNTER, ALS SERIES",pmic-gate-drivers,6595,1.58,-,-,Active,https://rocelec.widen.net/view/pdf/bfsnknl0ww/TXIIS98314-1.pdf?t.download=true&u=5oefqw,https://www.digikey.com/en/products/detail/rochester-electronics-llc/SN74ALS162BN/12125003,,,,,,,,,,*,,,
SN74ALS163BD,Texas Instruments,IC BINARY COUNTER 4-BIT 16SOIC,pmic-gate-drivers,638,1.33,"16-SOIC (0.154"", 3.90mm Width)",Surface Mount,Obsolete,,https://www.digikey.com/en/products/detail/texas-instruments/SN74ALS163BD/1567543,40 MHz,Up,,Binary Counter,4,1,0°C ~ 70°C,,Synchronous,74ALS,Synchronous,Positive Edge,4.5 V ~ 5.5 V
SN74ALS163BDBR,Texas Instruments,IC BINARY COUNTER 4-BIT 16SSOP,pmic-gate-drivers,4000,0.86,"16-SSOP (0.209"", 5.30mm Width)",Surface Mount,Obsolete,,https://www.digikey.com/en/products/detail/texas-instruments/SN74ALS163BDBR/11515222,40 MHz,Up,,Binary Counter,4,1,0°C ~ 70°C,,Synchronous,74ALS,Synchronous,Positive Edge,4.5 V ~ 5.5 V
SN74ALS163BDR,Texas Instruments,IC BINARY COUNTER 4-BIT 16SOIC,pmic-gate-drivers,0,0.86702,"16-SOIC (0.154"", 3.90mm Width)",Surface Mount,Active,,https://www.digikey.com/en/products/detail/texas-instruments/SN74ALS163BDR/1567547,40 MHz,Up,,Binary Counter,4,1,0°C ~ 70°C,,Synchronous,74ALS,Synchronous,Positive Edge,4.5 V ~ 5.5 V
SN74ALS163BDRE4,Texas Instruments,IC BINARY COUNTER 4-BIT 16SOIC,pmic-gate-drivers,0,0.48525,"16-SOIC (0.154"", 3.90mm Width)",Surface Mount,Discontinued at DigiKey,,https://www.digikey.com/en/products/detail/texas-instruments/SN74ALS163BDRE4/1567548,40 MHz,Up,,Binary Counter,4,1,0°C ~ 70°C,,Synchronous,74ALS,Synchronous,Positive Edge,4.5 V ~ 5.5 V
SN74ALS163BN,Texas Instruments,IC BINARY COUNTER 4-BIT 16DIP,pmic-gate-drivers,594,1.95,"16-DIP (0.300"", 7.62mm)",Through Hole,Active,,https://www.digikey.com/en/products/detail/texas-instruments/SN74ALS163BN/277134,40 MHz,Up,,Binary Counter,4,1,0°C ~ 70°C,,Synchronous,74ALS,Synchronous,Positive Edge,4.5 V ~ 5.5 V
SN74ALS163BN3,Texas Instruments,"BINARY COUNTER, ALS SERIES",pmic-gate-drivers,4440,0.83,-,-,Active,https://www.ti.com/lit/ds/sdas276a/sdas276a.pdf,https://www.digikey.com/en/products/detail/rochester-electronics-llc/SN74ALS163BN3/12132623,,,,,,,,,,*,,,
SN74ALS163BNS,Texas Instruments,IC COUNTER DEC/BIN 4BIT 16SO,pmic-gate-drivers,1050,0.86,-,-,Active,https://www.ti.com/lit/ds/symlink/sn54als161b.pdf,https://www.digikey.com/en/products/detail/rochester-electronics-llc/SN74ALS163BNS/13474215,,,,,,,,,,*,,,
SN74ALS163BNSR,Texas Instruments,IC BINARY COUNTER 4-BIT 16SO,pmic-gate-drivers,0,1.09956,"16-SOIC (0.209"", 5.30mm Width)",Surface Mount,Active,,https://www.digikey.com/en/products/detail/texas-instruments/SN74ALS163BNSR/1567550,40 MHz,Up,,Binary Counter,4,1,0°C ~ 70°C,,Synchronous,74ALS,Synchronous,Positive Edge,4.5 V ~ 5.5 V
SN74ALS169BD,Texas Instruments,IC BINARY COUNTER 4-BIT 16SOIC,pmic-gate-drivers,240,2.35,"16-SOIC (0.154"", 3.90mm Width)",Surface Mount,Obsolete,,https://www.digikey.com/en/products/detail/texas-instruments/SN74ALS169BD/1567580,40 MHz,"Up, Down",,Binary Counter,4,1,0°C ~ 70°C,,,74ALS,Synchronous,Positive Edge,4.5 V ~ 5.5 V
SN74ALS169BN,Texas Instruments,IC BINARY COUNTER 4-BIT 16DIP,pmic-gate-drivers,539,3.5,"16-DIP (0.300"", 7.62mm)",Through Hole,Active,,https://www.digikey.com/en/products/detail/texas-instruments/SN74ALS169BN/1567584,40 MHz,"Up, Down",,Binary Counter,4,1,0°C ~ 70°C,,,74ALS,Synchronous,Positive Edge,4.5 V ~ 5.5 V
SN74ALS169BNS,Texas Instruments,IC SYNC 4BIT BINARY COUNTR 16SO,pmic-gate-drivers,427,1.34,-,-,Active,https://www.ti.com/lit/ds/symlink/sn54als169b.pdf,https://www.digikey.com/en/products/detail/rochester-electronics-llc/SN74ALS169BNS/13529635,,,,,,,,,,*,,,
SN74ALS169BNSR,Texas Instruments,IC BINARY COUNTER 4-BIT 16SO,pmic-gate-drivers,0,2.11904,"16-SOIC (0.209"", 5.30mm Width)",Surface Mount,Active,,https://www.digikey.com/en/products/detail/texas-instruments/SN74ALS169BNSR/484708,40 MHz,"Up, Down",,Binary Counter,4,1,0°C ~ 70°C,,,74ALS,Synchronous,Positive Edge,4.5 V ~ 5.5 V
SN74ALS191AD,Texas Instruments,IC BINARY COUNTER 4-BIT 16SOIC,pmic-gate-drivers,0,2.88925,"16-SOIC (0.154"", 3.90mm Width)",Surface Mount,Obsolete,https://www.ti.com/lit/ds/sdas210c/sdas210c.pdf,https://www.digikey.com/en/products/detail/texas-instruments/SN74ALS191AD/1567601,30 MHz,"Up, Down",,Binary Counter,4,1,0°C ~ 70°C,,,74ALS,Synchronous,Positive Edge,4.5 V ~ 5.5 V
SN74ALS191ADR,Texas Instruments,IC BINARY COUNTER 4-BIT 16SOIC,pmic-gate-drivers,0,2.541,"16-SOIC (0.154"", 3.90mm Width)",Surface Mount,Active,,https://www.digikey.com/en/products/detail/texas-instruments/SN74ALS191ADR/1567603,30 MHz,"Up, Down",,Binary Counter,4,1,0°C ~ 70°C,,,74ALS,Synchronous,Positive Edge,4.5 V ~ 5.5 V
SN74ALS191AN,Texas Instruments,IC BINARY COUNTER 4-BIT 16DIP,pmic-gate-drivers,0,3.17701,"16-DIP (0.300"", 7.62mm)",Through Hole,Active,https://www.ti.com/lit/ds/sdas210c/sdas210c.pdf,https://www.digikey.com/en/products/detail/texas-instruments/SN74ALS191AN/374142,30 MHz,"Up, Down",,Binary Counter,4,1,0°C ~ 70°C,,,74ALS,Synchronous,Positive Edge,4.5 V ~ 5.5 V
SN74ALS191ANS,Texas Instruments,IC COUNTER BIN 4BIT U/D 16SO,pmic-gate-drivers,19589,1.36,-,-,Active,https://rocelec.widen.net/view/pdf/kuippratil/TXIIS101220-1.pdf?t.download=true&u=5oefqw,https://www.digikey.com/en/products/detail/rochester-electronics-llc/SN74ALS191ANS/12131994,,,,,,,,,,*,,,
SN74ALS191ANSR,Texas Instruments,IC BINARY COUNTER 4-BIT 16SO,pmic-gate-drivers,0,1.38706,"16-SOIC (0.209"", 5.30mm Width)",Surface Mount,Obsolete,https://www.ti.com/lit/ds/sdas210c/sdas210c.pdf,https://www.digikey.com/en/products/detail/texas-instruments/SN74ALS191ANSR/1567606,30 MHz,"Up, Down",,Binary Counter,4,1,0°C ~ 70°C,,,74ALS,Synchronous,Positive Edge,4.5 V ~ 5.5 V
SN74ALS193AD,Texas Instruments,IC BINARY COUNTER 4-BIT 16SOIC,pmic-gate-drivers,0,3.06923,"16-SOIC (0.154"", 3.90mm Width)",Surface Mount,Active,https://www.ti.com/lit/ds/sdas211c/sdas211c.pdf,https://www.digikey.com/en/products/detail/texas-instruments/SN74ALS193AD/374129,30 MHz,"Up, Down",,Binary Counter,4,1,0°C ~ 70°C,,Asynchronous,74ALS,Synchronous,Positive Edge,4.5 V ~ 5.5 V
SN74ALS193ADR,Texas Instruments,IC BINARY COUNTER 4-BIT 16SOIC,pmic-gate-drivers,0,1.3769,"16-SOIC (0.154"", 3.90mm Width)",Surface Mount,Obsolete,https://www.ti.com/lit/ds/sdas211c/sdas211c.pdf,https://www.digikey.com/en/products/detail/texas-instruments/SN74ALS193ADR/1567609,30 MHz,"Up, Down",,Binary Counter,4,1,0°C ~ 70°C,,Asynchronous,74ALS,Synchronous,Positive Edge,4.5 V ~ 5.5 V
SN74ALS193AN,Texas Instruments,IC BINARY COUNTER 4-BIT 16DIP,pmic-gate-drivers,0,3.99015,"16-DIP (0.300"", 7.62mm)",Through Hole,Active,https://www.ti.com/lit/ds/sdas211c/sdas211c.pdf,https://www.digikey.com/en/products/detail/texas-instruments/SN74ALS193AN/556061,30 MHz,"Up, Down",,Binary Counter,4,1,0°C ~ 70°C,,Asynchronous,74ALS,Synchronous,Positive Edge,4.5 V ~ 5.5 V
SN74ALS193ANS,Texas Instruments,IC COUNTER BIN 4BIT U/D 16SO,pmic-gate-drivers,6050,1.71,-,-,Active,https://rocelec.widen.net/view/pdf/71y4oebmsx/TXIIS237755-1.pdf?t.download=true&u=5oefqw,https://www.digikey.com/en/products/detail/rochester-electronics-llc/SN74ALS193ANS/13486995,,,,,,,,,,*,,,
SN74ALS193ANSR,Texas Instruments,IC BINARY COUNTER 4-BIT 16SO,pmic-gate-drivers,4000,1.89,"16-SOIC (0.209"", 5.30mm Width)",Surface Mount,Discontinued at DigiKey,https://www.ti.com/lit/ds/sdas211c/sdas211c.pdf,https://www.digikey.com/en/products/detail/texas-instruments/SN74ALS193ANSR/11559657,30 MHz,"Up, Down",,Binary Counter,4,1,0°C ~ 70°C,,Asynchronous,74ALS,Synchronous,Positive Edge,4.5 V ~ 5.5 V
SN74ALS193N,Texas Instruments,"BINARY COUNTER, ALS SERIES",pmic-gate-drivers,3255,0.68,-,-,Active,https://rocelec.widen.net/view/pdf/x1af5bapuj/TXIIS145661-1.pdf?t.download=true&u=5oefqw,https://www.digikey.com/en/products/detail/rochester-electronics-llc/SN74ALS193N/12125165,,,,,,,,,,*,,,
SN74ALS561ADW,Texas Instruments,IC BINARY COUNTER 4-BIT 20SOIC,pmic-gate-drivers,0,2.7052,"20-SOIC (0.295"", 7.50mm Width)",Surface Mount,Obsolete,,https://www.digikey.com/en/products/detail/texas-instruments/SN74ALS561ADW/1567897,30 MHz,Down,,Binary Counter,4,1,0°C ~ 70°C,,Asynchronous/Synchronous,74ALS,Synchronous,Positive Edge,4.5 V ~ 5.5 V
SN74ALS561ADWR,Texas Instruments,IC BINARY COUNTER 4-BIT 20SOIC,pmic-gate-drivers,0,2.46305,"20-SOIC (0.295"", 7.50mm Width)",Surface Mount,Obsolete,,https://www.digikey.com/en/products/detail/texas-instruments/SN74ALS561ADWR/1567899,30 MHz,Down,,Binary Counter,4,1,0°C ~ 70°C,,Asynchronous/Synchronous,74ALS,Synchronous,Positive Edge,4.5 V ~ 5.5 V
SN74ALS561AN,Texas Instruments,IC BINARY COUNTER 4-BIT 20DIP,pmic-gate-drivers,0,6.15075,"20-DIP (0.300"", 7.62mm)",Through Hole,Active,,https://www.digikey.com/en/products/detail/texas-instruments/SN74ALS561AN/1567901,30 MHz,Down,,Binary Counter,4,1,0°C ~ 70°C,,Asynchronous/Synchronous,74ALS,Synchronous,Positive Edge,4.5 V ~ 5.5 V
SN74ALS561ANE4,Texas Instruments,SN74ALS561A SYNCHRONOUS 4-BIT BI,pmic-gate-drivers,109,5.49,-,-,Active,https://www.ti.com/lit/ds/symlink/sn74als561a.pdf,https://www.digikey.com/en/products/detail/rochester-electronics-llc/SN74ALS561ANE4/13524613,,,,,,,,,,*,,,
SN74ALS561ANS,Texas Instruments,COUNTER SINGLE 4-BIT BINARY UP/D,pmic-gate-drivers,160,3.74,-,-,Active,https://www.ti.com/lit/ds/symlink/sn74als561a.pdf,https://www.digikey.com/en/products/detail/rochester-electronics-llc/SN74ALS561ANS/13445893,,,,,,,,,,*,,,
SN74ALS568AN,Texas Instruments,"DECADE COUNTER, ALS SERIES",pmic-gate-drivers,793,3.43,-,-,Active,https://rocelec.widen.net/view/pdf/g5h0m5snxp/TXII-S-A0002515913-1.pdf?t.download=true&u=5oefqw,https://www.digikey.com/en/products/detail/rochester-electronics-llc/SN74ALS568AN/12133720,,,,,,,,,,*,,,
SN74ALS569ADW,Texas Instruments,IC BINARY COUNTER 4-BIT 20SOIC,pmic-gate-drivers,0,2.7052,"20-SOIC (0.295"", 7.50mm Width)",Surface Mount,Obsolete,,https://www.digikey.com/en/products/detail/texas-instruments/SN74ALS569ADW/1567917,30 MHz,"Up, Down",,Binary Counter,4,1,0°C ~ 70°C,,Asynchronous/Synchronous,74ALS,Synchronous,Positive Edge,4.5 V ~ 5.5 V
SN74ALS569ADWR,Texas Instruments,IC BINARY COUNTER 4-BIT 20SOIC,pmic-gate-drivers,0,4.78478,"20-SOIC (0.295"", 7.50mm Width)",Surface Mount,Active,,https://www.digikey.com/en/products/detail/texas-instruments/SN74ALS569ADWR/1567919,30 MHz,"Up, Down",,Binary Counter,4,1,0°C ~ 70°C,,Asynchronous/Synchronous,74ALS,Synchronous,Positive Edge,4.5 V ~ 5.5 V
SN74ALS569AN,Texas Instruments,IC BINARY COUNTER 4-BIT 20DIP,pmic-gate-drivers,0,6.22005,"20-DIP (0.300"", 7.62mm)",Through Hole,Active,,https://www.digikey.com/en/products/detail/texas-instruments/SN74ALS569AN/1567921,30 MHz,"Up, Down",,Binary Counter,4,1,0°C ~ 70°C,,Asynchronous/Synchronous,74ALS,Synchronous,Positive Edge,4.5 V ~ 5.5 V
SN74ALS569ANS,Texas Instruments,IC COUNTER SYNCH 4BIT U/D 20SO,pmic-gate-drivers,2400,4.16,-,-,Active,https://www.ti.com/lit/ds/symlink/sn54als569a.pdf,https://www.digikey.com/en/products/detail/rochester-electronics-llc/SN74ALS569ANS/13453445,,,,,,,,,,*,,,
SN74ALS8163NT,Texas Instruments,"DECADE COUNTER, TTL",pmic-gate-drivers,4373,1.83,-,-,Active,,https://www.digikey.com/en/products/detail/rochester-electronics-llc/SN74ALS8163NT/12135033,,,,,,,,,,*,,,
SN74ALS867ADW,Texas Instruments,IC BINARY COUNTER 8-BIT 24SOIC,pmic-gate-drivers,17,20.81,"24-SOIC (0.295"", 7.50mm Width)",Surface Mount,Active,https://www.ti.com/lit/ds/sdas115c/sdas115c.pdf,https://www.digikey.com/en/products/detail/texas-instruments/SN74ALS867ADW/374153,35 MHz,"Up, Down",,Binary Counter,8,1,0°C ~ 70°C,,Asynchronous,74ALS,Synchronous,Positive Edge,4.5 V ~ 5.5 V
SN74ALS867ADWR,Texas Instruments,IC BINARY COUNTER 8-BIT 24SOIC,pmic-gate-drivers,0,6.1503,"24-SOIC (0.295"", 7.50mm Width)",Surface Mount,Obsolete,https://www.ti.com/lit/ds/sdas115c/sdas115c.pdf,https://www.digikey.com/en/products/detail/texas-instruments/SN74ALS867ADWR/1568170,35 MHz,"Up, Down",,Binary Counter,8,1,0°C ~ 70°C,,Asynchronous,74ALS,Synchronous,Positive Edge,4.5 V ~ 5.5 V
SN74ALS867ANT,Texas Instruments,IC BINARY COUNTER 8-BIT 24DIP,pmic-gate-drivers,0,8.44,"24-DIP (0.300"", 7.62mm)",Through Hole,Obsolete,https://www.ti.com/lit/ds/sdas115c/sdas115c.pdf,https://www.digikey.com/en/products/detail/texas-instruments/SN74ALS867ANT/374100,35 MHz,"Up, Down",,Binary Counter,8,1,0°C ~ 70°C,,Asynchronous,74ALS,Synchronous,Positive Edge,4.5 V ~ 5.5 V
SN74ALS869DW,Texas Instruments,IC BINARY COUNTER 8-BIT 24SOIC,pmic-gate-drivers,96,17.61,"24-SOIC (0.295"", 7.50mm Width)",Surface Mount,Active,https://www.ti.com/lit/ds/sdas115c/sdas115c.pdf,https://www.digikey.com/en/products/detail/texas-instruments/SN74ALS869DW/374151,35 MHz,"Up, Down",,Binary Counter,8,1,0°C ~ 70°C,,Synchronous,74ALS,Synchronous,Positive Edge,4.5 V ~ 5.5 V
SN74ALS869NT,Texas Instruments,IC BINARY COUNTER 8-BIT 24DIP,pmic-gate-drivers,0,7.91,"24-DIP (0.300"", 7.62mm)",Through Hole,Obsolete,https://www.ti.com/lit/ds/sdas115c/sdas115c.pdf,https://www.digikey.com/en/products/detail/texas-instruments/SN74ALS869NT/374106,35 MHz,"Up, Down",,Binary Counter,8,1,0°C ~ 70°C,,Synchronous,74ALS,Synchronous,Positive Edge,4.5 V ~ 5.5 V
SN74AS161D,Texas Instruments,IC BINARY COUNTER 4-BIT 16SOIC,pmic-gate-drivers,0,2.15465,"16-SOIC (0.154"", 3.90mm Width)",Surface Mount,Obsolete,,https://www.digikey.com/en/products/detail/texas-instruments/SN74AS161D/1568537,40 MHz,Up,,Binary Counter,4,1,0°C ~ 70°C,,Asynchronous,74AS,Synchronous,Positive Edge,4.5 V ~ 5.5 V
SN74AS161DR,Texas Instruments,IC BINARY COUNTER 4-BIT 16SOIC,pmic-gate-drivers,0,1.76605,"16-SOIC (0.154"", 3.90mm Width)",Surface Mount,Obsolete,,https://www.digikey.com/en/products/detail/texas-instruments/SN74AS161DR/1568539,40 MHz,Up,,Binary Counter,4,1,0°C ~ 70°C,,Asynchronous,74AS,Synchronous,Positive Edge,4.5 V ~ 5.5 V
SN74AS161N,Texas Instruments,IC BINARY COUNTER 4-BIT 16DIP,pmic-gate-drivers,236,8.06,"16-DIP (0.300"", 7.62mm)",Through Hole,Active,,https://www.digikey.com/en/products/detail/texas-instruments/SN74AS161N/378218,40 MHz,Up,,Binary Counter,4,1,0°C ~ 70°C,,Asynchronous,74AS,Synchronous,Positive Edge,4.5 V ~ 5.5 V
SN74AS161NS,Texas Instruments,IC COUNTER BIN SYNC 4BIT 16SO,pmic-gate-drivers,1500,2.51,-,-,Active,https://rocelec.widen.net/view/pdf/4iztpmdxbc/FAIRS01728-1.pdf?t.download=true&u=5oefqw,https://www.digikey.com/en/products/detail/rochester-electronics-llc/SN74AS161NS/13528459,,,,,,,,,,*,,,
SN74AS161NSR,Texas Instruments,IC BINARY COUNTER 4-BIT 16SO,pmic-gate-drivers,0,4.73704,"16-SOIC (0.209"", 5.30mm Width)",Surface Mount,Active,,https://www.digikey.com/en/products/detail/texas-instruments/SN74AS161NSR/1568542,40 MHz,Up,,Binary Counter,4,1,0°C ~ 70°C,,Asynchronous,74AS,Synchronous,Positive Edge,4.5 V ~ 5.5 V
SN74AS163D,Texas Instruments,IC BINARY COUNTER 4-BIT 16SOIC,pmic-gate-drivers,0,3.92238,"16-SOIC (0.154"", 3.90mm Width)",Surface Mount,Active,,https://www.digikey.com/en/products/detail/texas-instruments/SN74AS163D/1568544,40 MHz,Up,,Binary Counter,4,1,0°C ~ 70°C,,Synchronous,74AS,Synchronous,Positive Edge,4.5 V ~ 5.5 V
SN74AS163N,Texas Instruments,IC BINARY COUNTER 4-BIT 16DIP,pmic-gate-drivers,0,5.09893,"16-DIP (0.300"", 7.62mm)",Through Hole,Active,,https://www.digikey.com/en/products/detail/texas-instruments/SN74AS163N/378217,40 MHz,Up,,Binary Counter,4,1,0°C ~ 70°C,,Synchronous,74AS,Synchronous,Positive Edge,4.5 V ~ 5.5 V
SN74AS163NS,Texas Instruments,IC COUNTER BIN SYNC 4BIT 16SO,pmic-gate-drivers,3450,3.01,-,-,Active,https://rocelec.widen.net/view/pdf/2sbfnheptl/TXIIS101216-1.pdf?t.download=true&u=5oefqw,https://www.digikey.com/en/products/detail/rochester-electronics-llc/SN74AS163NS/13499033,,,,,,,,,,*,,,
SN74AS163NSR,Texas Instruments,IC BINARY COUNTER 4-BIT 16SO,pmic-gate-drivers,0,1.79197,"16-SOIC (0.209"", 5.30mm Width)",Surface Mount,Obsolete,,https://www.digikey.com/en/products/detail/texas-instruments/SN74AS163NSR/1568549,40 MHz,Up,,Binary Counter,4,1,0°C ~ 70°C,,Synchronous,74AS,Synchronous,Positive Edge,4.5 V ~ 5.5 V
SN74AS169AD,Texas Instruments,IC BINARY COUNTER 4-BIT 16SOIC,pmic-gate-drivers,1506,3.76,"16-SOIC (0.154"", 3.90mm Width)",Surface Mount,Obsolete,,https://www.digikey.com/en/products/detail/texas-instruments/SN74AS169AD/11545079,75 MHz,"Up, Down",,Binary Counter,4,1,0°C ~ 70°C,,,74AS,Synchronous,Positive Edge,4.5 V ~ 5.5 V
SN74AS169ADR,Texas Instruments,IC BINARY COUNTER 4-BIT 16SOIC,pmic-gate-drivers,0,2.60646,"16-SOIC (0.154"", 3.90mm Width)",Surface Mount,Obsolete,,https://www.digikey.com/en/products/detail/texas-instruments/SN74AS169ADR/1568552,75 MHz,"Up, Down",,Binary Counter,4,1,0°C ~ 70°C,,,74AS,Synchronous,Positive Edge,4.5 V ~ 5.5 V
SN74AS169AN,Texas Instruments,IC BINARY COUNTER 4-BIT 16DIP,pmic-gate-drivers,0,6.5789,"16-DIP (0.300"", 7.62mm)",Through Hole,Active,,https://www.digikey.com/en/products/detail/texas-instruments/SN74AS169AN/378228,75 MHz,"Up, Down",,Binary Counter,4,1,0°C ~ 70°C,,,74AS,Synchronous,Positive Edge,4.5 V ~ 5.5 V
SN74AS169ANS,Texas Instruments,COUNTER SINGLE 4-BIT,pmic-gate-drivers,6020,3.76,-,-,Active,https://rocelec.widen.net/view/pdf/vq2ojopcb0/TXII-S-A0002516582-1.pdf?t.download=true&u=5oefqw,https://www.digikey.com/en/products/detail/rochester-electronics-llc/SN74AS169ANS/12130646,,,,,,,,,,*,,,
SN74AS867DW,Texas Instruments,IC SYNC UP/DN COUNTER 24-SOIC,pmic-gate-drivers,3636,10.69,"24-SOIC (0.295"", 7.50mm Width)",Surface Mount,Obsolete,https://www.ti.com/lit/ds/sdas115c/sdas115c.pdf,https://www.digikey.com/en/products/detail/texas-instruments/SN74AS867DW/13485110,50 MHz,"Up, Down",,Binary Counter,8,1,0°C ~ 70°C,,Asynchronous,74AS,Synchronous,Positive Edge,4.5 V ~ 5.5 V
SN74AS867DWE4,Texas Instruments,IC COUNTER 8BIT SYNC U/D 24-SOIC,pmic-gate-drivers,72,10.69,"24-SOIC (0.295"", 7.50mm Width)",Surface Mount,Active,https://www.ti.com/lit/ds/sdas115c/sdas115c.pdf,https://www.digikey.com/en/products/detail/texas-instruments/SN74AS867DWE4/11542550,50 MHz,"Up, Down",,Binary Counter,8,1,0°C ~ 70°C,,Asynchronous,74AS,Synchronous,Positive Edge,4.5 V ~ 5.5 V
SN74AS867DWR,Texas Instruments,IC BINARY COUNTER 8-BIT 24SOIC,pmic-gate-drivers,0,5.56992,"24-SOIC (0.295"", 7.50mm Width)",Surface Mount,Obsolete,https://www.ti.com/lit/ds/sdas115c/sdas115c.pdf,https://www.digikey.com/en/products/detail/texas-instruments/SN74AS867DWR/1568824,50 MHz,"Up, Down",,Binary Counter,8,1,0°C ~ 70°C,,Asynchronous,74AS,Synchronous,Positive Edge,4.5 V ~ 5.5 V
SN74AS867FN,Texas Instruments,BINARY COUNTER,pmic-gate-drivers,850,6.66,-,-,Active,https://rocelec.widen.net/view/pdf/tljjzsnoin/TXIIS141179-1.pdf?t.download=true&u=5oefqw,https://www.digikey.com/en/products/detail/rochester-electronics-llc/SN74AS867FN/12130927,,,,,,,,,,*,,,
SN74AS867NT,Texas Instruments,IC BINARY COUNTER 8-BIT 24DIP,pmic-gate-drivers,0,7.2,"24-DIP (0.300"", 7.62mm)",Through Hole,Obsolete,https://www.ti.com/lit/ds/sdas115c/sdas115c.pdf,https://www.digikey.com/en/products/detail/texas-instruments/SN74AS867NT/378203,50 MHz,"Up, Down",,Binary Counter,8,1,0°C ~ 70°C,,Asynchronous,74AS,Synchronous,Positive Edge,4.5 V ~ 5.5 V
SN74AS869DW,Texas Instruments,IC BINARY COUNTER 8-BIT 24SOIC,pmic-gate-drivers,0,10.6298,"24-SOIC (0.295"", 7.50mm Width)",Surface Mount,Obsolete,https://www.ti.com/lit/ds/sdas115c/sdas115c.pdf,https://www.digikey.com/en/products/detail/texas-instruments/SN74AS869DW/1568827,45 MHz,"Up, Down",,Binary Counter,8,1,0°C ~ 70°C,,Synchronous,74AS,Synchronous,Positive Edge,4.5 V ~ 5.5 V
SN74AS869NT,Texas Instruments,IC BINARY COUNTER 8-BIT 24DIP,pmic-gate-drivers,0,7.2,"24-DIP (0.300"", 7.62mm)",Through Hole,Obsolete,https://www.ti.com/lit/ds/sdas115c/sdas115c.pdf,https://www.digikey.com/en/products/detail/texas-instruments/SN74AS869NT/1568831,45 MHz,"Up, Down",,Binary Counter,8,1,0°C ~ 70°C,,Synchronous,74AS,Synchronous,Positive Edge,4.5 V ~ 5.5 V
SN74F161AD,Texas Instruments,IC BINARY COUNTER 4-BIT 16SOIC,pmic-gate-drivers,540,1.23,"16-SOIC (0.154"", 3.90mm Width)",Surface Mount,Obsolete,,https://www.digikey.com/en/products/detail/texas-instruments/SN74F161AD/373684,100 MHz,Up,,Binary Counter,4,1,0°C ~ 70°C,,Asynchronous,74F,Synchronous,Positive Edge,4.5 V ~ 5.5 V
SN74F161ADR,Texas Instruments,IC BINARY COUNTER 4-BIT 16SOIC,pmic-gate-drivers,6313,0.91,"16-SOIC (0.154"", 3.90mm Width)",Surface Mount,Active,,https://www.digikey.com/en/products/detail/texas-instruments/SN74F161ADR/562869,100 MHz,Up,,Binary Counter,4,1,0°C ~ 70°C,,Asynchronous,74F,Synchronous,Positive Edge,4.5 V ~ 5.5 V
SN74F161AN,Texas Instruments,IC BINARY COUNTER 4-BIT 16DIP,pmic-gate-drivers,1380,1.1,"16-DIP (0.300"", 7.62mm)",Through Hole,Active,,https://www.digikey.com/en/products/detail/texas-instruments/SN74F161AN/373685,100 MHz,Up,,Binary Counter,4,1,0°C ~ 70°C,,Asynchronous,74F,Synchronous,Positive Edge,4.5 V ~ 5.5 V
SN74F161ANG4,Texas Instruments,IC BINARY COUNTER 4-BIT 16DIP,pmic-gate-drivers,0,0.30566,"16-DIP (0.300"", 7.62mm)",Through Hole,Discontinued at DigiKey,,https://www.digikey.com/en/products/detail/texas-instruments/SN74F161ANG4/1570122,100 MHz,Up,,Binary Counter,4,1,0°C ~ 70°C,,Asynchronous,74F,Synchronous,Positive Edge,4.5 V ~ 5.5 V
SN74F161ANSR,Texas Instruments,IC BINARY COUNTER 4-BIT 16SO,pmic-gate-drivers,1875,1.07,"16-SOIC (0.209"", 5.30mm Width)",Surface Mount,Active,,https://www.digikey.com/en/products/detail/texas-instruments/SN74F161ANSR/484878,100 MHz,Up,,Binary Counter,4,1,0°C ~ 70°C,,Asynchronous,74F,Synchronous,Positive Edge,4.5 V ~ 5.5 V
SN74F163AD,Texas Instruments,IC BINARY COUNTER 4-BIT 16SOIC,pmic-gate-drivers,917,1.19,"16-SOIC (0.154"", 3.90mm Width)",Surface Mount,Obsolete,https://www.ti.com/lit/ds/sdfs088a/sdfs088a.pdf,https://www.digikey.com/en/products/detail/texas-instruments/SN74F163AD/1570124,100 MHz,Up,,Binary Counter,4,1,0°C ~ 70°C,,Synchronous,74F,Synchronous,Positive Edge,4.5 V ~ 5.5 V
SN74F163ADR,Texas Instruments,IC BINARY COUNTER 4-BIT 16SOIC,pmic-gate-drivers,2355,0.82,"16-SOIC (0.154"", 3.90mm Width)",Surface Mount,Active,https://www.ti.com/lit/ds/sdfs088a/sdfs088a.pdf,https://www.digikey.com/en/products/detail/texas-instruments/SN74F163ADR/373686,100 MHz,Up,,Binary Counter,4,1,0°C ~ 70°C,,Synchronous,74F,Synchronous,Positive Edge,4.5 V ~ 5.5 V
SN74F163AN,Texas Instruments,IC BINARY COUNTER 4-BIT 16DIP,pmic-gate-drivers,901,1.38,"16-DIP (0.300"", 7.62mm)",Through Hole,Active,https://www.ti.com/lit/ds/sdfs088a/sdfs088a.pdf,https://www.digikey.com/en/products/detail/texas-instruments/SN74F163AN/562694,100 MHz,Up,,Binary Counter,4,1,0°C ~ 70°C,,Synchronous,74F,Synchronous,Positive Edge,4.5 V ~ 5.5 V
SN74F163ANE4,Texas Instruments,IC BINARY COUNTER 4-BIT 16DIP,pmic-gate-drivers,0,0.74382,"16-DIP (0.300"", 7.62mm)",Through Hole,Active,https://www.ti.com/lit/ds/symlink/sn74f163a.pdf?ts=1694797417216&ref_url=https%253A%252F%252Fwww.ti.com%252Fsitesearch%252Fen-us%252Fdocs%252Funiversalsearch.tsp%253FlangPref%253Den-US%2526searchTerm%253DSN74F163ANE4%2526nr%253D2,https://www.digikey.com/en/products/detail/texas-instruments/SN74F163ANE4/18159449,100 MHz,Up,,Binary Counter,4,1,0°C ~ 70°C (TA),,Synchronous,74F,Synchronous,Positive Edge,4.5 V ~ 5.5 V
SN74F163ANG4,Texas Instruments,IC BINARY COUNTER 4-BIT 16DIP,pmic-gate-drivers,0,0.28449,"16-DIP (0.300"", 7.62mm)",Through Hole,Discontinued at DigiKey,https://www.ti.com/lit/ds/sdfs088a/sdfs088a.pdf,https://www.digikey.com/en/products/detail/texas-instruments/SN74F163ANG4/1570129,100 MHz,Up,,Binary Counter,4,1,0°C ~ 70°C,,Synchronous,74F,Synchronous,Positive Edge,4.5 V ~ 5.5 V
SN74F163ANSR,Texas Instruments,IC BINARY COUNTER 4-BIT 16SO,pmic-gate-drivers,0,0.2452,"16-SOIC (0.209"", 5.30mm Width)",Surface Mount,Obsolete,https://www.ti.com/lit/ds/sdfs088a/sdfs088a.pdf,https://www.digikey.com/en/products/detail/texas-instruments/SN74F163ANSR/1570130,100 MHz,Up,,Binary Counter,4,1,0°C ~ 70°C,,Synchronous,74F,Synchronous,Positive Edge,4.5 V ~ 5.5 V
SN74F169D,Texas Instruments,IC COUNTER 4BIT BIN SYNC 16-SOIC,pmic-gate-drivers,12393,4.05,"16-SOIC (0.154"", 3.90mm Width)",Surface Mount,Obsolete,https://www.digikey.com//mm.digikey.com/Volume0/opasdata/d220001/medias/docus/1091/sn74f169.pdf,https://www.digikey.com/en/products/detail/texas-instruments/SN74F169D/11525618,100 MHz,"Up, Down",,Binary Counter,4,1,0°C ~ 70°C,,,74F,Synchronous,Positive Edge,4.5 V ~ 5.5 V
SN74F169N,Texas Instruments,IC BINARY COUNTER 4-BIT 16DIP,pmic-gate-drivers,0,4.05,"16-DIP (0.300"", 7.62mm)",Through Hole,Obsolete,https://www.digikey.com//mm.digikey.com/Volume0/opasdata/d220001/medias/docus/1091/sn74f169.pdf,https://www.digikey.com/en/products/detail/texas-instruments/SN74F169N/373688,100 MHz,"Up, Down",,Binary Counter,4,1,0°C ~ 70°C,,,74F,Synchronous,Positive Edge,4.5 V ~ 5.5 V
SN74F193AN,Texas Instruments,BINARY COUNTER,pmic-gate-drivers,12,25.0,-,-,Active,https://rocelec.widen.net/view/pdf/ljh3ccju9q/TXIIS123467-1.pdf?t.download=true&u=5oefqw,https://www.digikey.com/en/products/detail/rochester-electronics-llc/SN74F193AN/12120558,,,,,,,,,,*,,,
SN74HC161ANSR,Texas Instruments,IC BINARY COUNTER 4-BIT 16SO,pmic-gate-drivers,1994,0.8,"16-SOIC (0.209"", 5.30mm Width)",Surface Mount,Active,https://www.digikey.com//mm.digikey.com/Volume0/opasdata/d220001/medias/docus/1683/sn74hc161a.pdf,https://www.digikey.com/en/products/detail/texas-instruments/SN74HC161ANSR/9692744,36 MHz,Up,,Binary Counter,4,1,-40°C ~ 85°C (TA),,Asynchronous,74HC,Synchronous,Positive Edge,2 V ~ 6 V
SN74HC161APWR,Texas Instruments,IC BINARY COUNTER 4-BIT 16TSSOP,pmic-gate-drivers,1870,0.66,"16-TSSOP (0.173"", 4.40mm Width)",Surface Mount,Active,https://www.digikey.com//mm.digikey.com/Volume0/opasdata/d220001/medias/docus/1683/sn74hc161a.pdf,https://www.digikey.com/en/products/detail/texas-instruments/SN74HC161APWR/9692745,36 MHz,Up,,Binary Counter,4,1,-40°C ~ 85°C (TA),,Asynchronous,74HC,Synchronous,Positive Edge,2 V ~ 6 V
SN74HC161D,Texas Instruments,IC BINARY COUNTER 4-BIT 16SOIC,pmic-gate-drivers,0,1.26,"16-SOIC (0.154"", 3.90mm Width)",Surface Mount,Obsolete,,https://www.digikey.com/en/products/detail/texas-instruments/SN74HC161D/376953,36 MHz,Up,,Binary Counter,4,1,-40°C ~ 85°C,,Asynchronous,74HC,Synchronous,Positive Edge,2 V ~ 6 V
SN74HC161DBR,Texas Instruments,IC BINARY COUNTER 4-BIT 16SSOP,pmic-gate-drivers,4000,0.15,"16-SSOP (0.209"", 5.30mm Width)",Surface Mount,Active,https://rocelec.widen.net/view/pdf/zkkpjxquvt/TXIIS83947-1.pdf?t.download=true&u=5oefqw,https://www.digikey.com/en/products/detail/rochester-electronics-llc/SN74HC161DBR/12124904,36 MHz,Up,,Binary Counter,4,1,-40°C ~ 85°C,,Asynchronous,74HC,Synchronous,Positive Edge,2 V ~ 6 V
SN74HC161DR,Texas Instruments,IC BINARY COUNTER 4-BIT 16SOIC,pmic-gate-drivers,3724,0.64,"16-SOIC (0.154"", 3.90mm Width)",Surface Mount,Active,,https://www.digikey.com/en/products/detail/texas-instruments/SN74HC161DR/562878,36 MHz,Up,,Binary Counter,4,1,-40°C ~ 85°C,,Asynchronous,74HC,Synchronous,Positive Edge,2 V ~ 6 V
SN74HC161DT,Texas Instruments,IC BINARY COUNTER 4-BIT 16SOIC,pmic-gate-drivers,350,1.11,"16-SOIC (0.154"", 3.90mm Width)",Surface Mount,Obsolete,,https://www.digikey.com/en/products/detail/texas-instruments/SN74HC161DT/1570715,36 MHz,Up,,Binary Counter,4,1,-40°C ~ 85°C,,Asynchronous,74HC,Synchronous,Positive Edge,2 V ~ 6 V
SN74HC161N,Texas Instruments,IC BINARY COUNTER 4-BIT 16DIP,pmic-gate-drivers,770,0.97,"16-DIP (0.300"", 7.62mm)",Through Hole,Active,,https://www.digikey.com/en/products/detail/texas-instruments/SN74HC161N/376952,36 MHz,Up,,Binary Counter,4,1,-40°C ~ 85°C,,Asynchronous,74HC,Synchronous,Positive Edge,2 V ~ 6 V
SN74HC161NG4,Texas Instruments,IC BINARY COUNTER 4-BIT 16DIP,pmic-gate-drivers,0,0.27112,"16-DIP (0.300"", 7.62mm)",Through Hole,Discontinued at DigiKey,,https://www.digikey.com/en/products/detail/texas-instruments/SN74HC161NG4/1570717,36 MHz,Up,,Binary Counter,4,1,-40°C ~ 85°C,,Asynchronous,74HC,Synchronous,Positive Edge,2 V ~ 6 V
SN74HC161NS,Texas Instruments,IC BINARY COUNTER 4-BIT 16SO,pmic-gate-drivers,1550,0.28,"16-SOIC (0.209"", 5.30mm Width)",Surface Mount,Active,https://rocelec.widen.net/view/pdf/57n7nkndfy/PHGLS18474-1.pdf?t.download=true&u=5oefqw,https://www.digikey.com/en/products/detail/rochester-electronics-llc/SN74HC161NS/13499026,36 MHz,Up,,Binary Counter,4,1,-40°C ~ 85°C,,Asynchronous,74HC,Synchronous,Positive Edge,2 V ~ 6 V
SN74HC161NSR,Texas Instruments,IC BINARY COUNTER 4-BIT 16SO,pmic-gate-drivers,501,0.86,"16-SOIC (0.209"", 5.30mm Width)",Surface Mount,Active,,https://www.digikey.com/en/products/detail/texas-instruments/SN74HC161NSR/1570718,36 MHz,Up,,Binary Counter,4,1,-40°C ~ 85°C,,Asynchronous,74HC,Synchronous,Positive Edge,2 V ~ 6 V
SN74HC161PW,Texas Instruments,IC BINARY COUNTER 4-BIT 16TSSOP,pmic-gate-drivers,0,0.95,"16-TSSOP (0.173"", 4.40mm Width)",Surface Mount,Obsolete,,https://www.digikey.com/en/products/detail/texas-instruments/SN74HC161PW/1570720,36 MHz,Up,,Binary Counter,4,1,-40°C ~ 85°C,,Asynchronous,74HC,Synchronous,Positive Edge,2 V ~ 6 V
SN74HC161PWR,Texas Instruments,IC BINARY COUNTER 4-BIT 16TSSOP,pmic-gate-drivers,3125,0.48,"16-TSSOP (0.173"", 4.40mm Width)",Surface Mount,Active,,https://www.digikey.com/en/products/detail/texas-instruments/SN74HC161PWR/1570722,36 MHz,Up,,Binary Counter,4,1,-40°C ~ 85°C,,Asynchronous,74HC,Synchronous,Positive Edge,2 V ~ 6 V
SN74HC161PWT,Texas Instruments,IC BINARY COUNTER 4-BIT 16TSSOP,pmic-gate-drivers,210,1.12,"16-TSSOP (0.173"", 4.40mm Width)",Surface Mount,Obsolete,,https://www.digikey.com/en/products/detail/texas-instruments/SN74HC161PWT/1570724,36 MHz,Up,,Binary Counter,4,1,-40°C ~ 85°C,,Asynchronous,74HC,Synchronous,Positive Edge,2 V ~ 6 V
SN74HC163ANS,Texas Instruments,IC BINARY COUNTER 4-BIT 14SO,pmic-gate-drivers,7000,0.4,"14-SOIC (0.209"", 5.30mm Width)",Surface Mount,Active,https://rocelec.widen.net/view/pdf/peglhnsmo8/PHGL-S-A0001367747-1.pdf?t.download=true&u=5oefqw,https://www.digikey.com/en/products/detail/rochester-electronics-llc/SN74HC163ANS/13494866,36 MHz,Up,,Binary Counter,4,1,-40°C ~ 85°C (TA),,Synchronous,74HC,Synchronous,Positive Edge,2 V ~ 6 V
SN74HC163ANSR,Texas Instruments,IC BINARY COUNTER 4-BIT 14SO,pmic-gate-drivers,1387,1.0,"14-SOIC (0.209"", 5.30mm Width)",Surface Mount,Active,,https://www.digikey.com/en/products/detail/texas-instruments/SN74HC163ANSR/9692746,36 MHz,Up,,Binary Counter,4,1,-40°C ~ 85°C (TA),,Synchronous,74HC,Synchronous,Positive Edge,2 V ~ 6 V
SN74HC163D,Texas Instruments,IC BINARY COUNTER 4-BIT 16SOIC,pmic-gate-drivers,825,1.11,"16-SOIC (0.154"", 3.90mm Width)",Surface Mount,Obsolete,,https://www.digikey.com/en/products/detail/texas-instruments/SN74HC163D/376944,36 MHz,Up,,Binary Counter,4,1,-40°C ~ 85°C,,Synchronous,74HC,Synchronous,Positive Edge,2 V ~ 6 V
SN74HC163DBR,Texas Instruments,IC BINARY COUNTER 4-BIT 16SSOP,pmic-gate-drivers,0,0.12712,"16-SSOP (0.209"", 5.30mm Width)",Surface Mount,Obsolete,,https://www.digikey.com/en/products/detail/texas-instruments/SN74HC163DBR/1570726,36 MHz,Up,,Binary Counter,4,1,-40°C ~ 85°C,,Synchronous,74HC,Synchronous,Positive Edge,2 V ~ 6 V
SN74HC163DBRE4,Texas Instruments,IC BINARY COUNTER 4-BIT 16SSOP,pmic-gate-drivers,0,0.12712,"16-SSOP (0.209"", 5.30mm Width)",Surface Mount,Obsolete,,https://www.digikey.com/en/products/detail/texas-instruments/SN74HC163DBRE4/1570727,36 MHz,Up,,Binary Counter,4,1,-40°C ~ 85°C,,Synchronous,74HC,Synchronous,Positive Edge,2 V ~ 6 V
SN74HC163DR,Texas Instruments,IC BINARY COUNTER 4-BIT 16SOIC,pmic-gate-drivers,4938,0.5,"16-SOIC (0.154"", 3.90mm Width)",Surface Mount,Active,,https://www.digikey.com/en/products/detail/texas-instruments/SN74HC163DR/1570729,36 MHz,Up,,Binary Counter,4,1,-40°C ~ 85°C,,Synchronous,74HC,Synchronous,Positive Edge,2 V ~ 6 V
SN74HC163DRE4,Texas Instruments,IC BINARY COUNTER 4-BIT 16SOIC,pmic-gate-drivers,0,0.11202,"16-SOIC (0.154"", 3.90mm Width)",Surface Mount,Discontinued at DigiKey,,https://www.digikey.com/en/products/detail/texas-instruments/SN74HC163DRE4/1570730,36 MHz,Up,,Binary Counter,4,1,-40°C ~ 85°C,,Synchronous,74HC,Synchronous,Positive Edge,2 V ~ 6 V
SN74HC163DT,Texas Instruments,IC BINARY COUNTER 4-BIT 16SOIC,pmic-gate-drivers,1208,1.11,"16-SOIC (0.154"", 3.90mm Width)",Surface Mount,Obsolete,,https://www.digikey.com/en/products/detail/texas-instruments/SN74HC163DT/1570731,36 MHz,Up,,Binary Counter,4,1,-40°C ~ 85°C,,Synchronous,74HC,Synchronous,Positive Edge,2 V ~ 6 V
SN74HC163IPWRG4Q1,Texas Instruments,IC BINARY COUNTER 4-BIT 16TSSOP,pmic-gate-drivers,409,0.71,"16-TSSOP (0.173"", 4.40mm Width)",Surface Mount,Active,https://www.ti.com/lit/ds/scls584a/scls584a.pdf,https://www.digikey.com/en/products/detail/texas-instruments/SN74HC163IPWRG4Q1/1902762,36 MHz,Up,Automotive,Binary Counter,4,1,-40°C ~ 85°C,AEC-Q100,Synchronous,74HC,Synchronous,Positive Edge,2 V ~ 6 V
SN74HC163N,Texas Instruments,IC BINARY COUNTER 4-BIT 16DIP,pmic-gate-drivers,995,1.27,"16-DIP (0.300"", 7.62mm)",Through Hole,Active,,https://www.digikey.com/en/products/detail/texas-instruments/SN74HC163N/376948,36 MHz,Up,,Binary Counter,4,1,-40°C ~ 85°C,,Synchronous,74HC,Synchronous,Positive Edge,2 V ~ 6 V
SN74HC163NE4,Texas Instruments,IC BINARY COUNTER 4-BIT 16DIP,pmic-gate-drivers,0,0.6776,"16-DIP (0.300"", 7.62mm)",Through Hole,Active,https://www.ti.com/lit/ds/symlink/sn54hc163.pdf,https://www.digikey.com/en/products/detail/texas-instruments/SN74HC163NE4/18158976,36 MHz,Up,,Binary Counter,4,1,-40°C ~ 85°C (TA),,Synchronous,74HC,Synchronous,Positive Edge,2 V ~ 6 V
SN74HC163NG4,Texas Instruments,IC BINARY COUNTER 4-BIT 16DIP,pmic-gate-drivers,0,0.38984,"16-DIP (0.300"", 7.62mm)",Through Hole,Discontinued at DigiKey,,https://www.digikey.com/en/products/detail/texas-instruments/SN74HC163NG4/1570734,36 MHz,Up,,Binary Counter,4,1,-40°C ~ 85°C,,Synchronous,74HC,Synchronous,Positive Edge,2 V ~ 6 V
SN74HC163NS,Texas Instruments,IC BINARY COUNTER 4-BIT 16SO,pmic-gate-drivers,3500,0.35,"16-SOIC (0.209"", 5.30mm Width)",Surface Mount,Active,https://rocelec.widen.net/view/pdf/peglhnsmo8/PHGL-S-A0001367747-1.pdf?t.download=true&u=5oefqw,https://www.digikey.com/en/products/detail/rochester-electronics-llc/SN74HC163NS/13493906,36 MHz,Up,,Binary Counter,4,1,-40°C ~ 85°C,,Synchronous,74HC,Synchronous,Positive Edge,2 V ~ 6 V
SN74HC163NSR,Texas Instruments,IC BINARY COUNTER 4-BIT 16SO,pmic-gate-drivers,1660,0.88,"16-SOIC (0.209"", 5.30mm Width)",Surface Mount,Active,,https://www.digikey.com/en/products/detail/texas-instruments/SN74HC163NSR/476043,36 MHz,Up,,Binary Counter,4,1,-40°C ~ 85°C,,Synchronous,74HC,Synchronous,Positive Edge,2 V ~ 6 V
SN74HC163PW,Texas Instruments,IC BINARY COUNTER 4-BIT 16TSSOP,pmic-gate-drivers,214,1.12,"16-TSSOP (0.173"", 4.40mm Width)",Surface Mount,Obsolete,,https://www.digikey.com/en/products/detail/texas-instruments/SN74HC163PW/1570736,36 MHz,Up,,Binary Counter,4,1,-40°C ~ 85°C,,Synchronous,74HC,Synchronous,Positive Edge,2 V ~ 6 V
SN74HC163PWR,Texas Instruments,IC BINARY COUNTER 4-BIT 16TSSOP,pmic-gate-drivers,1025,0.48,"16-TSSOP (0.173"", 4.40mm Width)",Surface Mount,Active,,https://www.digikey.com/en/products/detail/texas-instruments/SN74HC163PWR/1570738,36 MHz,Up,,Binary Counter,4,1,-40°C ~ 85°C,,Synchronous,74HC,Synchronous,Positive Edge,2 V ~ 6 V
SN74HC163PWT,Texas Instruments,IC BINARY COUNTER 4-BIT 16TSSOP,pmic-gate-drivers,225,1.12,"16-TSSOP (0.173"", 4.40mm Width)",Surface Mount,Obsolete,,https://www.digikey.com/en/products/detail/texas-instruments/SN74HC163PWT/1570740,36 MHz,Up,,Binary Counter,4,1,-40°C ~ 85°C,,Synchronous,74HC,Synchronous,Positive Edge,2 V ~ 6 V
SN74HC191D,Texas Instruments,IC BINARY COUNTER 4-BIT 16SOIC,pmic-gate-drivers,417,0.85,"16-SOIC (0.154"", 3.90mm Width)",Surface Mount,Obsolete,,https://www.digikey.com/en/products/detail/texas-instruments/SN74HC191D/376965,24 MHz,"Up, Down",,Binary Counter,4,1,-40°C ~ 85°C,,Asynchronous,74HC,Synchronous,Positive Edge,2 V ~ 6 V
SN74HC191DR,Texas Instruments,IC BINARY COUNTER 4-BIT 16SOIC,pmic-gate-drivers,2515,0.77,"16-SOIC (0.154"", 3.90mm Width)",Surface Mount,Active,,https://www.digikey.com/en/products/detail/texas-instruments/SN74HC191DR/562908,24 MHz,"Up, Down",,Binary Counter,4,1,-40°C ~ 85°C,,Asynchronous,74HC,Synchronous,Positive Edge,2 V ~ 6 V
SN74HC191DRG4,Texas Instruments,IC BINARY COUNTER 4-BIT 16SOIC,pmic-gate-drivers,0,0.24834,"16-SOIC (0.154"", 3.90mm Width)",Surface Mount,Discontinued at DigiKey,,https://www.digikey.com/en/products/detail/texas-instruments/SN74HC191DRG4/1902826,24 MHz,"Up, Down",,Binary Counter,4,1,-40°C ~ 85°C,,Asynchronous,74HC,Synchronous,Positive Edge,2 V ~ 6 V
SN74HC191DT,Texas Instruments,IC BINARY COUNTER 4-BIT 16SOIC,pmic-gate-drivers,69,0.85,"16-SOIC (0.154"", 3.90mm Width)",Surface Mount,Obsolete,,https://www.digikey.com/en/products/detail/texas-instruments/SN74HC191DT/1570813,24 MHz,"Up, Down",,Binary Counter,4,1,-40°C ~ 85°C,,Asynchronous,74HC,Synchronous,Positive Edge,2 V ~ 6 V
SN74HC191N,Texas Instruments,IC BINARY COUNTER 4-BIT 16DIP,pmic-gate-drivers,1282,1.32,"16-DIP (0.300"", 7.62mm)",Through Hole,Active,,https://www.digikey.com/en/products/detail/texas-instruments/SN74HC191N/376967,24 MHz,"Up, Down",,Binary Counter,4,1,-40°C ~ 85°C,,Asynchronous,74HC,Synchronous,Positive Edge,2 V ~ 6 V
SN74HC191NG4,Texas Instruments,IC BINARY COUNTER 4-BIT 16DIP,pmic-gate-drivers,0,0.34932,"16-DIP (0.300"", 7.62mm)",Through Hole,Discontinued at DigiKey,,https://www.digikey.com/en/products/detail/texas-instruments/SN74HC191NG4/1570815,24 MHz,"Up, Down",,Binary Counter,4,1,-40°C ~ 85°C,,Asynchronous,74HC,Synchronous,Positive Edge,2 V ~ 6 V
SN74HC191NS,Texas Instruments,IC BINARY COUNTER 4-BIT 16SO,pmic-gate-drivers,1774,0.31,"16-SOIC (0.209"", 5.30mm Width)",Surface Mount,Active,https://rocelec.widen.net/view/pdf/hgvgscudcu/PHGLS11394-1.pdf?t.download=true&u=5oefqw,https://www.digikey.com/en/products/detail/rochester-electronics-llc/SN74HC191NS/13498052,24 MHz,"Up, Down",,Binary Counter,4,1,-40°C ~ 85°C,,Asynchronous,74HC,Synchronous,Positive Edge,2 V ~ 6 V
SN74HC191NSR,Texas Instruments,IC BINARY COUNTER 4-BIT 16SO,pmic-gate-drivers,9810,1.35,"16-SOIC (0.209"", 5.30mm Width)",Surface Mount,Active,,https://www.digikey.com/en/products/detail/texas-instruments/SN74HC191NSR/476045,24 MHz,"Up, Down",,Binary Counter,4,1,-40°C ~ 85°C,,Asynchronous,74HC,Synchronous,Positive Edge,2 V ~ 6 V
SN74HC193D,Texas Instruments,IC BINARY COUNTER 4-BIT 16SOIC,pmic-gate-drivers,658,0.84,"16-SOIC (0.154"", 3.90mm Width)",Surface Mount,Obsolete,https://www.ti.com/lit/ds/scls122d/scls122d.pdf,https://www.digikey.com/en/products/detail/texas-instruments/SN74HC193D/376964,24 MHz,"Up, Down",,Binary Counter,4,1,-40°C ~ 85°C,,Asynchronous,74HC,Synchronous,Positive Edge,2 V ~ 6 V
SN74HC193DR,Texas Instruments,IC BINARY COUNTER 4-BIT 16SOIC,pmic-gate-drivers,2834,0.59,"16-SOIC (0.154"", 3.90mm Width)",Surface Mount,Active,https://www.ti.com/lit/ds/scls122d/scls122d.pdf,https://www.digikey.com/en/products/detail/texas-instruments/SN74HC193DR/1570818,24 MHz,"Up, Down",,Binary Counter,4,1,-40°C ~ 85°C,,Asynchronous,74HC,Synchronous,Positive Edge,2 V ~ 6 V
SN74HC193DT,Texas Instruments,IC BINARY COUNTER 4-BIT 16SOIC,pmic-gate-drivers,0,0.38648,"16-SOIC (0.154"", 3.90mm Width)",Surface Mount,Obsolete,https://www.ti.com/lit/ds/scls122d/scls122d.pdf,https://www.digikey.com/en/products/detail/texas-instruments/SN74HC193DT/1570820,24 MHz,"Up, Down",,Binary Counter,4,1,-40°C ~ 85°C,,Asynchronous,74HC,Synchronous,Positive Edge,2 V ~ 6 V
SN74HC193N,Texas Instruments,IC BINARY COUNTER 4-BIT 16DIP,pmic-gate-drivers,1228,1.3,"16-DIP (0.300"", 7.62mm)",Through Hole,Active,https://www.ti.com/lit/ds/scls122d/scls122d.pdf,https://www.digikey.com/en/products/detail/texas-instruments/SN74HC193N/376956,24 MHz,"Up, Down",,Binary Counter,4,1,-40°C ~ 85°C,,Asynchronous,74HC,Synchronous,Positive Edge,2 V ~ 6 V
SN74HC193NE4,Texas Instruments,IC BINARY COUNTER 4-BIT 16DIP,pmic-gate-drivers,0,0.69762,"16-DIP (0.300"", 7.62mm)",Through Hole,Active,https://www.ti.com/lit/ds/symlink/sn74hc193.pdf?ts=1694798832912&ref_url=https%253A%252F%252Fwww.ti.com%252Fsitesearch%252Fen-us%252Fdocs%252Funiversalsearch.tsp%253FlangPref%253Den-US%2526searchTerm%253DSN74HC193NE4%2526nr%253D3,https://www.digikey.com/en/products/detail/texas-instruments/SN74HC193NE4/18159196,60 MHz,"Up, Down",,Binary Counter,4,1,-40°C ~ 85°C (TA),,Asynchronous,74HC,Synchronous,Positive Edge,2 V ~ 6 V
SN74HC193NG4,Texas Instruments,IC BINARY COUNTER 4-BIT 16DIP,pmic-gate-drivers,0,0.34932,"16-DIP (0.300"", 7.62mm)",Through Hole,Discontinued at DigiKey,https://www.ti.com/lit/ds/scls122d/scls122d.pdf,https://www.digikey.com/en/products/detail/texas-instruments/SN74HC193NG4/1570822,24 MHz,"Up, Down",,Binary Counter,4,1,-40°C ~ 85°C,,Asynchronous,74HC,Synchronous,Positive Edge,2 V ~ 6 V
SN74HC193NSR,Texas Instruments,IC BINARY COUNTER 4-BIT 16SO,pmic-gate-drivers,3882,1.2,"16-SOIC (0.209"", 5.30mm Width)",Surface Mount,Active,https://www.ti.com/lit/ds/scls122d/scls122d.pdf,https://www.digikey.com/en/products/detail/texas-instruments/SN74HC193NSR/476047,24 MHz,"Up, Down",,Binary Counter,4,1,-40°C ~ 85°C,,Asynchronous,74HC,Synchronous,Positive Edge,2 V ~ 6 V
SN74HC193PW,Texas Instruments,IC BINARY COUNTER 4-BIT 16TSSOP,pmic-gate-drivers,1080,0.84,"16-TSSOP (0.173"", 4.40mm Width)",Surface Mount,Obsolete,https://www.ti.com/lit/ds/scls122d/scls122d.pdf,https://www.digikey.com/en/products/detail/texas-instruments/SN74HC193PW/1570824,24 MHz,"Up, Down",,Binary Counter,4,1,-40°C ~ 85°C,,Asynchronous,74HC,Synchronous,Positive Edge,2 V ~ 6 V
SN74HC193PWR,Texas Instruments,IC BINARY COUNTER 4-BIT 16TSSOP,pmic-gate-drivers,4692,0.68,"16-TSSOP (0.173"", 4.40mm Width)",Surface Mount,Active,https://www.ti.com/lit/ds/scls122d/scls122d.pdf,https://www.digikey.com/en/products/detail/texas-instruments/SN74HC193PWR/1570826,24 MHz,"Up, Down",,Binary Counter,4,1,-40°C ~ 85°C,,Asynchronous,74HC,Synchronous,Positive Edge,2 V ~ 6 V
SN74HC193PWT,Texas Instruments,IC BINARY COUNTER 4-BIT 16TSSOP,pmic-gate-drivers,0,0.38648,"16-TSSOP (0.173"", 4.40mm Width)",Surface Mount,Discontinued at DigiKey,https://www.ti.com/lit/ds/scls122d/scls122d.pdf,https://www.digikey.com/en/products/detail/texas-instruments/SN74HC193PWT/1570828,24 MHz,"Up, Down",,Binary Counter,4,1,-40°C ~ 85°C,,Asynchronous,74HC,Synchronous,Positive Edge,2 V ~ 6 V
SN74HC193QPWRG4Q1,Texas Instruments,IC BINARY COUNTER 4-BIT 16TSSOP,pmic-gate-drivers,0,0.81004,"16-TSSOP (0.173"", 4.40mm Width)",Surface Mount,Active,,https://www.digikey.com/en/products/detail/texas-instruments/SN74HC193QPWRG4Q1/1902844,24 MHz,"Up, Down",Automotive,Binary Counter,4,1,-40°C ~ 85°C,AEC-Q100,Asynchronous,74HC,Synchronous,Positive Edge,2 V ~ 6 V
SN74HC193QPWRQ1,Texas Instruments,IC BINARY COUNTER 4-BIT 16TSSOP,pmic-gate-drivers,0,0.18712,"16-TSSOP (0.173"", 4.40mm Width)",Surface Mount,Obsolete,,https://www.digikey.com/en/products/detail/texas-instruments/SN74HC193QPWRQ1/1570830,24 MHz,"Up, Down",Automotive,Binary Counter,4,1,-40°C ~ 85°C,AEC-Q100,Asynchronous,74HC,Synchronous,Positive Edge,2 V ~ 6 V
SN74HC393ANSR,Texas Instruments,IC BINARY COUNTER DL 4BIT 14SO,pmic-gate-drivers,1475,0.86,"14-SOIC (0.209"", 5.30mm Width)",Surface Mount,Active,https://www.digikey.com//mm.digikey.com/Volume0/opasdata/d220001/medias/docus/1970/sn74hc393a.pdf,https://www.digikey.com/en/products/detail/texas-instruments/SN74HC393ANSR/9692765,36 MHz,Up,,Binary Counter,4,2,-40°C ~ 85°C (TA),,Asynchronous,74HC,,Negative Edge,2 V ~ 6 V
SN74HC393APW,Texas Instruments,IC BIN COUNTER DL 4BIT 14TSSOP,pmic-gate-drivers,1980,0.5,"14-TSSOP (0.173"", 4.40mm Width)",Surface Mount,Active,https://rocelec.widen.net/view/pdf/y4njznnk9h/TI-SN54HC393.pdf?t.download=true&u=ovmfp3,https://www.digikey.com/en/products/detail/rochester-electronics-llc/SN74HC393APW/13487033,36 MHz,Up,,Binary Counter,4,2,-40°C ~ 85°C,,Asynchronous,74HC,,Negative Edge,2 V ~ 6 V
SN74HC393APWR,Texas Instruments,IC BIN COUNTER DL 4BIT 14TSSOP,pmic-gate-drivers,1715,0.83,"14-TSSOP (0.173"", 4.40mm Width)",Surface Mount,Active,https://rocelec.widen.net/view/pdf/y4njznnk9h/TI-SN54HC393.pdf?t.download=true&u=ovmfp3,https://www.digikey.com/en/products/detail/rochester-electronics-llc/SN74HC393APWR/13505722,36 MHz,Up,,Binary Counter,4,2,-40°C ~ 85°C,,Asynchronous,74HC,,Negative Edge,2 V ~ 6 V
SN74HC393D,Texas Instruments,IC BINARY COUNTR DL 4BIT 14SOIC,pmic-gate-drivers,2816,0.99,"14-SOIC (0.154"", 3.90mm Width)",Surface Mount,Obsolete,https://www.ti.com/lit/ds/scls143d/scls143d.pdf,https://www.digikey.com/en/products/detail/texas-instruments/SN74HC393D/376761,36 MHz,Up,,Binary Counter,4,2,-40°C ~ 85°C,,Asynchronous,74HC,,Negative Edge,2 V ~ 6 V
SN74HC393DBR,Texas Instruments,IC BINARY COUNTR DL 4BIT 14SSOP,pmic-gate-drivers,1862,0.55,"14-SSOP (0.209"", 5.30mm Width)",Surface Mount,Active,https://www.ti.com/lit/ds/scls143d/scls143d.pdf,https://www.digikey.com/en/products/detail/texas-instruments/SN74HC393DBR/377044,36 MHz,Up,,Binary Counter,4,2,-40°C ~ 85°C,,Asynchronous,74HC,,Negative Edge,2 V ~ 6 V
SN74HC393DR,Texas Instruments,IC BINARY COUNTR DL 4BIT 14SOIC,pmic-gate-drivers,13503,0.58,"14-SOIC (0.154"", 3.90mm Width)",Surface Mount,Active,https://www.ti.com/lit/ds/scls143d/scls143d.pdf,https://www.digikey.com/en/products/detail/texas-instruments/SN74HC393DR/562920,36 MHz,Up,,Binary Counter,4,2,-40°C ~ 85°C,,Asynchronous,74HC,,Negative Edge,2 V ~ 6 V
SN74HC393DT,Texas Instruments,IC BINARY COUNTR DL 4BIT 14SOIC,pmic-gate-drivers,641,0.99,"14-SOIC (0.154"", 3.90mm Width)",Surface Mount,Obsolete,https://www.ti.com/lit/ds/scls143d/scls143d.pdf,https://www.digikey.com/en/products/detail/texas-instruments/SN74HC393DT/1571090,36 MHz,Up,,Binary Counter,4,2,-40°C ~ 85°C,,Asynchronous,74HC,,Negative Edge,2 V ~ 6 V
SN74HC393N,Texas Instruments,IC BINARY COUNTER DL 4BIT 14DIP,pmic-gate-drivers,2934,0.69,"14-DIP (0.300"", 7.62mm)",Through Hole,Active,https://www.ti.com/lit/ds/scls143d/scls143d.pdf,https://www.digikey.com/en/products/detail/texas-instruments/SN74HC393N/376742,36 MHz,Up,,Binary Counter,4,2,-40°C ~ 85°C,,Asynchronous,74HC,,Negative Edge,2 V ~ 6 V
SN74HC393NSR,Texas Instruments,IC BINARY COUNTER DL 4BIT 14SO,pmic-gate-drivers,7504,0.71,"14-SOIC (0.209"", 5.30mm Width)",Surface Mount,Active,https://www.ti.com/lit/ds/scls143d/scls143d.pdf,https://www.digikey.com/en/products/detail/texas-instruments/SN74HC393NSR/1571093,36 MHz,Up,,Binary Counter,4,2,-40°C ~ 85°C,,Asynchronous,74HC,,Negative Edge,2 V ~ 6 V
SN74HC393PW,Texas Instruments,IC BIN COUNTER DL 4BIT 14TSSOP,pmic-gate-drivers,0,0.89,"14-TSSOP (0.173"", 4.40mm Width)",Surface Mount,Obsolete,https://www.ti.com/lit/ds/scls143d/scls143d.pdf,https://www.digikey.com/en/products/detail/texas-instruments/SN74HC393PW/1571095,36 MHz,Up,,Binary Counter,4,2,-40°C ~ 85°C,,Asynchronous,74HC,,Negative Edge,2 V ~ 6 V
SN74HC393PWR,Texas Instruments,IC BIN COUNTER DL 4BIT 14TSSOP,pmic-gate-drivers,987,0.7,"14-TSSOP (0.173"", 4.40mm Width)",Surface Mount,Active,https://www.ti.com/lit/ds/scls143d/scls143d.pdf,https://www.digikey.com/en/products/detail/texas-instruments/SN74HC393PWR/1571097,36 MHz,Up,,Binary Counter,4,2,-40°C ~ 85°C,,Asynchronous,74HC,,Negative Edge,2 V ~ 6 V
SN74HC393PWRG4,Texas Instruments,IC BIN COUNTER DL 4BIT 14TSSOP,pmic-gate-drivers,0,0.20417,"14-TSSOP (0.173"", 4.40mm Width)",Surface Mount,Obsolete,https://www.ti.com/lit/ds/scls143d/scls143d.pdf,https://www.digikey.com/en/products/detail/texas-instruments/SN74HC393PWRG4/1903030,36 MHz,Up,,Binary Counter,4,2,-40°C ~ 85°C,,Asynchronous,74HC,,Negative Edge,2 V ~ 6 V
SN74HC393PWT,Texas Instruments,IC BIN COUNTER DL 4BIT 14TSSOP,pmic-gate-drivers,0,0.89,"14-TSSOP (0.173"", 4.40mm Width)",Surface Mount,Obsolete,https://www.ti.com/lit/ds/scls143d/scls143d.pdf,https://www.digikey.com/en/products/detail/texas-instruments/SN74HC393PWT/1571099,36 MHz,Up,,Binary Counter,4,2,-40°C ~ 85°C,,Asynchronous,74HC,,Negative Edge,2 V ~ 6 V
SN74HC4020D,Texas Instruments,IC BINARY COUNTER 14-BIT 16SOIC,pmic-gate-drivers,82,1.13,"16-SOIC (0.154"", 3.90mm Width)",Surface Mount,Obsolete,https://www.ti.com/lit/ds/symlink/sn74hc4020.pdf,https://www.digikey.com/en/products/detail/texas-instruments/SN74HC4020D/376758,33 MHz,Up,,Binary Counter,14,1,-40°C ~ 85°C,,Asynchronous,74HC,Asynchronous,Negative Edge,2 V ~ 6 V
SN74HC4020DBR,Texas Instruments,IC BINARY COUNTER 14-BIT 16SSOP,pmic-gate-drivers,0,0.21834,"16-SSOP (0.209"", 5.30mm Width)",Surface Mount,Obsolete,https://www.ti.com/lit/ds/symlink/sn74hc4020.pdf,https://www.digikey.com/en/products/detail/texas-instruments/SN74HC4020DBR/1571101,33 MHz,Up,,Binary Counter,14,1,-40°C ~ 85°C,,Asynchronous,74HC,Asynchronous,Negative Edge,2 V ~ 6 V
SN74HC4020DBRE4,Texas Instruments,IC BINARY COUNTER 14-BIT 16SSOP,pmic-gate-drivers,0,0.21834,"16-SSOP (0.209"", 5.30mm Width)",Surface Mount,Obsolete,https://www.ti.com/lit/ds/symlink/sn74hc4020.pdf,https://www.digikey.com/en/products/detail/texas-instruments/SN74HC4020DBRE4/1571102,33 MHz,Up,,Binary Counter,14,1,-40°C ~ 85°C,,Asynchronous,74HC,Asynchronous,Negative Edge,2 V ~ 6 V
SN74HC4020DBRG4,Texas Instruments,IC BINARY COUNTER 14-BIT 16SSOP,pmic-gate-drivers,0,0.21834,"16-SSOP (0.209"", 5.30mm Width)",Surface Mount,Obsolete,https://www.ti.com/lit/ds/symlink/sn74hc4020.pdf,https://www.digikey.com/en/products/detail/texas-instruments/SN74HC4020DBRG4/1903032,33 MHz,Up,,Binary Counter,14,1,-40°C ~ 85°C,,Asynchronous,74HC,Asynchronous,Negative Edge,2 V ~ 6 V
SN74HC4020DR,Texas Instruments,IC BINARY COUNTER 14-BIT 16SOIC,pmic-gate-drivers,3099,0.7,"16-SOIC (0.154"", 3.90mm Width)",Surface Mount,Active,https://www.ti.com/lit/ds/symlink/sn74hc4020.pdf,https://www.digikey.com/en/products/detail/texas-instruments/SN74HC4020DR/1571104,33 MHz,Up,,Binary Counter,14,1,-40°C ~ 85°C,,Asynchronous,74HC,Asynchronous,Negative Edge,2 V ~ 6 V
SN74HC4020DT,Texas Instruments,IC BINARY COUNTER 14-BIT 16SOIC,pmic-gate-drivers,0,0.42224,"16-SOIC (0.154"", 3.90mm Width)",Surface Mount,Obsolete,https://www.ti.com/lit/ds/symlink/sn74hc4020.pdf,https://www.digikey.com/en/products/detail/texas-instruments/SN74HC4020DT/1571106,33 MHz,Up,,Binary Counter,14,1,-40°C ~ 85°C,,Asynchronous,74HC,Asynchronous,Negative Edge,2 V ~ 6 V
SN74HC4020N,Texas Instruments,IC BINARY COUNTER 14-BIT 16DIP,pmic-gate-drivers,315,1.16,"16-DIP (0.300"", 7.62mm)",Through Hole,Active,https://www.ti.com/lit/ds/symlink/sn74hc4020.pdf,https://www.digikey.com/en/products/detail/texas-instruments/SN74HC4020N/376739,33 MHz,Up,,Binary Counter,14,1,-40°C ~ 85°C,,Asynchronous,74HC,Asynchronous,Negative Edge,2 V ~ 6 V
SN74HC4020NSR,Texas Instruments,IC BINARY COUNTER 14-BIT 16SO,pmic-gate-drivers,1410,1.04,"16-SOIC (0.209"", 5.30mm Width)",Surface Mount,Active,https://www.ti.com/lit/ds/symlink/sn74hc4020.pdf,https://www.digikey.com/en/products/detail/texas-instruments/SN74HC4020NSR/1571109,33 MHz,Up,,Binary Counter,14,1,-40°C ~ 85°C,,Asynchronous,74HC,Asynchronous,Negative Edge,2 V ~ 6 V
SN74HC4020PWR,Texas Instruments,IC BINARY COUNTER 14-BIT 16SO,pmic-gate-drivers,8902,0.92,"16-SOIC (0.209"", 5.30mm Width)",Surface Mount,Active,https://www.ti.com/lit/ds/symlink/sn74hc4020.pdf,https://www.digikey.com/en/products/detail/texas-instruments/SN74HC4020PWR/1571113,33 MHz,Up,,Binary Counter,14,1,-40°C ~ 85°C,,Asynchronous,74HC,Asynchronous,Negative Edge,2 V ~ 6 V
SN74HC4020PWT,Texas Instruments,IC BINARY COUNTER 14-BIT 16SO,pmic-gate-drivers,2360,1.28,"16-SOIC (0.209"", 5.30mm Width)",Surface Mount,Obsolete,https://www.ti.com/lit/ds/symlink/sn74hc4020.pdf,https://www.digikey.com/en/products/detail/texas-instruments/SN74HC4020PWT/1571115,33 MHz,Up,,Binary Counter,14,1,-40°C ~ 85°C,,Asynchronous,74HC,Asynchronous,Negative Edge,2 V ~ 6 V
SN74HC4040ADBLE,Texas Instruments,IC BINARY COUNTER 12-BIT 16SO,pmic-gate-drivers,10000,0.2,"16-SOIC (0.209"", 5.30mm Width)",Surface Mount,Active,https://rocelec.widen.net/view/pdf/qe3nypytct/TI-SN54HC4040.pdf?t.download=true&u=ovmfp3,https://www.digikey.com/en/products/detail/rochester-electronics-llc/SN74HC4040ADBLE/13530018,33 MHz,Up,,Binary Counter,12,1,-40°C ~ 85°C,,Asynchronous,74HC,Asynchronous,Negative Edge,2 V ~ 6 V
SN74HC4040ANSR,Texas Instruments,IC BINARY COUNTER 12-BIT 16SO,pmic-gate-drivers,1978,1.17,"16-SOIC (0.209"", 5.30mm Width)",Surface Mount,Active,https://www.digikey.com//mm.digikey.com/Volume0/opasdata/d220001/medias/docus/2008/sn74hc4040a.pdf,https://www.digikey.com/en/products/detail/texas-instruments/SN74HC4040ANSR/9692766,33 MHz,Up,,Binary Counter,12,1,-40°C ~ 85°C (TA),,Asynchronous,74HC,Asynchronous,Negative Edge,2 V ~ 6 V
SN74HC4040APW,Texas Instruments,IC BINARY COUNTER 12-BIT 16SO,pmic-gate-drivers,1170,0.66,"16-SOIC (0.209"", 5.30mm Width)",Surface Mount,Active,https://rocelec.widen.net/view/pdf/qe3nypytct/TI-SN54HC4040.pdf?t.download=true&u=ovmfp3,https://www.digikey.com/en/products/detail/rochester-electronics-llc/SN74HC4040APW/13528448,33 MHz,Up,,Binary Counter,12,1,-40°C ~ 85°C (TA),,Asynchronous,74HC,Asynchronous,Negative Edge,2 V ~ 6 V
SN74HC4040APWR,Texas Instruments,IC BINARY COUNTER 12-BIT 16SO,pmic-gate-drivers,1896,0.97,"16-SOIC (0.209"", 5.30mm Width)",Surface Mount,Active,https://www.digikey.com//mm.digikey.com/Volume0/opasdata/d220001/medias/docus/2008/sn74hc4040a.pdf,https://www.digikey.com/en/products/detail/texas-instruments/SN74HC4040APWR/9692767,33 MHz,Up,,Binary Counter,12,1,-40°C ~ 85°C (TA),,Asynchronous,74HC,Asynchronous,Negative Edge,2 V ~ 6 V
SN74HC4040D,Texas Instruments,IC BINARY COUNTER 12-BIT 16SO,pmic-gate-drivers,0,0.97,"16-SOIC (0.209"", 5.30mm Width)",Surface Mount,Obsolete,https://www.ti.com/lit/ds/scls160e/scls160e.pdf,https://www.digikey.com/en/products/detail/texas-instruments/SN74HC4040D/376738,33 MHz,Up,,Binary Counter,12,1,-40°C ~ 85°C,,Asynchronous,74HC,Asynchronous,Negative Edge,2 V ~ 6 V
SN74HC4040DBR,Texas Instruments,IC BINARY COUNTER 12-BIT 16SO,pmic-gate-drivers,1908,0.71,"16-SOIC (0.209"", 5.30mm Width)",Surface Mount,Active,https://www.ti.com/lit/ds/scls160e/scls160e.pdf,https://www.digikey.com/en/products/detail/texas-instruments/SN74HC4040DBR/377025,33 MHz,Up,,Binary Counter,12,1,-40°C ~ 85°C,,Asynchronous,74HC,Asynchronous,Negative Edge,2 V ~ 6 V
SN74HC4040DR,Texas Instruments,IC BINARY COUNTER 12-BIT 16SO,pmic-gate-drivers,2500,0.72,"16-SOIC (0.209"", 5.30mm Width)",Surface Mount,Active,https://www.ti.com/lit/ds/scls160e/scls160e.pdf,https://www.digikey.com/en/products/detail/texas-instruments/SN74HC4040DR/562923,33 MHz,Up,,Binary Counter,12,1,-40°C ~ 85°C,,Asynchronous,74HC,Asynchronous,Negative Edge,2 V ~ 6 V
SN74HC4040DRG4,Texas Instruments,IC BINARY COUNTER 12-BIT 16SO,pmic-gate-drivers,0,0.22313,"16-SOIC (0.209"", 5.30mm Width)",Surface Mount,Discontinued at DigiKey,https://www.ti.com/lit/ds/scls160e/scls160e.pdf,https://www.digikey.com/en/products/detail/texas-instruments/SN74HC4040DRG4/1571121,33 MHz,Up,,Binary Counter,12,1,-40°C ~ 85°C,,Asynchronous,74HC,Asynchronous,Negative Edge,2 V ~ 6 V
SN74HC4040DT,Texas Instruments,IC BINARY COUNTER 12-BIT 16SO,pmic-gate-drivers,482,1.13,"16-SOIC (0.209"", 5.30mm Width)",Surface Mount,Obsolete,https://www.ti.com/lit/ds/scls160e/scls160e.pdf,https://www.digikey.com/en/products/detail/texas-instruments/SN74HC4040DT/1571122,33 MHz,Up,,Binary Counter,12,1,-40°C ~ 85°C,,Asynchronous,74HC,Asynchronous,Negative Edge,2 V ~ 6 V
SN74HC4040N,Texas Instruments,IC BINARY COUNTER 12-BIT 16DIP,pmic-gate-drivers,1860,0.93,"16-DIP (0.300"", 7.62mm)",Through Hole,Active,https://www.ti.com/lit/ds/scls160e/scls160e.pdf,https://www.digikey.com/en/products/detail/texas-instruments/SN74HC4040N/376736,33 MHz,Up,,Binary Counter,12,1,-40°C ~ 85°C,,Asynchronous,74HC,Asynchronous,Negative Edge,2 V ~ 6 V
SN74HC4040NE4,Texas Instruments,IC BINARY COUNTER 12-BIT 16DIP,pmic-gate-drivers,988,0.93,"16-DIP (0.300"", 7.62mm)",Through Hole,Active,https://www.ti.com/lit/ds/symlink/sn54hc4040.pdf,https://www.digikey.com/en/products/detail/texas-instruments/SN74HC4040NE4/18159142,33 MHz,Up,,Binary Counter,12,1,-40°C ~ 85°C (TA),,Asynchronous,74HC,Asynchronous,Negative Edge,2 V ~ 6 V
SN74HC4040NG4,Texas Instruments,IC BINARY COUNTER 12-BIT 16DIP,pmic-gate-drivers,0,0.22767,"16-DIP (0.300"", 7.62mm)",Through Hole,Discontinued at DigiKey,https://www.ti.com/lit/ds/scls160e/scls160e.pdf,https://www.digikey.com/en/products/detail/texas-instruments/SN74HC4040NG4/1571124,33 MHz,Up,,Binary Counter,12,1,-40°C ~ 85°C,,Asynchronous,74HC,Asynchronous,Negative Edge,2 V ~ 6 V
SN74HC4040NS,Texas Instruments,IC BINARY COUNTER 12-BIT 16SO,pmic-gate-drivers,1233,1.37,"16-SOIC (0.209"", 5.30mm Width)",Surface Mount,Obsolete,https://www.ti.com/lit/ds/scls160e/scls160e.pdf,https://www.digikey.com/en/products/detail/texas-instruments/SN74HC4040NS/9860840,33 MHz,Up,,Binary Counter,12,1,-40°C ~ 85°C (TA),,Asynchronous,74HC,Asynchronous,Negative Edge,2 V ~ 6 V
SN74HC4040NSR,Texas Instruments,IC BINARY COUNTER 12-BIT 16SO,pmic-gate-drivers,991,1.15,"16-SOIC (0.209"", 5.30mm Width)",Surface Mount,Active,https://www.ti.com/lit/ds/scls160e/scls160e.pdf,https://www.digikey.com/en/products/detail/texas-instruments/SN74HC4040NSR/1571125,33 MHz,Up,,Binary Counter,12,1,-40°C ~ 85°C,,Asynchronous,74HC,Asynchronous,Negative Edge,2 V ~ 6 V
SN74HC4040NSRE4,Texas Instruments,IC BINARY COUNTER 12-BIT 16SO,pmic-gate-drivers,0,0.29867,"16-SOIC (0.209"", 5.30mm Width)",Surface Mount,Discontinued at DigiKey,https://www.ti.com/lit/ds/scls160e/scls160e.pdf,https://www.digikey.com/en/products/detail/texas-instruments/SN74HC4040NSRE4/1571126,33 MHz,Up,,Binary Counter,12,1,-40°C ~ 85°C,,Asynchronous,74HC,Asynchronous,Negative Edge,2 V ~ 6 V
SN74HC4040PWG4,Texas Instruments,IC BINARY COUNTER 12BIT 16TSSOP,pmic-gate-drivers,0,0.5765,"16-TSSOP (0.173"", 4.40mm Width)",Surface Mount,Obsolete,https://www.ti.com/lit/ds/scls160e/scls160e.pdf,https://www.digikey.com/en/products/detail/texas-instruments/SN74HC4040PWG4/1903043,33 MHz,Up,,Binary Counter,12,1,-40°C ~ 85°C,,Asynchronous,74HC,Asynchronous,Negative Edge,2 V ~ 6 V
SN74HC4040PWR,Texas Instruments,IC BINARY COUNTER 12BIT 16TSSOP,pmic-gate-drivers,33428,0.55,"16-TSSOP (0.173"", 4.40mm Width)",Surface Mount,Active,https://www.ti.com/lit/ds/scls160e/scls160e.pdf,https://www.digikey.com/en/products/detail/texas-instruments/SN74HC4040PWR/377024,33 MHz,Up,,Binary Counter,12,1,-40°C ~ 85°C,,Asynchronous,74HC,Asynchronous,Negative Edge,2 V ~ 6 V
SN74HC4040PWT,Texas Instruments,IC BINARY COUNTER 12BIT 16TSSOP,pmic-gate-drivers,0,0.57532,"16-TSSOP (0.173"", 4.40mm Width)",Surface Mount,Obsolete,https://www.ti.com/lit/ds/scls160e/scls160e.pdf,https://www.digikey.com/en/products/detail/texas-instruments/SN74HC4040PWT/1571130,33 MHz,Up,,Binary Counter,12,1,-40°C ~ 85°C,,Asynchronous,74HC,Asynchronous,Negative Edge,2 V ~ 6 V
SN74HC4060D,Texas Instruments,IC BINARY COUNTER 14-BIT 16SOIC,pmic-gate-drivers,11772,1.25,"16-SOIC (0.154"", 3.90mm Width)",Surface Mount,Obsolete,,https://www.digikey.com/en/products/detail/texas-instruments/SN74HC4060D/376733,33 MHz,Up,,Binary Counter,14,1,-40°C ~ 85°C (TA),,Asynchronous,74HC,Asynchronous,Negative Edge,2 V ~ 6 V
SN74HC4060DBR,Texas Instruments,IC BINARY COUNTER 14-BIT 16SSOP,pmic-gate-drivers,1722,0.72,"16-SSOP (0.209"", 5.30mm Width)",Surface Mount,Active,,https://www.digikey.com/en/products/detail/texas-instruments/SN74HC4060DBR/1571132,33 MHz,Up,,Binary Counter,14,1,-40°C ~ 85°C (TA),,Asynchronous,74HC,Asynchronous,Negative Edge,2 V ~ 6 V
SN74HC4060DBRG4,Texas Instruments,IC BINARY COUNTER 14-BIT 16SSOP,pmic-gate-drivers,0,0.24378,"16-SSOP (0.209"", 5.30mm Width)",Surface Mount,Discontinued at DigiKey,,https://www.digikey.com/en/products/detail/texas-instruments/SN74HC4060DBRG4/1903046,33 MHz,Up,,Binary Counter,14,1,-40°C ~ 85°C (TA),,Asynchronous,74HC,Asynchronous,Negative Edge,2 V ~ 6 V
SN74HC4060DR,Texas Instruments,IC BINARY COUNTER 14-BIT 16SOIC,pmic-gate-drivers,3574,0.94,"16-SOIC (0.154"", 3.90mm Width)",Surface Mount,Active,,https://www.digikey.com/en/products/detail/texas-instruments/SN74HC4060DR/562795,33 MHz,Up,,Binary Counter,14,1,-40°C ~ 85°C (TA),,Asynchronous,74HC,Asynchronous,Negative Edge,2 V ~ 6 V
SN74HC4060DT,Texas Instruments,IC BINARY COUNTER 14-BIT 16SOIC,pmic-gate-drivers,5329,1.25,"16-SOIC (0.154"", 3.90mm Width)",Surface Mount,Obsolete,,https://www.digikey.com/en/products/detail/texas-instruments/SN74HC4060DT/1571136,33 MHz,Up,,Binary Counter,14,1,-40°C ~ 85°C (TA),,Asynchronous,74HC,Asynchronous,Negative Edge,2 V ~ 6 V
SN74HC4060N,Texas Instruments,IC BINARY COUNTER 14-BIT 16DIP,pmic-gate-drivers,747,1.15,"16-DIP (0.300"", 7.62mm)",Through Hole,Active,,https://www.digikey.com/en/products/detail/texas-instruments/SN74HC4060N/386620,33 MHz,Up,,Binary Counter,14,1,-40°C ~ 85°C (TA),,Asynchronous,74HC,Asynchronous,Negative Edge,2 V ~ 6 V
SN74HC4060NS,Texas Instruments,IC BINARY COUNTER 14-BIT 16SO,pmic-gate-drivers,2400,0.43,"16-SOIC (0.209"", 5.30mm Width)",Surface Mount,Active,https://rocelec.widen.net/view/pdf/rmepjfi5iw/PHGL-S-A0001477848-1.pdf?t.download=true&u=5oefqw,https://www.digikey.com/en/products/detail/rochester-electronics-llc/SN74HC4060NS/12124167,33 MHz,Up,,Binary Counter,14,1,-40°C ~ 85°C (TA),,Asynchronous,74HC,Asynchronous,Negative Edge,2 V ~ 6 V
SN74HC4060NSR,Texas Instruments,IC BINARY COUNTER 14-BIT 16SO,pmic-gate-drivers,4157,1.12,"16-SOIC (0.209"", 5.30mm Width)",Surface Mount,Active,,https://www.digikey.com/en/products/detail/texas-instruments/SN74HC4060NSR/1571139,33 MHz,Up,,Binary Counter,14,1,-40°C ~ 85°C (TA),,Asynchronous,74HC,Asynchronous,Negative Edge,2 V ~ 6 V
SN74HC4060NSRE4,Texas Instruments,IC BINARY COUNTER 14-BIT 16SO,pmic-gate-drivers,0,0.29867,"16-SOIC (0.209"", 5.30mm Width)",Surface Mount,Discontinued at DigiKey,,https://www.digikey.com/en/products/detail/texas-instruments/SN74HC4060NSRE4/1571140,33 MHz,Up,,Binary Counter,14,1,-40°C ~ 85°C (TA),,Asynchronous,74HC,Asynchronous,Negative Edge,2 V ~ 6 V
SN74HC4060PW,Texas Instruments,IC BINARY COUNTER 14BIT 16TSSOP,pmic-gate-drivers,12835,1.47,"16-TSSOP (0.173"", 4.40mm Width)",Surface Mount,Obsolete,,https://www.digikey.com/en/products/detail/texas-instruments/SN74HC4060PW/1571141,33 MHz,Up,,Binary Counter,14,1,-40°C ~ 85°C (TA),,Asynchronous,74HC,Asynchronous,Negative Edge,2 V ~ 6 V
SN74HC4060PWG4,Texas Instruments,IC BINARY COUNTER 14BIT 16TSSOP,pmic-gate-drivers,0,0.5765,"16-TSSOP (0.173"", 4.40mm Width)",Surface Mount,Discontinued at DigiKey,,https://www.digikey.com/en/products/detail/texas-instruments/SN74HC4060PWG4/1571143,33 MHz,Up,,Binary Counter,14,1,-40°C ~ 85°C (TA),,Asynchronous,74HC,Asynchronous,Negative Edge,2 V ~ 6 V
SN74HC4060PWR,Texas Instruments,IC BINARY COUNTER 14BIT 16TSSOP,pmic-gate-drivers,8130,0.94,"16-TSSOP (0.173"", 4.40mm Width)",Surface Mount,Active,,https://www.digikey.com/en/products/detail/texas-instruments/SN74HC4060PWR/1571144,33 MHz,Up,,Binary Counter,14,1,-40°C ~ 85°C (TA),,Asynchronous,74HC,Asynchronous,Negative Edge,2 V ~ 6 V
SN74HC4060PWRE4,Texas Instruments,IC BINARY COUNTER 14BIT 16TSSOP,pmic-gate-drivers,0,0.31129,"16-TSSOP (0.173"", 4.40mm Width)",Surface Mount,Discontinued at DigiKey,,https://www.digikey.com/en/products/detail/texas-instruments/SN74HC4060PWRE4/1571145,33 MHz,Up,,Binary Counter,14,1,-40°C ~ 85°C (TA),,Asynchronous,74HC,Asynchronous,Negative Edge,2 V ~ 6 V
SN74HC4060PWT,Texas Instruments,IC BINARY COUNTER 14BIT 16TSSOP,pmic-gate-drivers,359,0.0,"16-TSSOP (0.173"", 4.40mm Width)",Surface Mount,Obsolete,,https://www.digikey.com/en/products/detail/texas-instruments/SN74HC4060PWT/1571147,33 MHz,Up,,Binary Counter,14,1,-40°C ~ 85°C (TA),,Asynchronous,74HC,Asynchronous,Negative Edge,2 V ~ 6 V
SN74HC4060QDRQ1,Texas Instruments,IC BINARY COUNTER 14-BIT 16SOIC,pmic-gate-drivers,0,0.55748,"16-SOIC (0.154"", 3.90mm Width)",Surface Mount,Active,,https://www.digikey.com/en/products/detail/texas-instruments/SN74HC4060QDRQ1/2811133,33 MHz,Up,Automotive,Binary Counter,14,1,-40°C ~ 125°C (TA),AEC-Q100,Asynchronous,74HC,Asynchronous,Negative Edge,2 V ~ 6 V
SN74HC590AD,Texas Instruments,IC BINARY COUNTER 8-BIT 16SOIC,pmic-gate-drivers,0,0.41662,"16-SOIC (0.154"", 3.90mm Width)",Surface Mount,Obsolete,,https://www.digikey.com/en/products/detail/texas-instruments/SN74HC590AD/376756,24 MHz,Up,,Binary Counter,8,1,-40°C ~ 85°C,,Asynchronous,74HC,,Positive Edge,2 V ~ 6 V
SN74HC590ADE4,Texas Instruments,IC BINARY COUNTER 8-BIT 16SOIC,pmic-gate-drivers,0,0.52773,"16-SOIC (0.154"", 3.90mm Width)",Surface Mount,Obsolete,,https://www.digikey.com/en/products/detail/texas-instruments/SN74HC590ADE4/1571244,24 MHz,Up,,Binary Counter,8,1,-40°C ~ 85°C,,Asynchronous,74HC,,Positive Edge,2 V ~ 6 V
SN74HC590ADG4,Texas Instruments,IC BINARY COUNTER 8-BIT 16SOIC,pmic-gate-drivers,0,0.52773,"16-SOIC (0.154"", 3.90mm Width)",Surface Mount,Obsolete,,https://www.digikey.com/en/products/detail/texas-instruments/SN74HC590ADG4/1903096,24 MHz,Up,,Binary Counter,8,1,-40°C ~ 85°C,,Asynchronous,74HC,,Positive Edge,2 V ~ 6 V
SN74HC590ADR,Texas Instruments,IC BINARY COUNTER 8-BIT 16SOIC,pmic-gate-drivers,3112,0.89,"16-SOIC (0.154"", 3.90mm Width)",Surface Mount,Active,,https://www.digikey.com/en/products/detail/texas-instruments/SN74HC590ADR/664653,24 MHz,Up,,Binary Counter,8,1,-40°C ~ 85°C,,Asynchronous,74HC,,Positive Edge,2 V ~ 6 V
SN74HC590ADT,Texas Instruments,IC BINARY COUNTER 8-BIT 16SOIC,pmic-gate-drivers,1225,0.84,"16-SOIC (0.154"", 3.90mm Width)",Surface Mount,Obsolete,,https://www.digikey.com/en/products/detail/texas-instruments/SN74HC590ADT/1571246,24 MHz,Up,,Binary Counter,8,1,-40°C ~ 85°C,,Asynchronous,74HC,,Positive Edge,2 V ~ 6 V
SN74HC590ADW,Texas Instruments,IC BINARY COUNTER 8-BIT 16SOIC,pmic-gate-drivers,1198,0.84,"16-SOIC (0.295"", 7.50mm Width)",Surface Mount,Obsolete,,https://www.digikey.com/en/products/detail/texas-instruments/SN74HC590ADW/376755,24 MHz,Up,,Binary Counter,8,1,-40°C ~ 85°C,,Asynchronous,74HC,,Positive Edge,2 V ~ 6 V
SN74HC590ADWR,Texas Instruments,IC BINARY COUNTER 8-BIT 16SOIC,pmic-gate-drivers,2906,0.98,"16-SOIC (0.295"", 7.50mm Width)",Surface Mount,Active,,https://www.digikey.com/en/products/detail/texas-instruments/SN74HC590ADWR/562921,24 MHz,Up,,Binary Counter,8,1,-40°C ~ 85°C,,Asynchronous,74HC,,Positive Edge,2 V ~ 6 V
SN74HC590AN,Texas Instruments,IC BINARY COUNTER 8-BIT 16DIP,pmic-gate-drivers,972,1.23,"16-DIP (0.300"", 7.62mm)",Through Hole,Active,,https://www.digikey.com/en/products/detail/texas-instruments/SN74HC590AN/277245,24 MHz,Up,,Binary Counter,8,1,-40°C ~ 85°C,,Asynchronous,74HC,,Positive Edge,2 V ~ 6 V
SN74HC590ANE4,Texas Instruments,IC BINARY COUNTER 8-BIT 16DIP,pmic-gate-drivers,0,0.65604,"16-DIP (0.300"", 7.62mm)",Through Hole,Active,https://www.ti.com/lit/ds/symlink/sn54hc590a.pdf,https://www.digikey.com/en/products/detail/texas-instruments/SN74HC590ANE4/18159350,40 MHz,Up,,Binary Counter,8,1,-40°C ~ 85°C (TA),,Asynchronous,74HC,,Positive Edge,2 V ~ 6 V
SN74HC590ANG4,Texas Instruments,IC BINARY COUNTER 8-BIT 16DIP,pmic-gate-drivers,0,0.34932,"16-DIP (0.300"", 7.62mm)",Through Hole,Discontinued at DigiKey,,https://www.digikey.com/en/products/detail/texas-instruments/SN74HC590ANG4/1571250,24 MHz,Up,,Binary Counter,8,1,-40°C ~ 85°C,,Asynchronous,74HC,,Positive Edge,2 V ~ 6 V
SN74HCS393DYYR,Texas Instruments,DUAL 4-BIT BINARY COUNTERS,pmic-gate-drivers,2383,0.25,"SOT-23-14 Thin, SOT-23 Variant",Surface Mount,Active,https://www.digikey.com//mm.digikey.com/Volume0/opasdata/d220001/medias/docus/6488/296_PdfFile_229552.pdf,https://www.digikey.com/en/products/detail/texas-instruments/SN74HCS393DYYR/25649520,60 MHz,Up,,Binary Counter,4,2,-40°C ~ 125°C,,Asynchronous,74HCS,,Negative Edge,2 V ~ 6 V
SN74LS161AD,onsemi,IC BINARY COUNTER 4-BIT 16SOIC,pmic-gate-drivers,32122,0.82,"16-SOIC (0.154"", 3.90mm Width)",Surface Mount,Obsolete,https://www.ti.com/lit/ds/symlink/sn74ls161a.pdf?ts=1633830890782&ref_url=https%253A%252F%252Fgoogle.com,https://www.digikey.com/en/products/detail/rochester-electronics-llc/SN74LS161AD/11536617,25 MHz,Up,,Binary Counter,4,1,0°C ~ 70°C,,Asynchronous,74LS,Synchronous,Positive Edge,4.75 V ~ 5.25 V
SN74LS161ADR,Texas Instruments,IC BINARY COUNTER 4-BIT 16SOIC,pmic-gate-drivers,511,0.95,"16-SOIC (0.154"", 3.90mm Width)",Surface Mount,Active,,https://www.digikey.com/en/products/detail/texas-instruments/SN74LS161ADR/1590354,25 MHz,Up,,Binary Counter,4,1,0°C ~ 70°C,,Asynchronous,74LS,Synchronous,Positive Edge,4.75 V ~ 5.25 V
SN74LS161ADRG4,Texas Instruments,IC BINARY COUNTER 4-BIT 16SOIC,pmic-gate-drivers,0,0.3236,"16-SOIC (0.154"", 3.90mm Width)",Surface Mount,Discontinued at DigiKey,,https://www.digikey.com/en/products/detail/texas-instruments/SN74LS161ADRG4/1903395,25 MHz,Up,,Binary Counter,4,1,0°C ~ 70°C,,Asynchronous,74LS,Synchronous,Positive Edge,4.75 V ~ 5.25 V
SN74LS161AML,onsemi,LOG TTL BIN CTRS 4BIT,pmic-gate-drivers,3000,0.26,-,-,Active,https://rocelec.widen.net/view/pdf/c1byj5rskr/TXIIS218938-1.pdf?t.download=true&u=5oefqw,https://www.digikey.com/en/products/detail/rochester-electronics-llc/SN74LS161AML/12126829,,,,,,,,,,*,,,
SN74LS161AMR1,onsemi,"BINARY COUNTER, LS SERIES",pmic-gate-drivers,4000,0.15,-,-,Active,https://rocelec.widen.net/view/pdf/aag7aigbyr/ONSMS12255-1.pdf?t.download=true&u=5oefqw,https://www.digikey.com/en/products/detail/rochester-electronics-llc/SN74LS161AMR1/12126239,,,,,,,,,,*,,,
SN74LS161AN,Texas Instruments,IC BINARY COUNTER 4-BIT 16DIP,pmic-gate-drivers,284,1.23,"16-DIP (0.300"", 7.62mm)",Through Hole,Active,,https://www.digikey.com/en/products/detail/texas-instruments/SN74LS161AN/277292,25 MHz,Up,,Binary Counter,4,1,0°C ~ 70°C,,Asynchronous,74LS,Synchronous,Positive Edge,4.75 V ~ 5.25 V
SN74LS161ANG4,Texas Instruments,IC BINARY COUNTER 4-BIT 16DIP,pmic-gate-drivers,0,0.38697,"16-DIP (0.300"", 7.62mm)",Through Hole,Discontinued at DigiKey,,https://www.digikey.com/en/products/detail/texas-instruments/SN74LS161ANG4/1594761,25 MHz,Up,,Binary Counter,4,1,0°C ~ 70°C,,Asynchronous,74LS,Synchronous,Positive Edge,4.75 V ~ 5.25 V
SN74LS161ANS,Texas Instruments,IC SYNC 4-BIT BIN CNTR 16SO,pmic-gate-drivers,2000,0.58,-,-,Active,https://rocelec.widen.net/view/pdf/plb4x91bjx/MOTOS12612-1.pdf?t.download=true&u=5oefqw,https://www.digikey.com/en/products/detail/rochester-electronics-llc/SN74LS161ANS/13502797,,,,,,,,,,*,,,
SN74LS161ANSR,Texas Instruments,IC BINARY COUNTER 4-BIT 16SO,pmic-gate-drivers,932,1.15,"16-SOIC (0.209"", 5.30mm Width)",Surface Mount,Active,,https://www.digikey.com/en/products/detail/texas-instruments/SN74LS161ANSR/377802,25 MHz,Up,,Binary Counter,4,1,0°C ~ 70°C,,Asynchronous,74LS,Synchronous,Positive Edge,4.75 V ~ 5.25 V
SN74LS162AN,onsemi,"DECADE COUNTER, LS SERIES",pmic-gate-drivers,61208,35.19,-,-,Active,https://rocelec.widen.net/view/pdf/c1byj5rskr/TXIIS218938-1.pdf?t.download=true&u=5oefqw,https://www.digikey.com/en/products/detail/rochester-electronics-llc/SN74LS162AN/12129032,,,,,,,,,,*,,,
SN74LS163AD,Texas Instruments,IC BINARY COUNTER 4-BIT 16SOIC,pmic-gate-drivers,759,0.0,"16-SOIC (0.154"", 3.90mm Width)",Surface Mount,Obsolete,,https://www.digikey.com/en/products/detail/texas-instruments/SN74LS163AD/1590357,25 MHz,Up,,Binary Counter,4,1,0°C ~ 70°C,,Synchronous,74LS,Synchronous,Positive Edge,4.75 V ~ 5.25 V
SN74LS163ADR,Texas Instruments,IC BINARY COUNTER 4-BIT 16SOIC,pmic-gate-drivers,0,0.51898,"16-SOIC (0.154"", 3.90mm Width)",Surface Mount,Active,,https://www.digikey.com/en/products/detail/texas-instruments/SN74LS163ADR/1590359,25 MHz,Up,,Binary Counter,4,1,0°C ~ 70°C,,Synchronous,74LS,Synchronous,Positive Edge,4.75 V ~ 5.25 V
SN74LS163AML1,onsemi,COUNTER SINGLE 4-BIT,pmic-gate-drivers,3000,0.26,-,-,Active,https://rocelec.widen.net/view/pdf/aqmsabga61/RSELS27358-1.pdf?t.download=true&u=5oefqw,https://www.digikey.com/en/products/detail/rochester-electronics-llc/SN74LS163AML1/12127319,,,,,,,,,,*,,,
SN74LS163AMR1,Motorola,IC BCD COUNTER 4-BIT 16SOEIAJ,pmic-gate-drivers,8000,0.26,"16-SOIC (0.209"", 5.30mm Width)",Surface Mount,Obsolete,https://rocelec.widen.net/view/pdf/aag7aigbyr/ONSMS12255-1.pdf?t.download=true&u=5oefqw,https://www.digikey.com/en/products/detail/rochester-electronics-llc/SN74LS163AMR1/12126616,35 MHz,Up,,"BCD Counter, Binary Counter, Decade",4,1,0°C ~ 70°C (TA),,Synchronous,74LS,Synchronous,Positive Edge,4.75 V ~ 5.25 V
SN74LS163AN,Texas Instruments,IC BINARY COUNTER 4-BIT 16DIP,pmic-gate-drivers,1733,1.22,"16-DIP (0.300"", 7.62mm)",Through Hole,Active,,https://www.digikey.com/en/products/detail/texas-instruments/SN74LS163AN/377784,25 MHz,Up,,Binary Counter,4,1,0°C ~ 70°C,,Synchronous,74LS,Synchronous,Positive Edge,4.75 V ~ 5.25 V
SN74LS163ANE4,Texas Instruments,IC BINARY COUNTER 4-BIT 16DIP,pmic-gate-drivers,0,0.64988,"16-DIP (0.300"", 7.62mm)",Through Hole,Active,https://www.ti.com/lit/ds/symlink/sn54ls161a-sp.pdf,https://www.digikey.com/en/products/detail/texas-instruments/SN74LS163ANE4/18159713,32 MHz,Up,,Binary Counter,4,1,0°C ~ 70°C (TA),,Synchronous,74LS,Synchronous,Positive Edge,4.75 V ~ 5.25 V
SN74LS163ANG4,Texas Instruments,IC BINARY COUNTER 4-BIT 16DIP,pmic-gate-drivers,0,0.34462,"16-DIP (0.300"", 7.62mm)",Through Hole,Discontinued at DigiKey,,https://www.digikey.com/en/products/detail/texas-instruments/SN74LS163ANG4/1594762,25 MHz,Up,,Binary Counter,4,1,0°C ~ 70°C,,Synchronous,74LS,Synchronous,Positive Edge,4.75 V ~ 5.25 V
SN74LS163ANS,Texas Instruments,COUNTR BIN SYNC 4BIT 16SO,pmic-gate-drivers,2880,0.55,-,-,Active,https://rocelec.widen.net/view/pdf/slns5flual/MOTOS12614-1.pdf?t.download=true&u=5oefqw,https://www.digikey.com/en/products/detail/rochester-electronics-llc/SN74LS163ANS/13449007,,,,,,,,,,*,,,
SN74LS163ANSR,Texas Instruments,IC BINARY COUNTER 4-BIT 16SO,pmic-gate-drivers,1961,1.18,"16-SOIC (0.209"", 5.30mm Width)",Surface Mount,Active,,https://www.digikey.com/en/products/detail/texas-instruments/SN74LS163ANSR/1590361,25 MHz,Up,,Binary Counter,4,1,0°C ~ 70°C,,Synchronous,74LS,Synchronous,Positive Edge,4.75 V ~ 5.25 V
SN74LS169BD,Texas Instruments,IC BINARY COUNTER 4-BIT 16SOIC,pmic-gate-drivers,12,2.73,"16-SOIC (0.154"", 3.90mm Width)",Surface Mount,Active,,https://www.digikey.com/en/products/detail/texas-instruments/SN74LS169BD/1590381,25 MHz,"Up, Down",,Binary Counter,4,1,0°C ~ 70°C,,,74LS,Synchronous,Positive Edge,4.75 V ~ 5.25 V
SN74LS169BN,Texas Instruments,IC BINARY COUNTER 4-BIT 16DIP,pmic-gate-drivers,347,3.45,"16-DIP (0.300"", 7.62mm)",Through Hole,Active,,https://www.digikey.com/en/products/detail/texas-instruments/SN74LS169BN/377794,25 MHz,"Up, Down",,Binary Counter,4,1,0°C ~ 70°C,,,74LS,Synchronous,Positive Edge,4.75 V ~ 5.25 V
SN74LS169BNSR,Texas Instruments,IC BINARY COUNTER 4-BIT 16SO,pmic-gate-drivers,0,0.66898,"16-SOIC (0.209"", 5.30mm Width)",Surface Mount,Obsolete,,https://www.digikey.com/en/products/detail/texas-instruments/SN74LS169BNSR/1590383,25 MHz,"Up, Down",,Binary Counter,4,1,0°C ~ 70°C,,,74LS,Synchronous,Positive Edge,4.75 V ~ 5.25 V
SN74LS169N,onsemi,COUNTER SINGLE 4-BIT,pmic-gate-drivers,4169,0.31,-,-,Active,https://rocelec.widen.net/view/pdf/i81mmgbdbu/RSELS23511-1.pdf?t.download=true&u=5oefqw,https://www.digikey.com/en/products/detail/rochester-electronics-llc/SN74LS169N/12133382,,,,,,,,,,*,,,
SN74LS191DR,Texas Instruments,IC BINARY COUNTER 4-BIT 16SOIC,pmic-gate-drivers,4428,1.47,"16-SOIC (0.154"", 3.90mm Width)",Surface Mount,Active,,https://www.digikey.com/en/products/detail/texas-instruments/SN74LS191DR/1590405,25 MHz,"Up, Down",,Binary Counter,4,1,0°C ~ 70°C,,,74LS,Synchronous,Positive Edge,4.75 V ~ 5.25 V
SN74LS191N,Texas Instruments,IC BINARY COUNTER 4-BIT 16DIP,pmic-gate-drivers,1002,1.86,"16-DIP (0.300"", 7.62mm)",Through Hole,Active,,https://www.digikey.com/en/products/detail/texas-instruments/SN74LS191N/563041,25 MHz,"Up, Down",,Binary Counter,4,1,0°C ~ 70°C,,,74LS,Synchronous,Positive Edge,4.75 V ~ 5.25 V
SN74LS191NSR,Texas Instruments,IC BINARY COUNTER 4-BIT 16SO,pmic-gate-drivers,0,0.98098,"16-SOIC (0.209"", 5.30mm Width)",Surface Mount,Active,,https://www.digikey.com/en/products/detail/texas-instruments/SN74LS191NSR/1590407,25 MHz,"Up, Down",,Binary Counter,4,1,0°C ~ 70°C,,,74LS,Synchronous,Positive Edge,4.75 V ~ 5.25 V
SN74LS193D,onsemi,IC BINARY COUNTER 4-BIT 16SOIC,pmic-gate-drivers,15589,1.16,"16-SOIC (0.154"", 3.90mm Width)",Surface Mount,Obsolete,,https://www.digikey.com/en/products/detail/rochester-electronics-llc/SN74LS193D/11557870,32 MHz,"Up, Down",,Binary Counter,4,1,0°C ~ 70°C,,Asynchronous,74LS,Synchronous,Positive Edge,4.75 V ~ 5.25 V
SN74LS193DR,Texas Instruments,IC BINARY COUNTER 4-BIT 16SOIC,pmic-gate-drivers,4069,1.34,"16-SOIC (0.154"", 3.90mm Width)",Surface Mount,Active,,https://www.digikey.com/en/products/detail/texas-instruments/SN74LS193DR/1590410,32 MHz,"Up, Down",,Binary Counter,4,1,0°C ~ 70°C,,Asynchronous,74LS,Synchronous,Positive Edge,4.75 V ~ 5.25 V
SN74LS193MEL,onsemi,COUNTER SINGLE 4 BIT ASYNC BINAR,pmic-gate-drivers,2000,0.48,-,-,Active,,https://www.digikey.com/en/products/detail/rochester-electronics-llc/SN74LS193MEL/12610218,,,,,,,,,,*,,,
SN74LS193N,Texas Instruments,IC BINARY COUNTER 4-BIT 16DIP,pmic-gate-drivers,760,1.67,"16-DIP (0.300"", 7.62mm)",Through Hole,Active,,https://www.digikey.com/en/products/detail/texas-instruments/SN74LS193N/277295,32 MHz,"Up, Down",,Binary Counter,4,1,0°C ~ 70°C,,Asynchronous,74LS,Synchronous,Positive Edge,4.75 V ~ 5.25 V
SN74LS193NE4,Texas Instruments,SN74LS193 SYNCHRONOUS 4-BIT UP/D,pmic-gate-drivers,787,1.16,"16-DIP (0.300"", 7.62mm)",Through Hole,Active,,https://www.digikey.com/en/products/detail/rochester-electronics-llc/SN74LS193NE4/13474009,32 MHz,"Up, Down",,Binary Counter,4,1,0°C ~ 70°C,,Asynchronous,74LS,Synchronous,Positive Edge,4.75 V ~ 5.25 V
SN74LS193NS,Texas Instruments,IC SYNC 4-BIT UP/DN CNTR 16SO,pmic-gate-drivers,2900,0.83,-,-,Active,https://rocelec.widen.net/view/pdf/ctw6mawie8/MOTOS12626-1.pdf?t.download=true&u=5oefqw,https://www.digikey.com/en/products/detail/rochester-electronics-llc/SN74LS193NS/12126467,,,,,,,,,,*,,,
SN74LS193NSR,Texas Instruments,IC BINARY COUNTER 4-BIT 16SO,pmic-gate-drivers,0,0.89166,"16-SOIC (0.209"", 5.30mm Width)",Surface Mount,Active,,https://www.digikey.com/en/products/detail/texas-instruments/SN74LS193NSR/1590412,32 MHz,"Up, Down",,Binary Counter,4,1,0°C ~ 70°C,,Asynchronous,74LS,Synchronous,Positive Edge,4.75 V ~ 5.25 V
SN74LS293D,onsemi,IC BINARY COUNTER 4-BIT 14SOIC,pmic-gate-drivers,34213,2.64,"14-SOIC (0.154"", 3.90mm Width)",Surface Mount,Obsolete,,https://www.digikey.com/en/products/detail/rochester-electronics-llc/SN74LS293D/11549621,42 MHz,Up,,Binary Counter,4,1,0°C ~ 70°C,,Synchronous,74LS,,Positive Edge,4.75 V ~ 5.25 V
SN74LS293DR,Texas Instruments,IC BINARY COUNTER 4-BIT 14SOIC,pmic-gate-drivers,0,1.39034,"14-SOIC (0.154"", 3.90mm Width)",Surface Mount,Obsolete,,https://www.digikey.com/en/products/detail/texas-instruments/SN74LS293DR/1590543,42 MHz,Up,,Binary Counter,4,1,0°C ~ 70°C,,Synchronous,74LS,,Positive Edge,4.75 V ~ 5.25 V
SN74LS293N,Texas Instruments,IC BINARY COUNTER 4-BIT 14DIP,pmic-gate-drivers,220,6.02,"14-DIP (0.300"", 7.62mm)",Through Hole,Active,,https://www.digikey.com/en/products/detail/texas-instruments/SN74LS293N/1594804,42 MHz,Up,,Binary Counter,4,1,0°C ~ 70°C,,Synchronous,74LS,,Positive Edge,4.75 V ~ 5.25 V
SN74LS38245DB,Texas Instruments,DECADE COUNTER,pmic-gate-drivers,7880,0.63,-,-,Active,https://www.ti.com/lit/ds/symlink/sn74ls245.pdf,https://www.digikey.com/en/products/detail/rochester-electronics-llc/SN74LS38245DB/13487685,,,,,,,,,,*,,,
SN74LS38245DBR,Texas Instruments,DECADE COUNTER,pmic-gate-drivers,4000,0.63,-,-,Active,https://www.ti.com/lit/ds/symlink/sn74ls245.pdf,https://www.digikey.com/en/products/detail/rochester-electronics-llc/SN74LS38245DBR/13487683,,,,,,,,,,*,,,
SN74LS390D,Texas Instruments,IC DECADE COUNTR DL 4BIT 16SOIC,pmic-gate-drivers,563,2.51,"16-SOIC (0.154"", 3.90mm Width)",Surface Mount,Active,,https://www.digikey.com/en/products/detail/texas-instruments/SN74LS390D/1590630,35 MHz,Up,,"Counter, Decade",4,2,0°C ~ 70°C,,Asynchronous,74LS,,Negative Edge,4.75 V ~ 5.25 V
SN74LS390DR,Texas Instruments,IC DECADE COUNTR DL 4BIT 16SOIC,pmic-gate-drivers,0,0.59091,"16-SOIC (0.154"", 3.90mm Width)",Surface Mount,Obsolete,,https://www.digikey.com/en/products/detail/texas-instruments/SN74LS390DR/1590632,35 MHz,Up,,"Counter, Decade",4,2,0°C ~ 70°C,,Asynchronous,74LS,,Negative Edge,4.75 V ~ 5.25 V
SN74LS390N,Texas Instruments,IC DECADE COUNTER DL 4BIT 16DIP,pmic-gate-drivers,733,3.28,"16-DIP (0.300"", 7.62mm)",Through Hole,Active,,https://www.digikey.com/en/products/detail/texas-instruments/SN74LS390N/1594831,35 MHz,Up,,"Counter, Decade",4,2,0°C ~ 70°C,,Asynchronous,74LS,,Negative Edge,4.75 V ~ 5.25 V
SN74LS390NS,Texas Instruments,BIN COUNTR DUAL 4BIT 16SO,pmic-gate-drivers,1620,1.36,-,-,Active,https://rocelec.widen.net/view/pdf/3h8kye0ng3/MOTOS12662-1.pdf?t.download=true&u=5oefqw,https://www.digikey.com/en/products/detail/rochester-electronics-llc/SN74LS390NS/13526148,,,,,,,,,,*,,,
SN74LS390NSR,Texas Instruments,IC DECADE COUNTER DL 4BIT 16SO,pmic-gate-drivers,0,1.6786,"16-SOIC (0.209"", 5.30mm Width)",Surface Mount,Active,,https://www.digikey.com/en/products/detail/texas-instruments/SN74LS390NSR/1590634,35 MHz,Up,,"Counter, Decade",4,2,0°C ~ 70°C,,Asynchronous,74LS,,Negative Edge,4.75 V ~ 5.25 V
SN74LS393D,onsemi,IC BINARY COUNTR DL 4BIT 14SOIC,pmic-gate-drivers,13973,1.27,"14-SOIC (0.154"", 3.90mm Width)",Surface Mount,Obsolete,,https://www.digikey.com/en/products/detail/rochester-electronics-llc/SN74LS393D/11517814,35 MHz,Up,,Binary Counter,4,2,0°C ~ 70°C,,Asynchronous,74LS,,Negative Edge,4.75 V ~ 5.25 V
SN74LS393DR,Texas Instruments,IC BINARY COUNTR DL 4BIT 14SOIC,pmic-gate-drivers,1213,1.51,"14-SOIC (0.154"", 3.90mm Width)",Surface Mount,Active,,https://www.digikey.com/en/products/detail/texas-instruments/SN74LS393DR/1590637,35 MHz,Up,,Binary Counter,4,2,0°C ~ 70°C,,Asynchronous,74LS,,Negative Edge,4.75 V ~ 5.25 V
SN74LS393MEL,onsemi,"BINARY COUNTER, LS SERIES",pmic-gate-drivers,6000,0.21,-,-,Active,https://rocelec.widen.net/view/pdf/tcdormshwp/ONSMS12423-1.pdf?t.download=true&u=5oefqw,https://www.digikey.com/en/products/detail/rochester-electronics-llc/SN74LS393MEL/12129222,,,,,,,,,,*,,,
SN74LS393N,Texas Instruments,IC BINARY COUNTER DL 4BIT 14DIP,pmic-gate-drivers,1123,1.94,"14-DIP (0.300"", 7.62mm)",Through Hole,Active,,https://www.digikey.com/en/products/detail/texas-instruments/SN74LS393N/277311,35 MHz,Up,,Binary Counter,4,2,0°C ~ 70°C,,Asynchronous,74LS,,Negative Edge,4.75 V ~ 5.25 V
SN74LS393NE4,Texas Instruments,SN74LS393 DUAL 4-BIT BINARY COUN,pmic-gate-drivers,440,1.36,-,-,Active,https://www.ti.com/lit/ds/symlink/sn54ls390.pdf,https://www.digikey.com/en/products/detail/rochester-electronics-llc/SN74LS393NE4/13495007,,,,,,,,,,*,,,
SN74LS393NG4,Texas Instruments,IC BINARY COUNTER DL 4BIT 14DIP,pmic-gate-drivers,0,0.60528,"14-DIP (0.300"", 7.62mm)",Through Hole,Discontinued at DigiKey,,https://www.digikey.com/en/products/detail/texas-instruments/SN74LS393NG4/1594833,35 MHz,Up,,Binary Counter,4,2,0°C ~ 70°C,,Asynchronous,74LS,,Negative Edge,4.75 V ~ 5.25 V
SN74LS393NS,Texas Instruments,IC BINARY COUNTER DL 4BIT 14SO,pmic-gate-drivers,726,1.58,"14-SOIC (0.209"", 5.30mm Width)",Surface Mount,Obsolete,,https://www.digikey.com/en/products/detail/texas-instruments/SN74LS393NS/9860852,35 MHz,Up,,Binary Counter,4,2,0°C ~ 70°C (TA),,Asynchronous,74LS,,Negative Edge,4.75 V ~ 5.25 V
SN74LS393NSR,Texas Instruments,IC BINARY COUNTER DL 4BIT 14SO,pmic-gate-drivers,4647,1.75,"14-SOIC (0.209"", 5.30mm Width)",Surface Mount,Active,,https://www.digikey.com/en/products/detail/texas-instruments/SN74LS393NSR/1590639,35 MHz,Up,,Binary Counter,4,2,0°C ~ 70°C,,Asynchronous,74LS,,Negative Edge,4.75 V ~ 5.25 V
SN74LS461AJS,Advanced Micro Devices,BINARY COUNTER,pmic-gate-drivers,1027,9.7,-,-,Active,,https://www.digikey.com/en/products/detail/rochester-electronics-llc/SN74LS461AJS/12128406,,,,,,,,,,*,,,
SN74LS469AFN,Advanced Micro Devices,IC BINARY COUNTER 8-BIT,pmic-gate-drivers,592,10.54,-,-,Active,https://rocelec.widen.net/view/pdf/3zptfy11eq/MONMS00126-1.pdf?t.download=true&u=5oefqw,https://www.digikey.com/en/products/detail/rochester-electronics-llc/SN74LS469AFN/12611102,25 MHz,"Up, Down",,Binary Counter,8,1,0°C ~ 75°C (TA),,Asynchronous,74LS,Synchronous,Positive Edge,4.75 V ~ 5.25 V
SN74LS490N,"Rochester Electronics, LLC","DECADE COUNTER, LS SERIES, ASYNC",pmic-gate-drivers,1114,46.28,-,-,Active,https://rocelec.widen.net/view/pdf/m2n3nvjrmn/sn74ls490.pdf?t.download=true&u=ovmfp3,https://www.digikey.com/en/products/detail/rochester-electronics-llc/SN74LS490N/12601954,,,,,,,,,,*,,,
SN74LS590D,Texas Instruments,IC BINARY COUNTER 8-BIT 16SOIC,pmic-gate-drivers,5,17.88,"16-SOIC (0.154"", 3.90mm Width)",Surface Mount,Active,https://www.ti.com/lit/ds/sdls003/sdls003.pdf,https://www.digikey.com/en/products/detail/texas-instruments/SN74LS590D/377748,35 MHz,Up,,Binary Counter,8,1,0°C ~ 70°C,,Asynchronous,74LS,,Positive Edge,4.75 V ~ 5.25 V
SN74LS590DR,Texas Instruments,IC BINARY COUNTER 8-BIT 16SOIC,pmic-gate-drivers,0,5.35432,"16-SOIC (0.154"", 3.90mm Width)",Surface Mount,Obsolete,https://www.ti.com/lit/ds/sdls003/sdls003.pdf,https://www.digikey.com/en/products/detail/texas-instruments/SN74LS590DR/1590676,35 MHz,Up,,Binary Counter,8,1,0°C ~ 70°C,,Asynchronous,74LS,,Positive Edge,4.75 V ~ 5.25 V
SN74LS590N,Texas Instruments,IC BINARY COUNTER 8-BIT 16DIP,pmic-gate-drivers,27,22.73,"16-DIP (0.300"", 7.62mm)",Through Hole,Active,https://www.ti.com/lit/ds/sdls003/sdls003.pdf,https://www.digikey.com/en/products/detail/texas-instruments/SN74LS590N/377749,35 MHz,Up,,Binary Counter,8,1,0°C ~ 70°C,,Asynchronous,74LS,,Positive Edge,4.75 V ~ 5.25 V
SN74LS590NE4,Texas Instruments,IC BIN CNTR W/OUTPUT-REG 16-DIP,pmic-gate-drivers,856,14.89,"16-DIP (0.300"", 7.62mm)",Through Hole,Active,https://www.ti.com/lit/ds/sdls003/sdls003.pdf,https://www.digikey.com/en/products/detail/texas-instruments/SN74LS590NE4/11559528,35 MHz,Up,,Binary Counter,8,1,0°C ~ 70°C,,Asynchronous,74LS,,Positive Edge,4.75 V ~ 5.25 V
SN74LS590NS,Texas Instruments,IC COUNTER BIN 8BIT W/REG 16SO,pmic-gate-drivers,2700,10.33,-,-,Active,https://rocelec.widen.net/view/pdf/okx11uwff4/sn74ls590.pdf?t.download=true&u=ovmfp3,https://www.digikey.com/en/products/detail/rochester-electronics-llc/SN74LS590NS/12129425,,,,,,,,,,*,,,
SN74LS591D,Texas Instruments,"BINARY COUNTER, LS SERIES, ASYNC",pmic-gate-drivers,1896,41.44,-,-,Active,https://www.digikey.com//mm.digikey.com/Volume0/opasdata/d220001/medias/docus/6534/sn74ls590.pdf,https://www.digikey.com/en/products/detail/rochester-electronics-llc/SN74LS591D/13495150,,,,,,,,,,*,,,
SN74LS592D,Texas Instruments,IC BINARY COUNTER 8-BIT 16SOIC,pmic-gate-drivers,6,19.36,"16-SOIC (0.154"", 3.90mm Width)",Surface Mount,Active,https://www.ti.com/lit/ds/sdls004/sdls004.pdf,https://www.digikey.com/en/products/detail/texas-instruments/SN74LS592D/1590680,35 MHz,Up,,Binary Counter,8,1,0°C ~ 70°C,,,74LS,,Positive Edge,4.75 V ~ 5.25 V
SN74LS592DR,Texas Instruments,IC BINARY COUNTER 8-BIT 16SOIC,pmic-gate-drivers,0,5.81417,"16-SOIC (0.154"", 3.90mm Width)",Surface Mount,Obsolete,https://www.ti.com/lit/ds/sdls004/sdls004.pdf,https://www.digikey.com/en/products/detail/texas-instruments/SN74LS592DR/1590682,35 MHz,Up,,Binary Counter,8,1,0°C ~ 70°C,,,74LS,,Positive Edge,4.75 V ~ 5.25 V
SN74LS592N,Texas Instruments,IC BINARY COUNTER 8-BIT 16DIP,pmic-gate-drivers,24,24.61,"16-DIP (0.300"", 7.62mm)",Through Hole,Active,https://www.ti.com/lit/ds/sdls004/sdls004.pdf,https://www.digikey.com/en/products/detail/texas-instruments/SN74LS592N/1594846,35 MHz,Up,,Binary Counter,8,1,0°C ~ 70°C,,,74LS,,Positive Edge,4.75 V ~ 5.25 V
SN74LS592NS,Texas Instruments,BINARY COUNTER W/INPUT REGISTERS,pmic-gate-drivers,1250,7.77,-,-,Obsolete,,https://www.digikey.com/en/products/detail/texas-instruments/SN74LS592NS/12609634,,,,,,,,,,*,,,
SN74LS593DW,Texas Instruments,IC BINARY COUNTER 8-BIT 20SOIC,pmic-gate-drivers,266,17.33,"20-SOIC (0.295"", 7.50mm Width)",Surface Mount,Obsolete,https://www.ti.com/lit/ds/sdls004/sdls004.pdf,https://www.digikey.com/en/products/detail/texas-instruments/SN74LS593DW/1590686,35 MHz,Up,,Binary Counter,8,1,0°C ~ 70°C,,Synchronous,74LS,,Positive Edge,4.75 V ~ 5.25 V
SN74LS593DWR,Texas Instruments,IC BINARY COUNTER 8-BIT 20SOIC,pmic-gate-drivers,0,14.61306,"20-SOIC (0.295"", 7.50mm Width)",Surface Mount,Active,https://www.ti.com/lit/ds/sdls004/sdls004.pdf,https://www.digikey.com/en/products/detail/texas-instruments/SN74LS593DWR/1590688,35 MHz,Up,,Binary Counter,8,1,0°C ~ 70°C,,Synchronous,74LS,,Positive Edge,4.75 V ~ 5.25 V
SN74LS593N,Texas Instruments,IC BINARY COUNTER 8-BIT 20DIP,pmic-gate-drivers,99,25.63,"20-DIP (0.300"", 7.62mm)",Through Hole,Active,https://www.ti.com/lit/ds/sdls004/sdls004.pdf,https://www.digikey.com/en/products/detail/texas-instruments/SN74LS593N/377750,35 MHz,Up,,Binary Counter,8,1,0°C ~ 70°C,,Synchronous,74LS,,Positive Edge,4.75 V ~ 5.25 V
SN74LS669D,Texas Instruments,IC BINARY COUNTER 4-BIT 16SOIC,pmic-gate-drivers,0,3.86,"16-SOIC (0.154"", 3.90mm Width)",Surface Mount,Obsolete,,https://www.digikey.com/en/products/detail/texas-instruments/SN74LS669D/1590773,32 MHz,"Up, Down",,Binary Counter,4,1,0°C ~ 70°C,,Asynchronous,74LS,Synchronous,Positive Edge,4.75 V ~ 5.25 V
SN74LS669N,Texas Instruments,IC SYNC UP/DWN BNRY COUNTR 16DIP,pmic-gate-drivers,27016,5.18,"16-DIP (0.300"", 7.62mm)",Through Hole,Obsolete,,https://www.digikey.com/en/products/detail/texas-instruments/SN74LS669N/11527913,32 MHz,"Up, Down",,Binary Counter,4,1,0°C ~ 70°C,,Asynchronous,74LS,Synchronous,Positive Edge,4.75 V ~ 5.25 V
SN74LS669NS,Texas Instruments,COUNTER SINGLE 4-BIT SYNC BINARY,pmic-gate-drivers,1800,2.49,-,-,Active,https://rocelec.widen.net/view/pdf/vii0e1q2zr/MOTOS13058-1.pdf?t.download=true&u=5oefqw,https://www.digikey.com/en/products/detail/rochester-electronics-llc/SN74LS669NS/13473220,,,,,,,,,,*,,,
SN74LS68N,Texas Instruments,"DECADE COUNTER, LS SERIES",pmic-gate-drivers,1977,41.44,-,-,Active,https://rocelec.widen.net/view/pdf/nroesnfqjk/TXIIS144383-1.pdf?t.download=true&u=5oefqw,https://www.digikey.com/en/products/detail/rochester-electronics-llc/SN74LS68N/12138394,,,,,,,,,,*,,,
SN74LS693N,Texas Instruments,"BINARY COUNTER, LS SERIES",pmic-gate-drivers,399,45.14,-,-,Active,https://rocelec.widen.net/view/pdf/w20g04kure/TXIIS146232-1.pdf?t.download=true&u=5oefqw,https://www.digikey.com/en/products/detail/rochester-electronics-llc/SN74LS693N/12130241,,,,,,,,,,*,,,
SN74LS696N,Texas Instruments,"DECADE COUNTER, LS SERIES",pmic-gate-drivers,2332,35.19,-,-,Active,https://rocelec.widen.net/view/pdf/zm9ayfo2g5/TXIIS87823-1.pdf?t.download=true&u=5oefqw,https://www.digikey.com/en/products/detail/rochester-electronics-llc/SN74LS696N/12130466,,,,,,,,,,*,,,
SN74LS697DW,Texas Instruments,IC BINARY COUNTER 4-BIT 20SOIC,pmic-gate-drivers,0,6.3756,"20-SOIC (0.295"", 7.50mm Width)",Surface Mount,Active,,https://www.digikey.com/en/products/detail/texas-instruments/SN74LS697DW/1590798,,Up,,Binary Counter,4,1,0°C ~ 70°C,,Asynchronous,74LS,Synchronous,Positive Edge,4.75 V ~ 5.25 V
SN74LS697N,Texas Instruments,IC BINARY COUNTER 4-BIT 20DIP,pmic-gate-drivers,0,8.28825,"20-DIP (0.300"", 7.62mm)",Through Hole,Active,,https://www.digikey.com/en/products/detail/texas-instruments/SN74LS697N/377732,,Up,,Binary Counter,4,1,0°C ~ 70°C,,Asynchronous,74LS,Synchronous,Positive Edge,4.75 V ~ 5.25 V
SN74LS697NS,Texas Instruments,IC 4-BIT SYNC BIN CNTR 20SO,pmic-gate-drivers,3077,4.29,-,-,Active,https://rocelec.widen.net/view/pdf/vzyiszro8w/sn74ls697.pdf?t.download=true&u=ovmfp3,https://www.digikey.com/en/products/detail/rochester-electronics-llc/SN74LS697NS/13444354,,,,,,,,,,*,,,
SN74LS699N,Texas Instruments,"BINARY COUNTER, LS SERIES",pmic-gate-drivers,3883,64.19,-,-,Active,https://rocelec.widen.net/view/pdf/nks7guoryz/TXIIS101365-1.pdf?t.download=true&u=5oefqw,https://www.digikey.com/en/products/detail/rochester-electronics-llc/SN74LS699N/12130951,,,,,,,,,,*,,,
SN74LS69D,Texas Instruments,"BINARY COUNTER, LS SERIES",pmic-gate-drivers,1017,2.05,-,-,Active,https://rocelec.widen.net/view/pdf/nroesnfqjk/TXIIS144383-1.pdf?t.download=true&u=5oefqw,https://www.digikey.com/en/products/detail/rochester-electronics-llc/SN74LS69D/12136288,,,,,,,,,,*,,,
SN74LS69N,Texas Instruments,"BINARY COUNTER, LS SERIES",pmic-gate-drivers,277,41.44,-,-,Active,https://rocelec.widen.net/view/pdf/nroesnfqjk/TXIIS144383-1.pdf?t.download=true&u=5oefqw,https://www.digikey.com/en/products/detail/rochester-electronics-llc/SN74LS69N/12129593,,,,,,,,,,*,,,
SN74LS90D,onsemi,IC DECADE COUNTER 4-BIT 14SOIC,pmic-gate-drivers,17199,2.25,"14-SOIC (0.154"", 3.90mm Width)",Surface Mount,Obsolete,,https://www.digikey.com/en/products/detail/rochester-electronics-llc/SN74LS90D/11541984,42 MHz,Up,,"Counter, Decade",4,1,0°C ~ 70°C,,Asynchronous,74LS,,Negative Edge,4.75 V ~ 5.25 V
SN74LS90DR,Texas Instruments,IC DECADE COUNTER 4-BIT 14SOIC,pmic-gate-drivers,2253,3.03,"14-SOIC (0.154"", 3.90mm Width)",Surface Mount,Active,,https://www.digikey.com/en/products/detail/texas-instruments/SN74LS90DR/377810,42 MHz,Up,,"Counter, Decade",4,1,0°C ~ 70°C,,Asynchronous,74LS,,Negative Edge,4.75 V ~ 5.25 V
SN74LS90N,Texas Instruments,IC DECADE COUNTER 4-BIT 14DIP,pmic-gate-drivers,889,3.79,"14-DIP (0.300"", 7.62mm)",Through Hole,Active,,https://www.digikey.com/en/products/detail/texas-instruments/SN74LS90N/1594895,42 MHz,Up,,"Counter, Decade",4,1,0°C ~ 70°C,,Asynchronous,74LS,,Negative Edge,4.75 V ~ 5.25 V
SN74LS90NSR,Texas Instruments,LOGIC GATES AND INVERTERS,pmic-gate-drivers,27785,1.61,"14-SOIC (0.209"", 5.30mm Width)",Surface Mount,Obsolete,,https://www.digikey.com/en/products/detail/texas-instruments/SN74LS90NSR/13469471,42 MHz,Up,,"Counter, Decade",4,1,0°C ~ 70°C (TA),,Asynchronous,74LS,,Negative Edge,4.75 V ~ 5.25 V
SN74LS92D,onsemi,IC DIVIDER BY 12 4-BIT 14SOIC,pmic-gate-drivers,20557,2.14,"14-SOIC (0.154"", 3.90mm Width)",Surface Mount,Obsolete,,https://www.digikey.com/en/products/detail/rochester-electronics-llc/SN74LS92D/11556098,42 MHz,Up,,Divide-by-12,4,1,0°C ~ 70°C,,Synchronous,74LS,,Positive Edge,4.75 V ~ 5.25 V
SN74LS92DR2,onsemi,DIVIDE BY 12 COUNTER,pmic-gate-drivers,12596,0.2,"14-SOIC (0.154"", 3.90mm Width)",Surface Mount,Active,https://rocelec.widen.net/view/pdf/sjzly8hkm8/RSELS24781-1.pdf?t.download=true&u=5oefqw,https://www.digikey.com/en/products/detail/rochester-electronics-llc/SN74LS92DR2/12136341,32 MHz,Up,,Binary Counter,4,1,0°C ~ 70°C (TA),,Asynchronous,74LS,,Negative Edge,4.75 V ~ 5.25 V
SN74LS92ML1,onsemi,DIV-12 COUNTER,pmic-gate-drivers,5550,0.31,-,-,Active,,https://www.digikey.com/en/products/detail/rochester-electronics-llc/SN74LS92ML1/12616789,,,,,,,,,,*,,,
SN74LS92N,Texas Instruments,IC DIVIDER BY 12 4-BIT 14DIP,pmic-gate-drivers,190,4.94,"14-DIP (0.300"", 7.62mm)",Through Hole,Active,,https://www.digikey.com/en/products/detail/texas-instruments/SN74LS92N/1594897,42 MHz,Up,,Divide-by-12,4,1,0°C ~ 70°C,,Synchronous,74LS,,Positive Edge,4.75 V ~ 5.25 V
SN74LS92NS,Texas Instruments,IC COUNTER DIVIDE X12 14SO,pmic-gate-drivers,4900,2.13,-,-,Active,https://rocelec.widen.net/view/pdf/dbtoakbexn/MOTOS13063-1.pdf?t.download=true&u=5oefqw,https://www.digikey.com/en/products/detail/rochester-electronics-llc/SN74LS92NS/12130759,,,,,,,,,,*,,,
SN74LS92NSR,Texas Instruments,IC DIVIDER BY 12 4-BIT 14SO,pmic-gate-drivers,0,3.1108,"14-SOIC (0.209"", 5.30mm Width)",Surface Mount,Active,,https://www.digikey.com/en/products/detail/texas-instruments/SN74LS92NSR/484820,42 MHz,Up,,Divide-by-12,4,1,0°C ~ 70°C,,Synchronous,74LS,,Positive Edge,4.75 V ~ 5.25 V
SN74LS93D,Texas Instruments,IC BINARY COUNTER 4-BIT 14SOIC,pmic-gate-drivers,789,3.98,"14-SOIC (0.154"", 3.90mm Width)",Surface Mount,Active,,https://www.digikey.com/en/products/detail/texas-instruments/SN74LS93D/377742,42 MHz,Up,,Binary Counter,4,1,0°C ~ 70°C,,Asynchronous,74LS,,Negative Edge,4.75 V ~ 5.25 V
SN74LS93DR,Texas Instruments,IC BINARY COUNTER 4-BIT 14SOIC,pmic-gate-drivers,0,0.97203,"14-SOIC (0.154"", 3.90mm Width)",Surface Mount,Obsolete,,https://www.digikey.com/en/products/detail/texas-instruments/SN74LS93DR/1590833,42 MHz,Up,,Binary Counter,4,1,0°C ~ 70°C,,Asynchronous,74LS,,Negative Edge,4.75 V ~ 5.25 V
SN74LS93N,Texas Instruments,IC BINARY COUNTER 4-BIT 14DIP,pmic-gate-drivers,1053,5.04,"14-DIP (0.300"", 7.62mm)",Through Hole,Active,,https://www.digikey.com/en/products/detail/texas-instruments/SN74LS93N/377783,42 MHz,Up,,Binary Counter,4,1,0°C ~ 70°C,,Asynchronous,74LS,,Negative Edge,4.75 V ~ 5.25 V
SN74LS93NS,Texas Instruments,4 BIT BINARY COUNTER 14SO,pmic-gate-drivers,4450,2.76,"14-SOIC (0.209"", 5.30mm Width)",Surface Mount,Active,https://rocelec.widen.net/view/pdf/dbtoakbexn/MOTOS13063-1.pdf?t.download=true&u=5oefqw,https://www.digikey.com/en/products/detail/rochester-electronics-llc/SN74LS93NS/13447517,42 MHz,Up,,Binary Counter,4,1,0°C ~ 70°C,,Asynchronous,74LS,,Negative Edge,4.75 V ~ 5.25 V
SN74LS93NSR,Texas Instruments,IC BINARY COUNTER 4-BIT 14SO,pmic-gate-drivers,0,1.11581,"14-SOIC (0.209"", 5.30mm Width)",Surface Mount,Discontinued at DigiKey,,https://www.digikey.com/en/products/detail/texas-instruments/SN74LS93NSR/1590835,42 MHz,Up,,Binary Counter,4,1,0°C ~ 70°C,,Asynchronous,74LS,,Negative Edge,4.75 V ~ 5.25 V
SN74LV161AD,Texas Instruments,IC BINARY COUNTER 4-BIT 16SOIC,pmic-gate-drivers,0,0.89,"16-SOIC (0.154"", 3.90mm Width)",Surface Mount,Obsolete,,https://www.digikey.com/en/products/detail/texas-instruments/SN74LV161AD/1591115,95 MHz,Up,,Binary Counter,4,1,-40°C ~ 85°C,,Asynchronous,74LV-A,Synchronous,Positive Edge,2 V ~ 5.5 V
SN74LV161ADBR,Texas Instruments,IC BINARY COUNTER 4-BIT 16SSOP,pmic-gate-drivers,3880,0.47,"16-SSOP (0.209"", 5.30mm Width)",Surface Mount,Active,,https://www.digikey.com/en/products/detail/texas-instruments/SN74LV161ADBR/416699,95 MHz,Up,,Binary Counter,4,1,-40°C ~ 85°C,,Asynchronous,74LV-A,Synchronous,Positive Edge,2 V ~ 5.5 V
SN74LV161ADGVR,Texas Instruments,IC BINARY COUNTER 4-BIT 16TVSOP,pmic-gate-drivers,1189,1.2,"16-TFSOP (0.173"", 4.40mm Width)",Surface Mount,Active,,https://www.digikey.com/en/products/detail/texas-instruments/SN74LV161ADGVR/416701,95 MHz,Up,,Binary Counter,4,1,-40°C ~ 85°C,,Asynchronous,74LV-A,Synchronous,Positive Edge,2 V ~ 5.5 V
SN74LV161ADR,Texas Instruments,IC BINARY COUNTER 4-BIT 16SOIC,pmic-gate-drivers,4486,0.44,"16-SOIC (0.154"", 3.90mm Width)",Surface Mount,Active,,https://www.digikey.com/en/products/detail/texas-instruments/SN74LV161ADR/484822,95 MHz,Up,,Binary Counter,4,1,-40°C ~ 85°C,,Asynchronous,74LV-A,Synchronous,Positive Edge,2 V ~ 5.5 V
SN74LV161ANS,Texas Instruments,BINARY COUNTER,pmic-gate-drivers,900,0.66,-,-,Active,https://www.ti.com/lit/ds/symlink/sn74lv161a.pdf,https://www.digikey.com/en/products/detail/rochester-electronics-llc/SN74LV161ANS/12131624,,,,,,,,,,*,,,
SN74LV161APW,Texas Instruments,IC BINARY COUNTER 4-BIT 16TSSOP,pmic-gate-drivers,728,0.87,"16-TSSOP (0.173"", 4.40mm Width)",Surface Mount,Obsolete,,https://www.digikey.com/en/products/detail/texas-instruments/SN74LV161APW/1591122,95 MHz,Up,,Binary Counter,4,1,-40°C ~ 85°C,,Asynchronous,74LV-A,Synchronous,Positive Edge,2 V ~ 5.5 V
SN74LV161APWR,Texas Instruments,IC BINARY COUNTER 4-BIT 16TSSOP,pmic-gate-drivers,5193,0.74,"16-TSSOP (0.173"", 4.40mm Width)",Surface Mount,Active,,https://www.digikey.com/en/products/detail/texas-instruments/SN74LV161APWR/416703,95 MHz,Up,,Binary Counter,4,1,-40°C ~ 85°C,,Asynchronous,74LV-A,Synchronous,Positive Edge,2 V ~ 5.5 V
SN74LV161APWRE4,Texas Instruments,IC BINARY COUNTER 4-BIT 16TSSOP,pmic-gate-drivers,0,0.34489,"16-TSSOP (0.173"", 4.40mm Width)",Surface Mount,Discontinued at DigiKey,,https://www.digikey.com/en/products/detail/texas-instruments/SN74LV161APWRE4/1591125,95 MHz,Up,,Binary Counter,4,1,-40°C ~ 85°C,,Asynchronous,74LV-A,Synchronous,Positive Edge,2 V ~ 5.5 V
SN74LV161APWRG4,Texas Instruments,IC BINARY COUNTER 4-BIT 16TSSOP,pmic-gate-drivers,0,0.34489,"16-TSSOP (0.173"", 4.40mm Width)",Surface Mount,Obsolete,,https://www.digikey.com/en/products/detail/texas-instruments/SN74LV161APWRG4/1591126,95 MHz,Up,,Binary Counter,4,1,-40°C ~ 85°C,,Asynchronous,74LV-A,Synchronous,Positive Edge,2 V ~ 5.5 V
SN74LV161APWT,Texas Instruments,IC BINARY COUNTER 4-BIT 16TSSOP,pmic-gate-drivers,29465,0.87,"16-TSSOP (0.173"", 4.40mm Width)",Surface Mount,Obsolete,,https://www.digikey.com/en/products/detail/texas-instruments/SN74LV161APWT/1591127,95 MHz,Up,,Binary Counter,4,1,-40°C ~ 85°C,,Asynchronous,74LV-A,Synchronous,Positive Edge,2 V ~ 5.5 V
SN74LV163AD,Texas Instruments,IC BINARY COUNTER 4-BIT 16SOIC,pmic-gate-drivers,2824,0.93,"16-SOIC (0.154"", 3.90mm Width)",Surface Mount,Obsolete,https://www.ti.com/lit/ds/scls405f/scls405f.pdf,https://www.digikey.com/en/products/detail/texas-instruments/SN74LV163AD/1591129,90 MHz,Up,,Binary Counter,4,1,-40°C ~ 85°C,,Synchronous,74LV,Synchronous,Positive Edge,2 V ~ 5.5 V
SN74LV163ADBR,Texas Instruments,IC BINARY COUNTER 4-BIT 16SSOP,pmic-gate-drivers,3530,0.5,"16-SSOP (0.209"", 5.30mm Width)",Surface Mount,Active,https://www.ti.com/lit/ds/scls405f/scls405f.pdf,https://www.digikey.com/en/products/detail/texas-instruments/SN74LV163ADBR/416705,90 MHz,Up,,Binary Counter,4,1,-40°C ~ 85°C,,Synchronous,74LV,Synchronous,Positive Edge,2 V ~ 5.5 V
SN74LV163ADGVR,Texas Instruments,IC BINARY COUNTER 4-BIT 16TVSOP,pmic-gate-drivers,6445,0.47,"16-TFSOP (0.173"", 4.40mm Width)",Surface Mount,Active,https://www.ti.com/lit/ds/scls405f/scls405f.pdf,https://www.digikey.com/en/products/detail/texas-instruments/SN74LV163ADGVR/416707,90 MHz,Up,,Binary Counter,4,1,-40°C ~ 85°C,,Synchronous,74LV,Synchronous,Positive Edge,2 V ~ 5.5 V
SN74LV163ADR,Texas Instruments,IC BINARY COUNTER 4-BIT 16SOIC,pmic-gate-drivers,5603,0.47,"16-SOIC (0.154"", 3.90mm Width)",Surface Mount,Active,https://www.ti.com/lit/ds/scls405f/scls405f.pdf,https://www.digikey.com/en/products/detail/texas-instruments/SN74LV163ADR/404668,90 MHz,Up,,Binary Counter,4,1,-40°C ~ 85°C,,Synchronous,74LV,Synchronous,Positive Edge,2 V ~ 5.5 V
SN74LV163ANSR,Texas Instruments,IC BINARY COUNTER 4-BIT 16SO,pmic-gate-drivers,3794,0.71,"16-SOIC (0.209"", 5.30mm Width)",Surface Mount,Active,https://www.ti.com/lit/ds/scls405f/scls405f.pdf,https://www.digikey.com/en/products/detail/texas-instruments/SN74LV163ANSR/1591134,90 MHz,Up,,Binary Counter,4,1,-40°C ~ 85°C,,Synchronous,74LV,Synchronous,Positive Edge,2 V ~ 5.5 V
SN74LV163APW,Texas Instruments,IC BINARY COUNTER 4-BIT 16TSSOP,pmic-gate-drivers,850,0.83,"16-TSSOP (0.173"", 4.40mm Width)",Surface Mount,Obsolete,https://www.ti.com/lit/ds/scls405f/scls405f.pdf,https://www.digikey.com/en/products/detail/texas-instruments/SN74LV163APW/1591136,90 MHz,Up,,Binary Counter,4,1,-40°C ~ 85°C,,Synchronous,74LV,Synchronous,Positive Edge,2 V ~ 5.5 V
SN74LV163APWR,Texas Instruments,IC BINARY COUNTER 4-BIT 16TSSOP,pmic-gate-drivers,7025,0.72,"16-TSSOP (0.173"", 4.40mm Width)",Surface Mount,Active,https://www.ti.com/lit/ds/scls405f/scls405f.pdf,https://www.digikey.com/en/products/detail/texas-instruments/SN74LV163APWR/416709,90 MHz,Up,,Binary Counter,4,1,-40°C ~ 85°C,,Synchronous,74LV,Synchronous,Positive Edge,2 V ~ 5.5 V
SN74LV163APWRG4,Texas Instruments,IC BINARY COUNTER 4-BIT 16TSSOP,pmic-gate-drivers,0,0.09905,"16-TSSOP (0.173"", 4.40mm Width)",Surface Mount,Obsolete,https://www.ti.com/lit/ds/scls405f/scls405f.pdf,https://www.digikey.com/en/products/detail/texas-instruments/SN74LV163APWRG4/1903774,90 MHz,Up,,Binary Counter,4,1,-40°C ~ 85°C,,Synchronous,74LV,Synchronous,Positive Edge,2 V ~ 5.5 V
SN74LV163APWT,Texas Instruments,IC BINARY COUNTER 4-BIT 16TSSOP,pmic-gate-drivers,990,0.83,"16-TSSOP (0.173"", 4.40mm Width)",Surface Mount,Obsolete,https://www.ti.com/lit/ds/scls405f/scls405f.pdf,https://www.digikey.com/en/products/detail/texas-instruments/SN74LV163APWT/1591139,90 MHz,Up,,Binary Counter,4,1,-40°C ~ 85°C,,Synchronous,74LV,Synchronous,Positive Edge,2 V ~ 5.5 V
SN74LV163ARGYR,Texas Instruments,IC BINARY COUNTER 4-BIT 16VQFN,pmic-gate-drivers,5832,0.36,16-VFQFN Exposed Pad,Surface Mount,Active,https://www.ti.com/lit/ds/scls405f/scls405f.pdf,https://www.digikey.com/en/products/detail/texas-instruments/SN74LV163ARGYR/521494,90 MHz,Up,,Binary Counter,4,1,-40°C ~ 85°C,,Synchronous,74LV,Synchronous,Positive Edge,2 V ~ 5.5 V
SN74LV393AD,Texas Instruments,IC BINARY COUNTR DL 4BIT 14SOIC,pmic-gate-drivers,55,1.05,"14-SOIC (0.154"", 3.90mm Width)",Surface Mount,Obsolete,,https://www.digikey.com/en/products/detail/texas-instruments/SN74LV393AD/1591408,70 MHz,Up,,Binary Counter,4,2,-40°C ~ 85°C,,Asynchronous,74LV,,Negative Edge,2 V ~ 5.5 V
SN74LV393ADBR,Texas Instruments,IC BINARY COUNTR DL 4BIT 14SSOP,pmic-gate-drivers,0,0.56672,"14-SSOP (0.209"", 5.30mm Width)",Surface Mount,Active,,https://www.digikey.com/en/products/detail/texas-instruments/SN74LV393ADBR/416717,70 MHz,Up,,Binary Counter,4,2,-40°C ~ 85°C,,Asynchronous,74LV,,Negative Edge,2 V ~ 5.5 V
SN74LV393ADGVR,Texas Instruments,IC BIN COUNTER DL 4BIT 14TVSOP,pmic-gate-drivers,0,0.56672,"14-TFSOP (0.173"", 4.40mm Width)",Surface Mount,Active,,https://www.digikey.com/en/products/detail/texas-instruments/SN74LV393ADGVR/484800,70 MHz,Up,,Binary Counter,4,2,-40°C ~ 85°C,,Asynchronous,74LV,,Negative Edge,2 V ~ 5.5 V
SN74LV393ADR,Texas Instruments,IC BINARY COUNTR DL 4BIT 14SOIC,pmic-gate-drivers,4275,0.69,"14-SOIC (0.154"", 3.90mm Width)",Surface Mount,Active,,https://www.digikey.com/en/products/detail/texas-instruments/SN74LV393ADR/382192,70 MHz,Up,,Binary Counter,4,2,-40°C ~ 85°C,,Asynchronous,74LV,,Negative Edge,2 V ~ 5.5 V
SN74LV393ANS,Texas Instruments,IC BINARY COUNTR DUAL 4BIT 14SO,pmic-gate-drivers,18450,0.76,-,-,Active,https://rocelec.widen.net/view/pdf/tgj0ctpe3j/sn74lv393a.pdf?t.download=true&u=ovmfp3,https://www.digikey.com/en/products/detail/rochester-electronics-llc/SN74LV393ANS/12132673,,,,,,,,,,*,,,
SN74LV393APWR,Texas Instruments,IC BIN COUNTER DL 4BIT 14TSSOP,pmic-gate-drivers,7258,0.8,"14-TSSOP (0.173"", 4.40mm Width)",Surface Mount,Active,,https://www.digikey.com/en/products/detail/texas-instruments/SN74LV393APWR/382190,70 MHz,Up,,Binary Counter,4,2,-40°C ~ 85°C,,Asynchronous,74LV,,Negative Edge,2 V ~ 5.5 V
SN74LV393ATPWREP,Texas Instruments,IC BIN COUNTER DL 4BIT 14TSSOP,pmic-gate-drivers,0,1.93515,"14-TSSOP (0.173"", 4.40mm Width)",Surface Mount,Obsolete,,https://www.digikey.com/en/products/detail/texas-instruments/SN74LV393ATPWREP/1666471,70 MHz,Up,,Binary Counter,4,2,-40°C ~ 105°C,,Asynchronous,74LV,,Negative Edge,2 V ~ 5.5 V
SN74LV393ATPWRG4Q1,Texas Instruments,IC BIN COUNTER DL 4BIT 14TSSOP,pmic-gate-drivers,0,0.8624,"14-TSSOP (0.173"", 4.40mm Width)",Surface Mount,Active,,https://www.digikey.com/en/products/detail/texas-instruments/SN74LV393ATPWRG4Q1/1903945,70 MHz,Up,Automotive,Binary Counter,4,2,-40°C ~ 105°C,AEC-Q100,Asynchronous,74LV,,Negative Edge,2 V ~ 5.5 V
SN74LV393ATPWRQ1,Texas Instruments,IC BIN COUNTER DL 4BIT 14TSSOP,pmic-gate-drivers,2864,1.0,"14-TSSOP (0.173"", 4.40mm Width)",Surface Mount,Active,,https://www.digikey.com/en/products/detail/texas-instruments/SN74LV393ATPWRQ1/1594906,70 MHz,Up,Automotive,Binary Counter,4,2,-40°C ~ 105°C,AEC-Q100,Asynchronous,74LV,,Negative Edge,2 V ~ 5.5 V
SN74LV393BMPWREP,Texas Instruments,ENHANCED PRODUCT DUAL FOUR-BIT B,pmic-gate-drivers,2413,3.25,"14-TSSOP (0.173"", 4.40mm Width)",Surface Mount,Active,https://www.ti.com/lit/ds/symlink/sn74lv393b-ep.pdf?ts=1695235875587&ref_url=https%253A%252F%252Fwww.ti.com%252Fsitesearch%252Fen-us%252Fdocs%252Funiversalsearch.tsp%253FlangPref%253Den-US%2526searchTerm%253DSN74LV393BMPWREP%2526nr%253D2,https://www.digikey.com/en/products/detail/texas-instruments/SN74LV393BMPWREP/21522346,150 MHz,Up,,Binary Counter,4,2,-55°C ~ 125°C (TA),,Asynchronous,74LV,,Negative Edge,2 V ~ 5.5 V
SN74LV4040AD,Texas Instruments,IC BINARY COUNTER 12-BIT 16SOIC,pmic-gate-drivers,25,1.48,"16-SOIC (0.154"", 3.90mm Width)",Surface Mount,Obsolete,,https://www.digikey.com/en/products/detail/texas-instruments/SN74LV4040AD/1591419,95 MHz,Up,,Binary Counter,12,1,-40°C ~ 85°C,,Asynchronous,74LV,Asynchronous,Negative Edge,2 V ~ 5.5 V
SN74LV4040ADBR,Texas Instruments,IC BINARY COUNTER 12-BIT 16SSOP,pmic-gate-drivers,1195,2.1,"16-SSOP (0.209"", 5.30mm Width)",Surface Mount,Active,,https://www.digikey.com/en/products/detail/texas-instruments/SN74LV4040ADBR/374736,95 MHz,Up,,Binary Counter,12,1,-40°C ~ 85°C,,Asynchronous,74LV,Asynchronous,Negative Edge,2 V ~ 5.5 V
SN74LV4040ADR,Texas Instruments,IC BINARY COUNTER 12-BIT 16SOIC,pmic-gate-drivers,3097,0.75,"16-SOIC (0.154"", 3.90mm Width)",Surface Mount,Active,,https://www.digikey.com/en/products/detail/texas-instruments/SN74LV4040ADR/1591424,95 MHz,Up,,Binary Counter,12,1,-40°C ~ 85°C,,Asynchronous,74LV,Asynchronous,Negative Edge,2 V ~ 5.5 V
SN74LV4040ADRG4,Texas Instruments,IC BINARY COUNTER 12-BIT 16SOIC,pmic-gate-drivers,0,0.5827,"16-SOIC (0.154"", 3.90mm Width)",Surface Mount,Obsolete,,https://www.digikey.com/en/products/detail/texas-instruments/SN74LV4040ADRG4/1591426,95 MHz,Up,,Binary Counter,12,1,-40°C ~ 85°C,,Asynchronous,74LV,Asynchronous,Negative Edge,2 V ~ 5.5 V
SN74LV4040AMPWREP,Texas Instruments,IC BINARY COUNTER 12BIT 16TSSOP,pmic-gate-drivers,134,5.08,"16-TSSOP (0.173"", 4.40mm Width)",Surface Mount,Obsolete,,https://www.digikey.com/en/products/detail/texas-instruments/SN74LV4040AMPWREP/1868540,95 MHz,Up,,Binary Counter,12,1,-55°C ~ 125°C,,Asynchronous,74LV,Asynchronous,Negative Edge,2 V ~ 5.5 V
SN74LV4040AN,Texas Instruments,IC BINARY COUNTER 12-BIT 16DIP,pmic-gate-drivers,900,2.5,"16-DIP (0.300"", 7.62mm)",Through Hole,Active,,https://www.digikey.com/en/products/detail/texas-instruments/SN74LV4040AN/1594907,95 MHz,Up,,Binary Counter,12,1,-40°C ~ 85°C,,Asynchronous,74LV,Asynchronous,Negative Edge,2 V ~ 5.5 V
SN74LV4040ANSR,Texas Instruments,IC BINARY COUNTER 12-BIT 16SO,pmic-gate-drivers,0,1.41988,"16-SOIC (0.209"", 5.30mm Width)",Surface Mount,Active,,https://www.digikey.com/en/products/detail/texas-instruments/SN74LV4040ANSR/1591427,95 MHz,Up,,Binary Counter,12,1,-40°C ~ 85°C,,Asynchronous,74LV,Asynchronous,Negative Edge,2 V ~ 5.5 V
SN74LV4040APW,Texas Instruments,IC BINARY COUNTER 12BIT 16TSSOP,pmic-gate-drivers,0,0.78341,"16-TSSOP (0.173"", 4.40mm Width)",Surface Mount,Obsolete,,https://www.digikey.com/en/products/detail/texas-instruments/SN74LV4040APW/1591429,95 MHz,Up,,Binary Counter,12,1,-40°C ~ 85°C,,Asynchronous,74LV,Asynchronous,Negative Edge,2 V ~ 5.5 V
SN74LV4040APWR,Texas Instruments,IC BINARY COUNTER 12BIT 16TSSOP,pmic-gate-drivers,4278,1.16,"16-TSSOP (0.173"", 4.40mm Width)",Surface Mount,Active,,https://www.digikey.com/en/products/detail/texas-instruments/SN74LV4040APWR/374739,95 MHz,Up,,Binary Counter,12,1,-40°C ~ 85°C,,Asynchronous,74LV,Asynchronous,Negative Edge,2 V ~ 5.5 V
SN74LV4040APWRG4,Texas Instruments,IC BINARY COUNTER 12BIT 16TSSOP,pmic-gate-drivers,0,0.61667,"16-TSSOP (0.173"", 4.40mm Width)",Surface Mount,Obsolete,,https://www.digikey.com/en/products/detail/texas-instruments/SN74LV4040APWRG4/1591432,95 MHz,Up,,Binary Counter,12,1,-40°C ~ 85°C,,Asynchronous,74LV,Asynchronous,Negative Edge,2 V ~ 5.5 V
SN74LV4040ARGYR,Texas Instruments,IC BINARY COUNTER 12-BIT 16VQFN,pmic-gate-drivers,2837,1.44,16-VFQFN Exposed Pad,Surface Mount,Active,,https://www.digikey.com/en/products/detail/texas-instruments/SN74LV4040ARGYR/521510,95 MHz,Up,,Binary Counter,12,1,-40°C ~ 85°C,,Asynchronous,74LV,Asynchronous,Negative Edge,2 V ~ 5.5 V
SN74LV4040BMPWREP,Texas Instruments,ENHANCED PRODUCT 12-BIT ASYNCHRO,pmic-gate-drivers,2845,3.64,"16-TSSOP (0.173"", 4.40mm Width)",Surface Mount,Active,https://www.ti.com/lit/ds/symlink/sn74lv4040b-ep.pdf,https://www.digikey.com/en/products/detail/texas-instruments/SN74LV4040BMPWREP/25651898,185 MHz,Up,,Binary Counter,12,1,-55°C ~ 125°C (TA),,Asynchronous,74LV,Asynchronous,Negative Edge,2 V ~ 5.5 V
SN74LV8154MPWREP,Texas Instruments,IC BIN COUNTER DL 16BIT 20TSSOP,pmic-gate-drivers,2738,4.79,"20-TSSOP (0.173"", 4.40mm Width)",Surface Mount,Active,,https://www.digikey.com/en/products/detail/texas-instruments/SN74LV8154MPWREP/1669017,25 MHz,Up,,Binary Counter,16,2,-55°C ~ 125°C,,,74LV-A,,Positive Edge,2 V ~ 5.5 V
SN74LV8154N,Texas Instruments,IC BINARY COUNTR DL 16BIT 20DIP,pmic-gate-drivers,319,1.79,"20-DIP (0.300"", 7.62mm)",Through Hole,Active,https://www.ti.com/lit/ds/scls589a/scls589a.pdf,https://www.digikey.com/en/products/detail/texas-instruments/SN74LV8154N/1594917,25 MHz,Up,,Binary Counter,16,2,-40°C ~ 85°C,,,74LV,,Positive Edge,2 V ~ 5.5 V
SN74LV8154NG4,Texas Instruments,IC BINARY COUNTR DL 16BIT 20DIP,pmic-gate-drivers,0,0.54137,"20-DIP (0.300"", 7.62mm)",Through Hole,Discontinued at DigiKey,https://www.ti.com/lit/ds/scls589a/scls589a.pdf,https://www.digikey.com/en/products/detail/texas-instruments/SN74LV8154NG4/1594918,25 MHz,Up,,Binary Counter,16,2,-40°C ~ 85°C,,,74LV,,Positive Edge,2 V ~ 5.5 V
SN74LV8154PWR,Texas Instruments,IC BIN COUNTER DL 16BIT 20TSSOP,pmic-gate-drivers,3242,1.42,"20-TSSOP (0.173"", 4.40mm Width)",Surface Mount,Active,https://www.ti.com/lit/ds/scls589a/scls589a.pdf,https://www.digikey.com/en/products/detail/texas-instruments/SN74LV8154PWR/1591636,25 MHz,Up,,Binary Counter,16,2,-40°C ~ 85°C,,,74LV,,Positive Edge,2 V ~ 5.5 V
SN74S161J,Advanced Micro Devices,IC BINARY COUNTER 4-BIT 16CDIP,pmic-gate-drivers,1336,3.94,16-CDIP,Through Hole,Active,https://rocelec.widen.net/view/pdf/acdb2kcld3/RSELS01161-1.pdf?t.download=true&u=5oefqw,https://www.digikey.com/en/products/detail/rochester-electronics-llc/SN74S161J/12127153,100 MHz,Up,,Binary Counter,4,1,0°C ~ 75°C (TA),,Asynchronous,,Synchronous,Positive Edge,4.5 V ~ 5.5 V
SN74S161N,Advanced Micro Devices,IC BINARY COUNTER 4-BIT 16DIP,pmic-gate-drivers,1307,3.45,16-DIP,Through Hole,Active,https://rocelec.widen.net/view/pdf/acdb2kcld3/RSELS01161-1.pdf?t.download=true&u=5oefqw,https://www.digikey.com/en/products/detail/rochester-electronics-llc/SN74S161N/12126411,100 MHz,Up,,Binary Counter,4,1,0°C ~ 75°C (TA),,Asynchronous,,Synchronous,Positive Edge,4.75 V ~ 5.25 V
SN74S163N,Texas Instruments,IC BINARY COUNTER 4-BIT 16DIP,pmic-gate-drivers,0,8.48,"16-DIP (0.300"", 7.62mm)",Through Hole,Active,,https://www.digikey.com/en/products/detail/texas-instruments/SN74S163N/377087,32 MHz,Up,,Binary Counter,4,1,0°C ~ 70°C,,Synchronous,74S,Synchronous,Positive Edge,4.75 V ~ 5.25 V
SN74S163N3,Texas Instruments,BINARY COUNTER,pmic-gate-drivers,728,1.85,-,-,Active,https://rocelec.widen.net/view/pdf/c1byj5rskr/TXIIS218938-1.pdf?t.download=true&u=5oefqw,https://www.digikey.com/en/products/detail/rochester-electronics-llc/SN74S163N3/12125787,,,,,,,,,,*,,,
SN74S169N,Texas Instruments,BINARY COUNTER,pmic-gate-drivers,18833,3.57,-,-,Active,https://rocelec.widen.net/view/pdf/vq2ojopcb0/TXII-S-A0002516582-1.pdf?t.download=true&u=5oefqw,https://www.digikey.com/en/products/detail/rochester-electronics-llc/SN74S169N/12133664,,,,,,,,,,*,,,
SNJ54163J,Texas Instruments,54163 SYNCHRONOUS 4-BIT COUNTERS,pmic-gate-drivers,2065,22.38,-,-,Active,https://rocelec.widen.net/view/pdf/c1byj5rskr/TXIIS218938-1.pdf?t.download=true&u=5oefqw,https://www.digikey.com/en/products/detail/rochester-electronics-llc/SNJ54163J/13529729,,,,,,,,,,*,,,
SNJ54177J,Texas Instruments,BINARY COUNTER,pmic-gate-drivers,711,11.1,-,-,Active,https://rocelec.widen.net/view/pdf/ptgj1s7yh4/RSELS28845-1.pdf?t.download=true&u=5oefqw,https://www.digikey.com/en/products/detail/rochester-electronics-llc/SNJ54177J/12136081,,,,,,,,,,*,,,
SNJ54290J,Texas Instruments,"DECADE COUNTER, ASYNCHRONOUS",pmic-gate-drivers,163,4.53,-,-,Active,https://rocelec.widen.net/view/pdf/69u5xlszkl/TXIIS92754-1.pdf?t.download=true&u=5oefqw,https://www.digikey.com/en/products/detail/rochester-electronics-llc/SNJ54290J/12131057,,,,,,,,,,*,,,
SNJ54390J,Texas Instruments,"DECADE COUNTER, ASYNCHRONOUS",pmic-gate-drivers,1196,5.04,-,-,Active,https://rocelec.widen.net/view/pdf/otnddzq1cu/RSELS28865-1.pdf?t.download=true&u=5oefqw,https://www.digikey.com/en/products/detail/rochester-electronics-llc/SNJ54390J/12129908,,,,,,,,,,*,,,
SNJ5497J,Texas Instruments,5497 SYNCHRONOUS 6-BIT BINARY RA,pmic-gate-drivers,86,23.31,"16-CDIP (0.300"", 7.62mm)",Through Hole,Active,https://www.ti.com/lit/ds/symlink/sn5497.pdf,https://www.digikey.com/en/products/detail/rochester-electronics-llc/SNJ5497J/13446082,,,,Binary Rate Multiplier,,,-55°C ~ 125°C,,,,,,
SNJ54ALS163BJ,Texas Instruments,54ALS163B SYNCHRONOUS 4-BIT BINA,pmic-gate-drivers,111,22.93,-,-,Active,https://www.ti.com/lit/ds/symlink/sn54als161b.pdf,https://www.digikey.com/en/products/detail/rochester-electronics-llc/SNJ54ALS163BJ/13449349,,,,,,,,,,*,,,
SNJ54ALS191AJ,Texas Instruments,54ALS191A SYNCHRONOUS 4-BIT UP/D,pmic-gate-drivers,71,22.44,-,-,Active,https://www.ti.com/lit/ds/symlink/sn54als191a.pdf,https://www.digikey.com/en/products/detail/rochester-electronics-llc/SNJ54ALS191AJ/13512010,,,,,,,,,,*,,,
SNJ54ALS191FK,Texas Instruments,"BINARY COUNTER, ALS SERIES",pmic-gate-drivers,96,10.93,-,-,Active,https://rocelec.widen.net/view/pdf/qtyw6zm3jl/TXIIS03234-1.pdf?t.download=true&u=5oefqw,https://www.digikey.com/en/products/detail/rochester-electronics-llc/SNJ54ALS191FK/12130727,,,,,,,,,,*,,,
SNJ54ALS569AJ,Texas Instruments,54ALS569A SYNCHRONOUS 4-BIT UP/D,pmic-gate-drivers,19,37.14,-,-,Active,https://www.ti.com/lit/ds/symlink/sn54als569a.pdf,https://www.digikey.com/en/products/detail/rochester-electronics-llc/SNJ54ALS569AJ/13466841,,,,,,,,,,*,,,
SNJ54AS169AJ,Texas Instruments,BINARY COUNTER,pmic-gate-drivers,303,2.95,-,-,Active,https://www.ti.com/lit/ds/sdas125b/sdas125b.pdf,https://www.digikey.com/en/products/detail/rochester-electronics-llc/SNJ54AS169AJ/12130942,,,,,,,,,,*,,,
SNJ54AS869FK,Texas Instruments,BINARY COUNTER,pmic-gate-drivers,19,55.72,-,-,Active,https://rocelec.widen.net/view/pdf/mp9papwlyx/TXII-S-A0001283336-1.pdf?t.download=true&u=5oefqw,https://www.digikey.com/en/products/detail/rochester-electronics-llc/SNJ54AS869FK/12131452,,,,,,,,,,*,,,
SNJ54HC163J,Texas Instruments,54HC163 SYNCHRONOUS 4-BIT BINARY,pmic-gate-drivers,44,18.68,-,-,Active,https://www.ti.com/lit/ds/symlink/sn54hc163.pdf,https://www.digikey.com/en/products/detail/rochester-electronics-llc/SNJ54HC163J/13511943,,,,,,,,,,*,,,
SNJ54HC190FK,Texas Instruments,"DECADE COUNTER, ASYNCHRONOUS",pmic-gate-drivers,562,7.96,-,-,Active,https://rocelec.widen.net/view/pdf/m5dhqjq1zk/TXIIS140963-1.pdf?t.download=true&u=5oefqw,https://www.digikey.com/en/products/detail/rochester-electronics-llc/SNJ54HC190FK/12121404,,,,,,,,,,*,,,
SNJ54HC191FK,Texas Instruments,54HC191 SYNCHRONOUS 4-BIT UP/DOW,pmic-gate-drivers,45,58.74,20-CLCC,Surface Mount,Active,https://www.ti.com/lit/ds/symlink/sn54hc191.pdf,https://www.digikey.com/en/products/detail/rochester-electronics-llc/SNJ54HC191FK/13524019,48 MHz,"Up, Down",,Binary Counter,4,1,-55°C ~ 125°C (TA),,Asynchronous,54HC,Synchronous,Positive Edge,2 V ~ 6 V
SNJ54HC193J,Texas Instruments,54HC193 SYNCHRONOUS 4-BIT UP/DOW,pmic-gate-drivers,1035,26.3,-,-,Active,https://www.ti.com/lit/ds/symlink/sn54hc193.pdf,https://www.digikey.com/en/products/detail/rochester-electronics-llc/SNJ54HC193J/13468113,,,,,,,,,,*,,,
SNJ54HC393FK,Texas Instruments,54HC393 DUAL 4-BIT BINARY COUNTE,pmic-gate-drivers,46,47.56,20-CLCC,Surface Mount,Active,https://www.ti.com/lit/ds/symlink/sn54hc393.pdf,https://www.digikey.com/en/products/detail/rochester-electronics-llc/SNJ54HC393FK/13481069,31 MHz,Up,,Binary Counter,4,2,-55°C ~ 125°C (TA),,Asynchronous,54HC,,Negative Edge,2 V ~ 6 V
SNJ54HC393J,Texas Instruments,54HC393 DUAL 4-BIT BINARY COUNTE,pmic-gate-drivers,476,21.55,"14-CDIP (0.300"", 7.62mm)",Through Hole,Active,https://www.ti.com/lit/ds/symlink/sn54hc393.pdf,https://www.digikey.com/en/products/detail/rochester-electronics-llc/SNJ54HC393J/13443102,31 MHz,Up,,Binary Counter,4,2,-55°C ~ 125°C (TA),,Asynchronous,54HC,,Negative Edge,2 V ~ 6 V
SNJ54LS161AFK,Texas Instruments,54LS161A SYNCHRONOUS 4-BIT COUNT,pmic-gate-drivers,257,21.94,-,-,Active,https://rocelec.widen.net/view/pdf/c1byj5rskr/TXIIS218938-1.pdf?t.download=true&u=5oefqw,https://www.digikey.com/en/products/detail/rochester-electronics-llc/SNJ54LS161AFK/13472976,,,,,,,,,,*,,,
SNJ54LS161AW,Texas Instruments,54LS161A SYNCHRONOUS 4-BIT COUNT,pmic-gate-drivers,46,17.06,-,-,Active,https://rocelec.widen.net/view/pdf/c1byj5rskr/TXIIS218938-1.pdf?t.download=true&u=5oefqw,https://www.digikey.com/en/products/detail/rochester-electronics-llc/SNJ54LS161AW/13494014,,,,,,,,,,*,,,
SNJ54LS169BFK,Texas Instruments,54LS169B SYNCHRONOUS 4-BIT UP/DO,pmic-gate-drivers,26,54.43,-,-,Active,https://www.ti.com/lit/ds/symlink/sn54ls169b.pdf,https://www.digikey.com/en/products/detail/rochester-electronics-llc/SNJ54LS169BFK/13464077,,,,,,,,,,*,,,
SNJ54LS196W,Texas Instruments,"DECADE COUNTER, LS SERIES",pmic-gate-drivers,68,5.94,-,-,Active,https://rocelec.widen.net/view/pdf/advwleingn/TXIIS105028-1.pdf?t.download=true&u=5oefqw,https://www.digikey.com/en/products/detail/rochester-electronics-llc/SNJ54LS196W/12121973,,,,,,,,,,*,,,
SNJ54LS390FK,Texas Instruments,54LS390 DUAL 4-BIT DECADE AND BI,pmic-gate-drivers,172,43.41,-,-,Active,https://www.ti.com/lit/ds/symlink/sn54ls390.pdf,https://www.digikey.com/en/products/detail/rochester-electronics-llc/SNJ54LS390FK/13483248,,,,,,,,,,*,,,
SNJ54LS393FK,Texas Instruments,54LS393 DUAL 4-BIT BINARY COUNTE,pmic-gate-drivers,952,41.56,20-CLCC,Surface Mount,Active,https://www.ti.com/lit/ds/symlink/sn54ls390.pdf,https://www.digikey.com/en/products/detail/rochester-electronics-llc/SNJ54LS393FK/13464122,35 MHz,Up,,Binary Counter,4,2,-55°C ~ 125°C (TA),,Asynchronous,54LS,,Negative Edge,4.5 V ~ 5.5 V
SNJ54LS490W,Texas Instruments,"DECADE COUNTER, LS SERIES",pmic-gate-drivers,523,3.86,-,-,Active,https://rocelec.widen.net/view/pdf/wf7vikc9ma/TXIIS144276-1.pdf?t.download=true&u=5oefqw,https://www.digikey.com/en/products/detail/rochester-electronics-llc/SNJ54LS490W/12123591,,,,,,,,,,*,,,
SNJ54LS590FK,Texas Instruments,54LS590 8-BIT BINARY COUNTERS WI,pmic-gate-drivers,39,85.74,-,-,Active,https://www.ti.com/lit/ds/symlink/sn54ls590.pdf,https://www.digikey.com/en/products/detail/rochester-electronics-llc/SNJ54LS590FK/13481578,,,,,,,,,,*,,,
SNJ54LS590J,Texas Instruments,54LS590 8-BIT BINARY COUNTERS WI,pmic-gate-drivers,478,78.3,-,-,Active,https://www.ti.com/lit/ds/symlink/sn54ls590.pdf,https://www.digikey.com/en/products/detail/rochester-electronics-llc/SNJ54LS590J/13447448,,,,,,,,,,*,,,
SNJ54LS592FK,Texas Instruments,"BINARY COUNTER, LS SERIES",pmic-gate-drivers,20,35.41,-,-,Active,https://rocelec.widen.net/view/pdf/lunb11szgu/TXII-S-A0001282781-1.pdf?t.download=true&u=5oefqw,https://www.digikey.com/en/products/detail/rochester-electronics-llc/SNJ54LS592FK/12123755,,,,,,,,,,*,,,
SNJ54LS592J,Texas Instruments,54LS592 8-BIT BINARY COUNTERS WI,pmic-gate-drivers,14,91.05,-,-,Active,https://www.ti.com/lit/ds/symlink/sn54ls592.pdf,https://www.digikey.com/en/products/detail/rochester-electronics-llc/SNJ54LS592J/13495861,,,,,,,,,,*,,,
SNJ54LS593FK,Texas Instruments,"BINARY COUNTER, LS SERIES",pmic-gate-drivers,40,30.33,-,-,Active,https://rocelec.widen.net/view/pdf/lunb11szgu/TXII-S-A0001282781-1.pdf?t.download=true&u=5oefqw,https://www.digikey.com/en/products/detail/rochester-electronics-llc/SNJ54LS593FK/12124702,,,,,,,,,,*,,,
SNJ54LS669J,Texas Instruments,54LS669 SYNCHRONOUS 4-BIT UP/DOW,pmic-gate-drivers,8,37.5,-,-,Active,https://rocelec.widen.net/view/pdf/iti0lwhpmg/TXIIS144379-1.pdf?t.download=true&u=5oefqw,https://www.digikey.com/en/products/detail/rochester-electronics-llc/SNJ54LS669J/13483257,,,,,,,,,,*,,,
SNJ54LS699J,Texas Instruments,"BINARY COUNTER, LS SERIES",pmic-gate-drivers,138,5.85,-,-,Active,https://rocelec.widen.net/view/pdf/zp6nsnrfup/TXIIS145475-1.pdf?t.download=true&u=5oefqw,https://www.digikey.com/en/products/detail/rochester-electronics-llc/SNJ54LS699J/12126635,,,,,,,,,,*,,,
SNJ54LS90W,Texas Instruments,"DECADE COUNTER, LS SERIES",pmic-gate-drivers,49,28.6,-,-,Active,https://rocelec.widen.net/view/pdf/eebxutcgny/TXII-S-A0001283404-1.pdf?t.download=true&u=5oefqw,https://www.digikey.com/en/products/detail/rochester-electronics-llc/SNJ54LS90W/12125358,,,,,,,,,,*,,,
SNJ54S163J,Texas Instruments,54S163 SYNCHRONOUS 4-BIT COUNTER,pmic-gate-drivers,7,42.86,"16-CDIP (0.300"", 7.62mm)",Through Hole,Active,https://rocelec.widen.net/view/pdf/c1byj5rskr/TXIIS218938-1.pdf?t.download=true&u=5oefqw,https://www.digikey.com/en/products/detail/rochester-electronics-llc/SNJ54S163J/13465123,70 MHz,Up,,Binary Counter,4,1,-55°C ~ 125°C (TA),,Synchronous,54S,Synchronous,Positive Edge,4.5 V ~ 5.5 V
SNJ54S169J,Texas Instruments,54S169 SYNCHRONOUS 4-BIT UP/DOWN,pmic-gate-drivers,896,52.91,-,-,Active,https://www.ti.com/lit/ds/symlink/sn54ls169b.pdf,https://www.digikey.com/en/products/detail/rochester-electronics-llc/SNJ54S169J/13445094,,,,,,,,,,*,,,
SP8904E/KG/MP1S,Microsemi Corporation,- 5GHZ DIVIDE BY 4 FIXED MODULUS,pmic-gate-drivers,5736,13.3,-,-,Active,,https://www.digikey.com/en/products/detail/rochester-electronics-llc/SP8904E-KG-MP1S/12591363,,,,,,,,,,*,,,
SY100E016JY,Microchip Technology,IC BINARY COUNTER 8-BIT 28PLCC,pmic-gate-drivers,0,5.8,28-LCC (J-Lead),Surface Mount,Obsolete,https://ww1.microchip.com/downloads/en/DeviceDoc/sy10-100e016.pdf,https://www.digikey.com/en/products/detail/microchip-technology/SY100E016JY/1617222,900 MHz,Up,,Binary Counter,8,1,-40°C ~ 85°C,,Asynchronous,100E,Synchronous,Positive Edge,4.2 V ~ 5.5 V
SY100EL32VZG,Microchip Technology,IC DIVIDER BY 2 1-BIT 8SOIC,pmic-gate-drivers,49,1.89,"8-SOIC (0.154"", 3.90mm Width)",Surface Mount,Active,https://www.digikey.com//mm.digikey.com/Volume0/opasdata/d220001/medias/docus/901/SY100EL32V.pdf,https://www.digikey.com/en/products/detail/microchip-technology/SY100EL32VZG/771945,3 GHz,,,Divide-by-2,1,1,-40°C ~ 85°C,,Asynchronous,100EL,,"Positive, Negative",3.3 V ~ 5 V
SY100EL32VZG-TR,Microchip Technology,IC DIVIDER BY 2 1-BIT 8SOIC,pmic-gate-drivers,0,1.8788,"8-SOIC (0.154"", 3.90mm Width)",Surface Mount,Active,https://www.digikey.com//mm.digikey.com/Volume0/opasdata/d220001/medias/docus/901/SY100EL32V.pdf,https://www.digikey.com/en/products/detail/microchip-technology/SY100EL32VZG-TR/1617343,3 GHz,,,Divide-by-2,1,1,-40°C ~ 85°C,,Asynchronous,100EL,,"Positive, Negative",3.3 V ~ 5 V
SY100EL33LZG,Microchip Technology,IC DIVIDER BY 4 1-BIT 8SOIC,pmic-gate-drivers,176,2.05,"8-SOIC (0.154"", 3.90mm Width)",Surface Mount,Active,https://ww1.microchip.com/downloads/en/DeviceDoc/SY100EL33L-Data-Sheet-20006076A.pdf,https://www.digikey.com/en/products/detail/microchip-technology/SY100EL33LZG/771946,4.2 GHz,,,Divide-by-4,2,1,-40°C ~ 85°C,,Asynchronous,100EL,,"Positive, Negative",3.3 V ~ 5 V
SY100EL33LZG-TR,Microchip Technology,IC DIVIDER BY 4 1-BIT 8SOIC,pmic-gate-drivers,249,2.05,"8-SOIC (0.154"", 3.90mm Width)",Surface Mount,Active,https://ww1.microchip.com/downloads/en/DeviceDoc/SY100EL33L-Data-Sheet-20006076A.pdf,https://www.digikey.com/en/products/detail/microchip-technology/SY100EL33LZG-TR/1031775,4.2 GHz,,,Divide-by-4,2,1,-40°C ~ 85°C,,Asynchronous,100EL,,"Positive, Negative",3.3 V ~ 5 V
SY100EP32VKG,Microchip Technology,IC DIVIDER BY 2 1-BIT 8MSOP,pmic-gate-drivers,147,2.8,"8-TSSOP, 8-MSOP (0.118"", 3.00mm Width)",Surface Mount,Active,https://ww1.microchip.com/downloads/en/DeviceDoc/SY100EP32V-5V-3.3V-ECL-2-Divider-DS20006171A.pdf,https://www.digikey.com/en/products/detail/microchip-technology/SY100EP32VKG/1031913,4 GHz,,,Divide-by-2,1,1,-40°C ~ 85°C,,Asynchronous,100EP,,"Positive, Negative",3 V ~ 5.5 V
SY100EP33VKG,Microchip Technology,IC DIVIDER BY 4 1-BIT 8MSOP,pmic-gate-drivers,427,2.98,"8-TSSOP, 8-MSOP (0.118"", 3.00mm Width)",Surface Mount,Active,https://ww1.microchip.com/downloads/en/DeviceDoc/5V-3.3V-4GHz-ECL-by4-Divider-DS20006166B.pdf,https://www.digikey.com/en/products/detail/microchip-technology/SY100EP33VKG/1031919,4 GHz,,,Divide-by-4,2,1,-40°C ~ 85°C,,Asynchronous,100EP,,"Positive, Negative",3.3 V ~ 5 V
"TC74HC4040AF(EL,F)",Toshiba Semiconductor and Storage,IC BINARY COUNTER 12-BIT 16SOP,pmic-gate-drivers,0,0.2541,"16-SOIC (0.209"", 5.30mm Width)",Surface Mount,Not For New Designs,,https://www.digikey.com/en/products/detail/toshiba-semiconductor-and-storage/TC74HC4040AF-EL-F/6679563,78 MHz,Up,,Binary Counter,12,1,-40°C ~ 85°C,,Asynchronous,74HC,,Negative Edge,2 V ~ 6 V
TC74HC592APF,Toshiba Semiconductor and Storage,IC BINARY COUNTER 8-BIT 16DIP,pmic-gate-drivers,0,0.47631,"16-DIP (0.300"", 7.62mm)",Through Hole,Obsolete,,https://www.digikey.com/en/products/detail/toshiba-semiconductor-and-storage/TC74HC592APF/870522,35 MHz,Up,,Binary Counter,8,1,-40°C ~ 85°C,,Asynchronous,74HC,,Positive Edge,2 V ~ 6 V
"TC74VHC4040F(E,K,F",Toshiba Semiconductor and Storage,IC BINARY COUNTER 12-BIT 16SOP,pmic-gate-drivers,0,0.22022,"16-SOIC (0.209"", 5.30mm Width)",Surface Mount,Active,,https://www.digikey.com/en/products/detail/toshiba-semiconductor-and-storage/TC74VHC4040F-E-K-F/6679598,125 MHz,Up,,Binary Counter,12,1,-40°C ~ 85°C,,Asynchronous,TC74VHC,,Negative Edge,2 V ~ 5.5 V
"TC74VHC4040FK(EL,K",Toshiba Semiconductor and Storage,IC BINARY COUNTER 12BIT 16VSSOP,pmic-gate-drivers,0,0.2541,"16-VFSOP (0.118"", 3.00mm Width)",Surface Mount,Active,,https://www.digikey.com/en/products/detail/toshiba-semiconductor-and-storage/TC74VHC4040FK-EL-K/6679599,125 MHz,Up,,Binary Counter,12,1,-40°C ~ 85°C,,Asynchronous,TC74VHC,,Negative Edge,2 V ~ 5.5 V
V62/04702-01XE,Texas Instruments,IC BINARY COUNTER 8-BIT 16SOIC,pmic-gate-drivers,710,2.44,"16-SOIC (0.154"", 3.90mm Width)",Surface Mount,Active,https://www.ti.com/lit/ds/symlink/cd74hc40103-ep.pdf,https://www.digikey.com/en/products/detail/rochester-electronics-llc/V62-04702-01XE/13489764,18 MHz,Down,,Binary Counter,8,1,-40°C ~ 125°C,,Asynchronous,74HC,Synchronous,Positive Edge,2 V ~ 6 V
Z803606DEA,Zilog,COUNTER/TIMER & PARALLEL I/O,pmic-gate-drivers,203,18.38,-,-,Active,,https://www.digikey.com/en/products/detail/rochester-electronics-llc/Z803606DEA/12121283,,,,,,,,,,*,,,
ZL40814/DCE,Zarlink,IC DIVIDER BY 16 4-BIT 8SOIC,pmic-gate-drivers,4242,10.26,"8-SOIC (0.154"", 3.90mm Width) Exposed Pad",Surface Mount,Obsolete,https://rocelec.widen.net/view/pdf/naydocxhnm/ZSEMS05728-1.pdf?t.download=true&u=5oefqw,https://www.digikey.com/en/products/detail/rochester-electronics-llc/ZL40814-DCE/12598470,13.5 GHz,,,Divide-by-16,4,1,-40°C ~ 85°C (TA),,,,,,4.75 V ~ 5.25 V
