MPN,Manufacturer,Description,Subcategory,Stock,Unit Price,Package,Mounting Type,Status,Datasheet URL,Product URL,Features,Operating Temperature,Output Type,Power - Rated,Sensing Range,Sensitivity,Sensor Type,Series,Termination
09196,SparkFun Electronics,PIEZO VIBRATION SENSOR - LARGE,magnetic-sensors-hall-effect-digital-switch-linear,0,11.36,Cantilever Piezo Film (Wafer),Through Hole,Active,,https://www.digikey.com/en/products/detail/sparkfun-electronics/09196/17828047,,0°C ~ 85°C,Voltage,,0Hz ~ 180Hz,50mV/g,Piezoelectric,,PC Pins
09197,SparkFun Electronics,PIEZO VIBRATION SENSOR - LARGE W,magnetic-sensors-hall-effect-digital-switch-linear,0,12.46,Cantilever Piezo Film (Wafer),Through Hole,Active,,https://www.digikey.com/en/products/detail/sparkfun-electronics/09197/17828184,,0°C ~ 85°C,Voltage,,0Hz ~ 180Hz,50mV/g,Piezoelectric,,PC Pins
09198,SparkFun Electronics,PIEZO VIBRATION SENSOR - SMALL H,magnetic-sensors-hall-effect-digital-switch-linear,0,15.68,Cantilever Piezo Film (Wafer),Through Hole,Active,,https://www.digikey.com/en/products/detail/sparkfun-electronics/09198/17828090,,-20°C ~ 60°C,Voltage,,0Hz ~ 42Hz,1.1V/g,"Vibration, Acceleration",,PC Pins
09199,SparkFun Electronics,PIEZO VIBRATION SENSOR - SMALL V,magnetic-sensors-hall-effect-digital-switch-linear,0,15.68,Cantilever Piezo Film (Wafer),Through Hole,Active,,https://www.digikey.com/en/products/detail/sparkfun-electronics/09199/17828217,,-20°C ~ 60°C,Voltage,,0Hz ~ 42Hz,1.1V/g,"Vibration, Acceleration",,PC Pins
1-1000288-0M,TE Connectivity Measurement Specialties,PIEZO SENSOR SHIELDED W/LEADS,magnetic-sensors-hall-effect-digital-switch-linear,98,49.69,"Piezo Film, Cantilever (Wafer)",User Defined,Active,https://www.digikey.com//mm.digikey.com/Volume0/opasdata/d220001/medias/docus/1216/Piezo_Film_Guide.pdf,https://www.digikey.com/en/products/detail/te-connectivity-measurement-specialties/1-1000288-0M/3911239,,0°C ~ 70°C,Voltage,,,,Vibration,SDT,Cable/Wire Leads
1-1002145-0,TE Connectivity Measurement Specialties,SENSOR PIEZO FILM VIBRA MASS,magnetic-sensors-hall-effect-digital-switch-linear,0,5.30356,"Piezo Film, Cantilever (Wafer)",User Defined,Obsolete,,https://www.digikey.com/en/products/detail/te-connectivity-measurement-specialties/1-1002145-0/4127576,,-40°C ~ 140°C,Voltage,,,,"Vibration, Acceleration",DT,
1-1002145-0-M,TE Connectivity Measurement Specialties,DT2-028K N/TH N/HOLE,magnetic-sensors-hall-effect-digital-switch-linear,0,7.854,"Piezo Film, Cantilever (Wafer)",User Defined,Active,https://www.te.com/commerce/DocumentDelivery/DDEController?Action=showdoc&DocId=Data+Sheet%7FDT_Series_without_Leads%7FA1%7Fpdf%7FEnglish%7FENG_DS_DT_Series_without_Leads_A1.pdf%7F11026274-00,https://www.digikey.com/en/products/detail/te-connectivity-measurement-specialties/1-1002145-0-M/15930191,,-40°C ~ 60°C,Analog,,,,Piezoelectric,,Connector
1-1002149-0-M,TE Connectivity Measurement Specialties,DT4-028K W/TH W/HOLE,magnetic-sensors-hall-effect-digital-switch-linear,0,15.1536,-,-,Active,,https://www.digikey.com/en/products/detail/te-connectivity-measurement-specialties/1-1002149-0-M/22754322,,,,,,,,*,
1-1002150-0,TE Connectivity Measurement Specialties,SENSOR VIBRATION,magnetic-sensors-hall-effect-digital-switch-linear,47,0.0,"Piezo Film, Cantilever (Wafer)",User Defined,Active,https://www.te.com/commerce/DocumentDelivery/DDEController?Action=showdoc&DocId=Data+Sheet%7FDT_Series_with_Riveted_Leads%7FA1%7Fpdf%7FEnglish%7FENG_DS_DT_Series_with_Riveted_Leads_A1.pdf%7F11031268-00,https://www.digikey.com/en/products/detail/te-connectivity-measurement-specialties/1-1002150-0/5277273,,0°C ~ 70°C,Voltage,,,,Vibration,DT,Wire Leads
1-1002405-0,TE Connectivity Measurement Specialties,SENSOR VIBRATION,magnetic-sensors-hall-effect-digital-switch-linear,336,28.96,"Piezo Film, Cantilever (Wafer)",User Defined,Active,https://www.digikey.com//mm.digikey.com/Volume0/opasdata/d220001/medias/docus/1216/Piezo_Film_Guide.pdf,https://www.digikey.com/en/products/detail/te-connectivity-measurement-specialties/1-1002405-0/5277274,,0°C ~ 70°C,Voltage,,,,"Vibration, Acceleration",LDT,Wire Leads
1-1002608-0,TE Connectivity Measurement Specialties,SENSOR VIBRATION,magnetic-sensors-hall-effect-digital-switch-linear,1005,0.0,"Piezo Film, Cantilever (Wafer)",User Defined,Active,,https://www.digikey.com/en/products/detail/te-connectivity-measurement-specialties/1-1002608-0/5277275,,0°C ~ 70°C,Voltage,,,,Vibration,DT,
1-1002785-1,TE Connectivity Measurement Specialties,SENSOR VIBRATION,magnetic-sensors-hall-effect-digital-switch-linear,335,18.1,"Piezo Film, Cantilever (Wafer)",User Defined,Active,,https://www.digikey.com/en/products/detail/te-connectivity-measurement-specialties/1-1002785-1/5277276,,0°C ~ 70°C,Voltage,,,,Vibration,FDT,PC Pins
1-1002786-1,TE Connectivity Measurement Specialties,SENSOR VIBRATION,magnetic-sensors-hall-effect-digital-switch-linear,308,18.1,"Piezo Film, Cantilever (Wafer)",User Defined,Active,,https://www.digikey.com/en/products/detail/te-connectivity-measurement-specialties/1-1002786-1/5277277,,0°C ~ 70°C,Voltage,,,,Vibration,FDT,PC Pins
1-1002908-0,TE Connectivity Measurement Specialties,SENSOR PIEZO FILM VIBRA W/LEAD,magnetic-sensors-hall-effect-digital-switch-linear,1388,0.0,"Piezo Film, Cantilever (Wafer)",User Defined,Active,,https://www.digikey.com/en/products/detail/te-connectivity-measurement-specialties/1-1002908-0/4414983,,0°C ~ 70°C,Voltage,,,,Vibration,DT,Wire Leads
1-1002910-0,TE Connectivity Measurement Specialties,PIEZO SENSOR W/LEADS,magnetic-sensors-hall-effect-digital-switch-linear,223,14.4,"Piezo Film, Cantilever (Wafer)",User Defined,Active,,https://www.digikey.com/en/products/detail/te-connectivity-measurement-specialties/1-1002910-0/2704828,,0°C ~ 70°C,Voltage,,,,Vibration,DT,Wire Leads
1-1003702-7,TE Connectivity Measurement Specialties,METALLIZED PIEZO FILM SHEETS 28U,magnetic-sensors-hall-effect-digital-switch-linear,0,335.427,"Piezo Film, Cantilever (Wafer)",User Defined,Active,,https://www.digikey.com/en/products/detail/te-connectivity-measurement-specialties/1-1003702-7/6235269,,,Voltage,"280V, 840V",,,Displacement,,
1-1003744-0,TE Connectivity Measurement Specialties,SENSOR VIBRATION,magnetic-sensors-hall-effect-digital-switch-linear,119,17.41,"Piezo Film, Cantilever (Wafer)",User Defined,Active,,https://www.digikey.com/en/products/detail/te-connectivity-measurement-specialties/1-1003744-0/5277278,,0°C ~ 70°C,Voltage,,,,Vibration,DT,Wire Leads
1-1003745-0,TE Connectivity Measurement Specialties,SENSOR VIBRATION,magnetic-sensors-hall-effect-digital-switch-linear,197,18.84,"Piezo Film, Cantilever (Wafer)",User Defined,Active,https://www.digikey.com//mm.digikey.com/Volume0/opasdata/d220001/medias/docus/1216/Piezo_Film_Guide.pdf,https://www.digikey.com/en/products/detail/te-connectivity-measurement-specialties/1-1003745-0/5277279,,0°C ~ 85°C,Voltage,,0Hz ~ 180Hz,50mV/g,Vibration,LDT,Wire Leads
1-1004346-0,TE Connectivity Measurement Specialties,28 UM PIEZO FILM SHEET,magnetic-sensors-hall-effect-digital-switch-linear,2,342.14,-,User Defined,Active,,https://www.digikey.com/en/products/detail/te-connectivity-measurement-specialties/1-1004346-0/2709548,,,Voltage,,,,Vibration,,
1-1004347-0,TE Connectivity Measurement Specialties,PIEZO FILM/SILVER INK,magnetic-sensors-hall-effect-digital-switch-linear,2,214.03,-,User Defined,Active,,https://www.digikey.com/en/products/detail/te-connectivity-measurement-specialties/1-1004347-0/5277280,,,,,,,,,
1002794-M,TE Connectivity Measurement Specialties,SENSOR PIEZO FILM VIBRA TABS,magnetic-sensors-hall-effect-digital-switch-linear,2509,5.38,Cantilever Piezo Film (Wafer),Through Hole,Active,https://www.digikey.com//mm.digikey.com/Volume0/opasdata/d220001/medias/docus/892/LDT0-028K.pdf,https://www.digikey.com/en/products/detail/te-connectivity-measurement-specialties/1002794-M/279646,,0°C ~ 85°C,Voltage,,0Hz ~ 180Hz,50mV/g,Vibration,LDT,PC Pins
1005447-1-M,TE Connectivity Measurement Specialties,SENSOR PIEZO FILM VIBRA MASS,magnetic-sensors-hall-effect-digital-switch-linear,3135,0.0,Cantilever Piezo Film (Wafer),Through Hole,Active,https://www.digikey.com//mm.digikey.com/Volume0/opasdata/d220001/medias/docus/892/LDT0-028K.pdf,https://www.digikey.com/en/products/detail/te-connectivity-measurement-specialties/1005447-1-M/279647,,0°C ~ 85°C,Voltage,,0Hz ~ 90Hz,200mV/g,"Vibration, Acceleration",LDT,PC Pins
1005935-1,TE Connectivity Measurement Specialties,ULTRASONIC TRANSDUCER,magnetic-sensors-hall-effect-digital-switch-linear,0,60.4604,"Piezo Film, Cantilever (Wafer)",User Defined,Active,,https://www.digikey.com/en/products/detail/te-connectivity-measurement-specialties/1005935-1/5277265,High Frequency,-20°C ~ 60°C,Voltage,,,,"Vibration, Piezo Film",,Connector
1005939-1,TE Connectivity Measurement Specialties,MINI SENSE HORIZ MNT VIBRATION,magnetic-sensors-hall-effect-digital-switch-linear,2156,6.5,Cantilever Piezo Film (Wafer),Through Hole,Active,https://www.digikey.com//mm.digikey.com/Volume0/opasdata/d220001/medias/docus/1909/MiniSense_100.pdf,https://www.digikey.com/en/products/detail/te-connectivity-measurement-specialties/1005939-1/616257,,-20°C ~ 60°C,Voltage,,0Hz ~ 40Hz,1.1V/g,"Vibration, Acceleration",LDTC,PC Pins
1005940-1,TE Connectivity Measurement Specialties,SENSOR MINISENSE 100 VERTICAL,magnetic-sensors-hall-effect-digital-switch-linear,95,0.0,Cantilever Piezo Film (Wafer),Through Hole,Active,https://www.digikey.com//mm.digikey.com/Volume0/opasdata/d220001/medias/docus/1909/MiniSense_100.pdf,https://www.digikey.com/en/products/detail/te-connectivity-measurement-specialties/1005940-1/726374,,-20°C ~ 60°C,Voltage,,0Hz ~ 40Hz,1.1V/g,"Vibration, Acceleration",LDTC,PC Pins
1006015-1,TE Connectivity Measurement Specialties,SENSOR VIBRATION,magnetic-sensors-hall-effect-digital-switch-linear,2,6.5,Cantilever Piezo Film (Wafer),Through Hole,Active,https://www.te.com/usa-en/product-1006015-1.datasheet.pdf,https://www.digikey.com/en/products/detail/te-connectivity-measurement-specialties/1006015-1/5277266,,,Voltage,,,,"Vibration, Acceleration",LDTC,PC Pins
1007079-1,TE Connectivity Measurement Specialties,SENSOR VIBRATION,magnetic-sensors-hall-effect-digital-switch-linear,68,0.0,Module,User Defined,Active,https://www.digikey.com//mm.digikey.com/Volume0/opasdata/d220001/medias/docus/1216/Piezo_Film_Guide.pdf,https://www.digikey.com/en/products/detail/te-connectivity-measurement-specialties/1007079-1/5277267,,,,,,,,,Wire Leads
1007089-1,TE Connectivity Measurement Specialties,SENSOR VIBRATION,magnetic-sensors-hall-effect-digital-switch-linear,0,23.2078,-,-,Active,https://www.digikey.com//mm.digikey.com/Volume0/opasdata/d220001/medias/docus/1216/Piezo_Film_Guide.pdf,https://www.digikey.com/en/products/detail/te-connectivity-measurement-specialties/1007089-1/5277268,,,,,,,,,
1007090-1,TE Connectivity Measurement Specialties,SENSOR VIBRATION,magnetic-sensors-hall-effect-digital-switch-linear,0,23.20775,-,-,Active,https://www.digikey.com//mm.digikey.com/Volume0/opasdata/d220001/medias/docus/1216/Piezo_Film_Guide.pdf,https://www.digikey.com/en/products/detail/te-connectivity-measurement-specialties/1007090-1/5277269,,,,,,,,,
1007158-1,TE Connectivity Measurement Specialties,SENSOR VIBRATION,magnetic-sensors-hall-effect-digital-switch-linear,0,2.74232,"Piezo Film, Cantilever (Wafer)",User Defined,Obsolete,https://www.digikey.com//mm.digikey.com/Volume0/opasdata/d220001/medias/docus/1216/Piezo_Film_Guide.pdf,https://www.digikey.com/en/products/detail/te-connectivity-measurement-specialties/1007158-1/5277270,,,Voltage,,,,"Vibration, Acceleration",LDTC,PC Pins
10184000-01,TE Connectivity Measurement Specialties,SLEEP MONITOR STRIP PIEZO FILM,magnetic-sensors-hall-effect-digital-switch-linear,0,21.0826,"Piezo Film, Cantilever (Wafer)",User Defined,Active,,https://www.digikey.com/en/products/detail/te-connectivity-measurement-specialties/10184000-01/9923056,,,,,,,Vibration,,
11744,SparkFun Electronics,GEOPHONE - SM-24,magnetic-sensors-hall-effect-digital-switch-linear,0,91.61,"Radial, Can",Through Hole,Active,,https://www.digikey.com/en/products/detail/sparkfun-electronics/11744/17828073,,-40°C ~ 100°C,,,10Hz ~ 240Hz,,Vibration,,PC Pins
1364837,Phoenix Contact,WIL-SHM-S SENSOR,magnetic-sensors-hall-effect-digital-switch-linear,0,2.0,Module,Chassis Mount,Active,,https://www.digikey.com/en/products/detail/phoenix-contact/1364837/17936916,,,Analog,,,,Accelerometer,WIL,Connector
1533075,Phoenix Contact,INTERCONNECT MISC,magnetic-sensors-hall-effect-digital-switch-linear,0,812.94,Module,Chassis Mount,Active,,https://www.digikey.com/en/products/detail/phoenix-contact/1533075/22675643,,-40°C ~ 85°C,Digital,,,,"Vibration, Acceleration",WIL,Cable with Connector
1766,Adafruit Industries LLC,FAST VIBRATION SENSOR SWITCH (EA,magnetic-sensors-hall-effect-digital-switch-linear,1654,0.95,"Radial, Can",Through Hole,Active,https://www.digikey.com//mm.digikey.com/Volume0/opasdata/d220001/medias/docus/2201/1766_Web.pdf,https://www.digikey.com/en/products/detail/adafruit-industries-llc/1766/7244944,,-40°C ~ 80°C,SPST,,,,Vibration,,
1767,Adafruit Industries LLC,SLOW VIBRATION SENSOR SWITCH (HA,magnetic-sensors-hall-effect-digital-switch-linear,250,0.95,"Radial, Can",Through Hole,Active,https://www.digikey.com//mm.digikey.com/Volume0/opasdata/d220001/medias/docus/2542/1767_Web.pdf,https://www.digikey.com/en/products/detail/adafruit-industries-llc/1767/7244945,,-40°C ~ 80°C,SPST,,,,Vibration,,
2-1002145-0,TE Connectivity Measurement Specialties,SENSOR VIBRATION,magnetic-sensors-hall-effect-digital-switch-linear,180,13.64,"Piezo Film, Cantilever (Wafer)",User Defined,Active,,https://www.digikey.com/en/products/detail/te-connectivity-measurement-specialties/2-1002145-0/5277282,,0°C ~ 70°C,Voltage,,,,Vibration,DT,
2-1002149-0-M,TE Connectivity Measurement Specialties,DT4-052K W/TH W/HOLE,magnetic-sensors-hall-effect-digital-switch-linear,0,17.3866,-,-,Active,,https://www.digikey.com/en/products/detail/te-connectivity-measurement-specialties/2-1002149-0-M/22755278,,,,,,,,*,
2-1002150-0,TE Connectivity Measurement Specialties,SENSOR VIBRATION,magnetic-sensors-hall-effect-digital-switch-linear,43,28.96,"Piezo Film, Cantilever (Wafer)",User Defined,Active,,https://www.digikey.com/en/products/detail/te-connectivity-measurement-specialties/2-1002150-0/5277283,,0°C ~ 70°C,Voltage,,,,Vibration,DT,Wire Leads
2-1002405-0-M,TE Connectivity Measurement Specialties,LDT4-052K W/TH LEADS/RIVE,magnetic-sensors-hall-effect-digital-switch-linear,0,14.84567,-,-,Active,,https://www.digikey.com/en/products/detail/te-connectivity-measurement-specialties/2-1002405-0-M/26275159,,,,,,,,*,
2-1002608-0,TE Connectivity Measurement Specialties,SENSOR VIBRATION,magnetic-sensors-hall-effect-digital-switch-linear,0,0.0,"Piezo Film, Cantilever (Wafer)",User Defined,Active,,https://www.digikey.com/en/products/detail/te-connectivity-measurement-specialties/2-1002608-0/5277284,,0°C ~ 70°C,Voltage,,,,Vibration,DT,
2-1002785-1,TE Connectivity Measurement Specialties,PIEZO FILM ELEMENT FLEX LEADS,magnetic-sensors-hall-effect-digital-switch-linear,257,20.16,"Piezo Film, Cantilever (Wafer)",User Defined,Active,,https://www.digikey.com/en/products/detail/te-connectivity-measurement-specialties/2-1002785-1/5154729,,,Voltage,,,,"Vibration, Acceleration",FDT,Connector
2-1002786-1-M,TE Connectivity Measurement Specialties,FLDT1-052K W/MALE  CONN,magnetic-sensors-hall-effect-digital-switch-linear,0,16.33941,-,-,Active,,https://www.digikey.com/en/products/detail/te-connectivity-measurement-specialties/2-1002786-1-M/22827385,,,,,,,,*,
2-1002908-0,TE Connectivity Measurement Specialties,SENSOR VIBRATION,magnetic-sensors-hall-effect-digital-switch-linear,0,15.32,"Piezo Film, Cantilever (Wafer)",User Defined,Active,,https://www.digikey.com/en/products/detail/te-connectivity-measurement-specialties/2-1002908-0/5277285,,0°C ~ 70°C,Voltage,,,,Vibration,DT,Wire Leads
2-1003702-7,TE Connectivity Measurement Specialties,METALLIZED PIEZO FILM SHEETS 52,magnetic-sensors-hall-effect-digital-switch-linear,0,360.252,"Piezo Film, Cantilever (Wafer)",User Defined,Active,,https://www.digikey.com/en/products/detail/te-connectivity-measurement-specialties/2-1003702-7/6235266,,,Voltage,"280V, 840V",,,Displacement,,
2-1003744-0,TE Connectivity Measurement Specialties,SENSOR VIBRATION,magnetic-sensors-hall-effect-digital-switch-linear,279,20.16,"Piezo Film, Cantilever (Wafer)",User Defined,Active,,https://www.digikey.com/en/products/detail/te-connectivity-measurement-specialties/2-1003744-0/5277286,,0°C ~ 70°C,Voltage,,,,Vibration,DT,Wire Leads
2-1003759-0-M,TE Connectivity Measurement Specialties,FLICKER W/RIVETS TE VA LOGO,magnetic-sensors-hall-effect-digital-switch-linear,0,15.15359,-,-,Active,,https://www.digikey.com/en/products/detail/te-connectivity-measurement-specialties/2-1003759-0-M/22764685,,,,,,,,*,
2-1004346-0,TE Connectivity Measurement Specialties,PIEZO FILM SHEET,magnetic-sensors-hall-effect-digital-switch-linear,8,373.16,-,User Defined,Active,,https://www.digikey.com/en/products/detail/te-connectivity-measurement-specialties/2-1004346-0/5277287,,,Voltage,,,,Vibration,,
2-1004347-0,TE Connectivity Measurement Specialties,PIEZO FILM SHEET,magnetic-sensors-hall-effect-digital-switch-linear,17,234.74,-,User Defined,Active,,https://www.digikey.com/en/products/detail/te-connectivity-measurement-specialties/2-1004347-0/5277288,,,Voltage,,,,Vibration,,
2384,Adafruit Industries LLC,MEDIUM VIBRATION SENSOR SWITCH,magnetic-sensors-hall-effect-digital-switch-linear,485,0.95,"Radial, Can",Through Hole,Active,https://www.digikey.com//mm.digikey.com/Volume0/opasdata/d220001/medias/docus/2298/2384_Web.pdf,https://www.digikey.com/en/products/detail/adafruit-industries-llc/2384/7244952,,260°C,SPST,,,,Vibration,,
2751260000,Weidmüller,US67-V1T-BLE,magnetic-sensors-hall-effect-digital-switch-linear,0,400.82,Module,Chassis Mount,Active,,https://www.digikey.com/en/products/detail/weidm%C3%BCller/2751260000/25886492,,-20°C ~ 60°C,Voltage,,10Hz ~ 3.3kHz,112mV/g,"Vibration, Acceleration",,Connector
3-1003702-7,TE Connectivity Measurement Specialties,METALLIZED PIEZO FILM SHEETS 110,magnetic-sensors-hall-effect-digital-switch-linear,0,385.092,-,-,Active,,https://www.digikey.com/en/products/detail/te-connectivity-measurement-specialties/3-1003702-7/6235267,,,,,,,,,
3-1004346-0,TE Connectivity Measurement Specialties,PIEZO FILM SHEET 8X11 SILVER INK,magnetic-sensors-hall-effect-digital-switch-linear,3,404.07,-,User Defined,Active,,https://www.digikey.com/en/products/detail/te-connectivity-measurement-specialties/3-1004346-0/4251355,,,Voltage,,,,Vibration,,
3-1004347-0,TE Connectivity Measurement Specialties,PIEZO FILM SHEET,magnetic-sensors-hall-effect-digital-switch-linear,13,266.52,-,User Defined,Active,,https://www.digikey.com/en/products/detail/te-connectivity-measurement-specialties/3-1004347-0/5277289,,,,,,,,,
314070000,"Seeed Technology Co., Ltd",PIEZO SENSOR MINISENSE 100,magnetic-sensors-hall-effect-digital-switch-linear,0,2.85,-,-,Discontinued at DigiKey,https://www.digikey.com//mm.digikey.com/Volume0/opasdata/d220001/medias/docus/1257/314070000_Web.pdf,https://www.digikey.com/en/products/detail/seeed-technology-co-ltd/314070000/5488114,,,,,,,,,
314070001,"Seeed Technology Co., Ltd",PIEZO VIBRATION SENSOR,magnetic-sensors-hall-effect-digital-switch-linear,0,2.85,-,-,Discontinued at DigiKey,http://www.seeedstudio.com/depot/datasheet/LDT_Series_web.pdf,https://www.digikey.com/en/products/detail/seeed-technology-co-ltd/314070001/5488127,,,,,,,,,
4081,Adafruit Industries LLC,FLAT VIBRATION SWITCH - BREADBOA,magnetic-sensors-hall-effect-digital-switch-linear,193,0.95,2-DIP Module,Through Hole,Active,https://www.digikey.com//mm.digikey.com/Volume0/opasdata/d220001/medias/docus/311/4081_Web.pdf,https://www.digikey.com/en/products/detail/adafruit-industries-llc/4081/9919538,,,,,,,Vibration,,
4931,Adafruit Industries LLC,PIEZOELECTRIC RIBBON SENSOR - 2,magnetic-sensors-hall-effect-digital-switch-linear,16,24.95,"Piezo Film, Cantilever (Wafer)",User Defined,Active,,https://www.digikey.com/en/products/detail/adafruit-industries-llc/4931/14113461,,,Analog,,,,Piezoelectric,,PC Pins
605-00004,Parallax Inc.,SENSOR PIEZO FILM VIBRA TABS,magnetic-sensors-hall-effect-digital-switch-linear,0,2.325,Cantilever Piezo Film (Wafer),Through Hole,Discontinued at DigiKey,,https://www.digikey.com/en/products/detail/parallax-inc/605-00004/1774442,,,Analog,,,50mV/g,Acceleration,,PC Pins
674A91,Amphenol PCB Piezotronics,IO-LINK VIBRATION SENSOR - PIEZO,magnetic-sensors-hall-effect-digital-switch-linear,19,566.55,"Cylinder, Threaded",Panel Mount,Active,https://www.pcb.com/contentstore/mktgcontent/linkeddocuments/IMI_Downloads/IMI-VIB-674A91_LowRes.pdf,https://www.digikey.com/en/products/detail/amphenol-pcb-piezotronics/674A91/22679284,,-40°C ~ 85°C,Digital,,5Hz ~ 10kHz,,Accelerometer,ICP®,Connector
780988-01,NI,"PCB GENERAL PURPOSE, 10MV/G, ICP",magnetic-sensors-hall-effect-digital-switch-linear,0,1.0,Module,Chassis Mount,Active,,https://www.digikey.com/en/products/detail/ni/780988-01/16648674,"Coaxial Cable, Integrated Electronic Piezoelectric (IEPE)",,,,,10mV/g,Accelerometer,,
780989-01,NI,"PCB HIGH SENSITIVITY, 100MV/G, I",magnetic-sensors-hall-effect-digital-switch-linear,0,1.0,Module,Chassis Mount,Active,,https://www.digikey.com/en/products/detail/ni/780989-01/16648838,"Coaxial Cable, Integrated Electronic Piezoelectric (IEPE)",,,,,100mV/g,Accelerometer,,
ADCMXL1021-1BMLZ,Analog Devices Inc.,HIGH FREQ DIGITAL MEMS 1 AXIS (Z,magnetic-sensors-hall-effect-digital-switch-linear,2,311.13,Module,Chassis Mount,Active,https://www.analog.com/media/en/technical-documentation/data-sheets/ADcmXL1021-1.pdf,https://www.digikey.com/en/products/detail/analog-devices-inc/ADCMXL1021-1BMLZ/11642812,Programmable,-40°C ~ 105°C,Digital,3.0 V ~ 3.6 V / 23.9mA,±50g,0.9535mg/LSB,Acceleration,"iMEMS®, iSensor™",Connector
ADCMXL3021BMLZ,Analog Devices Inc.,HIGH FREQ DIGITAL MEMS 3 AXIS AC,magnetic-sensors-hall-effect-digital-switch-linear,2,349.9,Module,Chassis Mount,Active,https://www.analog.com/media/en/technical-documentation/data-sheets/ADcmXL3021.pdf,https://www.digikey.com/en/products/detail/analog-devices-inc/ADCMXL3021BMLZ/10124791,Programmable,-40°C ~ 105°C,Digital,3.0V ~ 3.6V / 31.6mA,±50g,0.9535mg/LSB,"Accelerometer, 3 Axis",,Connector
ADIS16000AMLZ,Analog Devices Inc.,SENSOR VIBRATION W/RF TXRX,magnetic-sensors-hall-effect-digital-switch-linear,0,0.0,14-Module with Connector,Connector,Obsolete,https://www.analog.com/media/en/technical-documentation/data-sheets/ADIS16000_16229.pdf,https://www.digikey.com/en/products/detail/analog-devices-inc/ADIS16000AMLZ/4250194,Transceiver,-40°C ~ 125°C,Digital,3.0 V ~ 3.6 V / 37mA,,,Vibration,,Threaded
ADIS16223CMLZ,Analog Devices Inc.,SENSOR VIBRATION -70+70G MODUL,magnetic-sensors-hall-effect-digital-switch-linear,0,0.0,14-Module with Connector,Screw Mount,Obsolete,https://www.analog.com/media/en/technical-documentation/data-sheets/ADIS16223.pdf,https://www.digikey.com/en/products/detail/analog-devices-inc/ADIS16223CMLZ/2357706,Programmable,-40°C ~ 125°C,Digital,3.15 V ~ 3.6 V / 43mA,-70 ~ 70 g,4.768mg/LSB,"Vibration, Acceleration","iMEMS®, iSensor™",Rectangular Connector - 14 Pos
ADIS16227CMLZ,Analog Devices Inc.,SENSOR VIBRATION -70+70G MODUL,magnetic-sensors-hall-effect-digital-switch-linear,0,0.0,14-Module with Connector,Screw Mount,Obsolete,https://www.analog.com/media/en/technical-documentation/data-sheets/ADIS16227.pdf,https://www.digikey.com/en/products/detail/analog-devices-inc/ADIS16227CMLZ/2507323,Programmable,-40°C ~ 125°C,Digital,3.15 V ~ 3.6 V / 43mA,-70 ~ 70 g,1.192mg/LSB,Acceleration,"iMEMS®, iSensor™",Rectangular Connector - 14 Pos
ADIS16228CMLZ,Analog Devices Inc.,IC SENSOR DIGITAL TRI VIB 15-MOD,magnetic-sensors-hall-effect-digital-switch-linear,0,0.0,Module,Chassis Mount,Obsolete,https://www.analog.com/media/en/technical-documentation/data-sheets/ADIS16228.pdf,https://www.digikey.com/en/products/detail/analog-devices-inc/ADIS16228CMLZ/2742166,Programmable,-40°C ~ 125°C,Digital,3.0 V ~ 3.6 V / 40mA,±18g,,Acceleration,iSensor™,
ANGLE-BRACKET-MOUNT-2.4GHZ-SENSORS,Beanair Sensors,90 degree Bracket Mounting for W,magnetic-sensors-hall-effect-digital-switch-linear,20,53.0,Box,Chassis Mount,Active,https://www.wireless-iot-sensors.beanair.com/files/Datasheet-ANGLE-BRACKET-MOUNT-2.4ghz-SENSORS.pdf,https://www.digikey.com/en/products/detail/beanair-sensors/ANGLE-BRACKET-MOUNT-2-4GHZ-SENSORS/24372723,Waterproof,,,,,,Vibration,,
ANGLE-BRACKET-MOUNT-WILOW,Beanair Sensors,90 degree Bracket Mounting for W,magnetic-sensors-hall-effect-digital-switch-linear,50,39.0,Box,Chassis Mount,Active,https://www.wireless-iot-sensors.beanair.com/files/Datasheet-ANGLE-BRACKET-MOUNT-WILOW.pdf,https://www.digikey.com/en/products/detail/beanair-sensors/ANGLE-BRACKET-MOUNT-WILOW/24372737,Waterproof,,,,,,Vibration,,
AT-105,Electronics4all.ca,"Compact Vibration Sensor,Temp an",magnetic-sensors-hall-effect-digital-switch-linear,47,312.0,-,-,Active,,https://www.digikey.com/en/products/detail/electronics4all-ca/AT-105/29177180,,,,,,,,*,
AU2401-1,Comus International,SENSOR VIBRATION SPST .02A 24VAC,magnetic-sensors-hall-effect-digital-switch-linear,3323,4.66,Nonstandard,Through Hole,Active,https://comus-intl.com/wp-content/uploads/2015/05/AU2401-1.pdf,https://www.digikey.com/en/products/detail/comus-international/AU2401-1/7497019,,-37°C ~ 100°C,,,,,Vibration,,PC Pins
BB-HS-104T2505402,Advantech Corporation,SENSOR,magnetic-sensors-hall-effect-digital-switch-linear,0,0.0,Module,Chassis Mount,Obsolete,,https://www.digikey.com/en/products/detail/advantech-corporation/BB-HS-104T2505402/16611138,,-50°C ~ 125°C,Voltage,,0.3Hz ~ 10kHz,250mV/g,Accelerometer,,
BND-2.4GHZ-AX-3D-10G-XR-RB-SCM,Beanair Sensors,WIRELESS VIBRATION SENSOR 10G,magnetic-sensors-hall-effect-digital-switch-linear,10,345.0,IoT Finished Device,Chassis Mount,Active,http://www.wireless-iot-sensors.beanair.com/files/Datasheet-wireless-accelerometer-BeanDevice-AX-3D-Xrange.pdf,https://www.digikey.com/en/products/detail/beanair-sensors/BND-2-4GHZ-AX-3D-10G-XR-RB-SCM/24373039,Waterproof,-20°C ~ 60°C,Wireless,9.6V ~ 32V,±10g,0.488mg/LSB,"Vibration, Acceleration",,Screw Terminal
BND-2.4GHZ-AX-3D-2G-XR-RB-SCM,Beanair Sensors,WIRELESS VIBRATION SENSOR 2G,magnetic-sensors-hall-effect-digital-switch-linear,8,359.0,IoT Finished Device,Chassis Mount,Active,http://www.wireless-iot-sensors.beanair.com/files/Datasheet-wireless-accelerometer-BeanDevice-AX-3D-Xrange.pdf,https://www.digikey.com/en/products/detail/beanair-sensors/BND-2-4GHZ-AX-3D-2G-XR-RB-SCM/24373025,Waterproof,-25°C ~ 60°C,Wireless,9.6V ~ 32V,±2g,,"Accelerometer, 3 Axis",,Screw Terminal
BND-2.4GHZ-AX-3D-SR-1.2T-RB-SCM,Beanair Sensors,Low Noise wireless Vibration sen,magnetic-sensors-hall-effect-digital-switch-linear,12,339.0,IoT Finished Device,Chassis Mount,Active,http://www.wireless-iot-sensors.beanair.com/files/Datasheet-Wireless-Tri-Axis-Accelerometer-BeanDevice-AX-3D-SR.pdf,https://www.digikey.com/en/products/detail/beanair-sensors/BND-2-4GHZ-AX-3D-SR-1-2T-RB-SCM/24372734,Waterproof,,Wireless,9.6V ~ 32V,"±1.2g, ±2.4g",,"Accelerometer, 3 Axis",,Screw Terminal
BND-WILOW-AX-3D-10G-EHR-HG,Beanair Sensors,"WIFI VIBRATION SENSOR 2G, HIGH",magnetic-sensors-hall-effect-digital-switch-linear,2,465.0,Box,Chassis Mount,Active,http://www.wireless-iot-sensors.beanair.com/files/Datasheet-wifi-accelerometer-beandevice-Wilow-AX-3D.pdf,https://www.digikey.com/en/products/detail/beanair-sensors/BND-WILOW-AX-3D-10G-EHR-HG/24373045,Waterproof,-40°C ~ 60°C,Wireless,5 V ~ 12 V,±10g,,Vibration,,Connector
BND-WILOW-AX-3D-10G-HG,Beanair Sensors,"WIFI VIBRATION SENSOR 10G, HG",magnetic-sensors-hall-effect-digital-switch-linear,2,410.0,IoT Finished Device,Chassis Mount,Active,http://www.wireless-iot-sensors.beanair.com/files/Datasheet-wifi-accelerometer-beandevice-Wilow-AX-3D.pdf,https://www.digikey.com/en/products/detail/beanair-sensors/BND-WILOW-AX-3D-10G-HG/24373046,Waterproof,-40°C ~ 60°C,Wireless,,±10g,,"Accelerometer, 3 Axis",,Screw Terminal
BND-WILOW-AX-3D-2G-EHR-HG,Beanair Sensors,"WIFI VIBRATION SENSOR 2G, HIGH G",magnetic-sensors-hall-effect-digital-switch-linear,8,415.0,IoT Finished Device,"Screw Mount, Mounting Hole",Active,http://www.wireless-iot-sensors.beanair.com/files/Datasheet-wifi-accelerometer-beandevice-Wilow-AX-3D.pdf,https://www.digikey.com/en/products/detail/beanair-sensors/BND-WILOW-AX-3D-2G-EHR-HG/24373033,Waterproof,-40°C ~ 60°C,"LAN, Wireless",5 V ~ 12 V,±2g,,"Accelerometer, 3 Axis",,Connector
BND-WILOW-AX-3D-2G-HG,Beanair Sensors,"WIFI VIBRATION SENSOR 2G, HIGH G",magnetic-sensors-hall-effect-digital-switch-linear,37,395.0,IoT Finished Device,"Screw Mount, Mounting Hole",Active,http://www.wireless-iot-sensors.beanair.com/files/Datasheet-wifi-accelerometer-beandevice-Wilow-AX-3D.pdf,https://www.digikey.com/en/products/detail/beanair-sensors/BND-WILOW-AX-3D-2G-HG/24373037,Waterproof,-40°C ~ 60°C,"LAN, Wireless",,±2g,,"Accelerometer, 3 Axis",,
BU-21771-000,Knowles,MIC ACCELEROMETER VIBRATE SENSE,magnetic-sensors-hall-effect-digital-switch-linear,90,69.33,Box,Surface Mount,Active,https://www.knowles.com/docs/default-source/model-downloads/bu-21771-000.pdf,https://www.digikey.com/en/products/detail/knowles/BU-21771-000/458515,,,Voltage,,,-45dB ±4.5dB,"Vibration, Acceleration",BU,Solder Pads
BU-23842-000,Knowles,ACCELEROMETER 1.5VDC SOLDER,magnetic-sensors-hall-effect-digital-switch-linear,96,61.64,Box,Surface Mount,Active,https://www.knowles.com/docs/default-source/model-downloads/bu-23842-000.pdf,https://www.digikey.com/en/products/detail/knowles/BU-23842-000/1125422,,,Voltage,,,-40dB ±3dB,"Vibration, Acceleration",BU,Solder Pads
BU-23842-141,Knowles,ACCELEROMETER,magnetic-sensors-hall-effect-digital-switch-linear,0,43.5123,Ceramic,User Defined,Active,https://www.knowles.com/docs/default-source/model-downloads/bu-27135-000.pdf?Status=Master&sfvrsn=3f7775b1_0,https://www.digikey.com/en/products/detail/knowles/BU-23842-141/4903111,Waterproof,,Voltage,,,-40dB ±3dB,"Vibration, Acceleration",BU,Solder Posts
BU-27135-000,Knowles,ACCELEROMETER 1.5V LOW FREQ RESP,magnetic-sensors-hall-effect-digital-switch-linear,0,0.0,Box,Surface Mount,Obsolete,https://www.digikey.com//mm.digikey.com/Volume0/opasdata/d220001/medias/docus/986/BU-27135-000.pdf,https://www.digikey.com/en/products/detail/knowles/BU-27135-000/526398,,,Voltage,,,-45dB ±4.5dB,"Vibration, Acceleration",BU,Solder Pads
BU-27135-141,Knowles,ACCELEROMETER,magnetic-sensors-hall-effect-digital-switch-linear,45,61.64,Ceramic,User Defined,Active,https://www.knowles.com/docs/default-source/model-downloads/bu-27135-000.pdf?Status=Master&sfvrsn=3f7775b1_0,https://www.digikey.com/en/products/detail/knowles/BU-27135-141/4903112,Waterproof,,Voltage,,,-45dB ±4.5dB,"Vibration, Acceleration",BU,Solder Posts
CMCP-DVS-EX-E1-00,STI Vibration Monitoring,"Explosion Proof, 1 ips, Intern.",magnetic-sensors-hall-effect-digital-switch-linear,20,695.0,Module,Chassis Mount,Active,https://www.stiweb.com/v/vspfiles/downloadables/downloadDataSheets/CMCP-DVS-EX.pdf,https://www.digikey.com/en/products/detail/sti-vibration-monitoring/CMCP-DVS-EX-E1-00/22160276,Programmable,-20°C ~ 60°C,Digital,24V / 50mA,2Hz ~ 2kHz,,Vibration,,Connector
CMCP-DVS-EX-E1-RST,STI Vibration Monitoring,"Explosion Proof, 1 ips, Ext. Res",magnetic-sensors-hall-effect-digital-switch-linear,20,845.0,Module,Chassis Mount,Active,https://www.stiweb.com/v/vspfiles/downloadables/downloadDataSheets/CMCP-DVS-EX.pdf,https://www.digikey.com/en/products/detail/sti-vibration-monitoring/CMCP-DVS-EX-E1-RST/22160273,Programmable,-20°C ~ 60°C,Digital,24V / 50mA,2Hz ~ 2kHz,,Vibration,,Connector
CMCP-DVS-EX-E2-00,STI Vibration Monitoring,"Explosion Proof, 2 ips, Intern.",magnetic-sensors-hall-effect-digital-switch-linear,12,695.0,Module,Chassis Mount,Active,https://www.stiweb.com/v/vspfiles/downloadables/downloadDataSheets/CMCP-DVS-EX.pdf,https://www.digikey.com/en/products/detail/sti-vibration-monitoring/CMCP-DVS-EX-E2-00/22160272,Programmable,-20°C ~ 60°C,Digital,24V / 50mA,2Hz ~ 2kHz,,Vibration,,Connector
CMCP-DVS-EX-E2-RST,STI Vibration Monitoring,"Explosion Proof, 2 ips, Ext Rese",magnetic-sensors-hall-effect-digital-switch-linear,20,845.0,Module,Chassis Mount,Active,https://www.stiweb.com/v/vspfiles/downloadables/downloadDataSheets/CMCP-DVS-EX.pdf,https://www.digikey.com/en/products/detail/sti-vibration-monitoring/CMCP-DVS-EX-E2-RST/22160269,Programmable,-20°C ~ 60°C,Digital,24V / 50mA,2Hz ~ 2kHz,,Vibration,,Connector
CMCP-DVS-EX-M1-00,STI Vibration Monitoring,"Explosion Proof, 25.4 mm/s, Inte",magnetic-sensors-hall-effect-digital-switch-linear,20,695.0,Module,Chassis Mount,Active,https://www.stiweb.com/v/vspfiles/downloadables/downloadDataSheets/CMCP-DVS-EX.pdf,https://www.digikey.com/en/products/detail/sti-vibration-monitoring/CMCP-DVS-EX-M1-00/22160274,Programmable,-20°C ~ 60°C,Digital,24V / 50mA,2Hz ~ 2kHz,,Vibration,,Connector
CMCP-DVS-EX-M1-RST,STI Vibration Monitoring,"Explosion Proof, 25.4 mm/s, Ext.",magnetic-sensors-hall-effect-digital-switch-linear,20,845.0,Module,Chassis Mount,Active,https://www.stiweb.com/v/vspfiles/downloadables/downloadDataSheets/CMCP-DVS-EX.pdf,https://www.digikey.com/en/products/detail/sti-vibration-monitoring/CMCP-DVS-EX-M1-RST/22160277,Programmable,-20°C ~ 60°C,Digital,24V / 50mA,2Hz ~ 2kHz,,Vibration,,Connector
CMCP-DVS-EX-M2-00,STI Vibration Monitoring,"Explosion Proof, 50.8 mm/s, Inte",magnetic-sensors-hall-effect-digital-switch-linear,20,695.0,Module,Chassis Mount,Active,https://www.stiweb.com/v/vspfiles/downloadables/downloadDataSheets/CMCP-DVS-EX.pdf,https://www.digikey.com/en/products/detail/sti-vibration-monitoring/CMCP-DVS-EX-M2-00/22160268,Programmable,-20°C ~ 60°C,Digital,24V / 50mA,2Hz ~ 2kHz,,Vibration,,Connector
CMCP-DVS-EX-M2-RST,STI Vibration Monitoring,"Explosion Proof, 50.8 mm/s, Ext.",magnetic-sensors-hall-effect-digital-switch-linear,20,845.0,Module,Chassis Mount,Active,https://www.stiweb.com/v/vspfiles/downloadables/downloadDataSheets/CMCP-DVS-EX.pdf,https://www.digikey.com/en/products/detail/sti-vibration-monitoring/CMCP-DVS-EX-M2-RST/22160275,Programmable,-20°C ~ 60°C,Digital,24V / 50mA,2Hz ~ 2kHz,,Vibration,,Connector
CMCP-DVS-GP-E1,STI Vibration Monitoring,"General Purpose, 1 ips",magnetic-sensors-hall-effect-digital-switch-linear,20,595.0,Module,Chassis Mount,Active,https://www.stiweb.com/v/vspfiles/downloadables/downloadDataSheets/CMCP-DVS-GPds.pdf,https://www.digikey.com/en/products/detail/sti-vibration-monitoring/CMCP-DVS-GP-E1/22160267,Programmable,-20°C ~ 60°C,Digital,24V / 50mA,2Hz ~ 2kHz,,Vibration,,Connector
CMCP-DVS-GP-E2,STI Vibration Monitoring,"General Purpose, 2 isp",magnetic-sensors-hall-effect-digital-switch-linear,20,595.0,Module,Chassis Mount,Active,https://www.stiweb.com/v/vspfiles/downloadables/downloadDataSheets/CMCP-DVS-GPds.pdf,https://www.digikey.com/en/products/detail/sti-vibration-monitoring/CMCP-DVS-GP-E2/22160271,Programmable,-20°C ~ 60°C,Digital,24V / 50mA,2Hz ~ 2kHz,,Vibration,,Connector
CMCP-DVS-GP-M1,STI Vibration Monitoring,"General Purpose, 25.4 mm/s",magnetic-sensors-hall-effect-digital-switch-linear,20,595.0,Module,Chassis Mount,Active,https://www.stiweb.com/v/vspfiles/downloadables/downloadDataSheets/CMCP-DVS-GPds.pdf,https://www.digikey.com/en/products/detail/sti-vibration-monitoring/CMCP-DVS-GP-M1/22160266,Programmable,-20°C ~ 60°C,Digital,24V / 50mA,2Hz ~ 2kHz,,Vibration,,Connector
CMCP-DVS-GP-M2,STI Vibration Monitoring,"General Purpose, 50.8 mm/s",magnetic-sensors-hall-effect-digital-switch-linear,20,595.0,Module,Chassis Mount,Active,https://www.stiweb.com/v/vspfiles/downloadables/downloadDataSheets/CMCP-DVS-GPds.pdf,https://www.digikey.com/en/products/detail/sti-vibration-monitoring/CMCP-DVS-GP-M2/22160270,Programmable,-20°C ~ 60°C,Digital,24V / 50mA,2Hz ~ 2kHz,,Vibration,,Connector
CMCP420VT-01,STI Vibration Monitoring,4-20 mA Velocity Output Sensor,magnetic-sensors-hall-effect-digital-switch-linear,0,0.0,-,Screw Mount,Active,https://www.stiweb.com/v/vspfiles/downloadables/downloadDataSheets/CMCP420VT.pdf,https://www.digikey.com/en/products/detail/sti-vibration-monitoring/CMCP420VT-01/25975400,,-25°C ~ 85°C,Analog,24V / 50mA,2Hz ~ 2kHz,100mV/g,Vibration,*,Screw Terminal
CMCP420VT-02,STI Vibration Monitoring,4-20 mA Velocity Output Sensor,magnetic-sensors-hall-effect-digital-switch-linear,13,440.0,-,Screw Mount,Active,https://www.stiweb.com/v/vspfiles/downloadables/downloadDataSheets/CMCP420VT.pdf,https://www.digikey.com/en/products/detail/sti-vibration-monitoring/CMCP420VT-02/25975404,,-25°C ~ 85°C,Analog,24V / 50mA,2Hz ~ 2kHz,100mV/g,Vibration,*,Screw Terminal
D7A-1,Omron Electronics Inc-EMC Div,SENSOR VIBRATION VERT 90-170GAL,magnetic-sensors-hall-effect-digital-switch-linear,0,0.0,-,Through Hole,Obsolete,,https://www.digikey.com/en/products/detail/aratas-america-llc/D7A-1/503074,,-30°C ~ 70°C,SPST-NO,"3V, 5µA ~ 3V, 1mA",90 ~ 170 gal,,Displacement,D7A,PC Pins
D7A-2,Omron Electronics Inc-EMC Div,SENSOR VIBRATION HORZ 90-170GAL,magnetic-sensors-hall-effect-digital-switch-linear,0,0.0,-,Through Hole,Obsolete,,https://www.digikey.com/en/products/detail/aratas-america-llc/D7A-2/503075,,-30°C ~ 70°C,SPST-NO,"3V, 5µA ~ 3V, 1mA",90 ~ 170 gal,,Displacement,D7A,PC Pins
D7A-3,Omron Electronics Inc-EMC Div,SENSOR VIBRATION BRKT 90-170GAL,magnetic-sensors-hall-effect-digital-switch-linear,0,0.0,-,Chassis Mount,Obsolete,,https://www.digikey.com/en/products/detail/aratas-america-llc/D7A-3/503076,,-30°C ~ 70°C,SPST-NO,"3V, 5µA ~ 3V, 1mA",90 ~ 170 gal,,Displacement,D7A,Wire Leads
D7E-2,Omron Electronics Inc-EMC Div,SENSOR VIBR 100-170GAL 0.1A GRN,magnetic-sensors-hall-effect-digital-switch-linear,192,12.29,-,Chassis Mount,Active,https://omronfs.omron.com/en_US/ecb/products/pdf/en-d7e.pdf,https://www.digikey.com/en/products/detail/aratas-america-llc/D7E-2/503078,,-25°C ~ 60°C,SPST-NC,"5V, 100nA ~ 30V, 100mA",100 ~ 170 gal,20 gal,Displacement,D7E,"Quick Connect - 0.187"" (4.7mm)"
D7H-A1,Omron Electronics Inc-EMC Div,SENSOR VIBRATION SPDT 10A ENCLS,magnetic-sensors-hall-effect-digital-switch-linear,0,395.913,Module,Chassis Mount,Obsolete,,https://www.digikey.com/en/products/detail/aratas-america-llc/D7H-A1/503080,,-14°F ~ 158°F,SPDT,"125V, 10A ~ 250V, 10A",100 ~ 170 gal,,Displacement,D7H,Quick Connect
D7H-B1,Omron Electronics Inc-EMC Div,SENSOR VIBRATION SPDT 10A OPEN,magnetic-sensors-hall-effect-digital-switch-linear,3,99.84,Module,Chassis Mount,Obsolete,https://www.digikey.com//mm.digikey.com/Volume0/opasdata/d220001/medias/docus/793/D7H-B1.pdf,https://www.digikey.com/en/products/detail/aratas-america-llc/D7H-B1/503081,,-10°C ~ 70°C,SPDT,"125V, 10A ~ 250V, 10A",100 ~ 170 gal,,Displacement,D7H,Quick Connect
D7H-B2,Omron Electronics Inc-EMC Div,SENSOR VIBRATION SPDT .1A OPEN,magnetic-sensors-hall-effect-digital-switch-linear,1,99.84,Module,Chassis Mount,Obsolete,https://www.digikey.com//mm.digikey.com/Volume0/opasdata/d220001/medias/docus/1047/D7H-B2.pdf,https://www.digikey.com/en/products/detail/aratas-america-llc/D7H-B2/503082,,-10°C ~ 70°C,SPDT,"125V, 100mA  /  30V 100mA",100 ~ 170 gal,,Displacement,D7H,Quick Connect
D7S-A0001,Omron Electronics Inc-EMC Div,SENSOR SEISMIC 3 AXIS EARTHQUAKE,magnetic-sensors-hall-effect-digital-switch-linear,113,28.45,Module,Surface Mount,Active,https://omronfs.omron.com/en_US/ecb/products/pdf/en-d7s.pdf,https://www.digikey.com/en/products/detail/aratas-america-llc/D7S-A0001/6133770,,-30°C ~ 70°C,I2C,,±2000 gal,,"Vibration, Acceleration",D7S,Solder Pads
DX80N2X1W-CM1L,Banner Engineering Corporation,CONDITION MONITORING NODE,magnetic-sensors-hall-effect-digital-switch-linear,2,599.0,Module,Chassis Mount,Obsolete,http://info.bannerengineering.com/cs/groups/public/documents/literature/209565.pdf,https://www.digikey.com/en/products/detail/banner-engineering-corporation/DX80N2X1W-CM1L/20193330,,-40°C ~ 85°C,,,,,Vibration,Sure Cross®,Cable with Connector
DX80N9X1W-CM1L,Banner Engineering Corporation,SENSOR VIBRATION 900MHZ NODE,magnetic-sensors-hall-effect-digital-switch-linear,0,0.0,IoT Finished Device,Chassis Mount,Obsolete,https://info.bannerengineering.com/cs/groups/public/documents/literature/209565.pdf,https://www.digikey.com/en/products/detail/banner-engineering-corporation/DX80N9X1W-CM1L/10650949,,-40°C ~ 85°C,,,,,Vibration,DX80,Cable with Connector
EA-06-031ECA-350,Micro-Measurements (Division of Vishay Precision Group),GAGE EA-06-031GAGE CEA-350 LINEA,magnetic-sensors-hall-effect-digital-switch-linear,0,86.48,-,-,Active,,https://www.digikey.com/en/products/detail/micro-measurements-division-of-vishay-precision-group/EA-06-031ECA-350/10281474,,,,,,,,*,
HE050.0.0.0.002,HAUBER Elektronik,Vibration Sensor,magnetic-sensors-hall-effect-digital-switch-linear,10,279.63,"Cylinder, Threaded - M8",Screw Mount,Active,https://www.digikey.com//mm.digikey.com/Volume0/opasdata/d220001/medias/docus/6022/HE050_Series.pdf,https://www.digikey.com/en/products/detail/hauber-elektronik/HE050-0-0-0-002/22310495,,-40°C ~ 85°C,Analog,18V ~ 30V / 120mA,10Hz ~ 1kHz,,Vibration,HE050,Connector
HE050.0.0.0.004,HAUBER Elektronik,Vibration Sensor,magnetic-sensors-hall-effect-digital-switch-linear,10,279.63,"Cylinder, Threaded - M8",Screw Mount,Active,https://www.digikey.com//mm.digikey.com/Volume0/opasdata/d220001/medias/docus/6022/HE050_Series.pdf,https://www.digikey.com/en/products/detail/hauber-elektronik/HE050-0-0-0-004/22310488,,-40°C ~ 85°C,Analog,18V ~ 30V / 120mA,10Hz ~ 1kHz,,Vibration,HE050,Connector
HE050.0.0.0.006,HAUBER Elektronik,Vibration Sensor,magnetic-sensors-hall-effect-digital-switch-linear,10,279.63,"Cylinder, Threaded - M8",Screw Mount,Active,https://www.digikey.com//mm.digikey.com/Volume0/opasdata/d220001/medias/docus/6022/HE050_Series.pdf,https://www.digikey.com/en/products/detail/hauber-elektronik/HE050-0-0-0-006/22310555,,-40°C ~ 85°C,Analog,18V ~ 30V / 120mA,10Hz ~ 1kHz,,Vibration,HE050,Connector
HE050.0.1.0.001,HAUBER Elektronik,Vibration Sensor IO Link,magnetic-sensors-hall-effect-digital-switch-linear,10,380.25,"Cylinder, Threaded - M8",Screw Mount,Active,https://www.digikey.com//mm.digikey.com/Volume0/opasdata/d220001/medias/docus/6022/HE050_Series.pdf,https://www.digikey.com/en/products/detail/hauber-elektronik/HE050-0-1-0-001/22310467,Programmable,-40°C ~ 85°C,"Analog, Digital",18V ~ 30V / 700mA,10Hz ~ 1kHz,,Vibration,HE050,Connector
HE055.0.1.0.001,HAUBER Elektronik,Vibration Sensor IO Link,magnetic-sensors-hall-effect-digital-switch-linear,20,496.08,"Cylinder, Threaded",Panel Mount,Active,https://hauber-elektronik.de/file/HE055/manuals/HE055_manual_EN.pdf,https://www.digikey.com/en/products/detail/hauber-elektronik/HE055-0-1-0-001/25666249,,-40°C ~ 80°C,"Analog, Digital",18V ~ 30V / 320mA,10Hz ~ 1kHz,,"Vibration, Acceleration",HE055,Connector
HE100.00.16.00.00.00.000,HAUBER Elektronik,Vibration Sensor,magnetic-sensors-hall-effect-digital-switch-linear,10,546.39,"Cylinder, Threaded - M8",Screw Mount,Active,https://www.digikey.com//mm.digikey.com/Volume0/opasdata/d220001/medias/docus/6022/HE100_Series.pdf,https://www.digikey.com/en/products/detail/hauber-elektronik/HE100-00-16-00-00-00-000/22310533,,-40°C ~ 125°C,Analog,10V ~ 30V / 25mA,10Hz ~ 1kHz,,Vibration,HE100,Connector
HE100.00.16.01.00.00.000,HAUBER Elektronik,Vibration Sensor,magnetic-sensors-hall-effect-digital-switch-linear,10,602.55,"Cylinder, Threaded - M8",Screw Mount,Active,https://www.digikey.com//mm.digikey.com/Volume0/opasdata/d220001/medias/docus/6022/HE100_Series.pdf,https://www.digikey.com/en/products/detail/hauber-elektronik/HE100-00-16-01-00-00-000/22310510,,-40°C ~ 125°C,Analog,10V ~ 30V / 25mA,1Hz ~ 1kHz,,Vibration,HE100,Connector
HE100.00.32.00.00.00.000,HAUBER Elektronik,Vibration Sensor,magnetic-sensors-hall-effect-digital-switch-linear,10,546.39,"Cylinder, Threaded - M8",Screw Mount,Active,https://www.digikey.com//mm.digikey.com/Volume0/opasdata/d220001/medias/docus/6022/HE100_Series.pdf,https://www.digikey.com/en/products/detail/hauber-elektronik/HE100-00-32-00-00-00-000/22310460,,-40°C ~ 125°C,Analog,10V ~ 30V / 25mA,10Hz ~ 1kHz,,Vibration,HE100,Connector
HE100.00.32.01.00.00.000,HAUBER Elektronik,Vibration Sensor,magnetic-sensors-hall-effect-digital-switch-linear,10,602.55,"Cylinder, Threaded - M8",Screw Mount,Active,https://www.digikey.com//mm.digikey.com/Volume0/opasdata/d220001/medias/docus/6022/HE100_Series.pdf,https://www.digikey.com/en/products/detail/hauber-elektronik/HE100-00-32-01-00-00-000/22310524,,-40°C ~ 125°C,Analog,10V ~ 30V / 25mA,1Hz ~ 1kHz,,Vibration,HE100,Connector
HE100.00.64.00.00.00.000,HAUBER Elektronik,Vibration Sensor,magnetic-sensors-hall-effect-digital-switch-linear,10,546.39,"Cylinder, Threaded - M8",Screw Mount,Active,https://www.digikey.com//mm.digikey.com/Volume0/opasdata/d220001/medias/docus/6022/HE100_Series.pdf,https://www.digikey.com/en/products/detail/hauber-elektronik/HE100-00-64-00-00-00-000/22310487,,-40°C ~ 125°C,Analog,10V ~ 30V / 25mA,10Hz ~ 1kHz,,Vibration,HE100,Connector
HE100.00.64.01.00.00.000,HAUBER Elektronik,Vibration Sensor,magnetic-sensors-hall-effect-digital-switch-linear,10,602.55,"Cylinder, Threaded - M8",Screw Mount,Active,https://www.digikey.com//mm.digikey.com/Volume0/opasdata/d220001/medias/docus/6022/HE100_Series.pdf,https://www.digikey.com/en/products/detail/hauber-elektronik/HE100-00-64-01-00-00-000/22310461,,-40°C ~ 125°C,Analog,10V ~ 30V / 25mA,1Hz ~ 1kHz,,Vibration,HE100,Connector
HE100.01.16.00.00.00.020,HAUBER Elektronik,Vibration Sensor EX,magnetic-sensors-hall-effect-digital-switch-linear,5,778.05,"Cylinder, Threaded - M8",Screw Mount,Active,https://www.digikey.com//mm.digikey.com/Volume0/opasdata/d220001/medias/docus/6022/HE100_Series.pdf,https://www.digikey.com/en/products/detail/hauber-elektronik/HE100-01-16-00-00-00-020/22310532,Explosion Proof,-40°C ~ 125°C,Analog,10V ~ 30V / 25mA,10Hz ~ 1kHz,,Vibration,HE100,Cable/Wire Leads
HE100.01.16.00.00.00.050,HAUBER Elektronik,Vibration Sensor EX,magnetic-sensors-hall-effect-digital-switch-linear,4,794.43,"Cylinder, Threaded - M8",Screw Mount,Active,https://www.digikey.com//mm.digikey.com/Volume0/opasdata/d220001/medias/docus/6022/HE100_Series.pdf,https://www.digikey.com/en/products/detail/hauber-elektronik/HE100-01-16-00-00-00-050/22310541,Explosion Proof,-40°C ~ 125°C,Analog,10V ~ 30V / 25mA,10Hz ~ 1kHz,,Vibration,HE100,Cable/Wire Leads
HE100.01.16.00.00.00.100,HAUBER Elektronik,Vibration Sensor EX,magnetic-sensors-hall-effect-digital-switch-linear,5,821.34,"Cylinder, Threaded - M8",Screw Mount,Active,https://www.digikey.com//mm.digikey.com/Volume0/opasdata/d220001/medias/docus/6022/HE100_Series.pdf,https://www.digikey.com/en/products/detail/hauber-elektronik/HE100-01-16-00-00-00-100/22310512,Explosion Proof,-40°C ~ 125°C,Analog,10V ~ 30V / 25mA,10Hz ~ 1kHz,,Vibration,HE100,Cable/Wire Leads
HE100.01.16.01.00.00.020,HAUBER Elektronik,Vibration Sensor EX,magnetic-sensors-hall-effect-digital-switch-linear,5,834.21,"Cylinder, Threaded - M8",Screw Mount,Active,https://www.digikey.com//mm.digikey.com/Volume0/opasdata/d220001/medias/docus/6022/HE100_Series.pdf,https://www.digikey.com/en/products/detail/hauber-elektronik/HE100-01-16-01-00-00-020/22310539,Explosion Proof,-40°C ~ 125°C,Analog,10V ~ 30V / 25mA,1Hz ~ 1kHz,,Vibration,HE100,Cable/Wire Leads
HE100.01.16.01.00.00.050,HAUBER Elektronik,Vibration Sensor EX,magnetic-sensors-hall-effect-digital-switch-linear,5,850.59,"Cylinder, Threaded - M8",Screw Mount,Active,https://www.digikey.com//mm.digikey.com/Volume0/opasdata/d220001/medias/docus/6022/HE100_Series.pdf,https://www.digikey.com/en/products/detail/hauber-elektronik/HE100-01-16-01-00-00-050/22310465,Explosion Proof,-40°C ~ 125°C,Analog,10V ~ 30V / 25mA,1Hz ~ 1kHz,,Vibration,HE100,Cable/Wire Leads
HE100.01.16.01.00.00.100,HAUBER Elektronik,Vibration Sensor EX,magnetic-sensors-hall-effect-digital-switch-linear,5,877.5,"Cylinder, Threaded - M8",Screw Mount,Active,https://www.digikey.com//mm.digikey.com/Volume0/opasdata/d220001/medias/docus/6022/HE100_Series.pdf,https://www.digikey.com/en/products/detail/hauber-elektronik/HE100-01-16-01-00-00-100/22310493,Explosion Proof,-40°C ~ 125°C,Analog,10V ~ 30V / 25mA,1Hz ~ 1kHz,,Vibration,HE100,Cable/Wire Leads
HE100.01.32.00.00.00.020,HAUBER Elektronik,Vibration Sensor,magnetic-sensors-hall-effect-digital-switch-linear,5,778.05,"Cylinder, Threaded - M8",Screw Mount,Active,https://www.digikey.com//mm.digikey.com/Volume0/opasdata/d220001/medias/docus/6022/HE100_Series.pdf,https://www.digikey.com/en/products/detail/hauber-elektronik/HE100-01-32-00-00-00-020/22310540,Explosion Proof,-40°C ~ 125°C,Analog,10V ~ 30V / 25mA,10Hz ~ 1kHz,,Vibration,HE100,Cable/Wire Leads
HE100.01.32.00.00.00.050,HAUBER Elektronik,Vibration Sensor EX,magnetic-sensors-hall-effect-digital-switch-linear,5,794.43,"Cylinder, Threaded - M8",Screw Mount,Active,https://www.digikey.com//mm.digikey.com/Volume0/opasdata/d220001/medias/docus/6022/HE100_Series.pdf,https://www.digikey.com/en/products/detail/hauber-elektronik/HE100-01-32-00-00-00-050/22310516,Explosion Proof,-40°C ~ 125°C,Analog,10V ~ 30V / 25mA,10Hz ~ 1kHz,,Vibration,HE100,Cable/Wire Leads
HE100.01.32.00.00.00.100,HAUBER Elektronik,Vibration Sensor EX,magnetic-sensors-hall-effect-digital-switch-linear,5,821.34,"Cylinder, Threaded - M8",Screw Mount,Active,https://www.digikey.com//mm.digikey.com/Volume0/opasdata/d220001/medias/docus/6022/HE100_Series.pdf,https://www.digikey.com/en/products/detail/hauber-elektronik/HE100-01-32-00-00-00-100/22310513,Explosion Proof,-40°C ~ 125°C,Analog,10V ~ 30V / 25mA,10Hz ~ 1kHz,,Vibration,HE100,Cable/Wire Leads
HE100.01.32.01.00.00.020,HAUBER Elektronik,Vibration Sensor EX,magnetic-sensors-hall-effect-digital-switch-linear,5,834.21,"Cylinder, Threaded - M8",Screw Mount,Active,https://www.digikey.com//mm.digikey.com/Volume0/opasdata/d220001/medias/docus/6022/HE100_Series.pdf,https://www.digikey.com/en/products/detail/hauber-elektronik/HE100-01-32-01-00-00-020/22310522,Explosion Proof,-40°C ~ 125°C,Analog,10V ~ 30V / 25mA,1Hz ~ 1kHz,,Vibration,HE100,Cable/Wire Leads
HE100.01.32.01.00.00.050,HAUBER Elektronik,Vibration Sensor EX,magnetic-sensors-hall-effect-digital-switch-linear,5,850.59,"Cylinder, Threaded - M8",Screw Mount,Active,https://www.digikey.com//mm.digikey.com/Volume0/opasdata/d220001/medias/docus/6022/HE100_Series.pdf,https://www.digikey.com/en/products/detail/hauber-elektronik/HE100-01-32-01-00-00-050/22310481,Explosion Proof,-40°C ~ 125°C,Analog,10V ~ 30V / 25mA,1Hz ~ 1kHz,,Vibration,HE100,Cable/Wire Leads
HE100.01.32.01.00.00.100,HAUBER Elektronik,Vibration Sensor EX,magnetic-sensors-hall-effect-digital-switch-linear,5,877.5,"Cylinder, Threaded - M8",Screw Mount,Active,https://www.digikey.com//mm.digikey.com/Volume0/opasdata/d220001/medias/docus/6022/HE100_Series.pdf,https://www.digikey.com/en/products/detail/hauber-elektronik/HE100-01-32-01-00-00-100/22310515,Explosion Proof,-40°C ~ 125°C,Analog,10V ~ 30V / 25mA,1Hz ~ 1kHz,,Vibration,HE100,Cable/Wire Leads
HE100.01.64.00.00.00.050,HAUBER Elektronik,Vibration Sensor EX,magnetic-sensors-hall-effect-digital-switch-linear,5,794.43,"Cylinder, Threaded - M8",Screw Mount,Active,https://www.digikey.com//mm.digikey.com/Volume0/opasdata/d220001/medias/docus/6022/HE100_Series.pdf,https://www.digikey.com/en/products/detail/hauber-elektronik/HE100-01-64-00-00-00-050/22310550,Explosion Proof,-40°C ~ 125°C,Analog,10V ~ 30V / 25mA,10Hz ~ 1kHz,,Vibration,HE100,Cable/Wire Leads
HE100.01.64.00.00.00.100,HAUBER Elektronik,Vibration Sensor EX,magnetic-sensors-hall-effect-digital-switch-linear,5,821.34,"Cylinder, Threaded - M8",Screw Mount,Active,https://www.digikey.com//mm.digikey.com/Volume0/opasdata/d220001/medias/docus/6022/HE100_Series.pdf,https://www.digikey.com/en/products/detail/hauber-elektronik/HE100-01-64-00-00-00-100/22310470,Explosion Proof,-40°C ~ 125°C,Analog,10V ~ 30V / 25mA,10Hz ~ 1kHz,,Vibration,HE100,Cable/Wire Leads
HE100.01.64.01.00.00.020,HAUBER Elektronik,Vibration Sensor EX,magnetic-sensors-hall-effect-digital-switch-linear,5,834.21,"Cylinder, Threaded - M8",Screw Mount,Active,https://www.digikey.com//mm.digikey.com/Volume0/opasdata/d220001/medias/docus/6022/HE100_Series.pdf,https://www.digikey.com/en/products/detail/hauber-elektronik/HE100-01-64-01-00-00-020/22310546,Explosion Proof,-40°C ~ 125°C,Analog,10V ~ 30V / 25mA,1Hz ~ 1kHz,,Vibration,HE100,Cable/Wire Leads
HE100.01.64.01.00.00.050,HAUBER Elektronik,Vibration Sensor EX,magnetic-sensors-hall-effect-digital-switch-linear,5,850.59,"Cylinder, Threaded - M8",Screw Mount,Active,https://www.digikey.com//mm.digikey.com/Volume0/opasdata/d220001/medias/docus/6022/HE100_Series.pdf,https://www.digikey.com/en/products/detail/hauber-elektronik/HE100-01-64-01-00-00-050/22310526,Explosion Proof,-40°C ~ 125°C,Analog,10V ~ 30V / 25mA,1Hz ~ 1kHz,,Vibration,HE100,Cable/Wire Leads
HE100.01.64.01.00.00.100,HAUBER Elektronik,Vibration Sensor EX,magnetic-sensors-hall-effect-digital-switch-linear,5,877.5,"Cylinder, Threaded - M8",Screw Mount,Active,https://www.digikey.com//mm.digikey.com/Volume0/opasdata/d220001/medias/docus/6022/HE100_Series.pdf,https://www.digikey.com/en/products/detail/hauber-elektronik/HE100-01-64-01-00-00-100/22310543,Explosion Proof,-40°C ~ 125°C,Analog,10V ~ 30V / 25mA,1Hz ~ 1kHz,,Vibration,HE100,Cable/Wire Leads
HE100.02.16.00.00.00.000,HAUBER Elektronik,Vibration Sensor EX ib,magnetic-sensors-hall-effect-digital-switch-linear,5,797.94,"Cylinder, Threaded - M8",Screw Mount,Active,https://www.digikey.com//mm.digikey.com/Volume0/opasdata/d220001/medias/docus/6022/HE100_Series.pdf,https://www.digikey.com/en/products/detail/hauber-elektronik/HE100-02-16-00-00-00-000/22310491,"Explosion Proof, Intrinsically Safe",-40°C ~ 125°C,Analog,10V ~ 30V / 25mA,10Hz ~ 1kHz,,Vibration,HE100,Connector
HE100.02.16.01.00.00.000,HAUBER Elektronik,Vibration Sensor EX ib,magnetic-sensors-hall-effect-digital-switch-linear,5,855.27,"Cylinder, Threaded - M8",Screw Mount,Active,https://www.digikey.com//mm.digikey.com/Volume0/opasdata/d220001/medias/docus/6022/HE100_Series.pdf,https://www.digikey.com/en/products/detail/hauber-elektronik/HE100-02-16-01-00-00-000/22310509,"Explosion Proof, Intrinsically Safe",-40°C ~ 125°C,Analog,10V ~ 30V / 25mA,1Hz ~ 1kHz,,Vibration,HE100,Connector
HE100.02.32.00.00.00.000,HAUBER Elektronik,Vibration Sensor EX ib,magnetic-sensors-hall-effect-digital-switch-linear,5,797.94,"Cylinder, Threaded - M8",Screw Mount,Active,https://www.digikey.com//mm.digikey.com/Volume0/opasdata/d220001/medias/docus/6022/HE100_Series.pdf,https://www.digikey.com/en/products/detail/hauber-elektronik/HE100-02-32-00-00-00-000/22310450,"Explosion Proof, Intrinsically Safe",-40°C ~ 125°C,Analog,10V ~ 30V / 25mA,10Hz ~ 1kHz,,Vibration,HE100,Connector
HE100.02.32.01.00.00.000,HAUBER Elektronik,Vibration Sensor EX ib,magnetic-sensors-hall-effect-digital-switch-linear,5,855.27,"Cylinder, Threaded - M8",Screw Mount,Active,https://www.digikey.com//mm.digikey.com/Volume0/opasdata/d220001/medias/docus/6022/HE100_Series.pdf,https://www.digikey.com/en/products/detail/hauber-elektronik/HE100-02-32-01-00-00-000/22310537,"Explosion Proof, Intrinsically Safe",-40°C ~ 125°C,Analog,10V ~ 30V / 25mA,1Hz ~ 1kHz,,Vibration,HE100,Connector
HE101.00.16.00.00.00.000,HAUBER Elektronik,Vibration Sensor,magnetic-sensors-hall-effect-digital-switch-linear,10,682.11,"Cylinder, Threaded - M8",Screw Mount,Active,https://www.digikey.com//mm.digikey.com/Volume0/opasdata/d220001/medias/docus/6022/HE101_Series.pdf,https://www.digikey.com/en/products/detail/hauber-elektronik/HE101-00-16-00-00-00-000/22310551,Transceiver,-40°C ~ 125°C,Analog,10V ~ 30V / 50mA,10Hz ~ 1kHz,,Vibration,HE101,Connector
HE101.00.16.01.00.00.000,HAUBER Elektronik,Vibration Sensor,magnetic-sensors-hall-effect-digital-switch-linear,10,739.44,"Cylinder, Threaded - M8",Screw Mount,Active,https://www.digikey.com//mm.digikey.com/Volume0/opasdata/d220001/medias/docus/6022/HE101_Series.pdf,https://www.digikey.com/en/products/detail/hauber-elektronik/HE101-00-16-01-00-00-000/22310531,Transceiver,-40°C ~ 125°C,Analog,10V ~ 30V / 50mA,1Hz ~ 1kHz,,Vibration,HE101,Connector
HE101.01.16.00.00.00.050,HAUBER Elektronik,Vibration Sensor EX,magnetic-sensors-hall-effect-digital-switch-linear,4,930.15,"Cylinder, Threaded - M8",Screw Mount,Active,https://www.digikey.com//mm.digikey.com/Volume0/opasdata/d220001/medias/docus/6022/HE101_Series.pdf,https://www.digikey.com/en/products/detail/hauber-elektronik/HE101-01-16-00-00-00-050/22310553,Explosion Proof,-40°C ~ 125°C,Analog,10V ~ 30V / 50mA,10Hz ~ 1kHz,,Vibration,HE101,Cable/Wire Leads
HE101.01.16.01.00.00.050,HAUBER Elektronik,Vibration Sensor EX,magnetic-sensors-hall-effect-digital-switch-linear,5,986.31,"Cylinder, Threaded - M8",Screw Mount,Active,https://www.digikey.com//mm.digikey.com/Volume0/opasdata/d220001/medias/docus/6022/HE101_Series.pdf,https://www.digikey.com/en/products/detail/hauber-elektronik/HE101-01-16-01-00-00-050/22310501,Explosion Proof,-40°C ~ 125°C,Analog,10V ~ 30V / 50mA,1Hz ~ 1kHz,,Vibration,HE101,Cable/Wire Leads
HE200.00.16.00.00.00.000,HAUBER Elektronik,Vibration Sensor,magnetic-sensors-hall-effect-digital-switch-linear,10,847.08,"Cylinder, Threaded - M8",Through Hole,Active,https://www.digikey.com//mm.digikey.com/Volume0/opasdata/d220001/medias/docus/6022/HE200_Series.pdf,https://www.digikey.com/en/products/detail/hauber-elektronik/HE200-00-16-00-00-00-000/22310557,Transceiver,-40°C ~ 85°C,"Analog, Digital",21.6V ~ 25.6V / 100mA,10Hz ~ 1kHz,,Vibration,HE200,Connector
HE200.00.16.01.00.00.000,HAUBER Elektronik,Vibration Sensor,magnetic-sensors-hall-effect-digital-switch-linear,10,932.49,"Cylinder, Threaded - M8",Through Hole,Active,https://www.digikey.com//mm.digikey.com/Volume0/opasdata/d220001/medias/docus/6022/HE200_Series.pdf,https://www.digikey.com/en/products/detail/hauber-elektronik/HE200-00-16-01-00-00-000/22310478,"Dry Contacts, SIL2",-40°C ~ 85°C,"Analog, Digital",21.6V ~ 25.6V / 100mA,1Hz ~ 1kHz,,Vibration,HE200,Connector
HE200.00.32.00.00.00.000,HAUBER Elektronik,Vibration Sensor,magnetic-sensors-hall-effect-digital-switch-linear,10,847.08,"Cylinder, Threaded - M8",Through Hole,Active,https://www.digikey.com//mm.digikey.com/Volume0/opasdata/d220001/medias/docus/6022/HE200_Series.pdf,https://www.digikey.com/en/products/detail/hauber-elektronik/HE200-00-32-00-00-00-000/22310517,"Dry Contacts, SIL2",-40°C ~ 85°C,"Analog, Digital",21.6V ~ 25.6V / 100mA,10Hz ~ 1kHz,,Vibration,HE200,Connector
HE200.00.32.01.00.00.000,HAUBER Elektronik,Vibration Sensor,magnetic-sensors-hall-effect-digital-switch-linear,10,932.49,"Cylinder, Threaded - M8",Through Hole,Active,https://www.digikey.com//mm.digikey.com/Volume0/opasdata/d220001/medias/docus/6022/HE200_Series.pdf,https://www.digikey.com/en/products/detail/hauber-elektronik/HE200-00-32-01-00-00-000/22310458,"Dry Contacts, SIL2",-40°C ~ 85°C,"Analog, Digital",21.6V ~ 25.6V / 100mA,1Hz ~ 1kHz,,Vibration,HE200,Connector
HE200.00.64.00.00.00.000,HAUBER Elektronik,Vibration Sensor,magnetic-sensors-hall-effect-digital-switch-linear,10,847.08,"Cylinder, Threaded - M8",Through Hole,Active,https://www.digikey.com//mm.digikey.com/Volume0/opasdata/d220001/medias/docus/6022/HE200_Series.pdf,https://www.digikey.com/en/products/detail/hauber-elektronik/HE200-00-64-00-00-00-000/22310535,"Dry Contacts, SIL2",-40°C ~ 85°C,"Analog, Digital",21.6V ~ 25.6V / 100mA,10Hz ~ 1kHz,,Vibration,HE200,Connector
HE200.00.64.01.00.00.000,HAUBER Elektronik,Vibration Sensor,magnetic-sensors-hall-effect-digital-switch-linear,10,932.49,"Cylinder, Threaded - M8",Through Hole,Active,https://www.digikey.com//mm.digikey.com/Volume0/opasdata/d220001/medias/docus/6022/HE200_Series.pdf,https://www.digikey.com/en/products/detail/hauber-elektronik/HE200-00-64-01-00-00-000/22310482,"Dry Contacts, SIL2",-40°C ~ 85°C,"Analog, Digital",21.6V ~ 25.6V / 100mA,1Hz ~ 1kHz,,Vibration,HE200,Connector
HE200.01.16.00.00.00.020,HAUBER Elektronik,Vibration Control EX,magnetic-sensors-hall-effect-digital-switch-linear,5,1.0,"Cylinder, Threaded - M8",Through Hole,Active,https://www.digikey.com//mm.digikey.com/Volume0/opasdata/d220001/medias/docus/6022/HE200_Series.pdf,https://www.digikey.com/en/products/detail/hauber-elektronik/HE200-01-16-00-00-00-020/22310480,"Dry Contacts, Explosion Proof, SIL2",-40°C ~ 85°C,"Analog, Digital",21.6V ~ 25.6V / 100mA,10Hz ~ 1kHz,,Vibration,HE200,Cable/Wire Leads
HE200.01.16.00.00.00.050,HAUBER Elektronik,Vibration Control EX,magnetic-sensors-hall-effect-digital-switch-linear,5,1.0,"Cylinder, Threaded - M8",Through Hole,Active,https://www.digikey.com//mm.digikey.com/Volume0/opasdata/d220001/medias/docus/6022/HE200_Series.pdf,https://www.digikey.com/en/products/detail/hauber-elektronik/HE200-01-16-00-00-00-050/22310527,"Dry Contacts, Explosion Proof, SIL2",-40°C ~ 85°C,"Analog, Digital",21.6V ~ 25.6V / 100mA,10Hz ~ 1kHz,,Vibration,HE200,Cable/Wire Leads
HE200.01.16.00.00.00.100,HAUBER Elektronik,Vibration Control EX,magnetic-sensors-hall-effect-digital-switch-linear,5,1.0,"Cylinder, Threaded - M8",Through Hole,Active,https://www.digikey.com//mm.digikey.com/Volume0/opasdata/d220001/medias/docus/6022/HE200_Series.pdf,https://www.digikey.com/en/products/detail/hauber-elektronik/HE200-01-16-00-00-00-100/22310466,"Dry Contacts, Explosion Proof, SIL2",-40°C ~ 85°C,"Analog, Digital",21.6V ~ 25.6V / 100mA,10Hz ~ 1kHz,,Vibration,HE200,Cable/Wire Leads
HE200.01.16.00.60.00.020,HAUBER Elektronik,Vibration Control EX,magnetic-sensors-hall-effect-digital-switch-linear,5,1.0,"Cylinder, Threaded - M8",Through Hole,Active,https://www.digikey.com//mm.digikey.com/Volume0/opasdata/d220001/medias/docus/6022/HE200_Series.pdf,https://www.digikey.com/en/products/detail/hauber-elektronik/HE200-01-16-00-60-00-020/22310476,"Dry Contacts, Explosion Proof, SIL2",-40°C ~ 85°C,"Analog, Digital",21.6V ~ 25.6V / 100mA,10Hz ~ 1kHz,,Vibration,HE200,Cable/Wire Leads
HE200.01.16.00.60.00.050,HAUBER Elektronik,Vibration Control EX,magnetic-sensors-hall-effect-digital-switch-linear,5,1.0,"Cylinder, Threaded - M8",Through Hole,Active,https://www.digikey.com//mm.digikey.com/Volume0/opasdata/d220001/medias/docus/6022/HE200_Series.pdf,https://www.digikey.com/en/products/detail/hauber-elektronik/HE200-01-16-00-60-00-050/22310453,"Dry Contacts, Explosion Proof, SIL2",-40°C ~ 85°C,"Analog, Digital",21.6V ~ 25.6V / 100mA,10Hz ~ 1kHz,,Vibration,HE200,Cable/Wire Leads
HE200.01.16.00.60.00.100,HAUBER Elektronik,Vibration Control EX,magnetic-sensors-hall-effect-digital-switch-linear,5,1.0,"Cylinder, Threaded - M8",Through Hole,Active,https://www.digikey.com//mm.digikey.com/Volume0/opasdata/d220001/medias/docus/6022/HE200_Series.pdf,https://www.digikey.com/en/products/detail/hauber-elektronik/HE200-01-16-00-60-00-100/22310549,"Dry Contacts, Explosion Proof, SIL2",-40°C ~ 85°C,"Analog, Digital",21.6V ~ 25.6V / 100mA,10Hz ~ 1kHz,,Vibration,HE200,Cable/Wire Leads
HE200.01.16.01.00.00.020,HAUBER Elektronik,Vibration Control EX,magnetic-sensors-hall-effect-digital-switch-linear,5,1.0,"Cylinder, Threaded - M8",Through Hole,Active,https://www.digikey.com//mm.digikey.com/Volume0/opasdata/d220001/medias/docus/6022/HE200_Series.pdf,https://www.digikey.com/en/products/detail/hauber-elektronik/HE200-01-16-01-00-00-020/22310447,"Dry Contacts, Explosion Proof, SIL2",-40°C ~ 85°C,"Analog, Digital",21.6V ~ 25.6V / 100mA,1Hz ~ 1kHz,,Vibration,HE200,Cable/Wire Leads
HE200.01.16.01.00.00.050,HAUBER Elektronik,Vibration Control EX,magnetic-sensors-hall-effect-digital-switch-linear,5,1.0,"Cylinder, Threaded - M8",Through Hole,Active,https://www.digikey.com//mm.digikey.com/Volume0/opasdata/d220001/medias/docus/6022/HE200_Series.pdf,https://www.digikey.com/en/products/detail/hauber-elektronik/HE200-01-16-01-00-00-050/22310545,"Dry Contacts, Explosion Proof, SIL2",-40°C ~ 85°C,"Analog, Digital",21.6V ~ 25.6V / 100mA,1Hz ~ 1kHz,,Vibration,HE200,Cable/Wire Leads
HE200.01.32.00.00.00.020,HAUBER Elektronik,Vibration Control EX,magnetic-sensors-hall-effect-digital-switch-linear,5,1.0,"Cylinder, Threaded - M8",Through Hole,Active,https://www.digikey.com//mm.digikey.com/Volume0/opasdata/d220001/medias/docus/6022/HE200_Series.pdf,https://www.digikey.com/en/products/detail/hauber-elektronik/HE200-01-32-00-00-00-020/22310446,"Dry Contacts, Explosion Proof, SIL2",-40°C ~ 85°C,"Analog, Digital",21.6V ~ 25.6V / 100mA,10Hz ~ 1kHz,,Vibration,HE200,Cable/Wire Leads
HE200.01.32.00.00.00.050,HAUBER Elektronik,Vibration Control EX,magnetic-sensors-hall-effect-digital-switch-linear,5,1.0,"Cylinder, Threaded - M8",Through Hole,Active,https://www.digikey.com//mm.digikey.com/Volume0/opasdata/d220001/medias/docus/6022/HE200_Series.pdf,https://www.digikey.com/en/products/detail/hauber-elektronik/HE200-01-32-00-00-00-050/22310489,"Dry Contacts, Explosion Proof, SIL2",-40°C ~ 85°C,"Analog, Digital",21.6V ~ 25.6V / 100mA,10Hz ~ 1kHz,,Vibration,HE200,Cable/Wire Leads
HE200.01.32.00.00.00.100,HAUBER Elektronik,Vibration Control EX,magnetic-sensors-hall-effect-digital-switch-linear,5,1.0,"Cylinder, Threaded - M8",Through Hole,Active,https://www.digikey.com//mm.digikey.com/Volume0/opasdata/d220001/medias/docus/6022/HE200_Series.pdf,https://www.digikey.com/en/products/detail/hauber-elektronik/HE200-01-32-00-00-00-100/22310544,"Dry Contacts, Explosion Proof, SIL2",-40°C ~ 85°C,"Analog, Digital",21.6V ~ 25.6V / 100mA,10Hz ~ 1kHz,,Vibration,HE200,Cable/Wire Leads
HE200.01.32.01.00.00.020,HAUBER Elektronik,Vibration Control EX,magnetic-sensors-hall-effect-digital-switch-linear,5,1.0,"Cylinder, Threaded - M8",Through Hole,Active,https://www.digikey.com//mm.digikey.com/Volume0/opasdata/d220001/medias/docus/6022/HE200_Series.pdf,https://www.digikey.com/en/products/detail/hauber-elektronik/HE200-01-32-01-00-00-020/22310505,"Dry Contacts, Explosion Proof, SIL2",-40°C ~ 85°C,"Analog, Digital",21.6V ~ 25.6V / 100mA,1Hz ~ 1kHz,,Vibration,HE200,Cable/Wire Leads
HE200.01.32.01.00.00.050,HAUBER Elektronik,Vibration Control EX,magnetic-sensors-hall-effect-digital-switch-linear,5,1.0,"Cylinder, Threaded - M8",Through Hole,Active,https://www.digikey.com//mm.digikey.com/Volume0/opasdata/d220001/medias/docus/6022/HE200_Series.pdf,https://www.digikey.com/en/products/detail/hauber-elektronik/HE200-01-32-01-00-00-050/22310469,"Dry Contacts, Explosion Proof, SIL2",-40°C ~ 85°C,"Analog, Digital",21.6V ~ 25.6V / 100mA,1Hz ~ 1kHz,,Vibration,HE200,Cable/Wire Leads
HE200.01.32.01.00.00.100,HAUBER Elektronik,Vibration Control EX,magnetic-sensors-hall-effect-digital-switch-linear,5,1.0,"Cylinder, Threaded - M8",Through Hole,Active,https://www.digikey.com//mm.digikey.com/Volume0/opasdata/d220001/medias/docus/6022/HE200_Series.pdf,https://www.digikey.com/en/products/detail/hauber-elektronik/HE200-01-32-01-00-00-100/22310536,"Dry Contacts, Explosion Proof, SIL2",-40°C ~ 85°C,"Analog, Digital",21.6V ~ 25.6V / 100mA,1Hz ~ 1kHz,,Vibration,HE200,Cable/Wire Leads
HE200.01.64.00.00.00.020,HAUBER Elektronik,Vibration Control EX,magnetic-sensors-hall-effect-digital-switch-linear,5,1.0,"Cylinder, Threaded - M8",Through Hole,Active,https://www.digikey.com//mm.digikey.com/Volume0/opasdata/d220001/medias/docus/6022/HE200_Series.pdf,https://www.digikey.com/en/products/detail/hauber-elektronik/HE200-01-64-00-00-00-020/22310503,"Dry Contacts, Explosion Proof, SIL2",-40°C ~ 85°C,"Analog, Digital",21.6V ~ 25.6V / 100mA,10Hz ~ 1kHz,,Vibration,HE200,Cable/Wire Leads
HE200.01.64.00.00.00.050,HAUBER Elektronik,Vibration Control EX,magnetic-sensors-hall-effect-digital-switch-linear,5,1.0,"Cylinder, Threaded - M8",Through Hole,Active,https://www.digikey.com//mm.digikey.com/Volume0/opasdata/d220001/medias/docus/6022/HE200_Series.pdf,https://www.digikey.com/en/products/detail/hauber-elektronik/HE200-01-64-00-00-00-050/22310506,"Dry Contacts, Explosion Proof, SIL2",-40°C ~ 85°C,"Analog, Digital",21.6V ~ 25.6V / 100mA,10Hz ~ 1kHz,,Vibration,HE200,Cable/Wire Leads
HE200.01.64.00.00.00.100,HAUBER Elektronik,Vibration Control EX,magnetic-sensors-hall-effect-digital-switch-linear,5,1.0,"Cylinder, Threaded - M8",Through Hole,Active,https://www.digikey.com//mm.digikey.com/Volume0/opasdata/d220001/medias/docus/6022/HE200_Series.pdf,https://www.digikey.com/en/products/detail/hauber-elektronik/HE200-01-64-00-00-00-100/22310547,"Dry Contacts, Explosion Proof, SIL2",-40°C ~ 85°C,"Analog, Digital",21.6V ~ 25.6V / 100mA,10Hz ~ 1kHz,,Vibration,HE200,Cable/Wire Leads
HE200.01.64.01.00.00.020,HAUBER Elektronik,Vibration Control EX,magnetic-sensors-hall-effect-digital-switch-linear,5,1.0,"Cylinder, Threaded - M8",Through Hole,Active,https://www.digikey.com//mm.digikey.com/Volume0/opasdata/d220001/medias/docus/6022/HE200_Series.pdf,https://www.digikey.com/en/products/detail/hauber-elektronik/HE200-01-64-01-00-00-020/22310468,"Dry Contacts, Explosion Proof, SIL2",-40°C ~ 85°C,"Analog, Digital",21.6V ~ 25.6V / 100mA,1Hz ~ 1kHz,,Vibration,HE200,Cable/Wire Leads
HE200.01.64.01.00.00.050,HAUBER Elektronik,Vibration Control EX,magnetic-sensors-hall-effect-digital-switch-linear,5,1.0,"Cylinder, Threaded - M8",Through Hole,Active,https://www.digikey.com//mm.digikey.com/Volume0/opasdata/d220001/medias/docus/6022/HE200_Series.pdf,https://www.digikey.com/en/products/detail/hauber-elektronik/HE200-01-64-01-00-00-050/22310457,"Dry Contacts, Explosion Proof, SIL2",-40°C ~ 85°C,"Analog, Digital",21.6V ~ 25.6V / 100mA,1Hz ~ 1kHz,,Vibration,HE200,Cable/Wire Leads
HE200.01.64.01.00.00.100,HAUBER Elektronik,Vibration Control EX,magnetic-sensors-hall-effect-digital-switch-linear,5,1.0,"Cylinder, Threaded - M8",Through Hole,Active,https://www.digikey.com//mm.digikey.com/Volume0/opasdata/d220001/medias/docus/6022/HE200_Series.pdf,https://www.digikey.com/en/products/detail/hauber-elektronik/HE200-01-64-01-00-00-100/22310520,"Dry Contacts, Explosion Proof, SIL2",-40°C ~ 85°C,"Analog, Digital",21.6V ~ 25.6V / 100mA,1Hz ~ 1kHz,,Vibration,HE200,Cable/Wire Leads
HE200.02.16.00.00.01.020,HAUBER Elektronik,Vibration Control EX,magnetic-sensors-hall-effect-digital-switch-linear,5,1.0,"Cylinder, Threaded - M8",Through Hole,Active,https://www.digikey.com//mm.digikey.com/Volume0/opasdata/d220001/medias/docus/6022/HE200_Series.pdf,https://www.digikey.com/en/products/detail/hauber-elektronik/HE200-02-16-00-00-01-020/22310528,"Dry Contacts, Explosion Proof, SIL2",-35°C ~ 125°C,"Analog, Digital",21.6V ~ 25.6V / 100mA,10Hz ~ 1kHz,,Vibration,HE200,Cable/Wire Leads
HE200.02.16.00.00.01.050,HAUBER Elektronik,Vibration Control EX,magnetic-sensors-hall-effect-digital-switch-linear,5,1.0,"Cylinder, Threaded - M8",Through Hole,Active,https://www.digikey.com//mm.digikey.com/Volume0/opasdata/d220001/medias/docus/6022/HE200_Series.pdf,https://www.digikey.com/en/products/detail/hauber-elektronik/HE200-02-16-00-00-01-050/22310479,"Dry Contacts, Explosion Proof, SIL2",-35°C ~ 125°C,"Analog, Digital",21.6V ~ 25.6V / 100mA,10Hz ~ 1kHz,,Vibration,HE200,Cable/Wire Leads
HE200.02.16.00.00.01.100,HAUBER Elektronik,Vibration Control EX,magnetic-sensors-hall-effect-digital-switch-linear,5,1.0,"Cylinder, Threaded - M8",Through Hole,Active,https://www.digikey.com//mm.digikey.com/Volume0/opasdata/d220001/medias/docus/6022/HE200_Series.pdf,https://www.digikey.com/en/products/detail/hauber-elektronik/HE200-02-16-00-00-01-100/22310518,"Dry Contacts, Explosion Proof, SIL2",-35°C ~ 125°C,"Analog, Digital",21.6V ~ 25.6V / 100mA,10Hz ~ 1kHz,,Vibration,HE200,Cable/Wire Leads
HE200.02.16.01.00.00.000,HAUBER Elektronik,Vibration Control EX,magnetic-sensors-hall-effect-digital-switch-linear,5,1.0,"Cylinder, Threaded - M8",Through Hole,Active,https://www.digikey.com//mm.digikey.com/Volume0/opasdata/d220001/medias/docus/6022/HE200_Series.pdf,https://www.digikey.com/en/products/detail/hauber-elektronik/HE200-02-16-01-00-00-000/22310474,"Dry Contacts, Explosion Proof, SIL2",-40°C ~ 85°C,"Analog, Digital",21.6V ~ 25.6V / 100mA,1Hz ~ 1kHz,,Vibration,HE200,Cable/Wire Leads
HE200.02.16.01.00.01.020,HAUBER Elektronik,Vibration Control EX,magnetic-sensors-hall-effect-digital-switch-linear,5,1.0,"Cylinder, Threaded - M8",Through Hole,Active,https://www.digikey.com//mm.digikey.com/Volume0/opasdata/d220001/medias/docus/6022/HE200_Series.pdf,https://www.digikey.com/en/products/detail/hauber-elektronik/HE200-02-16-01-00-01-020/22310534,"Dry Contacts, Explosion Proof, SIL2",-35°C ~ 125°C,"Analog, Digital",21.6V ~ 25.6V / 100mA,1Hz ~ 1kHz,,Vibration,HE200,Cable/Wire Leads
HE200.02.16.01.00.01.050,HAUBER Elektronik,Vibration Control EX,magnetic-sensors-hall-effect-digital-switch-linear,5,1.0,"Cylinder, Threaded - M8",Through Hole,Active,https://www.digikey.com//mm.digikey.com/Volume0/opasdata/d220001/medias/docus/6022/HE200_Series.pdf,https://www.digikey.com/en/products/detail/hauber-elektronik/HE200-02-16-01-00-01-050/22310451,"Dry Contacts, Explosion Proof, SIL2",-35°C ~ 125°C,"Analog, Digital",21.6V ~ 25.6V / 100mA,1Hz ~ 1kHz,,Vibration,HE200,Cable/Wire Leads
HE200.02.16.01.00.01.100,HAUBER Elektronik,Vibration Control EX,magnetic-sensors-hall-effect-digital-switch-linear,5,1.0,"Cylinder, Threaded - M8",Through Hole,Active,https://www.digikey.com//mm.digikey.com/Volume0/opasdata/d220001/medias/docus/6022/HE200_Series.pdf,https://www.digikey.com/en/products/detail/hauber-elektronik/HE200-02-16-01-00-01-100/22310507,"Dry Contacts, Explosion Proof, SIL2",-35°C ~ 125°C,"Analog, Digital",21.6V ~ 25.6V / 100mA,1Hz ~ 1kHz,,Vibration,HE200,Cable/Wire Leads
HE200.02.32.00.00.00.000,HAUBER Elektronik,Vibration Control EX,magnetic-sensors-hall-effect-digital-switch-linear,5,1.0,"Cylinder, Threaded - M8",Through Hole,Active,https://www.digikey.com//mm.digikey.com/Volume0/opasdata/d220001/medias/docus/6022/HE200_Series.pdf,https://www.digikey.com/en/products/detail/hauber-elektronik/HE200-02-32-00-00-00-000/22310462,"Dry Contacts, Explosion Proof, SIL2",-40°C ~ 85°C,"Analog, Digital",21.6V ~ 25.6V / 100mA,10Hz ~ 1kHz,,Vibration,HE200,Cable/Wire Leads
HE200.02.32.00.00.01.020,HAUBER Elektronik,Vibration Control EX,magnetic-sensors-hall-effect-digital-switch-linear,5,1.0,"Cylinder, Threaded - M8",Through Hole,Active,https://www.digikey.com//mm.digikey.com/Volume0/opasdata/d220001/medias/docus/6022/HE200_Series.pdf,https://www.digikey.com/en/products/detail/hauber-elektronik/HE200-02-32-00-00-01-020/22310548,"Dry Contacts, Explosion Proof, SIL2",-35°C ~ 125°C,"Analog, Digital",21.6V ~ 25.6V / 100mA,10Hz ~ 1kHz,,Vibration,HE200,Cable/Wire Leads
HE200.02.32.00.00.01.050,HAUBER Elektronik,Vibration Control EX,magnetic-sensors-hall-effect-digital-switch-linear,5,1.0,"Cylinder, Threaded - M8",Through Hole,Active,https://www.digikey.com//mm.digikey.com/Volume0/opasdata/d220001/medias/docus/6022/HE200_Series.pdf,https://www.digikey.com/en/products/detail/hauber-elektronik/HE200-02-32-00-00-01-050/22310525,"Dry Contacts, Explosion Proof, SIL2",-35°C ~ 125°C,"Analog, Digital",21.6V ~ 25.6V / 100mA,10Hz ~ 1kHz,,Vibration,HE200,Cable/Wire Leads
HE200.02.32.00.00.01.100,HAUBER Elektronik,Vibration Control EX,magnetic-sensors-hall-effect-digital-switch-linear,5,1.0,"Cylinder, Threaded - M8",Through Hole,Active,https://www.digikey.com//mm.digikey.com/Volume0/opasdata/d220001/medias/docus/6022/HE200_Series.pdf,https://www.digikey.com/en/products/detail/hauber-elektronik/HE200-02-32-00-00-01-100/22310471,"Dry Contacts, Explosion Proof, SIL2",-35°C ~ 125°C,"Analog, Digital",21.6V ~ 25.6V / 100mA,10Hz ~ 1kHz,,Vibration,HE200,Cable/Wire Leads
HE200.02.32.01.00.00.000,HAUBER Elektronik,Vibration Control EX,magnetic-sensors-hall-effect-digital-switch-linear,5,1.0,"Cylinder, Threaded - M8",Through Hole,Active,https://www.digikey.com//mm.digikey.com/Volume0/opasdata/d220001/medias/docus/6022/HE200_Series.pdf,https://www.digikey.com/en/products/detail/hauber-elektronik/HE200-02-32-01-00-00-000/22310475,"Dry Contacts, Explosion Proof, SIL2",-40°C ~ 85°C,"Analog, Digital",21.6V ~ 25.6V / 100mA,1Hz ~ 1kHz,,Vibration,HE200,Cable/Wire Leads
HE200.02.32.01.00.01.050,HAUBER Elektronik,Vibration Control EX,magnetic-sensors-hall-effect-digital-switch-linear,5,1.0,"Cylinder, Threaded - M8",Through Hole,Active,https://www.digikey.com//mm.digikey.com/Volume0/opasdata/d220001/medias/docus/6022/HE200_Series.pdf,https://www.digikey.com/en/products/detail/hauber-elektronik/HE200-02-32-01-00-01-050/22310519,"Dry Contacts, Explosion Proof, SIL2",-35°C ~ 125°C,"Analog, Digital",21.6V ~ 25.6V / 100mA,1Hz ~ 1kHz,,Vibration,HE200,Cable/Wire Leads
HE200.02.32.01.00.01.100,HAUBER Elektronik,Vibration Control EX,magnetic-sensors-hall-effect-digital-switch-linear,5,1.0,"Cylinder, Threaded - M8",Through Hole,Active,https://www.digikey.com//mm.digikey.com/Volume0/opasdata/d220001/medias/docus/6022/HE200_Series.pdf,https://www.digikey.com/en/products/detail/hauber-elektronik/HE200-02-32-01-00-01-100/22310498,"Dry Contacts, Explosion Proof, SIL2",-35°C ~ 125°C,"Analog, Digital",21.6V ~ 25.6V / 100mA,1Hz ~ 1kHz,,Vibration,HE200,Cable/Wire Leads
HE200.02.64.00.00.00.000,HAUBER Elektronik,Vibration Control EX,magnetic-sensors-hall-effect-digital-switch-linear,5,1.0,"Cylinder, Threaded - M8",Through Hole,Active,https://www.digikey.com//mm.digikey.com/Volume0/opasdata/d220001/medias/docus/6022/HE200_Series.pdf,https://www.digikey.com/en/products/detail/hauber-elektronik/HE200-02-64-00-00-00-000/22310445,"Dry Contacts, Explosion Proof, SIL2",-40°C ~ 85°C,"Analog, Digital",21.6V ~ 25.6V / 100mA,10Hz ~ 1kHz,,Vibration,HE200,Cable/Wire Leads
HE200.02.64.00.00.01.020,HAUBER Elektronik,Vibration Control EX,magnetic-sensors-hall-effect-digital-switch-linear,5,1.0,"Cylinder, Threaded - M8",Through Hole,Active,https://www.digikey.com//mm.digikey.com/Volume0/opasdata/d220001/medias/docus/6022/HE200_Series.pdf,https://www.digikey.com/en/products/detail/hauber-elektronik/HE200-02-64-00-00-01-020/22310496,"Dry Contacts, Explosion Proof, SIL2",-35°C ~ 125°C,"Analog, Digital",21.6V ~ 25.6V / 100mA,10Hz ~ 1kHz,,Vibration,HE200,Cable/Wire Leads
HE200.02.64.00.00.01.050,HAUBER Elektronik,Vibration Control EX,magnetic-sensors-hall-effect-digital-switch-linear,5,1.0,"Cylinder, Threaded - M8",Through Hole,Active,https://www.digikey.com//mm.digikey.com/Volume0/opasdata/d220001/medias/docus/6022/HE200_Series.pdf,https://www.digikey.com/en/products/detail/hauber-elektronik/HE200-02-64-00-00-01-050/22310514,"Dry Contacts, Explosion Proof, SIL2",-35°C ~ 125°C,"Analog, Digital",21.6V ~ 25.6V / 100mA,10Hz ~ 1kHz,,Vibration,HE200,Cable/Wire Leads
HE200.02.64.00.00.01.100,HAUBER Elektronik,Vibration Control EX,magnetic-sensors-hall-effect-digital-switch-linear,5,1.0,"Cylinder, Threaded - M8",Through Hole,Active,https://www.digikey.com//mm.digikey.com/Volume0/opasdata/d220001/medias/docus/6022/HE200_Series.pdf,https://www.digikey.com/en/products/detail/hauber-elektronik/HE200-02-64-00-00-01-100/22310542,"Dry Contacts, Explosion Proof, SIL2",-35°C ~ 125°C,"Analog, Digital",21.6V ~ 25.6V / 100mA,10Hz ~ 1kHz,,Vibration,HE200,Cable/Wire Leads
HE200.02.64.01.00.00.000,HAUBER Elektronik,Vibration Control EX,magnetic-sensors-hall-effect-digital-switch-linear,5,1.0,"Cylinder, Threaded - M8",Through Hole,Active,https://www.digikey.com//mm.digikey.com/Volume0/opasdata/d220001/medias/docus/6022/HE200_Series.pdf,https://www.digikey.com/en/products/detail/hauber-elektronik/HE200-02-64-01-00-00-000/22310492,"Dry Contacts, Explosion Proof, SIL2",-40°C ~ 85°C,"Analog, Digital",21.6V ~ 25.6V / 100mA,1Hz ~ 1kHz,,Vibration,HE200,Cable/Wire Leads
HE200.02.64.01.00.01.020,HAUBER Elektronik,Vibration Control EX,magnetic-sensors-hall-effect-digital-switch-linear,5,1.0,"Cylinder, Threaded - M8",Through Hole,Active,https://www.digikey.com//mm.digikey.com/Volume0/opasdata/d220001/medias/docus/6022/HE200_Series.pdf,https://www.digikey.com/en/products/detail/hauber-elektronik/HE200-02-64-01-00-01-020/22310454,"Dry Contacts, Explosion Proof, SIL2",-35°C ~ 125°C,"Analog, Digital",21.6V ~ 25.6V / 100mA,1Hz ~ 1kHz,,Vibration,HE200,Cable/Wire Leads
HE200.02.64.01.00.01.050,HAUBER Elektronik,Vibration Control EX,magnetic-sensors-hall-effect-digital-switch-linear,5,1.0,"Cylinder, Threaded - M8",Through Hole,Active,https://www.digikey.com//mm.digikey.com/Volume0/opasdata/d220001/medias/docus/6022/HE200_Series.pdf,https://www.digikey.com/en/products/detail/hauber-elektronik/HE200-02-64-01-00-01-050/22310473,"Dry Contacts, Explosion Proof, SIL2",-35°C ~ 125°C,"Analog, Digital",21.6V ~ 25.6V / 100mA,1Hz ~ 1kHz,,Vibration,HE200,Cable/Wire Leads
HE200.02.64.01.00.01.100,HAUBER Elektronik,Vibration Control EX,magnetic-sensors-hall-effect-digital-switch-linear,5,1.0,"Cylinder, Threaded - M8",Through Hole,Active,https://www.digikey.com//mm.digikey.com/Volume0/opasdata/d220001/medias/docus/6022/HE200_Series.pdf,https://www.digikey.com/en/products/detail/hauber-elektronik/HE200-02-64-01-00-01-100/22310477,"Dry Contacts, Explosion Proof, SIL2",-35°C ~ 125°C,"Analog, Digital",21.6V ~ 25.6V / 100mA,1Hz ~ 1kHz,,Vibration,HE200,Cable/Wire Leads
IIS3DWB10ISTR,STMicroelectronics,"ULTRAWIDE BANDWIDTH, LOW-NOISE,",magnetic-sensors-hall-effect-digital-switch-linear,0,43.24,16-LFLGA,"Surface Mount, Wettable Flank",Active,https://www.st.com/resource/en/datasheet/iis3dwb10is.pdf,https://www.digikey.com/en/products/detail/stmicroelectronics/IIS3DWB10ISTR/29572668,,-40°C ~ 125°C,Digital,"1.7V, 1.9mA ~ 3.6V, 4.1mA",10kHz,,"Vibration, Acceleration",,
IIS3DWBG1TR,STMicroelectronics,"ULTRAWIDE BANDWIDTH, LOW-NOISE,",magnetic-sensors-hall-effect-digital-switch-linear,9,25.22,14-VFLGA,Surface Mount,Active,https://www.st.com/resource/en/datasheet/iis3dwbg1.pdf,https://www.digikey.com/en/products/detail/stmicroelectronics/IIS3DWBG1TR/27557734,High Frequency,-40°C ~ 125°C,Digital,,,,Vibration,,
IIS3DWBTR,STMicroelectronics,SENSOR VIB I2C SPI SOLDER PADS,magnetic-sensors-hall-effect-digital-switch-linear,5532,23.14,14-VFLGA Module,Surface Mount,Active,https://www.st.com/content/ccc/resource/technical/document/datasheet/group3/14/0e/2b/1d/77/d0/46/f6/DM00501492/files/DM00501492.pdf/jcr:content/translations/en.DM00501492.pdf,https://www.digikey.com/en/products/detail/stmicroelectronics/IIS3DWBTR/11591044,,-40°C ~ 105°C,"I2C, SPI",2.1V ~ 3.6V,0Hz ~ 6kHz,0.488mg/LSB,"Vibration, Acceleration",ECOPACK®,Solder Pads
MAG-MOUNT-WILOW,Beanair Sensors,Magnetic Mounting base for Wilow,magnetic-sensors-hall-effect-digital-switch-linear,15,32.0,-,-,Active,https://www.wireless-iot-sensors.beanair.com/files/Datasheet-MAG-MOUNT-WILOW.pdf,https://www.digikey.com/en/products/detail/beanair-sensors/MAG-MOUNT-WILOW/24372724,,,,,,,,,
MNS2-9-IN-AC-VM,Omega,WIRELESS ACCELEROMETER-VIBRATION,magnetic-sensors-hall-effect-digital-switch-linear,0,361.5,Module,Chassis Mount,Active,https://assets.omega.com/spec/Alta-Accel-Vib_spec.pdf,https://www.digikey.com/en/products/detail/omega/MNS2-9-IN-AC-VM/25635951,High Frequency,-40°C ~ 85°C,Digital,,,,"Vibration, Acceleration",,
MNS2-9-W2-AC-VM,Omega,WIRELESS ACCELEROMETER-VIBRATION,magnetic-sensors-hall-effect-digital-switch-linear,0,163.59,Module,Chassis Mount,Active,https://assets.omega.com/spec/Alta-Accel-Vib_spec.pdf,https://www.digikey.com/en/products/detail/omega/MNS2-9-W2-AC-VM/25634111,High Frequency,-40°C ~ 85°C,Digital,,,,"Vibration, Acceleration",,
MVS0409.02L,Sensolute,Micro Vibration Sensor 1.80 V to,magnetic-sensors-hall-effect-digital-switch-linear,500,0.92,"2-SMD, No Lead",Surface Mount,Active,https://sensolute.com/wp-content/uploads/2026/01/MVS0409.02L-Datasheet-Rev1.2.pdf,https://www.digikey.com/en/products/detail/dcomponents/MVS0409-02L/29209953,,-40°C ~ 85°C,Analog,1.8V ~ 15V / 2mA,50mg,,Vibration,,
MVS0608.02L,Comus International,MICRO VIBRATION SENSOR,magnetic-sensors-hall-effect-digital-switch-linear,2381,1.88,"2-SMD, No Lead",Surface Mount,Active,https://comus-intl.com/wp-content/uploads/2025/09/MVS0608.02L.pdf,https://www.digikey.com/en/products/detail/comus-international/MVS0608-02L/28540728,,-20°C ~ 70°C,Analog,1.8V ~ 15V / 2mA,,,Vibration,,
MVS0724.02,Comus International,MICRO VIBRATION SENSOR,magnetic-sensors-hall-effect-digital-switch-linear,2970,1.69,"1210 (3225 Metric), Concave","Surface Mount, Right Angle",Active,https://comus-intl.com/wp-content/uploads/2025/09/MVS0724.02.pdf,https://www.digikey.com/en/products/detail/comus-international/MVS0724-02/28540725,,-40°C ~ 85°C,Analog,"0.5V, 200nA ~ 24V, 10mA",,,"Displacement, Vibration",,
MVS0924.02,Comus International,MICRO VIBRATION SENSOR,magnetic-sensors-hall-effect-digital-switch-linear,7980,1.69,"2-SMD, No Lead",Surface Mount,Active,https://comus-intl.com/wp-content/uploads/2025/09/MVS0924.02.pdf,https://www.digikey.com/en/products/detail/comus-international/MVS0924-02/28540726,,-40°C ~ 85°C,Analog,"0.5V, 200nA ~ 24V, 10mA",,,"Displacement, Vibration",,
PC420AP-05,Amphenol Wilcoxon Sensing Technologies,ACCEL 4-20MA SENSORS,magnetic-sensors-hall-effect-digital-switch-linear,0,473.88,Module,Chassis Mount,Active,https://www.digikey.com//mm.digikey.com/Volume0/opasdata/d220001/medias/docus/8899/PC420A.pdf,https://www.digikey.com/en/products/detail/amphenol-wilcoxon-sensing-technologies/PC420AP-05/13148366,"Explosion Proof, Intrinsically Safe",-40°C ~ 105°C,Analog,,,,Acceleration,PC420A,Connector
PC420AP-05-DA,Amphenol Wilcoxon Sensing Technologies,ACCEL 4-20MA SENSORS,magnetic-sensors-hall-effect-digital-switch-linear,0,687.52,Module,Chassis Mount,Active,,https://www.digikey.com/en/products/detail/amphenol-wilcoxon-sensing-technologies/PC420AP-05-DA/13148311,,-40°C ~ 85°C,Analog,,,100mV/g,Acceleration,PC420A-DA,Connector
PC420AP-05-EX,Amphenol Wilcoxon Sensing Technologies,ACCEL 4-20MA SENSORS,magnetic-sensors-hall-effect-digital-switch-linear,0,687.52,Module,Chassis Mount,Active,,https://www.digikey.com/en/products/detail/amphenol-wilcoxon-sensing-technologies/PC420AP-05-EX/13148329,Explosion Proof,-40°C ~ 85°C,Analog,,,,Acceleration,PC420A-EX,Wire Leads
PC420AP-05-IS,Amphenol Wilcoxon Sensing Technologies,ACCEL 4-20MA SENSORS,magnetic-sensors-hall-effect-digital-switch-linear,0,654.07,Module,Chassis Mount,Active,,https://www.digikey.com/en/products/detail/amphenol-wilcoxon-sensing-technologies/PC420AP-05-IS/13148266,Intrinsically Safe,-40°C ~ 85°C,,,,,Acceleration,PC420A-IS,Connector
PC420AP-10,Amphenol Wilcoxon Sensing Technologies,ACCEL 4-20MA SENSORS,magnetic-sensors-hall-effect-digital-switch-linear,0,473.88,Module,Chassis Mount,Active,https://www.digikey.com//mm.digikey.com/Volume0/opasdata/d220001/medias/docus/8899/PC420A.pdf,https://www.digikey.com/en/products/detail/amphenol-wilcoxon-sensing-technologies/PC420AP-10/13148598,"Explosion Proof, Intrinsically Safe",-40°C ~ 105°C,Analog,,,,Acceleration,PC420A,Connector
PC420AP-10-DA,Amphenol Wilcoxon Sensing Technologies,ACCEL 4-20MA SENSORS,magnetic-sensors-hall-effect-digital-switch-linear,0,687.52,Module,Chassis Mount,Active,,https://www.digikey.com/en/products/detail/amphenol-wilcoxon-sensing-technologies/PC420AP-10-DA/13148227,,-40°C ~ 85°C,Analog,,,100mV/g,Acceleration,PC420A-DA,Connector
PC420AP-10-EX,Amphenol Wilcoxon Sensing Technologies,ACCEL 4-20MA SENSORS,magnetic-sensors-hall-effect-digital-switch-linear,0,687.52,Module,Chassis Mount,Active,,https://www.digikey.com/en/products/detail/amphenol-wilcoxon-sensing-technologies/PC420AP-10-EX/13148240,Explosion Proof,-40°C ~ 85°C,Analog,,,,Acceleration,PC420A-EX,Wire Leads
PC420AP-10-IS,Amphenol Wilcoxon Sensing Technologies,ACCEL 4-20MA SENSORS,magnetic-sensors-hall-effect-digital-switch-linear,0,654.07,Module,Chassis Mount,Active,,https://www.digikey.com/en/products/detail/amphenol-wilcoxon-sensing-technologies/PC420AP-10-IS/13148407,Intrinsically Safe,-40°C ~ 85°C,,,,,Acceleration,PC420A-IS,Connector
PC420AP-20,Amphenol Wilcoxon Sensing Technologies,ACCEL 4-20MA SENSORS,magnetic-sensors-hall-effect-digital-switch-linear,0,492.83,Module,Chassis Mount,Active,https://www.digikey.com//mm.digikey.com/Volume0/opasdata/d220001/medias/docus/8899/PC420A.pdf,https://www.digikey.com/en/products/detail/amphenol-wilcoxon-sensing-technologies/PC420AP-20/13148331,"Explosion Proof, Intrinsically Safe",-40°C ~ 105°C,Analog,,,,Acceleration,PC420A,Connector
PC420AP-20-DA,Amphenol Wilcoxon Sensing Technologies,ACCEL 4-20MA SENSORS,magnetic-sensors-hall-effect-digital-switch-linear,0,687.52,Module,Chassis Mount,Active,,https://www.digikey.com/en/products/detail/amphenol-wilcoxon-sensing-technologies/PC420AP-20-DA/13148606,,-40°C ~ 85°C,Analog,,,100mV/g,Acceleration,PC420A-DA,Connector
PC420AP-20-EX,Amphenol Wilcoxon Sensing Technologies,ACCEL 4-20MA SENSORS,magnetic-sensors-hall-effect-digital-switch-linear,0,687.52,Module,Chassis Mount,Active,,https://www.digikey.com/en/products/detail/amphenol-wilcoxon-sensing-technologies/PC420AP-20-EX/13148538,Explosion Proof,-40°C ~ 85°C,Analog,,,,Acceleration,PC420A-EX,Wire Leads
PC420AP-20-IS,Amphenol Wilcoxon Sensing Technologies,ACCEL 4-20MA SENSORS,magnetic-sensors-hall-effect-digital-switch-linear,0,654.07,Module,Chassis Mount,Active,,https://www.digikey.com/en/products/detail/amphenol-wilcoxon-sensing-technologies/PC420AP-20-IS/13148230,Intrinsically Safe,-40°C ~ 85°C,,,,,Acceleration,PC420A-IS,Connector
PC420AP-50,Amphenol Wilcoxon Sensing Technologies,ACCEL 4-20MA SENSORS,magnetic-sensors-hall-effect-digital-switch-linear,0,473.88,Module,Chassis Mount,Active,https://www.digikey.com//mm.digikey.com/Volume0/opasdata/d220001/medias/docus/8899/PC420A.pdf,https://www.digikey.com/en/products/detail/amphenol-wilcoxon-sensing-technologies/PC420AP-50/13148379,"Explosion Proof, Intrinsically Safe",-40°C ~ 105°C,Analog,,,,Acceleration,PC420A,Connector
PC420AR-05,Amphenol Wilcoxon Sensing Technologies,ACCEL 4-20MA SENSORS,magnetic-sensors-hall-effect-digital-switch-linear,0,473.88,Module,Chassis Mount,Active,https://www.digikey.com//mm.digikey.com/Volume0/opasdata/d220001/medias/docus/8899/PC420A.pdf,https://www.digikey.com/en/products/detail/amphenol-wilcoxon-sensing-technologies/PC420AR-05/13148351,"Explosion Proof, Intrinsically Safe",-40°C ~ 105°C,Analog,,,,Acceleration,PC420A,Connector
PC420AR-05-DA,Amphenol Wilcoxon Sensing Technologies,ACCEL 4-20MA SENSORS,magnetic-sensors-hall-effect-digital-switch-linear,0,687.52,Module,Chassis Mount,Active,,https://www.digikey.com/en/products/detail/amphenol-wilcoxon-sensing-technologies/PC420AR-05-DA/13148315,,-40°C ~ 85°C,Analog,,,100mV/g,Acceleration,PC420A-DA,Connector
PC420AR-05-EX,Amphenol Wilcoxon Sensing Technologies,ACCEL 4-20MA SENSORS,magnetic-sensors-hall-effect-digital-switch-linear,0,687.52,Module,Chassis Mount,Active,,https://www.digikey.com/en/products/detail/amphenol-wilcoxon-sensing-technologies/PC420AR-05-EX/13148521,Explosion Proof,-40°C ~ 85°C,Analog,,,,Acceleration,PC420A-EX,Wire Leads
PC420AR-05-IS,Amphenol Wilcoxon Sensing Technologies,ACCEL 4-20MA SENSORS,magnetic-sensors-hall-effect-digital-switch-linear,0,654.07,Module,Chassis Mount,Active,,https://www.digikey.com/en/products/detail/amphenol-wilcoxon-sensing-technologies/PC420AR-05-IS/13148627,Intrinsically Safe,-40°C ~ 85°C,,,,,Acceleration,PC420A-IS,Connector
PC420AR-10,Amphenol Wilcoxon Sensing Technologies,ACCEL 4-20MA SENSORS,magnetic-sensors-hall-effect-digital-switch-linear,0,473.88,Module,Chassis Mount,Active,https://www.digikey.com//mm.digikey.com/Volume0/opasdata/d220001/medias/docus/8899/PC420A.pdf,https://www.digikey.com/en/products/detail/amphenol-wilcoxon-sensing-technologies/PC420AR-10/13148370,"Explosion Proof, Intrinsically Safe",-40°C ~ 105°C,Analog,,,,Acceleration,PC420A,Connector
PC420AR-10-DA,Amphenol Wilcoxon Sensing Technologies,ACCEL 4-20MA SENSORS,magnetic-sensors-hall-effect-digital-switch-linear,0,687.52,Module,Chassis Mount,Active,,https://www.digikey.com/en/products/detail/amphenol-wilcoxon-sensing-technologies/PC420AR-10-DA/13148326,,-40°C ~ 85°C,Analog,,,100mV/g,Acceleration,PC420A-DA,Connector
PC420AR-10-EX,Amphenol Wilcoxon Sensing Technologies,ACCEL 4-20MA SENSORS,magnetic-sensors-hall-effect-digital-switch-linear,0,687.52,Module,Chassis Mount,Active,,https://www.digikey.com/en/products/detail/amphenol-wilcoxon-sensing-technologies/PC420AR-10-EX/13148688,Explosion Proof,-40°C ~ 85°C,Analog,,,,Acceleration,PC420A-EX,Wire Leads
PC420AR-10-IS,Amphenol Wilcoxon Sensing Technologies,ACCEL 4-20MA SENSORS,magnetic-sensors-hall-effect-digital-switch-linear,0,654.07,Module,Chassis Mount,Active,,https://www.digikey.com/en/products/detail/amphenol-wilcoxon-sensing-technologies/PC420AR-10-IS/13148462,Intrinsically Safe,-40°C ~ 85°C,,,,,Acceleration,PC420A-IS,Connector
PC420AR-20,Amphenol Wilcoxon Sensing Technologies,ACCEL 4-20MA SENSORS,magnetic-sensors-hall-effect-digital-switch-linear,0,473.88,Module,Chassis Mount,Active,https://www.digikey.com//mm.digikey.com/Volume0/opasdata/d220001/medias/docus/8899/PC420A.pdf,https://www.digikey.com/en/products/detail/amphenol-wilcoxon-sensing-technologies/PC420AR-20/13148542,"Explosion Proof, Intrinsically Safe",-40°C ~ 105°C,Analog,,,,Acceleration,PC420A,Connector
PC420AR-20-DA,Amphenol Wilcoxon Sensing Technologies,ACCEL 4-20MA SENSORS,magnetic-sensors-hall-effect-digital-switch-linear,0,687.52,Module,Chassis Mount,Active,,https://www.digikey.com/en/products/detail/amphenol-wilcoxon-sensing-technologies/PC420AR-20-DA/13148449,,-40°C ~ 85°C,Analog,,,100mV/g,Acceleration,PC420A-DA,Connector
PC420AR-20-EX,Amphenol Wilcoxon Sensing Technologies,ACCEL 4-20MA SENSORS,magnetic-sensors-hall-effect-digital-switch-linear,0,687.52,Module,Chassis Mount,Active,,https://www.digikey.com/en/products/detail/amphenol-wilcoxon-sensing-technologies/PC420AR-20-EX/13148353,Explosion Proof,-40°C ~ 85°C,Analog,,,,Acceleration,PC420A-EX,Wire Leads
PC420AR-20-IS,Amphenol Wilcoxon Sensing Technologies,ACCEL 4-20MA SENSORS,magnetic-sensors-hall-effect-digital-switch-linear,0,654.07,Module,Chassis Mount,Active,,https://www.digikey.com/en/products/detail/amphenol-wilcoxon-sensing-technologies/PC420AR-20-IS/13148340,Intrinsically Safe,-40°C ~ 85°C,,,,,Acceleration,PC420A-IS,Connector
PC420AR-50,Amphenol Wilcoxon Sensing Technologies,ACCEL 4-20MA SENSORS,magnetic-sensors-hall-effect-digital-switch-linear,0,473.88,Module,Chassis Mount,Active,https://www.digikey.com//mm.digikey.com/Volume0/opasdata/d220001/medias/docus/8899/PC420A.pdf,https://www.digikey.com/en/products/detail/amphenol-wilcoxon-sensing-technologies/PC420AR-50/13148753,"Explosion Proof, Intrinsically Safe",-40°C ~ 105°C,Analog,,,,Acceleration,PC420A,Connector
PC420ATP-05,Amphenol Wilcoxon Sensing Technologies,ACCEL 4-20MA SENSORS,magnetic-sensors-hall-effect-digital-switch-linear,0,586.88,Module,Chassis Mount,Active,,https://www.digikey.com/en/products/detail/amphenol-wilcoxon-sensing-technologies/PC420ATP-05/13148223,"Explosion Proof, Intrinsically Safe",-40°C ~ 85°C,Analog,,,,Acceleration,PC420ATP,Connector
PC420ATP-05-DA,Amphenol Wilcoxon Sensing Technologies,ACCEL 4-20MA SENSORS,magnetic-sensors-hall-effect-digital-switch-linear,0,687.52,Module,Chassis Mount,Active,,https://www.digikey.com/en/products/detail/amphenol-wilcoxon-sensing-technologies/PC420ATP-05-DA/13148496,,-40°C ~ 85°C,Analog,,,100mV/g,Acceleration,PC420A-DA,Connector
PC420ATP-05-EX,Amphenol Wilcoxon Sensing Technologies,ACCEL 4-20MA SENSORS,magnetic-sensors-hall-effect-digital-switch-linear,0,687.52,Module,Chassis Mount,Active,,https://www.digikey.com/en/products/detail/amphenol-wilcoxon-sensing-technologies/PC420ATP-05-EX/13148569,Explosion Proof,-40°C ~ 85°C,Analog,,,,Acceleration,PC420A-EX,Wire Leads
PC420ATP-05-IS,Amphenol Wilcoxon Sensing Technologies,ACCEL 4-20MA SENSORS,magnetic-sensors-hall-effect-digital-switch-linear,0,654.07,Module,Chassis Mount,Active,,https://www.digikey.com/en/products/detail/amphenol-wilcoxon-sensing-technologies/PC420ATP-05-IS/13148386,Intrinsically Safe,-40°C ~ 85°C,,,,,Acceleration,PC420A-IS,Connector
PC420ATP-10,Amphenol Wilcoxon Sensing Technologies,ACCEL 4-20MA SENSORS,magnetic-sensors-hall-effect-digital-switch-linear,0,586.88,Module,Chassis Mount,Active,,https://www.digikey.com/en/products/detail/amphenol-wilcoxon-sensing-technologies/PC420ATP-10/13148364,"Explosion Proof, Intrinsically Safe",-40°C ~ 85°C,Analog,,,,Acceleration,PC420ATP,Connector
PC420ATP-10-DA,Amphenol Wilcoxon Sensing Technologies,ACCEL 4-20MA SENSORS,magnetic-sensors-hall-effect-digital-switch-linear,0,687.52,Module,Chassis Mount,Active,,https://www.digikey.com/en/products/detail/amphenol-wilcoxon-sensing-technologies/PC420ATP-10-DA/13148216,,-40°C ~ 85°C,Analog,,,100mV/g,Acceleration,PC420A-DA,Connector
PC420ATP-10-EX,Amphenol Wilcoxon Sensing Technologies,ACCEL 4-20MA SENSORS,magnetic-sensors-hall-effect-digital-switch-linear,0,687.52,Module,Chassis Mount,Active,,https://www.digikey.com/en/products/detail/amphenol-wilcoxon-sensing-technologies/PC420ATP-10-EX/13148392,Explosion Proof,-40°C ~ 85°C,Analog,,,,Acceleration,PC420A-EX,Wire Leads
PC420ATP-10-IS,Amphenol Wilcoxon Sensing Technologies,ACCEL 4-20MA SENSORS,magnetic-sensors-hall-effect-digital-switch-linear,0,654.07,Module,Chassis Mount,Active,,https://www.digikey.com/en/products/detail/amphenol-wilcoxon-sensing-technologies/PC420ATP-10-IS/13148422,Intrinsically Safe,-40°C ~ 85°C,,,,,Acceleration,PC420A-IS,Connector
PC420ATP-20,Amphenol Wilcoxon Sensing Technologies,ACCEL 4-20MA SENSORS,magnetic-sensors-hall-effect-digital-switch-linear,0,586.88,Module,Chassis Mount,Active,,https://www.digikey.com/en/products/detail/amphenol-wilcoxon-sensing-technologies/PC420ATP-20/13148527,"Explosion Proof, Intrinsically Safe",-40°C ~ 85°C,Analog,,,,Acceleration,PC420ATP,Connector
PC420ATP-20-DA,Amphenol Wilcoxon Sensing Technologies,ACCEL 4-20MA SENSORS,magnetic-sensors-hall-effect-digital-switch-linear,0,687.52,Module,Chassis Mount,Active,,https://www.digikey.com/en/products/detail/amphenol-wilcoxon-sensing-technologies/PC420ATP-20-DA/13148698,,-40°C ~ 85°C,Analog,,,100mV/g,Acceleration,PC420A-DA,Connector
PC420ATP-20-EX,Amphenol Wilcoxon Sensing Technologies,ACCEL 4-20MA SENSORS,magnetic-sensors-hall-effect-digital-switch-linear,0,687.52,Module,Chassis Mount,Active,,https://www.digikey.com/en/products/detail/amphenol-wilcoxon-sensing-technologies/PC420ATP-20-EX/13148213,Explosion Proof,-40°C ~ 85°C,Analog,,,,Acceleration,PC420A-EX,Wire Leads
PC420ATP-20-IS,Amphenol Wilcoxon Sensing Technologies,ACCEL 4-20MA SENSORS,magnetic-sensors-hall-effect-digital-switch-linear,0,654.07,Module,Chassis Mount,Active,,https://www.digikey.com/en/products/detail/amphenol-wilcoxon-sensing-technologies/PC420ATP-20-IS/13148293,Intrinsically Safe,-40°C ~ 85°C,,,,,Acceleration,PC420A-IS,Connector
PC420DPP-40,Amphenol Wilcoxon Sensing Technologies,ACCEL 4-20MA SENSORS,magnetic-sensors-hall-effect-digital-switch-linear,0,665.23,Module,Chassis Mount,Active,,https://www.digikey.com/en/products/detail/amphenol-wilcoxon-sensing-technologies/PC420DPP-40/13148486,,-40°C ~ 85°C,Analog,,,,Vibration,PC420DPP,Connector
PC420VP-05,Amphenol Wilcoxon Sensing Technologies,ACCEL 4-20MA SENSORS,magnetic-sensors-hall-effect-digital-switch-linear,0,473.88,Module,Chassis Mount,Active,,https://www.digikey.com/en/products/detail/amphenol-wilcoxon-sensing-technologies/PC420VP-05/13148639,"Explosion Proof, Intrinsically Safe",-40°C ~ 105°C,Analog,,,,Vibration,PC420V,Connector
PC420VP-05-DA,Amphenol Wilcoxon Sensing Technologies,ACCEL 4-20MA SENSORS,magnetic-sensors-hall-effect-digital-switch-linear,0,687.52,Module,Chassis Mount,Active,,https://www.digikey.com/en/products/detail/amphenol-wilcoxon-sensing-technologies/PC420VP-05-DA/13148650,"Explosion Proof, Intrinsically Safe",,Analog,,,,Vibration,PC420V-DA,Connector
PC420VP-05-DV,Amphenol Wilcoxon Sensing Technologies,ACCEL 4-20MA SENSORS,magnetic-sensors-hall-effect-digital-switch-linear,0,687.52,Module,Chassis Mount,Active,https://www.digikey.com//mm.digikey.com/Volume0/opasdata/d220001/medias/docus/8399/TN_LPS-selection-guide_1.pdf,https://www.digikey.com/en/products/detail/amphenol-wilcoxon-sensing-technologies/PC420VP-05-DV/13148264,"Explosion Proof, Intrinsically Safe",,Analog,,,,Vibration,PC420V-DV,Connector
PC420VP-05-EX,Amphenol Wilcoxon Sensing Technologies,ACCEL 4-20MA SENSORS,magnetic-sensors-hall-effect-digital-switch-linear,0,687.52,Module,Chassis Mount,Active,https://www.digikey.com//mm.digikey.com/Volume0/opasdata/d220001/medias/docus/7466/PC420V-EX.pdf,https://www.digikey.com/en/products/detail/amphenol-wilcoxon-sensing-technologies/PC420VP-05-EX/13148220,Explosion Proof,-40°C ~ 85°C,Analog,,,,Vibration,PC420V-EX,Wire Leads
PC420VP-05-IS,Amphenol Wilcoxon Sensing Technologies,ACCEL 4-20MA SENSORS,magnetic-sensors-hall-effect-digital-switch-linear,0,654.07,Module,Chassis Mount,Active,,https://www.digikey.com/en/products/detail/amphenol-wilcoxon-sensing-technologies/PC420VP-05-IS/13148283,Intrinsically Safe,-40°C ~ 85°C,Analog,,,,Vibration,PC420V-IS,Connector
PC420VP-10,Amphenol Wilcoxon Sensing Technologies,ACCEL 4-20MA SENSORS,magnetic-sensors-hall-effect-digital-switch-linear,24,491.71,Module,Connector,Active,https://wilcoxon.com/wp-content/uploads/2022/11/PC420V_series_spec_99009B.3.pdf,https://www.digikey.com/en/products/detail/amphenol-wilcoxon-sensing-technologies/PC420VP-10/9947288,,-40°C ~ 105°C,Analog,,,,Vibration,PC420V,
PC420VP-10-DA,Amphenol Wilcoxon Sensing Technologies,ACCEL 4-20MA SENSORS,magnetic-sensors-hall-effect-digital-switch-linear,0,687.52,Module,Chassis Mount,Active,https://www.digikey.com//mm.digikey.com/Volume0/opasdata/d220001/medias/docus/8399/TN_LPS-selection-guide_1.pdf,https://www.digikey.com/en/products/detail/amphenol-wilcoxon-sensing-technologies/PC420VP-10-DA/13148380,"Explosion Proof, Intrinsically Safe",,Analog,,,,Vibration,PC420V-DA,Connector
PC420VP-10-DV,Amphenol Wilcoxon Sensing Technologies,ACCEL 4-20MA SENSORS,magnetic-sensors-hall-effect-digital-switch-linear,0,687.52,Module,Chassis Mount,Active,https://www.digikey.com//mm.digikey.com/Volume0/opasdata/d220001/medias/docus/8399/TN_LPS-selection-guide_1.pdf,https://www.digikey.com/en/products/detail/amphenol-wilcoxon-sensing-technologies/PC420VP-10-DV/13148649,"Explosion Proof, Intrinsically Safe",,Analog,,,,Vibration,PC420V-DV,Connector
PC420VP-10-EX,Amphenol Wilcoxon Sensing Technologies,ACCEL 4-20MA SENSORS,magnetic-sensors-hall-effect-digital-switch-linear,0,715.02,Module,Connector,Active,,https://www.digikey.com/en/products/detail/amphenol-wilcoxon-sensing-technologies/PC420VP-10-EX/10107178,Explosion Proof,-40°C ~ 85°C,Analog,,,,Vibration,PC420V-EX,Wire Leads
PC420VP-10-IS,Amphenol Wilcoxon Sensing Technologies,ACCEL 4-20MA SENSORS,magnetic-sensors-hall-effect-digital-switch-linear,1,680.24,Module,Connector,Active,,https://www.digikey.com/en/products/detail/amphenol-wilcoxon-sensing-technologies/PC420VP-10-IS/10107180,Intrinsically Safe,-40°C ~ 85°C,Analog,,,,Vibration,PC420V-IS,Connector
PC420VP-20,Amphenol Wilcoxon Sensing Technologies,ACCEL 4-20MA SENSORS,magnetic-sensors-hall-effect-digital-switch-linear,0,473.88,Module,Chassis Mount,Active,,https://www.digikey.com/en/products/detail/amphenol-wilcoxon-sensing-technologies/PC420VP-20/13148523,"Explosion Proof, Intrinsically Safe",-40°C ~ 105°C,Analog,,,,Vibration,PC420V,Connector
PC420VP-20-DA,Amphenol Wilcoxon Sensing Technologies,ACCEL 4-20MA SENSORS,magnetic-sensors-hall-effect-digital-switch-linear,0,687.52,Module,Chassis Mount,Active,,https://www.digikey.com/en/products/detail/amphenol-wilcoxon-sensing-technologies/PC420VP-20-DA/13148354,"Explosion Proof, Intrinsically Safe",,Analog,,,,Vibration,PC420V-DA,Connector
PC420VP-20-DV,Amphenol Wilcoxon Sensing Technologies,ACCEL 4-20MA SENSORS,magnetic-sensors-hall-effect-digital-switch-linear,0,687.52,Module,Chassis Mount,Active,,https://www.digikey.com/en/products/detail/amphenol-wilcoxon-sensing-technologies/PC420VP-20-DV/13148341,"Explosion Proof, Intrinsically Safe",,Analog,,,,Vibration,PC420V-DV,Connector
PC420VP-20-EX,Amphenol Wilcoxon Sensing Technologies,ACCEL 4-20MA SENSORS,magnetic-sensors-hall-effect-digital-switch-linear,0,777.08,Module,Chassis Mount,Active,,https://www.digikey.com/en/products/detail/amphenol-wilcoxon-sensing-technologies/PC420VP-20-EX/13148215,Explosion Proof,-40°C ~ 85°C,Analog,,,,Vibration,PC420V-EX,Wire Leads
PC420VP-20-IS,Amphenol Wilcoxon Sensing Technologies,ACCEL 4-20MA SENSORS,magnetic-sensors-hall-effect-digital-switch-linear,0,654.07,Module,Chassis Mount,Active,,https://www.digikey.com/en/products/detail/amphenol-wilcoxon-sensing-technologies/PC420VP-20-IS/13148209,Intrinsically Safe,-40°C ~ 85°C,Analog,,,,Vibration,PC420V-IS,Connector
PC420VP-30,Amphenol Wilcoxon Sensing Technologies,ACCEL 4-20MA SENSORS,magnetic-sensors-hall-effect-digital-switch-linear,0,473.88,Module,Chassis Mount,Active,,https://www.digikey.com/en/products/detail/amphenol-wilcoxon-sensing-technologies/PC420VP-30/13148711,"Explosion Proof, Intrinsically Safe",-40°C ~ 105°C,Analog,,,,Vibration,PC420V,Connector
PC420VP-30-DA,Amphenol Wilcoxon Sensing Technologies,ACCEL 4-20MA SENSORS,magnetic-sensors-hall-effect-digital-switch-linear,0,687.52,Module,Chassis Mount,Active,,https://www.digikey.com/en/products/detail/amphenol-wilcoxon-sensing-technologies/PC420VP-30-DA/13148648,"Explosion Proof, Intrinsically Safe",,Analog,,,,Vibration,PC420V-DA,Connector
PC420VP-30-DV,Amphenol Wilcoxon Sensing Technologies,ACCEL 4-20MA SENSORS,magnetic-sensors-hall-effect-digital-switch-linear,0,687.52,Module,Chassis Mount,Active,,https://www.digikey.com/en/products/detail/amphenol-wilcoxon-sensing-technologies/PC420VP-30-DV/13148371,"Explosion Proof, Intrinsically Safe",,Analog,,,,Vibration,PC420V-DV,Connector
PC420VP-30-EX,Amphenol Wilcoxon Sensing Technologies,ACCEL 4-20MA SENSORS,magnetic-sensors-hall-effect-digital-switch-linear,0,687.52,Module,Chassis Mount,Active,,https://www.digikey.com/en/products/detail/amphenol-wilcoxon-sensing-technologies/PC420VP-30-EX/13148265,Explosion Proof,-40°C ~ 85°C,Analog,,,,Vibration,PC420V-EX,Wire Leads
PC420VP-30-IS,Amphenol Wilcoxon Sensing Technologies,ACCEL 4-20MA SENSORS,magnetic-sensors-hall-effect-digital-switch-linear,0,654.07,Module,Chassis Mount,Active,,https://www.digikey.com/en/products/detail/amphenol-wilcoxon-sensing-technologies/PC420VP-30-IS/13148679,Intrinsically Safe,-40°C ~ 85°C,Analog,,,,Vibration,PC420V-IS,Connector
PC420VP-50,Amphenol Wilcoxon Sensing Technologies,ACCEL 4-20MA SENSORS,magnetic-sensors-hall-effect-digital-switch-linear,0,473.88,Module,Chassis Mount,Active,,https://www.digikey.com/en/products/detail/amphenol-wilcoxon-sensing-technologies/PC420VP-50/13148498,"Explosion Proof, Intrinsically Safe",-40°C ~ 105°C,Analog,,,,Vibration,PC420V,Connector
PC420VP-50-DA,Amphenol Wilcoxon Sensing Technologies,ACCEL 4-20MA SENSORS,magnetic-sensors-hall-effect-digital-switch-linear,0,687.52,Module,Chassis Mount,Active,https://www.digikey.com//mm.digikey.com/Volume0/opasdata/d220001/medias/docus/8399/TN_LPS-selection-guide_1.pdf,https://www.digikey.com/en/products/detail/amphenol-wilcoxon-sensing-technologies/PC420VP-50-DA/13148665,"Explosion Proof, Intrinsically Safe",,Analog,,,,Vibration,PC420V-DA,Connector
PC420VP-50-DV,Amphenol Wilcoxon Sensing Technologies,ACCEL 4-20MA SENSORS,magnetic-sensors-hall-effect-digital-switch-linear,0,687.52,Module,Chassis Mount,Active,,https://www.digikey.com/en/products/detail/amphenol-wilcoxon-sensing-technologies/PC420VP-50-DV/13148746,"Explosion Proof, Intrinsically Safe",,Analog,,,,Vibration,PC420V-DV,Connector
PC420VP-50-EX,Amphenol Wilcoxon Sensing Technologies,ACCEL 4-20MA SENSORS,magnetic-sensors-hall-effect-digital-switch-linear,0,687.52,Module,Chassis Mount,Active,,https://www.digikey.com/en/products/detail/amphenol-wilcoxon-sensing-technologies/PC420VP-50-EX/13148389,Explosion Proof,-40°C ~ 85°C,Analog,,,,Vibration,PC420V-EX,Wire Leads
PC420VP-50-IS,Amphenol Wilcoxon Sensing Technologies,ACCEL 4-20MA SENSORS,magnetic-sensors-hall-effect-digital-switch-linear,0,654.07,Module,Chassis Mount,Active,,https://www.digikey.com/en/products/detail/amphenol-wilcoxon-sensing-technologies/PC420VP-50-IS/13148402,Intrinsically Safe,-40°C ~ 85°C,Analog,,,,Vibration,PC420V-IS,Connector
PC420VR-05,Amphenol Wilcoxon Sensing Technologies,ACCEL 4-20MA SENSORS,magnetic-sensors-hall-effect-digital-switch-linear,0,473.88,Module,Chassis Mount,Active,,https://www.digikey.com/en/products/detail/amphenol-wilcoxon-sensing-technologies/PC420VR-05/13148400,"Explosion Proof, Intrinsically Safe",-40°C ~ 105°C,Analog,,,,Vibration,PC420V,Connector
PC420VR-05-DA,Amphenol Wilcoxon Sensing Technologies,ACCEL 4-20MA SENSORS,magnetic-sensors-hall-effect-digital-switch-linear,0,687.52,Module,Chassis Mount,Active,https://www.digikey.com//mm.digikey.com/Volume0/opasdata/d220001/medias/docus/8399/TN_LPS-selection-guide_1.pdf,https://www.digikey.com/en/products/detail/amphenol-wilcoxon-sensing-technologies/PC420VR-05-DA/13148439,"Explosion Proof, Intrinsically Safe",,Analog,,,,Vibration,PC420V-DA,Connector
PC420VR-05-DV,Amphenol Wilcoxon Sensing Technologies,ACCEL 4-20MA SENSORS,magnetic-sensors-hall-effect-digital-switch-linear,0,687.52,Module,Chassis Mount,Active,https://www.digikey.com//mm.digikey.com/Volume0/opasdata/d220001/medias/docus/8399/TN_LPS-selection-guide_1.pdf,https://www.digikey.com/en/products/detail/amphenol-wilcoxon-sensing-technologies/PC420VR-05-DV/13148726,"Explosion Proof, Intrinsically Safe",,Analog,,,,Vibration,PC420V-DV,Connector
PC420VR-05-EX,Amphenol Wilcoxon Sensing Technologies,ACCEL 4-20MA SENSORS,magnetic-sensors-hall-effect-digital-switch-linear,0,687.52,Module,Chassis Mount,Active,https://www.digikey.com//mm.digikey.com/Volume0/opasdata/d220001/medias/docus/7466/PC420V-EX.pdf,https://www.digikey.com/en/products/detail/amphenol-wilcoxon-sensing-technologies/PC420VR-05-EX/13148413,Explosion Proof,-40°C ~ 85°C,Analog,,,,Vibration,PC420V-EX,Wire Leads
PC420VR-05-IS,Amphenol Wilcoxon Sensing Technologies,ACCEL 4-20MA SENSORS,magnetic-sensors-hall-effect-digital-switch-linear,0,654.07,Module,Chassis Mount,Active,,https://www.digikey.com/en/products/detail/amphenol-wilcoxon-sensing-technologies/PC420VR-05-IS/13148214,Intrinsically Safe,-40°C ~ 85°C,Analog,,,,Vibration,PC420V-IS,Connector
PC420VR-10,Amphenol Wilcoxon Sensing Technologies,ACCEL 4-20MA SENSORS,magnetic-sensors-hall-effect-digital-switch-linear,0,473.88,Module,Chassis Mount,Active,,https://www.digikey.com/en/products/detail/amphenol-wilcoxon-sensing-technologies/PC420VR-10/13148281,"Explosion Proof, Intrinsically Safe",-40°C ~ 105°C,Analog,,,,Vibration,PC420V,Connector
PC420VR-10-DA,Amphenol Wilcoxon Sensing Technologies,ACCEL 4-20MA SENSORS,magnetic-sensors-hall-effect-digital-switch-linear,0,687.52,Module,Chassis Mount,Active,,https://www.digikey.com/en/products/detail/amphenol-wilcoxon-sensing-technologies/PC420VR-10-DA/13148603,"Explosion Proof, Intrinsically Safe",,Analog,,,,Vibration,PC420V-DA,Connector
PC420VR-10-DV,Amphenol Wilcoxon Sensing Technologies,ACCEL 4-20MA SENSORS,magnetic-sensors-hall-effect-digital-switch-linear,0,687.52,Module,Chassis Mount,Active,,https://www.digikey.com/en/products/detail/amphenol-wilcoxon-sensing-technologies/PC420VR-10-DV/13148745,"Explosion Proof, Intrinsically Safe",,Analog,,,,Vibration,PC420V-DV,Connector
PC420VR-10-EX,Amphenol Wilcoxon Sensing Technologies,ACCEL 4-20MA SENSORS,magnetic-sensors-hall-effect-digital-switch-linear,0,687.52,Module,Chassis Mount,Active,https://www.digikey.com//mm.digikey.com/Volume0/opasdata/d220001/medias/docus/7466/PC420V-EX.pdf,https://www.digikey.com/en/products/detail/amphenol-wilcoxon-sensing-technologies/PC420VR-10-EX/13148697,Explosion Proof,-40°C ~ 85°C,Analog,,,,Vibration,PC420V-EX,Wire Leads
PC420VR-10-IS,Amphenol Wilcoxon Sensing Technologies,ACCEL 4-20MA SENSORS,magnetic-sensors-hall-effect-digital-switch-linear,0,654.07,Module,Chassis Mount,Active,,https://www.digikey.com/en/products/detail/amphenol-wilcoxon-sensing-technologies/PC420VR-10-IS/13148541,Intrinsically Safe,-40°C ~ 85°C,Analog,,,,Vibration,PC420V-IS,Connector
PC420VR-20,Amphenol Wilcoxon Sensing Technologies,ACCEL 4-20MA SENSORS,magnetic-sensors-hall-effect-digital-switch-linear,0,473.88,Module,Chassis Mount,Active,,https://www.digikey.com/en/products/detail/amphenol-wilcoxon-sensing-technologies/PC420VR-20/13148534,"Explosion Proof, Intrinsically Safe",-40°C ~ 105°C,Analog,,,,Vibration,PC420V,Connector
PC420VR-20-DA,Amphenol Wilcoxon Sensing Technologies,ACCEL 4-20MA SENSORS,magnetic-sensors-hall-effect-digital-switch-linear,0,687.52,Module,Chassis Mount,Active,,https://www.digikey.com/en/products/detail/amphenol-wilcoxon-sensing-technologies/PC420VR-20-DA/13148398,"Explosion Proof, Intrinsically Safe",,Analog,,,,Vibration,PC420V-DA,Connector
PC420VR-20-DV,Amphenol Wilcoxon Sensing Technologies,ACCEL 4-20MA SENSORS,magnetic-sensors-hall-effect-digital-switch-linear,2,687.52,Module,Chassis Mount,Active,https://www.digikey.com//mm.digikey.com/Volume0/opasdata/d220001/medias/docus/8399/TN_LPS-selection-guide_1.pdf,https://www.digikey.com/en/products/detail/amphenol-wilcoxon-sensing-technologies/PC420VR-20-DV/13148708,"Explosion Proof, Intrinsically Safe",,Analog,,,,Vibration,PC420V-DV,Connector
PC420VR-20-EX,Amphenol Wilcoxon Sensing Technologies,ACCEL 4-20MA SENSORS,magnetic-sensors-hall-effect-digital-switch-linear,0,687.52,Module,Chassis Mount,Active,https://www.digikey.com//mm.digikey.com/Volume0/opasdata/d220001/medias/docus/7466/PC420V-EX.pdf,https://www.digikey.com/en/products/detail/amphenol-wilcoxon-sensing-technologies/PC420VR-20-EX/13148751,Explosion Proof,-40°C ~ 85°C,Analog,,,,Vibration,PC420V-EX,Wire Leads
PC420VR-20-IS,Amphenol Wilcoxon Sensing Technologies,ACCEL 4-20MA SENSORS,magnetic-sensors-hall-effect-digital-switch-linear,0,654.07,Module,Chassis Mount,Active,,https://www.digikey.com/en/products/detail/amphenol-wilcoxon-sensing-technologies/PC420VR-20-IS/13148454,Intrinsically Safe,-40°C ~ 85°C,Analog,,,,Vibration,PC420V-IS,Connector
PC420VR-30,Amphenol Wilcoxon Sensing Technologies,ACCEL 4-20MA SENSORS,magnetic-sensors-hall-effect-digital-switch-linear,0,473.88,Module,Chassis Mount,Active,,https://www.digikey.com/en/products/detail/amphenol-wilcoxon-sensing-technologies/PC420VR-30/13148670,"Explosion Proof, Intrinsically Safe",-40°C ~ 105°C,Analog,,,,Vibration,PC420V,Connector
PC420VR-30-DA,Amphenol Wilcoxon Sensing Technologies,ACCEL 4-20MA SENSORS,magnetic-sensors-hall-effect-digital-switch-linear,0,687.52,Module,Chassis Mount,Active,,https://www.digikey.com/en/products/detail/amphenol-wilcoxon-sensing-technologies/PC420VR-30-DA/13148330,"Explosion Proof, Intrinsically Safe",,Analog,,,,Vibration,PC420V-DA,Connector
PC420VR-30-DV,Amphenol Wilcoxon Sensing Technologies,ACCEL 4-20MA SENSORS,magnetic-sensors-hall-effect-digital-switch-linear,0,687.52,Module,Chassis Mount,Active,,https://www.digikey.com/en/products/detail/amphenol-wilcoxon-sensing-technologies/PC420VR-30-DV/13148406,"Explosion Proof, Intrinsically Safe",,Analog,,,,Vibration,PC420V-DV,Connector
PC420VR-30-EX,Amphenol Wilcoxon Sensing Technologies,ACCEL 4-20MA SENSORS,magnetic-sensors-hall-effect-digital-switch-linear,0,687.52,Module,Chassis Mount,Active,,https://www.digikey.com/en/products/detail/amphenol-wilcoxon-sensing-technologies/PC420VR-30-EX/13148743,Explosion Proof,-40°C ~ 85°C,Analog,,,,Vibration,PC420V-EX,Wire Leads
PC420VR-30-IS,Amphenol Wilcoxon Sensing Technologies,ACCEL 4-20MA SENSORS,magnetic-sensors-hall-effect-digital-switch-linear,1,586.88,Module,Chassis Mount,Active,,https://www.digikey.com/en/products/detail/amphenol-wilcoxon-sensing-technologies/PC420VR-30-IS/13148500,Intrinsically Safe,-40°C ~ 85°C,Analog,,,,Vibration,PC420V-IS,Connector
PC420VR-50,Amphenol Wilcoxon Sensing Technologies,ACCEL 4-20MA SENSORS,magnetic-sensors-hall-effect-digital-switch-linear,0,473.88,Module,Chassis Mount,Active,,https://www.digikey.com/en/products/detail/amphenol-wilcoxon-sensing-technologies/PC420VR-50/13148587,"Explosion Proof, Intrinsically Safe",-40°C ~ 105°C,Analog,,,,Vibration,PC420V,Connector
PC420VR-50-DA,Amphenol Wilcoxon Sensing Technologies,ACCEL 4-20MA SENSORS,magnetic-sensors-hall-effect-digital-switch-linear,0,687.52,Module,Chassis Mount,Active,,https://www.digikey.com/en/products/detail/amphenol-wilcoxon-sensing-technologies/PC420VR-50-DA/13148701,"Explosion Proof, Intrinsically Safe",,Analog,,,,Vibration,PC420V-DA,Connector
PC420VR-50-DV,Amphenol Wilcoxon Sensing Technologies,ACCEL 4-20MA SENSORS,magnetic-sensors-hall-effect-digital-switch-linear,0,687.52,Module,Chassis Mount,Active,,https://www.digikey.com/en/products/detail/amphenol-wilcoxon-sensing-technologies/PC420VR-50-DV/13148322,"Explosion Proof, Intrinsically Safe",,Analog,,,,Vibration,PC420V-DV,Connector
PC420VR-50-EX,Amphenol Wilcoxon Sensing Technologies,ACCEL 4-20MA SENSORS,magnetic-sensors-hall-effect-digital-switch-linear,0,687.52,Module,Chassis Mount,Active,https://www.digikey.com//mm.digikey.com/Volume0/opasdata/d220001/medias/docus/7466/PC420V-EX.pdf,https://www.digikey.com/en/products/detail/amphenol-wilcoxon-sensing-technologies/PC420VR-50-EX/13148581,Explosion Proof,-40°C ~ 85°C,Analog,,,,Vibration,PC420V-EX,Wire Leads
PC420VR-50-IS,Amphenol Wilcoxon Sensing Technologies,ACCEL 4-20MA SENSORS,magnetic-sensors-hall-effect-digital-switch-linear,0,654.07,Module,Chassis Mount,Active,,https://www.digikey.com/en/products/detail/amphenol-wilcoxon-sensing-technologies/PC420VR-50-IS/13148464,Intrinsically Safe,-40°C ~ 85°C,Analog,,,,Vibration,PC420V-IS,Connector
PC421AP-05-IS,Amphenol Wilcoxon Sensing Technologies,ACCEL 4-20MA SENSORS,magnetic-sensors-hall-effect-digital-switch-linear,0,798.42,Module,Chassis Mount,Active,https://www.digikey.com//mm.digikey.com/Volume0/opasdata/d220001/medias/docus/8399/TN_LPS-selection-guide_1.pdf,https://www.digikey.com/en/products/detail/amphenol-wilcoxon-sensing-technologies/PC421AP-05-IS/13148611,"Explosion Proof, Intrinsically Safe",-40°C ~ 85°C,Analog,,,,Acceleration,PC421,Connector
PC421AP-10-IS,Amphenol Wilcoxon Sensing Technologies,ACCEL 4-20MA SENSORS,magnetic-sensors-hall-effect-digital-switch-linear,0,798.42,Module,Chassis Mount,Active,,https://www.digikey.com/en/products/detail/amphenol-wilcoxon-sensing-technologies/PC421AP-10-IS/13148662,"Explosion Proof, Intrinsically Safe",-40°C ~ 85°C,Analog,,,,Acceleration,PC421,Connector
PC421AP-20-IS,Amphenol Wilcoxon Sensing Technologies,ACCEL 4-20MA SENSORS,magnetic-sensors-hall-effect-digital-switch-linear,0,798.42,Module,Chassis Mount,Active,https://www.digikey.com//mm.digikey.com/Volume0/opasdata/d220001/medias/docus/8399/TN_LPS-selection-guide_1.pdf,https://www.digikey.com/en/products/detail/amphenol-wilcoxon-sensing-technologies/PC421AP-20-IS/13148732,"Explosion Proof, Intrinsically Safe",-40°C ~ 85°C,Analog,,,,Acceleration,PC421,Connector
PC421AR-05-IS,Amphenol Wilcoxon Sensing Technologies,ACCEL 4-20MA SENSORS,magnetic-sensors-hall-effect-digital-switch-linear,0,798.42,Module,Chassis Mount,Active,,https://www.digikey.com/en/products/detail/amphenol-wilcoxon-sensing-technologies/PC421AR-05-IS/13148374,"Explosion Proof, Intrinsically Safe",-40°C ~ 85°C,Analog,,,,Acceleration,PC421,Connector
PC421AR-10-IS,Amphenol Wilcoxon Sensing Technologies,ACCEL 4-20MA SENSORS,magnetic-sensors-hall-effect-digital-switch-linear,0,798.42,Module,Chassis Mount,Active,,https://www.digikey.com/en/products/detail/amphenol-wilcoxon-sensing-technologies/PC421AR-10-IS/13148289,"Explosion Proof, Intrinsically Safe",-40°C ~ 85°C,Analog,,,,Acceleration,PC421,Connector
PC421AR-20-IS,Amphenol Wilcoxon Sensing Technologies,ACCEL 4-20MA SENSORS,magnetic-sensors-hall-effect-digital-switch-linear,0,798.42,Module,Chassis Mount,Active,,https://www.digikey.com/en/products/detail/amphenol-wilcoxon-sensing-technologies/PC421AR-20-IS/13148653,"Explosion Proof, Intrinsically Safe",-40°C ~ 85°C,Analog,,,,Acceleration,PC421,Connector
PC421VP-05-IS,Amphenol Wilcoxon Sensing Technologies,ACCEL 4-20MA SENSORS,magnetic-sensors-hall-effect-digital-switch-linear,0,798.42,Module,Chassis Mount,Active,https://wilcoxon.com/wp-content/uploads/2016/07/TN_LPS-selection-guide_1.pdf,https://www.digikey.com/en/products/detail/amphenol-wilcoxon-sensing-technologies/PC421VP-05-IS/13148489,"Explosion Proof, Intrinsically Safe",-40°C ~ 85°C,Analog,,,,Vibration,PC421,Connector
PC421VP-10-IS,Amphenol Wilcoxon Sensing Technologies,ACCEL 4-20MA SENSORS,magnetic-sensors-hall-effect-digital-switch-linear,0,798.42,Module,Chassis Mount,Active,https://wilcoxon.com/wp-content/uploads/2016/07/TN_LPS-selection-guide_1.pdf,https://www.digikey.com/en/products/detail/amphenol-wilcoxon-sensing-technologies/PC421VP-10-IS/13148522,"Explosion Proof, Intrinsically Safe",-40°C ~ 85°C,Analog,,,,Vibration,PC421,Connector
PC421VP-20-IS,Amphenol Wilcoxon Sensing Technologies,ACCEL 4-20MA SENSORS,magnetic-sensors-hall-effect-digital-switch-linear,0,798.42,Module,Chassis Mount,Active,https://wilcoxon.com/wp-content/uploads/2016/07/TN_LPS-selection-guide_1.pdf,https://www.digikey.com/en/products/detail/amphenol-wilcoxon-sensing-technologies/PC421VP-20-IS/13148619,"Explosion Proof, Intrinsically Safe",-40°C ~ 85°C,Analog,,,,Vibration,PC421,Connector
PC421VP-30-IS,Amphenol Wilcoxon Sensing Technologies,ACCEL 4-20MA SENSORS,magnetic-sensors-hall-effect-digital-switch-linear,0,798.42,Module,Chassis Mount,Active,,https://www.digikey.com/en/products/detail/amphenol-wilcoxon-sensing-technologies/PC421VP-30-IS/13148397,"Explosion Proof, Intrinsically Safe",-40°C ~ 85°C,Analog,,,,Vibration,PC421,Connector
PC421VP-50-IS,Amphenol Wilcoxon Sensing Technologies,ACCEL 4-20MA SENSORS,magnetic-sensors-hall-effect-digital-switch-linear,0,798.42,Module,Chassis Mount,Active,https://www.digikey.com//mm.digikey.com/Volume0/opasdata/d220001/medias/docus/8399/TN_LPS-selection-guide_1.pdf,https://www.digikey.com/en/products/detail/amphenol-wilcoxon-sensing-technologies/PC421VP-50-IS/13148272,"Explosion Proof, Intrinsically Safe",-40°C ~ 85°C,Analog,,,,Vibration,PC421,Connector
PC421VR-05-IS,Amphenol Wilcoxon Sensing Technologies,ACCEL 4-20MA SENSORS,magnetic-sensors-hall-effect-digital-switch-linear,0,798.42,Module,Chassis Mount,Active,https://wilcoxon.com/wp-content/uploads/2016/07/TN_LPS-selection-guide_1.pdf,https://www.digikey.com/en/products/detail/amphenol-wilcoxon-sensing-technologies/PC421VR-05-IS/13148360,"Explosion Proof, Intrinsically Safe",-40°C ~ 85°C,Analog,,,,Vibration,PC421,Connector
PC421VR-10-IS,Amphenol Wilcoxon Sensing Technologies,ACCEL 4-20MA SENSORS,magnetic-sensors-hall-effect-digital-switch-linear,0,798.42,Module,Chassis Mount,Active,,https://www.digikey.com/en/products/detail/amphenol-wilcoxon-sensing-technologies/PC421VR-10-IS/13148578,"Explosion Proof, Intrinsically Safe",-40°C ~ 85°C,Analog,,,,Vibration,PC421,Connector
PC421VR-20-IS,Amphenol Wilcoxon Sensing Technologies,ACCEL 4-20MA SENSORS,magnetic-sensors-hall-effect-digital-switch-linear,0,798.42,Module,Chassis Mount,Active,https://www.digikey.com//mm.digikey.com/Volume0/opasdata/d220001/medias/docus/8399/TN_LPS-selection-guide_1.pdf,https://www.digikey.com/en/products/detail/amphenol-wilcoxon-sensing-technologies/PC421VR-20-IS/13148431,"Explosion Proof, Intrinsically Safe",-40°C ~ 85°C,Analog,,,,Vibration,PC421,Connector
PC421VR-30-IS,Amphenol Wilcoxon Sensing Technologies,ACCEL 4-20MA SENSORS,magnetic-sensors-hall-effect-digital-switch-linear,0,798.42,Module,Chassis Mount,Active,https://www.digikey.com//mm.digikey.com/Volume0/opasdata/d220001/medias/docus/8399/TN_LPS-selection-guide_1.pdf,https://www.digikey.com/en/products/detail/amphenol-wilcoxon-sensing-technologies/PC421VR-30-IS/13148448,"Explosion Proof, Intrinsically Safe",-40°C ~ 85°C,Analog,,,,Vibration,PC421,Connector
PC421VR-50-IS,Amphenol Wilcoxon Sensing Technologies,ACCEL 4-20MA SENSORS,magnetic-sensors-hall-effect-digital-switch-linear,0,798.42,Module,Chassis Mount,Active,,https://www.digikey.com/en/products/detail/amphenol-wilcoxon-sensing-technologies/PC421VR-50-IS/13148262,"Explosion Proof, Intrinsically Safe",-40°C ~ 85°C,Analog,,,,Vibration,PC421,Connector
PCC420VP-05-M12,Amphenol Wilcoxon Sensing Technologies,VIBRATION SENSOR,magnetic-sensors-hall-effect-digital-switch-linear,0,265.95,-,-,Active,https://www.digikey.com//mm.digikey.com/Volume0/opasdata/d220001/medias/docus/8885/Amphenol_PCC420Vspec99350A2.pdf,https://www.digikey.com/en/products/detail/amphenol-wilcoxon-sensing-technologies/PCC420VP-05-M12/26728761,,,,,,,,*,
PCC420VP-05-R6,Amphenol Wilcoxon Sensing Technologies,"4-20MA VIBRATION SENSOR, RMS VEL",magnetic-sensors-hall-effect-digital-switch-linear,0,276.59,"Cylinder, Threaded",Panel Mount,Active,https://wilcoxon.com/wp-content/uploads/2025/01/PCC420V-spec-99350B1.pdf,https://www.digikey.com/en/products/detail/amphenol-wilcoxon-sensing-technologies/PCC420VP-05-R6/16375101,,-40°C ~ 105°C,Analog,12V ~ 30V,,,Vibration,PCC420V,Connector
PCC420VP-10-M12,Amphenol Wilcoxon Sensing Technologies,VIBRATION SENSOR,magnetic-sensors-hall-effect-digital-switch-linear,0,265.95,-,-,Active,https://www.digikey.com//mm.digikey.com/Volume0/opasdata/d220001/medias/docus/8885/Amphenol_PCC420Vspec99350A2.pdf,https://www.digikey.com/en/products/detail/amphenol-wilcoxon-sensing-technologies/PCC420VP-10-M12/26728774,,,,,,,,*,
PCC420VP-10-R6,Amphenol Wilcoxon Sensing Technologies,"4-20MA VIBRATION SENSOR, RMS VEL",magnetic-sensors-hall-effect-digital-switch-linear,3,276.52,"Cylinder, Threaded",Panel Mount,Active,https://wilcoxon.com/wp-content/uploads/2025/01/PCC420V-spec-99350B1.pdf,https://www.digikey.com/en/products/detail/amphenol-wilcoxon-sensing-technologies/PCC420VP-10-R6/16375103,,-40°C ~ 105°C,Analog,12V ~ 30V,,,Vibration,PCC420V,Connector
PCC420VP-10MM-M12,Amphenol Wilcoxon Sensing Technologies,VIBRATION SENSOR,magnetic-sensors-hall-effect-digital-switch-linear,0,265.95,-,-,Active,https://www.digikey.com//mm.digikey.com/Volume0/opasdata/d220001/medias/docus/8885/Amphenol_PCC420Vspec99350A2.pdf,https://www.digikey.com/en/products/detail/amphenol-wilcoxon-sensing-technologies/PCC420VP-10MM-M12/26728742,,,,,,,,*,
PCC420VP-10MM-R6,Amphenol Wilcoxon Sensing Technologies,VIBRATION SENSOR,magnetic-sensors-hall-effect-digital-switch-linear,0,265.95,-,-,Active,https://www.digikey.com//mm.digikey.com/Volume0/opasdata/d220001/medias/docus/8885/Amphenol_PCC420Vspec99350A2.pdf,https://www.digikey.com/en/products/detail/amphenol-wilcoxon-sensing-technologies/PCC420VP-10MM-R6/26728755,,,,,,,,*,
PCC420VP-20-M12,Amphenol Wilcoxon Sensing Technologies,VIBRATION SENSOR,magnetic-sensors-hall-effect-digital-switch-linear,0,265.95,-,-,Active,https://www.digikey.com//mm.digikey.com/Volume0/opasdata/d220001/medias/docus/8885/Amphenol_PCC420Vspec99350A2.pdf,https://www.digikey.com/en/products/detail/amphenol-wilcoxon-sensing-technologies/PCC420VP-20-M12/26728744,,,,,,,,*,
PCC420VP-20-R6,Amphenol Wilcoxon Sensing Technologies,VIBRATION SENSOR,magnetic-sensors-hall-effect-digital-switch-linear,0,265.95,-,-,Active,https://www.digikey.com//mm.digikey.com/Volume0/opasdata/d220001/medias/docus/8885/Amphenol_PCC420Vspec99350A2.pdf,https://www.digikey.com/en/products/detail/amphenol-wilcoxon-sensing-technologies/PCC420VP-20-R6/26728787,,,,,,,,*,
PCC420VP-20MM-M12,Amphenol Wilcoxon Sensing Technologies,VIBRATION SENSOR,magnetic-sensors-hall-effect-digital-switch-linear,0,265.95,-,-,Active,https://www.digikey.com//mm.digikey.com/Volume0/opasdata/d220001/medias/docus/8885/Amphenol_PCC420Vspec99350A2.pdf,https://www.digikey.com/en/products/detail/amphenol-wilcoxon-sensing-technologies/PCC420VP-20MM-M12/26728734,,,,,,,,*,
PCC420VP-20MM-R6,Amphenol Wilcoxon Sensing Technologies,VIBRATION SENSOR,magnetic-sensors-hall-effect-digital-switch-linear,0,265.95,-,-,Active,https://www.digikey.com//mm.digikey.com/Volume0/opasdata/d220001/medias/docus/8885/Amphenol_PCC420Vspec99350A2.pdf,https://www.digikey.com/en/products/detail/amphenol-wilcoxon-sensing-technologies/PCC420VP-20MM-R6/26728769,,,,,,,,*,
PCC420VP-25MM-M12,Amphenol Wilcoxon Sensing Technologies,VIBRATION SENSOR,magnetic-sensors-hall-effect-digital-switch-linear,0,265.95,-,-,Active,https://www.digikey.com//mm.digikey.com/Volume0/opasdata/d220001/medias/docus/8885/Amphenol_PCC420Vspec99350A2.pdf,https://www.digikey.com/en/products/detail/amphenol-wilcoxon-sensing-technologies/PCC420VP-25MM-M12/26728776,,,,,,,,*,
PCC420VP-25MM-R6,Amphenol Wilcoxon Sensing Technologies,VIBRATION SENSOR,magnetic-sensors-hall-effect-digital-switch-linear,0,265.95,-,-,Active,https://www.digikey.com//mm.digikey.com/Volume0/opasdata/d220001/medias/docus/8885/Amphenol_PCC420Vspec99350A2.pdf,https://www.digikey.com/en/products/detail/amphenol-wilcoxon-sensing-technologies/PCC420VP-25MM-R6/26728757,,,,,,,,*,
PCC420VP-30-M12,Amphenol Wilcoxon Sensing Technologies,VIBRATION SENSOR,magnetic-sensors-hall-effect-digital-switch-linear,0,265.95,-,-,Active,https://www.digikey.com//mm.digikey.com/Volume0/opasdata/d220001/medias/docus/8885/Amphenol_PCC420Vspec99350A2.pdf,https://www.digikey.com/en/products/detail/amphenol-wilcoxon-sensing-technologies/PCC420VP-30-M12/26728752,,,,,,,,*,
PCC420VP-30-R6,Amphenol Wilcoxon Sensing Technologies,VIBRATION SENSOR,magnetic-sensors-hall-effect-digital-switch-linear,0,265.95,-,-,Active,https://www.digikey.com//mm.digikey.com/Volume0/opasdata/d220001/medias/docus/8885/Amphenol_PCC420Vspec99350A2.pdf,https://www.digikey.com/en/products/detail/amphenol-wilcoxon-sensing-technologies/PCC420VP-30-R6/26728735,,,,,,,,*,
PCC420VP-50-M12,Amphenol Wilcoxon Sensing Technologies,VIBRATION SENSOR,magnetic-sensors-hall-effect-digital-switch-linear,0,265.95,-,-,Active,https://www.digikey.com//mm.digikey.com/Volume0/opasdata/d220001/medias/docus/8885/Amphenol_PCC420Vspec99350A2.pdf,https://www.digikey.com/en/products/detail/amphenol-wilcoxon-sensing-technologies/PCC420VP-50-M12/26728764,,,,,,,,*,
PCC420VP-50-R6,Amphenol Wilcoxon Sensing Technologies,VIBRATION SENSOR,magnetic-sensors-hall-effect-digital-switch-linear,0,265.95,-,-,Active,https://www.digikey.com//mm.digikey.com/Volume0/opasdata/d220001/medias/docus/8885/Amphenol_PCC420Vspec99350A2.pdf,https://www.digikey.com/en/products/detail/amphenol-wilcoxon-sensing-technologies/PCC420VP-50-R6/26728743,,,,,,,,*,
PCC420VP-50MM-M12,Amphenol Wilcoxon Sensing Technologies,VIBRATION SENSOR,magnetic-sensors-hall-effect-digital-switch-linear,0,265.95,-,-,Active,https://www.digikey.com//mm.digikey.com/Volume0/opasdata/d220001/medias/docus/8885/Amphenol_PCC420Vspec99350A2.pdf,https://www.digikey.com/en/products/detail/amphenol-wilcoxon-sensing-technologies/PCC420VP-50MM-M12/26728737,,,,,,,,*,
PCC420VP-50MM-R6,Amphenol Wilcoxon Sensing Technologies,VIBRATION SENSOR,magnetic-sensors-hall-effect-digital-switch-linear,0,265.95,-,-,Active,https://www.digikey.com//mm.digikey.com/Volume0/opasdata/d220001/medias/docus/8885/Amphenol_PCC420Vspec99350A2.pdf,https://www.digikey.com/en/products/detail/amphenol-wilcoxon-sensing-technologies/PCC420VP-50MM-R6/26728751,,,,,,,,*,
PCC420VR-05-M12,Amphenol Wilcoxon Sensing Technologies,VIBRATION SENSOR,magnetic-sensors-hall-effect-digital-switch-linear,0,265.95,-,-,Active,https://wilcoxon.com/wp-content/uploads/2025/01/PCC420V-spec-99350B1.pdf,https://www.digikey.com/en/products/detail/amphenol-wilcoxon-sensing-technologies/PCC420VR-05-M12/26728759,,,,,,,,*,
PCC420VR-05-R6,Amphenol Wilcoxon Sensing Technologies,"4-20MA VIBRATION SENSOR, RMS VEL",magnetic-sensors-hall-effect-digital-switch-linear,18,263.33,"Cylinder, Threaded",Panel Mount,Active,https://wilcoxon.com/wp-content/uploads/2025/01/PCC420V-spec-99350B1.pdf,https://www.digikey.com/en/products/detail/amphenol-wilcoxon-sensing-technologies/PCC420VR-05-R6/16375100,,-40°C ~ 105°C,Analog,12V ~ 30V,,,Vibration,PCC420V,Connector
PCC420VR-10-M12,Amphenol Wilcoxon Sensing Technologies,VIBRATION SENSOR,magnetic-sensors-hall-effect-digital-switch-linear,0,265.95,-,-,Active,https://wilcoxon.com/wp-content/uploads/2025/01/PCC420V-spec-99350B1.pdf,https://www.digikey.com/en/products/detail/amphenol-wilcoxon-sensing-technologies/PCC420VR-10-M12/26728741,,,,,,,,*,
PCC420VR-10-R6,Amphenol Wilcoxon Sensing Technologies,"4-20MA VIBRATION SENSOR, RMS VEL",magnetic-sensors-hall-effect-digital-switch-linear,1,276.59,"Cylinder, Threaded",Panel Mount,Active,https://wilcoxon.com/wp-content/uploads/2025/01/PCC420V-spec-99350B1.pdf,https://www.digikey.com/en/products/detail/amphenol-wilcoxon-sensing-technologies/PCC420VR-10-R6/16375106,,-40°C ~ 105°C,Analog,12V ~ 30V,,,Vibration,PCC420V,Connector
PCC420VR-10MM-M12,Amphenol Wilcoxon Sensing Technologies,VIBRATION SENSOR,magnetic-sensors-hall-effect-digital-switch-linear,0,265.95,-,-,Active,https://wilcoxon.com/wp-content/uploads/2025/01/PCC420V-spec-99350B1.pdf,https://www.digikey.com/en/products/detail/amphenol-wilcoxon-sensing-technologies/PCC420VR-10MM-M12/26728786,,,,,,,,*,
PCC420VR-10MM-R6,Amphenol Wilcoxon Sensing Technologies,VIBRATION SENSOR,magnetic-sensors-hall-effect-digital-switch-linear,0,265.95,-,-,Active,https://wilcoxon.com/wp-content/uploads/2025/01/PCC420V-spec-99350B1.pdf,https://www.digikey.com/en/products/detail/amphenol-wilcoxon-sensing-technologies/PCC420VR-10MM-R6/26728758,,,,,,,,*,
PCC420VR-20-M12,Amphenol Wilcoxon Sensing Technologies,VIBRATION SENSOR,magnetic-sensors-hall-effect-digital-switch-linear,0,265.95,-,-,Active,https://wilcoxon.com/wp-content/uploads/2025/01/PCC420V-spec-99350B1.pdf,https://www.digikey.com/en/products/detail/amphenol-wilcoxon-sensing-technologies/PCC420VR-20-M12/26728760,,,,,,,,*,
PCC420VR-20-R6,Amphenol Wilcoxon Sensing Technologies,VIBRATION SENSOR,magnetic-sensors-hall-effect-digital-switch-linear,0,265.95,-,-,Active,https://wilcoxon.com/wp-content/uploads/2025/01/PCC420V-spec-99350B1.pdf,https://www.digikey.com/en/products/detail/amphenol-wilcoxon-sensing-technologies/PCC420VR-20-R6/26728747,,,,,,,,*,
PCC420VR-20MM-M12,Amphenol Wilcoxon Sensing Technologies,VIBRATION SENSOR,magnetic-sensors-hall-effect-digital-switch-linear,0,265.95,-,-,Active,https://wilcoxon.com/wp-content/uploads/2025/01/PCC420V-spec-99350B1.pdf,https://www.digikey.com/en/products/detail/amphenol-wilcoxon-sensing-technologies/PCC420VR-20MM-M12/26728783,,,,,,,,*,
PCC420VR-20MM-R6,Amphenol Wilcoxon Sensing Technologies,VIBRATION SENSOR,magnetic-sensors-hall-effect-digital-switch-linear,0,265.95,-,-,Active,https://wilcoxon.com/wp-content/uploads/2025/01/PCC420V-spec-99350B1.pdf,https://www.digikey.com/en/products/detail/amphenol-wilcoxon-sensing-technologies/PCC420VR-20MM-R6/26728748,,,,,,,,*,
PCC420VR-25MM-M12,Amphenol Wilcoxon Sensing Technologies,VIBRATION SENSOR,magnetic-sensors-hall-effect-digital-switch-linear,0,265.95,-,-,Active,https://wilcoxon.com/wp-content/uploads/2025/01/PCC420V-spec-99350B1.pdf,https://www.digikey.com/en/products/detail/amphenol-wilcoxon-sensing-technologies/PCC420VR-25MM-M12/26728789,,,,,,,,*,
PCC420VR-25MM-R6,Amphenol Wilcoxon Sensing Technologies,VIBRATION SENSOR,magnetic-sensors-hall-effect-digital-switch-linear,0,265.95,-,-,Active,https://wilcoxon.com/wp-content/uploads/2025/01/PCC420V-spec-99350B1.pdf,https://www.digikey.com/en/products/detail/amphenol-wilcoxon-sensing-technologies/PCC420VR-25MM-R6/26728784,,,,,,,,*,
PCC420VR-30-M12,Amphenol Wilcoxon Sensing Technologies,VIBRATION SENSOR,magnetic-sensors-hall-effect-digital-switch-linear,0,265.95,-,-,Active,https://wilcoxon.com/wp-content/uploads/2025/01/PCC420V-spec-99350B1.pdf,https://www.digikey.com/en/products/detail/amphenol-wilcoxon-sensing-technologies/PCC420VR-30-M12/26728745,,,,,,,,*,
PCC420VR-30-R6,Amphenol Wilcoxon Sensing Technologies,VIBRATION SENSOR,magnetic-sensors-hall-effect-digital-switch-linear,0,265.95,-,-,Active,https://wilcoxon.com/wp-content/uploads/2025/01/PCC420V-spec-99350B1.pdf,https://www.digikey.com/en/products/detail/amphenol-wilcoxon-sensing-technologies/PCC420VR-30-R6/26728790,,,,,,,,*,
PCC420VR-50-M12,Amphenol Wilcoxon Sensing Technologies,VIBRATION SENSOR,magnetic-sensors-hall-effect-digital-switch-linear,0,265.95,-,-,Active,https://wilcoxon.com/wp-content/uploads/2025/01/PCC420V-spec-99350B1.pdf,https://www.digikey.com/en/products/detail/amphenol-wilcoxon-sensing-technologies/PCC420VR-50-M12/26728750,,,,,,,,*,
PCC420VR-50-R6,Amphenol Wilcoxon Sensing Technologies,VIBRATION SENSOR,magnetic-sensors-hall-effect-digital-switch-linear,0,265.95,-,-,Active,https://wilcoxon.com/wp-content/uploads/2025/01/PCC420V-spec-99350B1.pdf,https://www.digikey.com/en/products/detail/amphenol-wilcoxon-sensing-technologies/PCC420VR-50-R6/26728770,,,,,,,,*,
PCC420VR-50MM-M12,Amphenol Wilcoxon Sensing Technologies,VIBRATION SENSOR,magnetic-sensors-hall-effect-digital-switch-linear,0,265.95,-,-,Active,https://wilcoxon.com/wp-content/uploads/2025/01/PCC420V-spec-99350B1.pdf,https://www.digikey.com/en/products/detail/amphenol-wilcoxon-sensing-technologies/PCC420VR-50MM-M12/26728771,,,,,,,,*,
PCC420VR-50MM-R6,Amphenol Wilcoxon Sensing Technologies,"4-20MA VIBRATION SENSOR, RMS VEL",magnetic-sensors-hall-effect-digital-switch-linear,5,276.59,"Cylinder, Threaded",Panel Mount,Active,https://wilcoxon.com/wp-content/uploads/2025/01/PCC420V-spec-99350B1.pdf,https://www.digikey.com/en/products/detail/amphenol-wilcoxon-sensing-technologies/PCC420VR-50MM-R6/16375104,,-40°C ~ 105°C,Analog,12V ~ 30V,,,Vibration,PCC420V,Connector
PCC421AP-05-M12-4,Amphenol Wilcoxon Sensing Technologies,ACCEL 4-20MA SENSORS,magnetic-sensors-hall-effect-digital-switch-linear,0,530.55,Module,Chassis Mount,Active,,https://www.digikey.com/en/products/detail/amphenol-wilcoxon-sensing-technologies/PCC421AP-05-M12-4/13148284,,-40°C ~ 105°C,Analog,,,,Acceleration,PCC421,Connector
PCC421AP-05-R6,Amphenol Wilcoxon Sensing Technologies,ACCEL 4-20MA SENSORS,magnetic-sensors-hall-effect-digital-switch-linear,0,530.55,Module,Chassis Mount,Active,,https://www.digikey.com/en/products/detail/amphenol-wilcoxon-sensing-technologies/PCC421AP-05-R6/13148699,,-40°C ~ 105°C,Analog,,,,Acceleration,PCC421,Connector
PCC421AP-10-M12-4,Amphenol Wilcoxon Sensing Technologies,ACCEL 4-20MA SENSORS,magnetic-sensors-hall-effect-digital-switch-linear,0,530.55,Module,Chassis Mount,Active,,https://www.digikey.com/en/products/detail/amphenol-wilcoxon-sensing-technologies/PCC421AP-10-M12-4/13148437,,-40°C ~ 105°C,Analog,,,,Acceleration,PCC421,Connector
PCC421AP-10-R6,Amphenol Wilcoxon Sensing Technologies,ACCEL 4-20MA SENSORS,magnetic-sensors-hall-effect-digital-switch-linear,0,530.55,Module,Chassis Mount,Active,,https://www.digikey.com/en/products/detail/amphenol-wilcoxon-sensing-technologies/PCC421AP-10-R6/13148446,,-40°C ~ 105°C,Analog,,,,Acceleration,PCC421,Connector
PCC421AP-20-M12-4,Amphenol Wilcoxon Sensing Technologies,ACCEL 4-20MA SENSORS,magnetic-sensors-hall-effect-digital-switch-linear,0,530.55,Module,Chassis Mount,Active,,https://www.digikey.com/en/products/detail/amphenol-wilcoxon-sensing-technologies/PCC421AP-20-M12-4/13148571,,-40°C ~ 105°C,Analog,,,,Acceleration,PCC421,Connector
PCC421AP-20-R6,Amphenol Wilcoxon Sensing Technologies,ACCEL 4-20MA SENSORS,magnetic-sensors-hall-effect-digital-switch-linear,0,530.55,Module,Chassis Mount,Active,,https://www.digikey.com/en/products/detail/amphenol-wilcoxon-sensing-technologies/PCC421AP-20-R6/13148207,,-40°C ~ 105°C,Analog,,,,Acceleration,PCC421,Connector
PCC421AR-05-M12-4,Amphenol Wilcoxon Sensing Technologies,ACCEL 4-20MA SENSORS,magnetic-sensors-hall-effect-digital-switch-linear,0,530.55,Module,Chassis Mount,Active,,https://www.digikey.com/en/products/detail/amphenol-wilcoxon-sensing-technologies/PCC421AR-05-M12-4/13148245,,-40°C ~ 105°C,Analog,,,,Acceleration,PCC421,Connector
PCC421AR-05-R6,Amphenol Wilcoxon Sensing Technologies,ACCEL 4-20MA SENSORS,magnetic-sensors-hall-effect-digital-switch-linear,0,530.55,Module,Chassis Mount,Active,,https://www.digikey.com/en/products/detail/amphenol-wilcoxon-sensing-technologies/PCC421AR-05-R6/13148234,,-40°C ~ 105°C,Analog,,,,Acceleration,PCC421,Connector
PCC421AR-10-M12-4,Amphenol Wilcoxon Sensing Technologies,ACCEL 4-20MA SENSORS,magnetic-sensors-hall-effect-digital-switch-linear,0,530.55,Module,Chassis Mount,Active,,https://www.digikey.com/en/products/detail/amphenol-wilcoxon-sensing-technologies/PCC421AR-10-M12-4/13148441,,-40°C ~ 105°C,Analog,,,,Acceleration,PCC421,Connector
PCC421AR-10-R6,Amphenol Wilcoxon Sensing Technologies,ACCEL 4-20MA SENSORS,magnetic-sensors-hall-effect-digital-switch-linear,0,530.55,Module,Chassis Mount,Active,,https://www.digikey.com/en/products/detail/amphenol-wilcoxon-sensing-technologies/PCC421AR-10-R6/13148438,,-40°C ~ 105°C,Analog,,,,Acceleration,PCC421,Connector
PCC421AR-20-M12-4,Amphenol Wilcoxon Sensing Technologies,ACCEL 4-20MA SENSORS,magnetic-sensors-hall-effect-digital-switch-linear,0,530.55,Module,Chassis Mount,Active,,https://www.digikey.com/en/products/detail/amphenol-wilcoxon-sensing-technologies/PCC421AR-20-M12-4/13148536,,-40°C ~ 105°C,Analog,,,,Acceleration,PCC421,Connector
PCC421AR-20-R6,Amphenol Wilcoxon Sensing Technologies,ACCEL 4-20MA SENSORS,magnetic-sensors-hall-effect-digital-switch-linear,0,530.55,Module,Chassis Mount,Active,,https://www.digikey.com/en/products/detail/amphenol-wilcoxon-sensing-technologies/PCC421AR-20-R6/13148312,,-40°C ~ 105°C,Analog,,,,Acceleration,PCC421,Connector
PCC421VP-05-M12-4,Amphenol Wilcoxon Sensing Technologies,ACCEL 4-20MA SENSORS,magnetic-sensors-hall-effect-digital-switch-linear,0,530.55,Module,Chassis Mount,Active,,https://www.digikey.com/en/products/detail/amphenol-wilcoxon-sensing-technologies/PCC421VP-05-M12-4/13148219,,-40°C ~ 105°C,Analog,,,,Vibration,PCC421,Connector
PCC421VP-05-R6,Amphenol Wilcoxon Sensing Technologies,ACCEL 4-20MA SENSORS,magnetic-sensors-hall-effect-digital-switch-linear,0,530.55,Module,Chassis Mount,Active,,https://www.digikey.com/en/products/detail/amphenol-wilcoxon-sensing-technologies/PCC421VP-05-R6/13148373,,-40°C ~ 105°C,Analog,,,,Vibration,PCC421,Connector
PCC421VP-10-M12-4,Amphenol Wilcoxon Sensing Technologies,ACCEL 4-20MA SENSORS,magnetic-sensors-hall-effect-digital-switch-linear,0,530.55,Module,Chassis Mount,Active,,https://www.digikey.com/en/products/detail/amphenol-wilcoxon-sensing-technologies/PCC421VP-10-M12-4/13148256,,-40°C ~ 105°C,Analog,,,,Vibration,PCC421,Connector
PCC421VP-10-R6,Amphenol Wilcoxon Sensing Technologies,ACCEL 4-20MA SENSORS,magnetic-sensors-hall-effect-digital-switch-linear,4,353.28,Module,Connector,Active,,https://www.digikey.com/en/products/detail/amphenol-wilcoxon-sensing-technologies/PCC421VP-10-R6/10107179,,-40°C ~ 105°C,Analog,,,,Vibration,PCC421,Connector
PCC421VP-20-M12-4,Amphenol Wilcoxon Sensing Technologies,ACCEL 4-20MA SENSORS,magnetic-sensors-hall-effect-digital-switch-linear,0,530.55,Module,Chassis Mount,Active,,https://www.digikey.com/en/products/detail/amphenol-wilcoxon-sensing-technologies/PCC421VP-20-M12-4/13148654,,-40°C ~ 105°C,Analog,,,,Vibration,PCC421,Connector
PCC421VP-20-R6,Amphenol Wilcoxon Sensing Technologies,ACCEL 4-20MA SENSORS,magnetic-sensors-hall-effect-digital-switch-linear,0,530.55,Module,Chassis Mount,Active,,https://www.digikey.com/en/products/detail/amphenol-wilcoxon-sensing-technologies/PCC421VP-20-R6/13148731,,-40°C ~ 105°C,Analog,,,,Vibration,PCC421,Connector
PCC421VP-50-M12-4,Amphenol Wilcoxon Sensing Technologies,ACCEL 4-20MA SENSORS,magnetic-sensors-hall-effect-digital-switch-linear,0,530.55,Module,Chassis Mount,Active,,https://www.digikey.com/en/products/detail/amphenol-wilcoxon-sensing-technologies/PCC421VP-50-M12-4/13148339,,-40°C ~ 105°C,Analog,,,,Vibration,PCC421,Connector
PCC421VP-50-R6,Amphenol Wilcoxon Sensing Technologies,ACCEL 4-20MA SENSORS,magnetic-sensors-hall-effect-digital-switch-linear,0,530.55,Module,Chassis Mount,Active,,https://www.digikey.com/en/products/detail/amphenol-wilcoxon-sensing-technologies/PCC421VP-50-R6/13148279,,-40°C ~ 105°C,Analog,,,,Vibration,PCC421,Connector
PCC421VR-05-M12-4,Amphenol Wilcoxon Sensing Technologies,ACCEL 4-20MA SENSORS,magnetic-sensors-hall-effect-digital-switch-linear,0,530.55,Module,Chassis Mount,Active,,https://www.digikey.com/en/products/detail/amphenol-wilcoxon-sensing-technologies/PCC421VR-05-M12-4/13148399,,-40°C ~ 105°C,Analog,,,,Vibration,PCC421,Connector
PCC421VR-05-R6,Amphenol Wilcoxon Sensing Technologies,ACCEL 4-20MA SENSORS,magnetic-sensors-hall-effect-digital-switch-linear,0,530.55,Module,Chassis Mount,Active,,https://www.digikey.com/en/products/detail/amphenol-wilcoxon-sensing-technologies/PCC421VR-05-R6/13148346,,-40°C ~ 105°C,Analog,,,,Vibration,PCC421,Connector
PCC421VR-10-M12-4,Amphenol Wilcoxon Sensing Technologies,ACCEL 4-20MA SENSORS,magnetic-sensors-hall-effect-digital-switch-linear,0,530.55,Module,Chassis Mount,Active,,https://www.digikey.com/en/products/detail/amphenol-wilcoxon-sensing-technologies/PCC421VR-10-M12-4/13148573,,-40°C ~ 105°C,Analog,,,,Vibration,PCC421,Connector
PCC421VR-10-R6,Amphenol Wilcoxon Sensing Technologies,ACCEL 4-20MA SENSORS,magnetic-sensors-hall-effect-digital-switch-linear,0,530.55,Module,Chassis Mount,Active,,https://www.digikey.com/en/products/detail/amphenol-wilcoxon-sensing-technologies/PCC421VR-10-R6/13148560,,-40°C ~ 105°C,Analog,,,,Vibration,PCC421,Connector
PCC421VR-20-M12-4,Amphenol Wilcoxon Sensing Technologies,ACCEL 4-20MA SENSORS,magnetic-sensors-hall-effect-digital-switch-linear,0,530.55,Module,Chassis Mount,Active,,https://www.digikey.com/en/products/detail/amphenol-wilcoxon-sensing-technologies/PCC421VR-20-M12-4/13148344,,-40°C ~ 105°C,Analog,,,,Vibration,PCC421,Connector
PCC421VR-20-R6,Amphenol Wilcoxon Sensing Technologies,ACCEL 4-20MA SENSORS,magnetic-sensors-hall-effect-digital-switch-linear,0,530.55,Module,Chassis Mount,Active,,https://www.digikey.com/en/products/detail/amphenol-wilcoxon-sensing-technologies/PCC421VR-20-R6/13148211,,-40°C ~ 105°C,Analog,,,,Vibration,PCC421,Connector
PCC421VR-50-M12-4,Amphenol Wilcoxon Sensing Technologies,ACCEL 4-20MA SENSORS,magnetic-sensors-hall-effect-digital-switch-linear,0,530.55,Module,Chassis Mount,Active,,https://www.digikey.com/en/products/detail/amphenol-wilcoxon-sensing-technologies/PCC421VR-50-M12-4/13148359,,-40°C ~ 105°C,Analog,,,,Vibration,PCC421,Connector
PCC421VR-50-R6,Amphenol Wilcoxon Sensing Technologies,ACCEL 4-20MA SENSORS,magnetic-sensors-hall-effect-digital-switch-linear,0,530.55,Module,Chassis Mount,Active,,https://www.digikey.com/en/products/detail/amphenol-wilcoxon-sensing-technologies/PCC421VR-50-R6/13148503,,-40°C ~ 105°C,Analog,,,,Vibration,PCC421,Connector
PCC423AP-05-J10,Amphenol Wilcoxon Sensing Technologies,ACCEL 4-20MA SENSORS 16,magnetic-sensors-hall-effect-digital-switch-linear,0,709.77,Module,Chassis Mount,Active,,https://www.digikey.com/en/products/detail/amphenol-wilcoxon-sensing-technologies/PCC423AP-05-J10/13148516,,-40°C ~ 105°C,Analog,,,,Acceleration,PCC423,Wire Leads
PCC423AP-05-J9T2A,Amphenol Wilcoxon Sensing Technologies,ACCEL 4-20MA SENSORS 16,magnetic-sensors-hall-effect-digital-switch-linear,0,731.99,Module,Chassis Mount,Active,,https://www.digikey.com/en/products/detail/amphenol-wilcoxon-sensing-technologies/PCC423AP-05-J9T2A/13148535,,-40°C ~ 105°C,Analog,,,,Acceleration,PCC423,Wire Leads
PCC423AP-10-J10,Amphenol Wilcoxon Sensing Technologies,ACCEL 4-20MA SENSORS 16,magnetic-sensors-hall-effect-digital-switch-linear,0,709.77,Module,Chassis Mount,Active,,https://www.digikey.com/en/products/detail/amphenol-wilcoxon-sensing-technologies/PCC423AP-10-J10/13148258,,-40°C ~ 105°C,Analog,,,,Acceleration,PCC423,Wire Leads
PCC423AP-10-J9T2A,Amphenol Wilcoxon Sensing Technologies,ACCEL 4-20MA SENSORS 16,magnetic-sensors-hall-effect-digital-switch-linear,0,731.99,Module,Chassis Mount,Active,,https://www.digikey.com/en/products/detail/amphenol-wilcoxon-sensing-technologies/PCC423AP-10-J9T2A/13148316,,-40°C ~ 105°C,Analog,,,,Acceleration,PCC423,Wire Leads
PCC423AP-20-J10,Amphenol Wilcoxon Sensing Technologies,ACCEL 4-20MA SENSORS 16,magnetic-sensors-hall-effect-digital-switch-linear,0,709.77,Module,Chassis Mount,Active,,https://www.digikey.com/en/products/detail/amphenol-wilcoxon-sensing-technologies/PCC423AP-20-J10/13148277,,-40°C ~ 105°C,Analog,,,,Acceleration,PCC423,Wire Leads
PCC423AP-20-J9T2A,Amphenol Wilcoxon Sensing Technologies,ACCEL 4-20MA SENSORS 16,magnetic-sensors-hall-effect-digital-switch-linear,0,731.99,Module,Chassis Mount,Active,,https://www.digikey.com/en/products/detail/amphenol-wilcoxon-sensing-technologies/PCC423AP-20-J9T2A/13148447,,-40°C ~ 105°C,Analog,,,,Acceleration,PCC423,Wire Leads
PCC423AR-05-J10,Amphenol Wilcoxon Sensing Technologies,ACCEL 4-20MA SENSORS 16,magnetic-sensors-hall-effect-digital-switch-linear,0,709.77,Module,Chassis Mount,Active,,https://www.digikey.com/en/products/detail/amphenol-wilcoxon-sensing-technologies/PCC423AR-05-J10/13148692,,-40°C ~ 105°C,Analog,,,,Acceleration,PCC423,Wire Leads
PCC423AR-05-J9T2A,Amphenol Wilcoxon Sensing Technologies,ACCEL 4-20MA SENSORS 16,magnetic-sensors-hall-effect-digital-switch-linear,0,731.99,Module,Chassis Mount,Active,,https://www.digikey.com/en/products/detail/amphenol-wilcoxon-sensing-technologies/PCC423AR-05-J9T2A/13148584,,-40°C ~ 105°C,Analog,,,,Acceleration,PCC423,Wire Leads
PCC423AR-10-J10,Amphenol Wilcoxon Sensing Technologies,ACCEL 4-20MA SENSORS 16,magnetic-sensors-hall-effect-digital-switch-linear,0,709.77,Module,Chassis Mount,Active,,https://www.digikey.com/en/products/detail/amphenol-wilcoxon-sensing-technologies/PCC423AR-10-J10/13148601,,-40°C ~ 105°C,Analog,,,,Acceleration,PCC423,Wire Leads
PCC423AR-10-J9T2A,Amphenol Wilcoxon Sensing Technologies,ACCEL 4-20MA SENSORS 16,magnetic-sensors-hall-effect-digital-switch-linear,0,731.99,Module,Chassis Mount,Active,,https://www.digikey.com/en/products/detail/amphenol-wilcoxon-sensing-technologies/PCC423AR-10-J9T2A/13148588,,-40°C ~ 105°C,Analog,,,,Acceleration,PCC423,Wire Leads
PCC423AR-20-J10,Amphenol Wilcoxon Sensing Technologies,ACCEL 4-20MA SENSORS 16,magnetic-sensors-hall-effect-digital-switch-linear,0,709.77,Module,Chassis Mount,Active,,https://www.digikey.com/en/products/detail/amphenol-wilcoxon-sensing-technologies/PCC423AR-20-J10/13148275,,-40°C ~ 105°C,Analog,,,,Acceleration,PCC423,Wire Leads
PCC423AR-20-J9T2A,Amphenol Wilcoxon Sensing Technologies,ACCEL 4-20MA SENSORS 16,magnetic-sensors-hall-effect-digital-switch-linear,0,731.99,Module,Chassis Mount,Active,,https://www.digikey.com/en/products/detail/amphenol-wilcoxon-sensing-technologies/PCC423AR-20-J9T2A/13148288,,-40°C ~ 105°C,Analog,,,,Acceleration,PCC423,Wire Leads
PCC423VP-05-J10,Amphenol Wilcoxon Sensing Technologies,ACCEL 4-20MA SENSORS 16,magnetic-sensors-hall-effect-digital-switch-linear,0,709.77,Module,Chassis Mount,Active,,https://www.digikey.com/en/products/detail/amphenol-wilcoxon-sensing-technologies/PCC423VP-05-J10/13148515,,-40°C ~ 105°C,Analog,,,,Vibration,PCC423,Wire Leads
PCC423VP-05-J9T2A,Amphenol Wilcoxon Sensing Technologies,ACCEL 4-20MA SENSORS 16,magnetic-sensors-hall-effect-digital-switch-linear,0,731.99,Module,Chassis Mount,Active,,https://www.digikey.com/en/products/detail/amphenol-wilcoxon-sensing-technologies/PCC423VP-05-J9T2A/13148733,,-40°C ~ 105°C,Analog,,,,Vibration,PCC423,Wire Leads
PCC423VP-10-J10,Amphenol Wilcoxon Sensing Technologies,ACCEL 4-20MA SENSORS 16,magnetic-sensors-hall-effect-digital-switch-linear,0,709.77,Module,Chassis Mount,Active,,https://www.digikey.com/en/products/detail/amphenol-wilcoxon-sensing-technologies/PCC423VP-10-J10/13148309,,-40°C ~ 105°C,Analog,,,,Vibration,PCC423,Wire Leads
PCC423VP-10-J9T2A,Amphenol Wilcoxon Sensing Technologies,ACCEL 4-20MA SENSORS 16,magnetic-sensors-hall-effect-digital-switch-linear,0,731.99,Module,Chassis Mount,Active,,https://www.digikey.com/en/products/detail/amphenol-wilcoxon-sensing-technologies/PCC423VP-10-J9T2A/13148251,,-40°C ~ 105°C,Analog,,,,Vibration,PCC423,Wire Leads
PCC423VP-20-J10,Amphenol Wilcoxon Sensing Technologies,ACCEL 4-20MA SENSORS 16,magnetic-sensors-hall-effect-digital-switch-linear,0,709.77,Module,Chassis Mount,Active,,https://www.digikey.com/en/products/detail/amphenol-wilcoxon-sensing-technologies/PCC423VP-20-J10/13148393,,-40°C ~ 105°C,Analog,,,,Vibration,PCC423,Wire Leads
PCC423VP-20-J9T2A,Amphenol Wilcoxon Sensing Technologies,ACCEL 4-20MA SENSORS 16,magnetic-sensors-hall-effect-digital-switch-linear,0,731.99,Module,Chassis Mount,Active,,https://www.digikey.com/en/products/detail/amphenol-wilcoxon-sensing-technologies/PCC423VP-20-J9T2A/13148705,,-40°C ~ 105°C,Analog,,,,Vibration,PCC423,Wire Leads
PCC423VP-50-J10,Amphenol Wilcoxon Sensing Technologies,ACCEL 4-20MA SENSORS 16,magnetic-sensors-hall-effect-digital-switch-linear,0,709.77,Module,Chassis Mount,Active,,https://www.digikey.com/en/products/detail/amphenol-wilcoxon-sensing-technologies/PCC423VP-50-J10/13148646,,-40°C ~ 105°C,Analog,,,,Vibration,PCC423,Wire Leads
PCC423VP-50-J9T2A,Amphenol Wilcoxon Sensing Technologies,ACCEL 4-20MA SENSORS 16,magnetic-sensors-hall-effect-digital-switch-linear,0,731.99,Module,Chassis Mount,Active,,https://www.digikey.com/en/products/detail/amphenol-wilcoxon-sensing-technologies/PCC423VP-50-J9T2A/13148651,,-40°C ~ 105°C,Analog,,,,Vibration,PCC423,Wire Leads
PCC423VR-05-J10,Amphenol Wilcoxon Sensing Technologies,ACCEL 4-20MA SENSORS 16,magnetic-sensors-hall-effect-digital-switch-linear,0,709.77,Module,Chassis Mount,Active,,https://www.digikey.com/en/products/detail/amphenol-wilcoxon-sensing-technologies/PCC423VR-05-J10/13148332,,-40°C ~ 105°C,Analog,,,,Vibration,PCC423,Wire Leads
PCC423VR-05-J9T2A,Amphenol Wilcoxon Sensing Technologies,ACCEL 4-20MA SENSORS 16,magnetic-sensors-hall-effect-digital-switch-linear,0,731.99,Module,Chassis Mount,Active,,https://www.digikey.com/en/products/detail/amphenol-wilcoxon-sensing-technologies/PCC423VR-05-J9T2A/13148375,,-40°C ~ 105°C,Analog,,,,Vibration,PCC423,Wire Leads
PCC423VR-10-J10,Amphenol Wilcoxon Sensing Technologies,ACCEL 4-20MA SENSORS 16,magnetic-sensors-hall-effect-digital-switch-linear,0,709.77,Module,Chassis Mount,Active,,https://www.digikey.com/en/products/detail/amphenol-wilcoxon-sensing-technologies/PCC423VR-10-J10/13148388,,-40°C ~ 105°C,Analog,,,,Vibration,PCC423,Wire Leads
PCC423VR-10-J9T2A,Amphenol Wilcoxon Sensing Technologies,ACCEL 4-20MA SENSORS 16,magnetic-sensors-hall-effect-digital-switch-linear,0,731.99,Module,Chassis Mount,Active,,https://www.digikey.com/en/products/detail/amphenol-wilcoxon-sensing-technologies/PCC423VR-10-J9T2A/13148408,,-40°C ~ 105°C,Analog,,,,Vibration,PCC423,Wire Leads
PCC423VR-20-J10,Amphenol Wilcoxon Sensing Technologies,ACCEL 4-20MA SENSORS 16,magnetic-sensors-hall-effect-digital-switch-linear,0,709.77,Module,Chassis Mount,Active,,https://www.digikey.com/en/products/detail/amphenol-wilcoxon-sensing-technologies/PCC423VR-20-J10/13148436,,-40°C ~ 105°C,Analog,,,,Vibration,PCC423,Wire Leads
PCC423VR-20-J9T2A,Amphenol Wilcoxon Sensing Technologies,ACCEL 4-20MA SENSORS 16,magnetic-sensors-hall-effect-digital-switch-linear,0,731.99,Module,Chassis Mount,Active,,https://www.digikey.com/en/products/detail/amphenol-wilcoxon-sensing-technologies/PCC423VR-20-J9T2A/13148694,,-40°C ~ 105°C,Analog,,,,Vibration,PCC423,Wire Leads
PCC423VR-50-J10,Amphenol Wilcoxon Sensing Technologies,ACCEL 4-20MA SENSORS 16,magnetic-sensors-hall-effect-digital-switch-linear,0,709.77,Module,Chassis Mount,Active,,https://www.digikey.com/en/products/detail/amphenol-wilcoxon-sensing-technologies/PCC423VR-50-J10/13148247,,-40°C ~ 105°C,Analog,,,,Vibration,PCC423,Wire Leads
PCC423VR-50-J9T2A,Amphenol Wilcoxon Sensing Technologies,ACCEL 4-20MA SENSORS 16,magnetic-sensors-hall-effect-digital-switch-linear,0,731.99,Module,Chassis Mount,Active,,https://www.digikey.com/en/products/detail/amphenol-wilcoxon-sensing-technologies/PCC423VR-50-J9T2A/13148319,,-40°C ~ 105°C,Analog,,,,Vibration,PCC423,Wire Leads
PCH420V-M12,Amphenol Wilcoxon Sensing Technologies,VIBRATION SENSOR HART-ENABLED,magnetic-sensors-hall-effect-digital-switch-linear,1,952.69,Module,Connector,Active,,https://www.digikey.com/en/products/detail/amphenol-wilcoxon-sensing-technologies/PCH420V-M12/9947290,,-40°C ~ 105°C,Analog,,,,Vibration,PCH420V,
PCH420V-M12-HZ,Amphenol Wilcoxon Sensing Technologies,VIBRATION SENSOR HART-ENABLED,magnetic-sensors-hall-effect-digital-switch-linear,1,1.0,Module,Connector,Active,,https://www.digikey.com/en/products/detail/amphenol-wilcoxon-sensing-technologies/PCH420V-M12-HZ/10107182,,-40°C ~ 105°C,Analog,,,,Vibration,PCH420V,
PCH420V-R6,Amphenol Wilcoxon Sensing Technologies,VIBRATION SENSOR HART-ENABLED,magnetic-sensors-hall-effect-digital-switch-linear,0,963.26,Module,Chassis Mount,Active,,https://www.digikey.com/en/products/detail/amphenol-wilcoxon-sensing-technologies/PCH420V-R6/13148383,,-40°C ~ 105°C,Analog,,,,Vibration,PCH420V,Connector
PCH420V-R6-HZ,Amphenol Wilcoxon Sensing Technologies,VIBRATION SENSOR HART-ENABLED,magnetic-sensors-hall-effect-digital-switch-linear,0,1.0,Module,Chassis Mount,Active,,https://www.digikey.com/en/products/detail/amphenol-wilcoxon-sensing-technologies/PCH420V-R6-HZ/13148212,,-40°C ~ 105°C,Analog,,,,Vibration,PCH420V,Connector
PPA-1012,Mide Technology Corporation,PIEZO ENERGY HARVESTER 120NF,magnetic-sensors-hall-effect-digital-switch-linear,0,0.0,Cantilever Magneto Film (Wafer),Chassis Mount,Discontinued at DigiKey,https://www.digikey.com//mm.digikey.com/Volume0/opasdata/d220001/medias/docus/892/PPA_Prod_DS_Man.pdf,https://www.digikey.com/en/products/detail/mide-technology-corporation/PPA-1012/6190297,"Piezoelectric Vibration Energy Harvesting, Hermetically Sealed",,Voltage,,,,"Vibration, Piezo Film",PPA,Solder Pads
PPA-1014,Mide Technology Corporation,PIEZO ENERGY HARVESTER 40NF,magnetic-sensors-hall-effect-digital-switch-linear,0,0.0,Cantilever Magneto Film (Wafer),Chassis Mount,Discontinued at DigiKey,https://www.digikey.com//mm.digikey.com/Volume0/opasdata/d220001/medias/docus/892/PPA_Prod_DS_Man.pdf,https://www.digikey.com/en/products/detail/mide-technology-corporation/PPA-1014/6190298,"Piezoelectric Vibration Energy Harvesting, Hermetically Sealed",,Voltage,,,,"Vibration, Piezo Film",PPA,Solder Pads
PPA-1021,Mide Technology Corporation,PIEZO ENERGY HARVESTER 22NF,magnetic-sensors-hall-effect-digital-switch-linear,0,0.0,Cantilever Magneto Film (Wafer),Chassis Mount,Discontinued at DigiKey,https://www.digikey.com//mm.digikey.com/Volume0/opasdata/d220001/medias/docus/892/PPA_Prod_DS_Man.pdf,https://www.digikey.com/en/products/detail/mide-technology-corporation/PPA-1021/6190299,"Piezoelectric Vibration Energy Harvesting, Hermetically Sealed",,Voltage,,,,"Vibration, Piezo Film",PPA,Solder Pads
PPA-1022,Mide Technology Corporation,PIEZO ENERGY HARVESTER 7NF,magnetic-sensors-hall-effect-digital-switch-linear,0,0.0,Cantilever Magneto Film (Wafer),Chassis Mount,Discontinued at DigiKey,https://www.digikey.com//mm.digikey.com/Volume0/opasdata/d220001/medias/docus/892/PPA_Prod_DS_Man.pdf,https://www.digikey.com/en/products/detail/mide-technology-corporation/PPA-1022/6190300,"Piezoelectric Vibration Energy Harvesting, Hermetically Sealed",,Voltage,,,,"Vibration, Piezo Film",PPA,Solder Pads
PR49-24E,National Control Devices,WIRELESS VIBRATION SENSOR,magnetic-sensors-hall-effect-digital-switch-linear,5,237.95,IoT Finished Device,Chassis Mount,Active,,https://www.digikey.com/en/products/detail/national-control-devices/PR49-24E/11306183,,,,,±16g,,Vibration,PR49,
PR52-33N,National Control Devices,WIRELESS VIBRATION SENSOR,magnetic-sensors-hall-effect-digital-switch-linear,5,329.95,IoT Finished Device,Chassis Mount,Active,,https://www.digikey.com/en/products/detail/national-control-devices/PR52-33N/11306138,,-40°C ~ 85°C,,,±32g,,Vibration,PR52,
PR55-67A,National Control Devices,IoT Wireless Vibration Sensor,magnetic-sensors-hall-effect-digital-switch-linear,49,369.95,Module,Chassis Mount,Active,,https://www.digikey.com/en/products/detail/national-control-devices/PR55-67A/16653208,,-40°C ~ 105°C,,,±16g,,"Vibration, Acceleration",PR55,
PR63-3,National Control Devices,3 Axis Wireless Vibration Temper,magnetic-sensors-hall-effect-digital-switch-linear,25,379.95,-,-,Active,,https://www.digikey.com/en/products/detail/national-control-devices/PR63-3/28223023,,,,,,,,*,
QA-SCOPS-SK-VIBR,Scops.ai,Vibration Kit + 1yr subscription,magnetic-sensors-hall-effect-digital-switch-linear,5,1.0,Box,Surface Mount,Active,,https://www.digikey.com/en/products/detail/scops-ai/QA-SCOPS-SK-VIBR/26865433,Waterproof,-20°C ~ 60°C,LoRaWAN,3.6V,"±2g, ±4g, ±8g",10mV/g,"Accelerometer, 3 Axis",VS23,
S26NS5C1,PRIMO COMPANY LIMITED,1-AXIS ANLG ACCELERATION -34DB,magnetic-sensors-hall-effect-digital-switch-linear,495,44.17,Box,Chassis Mount,Active,,https://www.digikey.com/en/products/detail/primo-company-limited/S26NS5C1/25870559,,-10°C ~ 60°C,Analog,3.3V / 550µA,100Hz ~ 1kHz,-34db ±4dB/100Hz,Acceleration,,Wire Leads
S27NS5C1,PRIMO COMPANY LIMITED,1-AXIS ANLG ACCELERATION -50DB,magnetic-sensors-hall-effect-digital-switch-linear,495,44.17,Box,Chassis Mount,Active,,https://www.digikey.com/en/products/detail/primo-company-limited/S27NS5C1/25870805,,-10°C ~ 60°C,Analog,3.3V / 550µA,100Hz ~ 4kHz,-50dB ±3dB/100Hz,Acceleration,,Wire Leads
S28NS5C1,PRIMO COMPANY LIMITED,1-AXIS ANLG ACCELERATION -25DB,magnetic-sensors-hall-effect-digital-switch-linear,484,34.16,Box,Chassis Mount,Active,,https://www.digikey.com/en/products/detail/primo-company-limited/S28NS5C1/25870406,,-10°C ~ 60°C,Analog,3.3V / 400µA,100Hz ~ 1kHz,-25dB ±3dB/100Hz,Acceleration,,Wire Leads
S29NS5C1,PRIMO COMPANY LIMITED,1-AXIS ANLG ACCELERATION -45dB,magnetic-sensors-hall-effect-digital-switch-linear,497,38.89,Box,Chassis Mount,Active,,https://www.digikey.com/en/products/detail/primo-company-limited/S29NS5C1/25870266,,-10°C ~ 60°C,Analog,3.3V / 400µA,100Hz ~ 4kHz,-45dB ±3dB/100Hz,Acceleration,,Wire Leads
SDV01-003,Goertek Microelectronics Inc.,SENSOR VIBRATION DGTL 6LGA,magnetic-sensors-hall-effect-digital-switch-linear,2986,3.58,6-LFLGA Module,Surface Mount,Active,https://www.digikey.com//mm.digikey.com/Volume0/opasdata/d220001/medias/docus/6255/SDV01_003.pdf,https://www.digikey.com/en/products/detail/goertek-microelectronics-inc/SDV01-003/15929617,,-30°C ~ 70°C,Digital,1.6V ~ 3.6V / 125µA,,-15dBV/g,Vibration,,
SEN0433,DFRobot,VIBRATION SENSOR MODULE FOR ARDU,magnetic-sensors-hall-effect-digital-switch-linear,11,4.5,Module,Chassis Mount,Active,,https://www.digikey.com/en/products/detail/dfrobot/SEN0433/14322613,,,Digital,5V ~ 15V / 6mA,,,Vibration,,Connector
SK-VIB-AX-3D-10G-XR-SCM-OUT,Beanair Sensors,StarterKit  Wireless Vibration S,magnetic-sensors-hall-effect-digital-switch-linear,4,690.0,Box,Chassis Mount,Active,https://www.wireless-iot-sensors.beanair.com/files/Datasheet-Starter-Kit-Vibration-Sensor-AX-3D-10G-Xrange-Outdoor.pdf,https://www.digikey.com/en/products/detail/beanair-sensors/SK-VIB-AX-3D-10G-XR-SCM-OUT/24372725,Waterproof,-40°C ~ 60°C,Wireless,12V ~ 30V,±10g,,Vibration,,Connector
SK-VIB-AX-3D-2G-XR-SCM-OUT,Beanair Sensors,StarterKit  Wireless Vibration S,magnetic-sensors-hall-effect-digital-switch-linear,4,670.0,Box,Chassis Mount,Active,https://www.wireless-iot-sensors.beanair.com/files/Datasheet-Starter-Kit-Vibration-Sensor-AX-3D-2G-Xrange-Outdoor.pdf,https://www.digikey.com/en/products/detail/beanair-sensors/SK-VIB-AX-3D-2G-XR-SCM-OUT/24372730,Waterproof,-40°C ~ 60°C,Wireless,12V ~ 30V,±2g,,Vibration,,Connector
SK-VIB-AX-3D-SR-SCM-OUT,Beanair Sensors,StarterKit  Wireless Vibration S,magnetic-sensors-hall-effect-digital-switch-linear,2,690.0,Box,Chassis Mount,Active,https://www.wireless-iot-sensors.beanair.com/files/Datasheet-Starter-Kit-wireless-and-ultra-noise-vibration-Sensor-AX-3D-SR-Outdoor.pdf,https://www.digikey.com/en/products/detail/beanair-sensors/SK-VIB-AX-3D-SR-SCM-OUT/24372731,Waterproof,-40°C ~ 60°C,Wireless,12V ~ 30V,±2g,,Vibration,,Connector
SK-VIBRATION-AX-3D-SR,Beanair Sensors,SK WIRELESS VIBRATION SENSOR 1.,magnetic-sensors-hall-effect-digital-switch-linear,13,515.0,Module,Chassis Mount,Active,https://www.wireless-iot-sensors.beanair.com/files/Datasheet-StarterKit-wireless-and-ultra-noise-vibration-Sensor-AX-3D-SR.pdf,https://www.digikey.com/en/products/detail/beanair-sensors/SK-VIBRATION-AX-3D-SR/17101665,High Frequency,,,,"±1.2g, ±2.4g",,Vibration,,Connector
SK-VIBRATION-AX-3D-XR-10G,Beanair Sensors,SK WIRELESS VIBRATION 10G,magnetic-sensors-hall-effect-digital-switch-linear,10,585.0,Module,Chassis Mount,Active,https://www.wireless-iot-sensors.beanair.com/files/Datasheet-StarterKit-Vibration-Sensor-AX-3D-10G-Xrange.pdf,https://www.digikey.com/en/products/detail/beanair-sensors/SK-VIBRATION-AX-3D-XR-10G/17101663,High Frequency,,"LAN, Wireless",,±10g,,Vibration,,Connector
SK-VIBRATION-AX-3D-XR-2G,Beanair Sensors,SK WIRELESS VIBRATION 2G,magnetic-sensors-hall-effect-digital-switch-linear,9,565.0,Module,Chassis Mount,Active,https://www.wireless-iot-sensors.beanair.com/files/Datasheet-StarterKit-Vibration-Sensor-AX-3D-2G-Xrange.pdf,https://www.digikey.com/en/products/detail/beanair-sensors/SK-VIBRATION-AX-3D-XR-2G/17101680,High Frequency,,"LAN, Wireless",,±2g,,Vibration,,Connector
SV01-003,Goertek Microelectronics Inc.,SENSOR VIBRATION ANALOG 6LGA,magnetic-sensors-hall-effect-digital-switch-linear,2469,3.46,Module,Surface Mount,Active,https://www.digikey.com//mm.digikey.com/Volume0/opasdata/d220001/medias/docus/5340/SV01-003.pdf,https://www.digikey.com/en/products/detail/goertek-microelectronics-inc/SV01-003/15929616,,-30°C ~ 70°C,Analog,1.52V ~ 1.89V / 50μA,50Hz ~ 4kHz,-25dBV/g,Vibration,,
SVT200-A,Broadsens Corporation,wireless accelerometer vibration,magnetic-sensors-hall-effect-digital-switch-linear,218,229.0,Module,"Screw Mount, Magnet, Mounting Hole",Active,https://www.broadsens.com/products/datasheet/SVT200-A%20data%20sheet.pdf,https://www.digikey.com/en/products/detail/broadsens-corporation/SVT200-A/15288286,"Intrinsically Safe, Low Power, Waterproof, Wireless",-55°C ~ 85°C,Digital,3.0 V ~ 5.5 V / 350µA,±2g ~ ±8g,0.3052mg/LSB,Accelerometer,SVT,
SVT200-V,Broadsens Corporation,wireless vibration sensor,magnetic-sensors-hall-effect-digital-switch-linear,435,229.0,Module,Chassis Mount,Active,https://www.broadsens.com/products/datasheet/SVT200-V%20data%20sheet.pdf?05978e&05978e,https://www.digikey.com/en/products/detail/broadsens-corporation/SVT200-V/15771628,,-40°C ~ 85°C,"I2C, SPI",,"±2g, ±4g, ±8g",,"Vibration, Acceleration",,
SVT300-A-A,Broadsens Corporation,Wireless vibration sensor,magnetic-sensors-hall-effect-digital-switch-linear,281,259.0,Module,Chassis Mount,Active,https://www.broadsens.com/products/datasheet/SVT300-A%20data%20sheet.pdf?05978e&05978e,https://www.digikey.com/en/products/detail/broadsens-corporation/SVT300-A-A/15908617,,-40°C ~ 85°C,,,±2g ~ ±16g,,"Vibration, Acceleration",,
SVT300-V,Broadsens Corporation,Wireless vibration sensor,magnetic-sensors-hall-effect-digital-switch-linear,145,259.0,Module,"Screw Mount, Magnet, Mounting Hole",Active,https://www.broadsens.com/products/datasheet/SVT-V%20series%20sensor%20datasheet.pdf,https://www.digikey.com/en/products/detail/broadsens-corporation/SVT300-V/25586205,"Intrinsically Safe, Low Power, Waterproof, Wireless",-55°C ~ 85°C,Wireless,3.6V,±2g ~ ±16g,0.3052mg/LSB,Accelerometer,,
SVT400-A-A,Broadsens Corporation,Wireless vibration sensor,magnetic-sensors-hall-effect-digital-switch-linear,118,299.0,Module,Chassis Mount,Active,,https://www.digikey.com/en/products/detail/broadsens-corporation/SVT400-A-A/15908620,,-40°C ~ 85°C,,,±8g ~ ±64g,,"Vibration, Acceleration",,
TK-09-CPD01-NRA/DP,Micro-Measurements (Division of Vishay Precision Group),TK-09-CPD01-NRA/DP CRACK PROP GA,magnetic-sensors-hall-effect-digital-switch-linear,0,459.7,-,-,Active,,https://www.digikey.com/en/products/detail/micro-measurements-division-of-vishay-precision-group/TK-09-CPD01-NRA-DP/5903333,,,,,,,,*,
USEVJV10AK0100,KEMET,VS-JV10A CABLE MAGNET STUD KIT,magnetic-sensors-hall-effect-digital-switch-linear,2,945.24,-,-,Active,https://www.waldomemea.com/productfiles/mf-kem/kem-usevjv10ak0100-52389834.pdf,https://www.digikey.com/en/products/detail/wec/USEVJV10AK0100/29337678,,,,,,,,*,
V20W,Mide Technology Corporation,PIEZOELECTRIC ENERGY HARVESTER,magnetic-sensors-hall-effect-digital-switch-linear,0,0.0,Cantilever Piezo Film (Wafer),Through Hole,Discontinued at DigiKey,https://www.digikey.com//mm.digikey.com/Volume0/opasdata/d220001/medias/docus/416/Volture.pdf,https://www.digikey.com/en/products/detail/mide-technology-corporation/V20W/2402861,"Piezoelectric Vibration Energy Harvesting, Hermetically Sealed",-40°C ~ 90°C,Analog,,75Hz ~ 175Hz,,Acceleration,Volture™,PC Pins
V21B,Mide Technology Corporation,PIEZOELECTRIC ENERGY HARVESTER,magnetic-sensors-hall-effect-digital-switch-linear,0,0.0,Cantilever Piezo Film (Wafer),Through Hole,Discontinued at DigiKey,https://www.digikey.com//mm.digikey.com/Volume0/opasdata/d220001/medias/docus/416/Volture.pdf,https://www.digikey.com/en/products/detail/mide-technology-corporation/V21B/2402859,"Piezoelectric Vibration Energy Harvesting, Hermetically Sealed",-40°C ~ 90°C,Analog,,80Hz ~ 205Hz,,Acceleration,Volture™,PC Pins
V21BL,Mide Technology Corporation,PIEZOELECTRIC ENERGY HARVESTER,magnetic-sensors-hall-effect-digital-switch-linear,0,0.0,Cantilever Piezo Film (Wafer),Through Hole,Discontinued at DigiKey,https://www.digikey.com//mm.digikey.com/Volume0/opasdata/d220001/medias/docus/416/Volture.pdf,https://www.digikey.com/en/products/detail/mide-technology-corporation/V21BL/2402860,"Piezoelectric Vibration Energy Harvesting, Hermetically Sealed",-40°C ~ 90°C,Analog,,45Hz ~ 155Hz,,Acceleration,Volture™,PC Pins
V22B,Mide Technology Corporation,PIEZOELECTRIC ENERGY HARVESTER,magnetic-sensors-hall-effect-digital-switch-linear,0,0.0,Cantilever Piezo Film (Wafer),Through Hole,Discontinued at DigiKey,https://www.digikey.com//mm.digikey.com/Volume0/opasdata/d220001/medias/docus/416/Volture.pdf,https://www.digikey.com/en/products/detail/mide-technology-corporation/V22B/2402857,"Piezoelectric Vibration Energy Harvesting, Hermetically Sealed",-40°C ~ 90°C,Analog,,120Hz ~ 360Hz,,Acceleration,Volture™,PC Pins
V22BL,Mide Technology Corporation,PIEZOELECTRIC ENERGY HARVESTER,magnetic-sensors-hall-effect-digital-switch-linear,0,0.0,Cantilever Piezo Film (Wafer),Through Hole,Discontinued at DigiKey,https://www.digikey.com//mm.digikey.com/Volume0/opasdata/d220001/medias/docus/416/Volture.pdf,https://www.digikey.com/en/products/detail/mide-technology-corporation/V22BL/2402858,"Piezoelectric Vibration Energy Harvesting, Hermetically Sealed",-40°C ~ 90°C,Analog,,26Hz ~ 110Hz,,Acceleration,Volture™,PC Pins
V25W,Mide Technology Corporation,PIEZOELECTRIC ENERGY HARVESTER,magnetic-sensors-hall-effect-digital-switch-linear,0,0.0,Cantilever Piezo Film (Wafer),Through Hole,Discontinued at DigiKey,https://www.digikey.com//mm.digikey.com/Volume0/opasdata/d220001/medias/docus/416/Volture.pdf,https://www.digikey.com/en/products/detail/mide-technology-corporation/V25W/2402862,"Piezoelectric Vibration Energy Harvesting, Hermetically Sealed",-40°C ~ 90°C,Analog,,60Hz ~ 140Hz,,Acceleration,Volture™,PC Pins
V2S200D,Syntiant,V2S200D,magnetic-sensors-hall-effect-digital-switch-linear,9274,4.09,6-TLGA,Surface Mount,Active,https://static1.squarespace.com/static/6488b0b8150a045d2d112999/t/697230321a986a77fb11c224/1769091122500/Syntiant+V2S200D+Datasheet+Rev+C.pdf,https://www.digikey.com/en/products/detail/syntiant/V2S200D/18670159,,-40°C ~ 85°C,Voltage,1.65V ~ 3.3V / 700µA,,,,,
VDS130,Amphenol Wilcoxon Sensing Technologies,VIBRATION DATA SOURCE CONVERTS 4,magnetic-sensors-hall-effect-digital-switch-linear,2,2.0,Module,Chassis Mount,Active,https://wilcoxon.com/wp-content/uploads/2026/01/VDS130-spec-99494A1.pdf,https://www.digikey.com/en/products/detail/amphenol-wilcoxon-sensing-technologies/VDS130/29273096,,-10°C ~ 80°C,Digital,,0.5Hz ~ 5kHz,1000mV/g,Vibration,,Connector
VIM32PL-E1AC8-0RE-IO-1V1401,"Pepperl+Fuchs, Inc.",VIBRATION SENSOR,magnetic-sensors-hall-effect-digital-switch-linear,1,372.38,"Cylinder, Threaded",Panel Mount,Active,https://files.pepperl-fuchs.com/webcat/navi/productInfo/pds/70140695-100001_eng.pdf,https://www.digikey.com/en/products/detail/pepperl-fuchs-inc/VIM32PL-E1AC8-0RE-IO-1V1401/22975001,,-40°C ~ 85°C,Analog,18V ~ 30V / 700mA,10Hz ~ 1kHz,,Vibration,,Connector
VIM32PL-E1V16-0RE-I420V14,"Pepperl+Fuchs, Inc.",VIBRATION SENSOR,magnetic-sensors-hall-effect-digital-switch-linear,0,291.15,"Cylinder, Threaded",Panel Mount,Active,https://files.pepperl-fuchs.com/webcat/navi/productInfo/pds/70146714-100001_eng.pdf?v=20240609030427,https://www.digikey.com/en/products/detail/pepperl-fuchs-inc/VIM32PL-E1V16-0RE-I420V14/22973693,,-40°C ~ 85°C,Analog,18V ~ 30V / 120mA,10Hz ~ 1kHz,,Vibration,,Connector
VIM32PL-E1V16-0RE-I421V14,"Pepperl+Fuchs, Inc.",VIBRATION SENSOR,magnetic-sensors-hall-effect-digital-switch-linear,0,291.15,"Cylinder, Threaded",Panel Mount,Active,https://files.pepperl-fuchs.com/webcat/navi/productInfo/pds/70146714-100000_eng.pdf?v=20240611030814,https://www.digikey.com/en/products/detail/pepperl-fuchs-inc/VIM32PL-E1V16-0RE-I421V14/22975880,,-40°C ~ 85°C,Analog,18V ~ 30V / 220mA,10Hz ~ 1kHz,,Vibration,,Connector
VIM32PL-E1V64-0RE-I421V14,"Pepperl+Fuchs, Inc.",VIBRATION SENSOR,magnetic-sensors-hall-effect-digital-switch-linear,1,280.04,"Cylinder, Threaded",Panel Mount,Active,https://files.pepperl-fuchs.com/webcat/navi/productInfo/pds/70146714-100003_eng.pdf?v=20240530142853,https://www.digikey.com/en/products/detail/pepperl-fuchs-inc/VIM32PL-E1V64-0RE-I421V14/25573209,,-40°C ~ 85°C,"Analog, Digital",18V ~ 30V / 25mA,10Hz ~ 1kHz,,Vibration,Performance Line,Connector
VIM62PL-E0G10-0ME-I420K24,"Pepperl+Fuchs, Inc.",VIBRATION SENSOR,magnetic-sensors-hall-effect-digital-switch-linear,0,735.32,"Cylinder, Threaded",Panel Mount,Active,https://files.pepperl-fuchs.com/webcat/navi/productInfo/pds/70141166-100004_eng.pdf,https://www.digikey.com/en/products/detail/pepperl-fuchs-inc/VIM62PL-E0G10-0ME-I420K24/22972597,,-40°C ~ 60°C,Analog,10V ~ 30V / 25mA,1Hz ~ 1kHz,,Vibration,,Cable
VIM62PL-E0G10-0ME-I420V14,"Pepperl+Fuchs, Inc.",VIBRATION SENSOR,magnetic-sensors-hall-effect-digital-switch-linear,0,625.87,"Cylinder, Threaded",Panel Mount,Active,https://files.pepperl-fuchs.com/webcat/navi/productInfo/pds/70141166-100003_eng.pdf?v=20240609030427,https://www.digikey.com/en/products/detail/pepperl-fuchs-inc/VIM62PL-E0G10-0ME-I420V14/22974429,,-40°C ~ 60°C,Analog,10V ~ 30V / 25mA,1Hz ~ 1kHz,,Vibration,,Connector
VIM62PL-E0T16-0ME-I420V14,"Pepperl+Fuchs, Inc.",VIBRATION SENSOR,magnetic-sensors-hall-effect-digital-switch-linear,0,767.2,"Cylinder, Threaded",Panel Mount,Active,https://files.pepperl-fuchs.com/webcat/navi/productInfo/pds/70141166-100002_eng.pdf?v=20240611152140,https://www.digikey.com/en/products/detail/pepperl-fuchs-inc/VIM62PL-E0T16-0ME-I420V14/22973393,,-40°C ~ 60°C,Analog,,1Hz ~ 1kHz,,Vibration,,Connector
VIM62PL-E1T16-0ME-I420V14,"Pepperl+Fuchs, Inc.",VIBRATION SENSOR,magnetic-sensors-hall-effect-digital-switch-linear,0,708.75,"Cylinder, Threaded",Panel Mount,Active,https://files.pepperl-fuchs.com/webcat/navi/productInfo/pds/70141166-100001_eng.pdf?v=20240611152140,https://www.digikey.com/en/products/detail/pepperl-fuchs-inc/VIM62PL-E1T16-0ME-I420V14/22973412,,-40°C ~ 60°C,Analog,10V ~ 30V / 50mA,10Hz ~ 1kHz,,Vibration,,Connector
VIM62PL-E1V16-0ME-I420V14,"Pepperl+Fuchs, Inc.",VIBRATION SENSOR,magnetic-sensors-hall-effect-digital-switch-linear,0,567.43,"Cylinder, Threaded",Panel Mount,Active,https://files.pepperl-fuchs.com/webcat/navi/productInfo/pds/70141166-100000_eng.pdf?v=20240609030427,https://www.digikey.com/en/products/detail/pepperl-fuchs-inc/VIM62PL-E1V16-0ME-I420V14/22976628,,-40°C ~ 60°C,Analog,10V ~ 30V / 25mA,10Hz ~ 1kHz,,Vibration,,Connector
VIM62PP-E1T16-0NE-I420K24,"Pepperl+Fuchs, Inc.",VIBRATION SENSOR,magnetic-sensors-hall-effect-digital-switch-linear,0,947.84,"Cylinder, Threaded",Panel Mount,Active,https://files.pepperl-fuchs.com/webcat/navi/productInfo/pds/70141166-100006_eng.pdf?v=20240611152140,https://www.digikey.com/en/products/detail/pepperl-fuchs-inc/VIM62PP-E1T16-0NE-I420K24/22973266,,-40°C ~ 60°C,Analog,10V ~ 30V / 50mA,10Hz ~ 1kHz,,Vibration,,Cable
VIM62PP-E1V16-0HE-I420V14,"Pepperl+Fuchs, Inc.",VIBRATION SENSOR,magnetic-sensors-hall-effect-digital-switch-linear,0,567.43,"Cylinder, Threaded",Panel Mount,Active,https://files.pepperl-fuchs.com/webcat/navi/productInfo/pds/70141166-100008_eng.pdf?v=20240611152140,https://www.digikey.com/en/products/detail/pepperl-fuchs-inc/VIM62PP-E1V16-0HE-I420V14/22973261,,-40°C ~ 60°C,Analog,10V ~ 30V / 25mA,10Hz ~ 1kHz,,Vibration,,Connector
VIM62PP-E1V16-0NE-I420KA4,"Pepperl+Fuchs, Inc.",VIBRATION SENSOR,magnetic-sensors-hall-effect-digital-switch-linear,0,859.64,"Cylinder, Threaded",Panel Mount,Active,https://files.pepperl-fuchs.com/webcat/navi/productInfo/pds/70141166-100009_eng.pdf?v=20240609030427,https://www.digikey.com/en/products/detail/pepperl-fuchs-inc/VIM62PP-E1V16-0NE-I420KA4/22974181,,-40°C ~ 60°C,Analog,10V ~ 30V / 25mA,10Hz ~ 1kHz,,Vibration,,Cable
VIM62PP-E1V16-0PE-I420V15,"Pepperl+Fuchs, Inc.",VIBRATION SENSOR,magnetic-sensors-hall-effect-digital-switch-linear,0,829.89,"Cylinder, Threaded",Panel Mount,Active,https://files.pepperl-fuchs.com/webcat/navi/productInfo/pds/70141166-100007_eng.pdf?v=20240609030427,https://www.digikey.com/en/products/detail/pepperl-fuchs-inc/VIM62PP-E1V16-0PE-I420V15/22974321,,-40°C ~ 60°C,Analog,10V ~ 30V / 25mA,10Hz ~ 1kHz,,Vibration,,Connector
VIM62PP-E1V32-0NE-I420K54,"Pepperl+Fuchs, Inc.",VIBRATION SENSOR,magnetic-sensors-hall-effect-digital-switch-linear,1,743.27,"Cylinder, Threaded",Panel Mount,Active,https://files.pepperl-fuchs.com/webcat/navi/productInfo/pds/70141166-100010_eng.pdf?v=20240530142853,https://www.digikey.com/en/products/detail/pepperl-fuchs-inc/VIM62PP-E1V32-0NE-I420K54/25573205,Explosion Proof,-40°C ~ 60°C,Analog,10V ~ 30V / 25mA,10Hz ~ 1kHz,,Vibration,Performance Plus Line,Cable
VIM82PL-S1V16-22E-I422V19,"Pepperl+Fuchs, Inc.",VIBRATION SENSOR,magnetic-sensors-hall-effect-digital-switch-linear,0,1.0,Module,Chassis Mount,Active,https://files.pepperl-fuchs.com/webcat/navi/productInfo/pds/70141684-100007_eng.pdf?v=20240609030427,https://www.digikey.com/en/products/detail/pepperl-fuchs-inc/VIM82PL-S1V16-22E-I422V19/22973444,,-40°C ~ 60°C,Analog,24V / 100mA,10Hz ~ 1kHz,,Vibration,,Connector
VIM82PL-S1V16-2CE-I422C28,"Pepperl+Fuchs, Inc.",VIBRATION SENSOR,magnetic-sensors-hall-effect-digital-switch-linear,0,1.0,Module,Chassis Mount,Active,https://files.pepperl-fuchs.com/webcat/navi/productInfo/pds/70141684-100009_eng.pdf?v=20240609030427,https://www.digikey.com/en/products/detail/pepperl-fuchs-inc/VIM82PL-S1V16-2CE-I422C28/22975963,,-35°C ~ 60°C,Analog,24V / 100mA,10Hz ~ 1kHz,,Vibration,,Cable
VIM82PP-S1V16-21E-I422C28,"Pepperl+Fuchs, Inc.",VIBRATION SENSOR,magnetic-sensors-hall-effect-digital-switch-linear,0,1.0,Module,Chassis Mount,Active,https://files.pepperl-fuchs.com/webcat/navi/productInfo/pds/70141684-100006_eng.pdf?v=20240611152140,https://www.digikey.com/en/products/detail/pepperl-fuchs-inc/VIM82PP-S1V16-21E-I422C28/22976666,,-40°C ~ 60°C,Analog,24V / 100mA,10Hz ~ 1kHz,,Vibration,,Cable
VIM82PP-S1V16-2BE-I422C28,"Pepperl+Fuchs, Inc.",VIBRATION SENSOR,magnetic-sensors-hall-effect-digital-switch-linear,0,1.0,Module,Chassis Mount,Active,https://files.pepperl-fuchs.com/webcat/navi/productInfo/pds/70141684-100008_eng.pdf?v=20240611030814,https://www.digikey.com/en/products/detail/pepperl-fuchs-inc/VIM82PP-S1V16-2BE-I422C28/22976933,,-20°C ~ 60°C,Analog,24V / 100mA,10Hz ~ 1kHz,,Vibration,,Cable
VIM82PU-S0V16-20E-I422V19,"Pepperl+Fuchs, Inc.",VIBRATION SENSOR,magnetic-sensors-hall-effect-digital-switch-linear,0,968.03,Module,Chassis Mount,Active,https://files.pepperl-fuchs.com/webcat/navi/productInfo/pds/70141684-100010_eng.pdf?v=20240611152140,https://www.digikey.com/en/products/detail/pepperl-fuchs-inc/VIM82PU-S0V16-20E-I422V19/22973891,,-40°C ~ 60°C,Analog,24V / 100mA,1Hz ~ 1kHz,,Vibration,,Connector
VIM82PU-S0V32-20E-I422V19,"Pepperl+Fuchs, Inc.",VIBRATION SENSOR,magnetic-sensors-hall-effect-digital-switch-linear,0,968.03,Module,Chassis Mount,Active,https://files.pepperl-fuchs.com/webcat/navi/productInfo/pds/70141684-100012_eng.pdf,https://www.digikey.com/en/products/detail/pepperl-fuchs-inc/VIM82PU-S0V32-20E-I422V19/22974148,,-40°C ~ 60°C,Analog,24V / 100mA,1Hz ~ 1kHz,,Vibration,,Connector
VIM82PU-S0V64-20E-I422V19,"Pepperl+Fuchs, Inc.",VIBRATION SENSOR,magnetic-sensors-hall-effect-digital-switch-linear,0,968.03,Module,Chassis Mount,Active,https://files.pepperl-fuchs.com/webcat/navi/productInfo/pds/70141684-100013_eng.pdf?v=20240611030814,https://www.digikey.com/en/products/detail/pepperl-fuchs-inc/VIM82PU-S0V64-20E-I422V19/22975359,,-40°C ~ 60°C,Analog,24V / 100mA,1Hz ~ 1kHz,,Vibration,,Connector
VIM82PU-S1B10-20E-I42WV19,"Pepperl+Fuchs, Inc.",VIBRATION SENSOR,magnetic-sensors-hall-effect-digital-switch-linear,0,1.0,Module,Chassis Mount,Active,https://files.pepperl-fuchs.com/webcat/navi/productInfo/pds/70141684-100005_eng.pdf?v=20240611152140,https://www.digikey.com/en/products/detail/pepperl-fuchs-inc/VIM82PU-S1B10-20E-I42WV19/22976150,,-40°C ~ 60°C,Analog,24V / 100mA,10Hz ~ 1kHz,,Vibration,,Connector
VIM82PU-S1G10-20E-I42WV19,"Pepperl+Fuchs, Inc.",VIBRATION SENSOR,magnetic-sensors-hall-effect-digital-switch-linear,0,878.77,Module,Chassis Mount,Active,https://files.pepperl-fuchs.com/webcat/navi/productInfo/pds/70141684-100004_eng.pdf?v=20240611152140,https://www.digikey.com/en/products/detail/pepperl-fuchs-inc/VIM82PU-S1G10-20E-I42WV19/22976936,,-40°C ~ 60°C,Analog,24V / 100mA,10Hz ~ 1kHz,,Vibration,,Connector
VIM82PU-S1V16-20E-I422V19,"Pepperl+Fuchs, Inc.",VIBRATION SENSOR,magnetic-sensors-hall-effect-digital-switch-linear,0,878.77,Module,Chassis Mount,Active,https://files.pepperl-fuchs.com/webcat/navi/productInfo/pds/70141684-100003_eng.pdf?v=20240611152140,https://www.digikey.com/en/products/detail/pepperl-fuchs-inc/VIM82PU-S1V16-20E-I422V19/22976284,,-40°C ~ 60°C,Analog,24V / 100mA,10Hz ~ 1kHz,,Vibration,,Connector
VIM82PU-S1V16-2AE-I422C28,"Pepperl+Fuchs, Inc.",VIBRATION SENSOR,magnetic-sensors-hall-effect-digital-switch-linear,0,1.0,Module,Chassis Mount,Active,https://files.pepperl-fuchs.com/webcat/navi/productInfo/pds/70141684-100001_eng.pdf?v=20240609030427,https://www.digikey.com/en/products/detail/pepperl-fuchs-inc/VIM82PU-S1V16-2AE-I422C28/22976363,,-35°C ~ 60°C,Analog,24V / 100mA,10Hz ~ 1kHz,,Vibration,,Cable
VIM82PU-S1V16-2AE-I422K28,"Pepperl+Fuchs, Inc.",VIBRATION SENSOR,magnetic-sensors-hall-effect-digital-switch-linear,0,1.0,Module,Chassis Mount,Active,https://files.pepperl-fuchs.com/webcat/navi/productInfo/pds/70141684-100002_eng.pdf?v=20240611152140,https://www.digikey.com/en/products/detail/pepperl-fuchs-inc/VIM82PU-S1V16-2AE-I422K28/22975331,,-35°C ~ 60°C,Analog,24V / 100mA,10Hz ~ 1kHz,,Vibration,,Cable
VIM82PU-S1V16-2AE-I422M28,"Pepperl+Fuchs, Inc.",VIBRATION SENSOR,magnetic-sensors-hall-effect-digital-switch-linear,0,1.0,Module,Chassis Mount,Active,https://files.pepperl-fuchs.com/webcat/navi/productInfo/pds/70141684-100000_eng.pdf?v=20240611152140,https://www.digikey.com/en/products/detail/pepperl-fuchs-inc/VIM82PU-S1V16-2AE-I422M28/22972212,,-35°C ~ 60°C,Analog,24V / 100mA,10Hz ~ 1kHz,,Vibration,,Cable
VIM82PU-S1V32-20E-I422V19,"Pepperl+Fuchs, Inc.",VIBRATION SENSOR,magnetic-sensors-hall-effect-digital-switch-linear,0,878.77,Module,Chassis Mount,Active,https://files.pepperl-fuchs.com/webcat/navi/productInfo/pds/70141684-100011_eng.pdf?v=20240609030427,https://www.digikey.com/en/products/detail/pepperl-fuchs-inc/VIM82PU-S1V32-20E-I422V19/22973136,,-40°C ~ 60°C,Analog,24V / 100mA,10Hz ~ 1kHz,,Vibration,,Connector
VKV021,"ifm efector, inc.",VIBRATION MONITOR; NORMALLY CLOS,magnetic-sensors-hall-effect-digital-switch-linear,8,307.0,"Cylinder, Threaded - M8",Panel Mount,Active,,https://www.digikey.com/en/products/detail/ifm-efector-inc/VKV021/12145336,,-25°C ~ 80°C,Digital,,10Hz ~ 1kHz,,Vibration,,Connector
VKV022,"ifm efector, inc.",VIBRATION SENSOR; NORMALLY CLOSE,magnetic-sensors-hall-effect-digital-switch-linear,0,344.22,"Cylinder, Threaded - M8",Panel Mount,Active,,https://www.digikey.com/en/products/detail/ifm-efector-inc/VKV022/12145238,,-25°C ~ 80°C,Digital,,10Hz ~ 1kHz,,Vibration,,Connector
VNB001,"ifm efector, inc.",VIBRATION SENSOR; ANALOGUE; TOTA,magnetic-sensors-hall-effect-digital-switch-linear,0,704.12,Module,Chassis Mount,Active,,https://www.digikey.com/en/products/detail/ifm-efector-inc/VNB001/12145654,,-30°C ~ 60°C,Analog,,2Hz ~ 1kHz,,Vibration,,Connector
VNB211,"ifm efector, inc.",VIBRATION SENSOR; ANALOGUE; TOTA,magnetic-sensors-hall-effect-digital-switch-linear,0,0.0,Module,Chassis Mount,Obsolete,,https://www.digikey.com/en/products/detail/ifm-efector-inc/VNB211/12145449,,-30°C ~ 60°C,Analog,,6kHz,,Vibration,,Connector
VS-BV203-B,KEMET,SENSOR VIB ACCELERATION LOW PROF,magnetic-sensors-hall-effect-digital-switch-linear,22,176.55,Module,User Defined,Active,https://yageogroup.com/content/datasheet/asset/file/KEM_SE0209_VS,https://www.digikey.com/en/products/detail/kemet/VS-BV203-B/10707249,Built-In Amplifier,-25°C ~ 75°C,Voltage,3.0 V ~ 5.5 V / 350µA,10Hz ~ 15kHz,20mV/m/s,"Vibration, Acceleration",VS,Cable with Connector
VS-JV02A,KEMET,SENSOR VIBRATION ACCELEROMETER,magnetic-sensors-hall-effect-digital-switch-linear,3,400.64,Module,Connector,Active,https://yageogroup.com/content/datasheet/asset/file/KEM_SE0209_VS,https://www.digikey.com/en/products/detail/kemet/VS-JV02A/25618758,Built-In Amplifier,-25°C ~ 85°C,Voltage,3.2V ~ 5.5V / 500µA,10Hz ~ 15kHz,2mV/m/s,"Vibration, Acceleration",VS,Threaded
VS-JV02A-K01,KEMET,SENSOR VIBR ACCEL W/CBL MAG STUD,magnetic-sensors-hall-effect-digital-switch-linear,3,898.38,Module,Connector,Active,https://yageogroup.com/content/datasheet/asset/file/KEM_SE0209_VS,https://www.digikey.com/en/products/detail/kemet/VS-JV02A-K01/25618757,Built-In Amplifier,-25°C ~ 85°C,Voltage,3.2V ~ 5.5V / 500µA,10Hz ~ 15kHz,2mV/m/s,"Vibration, Acceleration",VS,Threaded
VS-JV02A-K02,KEMET,SENSOR VIBR ACCEL W/CBL,magnetic-sensors-hall-effect-digital-switch-linear,2,573.5,Module,Connector,Active,https://yageogroup.com/content/datasheet/asset/file/KEM_SE0209_VS,https://www.digikey.com/en/products/detail/kemet/VS-JV02A-K02/25618759,Built-In Amplifier,-25°C ~ 85°C,Voltage,3.2V ~ 5.5V / 500µA,10Hz ~ 15kHz,2mV/m/s,"Vibration, Acceleration",VS,Threaded
VS-JV02A-K03,KEMET,SENSOR VIBR ACCEL W/CBL MAG,magnetic-sensors-hall-effect-digital-switch-linear,5,810.89,Module,Connector,Active,https://yageogroup.com/content/datasheet/asset/file/KEM_SE0209_VS,https://www.digikey.com/en/products/detail/kemet/VS-JV02A-K03/25618756,Built-In Amplifier,-25°C ~ 85°C,Voltage,3.2V ~ 5.5V / 500µA,10Hz ~ 15kHz,2mV/m/s,"Vibration, Acceleration",VS,Threaded
VS-JV02A-K04,KEMET,SENSOR VIBR ACCEL W/CBL MAG STUD,magnetic-sensors-hall-effect-digital-switch-linear,4,665.81,Module,Connector,Active,https://yageogroup.com/content/datasheet/asset/file/KEM_SE0209_VS,https://www.digikey.com/en/products/detail/kemet/VS-JV02A-K04/25618755,Built-In Amplifier,-25°C ~ 85°C,Voltage,3.2V ~ 5.5V / 500µA,10Hz ~ 15kHz,2mV/m/s,"Vibration, Acceleration",VS,Threaded
VS-JV10A,KEMET,SENSOR VIBRATION ACCELEROMETER,magnetic-sensors-hall-effect-digital-switch-linear,2,400.64,Module,Connector,Active,https://yageogroup.com/content/datasheet/asset/file/KEM_SE0209_VS,https://www.digikey.com/en/products/detail/kemet/VS-JV10A/10707248,Built-In Amplifier,-25°C ~ 85°C,Voltage,3.2V ~ 5.5V / 500µA,10Hz ~ 15kHz,10mV/m/s,"Vibration, Acceleration",VS,Threaded
VS-JV10A-K01,KEMET,SENSOR VIBR ACCEL W/CBL MAG STUD,magnetic-sensors-hall-effect-digital-switch-linear,5,898.38,Module,Connector,Active,https://yageogroup.com/content/datasheet/asset/file/KEM_SE0209_VS,https://www.digikey.com/en/products/detail/kemet/VS-JV10A-K01/10707244,Built-In Amplifier,-25°C ~ 85°C,Voltage,3.2V ~ 5.5V / 500µA,10Hz ~ 15kHz,10mV/m/s,"Vibration, Acceleration",VS,Threaded
VS-JV10A-K02,KEMET,SENSOR VIBR ACCEL W/CBL,magnetic-sensors-hall-effect-digital-switch-linear,5,573.5,Module,Connector,Active,https://yageogroup.com/content/datasheet/asset/file/KEM_SE0209_VS,https://www.digikey.com/en/products/detail/kemet/VS-JV10A-K02/10707245,Built-In Amplifier,-25°C ~ 85°C,Voltage,3.2V ~ 5.5V / 500µA,10Hz ~ 15kHz,10mV/m/s,"Vibration, Acceleration",VS,Threaded
VS-JV10A-K03,KEMET,SENSOR VIBR ACCEL W/CBL MAG,magnetic-sensors-hall-effect-digital-switch-linear,3,810.89,Module,Connector,Active,https://yageogroup.com/content/datasheet/asset/file/KEM_SE0209_VS,https://www.digikey.com/en/products/detail/kemet/VS-JV10A-K03/10707242,Built-In Amplifier,-25°C ~ 85°C,Voltage,3.2V ~ 5.5V / 500µA,10Hz ~ 15kHz,10mV/m/s,"Vibration, Acceleration",VS,Threaded
VS-JV10A-K04,KEMET,SENSOR VIBR ACCEL W/CBL MAG STUD,magnetic-sensors-hall-effect-digital-switch-linear,0,665.81,Module,Connector,Active,https://yageogroup.com/content/datasheet/asset/file/KEM_SE0209_VS,https://www.digikey.com/en/products/detail/kemet/VS-JV10A-K04/10707246,Built-In Amplifier,-25°C ~ 85°C,Voltage,3.2V ~ 5.5V / 500µA,10Hz ~ 15kHz,10mV/m/s,"Vibration, Acceleration",VS,Threaded
VSA001,"ifm efector, inc.",VIBRATION ACCELERATION 1 AXIS,magnetic-sensors-hall-effect-digital-switch-linear,12,237.28,"Cylinder, Threaded",Panel Mount,Active,,https://www.digikey.com/en/products/detail/ifm-efector-inc/VSA001/17866757,,-30°C ~ 125°C,Analog,7.2V ~ 10.8V / 15mA,1Hz ~ 6kHz,,Acceleration,,Connector
VSA004,"ifm efector, inc.","SENSOR, VIBRATION, DETECTION UP",magnetic-sensors-hall-effect-digital-switch-linear,2,329.0,Module,Chassis Mount,Active,,https://www.digikey.com/en/products/detail/ifm-efector-inc/VSA004/17866785,,-20°C ~ 80°C,Analog,7.2V ~ 10.8V / 15mA,1Hz ~ 10kHz,,Acceleration,,Cable/Wire Leads
VSA005,"ifm efector, inc.","VIBRATION ACCELEROMETER, 1 AXIS,",magnetic-sensors-hall-effect-digital-switch-linear,0,395.46,Module,Chassis Mount,Active,,https://www.digikey.com/en/products/detail/ifm-efector-inc/VSA005/17866925,,-20°C ~ 80°C,Analog,7.2V ~ 10.8V / 15mA,1Hz ~ 10kHz,,Acceleration,,Cable/Wire Leads
VSA008,"ifm efector, inc.","VIBRATION ACCELEROMETER, 1 AXIS,",magnetic-sensors-hall-effect-digital-switch-linear,3,330.0,Module,Chassis Mount,Active,,https://www.digikey.com/en/products/detail/ifm-efector-inc/VSA008/17866746,,-30°C ~ 80°C,Analog,7.2V ~ 10.8V / 15mA,1Hz ~ 10kHz,,Acceleration,,Cable with Connector
VSE002,"ifm efector, inc.","SENSOR, VIBRATION, DIAGNOSTIC MO",magnetic-sensors-hall-effect-digital-switch-linear,3,862.0,Module,DIN Rail,Active,,https://www.digikey.com/en/products/detail/ifm-efector-inc/VSE002/17866959,,0°C ~ 70°C,"Analog, Digital",24V / 200mA,0.1Hz ~ 12kHz,,Vibration,,Screw Terminal
VSM101,"ifm efector, inc.","VIBRATION SENSOR,ACCELEROMETER,3",magnetic-sensors-hall-effect-digital-switch-linear,0,743.47,Module,Chassis Mount,Active,,https://www.digikey.com/en/products/detail/ifm-efector-inc/VSM101/17866654,,-30°C ~ 85°C,,"13V, 4mA / 15V, 6A",0Hz ~ 4.5kHz,100mV/g,Acceleration,,Cable/Wire Leads
VSP001,"ifm efector, inc.","VIBRATION ACCELEROMETER, 1 AXIS,",magnetic-sensors-hall-effect-digital-switch-linear,0,0.0,"Cylinder, Threaded",Panel Mount,Obsolete,,https://www.digikey.com/en/products/detail/ifm-efector-inc/VSP001/17866995,,-55°C ~ 125°C,,"10V, 500µA / 12V, 8mA",2Hz ~ 10kHz,100mV/g,Acceleration,,
VTV121,"ifm efector, inc.","VIBRATION TRANSMITTER, 2-WIRE, 4",magnetic-sensors-hall-effect-digital-switch-linear,1,336.0,"Cylinder, Threaded",Panel Mount,Active,,https://www.digikey.com/en/products/detail/ifm-efector-inc/VTV121/17866799,,-30°C ~ 125°C,Analog,9.6V ~ 32V,10Hz ~ 1kHz,,Vibration,,Connector
VTV122,"ifm efector, inc.",VIBRATION TRANSMITTER; ANALOGUE;,magnetic-sensors-hall-effect-digital-switch-linear,10,336.0,"Cylinder, Threaded",Panel Mount,Active,,https://www.digikey.com/en/products/detail/ifm-efector-inc/VTV122/12145304,,-30°C ~ 125°C,Analog,,10Hz ~ 1kHz,,Vibration,,Connector
VTV12A,"ifm efector, inc.","VIBRATION TRANSMITTER, 2-WIRE, 4",magnetic-sensors-hall-effect-digital-switch-linear,0,508.45,"Cylinder, Threaded",Panel Mount,Active,,https://www.digikey.com/en/products/detail/ifm-efector-inc/VTV12A/17867049,,-20°C ~ 60°C,Analog,9.6V ~ 32V,10Hz ~ 1kHz,,Vibration,,Connector
VVB001,"ifm efector, inc.","VIBRATION&TEMPERATURE SENSOR, NO",magnetic-sensors-hall-effect-digital-switch-linear,0,495.0,"Cylinder, Threaded",Panel Mount,Active,,https://www.digikey.com/en/products/detail/ifm-efector-inc/VVB001/17867043,,-30°C ~ 80°C,Digital,18V ~ 30V / 50mA,2Hz ~ 10kHz,,Vibration,,Connector
VVB010,"ifm efector, inc.","VIBRATION&TEMPERATURE SENSOR,PRE",magnetic-sensors-hall-effect-digital-switch-linear,3,495.0,"Cylinder, Threaded",Panel Mount,Active,,https://www.digikey.com/en/products/detail/ifm-efector-inc/VVB010/17867143,,-30°C ~ 80°C,Digital,18V ~ 30V / 50mA,2Hz ~ 10kHz,,Vibration,,Connector
VVB020,"ifm efector, inc.","VIBRATION&TEMPERATURE SENSOR,PRE",magnetic-sensors-hall-effect-digital-switch-linear,1,495.0,"Cylinder, Threaded",Panel Mount,Active,,https://www.digikey.com/en/products/detail/ifm-efector-inc/VVB020/17866872,,-30°C ~ 80°C,Digital,18V ~ 30V / 50mA,2Hz ~ 10kHz,,Vibration,,Connector
VVB021,"ifm efector, inc.","VIBRATION&TEMPERATURE SENSOR,PRE",magnetic-sensors-hall-effect-digital-switch-linear,0,495.0,"Cylinder, Threaded",Panel Mount,Active,,https://www.digikey.com/en/products/detail/ifm-efector-inc/VVB021/17867033,,-30°C ~ 80°C,Digital,18V ~ 30V / 50mA,2Hz ~ 10kHz,,Vibration,,Connector
VVB301,"ifm efector, inc.",VIBRATION SENSOR 3-AXIS 25600HZ,magnetic-sensors-hall-effect-digital-switch-linear,0,416.96,Module,Chassis Mount,Active,,https://www.digikey.com/en/products/detail/ifm-efector-inc/VVB301/28877965,High Frequency,-30°C ~ 80°C,Digital,18V ~ 30V / 50mA,2Hz ~ 5.6kHz,,"Vibration, Acceleration",,Connector
VVB302,"ifm efector, inc.",VIBRATION SENSOR 3-AXIS 25600HZ,magnetic-sensors-hall-effect-digital-switch-linear,0,456.62,Module,Chassis Mount,Active,,https://www.digikey.com/en/products/detail/ifm-efector-inc/VVB302/28881750,High Frequency,-30°C ~ 80°C,Digital,18V ~ 30V / 50mA,2Hz ~ 5.6kHz,,Vibration,,Connector
VVB306,"ifm efector, inc.",VIBRATION SENSOR 3-AXIS 016G/030,magnetic-sensors-hall-effect-digital-switch-linear,0,456.62,Module,Chassis Mount,Active,,https://www.digikey.com/en/products/detail/ifm-efector-inc/VVB306/28877683,High Frequency,-30°C ~ 80°C,Digital,18V ~ 30V / 50mA,2Hz ~ 5.6kHz,,Vibration,,Connector
WISE-2410-NB,Advantech Corporation,LORAWAN SMART VIBRATION SENSOR,magnetic-sensors-hall-effect-digital-switch-linear,19,340.0,Module,Screw Mount,Active,https://advdownload.advantech.com/productfile/PIS/WISE-2410/file/WISE-2410_DS(102324)20241023133301.pdf,https://www.digikey.com/en/products/detail/advantech-corporation/WISE-2410-NB/14741259,IP66,-20°C ~ 80°C,LoRaWAN,,,-148dB,Vibration,,Threaded
WISE-2410X-A02EA,Advantech Corporation,SENSOR VIB LORAWAN EXPL PROOF,magnetic-sensors-hall-effect-digital-switch-linear,0,615.26,Module,Screw Mount,Active,https://advdownload.advantech.com/productfile/PIS/WISE-2410X/file/WISE-2410X_DS(063025)20250630094550.pdf?utm_source=eStore,https://www.digikey.com/en/products/detail/advantech-corporation/WISE-2410X-A02EA/28335998,"Explosion Proof, IP65",0°C ~ 70°C,LoRaWAN,3.6V,10Hz ~ 1kHz,31.2mg/LSB,"Accelerometer, 3 Axis, Vibration",,Threaded
WISE-2410X-C12NA,Advantech Corporation,SENSOR VIB LORAWAN EXPL PROOF,magnetic-sensors-hall-effect-digital-switch-linear,0,541.8,Module,Screw Mount,Active,https://advdownload.advantech.com/productfile/PIS/WISE-2410X/file/WISE-2410X_DS(063025)20250630094550.pdf,https://www.digikey.com/en/products/detail/advantech-corporation/WISE-2410X-C12NA/28335582,"Explosion Proof, IP65",0°C ~ 70°C,LoRaWAN,3.6V,10Hz ~ 1kHz,31.2mg/LSB,"Accelerometer, 3 Axis, Vibration",,Threaded
WISE-2410X-E21NA,Advantech Corporation,SENSOR VIB LORAWAN EXPL PROOF,magnetic-sensors-hall-effect-digital-switch-linear,10,500.6,Module,Screw Mount,Active,https://advdownload.advantech.com/productfile/PIS/WISE-2410X/file/WISE-2410X_DS(063025)20250630094550.pdf?utm_source=eStore,https://www.digikey.com/en/products/detail/advantech-corporation/WISE-2410X-E21NA/16678697,"Explosion Proof, IP65",0°C ~ 70°C,LoRaWAN,3.6V,10Hz ~ 1kHz,31.2mg/LSB,"Accelerometer, 3 Axis, Vibration",,Threaded
WISE-2460-MA,Advantech Corporation,"SMART VIBRATION SENSOR(10KHZ, WR",magnetic-sensors-hall-effect-digital-switch-linear,0,621.54,Module,Chassis Mount,Active,https://advdownload.advantech.com/productfile/PIS/WISE-2460/file/WISE-2460_DS(102324)20241023134024.pdf,https://www.digikey.com/en/products/detail/advantech-corporation/WISE-2460-MA/24577065,High Frequency,-20°C ~ 105°C,Digital,,5Hz ~ 10kHz,,Accelerometer,,Connector
X2F000021000100,EPSON,SENSOR VIBRAT 3 AXIS M-A342VD10,magnetic-sensors-hall-effect-digital-switch-linear,1,1.0,Module,Chassis Mount,Active,,https://www.digikey.com/en/products/detail/epson/X2F000021000100/28547323,,-30°C ~ 85°C,Digital,3.15V ~ 3.45V / 29mA,10Hz ~ 1kHz,,"Vibration, Acceleration",,
X2F000041000100,EPSON,SENSOR VIBRAT 3 AXIS M-A542VR10,magnetic-sensors-hall-effect-digital-switch-linear,1,1.0,Module,Chassis Mount,Active,https://www.digikey.com//mm.digikey.com/Volume0/opasdata/d220001/medias/docus/8660/7ba0350c-d33d-46b9-ba20-198e48108316.pdf,https://www.digikey.com/en/products/detail/epson/X2F000041000100/28547324,,-30°C ~ 70°C,Digital,,10Hz ~ 1kHz,,Vibration,,
