MPN,Manufacturer,Description,Subcategory,Stock,Unit Price,Package,Mounting Type,Status,Datasheet URL,Product URL,Control Features,Current - Output,Current - Quiescent (Iq),Current - Supply (Max),Grade,Number of Regulators,Operating Temperature,Output Configuration,Output Type,PSRR,Protection Features,Qualification,Series,Voltage - Input (Max),Voltage - Output (Max),Voltage - Output (Min/Fixed),Voltage Dropout (Max)
ADM7150ARDZ-3.3-R7,Analog Devices Inc.,IC REG LIN 3.3V 800MA 8-SOIC-EP,pmic-voltage-regulators-linear,278,11.37,"8-SOIC (0.154"", 3.90mm Width) Exposed Pad",Surface Mount,Active,https://www.analog.com/media/en/technical-documentation/data-sheets/ADM7150.pdf,https://www.digikey.com/en/products/detail/analog-devices-inc/ADM7150ARDZ-3-3-R7/4916432,Enable,800mA,7 mA,12 mA,,1,-40°C ~ 125°C,Positive,Fixed,94dB ~ 62dB (1kHz ~ 1MHz),"Over Temperature, Short Circuit",,,16V,,3.3V,
ADM7150ARDZ-5.0,Analog Devices Inc.,IC REG LINEAR 5V 800MA 8-SOIC-EP,pmic-voltage-regulators-linear,608,11.37,"8-SOIC (0.154"", 3.90mm Width) Exposed Pad",Surface Mount,Active,https://www.analog.com/media/en/technical-documentation/data-sheets/ADM7150.pdf,https://www.digikey.com/en/products/detail/analog-devices-inc/ADM7150ARDZ-5-0/4504757,Enable,800mA,7 mA,12 mA,,1,-40°C ~ 125°C,Positive,Fixed,95dB ~ 62dB (1kHz ~ 1MHz),"Over Temperature, Short Circuit",,,16V,,5V,1V @ 800mA
ADM7150ARDZ-5.0-R7,Analog Devices Inc.,IC REG LINEAR 5V 800MA 8-SOIC-EP,pmic-voltage-regulators-linear,1295,11.37,"8-SOIC (0.154"", 3.90mm Width) Exposed Pad",Surface Mount,Active,https://www.analog.com/media/en/technical-documentation/data-sheets/ADM7150.pdf,https://www.digikey.com/en/products/detail/analog-devices-inc/ADM7150ARDZ-5-0-R7/4916433,Enable,800mA,7 mA,12 mA,,1,-40°C ~ 125°C,Positive,Fixed,95dB ~ 62dB (1kHz ~ 1MHz),"Over Temperature, Short Circuit",,,16V,,5V,1V @ 800mA
ADM7151ACPZ-04-R7,Analog Devices Inc.,IC REG LIN POS ADJ 800MA 8LFCSP,pmic-voltage-regulators-linear,0,11.37,"8-WFDFN Exposed Pad, CSP",Surface Mount,Active,https://www.analog.com/media/en/technical-documentation/data-sheets/ADM7151.pdf,https://www.digikey.com/en/products/detail/analog-devices-inc/ADM7151ACPZ-04-R7/4866865,Enable,800mA,7 mA,12 mA,,1,-40°C ~ 125°C,Positive,Adjustable,94dB ~ 53dB (1kHz ~ 1MHz),"Over Temperature, Short Circuit",,,16V,5.1V,1.5V,1.2V @ 800mA
ADM7151ARDZ-04-R7,Analog Devices Inc.,IC REG LIN POS ADJ 800MA 8-SOIC,pmic-voltage-regulators-linear,45,11.37,"8-SOIC (0.154"", 3.90mm Width) Exposed Pad",Surface Mount,Active,https://www.analog.com/media/en/technical-documentation/data-sheets/ADM7151.pdf,https://www.digikey.com/en/products/detail/analog-devices-inc/ADM7151ARDZ-04-R7/4916435,Enable,800mA,7 mA,12 mA,,1,-40°C ~ 125°C (TJ),Positive,Adjustable,94dB ~ 53dB (1kHz ~ 1MHz),"Over Temperature, Short Circuit",,,16V,5.1V,1.5V,1.2V @ 800mA
ADM7154ACPZ-1.8-R7,Analog Devices Inc.,IC REG LIN 1.8V 600MA 8-LFCSP-WD,pmic-voltage-regulators-linear,2639,7.62,"8-WFDFN Exposed Pad, CSP",Surface Mount,Active,https://www.analog.com/media/en/technical-documentation/data-sheets/ADM7154.pdf,https://www.digikey.com/en/products/detail/analog-devices-inc/ADM7154ACPZ-1-8-R7/5057391,Enable,600mA,7 mA,10 mA,,1,-40°C ~ 125°C,Positive,Fixed,63dB (1MHz),"Over Current, Over Temperature",,,5.5V,,1.8V,
ADM7154ACPZ-2.5-R7,Analog Devices Inc.,IC REG LIN 2.5V 600MA 8-LFCSP-WD,pmic-voltage-regulators-linear,6639,7.62,"8-WFDFN Exposed Pad, CSP",Surface Mount,Active,https://www.analog.com/media/en/technical-documentation/data-sheets/ADM7154.pdf,https://www.digikey.com/en/products/detail/analog-devices-inc/ADM7154ACPZ-2-5-R7/5057392,Enable,600mA,7 mA,10 mA,,1,-40°C ~ 125°C,Positive,Fixed,,"Over Current, Over Temperature",,,5.5V,,2.5V,
ADM7154ACPZ-3.0-R7,Analog Devices Inc.,IC REG LIN 3V 600MA 8-LFCSP-WD,pmic-voltage-regulators-linear,7637,7.62,"8-WFDFN Exposed Pad, CSP",Surface Mount,Active,https://www.analog.com/media/en/technical-documentation/data-sheets/ADM7154.pdf,https://www.digikey.com/en/products/detail/analog-devices-inc/ADM7154ACPZ-3-0-R7/5057394,Enable,600mA,7 mA,10 mA,,1,-40°C ~ 125°C,Positive,Fixed,,"Over Current, Over Temperature",,,5.5V,,3V,
ADM7154ACPZ-3.3-R7,Analog Devices Inc.,IC REG LIN 3.3V 600MA 8-LFCSP-WD,pmic-voltage-regulators-linear,4810,7.62,"8-WFDFN Exposed Pad, CSP",Surface Mount,Active,https://www.analog.com/media/en/technical-documentation/data-sheets/ADM7154.pdf,https://www.digikey.com/en/products/detail/analog-devices-inc/ADM7154ACPZ-3-3-R7/5057395,Enable,600mA,7 mA,10 mA,,1,-40°C ~ 125°C,Positive,Fixed,58dB (1MHz),"Over Current, Over Temperature",,,5.5V,,3.3V,0.21V @ 600mA
ADM7154ARDZ-3.3-R7,Analog Devices Inc.,IC REG LIN 3.3V 600MA 8-SOIC-EP,pmic-voltage-regulators-linear,0,8.07,"8-SOIC (0.154"", 3.90mm Width) Exposed Pad",Surface Mount,Active,https://www.analog.com/media/en/technical-documentation/data-sheets/ADM7154.pdf,https://www.digikey.com/en/products/detail/analog-devices-inc/ADM7154ARDZ-3-3-R7/5057400,Enable,600mA,7 mA,10 mA,,1,-40°C ~ 125°C,Positive,Fixed,58dB (1MHz),"Over Current, Over Temperature",,,5.5V,,3.3V,0.21V @ 600mA
ADM7155ACPZ-04-R7,Analog Devices Inc.,IC REG LIN POS ADJ 600MA 8LFCSP,pmic-voltage-regulators-linear,2776,7.62,"8-WFDFN Exposed Pad, CSP",Surface Mount,Active,https://www.analog.com/media/en/technical-documentation/data-sheets/ADM7155.pdf,https://www.digikey.com/en/products/detail/analog-devices-inc/ADM7155ACPZ-04-R7/5057404,Enable,600mA,7 mA,10 mA,,1,-40°C ~ 125°C,Positive,Adjustable,94dB ~ 57dB (1kHz ~ 1MHz),"Over Current, Over Temperature",,,5.5V,3.4V,1.2V,0.21V @ 600mA
ADM7155ARDZ-04-R7,Analog Devices Inc.,IC REG LIN POS ADJ 600MA 8-SOIC,pmic-voltage-regulators-linear,1918,8.07,"8-SOIC (0.154"", 3.90mm Width) Exposed Pad",Surface Mount,Active,https://www.analog.com/media/en/technical-documentation/data-sheets/ADM7155.pdf,https://www.digikey.com/en/products/detail/analog-devices-inc/ADM7155ARDZ-04-R7/5057407,Enable,600mA,7 mA,10 mA,,1,-40°C ~ 125°C,Positive,Adjustable,94dB ~ 57dB (1kHz ~ 1MHz),"Over Current, Over Temperature",,,5.5V,3.4V,1.2V,0.21V @ 600mA
ADM7160ACPZN3.3-R7,Analog Devices Inc.,IC REG LIN 3.3V 200MA 6-LFCSP-UD,pmic-voltage-regulators-linear,4914,1.7,"6-UDFN Exposed Pad, CSP",Surface Mount,Active,https://www.analog.com/media/en/technical-documentation/data-sheets/ADM7160.pdf,https://www.digikey.com/en/products/detail/analog-devices-inc/ADM7160ACPZN3-3-R7/4901192,Enable,200mA,20 µA,350 µA,,1,-40°C ~ 125°C (TA),Positive,Fixed,54dB ~ 43dB (100kHz ~ 1MHz),"Over Temperature, Short Circuit, Under Voltage Lockout (UVLO)",,,5.5V,,3.3V,0.23V @ 200mA
ADM7160AUJZ-3.3-R7,Analog Devices Inc.,IC REG LIN 3.3V 200MA TSOT-23-5,pmic-voltage-regulators-linear,0,1.87,"SOT-23-5 Thin, TSOT-23-5",Surface Mount,Active,https://www.analog.com/media/en/technical-documentation/data-sheets/ADM7160.pdf,https://www.digikey.com/en/products/detail/analog-devices-inc/ADM7160AUJZ-3-3-R7/4901194,Enable,200mA,20 µA,350 µA,,1,-40°C ~ 125°C (TA),Positive,Fixed,54dB ~ 43dB (100kHz ~ 1MHz),"Over Temperature, Short Circuit, Under Voltage Lockout (UVLO)",,,5.5V,,3.3V,0.23V @ 200mA
ADM7170ACPZ-1.8-R7,Analog Devices Inc.,IC REG LIN 1.8V 500MA 8-LFCSP-WD,pmic-voltage-regulators-linear,0,3.43,"8-WFDFN Exposed Pad, CSP",Surface Mount,Active,https://www.analog.com/media/en/technical-documentation/data-sheets/ADM7170.pdf,https://www.digikey.com/en/products/detail/analog-devices-inc/ADM7170ACPZ-1-8-R7/5011529,"Enable, Soft Start",500mA,2 mA,5.1 mA,,1,-40°C ~ 125°C,Positive,Fixed,,"Over Current, Over Temperature",,,6.5V,,1.8V,
ADM7170ACPZ-3.0-R7,Analog Devices Inc.,IC REG LIN 3V 500MA 8-LFCSP-WD,pmic-voltage-regulators-linear,18360,3.43,"8-WFDFN Exposed Pad, CSP",Surface Mount,Active,https://www.analog.com/media/en/technical-documentation/data-sheets/ADM7170.pdf,https://www.digikey.com/en/products/detail/analog-devices-inc/ADM7170ACPZ-3-0-R7/5011531,"Enable, Soft Start",500mA,2 mA,5.1 mA,,1,-40°C ~ 125°C,Positive,Fixed,60db ~ 20dB (100kHz ~ 1MHz),"Over Current, Over Temperature",,,6.5V,,3V,0.07V @ 500mA
ADM7170ACPZ-3.3-R7,Analog Devices Inc.,IC REG LIN 3.3V 500MA 8-LFCSP-WD,pmic-voltage-regulators-linear,325,3.43,"8-WFDFN Exposed Pad, CSP",Surface Mount,Active,https://www.analog.com/media/en/technical-documentation/data-sheets/ADM7170.pdf,https://www.digikey.com/en/products/detail/analog-devices-inc/ADM7170ACPZ-3-3-R7/5011532,"Enable, Soft Start",500mA,2 mA,5.1 mA,,1,-40°C ~ 125°C,Positive,Fixed,,"Over Current, Over Temperature",,,6.5V,,3.3V,
ADM7170ACPZ-5.0-R7,Analog Devices Inc.,IC REG LIN 5V 500MA 8-LFCSP-WD,pmic-voltage-regulators-linear,710,3.43,"8-WFDFN Exposed Pad, CSP",Surface Mount,Active,https://www.analog.com/media/en/technical-documentation/data-sheets/ADM7170.pdf,https://www.digikey.com/en/products/detail/analog-devices-inc/ADM7170ACPZ-5-0-R7/5011534,"Enable, Soft Start",500mA,2 mA,5.1 mA,,1,-40°C ~ 125°C,Positive,Fixed,,"Over Current, Over Temperature",,,6.5V,,5V,
ADM7170ACPZ-R7,Analog Devices Inc.,IC REG LIN POS ADJ 500MA 8LFCSP,pmic-voltage-regulators-linear,4173,3.83,"8-WFDFN Exposed Pad, CSP",Surface Mount,Active,https://www.analog.com/media/en/technical-documentation/data-sheets/ADM7170.pdf,https://www.digikey.com/en/products/detail/analog-devices-inc/ADM7170ACPZ-R7/5004758,"Enable, Soft Start",500mA,2 mA,5.1 mA,,1,-40°C ~ 125°C,Positive,Adjustable,60db ~ 20dB (100kHz ~ 1MHz),"Over Current, Over Temperature",,,6.5V,5.8V,1.2V,0.07V @ 500mA
ADM7171ACPZ-1.8-R7,Analog Devices Inc.,IC REG LINEAR 1.8V 1A 8-LFCSP-WD,pmic-voltage-regulators-linear,932,4.5,"8-WFDFN Exposed Pad, CSP",Surface Mount,Active,https://www.analog.com/media/en/technical-documentation/data-sheets/ADM7171.pdf,https://www.digikey.com/en/products/detail/analog-devices-inc/ADM7171ACPZ-1-8-R7/5011536,"Enable, Soft Start",1A,2 mA,6.3 mA,,1,-40°C ~ 125°C (TJ),Positive,Fixed,,"Over Current, Over Temperature",,,6.5V,,1.8V,0.135V @ 1A
ADM7171ACPZ-2.5-R7,Analog Devices Inc.,IC REG LINEAR 2.5V 1A 8-LFCSP-WD,pmic-voltage-regulators-linear,3537,4.5,"8-WFDFN Exposed Pad, CSP",Surface Mount,Active,https://www.analog.com/media/en/technical-documentation/data-sheets/ADM7171.pdf,https://www.digikey.com/en/products/detail/analog-devices-inc/ADM7171ACPZ-2-5-R7/5011537,"Enable, Soft Start",1A,2 mA,6.3 mA,,1,-40°C ~ 125°C,Positive,Fixed,,"Over Current, Over Temperature",,,6.5V,,2.5V,
ADM7171ACPZ-3.3-R7,Analog Devices Inc.,IC REG LINEAR 3.3V 1A 8-LFCSP-WD,pmic-voltage-regulators-linear,1492,4.5,"8-WFDFN Exposed Pad, CSP",Surface Mount,Active,https://www.analog.com/media/en/technical-documentation/data-sheets/ADM7171.pdf,https://www.digikey.com/en/products/detail/analog-devices-inc/ADM7171ACPZ-3-3-R7/5011539,"Enable, Soft Start",1A,2 mA,6.3 mA,,1,-40°C ~ 125°C,Positive,Fixed,,"Over Current, Over Temperature",,,6.5V,,3.3V,
ADM7171ACPZ-5.0-R7,Analog Devices Inc.,IC REG LINEAR 5V 1A 8-LFCSP-WD,pmic-voltage-regulators-linear,4930,4.5,"8-WFDFN Exposed Pad, CSP",Surface Mount,Active,https://www.analog.com/media/en/technical-documentation/data-sheets/ADM7171.pdf,https://www.digikey.com/en/products/detail/analog-devices-inc/ADM7171ACPZ-5-0-R7/5011541,"Enable, Soft Start",1A,2 mA,6.3 mA,,1,-40°C ~ 125°C,Positive,Fixed,,"Over Current, Over Temperature",,,6.5V,,5V,
ADM7171ACPZ-R7,Analog Devices Inc.,IC REG LIN POS ADJ 1A 8-LFCSP-WD,pmic-voltage-regulators-linear,774,4.5,"8-WFDFN Exposed Pad, CSP",Surface Mount,Active,https://www.analog.com/media/en/technical-documentation/data-sheets/ADM7171.pdf,https://www.digikey.com/en/products/detail/analog-devices-inc/ADM7171ACPZ-R7/5004759,"Enable, Soft Start",1A,2 mA,6.3 mA,,1,-40°C ~ 125°C,Positive,Adjustable,60db ~ 20dB (100kHz ~ 1MHz),"Over Current, Over Temperature",,,6.5V,6.365V,1.2V,0.135V @ 1A
ADM7172ACPZ-1.3-R7,Analog Devices Inc.,IC REG LINEAR 1.3V 2A 8-LFCSP-WD,pmic-voltage-regulators-linear,0,6.48,"8-WFDFN Exposed Pad, CSP",Surface Mount,Active,https://www.analog.com/media/en/technical-documentation/data-sheets/ADM7172.pdf,https://www.digikey.com/en/products/detail/analog-devices-inc/ADM7172ACPZ-1-3-R7/5011542,"Enable, Soft Start",2A,2 mA,8.7 mA,,1,-40°C ~ 125°C,Positive,Fixed,,"Over Current, Over Temperature",,,6.5V,,1.3V,
ADM7172ACPZ-1.8-R7,Analog Devices Inc.,IC REG LINEAR 1.8V 2A 8-LFCSP-WD,pmic-voltage-regulators-linear,2092,6.48,"8-WFDFN Exposed Pad, CSP",Surface Mount,Active,https://www.analog.com/media/en/technical-documentation/data-sheets/ADM7172.pdf,https://www.digikey.com/en/products/detail/analog-devices-inc/ADM7172ACPZ-1-8-R7/5011543,"Enable, Soft Start",2A,2 mA,8.7 mA,,1,-40°C ~ 125°C,Positive,Fixed,,"Over Current, Over Temperature",,,6.5V,,1.8V,
ADM7172ACPZ-2.5-R7,Analog Devices Inc.,IC REG LINEAR 2.5V 2A 8-LFCSP-WD,pmic-voltage-regulators-linear,1957,6.48,"8-WFDFN Exposed Pad, CSP",Surface Mount,Active,https://www.analog.com/media/en/technical-documentation/data-sheets/ADM7172.pdf,https://www.digikey.com/en/products/detail/analog-devices-inc/ADM7172ACPZ-2-5-R7/5011544,"Enable, Soft Start",2A,2 mA,8.7 mA,,1,-40°C ~ 125°C,Positive,Fixed,,"Over Current, Over Temperature",,,6.5V,,2.5V,
ADM7172ACPZ-3.3-R7,Analog Devices Inc.,IC REG LINEAR 3.3V 2A 8-LFCSP-WD,pmic-voltage-regulators-linear,449,6.48,"8-WFDFN Exposed Pad, CSP",Surface Mount,Active,https://www.analog.com/media/en/technical-documentation/data-sheets/ADM7172.pdf,https://www.digikey.com/en/products/detail/analog-devices-inc/ADM7172ACPZ-3-3-R7/5011546,"Enable, Soft Start",2A,2 mA,8.7 mA,,1,-40°C ~ 125°C,Positive,Fixed,,"Over Current, Over Temperature",,,6.5V,,3.3V,
ADM7172ACPZ-5.0-R7,Analog Devices Inc.,IC REG LINEAR 5V 2A 8-LFCSP-WD,pmic-voltage-regulators-linear,4438,6.48,"8-WFDFN Exposed Pad, CSP",Surface Mount,Active,https://www.analog.com/media/en/technical-documentation/data-sheets/ADM7172.pdf,https://www.digikey.com/en/products/detail/analog-devices-inc/ADM7172ACPZ-5-0-R7/5011548,"Enable, Soft Start",2A,2 mA,8.7 mA,,1,-40°C ~ 125°C,Positive,Fixed,,"Over Current, Over Temperature",,,6.5V,,5V,
ADM7172ACPZ-R7,Analog Devices Inc.,IC REG LIN POS ADJ 2A 8-LFCSP-WD,pmic-voltage-regulators-linear,0,6.48,"8-WFDFN Exposed Pad, CSP",Surface Mount,Active,https://www.analog.com/media/en/technical-documentation/data-sheets/ADM7172.pdf,https://www.digikey.com/en/products/detail/analog-devices-inc/ADM7172ACPZ-R7/5004760,"Enable, Soft Start",2A,2 mA,8.7 mA,,1,-40°C ~ 125°C,Positive,Adjustable,60db ~ 20dB (100kHz ~ 1MHz),"Over Current, Over Temperature",,,6.5V,6.23V,1.2V,.27V @ 2A
ADP121-AUJZ33R7,Analog Devices Inc.,IC REG LIN 3.3V 150MA TSOT-23-5,pmic-voltage-regulators-linear,16941,1.23,"SOT-23-5 Thin, TSOT-23-5",Surface Mount,Active,https://www.analog.com/media/en/technical-documentation/data-sheets/ADP121.pdf,https://www.digikey.com/en/products/detail/analog-devices-inc/ADP121-AUJZ33R7/1938217,Enable,150mA,21 µA,40 µA,,1,-40°C ~ 125°C,Positive,Fixed,60dB (10kHz),"Over Current, Over Temperature, Under Voltage Lockout (UVLO)",,,5.5V,,3.3V,0.135V @ 150mA
ADP122ACPZ-3.3-R7,Analog Devices Inc.,IC REG LIN 3.3V 300MA 6-LFCSP-UD,pmic-voltage-regulators-linear,0,1.41,"6-UDFN Exposed Pad, CSP",Surface Mount,Active,https://www.analog.com/media/en/technical-documentation/data-sheets/ADP122_123.pdf,https://www.digikey.com/en/products/detail/analog-devices-inc/ADP122ACPZ-3-3-R7/2780686,Enable,300mA,105 µA,240 µA,,1,-40°C ~ 125°C,Positive,Fixed,60dB (10kHz ~ 100kHz),"Over Current, Over Temperature, Under Voltage Lockout (UVLO)",,,5.5V,,3.3V,0.15V @ 300mA
ADP122AUJZ-3.0-R7,Analog Devices Inc.,IC REG LINEAR 3V 300MA TSOT-23-5,pmic-voltage-regulators-linear,6788,1.52,"SOT-23-5 Thin, TSOT-23-5",Surface Mount,Active,https://www.analog.com/media/en/technical-documentation/data-sheets/ADP122_123.pdf,https://www.digikey.com/en/products/detail/analog-devices-inc/ADP122AUJZ-3-0-R7/2237671,Enable,300mA,105 µA,240 µA,,1,-40°C ~ 125°C,Positive,Fixed,60dB (10kHz ~ 100kHz),"Over Current, Over Temperature, Under Voltage Lockout (UVLO)",,,5.5V,,3V,0.15V @ 300mA
ADP122AUJZ-3.3-R7,Analog Devices Inc.,IC REG LIN 3.3V 300MA TSOT-23-5,pmic-voltage-regulators-linear,57971,1.52,"SOT-23-5 Thin, TSOT-23-5",Surface Mount,Active,https://www.analog.com/media/en/technical-documentation/data-sheets/ADP122_123.pdf,https://www.digikey.com/en/products/detail/analog-devices-inc/ADP122AUJZ-3-3-R7/2237672,Enable,300mA,105 µA,240 µA,,1,-40°C ~ 125°C,Positive,Fixed,60dB (10kHz ~ 100kHz),"Over Current, Over Temperature, Under Voltage Lockout (UVLO)",,,5.5V,,3.3V,0.15V @ 300mA
ADP123ACPZ-R7,Analog Devices Inc.,IC REG LIN POS ADJ 300MA 6LFCSP,pmic-voltage-regulators-linear,8306,1.41,"6-UDFN Exposed Pad, CSP",Surface Mount,Active,https://www.analog.com/media/en/technical-documentation/data-sheets/ADP122_123.pdf,https://www.digikey.com/en/products/detail/analog-devices-inc/ADP123ACPZ-R7/2780705,Enable,300mA,105 µA,240 µA,,1,-40°C ~ 125°C,Positive,Adjustable,60dB (10kHz ~ 100kHz),"Over Current, Over Temperature, Under Voltage Lockout (UVLO)",,,5.5V,5V,0.8V,0.15V @ 300mA
ADP123AUJZ-R7,Analog Devices Inc.,IC REG LIN POS ADJ 300MA TSOT23,pmic-voltage-regulators-linear,52780,1.52,"SOT-23-5 Thin, TSOT-23-5",Surface Mount,Active,https://www.analog.com/media/en/technical-documentation/data-sheets/ADP122_123.pdf,https://www.digikey.com/en/products/detail/analog-devices-inc/ADP123AUJZ-R7/2237673,Enable,300mA,105 µA,240 µA,,1,-40°C ~ 125°C,Positive,Adjustable,60dB (10kHz ~ 100kHz),"Over Current, Over Temperature, Under Voltage Lockout (UVLO)",,,5.5V,5V,0.8V,0.15V @ 300mA
ADP124ACPZ-3.3-R7,Analog Devices Inc.,IC REG LIN 3.3V 500MA 8-LFCSP-UD,pmic-voltage-regulators-linear,14112,1.97,"8-UFDFN Exposed Pad, CSP",Surface Mount,Active,https://www.analog.com/media/en/technical-documentation/data-sheets/ADP124_125.pdf,https://www.digikey.com/en/products/detail/analog-devices-inc/ADP124ACPZ-3-3-R7/2606408,Enable,500mA,105 µA,280 µA,,1,-40°C ~ 125°C,Positive,Fixed,60dB (10kHz ~ 100kHz),"Over Current, Over Temperature, Under Voltage Lockout (UVLO)",,,5.5V,,3.3V,0.23V @ 500mA
ADP125ACPZ-R7,Analog Devices Inc.,IC REG LIN POS ADJ 500MA 8LFCSP,pmic-voltage-regulators-linear,3,1.52,"8-UFDFN Exposed Pad, CSP",Surface Mount,Active,https://www.analog.com/media/en/technical-documentation/data-sheets/ADP124_125.pdf,https://www.digikey.com/en/products/detail/analog-devices-inc/ADP125ACPZ-R7/2606409,Enable,500mA,105 µA,280 µA,,1,-40°C ~ 125°C,Positive,Adjustable,60dB (10kHz ~ 100kHz),"Over Current, Over Temperature, Under Voltage Lockout (UVLO)",,,5.5V,5V,0.8V,0.23V @ 500mA
ADP125ARHZ-R7,Analog Devices Inc.,IC REG LINEAR POS ADJ 8-MSOP-EP,pmic-voltage-regulators-linear,7187,2.52,"8-TSSOP, 8-MSOP (0.118"", 3.00mm Width) Exposed Pad",Surface Mount,Active,https://www.analog.com/media/en/technical-documentation/data-sheets/ADP124_125.pdf,https://www.digikey.com/en/products/detail/analog-devices-inc/ADP125ARHZ-R7/2237682,Enable,500mA,105 µA,280 µA,,1,-40°C ~ 125°C,Positive,Adjustable,60dB (10kHz ~ 100kHz),"Over Current, Over Temperature, Under Voltage Lockout (UVLO)",,,5.5V,5V,0.8V,0.23V @ 500mA
ADP150ACBZ-1.8-R7,Analog Devices Inc.,IC REG LINEAR 1.8V 150MA 4-WLCSP,pmic-voltage-regulators-linear,4288,1.28,"4-WFBGA, WLCSP",Surface Mount,Active,https://www.analog.com/media/en/technical-documentation/data-sheets/ADP150.pdf,https://www.digikey.com/en/products/detail/analog-devices-inc/ADP150ACBZ-1-8-R7/2606403,Enable,150mA,22 µA,320 µA,,1,-40°C ~ 125°C,Positive,Fixed,70dB ~ 55dB (10kHz ~ 100kHz),"Over Current, Over Temperature, Under Voltage Lockout (UVLO)",,,5.5V,,1.8V,
ADP150ACBZ-3.0-R7,Analog Devices Inc.,IC REG LINEAR 3V 150MA 4-WLCSP,pmic-voltage-regulators-linear,2251,1.28,"4-WFBGA, WLCSP",Surface Mount,Active,https://www.analog.com/media/en/technical-documentation/data-sheets/ADP150.pdf,https://www.digikey.com/en/products/detail/analog-devices-inc/ADP150ACBZ-3-0-R7/2207482,Enable,150mA,22 µA,320 µA,,1,-40°C ~ 125°C,Positive,Fixed,,"Over Current, Over Temperature, Under Voltage Lockout (UVLO)",,,5.5V,,3V,0.16V @ 150mA
ADP150AUJZ-1.8-R7,Analog Devices Inc.,IC REG LIN 1.8V 150MA TSOT-23-5,pmic-voltage-regulators-linear,8462,1.39,"SOT-23-5 Thin, TSOT-23-5",Surface Mount,Active,https://www.analog.com/media/en/technical-documentation/data-sheets/ADP150.pdf,https://www.digikey.com/en/products/detail/analog-devices-inc/ADP150AUJZ-1-8-R7/2207484,Enable,150mA,22 µA,320 µA,,1,-40°C ~ 125°C,Positive,Fixed,70dB ~ 55dB (10kHz ~ 100kHz),"Over Current, Over Temperature, Under Voltage Lockout (UVLO)",,,5.5V,,1.8V,
ADP150AUJZ-2.5-R7,Analog Devices Inc.,IC REG LIN 2.5V 150MA TSOT-23-5,pmic-voltage-regulators-linear,17442,1.39,"SOT-23-5 Thin, TSOT-23-5",Surface Mount,Active,https://www.analog.com/media/en/technical-documentation/data-sheets/ADP150.pdf,https://www.digikey.com/en/products/detail/analog-devices-inc/ADP150AUJZ-2-5-R7/2207486,Enable,150mA,22 µA,320 µA,,1,-40°C ~ 125°C,Positive,Fixed,,"Over Current, Over Temperature, Under Voltage Lockout (UVLO)",,,5.5V,,2.5V,0.16V @ 150mA
ADP150AUJZ-3.0-R7,Analog Devices Inc.,IC REG LINEAR 3V 150MA TSOT-23-5,pmic-voltage-regulators-linear,1581,1.39,"SOT-23-5 Thin, TSOT-23-5",Surface Mount,Active,https://www.analog.com/media/en/technical-documentation/data-sheets/ADP150.pdf,https://www.digikey.com/en/products/detail/analog-devices-inc/ADP150AUJZ-3-0-R7/2207488,Enable,150mA,22 µA,320 µA,,1,-40°C ~ 125°C,Positive,Fixed,,"Over Current, Over Temperature, Under Voltage Lockout (UVLO)",,,5.5V,,3V,0.16V @ 150mA
ADP150AUJZ-3.3-R7,Analog Devices Inc.,IC REG LIN 3.3V 150MA TSOT-23-5,pmic-voltage-regulators-linear,22987,1.39,"SOT-23-5 Thin, TSOT-23-5",Surface Mount,Active,https://www.analog.com/media/en/technical-documentation/data-sheets/ADP150.pdf,https://www.digikey.com/en/products/detail/analog-devices-inc/ADP150AUJZ-3-3-R7/2207487,Enable,150mA,22 µA,320 µA,,1,-40°C ~ 125°C,Positive,Fixed,70dB ~ 55dB (10kHz ~ 100kHz),"Over Current, Over Temperature, Under Voltage Lockout (UVLO)",,,5.5V,,3.3V,0.16V @ 150mA
ADP151ACBZ-1.8-R7,Analog Devices Inc.,IC REG LINEAR 1.8V 200MA 4-WLCSP,pmic-voltage-regulators-linear,8880,1.36,"4-WFBGA, WLCSP",Surface Mount,Active,https://www.analog.com/media/en/technical-documentation/data-sheets/ADP151.pdf,https://www.digikey.com/en/products/detail/analog-devices-inc/ADP151ACBZ-1-8-R7/2334164,Enable,200mA,20 µA,350 µA,,1,-40°C ~ 125°C,Positive,Fixed,,"Over Current, Over Temperature, Under Voltage Lockout (UVLO)",,,5.5V,,1.8V,
ADP151ACBZ-3.3-R7,Analog Devices Inc.,IC REG LINEAR 3.3V 200MA 4-WLCSP,pmic-voltage-regulators-linear,9058,1.36,"4-WFBGA, WLCSP",Surface Mount,Active,https://www.analog.com/media/en/technical-documentation/data-sheets/ADP151.pdf,https://www.digikey.com/en/products/detail/analog-devices-inc/ADP151ACBZ-3-3-R7/2334171,Enable,200mA,20 µA,350 µA,,1,-40°C ~ 125°C,Positive,Fixed,70dB ~ 55dB (10kHz ~ 100kHz),"Over Current, Over Temperature, Under Voltage Lockout (UVLO)",,,5.5V,,3.3V,0.2V @ 200mA
ADP151ACPZ-3.0-R7,Analog Devices Inc.,IC REG LIN 3V 200MA 6-LFCSP-UD,pmic-voltage-regulators-linear,11007,1.36,"6-UDFN Exposed Pad, CSP",Surface Mount,Active,https://www.analog.com/media/en/technical-documentation/data-sheets/ADP151.pdf,https://www.digikey.com/en/products/detail/analog-devices-inc/ADP151ACPZ-3-0-R7/2700158,Enable,200mA,20 µA,350 µA,,1,-40°C ~ 125°C,Positive,Fixed,,"Over Current, Over Temperature, Under Voltage Lockout (UVLO)",,,5.5V,,3V,0.23V @ 200mA
ADP151ACPZ-3.3-R7,Analog Devices Inc.,IC REG LIN 3.3V 200MA 6-LFCSP-UD,pmic-voltage-regulators-linear,9443,1.36,"6-UDFN Exposed Pad, CSP",Surface Mount,Active,https://www.analog.com/media/en/technical-documentation/data-sheets/ADP151.pdf,https://www.digikey.com/en/products/detail/analog-devices-inc/ADP151ACPZ-3-3-R7/4901205,Enable,200mA,20 µA,350 µA,,1,-40°C ~ 125°C (TJ),Positive,Fixed,70dB ~ 55dB (10kHz ~ 100kHz),"Over Current, Over Temperature, Under Voltage Lockout (UVLO)",,,5.5V,,3.3V,0.23V @ 200mA
ADP151AUJZ-1.8-R7,Analog Devices Inc.,IC REG LIN 1.8V 200MA TSOT-23-5,pmic-voltage-regulators-linear,12687,1.49,"SOT-23-5 Thin, TSOT-23-5",Surface Mount,Active,https://www.analog.com/media/en/technical-documentation/data-sheets/ADP151.pdf,https://www.digikey.com/en/products/detail/analog-devices-inc/ADP151AUJZ-1-8-R7/2334174,Enable,200mA,20 µA,350 µA,,1,-40°C ~ 125°C,Positive,Fixed,,"Over Current, Over Temperature, Under Voltage Lockout (UVLO)",,,5.5V,,1.8V,
ADP151AUJZ-2.5-R7,Analog Devices Inc.,IC REG LIN 2.5V 200MA TSOT-23-5,pmic-voltage-regulators-linear,2792,1.49,"SOT-23-5 Thin, TSOT-23-5",Surface Mount,Active,https://www.analog.com/media/en/technical-documentation/data-sheets/ADP151.pdf,https://www.digikey.com/en/products/detail/analog-devices-inc/ADP151AUJZ-2-5-R7/2334175,Enable,200mA,20 µA,350 µA,,1,-40°C ~ 125°C,Positive,Fixed,,"Over Current, Over Temperature, Under Voltage Lockout (UVLO)",,,5.5V,,2.5V,0.23V @ 200mA
ADP151AUJZ-3.0-R7,Analog Devices Inc.,IC REG LINEAR 3V 200MA TSOT-23-5,pmic-voltage-regulators-linear,2683,1.49,"SOT-23-5 Thin, TSOT-23-5",Surface Mount,Active,https://www.analog.com/media/en/technical-documentation/data-sheets/ADP151.pdf,https://www.digikey.com/en/products/detail/analog-devices-inc/ADP151AUJZ-3-0-R7/2334177,Enable,200mA,20 µA,350 µA,,1,-40°C ~ 125°C,Positive,Fixed,,"Over Current, Over Temperature, Under Voltage Lockout (UVLO)",,,5.5V,,3V,0.23V @ 200mA
ADP151AUJZ-3.3-R7,Analog Devices Inc.,IC REG LIN 3.3V 200MA TSOT-23-5,pmic-voltage-regulators-linear,0,1.49,"SOT-23-5 Thin, TSOT-23-5",Surface Mount,Active,https://www.analog.com/media/en/technical-documentation/data-sheets/ADP151.pdf,https://www.digikey.com/en/products/detail/analog-devices-inc/ADP151AUJZ-3-3-R7/2334178,Enable,200mA,20 µA,350 µA,,1,-40°C ~ 125°C,Positive,Fixed,70dB ~ 55dB (10kHz ~ 100kHz),"Over Current, Over Temperature, Under Voltage Lockout (UVLO)",,,5.5V,,3.3V,0.23V @ 200mA
ADP161AUJZ-R7,Analog Devices Inc.,IC REG LINEAR POS ADJ TSOT-23-5,pmic-voltage-regulators-linear,8171,1.49,"SOT-23-5 Thin, TSOT-23-5",Surface Mount,Active,https://www.analog.com/media/en/technical-documentation/data-sheets/ADP160_161_162_163.pdf,https://www.digikey.com/en/products/detail/analog-devices-inc/ADP161AUJZ-R7/2514833,Enable,150mA,1.25 µA,65 µA,,1,-40°C ~ 125°C,Positive,Adjustable,72dB ~ 50dB (100Hz ~ 1kHz),"Over Current, Over Temperature, Under Voltage Lockout (UVLO)",,,5.5V,4.2V,1V,
ADP1706ACPZ-3.3-R7,Analog Devices Inc.,IC REG LINEAR 3.3V 1A 8-LFCSP,pmic-voltage-regulators-linear,2030,3.94,"8-WFDFN Exposed Pad, CSP",Surface Mount,Active,https://www.analog.com/media/en/technical-documentation/data-sheets/ADP1706_1707_1708.pdf,https://www.digikey.com/en/products/detail/analog-devices-inc/ADP1706ACPZ-3-3-R7/1662724,"Enable, Soft Start",1A,390 µA,1.55 mA,,1,-40°C ~ 125°C (TJ),Positive,Fixed,56dB (1kHz),"Over Current, Over Temperature",,,5.5V,,3.3V,0.63V @ 1A
ADP1706ARDZ-1.2-R7,Analog Devices Inc.,IC REG LINEAR 1.2V 1A 8-SOIC-EP,pmic-voltage-regulators-linear,2664,3.94,"8-SOIC (0.154"", 3.90mm Width) Exposed Pad",Surface Mount,Active,https://www.analog.com/media/en/technical-documentation/data-sheets/ADP1706_1707_1708.pdf,https://www.digikey.com/en/products/detail/analog-devices-inc/ADP1706ARDZ-1-2-R7/1769830,"Enable, Soft Start",1A,390 µA,1.55 mA,,1,-40°C ~ 125°C (TJ),Positive,Fixed,,"Over Current, Over Temperature",,,5.5V,,1.2V,0.6V @ 1A
ADP1706ARDZ-3.3-R7,Analog Devices Inc.,IC REG LINEAR 3.3V 1A 8-SOIC-EP,pmic-voltage-regulators-linear,2641,3.94,"8-SOIC (0.154"", 3.90mm Width) Exposed Pad",Surface Mount,Active,https://www.analog.com/media/en/technical-documentation/data-sheets/ADP1706_1707_1708.pdf,https://www.digikey.com/en/products/detail/analog-devices-inc/ADP1706ARDZ-3-3-R7/1766873,"Enable, Soft Start",1A,390 µA,1.55 mA,,1,-40°C ~ 125°C (TJ),Positive,Fixed,56dB (1kHz),"Over Current, Over Temperature",,,5.5V,,3.3V,0.63V @ 1A
ADP1708ACPZ-R7,Analog Devices Inc.,IC REG LINEAR POS ADJ 1A 8-LFCSP,pmic-voltage-regulators-linear,5551,3.94,"8-WFDFN Exposed Pad, CSP",Surface Mount,Active,https://www.analog.com/media/en/technical-documentation/data-sheets/ADP1706_1707_1708.pdf,https://www.digikey.com/en/products/detail/analog-devices-inc/ADP1708ACPZ-R7/1662741,Enable,1A,390 µA,1.55 mA,,1,-40°C ~ 125°C (TJ),Positive,Adjustable,70dB ~ 56dB (1kHz),"Over Current, Over Temperature",,,5.5V,5V,0.8V,0.6V @ 1A
ADP1708ARDZ-R7,Analog Devices Inc.,IC REG LIN POS ADJ 1A 8-SOIC-EP,pmic-voltage-regulators-linear,2766,3.94,"8-SOIC (0.154"", 3.90mm Width) Exposed Pad",Surface Mount,Active,https://www.analog.com/media/en/technical-documentation/data-sheets/ADP1706_1707_1708.pdf,https://www.digikey.com/en/products/detail/analog-devices-inc/ADP1708ARDZ-R7/1766874,Enable,1A,390 µA,1.55 mA,,1,-40°C ~ 125°C (TJ),Positive,Adjustable,70dB ~ 56dB (1kHz),"Over Current, Over Temperature",,,5.5V,5V,0.8V,0.6V @ 1A
ADP1712AUJZ-R7,Analog Devices Inc.,IC REG LIN POS ADJ 300MA TSOT23,pmic-voltage-regulators-linear,7568,1.87,"SOT-23-5 Thin, TSOT-23-5",Surface Mount,Active,https://www.analog.com/media/en/technical-documentation/data-sheets/ADP1712_1713_1714.pdf,https://www.digikey.com/en/products/detail/analog-devices-inc/ADP1712AUJZ-R7/1766875,"Enable, Soft Start",300mA,70 µA,420 µA,,1,-40°C ~ 125°C (TJ),Positive,Adjustable,65dB (1kHz),"Over Current, Over Temperature, Under Voltage Lockout (UVLO)",,,5.5V,5V,0.8V,0.27V @ 300mA
ADP1715ARMZ-1.8-R7,Analog Devices Inc.,IC REG LINEAR 1.8V 500MA 8-MSOP,pmic-voltage-regulators-linear,4442,3.09,"8-TSSOP, 8-MSOP (0.118"", 3.00mm Width)",Surface Mount,Active,https://www.analog.com/media/en/technical-documentation/data-sheets/ADP1715_1716.pdf,https://www.digikey.com/en/products/detail/analog-devices-inc/ADP1715ARMZ-1-8-R7/1240284,"Enable, Soft Start",500mA,100 µA,650 µA,,1,-40°C ~ 125°C (TJ),Positive,Fixed,,"Over Current, Over Temperature",,,5.5V,,1.8V,0.4V @ 500mA
ADP1715ARMZ-3.3-R7,Analog Devices Inc.,IC REG LINEAR 3.3V 500MA 8-MSOP,pmic-voltage-regulators-linear,22692,3.09,"8-TSSOP, 8-MSOP (0.118"", 3.00mm Width)",Surface Mount,Active,https://www.analog.com/media/en/technical-documentation/data-sheets/ADP1715_1716.pdf,https://www.digikey.com/en/products/detail/analog-devices-inc/ADP1715ARMZ-3-3-R7/1240287,"Enable, Soft Start",500mA,100 µA,650 µA,,1,-40°C ~ 125°C (TJ),Positive,Fixed,53dB (1kHz),"Over Current, Over Temperature",,,5.5V,,3.3V,0.5V @ 500mA
ADP1715ARMZ-R7,Analog Devices Inc.,IC REG LIN POS ADJ 500MA 8-MSOP,pmic-voltage-regulators-linear,5636,3.09,"8-TSSOP, 8-MSOP (0.118"", 3.00mm Width)",Surface Mount,Active,https://www.analog.com/media/en/technical-documentation/data-sheets/ADP1715_1716.pdf,https://www.digikey.com/en/products/detail/analog-devices-inc/ADP1715ARMZ-R7/1242392,"Enable, Soft Start",500mA,100 µA,650 µA,,1,-40°C ~ 125°C (TJ),Positive,Adjustable,67dB ~ 53dB (1kHz),"Over Current, Over Temperature",,,5.5V,5V,0.8V,0.4V @ 500mA
ADP171AUJZ-R7,Analog Devices Inc.,IC REG LIN POS ADJ 300MA TSOT23,pmic-voltage-regulators-linear,3070,1.64,"SOT-23-5 Thin, TSOT-23-5",Surface Mount,Active,https://www.analog.com/media/en/technical-documentation/data-sheets/ADP170_171.pdf,https://www.digikey.com/en/products/detail/analog-devices-inc/ADP171AUJZ-R7/2000964,Enable,300mA,60 µA,260 µA,,1,-40°C ~ 125°C,Positive,Adjustable,73dB ~ 47dB (1kHz ~ 100kHz),"Over Current, Over Temperature, Under Voltage Lockout (UVLO)",,,3.6V,3V,0.8V,0.135V @ 300mA
ADP1720ARMZ-3.3-R7,Analog Devices Inc.,IC REG LINEAR 3.3V 50MA 8-MSOP,pmic-voltage-regulators-linear,1913,2.37,"8-TSSOP, 8-MSOP (0.118"", 3.00mm Width)",Surface Mount,Active,https://www.analog.com/media/en/technical-documentation/data-sheets/ADP1720.pdf,https://www.digikey.com/en/products/detail/analog-devices-inc/ADP1720ARMZ-3-3-R7/1630664,Enable,50mA,80 µA,2.115 mA,,1,-40°C ~ 125°C,Positive,Fixed,,"Over Current, Over Temperature",,,28V,,3.3V,
ADP172ACBZ-1.8-R7,Analog Devices Inc.,IC REG LINEAR 1.8V 300MA 4-WLCSP,pmic-voltage-regulators-linear,21266,1.44,"4-UFBGA, WLCSP",Surface Mount,Active,https://www.analog.com/media/en/technical-documentation/data-sheets/ADP172.pdf,https://www.digikey.com/en/products/detail/analog-devices-inc/ADP172ACBZ-1-8-R7/2334183,Enable,300mA,60 µA,260 nA,,1,-40°C ~ 125°C,Positive,Fixed,73dB ~ 47dB (1kHz ~ 100kHz),"Over Temperature, Short Circuit, Under Voltage Lockout (UVLO)",,,3.6V,,1.8V,0.1V @ 300mA
ADP1740ACPZ-1.2-R7,Analog Devices Inc.,IC REG LINEAR 1.2V 2A 16-LFCSP,pmic-voltage-regulators-linear,1832,4.66,"16-WQFN Exposed Pad, CSP",Surface Mount,Active,https://www.analog.com/media/en/technical-documentation/data-sheets/ADP1740_1741.pdf,https://www.digikey.com/en/products/detail/analog-devices-inc/ADP1740ACPZ-1-2-R7/1981996,"Enable, Power Good, Soft Start",2A,800 µA,1.8 mA,,1,-40°C ~ 125°C,Positive,Fixed,,"Over Current, Over Temperature, Reverse Polarity",,,3.6V,,1.2V,
ADP1740ACPZ-1.8-R7,Analog Devices Inc.,IC REG LINEAR 1.8V 2A 16-LFCSP,pmic-voltage-regulators-linear,2398,4.66,"16-WQFN Exposed Pad, CSP",Surface Mount,Active,https://www.analog.com/media/en/technical-documentation/data-sheets/ADP1740_1741.pdf,https://www.digikey.com/en/products/detail/analog-devices-inc/ADP1740ACPZ-1-8-R7/1981998,"Enable, Power Good, Soft Start",2A,800 µA,1.8 mA,,1,-40°C ~ 125°C,Positive,Fixed,,"Over Current, Over Temperature, Reverse Polarity",,,3.6V,,1.8V,0.28V @ 2A
ADP1741ACPZ-R7,Analog Devices Inc.,IC REG LIN POS ADJ 2A 16-LFCSP,pmic-voltage-regulators-linear,6796,4.66,"16-WQFN Exposed Pad, CSP",Surface Mount,Active,https://www.analog.com/media/en/technical-documentation/data-sheets/ADP1740_1741.pdf,https://www.digikey.com/en/products/detail/analog-devices-inc/ADP1741ACPZ-R7/1979410,"Enable, Power Good, Soft Start",2A,800 µA,1.8 mA,,1,-40°C ~ 125°C,Positive,Adjustable,65dB ~ 51dB (1kHz ~ 100kHz),"Over Current, Over Temperature, Reverse Polarity",,,3.6V,3.3V,0.75V,0.28V @ 2A
ADP1753ACPZ-R7,Analog Devices Inc.,IC REG LIN POS ADJ 800MA 16LFCSP,pmic-voltage-regulators-linear,674,3.61,"16-WQFN Exposed Pad, CSP",Surface Mount,Active,https://www.analog.com/media/en/technical-documentation/data-sheets/ADP1752_1753.pdf,https://www.digikey.com/en/products/detail/analog-devices-inc/ADP1753ACPZ-R7/1982008,"Enable, Power Good, Soft Start",800mA,800 µA,1.2 mA,,1,-40°C ~ 125°C,Positive,Adjustable,65dB ~ 51dB (1kHz ~ 100kHz),"Over Current, Over Temperature, Reverse Polarity",,,3.6V,3.3V,0.75V,0.14V @ 800mA
ADP1755ACPZ-R7,Analog Devices Inc.,IC REG LIN POS ADJ 1.2A 16-LFCSP,pmic-voltage-regulators-linear,26249,3.78,"16-WQFN Exposed Pad, CSP",Surface Mount,Active,https://www.analog.com/media/en/technical-documentation/data-sheets/ADP1754_1755.pdf,https://www.digikey.com/en/products/detail/analog-devices-inc/ADP1755ACPZ-R7/1982017,"Enable, Power Good, Soft Start",1.2A,800 µA,1.4 mA,,1,-40°C ~ 125°C,Positive,Adjustable,65dB ~ 51dB (1kHz ~ 100kHz),"Over Current, Over Temperature, Reverse Polarity, Under Voltage Lockout (UVLO)",,,3.6V,3.3V,0.75V,0.2V @ 1.2A
ADP1761ACPZ-R7,Analog Devices Inc.,IC REG LIN POS ADJ 1A 16-LFCSP,pmic-voltage-regulators-linear,3387,9.83,"16-WFQFN Exposed Pad, CSP",Surface Mount,Active,https://www.analog.com/media/en/technical-documentation/data-sheets/ADP1761.pdf,https://www.digikey.com/en/products/detail/analog-devices-inc/ADP1761ACPZ-R7/5993870,"Enable, Power Good, Soft Start",1A,8 mA,11 mA,,1,-40°C ~ 125°C (TJ),Positive,Adjustable,67dB ~ 35dB (10kHz ~ 1MHz),"Current Limit, Thermal Overload",,,1.98V,1.5V,0.5V,0.053V @ 1A
ADP1762ACPZ-1.0-R7,Analog Devices Inc.,IC REG LINEAR 1V 2A 16-LFCSP,pmic-voltage-regulators-linear,8862,10.98,"16-WFQFN Exposed Pad, CSP",Surface Mount,Active,https://www.analog.com/media/en/technical-documentation/data-sheets/ADP1762.pdf,https://www.digikey.com/en/products/detail/analog-devices-inc/ADP1762ACPZ-1-0-R7/5993873,"Enable, Power Good, Soft Start",2A,8 mA,14 mA,,1,-40°C ~ 125°C (TJ),Positive,Fixed,63dB ~ 34dB (10kHz ~ 1MHz),"Current Limit, Thermal Overload",,,1.98V,,1V,0.095V @ 2A
ADP1762ACPZ-1.3-R7,Analog Devices Inc.,IC REG LINEAR 1.3V 2A 16-LFCSP,pmic-voltage-regulators-linear,4046,10.98,"16-WFQFN Exposed Pad, CSP",Surface Mount,Active,https://www.analog.com/media/en/technical-documentation/data-sheets/ADP1762.pdf,https://www.digikey.com/en/products/detail/analog-devices-inc/ADP1762ACPZ-1-3-R7/5993877,"Enable, Power Good, Soft Start",2A,8 mA,14 mA,,1,-40°C ~ 125°C (TJ),Positive,Fixed,63dB ~ 34dB (10kHz ~ 1MHz),"Current Limit, Thermal Overload",,,1.98V,,1.3V,0.095V @ 2A
ADP1762ACPZ-R7,Analog Devices Inc.,IC REG LIN POS ADJ 2A 16-LFCSP,pmic-voltage-regulators-linear,2700,10.98,"16-WFQFN Exposed Pad, CSP",Surface Mount,Active,https://www.analog.com/media/en/technical-documentation/data-sheets/ADP1762.pdf,https://www.digikey.com/en/products/detail/analog-devices-inc/ADP1762ACPZ-R7/5993879,"Enable, Power Good, Soft Start",2A,8 mA,14 mA,,1,-40°C ~ 125°C (TJ),Positive,Adjustable,63dB ~ 34dB (10kHz ~ 1MHz),"Current Limit, Thermal Overload",,,1.98V,1.5V,0.5V,0.095V @ 2A
ADP1763ACPZ-1.0-R7,Analog Devices Inc.,IC REG LINEAR 1V 3A 16-LFCSP,pmic-voltage-regulators-linear,1383,12.38,"16-WFQFN Exposed Pad, CSP",Surface Mount,Active,https://www.analog.com/media/en/technical-documentation/data-sheets/ADP1763.pdf,https://www.digikey.com/en/products/detail/analog-devices-inc/ADP1763ACPZ-1-0-R7/5993882,"Enable, Power Good, Soft Start",3A,8 mA,16 mA,,1,-40°C ~ 125°C (TJ),Positive,Fixed,62dB ~ 33dB (10kHz ~ 1MHz),"Current Limit, Thermal Overload",,,1.98V,,1V,0.145V @ 3A
ADP1763ACPZ-R7,Analog Devices Inc.,IC REG LIN POS ADJ 3A 16-LFCSP,pmic-voltage-regulators-linear,924,12.38,"16-WFQFN Exposed Pad, CSP",Surface Mount,Active,https://www.analog.com/media/en/technical-documentation/data-sheets/ADP1763.pdf,https://www.digikey.com/en/products/detail/analog-devices-inc/ADP1763ACPZ-R7/5993888,"Enable, Power Good, Soft Start",3A,8 mA,16 mA,,1,-40°C ~ 125°C (TJ),Positive,Adjustable,62dB ~ 33dB (10kHz ~ 1MHz),"Current Limit, Thermal Overload",,,1.98V,1.5V,0.5V,0.145V @ 3A
ADP1764ACPZ-R7,Analog Devices Inc.,IC REG LIN POS ADJ 4A 16-LFCSP,pmic-voltage-regulators-linear,1016,17.32,"16-WFQFN Exposed Pad, CSP",Surface Mount,Active,https://www.analog.com/media/en/technical-documentation/data-sheets/ADP1764.pdf,https://www.digikey.com/en/products/detail/analog-devices-inc/ADP1764ACPZ-R7/6624210,"Enable, Power Good, Soft Start",4A,17 mA,23 mA,,1,-40°C ~ 125°C (TJ),Positive,Adjustable,69dB ~ 35dB (10kHz ~ 1MHz),"Current Limit, Thermal Overload",,,1.98V,1.5V,0.5V,0.075V @ 4A
ADP1765ACPZ-1.0-R7,Analog Devices Inc.,IC REG LINEAR 1V 5A 16-LFCSP,pmic-voltage-regulators-linear,2842,21.77,"16-WFQFN Exposed Pad, CSP",Surface Mount,Active,https://www.analog.com/media/en/technical-documentation/data-sheets/ADP1765.pdf?5827,https://www.digikey.com/en/products/detail/analog-devices-inc/ADP1765ACPZ-1-0-R7/5993899,"Enable, Power Good, Soft Start",5A,17 mA,25 mA,,1,-40°C ~ 125°C (TJ),Positive,Fixed,61dB ~ 33dB (10kHz ~ 1MHz),"Current Limit, Thermal Overload",,,1.98V,,1V,
ADP1765ACPZ-R7,Analog Devices Inc.,IC REG LIN POS ADJ 5A 16-LFCSP,pmic-voltage-regulators-linear,970,21.77,"16-WFQFN Exposed Pad, CSP",Surface Mount,Active,https://www.analog.com/media/en/technical-documentation/data-sheets/ADP1765.pdf?5827,https://www.digikey.com/en/products/detail/analog-devices-inc/ADP1765ACPZ-R7/5993905,"Enable, Power Good, Soft Start",5A,17 mA,25 mA,,1,-40°C ~ 125°C (TJ),Positive,Adjustable,61dB ~ 33dB (10kHz ~ 1MHz),"Current Limit, Thermal Overload",,,1.98V,1.5V,0.5V,
ADP223ACPZ-R7,Analog Devices Inc.,IC REG LINEAR POS ADJ 8-LFCSP-UD,pmic-voltage-regulators-linear,4625,2.02,"8-UFDFN Exposed Pad, CSP",Surface Mount,Active,https://www.analog.com/media/en/technical-documentation/data-sheets/ADP222_223_224_225.pdf,https://www.digikey.com/en/products/detail/analog-devices-inc/ADP223ACPZ-R7/2677476,Enable,"300mA, 300mA",150 µA,450 µA,,2,-40°C ~ 125°C,Positive,Adjustable,76dB ~ 40dB (100Hz ~ 1MHz),"Over Current, Over Temperature",,,5.5V,5V,0.5V,"0.26V @ 300mA, 0.26V @ 300mA"
ADP323ACPZ-R7,Analog Devices Inc.,IC REG LINEAR POS ADJ 16LFCSP,pmic-voltage-regulators-linear,1439,2.22,"16-WFQFN Exposed Pad, CSP",Surface Mount,Active,https://www.analog.com/media/en/technical-documentation/data-sheets/ADP322_323.pdf,https://www.digikey.com/en/products/detail/analog-devices-inc/ADP323ACPZ-R7/2507288,Enable,"200mA, 200mA, 200mA",160 µA,380 µA,,3,-40°C ~ 125°C,Positive,Adjustable,70dB ~ 40dB (100Hz ~ 1MHz),"Over Current, Over Temperature, Under Voltage Lockout (UVLO)",,,5.5V,5V,0.5V,"0.17V @ 200mA, 0.17V @ 200mA"
ADP3300ARTZ-3.3RL7,Analog Devices Inc.,IC REG LINEAR 3.3V 50MA SOT23-6,pmic-voltage-regulators-linear,12846,3.07,SOT-23-6,Surface Mount,Active,https://www.analog.com/media/en/technical-documentation/data-sheets/ADP3300.pdf,https://www.digikey.com/en/products/detail/analog-devices-inc/ADP3300ARTZ-3-3RL7/699429,"Error Flag, Shutdown",50mA,300 µA,1.7 mA,,1,-40°C ~ 85°C (TA),Positive,Fixed,,"Over Current, Over Temperature",,anyCAP®,12V,,3.3V,0.17V @ 50mA
ADP3303ARZ-5,Analog Devices Inc.,IC REG LINEAR 5V 200MA 8-SOIC,pmic-voltage-regulators-linear,192,5.38,"8-SOIC (0.154"", 3.90mm Width)",Surface Mount,Active,https://www.analog.com/media/en/technical-documentation/data-sheets/ADP3303.pdf,https://www.digikey.com/en/products/detail/analog-devices-inc/ADP3303ARZ-5/997974,"Error Flag, Shutdown",200mA,400 µA,4 mA,,1,-20°C ~ 85°C,Positive,Fixed,,Over Temperature,,anyCAP®,12V,,5V,0.4V @ 200mA
ADP3309ARTZ-3.3-R7,Analog Devices Inc.,IC REG LINEAR 3.3V 100MA SOT23-5,pmic-voltage-regulators-linear,3328,3.61,"SC-74A, SOT-753",Surface Mount,Active,https://www.analog.com/media/en/technical-documentation/data-sheets/ADP3309.pdf,https://www.digikey.com/en/products/detail/analog-devices-inc/ADP3309ARTZ-3-3-R7/1217601,"Error Flag, Shutdown",100mA,300 µA,2 mA,,1,-20°C ~ 80°C (TA),Positive,Fixed,,Over Temperature,,anyCAP®,12V,,3.3V,0.25V @ 100mA
ADP3330ARTZ-2.5-R7,Analog Devices Inc.,IC REG LINEAR 2.5V 200MA SOT23-6,pmic-voltage-regulators-linear,11748,4.15,SOT-23-6,Surface Mount,Active,https://www.analog.com/media/en/technical-documentation/data-sheets/ADP3330.pdf,https://www.digikey.com/en/products/detail/analog-devices-inc/ADP3330ARTZ-2-5-R7/1012854,"Error Flag, Shutdown",200mA,50 µA,4 mA,,1,-40°C ~ 85°C (TA),Positive,Fixed,,"Over Current, Over Temperature",,anyCAP®,12V,,2.5V,0.23V @ 200mA
ADP3330ARTZ-5-RL7,Analog Devices Inc.,IC REG LINEAR 5V 200MA SOT23-6,pmic-voltage-regulators-linear,5074,4.15,SOT-23-6,Surface Mount,Active,https://www.analog.com/media/en/technical-documentation/data-sheets/ADP3330.pdf,https://www.digikey.com/en/products/detail/analog-devices-inc/ADP3330ARTZ-5-RL7/996012,"Error Flag, Shutdown",200mA,50 µA,4 mA,,1,-40°C ~ 85°C (TA),Positive,Fixed,,"Over Current, Over Temperature",,anyCAP®,12V,,5V,0.23V @ 200mA
ADP3330ARTZ3.3-RL7,Analog Devices Inc.,IC REG LINEAR 3.3V 200MA SOT23-6,pmic-voltage-regulators-linear,2974,4.15,SOT-23-6,Surface Mount,Active,https://www.analog.com/media/en/technical-documentation/data-sheets/ADP3330.pdf,https://www.digikey.com/en/products/detail/analog-devices-inc/ADP3330ARTZ3-3-RL7/1007321,"Error Flag, Shutdown",200mA,50 µA,4 mA,,1,-40°C ~ 85°C (TA),Positive,Fixed,,"Over Current, Over Temperature",,anyCAP®,12V,,3.3V,0.23V @ 200mA
ADP3331ARTZ-REEL7,Analog Devices Inc.,IC REG LIN POS ADJ 200MA SOT23-6,pmic-voltage-regulators-linear,10070,4.15,SOT-23-6,Surface Mount,Active,https://www.analog.com/media/en/technical-documentation/data-sheets/ADP3331.pdf,https://www.digikey.com/en/products/detail/analog-devices-inc/ADP3331ARTZ-REEL7/820220,"Error Flag, Shutdown",200mA,50 µA,4 mA,,1,-40°C ~ 85°C (TA),Positive,Adjustable,,"Over Current, Over Temperature",,anyCAP®,12V,11.75V,1.5V,0.23V @ 200mA
ADP3334ACPZ-REEL7,Analog Devices Inc.,IC REG LIN POS ADJ 500MA 8-LFCSP,pmic-voltage-regulators-linear,3071,3.5,"8-WFDFN Exposed Pad, CSP",Surface Mount,Active,https://www.analog.com/media/en/technical-documentation/data-sheets/ADP3334.pdf,https://www.digikey.com/en/products/detail/analog-devices-inc/ADP3334ACPZ-REEL7/995965,"Feedback, Shutdown",500mA,130 µA,10 mA,,1,-40°C ~ 85°C (TA),Positive,Adjustable,,"Over Current, Over Temperature",,anyCAP®,11V,10V,1.5V,0.4V @ 500mA
ADP3335ACPZ-3.3-R7,Analog Devices Inc.,IC REG LINEAR 3.3V 500MA 8-LFCSP,pmic-voltage-regulators-linear,6757,3.5,"8-WFDFN Exposed Pad, CSP",Surface Mount,Active,https://www.analog.com/media/en/technical-documentation/data-sheets/ADP3335.pdf,https://www.digikey.com/en/products/detail/analog-devices-inc/ADP3335ACPZ-3-3-R7/1523031,Shutdown,500mA,110 µA,10 mA,,1,-40°C ~ 85°C (TA),Positive,Fixed,,"Over Current, Over Temperature",,anyCAP®,12V,,3.3V,0.37V @ 500mA
ADP3335ARMZ-3.3-RL,Analog Devices Inc.,IC REG LINEAR 3.3V 500MA 8-MSOP,pmic-voltage-regulators-linear,5111,3.54,"8-TSSOP, 8-MSOP (0.118"", 3.00mm Width)",Surface Mount,Active,https://www.analog.com/media/en/technical-documentation/data-sheets/ADP3335.pdf,https://www.digikey.com/en/products/detail/analog-devices-inc/ADP3335ARMZ-3-3-RL/936465,Shutdown,500mA,110 µA,10 mA,,1,-40°C ~ 85°C (TA),Positive,Fixed,,"Over Current, Over Temperature",,anyCAP®,12V,,3.3V,0.37V @ 500mA
ADP3336ARMZ-REEL7,Analog Devices Inc.,IC REG LIN POS ADJ 500MA 8-MSOP,pmic-voltage-regulators-linear,5279,3.54,"8-TSSOP, 8-MSOP (0.118"", 3.00mm Width)",Surface Mount,Active,https://www.analog.com/media/en/technical-documentation/data-sheets/ADP3336.pdf,https://www.digikey.com/en/products/detail/analog-devices-inc/ADP3336ARMZ-REEL7/936468,Shutdown,500mA,110 µA,10 mA,,1,-40°C ~ 85°C (TA),Positive,Adjustable,,"Over Current, Over Temperature",,anyCAP®,12V,10V,1.5V,0.4V @ 500mA
ADP3338AKCZ-3.3-RL,Analog Devices Inc.,IC REG LINEAR 3.3V 1A SOT-223-3,pmic-voltage-regulators-linear,1597,3.96,"TO-261-4, TO-261AA",Surface Mount,Not For New Designs,https://www.analog.com/media/en/technical-documentation/data-sheets/ADP3338.pdf,https://www.digikey.com/en/products/detail/analog-devices-inc/ADP3338AKCZ-3-3-RL/994037,,1A,190 µA,30 mA,,1,-40°C ~ 85°C (TA),Positive,Fixed,,"Over Current, Over Temperature",,anyCAP®,8V,,3.3V,0.4V @ 1A
ADP3338AKCZ-3.3RL7,Analog Devices Inc.,IC REG LINEAR 3.3V 1A SOT-223-3,pmic-voltage-regulators-linear,1116,3.96,"TO-261-4, TO-261AA",Surface Mount,Not For New Designs,https://www.analog.com/media/en/technical-documentation/data-sheets/ADP3338.pdf,https://www.digikey.com/en/products/detail/analog-devices-inc/ADP3338AKCZ-3-3RL7/820221,,1A,190 µA,30 mA,,1,-40°C ~ 85°C (TA),Positive,Fixed,,"Over Current, Over Temperature",,anyCAP®,8V,,3.3V,0.4V @ 1A
ADP3339AKCZ-3.3-R7,Analog Devices Inc.,IC REG LIN 3.3V 1.5A SOT-223-3,pmic-voltage-regulators-linear,522,5.36,"TO-261-4, TO-261AA",Surface Mount,Not For New Designs,https://www.analog.com/media/en/technical-documentation/data-sheets/ADP3339.pdf,https://www.digikey.com/en/products/detail/analog-devices-inc/ADP3339AKCZ-3-3-R7/1068930,,1.5A,200 µA,40 mA,,1,-40°C ~ 85°C (TA),Positive,Fixed,,"Over Current, Over Temperature",,anyCAP®,6V,,3.3V,0.48V @ 1.5A
ADP3339AKCZ-3.3-RL,Analog Devices Inc.,IC REG LIN 3.3V 1.5A SOT-223-3,pmic-voltage-regulators-linear,3358,5.36,"TO-261-4, TO-261AA",Surface Mount,Not For New Designs,https://www.analog.com/media/en/technical-documentation/data-sheets/ADP3339.pdf,https://www.digikey.com/en/products/detail/analog-devices-inc/ADP3339AKCZ-3-3-RL/1033754,,1.5A,200 µA,40 mA,,1,-40°C ~ 85°C (TA),Positive,Fixed,,"Over Current, Over Temperature",,anyCAP®,6V,,3.3V,0.48V @ 1.5A
ADP7102ACPZ-5.0-R7,Analog Devices Inc.,IC REG LIN 5V 300MA 8-LFCSP-WD,pmic-voltage-regulators-linear,1570,5.0,"8-WFDFN Exposed Pad, CSP",Surface Mount,Active,https://www.analog.com/media/en/technical-documentation/data-sheets/ADP7102.pdf,https://www.digikey.com/en/products/detail/analog-devices-inc/ADP7102ACPZ-5-0-R7/3775238,"Enable, Power Good, Under Voltage Lockout",300mA,900 µA,1.4 mA,,1,-40°C ~ 125°C,Positive,Fixed,60dB ~ 50dB (10kHz ~ 100kHz),"Over Current, Over Temperature, Reverse Polarity",,,20V,,5V,0.325V @ 300mA
ADP7102ACPZ-R7,Analog Devices Inc.,IC REG LIN POS ADJ 300MA 8LFCSP,pmic-voltage-regulators-linear,6621,5.0,"8-WFDFN Exposed Pad, CSP",Surface Mount,Active,https://www.analog.com/media/en/technical-documentation/data-sheets/ADP7102.pdf,https://www.digikey.com/en/products/detail/analog-devices-inc/ADP7102ACPZ-R7/3043434,"Enable, Power Good, Under Voltage Lockout",300mA,900 µA,1.4 mA,,1,-40°C ~ 125°C,Positive,Adjustable,80dB ~ 50dB (10kHz ~ 100kHz),"Over Current, Over Temperature, Reverse Polarity",,,20V,19.675V,1.22V,0.325V @ 300mA
ADP7102ARDZ-R7,Analog Devices Inc.,IC REG LINEAR POS ADJ 8-SOIC-EP,pmic-voltage-regulators-linear,1032,5.22,"8-SOIC (0.154"", 3.90mm Width) Exposed Pad",Surface Mount,Active,https://www.analog.com/media/en/technical-documentation/data-sheets/ADP7102.pdf,https://www.digikey.com/en/products/detail/analog-devices-inc/ADP7102ARDZ-R7/2793323,"Enable, Power Good, Under Voltage Lockout",300mA,900 µA,1.4 mA,,1,-40°C ~ 125°C,Positive,Adjustable,80dB ~ 50dB (10kHz ~ 100kHz),"Over Current, Over Temperature, Reverse Polarity",,,20V,19.675V,1.22V,0.325V @ 300mA
ADP7104ACPZ-2.5-R7,Analog Devices Inc.,IC REG LIN 2.5V 500MA 8-LFCSP-WD,pmic-voltage-regulators-linear,511,6.08,"8-WFDFN Exposed Pad, CSP",Surface Mount,Active,https://www.analog.com/media/en/technical-documentation/data-sheets/ADP7104.pdf,https://www.digikey.com/en/products/detail/analog-devices-inc/ADP7104ACPZ-2-5-R7/3775242,"Enable, Power Good, Under Voltage Lockout",500mA,900 µA,1.6 mA,,1,-40°C ~ 125°C,Positive,Fixed,,"Over Temperature, Short Circuit",,,20V,,2.5V,
ADP7104ACPZ-3.3-R7,Analog Devices Inc.,IC REG LIN 3.3V 500MA 8-LFCSP-WD,pmic-voltage-regulators-linear,8796,6.08,"8-WFDFN Exposed Pad, CSP",Surface Mount,Active,https://www.analog.com/media/en/technical-documentation/data-sheets/ADP7104.pdf,https://www.digikey.com/en/products/detail/analog-devices-inc/ADP7104ACPZ-3-3-R7/3775244,"Enable, Power Good, Under Voltage Lockout",500mA,900 µA,1.6 mA,,1,-40°C ~ 125°C,Positive,Fixed,60dB ~ 50dB (10kHz ~ 100kHz),"Over Temperature, Short Circuit",,,20V,,3.3V,0.55V @ 500mA
ADP7104ACPZ-5.0-R7,Analog Devices Inc.,IC REG LIN 5V 500MA 8-LFCSP-WD,pmic-voltage-regulators-linear,5598,6.78,"8-WFDFN Exposed Pad, CSP",Surface Mount,Active,https://www.analog.com/media/en/technical-documentation/data-sheets/ADP7104.pdf,https://www.digikey.com/en/products/detail/analog-devices-inc/ADP7104ACPZ-5-0-R7/3775245,"Enable, Power Good, Under Voltage Lockout",500mA,900 µA,1.6 mA,,1,-40°C ~ 125°C,Positive,Fixed,60dB ~ 50dB (10kHz ~ 100kHz),"Over Temperature, Short Circuit",,,20V,,5V,0.55V @ 500mA
ADP7104ACPZ-R7,Analog Devices Inc.,IC REG LIN POS ADJ 500MA 8LFCSP,pmic-voltage-regulators-linear,1035,5.18,"8-WFDFN Exposed Pad, CSP",Surface Mount,Active,https://www.analog.com/media/en/technical-documentation/data-sheets/ADP7104.pdf,https://www.digikey.com/en/products/detail/analog-devices-inc/ADP7104ACPZ-R7/3043436,"Enable, Power Good, Under Voltage Lockout",500mA,900 µA,1.6 mA,,1,-40°C ~ 125°C,Positive,Adjustable,80dB ~ 50dB (10kHz ~ 100kHz),"Over Temperature, Short Circuit",,,20V,19.45V,1.22V,0.55V @ 500mA
ADP7104ARDZ-3.3-R7,Analog Devices Inc.,IC REG LIN 3.3V 500MA 8-SOIC-EP,pmic-voltage-regulators-linear,0,6.08,"8-SOIC (0.154"", 3.90mm Width) Exposed Pad",Surface Mount,Active,https://www.analog.com/media/en/technical-documentation/data-sheets/ADP7104.pdf,https://www.digikey.com/en/products/detail/analog-devices-inc/ADP7104ARDZ-3-3-R7/3232850,"Enable, Power Good, Under Voltage Lockout",500mA,900 µA,1.6 mA,,1,-40°C ~ 125°C,Positive,Fixed,60dB ~ 50dB (10kHz ~ 100kHz),"Over Temperature, Short Circuit",,,20V,,3.3V,0.55V @ 500mA
ADP7104ARDZ-5.0-R7,Analog Devices Inc.,IC REG LINEAR 5V 500MA 8-SOIC-EP,pmic-voltage-regulators-linear,0,6.08,"8-SOIC (0.154"", 3.90mm Width) Exposed Pad",Surface Mount,Active,https://www.analog.com/media/en/technical-documentation/data-sheets/ADP7104.pdf,https://www.digikey.com/en/products/detail/analog-devices-inc/ADP7104ARDZ-5-0-R7/3232857,"Enable, Power Good, Under Voltage Lockout",500mA,900 µA,1.6 mA,,1,-40°C ~ 125°C,Positive,Fixed,60dB ~ 50dB (10kHz ~ 100kHz),"Over Temperature, Short Circuit",,,20V,,5V,0.55V @ 500mA
ADP7104ARDZ-R7,Analog Devices Inc.,IC REG LINEAR POS ADJ 8-SOIC-EP,pmic-voltage-regulators-linear,1358,6.08,"8-SOIC (0.154"", 3.90mm Width) Exposed Pad",Surface Mount,Active,https://www.analog.com/media/en/technical-documentation/data-sheets/ADP7104.pdf,https://www.digikey.com/en/products/detail/analog-devices-inc/ADP7104ARDZ-R7/2793314,"Enable, Power Good, Under Voltage Lockout",500mA,900 µA,1.6 mA,,1,-40°C ~ 125°C,Positive,Adjustable,80dB ~ 50dB (10kHz ~ 100kHz),"Over Temperature, Short Circuit",,,20V,19.45V,1.22V,0.55V @ 500mA
ADP7105ACPZ-3.3-R7,Analog Devices Inc.,IC REG LIN 3.3V 500MA 8-LFCSP-WD,pmic-voltage-regulators-linear,3725,4.5,"8-WFDFN Exposed Pad, CSP",Surface Mount,Active,https://www.analog.com/media/en/technical-documentation/data-sheets/ADP7105.pdf,https://www.digikey.com/en/products/detail/analog-devices-inc/ADP7105ACPZ-3-3-R7/10659634,"Enable, Power Good, Soft Start",500mA,900 µA,1.6 mA,,1,-40°C ~ 125°C,Positive,Fixed,60dB ~ 50dB (10kHz ~ 100kHz),"Over Current, Over Temperature, Reverse Polarity, Under Voltage Lockout (UVLO)",,,20V,,3.3V,0.35V @ 500mA
ADP7105ACPZ-5.0-R7,Analog Devices Inc.,IC REG LIN 5V 500MA 8-LFCSP-WD,pmic-voltage-regulators-linear,1313,5.31,"8-WFDFN Exposed Pad, CSP",Surface Mount,Active,https://www.analog.com/media/en/technical-documentation/data-sheets/ADP7105.pdf,https://www.digikey.com/en/products/detail/analog-devices-inc/ADP7105ACPZ-5-0-R7/4376367,"Enable, Power Good, Under Voltage Lockout",500mA,900 µA,1.6 mA,,1,-40°C ~ 125°C,Positive,Fixed,60dB ~ 50dB (10kHz ~ 100kHz),"Over Current, Over Temperature, Reverse Polarity",,,20V,,5V,0.55V @ 500mA
ADP7105ACPZ-R2,Analog Devices Inc.,IC REG LIN POS ADJ 500MA 8LFCSP,pmic-voltage-regulators-linear,986,4.79,"8-WFDFN Exposed Pad, CSP",Surface Mount,Active,https://www.analog.com/media/en/technical-documentation/data-sheets/ADP7105.pdf,https://www.digikey.com/en/products/detail/analog-devices-inc/ADP7105ACPZ-R2/4376386,"Enable, Power Good, Under Voltage Lockout",500mA,900 µA,1.6 mA,,1,-40°C ~ 125°C,Positive,Adjustable,80dB ~ 50dB (10kHz ~ 100kHz),"Over Current, Over Temperature, Reverse Polarity",,,20V,19V,1.22V,0.55V @ 500mA
ADP7105ACPZ-R7,Analog Devices Inc.,IC REG LIN POS ADJ 500MA 8LFCSP,pmic-voltage-regulators-linear,2731,5.31,"8-WFDFN Exposed Pad, CSP",Surface Mount,Active,https://www.analog.com/media/en/technical-documentation/data-sheets/ADP7105.pdf,https://www.digikey.com/en/products/detail/analog-devices-inc/ADP7105ACPZ-R7/4376368,"Enable, Power Good, Under Voltage Lockout",500mA,900 µA,1.6 mA,,1,-40°C ~ 125°C,Positive,Adjustable,80dB ~ 50dB (10kHz ~ 100kHz),"Over Current, Over Temperature, Reverse Polarity",,,20V,19V,1.22V,0.55V @ 500mA
ADP7112ACBZ-1.2-R7,Analog Devices Inc.,IC REG LIN POS ADJ 200MA 6-WLCSP,pmic-voltage-regulators-linear,1964,2.0,"6-XFBGA, WLCSP",Surface Mount,Active,https://www.analog.com/media/en/technical-documentation/data-sheets/ADP7112.pdf,https://www.digikey.com/en/products/detail/analog-devices-inc/ADP7112ACBZ-1-2-R7/5011950,"Enable, Soft Start",200mA,140 µA,320 µA,,1,-40°C ~ 125°C,Positive,Adjustable (Fixed),,"Over Current, Over Temperature",,,20V,19V,1.2V,
ADP7112ACBZ-3.3-R7,Analog Devices Inc.,IC REG LINEAR 3.3V 200MA 6-WLCSP,pmic-voltage-regulators-linear,20624,2.0,"6-XFBGA, WLCSP",Surface Mount,Active,https://www.analog.com/media/en/technical-documentation/data-sheets/ADP7112.pdf,https://www.digikey.com/en/products/detail/analog-devices-inc/ADP7112ACBZ-3-3-R7/5011953,"Enable, Soft Start",200mA,140 µA,320 µA,,1,-40°C ~ 125°C,Positive,Fixed,,"Over Current, Over Temperature",,,20V,,3.3V,0.42V @ 200mA
ADP7112ACBZ-5.0-R7,Analog Devices Inc.,IC REG LINEAR 5V 200MA 6-WLCSP,pmic-voltage-regulators-linear,5834,2.0,"6-XFBGA, WLCSP",Surface Mount,Active,https://www.analog.com/media/en/technical-documentation/data-sheets/ADP7112.pdf,https://www.digikey.com/en/products/detail/analog-devices-inc/ADP7112ACBZ-5-0-R7/5011954,"Enable, Soft Start",200mA,140 µA,320 µA,,1,-40°C ~ 125°C,Positive,Fixed,88dB ~ 50dB (10kHz ~ 1MHz),"Over Current, Over Temperature",,,20V,,5V,0.42V @ 200mA
ADP7118ACPZN-R7,Analog Devices Inc.,IC REG LINEAR POS ADJ 6-LFCSP-UD,pmic-voltage-regulators-linear,6102,2.83,"6-UDFN Exposed Pad, CSP",Surface Mount,Active,https://www.analog.com/media/en/technical-documentation/data-sheets/ADP7118.pdf,https://www.digikey.com/en/products/detail/analog-devices-inc/ADP7118ACPZN-R7/5056887,"Enable, Soft Start",200mA,140 µA,320 µA,,1,-40°C ~ 125°C (TA),Positive,Adjustable,88dB ~ 50dB (10kHz ~ 1MHz),"Over Current, Over Temperature",,,20V,19.58V,1.2V,0.42V @ 200mA
ADP7118ACPZN1.8-R7,Analog Devices Inc.,IC REG LIN 1.8V 200MA 6-LFCSP-UD,pmic-voltage-regulators-linear,450,2.83,"6-UDFN Exposed Pad, CSP",Surface Mount,Active,https://www.analog.com/media/en/technical-documentation/data-sheets/ADP7118.pdf,https://www.digikey.com/en/products/detail/analog-devices-inc/ADP7118ACPZN1-8-R7/5056883,"Enable, Soft Start",200mA,140 µA,320 µA,,1,-40°C ~ 125°C (TA),Positive,Fixed,88dB ~ 50dB (10kHz ~ 1MHz),"Over Current, Over Temperature",,,20V,,1.8V,0.42V @ 200mA
ADP7118ACPZN2.5-R7,Analog Devices Inc.,IC REG LIN 2.5V 200MA 6-LFCSP-UD,pmic-voltage-regulators-linear,3738,2.83,"6-UDFN Exposed Pad, CSP",Surface Mount,Active,https://www.analog.com/media/en/technical-documentation/data-sheets/ADP7118.pdf,https://www.digikey.com/en/products/detail/analog-devices-inc/ADP7118ACPZN2-5-R7/5056884,"Enable, Soft Start",200mA,140 µA,320 µA,,1,-40°C ~ 125°C (TA),Positive,Fixed,88dB ~ 50dB (10kHz ~ 1MHz),"Over Current, Over Temperature",,,20V,,2.5V,0.42V @ 200mA
ADP7118ACPZN3.3-R7,Analog Devices Inc.,IC REG LIN 3.3V 200MA 6-LFCSP-UD,pmic-voltage-regulators-linear,9935,2.83,"6-UDFN Exposed Pad, CSP",Surface Mount,Active,https://www.analog.com/media/en/technical-documentation/data-sheets/ADP7118.pdf,https://www.digikey.com/en/products/detail/analog-devices-inc/ADP7118ACPZN3-3-R7/5056885,"Enable, Soft Start",200mA,140 µA,320 µA,,1,-40°C ~ 125°C (TA),Positive,Fixed,88dB ~ 50dB (10kHz ~ 1MHz),"Over Current, Over Temperature",,,20V,,3.3V,0.42V @ 200mA
ADP7118ACPZN5.0-R7,Analog Devices Inc.,IC REG LIN 5V 200MA 6-LFCSP-UD,pmic-voltage-regulators-linear,8226,2.83,"6-UDFN Exposed Pad, CSP",Surface Mount,Active,https://www.analog.com/media/en/technical-documentation/data-sheets/ADP7118.pdf,https://www.digikey.com/en/products/detail/analog-devices-inc/ADP7118ACPZN5-0-R7/5056886,"Enable, Soft Start",200mA,140 µA,320 µA,,1,-40°C ~ 125°C (TA),Positive,Fixed,88dB ~ 50dB (10kHz ~ 1MHz),"Over Current, Over Temperature",,,20V,,5V,0.42V @ 200mA
ADP7118ARDZ-5.0-R7,Analog Devices Inc.,IC REG LINEAR 5V 200MA 8-SOIC-EP,pmic-voltage-regulators-linear,942,2.83,"8-SOIC (0.154"", 3.90mm Width) Exposed Pad",Surface Mount,Active,https://www.analog.com/media/en/technical-documentation/data-sheets/ADP7118.pdf,https://www.digikey.com/en/products/detail/analog-devices-inc/ADP7118ARDZ-5-0-R7/5011958,"Enable, Soft Start",200mA,140 µA,320 µA,,1,-40°C ~ 125°C (TA),Positive,Fixed,88dB ~ 50dB (10kHz ~ 1MHz),"Over Current, Over Temperature",,,20V,,5V,0.42V @ 200mA
ADP7118AUJZ-3.3-R7,Analog Devices Inc.,IC REG LIN 3.3V 200MA TSOT-23-5,pmic-voltage-regulators-linear,4926,3.02,"SOT-23-5 Thin, TSOT-23-5",Surface Mount,Active,https://www.analog.com/media/en/technical-documentation/data-sheets/ADP7118.pdf,https://www.digikey.com/en/products/detail/analog-devices-inc/ADP7118AUJZ-3-3-R7/5056890,"Enable, Soft Start",200mA,140 µA,320 µA,,1,-40°C ~ 125°C (TA),Positive,Fixed,88dB ~ 50dB (10kHz ~ 1MHz),"Over Current, Over Temperature",,,20V,,3.3V,0.42V @ 200mA
ADP7118AUJZ-5.0-R7,Analog Devices Inc.,IC REG LINEAR 5V 200MA TSOT-23-5,pmic-voltage-regulators-linear,0,3.02,"SOT-23-5 Thin, TSOT-23-5",Surface Mount,Active,https://www.analog.com/media/en/technical-documentation/data-sheets/ADP7118.pdf,https://www.digikey.com/en/products/detail/analog-devices-inc/ADP7118AUJZ-5-0-R7/5056891,"Enable, Soft Start",200mA,140 µA,320 µA,,1,-40°C ~ 125°C (TA),Positive,Fixed,88dB ~ 50dB (10kHz ~ 1MHz),"Over Current, Over Temperature",,,20V,,5V,0.42V @ 200mA
ADP7118AUJZ-R7,Analog Devices Inc.,IC REG LINEAR POS ADJ TSOT-23-5,pmic-voltage-regulators-linear,0,3.02,"SOT-23-5 Thin, TSOT-23-5",Surface Mount,Active,https://www.analog.com/media/en/technical-documentation/data-sheets/ADP7118.pdf,https://www.digikey.com/en/products/detail/analog-devices-inc/ADP7118AUJZ-R7/5056892,"Enable, Soft Start",200mA,140 µA,320 µA,,1,-40°C ~ 125°C (TA),Positive,Adjustable,88dB ~ 50dB (10kHz ~ 1MHz),"Over Current, Over Temperature",,,20V,19.58V,1.2V,0.42V @ 200mA
ADP7118WAUJZ-5.0-R7,Analog Devices Inc.,IC REG LINEAR 5V 200MA TSOT-23-5,pmic-voltage-regulators-linear,170,3.02,"SOT-23-5 Thin, TSOT-23-5",Surface Mount,Active,https://www.analog.com/media/en/technical-documentation/data-sheets/adp7118.pdf,https://www.digikey.com/en/products/detail/analog-devices-inc/ADP7118WAUJZ-5-0-R7/13583337,"Enable, Soft Start",200mA,140 µA,320 µA,,1,-40°C ~ 125°C,Positive,Fixed,88dB ~ 50dB (10kHz ~ 1MHz),"Over Current, Over Temperature",,,20V,,5V,0.42V @ 200mA
ADP7142ACPZN-R7,Analog Devices Inc.,IC REG LINEAR POS ADJ 6-LFCSP-UD,pmic-voltage-regulators-linear,0,3.85,"6-UDFN Exposed Pad, CSP",Surface Mount,Active,https://www.analog.com/media/en/technical-documentation/data-sheets/ADP7142.pdf,https://www.digikey.com/en/products/detail/analog-devices-inc/ADP7142ACPZN-R7/5011964,"Enable, Soft Start",200mA,140 µA,320 µA,,1,-40°C ~ 125°C,Positive,Adjustable,88dB ~ 50dB (10kHz ~ 1MHz),"Over Temperature, Short Circuit",,,40V,39.58V,1.2V,0.42V @ 200mA
ADP7142ACPZN3.3-R7,Analog Devices Inc.,IC REG LIN 3.3V 200MA 6-LFCSP-UD,pmic-voltage-regulators-linear,13520,3.85,"6-UDFN Exposed Pad, CSP",Surface Mount,Active,https://www.analog.com/media/en/technical-documentation/data-sheets/ADP7142.pdf,https://www.digikey.com/en/products/detail/analog-devices-inc/ADP7142ACPZN3-3-R7/5011962,"Enable, Soft Start",200mA,140 µA,320 µA,,1,-40°C ~ 125°C,Positive,Fixed,,"Over Temperature, Short Circuit",,,40V,,3.3V,0.42V @ 200mA
ADP7142ACPZN5.0-R7,Analog Devices Inc.,IC REG LIN 5V 200MA 6-LFCSP-UD,pmic-voltage-regulators-linear,0,3.85,"6-UDFN Exposed Pad, CSP",Surface Mount,Active,https://www.analog.com/media/en/technical-documentation/data-sheets/ADP7142.pdf,https://www.digikey.com/en/products/detail/analog-devices-inc/ADP7142ACPZN5-0-R7/5011963,"Enable, Soft Start",200mA,140 µA,320 µA,,1,-40°C ~ 125°C,Positive,Fixed,88dB ~ 50dB (10kHz ~ 1MHz),"Over Temperature, Short Circuit",,,40V,,5V,0.42V @ 200mA
ADP7142ARDZ-3.3-R7,Analog Devices Inc.,IC REG LIN 3.3V 200MA 8-SOIC-EP,pmic-voltage-regulators-linear,2415,3.85,"8-SOIC (0.154"", 3.90mm Width) Exposed Pad",Surface Mount,Active,https://www.analog.com/media/en/technical-documentation/data-sheets/ADP7142.pdf,https://www.digikey.com/en/products/detail/analog-devices-inc/ADP7142ARDZ-3-3-R7/5011967,"Enable, Soft Start",200mA,140 µA,320 µA,,1,-40°C ~ 125°C,Positive,Fixed,,"Over Temperature, Short Circuit",,,40V,,3.3V,0.42V @ 200mA
ADP7142ARDZ-5.0-R7,Analog Devices Inc.,IC REG LINEAR 5V 200MA 8-SOIC-EP,pmic-voltage-regulators-linear,713,3.85,"8-SOIC (0.154"", 3.90mm Width) Exposed Pad",Surface Mount,Active,https://www.analog.com/media/en/technical-documentation/data-sheets/ADP7142.pdf,https://www.digikey.com/en/products/detail/analog-devices-inc/ADP7142ARDZ-5-0-R7/5011968,"Enable, Soft Start",200mA,140 µA,320 µA,,1,-40°C ~ 125°C,Positive,Fixed,88dB ~ 50dB (10kHz ~ 1MHz),"Over Temperature, Short Circuit",,,40V,,5V,0.42V @ 200mA
ADP7142ARDZ-R7,Analog Devices Inc.,IC REG LINEAR POS ADJ 8-SOIC-EP,pmic-voltage-regulators-linear,17992,3.85,"8-SOIC (0.154"", 3.90mm Width) Exposed Pad",Surface Mount,Active,https://www.analog.com/media/en/technical-documentation/data-sheets/ADP7142.pdf,https://www.digikey.com/en/products/detail/analog-devices-inc/ADP7142ARDZ-R7/5011969,"Enable, Soft Start",200mA,140 µA,320 µA,,1,-40°C ~ 125°C,Positive,Adjustable,88dB ~ 50dB (10kHz ~ 1MHz),"Over Temperature, Short Circuit",,,40V,39.58V,1.2V,0.42V @ 200mA
ADP7142AUJZ-2.5-R7,Analog Devices Inc.,IC REG LIN 2.5V 200MA TSOT-23-5,pmic-voltage-regulators-linear,4131,4.17,"SOT-23-5 Thin, TSOT-23-5",Surface Mount,Active,https://www.analog.com/media/en/technical-documentation/data-sheets/ADP7142.pdf,https://www.digikey.com/en/products/detail/analog-devices-inc/ADP7142AUJZ-2-5-R7/5056894,Enable,200mA,140 µA,320 µA,,1,-40°C ~ 125°C,Positive,Fixed,,"Over Temperature, Short Circuit",,,40V,,2.5V,
ADP7142AUJZ-3.3-R7,Analog Devices Inc.,IC REG LIN 3.3V 200MA TSOT-23-5,pmic-voltage-regulators-linear,10103,4.17,"SOT-23-5 Thin, TSOT-23-5",Surface Mount,Active,https://www.analog.com/media/en/technical-documentation/data-sheets/ADP7142.pdf,https://www.digikey.com/en/products/detail/analog-devices-inc/ADP7142AUJZ-3-3-R7/5056895,Enable,200mA,140 µA,320 µA,,1,-40°C ~ 125°C,Positive,Fixed,,"Over Temperature, Short Circuit",,,40V,,3.3V,0.42V @ 200mA
ADP7142AUJZ-5.0-R7,Analog Devices Inc.,IC REG LINEAR 5V 200MA TSOT-23-5,pmic-voltage-regulators-linear,0,4.17,"SOT-23-5 Thin, TSOT-23-5",Surface Mount,Active,https://www.analog.com/media/en/technical-documentation/data-sheets/ADP7142.pdf,https://www.digikey.com/en/products/detail/analog-devices-inc/ADP7142AUJZ-5-0-R7/5056896,Enable,200mA,140 µA,320 µA,,1,-40°C ~ 125°C,Positive,Fixed,88dB ~ 50dB (10kHz ~ 1MHz),"Over Temperature, Short Circuit",,,40V,,5V,0.42V @ 200mA
ADP7142AUJZ-R7,Analog Devices Inc.,IC REG LINEAR POS ADJ TSOT-23-5,pmic-voltage-regulators-linear,1403,4.17,"SOT-23-5 Thin, TSOT-23-5",Surface Mount,Active,https://www.analog.com/media/en/technical-documentation/data-sheets/ADP7142.pdf,https://www.digikey.com/en/products/detail/analog-devices-inc/ADP7142AUJZ-R7/5056897,Enable,200mA,140 µA,320 µA,,1,-40°C ~ 125°C,Positive,Adjustable,88dB ~ 50dB (10kHz ~ 1MHz),"Over Temperature, Short Circuit",,,40V,39.58V,1.2V,0.42V @ 200mA
ADP7156ACPZ-1.8-R7,Analog Devices Inc.,IC REG LINEAR 1.8V 1.2A 10LFCSP,pmic-voltage-regulators-linear,10231,9.38,"10-VFDFN Exposed Pad, CSP",Surface Mount,Active,https://www.analog.com/media/en/technical-documentation/data-sheets/ADP7156.pdf,https://www.digikey.com/en/products/detail/analog-devices-inc/ADP7156ACPZ-1-8-R7/5957913,Enable,1.2A,8 mA,12 mA,,1,-40°C ~ 125°C,Positive,Fixed,80dB ~ 60dB (1kHz ~ 1MHz),"Over Current, Over Temperature",,,5.5V,,1.8V,
ADP7156ACPZ-2.5-R7,Analog Devices Inc.,IC REG LINEAR 2.5V 1.2A 10LFCSP,pmic-voltage-regulators-linear,2505,9.38,"10-VFDFN Exposed Pad, CSP",Surface Mount,Active,https://www.analog.com/media/en/technical-documentation/data-sheets/ADP7156.pdf,https://www.digikey.com/en/products/detail/analog-devices-inc/ADP7156ACPZ-2-5-R7/5957915,Enable,1.2A,8 mA,12 mA,,1,-40°C ~ 125°C,Positive,Fixed,,"Over Current, Over Temperature",,,5.5V,,2.5V,
ADP7156ACPZ-3.3-R7,Analog Devices Inc.,IC REG LINEAR 3.3V 1.2A 10LFCSP,pmic-voltage-regulators-linear,4705,9.38,"10-VFDFN Exposed Pad, CSP",Surface Mount,Active,https://www.analog.com/media/en/technical-documentation/data-sheets/ADP7156.pdf,https://www.digikey.com/en/products/detail/analog-devices-inc/ADP7156ACPZ-3-3-R7/5957918,Enable,1.2A,8 mA,12 mA,,1,-40°C ~ 125°C,Positive,Fixed,80dB ~ 60dB (1kHz ~ 1MHz),"Over Current, Over Temperature",,,5.5V,,3.3V,0.17V @ 1.2A
ADP7156ARDZ-3.3-R7,Analog Devices Inc.,IC REG LIN 3.3V 1.2A 8-SOIC-EP,pmic-voltage-regulators-linear,1390,8.68,"8-SOIC (0.154"", 3.90mm Width) Exposed Pad",Surface Mount,Active,https://www.analog.com/media/en/technical-documentation/data-sheets/ADP7156.pdf,https://www.digikey.com/en/products/detail/analog-devices-inc/ADP7156ARDZ-3-3-R7/5957925,Enable,1.2A,8 mA,12 mA,,1,-40°C ~ 125°C,Positive,Fixed,80dB ~ 60dB (1kHz ~ 1MHz),"Over Current, Over Temperature",,,5.5V,,3.3V,0.17V @ 1.2A
ADP7157ACPZ-04-R7,Analog Devices Inc.,IC REG LIN POS ADJ 1.2A 10LFCSP,pmic-voltage-regulators-linear,0,9.38,"10-VFDFN Exposed Pad, CSP",Surface Mount,Active,https://www.analog.com/media/en/technical-documentation/data-sheets/ADP7157.pdf,https://www.digikey.com/en/products/detail/analog-devices-inc/ADP7157ACPZ-04-R7/5887079,Enable,1.2A,8 mA,12 mA,,1,-40°C ~ 125°C,Positive,Adjustable,82dB ~ 55dB (1kHz ~ 1MHz),"Over Current, Over Temperature",,,5.5V,3.3V,1.2V,0.17V @ 1.2A
ADP7158ACPZ-1.8-R7,Analog Devices Inc.,IC REG LINEAR 1.8V 2A 10LFCSP,pmic-voltage-regulators-linear,1494,10.51,"10-VFDFN Exposed Pad, CSP",Surface Mount,Active,https://www.analog.com/media/en/technical-documentation/data-sheets/ADP7158.pdf,https://www.digikey.com/en/products/detail/analog-devices-inc/ADP7158ACPZ-1-8-R7/5957933,Enable,2A,8 mA,14 mA,,1,-40°C ~ 125°C,Positive,Fixed,70dB ~ 50dB (1kHz ~ 1MHz),"Over Current, Over Temperature, Under Voltage Lockout (UVLO)",,,5.5V,,1.8V,
ADP7158ACPZ-2.0-R7,Analog Devices Inc.,IC REG LINEAR 2V 2A 10LFCSP,pmic-voltage-regulators-linear,2360,10.51,"10-VFDFN Exposed Pad, CSP",Surface Mount,Active,https://www.analog.com/media/en/technical-documentation/data-sheets/ADP7158.pdf,https://www.digikey.com/en/products/detail/analog-devices-inc/ADP7158ACPZ-2-0-R7/5957934,Enable,2A,8 mA,14 mA,,1,-40°C ~ 125°C,Positive,Fixed,,"Over Current, Over Temperature, Under Voltage Lockout (UVLO)",,,5.5V,,2V,
ADP7158ACPZ-3.3-R7,Analog Devices Inc.,IC REG LINEAR 3.3V 2A 10LFCSP,pmic-voltage-regulators-linear,5411,10.51,"10-VFDFN Exposed Pad, CSP",Surface Mount,Active,https://www.analog.com/media/en/technical-documentation/data-sheets/ADP7158.pdf,https://www.digikey.com/en/products/detail/analog-devices-inc/ADP7158ACPZ-3-3-R7/5957938,Enable,2A,8 mA,14 mA,,1,-40°C ~ 125°C,Positive,Fixed,70dB ~ 50dB (1kHz ~ 1MHz),"Over Current, Over Temperature, Under Voltage Lockout (UVLO)",,,5.5V,,3.3V,0.28V @ 2A
ADP7158ARDZ-3.3-R7,Analog Devices Inc.,IC REG LINEAR 3.3V 2A 8-SOIC-EP,pmic-voltage-regulators-linear,2430,9.73,"8-SOIC (0.154"", 3.90mm Width) Exposed Pad",Surface Mount,Active,https://www.analog.com/media/en/technical-documentation/data-sheets/ADP7158.pdf,https://www.digikey.com/en/products/detail/analog-devices-inc/ADP7158ARDZ-3-3-R7/5957945,Enable,2A,8 mA,14 mA,,1,-40°C ~ 125°C,Positive,Fixed,70dB ~ 50dB (1kHz ~ 1MHz),"Over Current, Over Temperature, Under Voltage Lockout (UVLO)",,,5.5V,,3.3V,0.28V @ 2A
ADP7159ACPZ-01-R7,Analog Devices Inc.,IC REG LINEAR POS ADJ 2A 10LFCSP,pmic-voltage-regulators-linear,1573,10.51,"10-VFDFN Exposed Pad, CSP",Surface Mount,Active,https://www.analog.com/media/en/technical-documentation/data-sheets/ADP7159.pdf,https://www.digikey.com/en/products/detail/analog-devices-inc/ADP7159ACPZ-01-R7/5887080,Enable,2A,8 mA,14 mA,,1,-40°C ~ 125°C,Positive,Adjustable,55dB ~ 40dB (1kHz ~ 1MHz),"Over Current, Over Temperature, Under Voltage Lockout (UVLO)",,,5.5V,1.8V,1.2V,0.28V @ 2A
ADP7159ACPZ-04-R7,Analog Devices Inc.,IC REG LINEAR POS ADJ 2A 10LFCSP,pmic-voltage-regulators-linear,5534,10.51,"10-VFDFN Exposed Pad, CSP",Surface Mount,Active,https://www.analog.com/media/en/technical-documentation/data-sheets/ADP7159.pdf,https://www.digikey.com/en/products/detail/analog-devices-inc/ADP7159ACPZ-04-R7/5887083,Enable,2A,8 mA,14 mA,,1,-40°C ~ 125°C (TJ),Positive,Adjustable,68dB ~ 45dB (1kHz ~ 1MHz),"Over Current, Over Temperature, Under Voltage Lockout (UVLO)",,,5.5V,3.3V,1.2V,0.28V @ 2A
ADP7159ARDZ-04-R7,Analog Devices Inc.,IC REG LIN POS ADJ 2A 8-SOIC-EP,pmic-voltage-regulators-linear,1773,9.73,"8-SOIC (0.154"", 3.90mm Width) Exposed Pad",Surface Mount,Active,https://www.analog.com/media/en/technical-documentation/data-sheets/ADP7159.pdf,https://www.digikey.com/en/products/detail/analog-devices-inc/ADP7159ARDZ-04-R7/5957952,Enable,2A,8 mA,14 mA,,1,-40°C ~ 125°C,Positive,Adjustable,68dB ~ 45dB (1kHz ~ 1MHz),"Over Current, Over Temperature, Under Voltage Lockout (UVLO)",,,5.5V,3.3V,1.2V,0.28V @ 2A
ADP7182ACPZ-R7,Analog Devices Inc.,IC REG LINEAR NEG ADJ 8-LFCSP-WD,pmic-voltage-regulators-linear,3272,5.36,"8-WFDFN Exposed Pad, CSP",Surface Mount,Active,https://www.analog.com/media/en/technical-documentation/data-sheets/ADP7182.pdf,https://www.digikey.com/en/products/detail/analog-devices-inc/ADP7182ACPZ-R7/4171710,Enable,200mA,53 µA,850 µA,,1,-40°C ~ 125°C,Negative,Adjustable,66dB ~ 45dB (10kHz ~ 1MHz),"Over Current, Over Temperature",,,-28V,-27.64V,-1.22V,0.36V @ 200mA
ADP7182ACPZN-2.5R7,Analog Devices Inc.,IC REG LINEAR -2.5V 6-LFCSP-UD,pmic-voltage-regulators-linear,2863,4.84,"6-UDFN Exposed Pad, CSP",Surface Mount,Active,https://www.analog.com/media/en/technical-documentation/data-sheets/ADP7182.pdf,https://www.digikey.com/en/products/detail/analog-devices-inc/ADP7182ACPZN-2-5R7/5011551,Enable,200mA,53 µA,850 µA,,1,-40°C ~ 125°C,Negative,Fixed,,"Over Current, Over Temperature",,,-28V,,-2.5V,
ADP7182ACPZN-R7,Analog Devices Inc.,IC REG LINEAR NEG ADJ 6-LFCSP-UD,pmic-voltage-regulators-linear,2801,4.84,"6-UDFN Exposed Pad, CSP",Surface Mount,Active,https://www.analog.com/media/en/technical-documentation/data-sheets/ADP7182.pdf,https://www.digikey.com/en/products/detail/analog-devices-inc/ADP7182ACPZN-R7/5011553,Enable,200mA,53 µA,850 µA,,1,-40°C ~ 125°C,Negative,Adjustable,66dB ~ 45dB (10kHz ~ 1MHz),"Over Current, Over Temperature",,,-28V,-27.64V,-1.22V,0.36V @ 200mA
ADP7182AUJZ-2.5-R7,Analog Devices Inc.,IC REG LIN -2.5V 200MA TSOT-23-5,pmic-voltage-regulators-linear,0,5.2,"SOT-23-5 Thin, TSOT-23-5",Surface Mount,Active,https://www.analog.com/media/en/technical-documentation/data-sheets/ADP7182.pdf,https://www.digikey.com/en/products/detail/analog-devices-inc/ADP7182AUJZ-2-5-R7/4901222,Enable,200mA,53 µA,850 µA,,1,-40°C ~ 125°C,Negative,Fixed,,"Over Current, Over Temperature",,,-28V,,-2.5V,
ADP7182AUJZ-3.0-R7,Analog Devices Inc.,IC REG LIN -3V 200MA TSOT-23-5,pmic-voltage-regulators-linear,4052,5.2,"SOT-23-5 Thin, TSOT-23-5",Surface Mount,Active,https://www.analog.com/media/en/technical-documentation/data-sheets/ADP7182.pdf,https://www.digikey.com/en/products/detail/analog-devices-inc/ADP7182AUJZ-3-0-R7/4901223,Enable,200mA,53 µA,850 µA,,1,-40°C ~ 125°C,Negative,Fixed,66dB ~ 45dB (10kHz ~ 1MHz),"Over Current, Over Temperature",,,-28V,,-3V,0.36V @ 200mA
ADP7182AUJZ-5.0-R7,Analog Devices Inc.,IC REG LIN -5V 200MA TSOT-23-5,pmic-voltage-regulators-linear,15270,5.2,"SOT-23-5 Thin, TSOT-23-5",Surface Mount,Active,https://www.analog.com/media/en/technical-documentation/data-sheets/ADP7182.pdf,https://www.digikey.com/en/products/detail/analog-devices-inc/ADP7182AUJZ-5-0-R7/4901224,Enable,200mA,53 µA,850 µA,,1,-40°C ~ 125°C,Negative,Fixed,66dB ~ 32dB (10kHz ~ 1MHz),"Over Current, Over Temperature",,,-28V,,-5V,0.36V @ 200mA
ADP7182AUJZ-R7,Analog Devices Inc.,IC REG LINEAR NEG ADJ TSOT-23-5,pmic-voltage-regulators-linear,5556,5.2,"SOT-23-5 Thin, TSOT-23-5",Surface Mount,Active,https://www.analog.com/media/en/technical-documentation/data-sheets/ADP7182.pdf,https://www.digikey.com/en/products/detail/analog-devices-inc/ADP7182AUJZ-R7/4901225,Enable,200mA,53 µA,850 µA,,1,-40°C ~ 125°C,Negative,Adjustable,66dB ~ 45dB (10kHz ~ 1MHz),"Over Current, Over Temperature",,,-28V,-27.64V,-1.22V,0.36V @ 200mA
ADP7183ACPZN-R7,Analog Devices Inc.,IC REG LIN NEG ADJ 300MA 8-LFCSP,pmic-voltage-regulators-linear,5066,5.36,"8-UFDFN Exposed Pad, CSP",Surface Mount,Active,https://www.analog.com/media/en/technical-documentation/data-sheets/ADP7183.pdf,https://www.digikey.com/en/products/detail/analog-devices-inc/ADP7183ACPZN-R7/6490612,Enable,300mA,900 µA,7 mA,,1,-40°C ~ 125°C (TJ),Negative,Adjustable,85dB ~ 40dB (1kHz ~ 1MHz),"Current Limit, Thermal Overload",,,-5.5V,-5V,-0.5V,0.22V @ 300mA
ADP7183ACPZN2.5-R7,Analog Devices Inc.,IC REG LIN -2.5V 300MA 8-LFCSP,pmic-voltage-regulators-linear,4299,5.36,"8-UFDFN Exposed Pad, CSP",Surface Mount,Active,https://www.analog.com/media/en/technical-documentation/data-sheets/ADP7183.pdf,https://www.digikey.com/en/products/detail/analog-devices-inc/ADP7183ACPZN2-5-R7/6490609,Enable,300mA,900 µA,7 mA,,1,-40°C ~ 125°C (TJ),Negative,Fixed,85dB ~ 40dB (1kHz ~ 1MHz),"Current Limit, Thermal Overload",,,-5.5V,,-2.5V,0.22V @ 300mA
ADP7183ACPZN3.3-R7,Analog Devices Inc.,IC REG LIN -3.3V 300MA 8-LFCSP,pmic-voltage-regulators-linear,5093,5.36,"8-UFDFN Exposed Pad, CSP",Surface Mount,Active,https://www.analog.com/media/en/technical-documentation/data-sheets/ADP7183.pdf,https://www.digikey.com/en/products/detail/analog-devices-inc/ADP7183ACPZN3-3-R7/6490611,Enable,300mA,900 µA,7 mA,,1,-40°C ~ 125°C (TJ),Negative,Fixed,85dB ~ 40dB (1kHz ~ 1MHz),"Current Limit, Thermal Overload",,,-5.5V,,-3.3V,0.22V @ 300mA
ADP7185ACPZN-R7,Analog Devices Inc.,IC REG LIN NEG ADJ 500MA 8-LFCSP,pmic-voltage-regulators-linear,515,5.58,"8-UFDFN Exposed Pad, CSP",Surface Mount,Active,https://www.analog.com/media/en/technical-documentation/data-sheets/ADP7185.pdf,https://www.digikey.com/en/products/detail/analog-devices-inc/ADP7185ACPZN-R7/7390054,"Enable, Power On Reset",500mA,900 µA,7 mA,,1,-40°C ~ 125°C (TJ),Negative,Adjustable,80dB ~ 40dB (1kHz ~ 1MHz),Over Current,,,-5.5V,-5V,-0.5V,0.36V @ 500mA
AP2112K-1.2TRG1,Diodes Incorporated,IC REG LINEAR 1.2V 600MA SOT-25,pmic-voltage-regulators-linear,2552,0.23,"SC-74A, SOT-753",Surface Mount,Active,https://www.diodes.com/assets/Datasheets/AP2112.pdf,https://www.digikey.com/en/products/detail/diodes-incorporated/AP2112K-1-2TRG1/4570636,Enable,600mA,80 µA,,,1,-40°C ~ 85°C,Positive,Fixed,65dB (100Hz ~ 1kHz),"Over Current, Over Temperature",,,6V,,1.2V,1.3V @ 600mA
AP2112K-1.8TRG1,Diodes Incorporated,IC REG LINEAR 1.8V 600MA SOT-25,pmic-voltage-regulators-linear,1375,0.23,"SC-74A, SOT-753",Surface Mount,Active,https://www.diodes.com/assets/Datasheets/AP2112.pdf,https://www.digikey.com/en/products/detail/diodes-incorporated/AP2112K-1-8TRG1/4470745,Enable,600mA,80 µA,,,1,-40°C ~ 85°C,Positive,Fixed,65dB (100Hz ~ 1kHz),"Over Current, Over Temperature",,,6V,,1.8V,0.7V @ 600mA
AP2112K-3.3TRG1,Diodes Incorporated,IC REG LINEAR 3.3V 600MA SOT-25,pmic-voltage-regulators-linear,31879,0.25,"SC-74A, SOT-753",Surface Mount,Active,https://www.diodes.com/assets/Datasheets/AP2112.pdf,https://www.digikey.com/en/products/detail/diodes-incorporated/AP2112K-3-3TRG1/4470746,Enable,600mA,80 µA,,,1,-40°C ~ 85°C,Positive,Fixed,65dB (100Hz ~ 1kHz),"Over Current, Over Temperature",,,6V,,3.3V,0.4V @ 600mA
AP2114H-1.2TRG1,Diodes Incorporated,IC REG LINEAR 1.2V 1A SOT-223-3,pmic-voltage-regulators-linear,31851,0.26,"TO-261-4, TO-261AA",Surface Mount,Active,https://www.diodes.com/assets/Datasheets/AP2114.pdf,https://www.digikey.com/en/products/detail/diodes-incorporated/AP2114H-1-2TRG1/4470753,,1A,75 µA,,,1,-40°C ~ 85°C,Positive,Fixed,68dB (100Hz ~ 1kHz),"Over Current, Over Temperature",,,6V,,1.2V,1.3V @ 1A
AP2114H-1.8TRG1,Diodes Incorporated,IC REG LINEAR 1.8V 1A SOT-223-3,pmic-voltage-regulators-linear,20519,0.26,"TO-261-4, TO-261AA",Surface Mount,Active,https://www.diodes.com/assets/Datasheets/AP2114.pdf,https://www.digikey.com/en/products/detail/diodes-incorporated/AP2114H-1-8TRG1/4470754,,1A,75 µA,,,1,-40°C ~ 85°C,Positive,Fixed,68dB (100Hz ~ 1kHz),"Over Current, Over Temperature",,,6V,,1.8V,0.7V @ 1A
AP2114H-2.5TRG1,Diodes Incorporated,IC REG LINEAR 2.5V 1A SOT-223-3,pmic-voltage-regulators-linear,1861,0.26,"TO-261-4, TO-261AA",Surface Mount,Active,https://www.diodes.com/assets/Datasheets/AP2114.pdf,https://www.digikey.com/en/products/detail/diodes-incorporated/AP2114H-2-5TRG1/4470755,,1A,80 µA,,,1,-40°C ~ 85°C,Positive,Fixed,65dB (100Hz ~ 1kHz),"Over Current, Over Temperature",,,6V,,2.5V,0.75V @ 1A
AP2114H-3.3TRG1,Diodes Incorporated,IC REG LINEAR 3.3V 1A SOT-223-3,pmic-voltage-regulators-linear,30359,0.28,"TO-261-4, TO-261AA",Surface Mount,Active,https://www.diodes.com/assets/Datasheets/AP2114.pdf,https://www.digikey.com/en/products/detail/diodes-incorporated/AP2114H-3-3TRG1/4470756,,1A,90 µA,,,1,-40°C ~ 85°C,Positive,Fixed,65dB (100Hz ~ 1kHz),"Over Current, Over Temperature",,,6V,,3.3V,0.75V @ 1A
AP2114HA-1.2TRG1,Diodes Incorporated,IC REG LINEAR 1.2V 1A SOT-223-3,pmic-voltage-regulators-linear,15593,0.24,"TO-261-4, TO-261AA",Surface Mount,Active,https://www.diodes.com/assets/Datasheets/AP2114.pdf,https://www.digikey.com/en/products/detail/diodes-incorporated/AP2114HA-1-2TRG1/4470757,,1A,75 µA,,,1,-40°C ~ 85°C,Positive,Fixed,68dB (100Hz ~ 1kHz),"Over Current, Over Temperature",,,6V,,1.2V,1.3V @ 1A
AP2114HA-3.3TRG1,Diodes Incorporated,IC REG LINEAR 3.3V 1A SOT-223-3,pmic-voltage-regulators-linear,21186,0.29,"TO-261-4, TO-261AA",Surface Mount,Active,https://www.diodes.com/assets/Datasheets/AP2114.pdf,https://www.digikey.com/en/products/detail/diodes-incorporated/AP2114HA-3-3TRG1/4770627,,1A,90 µA,,,1,-40°C ~ 85°C,Positive,Fixed,65dB (100Hz ~ 1kHz),"Over Current, Over Temperature",,,6V,,3.3V,0.75V @ 1A
AP2115M-3.3TRG1,Diodes Incorporated,IC REG LINEAR 3.3V 1A 8-SOIC,pmic-voltage-regulators-linear,5589,0.25,"8-SOIC (0.154"", 3.90mm Width)",Surface Mount,Active,https://www.diodes.com/assets/Datasheets/AP2115.pdf,https://www.digikey.com/en/products/detail/diodes-incorporated/AP2115M-3-3TRG1/5305574,Enable,1A,90 µA,,,1,-40°C ~ 85°C,Positive,Fixed,65dB (100Hz ~ 1kHz),"Over Current, Over Temperature",,,6V,,3.3V,0.75V @ 1A
AP2125K-3.3TRG1,Diodes Incorporated,IC REG LINEAR 3.3V 300MA SOT23-5,pmic-voltage-regulators-linear,21960,0.2,"SC-74A, SOT-753",Surface Mount,Active,https://www.diodes.com/assets/Datasheets/AP2125.pdf,https://www.digikey.com/en/products/detail/diodes-incorporated/AP2125K-3-3TRG1/4470777,Enable,300mA,90 µA,,,1,-40°C ~ 85°C (TA),Positive,Fixed,65dB (100Hz ~ 1kHz),"Over Current, Over Temperature",,,6V,,3.3V,0.3V @ 300mA
AP2125KS-3.3TRG1,Diodes Incorporated,IC REG LINEAR 3.3V 300MA SC-70-5,pmic-voltage-regulators-linear,2232,0.28,"5-TSSOP, SC-70-5, SOT-353",Surface Mount,Active,https://www.diodes.com/assets/Datasheets/AP2125.pdf,https://www.digikey.com/en/products/detail/diodes-incorporated/AP2125KS-3-3TRG1/5305655,Enable,300mA,90 µA,,,1,-40°C ~ 85°C (TA),Positive,Fixed,65dB (100Hz ~ 1kHz),"Over Current, Over Temperature",,,6V,,3.3V,0.3V @ 300mA
AP2127K-1.2TRG1,Diodes Incorporated,IC REG LINEAR 1.2V 300MA SOT23-5,pmic-voltage-regulators-linear,3795,0.2,"SC-74A, SOT-753",Surface Mount,Active,https://www.diodes.com/assets/Datasheets/AP2127.pdf,https://www.digikey.com/en/products/detail/diodes-incorporated/AP2127K-1-2TRG1/4470782,,300mA,90 µA,,,1,-40°C ~ 85°C,Positive,Fixed,68dB ~ 54dB (100Hz ~ 10kHz),"Over Current, Over Temperature",,,6V,,1.2V,1.3V @ 300mA
AP2127K-1.8TRG1,Diodes Incorporated,IC REG LINEAR 1.8V 300MA SOT23-5,pmic-voltage-regulators-linear,161993,0.18,"SC-74A, SOT-753",Surface Mount,Active,https://www.diodes.com/assets/Datasheets/AP2127.pdf,https://www.digikey.com/en/products/detail/diodes-incorporated/AP2127K-1-8TRG1/4470784,,300mA,90 µA,,,1,-40°C ~ 85°C,Positive,Fixed,68dB ~ 54dB (100Hz ~ 10kHz),"Over Current, Over Temperature",,,6V,,1.8V,0.7V @ 300mA
AP2127K-2.8TRG1,Diodes Incorporated,IC REG LINEAR 2.8V 300MA SOT23-5,pmic-voltage-regulators-linear,26150,0.18,"SC-74A, SOT-753",Surface Mount,Active,https://www.diodes.com/assets/Datasheets/AP2127.pdf,https://www.digikey.com/en/products/detail/diodes-incorporated/AP2127K-2-8TRG1/4570641,,300mA,90 µA,,,1,-40°C ~ 85°C,Positive,Fixed,68dB ~ 54dB (100Hz ~ 10kHz),"Over Current, Over Temperature",,,6V,,2.8V,0.3V @ 300mA
AP2127K-3.3TRG1,Diodes Incorporated,IC REG LINEAR 3.3V 300MA SOT23-5,pmic-voltage-regulators-linear,72460,0.21,"SC-74A, SOT-753",Surface Mount,Active,https://www.diodes.com/assets/Datasheets/AP2127.pdf,https://www.digikey.com/en/products/detail/diodes-incorporated/AP2127K-3-3TRG1/4470786,,300mA,90 µA,,,1,-40°C ~ 85°C,Positive,Fixed,68dB ~ 54dB (100Hz ~ 10kHz),"Over Current, Over Temperature",,,6V,,3.3V,0.3V @ 300mA
AP2127N-1.8TRG1,Diodes Incorporated,IC REG LINEAR 1.8V 300MA SOT23-3,pmic-voltage-regulators-linear,12187,0.2,"TO-236-3, SC-59, SOT-23-3",Surface Mount,Active,https://www.diodes.com/assets/Datasheets/AP2127.pdf,https://www.digikey.com/en/products/detail/diodes-incorporated/AP2127N-1-8TRG1/4470789,,300mA,90 µA,,,1,-40°C ~ 85°C,Positive,Fixed,68dB ~ 54dB (100Hz ~ 10kHz),"Over Current, Over Temperature",,,6V,,1.8V,0.7V @ 300mA
AP2127N-3.3TRG1,Diodes Incorporated,IC REG LINEAR 3.3V 300MA SOT23-3,pmic-voltage-regulators-linear,3326,0.18,"TO-236-3, SC-59, SOT-23-3",Surface Mount,Active,https://www.diodes.com/assets/Datasheets/AP2127.pdf,https://www.digikey.com/en/products/detail/diodes-incorporated/AP2127N-3-3TRG1/4470792,,300mA,90 µA,,,1,-40°C ~ 85°C,Positive,Fixed,68dB ~ 54dB (100Hz ~ 10kHz),"Over Current, Over Temperature",,,6V,,3.3V,0.3V @ 300mA
AP2138N-1.8TRG1,Diodes Incorporated,IC REG LINEAR 1.8V 250MA SOT23-3,pmic-voltage-regulators-linear,2697,0.26,"TO-236-3, SC-59, SOT-23-3",Surface Mount,Active,https://www.diodes.com/assets/Datasheets/AP2138-9.pdf,https://www.digikey.com/en/products/detail/diodes-incorporated/AP2138N-1-8TRG1/4470802,,250mA,1.5 µA,,,1,-40°C ~ 85°C,Positive,Fixed,,Over Current,,,6V,,1.8V,1.1V @ 250mA
AP2138N-2.5TRG1,Diodes Incorporated,IC REG LINEAR 2.5V 250MA SOT23-3,pmic-voltage-regulators-linear,12681,0.24,"TO-236-3, SC-59, SOT-23-3",Surface Mount,Active,https://www.diodes.com/assets/Datasheets/AP2138-9.pdf,https://www.digikey.com/en/products/detail/diodes-incorporated/AP2138N-2-5TRG1/4470803,,250mA,1.5 µA,,,1,-40°C ~ 85°C (TA),Positive,Fixed,,Over Current,,,6V,,2.5V,1V @ 250mA
AP2138N-2.8TRG1,Diodes Incorporated,IC REG LINEAR 2.8V 250MA SOT23-3,pmic-voltage-regulators-linear,3009,0.24,"TO-236-3, SC-59, SOT-23-3",Surface Mount,Active,https://www.diodes.com/assets/Datasheets/AP2138-9.pdf,https://www.digikey.com/en/products/detail/diodes-incorporated/AP2138N-2-8TRG1/4770630,,250mA,1.5 µA,,,1,-40°C ~ 85°C (TA),Positive,Fixed,,Over Current,,,6V,,2.8V,0.8V @ 250mA
AP2138N-3.0TRG1,Diodes Incorporated,IC REG LINEAR 3V 250MA SOT23-3,pmic-voltage-regulators-linear,375475,0.24,"TO-236-3, SC-59, SOT-23-3",Surface Mount,Active,https://www.diodes.com/assets/Datasheets/AP2138-9.pdf,https://www.digikey.com/en/products/detail/diodes-incorporated/AP2138N-3-0TRG1/4770631,,250mA,1.5 µA,,,1,-40°C ~ 85°C (TA),Positive,Fixed,,Over Current,,,6V,,3V,0.7V @ 250mA
AP2138N-3.3TRG1,Diodes Incorporated,IC REG LINEAR 3.3V 250MA SOT23-3,pmic-voltage-regulators-linear,61608,0.24,"TO-236-3, SC-59, SOT-23-3",Surface Mount,Active,https://www.diodes.com/assets/Datasheets/AP2138-9.pdf,https://www.digikey.com/en/products/detail/diodes-incorporated/AP2138N-3-3TRG1/4470804,,250mA,1.5 µA,,,1,-40°C ~ 85°C (TA),Positive,Fixed,,Over Current,,,6V,,3.3V,0.6V @ 250mA
AP2139AK-3.3TRG1,Diodes Incorporated,IC REG LINEAR 3.3V 250MA SOT23-5,pmic-voltage-regulators-linear,164626,0.28,"SC-74A, SOT-753",Surface Mount,Last Time Buy,https://www.diodes.com/assets/Datasheets/AP2138-9.pdf,https://www.digikey.com/en/products/detail/diodes-incorporated/AP2139AK-3-3TRG1/4470806,Enable,250mA,1.5 µA,,,1,-40°C ~ 85°C,Positive,Fixed,,Over Current,,,6V,,3.3V,0.6V @ 250mA
AP2202K-3.3TRG1,Diodes Incorporated,IC REG LINEAR 3.3V 150MA SOT23-5,pmic-voltage-regulators-linear,11312,0.24,"SC-74A, SOT-753",Surface Mount,Active,https://www.diodes.com/assets/Datasheets/AP2202.pdf,https://www.digikey.com/en/products/detail/diodes-incorporated/AP2202K-3-3TRG1/4470807,Enable,150mA,150 µA,2.5 mA,,1,-40°C ~ 125°C,Positive,Fixed,75dB (100Hz),"Over Current, Over Temperature, Reverse Polarity",,,13.2V,,3.3V,0.35V @ 150mA
AP2202K-ADJTRG1,Diodes Incorporated,IC REG LIN POS ADJ 150MA SOT23-5,pmic-voltage-regulators-linear,29200,0.24,"SC-74A, SOT-753",Surface Mount,Active,https://www.diodes.com/assets/Datasheets/AP2202.pdf,https://www.digikey.com/en/products/detail/diodes-incorporated/AP2202K-ADJTRG1/4470808,Enable,150mA,150 µA,2.5 mA,,1,-40°C ~ 125°C,Positive,Adjustable,75dB (100Hz),"Over Current, Over Temperature, Reverse Polarity",,,13.2V,12.85V,2.3V,0.35V @ 150mA
AP2205-50W5-7,Diodes Incorporated,IC REG LINEAR 5V 250MA SOT-25,pmic-voltage-regulators-linear,1506,0.32,"SC-74A, SOT-753",Surface Mount,Active,https://www.diodes.com/assets/Datasheets/AP2205.pdf,https://www.digikey.com/en/products/detail/diodes-incorporated/AP2205-50W5-7/10294899,Enable,250mA,,,,1,-40°C ~ 125°C (TJ),Positive,Fixed,60dB (100Hz ~ 1kHz),"Over Current, Over Temperature, Reverse Polarity",,,24V,,5V,0.5V @ 150mA
AP2210K-3.0TRG1,Diodes Incorporated,IC REG LINEAR 3V 300MA SOT23-5,pmic-voltage-regulators-linear,7774,0.21,"SC-74A, SOT-753",Surface Mount,Active,https://www.diodes.com/assets/Datasheets/AP2210.pdf,https://www.digikey.com/en/products/detail/diodes-incorporated/AP2210K-3-0TRG1/4470817,Enable,300mA,180 µA,15 mA,,1,-40°C ~ 85°C,Positive,Fixed,75dB (100Hz),"Over Current, Over Temperature, Reverse Polarity",,,13.2V,,3V,0.5V @ 300mA
AP2210K-3.3TRG1,Diodes Incorporated,IC REG LINEAR 3.3V 300MA SOT23-5,pmic-voltage-regulators-linear,44608,0.22,"SC-74A, SOT-753",Surface Mount,Active,https://www.diodes.com/assets/Datasheets/AP2210.pdf,https://www.digikey.com/en/products/detail/diodes-incorporated/AP2210K-3-3TRG1/4470819,Enable,300mA,180 µA,15 mA,,1,-40°C ~ 85°C,Positive,Fixed,75dB (100Hz),"Over Current, Over Temperature, Reverse Polarity",,,13.2V,,3.3V,0.5V @ 300mA
AP2210K-5.0TRG1,Diodes Incorporated,IC REG LINEAR 5V 300MA SOT23-5,pmic-voltage-regulators-linear,1042,0.28,"SC-74A, SOT-753",Surface Mount,Active,https://www.diodes.com/assets/Datasheets/AP2210.pdf,https://www.digikey.com/en/products/detail/diodes-incorporated/AP2210K-5-0TRG1/4470820,Enable,300mA,180 µA,15 mA,,1,-40°C ~ 85°C,Positive,Fixed,75dB (100Hz),"Over Current, Over Temperature, Reverse Polarity",,,13.2V,,5V,0.5V @ 300mA
AP2210K-ADJTRG1,Diodes Incorporated,IC REG LIN POS ADJ 300MA SOT23-5,pmic-voltage-regulators-linear,129807,0.3,"SC-74A, SOT-753",Surface Mount,Active,https://www.diodes.com/assets/Datasheets/AP2210.pdf,https://www.digikey.com/en/products/detail/diodes-incorporated/AP2210K-ADJTRG1/4470821,Enable,300mA,180 µA,15 mA,,1,-40°C ~ 85°C,Positive,Adjustable,75dB (100Hz),"Over Current, Over Temperature, Reverse Polarity",,,13.2V,12.7V,1.25V,0.5V @ 300mA
AP2210N-3.0TRG1,Diodes Incorporated,IC REG LINEAR 3V 300MA SOT23-3,pmic-voltage-regulators-linear,9585,0.21,"TO-236-3, SC-59, SOT-23-3",Surface Mount,Active,https://www.diodes.com/assets/Datasheets/AP2210.pdf,https://www.digikey.com/en/products/detail/diodes-incorporated/AP2210N-3-0TRG1/4570642,,300mA,180 µA,15 mA,,1,-40°C ~ 85°C,Positive,Fixed,75dB (100Hz),"Over Current, Over Temperature, Reverse Polarity",,,13.2V,,3V,0.5V @ 300mA
AP2210N-4.0TRG1,Diodes Incorporated,IC REG LINEAR 4V 300MA SOT23-3,pmic-voltage-regulators-linear,33000,0.21,"TO-236-3, SC-59, SOT-23-3",Surface Mount,Active,https://www.diodes.com/assets/Datasheets/AP2210.pdf,https://www.digikey.com/en/products/detail/diodes-incorporated/AP2210N-4-0TRG1/5305727,,300mA,180 µA,15 mA,,1,-40°C ~ 85°C,Positive,Fixed,75dB (100Hz),"Over Current, Over Temperature, Reverse Polarity",,,13.2V,,4V,0.5V @ 300mA
AP7179DSKZ20-13,Diodes Incorporated,IC REG LIN POS ADJ 3A W-QFN3535,pmic-voltage-regulators-linear,4957,1.52,20-WFQFN Exposed Pad,Surface Mount,Active,https://www.diodes.com/assets/Datasheets/AP7179D.pdf,https://www.digikey.com/en/products/detail/diodes-incorporated/AP7179DSKZ20-13/18674707,"Current Limit, Enable, Power Good, Soft Start",3A,4 mA,5.5 mA,,1,-40°C ~ 125°C (TJ),Positive,Adjustable,42dB ~ 25dB (10kHz ~ 500kHz),"Over Current, Over Temperature, Reverse Current, Short Circuit, Under Voltage Lockout (UVLO)",,,6.5V,5.5V,0.8V,0.18V @ 3A
AP7311-WG-7,Diodes Incorporated,IC REG LIN POS ADJ 150MA SOT-25,pmic-voltage-regulators-linear,1287,0.29,"SC-74A, SOT-753",Surface Mount,Active,https://www.diodes.com/assets/Datasheets/AP7311.pdf,https://www.digikey.com/en/products/detail/diodes-incorporated/AP7311-WG-7/2182588,Enable,150mA,75 µA,85 µA,,1,-40°C ~ 85°C (TA),Positive,Adjustable,65dB (100Hz),"Over Current, Over Temperature, Short Circuit",,,6V,5V,0.8V,0.3V @ 150mA
AP7313-18SAG-7,Diodes Incorporated,IC REG LINEAR 1.8V 150MA SOT23-3,pmic-voltage-regulators-linear,15014,0.24,"TO-236-3, SC-59, SOT-23-3",Surface Mount,Active,https://www.diodes.com/assets/Datasheets/AP7313.pdf,https://www.digikey.com/en/products/detail/diodes-incorporated/AP7313-18SAG-7/2270804,,150mA,75 µA,85 µA,,1,-40°C ~ 85°C,Positive,Fixed,65dB (100Hz),"Over Current, Over Temperature, Short Circuit",,,6V,,1.8V,
AP7313-18SRG-7,Diodes Incorporated,IC REG LINEAR 1.8V 150MA SOT23R,pmic-voltage-regulators-linear,2514,0.25,"TO-236-3, SC-59, SOT-23-3",Surface Mount,Active,https://www.diodes.com/assets/Datasheets/AP7313.pdf,https://www.digikey.com/en/products/detail/diodes-incorporated/AP7313-18SRG-7/2270805,,150mA,75 µA,85 µA,,1,-40°C ~ 85°C,Positive,Fixed,65dB (100Hz),"Over Current, Over Temperature, Short Circuit",,,6V,,1.8V,
AP7313-33SAG-7,Diodes Incorporated,IC REG LINEAR 3.3V 150MA SOT23-3,pmic-voltage-regulators-linear,1771,0.24,"TO-236-3, SC-59, SOT-23-3",Surface Mount,Active,https://www.diodes.com/assets/Datasheets/AP7313.pdf,https://www.digikey.com/en/products/detail/diodes-incorporated/AP7313-33SAG-7/2270806,,150mA,75 µA,85 µA,,1,-40°C ~ 85°C,Positive,Fixed,65dB (100Hz),"Over Current, Over Temperature, Short Circuit",,,6V,,3.3V,0.3V @ 150mA
AP7313-33SRG-7,Diodes Incorporated,IC REG LINEAR 3.3V 150MA SOT23R,pmic-voltage-regulators-linear,36218,0.26,"TO-236-3, SC-59, SOT-23-3",Surface Mount,Active,https://www.diodes.com/assets/Datasheets/AP7313.pdf,https://www.digikey.com/en/products/detail/diodes-incorporated/AP7313-33SRG-7/2270807,,150mA,75 µA,85 µA,,1,-40°C ~ 85°C,Positive,Fixed,65dB (100Hz),"Over Current, Over Temperature, Short Circuit",,,6V,,3.3V,0.3V @ 150mA
AP7330-W5-7,Diodes Incorporated,IC REG LIN POS ADJ 300MA SOT-25,pmic-voltage-regulators-linear,15156,0.23,"SC-74A, SOT-753",Surface Mount,Active,https://www.diodes.com/assets/Datasheets/AP7330.pdf,https://www.digikey.com/en/products/detail/diodes-incorporated/AP7330-W5-7/8111222,EN,300mA,78 µA,,,1,-40°C ~ 85°C (TA),Positive,Adjustable,80dB (1kHz),"Over Current, Over Temperature, Short Circuit",,,5.5V,4.5V,1V,0.31V @ 300mA
AP7331-33WG-7,Diodes Incorporated,IC REG LINEAR 3.3V 300MA SOT-25,pmic-voltage-regulators-linear,10717,0.31,"SC-74A, SOT-753",Surface Mount,Active,https://www.diodes.com/assets/Datasheets/AP7331.pdf,https://www.digikey.com/en/products/detail/diodes-incorporated/AP7331-33WG-7/3451499,Enable,300mA,75 µA,85 µA,,1,-40°C ~ 85°C,Positive,Fixed,65dB (100Hz),"Over Current, Over Temperature",,,6V,,3.3V,0.55V @ 300mA
AP7333-18SAG-7,Diodes Incorporated,IC REG LINEAR 1.8V 300MA SOT23-3,pmic-voltage-regulators-linear,3256,0.28,"TO-236-3, SC-59, SOT-23-3",Surface Mount,Active,https://www.diodes.com/assets/Datasheets/AP7333.pdf,https://www.digikey.com/en/products/detail/diodes-incorporated/AP7333-18SAG-7/2270814,,300mA,75 µA,85 µA,,1,-40°C ~ 85°C,Positive,Fixed,65dB (100Hz),"Over Current, Over Temperature, Short Circuit",,,6V,,1.8V,
AP7333-25SAG-7,Diodes Incorporated,IC REG LINEAR 2.5V 300MA SOT23-3,pmic-voltage-regulators-linear,27555,0.28,"TO-236-3, SC-59, SOT-23-3",Surface Mount,Active,https://www.diodes.com/assets/Datasheets/AP7333.pdf,https://www.digikey.com/en/products/detail/diodes-incorporated/AP7333-25SAG-7/2182606,,300mA,75 µA,85 µA,,1,-40°C ~ 85°C,Positive,Fixed,65dB (100Hz),"Over Current, Over Temperature, Short Circuit",,,6V,,2.5V,0.55V @ 300mA
AP7333-33SAG-7,Diodes Incorporated,IC REG LINEAR 3.3V 300MA SOT23-3,pmic-voltage-regulators-linear,2930,0.28,"TO-236-3, SC-59, SOT-23-3",Surface Mount,Active,https://www.diodes.com/assets/Datasheets/AP7333.pdf,https://www.digikey.com/en/products/detail/diodes-incorporated/AP7333-33SAG-7/2270818,,300mA,75 µA,85 µA,,1,-40°C ~ 85°C,Positive,Fixed,65dB (100Hz),"Over Current, Over Temperature, Short Circuit",,,6V,,3.3V,0.55V @ 300mA
AP7335-10WG-7,Diodes Incorporated,IC REG LINEAR 1V 300MA SOT-25,pmic-voltage-regulators-linear,9986,0.31,"SC-74A, SOT-753",Surface Mount,Active,https://www.diodes.com/assets/Datasheets/AP7335.pdf,https://www.digikey.com/en/products/detail/diodes-incorporated/AP7335-10WG-7/4249741,Enable,300mA,80 µA,,,1,-40°C ~ 85°C,Positive,Fixed,65dB (1kHz),"Over Current, Over Temperature",,,6V,,1V,0.3V @ 300mA
AP7335-WG-7,Diodes Incorporated,IC REG LIN POS ADJ 300MA SOT-25,pmic-voltage-regulators-linear,5805,0.28,"SC-74A, SOT-753",Surface Mount,Active,https://www.diodes.com/assets/Datasheets/AP7335.pdf,https://www.digikey.com/en/products/detail/diodes-incorporated/AP7335-WG-7/4249761,Enable,300mA,80 µA,,,1,-40°C ~ 85°C,Positive,Adjustable,65dB (1kHz),"Over Current, Over Temperature",,,6V,5V,0.8V,0.2V @ 300mA
AP7343DQ-18W5-7,Diodes Incorporated,IC REG LINEAR 1.8V 300MA SOT-25,pmic-voltage-regulators-linear,16665,0.21,"SC-74A, SOT-753",Surface Mount,Active,https://www.diodes.com/assets/Datasheets/AP7343Q.pdf,https://www.digikey.com/en/products/detail/diodes-incorporated/AP7343DQ-18W5-7/10294935,Enable,300mA,60 µA,,Automotive,1,-40°C ~ 125°C (TA),Positive,Fixed,75dB (1kHz),"Over Current, Over Temperature, Short Circuit",AEC-Q100,,5.25V,,1.8V,0.41V @ 300mA
AP7343DQ-33W5-7,Diodes Incorporated,IC REG LINEAR 3.3V 300MA SOT-25,pmic-voltage-regulators-linear,57411,0.26,"SC-74A, SOT-753",Surface Mount,Active,https://www.diodes.com/assets/Datasheets/AP7343Q.pdf,https://www.digikey.com/en/products/detail/diodes-incorporated/AP7343DQ-33W5-7/10231728,Enable,300mA,60 µA,,Automotive,1,-40°C ~ 125°C (TA),Positive,Fixed,75dB (1kHz),Over Current,AEC-Q100,,5.25V,,3.3V,0.31V @ 300mA
AP7343Q-09W5-7,Diodes Incorporated,IC REG LINEAR 0.9V 300MA SOT-25,pmic-voltage-regulators-linear,5435,0.22,"SC-74A, SOT-753",Surface Mount,Active,https://www.diodes.com/assets/Datasheets/AP7343Q.pdf,https://www.digikey.com/en/products/detail/diodes-incorporated/AP7343Q-09W5-7/10231731,Enable,300mA,60 µA,,Automotive,1,-40°C ~ 125°C (TA),Positive,Fixed,75dB (1kHz),Over Current,AEC-Q100,,5.25V,,0.9V,0.82V @ 300mA
AP7354-33W5-7,Diodes Incorporated,IC REG LINEAR 3.3V 150MA SOT-25,pmic-voltage-regulators-linear,17325,0.46,"SC-74A, SOT-753",Surface Mount,Active,https://www.diodes.com/assets/Datasheets/AP7354.pdf,https://www.digikey.com/en/products/detail/diodes-incorporated/AP7354-33W5-7/9554534,Enable,150mA,0.6 µA,,,1,-40°C ~ 85°C (TA),Positive,Fixed,,Over Current,,,5.5V,,3.3V,0.35V @ 150mA
AP7361C-33Y5-13,Diodes Incorporated,IC REG LINEAR 3.3V 1A SOT89-5,pmic-voltage-regulators-linear,24583,0.51,SOT-89-5/6,Surface Mount,Active,https://www.diodes.com/assets/Datasheets/AP7361C.pdf,https://www.digikey.com/en/products/detail/diodes-incorporated/AP7361C-33Y5-13/5638323,Enable,1A,80 µA,,,1,-40°C ~ 85°C,Positive,Fixed,75dB ~ 55dB (1kHz ~ 10kHz),"Over Current, Over Temperature",,,6V,,3.3V,0.36V @ 1A (Typ)
AP7361C-FGE-7,Diodes Incorporated,IC REG LINEAR POS ADJ 1A 8UDFN,pmic-voltage-regulators-linear,55056,0.5,8-UDFN Exposed Pad,Surface Mount,Active,https://www.diodes.com/assets/Datasheets/AP7361C.pdf,https://www.digikey.com/en/products/detail/diodes-incorporated/AP7361C-FGE-7/5638318,Enable,1A,80 µA,,,1,-40°C ~ 85°C,Positive,Adjustable,75dB ~ 55dB (1kHz ~ 10kHz),"Over Current, Over Temperature",,,6V,5V,0.8V,0.36V @ 1A (Typ)
AP7361E-33FGE-7,Diodes Incorporated,IC REG LIN 3.3V 1A U-DFN3030-8,pmic-voltage-regulators-linear,3484,0.3,8-UDFN Exposed Pad,Surface Mount,Active,https://www.diodes.com/assets/Datasheets/AP7361E.pdf,https://www.digikey.com/en/products/detail/diodes-incorporated/AP7361E-33FGE-7/14543437,"Enable, Power Good",1A,91 µA,,Automotive,1,-40°C ~ 85°C (TA),Positive,Fixed,75dB ~ 55dB (1kHz ~ 10kHz),"Over Current, Over Temperature, Short Circuit",AEC-Q100,,6V,,3.3V,0.5V @ 1A
AP7361EA-33ER-13,Diodes Incorporated,IC REG LINEAR 3.3V 1A SOT-223R,pmic-voltage-regulators-linear,4003,0.28,"TO-261-4, TO-261AA",Surface Mount,Active,https://www.diodes.com/assets/Datasheets/AP7361EA.pdf,https://www.digikey.com/en/products/detail/diodes-incorporated/AP7361EA-33ER-13/16547698,Current Limit,1A,91 µA,,,1,-40°C ~ 85°C (TA),Positive,Fixed,,"Over Current, Over Temperature, Short Circuit",,,6V,,3.3V,0.5V @ 1A
AP7365-33WG-7,Diodes Incorporated,IC REG LINEAR 3.3V 600MA SOT-25,pmic-voltage-regulators-linear,12282,0.28,"SC-74A, SOT-753",Surface Mount,Active,https://www.diodes.com/assets/Datasheets/products_inactive_data/AP7365.pdf,https://www.digikey.com/en/products/detail/diodes-incorporated/AP7365-33WG-7/4249847,Enable,600mA,80 µA,,,1,-40°C ~ 85°C,Positive,Fixed,65dB (1kHz),"Over Current, Over Temperature",,,6V,,3.3V,0.4V @ 600mA
AP7365-WG-7,Diodes Incorporated,IC REG LIN POS ADJ 600MA SOT-25,pmic-voltage-regulators-linear,33116,0.29,"SC-74A, SOT-753",Surface Mount,Not For New Designs,https://www.diodes.com/assets/Datasheets/products_inactive_data/AP7365.pdf,https://www.digikey.com/en/products/detail/diodes-incorporated/AP7365-WG-7/4249857,Enable,600mA,80 µA,,,1,-40°C ~ 85°C,Positive,Adjustable,65dB (1kHz),"Over Current, Over Temperature",,,6V,5V,0.8V,0.4V @ 600mA
AP7366-18W5-7,Diodes Incorporated,IC REG LINEAR 1.8V 600MA SOT-25,pmic-voltage-regulators-linear,1208,0.2,"SC-74A, SOT-753",Surface Mount,Not For New Designs,https://www.diodes.com/assets/Datasheets/products_inactive_data/AP7366.pdf,https://www.digikey.com/en/products/detail/diodes-incorporated/AP7366-18W5-7/9867321,"Current Limit, Enable",600mA,80 µA,,,1,-40°C ~ 85°C (TA),Positive,Fixed,75dB ~ 55dB (1kHz ~ 10kHz),"Over Current, Short Circuit",,,6V,,1.8V,0.42V @ 600mA
AP7366-33W5-7,Diodes Incorporated,IC REG LINEAR 3.3V 600MA SOT-25,pmic-voltage-regulators-linear,14728,0.2,"SC-74A, SOT-753",Surface Mount,Active,https://www.diodes.com/assets/Datasheets/products_inactive_data/AP7366.pdf,https://www.digikey.com/en/products/detail/diodes-incorporated/AP7366-33W5-7/9867322,"Current Limit, Enable",600mA,80 µA,,,1,-40°C ~ 85°C (TA),Positive,Fixed,75dB ~ 55dB (1kHz ~ 10kHz),"Over Current, Short Circuit",,,6V,,3.3V,0.32V @ 600mA
AP7366-W5-7,Diodes Incorporated,IC REG LIN POS ADJ 600MA SOT-25,pmic-voltage-regulators-linear,17254,0.24,"SC-74A, SOT-753",Surface Mount,Active,https://www.diodes.com/assets/Datasheets/products_inactive_data/AP7366.pdf,https://www.digikey.com/en/products/detail/diodes-incorporated/AP7366-W5-7/9867323,"Current Limit, Enable",600mA,80 µA,,,1,-40°C ~ 85°C (TA),Positive,Adjustable,75dB ~ 55dB (1kHz ~ 10kHz),"Over Current, Short Circuit",,,6V,5V,0.8V,
AP7369Q-33W5-7,Diodes Incorporated,LDO HIGH VOLTAGE STANDARD SOT25,pmic-voltage-regulators-linear,1093,0.28,"SC-74A, SOT-753",Surface Mount,Active,https://www.diodes.com/datasheet/download/AP7369Q.pdf,https://www.digikey.com/en/products/detail/diodes-incorporated/AP7369Q-33W5-7/26202689,,150mA,8 µA,,Automotive,1,-40°C ~ 125°C (TA),Positive,Fixed,85dB (1kHz),"Over Current, Over Temperature, Short Circuit",AEC-Q100,AP7369Q,45V,,3.3V,1.2V @ 150mA
AP7375-18SA-7,Diodes Incorporated,IC REG LIN 1.8V 300MA SOT23-3,pmic-voltage-regulators-linear,3463,0.26,"TO-236-3, SC-59, SOT-23-3",Surface Mount,Active,https://www.diodes.com/assets/Datasheets/AP7375.pdf,https://www.digikey.com/en/products/detail/diodes-incorporated/AP7375-18SA-7/17874623,Current Limit,300mA,5 µA,,,1,-40°C ~ 125°C (TJ),Positive,Fixed,,"Over Current, Over Temperature, Short Circuit",,AP7375,45V,,1.8V,0.36V @ 100mA
AP7375-50SR-7,Diodes Incorporated,IC REG LINEAR 5V 300MA SOT23-3,pmic-voltage-regulators-linear,1378,0.26,"TO-236-3, SC-59, SOT-23-3",Surface Mount,Active,https://www.diodes.com/datasheet/download/AP7375.pdf,https://www.digikey.com/en/products/detail/diodes-incorporated/AP7375-50SR-7/27683761,,300mA,5 µA,,,1,-40°C ~ 85°C (TA),Positive,Fixed,85dB (1kHz),"Over Current, Over Temperature, Short Circuit",,AP7375,45V,,5V,0.36V @ 100mA
AP7384-33SA-7,Diodes Incorporated,IC REG LINEAR 3.3V 50MA SOT23-3,pmic-voltage-regulators-linear,2660,0.25,"TO-236-3, SC-59, SOT-23-3",Surface Mount,Not For New Designs,https://www.diodes.com/assets/Datasheets/products_inactive_data/AP7384.pdf,https://www.digikey.com/en/products/detail/diodes-incorporated/AP7384-33SA-7/9765676,,50mA,,25 µA,,1,-40°C ~ 125°C (TJ),Positive,Fixed,,"Current Limit, Thermal Shutdown",,,40V,,3.3V,
AP7387-50SA-7,Diodes Incorporated,IC REG LINEAR 5V 150MA SOT23-3,pmic-voltage-regulators-linear,6913,0.48,"TO-236-3, SC-59, SOT-23-3",Surface Mount,Active,https://www.diodes.com/assets/Datasheets/AP7387.pdf,https://www.digikey.com/en/products/detail/diodes-incorporated/AP7387-50SA-7/15964970,Current Limit,150mA,4 µA,,,1,-40°C ~ 125°C (TJ),Positive,Fixed,70dB (1kHz),"Over Current, Over Temperature, Short Circuit",,,60V,,5V,1.35V @ 150mA
AS78L05MTR-G1,Diodes Incorporated,IC REG LINEAR 5V 100MA 8-SOIC,pmic-voltage-regulators-linear,3314,0.23,"8-SOIC (0.154"", 3.90mm Width)",Surface Mount,Active,https://www.digikey.com//mm.digikey.com/Volume0/opasdata/d220001/medias/docus/657/AS78Lxx_Aug2013_DS.pdf,https://www.digikey.com/en/products/detail/diodes-incorporated/AS78L05MTR-G1/4470942,,100mA,5.5 mA,,,1,-40°C ~ 125°C,Positive,Fixed,62dB (120Hz),"Over Temperature, Short Circuit",,,30V,,5V,1.8V @ 100mA (Typ)
AS78L05RTR-E1,Diodes Incorporated,IC REG LINEAR 5V 100MA SOT89-3,pmic-voltage-regulators-linear,59865,0.13,TO-243AA,Surface Mount,Active,https://www.digikey.com//mm.digikey.com/Volume0/opasdata/d220001/medias/docus/657/AS78Lxx_Aug2013_DS.pdf,https://www.digikey.com/en/products/detail/diodes-incorporated/AS78L05RTR-E1/4470943,,100mA,5.5 mA,,,1,-40°C ~ 125°C,Positive,Fixed,62dB (120Hz),"Over Temperature, Short Circuit",,,30V,,5V,1.8V @ 100mA (Typ)
AS78L05RTR-G1,Diodes Incorporated,IC REG LINEAR 5V 100MA SOT89-3,pmic-voltage-regulators-linear,26134,0.19,TO-243AA,Surface Mount,Active,https://www.digikey.com//mm.digikey.com/Volume0/opasdata/d220001/medias/docus/657/AS78Lxx_Aug2013_DS.pdf,https://www.digikey.com/en/products/detail/diodes-incorporated/AS78L05RTR-G1/4470944,,100mA,5.5 mA,,,1,-40°C ~ 125°C,Positive,Fixed,62dB (120Hz),"Over Temperature, Short Circuit",,,30V,,5V,1.8V @ 100mA (Typ)
AS78L05Z-E1,Diodes Incorporated,IC REG LINEAR 5V 100MA TO92,pmic-voltage-regulators-linear,9544,0.13,"TO-226-3, TO-92-3 (TO-226AA)",Through Hole,Active,https://www.digikey.com//mm.digikey.com/Volume0/opasdata/d220001/medias/docus/657/AS78Lxx_Aug2013_DS.pdf,https://www.digikey.com/en/products/detail/diodes-incorporated/AS78L05Z-E1/4570493,,100mA,5.5 mA,,,1,-40°C ~ 125°C,Positive,Fixed,62dB (120Hz),"Over Temperature, Short Circuit",,,30V,,5V,1.8V @ 100mA (Typ)
AS78L05ZTR-E1,Diodes Incorporated,IC REG LINEAR 5V 100MA TO92,pmic-voltage-regulators-linear,77649,0.14,"TO-226-3, TO-92-3 (TO-226AA) Formed Leads",Through Hole,Active,https://www.digikey.com//mm.digikey.com/Volume0/opasdata/d220001/medias/docus/657/AS78Lxx_Aug2013_DS.pdf,https://www.digikey.com/en/products/detail/diodes-incorporated/AS78L05ZTR-E1/4470945,,100mA,5.5 mA,,,1,-40°C ~ 125°C,Positive,Fixed,62dB (120Hz),"Over Temperature, Short Circuit",,,30V,,5V,1.8V @ 100mA (Typ)
AS78L12RTR-G1,Diodes Incorporated,IC REG LINEAR 12V 100MA SOT89-3,pmic-voltage-regulators-linear,6921,0.22,TO-243AA,Surface Mount,Active,https://www.digikey.com//mm.digikey.com/Volume0/opasdata/d220001/medias/docus/657/AS78Lxx_Aug2013_DS.pdf,https://www.digikey.com/en/products/detail/diodes-incorporated/AS78L12RTR-G1/4470946,,100mA,6 mA,,,1,-40°C ~ 125°C,Positive,Fixed,42dB (120Hz),"Over Temperature, Short Circuit",,,36V,,12V,1.8V @ 100mA (Typ)
AZ1117CD-3.3TRG1,Diodes Incorporated,IC REG LINEAR 3.3V 1A TO252-3,pmic-voltage-regulators-linear,26464,0.28,"TO-252-3, DPAK (2 Leads + Tab), SC-63",Surface Mount,Active,https://www.diodes.com/assets/Datasheets/AZ1117C.pdf,https://www.digikey.com/en/products/detail/diodes-incorporated/AZ1117CD-3-3TRG1/4470979,,1A,6 mA,,,1,-20°C ~ 125°C (TJ),Positive,Fixed,70dB (120Hz),Thermal Shutdown,,AZ1117C,15V,,3.3V,1.4V @ 800mA
AZ1117CD-5.0TRG1,Diodes Incorporated,IC REG LINEAR 5V 1A TO252-3,pmic-voltage-regulators-linear,2176,0.29,"TO-252-3, DPAK (2 Leads + Tab), SC-63",Surface Mount,Active,https://www.diodes.com/assets/Datasheets/AZ1117C.pdf,https://www.digikey.com/en/products/detail/diodes-incorporated/AZ1117CD-5-0TRG1/4570580,,1A,6 mA,,,1,-20°C ~ 125°C (TJ),Positive,Fixed,70dB (120Hz),Thermal Shutdown,,AZ1117C,15V,,5V,1.4V @ 800mA
AZ1117CH-1.2TRG1,Diodes Incorporated,IC REG LINEAR 1.2V 1A SOT-223-3,pmic-voltage-regulators-linear,7830,0.22,"TO-261-4, TO-261AA",Surface Mount,Active,https://www.diodes.com/assets/Datasheets/AZ1117C.pdf,https://www.digikey.com/en/products/detail/diodes-incorporated/AZ1117CH-1-2TRG1/4470981,,1A,6 mA,,,1,-20°C ~ 125°C (TJ),Positive,Fixed,70dB (120Hz),Thermal Shutdown,,AZ1117C,15V,,1.2V,1.3V @ 800mA
AZ1117CH-1.5TRG1,Diodes Incorporated,IC REG LINEAR 1.5V 1A SOT-223-3,pmic-voltage-regulators-linear,3262,0.19,"TO-261-4, TO-261AA",Surface Mount,Active,https://www.diodes.com/assets/Datasheets/AZ1117C.pdf,https://www.digikey.com/en/products/detail/diodes-incorporated/AZ1117CH-1-5TRG1/4470982,,1A,6 mA,,,1,-20°C ~ 125°C (TJ),Positive,Fixed,70dB (120Hz),Thermal Shutdown,,AZ1117C,15V,,1.5V,1.3V @ 800mA
AZ1117CH-1.8TRG1,Diodes Incorporated,IC REG LINEAR 1.8V 1A SOT-223-3,pmic-voltage-regulators-linear,31128,0.17,"TO-261-4, TO-261AA",Surface Mount,Active,https://www.diodes.com/assets/Datasheets/AZ1117C.pdf,https://www.digikey.com/en/products/detail/diodes-incorporated/AZ1117CH-1-8TRG1/4470983,,1A,6 mA,,,1,-20°C ~ 125°C (TJ),Positive,Fixed,70dB (120Hz),Thermal Shutdown,,AZ1117C,15V,,1.8V,1.3V @ 800mA
AZ1117CH-2.5TRG1,Diodes Incorporated,IC REG LINEAR 2.5V 1A SOT-223-3,pmic-voltage-regulators-linear,3578,0.19,"TO-261-4, TO-261AA",Surface Mount,Active,https://www.diodes.com/assets/Datasheets/AZ1117C.pdf,https://www.digikey.com/en/products/detail/diodes-incorporated/AZ1117CH-2-5TRG1/4470984,,1A,6 mA,,,1,-20°C ~ 125°C (TJ),Positive,Fixed,70dB (120Hz),Thermal Shutdown,,AZ1117C,15V,,2.5V,1.3V @ 800mA
AZ1117CH-3.3TRG1,Diodes Incorporated,IC REG LINEAR 3.3V 1A SOT-223-3,pmic-voltage-regulators-linear,95811,0.17,"TO-261-4, TO-261AA",Surface Mount,Active,https://www.diodes.com/assets/Datasheets/AZ1117C.pdf,https://www.digikey.com/en/products/detail/diodes-incorporated/AZ1117CH-3-3TRG1/4470985,,1A,6 mA,,,1,-20°C ~ 125°C (TJ),Positive,Fixed,70dB (120Hz),Thermal Shutdown,,AZ1117C,15V,,3.3V,1.3V @ 800mA
AZ1117CH-5.0TRG1,Diodes Incorporated,IC REG LINEAR 5V 1A SOT-223-3,pmic-voltage-regulators-linear,42423,0.18,"TO-261-4, TO-261AA",Surface Mount,Active,https://www.diodes.com/assets/Datasheets/AZ1117C.pdf,https://www.digikey.com/en/products/detail/diodes-incorporated/AZ1117CH-5-0TRG1/4470986,,1A,6 mA,,,1,-20°C ~ 125°C (TJ),Positive,Fixed,70dB (120Hz),Thermal Shutdown,,AZ1117C,15V,,5V,1.3V @ 800mA
AZ1117CH-ADJTRG1,Diodes Incorporated,IC REG LIN POS ADJ 1A SOT-223-3,pmic-voltage-regulators-linear,2005,0.21,"TO-261-4, TO-261AA",Surface Mount,Active,https://www.diodes.com/assets/Datasheets/AZ1117C.pdf,https://www.digikey.com/en/products/detail/diodes-incorporated/AZ1117CH-ADJTRG1/4470987,,1A,5 mA,,,1,-20°C ~ 125°C (TJ),Positive,Adjustable,70dB (120Hz),Thermal Shutdown,,AZ1117C,15V,13.7V,1.25V,1.3V @ 800mA
AZ1117CH2-5.0TRG1,Diodes Incorporated,IC REG LINEAR 5V 1A SOT-223-3,pmic-voltage-regulators-linear,4988,0.23,"TO-261-4, TO-261AA",Surface Mount,Active,https://www.diodes.com/assets/Datasheets/AZ1117C.pdf,https://www.digikey.com/en/products/detail/diodes-incorporated/AZ1117CH2-5-0TRG1/5305996,,1A,6 mA,,,1,-20°C ~ 125°C (TJ),Positive,Fixed,70dB (120Hz),Thermal Shutdown,,AZ1117C,15V,,5V,1.3V @ 800mA
AZ1117CR-3.3TRG1,Diodes Incorporated,IC REG LINEAR 3.3V 1A SOT89-3,pmic-voltage-regulators-linear,45365,0.22,TO-243AA,Surface Mount,Active,https://www.diodes.com/assets/Datasheets/AZ1117C.pdf,https://www.digikey.com/en/products/detail/diodes-incorporated/AZ1117CR-3-3TRG1/4470988,,1A,6 mA,,,1,-20°C ~ 125°C (TJ),Positive,Fixed,70dB (120Hz),Thermal Shutdown,,AZ1117C,15V,,3.3V,
AZ1117CR2-3.3TRG1,Diodes Incorporated,IC REG LINEAR 3.3V 1A SOT89-3,pmic-voltage-regulators-linear,43938,0.21,TO-243AA,Surface Mount,Active,https://www.diodes.com/assets/Datasheets/AZ1117C.pdf,https://www.digikey.com/en/products/detail/diodes-incorporated/AZ1117CR2-3-3TRG1/5305997,,1A,6 mA,,,1,-20°C ~ 125°C (TJ),Positive,Fixed,70dB (120Hz),Thermal Shutdown,,AZ1117C,15V,,3.3V,
AZ1117H-3.3TRE1,Diodes Incorporated,IC REG LINEAR 3.3V 1A SOT-223-3,pmic-voltage-regulators-linear,4692,0.25,"TO-261-4, TO-261AA",Surface Mount,Active,https://www.digikey.com//mm.digikey.com/Volume0/opasdata/d220001/medias/docus/835/AZ1117_Rev5.3_Jan2019_DS.pdf,https://www.digikey.com/en/products/detail/diodes-incorporated/AZ1117H-3-3TRE1/4471000,,1A,10 mA,,,1,-40°C ~ 125°C (TJ),Positive,Fixed,75dB (120Hz),Thermal Shutdown,,AZ1117,15V,,3.3V,1.25V @ 1A
AZ1117H-5.0TRE1,Diodes Incorporated,IC REG LINEAR 5V 1A SOT-223-3,pmic-voltage-regulators-linear,4509,0.23,"TO-261-4, TO-261AA",Surface Mount,Active,https://www.digikey.com//mm.digikey.com/Volume0/opasdata/d220001/medias/docus/835/AZ1117_Rev5.3_Jan2019_DS.pdf,https://www.digikey.com/en/products/detail/diodes-incorporated/AZ1117H-5-0TRE1/4471001,,1A,10 mA,,,1,-40°C ~ 125°C (TJ),Positive,Fixed,75dB (120Hz),Thermal Shutdown,,AZ1117,15V,,5V,1.25V @ 1A
AZ1117H-ADJTRE1,Diodes Incorporated,IC REG LIN POS ADJ 1A SOT-223-3,pmic-voltage-regulators-linear,16674,0.25,"TO-261-4, TO-261AA",Surface Mount,Active,https://www.digikey.com//mm.digikey.com/Volume0/opasdata/d220001/medias/docus/835/AZ1117_Rev5.3_Jan2019_DS.pdf,https://www.digikey.com/en/products/detail/diodes-incorporated/AZ1117H-ADJTRE1/4471002,,1A,10 mA,,,1,-40°C ~ 125°C (TJ),Positive,Adjustable,75dB (120Hz),Thermal Shutdown,,AZ1117,15V,13.75V,1.25V,1.25V @ 1A
AZ1117IH-ADJTRG1,Diodes Incorporated,IC REG LIN POS ADJ 1A SOT-223-3,pmic-voltage-regulators-linear,3767,0.26,"TO-261-4, TO-261AA",Surface Mount,Active,https://www.diodes.com/assets/Datasheets/AZ1117I.pdf,https://www.digikey.com/en/products/detail/diodes-incorporated/AZ1117IH-ADJTRG1/5699671,,1A,5 mA,,,1,-40°C ~ 125°C (TJ),Positive,Adjustable,70dB (120Hz),Thermal Shutdown,,AZ1117I,15V,13.7V,1.25V,1.3V @ 800mA
BD33FC0FP-E2,Rohm Semiconductor,IC REG LINEAR 3.3V 1A TO252,pmic-voltage-regulators-linear,5756,1.01,"TO-252-3, DPAK (2 Leads + Tab), SC-63",Surface Mount,Active,https://www.rohm.com/datasheet?p=BD33FC0FP&dist=Digi-key&media=referral&source=digi-key.com&campaign=Digi-key,https://www.digikey.com/en/products/detail/rohm-semiconductor/BD33FC0FP-E2/7896452,,1A,,2.5 mA,,1,-25°C ~ 85°C (TA),Positive,Fixed,,"Over Current, Over Temperature",,,26.5V,,3.3V,0.7V @ 500mA
BD433M5FP-CE2,Rohm Semiconductor,IC REG LINEAR 3.3V 500MA TO252-3,pmic-voltage-regulators-linear,2722,1.12,"TO-252-3, DPAK (2 Leads + Tab), SC-63",Surface Mount,Active,https://www.rohm.com/datasheet?p=BD433M5FP-C&dist=Digi-key&media=referral&source=digi-key.com&campaign=Digi-key,https://www.digikey.com/en/products/detail/rohm-semiconductor/BD433M5FP-CE2/8028041,Enable,500mA,175 µA,,Automotive,1,-40°C ~ 150°C (TJ),Positive,Fixed,60dB (120Hz),"Over Current, Over Temperature",AEC-Q100,,42V,,3.3V,0.75V @ 300mA
BD450M5FP-CE2,Rohm Semiconductor,IC REG LINEAR 5V 500MA TO252-3,pmic-voltage-regulators-linear,9692,1.12,"TO-252-3, DPAK (2 Leads + Tab), SC-63",Surface Mount,Active,https://www.rohm.com/datasheet?p=BD450M5FP-C&dist=Digi-key&media=referral&source=digi-key.com&campaign=Digi-key,https://www.digikey.com/en/products/detail/rohm-semiconductor/BD450M5FP-CE2/8028042,,500mA,175 µA,,Automotive,1,-40°C ~ 150°C (TJ),Positive,Fixed,60dB (120Hz),"Over Current, Over Temperature",AEC-Q100,BD4xxM5-C,42V,,5V,0.75V @ 300mA
BD733L2FP-CE2,Rohm Semiconductor,IC REG LINEAR 3.3V 200MA TO252,pmic-voltage-regulators-linear,947,1.91,"TO-252-3, DPAK (2 Leads + Tab), SC-63",Surface Mount,Active,https://www.rohm.com/datasheet?p=BD733L2FP-C&dist=Digi-key&media=referral&source=digi-key.com&campaign=Digi-key,https://www.digikey.com/en/products/detail/rohm-semiconductor/BD733L2FP-CE2/4625566,,200mA,6 µA,15 µA,Automotive,1,-40°C ~ 125°C,Positive,Fixed,63dB (120Hz),"Over Current, Over Temperature",AEC-Q100,,45V,,3.3V,1V @ 200mA
BD733L5FP-CE2,Rohm Semiconductor,IC REG LINEAR 3.3V 500MA TO252,pmic-voltage-regulators-linear,871,2.33,"TO-252-3, DPAK (2 Leads + Tab), SC-63",Surface Mount,Active,https://www.rohm.com/datasheet?p=BD733L5FP-C&dist=Digi-key&media=referral&source=digi-key.com&campaign=Digi-key,https://www.digikey.com/en/products/detail/rohm-semiconductor/BD733L5FP-CE2/4625567,,500mA,6 µA,15 µA,Automotive,1,-40°C ~ 125°C,Positive,Fixed,63dB (120Hz),"Over Current, Over Temperature",AEC-Q100,,45V,,3.3V,0.8V @ 200mA
BD750L2FP-CE2,Rohm Semiconductor,IC REG LINEAR 5V 200MA TO252,pmic-voltage-regulators-linear,5715,1.91,"TO-252-3, DPAK (2 Leads + Tab), SC-63",Surface Mount,Active,https://www.rohm.com/datasheet?p=BD750L2FP-C&dist=Digi-key&media=referral&source=digi-key.com&campaign=Digi-key,https://www.digikey.com/en/products/detail/rohm-semiconductor/BD750L2FP-CE2/4625571,,200mA,6 µA,15 µA,Automotive,1,-40°C ~ 125°C,Positive,Fixed,60dB (120Hz),"Over Current, Over Temperature",AEC-Q100,,45V,,5V,0.7V @ 200mA
BD750L5FP-CE2,Rohm Semiconductor,IC REG LINEAR 5V 500MA TO252,pmic-voltage-regulators-linear,20354,2.33,"TO-252-3, DPAK (2 Leads + Tab), SC-63",Surface Mount,Active,https://www.rohm.com/datasheet?p=BD750L5FP-C&dist=Digi-key&media=referral&source=digi-key.com&campaign=Digi-key,https://www.digikey.com/en/products/detail/rohm-semiconductor/BD750L5FP-CE2/4625572,,500mA,6 µA,15 µA,Automotive,1,-40°C ~ 125°C,Positive,Fixed,60dB (120Hz),"Over Current, Over Temperature",AEC-Q100,,45V,,5V,0.5V @ 200mA
DI78L05UAB,Diotec Semiconductor,IC REG LINEAR 5V 100MA SOT89,pmic-voltage-regulators-linear,2239,0.2,TO-243AA,Surface Mount,Active,https://diotec.com/request/datasheet/di78l00uab.pdf,https://www.digikey.com/en/products/detail/diotec-semiconductor/DI78L05UAB/13154450,,100mA,6 mA,,,1,-40°C ~ 125°C (TJ),Positive,Fixed,49dB (120Hz),"Over Temperature, Short Circuit",,,30V,,5V,
DI78L05ZAB,Diotec Semiconductor,IC REG LINEAR 5V 100MA TO92,pmic-voltage-regulators-linear,1566,0.14,"TO-226-3, TO-92-3 (TO-226AA)",Through Hole,Active,https://diotec.com/request/datasheet/di78l00zab.pdf,https://www.digikey.com/en/products/detail/diotec-semiconductor/DI78L05ZAB/22193106,,100mA,6 mA,,,1,-40°C ~ 125°C (TJ),Positive,Fixed,49dB (120Hz),"Over Temperature, Short Circuit",,DI78LxxZAB,30V,,5V,1.7V @ 40mA
DI78L10ZAB,Diotec Semiconductor,IC REG LINEAR 10V 100MA TO92,pmic-voltage-regulators-linear,1149,0.14,"TO-226-3, TO-92-3 (TO-226AA)",Through Hole,Active,https://diotec.com/request/datasheet/di78l00zab.pdf,https://www.digikey.com/en/products/detail/diotec-semiconductor/DI78L10ZAB/22190474,,100mA,6 mA,,,1,-40°C ~ 125°C (TJ),Positive,Fixed,45dB (120Hz),"Over Temperature, Short Circuit",,DI78LxxZAB,30V,,10V,1.7V @ 40mA
DI78L15ZAB,Diotec Semiconductor,IC REG LINEAR 15V 100MA TO92,pmic-voltage-regulators-linear,1048,0.14,"TO-226-3, TO-92-3 (TO-226AA)",Through Hole,Active,https://diotec.com/request/datasheet/di78l00zab.pdf,https://www.digikey.com/en/products/detail/diotec-semiconductor/DI78L15ZAB/22191695,,100mA,6.5 mA,,,1,-40°C ~ 125°C (TJ),Positive,Fixed,39dB (120Hz),"Over Temperature, Short Circuit",,DI78LxxZAB,35V,,15V,1.7V @ 40mA
ISL80101IRAJZ-T,Renesas Electronics Corporation,IC REG LINEAR POS ADJ 1A 10DFN,pmic-voltage-regulators-linear,922,2.33,10-VFDFN Exposed Pad,Surface Mount,Active,https://www.renesas.com/us/en/document/dst/isl80101-adj-datasheet,https://www.digikey.com/en/products/detail/renesas-electronics-corporation/ISL80101IRAJZ-T/2551416,"Enable, Power Good, Soft Start",1A,5 mA,7 mA,,1,-40°C ~ 125°C,Positive,Adjustable,65dB ~ 58dB (120Hz ~ 1kHz),"Over Current, Over Temperature",,,6V,5V,0.8V,0.212V @ 1A
ISL80102IRAJZ-TK,Renesas Electronics Corporation,IC REG LINEAR POS ADJ 2A 10DFN,pmic-voltage-regulators-linear,2916,3.08,10-VFDFN Exposed Pad,Surface Mount,Active,https://www.renesas.com/us/en/document/dst/isl80102-isl80103-datasheet,https://www.digikey.com/en/products/detail/renesas-electronics-corporation/ISL80102IRAJZ-TK/2334473,"Enable, Power Good, Soft Start",2A,9 mA,12 mA,,1,-40°C ~ 125°C,Positive,Adjustable,62dB ~ 55dB (120Hz ~ 1kHz),"Over Temperature, Short Circuit",,,6V,5V,0.8V,0.121V @ 2A
ISL80113IRAJZ,Renesas Electronics Corporation,IC REG LINEAR POS ADJ 3A 10DFN,pmic-voltage-regulators-linear,13975,4.02,10-VFDFN Exposed Pad,Surface Mount,Active,https://www.renesas.com/us/en/document/dst/isl80111-isl80112-isl80113-datasheet,https://www.digikey.com/en/products/detail/renesas-electronics-corporation/ISL80113IRAJZ/3178368,"Enable, Power Good",3A,10 mA,,,1,-40°C ~ 125°C (TJ),Positive,Adjustable,80dB ~ 60dB (120Hz),"Over Current, Over Temperature",,,3.6V,3.3V,0.8V,1.5V @ 3A
KF50BDT-TR,STMicroelectronics,IC REG LINEAR 5V 500MA DPAK,pmic-voltage-regulators-linear,13576,1.33,"TO-252-3, DPAK (2 Leads + Tab), SC-63",Surface Mount,Active,https://www.st.com/content/ccc/resource/technical/document/datasheet/d7/80/b5/a2/a2/93/49/59/CD00000970.pdf/files/CD00000970.pdf/jcr:content/translations/en.CD00000970.pdf,https://www.digikey.com/en/products/detail/stmicroelectronics/KF50BDT-TR/585673,,500mA,1 mA,12 mA,,1,-40°C ~ 125°C,Positive,Fixed,76dB ~ 60dB (120Hz ~ 10kHz),"Over Current, Over Temperature",,,20V,,5V,0.7V @ 500mA
L5150BNTR,STMicroelectronics,IC REG LINEAR 5V 150MA SOT-223,pmic-voltage-regulators-linear,58744,1.05,"TO-261-4, TO-261AA",Surface Mount,Active,https://www.st.com/content/ccc/resource/technical/document/datasheet/d1/78/56/d8/34/59/41/20/CD00229419.pdf/files/CD00229419.pdf/jcr:content/translations/en.CD00229419.pdf,https://www.digikey.com/en/products/detail/stmicroelectronics/L5150BNTR/2346234,,150mA,80 µA,4.2 mA,Automotive,1,-40°C ~ 150°C,Positive,Fixed,48dB (100Hz),"Over Temperature, Short Circuit",AEC-Q100,,40V,,5V,0.5V @ 150mA
L7805ABD2T-TR,STMicroelectronics,IC REG LINEAR 5V 1.5A D2PAK,pmic-voltage-regulators-linear,40195,0.98,"TO-263-3, D2PAK (2 Leads + Tab), TO-263AB",Surface Mount,Active,https://www.st.com/content/ccc/resource/technical/document/datasheet/41/4f/b3/b0/12/d4/47/88/CD00000444.pdf/files/CD00000444.pdf/jcr:content/translations/en.CD00000444.pdf,https://www.digikey.com/en/products/detail/stmicroelectronics/L7805ABD2T-TR/585694,,1.5A,6 mA,,,1,-40°C ~ 125°C,Positive,Fixed,68dB (120Hz),"Over Temperature, Short Circuit",,,35V,,5V,2V @ 1A (Typ)
L7805CDT-TR,STMicroelectronics,IC REG LINEAR 5V 1.5A DPAK,pmic-voltage-regulators-linear,34760,0.98,"TO-252-3, DPAK (2 Leads + Tab), SC-63",Surface Mount,Active,https://www.st.com/content/ccc/resource/technical/document/datasheet/41/4f/b3/b0/12/d4/47/88/CD00000444.pdf/files/CD00000444.pdf/jcr:content/translations/en.CD00000444.pdf,https://www.digikey.com/en/products/detail/stmicroelectronics/L7805CDT-TR/1038234,,1.5A,8 mA,,,1,0°C ~ 125°C,Positive,Fixed,62dB (120Hz),"Over Temperature, Short Circuit",,,35V,,5V,2V @ 1A (Typ)
L7805CV,STMicroelectronics,IC REG LINEAR 5V 1.5A TO220,pmic-voltage-regulators-linear,100412,1.05,TO-220-3,Through Hole,Active,https://www.st.com/content/ccc/resource/technical/document/datasheet/41/4f/b3/b0/12/d4/47/88/CD00000444.pdf/files/CD00000444.pdf/jcr:content/translations/en.CD00000444.pdf,https://www.digikey.com/en/products/detail/stmicroelectronics/L7805CV/585964,,1.5A,8 mA,,,1,0°C ~ 125°C,Positive,Fixed,62dB (120Hz),"Over Temperature, Short Circuit",,,35V,,5V,2V @ 1A (Typ)
L7812CD2T-TR,STMicroelectronics,IC REG LINEAR 12V 1.5A D2PAK,pmic-voltage-regulators-linear,23083,0.97,"TO-263-3, D2PAK (2 Leads + Tab), TO-263AB",Surface Mount,Active,https://www.st.com/content/ccc/resource/technical/document/datasheet/41/4f/b3/b0/12/d4/47/88/CD00000444.pdf/files/CD00000444.pdf/jcr:content/translations/en.CD00000444.pdf,https://www.digikey.com/en/products/detail/stmicroelectronics/L7812CD2T-TR/585702,,1.5A,8 mA,,,1,0°C ~ 125°C,Positive,Fixed,55dB (120Hz),"Over Temperature, Short Circuit",,,35V,,12V,2V @ 1A (Typ)
L7812CV,STMicroelectronics,IC REG LINEAR 12V 1.5A TO220,pmic-voltage-regulators-linear,11838,1.17,TO-220-3,Through Hole,Active,https://www.st.com/content/ccc/resource/technical/document/datasheet/41/4f/b3/b0/12/d4/47/88/CD00000444.pdf/files/CD00000444.pdf/jcr:content/translations/en.CD00000444.pdf,https://www.digikey.com/en/products/detail/stmicroelectronics/L7812CV/585973,,1.5A,8 mA,,,1,0°C ~ 125°C,Positive,Fixed,55dB (120Hz),"Over Temperature, Short Circuit",,,35V,,12V,2V @ 1A (Typ)
L78L05ABD13TR,STMicroelectronics,IC REG LINEAR 5V 100MA 8-SOIC,pmic-voltage-regulators-linear,31112,0.27,"8-SOIC (0.154"", 3.90mm Width)",Surface Mount,Active,https://www.st.com/resource/en/datasheet/l78l.pdf,https://www.digikey.com/en/products/detail/stmicroelectronics/L78L05ABD13TR/585704,,100mA,5.5 mA,6 mA,,1,-40°C ~ 125°C,Positive,Fixed,49dB (120Hz),"Over Current, Over Temperature, Short Circuit",,,30V,,5V,
L78L05ABUTR,STMicroelectronics,IC REG LINEAR 5V 100MA SOT89-3,pmic-voltage-regulators-linear,22856,0.28,TO-243AA,Surface Mount,Active,https://www.st.com/resource/en/datasheet/l78l.pdf,https://www.digikey.com/en/products/detail/stmicroelectronics/L78L05ABUTR/585705,,100mA,5.5 mA,6 mA,,1,-40°C ~ 125°C,Positive,Fixed,49dB (120Hz),"Over Current, Over Temperature, Short Circuit",,,30V,,5V,
L78L05ACD13TR,STMicroelectronics,IC REG LINEAR 5V 100MA 8-SOIC,pmic-voltage-regulators-linear,12606,0.21,"8-SOIC (0.154"", 3.90mm Width)",Surface Mount,Active,https://www.st.com/resource/en/datasheet/l78l.pdf,https://www.digikey.com/en/products/detail/stmicroelectronics/L78L05ACD13TR/585706,,100mA,5.5 mA,6 mA,,1,0°C ~ 125°C,Positive,Fixed,49dB (120Hz),"Over Current, Over Temperature, Short Circuit",,,30V,,5V,
L78L05ACZ,STMicroelectronics,IC REG LINEAR 5V 100MA TO92-3,pmic-voltage-regulators-linear,11686,0.27,"TO-226-3, TO-92-3 (TO-226AA)",Through Hole,Active,https://www.st.com/resource/en/datasheet/l78l.pdf,https://www.digikey.com/en/products/detail/stmicroelectronics/L78L05ACZ/634716,,100mA,5.5 mA,6 mA,,1,0°C ~ 125°C,Positive,Fixed,49dB (120Hz),"Over Current, Over Temperature, Short Circuit",,,30V,,5V,
L78L05CD13TR,STMicroelectronics,IC REG LINEAR 5V 100MA 8-SOIC,pmic-voltage-regulators-linear,18551,0.3,"8-SOIC (0.154"", 3.90mm Width)",Surface Mount,Active,https://www.st.com/resource/en/datasheet/l78l.pdf,https://www.digikey.com/en/products/detail/stmicroelectronics/L78L05CD13TR/1038273,,100mA,5.5 mA,6 mA,,1,0°C ~ 125°C,Positive,Fixed,49dB (120Hz),"Over Current, Over Temperature, Short Circuit",,,30V,,5V,
L78L09ACZ-TR,STMicroelectronics,IC REG LINEAR 9V 100MA TO92-3,pmic-voltage-regulators-linear,12406,0.3,"TO-226-3, TO-92-3 (TO-226AA) Formed Leads",Through Hole,Active,https://www.st.com/resource/en/datasheet/l78l.pdf,https://www.digikey.com/en/products/detail/stmicroelectronics/L78L09ACZ-TR/1038280,,100mA,5.5 mA,6 mA,,1,0°C ~ 125°C,Positive,Fixed,44dB (120Hz),"Over Current, Over Temperature, Short Circuit",,,30V,,9V,
L78L12ABD-TR,STMicroelectronics,IC REG LINEAR 12V 100MA 8-SOIC,pmic-voltage-regulators-linear,19332,0.31,"8-SOIC (0.154"", 3.90mm Width)",Surface Mount,Active,https://www.st.com/resource/en/datasheet/l78l.pdf,https://www.digikey.com/en/products/detail/stmicroelectronics/L78L12ABD-TR/1038284,,100mA,6 mA,6.5 mA,,1,-40°C ~ 125°C,Positive,Fixed,42dB (120Hz),"Over Current, Over Temperature, Short Circuit",,,35V,,12V,
L78L12ACD13TR,STMicroelectronics,IC REG LINEAR 12V 100MA 8-SOIC,pmic-voltage-regulators-linear,5980,0.29,"8-SOIC (0.154"", 3.90mm Width)",Surface Mount,Active,https://www.st.com/resource/en/datasheet/l78l.pdf,https://www.digikey.com/en/products/detail/stmicroelectronics/L78L12ACD13TR/585718,,100mA,6 mA,6.5 mA,,1,0°C ~ 125°C,Positive,Fixed,42dB (120Hz),"Over Current, Over Temperature, Short Circuit",,,35V,,12V,
L78L12ACZ,STMicroelectronics,IC REG LINEAR 12V 100MA TO92-3,pmic-voltage-regulators-linear,11708,0.3,"TO-226-3, TO-92-3 (TO-226AA)",Through Hole,Active,https://www.st.com/resource/en/datasheet/l78l.pdf,https://www.digikey.com/en/products/detail/stmicroelectronics/L78L12ACZ/634719,,100mA,6 mA,6.5 mA,,1,0°C ~ 125°C,Positive,Fixed,42dB (120Hz),"Over Current, Over Temperature, Short Circuit",,,35V,,12V,
L78L15ABZ-AP,STMicroelectronics,IC REG LINEAR 15V 100MA TO92-3,pmic-voltage-regulators-linear,4899,0.28,"TO-226-3, TO-92-3 (TO-226AA) Formed Leads",Through Hole,Active,https://www.st.com/resource/en/datasheet/l78l.pdf,https://www.digikey.com/en/products/detail/stmicroelectronics/L78L15ABZ-AP/1038288,,100mA,6 mA,6.5 mA,,1,-40°C ~ 125°C,Positive,Fixed,39dB (120Hz),"Over Current, Over Temperature, Short Circuit",,,35V,,15V,
L78L15ACD13TR,STMicroelectronics,IC REG LINEAR 15V 100MA 8-SOIC,pmic-voltage-regulators-linear,7180,0.26,"8-SOIC (0.154"", 3.90mm Width)",Surface Mount,Active,https://www.st.com/resource/en/datasheet/l78l.pdf,https://www.digikey.com/en/products/detail/stmicroelectronics/L78L15ACD13TR/1663438,,100mA,6 mA,6.5 mA,,1,0°C ~ 125°C,Positive,Fixed,39dB (120Hz),"Over Current, Over Temperature, Short Circuit",,,35V,,15V,
L78L24ACZ-AP,STMicroelectronics,IC REG LINEAR 24V 100MA TO92-3,pmic-voltage-regulators-linear,7848,0.31,"TO-226-3, TO-92-3 (TO-226AA) Formed Leads",Through Hole,Active,https://www.st.com/resource/en/datasheet/l78l.pdf,https://www.digikey.com/en/products/detail/stmicroelectronics/L78L24ACZ-AP/1038297,,100mA,6 mA,6.5 mA,,1,0°C ~ 125°C,Positive,Fixed,37dB (120Hz),"Over Current, Over Temperature, Short Circuit",,,40V,,24V,
L78L33ABD-TR,STMicroelectronics,IC REG LINEAR 3.3V 100MA 8-SOIC,pmic-voltage-regulators-linear,12746,0.28,"8-SOIC (0.154"", 3.90mm Width)",Surface Mount,Active,https://www.st.com/resource/en/datasheet/l78l.pdf,https://www.digikey.com/en/products/detail/stmicroelectronics/L78L33ABD-TR/1038301,,100mA,5.5 mA,6 mA,,1,-40°C ~ 125°C,Positive,Fixed,49dB (120Hz),"Over Current, Over Temperature, Short Circuit",,,30V,,3.3V,
L78L33ACD13TR,STMicroelectronics,IC REG LINEAR 3.3V 100MA 8-SOIC,pmic-voltage-regulators-linear,17981,0.24,"8-SOIC (0.154"", 3.90mm Width)",Surface Mount,Active,https://www.st.com/resource/en/datasheet/l78l.pdf,https://www.digikey.com/en/products/detail/stmicroelectronics/L78L33ACD13TR/585723,,100mA,5.5 mA,6 mA,,1,0°C ~ 125°C,Positive,Fixed,49dB (120Hz),"Over Current, Over Temperature, Short Circuit",,,30V,,3.3V,
L78L33ACUTR,STMicroelectronics,IC REG LINEAR 3.3V 100MA SOT89-3,pmic-voltage-regulators-linear,2466,0.33,TO-243AA,Surface Mount,Active,https://www.st.com/resource/en/datasheet/l78l.pdf,https://www.digikey.com/en/products/detail/stmicroelectronics/L78L33ACUTR/585724,,100mA,5.5 mA,6 mA,,1,0°C ~ 125°C,Positive,Fixed,49dB (120Hz),"Over Current, Over Temperature, Short Circuit",,,30V,,3.3V,
L78L33CD-TR,STMicroelectronics,IC REG LINEAR 3.3V 100MA 8-SOIC,pmic-voltage-regulators-linear,7736,0.31,"8-SOIC (0.154"", 3.90mm Width)",Surface Mount,Active,https://www.st.com/resource/en/datasheet/l78l.pdf,https://www.digikey.com/en/products/detail/stmicroelectronics/L78L33CD-TR/1038307,,100mA,5.5 mA,6 mA,,1,0°C ~ 125°C,Positive,Fixed,49dB (120Hz),"Over Current, Over Temperature, Short Circuit",,,30V,,3.3V,
L78M05CDT-TR,STMicroelectronics,IC REG LINEAR 5V 500MA DPAK,pmic-voltage-regulators-linear,22757,0.4,"TO-252-3, DPAK (2 Leads + Tab), SC-63",Surface Mount,Active,https://www.st.com/content/ccc/resource/technical/document/datasheet/d7/5f/dc/5c/d5/b6/48/7c/CD00000447.pdf/files/CD00000447.pdf/jcr:content/translations/en.CD00000447.pdf,https://www.digikey.com/en/products/detail/stmicroelectronics/L78M05CDT-TR/585727,,500mA,6 mA,,,1,0°C ~ 150°C,Positive,Fixed,62dB (120Hz),"Over Current, Over Temperature, Short Circuit",,,35V,,5V,
L79L15ACUTR,STMicroelectronics,IC REG LINEAR -15V 100MA SOT89-3,pmic-voltage-regulators-linear,29375,0.48,TO-243AA,Surface Mount,Active,https://www.st.com/resource/en/datasheet/l79l.pdf,https://www.digikey.com/en/products/detail/stmicroelectronics/L79L15ACUTR/1663461,,100mA,6 mA,6.5 mA,,1,0°C ~ 125°C,Negative,Fixed,39dB (120Hz),"Over Temperature, Short Circuit",,,-35V,,-15V,
LD1085D2M-R,STMicroelectronics,IC REG LINEAR POS ADJ 3A D2PAK-3,pmic-voltage-regulators-linear,1523,2.08,"TO-263-4, D2PAK (3 Leads + Tab), TO-263AA",Surface Mount,Active,https://www.st.com/content/ccc/resource/technical/document/datasheet/d3/84/d5/f6/3c/23/40/7b/CD00001883.pdf/files/CD00001883.pdf/jcr:content/translations/en.CD00001883.pdf,https://www.digikey.com/en/products/detail/stmicroelectronics/LD1085D2M-R/669190,,3A,10 mA,,,1,-40°C ~ 125°C,Positive,Adjustable,72dB (120Hz),"Over Current, Over Temperature",,,30V,28.5V,1.25V,1.5V @ 3A
LD1086D2MTR,STMicroelectronics,IC REG LINEAR POS ADJ 1.5A D2PAK,pmic-voltage-regulators-linear,7245,1.71,"TO-263-4, D2PAK (3 Leads + Tab), TO-263AA",Surface Mount,Active,https://www.st.com/content/ccc/resource/technical/document/datasheet/53/db/00/58/09/98/4b/36/CD00001884.pdf/files/CD00001884.pdf/jcr:content/translations/en.CD00001884.pdf,https://www.digikey.com/en/products/detail/stmicroelectronics/LD1086D2MTR/669225,,1.5A,10 mA,,,1,-40°C ~ 125°C,Positive,Adjustable,88dB (120Hz),"Over Current, Over Temperature",,,30V,28.5V,1.25V,1.5V @ 1.5A
LD1086DT50TR,STMicroelectronics,IC REG LINEAR 5V 1.5A DPAK,pmic-voltage-regulators-linear,26064,1.63,"TO-252-3, DPAK (2 Leads + Tab), SC-63",Surface Mount,Active,https://www.st.com/content/ccc/resource/technical/document/datasheet/53/db/00/58/09/98/4b/36/CD00001884.pdf/files/CD00001884.pdf/jcr:content/translations/en.CD00001884.pdf,https://www.digikey.com/en/products/detail/stmicroelectronics/LD1086DT50TR/725468,,1.5A,10 mA,,,1,-40°C ~ 125°C,Positive,Fixed,75dB (120Hz),"Over Current, Over Temperature",,,30V,,5V,1.5V @ 1.5A
LD1117AS33TR,STMicroelectronics,IC REG LINEAR 3.3V 1A SOT-223,pmic-voltage-regulators-linear,28648,0.41,"TO-261-4, TO-261AA",Surface Mount,Active,https://www.st.com/content/ccc/resource/technical/document/datasheet/a5/c3/3f/c9/2b/15/40/49/CD00002116.pdf/files/CD00002116.pdf/jcr:content/translations/en.CD00002116.pdf,https://www.digikey.com/en/products/detail/stmicroelectronics/LD1117AS33TR/585752,,1A,10 mA,,,1,0°C ~ 125°C,Positive,Fixed,75dB (120Hz),"Over Current, Over Temperature",,,15V,,3.3V,1.3V @ 1A
LD1117DT33CTR,STMicroelectronics,IC REG LINEAR 3.3V 800MA DPAK,pmic-voltage-regulators-linear,36722,0.46,"TO-252-3, DPAK (2 Leads + Tab), SC-63",Surface Mount,Active,https://www.st.com/content/ccc/resource/technical/document/datasheet/99/3b/7d/91/91/51/4b/be/CD00000544.pdf/files/CD00000544.pdf/jcr:content/translations/en.CD00000544.pdf,https://www.digikey.com/en/products/detail/stmicroelectronics/LD1117DT33CTR/585759,,800mA,10 mA,,,1,-40°C ~ 125°C,Positive,Fixed,75dB (120Hz),"Over Current, Over Temperature",,,15V,,3.3V,1.3V @ 800mA
LD1117DT33TR,STMicroelectronics,IC REG LINEAR 3.3V 800MA DPAK,pmic-voltage-regulators-linear,28931,0.53,"TO-252-3, DPAK (2 Leads + Tab), SC-63",Surface Mount,Active,https://www.st.com/content/ccc/resource/technical/document/datasheet/99/3b/7d/91/91/51/4b/be/CD00000544.pdf/files/CD00000544.pdf/jcr:content/translations/en.CD00000544.pdf,https://www.digikey.com/en/products/detail/stmicroelectronics/LD1117DT33TR/585760,,800mA,10 mA,,,1,0°C ~ 125°C,Positive,Fixed,75dB (120Hz),"Over Current, Over Temperature",,,15V,,3.3V,1.2V @ 800mA
LD1117S33CTR,STMicroelectronics,IC REG LINEAR 3.3V 800MA SOT-223,pmic-voltage-regulators-linear,104822,0.38,"TO-261-4, TO-261AA",Surface Mount,Active,https://www.st.com/content/ccc/resource/technical/document/datasheet/99/3b/7d/91/91/51/4b/be/CD00000544.pdf/files/CD00000544.pdf/jcr:content/translations/en.CD00000544.pdf,https://www.digikey.com/en/products/detail/stmicroelectronics/LD1117S33CTR/585765,,800mA,10 mA,,,1,-40°C ~ 125°C,Positive,Fixed,75dB (120Hz),"Over Current, Over Temperature",,,15V,,3.3V,1.3V @ 800mA
LD1117S33TR,STMicroelectronics,IC REG LINEAR 3.3V 800MA SOT-223,pmic-voltage-regulators-linear,81740,0.4,"TO-261-4, TO-261AA",Surface Mount,Active,https://www.st.com/content/ccc/resource/technical/document/datasheet/99/3b/7d/91/91/51/4b/be/CD00000544.pdf/files/CD00000544.pdf/jcr:content/translations/en.CD00000544.pdf,https://www.digikey.com/en/products/detail/stmicroelectronics/LD1117S33TR/585766,,800mA,10 mA,,,1,0°C ~ 125°C,Positive,Fixed,75dB (120Hz),"Over Current, Over Temperature",,,15V,,3.3V,1.2V @ 800mA
LD29150DT33R,STMicroelectronics,IC REG LINEAR 3.3V 1.5A DPAK,pmic-voltage-regulators-linear,10276,1.56,"TO-252-3, DPAK (2 Leads + Tab), SC-63",Surface Mount,Active,https://www.st.com/content/ccc/resource/technical/document/datasheet/cc/41/70/73/f5/e6/40/50/CD00003403.pdf/files/CD00003403.pdf/jcr:content/translations/en.CD00003403.pdf,https://www.digikey.com/en/products/detail/stmicroelectronics/LD29150DT33R/591597,,1.5A,180 µA,80 mA,,1,-40°C ~ 125°C,Positive,Fixed,67dB (120Hz),"Over Current, Over Temperature",,,14V,,3.3V,0.7V @ 1.5A
LD29150DT50R,STMicroelectronics,IC REG LINEAR 5V 1.5A DPAK,pmic-voltage-regulators-linear,1317,1.48,"TO-252-3, DPAK (2 Leads + Tab), SC-63",Surface Mount,Active,https://www.st.com/content/ccc/resource/technical/document/datasheet/cc/41/70/73/f5/e6/40/50/CD00003403.pdf/files/CD00003403.pdf/jcr:content/translations/en.CD00003403.pdf,https://www.digikey.com/en/products/detail/stmicroelectronics/LD29150DT50R/669272,,1.5A,180 µA,80 mA,,1,-40°C ~ 125°C,Positive,Fixed,64dB (120Hz),"Over Current, Over Temperature",,,14V,,5V,0.7V @ 1.5A
LD2980ABM50TR,STMicroelectronics,IC REG LINEAR 5V 50MA SOT23-5,pmic-voltage-regulators-linear,3425,0.68,"SC-74A, SOT-753",Surface Mount,Active,https://www.st.com/content/ccc/resource/technical/document/datasheet/f2/6e/04/e2/45/e7/48/ac/CD00001636.pdf/files/CD00001636.pdf/jcr:content/translations/en.CD00001636.pdf,https://www.digikey.com/en/products/detail/stmicroelectronics/LD2980ABM50TR/591619,Enable,50mA,150 µA,1.2 mA,,1,-40°C ~ 125°C,Positive,Fixed,63dB (1kHz),"Over Current, Over Temperature",,,16V,,5V,0.225V @ 50mA
LD2980CM33TR,STMicroelectronics,IC REG LINEAR 3.3V 50MA SOT23-5,pmic-voltage-regulators-linear,2241,0.62,"SC-74A, SOT-753",Surface Mount,Active,https://www.st.com/content/ccc/resource/technical/document/datasheet/f2/6e/04/e2/45/e7/48/ac/CD00001636.pdf/files/CD00001636.pdf/jcr:content/translations/en.CD00001636.pdf,https://www.digikey.com/en/products/detail/stmicroelectronics/LD2980CM33TR/669293,Enable,50mA,150 µA,1.2 mA,,1,-40°C ~ 125°C,Positive,Fixed,63dB (1kHz),"Over Current, Over Temperature",,,16V,,3.3V,0.225V @ 50mA
LD2985BM50R,STMicroelectronics,IC REG LINEAR 5V 150MA SOT23-5,pmic-voltage-regulators-linear,12147,0.64,"SC-74A, SOT-753",Surface Mount,Active,https://www.st.com/content/ccc/resource/technical/document/datasheet/group2/36/68/23/f9/b5/3f/41/a7/CD00004963/files/CD00004963.pdf/jcr:content/translations/en.CD00004963.pdf,https://www.digikey.com/en/products/detail/stmicroelectronics/LD2985BM50R/669336,Enable,150mA,150 µA,4 mA,,1,-40°C ~ 125°C,Positive,Fixed,45dB (1kHz),"Over Current, Over Temperature",,,16V,,5V,0.575V @ 150mA
LD39015M18R,STMicroelectronics,IC REG LINEAR 1.8V 150MA SOT23-5,pmic-voltage-regulators-linear,18448,0.77,"SC-74A, SOT-753",Surface Mount,Active,https://www.st.com/content/ccc/resource/technical/document/datasheet/a7/93/c3/c8/f7/1a/42/a4/CD00173477.pdf/files/CD00173477.pdf/jcr:content/translations/en.CD00173477.pdf,https://www.digikey.com/en/products/detail/stmicroelectronics/LD39015M18R/1880167,Enable,150mA,50 µA,70 µA,,1,-40°C ~ 125°C,Positive,Fixed,65dB ~ 62dB (1kHz ~ 10kHz),"Over Current, Over Temperature",,,5.5V,,1.8V,0.1V @ 100mA
LD39050PU33R,STMicroelectronics,IC REG LINEAR 3.3V 500MA 6-DFN,pmic-voltage-regulators-linear,1004,1.08,6-VDFN Exposed Pad,Surface Mount,Active,https://www.st.com/content/ccc/resource/technical/document/datasheet/12/43/cc/93/21/f6/41/66/CD00227527.pdf/files/CD00227527.pdf/jcr:content/translations/en.CD00227527.pdf,https://www.digikey.com/en/products/detail/stmicroelectronics/LD39050PU33R/2039876,"Enable, Power Good",500mA,50 µA,200 µA,,1,-40°C ~ 125°C,Positive,Fixed,65dB ~ 62dB (1kHz ~ 10kHz),"Over Current, Over Temperature, Short Circuit",,,5.5V,,3.3V,0.4V @ 500mA
LD39050PUR,STMicroelectronics,IC REG LIN POS ADJ 500MA 6-DFN,pmic-voltage-regulators-linear,3048,1.14,6-VDFN Exposed Pad,Surface Mount,Active,https://www.st.com/content/ccc/resource/technical/document/datasheet/12/43/cc/93/21/f6/41/66/CD00227527.pdf/files/CD00227527.pdf/jcr:content/translations/en.CD00227527.pdf,https://www.digikey.com/en/products/detail/stmicroelectronics/LD39050PUR/2039877,"Enable, Power Good",500mA,50 µA,200 µA,,1,-40°C ~ 125°C,Positive,Adjustable,65dB ~ 62dB (1kHz ~ 10kHz),"Over Current, Over Temperature, Short Circuit",,,5.5V,5.1V,0.8V,0.4V @ 500mA
LD39100PUR,STMicroelectronics,IC REG LINEAR POS ADJ 1A 6-DFN,pmic-voltage-regulators-linear,24427,1.1,6-VDFN Exposed Pad,Surface Mount,Active,https://www.st.com/content/ccc/resource/technical/document/datasheet/72/02/e5/ee/df/36/40/5e/CD00233788.pdf/files/CD00233788.pdf/jcr:content/translations/en.CD00233788.pdf,https://www.digikey.com/en/products/detail/stmicroelectronics/LD39100PUR/2524191,"Enable, Power Good",1A,50 µA,300 µA,,1,-40°C ~ 125°C,Positive,Adjustable,70dB ~ 65dB (1kHz ~ 10kHz),"Over Current, Over Temperature, Short Circuit",,,5.5V,4.6V,0.8V,0.4V @ 1A
LD39200DPUR,STMicroelectronics,IC REG LINEAR POS ADJ 2A 8-DFN,pmic-voltage-regulators-linear,8739,1.11,8-VDFN Exposed Pad,Surface Mount,Active,https://www.st.com/content/ccc/resource/technical/document/datasheet/4b/e6/2e/a4/16/04/46/9d/DM00102135.pdf/files/DM00102135.pdf/jcr:content/translations/en.DM00102135.pdf,https://www.digikey.com/en/products/detail/stmicroelectronics/LD39200DPUR/5018851,"Enable, Power Good",2A,300 µA,3 mA,,1,-40°C ~ 125°C (TJ),Positive,Adjustable,70dB ~ 40dB (1kHz ~ 1MHz),"Over Current, Over Temperature, Reverse Polarity",,,6V,5.75V,0.5V,0.25V @ 2A
LD39200PU33R,STMicroelectronics,IC REG LINEAR 3.3V 2A 6-DFN,pmic-voltage-regulators-linear,22262,1.18,6-VDFN Exposed Pad,Surface Mount,Active,https://www.st.com/content/ccc/resource/technical/document/datasheet/4b/e6/2e/a4/16/04/46/9d/DM00102135.pdf/files/DM00102135.pdf/jcr:content/translations/en.DM00102135.pdf,https://www.digikey.com/en/products/detail/stmicroelectronics/LD39200PU33R/5131797,"Enable, Power Good",2A,300 µA,3 mA,,1,-40°C ~ 125°C (TJ),Positive,Fixed,70dB ~ 40dB (1kHz ~ 1MHz),"Over Current, Over Temperature, Reverse Polarity",,,6V,,3.3V,0.25V @ 2A
LD39200PUR,STMicroelectronics,IC REG LINEAR POS ADJ 2A 6-DFN,pmic-voltage-regulators-linear,10231,1.11,6-VDFN Exposed Pad,Surface Mount,Active,https://www.st.com/content/ccc/resource/technical/document/datasheet/4b/e6/2e/a4/16/04/46/9d/DM00102135.pdf/files/DM00102135.pdf/jcr:content/translations/en.DM00102135.pdf,https://www.digikey.com/en/products/detail/stmicroelectronics/LD39200PUR/6691405,"Enable, Power Good",2A,300 µA,3 mA,,1,-40°C ~ 125°C (TJ),Positive,Adjustable,70dB ~ 40dB (1kHz ~ 1MHz),"Over Current, Over Temperature, Reverse Polarity",,,6V,5.75V,0.5V,0.25V @ 2A
LDFMPUR,STMicroelectronics,IC REG LIN POS ADJ 500MA 6-DFN,pmic-voltage-regulators-linear,26376,0.89,6-VDFN Exposed Pad,Surface Mount,Active,https://www.st.com/content/ccc/resource/technical/document/datasheet/45/1a/7e/44/37/c8/43/d3/DM00063302.pdf/files/DM00063302.pdf/jcr:content/translations/en.DM00063302.pdf,https://www.digikey.com/en/products/detail/stmicroelectronics/LDFMPUR/5051136,"Enable, Power Good",500mA,800 µA,,,1,-40°C ~ 125°C,Positive,Adjustable,62dB ~ 55dB (120Hz ~ 10kHz),"Over Current, Over Temperature, Under Voltage Lockout (UVLO)",,,16V,12V,0.8V,0.3V @ 500mA
LDI1117-3.3H,Diotec Semiconductor,IC REG LINEAR 3.3V 1.35A SOT-223,pmic-voltage-regulators-linear,12581,0.16,"TO-261-4, TO-261AA",Surface Mount,Active,https://diotec.com/request/datasheet/ldi1117h.pdf,https://www.digikey.com/en/products/detail/diotec-semiconductor/LDI1117-3-3H/13154408,,1.35A,10 mA,,,1,-40°C ~ 125°C (TJ),Positive,Fixed,75dB (120Hz),"Over Current, Over Temperature",,,15V,,3.3V,1.25V @ 1A
LDI734C3.3EN,Diotec Semiconductor,IC REG LIN 3.3V 300MA SOT-23-5,pmic-voltage-regulators-linear,2121,0.1,"SC-74A, SOT-753",Surface Mount,Active,https://diotec.com/request/datasheet/ldi734cen.pdf,https://www.digikey.com/en/products/detail/diotec-semiconductor/LDI734C3-3EN/26256640,Enable,300mA,60 µA,,,1,-40°C ~ 125°C (TA),Positive,Fixed,68dB ~ 40dB (100Hz ~ 10kHz),"Over Current, Over Temperature",,LDI734CxxEN,5.5V,,3.3V,0.17V @ 300mA
LDK320M50R,STMicroelectronics,IC REG LINEAR 5V 200MA SOT23-5,pmic-voltage-regulators-linear,11114,0.5,"SC-74A, SOT-753",Surface Mount,Active,https://www.st.com/resource/en/datasheet/ldk320.pdf,https://www.digikey.com/en/products/detail/stmicroelectronics/LDK320M50R/6579058,Enable,200mA,90 µA,100 µA,,1,-40°C ~ 125°C (TJ),Positive,Fixed,88dB ~ 48dB (120Hz ~ 10kHz),"Over Current, Over Temperature",,,18V,,5V,0.35V @ 200mA
LDK715M33R,STMicroelectronics,IC REG LINEAR 3.3V 85MA SOT23-5,pmic-voltage-regulators-linear,6457,0.66,"SC-74A, SOT-753",Surface Mount,Active,https://www.st.com/content/ccc/resource/technical/document/datasheet/b5/b9/9e/93/01/36/4c/5b/DM00125121.pdf/files/DM00125121.pdf/jcr:content/translations/en.DM00125121.pdf,https://www.digikey.com/en/products/detail/stmicroelectronics/LDK715M33R/7313254,,85mA,7 µA,8.5 µA,,1,-40°C ~ 125°C (TJ),Positive,Fixed,57dB ~ 38dB (100kHz ~ 1kHz),"Over Current, Over Temperature",,,24V,,3.3V,1V @ 85mA
LDL1117S33R,STMicroelectronics,IC REG LINEAR 3.3V 1.2A SOT-223,pmic-voltage-regulators-linear,18029,0.41,"TO-261-4, TO-261AA",Surface Mount,Active,https://www.st.com/content/ccc/resource/technical/document/datasheet/group3/0e/5a/00/ca/10/1a/4f/a5/DM00366442/files/DM00366442.pdf/jcr:content/translations/en.DM00366442.pdf,https://www.digikey.com/en/products/detail/stmicroelectronics/LDL1117S33R/7102071,,1.2A,500 µA,,,1,-40°C ~ 125°C (TJ),Positive,Fixed,87dB ~ 65dB (120Hz ~ 100kHz),"Over Current, Over Temperature, Under Voltage Lockout (UVLO)",,,18V,,3.3V,0.6V @ 1.2A
LDL1117S50R,STMicroelectronics,IC REG LINEAR 5V 1.2A SOT-223,pmic-voltage-regulators-linear,70823,0.41,"TO-261-4, TO-261AA",Surface Mount,Active,https://www.st.com/content/ccc/resource/technical/document/datasheet/group3/0e/5a/00/ca/10/1a/4f/a5/DM00366442/files/DM00366442.pdf/jcr:content/translations/en.DM00366442.pdf,https://www.digikey.com/en/products/detail/stmicroelectronics/LDL1117S50R/7102072,,1.2A,500 µA,,,1,-40°C ~ 125°C (TJ),Positive,Fixed,87dB ~ 65dB (120Hz ~ 100kHz),"Over Current, Over Temperature, Under Voltage Lockout (UVLO)",,,18V,,5V,0.6V @ 1.2A
LDL212DR,STMicroelectronics,IC REG LINEAR POS ADJ 1.2A 8-SO,pmic-voltage-regulators-linear,35788,0.49,"8-SOIC (0.154"", 3.90mm Width)",Surface Mount,Active,https://www.st.com/content/ccc/resource/technical/document/datasheet/group3/df/64/f9/b7/91/6e/43/20/DM00225720/files/DM00225720.pdf/jcr:content/translations/en.DM00225720.pdf,https://www.digikey.com/en/products/detail/stmicroelectronics/LDL212DR/6621714,Enable,1.2A,380 µA,380 µA,,1,-40°C ~ 125°C (TJ),Positive,Adjustable,87dB ~ 50dB (120Hz ~ 100kHz),"Over Current, Over Temperature, Under Voltage Lockout (UVLO)",,,18V,,1.18V,0.6V @ 1.2A
LDL212PUR,STMicroelectronics,IC REG LINEAR POS ADJ 1.2A 6-DFN,pmic-voltage-regulators-linear,67493,0.49,6-VDFN Exposed Pad,Surface Mount,Active,https://www.st.com/content/ccc/resource/technical/document/datasheet/group3/df/64/f9/b7/91/6e/43/20/DM00225720/files/DM00225720.pdf/jcr:content/translations/en.DM00225720.pdf,https://www.digikey.com/en/products/detail/stmicroelectronics/LDL212PUR/6072603,Enable,1.2A,380 µA,380 µA,,1,-40°C ~ 125°C (TJ),Positive,Adjustable,87dB ~ 50dB (120Hz ~ 100kHz),"Over Current, Over Temperature, Under Voltage Lockout (UVLO)",,,18V,17.4V,1.18V,0.6V @ 1.2A
LDO40LPU50RY,STMicroelectronics,IC REG LINEAR 5V 400MA 6-DFN,pmic-voltage-regulators-linear,7121,1.76,6-VDFN Exposed Pad,"Surface Mount, Wettable Flank",Active,https://www.st.com/content/ccc/resource/technical/document/datasheet/group3/e6/76/55/02/0d/3d/4b/5c/DM00528628/files/DM00528628.pdf/jcr:content/translations/en.DM00528628.pdf,https://www.digikey.com/en/products/detail/stmicroelectronics/LDO40LPU50RY/12179087,Enable,400mA,90 µA,140 µA,Automotive,1,-40°C ~ 125°C (TJ),Positive,Fixed,77dB ~ 42dB (100Hz ~ 10kHz),"Over Current, Over Temperature",AEC-Q100,,38V,,5V,0.27V @ 400mA
LF33ABDT-TR,STMicroelectronics,IC REG LINEAR 3.3V 500MA DPAK,pmic-voltage-regulators-linear,17320,1.37,"TO-252-3, DPAK (2 Leads + Tab), SC-63",Surface Mount,Active,https://www.st.com/content/ccc/resource/technical/document/datasheet/c4/0e/7e/2a/be/bc/4c/bd/CD00000546.pdf/files/CD00000546.pdf/jcr:content/translations/en.CD00000546.pdf,https://www.digikey.com/en/products/detail/stmicroelectronics/LF33ABDT-TR/1038540,,500mA,1 mA,12 mA,,1,-40°C ~ 125°C,Positive,Fixed,80dB ~ 65dB (120Hz ~ 65dB),"Over Current, Over Temperature",,,16V,,3.3V,0.7V @ 500mA
LM1084ISX-ADJ/NOPB,Texas Instruments,IC REG LINEAR POS ADJ 5A TO263,pmic-voltage-regulators-linear,4695,2.96,"TO-263-4, D2PAK (3 Leads + Tab), TO-263AA",Surface Mount,Active,,https://www.digikey.com/en/products/detail/texas-instruments/LM1084ISX-ADJ-NOPB/366708,,5A,10 mA,,,1,-40°C ~ 125°C,Positive,Adjustable,75dB (120Hz),"Over Current, Over Temperature",,,29V,27.5V,1.25V,1.5V @ 5A
LM1085IS-3.3/NOPB,Texas Instruments,IC REG LINEAR 3.3V 3A TO263,pmic-voltage-regulators-linear,950,2.86,"TO-263-4, D2PAK (3 Leads + Tab), TO-263AA",Surface Mount,Active,,https://www.digikey.com/en/products/detail/texas-instruments/LM1085IS-3-3-NOPB/363559,,3A,10 mA,,,1,-40°C ~ 125°C (TJ),Positive,Fixed,72dB (120Hz),"Over Current, Over Temperature",,,27V,,3.3V,1.5V @ 3A
LM1085ISX-3.3/NOPB,Texas Instruments,IC REG LINEAR 3.3V 3A TO263,pmic-voltage-regulators-linear,1297,2.19,"TO-263-4, D2PAK (3 Leads + Tab), TO-263AA",Surface Mount,Active,,https://www.digikey.com/en/products/detail/texas-instruments/LM1085ISX-3-3-NOPB/366710,,3A,10 mA,,,1,-40°C ~ 125°C (TJ),Positive,Fixed,72dB (120Hz),"Over Current, Over Temperature",,,27V,,3.3V,1.5V @ 3A
LM1085ISX-ADJ/NOPB,Texas Instruments,IC REG LINEAR POS ADJ 3A TO263,pmic-voltage-regulators-linear,9738,2.19,"TO-263-4, D2PAK (3 Leads + Tab), TO-263AA",Surface Mount,Active,,https://www.digikey.com/en/products/detail/texas-instruments/LM1085ISX-ADJ-NOPB/366712,,3A,10 mA,,,1,-40°C ~ 125°C (TJ),Positive,Adjustable,75dB (120Hz),"Over Current, Over Temperature",,,29V,15V,1.25V,1.5V @ 3A
LM1085IT-5.0/NOPB,Texas Instruments,IC REG LINEAR 5V 3A TO220-3,pmic-voltage-regulators-linear,1412,2.19,TO-220-3,Through Hole,Active,,https://www.digikey.com/en/products/detail/texas-instruments/LM1085IT-5-0-NOPB/363564,,3A,10 mA,,,1,-40°C ~ 125°C (TJ),Positive,Fixed,68dB (120Hz),"Over Current, Over Temperature",,,25V,,5V,1.5V @ 3A
LM1085IT-ADJ/NOPB,Texas Instruments,IC REG LINEAR POS ADJ 3A TO220-3,pmic-voltage-regulators-linear,1303,2.19,TO-220-3,Through Hole,Active,,https://www.digikey.com/en/products/detail/texas-instruments/LM1085IT-ADJ-NOPB/363565,,3A,10 mA,,,1,-40°C ~ 125°C (TJ),Positive,Adjustable,75dB (120Hz),"Over Current, Over Temperature",,,29V,15V,1.25V,1.5V @ 3A
LM1086CS-3.3/NOPB,Texas Instruments,IC REG LINEAR 3.3V 1.5A TO263,pmic-voltage-regulators-linear,1702,3.18,"TO-263-4, D2PAK (3 Leads + Tab), TO-263AA",Surface Mount,Active,,https://www.digikey.com/en/products/detail/texas-instruments/LM1086CS-3-3-NOPB/363567,,1.5A,5 mA,10 mA,,1,0°C ~ 125°C,Positive,Fixed,72dB (120Hz),"Over Current, Over Temperature, Short Circuit",,,27V,,3.3V,1.5V @ 1.5A
LM1086CT-3.3/NOPB,Texas Instruments,IC REG LINEAR 3.3V 1.5A TO220-3,pmic-voltage-regulators-linear,988,2.44,TO-220-3,Through Hole,Active,,https://www.digikey.com/en/products/detail/texas-instruments/LM1086CT-3-3-NOPB/363571,,1.5A,5 mA,10 mA,,1,0°C ~ 125°C,Positive,Fixed,72dB (120Hz),"Over Current, Over Temperature, Short Circuit",,,27V,,3.3V,1.5V @ 1.5A
LM1086CT-ADJ/NOPB,Texas Instruments,IC REG LIN POS ADJ 1.5A TO220-3,pmic-voltage-regulators-linear,1619,2.44,TO-220-3,Through Hole,Active,,https://www.digikey.com/en/products/detail/texas-instruments/LM1086CT-ADJ-NOPB/363573,,1.5A,5 mA,10 mA,,1,0°C ~ 125°C,Positive,Adjustable,75dB (120Hz),"Over Current, Over Temperature, Short Circuit",,,29V,15V,1.2V,1.5V @ 1.5A
LM1086ILD-3.3/NOPB,Texas Instruments,IC REG LINEAR 3.3V 1.5A 8-WSON,pmic-voltage-regulators-linear,570,2.66,8-WDFN Exposed Pad,Surface Mount,Active,,https://www.digikey.com/en/products/detail/texas-instruments/LM1086ILD-3-3-NOPB/1870889,,1.5A,5 mA,10 mA,,1,-40°C ~ 125°C,Positive,Fixed,72dB (120Hz),"Over Current, Over Temperature, Short Circuit",,,27V,,3.3V,1.5V @ 1.5A
LM1086ISX-ADJ/NOPB,Texas Instruments,IC REG LINEAR POS ADJ 1.5A TO263,pmic-voltage-regulators-linear,185,2.03,"TO-263-4, D2PAK (3 Leads + Tab), TO-263AA",Surface Mount,Active,,https://www.digikey.com/en/products/detail/texas-instruments/LM1086ISX-ADJ-NOPB/366720,,1.5A,5 mA,10 mA,,1,-40°C ~ 125°C,Positive,Adjustable,75dB (120Hz),"Over Current, Over Temperature, Short Circuit",,,29V,15V,1.2V,1.5V @ 1.5A
LM1086IT-ADJ/NOPB,Texas Instruments,IC REG LIN POS ADJ 1.5A TO220-3,pmic-voltage-regulators-linear,1382,2.44,TO-220-3,Through Hole,Active,,https://www.digikey.com/en/products/detail/texas-instruments/LM1086IT-ADJ-NOPB/363581,,1.5A,5 mA,10 mA,,1,-40°C ~ 125°C,Positive,Adjustable,75dB (120Hz),"Over Current, Over Temperature, Short Circuit",,,29V,15V,1.2V,1.5V @ 1.5A
LM1117DT-3.3/NOPB,Texas Instruments,IC REG LINEAR 3.3V 800MA TO252-3,pmic-voltage-regulators-linear,3813,1.92,"TO-252-3, DPAK (2 Leads + Tab), SC-63",Surface Mount,Active,https://www.ti.com/lit/ds/symlink/lm1117.pdf?HQS=dis-dk-null-digikeymode-dsf-pf-null-wwe&ts=1721700739746,https://www.digikey.com/en/products/detail/texas-instruments/LM1117DT-3-3-NOPB/363583,,800mA,5 mA,10 mA,,1,0°C ~ 125°C,Positive,Fixed,75dB (120Hz),"Over Current, Over Temperature",,LM1117-3.3,15V,,3.3V,1.2V @ 800mA
LM1117DTX-3.3/NOPB,Texas Instruments,IC REG LINEAR 3.3V 800MA TO252-3,pmic-voltage-regulators-linear,20559,1.53,"TO-252-3, DPAK (2 Leads + Tab), SC-63",Surface Mount,Active,https://www.ti.com/lit/ds/symlink/lm1117.pdf?HQS=dis-dk-null-digikeymode-dsf-pf-null-wwe&ts=1721700739746,https://www.digikey.com/en/products/detail/texas-instruments/LM1117DTX-3-3-NOPB/366727,,800mA,5 mA,10 mA,,1,0°C ~ 125°C,Positive,Fixed,75dB (120Hz),"Over Current, Over Temperature",,LM1117-3.3,15V,,3.3V,1.2V @ 800mA
LM1117IMP-ADJ/NOPB,Texas Instruments,IC REG LIN POS ADJ 800MA SOT223,pmic-voltage-regulators-linear,485,1.65,"TO-261-4, TO-261AA",Surface Mount,Active,https://www.ti.com/lit/ds/symlink/lm1117.pdf?HQS=dis-dk-null-digikeymode-dsf-pf-null-wwe&ts=1721700739746,https://www.digikey.com/en/products/detail/texas-instruments/LM1117IMP-ADJ-NOPB/482941,,800mA,5 mA,10 mA,,1,-40°C ~ 125°C,Positive,Adjustable,75dB (120Hz),"Over Current, Over Temperature",,,15V,13.8V,1.25V,1.2V @ 800mA
LM1117IMPX-3.3/NOPB,Texas Instruments,IC REG LIN 3.3V 800MA SOT-223-4,pmic-voltage-regulators-linear,36365,1.21,"TO-261-4, TO-261AA",Surface Mount,Active,https://www.ti.com/lit/ds/symlink/lm1117.pdf?HQS=dis-dk-null-digikeymode-dsf-pf-null-wwe&ts=1721700739746,https://www.digikey.com/en/products/detail/texas-instruments/LM1117IMPX-3-3-NOPB/1870906,,800mA,5 mA,10 mA,,1,-40°C ~ 125°C,Positive,Fixed,75dB (120Hz),"Over Current, Over Temperature",,LM1117-3.3,15V,,3.3V,1.2V @ 800mA
LM1117IMPX-ADJ/NOPB,Texas Instruments,IC REG LIN POS ADJ 800MA SOT223,pmic-voltage-regulators-linear,7021,1.21,"TO-261-4, TO-261AA",Surface Mount,Active,https://www.ti.com/lit/ds/symlink/lm1117.pdf?HQS=dis-dk-null-digikeymode-dsf-pf-null-wwe&ts=1721700739746,https://www.digikey.com/en/products/detail/texas-instruments/LM1117IMPX-ADJ-NOPB/1870908,,800mA,5 mA,10 mA,,1,-40°C ~ 125°C,Positive,Adjustable,75dB (120Hz),"Over Current, Over Temperature",,,15V,13.8V,1.25V,1.2V @ 800mA
LM1117MP-1.8/NOPB,Texas Instruments,IC REG LINEAR 1.8V 800MA SOT-223,pmic-voltage-regulators-linear,7810,1.65,"TO-261-4, TO-261AA",Surface Mount,Active,https://www.ti.com/lit/ds/symlink/lm1117.pdf?HQS=dis-dk-null-digikeymode-dsf-pf-null-wwe&ts=1721700739746,https://www.digikey.com/en/products/detail/texas-instruments/LM1117MP-1-8-NOPB/363587,,800mA,5 mA,10 mA,,1,0°C ~ 125°C,Positive,Fixed,75dB (120Hz),"Over Current, Over Temperature",,,15V,,1.8V,1.2V @ 800mA
LM1117MP-3.3/NOPB,Texas Instruments,IC REG LINEAR 3.3V 800MA SOT-223,pmic-voltage-regulators-linear,21806,1.65,"TO-261-4, TO-261AA",Surface Mount,Active,https://www.ti.com/lit/ds/symlink/lm1117.pdf?HQS=dis-dk-null-digikeymode-dsf-pf-null-wwe&ts=1721700739746,https://www.digikey.com/en/products/detail/texas-instruments/LM1117MP-3-3-NOPB/304882,,800mA,5 mA,10 mA,,1,0°C ~ 125°C,Positive,Fixed,75dB (120Hz),"Over Current, Over Temperature",,LM1117-3.3,15V,,3.3V,1.2V @ 800mA
LM1117MP-5.0/NOPB,Texas Instruments,IC REG LINEAR 5V 800MA SOT-223,pmic-voltage-regulators-linear,7568,1.65,"TO-261-4, TO-261AA",Surface Mount,Active,https://www.ti.com/lit/ds/symlink/lm1117.pdf?HQS=dis-dk-null-digikeymode-dsf-pf-null-wwe&ts=1721700739746,https://www.digikey.com/en/products/detail/texas-instruments/LM1117MP-5-0-NOPB/363590,,800mA,5 mA,10 mA,,1,0°C ~ 125°C,Positive,Fixed,75dB (120Hz),"Over Current, Over Temperature",,,15V,,5V,1.2V @ 800mA
LM1117MPX-33NOPB,onsemi,IC REG LINEAR 3.3V 800MA SOT-223,pmic-voltage-regulators-linear,36892,0.58,"TO-261-4, TO-261AA",Surface Mount,Active,https://www.onsemi.com/pdf/datasheet/lm1117-d.pdf,https://www.digikey.com/en/products/detail/onsemi/LM1117MPX-33NOPB/13559871,,800mA,10 mA,,,1,0°C ~ 125°C (TA),Positive,Fixed,64dB (120Hz),"Over Current, Over Temperature",,,20V,,3.3V,1.2V @ 800mA
LM1117MPX-5.0/NOPB,Texas Instruments,IC REG LINEAR 5V 800MA SOT-223-4,pmic-voltage-regulators-linear,6879,1.21,"TO-261-4, TO-261AA",Surface Mount,Active,https://www.ti.com/lit/ds/symlink/lm1117.pdf?HQS=dis-dk-null-digikeymode-dsf-pf-null-wwe&ts=1721700739746,https://www.digikey.com/en/products/detail/texas-instruments/LM1117MPX-5-0-NOPB/366734,,800mA,5 mA,10 mA,,1,0°C ~ 125°C,Positive,Fixed,75dB (120Hz),"Over Current, Over Temperature",,,15V,,5V,1.2V @ 800mA
LM1117MPX-ADJ/NOPB,Texas Instruments,IC REG LIN POS ADJ 800MA SOT-223,pmic-voltage-regulators-linear,9143,1.21,"TO-261-4, TO-261AA",Surface Mount,Active,https://www.ti.com/lit/ds/symlink/lm1117.pdf?HQS=dis-dk-null-digikeymode-dsf-pf-null-wwe&ts=1721700739746,https://www.digikey.com/en/products/detail/texas-instruments/LM1117MPX-ADJ-NOPB/304884,,800mA,5 mA,10 mA,,1,0°C ~ 125°C,Positive,Adjustable,75dB (120Hz),"Over Current, Over Temperature",,,15V,13.8V,1.25V,1.2V @ 800mA
LM1117T-3.3/NOPB,Texas Instruments,IC REG LINEAR 3.3V 800MA TO220-3,pmic-voltage-regulators-linear,4428,1.88,TO-220-3,Through Hole,Active,https://www.ti.com/lit/ds/symlink/lm1117.pdf?HQS=dis-dk-null-digikeymode-dsf-pf-null-wwe&ts=1721700739746,https://www.digikey.com/en/products/detail/texas-instruments/LM1117T-3-3-NOPB/363593,,800mA,5 mA,10 mA,,1,0°C ~ 125°C,Positive,Fixed,75dB (120Hz),"Over Current, Over Temperature",,LM1117-3.3,15V,,3.3V,1.2V @ 800mA
LM117K STEEL/NOPB,Texas Instruments,IC REG LINEAR POS ADJ 1.5A TO3-2,pmic-voltage-regulators-linear,557,126.08,"TO-204AA, TO-3",Through Hole,Active,,https://www.digikey.com/en/products/detail/texas-instruments/LM117K-STEEL-NOPB/148097,,1.5A,5 mA,,,1,-55°C ~ 125°C,Positive,Adjustable,80dB ~ 65dB (120Hz),"Over Current, Over Temperature, Short Circuit",,,40V,37V,1.25V,
LM137H,Texas Instruments,IC REG LINEAR NEG ADJ 1.5A TO3,pmic-voltage-regulators-linear,307,28.35,"TO-205AD, TO-39-3 Metal Can",Through Hole,Active,,https://www.digikey.com/en/products/detail/texas-instruments/LM137H/5055952,,1.5A,,,,1,-55°C ~ 150°C,Negative,Adjustable,66dB (120Hz),"Over Current, Over Temperature, Short Circuit",,,-40V,-37V,-1.2V,
LM2931AMX-5.0/NOPB,Texas Instruments,IC REG LINEAR 5V 100MA 8-SOIC,pmic-voltage-regulators-linear,5805,0.89,"8-SOIC (0.154"", 3.90mm Width)",Surface Mount,Active,,https://www.digikey.com/en/products/detail/texas-instruments/LM2931AMX-5-0-NOPB/334920,,100mA,15 mA,30 mA,,1,-40°C ~ 85°C,Positive,Fixed,80dB (120Hz),"Over Temperature, Reverse Polarity, Short Circuit",,,26V,,5V,0.3V @ 100mA
LM2931CT/NOPB,Texas Instruments,IC REG LIN POS ADJ 100MA TO220-5,pmic-voltage-regulators-linear,7441,1.6,TO-220-5,Through Hole,Active,,https://www.digikey.com/en/products/detail/texas-instruments/LM2931CT-NOPB/28106,,100mA,1 mA,15 mA,,1,-40°C ~ 85°C,Positive,Adjustable,55dB (120Hz),"Over Temperature, Reverse Polarity, Short Circuit",,,26V,24V,3V,0.3V @ 100mA
LM2936M-5.0/NOPB,Texas Instruments,IC REG LINEAR 5V 50MA 8-SOIC,pmic-voltage-regulators-linear,4301,2.66,"8-SOIC (0.154"", 3.90mm Width)",Surface Mount,Active,https://www.ti.com/lit/ds/symlink/lm2936.pdf,https://www.digikey.com/en/products/detail/texas-instruments/LM2936M-5-0-NOPB/280557,,50mA,9 µA,2.5 mA,,1,-40°C ~ 125°C (TJ),Positive,Fixed,60dB (120Hz),"Over Temperature, Reverse Polarity, Short Circuit",,,40V,,5V,0.4V @ 50mA
LM2936MP-3.3/NOPB,Texas Instruments,IC REG LIN 3.3V 50MA SOT-223-4,pmic-voltage-regulators-linear,428,2.58,"TO-261-4, TO-261AA",Surface Mount,Active,https://www.ti.com/lit/ds/symlink/lm2936.pdf,https://www.digikey.com/en/products/detail/texas-instruments/LM2936MP-3-3-NOPB/482959,,50mA,15 µA,2.5 mA,,1,-40°C ~ 125°C (TJ),Positive,Fixed,60dB (120Hz),"Over Temperature, Reverse Polarity, Short Circuit",,,40V,,3.3V,0.4V @ 50mA
LM2936MP-5.0/NOPB,Texas Instruments,IC REG LINEAR 5V 50MA SOT-223-4,pmic-voltage-regulators-linear,3909,2.58,"TO-261-4, TO-261AA",Surface Mount,Active,https://www.ti.com/lit/ds/symlink/lm2936.pdf,https://www.digikey.com/en/products/detail/texas-instruments/LM2936MP-5-0-NOPB/354118,,50mA,9 µA,2.5 mA,,1,-40°C ~ 125°C (TJ),Positive,Fixed,60dB (120Hz),"Over Temperature, Reverse Polarity, Short Circuit",,,40V,,5V,0.4V @ 50mA
LM2936MPX-3.3/NOPB,Texas Instruments,IC REG LIN 3.3V 50MA SOT-223-4,pmic-voltage-regulators-linear,6895,2.12,"TO-261-4, TO-261AA",Surface Mount,Active,https://www.ti.com/lit/ds/symlink/lm2936.pdf,https://www.digikey.com/en/products/detail/texas-instruments/LM2936MPX-3-3-NOPB/1871200,,50mA,15 µA,2.5 mA,,1,-40°C ~ 125°C (TJ),Positive,Fixed,60dB (120Hz),"Over Temperature, Reverse Polarity, Short Circuit",,,40V,,3.3V,0.4V @ 50mA
LM2936MX-3.3/NOPB,Texas Instruments,IC REG LINEAR 3.3V 50MA 8-SOIC,pmic-voltage-regulators-linear,16012,1.91,"8-SOIC (0.154"", 3.90mm Width)",Surface Mount,Active,https://www.ti.com/lit/ds/symlink/lm2936.pdf,https://www.digikey.com/en/products/detail/texas-instruments/LM2936MX-3-3-NOPB/1871202,,50mA,15 µA,2.5 mA,,1,-40°C ~ 125°C (TJ),Positive,Fixed,60dB (120Hz),"Over Temperature, Reverse Polarity, Short Circuit",,,40V,,3.3V,0.4V @ 50mA
LM2936MX-5.0/NOPB,Texas Instruments,IC REG LINEAR 5V 50MA 8-SOIC,pmic-voltage-regulators-linear,879,2.12,"8-SOIC (0.154"", 3.90mm Width)",Surface Mount,Active,https://www.ti.com/lit/ds/symlink/lm2936.pdf,https://www.digikey.com/en/products/detail/texas-instruments/LM2936MX-5-0-NOPB/334917,,50mA,9 µA,2.5 mA,,1,-40°C ~ 125°C (TJ),Positive,Fixed,60dB (120Hz),"Over Temperature, Reverse Polarity, Short Circuit",,,40V,,5V,0.4V @ 50mA
LM2936Z-5.0/NOPB,Texas Instruments,IC REG LINEAR 5V 50MA TO92-3,pmic-voltage-regulators-linear,10481,3.03,"TO-226-3, TO-92-3 (TO-226AA)",Through Hole,Active,https://www.ti.com/lit/ds/symlink/lm2936.pdf,https://www.digikey.com/en/products/detail/texas-instruments/LM2936Z-5-0-NOPB/86446,,50mA,9 µA,2.5 mA,,1,-40°C ~ 125°C (TJ),Positive,Fixed,60dB (120Hz),"Over Temperature, Reverse Polarity, Short Circuit",,,40V,,5V,0.4V @ 50mA
LM2937ES-3.3/NOPB,Texas Instruments,IC REG LINEAR 3.3V 500MA TO263,pmic-voltage-regulators-linear,1255,3.04,"TO-263-4, D2PAK (3 Leads + Tab), TO-263AA",Surface Mount,Active,https://www.ti.com/lit/ds/symlink/lm2937.pdf,https://www.digikey.com/en/products/detail/texas-instruments/LM2937ES-3-3-NOPB/363867,,500mA,10 mA,20 mA,,1,-40°C ~ 125°C (TJ),Positive,Fixed,,"Mirror-Image Insertion, Over Temperature, Short Circuit, Transient Voltage",,,26V,,3.3V,1V @ 500mA
LM2937ESX-3.3/NOPB,Texas Instruments,IC REG LINEAR 3.3V 500MA TO263,pmic-voltage-regulators-linear,3295,2.65,"TO-263-4, D2PAK (3 Leads + Tab), TO-263AA",Surface Mount,Active,https://www.ti.com/lit/ds/symlink/lm2937.pdf,https://www.digikey.com/en/products/detail/texas-instruments/LM2937ESX-3-3-NOPB/366970,,500mA,10 mA,20 mA,,1,-40°C ~ 125°C (TJ),Positive,Fixed,,"Mirror-Image Insertion, Over Temperature, Short Circuit, Transient Voltage",,,26V,,3.3V,1V @ 500mA
LM2937ESX-5.0/NOPB,Texas Instruments,IC REG LINEAR 5V 500MA TO263,pmic-voltage-regulators-linear,6997,2.76,"TO-263-4, D2PAK (3 Leads + Tab), TO-263AA",Surface Mount,Active,https://www.ti.com/lit/ds/symlink/lm2937.pdf,https://www.digikey.com/en/products/detail/texas-instruments/LM2937ESX-5-0-NOPB/334916,,500mA,10 mA,20 mA,,1,-40°C ~ 125°C (TJ),Positive,Fixed,,"Mirror-Image Insertion, Over Temperature, Short Circuit, Transient Voltage",,,26V,,5V,1V @ 500mA
LM2937ET-3.3/NOPB,Texas Instruments,IC REG LINEAR 3.3V 500MA TO220-3,pmic-voltage-regulators-linear,2423,2.3,TO-220-3,Through Hole,Active,https://www.ti.com/lit/ds/symlink/lm2937.pdf,https://www.digikey.com/en/products/detail/texas-instruments/LM2937ET-3-3-NOPB/363870,,500mA,10 mA,20 mA,,1,-40°C ~ 125°C (TJ),Positive,Fixed,,"Mirror-Image Insertion, Over Temperature, Short Circuit, Transient Voltage",,,26V,,3.3V,1V @ 500mA
LM2937IMP-12/NOPB,Texas Instruments,IC REG LIN 12V 500MA SOT-223-4,pmic-voltage-regulators-linear,6803,2.83,"TO-261-4, TO-261AA",Surface Mount,Active,https://www.ti.com/lit/ds/symlink/lm2937.pdf,https://www.digikey.com/en/products/detail/texas-instruments/LM2937IMP-12-NOPB/363874,,500mA,10 mA,20 mA,,1,-40°C ~ 85°C (TJ),Positive,Fixed,,"Mirror-Image Insertion, Over Temperature, Short Circuit, Transient Voltage",,,26V,,12V,1V @ 500mA
LM2937IMP-3.3/NOPB,Texas Instruments,IC REG LIN 3.3V 500MA SOT-223-4,pmic-voltage-regulators-linear,5563,2.83,"TO-261-4, TO-261AA",Surface Mount,Active,https://www.ti.com/lit/ds/symlink/lm2937.pdf,https://www.digikey.com/en/products/detail/texas-instruments/LM2937IMP-3-3-NOPB/270712,,500mA,10 mA,20 mA,,1,-40°C ~ 85°C (TJ),Positive,Fixed,,"Mirror-Image Insertion, Over Temperature, Short Circuit, Transient Voltage",,,26V,,3.3V,1V @ 500mA
LM2937IMP-5.0/NOPB,Texas Instruments,IC REG LINEAR 5V 500MA SOT-223-4,pmic-voltage-regulators-linear,8066,2.83,"TO-261-4, TO-261AA",Surface Mount,Active,https://www.ti.com/lit/ds/symlink/lm2937.pdf,https://www.digikey.com/en/products/detail/texas-instruments/LM2937IMP-5-0-NOPB/270713,,500mA,10 mA,20 mA,,1,-40°C ~ 85°C (TJ),Positive,Fixed,,"Mirror-Image Insertion, Over Temperature, Short Circuit, Transient Voltage",,,26V,,5V,1V @ 500mA
LM2937IMPX-3.3/NOPB,Texas Instruments,IC REG LIN 3.3V 500MA SOT-223-4,pmic-voltage-regulators-linear,2810,2.41,"TO-261-4, TO-261AA",Surface Mount,Active,https://www.ti.com/lit/ds/symlink/lm2937.pdf,https://www.digikey.com/en/products/detail/texas-instruments/LM2937IMPX-3-3-NOPB/366976,,500mA,10 mA,20 mA,,1,-40°C ~ 85°C (TJ),Positive,Fixed,,"Mirror-Image Insertion, Over Temperature, Short Circuit, Transient Voltage",,,26V,,3.3V,1V @ 500mA
LM2937IMPX-5.0/NOPB,Texas Instruments,IC REG LINEAR 5V 500MA SOT-223-4,pmic-voltage-regulators-linear,1128,2.03,"TO-261-4, TO-261AA",Surface Mount,Active,https://www.ti.com/lit/ds/symlink/lm2937.pdf,https://www.digikey.com/en/products/detail/texas-instruments/LM2937IMPX-5-0-NOPB/366977,,500mA,10 mA,20 mA,,1,-40°C ~ 85°C (TJ),Positive,Fixed,,"Mirror-Image Insertion, Over Temperature, Short Circuit, Transient Voltage",,,26V,,5V,1V @ 500mA
LM2940CSX-15/NOPB,Texas Instruments,IC REG LINEAR 15V 1A TO263,pmic-voltage-regulators-linear,2115,2.33,"TO-263-4, D2PAK (3 Leads + Tab), TO-263AA",Surface Mount,Active,,https://www.digikey.com/en/products/detail/texas-instruments/LM2940CSX-15-NOPB/366980,,1A,10 mA,15 mA,,1,0°C ~ 125°C,Positive,Fixed,66dB (120Hz),"Over Current, Over Temperature, Reverse Polarity, Short Circuit",,,26V,,15V,0.8V @ 1A
LM2940CT-5.0/NOPB,Texas Instruments,IC REG LINEAR 5V 1A TO220-3,pmic-voltage-regulators-linear,1172,1.94,TO-220-3,Through Hole,Active,,https://www.digikey.com/en/products/detail/texas-instruments/LM2940CT-5-0-NOPB/32575,,1A,15 mA,60 mA,,1,0°C ~ 125°C,Positive,Fixed,72dB (120Hz),"Over Temperature, Reverse Polarity, Short Circuit",,,26V,,5V,1V @ 1A
LM2940IMP-10/NOPB,Texas Instruments,IC REG LINEAR 10V 1A SOT-223-4,pmic-voltage-regulators-linear,7194,2.41,"TO-261-4, TO-261AA",Surface Mount,Active,,https://www.digikey.com/en/products/detail/texas-instruments/LM2940IMP-10-NOPB/363886,,1A,10 mA,15 mA,,1,-40°C ~ 85°C,Positive,Fixed,63dB (120Hz),"Over Current, Over Temperature, Reverse Polarity, Short Circuit",,,26V,,10V,1V @ 1A
LM2940IMP-12/NOPB,Texas Instruments,IC REG LINEAR 12V 1A SOT-223-4,pmic-voltage-regulators-linear,9586,2.41,"TO-261-4, TO-261AA",Surface Mount,Active,,https://www.digikey.com/en/products/detail/texas-instruments/LM2940IMP-12-NOPB/363888,,1A,10 mA,15 mA,,1,-40°C ~ 85°C,Positive,Fixed,66dB (120Hz),"Over Current, Over Temperature, Reverse Polarity, Short Circuit",,,26V,,12V,1V @ 1A
LM2940IMP-5.0/NOPB,Texas Instruments,IC REG LINEAR 5V 1A SOT-223-4,pmic-voltage-regulators-linear,7484,2.41,"TO-261-4, TO-261AA",Surface Mount,Active,,https://www.digikey.com/en/products/detail/texas-instruments/LM2940IMP-5-0-NOPB/270714,,1A,10 mA,15 mA,,1,-40°C ~ 85°C,Positive,Fixed,64dB (120Hz),"Over Current, Over Temperature, Reverse Polarity, Short Circuit",,,26V,,5V,1V @ 1A
LM2940IMP-9.0/NOPB,Texas Instruments,IC REG LINEAR 9V 1A SOT-223-4,pmic-voltage-regulators-linear,3749,1.88,"TO-261-4, TO-261AA",Surface Mount,Active,,https://www.digikey.com/en/products/detail/texas-instruments/LM2940IMP-9-0-NOPB/363894,,1A,10 mA,15 mA,,1,-40°C ~ 85°C,Positive,Fixed,64dB (120Hz),"Over Current, Over Temperature, Reverse Polarity, Short Circuit",,,26V,,9V,1V @ 1A
LM2940IMPX-5.0/NOPB,Texas Instruments,IC REG LINEAR 5V 1A SOT-223-4,pmic-voltage-regulators-linear,8986,1.88,"TO-261-4, TO-261AA",Surface Mount,Active,,https://www.digikey.com/en/products/detail/texas-instruments/LM2940IMPX-5-0-NOPB/366985,,1A,10 mA,15 mA,,1,-40°C ~ 85°C,Positive,Fixed,64dB (120Hz),"Over Current, Over Temperature, Reverse Polarity, Short Circuit",,,26V,,5V,1V @ 1A
LM2940SX-5.0/NOPB,Texas Instruments,IC REG LINEAR 5V 1A TO263,pmic-voltage-regulators-linear,456,2.71,"TO-263-4, D2PAK (3 Leads + Tab), TO-263AA",Surface Mount,Active,,https://www.digikey.com/en/products/detail/texas-instruments/LM2940SX-5-0-NOPB/334914,,1A,10 mA,15 mA,,1,-40°C ~ 125°C,Positive,Fixed,64dB (120Hz),"Over Current, Over Temperature, Reverse Polarity, Short Circuit",,,26V,,5V,1V @ 1A
LM2940T-10.0/NOPB,Texas Instruments,IC REG LINEAR 10V 1A TO220-3,pmic-voltage-regulators-linear,2309,2.22,TO-220-3,Through Hole,Active,,https://www.digikey.com/en/products/detail/texas-instruments/LM2940T-10-0-NOPB/148141,,1A,10 mA,15 mA,,1,-40°C ~ 125°C,Positive,Fixed,63dB (120Hz),"Over Current, Over Temperature, Reverse Polarity, Short Circuit",,,26V,,10V,1V @ 1A
LM2940T-12.0/NOPB,Texas Instruments,IC REG LINEAR 12V 1A TO220-3,pmic-voltage-regulators-linear,2739,2.22,TO-220-3,Through Hole,Active,,https://www.digikey.com/en/products/detail/texas-instruments/LM2940T-12-0-NOPB/212654,,1A,10 mA,15 mA,,1,-40°C ~ 125°C,Positive,Fixed,66dB (120Hz),"Over Current, Over Temperature, Reverse Polarity, Short Circuit",,,26V,,12V,1V @ 1A
LM2941CSX/NOPB,Texas Instruments,IC REG LINEAR POS ADJ 1A TO263,pmic-voltage-regulators-linear,3368,2.49,"TO-263-6, D2PAK (5 Leads + Tab), TO-263BA",Surface Mount,Active,https://www.ti.com/lit/ds/snvs770i/snvs770i.pdf,https://www.digikey.com/en/products/detail/texas-instruments/LM2941CSX-NOPB/334913,Enable,1A,10 mA,15 mA,,1,0°C ~ 125°C,Positive,Adjustable,,"Over Temperature, Reverse Polarity, Short Circuit",,,26V,20V,5V,1V @ 1A
LM2941S/NOPB,Texas Instruments,IC REG LINEAR POS ADJ 1A TO263,pmic-voltage-regulators-linear,4862,2.8,"TO-263-6, D2PAK (5 Leads + Tab), TO-263BA",Surface Mount,Active,https://www.ti.com/lit/ds/snvs770i/snvs770i.pdf,https://www.digikey.com/en/products/detail/texas-instruments/LM2941S-NOPB/272596,Enable,1A,10 mA,15 mA,,1,-40°C ~ 125°C,Positive,Adjustable,,"Over Temperature, Reverse Polarity, Short Circuit",,,26V,20V,5V,1V @ 1A
LM2990S-5.0/NOPB,Texas Instruments,IC REG LINEAR -5V 1.8A TO263,pmic-voltage-regulators-linear,1302,4.64,"TO-263-4, D2PAK (3 Leads + Tab), TO-263AA",Surface Mount,Active,,https://www.digikey.com/en/products/detail/texas-instruments/LM2990S-5-0-NOPB/363901,,1.8A,1 mA,5 mA,,1,-40°C ~ 125°C,Negative,Fixed,58dB (1kHz),"Over Temperature, Short Circuit",,,-26V,,-5V,1V @ 1A
LM2990SX-5.0/NOPB,Texas Instruments,IC REG LINEAR -5V 1.8A TO263,pmic-voltage-regulators-linear,3490,3.61,"TO-263-4, D2PAK (3 Leads + Tab), TO-263AA",Surface Mount,Active,,https://www.digikey.com/en/products/detail/texas-instruments/LM2990SX-5-0-NOPB/366995,,1.8A,1 mA,5 mA,,1,-40°C ~ 125°C,Negative,Fixed,58dB (1kHz),"Over Temperature, Short Circuit",,,-26V,,-5V,1V @ 1A
LM2990T-12/NOPB,Texas Instruments,IC REG LINEAR -12V 1.8A TO220-3,pmic-voltage-regulators-linear,3956,3.33,TO-220-3,Through Hole,Active,,https://www.digikey.com/en/products/detail/texas-instruments/LM2990T-12-NOPB/182373,,1.8A,1 mA,5 mA,,1,-40°C ~ 125°C,Negative,Fixed,52dB (1kHz),"Over Temperature, Short Circuit",,,-26V,,-12V,1V @ 1A
LM2991S/NOPB,Texas Instruments,IC REG LINEAR NEG ADJ 1A TO263,pmic-voltage-regulators-linear,1266,4.77,"TO-263-6, D2PAK (5 Leads + Tab), TO-263BA",Surface Mount,Active,,https://www.digikey.com/en/products/detail/texas-instruments/LM2991S-NOPB/272606,Enable,1A,0.7 mA,5 mA,,1,-40°C ~ 125°C,Negative,Adjustable,60dB (1kHz),"Over Temperature, Short Circuit",,,-26V,-24V,-3V,1V @ 1A
LM317AEMP/NOPB,Texas Instruments,IC REG LIN POS ADJ 1.5A SOT223-4,pmic-voltage-regulators-linear,9455,3.2,"TO-261-4, TO-261AA",Surface Mount,Active,,https://www.digikey.com/en/products/detail/texas-instruments/LM317AEMP-NOPB/363903,,1.5A,10 mA,,,1,-40°C ~ 125°C,Positive,Adjustable,80dB ~ 65dB (120Hz),"Over Current, Over Temperature, Short Circuit",,,40V,37V,1.25V,
LM317AMDT/NOPB,Texas Instruments,IC REG LIN POS ADJ 1.5A TO252-3,pmic-voltage-regulators-linear,3781,3.54,"TO-252-3, DPAK (2 Leads + Tab), SC-63",Surface Mount,Active,,https://www.digikey.com/en/products/detail/texas-instruments/LM317AMDT-NOPB/1136042,,1.5A,10 mA,,,1,-40°C ~ 125°C,Positive,Adjustable,80dB ~ 65dB (120Hz),"Over Current, Over Temperature, Short Circuit",,,40V,37V,1.25V,
LM317AMDTX/NOPB,Texas Instruments,IC REG LIN POS ADJ 1.5A TO252-3,pmic-voltage-regulators-linear,3582,3.21,"TO-252-3, DPAK (2 Leads + Tab), SC-63",Surface Mount,Active,,https://www.digikey.com/en/products/detail/texas-instruments/LM317AMDTX-NOPB/1871211,,1.5A,10 mA,,,1,-40°C ~ 125°C,Positive,Adjustable,80dB ~ 65dB (120Hz),"Over Current, Over Temperature, Short Circuit",,,40V,37V,1.25V,
LM317AT/NOPB,Texas Instruments,IC REG LIN POS ADJ 1.5A TO220-3,pmic-voltage-regulators-linear,6522,3.0,TO-220-3,Through Hole,Active,,https://www.digikey.com/en/products/detail/texas-instruments/LM317AT-NOPB/149025,,1.5A,10 mA,,,1,-40°C ~ 125°C,Positive,Adjustable,80dB ~ 65dB (120Hz),"Over Current, Over Temperature, Short Circuit",,,40V,37V,1.25V,
LM317BD2TR4G,onsemi,IC REG LIN POS ADJ 1.5A D2PAK-3,pmic-voltage-regulators-linear,43250,0.74,"TO-263-3, D2PAK (2 Leads + Tab), TO-263AB",Surface Mount,Active,https://www.onsemi.com/pdf/datasheet/lm317-d.pdf,https://www.digikey.com/en/products/detail/onsemi/LM317BD2TR4G/918498,,1.5A,10 mA,,,1,-40°C ~ 125°C,Positive,Adjustable,80dB ~ 65dB (120Hz),"Over Current, Over Temperature, Short Circuit",,,40V,37V,1.2V,
LM317BTG,onsemi,IC REG LINEAR POS ADJ 1.5A TO220,pmic-voltage-regulators-linear,17641,0.73,TO-220-3,Through Hole,Active,https://www.onsemi.com/pdf/datasheet/lm317-d.pdf,https://www.digikey.com/en/products/detail/onsemi/LM317BTG/918499,,1.5A,10 mA,,,1,-40°C ~ 125°C,Positive,Adjustable,80dB ~ 65dB (120Hz),"Over Current, Over Temperature, Short Circuit",,,40V,37V,1.2V,
LM317DCYR,Texas Instruments,IC REG LIN POS ADJ 1.5A SOT223-4,pmic-voltage-regulators-linear,25943,0.88,"TO-261-4, TO-261AA",Surface Mount,Active,https://www.ti.com/lit/ds/symlink/lm317.pdf,https://www.digikey.com/en/products/detail/texas-instruments/LM317DCYR/443739,,1.5A,10 mA,,,1,0°C ~ 125°C,Positive,Adjustable,64dB ~ 57dB (120Hz),"Over Current, Over Temperature, Short Circuit",,,40V,37V,1.25V,
LM317EMP/NOPB,Texas Instruments,IC REG LIN POS ADJ 1.5A SOT223-4,pmic-voltage-regulators-linear,24928,2.38,"TO-261-4, TO-261AA",Surface Mount,Active,,https://www.digikey.com/en/products/detail/texas-instruments/LM317EMP-NOPB/270715,,1.5A,10 mA,,,1,0°C ~ 125°C,Positive,Adjustable,80dB ~ 65dB (120Hz),"Over Current, Over Temperature, Short Circuit",,,37V,37V,1.25V,
LM317EMPX/NOPB,Texas Instruments,IC REG LIN POS ADJ 1.5A SOT223-4,pmic-voltage-regulators-linear,1215,1.57,"TO-261-4, TO-261AA",Surface Mount,Active,,https://www.digikey.com/en/products/detail/texas-instruments/LM317EMPX-NOPB/367000,,1.5A,10 mA,,,1,0°C ~ 125°C,Positive,Adjustable,80dB ~ 65dB (120Hz),"Over Current, Over Temperature, Short Circuit",,,37V,37V,1.25V,
LM317H,Texas Instruments,IC REG LINEAR POS ADJ 1.5A TO3,pmic-voltage-regulators-linear,647,27.63,"TO-205AD, TO-39-3 Metal Can",Through Hole,Active,,https://www.digikey.com/en/products/detail/texas-instruments/LM317H/5055982,,1.5A,10 mA,,,1,0°C ~ 125°C,Positive,Adjustable,80dB ~ 65dB (120Hz),"Over Current, Over Temperature, Short Circuit",,,40V,37V,1.25V,
LM317KTTR,Texas Instruments,IC REG LINEAR POS ADJ 1.5A TO263,pmic-voltage-regulators-linear,12132,1.16,"TO-263-4, D2PAK (3 Leads + Tab), TO-263AA",Surface Mount,Active,https://www.ti.com/lit/ds/symlink/lm317.pdf,https://www.digikey.com/en/products/detail/texas-instruments/LM317KTTR/1278911,,1.5A,10 mA,,,1,0°C ~ 125°C,Positive,Adjustable,80dB ~ 65dB (120Hz),"Over Current, Over Temperature, Short Circuit",,,40V,37V,1.25V,
LM317LBDR2G,onsemi,IC REG LIN POS ADJ 100MA 8-SOIC,pmic-voltage-regulators-linear,13046,0.26,"8-SOIC (0.154"", 3.90mm Width)",Surface Mount,Active,https://www.onsemi.com/pdf/datasheet/lm317l-d.pdf,https://www.digikey.com/en/products/detail/onsemi/LM317LBDR2G/1476803,,100mA,10 mA,,,1,-40°C ~ 125°C,Positive,Adjustable,80dB (120Hz),"Over Current, Over Temperature, Short Circuit",,,40V,37V,1.2V,
LM317LBZG,onsemi,IC REG LINEAR POS ADJ 100MA TO92,pmic-voltage-regulators-linear,2467,0.18418,"TO-226-3, TO-92-3 Long Body",Through Hole,Active,https://www.onsemi.com/pdf/datasheet/lm317l-d.pdf,https://www.digikey.com/en/products/detail/onsemi/LM317LBZG/918502,,100mA,10 mA,,,1,-40°C ~ 125°C,Positive,Adjustable,80dB (120Hz),"Over Current, Over Temperature, Short Circuit",,,40V,37V,1.2V,
LM317LCPK,Texas Instruments,IC REG LIN POS ADJ 100MA SOT89-3,pmic-voltage-regulators-linear,4911,0.64,TO-243AA,Surface Mount,Active,,https://www.digikey.com/en/products/detail/texas-instruments/LM317LCPK/1898820,,100mA,2.5 mA,,,1,0°C ~ 125°C,Positive,Adjustable,80dB ~ 65dB (120Hz),"Over Current, Over Temperature, Short Circuit",,,38V,32V,1.2V,
LM317LDR2G,onsemi,IC REG LIN POS ADJ 100MA 8-SOIC,pmic-voltage-regulators-linear,38111,0.26,"8-SOIC (0.154"", 3.90mm Width)",Surface Mount,Active,https://www.onsemi.com/pdf/datasheet/lm317l-d.pdf,https://www.digikey.com/en/products/detail/onsemi/LM317LDR2G/918503,,100mA,10 mA,,,1,0°C ~ 125°C,Positive,Adjustable,80dB (120Hz),"Over Current, Over Temperature, Short Circuit",,,40V,37V,1.2V,
LM317LIDR,Texas Instruments,IC REG LIN POS ADJ 100MA 8-SOIC,pmic-voltage-regulators-linear,45688,0.33,"8-SOIC (0.154"", 3.90mm Width)",Surface Mount,Active,,https://www.digikey.com/en/products/detail/texas-instruments/LM317LIDR/1143643,,100mA,2.5 mA,,,1,-40°C ~ 125°C,Positive,Adjustable,80dB ~ 65dB (120Hz),"Over Current, Over Temperature, Short Circuit",,,38V,32V,1.2V,
LM317LIPK,Texas Instruments,IC REG LIN POS ADJ 100MA SOT89-3,pmic-voltage-regulators-linear,49060,1.01,TO-243AA,Surface Mount,Active,,https://www.digikey.com/en/products/detail/texas-instruments/LM317LIPK/1628961,,100mA,2.5 mA,,,1,-40°C ~ 125°C,Positive,Adjustable,80dB ~ 65dB (120Hz),"Over Current, Over Temperature, Short Circuit",,,38V,32V,1.2V,
LM317LM/NOPB,Texas Instruments,IC REG LIN POS ADJ 100MA 8-SOIC,pmic-voltage-regulators-linear,8350,1.13,"8-SOIC (0.154"", 3.90mm Width)",Surface Mount,Active,,https://www.digikey.com/en/products/detail/texas-instruments/LM317LM-NOPB/32591,,100mA,5 mA,,,1,-40°C ~ 125°C,Positive,Adjustable,80dB ~ 65dB (120Hz),"Over Current, Over Temperature, Short Circuit",,,40V,37V,1.2V,
LM317MBDTRKG,onsemi,IC REG LINEAR POS ADJ 500MA DPAK,pmic-voltage-regulators-linear,97907,0.55,"TO-252-3, DPAK (2 Leads + Tab), SC-63",Surface Mount,Active,https://www.onsemi.com/pdf/datasheet/lm317m-d.pdf,https://www.digikey.com/en/products/detail/onsemi/LM317MBDTRKG/1476824,,500mA,10 mA,,,1,-40°C ~ 125°C (TJ),Positive,Adjustable,80dB ~ 65dB (120Hz),"Over Current, Over Temperature, Short Circuit",,,40V,37V,1.2V,
LM317MBSTT3G,onsemi,IC REG LIN POS ADJ 500MA SOT-223,pmic-voltage-regulators-linear,21450,0.43,"TO-261-4, TO-261AA",Surface Mount,Active,https://www.onsemi.com/pdf/datasheet/lm317m-d.pdf,https://www.digikey.com/en/products/detail/onsemi/LM317MBSTT3G/1476826,,500mA,10 mA,,,1,-40°C ~ 125°C (TJ),Positive,Adjustable,80dB ~ 65dB (120Hz),"Over Current, Over Temperature, Short Circuit",,,40V,37V,1.2V,
LM317MDCYR,Texas Instruments,IC REG LINEAR POS ADJ SOT-223-4,pmic-voltage-regulators-linear,37764,0.66,"TO-261-4, TO-261AA",Surface Mount,Active,https://rocelec.widen.net/view/pdf/qqxo3jxzqj/slvs297p.pdf?t.download=true&u=5oefqw,https://www.digikey.com/en/products/detail/texas-instruments/LM317MDCYR/454187,,500mA,10 mA,,,1,-40°C ~ 125°C (TJ),Positive,Adjustable,80dB ~ 65dB (120Hz),"Over Current, Over Temperature, Short Circuit",,,40V,37V,1.25V,
LM317MDT-TR,STMicroelectronics,IC REG LINEAR POS ADJ 500MA DPAK,pmic-voltage-regulators-linear,35347,0.54,"TO-252-3, DPAK (2 Leads + Tab), SC-63",Surface Mount,Active,https://www.st.com/resource/en/datasheet/lm217m.pdf,https://www.digikey.com/en/products/detail/stmicroelectronics/LM317MDT-TR/591676,,500mA,10 mA,,,1,0°C ~ 125°C (TJ),Positive,Adjustable,80dB ~ 65dB (120Hz),"Over Current, Over Temperature, Short Circuit",,,40V,37V,1.2V,
LM317MDTG,onsemi,IC REG LINEAR POS ADJ 500MA DPAK,pmic-voltage-regulators-linear,2929,0.25,"TO-252-3, DPAK (2 Leads + Tab), SC-63",Surface Mount,Active,https://www.onsemi.com/pdf/datasheet/lm317m-d.pdf,https://www.digikey.com/en/products/detail/onsemi/LM317MDTG/1476829,,500mA,10 mA,,,1,0°C ~ 125°C (TJ),Positive,Adjustable,80dB ~ 65dB (120Hz),"Over Current, Over Temperature, Short Circuit",,,40V,37V,1.2V,
LM317MDTX/NOPB,Texas Instruments,IC REG LIN POS ADJ 500MA TO252-3,pmic-voltage-regulators-linear,2320,1.61,"TO-252-3, DPAK (2 Leads + Tab), SC-63",Surface Mount,Active,,https://www.digikey.com/en/products/detail/texas-instruments/LM317MDTX-NOPB/367002,,500mA,10 mA,,,1,0°C ~ 125°C (TJ),Positive,Adjustable,80dB ~ 65dB (120Hz),"Over Current, Over Temperature, Short Circuit",,,37V,37V,1.25V,
LM317MKVURG3,Texas Instruments,IC REG LIN POS ADJ 500MA TO252-3,pmic-voltage-regulators-linear,16823,0.66,"TO-252-3, DPAK (2 Leads + Tab), SC-63",Surface Mount,Active,https://rocelec.widen.net/view/pdf/qqxo3jxzqj/slvs297p.pdf?t.download=true&u=5oefqw,https://www.digikey.com/en/products/detail/texas-instruments/LM317MKVURG3/1000237,,500mA,10 mA,,,1,-40°C ~ 125°C (TJ),Positive,Adjustable,80dB ~ 65dB (120Hz),"Over Current, Over Temperature, Short Circuit",,,40V,37V,1.25V,
LM317S/NOPB,Texas Instruments,IC REG LINEAR POS ADJ 1.5A TO263,pmic-voltage-regulators-linear,5925,3.24,"TO-263-4, D2PAK (3 Leads + Tab), TO-263AA",Surface Mount,Active,,https://www.digikey.com/en/products/detail/texas-instruments/LM317S-NOPB/334841,,1.5A,10 mA,,,1,0°C ~ 125°C,Positive,Adjustable,64dB (120Hz),"Over Current, Over Temperature, Short Circuit",,,37V,37V,1.25V,
LM317T,STMicroelectronics,IC REG LINEAR POS ADJ 1.5A TO220,pmic-voltage-regulators-linear,38331,1.04,TO-220-3,Through Hole,Active,https://www.st.com/content/ccc/resource/technical/document/datasheet/group1/a0/db/e6/9b/6f/9c/45/7b/CD00000455/files/CD00000455.pdf/jcr:content/translations/en.CD00000455.pdf,https://www.digikey.com/en/products/detail/stmicroelectronics/LM317T/591677,,1.5A,10 mA,,,1,0°C ~ 125°C,Positive,Adjustable,80dB ~ 65dB (120Hz),"Over Current, Over Temperature, Short Circuit",,,40V,37V,1.2V,
LM317T/NOPB,Texas Instruments,IC REG LIN POS ADJ 1.5A TO220-3,pmic-voltage-regulators-linear,224,2.24,TO-220-3,Through Hole,Active,,https://www.digikey.com/en/products/detail/texas-instruments/LM317T-NOPB/6178,,1.5A,10 mA,,,1,0°C ~ 125°C,Positive,Adjustable,64dB (120Hz),"Over Current, Over Temperature, Short Circuit",,,37V,37V,1.25V,
LM317TG,onsemi,IC REG LINEAR POS ADJ 1.5A TO220,pmic-voltage-regulators-linear,44848,0.77,TO-220-3,Through Hole,Active,https://www.onsemi.com/pdf/datasheet/lm317-d.pdf,https://www.digikey.com/en/products/detail/onsemi/LM317TG/918508,,1.5A,10 mA,,,1,0°C ~ 125°C,Positive,Adjustable,80dB ~ 65dB (120Hz),"Over Current, Over Temperature, Short Circuit",,,40V,37V,1.2V,
LM323K STEEL/NOPB,Texas Instruments,IC REG LINEAR 5V 3A TO3-2,pmic-voltage-regulators-linear,89,98.48,"TO-204AA, TO-3",Through Hole,Active,,https://www.digikey.com/en/products/detail/texas-instruments/LM323K-STEEL-NOPB/6200,,3A,,,,1,0°C ~ 125°C,Positive,Fixed,,"Over Current, Over Temperature",,,20V,,5V,
LM337IMP/NOPB,Texas Instruments,IC REG LIN NEG ADJ 1.5A SOT223-4,pmic-voltage-regulators-linear,19610,2.66,"TO-261-4, TO-261AA",Surface Mount,Active,,https://www.digikey.com/en/products/detail/texas-instruments/LM337IMP-NOPB/270716,,1.5A,,,,1,-40°C ~ 125°C,Negative,Adjustable,60dB (120Hz),"Over Temperature, Short Circuit",,,-40V,-37V,-1.2V,
LM337IMPX/NOPB,Texas Instruments,IC REG LIN NEG ADJ 1.5A SOT223-4,pmic-voltage-regulators-linear,4477,2.26,"TO-261-4, TO-261AA",Surface Mount,Active,,https://www.digikey.com/en/products/detail/texas-instruments/LM337IMPX-NOPB/367019,,1.5A,,,,1,-40°C ~ 125°C,Negative,Adjustable,60dB (120Hz),"Over Temperature, Short Circuit",,,-40V,-37V,-1.2V,
LM337LMX/NOPB,Texas Instruments,IC REG LIN NEG ADJ 100MA 8-SOIC,pmic-voltage-regulators-linear,4577,1.07,"8-SOIC (0.154"", 3.90mm Width)",Surface Mount,Active,,https://www.digikey.com/en/products/detail/texas-instruments/LM337LMX-NOPB/334905,,100mA,,,,1,-25°C ~ 125°C,Negative,Adjustable,60dB (120Hz),"Over Temperature, Short Circuit",,,-40V,-37V,-1.2V,
LM337T/NOPB,Texas Instruments,IC REG LIN NEG ADJ 1.5A TO220-3,pmic-voltage-regulators-linear,711,2.26,TO-220-3,Through Hole,Active,,https://www.digikey.com/en/products/detail/texas-instruments/LM337T-NOPB/6222,,1.5A,,,,1,0°C ~ 125°C,Negative,Adjustable,77dB (120Hz),"Over Temperature, Short Circuit",,,-40V,-37V,-1.2V,
LM338K STEEL,Texas Instruments,IC REG LINEAR POS ADJ 5A TO3-2,pmic-voltage-regulators-linear,971,121.59,"TO-204AA, TO-3",Through Hole,Active,,https://www.digikey.com/en/products/detail/texas-instruments/LM338K-STEEL/6224,,5A,,,,1,0°C ~ 125°C,Positive,Adjustable,75dB ~ 60dB (120Hz),"Over Temperature, Short Circuit",,,40V,32V,1.24V,
LM338K STEEL/NOPB,Texas Instruments,IC REG LINEAR POS ADJ 5A TO3-2,pmic-voltage-regulators-linear,531,121.59,"TO-204AA, TO-3",Through Hole,Active,,https://www.digikey.com/en/products/detail/texas-instruments/LM338K-STEEL-NOPB/5055989,,5A,,,,1,0°C ~ 125°C,Positive,Adjustable,75dB ~ 60dB (120Hz),"Over Temperature, Short Circuit",,,40V,32V,1.24V,
LM340AT-5.0/NOPB,Texas Instruments,IC REG LINEAR 5V 1.5A TO220-3,pmic-voltage-regulators-linear,11234,1.86,TO-220-3,Through Hole,Active,https://www.ti.com/lit/ds/symlink/lm7800.pdf,https://www.digikey.com/en/products/detail/texas-instruments/LM340AT-5-0-NOPB/148173,,1.5A,6 mA,,,1,0°C ~ 125°C,Positive,Fixed,70dB (120Hz),"Over Current, Short Circuit",,,35V,,5V,2V @ 1A
LM340MP-5.0/NOPB,Texas Instruments,IC REG LINEAR 5V 1.5A SOT-223-4,pmic-voltage-regulators-linear,12902,1.88,"TO-261-4, TO-261AA",Surface Mount,Active,https://www.ti.com/lit/ds/symlink/lm7800.pdf,https://www.digikey.com/en/products/detail/texas-instruments/LM340MP-5-0-NOPB/270717,,1.5A,8 mA,,,1,0°C ~ 125°C,Positive,Fixed,70dB (120Hz),"Over Current, Short Circuit",,,35V,,5V,2V @ 1A
LM340MPX-5.0/NOPB,Texas Instruments,IC REG LINEAR 5V 1.5A SOT-223-4,pmic-voltage-regulators-linear,11287,1.6,"TO-261-4, TO-261AA",Surface Mount,Active,https://www.ti.com/lit/ds/symlink/lm7800.pdf,https://www.digikey.com/en/products/detail/texas-instruments/LM340MPX-5-0-NOPB/367021,,1.5A,8 mA,,,1,0°C ~ 125°C,Positive,Fixed,70dB (120Hz),"Over Current, Short Circuit",,,35V,,5V,2V @ 1A
LM340S-5.0/NOPB,Texas Instruments,IC REG LINEAR 5V 1.5A TO263,pmic-voltage-regulators-linear,6115,2.3,"TO-263-4, D2PAK (3 Leads + Tab), TO-263AA",Surface Mount,Active,https://www.ti.com/lit/ds/symlink/lm7800.pdf,https://www.digikey.com/en/products/detail/texas-instruments/LM340S-5-0-NOPB/44627,,1.5A,8 mA,,,1,0°C ~ 125°C,Positive,Fixed,80dB (120Hz),"Over Temperature, Short Circuit",,,35V,,5V,2V @ 1A
LM340SX-12/NOPB,Texas Instruments,IC REG LINEAR 12V 1.5A TO263,pmic-voltage-regulators-linear,12952,1.87,"TO-263-4, D2PAK (3 Leads + Tab), TO-263AA",Surface Mount,Active,https://www.ti.com/lit/ds/symlink/lm7800.pdf,https://www.digikey.com/en/products/detail/texas-instruments/LM340SX-12-NOPB/367022,,1.5A,8 mA,,,1,0°C ~ 125°C,Positive,Fixed,80dB (120Hz),"Over Temperature, Short Circuit",,,35V,,12V,2V @ 1A
LM340SX-5.0/NOPB,Texas Instruments,IC REG LINEAR 5V 1.5A TO263,pmic-voltage-regulators-linear,8726,2.02,"TO-263-4, D2PAK (3 Leads + Tab), TO-263AA",Surface Mount,Active,https://www.ti.com/lit/ds/symlink/lm7800.pdf,https://www.digikey.com/en/products/detail/texas-instruments/LM340SX-5-0-NOPB/334903,,1.5A,8 mA,,,1,0°C ~ 125°C,Positive,Fixed,80dB (120Hz),"Over Temperature, Short Circuit",,,35V,,5V,2V @ 1A
LM340T-12/NOPB,Texas Instruments,IC REG LINEAR 12V 1.5A TO220-3,pmic-voltage-regulators-linear,5363,1.86,TO-220-3,Through Hole,Active,https://www.ti.com/lit/ds/symlink/lm7800.pdf,https://www.digikey.com/en/products/detail/texas-instruments/LM340T-12-NOPB/6233,,1.5A,8 mA,,,1,0°C ~ 125°C,Positive,Fixed,80dB (120Hz),"Over Temperature, Short Circuit",,,35V,,12V,2V @ 1A
LM340T-15/NOPB,Texas Instruments,IC REG LINEAR 15V 1.5A TO220-3,pmic-voltage-regulators-linear,5186,2.02,TO-220-3,Through Hole,Active,https://www.ti.com/lit/ds/symlink/lm7800.pdf,https://www.digikey.com/en/products/detail/texas-instruments/LM340T-15-NOPB/6234,,1.5A,8 mA,,,1,0°C ~ 125°C,Positive,Fixed,80dB (120Hz),"Over Temperature, Short Circuit",,,35V,,15V,2V @ 1A
LM3480IM3-12/NOPB,Texas Instruments,IC REG LINEAR 12V 100MA SOT23-3,pmic-voltage-regulators-linear,5991,1.59,"TO-236-3, SC-59, SOT-23-3",Surface Mount,Active,,https://www.digikey.com/en/products/detail/texas-instruments/LM3480IM3-12-NOPB/270718,,100mA,2 mA,,,1,-40°C ~ 125°C,Positive,Fixed,,"Over Current, Over Temperature",,,30V,,12V,1.2V @ 100mA
LM3480IM3-5.0/NOPB,Texas Instruments,IC REG LINEAR 5V 100MA SOT23-3,pmic-voltage-regulators-linear,52142,1.59,"TO-236-3, SC-59, SOT-23-3",Surface Mount,Active,,https://www.digikey.com/en/products/detail/texas-instruments/LM3480IM3-5-0-NOPB/270721,,100mA,2 mA,,,1,-40°C ~ 125°C,Positive,Fixed,,"Over Current, Over Temperature",,,30V,,5V,1.2V @ 100mA
LM3480IM3X-12/NOPB,Texas Instruments,IC REG LINEAR 12V 100MA SOT23-3,pmic-voltage-regulators-linear,9990,1.35,"TO-236-3, SC-59, SOT-23-3",Surface Mount,Active,,https://www.digikey.com/en/products/detail/texas-instruments/LM3480IM3X-12-NOPB/274271,,100mA,2 mA,,,1,-40°C ~ 125°C,Positive,Fixed,,"Over Current, Over Temperature",,,30V,,12V,1.2V @ 100mA
LM3480IM3X-3.3/NOPB,Texas Instruments,IC REG LINEAR 3.3V 100MA SOT23-3,pmic-voltage-regulators-linear,3640,1.35,"TO-236-3, SC-59, SOT-23-3",Surface Mount,Active,,https://www.digikey.com/en/products/detail/texas-instruments/LM3480IM3X-3-3-NOPB/367043,,100mA,2 mA,,,1,-40°C ~ 125°C,Positive,Fixed,,"Over Current, Over Temperature",,,30V,,3.3V,1.2V @ 100mA
LM3480IM3X-5.0/NOPB,Texas Instruments,IC REG LINEAR 5V 100MA SOT23-3,pmic-voltage-regulators-linear,12207,1.35,"TO-236-3, SC-59, SOT-23-3",Surface Mount,Active,,https://www.digikey.com/en/products/detail/texas-instruments/LM3480IM3X-5-0-NOPB/367044,,100mA,2 mA,,,1,-40°C ~ 125°C,Positive,Fixed,,"Over Current, Over Temperature",,,30V,,5V,1.2V @ 100mA
LM3940IMP-3.3/NOPB,Texas Instruments,IC REG LINEAR 3.3V 1A SOT-223-4,pmic-voltage-regulators-linear,24183,2.16,"TO-261-4, TO-261AA",Surface Mount,Active,,https://www.digikey.com/en/products/detail/texas-instruments/LM3940IMP-3-3-NOPB/308000,,1A,,,,1,-40°C ~ 125°C,Positive,Fixed,,"Over Temperature, Short Circuit",,,7.5V,,3.3V,0.2V @ 100mA
LM3940IMPX-3.3/NOPB,Texas Instruments,IC REG LINEAR 3.3V 1A SOT-223-4,pmic-voltage-regulators-linear,4260,1.73,"TO-261-4, TO-261AA",Surface Mount,Active,,https://www.digikey.com/en/products/detail/texas-instruments/LM3940IMPX-3-3-NOPB/367097,,1A,,,,1,-40°C ~ 125°C,Positive,Fixed,,"Over Temperature, Short Circuit",,,7.5V,,3.3V,0.2V @ 100mA
LM3940IS-3.3/NOPB,Texas Instruments,IC REG LINEAR 3.3V 1A TO263,pmic-voltage-regulators-linear,987,2.64,"TO-263-4, D2PAK (3 Leads + Tab), TO-263AA",Surface Mount,Active,,https://www.digikey.com/en/products/detail/texas-instruments/LM3940IS-3-3-NOPB/308001,,1A,,,,1,-40°C ~ 125°C,Positive,Fixed,,"Over Temperature, Short Circuit",,,7.5V,,3.3V,0.2V @ 100mA
LM3940ISX-3.3/NOPB,Texas Instruments,IC REG LINEAR 3.3V 1A TO263,pmic-voltage-regulators-linear,3457,2.02,"TO-263-4, D2PAK (3 Leads + Tab), TO-263AA",Surface Mount,Active,,https://www.digikey.com/en/products/detail/texas-instruments/LM3940ISX-3-3-NOPB/334892,,1A,,,,1,-40°C ~ 125°C,Positive,Fixed,,"Over Temperature, Short Circuit",,,7.5V,,3.3V,0.2V @ 100mA
LM3940IT-3.3/NOPB,Texas Instruments,IC REG LINEAR 3.3V 1A TO220-3,pmic-voltage-regulators-linear,2942,1.91,TO-220-3,Through Hole,Active,,https://www.digikey.com/en/products/detail/texas-instruments/LM3940IT-3-3-NOPB/308006,,1A,,,,1,-40°C ~ 125°C,Positive,Fixed,,"Over Temperature, Short Circuit",,,7.5V,,3.3V,0.2V @ 100mA
LM723H,Texas Instruments,IC REG LINEAR POS ADJ TO100-10,pmic-voltage-regulators-linear,398,22.92,TO-100-10 Metal Can,Through Hole,Active,,https://www.digikey.com/en/products/detail/texas-instruments/LM723H/5056007,"Current Limit, Frequency Control",150mA,,,,1,-55°C ~ 125°C,Positive,Adjustable,86dB ~ 74dB (50Hz ~ 10kHz),Short Circuit,,,40V,37V,2V,
LM7805MPX/NOPB,Texas Instruments,IC REG LINEAR 5V 1.5A SOT-223-4,pmic-voltage-regulators-linear,10445,1.6,"TO-261-4, TO-261AA",Surface Mount,Active,https://www.ti.com/lit/ds/symlink/lm7800.pdf,https://www.digikey.com/en/products/detail/texas-instruments/LM7805MPX-NOPB/6110583,,1.5A,8 mA,,,1,0°C ~ 125°C,Positive,Fixed,80dB (120Hz),"Over Temperature, Short Circuit",,,35V,,5V,2V @ 1A
LM7805SX/NOPB,Texas Instruments,IC REG LINEAR 5V 1.5A TO263,pmic-voltage-regulators-linear,3774,1.86,"TO-263-4, D2PAK (3 Leads + Tab), TO-263AA",Surface Mount,Active,https://www.ti.com/lit/ds/symlink/lm7800.pdf,https://www.digikey.com/en/products/detail/texas-instruments/LM7805SX-NOPB/6110585,,1.5A,8 mA,,,1,0°C ~ 125°C,Positive,Fixed,80dB (120Hz),"Over Temperature, Short Circuit",,,35V,,5V,2V @ 1A
LM7815CT/NOPB,Texas Instruments,IC REG LINEAR 15V 1A TO220-3,pmic-voltage-regulators-linear,484,1.86,TO-220-3,Through Hole,Active,https://www.ti.com/lit/ds/symlink/lm7800.pdf,https://www.digikey.com/en/products/detail/texas-instruments/LM7815CT-NOPB/3901976,,1A,8 mA,,,1,0°C ~ 125°C,Positive,Fixed,70dB (120Hz),"Over Current, Over Temperature, Short Circuit",,,35V,,15V,2V @ 1A
LM78L05ACM/NOPB,Texas Instruments,IC REG LINEAR 5V 100MA 8-SOIC,pmic-voltage-regulators-linear,11821,1.26,"8-SOIC (0.154"", 3.90mm Width)",Surface Mount,Active,,https://www.digikey.com/en/products/detail/texas-instruments/LM78L05ACM-NOPB/32609,,100mA,3 mA,,,1,0°C ~ 125°C,Positive,Fixed,62dB (120Hz),"Over Temperature, Short Circuit",,,35V,,5V,
LM78L05ACMX/NOPB,Texas Instruments,IC REG LINEAR 5V 100MA 8-SOIC,pmic-voltage-regulators-linear,47513,0.66,"8-SOIC (0.154"", 3.90mm Width)",Surface Mount,Active,,https://www.digikey.com/en/products/detail/texas-instruments/LM78L05ACMX-NOPB/229018,,100mA,3 mA,,,1,0°C ~ 125°C,Positive,Fixed,62dB (120Hz),"Over Temperature, Short Circuit",,,35V,,5V,
LM78L05ACZ/NOPB,Texas Instruments,IC REG LINEAR 5V 100MA TO92-3,pmic-voltage-regulators-linear,12352,0.63,"TO-226-3, TO-92-3 (TO-226AA)",Through Hole,Active,,https://www.digikey.com/en/products/detail/texas-instruments/LM78L05ACZ-NOPB/6333,,100mA,3 mA,,,1,0°C ~ 125°C,Positive,Fixed,62dB (120Hz),"Over Temperature, Short Circuit",,,35V,,5V,
LM78L05AIMX/NOPB,Texas Instruments,IC REG LINEAR 5V 100MA 8-SOIC,pmic-voltage-regulators-linear,6477,0.67,"8-SOIC (0.154"", 3.90mm Width)",Surface Mount,Active,,https://www.digikey.com/en/products/detail/texas-instruments/LM78L05AIMX-NOPB/2641595,,100mA,3 mA,,,1,-40°C ~ 125°C,Positive,Fixed,62dB (120Hz),"Over Temperature, Short Circuit",,,35V,,5V,
LM78L12ACMX/NOPB,Texas Instruments,IC REG LINEAR 12V 100MA 8-SOIC,pmic-voltage-regulators-linear,4848,0.52,"8-SOIC (0.154"", 3.90mm Width)",Surface Mount,Active,,https://www.digikey.com/en/products/detail/texas-instruments/LM78L12ACMX-NOPB/334880,,100mA,3 mA,,,1,0°C ~ 125°C,Positive,Fixed,54dB (120Hz),"Over Temperature, Short Circuit",,,35V,,12V,
LM78L12ACZ/NOPB,Texas Instruments,IC REG LINEAR 12V 100MA TO92-3,pmic-voltage-regulators-linear,11989,0.6,"TO-226-3, TO-92-3 (TO-226AA)",Through Hole,Active,,https://www.digikey.com/en/products/detail/texas-instruments/LM78L12ACZ-NOPB/6341,,100mA,3 mA,,,1,0°C ~ 125°C,Positive,Fixed,54dB (120Hz),"Over Temperature, Short Circuit",,,35V,,12V,
LM78M05CDTX/NOPB,Texas Instruments,IC REG LINEAR 5V 500MA TO252-3,pmic-voltage-regulators-linear,465,1.67,"TO-252-3, DPAK (2 Leads + Tab), SC-63",Surface Mount,Active,,https://www.digikey.com/en/products/detail/texas-instruments/LM78M05CDTX-NOPB/367337,,500mA,3 mA,,,1,-40°C ~ 125°C,Positive,Fixed,78dB (120Hz),"Over Current, Over Temperature, Short Circuit",,,35V,,5V,
LM7905CT/NOPB,Texas Instruments,IC REG LINEAR -5V 1.5A TO220-3,pmic-voltage-regulators-linear,2538,1.57,TO-220-3,Through Hole,Active,,https://www.digikey.com/en/products/detail/texas-instruments/LM7905CT-NOPB/6349,,1.5A,1 mA,,,1,0°C ~ 125°C,Negative,Fixed,66dB (120Hz),"Over Temperature, Short Circuit",,,-25V,,-5V,1.1V @ 1A
LM7915CT/NOPB,Texas Instruments,IC REG LINEAR -15V 1.5A TO220-3,pmic-voltage-regulators-linear,4000,1.52,TO-220-3,Through Hole,Active,,https://www.digikey.com/en/products/detail/texas-instruments/LM7915CT-NOPB/6357,,1.5A,1.5 mA,,,1,0°C ~ 125°C,Negative,Fixed,70dB (120Hz),"Over Temperature, Short Circuit",,,-35V,,-15V,1.1V @ 1A
LM79L05ACMX/NOPB,Texas Instruments,IC REG LINEAR -5V 100MA 8-SOIC,pmic-voltage-regulators-linear,14890,0.77,"8-SOIC (0.154"", 3.90mm Width)",Surface Mount,Active,,https://www.digikey.com/en/products/detail/texas-instruments/LM79L05ACMX-NOPB/334878,,100mA,6 mA,,,1,0°C ~ 70°C,Negative,Fixed,50dB (120Hz),"Over Temperature, Short Circuit",,,-35V,,-5V,
LMS1587ISX-3.3/NOPB,Texas Instruments,IC REG LINEAR 3.3V 3A TO263,pmic-voltage-regulators-linear,1826,3.1,"TO-263-4, D2PAK (3 Leads + Tab), TO-263AA",Surface Mount,Active,https://rocelec.widen.net/view/pdf/wm45sjdc6b/snvs061g.pdf,https://www.digikey.com/en/products/detail/texas-instruments/LMS1587ISX-3-3-NOPB/367470,,3A,7 mA,13 mA,,1,-40°C ~ 125°C,Positive,Fixed,72dB (120Hz),"Over Current, Over Temperature",,,13V,,3.3V,1.3V @ 3A
LMS8117AMP-3.3/NOPB,Texas Instruments,IC REG LINEAR 3.3V 1A SOT-223,pmic-voltage-regulators-linear,2720,1.25,"TO-261-4, TO-261AA",Surface Mount,Active,,https://www.digikey.com/en/products/detail/texas-instruments/LMS8117AMP-3-3-NOPB/367476,,1A,5 mA,10 mA,,1,0°C ~ 125°C,Positive,Fixed,60 ~ 75 dB (120Hz),"Over Current, Over Temperature",,,15V,,3.3V,1.25V @ 1A
LP2950-33LPRE3,Texas Instruments,IC REG LINEAR 3.3V 100MA TO92-3,pmic-voltage-regulators-linear,5531,0.65,"TO-226-3, TO-92-3 (TO-226AA) Formed Leads",Through Hole,Active,,https://www.digikey.com/en/products/detail/texas-instruments/LP2950-33LPRE3/1510728,,100mA,120 µA,14 mA,,1,-40°C ~ 125°C (TJ),Positive,Fixed,,"Over Current, Over Temperature, Short Circuit",,,30V,,3.3V,0.6V @ 100mA
LP2950-50LPRE3,Texas Instruments,IC REG LINEAR 5V 100MA TO92-3,pmic-voltage-regulators-linear,1283,0.46,"TO-226-3, TO-92-3 (TO-226AA) Formed Leads",Through Hole,Active,,https://www.digikey.com/en/products/detail/texas-instruments/LP2950-50LPRE3/1216539,,100mA,120 µA,14 mA,,1,-40°C ~ 125°C (TJ),Positive,Fixed,,"Over Current, Over Temperature",,,30V,,5V,0.6V @ 100mA
LP2950ACDT-5RKG,onsemi,IC REG LINEAR 5V 100MA DPAK,pmic-voltage-regulators-linear,9482,0.73,"TO-252-3, DPAK (2 Leads + Tab), SC-63",Surface Mount,Active,https://www.onsemi.com/pdf/datasheet/lp2950-d.pdf,https://www.digikey.com/en/products/detail/onsemi/LP2950ACDT-5RKG/1476890,,100mA,120 µA,12 mA,,1,-40°C ~ 125°C,Positive,Fixed,,"Over Current, Over Temperature",,,30V,,5V,0.45V @ 100mA
LP2950ACZ-5.0/NOPB,Texas Instruments,IC REG LINEAR 5V 100MA TO92-3,pmic-voltage-regulators-linear,4800,1.31,"TO-226-3, TO-92-3 (TO-226AA)",Through Hole,Active,,https://www.digikey.com/en/products/detail/texas-instruments/LP2950ACZ-5-0-NOPB/148221,,100mA,120 µA,14 mA,,1,-40°C ~ 125°C,Positive,Fixed,,"Over Current, Over Temperature",,,30V,,5V,0.6V @ 100mA
LP2950CDTX-5.0/NOPB,Texas Instruments,IC REG LINEAR 5V 100MA TO252-3,pmic-voltage-regulators-linear,1222,1.08,"TO-252-3, DPAK (2 Leads + Tab), SC-63",Surface Mount,Active,,https://www.digikey.com/en/products/detail/texas-instruments/LP2950CDTX-5-0-NOPB/367571,,100mA,120 µA,14 mA,,1,-40°C ~ 125°C (TJ),Positive,Fixed,,"Over Current, Over Temperature, Short Circuit",,,30V,,5V,0.6V @ 100mA
LP2950CZ-5.0/NOPB,Texas Instruments,IC REG LINEAR 5V 100MA TO92-3,pmic-voltage-regulators-linear,7300,1.31,"TO-226-3, TO-92-3 (TO-226AA)",Through Hole,Active,,https://www.digikey.com/en/products/detail/texas-instruments/LP2950CZ-5-0-NOPB/148222,,100mA,120 µA,14 mA,,1,-40°C ~ 125°C,Positive,Fixed,,"Over Current, Over Temperature",,,30V,,5V,0.6V @ 100mA
LP2951-33DR,Texas Instruments,IC REG LIN POS ADJ 100MA 8-SOIC,pmic-voltage-regulators-linear,8088,0.87,"8-SOIC (0.154"", 3.90mm Width)",Surface Mount,Active,https://www.ti.com/lit/ds/symlink/lp2950.pdf?ts=1777819036410,https://www.digikey.com/en/products/detail/texas-instruments/LP2951-33DR/1510735,Enable,100mA,120 µA,14 mA,,1,-40°C ~ 125°C (TJ),Positive,Adjustable (Fixed),,"Over Current, Over Temperature, Short Circuit",,,30V,30V,1.235V (3.3V),0.6V @ 100mA
LP2951-50DR,Texas Instruments,IC REG LIN POS ADJ 100MA 8-SOIC,pmic-voltage-regulators-linear,24348,0.87,"8-SOIC (0.154"", 3.90mm Width)",Surface Mount,Active,https://www.ti.com/lit/ds/symlink/lp2950.pdf?ts=1777819036410,https://www.digikey.com/en/products/detail/texas-instruments/LP2951-50DR/1510739,Enable,100mA,120 µA,14 mA,,1,-40°C ~ 125°C (TJ),Positive,Adjustable (Fixed),,"Over Current, Over Temperature, Short Circuit",,,30V,30V,1.235V (5V),0.6V @ 100mA
LP2951-50QDRGRQ1,Texas Instruments,IC REG LIN POS ADJ 100MA 8-SON,pmic-voltage-regulators-linear,10693,0.98,8-WFDFN Exposed Pad,Surface Mount,Active,,https://www.digikey.com/en/products/detail/texas-instruments/LP2951-50QDRGRQ1/2687237,Enable,100mA,120 µA,14 mA,Automotive,1,-40°C ~ 125°C (TJ),Positive,Adjustable (Fixed),,"Over Current, Over Temperature, Short Circuit",AEC-Q100,,30V,30V,1.235V (5V),0.6V @ 100mA
LP2951-50QDRQ1,Texas Instruments,IC REG LIN POS ADJ 100MA 8-SOIC,pmic-voltage-regulators-linear,1529,0.98,"8-SOIC (0.154"", 3.90mm Width)",Surface Mount,Active,,https://www.digikey.com/en/products/detail/texas-instruments/LP2951-50QDRQ1/5048571,Enable,100mA,120 µA,14 mA,Automotive,1,-40°C ~ 125°C (TJ),Positive,Adjustable (Fixed),,"Over Current, Over Temperature, Short Circuit",AEC-Q100,,30V,30V,1.235V (5V),0.6V @ 100mA
LP2951ACDR2G,onsemi,IC REG LIN POS ADJ 100MA 8-SOIC,pmic-voltage-regulators-linear,6926,0.55,"8-SOIC (0.154"", 3.90mm Width)",Surface Mount,Active,https://www.onsemi.com/pdf/datasheet/lp2950-d.pdf,https://www.digikey.com/en/products/detail/onsemi/LP2951ACDR2G/918534,,100mA,120 µA,12 mA,,1,-40°C ~ 125°C,Positive,Adjustable (Fixed),,"Over Current, Over Temperature",,,30V,30V,1.235V (5V),0.45V @ 100mA
LP2951ACM/NOPB,Texas Instruments,IC REG LIN POS ADJ 100MA 8-SOIC,pmic-voltage-regulators-linear,5675,1.6,"8-SOIC (0.154"", 3.90mm Width)",Surface Mount,Active,,https://www.digikey.com/en/products/detail/texas-instruments/LP2951ACM-NOPB/148223,Enable,100mA,120 µA,14 mA,,1,-40°C ~ 125°C (TJ),Positive,Adjustable (Fixed),,"Over Current, Over Temperature, Short Circuit",,,30V,29V,1.235V (5V),0.6V @ 100mA
LP2951ACMM-3.3/NOPB,Texas Instruments,IC REG LIN POS ADJ 100MA 8-VSSOP,pmic-voltage-regulators-linear,7190,1.47,"8-TSSOP, 8-MSOP (0.118"", 3.00mm Width)",Surface Mount,Active,,https://www.digikey.com/en/products/detail/texas-instruments/LP2951ACMM-3-3-NOPB/364450,Enable,100mA,120 µA,14 mA,,1,-40°C ~ 125°C (TJ),Positive,Adjustable (Fixed),,"Over Current, Over Temperature, Short Circuit",,,30V,29V,1.235V (3.3V),0.6V @ 100mA
LP2951ACMX-3.3/NOPB,Texas Instruments,IC REG LIN POS ADJ 100MA 8-SOIC,pmic-voltage-regulators-linear,9340,0.92,"8-SOIC (0.154"", 3.90mm Width)",Surface Mount,Active,,https://www.digikey.com/en/products/detail/texas-instruments/LP2951ACMX-3-3-NOPB/367576,Enable,100mA,120 µA,14 mA,,1,-40°C ~ 125°C (TJ),Positive,Adjustable (Fixed),,"Over Current, Over Temperature, Short Circuit",,,30V,29V,1.235V (3.3V),0.6V @ 100mA
LP2951ACMX/NOPB,Texas Instruments,IC REG LIN POS ADJ 100MA 8-SOIC,pmic-voltage-regulators-linear,22052,0.97,"8-SOIC (0.154"", 3.90mm Width)",Surface Mount,Active,,https://www.digikey.com/en/products/detail/texas-instruments/LP2951ACMX-NOPB/334852,Enable,100mA,120 µA,14 mA,,1,-40°C ~ 125°C (TJ),Positive,Adjustable (Fixed),,"Over Current, Over Temperature, Short Circuit",,,30V,29V,1.235V (5V),0.6V @ 100mA
LP2951CMX/NOPB,Texas Instruments,IC REG LIN POS ADJ 100MA 8-SOIC,pmic-voltage-regulators-linear,1305,0.88,"8-SOIC (0.154"", 3.90mm Width)",Surface Mount,Active,,https://www.digikey.com/en/products/detail/texas-instruments/LP2951CMX-NOPB/334851,Enable,100mA,120 µA,14 mA,,1,-40°C ~ 125°C (TJ),Positive,Adjustable (Fixed),,"Over Current, Over Temperature, Short Circuit",,,30V,29V,1.235V (5V),0.6V @ 100mA
LP2951DR,Texas Instruments,IC REG LIN POS ADJ 100MA 8-SOIC,pmic-voltage-regulators-linear,7390,0.87,"8-SOIC (0.154"", 3.90mm Width)",Surface Mount,Active,https://www.ti.com/lit/ds/symlink/lp2950.pdf?ts=1777819036410,https://www.digikey.com/en/products/detail/texas-instruments/LP2951DR/1739779,Enable,100mA,120 µA,14 mA,,1,-40°C ~ 125°C (TJ),Positive,Adjustable (Fixed),,"Over Current, Over Temperature, Short Circuit",,,30V,30V,1.235V (5V),0.6V @ 100mA
LP2980AIM5-3.0/NOPB,Texas Instruments,IC REG LINEAR 3V 50MA SOT23-5,pmic-voltage-regulators-linear,18100,0.79,"SC-74A, SOT-753",Surface Mount,Active,,https://www.digikey.com/en/products/detail/texas-instruments/LP2980AIM5-3-0-NOPB/364518,Enable,50mA,95 µA,1.2 mA,,1,-40°C ~ 125°C,Positive,Fixed,63dB (1kHz),"Over Current, Over Temperature, Short Circuit",,,16V,,3V,0.22V @ 50mA
LP2980AIM5-3.3/NOPB,Texas Instruments,IC REG LINEAR 3.3V 50MA SOT23-5,pmic-voltage-regulators-linear,25225,0.79,"SC-74A, SOT-753",Surface Mount,Active,,https://www.digikey.com/en/products/detail/texas-instruments/LP2980AIM5-3-3-NOPB/334967,Enable,50mA,95 µA,1.2 mA,,1,-40°C ~ 125°C,Positive,Fixed,63dB (1kHz),"Over Current, Over Temperature, Short Circuit",,,16V,,3.3V,0.22V @ 50mA
LP2980AIM5-5.0/NOPB,Texas Instruments,IC REG LINEAR 5V 50MA SOT23-5,pmic-voltage-regulators-linear,34498,0.79,"SC-74A, SOT-753",Surface Mount,Active,,https://www.digikey.com/en/products/detail/texas-instruments/LP2980AIM5-5-0-NOPB/334966,Enable,50mA,95 µA,1.2 mA,,1,-40°C ~ 125°C,Positive,Fixed,63dB (1kHz),"Over Current, Over Temperature, Short Circuit",,,16V,,5V,0.22V @ 50mA
LP2980AIM5X-3.3/NOPB,Texas Instruments,IC REG LINEAR 3.3V 50MA SOT23-5,pmic-voltage-regulators-linear,7642,0.79,"SC-74A, SOT-753",Surface Mount,Active,,https://www.digikey.com/en/products/detail/texas-instruments/LP2980AIM5X-3-3-NOPB/367625,Enable,50mA,95 µA,1.2 mA,,1,-40°C ~ 125°C,Positive,Fixed,63dB (1kHz),"Over Current, Over Temperature, Short Circuit",,,16V,,3.3V,0.22V @ 50mA
LP2980AIM5X-5.0/NOPB,Texas Instruments,IC REG LINEAR 5V 50MA SOT23-5,pmic-voltage-regulators-linear,39520,0.79,"SC-74A, SOT-753",Surface Mount,Active,,https://www.digikey.com/en/products/detail/texas-instruments/LP2980AIM5X-5-0-NOPB/367628,Enable,50mA,95 µA,1.2 mA,,1,-40°C ~ 125°C,Positive,Fixed,63dB (1kHz),"Over Current, Over Temperature, Short Circuit",,,16V,,5V,0.22V @ 50mA
LP2980IM5-5.0/NOPB,Texas Instruments,IC REG LINEAR 5V 50MA SOT23-5,pmic-voltage-regulators-linear,34798,0.86,"SC-74A, SOT-753",Surface Mount,Active,,https://www.digikey.com/en/products/detail/texas-instruments/LP2980IM5-5-0-NOPB/334965,Enable,50mA,95 µA,1.2 mA,,1,-40°C ~ 125°C,Positive,Fixed,63dB (1kHz),"Over Current, Over Temperature, Short Circuit",,,16V,,5V,0.22V @ 50mA
LP2980IM5X-ADJ/NOPB,Texas Instruments,IC REG LIN POS ADJ 50MA SOT23-5,pmic-voltage-regulators-linear,2145,0.78,"SC-74A, SOT-753",Surface Mount,Active,,https://www.digikey.com/en/products/detail/texas-instruments/LP2980IM5X-ADJ-NOPB/1872483,Enable,50mA,95 µA,1.2 mA,,1,-40°C ~ 125°C,Positive,Adjustable,63dB (1kHz),"Over Current, Over Temperature, Short Circuit",,,16V,15V,1.23V,0.22V @ 50mA
LP2981-33DBVR,Texas Instruments,IC REG LINEAR 3.3V 100MA SOT23-5,pmic-voltage-regulators-linear,20381,0.55,"SC-74A, SOT-753",Surface Mount,Active,https://rocelec.widen.net/view/pdf/hoj0tupqrz/slvs521g.pdf?t.download=true&u=5oefqw,https://www.digikey.com/en/products/detail/texas-instruments/LP2981-33DBVR/691742,Enable,100mA,95 µA,1.7 mA,,1,-40°C ~ 125°C,Positive,Fixed,63dB (1kHz),"Over Current, Over Temperature, Short Circuit",,,16V,,3.3V,0.37V @ 100mA
LP2981-50DBVR,Texas Instruments,IC REG LINEAR 5V 100MA SOT23-5,pmic-voltage-regulators-linear,27959,0.55,"SC-74A, SOT-753",Surface Mount,Active,https://rocelec.widen.net/view/pdf/hoj0tupqrz/slvs521g.pdf?t.download=true&u=5oefqw,https://www.digikey.com/en/products/detail/texas-instruments/LP2981-50DBVR/1739781,Enable,100mA,95 µA,1.7 mA,,1,-40°C ~ 125°C,Positive,Fixed,63dB (1kHz),"Over Current, Over Temperature, Short Circuit",,,16V,,5V,0.37V @ 100mA
LP2981AIM5-3.3/NOPB,Texas Instruments,IC REG LINEAR 3.3V 100MA SOT23-5,pmic-voltage-regulators-linear,2535,1.2,"SC-74A, SOT-753",Surface Mount,Active,,https://www.digikey.com/en/products/detail/texas-instruments/LP2981AIM5-3-3-NOPB/364539,Enable,100mA,95 µA,1.7 mA,,1,-40°C ~ 125°C,Positive,Fixed,63dB (1kHz),"Over Current, Over Temperature, Short Circuit",,,16V,,3.3V,0.37V @ 100mA
LP2981AIM5-5.0/NOPB,Texas Instruments,IC REG LINEAR 5V 100MA SOT23-5,pmic-voltage-regulators-linear,7686,1.2,"SC-74A, SOT-753",Surface Mount,Active,,https://www.digikey.com/en/products/detail/texas-instruments/LP2981AIM5-5-0-NOPB/364541,Enable,100mA,95 µA,1.7 mA,,1,-40°C ~ 125°C,Positive,Fixed,63dB (1kHz),"Over Current, Over Temperature, Short Circuit",,,16V,,5V,0.37V @ 100mA
LP2985-33DBVR,Texas Instruments,IC REG LINEAR 3.3V 150MA SOT23-5,pmic-voltage-regulators-linear,59029,0.54,"SC-74A, SOT-753",Surface Mount,Active,https://www.ti.com/lit/ds/symlink/lp2985.pdf?ts=1775471349499&ref_url=https%253A%252F%252Fwww.ti.com%252Fproduct%252FLP2985,https://www.digikey.com/en/products/detail/texas-instruments/LP2985-33DBVR/809759,Enable,150mA,95 µA,2.5 mA,,1,-40°C ~ 125°C,Positive,Fixed,45dB (1kHz),"Over Current, Over Temperature, Short Circuit",,,16V,,3.3V,0.58V @ 150mA
LP2985-50DBVR,Texas Instruments,IC REG LINEAR 5V 150MA SOT23-5,pmic-voltage-regulators-linear,24371,0.62,"SC-74A, SOT-753",Surface Mount,Active,https://www.ti.com/lit/ds/symlink/lp2985.pdf?ts=1775471349499&ref_url=https%253A%252F%252Fwww.ti.com%252Fproduct%252FLP2985,https://www.digikey.com/en/products/detail/texas-instruments/LP2985-50DBVR/1169351,Enable,150mA,95 µA,2.5 mA,,1,-40°C ~ 125°C,Positive,Fixed,45dB (1kHz),"Over Current, Over Temperature, Short Circuit",,,16V,,5V,0.58V @ 150mA
LP2985A-33DBVR,Texas Instruments,IC REG LINEAR 3.3V 150MA SOT23-5,pmic-voltage-regulators-linear,39984,0.56,"SC-74A, SOT-753",Surface Mount,Active,https://www.ti.com/lit/ds/symlink/lp2985.pdf?ts=1775471349499&ref_url=https%253A%252F%252Fwww.ti.com%252Fproduct%252FLP2985,https://www.digikey.com/en/products/detail/texas-instruments/LP2985A-33DBVR/809762,Enable,150mA,95 µA,2.5 mA,,1,-40°C ~ 125°C,Positive,Fixed,45dB (1kHz),"Over Current, Over Temperature, Short Circuit",,,16V,,3.3V,0.58V @ 150mA
LP2985AIM5-2.5/NOPB,Texas Instruments,IC REG LINEAR 2.5V 150MA SOT23-5,pmic-voltage-regulators-linear,11297,1.18,"SC-74A, SOT-753",Surface Mount,Active,https://www.ti.com/lit/ds/symlink/lp2985-n.pdf?ts=1772491009766,https://www.digikey.com/en/products/detail/texas-instruments/LP2985AIM5-2-5-NOPB/364583,Enable,150mA,95 µA,2.5 mA,,1,-40°C ~ 125°C,Positive,Fixed,45dB (1kHz),"Over Current, Over Temperature, Short Circuit",,,16V,,2.5V,0.58V @ 150mA
LP2985AIM5-3.3/NOPB,Texas Instruments,IC REG LINEAR 3.3V 150MA SOT23-5,pmic-voltage-regulators-linear,24227,0.72,"SC-74A, SOT-753",Surface Mount,Active,https://www.ti.com/lit/ds/symlink/lp2985-n.pdf?ts=1772491009766,https://www.digikey.com/en/products/detail/texas-instruments/LP2985AIM5-3-3-NOPB/364589,Enable,150mA,95 µA,2.5 mA,,1,-40°C ~ 125°C,Positive,Fixed,45dB (1kHz),"Over Current, Over Temperature, Short Circuit",,,16V,,3.3V,0.58V @ 150mA
LP2985AIM5X-3.3/NOPB,Texas Instruments,IC REG LINEAR 3.3V 150MA SOT23-5,pmic-voltage-regulators-linear,48430,0.72,"SC-74A, SOT-753",Surface Mount,Active,https://www.ti.com/lit/ds/symlink/lp2985-n.pdf?ts=1772491009766,https://www.digikey.com/en/products/detail/texas-instruments/LP2985AIM5X-3-3-NOPB/367668,Enable,150mA,95 µA,2.5 mA,,1,-40°C ~ 125°C,Positive,Fixed,45dB (1kHz),"Over Current, Over Temperature, Short Circuit",,,16V,,3.3V,0.58V @ 150mA
LP2985AIM5X-5.0/NOPB,Texas Instruments,IC REG LINEAR 5V 150MA SOT23-5,pmic-voltage-regulators-linear,7202,0.72,"SC-74A, SOT-753",Surface Mount,Active,https://www.ti.com/lit/ds/symlink/lp2985-n.pdf?ts=1772491009766,https://www.digikey.com/en/products/detail/texas-instruments/LP2985AIM5X-5-0-NOPB/367669,Enable,150mA,95 µA,2.5 mA,,1,-40°C ~ 125°C,Positive,Fixed,45dB (1kHz),"Over Current, Over Temperature, Short Circuit",,,16V,,5V,0.58V @ 150mA
LP2985IM5-3.0/NOPB,Texas Instruments,IC REG LINEAR 3V 150MA SOT23-5,pmic-voltage-regulators-linear,9750,0.67,"SC-74A, SOT-753",Surface Mount,Active,https://www.ti.com/lit/ds/symlink/lp2985-n.pdf?ts=1772491009766,https://www.digikey.com/en/products/detail/texas-instruments/LP2985IM5-3-0-NOPB/364607,Enable,150mA,95 µA,2.5 mA,,1,-40°C ~ 125°C,Positive,Fixed,45dB (1kHz),"Over Current, Over Temperature, Short Circuit",,,16V,,3V,0.58V @ 150mA
LP2985IM5-3.3/NOPB,Texas Instruments,IC REG LINEAR 3.3V 150MA SOT23-5,pmic-voltage-regulators-linear,7763,0.76,"SC-74A, SOT-753",Surface Mount,Active,https://www.ti.com/lit/ds/symlink/lp2985-n.pdf?ts=1772491009766,https://www.digikey.com/en/products/detail/texas-instruments/LP2985IM5-3-3-NOPB/334961,Enable,150mA,95 µA,2.5 mA,,1,-40°C ~ 125°C,Positive,Fixed,45dB (1kHz),"Over Current, Over Temperature, Short Circuit",,,16V,,3.3V,0.58V @ 150mA
LP2985IM5-5.0/NOPB,Texas Instruments,IC REG LINEAR 5V 150MA SOT23-5,pmic-voltage-regulators-linear,23605,0.76,"SC-74A, SOT-753",Surface Mount,Active,https://www.ti.com/lit/ds/symlink/lp2985-n.pdf?ts=1772491009766,https://www.digikey.com/en/products/detail/texas-instruments/LP2985IM5-5-0-NOPB/334960,Enable,150mA,95 µA,2.5 mA,,1,-40°C ~ 125°C,Positive,Fixed,45dB (1kHz),"Over Current, Over Temperature, Short Circuit",,,16V,,5V,0.58V @ 150mA
LP2985IM5X-3.3/NOPB,Texas Instruments,IC REG LINEAR 3.3V 150MA SOT23-5,pmic-voltage-regulators-linear,9773,0.67,"SC-74A, SOT-753",Surface Mount,Active,https://www.ti.com/lit/ds/symlink/lp2985-n.pdf?ts=1772491009766,https://www.digikey.com/en/products/detail/texas-instruments/LP2985IM5X-3-3-NOPB/367679,Enable,150mA,95 µA,2.5 mA,,1,-40°C ~ 125°C,Positive,Fixed,45dB (1kHz),"Over Current, Over Temperature, Short Circuit",,,16V,,3.3V,0.58V @ 150mA
LP2992AIM5-2.5/NOPB,Texas Instruments,IC REG LINEAR 2.5V 250MA SOT23-5,pmic-voltage-regulators-linear,19370,3.98,"SC-74A, SOT-753",Surface Mount,Active,https://www.ti.com/lit/ds/symlink/lp2992.pdf?ts=1742480137364&ref_url=https%253A%252F%252F,https://www.digikey.com/en/products/detail/texas-instruments/LP2992AIM5-2-5-NOPB/567469,Enable,250mA,95 µA,4 mA,,1,-40°C ~ 125°C,Positive,Fixed,45dB (1kHz),"Over Current, Over Temperature, Short Circuit",,,16V,,2.5V,0.85V @ 250mA
LP2992AIM5-3.3/NOPB,Texas Instruments,IC REG LINEAR 3.3V 250MA SOT23-5,pmic-voltage-regulators-linear,36970,1.37,"SC-74A, SOT-753",Surface Mount,Active,https://www.ti.com/lit/ds/symlink/lp2992.pdf?ts=1742480137364&ref_url=https%253A%252F%252F,https://www.digikey.com/en/products/detail/texas-instruments/LP2992AIM5-3-3-NOPB/483031,Enable,250mA,95 µA,4 mA,,1,-40°C ~ 125°C,Positive,Fixed,45dB (1kHz),"Over Current, Over Temperature, Short Circuit",,,16V,,3.3V,0.85V @ 250mA
LP2992AIM5-5.0/NOPB,Texas Instruments,IC REG LINEAR 5V 250MA SOT23-5,pmic-voltage-regulators-linear,12589,1.37,"SC-74A, SOT-753",Surface Mount,Active,https://www.ti.com/lit/ds/symlink/lp2992.pdf?ts=1742480137364&ref_url=https%253A%252F%252F,https://www.digikey.com/en/products/detail/texas-instruments/LP2992AIM5-5-0-NOPB/483032,Enable,250mA,95 µA,4 mA,,1,-40°C ~ 125°C,Positive,Fixed,45dB (1kHz),"Over Current, Over Temperature, Short Circuit",,,16V,,5V,0.85V @ 250mA
LP2992IM5-3.3/NOPB,Texas Instruments,IC REG LINEAR 3.3V 250MA SOT23-5,pmic-voltage-regulators-linear,8170,1.42,"SC-74A, SOT-753",Surface Mount,Active,https://www.ti.com/lit/ds/symlink/lp2992.pdf?ts=1742480137364&ref_url=https%253A%252F%252F,https://www.digikey.com/en/products/detail/texas-instruments/LP2992IM5-3-3-NOPB/483035,Enable,250mA,95 µA,4 mA,,1,-40°C ~ 125°C,Positive,Fixed,45dB (1kHz),"Over Current, Over Temperature, Short Circuit",,,16V,,3.3V,0.85V @ 250mA
LP38502ASD-ADJ/NOPB,Texas Instruments,IC REG LIN POS ADJ 1.5A 8-WSON,pmic-voltage-regulators-linear,3578,3.39,8-WFDFN Exposed Pad,Surface Mount,Active,,https://www.digikey.com/en/products/detail/texas-instruments/LP38502ASD-ADJ-NOPB/1957437,Enable,1.5A,15 µA,4 mA,,1,-40°C ~ 125°C,Positive,Adjustable,58dB ~ 56dB (120Hz ~ 1kHz),"Over Current, Over Temperature, Short Circuit",,,5.5V,5V,0.6V,0.37 @ 1.5A
LP38502TSX-ADJ/NOPB,Texas Instruments,IC REG LINEAR POS ADJ 1.5A TO263,pmic-voltage-regulators-linear,11317,4.09,"TO-263-6, D2PAK (5 Leads + Tab), TO-263BA",Surface Mount,Active,,https://www.digikey.com/en/products/detail/texas-instruments/LP38502TSX-ADJ-NOPB/1836069,Enable,1.5A,15 µA,4 mA,,1,-40°C ~ 125°C,Positive,Adjustable,58dB ~ 56dB (120Hz ~ 1kHz),"Over Current, Over Temperature, Short Circuit",,,5.5V,5V,0.6V,0.37 @ 1.5A
LP3855EMP-ADJ/NOPB,Texas Instruments,IC REG LIN POS ADJ 1.5A SOT223-5,pmic-voltage-regulators-linear,1020,6.64,"TO-261-5, TO-261AB",Surface Mount,Active,,https://www.digikey.com/en/products/detail/texas-instruments/LP3855EMP-ADJ-NOPB/723316,Enable,1.5A,3 mA,10 mA,,1,-40°C ~ 125°C,Positive,Adjustable,73dB ~ 57dB (120Hz),"Over Current, Over Temperature, Short Circuit",,,7V,6.6V,1.23V,0.435V @ 1.5A
LP38690SD-ADJ/NOPB,Texas Instruments,IC REG LINEAR POS ADJ 1A 6-WSON,pmic-voltage-regulators-linear,8676,2.14,6-WDFN Exposed Pad,Surface Mount,Active,https://rocelec.widen.net/view/pdf/k0xka3sasp/snvs323i.pdf?t.download=true&u=5oefqw,https://www.digikey.com/en/products/detail/texas-instruments/LP38690SD-ADJ-NOPB/723325,,1A,55 µA,100 µA,,1,-40°C ~ 125°C,Positive,Adjustable,55dB (120Hz),Over Temperature,,,10V,9V,1.25V,1.6V @ 1A
LP38691SD-3.3/NOPB,Texas Instruments,IC REG LINEAR 3.3V 500MA 6-WSON,pmic-voltage-regulators-linear,7461,2.04,6-WDFN Exposed Pad,Surface Mount,Active,,https://www.digikey.com/en/products/detail/texas-instruments/LP38691SD-3-3-NOPB/755075,,500mA,55 µA,100 µA,Automotive,1,-40°C ~ 125°C,Positive,Fixed,55dB (120Hz),Over Temperature,AEC-Q100,,10V,,3.3V,0.55V @ 500mA
LP38691SD-ADJ/NOPB,Texas Instruments,IC REG LIN POS ADJ 500MA 6-WSON,pmic-voltage-regulators-linear,4238,2.06,6-WDFN Exposed Pad,Surface Mount,Active,,https://www.digikey.com/en/products/detail/texas-instruments/LP38691SD-ADJ-NOPB/755077,,500mA,55 µA,100 µA,Automotive,1,-40°C ~ 125°C,Positive,Adjustable,55dB (120Hz),Over Temperature,AEC-Q100,,10V,9V,1.25V,
LP38692MP-3.3/NOPB,Texas Instruments,IC REG LINEAR 3.3V 1A SOT-223-5,pmic-voltage-regulators-linear,30384,2.36,"TO-261-5, TO-261AB",Surface Mount,Active,,https://www.digikey.com/en/products/detail/texas-instruments/LP38692MP-3-3-NOPB/723328,,1A,55 µA,100 µA,,1,-40°C ~ 125°C,Positive,Fixed,55dB (120Hz),Over Temperature,,,10V,,3.3V,1V @ 1A
LP38692SD-3.3/NOPB,Texas Instruments,IC REG LINEAR 3.3V 1A 6-WSON,pmic-voltage-regulators-linear,3089,2.36,6-WDFN Exposed Pad,Surface Mount,Active,,https://www.digikey.com/en/products/detail/texas-instruments/LP38692SD-3-3-NOPB/723333,,1A,55 µA,100 µA,,1,-40°C ~ 125°C,Positive,Fixed,55dB (120Hz),Over Temperature,,,10V,,3.3V,1V @ 1A
LP38693MP-3.3/NOPB,Texas Instruments,IC REG LIN 3.3V 500MA SOT-223-5,pmic-voltage-regulators-linear,10997,2.06,"TO-261-5, TO-261AB",Surface Mount,Active,,https://www.digikey.com/en/products/detail/texas-instruments/LP38693MP-3-3-NOPB/755080,Enable,500mA,55 µA,100 µA,,1,-40°C ~ 125°C,Positive,Fixed,55dB (120Hz),Over Temperature,,,10V,,3.3V,0.55V @ 500mA
LP38693MP-ADJ/NOPB,Texas Instruments,IC REG LINEAR POS ADJ SOT-223-5,pmic-voltage-regulators-linear,2446,1.99,"TO-261-5, TO-261AB",Surface Mount,Active,,https://www.digikey.com/en/products/detail/texas-instruments/LP38693MP-ADJ-NOPB/755082,Enable,500mA,55 µA,100 µA,,1,-40°C ~ 125°C,Positive,Adjustable,55dB (120Hz),Over Temperature,,,10V,9V,1.25V,
LP38693MPX-3.3/NOPB,Texas Instruments,IC REG LIN 3.3V 500MA SOT-223-5,pmic-voltage-regulators-linear,4748,1.75,"TO-261-5, TO-261AB",Surface Mount,Active,,https://www.digikey.com/en/products/detail/texas-instruments/LP38693MPX-3-3-NOPB/1872681,Enable,500mA,55 µA,100 µA,,1,-40°C ~ 125°C,Positive,Fixed,55dB (120Hz),Over Temperature,,,10V,,3.3V,0.55V @ 500mA
LP38693MPX-ADJ/NOPB,Texas Instruments,IC REG LINEAR POS ADJ SOT-223-5,pmic-voltage-regulators-linear,6011,1.53,"TO-261-5, TO-261AB",Surface Mount,Active,,https://www.digikey.com/en/products/detail/texas-instruments/LP38693MPX-ADJ-NOPB/1872683,Enable,500mA,55 µA,100 µA,,1,-40°C ~ 125°C,Positive,Adjustable,55dB (120Hz),Over Temperature,,,10V,9V,1.25V,
LP3878MR-ADJ/NOPB,Texas Instruments,IC REG LINEAR POS ADJ 800MA 8SO,pmic-voltage-regulators-linear,2196,4.65,"8-PowerSOIC (0.154"", 3.90mm Width)",Surface Mount,Active,,https://www.digikey.com/en/products/detail/texas-instruments/LP3878MR-ADJ-NOPB/807973,Enable,800mA,1.5 mA,15 mA,,1,-40°C ~ 125°C,Positive,Adjustable,60dB (1kHz),"Over Current, Over Temperature, Short Circuit",,,16V,5.5V,1V,1.1V @ 800mA
LP3878MRX-ADJ/NOPB,Texas Instruments,IC REG LINEAR POS ADJ 800MA 8SO,pmic-voltage-regulators-linear,4053,3.97,"8-PowerSOIC (0.154"", 3.90mm Width)",Surface Mount,Active,,https://www.digikey.com/en/products/detail/texas-instruments/LP3878MRX-ADJ-NOPB/1872718,Enable,800mA,1.5 mA,15 mA,,1,-40°C ~ 125°C,Positive,Adjustable,60dB (1kHz),"Over Current, Over Temperature, Short Circuit",,,16V,5.5V,1V,1.1V @ 800mA
LP3878SD-ADJ/NOPB,Texas Instruments,IC REG LIN POS ADJ 800MA 8-WSON,pmic-voltage-regulators-linear,3876,4.48,8-WDFN Exposed Pad,Surface Mount,Active,,https://www.digikey.com/en/products/detail/texas-instruments/LP3878SD-ADJ-NOPB/807974,Enable,800mA,1.5 mA,15 mA,,1,-40°C ~ 125°C,Positive,Adjustable,60dB (1kHz),"Over Current, Over Temperature, Short Circuit",,,16V,5.5V,1V,1.1V @ 800mA
LP38798SD-ADJ/NOPB,Texas Instruments,IC REG LIN POS ADJ 800MA 12-WSON,pmic-voltage-regulators-linear,19902,4.84,12-WFDFN Exposed Pad,Surface Mount,Active,,https://www.digikey.com/en/products/detail/texas-instruments/LP38798SD-ADJ-NOPB/4037189,Enable,800mA,1.4 mA,2.2 mA,,1,-40°C ~ 125°C,Positive,Adjustable,60dB (1kHz),"Over Current, Over Temperature, Short Circuit",,,20V,19.8V,1.2V,0.42V @ 800mA
LP38798SDE-ADJ/NOPB,Texas Instruments,IC REG LIN POS ADJ 800MA 12-WSON,pmic-voltage-regulators-linear,11859,4.84,12-WFDFN Exposed Pad,Surface Mount,Active,,https://www.digikey.com/en/products/detail/texas-instruments/LP38798SDE-ADJ-NOPB/4240227,Enable,800mA,1.4 mA,2.2 mA,,1,-40°C ~ 125°C,Positive,Adjustable,60dB (1kHz),"Over Current, Over Temperature, Short Circuit",,,20V,19.8V,1.2V,0.42V @ 800mA
LP38852MRX-ADJ/NOPB,Texas Instruments,IC REG LINEAR POS ADJ 1.5A 8SO,pmic-voltage-regulators-linear,1504,2.91,"8-PowerSOIC (0.154"", 3.90mm Width)",Surface Mount,Active,,https://www.digikey.com/en/products/detail/texas-instruments/LP38852MRX-ADJ-NOPB/1872743,"Enable, Soft Start",1.5A,300 µA,9 mA,,1,-40°C ~ 125°C,Positive,Adjustable,80dB ~ 65dB (120Hz ~ 1kHz),"Over Current, Over Temperature, Short Circuit, Under Voltage Lockout (UVLO)",,,5.5V,1.8V,0.8V,0.18V @ 1.5A
LP38855SX-1.2/NOPB,Texas Instruments,IC REG LINEAR 1.2V 1.5A TO263,pmic-voltage-regulators-linear,2526,4.09,"TO-263-6, D2PAK (5 Leads + Tab), TO-263BA",Surface Mount,Active,,https://www.digikey.com/en/products/detail/texas-instruments/LP38855SX-1-2-NOPB/1872748,Enable,1.5A,300 µA,15 mA,,1,-40°C ~ 125°C,Positive,Fixed,80dB ~ 65dB (120Hz ~ 1kHz),"Over Current, Over Temperature, Short Circuit, Under Voltage Lockout (UVLO)",,,5.5V,,1.2V,0.18V @ 1.5A
LP3961EMP-3.3/NOPB,Texas Instruments,IC REG LIN 3.3V 800MA SOT-223-5,pmic-voltage-regulators-linear,5113,3.36,"TO-261-5, TO-261AB",Surface Mount,Active,,https://www.digikey.com/en/products/detail/texas-instruments/LP3961EMP-3-3-NOPB/364673,Enable,800mA,9 mA,15 mA,,1,-40°C ~ 125°C,Positive,Fixed,,"Over Current, Over Temperature, Short Circuit",,,7V,,3.3V,0.35V @ 800mA
LP3964EMPX-ADJ/NOPB,Texas Instruments,IC REG LIN POS ADJ 800MA SOT223,pmic-voltage-regulators-linear,1299,3.25,"TO-261-5, TO-261AB",Surface Mount,Active,,https://www.digikey.com/en/products/detail/texas-instruments/LP3964EMPX-ADJ-NOPB/367766,Enable,800mA,9 mA,15 mA,,1,-40°C ~ 125°C,Positive,Adjustable,,"Over Current, Over Temperature, Short Circuit",,,7V,5.1V,1.216V,0.35V @ 800mA
LP3966ESX-ADJ/NOPB,Texas Instruments,IC REG LINEAR POS ADJ 3A TO263,pmic-voltage-regulators-linear,1813,5.83,"TO-263-6, D2PAK (5 Leads + Tab), TO-263BA",Surface Mount,Active,https://rocelec.widen.net/view/pdf/ya7om3hxz8/lp3963.pdf?t.download=true&u=5oefqw,https://www.digikey.com/en/products/detail/texas-instruments/LP3966ESX-ADJ-NOPB/367786,Enable,3A,9 mA,15 mA,,1,-40°C ~ 125°C,Positive,Adjustable,,"Over Current, Over Temperature, Short Circuit",,,7V,5.1V,1.216V,1.2V @ 3A
LP3985IM5-5.0/NOPB,Texas Instruments,IC REG LINEAR 5V 150MA SOT23-5,pmic-voltage-regulators-linear,7764,1.03,"SC-74A, SOT-753",Surface Mount,Active,,https://www.digikey.com/en/products/detail/texas-instruments/LP3985IM5-5-0-NOPB/483051,Enable,150mA,150 µA,250 µA,,1,-40°C ~ 125°C,Positive,Fixed,50dB ~ 40dB (1kHz ~ 10kHz),"Over Current, Over Temperature, Short Circuit",,,6V,,5V,0.1V @ 150mA
LP5900SD-3.3/NOPB,Texas Instruments,IC REG LINEAR 3.3V 150MA 6-WSON,pmic-voltage-regulators-linear,8509,1.37,6-WDFN Exposed Pad,Surface Mount,Active,,https://www.digikey.com/en/products/detail/texas-instruments/LP5900SD-3-3-NOPB/1590131,Enable,150mA,50 µA,230 µA,,1,-40°C ~ 85°C,Positive,Fixed,85dB ~ 40dB (100Hz ~ 100kHz),"Over Temperature, Short Circuit",,,5.5V,,3.3V,0.15V @ 150mA
LP5900SDX-3.0/NOPB,Texas Instruments,IC REG LINEAR 3V 150MA 6-WSON,pmic-voltage-regulators-linear,23701,0.83,6-WDFN Exposed Pad,Surface Mount,Active,,https://www.digikey.com/en/products/detail/texas-instruments/LP5900SDX-3-0-NOPB/1872980,Enable,150mA,50 µA,230 µA,,1,-40°C ~ 85°C,Positive,Fixed,85dB ~ 40dB (100Hz ~ 100kHz),"Over Temperature, Short Circuit",,,5.5V,,3V,0.15V @ 150mA
LP5907MFX-1.8/NOPB,Texas Instruments,IC REG LINEAR 1.8V 250MA SOT23-5,pmic-voltage-regulators-linear,19624,0.59,"SC-74A, SOT-753",Surface Mount,Active,https://www.ti.com/lit/ds/symlink/lp5907.pdf?ts=1782050205678,https://www.digikey.com/en/products/detail/texas-instruments/LP5907MFX-1-8-NOPB/3911201,Enable,250mA,25 µA,425 µA,,1,-40°C ~ 125°C,Positive,Fixed,90dB ~ 60dB (100Hz ~ 100kHz),"Over Temperature, Short Circuit",,,5.5V,,1.8V,0.25V @ 250mA
LP5907MFX-2.5/NOPB,Texas Instruments,IC REG LINEAR 2.5V 250MA SOT23-5,pmic-voltage-regulators-linear,12625,0.66,"SC-74A, SOT-753",Surface Mount,Active,https://www.ti.com/lit/ds/symlink/lp5907.pdf?ts=1782050205678,https://www.digikey.com/en/products/detail/texas-instruments/LP5907MFX-2-5-NOPB/5019039,Enable,250mA,25 µA,425 µA,,1,-40°C ~ 125°C,Positive,Fixed,90dB ~ 60dB (100Hz ~ 100kHz),"Over Temperature, Short Circuit",,,5.5V,,2.5V,0.25V @ 250mA
LP5907MFX-2.8/NOPB,Texas Instruments,IC REG LINEAR 2.8V 250MA SOT23-5,pmic-voltage-regulators-linear,33620,0.59,"SC-74A, SOT-753",Surface Mount,Active,https://www.ti.com/lit/ds/symlink/lp5907.pdf,https://www.digikey.com/en/products/detail/texas-instruments/LP5907MFX-2-8-NOPB/3906436,Enable,250mA,25 µA,425 µA,,1,-40°C ~ 125°C,Positive,Fixed,90dB ~ 60dB (100Hz ~ 100kHz),"Over Temperature, Short Circuit",,,5.5V,,2.8V,0.25V @ 250mA
LP5907MFX-3.0/NOPB,Texas Instruments,IC REG LINEAR 3V 250MA SOT23-5,pmic-voltage-regulators-linear,37773,0.59,"SC-74A, SOT-753",Surface Mount,Active,https://www.ti.com/lit/ds/symlink/lp5907.pdf?ts=1782050205678,https://www.digikey.com/en/products/detail/texas-instruments/LP5907MFX-3-0-NOPB/3906438,Enable,250mA,25 µA,425 µA,,1,-40°C ~ 125°C,Positive,Fixed,90dB ~ 60dB (100Hz ~ 100kHz),"Over Temperature, Short Circuit",,,5.5V,,3V,0.25V @ 250mA
LP5907MFX-3.3/NOPB,Texas Instruments,IC REG LINEAR 3.3V 250MA SOT23-5,pmic-voltage-regulators-linear,216469,0.66,"SC-74A, SOT-753",Surface Mount,Active,https://www.ti.com/lit/ds/symlink/lp5907.pdf?ts=1782050205678,https://www.digikey.com/en/products/detail/texas-instruments/LP5907MFX-3-3-NOPB/3906441,Enable,250mA,25 µA,425 µA,,1,-40°C ~ 125°C,Positive,Fixed,90dB ~ 60dB (100Hz ~ 100kHz),"Over Temperature, Short Circuit",,,5.5V,,3.3V,0.25V @ 250mA
LP5907QMFX-1.8Q1,Texas Instruments,IC REG LINEAR 1.8V 250MA SOT23-5,pmic-voltage-regulators-linear,10562,0.76,"SC-74A, SOT-753",Surface Mount,Active,,https://www.digikey.com/en/products/detail/texas-instruments/LP5907QMFX-1-8Q1/5013202,Enable,250mA,25 µA,425 µA,Automotive,1,-40°C ~ 125°C,Positive,Fixed,90dB ~ 60dB (100Hz ~ 100kHz),"Over Temperature, Short Circuit",AEC-Q100,,5.5V,,1.8V,0.25V @ 250mA
LP5907QMFX-3.3Q1,Texas Instruments,IC REG LINEAR 3.3V 250MA SOT23-5,pmic-voltage-regulators-linear,40405,0.76,"SC-74A, SOT-753",Surface Mount,Active,,https://www.digikey.com/en/products/detail/texas-instruments/LP5907QMFX-3-3Q1/5013206,Enable,250mA,25 µA,425 µA,Automotive,1,-40°C ~ 125°C,Positive,Fixed,90dB ~ 60dB (100Hz ~ 100kHz),"Over Temperature, Short Circuit",AEC-Q100,,5.5V,,3.3V,0.25V @ 250mA
LP5907SNX-3.3/NOPB,Texas Instruments,IC REG LINEAR 3.3V 250MA 4-X2SON,pmic-voltage-regulators-linear,38603,0.59,4-XDFN Exposed Pad,Surface Mount,Active,https://www.ti.com/lit/ds/symlink/lp5907.pdf?ts=1782050205678,https://www.digikey.com/en/products/detail/texas-instruments/LP5907SNX-3-3-NOPB/3995669,Enable,250mA,25 µA,425 µA,,1,-40°C ~ 125°C,Positive,Fixed,90dB ~ 60dB (100Hz ~ 100kHz),"Over Temperature, Short Circuit",,,5.5V,,3.3V,0.25V @ 250mA
LP5912-1.8DRVR,Texas Instruments,IC REG LINEAR 1.8V 500MA 6-WSON,pmic-voltage-regulators-linear,5388,1.21,6-WDFN Exposed Pad,Surface Mount,Active,https://www.ti.com/lit/ds/symlink/lp5912.pdf,https://www.digikey.com/en/products/detail/texas-instruments/LP5912-1-8DRVR/6023546,"Enable, Power Good, Soft Start",500mA,55 µA,600 µA,,1,-40°C ~ 125°C (TJ),Positive,Fixed,80dB ~ 40dB (100Hz ~ 100kHz),"Over Temperature, Reverse Polarity, Short Circuit",,,6.5V,,1.8V,0.25V @ 500mA
LP5912-3.3DRVR,Texas Instruments,IC REG LINEAR 3.3V 500MA 6-WSON,pmic-voltage-regulators-linear,10081,1.21,6-WDFN Exposed Pad,Surface Mount,Active,https://www.ti.com/lit/ds/symlink/lp5912.pdf,https://www.digikey.com/en/products/detail/texas-instruments/LP5912-3-3DRVR/6005673,"Enable, Power Good, Soft Start",500mA,55 µA,600 µA,,1,-40°C ~ 125°C (TJ),Positive,Fixed,80dB ~ 40dB (100Hz ~ 100kHz),"Over Temperature, Reverse Polarity, Short Circuit",,,6.5V,,3.3V,0.18V @ 500mA
LP5912-3.3DRVT,Texas Instruments,IC REG LINEAR 3.3V 500MA 6-WSON,pmic-voltage-regulators-linear,8036,1.62,6-WDFN Exposed Pad,Surface Mount,Active,https://www.ti.com/lit/ds/symlink/lp5912.pdf,https://www.digikey.com/en/products/detail/texas-instruments/LP5912-3-3DRVT/6021969,"Enable, Power Good, Soft Start",500mA,55 µA,600 µA,,1,-40°C ~ 125°C (TJ),Positive,Fixed,80dB ~ 40dB (100Hz ~ 100kHz),"Over Temperature, Reverse Polarity, Short Circuit",,,6.5V,,3.3V,0.18V @ 500mA
LP5912Q3.3DRVRQ1,Texas Instruments,IC REG LINEAR 3.3V 500MA 6-WSON,pmic-voltage-regulators-linear,3828,1.53,6-WDFN Exposed Pad,Surface Mount,Active,,https://www.digikey.com/en/products/detail/texas-instruments/LP5912Q3-3DRVRQ1/6047263,"Enable, Power Good, Soft Start",500mA,55 µA,600 µA,Automotive,1,-40°C ~ 125°C (TJ),Positive,Fixed,80dB ~ 40dB (100Hz ~ 100kHz),"Over Temperature, Reverse Polarity, Short Circuit",AEC-Q100,,6.5V,,3.3V,0.18V @ 500mA
LR12K4-G,Microchip Technology,IC REG LINEAR POS ADJ 50MA TO252,pmic-voltage-regulators-linear,8781,1.92,"TO-252-3, DPAK (2 Leads + Tab), SC-63",Surface Mount,Active,https://ww1.microchip.com/downloads/en/DeviceDoc/LR12%20C080113.pdf,https://www.digikey.com/en/products/detail/microchip-technology/LR12K4-G/4902840,,50mA,,,,1,-40°C ~ 85°C,Positive,Adjustable,60dB (120Hz),Over Temperature,,,100V,88V,1.2V,
LR645LG-G,Microchip Technology,IC REG LINEAR POS ADJ 3MA 8-SOIC,pmic-voltage-regulators-linear,11516,1.19,"8-SOIC (0.154"", 3.90mm Width)",Surface Mount,Active,https://ww1.microchip.com/downloads/en/DeviceDoc/20005384A.pdf,https://www.digikey.com/en/products/detail/microchip-technology/LR645LG-G/4902842,,3mA,150 µA,,,1,-55°C ~ 155°C,Positive,Adjustable,60dB (120Hz),,,,450V,12V,8V,
LR8K4-G,Microchip Technology,IC REG LIN POS ADJ 10MA TO252,pmic-voltage-regulators-linear,4095,1.26,"TO-252-3, DPAK (2 Leads + Tab), SC-63",Surface Mount,Active,https://ww1.microchip.com/downloads/en/DeviceDoc/20005399B.pdf,https://www.digikey.com/en/products/detail/microchip-technology/LR8K4-G/4902849,,10mA,,,,1,-40°C ~ 85°C,Positive,Adjustable,60dB (120Hz),"Over Current, Over Temperature",,,450V,438V,1.2V,
LR8N8-G,Microchip Technology,IC REG LIN POS ADJ 10MA TO243AA,pmic-voltage-regulators-linear,19011,0.83,TO-243AA,Surface Mount,Active,https://ww1.microchip.com/downloads/en/DeviceDoc/20005399B.pdf,https://www.digikey.com/en/products/detail/microchip-technology/LR8N8-G/4902851,,10mA,,,,1,-40°C ~ 85°C,Positive,Adjustable,60dB (120Hz),"Over Current, Over Temperature",,,450V,438V,1.2V,
LT1033CT#PBF,Analog Devices Inc.,IC REG LIN NEG ADJ 3A TO220-3,pmic-voltage-regulators-linear,1660,10.24,TO-220-3,Through Hole,Active,https://www.analog.com/media/en/technical-documentation/data-sheets/1033fd.pdf,https://www.digikey.com/en/products/detail/analog-devices-inc/LT1033CT-PBF/889119,,3A,3 mA,5 mA,,1,0°C ~ 125°C,Negative,Adjustable,77dB (120Hz),"Over Current, Over Temperature, Over Voltage, Short Circuit",,,,-32V,-1.2V,
LT1084CT#PBF,Analog Devices Inc.,IC REG LINEAR POS ADJ 5A TO220-3,pmic-voltage-regulators-linear,487,12.02,TO-220-3,Through Hole,Active,https://www.analog.com/media/en/technical-documentation/data-sheets/108345fh.pdf,https://www.digikey.com/en/products/detail/analog-devices-inc/LT1084CT-PBF/891835,,5A,,,,1,0°C ~ 125°C,Positive,Adjustable,75dB (120Hz),Over Temperature,,,30V,28.5V,1.25V,1.5V @ 5A
LT1084CT-12#PBF,Analog Devices Inc.,IC REG LINEAR 12V 5A TO220-3,pmic-voltage-regulators-linear,0,16.06,TO-220-3,Through Hole,Active,https://www.analog.com/media/en/technical-documentation/data-sheets/1083ffe.pdf,https://www.digikey.com/en/products/detail/analog-devices-inc/LT1084CT-12-PBF/888609,,5A,10 mA,,,1,0°C ~ 125°C,Positive,Fixed,60dB (120Hz),Over Temperature,,,25V,,12V,1.5V @ 5A
LT1084IT#PBF,Analog Devices Inc.,IC REG LINEAR POS ADJ 5A TO220-3,pmic-voltage-regulators-linear,512,16.19,TO-220-3,Through Hole,Active,https://www.analog.com/media/en/technical-documentation/data-sheets/108345fh.pdf,https://www.digikey.com/en/products/detail/analog-devices-inc/LT1084IT-PBF/891135,,5A,,,,1,-40°C ~ 125°C,Positive,Adjustable,75dB (120Hz),Over Temperature,,,30V,28.5V,1.25V,1.5V @ 5A
LT1085CM#PBF,Analog Devices Inc.,IC REG LINEAR POS ADJ 3A DDPAK-3,pmic-voltage-regulators-linear,410,12.36,"TO-263-4, D2PAK (3 Leads + Tab), TO-263AA",Surface Mount,Active,https://www.analog.com/media/en/technical-documentation/data-sheets/108345fh.pdf,https://www.digikey.com/en/products/detail/analog-devices-inc/LT1085CM-PBF/888772,,3A,,,,1,0°C ~ 125°C,Positive,Adjustable,75dB (120Hz),Over Temperature,,,30V,28.5V,1.25V,1.5V @ 3A
LT1085CM#TRPBF,Analog Devices Inc.,IC REG LINEAR POS ADJ 3A DDPAK-3,pmic-voltage-regulators-linear,264,12.36,"TO-263-4, D2PAK (3 Leads + Tab), TO-263AA",Surface Mount,Active,https://www.analog.com/media/en/technical-documentation/data-sheets/108345fh.pdf,https://www.digikey.com/en/products/detail/analog-devices-inc/LT1085CM-TRPBF/961729,,3A,,,,1,0°C ~ 125°C,Positive,Adjustable,75dB (120Hz),Over Temperature,,,30V,28.5V,1.25V,1.5V @ 3A
LT1085CM-3.3#PBF,Analog Devices Inc.,IC REG LINEAR 3.3V 3A DDPAK-3,pmic-voltage-regulators-linear,390,12.36,"TO-263-4, D2PAK (3 Leads + Tab), TO-263AA",Surface Mount,Active,https://www.analog.com/media/en/technical-documentation/data-sheets/1083ffe.pdf,https://www.digikey.com/en/products/detail/analog-devices-inc/LT1085CM-3-3-PBF/889775,,3A,10 mA,,,1,0°C ~ 125°C,Positive,Fixed,72dB (120Hz),Over Temperature,,,20V,,3.3V,1.5V @ 3A
LT1085CT#PBF,Analog Devices Inc.,IC REG LINEAR POS ADJ 3A TO220-3,pmic-voltage-regulators-linear,2126,11.14,TO-220-3,Through Hole,Active,https://www.analog.com/media/en/technical-documentation/data-sheets/108345fh.pdf,https://www.digikey.com/en/products/detail/analog-devices-inc/LT1085CT-PBF/891129,,3A,,,,1,0°C ~ 125°C,Positive,Adjustable,75dB (120Hz),Over Temperature,,,30V,28.5V,1.25V,1.5V @ 3A
LT1085IT#PBF,Analog Devices Inc.,IC REG LINEAR POS ADJ 3A TO220-3,pmic-voltage-regulators-linear,722,14.53,TO-220-3,Through Hole,Active,https://www.analog.com/media/en/technical-documentation/data-sheets/108345fh.pdf,https://www.digikey.com/en/products/detail/analog-devices-inc/LT1085IT-PBF/961880,,3A,,,,1,-40°C ~ 125°C,Positive,Adjustable,75dB (120Hz),Over Temperature,,,30V,28.5V,1.25V,1.5V @ 3A
LT1086CM#TRPBF,Analog Devices Inc.,IC REG LIN POS ADJ 1.5A DDPAK-3,pmic-voltage-regulators-linear,3209,8.38,"TO-263-4, D2PAK (3 Leads + Tab), TO-263AA",Surface Mount,Active,https://www.analog.com/media/en/technical-documentation/data-sheets/lt1086.pdf,https://www.digikey.com/en/products/detail/analog-devices-inc/LT1086CM-TRPBF/961711,,1.5A,,,,1,0°C ~ 125°C,Positive,Adjustable,75dB (120Hz),"Over Current, Over Temperature",,,25V,23.5V,1.25V,1.5V @ 1.5A
LT1086CM-3.3#PBF,Analog Devices Inc.,IC REG LINEAR 3.3V 1.5A DDPAK-3,pmic-voltage-regulators-linear,117,8.38,"TO-263-4, D2PAK (3 Leads + Tab), TO-263AA",Surface Mount,Active,https://www.analog.com/media/en/technical-documentation/data-sheets/lt1086.pdf,https://www.digikey.com/en/products/detail/analog-devices-inc/LT1086CM-3-3-PBF/891493,,1.5A,10 mA,,,1,0°C ~ 125°C,Positive,Fixed,72dB (120Hz),"Over Current, Over Temperature",,,20V,,3.3V,1.5V @ 1.5A
LT1086CT#PBF,Analog Devices Inc.,IC REG LIN POS ADJ 1.5A TO220-3,pmic-voltage-regulators-linear,330,6.61,TO-220-3,Through Hole,Active,https://www.analog.com/media/en/technical-documentation/data-sheets/lt1086.pdf,https://www.digikey.com/en/products/detail/analog-devices-inc/LT1086CT-PBF/891238,,1.5A,,,,1,0°C ~ 125°C,Positive,Adjustable,75dB (120Hz),"Over Current, Over Temperature",,,25V,23.5V,1.25V,1.5V @ 1.5A
LT1086CT-12#PBF,Analog Devices Inc.,IC REG LINEAR 12V 1.5A TO220-3,pmic-voltage-regulators-linear,493,6.61,TO-220-3,Through Hole,Active,https://www.analog.com/media/en/technical-documentation/data-sheets/lt1086.pdf,https://www.digikey.com/en/products/detail/analog-devices-inc/LT1086CT-12-PBF/891671,,1.5A,10 mA,,,1,0°C ~ 125°C,Positive,Fixed,60dB (120Hz),"Over Current, Over Temperature",,,25V,,12V,1.5V @ 1.5A
LT1086IM#PBF,Analog Devices Inc.,IC REG LIN POS ADJ 1.5A DDPAK-3,pmic-voltage-regulators-linear,762,9.38,"TO-263-4, D2PAK (3 Leads + Tab), TO-263AA",Surface Mount,Active,https://www.analog.com/media/en/technical-documentation/data-sheets/lt1086.pdf,https://www.digikey.com/en/products/detail/analog-devices-inc/LT1086IM-PBF/889946,,1.5A,,,,1,-40°C ~ 125°C,Positive,Adjustable,75dB (120Hz),"Over Current, Over Temperature",,,25V,23.5V,1.25V,1.5V @ 1.5A
LT1086IM-3.3#TRPBF,Analog Devices Inc.,IC REG LINEAR 3.3V 1.5A DDPAK-3,pmic-voltage-regulators-linear,7626,9.38,"TO-263-4, D2PAK (3 Leads + Tab), TO-263AA",Surface Mount,Active,https://www.analog.com/media/en/technical-documentation/data-sheets/lt1086.pdf,https://www.digikey.com/en/products/detail/analog-devices-inc/LT1086IM-3-3-TRPBF/961698,,1.5A,10 mA,,,1,-40°C ~ 125°C,Positive,Fixed,72dB (120Hz),"Over Current, Over Temperature",,,20V,,3.3V,1.5V @ 1.5A
LT1086IT#PBF,Analog Devices Inc.,IC REG LIN POS ADJ 1.5A TO220-3,pmic-voltage-regulators-linear,345,8.61,TO-220-3,Through Hole,Active,https://www.analog.com/media/en/technical-documentation/data-sheets/lt1086.pdf,https://www.digikey.com/en/products/detail/analog-devices-inc/LT1086IT-PBF/962991,,1.5A,,,,1,-40°C ~ 125°C,Positive,Adjustable,75dB (120Hz),"Over Current, Over Temperature",,,25V,23.5V,1.25V,1.5V @ 1.5A
LT1117CST-3.3#PBF,Analog Devices Inc.,IC REG LIN 3.3V 800MA SOT-223-3,pmic-voltage-regulators-linear,0,7.29,"TO-261-4, TO-261AA",Surface Mount,Active,https://www.analog.com/media/en/technical-documentation/data-sheets/1117fd.pdf,https://www.digikey.com/en/products/detail/analog-devices-inc/LT1117CST-3-3-PBF/891774,,800mA,10 mA,,,1,0°C ~ 125°C,Positive,Fixed,75dB (120Hz),Over Temperature,,,15V,,3.3V,1.2V @ 800mA
LT1117CST-3.3#TRPBF,Analog Devices Inc.,IC REG LIN 3.3V 800MA SOT-223-3,pmic-voltage-regulators-linear,1388,7.29,"TO-261-4, TO-261AA",Surface Mount,Active,https://www.analog.com/media/en/technical-documentation/data-sheets/1117fd.pdf,https://www.digikey.com/en/products/detail/analog-devices-inc/LT1117CST-3-3-TRPBF/959023,,800mA,10 mA,,,1,0°C ~ 125°C,Positive,Fixed,75dB (120Hz),Over Temperature,,,15V,,3.3V,1.2V @ 800mA
LT1117CST-5#TRPBF,Analog Devices Inc.,IC REG LINEAR 5V 800MA SOT-223-3,pmic-voltage-regulators-linear,1233,6.52,"TO-261-4, TO-261AA",Surface Mount,Active,https://www.analog.com/media/en/technical-documentation/data-sheets/1117fd.pdf,https://www.digikey.com/en/products/detail/analog-devices-inc/LT1117CST-5-TRPBF/961792,,800mA,10 mA,,,1,0°C ~ 125°C,Positive,Fixed,75dB (120Hz),Over Temperature,,,15V,,5V,1.2V @ 800mA
LT1117IST#TRPBF,Analog Devices Inc.,IC REG LIN POS ADJ 800MA SOT223,pmic-voltage-regulators-linear,2757,7.4,"TO-261-4, TO-261AA",Surface Mount,Active,https://www.analog.com/media/en/technical-documentation/data-sheets/1117fd.pdf,https://www.digikey.com/en/products/detail/analog-devices-inc/LT1117IST-TRPBF/959072,,800mA,,,,1,-40°C ~ 125°C,Positive,Adjustable,75dB (120Hz),Over Temperature,,,15V,13.8V,1.25V,1.3V @ 800mA
LT1117IST-3.3#TRPBF,Analog Devices Inc.,IC REG LIN 3.3V 800MA SOT-223-3,pmic-voltage-regulators-linear,1933,7.4,"TO-261-4, TO-261AA",Surface Mount,Active,https://www.analog.com/media/en/technical-documentation/data-sheets/1117fd.pdf,https://www.digikey.com/en/products/detail/analog-devices-inc/LT1117IST-3-3-TRPBF/958953,,800mA,10 mA,,,1,-40°C ~ 125°C,Positive,Fixed,75dB (120Hz),Over Temperature,,,15V,,3.3V,1.3V @ 800mA
LT1117IST-5#TRPBF,Analog Devices Inc.,IC REG LINEAR 5V 800MA SOT-223-3,pmic-voltage-regulators-linear,4064,7.4,"TO-261-4, TO-261AA",Surface Mount,Active,https://www.analog.com/media/en/technical-documentation/data-sheets/1117fd.pdf,https://www.digikey.com/en/products/detail/analog-devices-inc/LT1117IST-5-TRPBF/959151,,800mA,10 mA,,,1,-40°C ~ 125°C,Positive,Fixed,75dB (120Hz),Over Temperature,,,15V,,5V,1.3V @ 800mA
LT1121CS8-5#PBF,Analog Devices Inc.,IC REG LINEAR 5V 150MA 8-SO,pmic-voltage-regulators-linear,78,6.87,"8-SOIC (0.154"", 3.90mm Width)",Surface Mount,Active,https://www.analog.com/media/en/technical-documentation/data-sheets/1121fg.pdf,https://www.digikey.com/en/products/detail/analog-devices-inc/LT1121CS8-5-PBF/889210,Enable,150mA,50 µA,14 mA,,1,0°C ~ 125°C,Positive,Fixed,58dB (120Hz),"Over Temperature, Reverse Polarity",,,30V,,5V,0.7V @ 150mA
LT1121CST-5#PBF,Analog Devices Inc.,IC REG LINEAR 5V 150MA SOT-223-3,pmic-voltage-regulators-linear,3625,7.22,"TO-261-4, TO-261AA",Surface Mount,Active,https://www.analog.com/media/en/technical-documentation/data-sheets/1121fg.pdf,https://www.digikey.com/en/products/detail/analog-devices-inc/LT1121CST-5-PBF/890365,,150mA,50 µA,14 mA,,1,0°C ~ 125°C,Positive,Fixed,58dB (120Hz),"Over Temperature, Reverse Polarity",,,30V,,5V,0.7V @ 150mA
LT1121CST-5#TRPBF,Analog Devices Inc.,IC REG LINEAR 5V 150MA SOT-223-3,pmic-voltage-regulators-linear,2863,7.22,"TO-261-4, TO-261AA",Surface Mount,Active,https://www.analog.com/media/en/technical-documentation/data-sheets/1121fg.pdf,https://www.digikey.com/en/products/detail/analog-devices-inc/LT1121CST-5-TRPBF/959269,,150mA,50 µA,14 mA,,1,0°C ~ 125°C,Positive,Fixed,58dB (120Hz),"Over Temperature, Reverse Polarity",,,30V,,5V,0.7V @ 150mA
LT1121IST-3.3#PBF,Analog Devices Inc.,IC REG LIN 3.3V 150MA SOT-223-3,pmic-voltage-regulators-linear,5377,8.55,"TO-261-4, TO-261AA",Surface Mount,Active,https://www.analog.com/media/en/technical-documentation/data-sheets/1121fg.pdf,https://www.digikey.com/en/products/detail/analog-devices-inc/LT1121IST-3-3-PBF/889798,Enable,150mA,50 µA,14 mA,,1,-40°C ~ 125°C,Positive,Fixed,58dB (120Hz),"Over Temperature, Reverse Polarity",,,30V,,3.3V,0.7V @ 150mA
LT1121IST-3.3#TRPBF,Analog Devices Inc.,IC REG LIN 3.3V 150MA SOT-223-3,pmic-voltage-regulators-linear,4017,8.55,"TO-261-4, TO-261AA",Surface Mount,Active,https://www.analog.com/media/en/technical-documentation/data-sheets/1121fg.pdf,https://www.digikey.com/en/products/detail/analog-devices-inc/LT1121IST-3-3-TRPBF/959066,Enable,150mA,50 µA,14 mA,,1,-40°C ~ 125°C,Positive,Fixed,58dB (120Hz),"Over Temperature, Reverse Polarity",,,30V,,3.3V,0.7V @ 150mA
LT1121IST-5#PBF,Analog Devices Inc.,IC REG LINEAR 5V 150MA SOT-223-3,pmic-voltage-regulators-linear,6234,8.55,"TO-261-4, TO-261AA",Surface Mount,Active,https://www.analog.com/media/en/technical-documentation/data-sheets/1121fg.pdf,https://www.digikey.com/en/products/detail/analog-devices-inc/LT1121IST-5-PBF/891607,Enable,150mA,50 µA,14 mA,,1,-40°C ~ 125°C,Positive,Fixed,58dB (120Hz),"Over Temperature, Reverse Polarity",,,30V,,5V,0.7V @ 150mA
LT1121IST-5#TRPBF,Analog Devices Inc.,IC REG LINEAR 5V 150MA SOT-223-3,pmic-voltage-regulators-linear,6409,8.55,"TO-261-4, TO-261AA",Surface Mount,Active,https://www.analog.com/media/en/technical-documentation/data-sheets/1121fg.pdf,https://www.digikey.com/en/products/detail/analog-devices-inc/LT1121IST-5-TRPBF/959002,,150mA,50 µA,14 mA,,1,-40°C ~ 125°C,Positive,Fixed,58dB (120Hz),"Over Temperature, Reverse Polarity",,,30V,,5V,0.7V @ 150mA
LT1129CQ#TRPBF,Analog Devices Inc.,IC REG LIN POS ADJ 700MA DDPAK-5,pmic-voltage-regulators-linear,2928,10.21,"TO-263-6, D2PAK (5 Leads + Tab), TO-263BA",Surface Mount,Active,https://www.analog.com/media/en/technical-documentation/data-sheets/112935ff.pdf,https://www.digikey.com/en/products/detail/analog-devices-inc/LT1129CQ-TRPBF/961591,Enable,700mA,70 µA,90 mA,,1,0°C ~ 125°C,Positive,Adjustable,64dB (120Hz),"Over Temperature, Reverse Polarity",,,30V,30V,3.8V,0.7V @ 700mA
LT1129CS8-3.3#PBF,Analog Devices Inc.,IC REG LINEAR 3.3V 700MA 8-SO,pmic-voltage-regulators-linear,633,10.17,"8-SOIC (0.154"", 3.90mm Width)",Surface Mount,Active,https://www.analog.com/media/en/technical-documentation/data-sheets/112935ff.pdf,https://www.digikey.com/en/products/detail/analog-devices-inc/LT1129CS8-3-3-PBF/890055,Enable,700mA,70 µA,90 mA,,1,0°C ~ 125°C,Positive,Fixed,64dB (120Hz),"Over Temperature, Reverse Polarity",,,30V,,3.3V,0.7V @ 700mA
LT1129CS8-3.3#TRPBF,Analog Devices Inc.,IC REG LINEAR 3.3V 700MA 8-SO,pmic-voltage-regulators-linear,3669,10.17,"8-SOIC (0.154"", 3.90mm Width)",Surface Mount,Active,https://www.analog.com/media/en/technical-documentation/data-sheets/112935ff.pdf,https://www.digikey.com/en/products/detail/analog-devices-inc/LT1129CS8-3-3-TRPBF/958632,Enable,700mA,70 µA,90 mA,,1,0°C ~ 125°C,Positive,Fixed,64dB (120Hz),"Over Temperature, Reverse Polarity",,,30V,,3.3V,0.7V @ 700mA
LT1129CST-3.3#PBF,Analog Devices Inc.,IC REG LIN 3.3V 700MA SOT-223-3,pmic-voltage-regulators-linear,3772,9.43,"TO-261-4, TO-261AA",Surface Mount,Active,https://www.analog.com/media/en/technical-documentation/data-sheets/112935ff.pdf,https://www.digikey.com/en/products/detail/analog-devices-inc/LT1129CST-3-3-PBF/889181,Enable,700mA,70 µA,90 mA,,1,0°C ~ 125°C,Positive,Fixed,64dB (120Hz),"Over Temperature, Reverse Polarity",,,30V,,3.3V,0.7V @ 700mA
LT1129CST-3.3#TRPBF,Analog Devices Inc.,IC REG LIN 3.3V 700MA SOT-223-3,pmic-voltage-regulators-linear,185,9.43,"TO-261-4, TO-261AA",Surface Mount,Active,https://www.analog.com/media/en/technical-documentation/data-sheets/112935ff.pdf,https://www.digikey.com/en/products/detail/analog-devices-inc/LT1129CST-3-3-TRPBF/959097,Enable,700mA,70 µA,90 mA,,1,0°C ~ 125°C,Positive,Fixed,64dB (120Hz),"Over Temperature, Reverse Polarity",,,30V,,3.3V,0.7V @ 700mA
LT1129CST-5#PBF,Analog Devices Inc.,IC REG LINEAR 5V 700MA SOT-223-3,pmic-voltage-regulators-linear,214,9.43,"TO-261-4, TO-261AA",Surface Mount,Active,https://www.analog.com/media/en/technical-documentation/data-sheets/112935ff.pdf,https://www.digikey.com/en/products/detail/analog-devices-inc/LT1129CST-5-PBF/889671,,700mA,70 µA,90 mA,,1,0°C ~ 125°C,Positive,Fixed,64dB (120Hz),"Over Temperature, Reverse Polarity",,,30V,,5V,0.7V @ 700mA
LT1129CST-5#TRPBF,Analog Devices Inc.,IC REG LINEAR 5V 700MA SOT-223-3,pmic-voltage-regulators-linear,1313,9.43,"TO-261-4, TO-261AA",Surface Mount,Active,https://www.analog.com/media/en/technical-documentation/data-sheets/112935ff.pdf,https://www.digikey.com/en/products/detail/analog-devices-inc/LT1129CST-5-TRPBF/959284,,700mA,70 µA,90 mA,,1,0°C ~ 125°C,Positive,Fixed,64dB (120Hz),"Over Temperature, Reverse Polarity",,,30V,,5V,0.7V @ 700mA
LT1129IQ#PBF,Analog Devices Inc.,IC REG LIN POS ADJ 700MA DDPAK-5,pmic-voltage-regulators-linear,148,12.0,"TO-263-6, D2PAK (5 Leads + Tab), TO-263BA",Surface Mount,Active,https://www.analog.com/media/en/technical-documentation/data-sheets/112935ff.pdf,https://www.digikey.com/en/products/detail/analog-devices-inc/LT1129IQ-PBF/888747,Enable,700mA,70 µA,90 mA,,1,-40°C ~ 125°C,Positive,Adjustable,64dB (120Hz),"Over Temperature, Reverse Polarity",,,30V,30V,3.8V,0.7V @ 700mA
LT1129IS8#PBF,Analog Devices Inc.,IC REG LINEAR POS ADJ 700MA 8-SO,pmic-voltage-regulators-linear,1930,11.77,"8-SOIC (0.154"", 3.90mm Width)",Surface Mount,Active,https://www.analog.com/media/en/technical-documentation/data-sheets/112935ff.pdf,https://www.digikey.com/en/products/detail/analog-devices-inc/LT1129IS8-PBF/890963,Enable,700mA,70 µA,90 mA,,1,-40°C ~ 125°C,Positive,Adjustable,64dB (120Hz),"Over Temperature, Reverse Polarity",,,30V,30V,3.8V,0.7V @ 700mA
LT1129IS8#TRPBF,Analog Devices Inc.,IC REG LINEAR POS ADJ 700MA 8-SO,pmic-voltage-regulators-linear,5190,11.77,"8-SOIC (0.154"", 3.90mm Width)",Surface Mount,Active,https://www.analog.com/media/en/technical-documentation/data-sheets/112935ff.pdf,https://www.digikey.com/en/products/detail/analog-devices-inc/LT1129IS8-TRPBF/958416,Enable,700mA,70 µA,90 mA,,1,-40°C ~ 125°C,Positive,Adjustable,64dB (120Hz),"Over Temperature, Reverse Polarity",,,30V,30V,3.8V,0.7V @ 700mA
LT1129IS8-3.3#PBF,Analog Devices Inc.,IC REG LINEAR 3.3V 700MA 8-SO,pmic-voltage-regulators-linear,1189,11.77,"8-SOIC (0.154"", 3.90mm Width)",Surface Mount,Active,https://www.analog.com/media/en/technical-documentation/data-sheets/112935ff.pdf,https://www.digikey.com/en/products/detail/analog-devices-inc/LT1129IS8-3-3-PBF/890558,Enable,700mA,70 µA,90 mA,,1,-40°C ~ 125°C,Positive,Fixed,64dB (120Hz),"Over Temperature, Reverse Polarity",,,30V,,3.3V,0.7V @ 700mA
LT1129IST-3.3#PBF,Analog Devices Inc.,IC REG LIN 3.3V 700MA SOT-223-3,pmic-voltage-regulators-linear,3544,10.51,"TO-261-4, TO-261AA",Surface Mount,Active,https://www.analog.com/media/en/technical-documentation/data-sheets/112935ff.pdf,https://www.digikey.com/en/products/detail/analog-devices-inc/LT1129IST-3-3-PBF/891653,Enable,700mA,70 µA,90 mA,,1,-40°C ~ 125°C,Positive,Fixed,64dB (120Hz),"Over Temperature, Reverse Polarity",,,30V,,3.3V,0.7V @ 700mA
LT1129IST-3.3#TRPBF,Analog Devices Inc.,IC REG LIN 3.3V 700MA SOT-223-3,pmic-voltage-regulators-linear,5989,10.51,"TO-261-4, TO-261AA",Surface Mount,Active,https://www.analog.com/media/en/technical-documentation/data-sheets/112935ff.pdf,https://www.digikey.com/en/products/detail/analog-devices-inc/LT1129IST-3-3-TRPBF/959127,Enable,700mA,70 µA,90 mA,,1,-40°C ~ 125°C,Positive,Fixed,64dB (120Hz),"Over Temperature, Reverse Polarity",,,30V,,3.3V,0.7V @ 700mA
LT1129IST-5#PBF,Analog Devices Inc.,IC REG LINEAR 5V 700MA SOT-223-3,pmic-voltage-regulators-linear,126,10.51,"TO-261-4, TO-261AA",Surface Mount,Active,https://www.analog.com/media/en/technical-documentation/data-sheets/112935ff.pdf,https://www.digikey.com/en/products/detail/analog-devices-inc/LT1129IST-5-PBF/890000,,700mA,70 µA,90 mA,,1,-40°C ~ 125°C,Positive,Fixed,64dB (120Hz),"Over Temperature, Reverse Polarity",,,30V,,5V,0.7V @ 700mA
LT1129IST-5#TRPBF,Analog Devices Inc.,IC REG LINEAR 5V 700MA SOT-223-3,pmic-voltage-regulators-linear,1960,10.51,"TO-261-4, TO-261AA",Surface Mount,Active,https://www.analog.com/media/en/technical-documentation/data-sheets/112935ff.pdf,https://www.digikey.com/en/products/detail/analog-devices-inc/LT1129IST-5-TRPBF/959008,,700mA,70 µA,90 mA,,1,-40°C ~ 125°C,Positive,Fixed,64dB (120Hz),"Over Temperature, Reverse Polarity",,,30V,,5V,0.7V @ 700mA
LT1175CS8#PBF,Analog Devices Inc.,IC REG LINEAR NEG ADJ 500MA 8-SO,pmic-voltage-regulators-linear,736,9.83,"8-SOIC (0.154"", 3.90mm Width)",Surface Mount,Active,https://www.analog.com/media/en/technical-documentation/data-sheets/1175ff.pdf,https://www.digikey.com/en/products/detail/analog-devices-inc/LT1175CS8-PBF/889956,"Current Limit, Enable",500mA,80 µA,,,1,0°C ~ 125°C (TJ),Negative,Adjustable,,,,,-20V,-19.3V,-3.8V,0.7V @ 500mA
LT1175CS8#TRPBF,Analog Devices Inc.,IC REG LINEAR NEG ADJ 500MA 8-SO,pmic-voltage-regulators-linear,4929,9.83,"8-SOIC (0.154"", 3.90mm Width)",Surface Mount,Active,https://www.analog.com/media/en/technical-documentation/data-sheets/1175ff.pdf,https://www.digikey.com/en/products/detail/analog-devices-inc/LT1175CS8-TRPBF/959058,"Current Limit, Enable",500mA,80 µA,,,1,0°C ~ 125°C (TJ),Negative,Adjustable,,,,,-20V,-19.3V,-3.8V,0.7V @ 500mA
LT1175CS8-5#TRPBF,Analog Devices Inc.,IC REG LINEAR -5V 500MA 8-SO,pmic-voltage-regulators-linear,5203,9.83,"8-SOIC (0.154"", 3.90mm Width)",Surface Mount,Active,https://www.analog.com/media/en/technical-documentation/data-sheets/1175ff.pdf,https://www.digikey.com/en/products/detail/analog-devices-inc/LT1175CS8-5-TRPBF/958875,"Current Limit, Enable",500mA,80 µA,,,1,0°C ~ 125°C (TJ),Negative,Fixed,60db ~ 15dB (1kHz ~ 100kHz),,,,-20V,,-5V,0.7V @ 500mA
LT1175CST-5#PBF,Analog Devices Inc.,IC REG LIN -5V 500MA SOT-223-3,pmic-voltage-regulators-linear,764,8.91,"TO-261-4, TO-261AA",Surface Mount,Active,https://www.analog.com/media/en/technical-documentation/data-sheets/1175ff.pdf,https://www.digikey.com/en/products/detail/analog-devices-inc/LT1175CST-5-PBF/889967,"Current Limit, Enable",500mA,80 µA,,,1,0°C ~ 125°C (TJ),Negative,Fixed,60db ~ 15dB (1kHz ~ 100kHz),,,,-20V,,-5V,0.7V @ 500mA
LT1175CST-5#TRPBF,Analog Devices Inc.,IC REG LIN -5V 500MA SOT-223-3,pmic-voltage-regulators-linear,2142,8.91,"TO-261-4, TO-261AA",Surface Mount,Active,https://www.analog.com/media/en/technical-documentation/data-sheets/1175ff.pdf,https://www.digikey.com/en/products/detail/analog-devices-inc/LT1175CST-5-TRPBF/959285,"Current Limit, Enable",500mA,80 µA,,,1,0°C ~ 125°C (TJ),Negative,Fixed,60db ~ 15dB (1kHz ~ 100kHz),,,,-20V,,-5V,0.7V @ 500mA
LT1175IS8#PBF,Analog Devices Inc.,IC REG LINEAR NEG ADJ 500MA 8-SO,pmic-voltage-regulators-linear,4635,12.5,"8-SOIC (0.154"", 3.90mm Width)",Surface Mount,Active,https://www.analog.com/media/en/technical-documentation/data-sheets/1175ff.pdf,https://www.digikey.com/en/products/detail/analog-devices-inc/LT1175IS8-PBF/889785,"Current Limit, Enable",500mA,80 µA,,,1,-40°C ~ 125°C (TJ),Negative,Adjustable,,,,,-20V,-19.3V,-3.8V,0.7V @ 500mA
LT1175IS8#TRPBF,Analog Devices Inc.,IC REG LINEAR NEG ADJ 500MA 8-SO,pmic-voltage-regulators-linear,2675,12.5,"8-SOIC (0.154"", 3.90mm Width)",Surface Mount,Active,https://www.analog.com/media/en/technical-documentation/data-sheets/1175ff.pdf,https://www.digikey.com/en/products/detail/analog-devices-inc/LT1175IS8-TRPBF/959189,"Current Limit, Enable",500mA,80 µA,,,1,-40°C ~ 125°C (TJ),Negative,Adjustable,,,,,-20V,-19.3V,-3.8V,0.7V @ 500mA
LT1175IST-5#PBF,Analog Devices Inc.,IC REG LIN -5V 500MA SOT-223-3,pmic-voltage-regulators-linear,579,9.68,"TO-261-4, TO-261AA",Surface Mount,Active,https://www.analog.com/media/en/technical-documentation/data-sheets/1175ff.pdf,https://www.digikey.com/en/products/detail/analog-devices-inc/LT1175IST-5-PBF/889708,"Current Limit, Enable",500mA,80 µA,,,1,-40°C ~ 125°C (TJ),Negative,Fixed,60db ~ 15dB (1kHz ~ 100kHz),,,,-20V,,-5V,0.7V @ 500mA
LT1175IST-5#TRPBF,Analog Devices Inc.,IC REG LIN -5V 500MA SOT-223-3,pmic-voltage-regulators-linear,5832,9.68,"TO-261-4, TO-261AA",Surface Mount,Active,https://www.analog.com/media/en/technical-documentation/data-sheets/1175ff.pdf,https://www.digikey.com/en/products/detail/analog-devices-inc/LT1175IST-5-TRPBF/959106,"Current Limit, Enable",500mA,80 µA,,,1,-40°C ~ 125°C (TJ),Negative,Fixed,60db ~ 15dB (1kHz ~ 100kHz),,,,-20V,,-5V,0.7V @ 500mA
LT1185CQ#TRPBF,Analog Devices Inc.,IC REG LIN POS/NEG ADJ 3A 5DDPAK,pmic-voltage-regulators-linear,2715,13.69,"TO-263-6, D2PAK (5 Leads + Tab), TO-263BA",Surface Mount,Active,https://www.analog.com/media/en/technical-documentation/data-sheets/1185ff.pdf,https://www.digikey.com/en/products/detail/analog-devices-inc/LT1185CQ-TRPBF/961612,,3A,3.5 mA,,,1,0°C ~ 70°C,Positive or Negative,Adjustable,,Over Current,,,-35V,±25V,±2.5V,1V @ 3A
LT1185CT#PBF,Analog Devices Inc.,IC REG LIN POS/NEG ADJ 3A TO220,pmic-voltage-regulators-linear,580,12.5,TO-220-5,Through Hole,Active,https://www.analog.com/media/en/technical-documentation/data-sheets/1185ff.pdf,https://www.digikey.com/en/products/detail/analog-devices-inc/LT1185CT-PBF/891911,,3A,3.5 mA,,,1,0°C ~ 70°C,Positive or Negative,Adjustable,,Over Current,,,-35V,±25V,±2.5V,1V @ 3A
LT1521CS8#PBF,Analog Devices Inc.,IC REG LINEAR POS ADJ 300MA 8-SO,pmic-voltage-regulators-linear,80,7.7,"8-SOIC (0.154"", 3.90mm Width)",Surface Mount,Active,https://www.analog.com/media/en/technical-documentation/data-sheets/1521335fb.pdf,https://www.digikey.com/en/products/detail/analog-devices-inc/LT1521CS8-PBF/891233,Enable,300mA,25 µA,12 mA,,1,0°C ~ 125°C,Positive,Adjustable,58dB (120Hz),"Over Current, Over Temperature, Reverse Polarity",,,20V,20V,3.8V,0.75V @ 300mA
LT1521CS8#TRPBF,Analog Devices Inc.,IC REG LINEAR POS ADJ 300MA 8-SO,pmic-voltage-regulators-linear,3576,7.7,"8-SOIC (0.154"", 3.90mm Width)",Surface Mount,Active,https://www.analog.com/media/en/technical-documentation/data-sheets/1521335fb.pdf,https://www.digikey.com/en/products/detail/analog-devices-inc/LT1521CS8-TRPBF/960791,Enable,300mA,25 µA,12 mA,,1,0°C ~ 125°C,Positive,Adjustable,58dB (120Hz),"Over Current, Over Temperature, Reverse Polarity",,,20V,20V,3.8V,0.75V @ 300mA
LT1521CST-5#PBF,Analog Devices Inc.,IC REG LINEAR 5V 300MA SOT-223-3,pmic-voltage-regulators-linear,35,6.76,"TO-261-4, TO-261AA",Surface Mount,Active,https://www.analog.com/media/en/technical-documentation/data-sheets/1521335fb.pdf,https://www.digikey.com/en/products/detail/analog-devices-inc/LT1521CST-5-PBF/890451,,300mA,25 µA,12 mA,,1,0°C ~ 125°C,Positive,Fixed,58dB (120Hz),"Over Current, Over Temperature, Reverse Polarity",,,20V,,5V,0.75V @ 300mA
LT1521IS8-5#PBF,Analog Devices Inc.,IC REG LINEAR 5V 300MA 8-SO,pmic-voltage-regulators-linear,690,9.09,"8-SOIC (0.154"", 3.90mm Width)",Surface Mount,Active,https://www.analog.com/media/en/technical-documentation/data-sheets/1521335fb.pdf,https://www.digikey.com/en/products/detail/analog-devices-inc/LT1521IS8-5-PBF/889693,Enable,300mA,25 µA,12 mA,,1,-40°C ~ 125°C,Positive,Fixed,58dB (120Hz),"Over Current, Over Temperature, Reverse Polarity",,,20V,,5V,0.75V @ 300mA
LT1521IST-3.3#PBF,Analog Devices Inc.,IC REG LIN 3.3V 300MA SOT-223-3,pmic-voltage-regulators-linear,1065,8.76,"TO-261-4, TO-261AA",Surface Mount,Active,https://www.analog.com/media/en/technical-documentation/data-sheets/1521335fb.pdf,https://www.digikey.com/en/products/detail/analog-devices-inc/LT1521IST-3-3-PBF/891469,Enable,300mA,25 µA,12 mA,,1,-40°C ~ 125°C,Positive,Fixed,58dB (120Hz),"Over Current, Over Temperature, Reverse Polarity",,,20V,,3.3V,0.75V @ 300mA
LT1521IST-3.3#TRPBF,Analog Devices Inc.,IC REG LIN 3.3V 300MA SOT-223-3,pmic-voltage-regulators-linear,2218,8.76,"TO-261-4, TO-261AA",Surface Mount,Active,https://www.analog.com/media/en/technical-documentation/data-sheets/1521335fb.pdf,https://www.digikey.com/en/products/detail/analog-devices-inc/LT1521IST-3-3-TRPBF/959126,Enable,300mA,25 µA,12 mA,,1,-40°C ~ 125°C,Positive,Fixed,58dB (120Hz),"Over Current, Over Temperature, Reverse Polarity",,,20V,,3.3V,0.75V @ 300mA
LT1521IST-5#PBF,Analog Devices Inc.,IC REG LINEAR 5V 300MA SOT-223-3,pmic-voltage-regulators-linear,536,8.76,"TO-261-4, TO-261AA",Surface Mount,Active,https://www.analog.com/media/en/technical-documentation/data-sheets/1521335fb.pdf,https://www.digikey.com/en/products/detail/analog-devices-inc/LT1521IST-5-PBF/890216,,300mA,25 µA,12 mA,,1,-40°C ~ 125°C,Positive,Fixed,58dB (120Hz),"Over Current, Over Temperature, Reverse Polarity",,,20V,,5V,0.75V @ 300mA
LT1521IST-5#TRPBF,Analog Devices Inc.,IC REG LINEAR 5V 300MA SOT-223-3,pmic-voltage-regulators-linear,2524,8.76,"TO-261-4, TO-261AA",Surface Mount,Active,https://www.analog.com/media/en/technical-documentation/data-sheets/1521335fb.pdf,https://www.digikey.com/en/products/detail/analog-devices-inc/LT1521IST-5-TRPBF/1767776,,300mA,25 µA,12 mA,,1,-40°C ~ 125°C,Positive,Fixed,58dB (120Hz),"Over Current, Over Temperature, Reverse Polarity",,,20V,,5V,0.75V @ 300mA
LT1529CQ-5#PBF,Analog Devices Inc.,IC REG LINEAR 5V 3A DDPAK-5,pmic-voltage-regulators-linear,860,11.21,"TO-263-6, D2PAK (5 Leads + Tab), TO-263BA",Surface Mount,Active,https://www.analog.com/media/en/technical-documentation/data-sheets/1529fb.pdf,https://www.digikey.com/en/products/detail/analog-devices-inc/LT1529CQ-5-PBF/891298,Enable,3A,100 µA,160 mA,,1,0°C ~ 125°C,Positive,Fixed,62dB (120Hz),"Over Current, Over Temperature, Reverse Polarity",,,15V,,5V,0.95V @ 3A
LT1529IQ#PBF,Analog Devices Inc.,IC REG LINEAR POS ADJ 3A DDPAK-5,pmic-voltage-regulators-linear,337,12.69,"TO-263-6, D2PAK (5 Leads + Tab), TO-263BA",Surface Mount,Active,https://www.analog.com/media/en/technical-documentation/data-sheets/1529fb.pdf,https://www.digikey.com/en/products/detail/analog-devices-inc/LT1529IQ-PBF/963664,Enable,3A,100 µA,160 mA,,1,-45°C ~ 125°C,Positive,Adjustable,62dB (120Hz),"Over Current, Over Temperature, Reverse Polarity",,,15V,14V,3.75V,0.95V @ 3A
LT1761ES5-1.8#TRMPBF,Analog Devices Inc.,IC REG LIN 1.8V 100MA TSOT-23-5,pmic-voltage-regulators-linear,3297,4.47,"SOT-23-5 Thin, TSOT-23-5",Surface Mount,Active,https://www.analog.com/media/en/technical-documentation/data-sheets/1761sff.pdf,https://www.digikey.com/en/products/detail/analog-devices-inc/LT1761ES5-1-8-TRMPBF/1116107,Enable,100mA,,,,1,-40°C ~ 125°C,Positive,Fixed,65dB (120Hz),"Over Current, Over Temperature, Reverse Polarity",,,20V,,1.8V,0.45V @ 100mA
LT1761ES5-1.8#TRPBF,Analog Devices Inc.,IC REG LIN 1.8V 100MA TSOT-23-5,pmic-voltage-regulators-linear,2080,4.47,"SOT-23-5 Thin, TSOT-23-5",Surface Mount,Active,https://www.analog.com/media/en/technical-documentation/data-sheets/1761sff.pdf,https://www.digikey.com/en/products/detail/analog-devices-inc/LT1761ES5-1-8-TRPBF/960776,Enable,100mA,,,,1,-40°C ~ 125°C,Positive,Fixed,65dB (120Hz),"Over Current, Over Temperature, Reverse Polarity",,,20V,,1.8V,0.45V @ 100mA
LT1761ES5-2.5#TRMPBF,Analog Devices Inc.,IC REG LIN 2.5V 100MA TSOT-23-5,pmic-voltage-regulators-linear,1919,4.47,"SOT-23-5 Thin, TSOT-23-5",Surface Mount,Active,https://www.analog.com/media/en/technical-documentation/data-sheets/1761sff.pdf,https://www.digikey.com/en/products/detail/analog-devices-inc/LT1761ES5-2-5-TRMPBF/1116014,Enable,100mA,,,,1,-40°C ~ 125°C,Positive,Fixed,65dB (120Hz),"Over Current, Over Temperature, Reverse Polarity",,,20V,,2.5V,0.45V @ 100mA
LT1761ES5-2.5#TRPBF,Analog Devices Inc.,IC REG LIN 2.5V 100MA TSOT-23-5,pmic-voltage-regulators-linear,0,4.47,"SOT-23-5 Thin, TSOT-23-5",Surface Mount,Active,https://www.analog.com/media/en/technical-documentation/data-sheets/1761sff.pdf,https://www.digikey.com/en/products/detail/analog-devices-inc/LT1761ES5-2-5-TRPBF/960628,Enable,100mA,,,,1,-40°C ~ 125°C,Positive,Fixed,65dB (120Hz),"Over Current, Over Temperature, Reverse Polarity",,,20V,,2.5V,0.45V @ 100mA
LT1761ES5-3#TRMPBF,Analog Devices Inc.,IC REG LINEAR 3V 100MA TSOT-23-5,pmic-voltage-regulators-linear,2417,4.47,"SOT-23-5 Thin, TSOT-23-5",Surface Mount,Active,https://www.analog.com/media/en/technical-documentation/data-sheets/1761sff.pdf,https://www.digikey.com/en/products/detail/analog-devices-inc/LT1761ES5-3-TRMPBF/962373,Enable,100mA,,,,1,-40°C ~ 125°C,Positive,Fixed,65dB (120Hz),"Over Current, Over Temperature, Reverse Polarity",,,20V,,3V,0.45V @ 100mA
LT1761ES5-3#TRPBF,Analog Devices Inc.,IC REG LINEAR 3V 100MA TSOT-23-5,pmic-voltage-regulators-linear,5982,4.47,"SOT-23-5 Thin, TSOT-23-5",Surface Mount,Active,https://www.analog.com/media/en/technical-documentation/data-sheets/1761sff.pdf,https://www.digikey.com/en/products/detail/analog-devices-inc/LT1761ES5-3-TRPBF/960683,Enable,100mA,,,,1,-40°C ~ 125°C,Positive,Fixed,65dB (120Hz),"Over Current, Over Temperature, Reverse Polarity",,,20V,,3V,0.45V @ 100mA
LT1761ES5-3.3#TRMPBF,Analog Devices Inc.,IC REG LIN 3.3V 100MA TSOT-23-5,pmic-voltage-regulators-linear,34461,3.92,"SOT-23-5 Thin, TSOT-23-5",Surface Mount,Active,https://www.analog.com/media/en/technical-documentation/data-sheets/1761sff.pdf,https://www.digikey.com/en/products/detail/analog-devices-inc/LT1761ES5-3-3-TRMPBF/1115970,Enable,100mA,,,,1,-40°C ~ 125°C,Positive,Fixed,65dB (120Hz),"Over Current, Over Temperature, Reverse Polarity",,,20V,,3.3V,0.45V @ 100mA
LT1761ES5-3.3#TRPBF,Analog Devices Inc.,IC REG LIN 3.3V 100MA TSOT-23-5,pmic-voltage-regulators-linear,14177,3.92,"SOT-23-5 Thin, TSOT-23-5",Surface Mount,Active,https://www.analog.com/media/en/technical-documentation/data-sheets/1761sff.pdf,https://www.digikey.com/en/products/detail/analog-devices-inc/LT1761ES5-3-3-TRPBF/960258,Enable,100mA,,,,1,-40°C ~ 125°C,Positive,Fixed,65dB (120Hz),"Over Current, Over Temperature, Reverse Polarity",,,20V,,3.3V,0.45V @ 100mA
LT1761ES5-5#TRMPBF,Analog Devices Inc.,IC REG LINEAR 5V 100MA TSOT-23-5,pmic-voltage-regulators-linear,7563,3.92,"SOT-23-5 Thin, TSOT-23-5",Surface Mount,Active,https://www.analog.com/media/en/technical-documentation/data-sheets/1761sff.pdf,https://www.digikey.com/en/products/detail/analog-devices-inc/LT1761ES5-5-TRMPBF/962350,Enable,100mA,,,,1,-40°C ~ 125°C,Positive,Fixed,65dB (120Hz),"Over Current, Over Temperature, Reverse Polarity",,,20V,,5V,0.45V @ 100mA
LT1761ES5-5#TRPBF,Analog Devices Inc.,IC REG LINEAR 5V 100MA TSOT-23-5,pmic-voltage-regulators-linear,22333,3.92,"SOT-23-5 Thin, TSOT-23-5",Surface Mount,Active,https://www.analog.com/media/en/technical-documentation/data-sheets/1761sff.pdf,https://www.digikey.com/en/products/detail/analog-devices-inc/LT1761ES5-5-TRPBF/960969,Enable,100mA,,,,1,-40°C ~ 125°C,Positive,Fixed,65dB (120Hz),"Over Current, Over Temperature, Reverse Polarity",,,20V,,5V,0.45V @ 100mA
LT1761ES5-BYP#TRMPBF,Analog Devices Inc.,IC REG LIN POS ADJ 100MA TSOT23,pmic-voltage-regulators-linear,9613,4.47,"SOT-23-5 Thin, TSOT-23-5",Surface Mount,Active,https://www.analog.com/media/en/technical-documentation/data-sheets/1761sff.pdf,https://www.digikey.com/en/products/detail/analog-devices-inc/LT1761ES5-BYP-TRMPBF/1116079,,100mA,,,,1,-40°C ~ 125°C,Positive,Adjustable,65dB (120Hz),"Over Current, Over Temperature, Reverse Polarity",,,20V,20V,1.22V,0.45V @ 100mA
LT1761ES5-BYP#TRPBF,Analog Devices Inc.,IC REG LIN POS ADJ 100MA TSOT23,pmic-voltage-regulators-linear,7402,4.47,"SOT-23-5 Thin, TSOT-23-5",Surface Mount,Active,https://www.analog.com/media/en/technical-documentation/data-sheets/1761sff.pdf,https://www.digikey.com/en/products/detail/analog-devices-inc/LT1761ES5-BYP-TRPBF/960627,,100mA,,,,1,-40°C ~ 125°C,Positive,Adjustable,65dB (120Hz),"Over Current, Over Temperature, Reverse Polarity",,,20V,20V,1.22V,0.45V @ 100mA
LT1761ES5-SD#TRMPBF,Analog Devices Inc.,IC REG LIN POS ADJ 100MA TSOT23,pmic-voltage-regulators-linear,968,4.47,"SOT-23-5 Thin, TSOT-23-5",Surface Mount,Active,https://www.analog.com/media/en/technical-documentation/data-sheets/1761sff.pdf,https://www.digikey.com/en/products/detail/analog-devices-inc/LT1761ES5-SD-TRMPBF/1115987,Enable,100mA,,,,1,-40°C ~ 125°C,Positive,Adjustable,65dB (120Hz),"Over Current, Over Temperature, Reverse Polarity",,,20V,20V,1.22V,0.45V @ 100mA
LT1761ES5-SD#TRPBF,Analog Devices Inc.,IC REG LIN POS ADJ 100MA TSOT23,pmic-voltage-regulators-linear,2858,4.47,"SOT-23-5 Thin, TSOT-23-5",Surface Mount,Active,https://www.analog.com/media/en/technical-documentation/data-sheets/1761sff.pdf,https://www.digikey.com/en/products/detail/analog-devices-inc/LT1761ES5-SD-TRPBF/960753,Enable,100mA,,,,1,-40°C ~ 125°C,Positive,Adjustable,65dB (120Hz),"Over Current, Over Temperature, Reverse Polarity",,,20V,20V,1.22V,0.45V @ 100mA
LT1761IS5-3.3#TRMPBF,Analog Devices Inc.,IC REG LIN 3.3V 100MA TSOT-23-5,pmic-voltage-regulators-linear,1407,5.02,"SOT-23-5 Thin, TSOT-23-5",Surface Mount,Active,https://www.analog.com/media/en/technical-documentation/data-sheets/1761sff.pdf,https://www.digikey.com/en/products/detail/analog-devices-inc/LT1761IS5-3-3-TRMPBF/2107693,Enable,100mA,,,,1,-40°C ~ 125°C,Positive,Fixed,65dB (120Hz),"Over Current, Over Temperature, Reverse Polarity",,,20V,,3.3V,0.45V @ 100mA
LT1761IS5-3.3#TRPBF,Analog Devices Inc.,IC REG LIN 3.3V 100MA TSOT-23-5,pmic-voltage-regulators-linear,2990,5.02,"SOT-23-5 Thin, TSOT-23-5",Surface Mount,Active,https://www.analog.com/media/en/technical-documentation/data-sheets/1761sff.pdf,https://www.digikey.com/en/products/detail/analog-devices-inc/LT1761IS5-3-3-TRPBF/2107755,Enable,100mA,,,,1,-40°C ~ 125°C,Positive,Fixed,65dB (120Hz),"Over Current, Over Temperature, Reverse Polarity",,,20V,,3.3V,0.45V @ 100mA
LT1761IS5-5#TRMPBF,Analog Devices Inc.,IC REG LINEAR 5V 100MA TSOT-23-5,pmic-voltage-regulators-linear,2113,4.36,"SOT-23-5 Thin, TSOT-23-5",Surface Mount,Active,https://www.analog.com/media/en/technical-documentation/data-sheets/1761sff.pdf,https://www.digikey.com/en/products/detail/analog-devices-inc/LT1761IS5-5-TRMPBF/2107694,Enable,100mA,,,,1,-40°C ~ 125°C,Positive,Fixed,65dB (120Hz),"Over Current, Over Temperature, Reverse Polarity",,,20V,,5V,0.45V @ 100mA
LT1761IS5-SD#TRPBF,Analog Devices Inc.,IC REG LIN POS ADJ 100MA TSOT23,pmic-voltage-regulators-linear,5578,5.02,"SOT-23-5 Thin, TSOT-23-5",Surface Mount,Active,https://www.analog.com/media/en/technical-documentation/data-sheets/1761sff.pdf,https://www.digikey.com/en/products/detail/analog-devices-inc/LT1761IS5-SD-TRPBF/2107758,Enable,100mA,,,,1,-40°C ~ 125°C,Positive,Adjustable,65dB (120Hz),"Over Current, Over Temperature, Reverse Polarity",,,20V,20V,1.22V,0.45V @ 100mA
LT1761MPS5-3.3#TRMPBF,Analog Devices Inc.,IC REG LIN 3.3V 100MA TSOT-23-5,pmic-voltage-regulators-linear,1689,6.87,"SOT-23-5 Thin, TSOT-23-5",Surface Mount,Active,https://www.analog.com/media/en/technical-documentation/data-sheets/1761sff.pdf,https://www.digikey.com/en/products/detail/analog-devices-inc/LT1761MPS5-3-3-TRMPBF/2333046,Enable,100mA,,,,1,-55°C ~ 125°C,Positive,Fixed,65dB (120Hz),"Over Current, Over Temperature, Reverse Polarity",,,20V,,3.3V,0.45V @ 100mA
LT1761MPS5-5#TRMPBF,Analog Devices Inc.,IC REG LINEAR 5V 100MA TSOT-23-5,pmic-voltage-regulators-linear,1460,6.87,"SOT-23-5 Thin, TSOT-23-5",Surface Mount,Active,https://www.analog.com/media/en/technical-documentation/data-sheets/1761sff.pdf,https://www.digikey.com/en/products/detail/analog-devices-inc/LT1761MPS5-5-TRMPBF/2333048,Enable,100mA,,,,1,-55°C ~ 125°C,Positive,Fixed,65dB (120Hz),"Over Current, Over Temperature, Reverse Polarity",,,20V,,5V,0.45V @ 100mA
LT1762EMS8#PBF,Analog Devices Inc.,IC REG LIN POS ADJ 150MA 8-MSOP,pmic-voltage-regulators-linear,10396,4.75,"8-TSSOP, 8-MSOP (0.118"", 3.00mm Width)",Surface Mount,Active,https://www.analog.com/media/en/technical-documentation/data-sheets/LT1762.pdf,https://www.digikey.com/en/products/detail/analog-devices-inc/LT1762EMS8-PBF/889138,Enable,150mA,,,,1,-40°C ~ 125°C,Positive,Adjustable,65dB (120Hz),"Over Current, Over Temperature, Reverse Polarity",,,20V,20V,1.22V,0.4V @ 150mA
LT1762EMS8#TRPBF,Analog Devices Inc.,IC REG LIN POS ADJ 150MA 8-MSOP,pmic-voltage-regulators-linear,7696,4.75,"8-TSSOP, 8-MSOP (0.118"", 3.00mm Width)",Surface Mount,Active,https://www.analog.com/media/en/technical-documentation/data-sheets/LT1762.pdf,https://www.digikey.com/en/products/detail/analog-devices-inc/LT1762EMS8-TRPBF/960608,Enable,150mA,,,,1,-40°C ~ 125°C,Positive,Adjustable,65dB (120Hz),"Over Current, Over Temperature, Reverse Polarity",,,20V,20V,1.22V,0.4V @ 150mA
LT1762EMS8-3.3#TRPBF,Analog Devices Inc.,IC REG LINEAR 3.3V 150MA 8-MSOP,pmic-voltage-regulators-linear,10515,4.75,"8-TSSOP, 8-MSOP (0.118"", 3.00mm Width)",Surface Mount,Active,https://www.analog.com/media/en/technical-documentation/data-sheets/LT1762.pdf,https://www.digikey.com/en/products/detail/analog-devices-inc/LT1762EMS8-3-3-TRPBF/960293,Enable,150mA,,,,1,-40°C ~ 125°C,Positive,Fixed,65dB (120Hz),"Over Current, Over Temperature, Reverse Polarity",,,20V,,3.3V,0.4V @ 150mA
LT1762EMS8-5#TRPBF,Analog Devices Inc.,IC REG LINEAR 5V 150MA 8-MSOP,pmic-voltage-regulators-linear,3618,4.75,"8-TSSOP, 8-MSOP (0.118"", 3.00mm Width)",Surface Mount,Active,https://www.analog.com/media/en/technical-documentation/data-sheets/LT1762.pdf,https://www.digikey.com/en/products/detail/analog-devices-inc/LT1762EMS8-5-TRPBF/960612,Enable,150mA,,,,1,-40°C ~ 125°C,Positive,Fixed,65dB (120Hz),"Over Current, Over Temperature, Reverse Polarity",,,20V,,5V,0.4V @ 150mA
LT1763CDE#PBF,Analog Devices Inc.,IC REG LIN POS ADJ 500MA 12-DFN,pmic-voltage-regulators-linear,2240,8.03,12-WFDFN Exposed Pad,Surface Mount,Active,https://www.analog.com/media/en/technical-documentation/data-sheets/1763fh.pdf,https://www.digikey.com/en/products/detail/analog-devices-inc/LT1763CDE-PBF/1620313,Enable,500mA,,,,1,-40°C ~ 125°C,Positive,Adjustable,65dB (120Hz),"Over Current, Over Temperature, Reverse Polarity",,,20V,20V,1.22V,0.45V @ 500mA
LT1763CDE#TRPBF,Analog Devices Inc.,IC REG LIN POS ADJ 500MA 12-DFN,pmic-voltage-regulators-linear,7925,8.03,12-WFDFN Exposed Pad,Surface Mount,Active,https://www.analog.com/media/en/technical-documentation/data-sheets/1763fh.pdf,https://www.digikey.com/en/products/detail/analog-devices-inc/LT1763CDE-TRPBF/1621517,Enable,500mA,,,,1,-40°C ~ 125°C,Positive,Adjustable,65dB (120Hz),"Over Current, Over Temperature, Reverse Polarity",,,20V,20V,1.22V,0.45V @ 500mA
LT1763CDE-2.5#PBF,Analog Devices Inc.,IC REG LINEAR 2.5V 500MA 12-DFN,pmic-voltage-regulators-linear,481,8.03,12-WFDFN Exposed Pad,Surface Mount,Active,https://www.analog.com/media/en/technical-documentation/data-sheets/1763fh.pdf,https://www.digikey.com/en/products/detail/analog-devices-inc/LT1763CDE-2-5-PBF/1620291,Enable,500mA,,,,1,-40°C ~ 125°C,Positive,Fixed,65dB (120Hz),"Over Current, Over Temperature, Reverse Polarity",,,20V,,2.5V,0.45V @ 500mA
LT1763CDE-3.3#PBF,Analog Devices Inc.,IC REG LINEAR 3.3V 500MA 12-DFN,pmic-voltage-regulators-linear,623,8.03,12-WFDFN Exposed Pad,Surface Mount,Active,https://www.analog.com/media/en/technical-documentation/data-sheets/1763fh.pdf,https://www.digikey.com/en/products/detail/analog-devices-inc/LT1763CDE-3-3-PBF/1620298,Enable,500mA,,,,1,-40°C ~ 125°C,Positive,Fixed,65dB (120Hz),"Over Current, Over Temperature, Reverse Polarity",,,20V,,3.3V,0.45V @ 500mA
LT1763CDE-3.3#TRPBF,Analog Devices Inc.,IC REG LINEAR 3.3V 500MA 12-DFN,pmic-voltage-regulators-linear,3543,8.03,12-WFDFN Exposed Pad,Surface Mount,Active,https://www.analog.com/media/en/technical-documentation/data-sheets/1763fh.pdf,https://www.digikey.com/en/products/detail/analog-devices-inc/LT1763CDE-3-3-TRPBF/1621497,Enable,500mA,,,,1,-40°C ~ 125°C,Positive,Fixed,65dB (120Hz),"Over Current, Over Temperature, Reverse Polarity",,,20V,,3.3V,0.45V @ 500mA
LT1763CDE-5#PBF,Analog Devices Inc.,IC REG LINEAR 5V 500MA 12-DFN,pmic-voltage-regulators-linear,5581,8.03,12-WFDFN Exposed Pad,Surface Mount,Active,https://www.analog.com/media/en/technical-documentation/data-sheets/1763fh.pdf,https://www.digikey.com/en/products/detail/analog-devices-inc/LT1763CDE-5-PBF/1620309,Enable,500mA,,,,1,-40°C ~ 125°C,Positive,Fixed,65dB (120Hz),"Over Current, Over Temperature, Reverse Polarity",,,20V,,5V,0.45V @ 500mA
LT1763CS8-1.8#PBF,Analog Devices Inc.,IC REG LINEAR 1.8V 500MA 8-SO,pmic-voltage-regulators-linear,993,7.86,"8-SOIC (0.154"", 3.90mm Width)",Surface Mount,Active,https://www.analog.com/media/en/technical-documentation/data-sheets/1763fh.pdf,https://www.digikey.com/en/products/detail/analog-devices-inc/LT1763CS8-1-8-PBF/961665,Enable,500mA,,,,1,-40°C ~ 125°C,Positive,Fixed,65dB (120Hz),"Over Current, Over Temperature, Reverse Polarity",,,20V,,1.8V,0.45V @ 500mA
LT1763CS8-1.8#TRPBF,Analog Devices Inc.,IC REG LINEAR 1.8V 500MA 8-SO,pmic-voltage-regulators-linear,1251,7.86,"8-SOIC (0.154"", 3.90mm Width)",Surface Mount,Active,https://www.analog.com/media/en/technical-documentation/data-sheets/1763fh.pdf,https://www.digikey.com/en/products/detail/analog-devices-inc/LT1763CS8-1-8-TRPBF/960843,Enable,500mA,,,,1,-40°C ~ 125°C,Positive,Fixed,65dB (120Hz),"Over Current, Over Temperature, Reverse Polarity",,,20V,,1.8V,0.45V @ 500mA
LT1763CS8-2.5#PBF,Analog Devices Inc.,IC REG LINEAR 2.5V 500MA 8-SO,pmic-voltage-regulators-linear,2653,7.86,"8-SOIC (0.154"", 3.90mm Width)",Surface Mount,Active,https://www.analog.com/media/en/technical-documentation/data-sheets/1763fh.pdf,https://www.digikey.com/en/products/detail/analog-devices-inc/LT1763CS8-2-5-PBF/890156,Enable,500mA,,,,1,-40°C ~ 125°C,Positive,Fixed,65dB (120Hz),"Over Current, Over Temperature, Reverse Polarity",,,20V,,2.5V,0.45V @ 500mA
LT1763CS8-2.5#TRPBF,Analog Devices Inc.,IC REG LINEAR 2.5V 500MA 8-SO,pmic-voltage-regulators-linear,3122,7.86,"8-SOIC (0.154"", 3.90mm Width)",Surface Mount,Active,https://www.analog.com/media/en/technical-documentation/data-sheets/1763fh.pdf,https://www.digikey.com/en/products/detail/analog-devices-inc/LT1763CS8-2-5-TRPBF/960810,Enable,500mA,,,,1,-40°C ~ 125°C,Positive,Fixed,65dB (120Hz),"Over Current, Over Temperature, Reverse Polarity",,,20V,,2.5V,0.45V @ 500mA
LT1763CS8-3.3#PBF,Analog Devices Inc.,IC REG LINEAR 3.3V 500MA 8-SO,pmic-voltage-regulators-linear,7745,7.86,"8-SOIC (0.154"", 3.90mm Width)",Surface Mount,Active,https://www.analog.com/media/en/technical-documentation/data-sheets/1763fh.pdf,https://www.digikey.com/en/products/detail/analog-devices-inc/LT1763CS8-3-3-PBF/891881,Enable,500mA,,,,1,-40°C ~ 125°C,Positive,Fixed,65dB (120Hz),"Over Current, Over Temperature, Reverse Polarity",,,20V,,3.3V,0.45V @ 500mA
LT1763CS8-3.3#TRPBF,Analog Devices Inc.,IC REG LINEAR 3.3V 500MA 8-SO,pmic-voltage-regulators-linear,16586,7.86,"8-SOIC (0.154"", 3.90mm Width)",Surface Mount,Active,https://www.analog.com/media/en/technical-documentation/data-sheets/1763fh.pdf,https://www.digikey.com/en/products/detail/analog-devices-inc/LT1763CS8-3-3-TRPBF/958589,Enable,500mA,,,,1,-40°C ~ 125°C,Positive,Fixed,65dB (120Hz),"Over Current, Over Temperature, Reverse Polarity",,,20V,,3.3V,0.45V @ 500mA
LT1763CS8-5#PBF,Analog Devices Inc.,IC REG LINEAR 5V 500MA 8-SO,pmic-voltage-regulators-linear,566,7.86,"8-SOIC (0.154"", 3.90mm Width)",Surface Mount,Active,https://www.analog.com/media/en/technical-documentation/data-sheets/1763fh.pdf,https://www.digikey.com/en/products/detail/analog-devices-inc/LT1763CS8-5-PBF/961471,Enable,500mA,,,,1,-40°C ~ 125°C,Positive,Fixed,65dB (120Hz),"Over Current, Over Temperature, Reverse Polarity",,,20V,,5V,0.45V @ 500mA
LT1763CS8-5#TRPBF,Analog Devices Inc.,IC REG LINEAR 5V 500MA 8-SO,pmic-voltage-regulators-linear,13796,7.86,"8-SOIC (0.154"", 3.90mm Width)",Surface Mount,Active,https://www.analog.com/media/en/technical-documentation/data-sheets/1763fh.pdf,https://www.digikey.com/en/products/detail/analog-devices-inc/LT1763CS8-5-TRPBF/960714,Enable,500mA,,,,1,-40°C ~ 125°C,Positive,Fixed,65dB (120Hz),"Over Current, Over Temperature, Reverse Polarity",,,20V,,5V,0.45V @ 500mA
LT1763IDE#PBF,Analog Devices Inc.,IC REG LIN POS ADJ 500MA 12-DFN,pmic-voltage-regulators-linear,2376,8.57,12-WFDFN Exposed Pad,Surface Mount,Active,https://www.analog.com/media/en/technical-documentation/data-sheets/1763fh.pdf,https://www.digikey.com/en/products/detail/analog-devices-inc/LT1763IDE-PBF/2179465,Enable,500mA,,,,1,-40°C ~ 125°C,Positive,Adjustable,65dB (120Hz),"Over Current, Over Temperature, Reverse Polarity",,,20V,20V,1.22V,0.45V @ 500mA
LT1763IDE#TRPBF,Analog Devices Inc.,IC REG LIN POS ADJ 500MA 12-DFN,pmic-voltage-regulators-linear,11320,8.57,12-WFDFN Exposed Pad,Surface Mount,Active,https://www.analog.com/media/en/technical-documentation/data-sheets/1763fh.pdf,https://www.digikey.com/en/products/detail/analog-devices-inc/LT1763IDE-TRPBF/2181273,Enable,500mA,,,,1,-40°C ~ 125°C,Positive,Adjustable,65dB (120Hz),"Over Current, Over Temperature, Reverse Polarity",,,20V,20V,1.22V,0.45V @ 500mA
LT1763IDE-1.8#PBF,Analog Devices Inc.,IC REG LINEAR 1.8V 500MA 12-DFN,pmic-voltage-regulators-linear,449,8.57,12-WFDFN Exposed Pad,Surface Mount,Active,https://www.analog.com/media/en/technical-documentation/data-sheets/1763fh.pdf,https://www.digikey.com/en/products/detail/analog-devices-inc/LT1763IDE-1-8-PBF/2179464,Enable,500mA,,,,1,-40°C ~ 125°C,Positive,Fixed,65dB (120Hz),"Over Current, Over Temperature, Reverse Polarity",,,20V,,1.8V,0.45V @ 500mA
LT1763IDE-3.3#PBF,Analog Devices Inc.,IC REG LINEAR 3.3V 500MA 12-DFN,pmic-voltage-regulators-linear,2243,8.57,12-WFDFN Exposed Pad,Surface Mount,Active,https://www.analog.com/media/en/technical-documentation/data-sheets/1763fh.pdf,https://www.digikey.com/en/products/detail/analog-devices-inc/LT1763IDE-3-3-PBF/2179466,Enable,500mA,,,,1,-40°C ~ 125°C,Positive,Fixed,65dB (120Hz),"Over Current, Over Temperature, Reverse Polarity",,,20V,,3.3V,0.45V @ 500mA
LT1763IDE-3.3#TRPBF,Analog Devices Inc.,IC REG LINEAR 3.3V 500MA 12-DFN,pmic-voltage-regulators-linear,6373,8.57,12-WFDFN Exposed Pad,Surface Mount,Active,https://www.analog.com/media/en/technical-documentation/data-sheets/1763fh.pdf,https://www.digikey.com/en/products/detail/analog-devices-inc/LT1763IDE-3-3-TRPBF/2181278,Enable,500mA,,,,1,-40°C ~ 125°C,Positive,Fixed,65dB (120Hz),"Over Current, Over Temperature, Reverse Polarity",,,20V,,3.3V,0.45V @ 500mA
LT1763IDE-5#PBF,Analog Devices Inc.,IC REG LINEAR 5V 500MA 12-DFN,pmic-voltage-regulators-linear,1695,8.57,12-WFDFN Exposed Pad,Surface Mount,Active,https://www.analog.com/media/en/technical-documentation/data-sheets/1763fh.pdf,https://www.digikey.com/en/products/detail/analog-devices-inc/LT1763IDE-5-PBF/2179478,Enable,500mA,,,,1,-40°C ~ 125°C,Positive,Fixed,65dB (120Hz),"Over Current, Over Temperature, Reverse Polarity",,,20V,,5V,0.45V @ 500mA
LT1763IDE-5#TRPBF,Analog Devices Inc.,IC REG LINEAR 5V 500MA 12-DFN,pmic-voltage-regulators-linear,2830,8.57,12-WFDFN Exposed Pad,Surface Mount,Active,https://www.analog.com/media/en/technical-documentation/data-sheets/1763fh.pdf,https://www.digikey.com/en/products/detail/analog-devices-inc/LT1763IDE-5-TRPBF/2181279,Enable,500mA,,,,1,-40°C ~ 125°C,Positive,Fixed,65dB (120Hz),"Over Current, Over Temperature, Reverse Polarity",,,20V,,5V,0.45V @ 500mA
LT1763IS8#PBF,Analog Devices Inc.,IC REG LINEAR POS ADJ 500MA 8-SO,pmic-voltage-regulators-linear,750,8.57,"8-SOIC (0.154"", 3.90mm Width)",Surface Mount,Active,https://www.analog.com/media/en/technical-documentation/data-sheets/1763fh.pdf,https://www.digikey.com/en/products/detail/analog-devices-inc/LT1763IS8-PBF/1985650,Enable,500mA,,,,1,-40°C ~ 125°C,Positive,Adjustable,65dB (120Hz),"Over Current, Over Temperature, Reverse Polarity",,,20V,20V,1.22V,0.45V @ 500mA
LT1763IS8#TRPBF,Analog Devices Inc.,IC REG LINEAR POS ADJ 500MA 8-SO,pmic-voltage-regulators-linear,2681,8.57,"8-SOIC (0.154"", 3.90mm Width)",Surface Mount,Active,https://www.analog.com/media/en/technical-documentation/data-sheets/1763fh.pdf,https://www.digikey.com/en/products/detail/analog-devices-inc/LT1763IS8-TRPBF/1985651,Enable,500mA,,,,1,-40°C ~ 125°C,Positive,Adjustable,65dB (120Hz),"Over Current, Over Temperature, Reverse Polarity",,,20V,20V,1.22V,0.45V @ 500mA
LT1763IS8-1.8#PBF,Analog Devices Inc.,IC REG LINEAR 1.8V 500MA 8-SO,pmic-voltage-regulators-linear,6913,8.57,"8-SOIC (0.154"", 3.90mm Width)",Surface Mount,Active,https://www.analog.com/media/en/technical-documentation/data-sheets/1763fh.pdf,https://www.digikey.com/en/products/detail/analog-devices-inc/LT1763IS8-1-8-PBF/1927538,Enable,500mA,,,,1,-40°C ~ 125°C,Positive,Fixed,65dB (120Hz),"Over Current, Over Temperature, Reverse Polarity",,,20V,,1.8V,0.45V @ 500mA
LT1763IS8-3.3#PBF,Analog Devices Inc.,IC REG LINEAR 3.3V 500MA 8-SO,pmic-voltage-regulators-linear,881,8.57,"8-SOIC (0.154"", 3.90mm Width)",Surface Mount,Active,https://www.analog.com/media/en/technical-documentation/data-sheets/1763fh.pdf,https://www.digikey.com/en/products/detail/analog-devices-inc/LT1763IS8-3-3-PBF/1985658,Enable,500mA,,,,1,-40°C ~ 125°C,Positive,Fixed,65dB (120Hz),"Over Current, Over Temperature, Reverse Polarity",,,20V,,3.3V,0.45V @ 500mA
LT1763IS8-5#TRPBF,Analog Devices Inc.,IC REG LINEAR 5V 500MA 8-SO,pmic-voltage-regulators-linear,2803,8.57,"8-SOIC (0.154"", 3.90mm Width)",Surface Mount,Active,https://www.analog.com/media/en/technical-documentation/data-sheets/1763fh.pdf,https://www.digikey.com/en/products/detail/analog-devices-inc/LT1763IS8-5-TRPBF/1985661,Enable,500mA,,,,1,-40°C ~ 125°C,Positive,Fixed,65dB (120Hz),"Over Current, Over Temperature, Reverse Polarity",,,20V,,5V,0.45V @ 500mA
LT1763MPDE-3.3#PBF,Analog Devices Inc.,IC REG LINEAR 3.3V 500MA 12-DFN,pmic-voltage-regulators-linear,723,21.28,12-WFDFN Exposed Pad,Surface Mount,Active,https://www.analog.com/media/en/technical-documentation/data-sheets/1763fh.pdf,https://www.digikey.com/en/products/detail/analog-devices-inc/LT1763MPDE-3-3-PBF/2333060,Enable,500mA,,,,1,-55°C ~ 125°C,Positive,Fixed,65dB (120Hz),"Over Current, Over Temperature, Reverse Polarity",,,20V,,3.3V,0.45V @ 500mA
LT1763MPS8#PBF,Analog Devices Inc.,IC REG LINEAR POS ADJ 500MA 8-SO,pmic-voltage-regulators-linear,0,21.28,"8-SOIC (0.154"", 3.90mm Width)",Surface Mount,Active,https://www.analog.com/media/en/technical-documentation/data-sheets/1763fh.pdf,https://www.digikey.com/en/products/detail/analog-devices-inc/LT1763MPS8-PBF/1620014,Enable,500mA,75 µA,16 mA,,1,-55°C ~ 125°C,Positive,Adjustable,65dB (120Hz),"Over Current, Over Temperature, Reverse Polarity",,,20V,20V,1.22V,0.45V @ 500mA
LT1764AEFE#PBF,Analog Devices Inc.,IC REG LINEAR POS ADJ 3A 16TSSOP,pmic-voltage-regulators-linear,1537,11.56,"16-TSSOP (0.173"", 4.40mm Width) Exposed Pad",Surface Mount,Active,https://www.analog.com/media/en/technical-documentation/data-sheets/1764afb.pdf,https://www.digikey.com/en/products/detail/analog-devices-inc/LT1764AEFE-PBF/1619962,Enable,3A,1.5 mA,200 mA,,1,-40°C ~ 125°C,Positive,Adjustable,63dB (120Hz),"Over Current, Over Temperature, Reverse Polarity",,,20V,20V,1.21V,0.66V @ 3A
LT1764AEFE#TRPBF,Analog Devices Inc.,IC REG LINEAR POS ADJ 3A 16TSSOP,pmic-voltage-regulators-linear,7026,11.56,"16-TSSOP (0.173"", 4.40mm Width) Exposed Pad",Surface Mount,Active,https://www.analog.com/media/en/technical-documentation/data-sheets/1764afb.pdf,https://www.digikey.com/en/products/detail/analog-devices-inc/LT1764AEFE-TRPBF/1620697,Enable,3A,1.5 mA,200 mA,,1,-40°C ~ 125°C,Positive,Adjustable,63dB (120Hz),"Over Current, Over Temperature, Reverse Polarity",,,20V,20V,1.21V,0.66V @ 3A
LT1764AEFE-3.3#PBF,Analog Devices Inc.,IC REG LIN 3.3V 3A 16-TSSOP-EP,pmic-voltage-regulators-linear,343,11.56,"16-TSSOP (0.173"", 4.40mm Width) Exposed Pad",Surface Mount,Active,https://www.analog.com/media/en/technical-documentation/data-sheets/1764afb.pdf,https://www.digikey.com/en/products/detail/analog-devices-inc/LT1764AEFE-3-3-PBF/1619974,Enable,3A,1.5 mA,200 mA,,1,-40°C ~ 125°C,Positive,Fixed,63dB (120Hz),"Over Current, Over Temperature, Reverse Polarity",,,20V,,3.3V,0.66V @ 3A
LT1764AEQ#PBF,Analog Devices Inc.,IC REG LINEAR POS ADJ 3A DDPAK-5,pmic-voltage-regulators-linear,3864,11.71,"TO-263-6, D2PAK (5 Leads + Tab), TO-263BA",Surface Mount,Active,https://www.analog.com/media/en/technical-documentation/data-sheets/1764afb.pdf,https://www.digikey.com/en/products/detail/analog-devices-inc/LT1764AEQ-PBF/807748,Enable,3A,1.5 mA,200 mA,,1,-40°C ~ 125°C (TJ),Positive,Adjustable,63dB (120Hz),"Over Current, Over Temperature, Reverse Polarity",,,20V,20V,1.21V,0.66V @ 3A
LT1764AEQ#TRPBF,Analog Devices Inc.,IC REG LINEAR POS ADJ 3A DDPAK-5,pmic-voltage-regulators-linear,636,11.71,"TO-263-6, D2PAK (5 Leads + Tab), TO-263BA",Surface Mount,Active,https://www.analog.com/media/en/technical-documentation/data-sheets/1764afb.pdf,https://www.digikey.com/en/products/detail/analog-devices-inc/LT1764AEQ-TRPBF/961644,Enable,3A,1.5 mA,200 mA,,1,-40°C ~ 125°C (TJ),Positive,Adjustable,63dB (120Hz),"Over Current, Over Temperature, Reverse Polarity",,,20V,20V,1.21V,0.66V @ 3A
LT1764AEQ-1.8#PBF,Analog Devices Inc.,IC REG LINEAR 1.8V 3A DDPAK-5,pmic-voltage-regulators-linear,625,11.71,"TO-263-6, D2PAK (5 Leads + Tab), TO-263BA",Surface Mount,Active,https://www.analog.com/media/en/technical-documentation/data-sheets/1764afb.pdf,https://www.digikey.com/en/products/detail/analog-devices-inc/LT1764AEQ-1-8-PBF/891000,Enable,3A,1.5 mA,200 mA,,1,-40°C ~ 125°C (TJ),Positive,Fixed,63dB (120Hz),"Over Current, Over Temperature, Reverse Polarity",,,20V,,1.8V,0.66V @ 3A
LT1764AEQ-3.3#TRPBF,Analog Devices Inc.,IC REG LINEAR 3.3V 3A DDPAK-5,pmic-voltage-regulators-linear,2479,11.71,"TO-263-6, D2PAK (5 Leads + Tab), TO-263BA",Surface Mount,Active,https://www.analog.com/media/en/technical-documentation/data-sheets/1764afb.pdf,https://www.digikey.com/en/products/detail/analog-devices-inc/LT1764AEQ-3-3-TRPBF/961731,Enable,3A,1.5 mA,200 mA,,1,-40°C ~ 125°C (TJ),Positive,Fixed,63dB (120Hz),"Over Current, Over Temperature, Reverse Polarity",,,20V,,3.3V,0.66V @ 3A
LT1764AET#PBF,Analog Devices Inc.,IC REG LINEAR POS ADJ 3A TO220-5,pmic-voltage-regulators-linear,704,11.35,TO-220-5,Through Hole,Active,https://www.analog.com/media/en/technical-documentation/data-sheets/1764afb.pdf,https://www.digikey.com/en/products/detail/analog-devices-inc/LT1764AET-PBF/891517,Enable,3A,1.5 mA,200 mA,,1,-40°C ~ 125°C (TJ),Positive,Adjustable,63dB (120Hz),"Over Current, Over Temperature, Reverse Polarity",,,20V,20V,1.21V,0.66V @ 3A
LT1764AMPQ#PBF,Analog Devices Inc.,IC REG LINEAR POS ADJ 3A DDPAK-5,pmic-voltage-regulators-linear,0,28.61,"TO-263-6, D2PAK (5 Leads + Tab), TO-263BA",Surface Mount,Active,https://www.analog.com/media/en/technical-documentation/data-sheets/1764afb.pdf,https://www.digikey.com/en/products/detail/analog-devices-inc/LT1764AMPQ-PBF/1767780,Enable,3A,1.5 mA,200 mA,,1,-55°C ~ 125°C,Positive,Adjustable,63dB (120Hz),"Over Current, Over Temperature, Reverse Polarity",,,20V,20V,1.21V,0.66V @ 3A
LT1764EQ#PBF,Analog Devices Inc.,IC REG LINEAR POS ADJ 3A DDPAK-5,pmic-voltage-regulators-linear,723,12.73,"TO-263-6, D2PAK (5 Leads + Tab), TO-263BA",Surface Mount,Active,https://www.analog.com/media/en/technical-documentation/data-sheets/1764fb.pdf,https://www.digikey.com/en/products/detail/analog-devices-inc/LT1764EQ-PBF/891638,Enable,3A,1.5 mA,200 mA,,1,-40°C ~ 125°C (TJ),Positive,Adjustable,63dB (120Hz),"Over Current, Over Temperature, Reverse Polarity",,,20V,20V,1.21V,0.66V @ 3A
LT1764EQ#TRPBF,Analog Devices Inc.,IC REG LINEAR POS ADJ 3A DDPAK-5,pmic-voltage-regulators-linear,3136,12.73,"TO-263-6, D2PAK (5 Leads + Tab), TO-263BA",Surface Mount,Active,https://www.analog.com/media/en/technical-documentation/data-sheets/1764fb.pdf,https://www.digikey.com/en/products/detail/analog-devices-inc/LT1764EQ-TRPBF/761934,Enable,3A,1.5 mA,200 mA,,1,-40°C ~ 125°C (TJ),Positive,Adjustable,63dB (120Hz),"Over Current, Over Temperature, Reverse Polarity",,,20V,20V,1.21V,0.66V @ 3A
LT1962EMS8#TRPBF,Analog Devices Inc.,IC REG LIN POS ADJ 300MA 8-MSOP,pmic-voltage-regulators-linear,2312,6.01,"8-TSSOP, 8-MSOP (0.118"", 3.00mm Width)",Surface Mount,Active,https://www.analog.com/media/en/technical-documentation/data-sheets/1962fb.pdf,https://www.digikey.com/en/products/detail/analog-devices-inc/LT1962EMS8-TRPBF/889637,Enable,300mA,,,,1,-40°C ~ 125°C,Positive,Adjustable,65dB (120Hz),"Over Current, Over Temperature, Reverse Polarity",,,20V,20V,1.22V,0.43V @ 300mA
LT1962EMS8-2.5#TRPBF,Analog Devices Inc.,IC REG LINEAR 2.5V 300MA 8-MSOP,pmic-voltage-regulators-linear,5928,6.01,"8-TSSOP, 8-MSOP (0.118"", 3.00mm Width)",Surface Mount,Active,https://www.analog.com/media/en/technical-documentation/data-sheets/1962fb.pdf,https://www.digikey.com/en/products/detail/analog-devices-inc/LT1962EMS8-2-5-TRPBF/894371,Enable,300mA,,,,1,-40°C ~ 125°C,Positive,Fixed,65dB (120Hz),"Over Current, Over Temperature, Reverse Polarity",,,20V,,2.5V,0.43V @ 300mA
LT1962EMS8-3.3#PBF,Analog Devices Inc.,IC REG LINEAR 3.3V 300MA 8-MSOP,pmic-voltage-regulators-linear,5821,5.83,"8-TSSOP, 8-MSOP (0.118"", 3.00mm Width)",Surface Mount,Active,https://www.analog.com/media/en/technical-documentation/data-sheets/1962fb.pdf,https://www.digikey.com/en/products/detail/analog-devices-inc/LT1962EMS8-3-3-PBF/890766,Enable,300mA,,,,1,-40°C ~ 125°C,Positive,Fixed,65dB (120Hz),"Over Current, Over Temperature, Reverse Polarity",,,20V,,3.3V,0.43V @ 300mA
LT1962EMS8-3.3#TRPBF,Analog Devices Inc.,IC REG LINEAR 3.3V 300MA 8-MSOP,pmic-voltage-regulators-linear,3403,6.01,"8-TSSOP, 8-MSOP (0.118"", 3.00mm Width)",Surface Mount,Active,https://www.analog.com/media/en/technical-documentation/data-sheets/1962fb.pdf,https://www.digikey.com/en/products/detail/analog-devices-inc/LT1962EMS8-3-3-TRPBF/891834,Enable,300mA,,,,1,-40°C ~ 125°C,Positive,Fixed,65dB (120Hz),"Over Current, Over Temperature, Reverse Polarity",,,20V,,3.3V,0.43V @ 300mA
LT1962EMS8-5#PBF,Analog Devices Inc.,IC REG LINEAR 5V 300MA 8-MSOP,pmic-voltage-regulators-linear,3032,6.01,"8-TSSOP, 8-MSOP (0.118"", 3.00mm Width)",Surface Mount,Active,https://www.analog.com/media/en/technical-documentation/data-sheets/1962fb.pdf,https://www.digikey.com/en/products/detail/analog-devices-inc/LT1962EMS8-5-PBF/891343,Enable,300mA,,,,1,-40°C ~ 125°C,Positive,Fixed,65dB (120Hz),"Over Current, Over Temperature, Reverse Polarity",,,20V,,5V,0.43V @ 300mA
LT1962EMS8-5#TRPBF,Analog Devices Inc.,IC REG LINEAR 5V 300MA 8-MSOP,pmic-voltage-regulators-linear,12409,6.01,"8-TSSOP, 8-MSOP (0.118"", 3.00mm Width)",Surface Mount,Active,https://www.analog.com/media/en/technical-documentation/data-sheets/1962fb.pdf,https://www.digikey.com/en/products/detail/analog-devices-inc/LT1962EMS8-5-TRPBF/890805,Enable,300mA,,,,1,-40°C ~ 125°C,Positive,Fixed,65dB (120Hz),"Over Current, Over Temperature, Reverse Polarity",,,20V,,5V,0.43V @ 300mA
LT1963AEFE#PBF,Analog Devices Inc.,IC REG LIN POS ADJ 1.5A 16TSSOP,pmic-voltage-regulators-linear,5444,8.44,"16-TSSOP (0.173"", 4.40mm Width) Exposed Pad",Surface Mount,Active,https://www.analog.com/media/en/technical-documentation/data-sheets/lt1963a.pdf,https://www.digikey.com/en/products/detail/analog-devices-inc/LT1963AEFE-PBF/1620142,Enable,1.5A,1.5 mA,120 mA,,1,-40°C ~ 125°C,Positive,Adjustable,63dB (120Hz),"Over Current, Over Temperature, Reverse Polarity",,,20V,20V,1.21V,0.55V @ 1.5A
LT1963AEFE#TRPBF,Analog Devices Inc.,IC REG LIN POS ADJ 1.5A 16TSSOP,pmic-voltage-regulators-linear,4219,8.44,"16-TSSOP (0.173"", 4.40mm Width) Exposed Pad",Surface Mount,Active,https://www.analog.com/media/en/technical-documentation/data-sheets/lt1963a.pdf,https://www.digikey.com/en/products/detail/analog-devices-inc/LT1963AEFE-TRPBF/1620921,Enable,1.5A,1.5 mA,120 mA,,1,-40°C ~ 125°C,Positive,Adjustable,63dB (120Hz),"Over Current, Over Temperature, Reverse Polarity",,,20V,20V,1.21V,0.55V @ 1.5A
LT1963AEFE-3.3#PBF,Analog Devices Inc.,IC REG LIN 3.3V 1.5A 16-TSSOP-EP,pmic-voltage-regulators-linear,1178,8.44,"16-TSSOP (0.173"", 4.40mm Width) Exposed Pad",Surface Mount,Active,https://www.analog.com/media/en/technical-documentation/data-sheets/lt1963a.pdf,https://www.digikey.com/en/products/detail/analog-devices-inc/LT1963AEFE-3-3-PBF/1620138,Enable,1.5A,1.5 mA,120 mA,,1,-40°C ~ 125°C,Positive,Fixed,63dB (120Hz),"Over Current, Over Temperature, Reverse Polarity",,,20V,,3.3V,0.55V @ 1.5A
LT1963AEQ#PBF,Analog Devices Inc.,IC REG LIN POS ADJ 1.5A DDPAK-5,pmic-voltage-regulators-linear,1093,8.44,"TO-263-6, D2PAK (5 Leads + Tab), TO-263BA",Surface Mount,Active,https://www.analog.com/media/en/technical-documentation/data-sheets/lt1963a.pdf,https://www.digikey.com/en/products/detail/analog-devices-inc/LT1963AEQ-PBF/807749,Enable,1.5A,1.5 mA,120 mA,,1,-40°C ~ 125°C,Positive,Adjustable,63dB (120Hz),"Over Current, Over Temperature, Reverse Polarity",,,20V,20V,1.21V,0.55V @ 1.5A
LT1963AEQ#TRPBF,Analog Devices Inc.,IC REG LIN POS ADJ 1.5A DDPAK-5,pmic-voltage-regulators-linear,1541,8.44,"TO-263-6, D2PAK (5 Leads + Tab), TO-263BA",Surface Mount,Active,https://www.analog.com/media/en/technical-documentation/data-sheets/lt1963a.pdf,https://www.digikey.com/en/products/detail/analog-devices-inc/LT1963AEQ-TRPBF/962328,Enable,1.5A,1.5 mA,120 mA,,1,-40°C ~ 125°C,Positive,Adjustable,63dB (120Hz),"Over Current, Over Temperature, Reverse Polarity",,,20V,20V,1.21V,0.55V @ 1.5A
LT1963AEQ-1.8#TRPBF,Analog Devices Inc.,IC REG LINEAR 1.8V 1.5A DDPAK-5,pmic-voltage-regulators-linear,0,8.44,"TO-263-6, D2PAK (5 Leads + Tab), TO-263BA",Surface Mount,Active,https://www.analog.com/media/en/technical-documentation/data-sheets/lt1963a.pdf,https://www.digikey.com/en/products/detail/analog-devices-inc/LT1963AEQ-1-8-TRPBF/962319,Enable,1.5A,1.5 mA,120 mA,,1,-40°C ~ 125°C,Positive,Fixed,63dB (120Hz),"Over Current, Over Temperature, Reverse Polarity",,,20V,,1.8V,0.55V @ 1.5A
LT1963AEQ-3.3#PBF,Analog Devices Inc.,IC REG LINEAR 3.3V 1.5A DDPAK-5,pmic-voltage-regulators-linear,940,8.44,"TO-263-6, D2PAK (5 Leads + Tab), TO-263BA",Surface Mount,Active,https://www.analog.com/media/en/technical-documentation/data-sheets/lt1963a.pdf,https://www.digikey.com/en/products/detail/analog-devices-inc/LT1963AEQ-3-3-PBF/894304,Enable,1.5A,1.5 mA,120 mA,,1,-40°C ~ 125°C,Positive,Fixed,63dB (120Hz),"Over Current, Over Temperature, Reverse Polarity",,,20V,,3.3V,0.55V @ 1.5A
LT1963AEQ-3.3#TRPBF,Analog Devices Inc.,IC REG LINEAR 3.3V 1.5A DDPAK-5,pmic-voltage-regulators-linear,1888,8.44,"TO-263-6, D2PAK (5 Leads + Tab), TO-263BA",Surface Mount,Active,https://www.analog.com/media/en/technical-documentation/data-sheets/lt1963a.pdf,https://www.digikey.com/en/products/detail/analog-devices-inc/LT1963AEQ-3-3-TRPBF/962334,Enable,1.5A,1.5 mA,120 mA,,1,-40°C ~ 125°C,Positive,Fixed,63dB (120Hz),"Over Current, Over Temperature, Reverse Polarity",,,20V,,3.3V,0.55V @ 1.5A
LT1963AES8#PBF,Analog Devices Inc.,IC REG LINEAR POS ADJ 1.5A 8-SO,pmic-voltage-regulators-linear,215,7.22,"8-SOIC (0.154"", 3.90mm Width)",Surface Mount,Active,https://www.analog.com/media/en/technical-documentation/data-sheets/lt1963a.pdf,https://www.digikey.com/en/products/detail/analog-devices-inc/LT1963AES8-PBF/807750,Enable,1.5A,1.5 mA,120 mA,,1,-40°C ~ 125°C,Positive,Adjustable,63dB (120Hz),"Over Current, Over Temperature, Reverse Polarity",,,20V,20V,1.21V,0.55V @ 1.5A
LT1963AES8#TRPBF,Analog Devices Inc.,IC REG LINEAR POS ADJ 1.5A 8-SO,pmic-voltage-regulators-linear,7134,7.22,"8-SOIC (0.154"", 3.90mm Width)",Surface Mount,Active,https://www.analog.com/media/en/technical-documentation/data-sheets/lt1963a.pdf,https://www.digikey.com/en/products/detail/analog-devices-inc/LT1963AES8-TRPBF/958852,Enable,1.5A,1.5 mA,120 mA,,1,-40°C ~ 125°C,Positive,Adjustable,63dB (120Hz),"Over Current, Over Temperature, Reverse Polarity",,,20V,20V,1.21V,0.55V @ 1.5A
LT1963AES8-1.8#PBF,Analog Devices Inc.,IC REG LINEAR 1.8V 1.5A 8-SO,pmic-voltage-regulators-linear,10611,7.22,"8-SOIC (0.154"", 3.90mm Width)",Surface Mount,Active,https://www.analog.com/media/en/technical-documentation/data-sheets/lt1963a.pdf,https://www.digikey.com/en/products/detail/analog-devices-inc/LT1963AES8-1-8-PBF/891770,Enable,1.5A,1.5 mA,120 mA,,1,-40°C ~ 125°C,Positive,Fixed,63dB (120Hz),"Over Current, Over Temperature, Reverse Polarity",,,20V,,1.8V,0.55V @ 1.5A
LT1963AES8-3.3#PBF,Analog Devices Inc.,IC REG LINEAR 3.3V 1.5A 8-SO,pmic-voltage-regulators-linear,767,7.22,"8-SOIC (0.154"", 3.90mm Width)",Surface Mount,Active,https://www.analog.com/media/en/technical-documentation/data-sheets/lt1963a.pdf,https://www.digikey.com/en/products/detail/analog-devices-inc/LT1963AES8-3-3-PBF/864500,Enable,1.5A,1.5 mA,120 mA,,1,-40°C ~ 125°C,Positive,Fixed,63dB (120Hz),"Over Current, Over Temperature, Reverse Polarity",,,20V,,3.3V,0.55V @ 1.5A
LT1963AES8-3.3#TRPBF,Analog Devices Inc.,IC REG LINEAR 3.3V 1.5A 8-SO,pmic-voltage-regulators-linear,1986,7.22,"8-SOIC (0.154"", 3.90mm Width)",Surface Mount,Active,https://www.analog.com/media/en/technical-documentation/data-sheets/lt1963a.pdf,https://www.digikey.com/en/products/detail/analog-devices-inc/LT1963AES8-3-3-TRPBF/958755,Enable,1.5A,1.5 mA,120 mA,,1,-40°C ~ 125°C,Positive,Fixed,63dB (120Hz),"Over Current, Over Temperature, Reverse Polarity",,,20V,,3.3V,0.55V @ 1.5A
LT1963AEST-1.5#TRPBF,Analog Devices Inc.,IC REG LIN 1.5V 1.5A SOT-223-3,pmic-voltage-regulators-linear,2740,7.22,"TO-261-4, TO-261AA",Surface Mount,Active,https://www.analog.com/media/en/technical-documentation/data-sheets/lt1963a.pdf,https://www.digikey.com/en/products/detail/analog-devices-inc/LT1963AEST-1-5-TRPBF/958914,Enable,1.5A,1.5 mA,120 mA,,1,-40°C ~ 125°C,Positive,Fixed,63dB (120Hz),"Over Current, Over Temperature, Reverse Polarity",,,20V,,1.5V,0.55V @ 1.5A
LT1963AEST-1.8#PBF,Analog Devices Inc.,IC REG LIN 1.8V 1.5A SOT-223-3,pmic-voltage-regulators-linear,707,7.22,"TO-261-4, TO-261AA",Surface Mount,Active,https://www.analog.com/media/en/technical-documentation/data-sheets/lt1963a.pdf,https://www.digikey.com/en/products/detail/analog-devices-inc/LT1963AEST-1-8-PBF/890858,Enable,1.5A,1.5 mA,120 mA,,1,-40°C ~ 125°C,Positive,Fixed,63dB (120Hz),"Over Current, Over Temperature, Reverse Polarity",,,20V,,1.8V,0.55V @ 1.5A
LT1963AEST-1.8#TRPBF,Analog Devices Inc.,IC REG LIN 1.8V 1.5A SOT-223-3,pmic-voltage-regulators-linear,4480,7.22,"TO-261-4, TO-261AA",Surface Mount,Active,https://www.analog.com/media/en/technical-documentation/data-sheets/lt1963a.pdf,https://www.digikey.com/en/products/detail/analog-devices-inc/LT1963AEST-1-8-TRPBF/959118,Enable,1.5A,1.5 mA,120 mA,,1,-40°C ~ 125°C,Positive,Fixed,63dB (120Hz),"Over Current, Over Temperature, Reverse Polarity",,,20V,,1.8V,0.55V @ 1.5A
LT1963AEST-2.5#PBF,Analog Devices Inc.,IC REG LIN 2.5V 1.5A SOT-223-3,pmic-voltage-regulators-linear,358,7.22,"TO-261-4, TO-261AA",Surface Mount,Active,https://www.analog.com/media/en/technical-documentation/data-sheets/lt1963a.pdf,https://www.digikey.com/en/products/detail/analog-devices-inc/LT1963AEST-2-5-PBF/891767,Enable,1.5A,1.5 mA,120 mA,,1,-40°C ~ 125°C,Positive,Fixed,63dB (120Hz),"Over Current, Over Temperature, Reverse Polarity",,,20V,,2.5V,0.55V @ 1.5A
LT1963AEST-2.5#TRPBF,Analog Devices Inc.,IC REG LIN 2.5V 1.5A SOT-223-3,pmic-voltage-regulators-linear,4407,7.22,"TO-261-4, TO-261AA",Surface Mount,Active,https://www.analog.com/media/en/technical-documentation/data-sheets/lt1963a.pdf,https://www.digikey.com/en/products/detail/analog-devices-inc/LT1963AEST-2-5-TRPBF/958923,Enable,1.5A,1.5 mA,120 mA,,1,-40°C ~ 125°C,Positive,Fixed,63dB (120Hz),"Over Current, Over Temperature, Reverse Polarity",,,20V,,2.5V,0.55V @ 1.5A
LT1963AEST-3.3#PBF,Analog Devices Inc.,IC REG LIN 3.3V 1.5A SOT-223-3,pmic-voltage-regulators-linear,2712,7.22,"TO-261-4, TO-261AA",Surface Mount,Active,https://www.analog.com/media/en/technical-documentation/data-sheets/lt1963a.pdf,https://www.digikey.com/en/products/detail/analog-devices-inc/LT1963AEST-3-3-PBF/890887,Enable,1.5A,1.5 mA,120 mA,,1,-40°C ~ 125°C,Positive,Fixed,63dB (120Hz),"Over Current, Over Temperature, Reverse Polarity",,,20V,,3.3V,0.55V @ 1.5A
LT1963AEST-3.3#TRPBF,Analog Devices Inc.,IC REG LIN 3.3V 1.5A SOT-223-3,pmic-voltage-regulators-linear,17343,7.22,"TO-261-4, TO-261AA",Surface Mount,Active,https://www.analog.com/media/en/technical-documentation/data-sheets/lt1963a.pdf,https://www.digikey.com/en/products/detail/analog-devices-inc/LT1963AEST-3-3-TRPBF/958911,Enable,1.5A,1.5 mA,120 mA,,1,-40°C ~ 125°C,Positive,Fixed,63dB (120Hz),"Over Current, Over Temperature, Reverse Polarity",,,20V,,3.3V,0.55V @ 1.5A
LT1963AIFE#PBF,Analog Devices Inc.,IC REG LIN POS ADJ 1.5A 16TSSOP,pmic-voltage-regulators-linear,2993,9.09,"16-TSSOP (0.173"", 4.40mm Width) Exposed Pad",Surface Mount,Active,https://www.analog.com/media/en/technical-documentation/data-sheets/lt1963a.pdf,https://www.digikey.com/en/products/detail/analog-devices-inc/LT1963AIFE-PBF/1931021,Enable,1.5A,1.5 mA,120 mA,,1,-40°C ~ 125°C,Positive,Adjustable,63dB (120Hz),"Over Current, Over Temperature, Reverse Polarity",,,20V,20V,1.21V,0.55V @ 1.5A
LT1963AIQ#PBF,Analog Devices Inc.,IC REG LIN POS ADJ 1.5A DDPAK-5,pmic-voltage-regulators-linear,1245,9.26,"TO-263-6, D2PAK (5 Leads + Tab), TO-263BA",Surface Mount,Active,https://www.analog.com/media/en/technical-documentation/data-sheets/lt1963a.pdf,https://www.digikey.com/en/products/detail/analog-devices-inc/LT1963AIQ-PBF/1931023,Enable,1.5A,1.5 mA,120 mA,,1,-40°C ~ 125°C,Positive,Adjustable,63dB (120Hz),"Over Current, Over Temperature, Reverse Polarity",,,20V,20V,1.21V,0.55V @ 1.5A
LT1963AMPS8#PBF,Analog Devices Inc.,IC REG LINEAR POS ADJ 1.5A 8-SO,pmic-voltage-regulators-linear,0,17.4,"8-SOIC (0.154"", 3.90mm Width)",Surface Mount,Active,https://www.analog.com/media/en/technical-documentation/data-sheets/lt1963a.pdf,https://www.digikey.com/en/products/detail/analog-devices-inc/LT1963AMPS8-PBF/1931030,Enable,1.5A,1.5 mA,120 mA,,1,-55°C ~ 125°C,Positive,Adjustable,63dB (120Hz),"Over Current, Over Temperature, Reverse Polarity",,,20V,20V,1.21V,0.55V @ 1.5A
LT1963EQ#PBF,Analog Devices Inc.,IC REG LIN POS ADJ 1.5A DDPAK-5,pmic-voltage-regulators-linear,83,8.78,"TO-263-6, D2PAK (5 Leads + Tab), TO-263BA",Surface Mount,Active,https://www.analog.com/media/en/technical-documentation/data-sheets/1963fc.pdf,https://www.digikey.com/en/products/detail/analog-devices-inc/LT1963EQ-PBF/889755,Enable,1.5A,1.5 mA,120 mA,,1,-40°C ~ 125°C,Positive,Adjustable,63dB (120Hz),"Over Current, Over Temperature, Reverse Polarity",,,20V,20V,1.21V,0.55V @ 1.5A
LT1963EQ#TRPBF,Analog Devices Inc.,IC REG LIN POS ADJ 1.5A DDPAK-5,pmic-voltage-regulators-linear,2260,8.78,"TO-263-6, D2PAK (5 Leads + Tab), TO-263BA",Surface Mount,Active,https://www.analog.com/media/en/technical-documentation/data-sheets/1963fc.pdf,https://www.digikey.com/en/products/detail/analog-devices-inc/LT1963EQ-TRPBF/961654,Enable,1.5A,1.5 mA,120 mA,,1,-40°C ~ 125°C,Positive,Adjustable,63dB (120Hz),"Over Current, Over Temperature, Reverse Polarity",,,20V,20V,1.21V,0.55V @ 1.5A
LT1963ES8#PBF,Analog Devices Inc.,IC REG LINEAR POS ADJ 1.5A 8-SO,pmic-voltage-regulators-linear,2395,7.53,"8-SOIC (0.154"", 3.90mm Width)",Surface Mount,Active,https://www.analog.com/media/en/technical-documentation/data-sheets/1963fc.pdf,https://www.digikey.com/en/products/detail/analog-devices-inc/LT1963ES8-PBF/963062,Enable,1.5A,1.5 mA,120 mA,,1,-40°C ~ 125°C,Positive,Adjustable,63dB (120Hz),"Over Current, Over Temperature, Reverse Polarity",,,20V,20V,1.21V,0.55V @ 1.5A
LT1963ES8#TRPBF,Analog Devices Inc.,IC REG LINEAR POS ADJ 1.5A 8-SO,pmic-voltage-regulators-linear,5261,7.53,"8-SOIC (0.154"", 3.90mm Width)",Surface Mount,Active,https://www.analog.com/media/en/technical-documentation/data-sheets/1963fc.pdf,https://www.digikey.com/en/products/detail/analog-devices-inc/LT1963ES8-TRPBF/965759,Enable,1.5A,1.5 mA,120 mA,,1,-40°C ~ 125°C,Positive,Adjustable,63dB (120Hz),"Over Current, Over Temperature, Reverse Polarity",,,20V,20V,1.21V,0.55V @ 1.5A
LT1963EST-3.3#PBF,Analog Devices Inc.,IC REG LIN 3.3V 1.5A SOT-223-3,pmic-voltage-regulators-linear,1198,7.53,"TO-261-4, TO-261AA",Surface Mount,Active,https://www.analog.com/media/en/technical-documentation/data-sheets/1963fc.pdf,https://www.digikey.com/en/products/detail/analog-devices-inc/LT1963EST-3-3-PBF/961390,Enable,1.5A,1.5 mA,120 mA,,1,-40°C ~ 125°C,Positive,Fixed,63dB (120Hz),"Over Current, Over Temperature, Reverse Polarity",,,20V,,3.3V,0.55V @ 1.5A
LT1963EST-3.3#TRPBF,Analog Devices Inc.,IC REG LIN 3.3V 1.5A SOT-223-3,pmic-voltage-regulators-linear,6065,7.53,"TO-261-4, TO-261AA",Surface Mount,Active,https://www.analog.com/media/en/technical-documentation/data-sheets/1963fc.pdf,https://www.digikey.com/en/products/detail/analog-devices-inc/LT1963EST-3-3-TRPBF/959043,Enable,1.5A,1.5 mA,120 mA,,1,-40°C ~ 125°C,Positive,Fixed,63dB (120Hz),"Over Current, Over Temperature, Reverse Polarity",,,20V,,3.3V,0.55V @ 1.5A
LT1964EDD#PBF,Analog Devices Inc.,IC REG LIN NEG ADJ 200MA 8-DFN,pmic-voltage-regulators-linear,1553,5.34,8-WFDFN Exposed Pad,Surface Mount,Active,https://www.analog.com/media/en/technical-documentation/data-sheets/1964fb.pdf,https://www.digikey.com/en/products/detail/analog-devices-inc/LT1964EDD-PBF/1931032,Enable,200mA,,,,1,-40°C ~ 125°C,Negative,Adjustable,54dB (120Hz),"Over Current, Over Temperature, Reverse Polarity",,,-20V,-20V,-1.22V,0.49V @ 200mA
LT1964EDD#TRPBF,Analog Devices Inc.,IC REG LIN NEG ADJ 200MA 8-DFN,pmic-voltage-regulators-linear,3702,5.34,8-WFDFN Exposed Pad,Surface Mount,Active,https://www.analog.com/media/en/technical-documentation/data-sheets/1964fb.pdf,https://www.digikey.com/en/products/detail/analog-devices-inc/LT1964EDD-TRPBF/1931033,Enable,200mA,,,,1,-40°C ~ 125°C,Negative,Adjustable,54dB (120Hz),"Over Current, Over Temperature, Reverse Polarity",,,-20V,-20V,-1.22V,0.49V @ 200mA
LT1964ES5-5#TRMPBF,Analog Devices Inc.,IC REG LIN -5V 200MA TSOT-23-5,pmic-voltage-regulators-linear,0,5.0,"SOT-23-5 Thin, TSOT-23-5",Surface Mount,Active,https://www.analog.com/media/en/technical-documentation/data-sheets/1964fb.pdf,https://www.digikey.com/en/products/detail/analog-devices-inc/LT1964ES5-5-TRMPBF/1115918,Enable,200mA,,,,1,-40°C ~ 125°C,Negative,Fixed,54dB (120Hz),"Over Current, Over Temperature, Reverse Polarity",,,-20V,,-5V,0.49V @ 200mA
LT1964ES5-5#TRPBF,Analog Devices Inc.,IC REG LIN -5V 200MA TSOT-23-5,pmic-voltage-regulators-linear,11624,5.0,"SOT-23-5 Thin, TSOT-23-5",Surface Mount,Active,https://www.analog.com/media/en/technical-documentation/data-sheets/1964fb.pdf,https://www.digikey.com/en/products/detail/analog-devices-inc/LT1964ES5-5-TRPBF/960267,Enable,200mA,,,,1,-40°C ~ 125°C,Negative,Fixed,54dB (120Hz),"Over Current, Over Temperature, Reverse Polarity",,,-20V,,-5V,0.49V @ 200mA
LT1964ES5-BYP#TRMPBF,Analog Devices Inc.,IC REG LINEAR NEG ADJ TSOT-23-5,pmic-voltage-regulators-linear,2586,5.0,"SOT-23-5 Thin, TSOT-23-5",Surface Mount,Active,https://www.analog.com/media/en/technical-documentation/data-sheets/1964fb.pdf,https://www.digikey.com/en/products/detail/analog-devices-inc/LT1964ES5-BYP-TRMPBF/1116098,Enable,200mA,,,,1,-40°C ~ 125°C,Negative,Adjustable,54dB (120Hz),"Over Current, Over Temperature, Reverse Polarity",,,-20V,-20V,-1.22V,0.49V @ 200mA
LT1964ES5-BYP#TRPBF,Analog Devices Inc.,IC REG LINEAR NEG ADJ TSOT-23-5,pmic-voltage-regulators-linear,354,5.0,"SOT-23-5 Thin, TSOT-23-5",Surface Mount,Active,https://www.analog.com/media/en/technical-documentation/data-sheets/1964fb.pdf,https://www.digikey.com/en/products/detail/analog-devices-inc/LT1964ES5-BYP-TRPBF/960282,Enable,200mA,,,,1,-40°C ~ 125°C,Negative,Adjustable,54dB (120Hz),"Over Current, Over Temperature, Reverse Polarity",,,-20V,-20V,-1.22V,0.49V @ 200mA
LT1964ES5-SD#TRMPBF,Analog Devices Inc.,IC REG LINEAR NEG ADJ TSOT-23-5,pmic-voltage-regulators-linear,147,5.0,"SOT-23-5 Thin, TSOT-23-5",Surface Mount,Active,https://www.analog.com/media/en/technical-documentation/data-sheets/1964fb.pdf,https://www.digikey.com/en/products/detail/analog-devices-inc/LT1964ES5-SD-TRMPBF/962285,Enable,200mA,,,,1,-40°C ~ 125°C,Negative,Adjustable,54dB (120Hz),"Over Current, Over Temperature, Reverse Polarity",,,-20V,-20V,-1.22V,0.49V @ 200mA
LT1964ES5-SD#TRPBF,Analog Devices Inc.,IC REG LINEAR NEG ADJ TSOT-23-5,pmic-voltage-regulators-linear,17034,5.0,"SOT-23-5 Thin, TSOT-23-5",Surface Mount,Active,https://www.analog.com/media/en/technical-documentation/data-sheets/1964fb.pdf,https://www.digikey.com/en/products/detail/analog-devices-inc/LT1964ES5-SD-TRPBF/960330,Enable,200mA,,,,1,-40°C ~ 125°C,Negative,Adjustable,54dB (120Hz),"Over Current, Over Temperature, Reverse Polarity",,,-20V,-20V,-1.22V,0.49V @ 200mA
LT1964IDD#PBF,Analog Devices Inc.,IC REG LIN NEG ADJ 200MA 8-DFN,pmic-voltage-regulators-linear,984,6.03,8-WFDFN Exposed Pad,Surface Mount,Active,https://www.analog.com/media/en/technical-documentation/data-sheets/1964fb.pdf,https://www.digikey.com/en/products/detail/analog-devices-inc/LT1964IDD-PBF/1931034,Enable,200mA,,,,1,-40°C ~ 125°C,Negative,Adjustable,54dB (120Hz),"Over Current, Over Temperature, Reverse Polarity",,,-20V,-20V,-1.22V,0.49V @ 200mA
LT1964IS5-BYP#TRMPBF,Analog Devices Inc.,IC REG LINEAR NEG ADJ TSOT-23-5,pmic-voltage-regulators-linear,1699,5.65,"SOT-23-5 Thin, TSOT-23-5",Surface Mount,Active,https://www.analog.com/media/en/technical-documentation/data-sheets/1964fb.pdf,https://www.digikey.com/en/products/detail/analog-devices-inc/LT1964IS5-BYP-TRMPBF/1931038,Enable,200mA,,,,1,-40°C ~ 125°C,Negative,Adjustable,54dB (120Hz),"Over Current, Over Temperature, Reverse Polarity",,,-20V,-20V,-1.22V,0.49V @ 200mA
LT1964IS5-BYP#TRPBF,Analog Devices Inc.,IC REG LINEAR NEG ADJ TSOT-23-5,pmic-voltage-regulators-linear,2676,5.65,"SOT-23-5 Thin, TSOT-23-5",Surface Mount,Active,https://www.analog.com/media/en/technical-documentation/data-sheets/1964fb.pdf,https://www.digikey.com/en/products/detail/analog-devices-inc/LT1964IS5-BYP-TRPBF/1931039,Enable,200mA,,,,1,-40°C ~ 125°C,Negative,Adjustable,54dB (120Hz),"Over Current, Over Temperature, Reverse Polarity",,,-20V,-20V,-1.22V,0.49V @ 200mA
LT1965EDD#PBF,Analog Devices Inc.,IC REG LINEAR POS ADJ 1.1A 8-DFN,pmic-voltage-regulators-linear,3454,7.18,8-WFDFN Exposed Pad,Surface Mount,Active,https://www.analog.com/media/en/technical-documentation/data-sheets/1965fb.pdf,https://www.digikey.com/en/products/detail/analog-devices-inc/LT1965EDD-PBF/1730225,Enable,1.1A,1.1 mA,40 mA,,1,-40°C ~ 125°C,Positive,Adjustable,75dB (120Hz),"Over Current, Over Temperature, Reverse Polarity",,,20V,19.5V,1.2V,0.49V @ 1.1A
LT1965EDD#TRPBF,Analog Devices Inc.,IC REG LINEAR POS ADJ 1.1A 8-DFN,pmic-voltage-regulators-linear,3902,7.18,8-WFDFN Exposed Pad,Surface Mount,Active,https://www.analog.com/media/en/technical-documentation/data-sheets/1965fb.pdf,https://www.digikey.com/en/products/detail/analog-devices-inc/LT1965EDD-TRPBF/1767805,Enable,1.1A,1.1 mA,40 mA,,1,-40°C ~ 125°C,Positive,Adjustable,75dB (120Hz),"Over Current, Over Temperature, Reverse Polarity",,,20V,19.5V,1.2V,0.49V @ 1.1A
LT1965EDD-3.3#TRPBF,Analog Devices Inc.,IC REG LINEAR 3.3V 1.1A 8-DFN,pmic-voltage-regulators-linear,2656,6.43,8-WFDFN Exposed Pad,Surface Mount,Active,https://www.analog.com/media/en/technical-documentation/data-sheets/1965fb.pdf,https://www.digikey.com/en/products/detail/analog-devices-inc/LT1965EDD-3-3-TRPBF/2107763,Enable,1.1A,1.1 mA,40 mA,,1,-40°C ~ 125°C,Positive,Fixed,75dB (120Hz),"Over Current, Over Temperature, Reverse Polarity",,,20V,,3.3V,0.49V @ 1.1A
LT1965EMS8E#PBF,Analog Devices Inc.,IC REG LINEAR POS ADJ 1.1A 8MSOP,pmic-voltage-regulators-linear,757,6.61,"8-TSSOP, 8-MSOP (0.118"", 3.00mm Width) Exposed Pad",Surface Mount,Active,https://www.analog.com/media/en/technical-documentation/data-sheets/1965fb.pdf,https://www.digikey.com/en/products/detail/analog-devices-inc/LT1965EMS8E-PBF/1730226,Enable,1.1A,1.1 mA,40 mA,,1,-40°C ~ 125°C,Positive,Adjustable,75dB (120Hz),"Over Current, Over Temperature, Reverse Polarity",,,20V,19.5V,1.2V,0.49V @ 1.1A
LT1965EMS8E#TRPBF,Analog Devices Inc.,IC REG LINEAR POS ADJ 1.1A 8MSOP,pmic-voltage-regulators-linear,3360,6.61,"8-TSSOP, 8-MSOP (0.118"", 3.00mm Width) Exposed Pad",Surface Mount,Active,https://www.analog.com/media/en/technical-documentation/data-sheets/1965fb.pdf,https://www.digikey.com/en/products/detail/analog-devices-inc/LT1965EMS8E-TRPBF/1767806,Enable,1.1A,1.1 mA,40 mA,,1,-40°C ~ 125°C,Positive,Adjustable,75dB (120Hz),"Over Current, Over Temperature, Reverse Polarity",,,20V,19.5V,1.2V,0.49V @ 1.1A
LT1965EQ#PBF,Analog Devices Inc.,IC REG LIN POS ADJ 1.1A DDPAK-5,pmic-voltage-regulators-linear,987,7.57,"TO-263-6, D2PAK (5 Leads + Tab), TO-263BA",Surface Mount,Active,https://www.analog.com/media/en/technical-documentation/data-sheets/1965fb.pdf,https://www.digikey.com/en/products/detail/analog-devices-inc/LT1965EQ-PBF/1767807,Enable,1.1A,1.1 mA,40 mA,,1,-40°C ~ 125°C,Positive,Adjustable,75dB (120Hz),"Over Current, Over Temperature, Reverse Polarity",,,20V,19.5V,1.2V,0.49V @ 1.1A
LT1965EQ-3.3#PBF,Analog Devices Inc.,IC REG LINEAR 3.3V 1.1A DDPAK-5,pmic-voltage-regulators-linear,721,7.57,"TO-263-6, D2PAK (5 Leads + Tab), TO-263BA",Surface Mount,Active,https://www.analog.com/media/en/technical-documentation/data-sheets/1965fb.pdf,https://www.digikey.com/en/products/detail/analog-devices-inc/LT1965EQ-3-3-PBF/2074399,Enable,1.1A,1.1 mA,40 mA,,1,-40°C ~ 125°C,Positive,Fixed,75dB (120Hz),"Over Current, Over Temperature, Reverse Polarity",,,20V,,3.3V,0.49V @ 1.1A
LT1965IDD#PBF,Analog Devices Inc.,IC REG LINEAR POS ADJ 1.1A 8-DFN,pmic-voltage-regulators-linear,1270,8.12,8-WFDFN Exposed Pad,Surface Mount,Active,https://www.analog.com/media/en/technical-documentation/data-sheets/1965fb.pdf,https://www.digikey.com/en/products/detail/analog-devices-inc/LT1965IDD-PBF/1730227,Enable,1.1A,1.1 mA,40 mA,,1,-40°C ~ 125°C,Positive,Adjustable,75dB (120Hz),"Over Current, Over Temperature, Reverse Polarity",,,20V,19.5V,1.2V,0.49V @ 1.1A
LT1965IDD-3.3#PBF,Analog Devices Inc.,IC REG LINEAR 3.3V 1.1A 8-DFN,pmic-voltage-regulators-linear,11904,7.27,8-WFDFN Exposed Pad,Surface Mount,Active,https://www.analog.com/media/en/technical-documentation/data-sheets/1965fb.pdf,https://www.digikey.com/en/products/detail/analog-devices-inc/LT1965IDD-3-3-PBF/2107617,Enable,1.1A,1.1 mA,40 mA,,1,-40°C ~ 125°C,Positive,Fixed,75dB (120Hz),"Over Current, Over Temperature, Reverse Polarity",,,20V,,3.3V,0.49V @ 1.1A
LT1965IMS8E#PBF,Analog Devices Inc.,IC REG LINEAR POS ADJ 1.1A 8MSOP,pmic-voltage-regulators-linear,1121,7.51,"8-TSSOP, 8-MSOP (0.118"", 3.00mm Width) Exposed Pad",Surface Mount,Active,https://www.analog.com/media/en/technical-documentation/data-sheets/1965fb.pdf,https://www.digikey.com/en/products/detail/analog-devices-inc/LT1965IMS8E-PBF/1730228,Enable,1.1A,1.1 mA,40 mA,,1,-40°C ~ 125°C,Positive,Adjustable,75dB (120Hz),"Over Current, Over Temperature, Reverse Polarity",,,20V,19.5V,1.2V,0.49V @ 1.1A
LT1965IMS8E#TRPBF,Analog Devices Inc.,IC REG LINEAR POS ADJ 1.1A 8MSOP,pmic-voltage-regulators-linear,2802,7.51,"8-TSSOP, 8-MSOP (0.118"", 3.00mm Width) Exposed Pad",Surface Mount,Active,https://www.analog.com/media/en/technical-documentation/data-sheets/1965fb.pdf,https://www.digikey.com/en/products/detail/analog-devices-inc/LT1965IMS8E-TRPBF/1767811,Enable,1.1A,1.1 mA,40 mA,,1,-40°C ~ 125°C,Positive,Adjustable,75dB (120Hz),"Over Current, Over Temperature, Reverse Polarity",,,20V,19.5V,1.2V,0.49V @ 1.1A
LT1965IQ#PBF,Analog Devices Inc.,IC REG LIN POS ADJ 1.1A DDPAK-5,pmic-voltage-regulators-linear,1640,8.38,"TO-263-6, D2PAK (5 Leads + Tab), TO-263BA",Surface Mount,Active,https://www.analog.com/media/en/technical-documentation/data-sheets/1965fb.pdf,https://www.digikey.com/en/products/detail/analog-devices-inc/LT1965IQ-PBF/1767812,Enable,1.1A,1.1 mA,40 mA,,1,-40°C ~ 125°C,Positive,Adjustable,75dB (120Hz),"Over Current, Over Temperature, Reverse Polarity",,,20V,19.5V,1.2V,0.49V @ 1.1A
LT3008EDC#TRMPBF,Analog Devices Inc.,IC REG LINEAR POS ADJ 20MA 6-DFN,pmic-voltage-regulators-linear,4513,4.36,6-WFDFN Exposed Pad,Surface Mount,Active,https://www.analog.com/media/en/technical-documentation/data-sheets/3008fc.pdf,https://www.digikey.com/en/products/detail/analog-devices-inc/LT3008EDC-TRMPBF/1973309,Enable,20mA,6 µA,1.2 mA,,1,-40°C ~ 125°C,Positive,Adjustable,70dB (120Hz),"Over Current, Over Temperature, Reverse Polarity",,,45V,44.5V,0.6V,0.5V @ 20mA
LT3008EDC-3.3#TRMPBF,Analog Devices Inc.,IC REG LINEAR 3.3V 20MA 6-DFN,pmic-voltage-regulators-linear,2457,4.36,6-WFDFN Exposed Pad,Surface Mount,Active,https://www.analog.com/media/en/technical-documentation/data-sheets/3008fc.pdf,https://www.digikey.com/en/products/detail/analog-devices-inc/LT3008EDC-3-3-TRMPBF/2074408,Enable,20mA,6 µA,1.2 mA,,1,-40°C ~ 125°C,Positive,Fixed,59dB (120Hz),"Over Current, Over Temperature, Reverse Polarity",,,45V,,3.3V,0.5V @ 20mA
LT3008ETS8#TRMPBF,Analog Devices Inc.,IC REG LIN POS ADJ 20MA TSOT23-8,pmic-voltage-regulators-linear,3439,4.36,"SOT-23-8 Thin, TSOT-23-8",Surface Mount,Active,https://www.analog.com/media/en/technical-documentation/data-sheets/3008fc.pdf,https://www.digikey.com/en/products/detail/analog-devices-inc/LT3008ETS8-TRMPBF/1973310,Enable,20mA,6 µA,1.2 mA,,1,-40°C ~ 125°C,Positive,Adjustable,70dB (120Hz),"Over Current, Over Temperature, Reverse Polarity",,,45V,44.5V,0.6V,0.5V @ 20mA
LT3008ETS8#TRPBF,Analog Devices Inc.,IC REG LIN POS ADJ 20MA TSOT23-8,pmic-voltage-regulators-linear,3661,4.36,"SOT-23-8 Thin, TSOT-23-8",Surface Mount,Active,https://www.analog.com/media/en/technical-documentation/data-sheets/3008fc.pdf,https://www.digikey.com/en/products/detail/analog-devices-inc/LT3008ETS8-TRPBF/2002266,Enable,20mA,6 µA,1.2 mA,,1,-40°C ~ 125°C,Positive,Adjustable,70dB (120Hz),"Over Current, Over Temperature, Reverse Polarity",,,45V,44.5V,0.6V,0.5V @ 20mA
LT3008ETS8-3.3#TRMPBF,Analog Devices Inc.,IC REG LIN 3.3V 20MA TSOT-23-8,pmic-voltage-regulators-linear,3079,4.36,"SOT-23-8 Thin, TSOT-23-8",Surface Mount,Active,https://www.analog.com/media/en/technical-documentation/data-sheets/3008fc.pdf,https://www.digikey.com/en/products/detail/analog-devices-inc/LT3008ETS8-3-3-TRMPBF/2074414,Enable,20mA,6 µA,1.2 mA,,1,-40°C ~ 125°C,Positive,Fixed,59dB (120Hz),"Over Current, Over Temperature, Reverse Polarity",,,45V,,3.3V,0.5V @ 20mA
LT3008ETS8-5#TRMPBF,Analog Devices Inc.,IC REG LINEAR 5V 20MA TSOT-23-8,pmic-voltage-regulators-linear,4004,4.36,"SOT-23-8 Thin, TSOT-23-8",Surface Mount,Active,https://www.analog.com/media/en/technical-documentation/data-sheets/3008fc.pdf,https://www.digikey.com/en/products/detail/analog-devices-inc/LT3008ETS8-5-TRMPBF/2074415,Enable,20mA,6 µA,1.2 mA,,1,-40°C ~ 125°C,Positive,Fixed,54dB (120Hz),"Over Current, Over Temperature, Reverse Polarity",,,45V,,5V,0.5V @ 20mA
LT3008MPTS8#TRMPBF,Analog Devices Inc.,IC REG LIN POS ADJ 20MA TSOT23-8,pmic-voltage-regulators-linear,3123,11.92,"SOT-23-8 Thin, TSOT-23-8",Surface Mount,Active,https://www.analog.com/media/en/technical-documentation/data-sheets/3008fc.pdf,https://www.digikey.com/en/products/detail/analog-devices-inc/LT3008MPTS8-TRMPBF/2238445,Enable,20mA,6 µA,1.2 mA,,1,-55°C ~ 125°C,Positive,Adjustable,70dB (120Hz),"Over Current, Over Temperature, Reverse Polarity",,,45V,44.5V,0.6V,0.5V @ 20mA
LT3009EDC#TRMPBF,Analog Devices Inc.,IC REG LINEAR POS ADJ 20MA 6-DFN,pmic-voltage-regulators-linear,4314,3.57,6-WFDFN Exposed Pad,Surface Mount,Active,https://www.analog.com/media/en/technical-documentation/data-sheets/3009fd.pdf,https://www.digikey.com/en/products/detail/analog-devices-inc/LT3009EDC-TRMPBF/1626092,Enable,20mA,6 µA,1 mA,,1,-40°C ~ 125°C,Positive,Adjustable,72dB (120Hz),"Over Current, Over Temperature, Reverse Polarity",,,20V,19.55V,0.6V,0.45V @ 20mA
LT3010EMS8E-5#PBF,Analog Devices Inc.,IC REG LINEAR 5V 50MA 8-MSOP-EP,pmic-voltage-regulators-linear,3520,5.92,"8-TSSOP, 8-MSOP (0.118"", 3.00mm Width) Exposed Pad",Surface Mount,Active,https://www.analog.com/media/en/technical-documentation/data-sheets/lt3010-3010-5.pdf,https://www.digikey.com/en/products/detail/analog-devices-inc/LT3010EMS8E-5-PBF/961691,Enable,50mA,,,,1,-40°C ~ 125°C,Positive,Fixed,68dB (120Hz),"Over Current, Over Temperature, Reverse Polarity",,,80V,,5V,0.55V @ 50mA
LT3010EMS8E-5#TRPBF,Analog Devices Inc.,IC REG LINEAR 5V 50MA 8-MSOP-EP,pmic-voltage-regulators-linear,2236,5.92,"8-TSSOP, 8-MSOP (0.118"", 3.00mm Width) Exposed Pad",Surface Mount,Active,https://www.analog.com/media/en/technical-documentation/data-sheets/lt3010-3010-5.pdf,https://www.digikey.com/en/products/detail/analog-devices-inc/LT3010EMS8E-5-TRPBF/959974,Enable,50mA,,,,1,-40°C ~ 125°C,Positive,Fixed,68dB (120Hz),"Over Current, Over Temperature, Reverse Polarity",,,80V,,5V,0.55V @ 50mA
LT3010HMS8E#PBF,Analog Devices Inc.,IC REG LINEAR POS ADJ 50MA 8MSOP,pmic-voltage-regulators-linear,1460,7.57,"8-TSSOP, 8-MSOP (0.118"", 3.00mm Width) Exposed Pad",Surface Mount,Active,https://www.analog.com/media/en/technical-documentation/data-sheets/lt3010-3010-5.pdf,https://www.digikey.com/en/products/detail/analog-devices-inc/LT3010HMS8E-PBF/1620223,Enable,50mA,,,,1,-40°C ~ 140°C,Positive,Adjustable,75dB (120Hz),"Over Current, Over Temperature, Reverse Polarity",,,80V,60V,1.275V,0.6V @ 50mA
LT3010HMS8E#TRPBF,Analog Devices Inc.,IC REG LINEAR POS ADJ 50MA 8MSOP,pmic-voltage-regulators-linear,1516,7.57,"8-TSSOP, 8-MSOP (0.118"", 3.00mm Width) Exposed Pad",Surface Mount,Active,https://www.analog.com/media/en/technical-documentation/data-sheets/lt3010-3010-5.pdf,https://www.digikey.com/en/products/detail/analog-devices-inc/LT3010HMS8E-TRPBF/1621508,Enable,50mA,,,,1,-40°C ~ 140°C,Positive,Adjustable,75dB (120Hz),"Over Current, Over Temperature, Reverse Polarity",,,80V,60V,1.275V,0.6V @ 50mA
LT3010HMS8E-5#PBF,Analog Devices Inc.,IC REG LINEAR 5V 50MA 8-MSOP-EP,pmic-voltage-regulators-linear,520,7.57,"8-TSSOP, 8-MSOP (0.118"", 3.00mm Width) Exposed Pad",Surface Mount,Active,https://www.analog.com/media/en/technical-documentation/data-sheets/lt3010-3010-5.pdf,https://www.digikey.com/en/products/detail/analog-devices-inc/LT3010HMS8E-5-PBF/1530925,Enable,50mA,,,,1,-40°C ~ 140°C,Positive,Fixed,68dB (120Hz),"Over Current, Over Temperature, Reverse Polarity",,,80V,,5V,0.6V @ 50mA
LT3010HMS8E-5#TRPBF,Analog Devices Inc.,IC REG LINEAR 5V 50MA 8-MSOP-EP,pmic-voltage-regulators-linear,585,7.57,"8-TSSOP, 8-MSOP (0.118"", 3.00mm Width) Exposed Pad",Surface Mount,Active,https://www.analog.com/media/en/technical-documentation/data-sheets/lt3010-3010-5.pdf,https://www.digikey.com/en/products/detail/analog-devices-inc/LT3010HMS8E-5-TRPBF/1621472,Enable,50mA,,,,1,-40°C ~ 140°C,Positive,Fixed,68dB (120Hz),"Over Current, Over Temperature, Reverse Polarity",,,80V,,5V,0.6V @ 50mA
LT3010MPMS8E#PBF,Analog Devices Inc.,IC REG LINEAR POS ADJ 50MA 8MSOP,pmic-voltage-regulators-linear,62,15.68,"8-TSSOP, 8-MSOP (0.118"", 3.00mm Width) Exposed Pad",Surface Mount,Active,https://www.analog.com/media/en/technical-documentation/data-sheets/lt3010-3010-5.pdf,https://www.digikey.com/en/products/detail/analog-devices-inc/LT3010MPMS8E-PBF/2333064,Enable,50mA,,,,1,-55°C ~ 125°C,Positive,Adjustable,75dB (120Hz),"Over Current, Over Temperature, Reverse Polarity",,,80V,60V,1.275V,0.55V @ 50mA
LT3010MPMS8E#TRPBF,Analog Devices Inc.,IC REG LINEAR POS ADJ 50MA 8MSOP,pmic-voltage-regulators-linear,3984,15.68,"8-TSSOP, 8-MSOP (0.118"", 3.00mm Width) Exposed Pad",Surface Mount,Active,https://www.analog.com/media/en/technical-documentation/data-sheets/lt3010-3010-5.pdf,https://www.digikey.com/en/products/detail/analog-devices-inc/LT3010MPMS8E-TRPBF/2334033,Enable,50mA,,,,1,-55°C ~ 125°C,Positive,Adjustable,75dB (120Hz),"Over Current, Over Temperature, Reverse Polarity",,,80V,60V,1.275V,0.55V @ 50mA
LT3010MPMS8E-5#PBF,Analog Devices Inc.,IC REG LINEAR 5V 50MA 8-MSOP-EP,pmic-voltage-regulators-linear,5,15.68,"8-TSSOP, 8-MSOP (0.118"", 3.00mm Width) Exposed Pad",Surface Mount,Active,https://www.analog.com/media/en/technical-documentation/data-sheets/lt3010-3010-5.pdf,https://www.digikey.com/en/products/detail/analog-devices-inc/LT3010MPMS8E-5-PBF/2333066,Enable,50mA,,,,1,-55°C ~ 125°C,Positive,Fixed,68dB (120Hz),"Over Current, Over Temperature, Reverse Polarity",,,80V,,5V,0.55V @ 50mA
LT3011IDD#PBF,Analog Devices Inc.,IC REG LINEAR POS ADJ 50MA 10DFN,pmic-voltage-regulators-linear,0,6.59,10-WFDFN Exposed Pad,Surface Mount,Active,https://www.analog.com/media/en/technical-documentation/data-sheets/3011f.pdf,https://www.digikey.com/en/products/detail/analog-devices-inc/LT3011IDD-PBF/1927532,Power Good,50mA,,,,1,-40°C ~ 125°C,Positive,Adjustable,85dB (120Hz),"Over Current, Over Temperature, Reverse Polarity",,,80V,60V,1.24V,0.55V @ 50mA
LT3012BEDE#TRPBF,Analog Devices Inc.,IC REG LIN POS ADJ 250MA 12-DFN,pmic-voltage-regulators-linear,2144,7.09,12-WFDFN Exposed Pad,Surface Mount,Active,https://www.analog.com/media/en/technical-documentation/data-sheets/3012bf.pdf,https://www.digikey.com/en/products/detail/analog-devices-inc/LT3012BEDE-TRPBF/1621474,,250mA,100 µA,18 mA,,1,-40°C ~ 125°C,Positive,Adjustable,75dB (120Hz),"Over Current, Over Temperature, Reverse Polarity",,,80V,60V,1.24V,0.62V @ 250mA
LT3012BEFE#TRPBF,Analog Devices Inc.,IC REG LIN POS ADJ 16-TSSOP-EP,pmic-voltage-regulators-linear,1994,7.57,"16-TSSOP (0.173"", 4.40mm Width) Exposed Pad",Surface Mount,Active,https://www.analog.com/media/en/technical-documentation/data-sheets/3012bf.pdf,https://www.digikey.com/en/products/detail/analog-devices-inc/LT3012BEFE-TRPBF/1620732,,250mA,100 µA,18 mA,,1,-40°C ~ 125°C,Positive,Adjustable,75dB (120Hz),"Over Current, Over Temperature, Reverse Polarity",,,80V,60V,1.24V,0.62V @ 250mA
LT3012EDE#PBF,Analog Devices Inc.,IC REG LIN POS ADJ 250MA 12-DFN,pmic-voltage-regulators-linear,4677,7.09,12-WFDFN Exposed Pad,Surface Mount,Active,https://www.analog.com/media/en/technical-documentation/data-sheets/3012fd.pdf,https://www.digikey.com/en/products/detail/analog-devices-inc/LT3012EDE-PBF/1620294,Enable,250mA,100 µA,18 mA,,1,-40°C ~ 125°C,Positive,Adjustable,75dB (120Hz),"Over Current, Over Temperature, Reverse Polarity",,,80V,60V,1.24V,0.62V @ 250mA
LT3012EDE#TRPBF,Analog Devices Inc.,IC REG LIN POS ADJ 250MA 12-DFN,pmic-voltage-regulators-linear,7739,7.09,12-WFDFN Exposed Pad,Surface Mount,Active,https://www.analog.com/media/en/technical-documentation/data-sheets/3012fd.pdf,https://www.digikey.com/en/products/detail/analog-devices-inc/LT3012EDE-TRPBF/1621480,Enable,250mA,100 µA,18 mA,,1,-40°C ~ 125°C,Positive,Adjustable,75dB (120Hz),"Over Current, Over Temperature, Reverse Polarity",,,80V,60V,1.24V,0.62V @ 250mA
LT3012EFE#PBF,Analog Devices Inc.,IC REG LIN POS ADJ 16-TSSOP-EP,pmic-voltage-regulators-linear,1512,7.57,"16-TSSOP (0.173"", 4.40mm Width) Exposed Pad",Surface Mount,Active,https://www.analog.com/media/en/technical-documentation/data-sheets/3012fd.pdf,https://www.digikey.com/en/products/detail/analog-devices-inc/LT3012EFE-PBF/1620147,Enable,250mA,100 µA,18 mA,,1,-40°C ~ 125°C,Positive,Adjustable,75dB (120Hz),"Over Current, Over Temperature, Reverse Polarity",,,80V,60V,1.24V,0.62V @ 250mA
LT3012EFE#TRPBF,Analog Devices Inc.,IC REG LIN POS ADJ 16-TSSOP-EP,pmic-voltage-regulators-linear,9080,7.57,"16-TSSOP (0.173"", 4.40mm Width) Exposed Pad",Surface Mount,Active,https://www.analog.com/media/en/technical-documentation/data-sheets/3012fd.pdf,https://www.digikey.com/en/products/detail/analog-devices-inc/LT3012EFE-TRPBF/1620709,Enable,250mA,100 µA,18 mA,,1,-40°C ~ 125°C,Positive,Adjustable,75dB (120Hz),"Over Current, Over Temperature, Reverse Polarity",,,80V,60V,1.24V,0.62V @ 250mA
LT3012HFE#PBF,Analog Devices Inc.,IC REG LIN POS ADJ 16-TSSOP-EP,pmic-voltage-regulators-linear,1029,8.93,"16-TSSOP (0.173"", 4.40mm Width) Exposed Pad",Surface Mount,Active,https://www.analog.com/media/en/technical-documentation/data-sheets/3012fd.pdf,https://www.digikey.com/en/products/detail/analog-devices-inc/LT3012HFE-PBF/1620146,Enable,200mA,110 µA,18 mA,,1,-40°C ~ 140°C,Positive,Adjustable,75dB (120Hz),"Over Current, Over Temperature, Reverse Polarity",,,80V,60V,1.24V,0.63V @ 200mA
LT3012HFE#TRPBF,Analog Devices Inc.,IC REG LIN POS ADJ 16-TSSOP-EP,pmic-voltage-regulators-linear,2754,8.93,"16-TSSOP (0.173"", 4.40mm Width) Exposed Pad",Surface Mount,Active,https://www.analog.com/media/en/technical-documentation/data-sheets/3012fd.pdf,https://www.digikey.com/en/products/detail/analog-devices-inc/LT3012HFE-TRPBF/1620682,Enable,200mA,110 µA,18 mA,,1,-40°C ~ 140°C,Positive,Adjustable,75dB (120Hz),"Over Current, Over Temperature, Reverse Polarity",,,80V,60V,1.24V,0.63V @ 200mA
LT3013EDE#PBF,Analog Devices Inc.,IC REG LIN POS ADJ 250MA 12-DFN,pmic-voltage-regulators-linear,6366,7.68,12-WFDFN Exposed Pad,Surface Mount,Active,https://www.analog.com/media/en/technical-documentation/data-sheets/3013fe.pdf,https://www.digikey.com/en/products/detail/analog-devices-inc/LT3013EDE-PBF/1620293,"Enable, Frequency Control, Power Good",250mA,120 µA,18 mA,,1,-40°C ~ 125°C,Positive,Adjustable,75dB (120Hz),"Over Current, Over Temperature, Reverse Polarity",,,80V,60V,1.24V,0.62V @ 250mA
LT3013EFE#PBF,Analog Devices Inc.,IC REG LIN POS ADJ 16-TSSOP-EP,pmic-voltage-regulators-linear,264,8.14,"16-TSSOP (0.173"", 4.40mm Width) Exposed Pad",Surface Mount,Active,https://www.analog.com/media/en/technical-documentation/data-sheets/3013fe.pdf,https://www.digikey.com/en/products/detail/analog-devices-inc/LT3013EFE-PBF/1620123,"Enable, Frequency Control, Power Good",250mA,120 µA,18 mA,,1,-40°C ~ 125°C,Positive,Adjustable,75dB (120Hz),"Over Current, Over Temperature, Reverse Polarity",,,80V,60V,1.24V,0.62V @ 250mA
LT3013EFE#TRPBF,Analog Devices Inc.,IC REG LIN POS ADJ 16-TSSOP-EP,pmic-voltage-regulators-linear,720,8.14,"16-TSSOP (0.173"", 4.40mm Width) Exposed Pad",Surface Mount,Active,https://www.analog.com/media/en/technical-documentation/data-sheets/3013fe.pdf,https://www.digikey.com/en/products/detail/analog-devices-inc/LT3013EFE-TRPBF/1620826,"Enable, Frequency Control, Power Good",250mA,120 µA,18 mA,,1,-40°C ~ 125°C,Positive,Adjustable,75dB (120Hz),"Over Current, Over Temperature, Reverse Polarity",,,80V,60V,1.24V,0.62V @ 250mA
LT3013HFE#PBF,Analog Devices Inc.,IC REG LIN POS ADJ 16-TSSOP-EP,pmic-voltage-regulators-linear,1153,9.58,"16-TSSOP (0.173"", 4.40mm Width) Exposed Pad",Surface Mount,Active,https://www.analog.com/media/en/technical-documentation/data-sheets/3013fe.pdf,https://www.digikey.com/en/products/detail/analog-devices-inc/LT3013HFE-PBF/1620569,"Enable, Frequency Control, Power Good",200mA,130 µA,18 mA,,1,-40°C ~ 140°C,Positive,Adjustable,75dB (120Hz),"Over Current, Over Temperature, Reverse Polarity",,,80V,60V,1.24V,0.63V @ 200mA
LT3013MPFE#PBF,Analog Devices Inc.,IC REG LIN POS ADJ 16-TSSOP-EP,pmic-voltage-regulators-linear,0,19.5,"16-TSSOP (0.173"", 4.40mm Width) Exposed Pad",Surface Mount,Active,https://www.analog.com/media/en/technical-documentation/data-sheets/3013fe.pdf,https://www.digikey.com/en/products/detail/analog-devices-inc/LT3013MPFE-PBF/2107609,"Enable, Frequency Control, Power Good",250mA,120 µA,18 mA,,1,-55°C ~ 125°C (TJ),Positive,Adjustable,75dB (120Hz),"Over Current, Over Temperature, Reverse Polarity",,,80V,60V,1.24V,0.62V @ 250mA
LT3013MPFE#TRPBF,Analog Devices Inc.,IC REG LIN POS ADJ 16-TSSOP-EP,pmic-voltage-regulators-linear,2375,19.5,"16-TSSOP (0.173"", 4.40mm Width) Exposed Pad",Surface Mount,Active,https://www.analog.com/media/en/technical-documentation/data-sheets/3013fe.pdf,https://www.digikey.com/en/products/detail/analog-devices-inc/LT3013MPFE-TRPBF/7348364,"Enable, Frequency Control, Power Good",250mA,120 µA,18 mA,,1,-55°C ~ 125°C (TJ),Positive,Adjustable,75dB (120Hz),"Over Current, Over Temperature, Reverse Polarity",,,80V,60V,1.24V,0.62V @ 250mA
LT3014BES5#TRMPBF,Analog Devices Inc.,IC REG LIN POS ADJ 20MA TSOT23-5,pmic-voltage-regulators-linear,4234,5.4,"SOT-23-5 Thin, TSOT-23-5",Surface Mount,Active,https://www.analog.com/media/en/technical-documentation/data-sheets/3014bfb.pdf,https://www.digikey.com/en/products/detail/analog-devices-inc/LT3014BES5-TRMPBF/1620505,,20mA,20 µA,1 mA,,1,-40°C ~ 125°C,Positive,Adjustable,70dB (120Hz),"Over Current, Over Temperature, Reverse Polarity",,,80V,60V,1.22V,0.57V @ 20mA
LT3014ES5#TRMPBF,Analog Devices Inc.,IC REG LIN POS ADJ 20MA TSOT23-5,pmic-voltage-regulators-linear,5310,5.36,"SOT-23-5 Thin, TSOT-23-5",Surface Mount,Active,https://www.analog.com/media/en/technical-documentation/data-sheets/3014fd.pdf,https://www.digikey.com/en/products/detail/analog-devices-inc/LT3014ES5-TRMPBF/1620400,Enable,20mA,20 µA,1 mA,,1,-40°C ~ 125°C,Positive,Adjustable,70dB (120Hz),"Over Current, Over Temperature, Reverse Polarity",,,80V,60V,1.22V,0.57V @ 20mA
LT3014ES5#TRPBF,Analog Devices Inc.,IC REG LIN POS ADJ 20MA TSOT23-5,pmic-voltage-regulators-linear,3566,5.36,"SOT-23-5 Thin, TSOT-23-5",Surface Mount,Active,https://www.analog.com/media/en/technical-documentation/data-sheets/3014fd.pdf,https://www.digikey.com/en/products/detail/analog-devices-inc/LT3014ES5-TRPBF/1621482,Enable,20mA,20 µA,1 mA,,1,-40°C ~ 125°C,Positive,Adjustable,70dB (120Hz),"Over Current, Over Temperature, Reverse Polarity",,,80V,60V,1.22V,0.57V @ 20mA
LT3014HVES5#TRMPBF,Analog Devices Inc.,IC REG LIN POS ADJ 20MA TSOT23-5,pmic-voltage-regulators-linear,0,5.9,"SOT-23-5 Thin, TSOT-23-5",Surface Mount,Active,https://www.analog.com/media/en/technical-documentation/data-sheets/3014fd.pdf,https://www.digikey.com/en/products/detail/analog-devices-inc/LT3014HVES5-TRMPBF/1620399,Enable,20mA,20 µA,1 mA,,1,-40°C ~ 125°C,Positive,Adjustable,70dB (120Hz),"Over Current, Over Temperature, Reverse Polarity",,,80V,60V,1.22V,0.57V @ 20mA
LT3014IS5#TRMPBF,Analog Devices Inc.,IC REG LIN POS ADJ 20MA TSOT23-5,pmic-voltage-regulators-linear,1321,5.94,"SOT-23-5 Thin, TSOT-23-5",Surface Mount,Active,https://www.analog.com/media/en/technical-documentation/data-sheets/3014fd.pdf,https://www.digikey.com/en/products/detail/analog-devices-inc/LT3014IS5-TRMPBF/1980579,Enable,20mA,20 µA,1 mA,,1,-40°C ~ 125°C,Positive,Adjustable,70dB (120Hz),"Over Current, Over Temperature, Reverse Polarity",,,80V,60V,1.22V,0.57V @ 20mA
LT3015EDD#PBF,Analog Devices Inc.,IC REG LINEAR NEG ADJ 1.5A 8-DFN,pmic-voltage-regulators-linear,2820,8.76,8-WFDFN Exposed Pad,Surface Mount,Active,https://www.analog.com/media/en/technical-documentation/data-sheets/3015fb.pdf,https://www.digikey.com/en/products/detail/analog-devices-inc/LT3015EDD-PBF/2752756,Enable,1.5A,2.4 mA,70 mA,,1,-40°C ~ 125°C,Negative,Adjustable,65dB (120Hz),"Over Current, Over Temperature, Reverse Polarity",,,-30V,-29.5V,-1.22V,0.5V @ 1.5A
LT3015EDD#TRPBF,Analog Devices Inc.,IC REG LINEAR NEG ADJ 1.5A 8-DFN,pmic-voltage-regulators-linear,4541,8.76,8-WFDFN Exposed Pad,Surface Mount,Active,https://www.analog.com/media/en/technical-documentation/data-sheets/3015fb.pdf,https://www.digikey.com/en/products/detail/analog-devices-inc/LT3015EDD-TRPBF/2752757,Enable,1.5A,2.4 mA,70 mA,,1,-40°C ~ 125°C,Negative,Adjustable,65dB (120Hz),"Over Current, Over Temperature, Reverse Polarity",,,-30V,-29.5V,-1.22V,0.5V @ 1.5A
LT3015EDD-5#TRPBF,Analog Devices Inc.,IC REG LINEAR -5V 1.5A 8-DFN,pmic-voltage-regulators-linear,6987,8.76,8-WFDFN Exposed Pad,Surface Mount,Active,https://www.analog.com/media/en/technical-documentation/data-sheets/3015fb.pdf,https://www.digikey.com/en/products/detail/analog-devices-inc/LT3015EDD-5-TRPBF/3024715,Enable,1.5A,2.4 mA,70 mA,,1,-40°C ~ 125°C,Negative,Fixed,58dB (120Hz),"Over Current, Over Temperature, Reverse Polarity",,,-30V,,-5V,0.5V @ 1.5A
LT3015EMSE#PBF,Analog Devices Inc.,IC REG LIN NEG ADJ 1.5A 12-MSOEP,pmic-voltage-regulators-linear,624,8.76,"12-TSSOP (0.118"", 3.00mm Width) Exposed Pad",Surface Mount,Active,https://www.analog.com/media/en/technical-documentation/data-sheets/3015fb.pdf,https://www.digikey.com/en/products/detail/analog-devices-inc/LT3015EMSE-PBF/2752758,Enable,1.5A,2.4 mA,70 mA,,1,-40°C ~ 125°C,Negative,Adjustable,65dB (120Hz),"Over Current, Over Temperature, Reverse Polarity",,,-30V,-29.5V,-1.22V,0.5V @ 1.5A
LT3015EMSE#TRPBF,Analog Devices Inc.,IC REG LIN NEG ADJ 1.5A 12-MSOEP,pmic-voltage-regulators-linear,1658,8.76,"12-TSSOP (0.118"", 3.00mm Width) Exposed Pad",Surface Mount,Active,https://www.analog.com/media/en/technical-documentation/data-sheets/3015fb.pdf,https://www.digikey.com/en/products/detail/analog-devices-inc/LT3015EMSE-TRPBF/2752759,Enable,1.5A,2.4 mA,70 mA,,1,-40°C ~ 125°C,Negative,Adjustable,65dB (120Hz),"Over Current, Over Temperature, Reverse Polarity",,,-30V,-29.5V,-1.22V,0.5V @ 1.5A
LT3015EQ#PBF,Analog Devices Inc.,IC REG LIN NEG ADJ 1.5A DDPAK-5,pmic-voltage-regulators-linear,999,9.75,"TO-263-6, D2PAK (5 Leads + Tab), TO-263BA",Surface Mount,Active,https://www.analog.com/media/en/technical-documentation/data-sheets/3015fb.pdf,https://www.digikey.com/en/products/detail/analog-devices-inc/LT3015EQ-PBF/2752760,Enable,1.5A,2.4 mA,70 mA,,1,-40°C ~ 125°C,Negative,Adjustable,65dB (120Hz),"Over Current, Over Temperature, Reverse Polarity",,,-30V,-29.5V,-1.22V,0.68V @ 1.5A
LT3015EQ#TRPBF,Analog Devices Inc.,IC REG LIN NEG ADJ 1.5A DDPAK-5,pmic-voltage-regulators-linear,3939,9.75,"TO-263-6, D2PAK (5 Leads + Tab), TO-263BA",Surface Mount,Active,https://www.analog.com/media/en/technical-documentation/data-sheets/3015fb.pdf,https://www.digikey.com/en/products/detail/analog-devices-inc/LT3015EQ-TRPBF/2752761,Enable,1.5A,2.4 mA,70 mA,,1,-40°C ~ 125°C,Negative,Adjustable,65dB (120Hz),"Over Current, Over Temperature, Reverse Polarity",,,-30V,-29.5V,-1.22V,0.68V @ 1.5A
LT3015IDD#PBF,Analog Devices Inc.,IC REG LINEAR NEG ADJ 1.5A 8-DFN,pmic-voltage-regulators-linear,3665,9.75,8-WFDFN Exposed Pad,Surface Mount,Active,https://www.analog.com/media/en/technical-documentation/data-sheets/3015fb.pdf,https://www.digikey.com/en/products/detail/analog-devices-inc/LT3015IDD-PBF/2752764,Enable,1.5A,2.4 mA,70 mA,,1,-40°C ~ 125°C,Negative,Adjustable,65dB (120Hz),"Over Current, Over Temperature, Reverse Polarity",,,-30V,-29.5V,-1.22V,0.5V @ 1.5A
LT3015IDD#TRPBF,Analog Devices Inc.,IC REG LINEAR NEG ADJ 1.5A 8-DFN,pmic-voltage-regulators-linear,3961,9.75,8-WFDFN Exposed Pad,Surface Mount,Active,https://www.analog.com/media/en/technical-documentation/data-sheets/3015fb.pdf,https://www.digikey.com/en/products/detail/analog-devices-inc/LT3015IDD-TRPBF/2752765,Enable,1.5A,2.4 mA,70 mA,,1,-40°C ~ 125°C,Negative,Adjustable,65dB (120Hz),"Over Current, Over Temperature, Reverse Polarity",,,-30V,-29.5V,-1.22V,0.5V @ 1.5A
LT3015IMSE#PBF,Analog Devices Inc.,IC REG LIN NEG ADJ 1.5A 12-MSOEP,pmic-voltage-regulators-linear,335,9.75,"12-TSSOP (0.118"", 3.00mm Width) Exposed Pad",Surface Mount,Active,https://www.analog.com/media/en/technical-documentation/data-sheets/3015fb.pdf,https://www.digikey.com/en/products/detail/analog-devices-inc/LT3015IMSE-PBF/2752766,Enable,1.5A,2.4 mA,70 mA,,1,-40°C ~ 125°C,Negative,Adjustable,65dB (120Hz),"Over Current, Over Temperature, Reverse Polarity",,,-30V,-29.5V,-1.22V,0.5V @ 1.5A
LT3015IQ#PBF,Analog Devices Inc.,IC REG LIN NEG ADJ 1.5A DDPAK-5,pmic-voltage-regulators-linear,491,11.02,"TO-263-6, D2PAK (5 Leads + Tab), TO-263BA",Surface Mount,Active,https://www.analog.com/media/en/technical-documentation/data-sheets/3015fb.pdf,https://www.digikey.com/en/products/detail/analog-devices-inc/LT3015IQ-PBF/2752768,Enable,1.5A,2.4 mA,70 mA,,1,-40°C ~ 125°C,Negative,Adjustable,65dB (120Hz),"Over Current, Over Temperature, Reverse Polarity",,,-30V,-29.5V,-1.22V,0.68V @ 1.5A
LT3020EDD#TRPBF,Analog Devices Inc.,IC REG LIN POS ADJ 100MA 8-DFN,pmic-voltage-regulators-linear,3336,5.74,8-WFDFN Exposed Pad,Surface Mount,Active,https://www.analog.com/media/en/technical-documentation/data-sheets/3020fc.pdf,https://www.digikey.com/en/products/detail/analog-devices-inc/LT3020EDD-TRPBF/960761,Enable,100mA,250 µA,3.5 mA,,1,-40°C ~ 125°C,Positive,Adjustable,64dB (120Hz),"Over Current, Over Temperature, Reverse Polarity",,,10V,9.5V,0.2V,0.285V @ 100mA
LT3021EDH#PBF,Analog Devices Inc.,IC REG LIN POS ADJ 500MA 16-DFN,pmic-voltage-regulators-linear,6187,7.68,16-WFDFN Exposed Pad,Surface Mount,Active,https://www.analog.com/media/en/technical-documentation/data-sheets/3021fc.pdf,https://www.digikey.com/en/products/detail/analog-devices-inc/LT3021EDH-PBF/1620160,Enable,500mA,250 µA,10 mA,,1,-40°C ~ 125°C,Positive,Adjustable,70dB (120Hz),"Over Current, Over Temperature, Reverse Polarity",,,10V,9.5V,0.2V,0.285V @ 500mA
LT3021EDH#TRPBF,Analog Devices Inc.,IC REG LIN POS ADJ 500MA 16-DFN,pmic-voltage-regulators-linear,3173,7.68,16-WFDFN Exposed Pad,Surface Mount,Active,https://www.analog.com/media/en/technical-documentation/data-sheets/3021fc.pdf,https://www.digikey.com/en/products/detail/analog-devices-inc/LT3021EDH-TRPBF/1621478,Enable,500mA,250 µA,10 mA,,1,-40°C ~ 125°C,Positive,Adjustable,70dB (120Hz),"Over Current, Over Temperature, Reverse Polarity",,,10V,9.5V,0.2V,0.285V @ 500mA
LT3021ES8#PBF,Analog Devices Inc.,IC REG LINEAR POS ADJ 500MA 8-SO,pmic-voltage-regulators-linear,467,7.55,"8-SOIC (0.154"", 3.90mm Width)",Surface Mount,Active,https://www.analog.com/media/en/technical-documentation/data-sheets/3021fc.pdf,https://www.digikey.com/en/products/detail/analog-devices-inc/LT3021ES8-PBF/1620193,Enable,500mA,250 µA,10 mA,,1,-40°C ~ 125°C,Positive,Adjustable,70dB (120Hz),"Over Current, Over Temperature, Reverse Polarity",,,10V,9.5V,0.2V,0.285V @ 500mA
LT3021ES8#TRPBF,Analog Devices Inc.,IC REG LINEAR POS ADJ 500MA 8-SO,pmic-voltage-regulators-linear,10472,7.55,"8-SOIC (0.154"", 3.90mm Width)",Surface Mount,Active,https://www.analog.com/media/en/technical-documentation/data-sheets/3021fc.pdf,https://www.digikey.com/en/products/detail/analog-devices-inc/LT3021ES8-TRPBF/1212555,Enable,500mA,250 µA,10 mA,,1,-40°C ~ 125°C,Positive,Adjustable,70dB (120Hz),"Over Current, Over Temperature, Reverse Polarity",,,10V,9.5V,0.2V,0.285V @ 500mA
LT3021ES8-1.2#PBF,Analog Devices Inc.,IC REG LINEAR 1.2V 500MA 8-SO,pmic-voltage-regulators-linear,247,7.55,"8-SOIC (0.154"", 3.90mm Width)",Surface Mount,Active,https://www.analog.com/media/en/technical-documentation/data-sheets/3021fc.pdf,https://www.digikey.com/en/products/detail/analog-devices-inc/LT3021ES8-1-2-PBF/1620177,Enable,500mA,250 µA,10 mA,,1,-40°C ~ 125°C,Positive,Fixed,60dB (120Hz),"Over Current, Over Temperature, Reverse Polarity",,,10V,,1.2V,0.285V @ 500mA
LT3021ES8-1.2#TRPBF,Analog Devices Inc.,IC REG LINEAR 1.2V 500MA 8-SO,pmic-voltage-regulators-linear,9250,7.55,"8-SOIC (0.154"", 3.90mm Width)",Surface Mount,Active,https://www.analog.com/media/en/technical-documentation/data-sheets/3021fc.pdf,https://www.digikey.com/en/products/detail/analog-devices-inc/LT3021ES8-1-2-TRPBF/1621459,Enable,500mA,250 µA,10 mA,,1,-40°C ~ 125°C,Positive,Fixed,60dB (120Hz),"Over Current, Over Temperature, Reverse Polarity",,,10V,,1.2V,0.285V @ 500mA
LT3021ES8-1.8#PBF,Analog Devices Inc.,IC REG LINEAR 1.8V 500MA 8-SO,pmic-voltage-regulators-linear,802,7.55,"8-SOIC (0.154"", 3.90mm Width)",Surface Mount,Active,https://www.analog.com/media/en/technical-documentation/data-sheets/3021fc.pdf,https://www.digikey.com/en/products/detail/analog-devices-inc/LT3021ES8-1-8-PBF/1620188,Enable,500mA,250 µA,10 mA,,1,-40°C ~ 125°C,Positive,Fixed,56dB (120Hz),"Over Current, Over Temperature, Reverse Polarity",,,10V,,1.8V,0.285V @ 500mA
LT3022EDHC#PBF,Analog Devices Inc.,IC REG LINEAR POS ADJ 1A 16-DFN,pmic-voltage-regulators-linear,1580,8.93,16-WFDFN Exposed Pad,Surface Mount,Active,https://www.analog.com/media/en/technical-documentation/data-sheets/3022fb.pdf,https://www.digikey.com/en/products/detail/analog-devices-inc/LT3022EDHC-PBF/2297093,Enable,1A,3.5 mA,36 mA,,1,-40°C ~ 125°C,Positive,Adjustable,70dB (120Hz),"Over Current, Over Temperature, Reverse Polarity",,,10V,9.5V,0.2V,0.285V @ 1A
LT3022EDHC#TRPBF,Analog Devices Inc.,IC REG LINEAR POS ADJ 1A 16-DFN,pmic-voltage-regulators-linear,1118,8.93,16-WFDFN Exposed Pad,Surface Mount,Active,https://www.analog.com/media/en/technical-documentation/data-sheets/3022fb.pdf,https://www.digikey.com/en/products/detail/analog-devices-inc/LT3022EDHC-TRPBF/2297633,Enable,1A,3.5 mA,36 mA,,1,-40°C ~ 125°C,Positive,Adjustable,70dB (120Hz),"Over Current, Over Temperature, Reverse Polarity",,,10V,9.5V,0.2V,0.285V @ 1A
LT3022IDHC#PBF,Analog Devices Inc.,IC REG LINEAR POS ADJ 1A 16-DFN,pmic-voltage-regulators-linear,496,10.11,16-WFDFN Exposed Pad,Surface Mount,Active,https://www.analog.com/media/en/technical-documentation/data-sheets/3022fb.pdf,https://www.digikey.com/en/products/detail/analog-devices-inc/LT3022IDHC-PBF/2297681,Enable,1A,3.5 mA,36 mA,,1,-40°C ~ 125°C,Positive,Adjustable,70dB (120Hz),"Over Current, Over Temperature, Reverse Polarity",,,10V,9.5V,0.2V,0.285V @ 1A
LT3022IMSE#PBF,Analog Devices Inc.,IC REG LIN POS ADJ 1A 16-MSOP-EP,pmic-voltage-regulators-linear,554,10.57,"16-TFSOP (0.118"", 3.00mm Width) Exposed Pad",Surface Mount,Active,https://www.analog.com/media/en/technical-documentation/data-sheets/3022fb.pdf,https://www.digikey.com/en/products/detail/analog-devices-inc/LT3022IMSE-PBF/2297665,Enable,1A,3.5 mA,36 mA,,1,-40°C ~ 125°C,Positive,Adjustable,70dB (120Hz),"Over Current, Over Temperature, Reverse Polarity",,,10V,9.5V,0.2V,0.285V @ 1A
LT3024EDE#TRPBF,Analog Devices Inc.,IC REG LINEAR POS ADJ 12-DFN,pmic-voltage-regulators-linear,3951,9.02,12-WFDFN Exposed Pad,Surface Mount,Active,https://www.analog.com/media/en/technical-documentation/data-sheets/3024fa.pdf,https://www.digikey.com/en/products/detail/analog-devices-inc/LT3024EDE-TRPBF/959789,Enable,"100mA, 500mA",,,,2,-40°C ~ 125°C,Positive,Adjustable,65dB (120Hz),"Over Current, Over Temperature, Reverse Polarity",,,20V,20V,1.22V,"0.45V @ 100mA, 0.45V @ 500mA"
LT3029EDE#PBF,Analog Devices Inc.,IC REG LINEAR POS ADJ 16-DFN,pmic-voltage-regulators-linear,611,9.36,16-WFDFN Exposed Pad,Surface Mount,Active,https://www.analog.com/media/en/technical-documentation/data-sheets/3029fb.pdf,https://www.digikey.com/en/products/detail/analog-devices-inc/LT3029EDE-PBF/2225676,Enable,"500mA, 500mA",,,,2,-40°C ~ 125°C,Positive,Adjustable,67dB (120Hz),"Over Current, Over Temperature, Reverse Polarity",,,20V,19.5V,1.215V,"0.46V @ 500mA, 0.46V @ 500mA"
LT3029EMSE#PBF,Analog Devices Inc.,IC REG LINEAR POS ADJ 16-MSOP-EP,pmic-voltage-regulators-linear,2471,9.36,"16-TFSOP (0.118"", 3.00mm Width) Exposed Pad",Surface Mount,Active,https://www.analog.com/media/en/technical-documentation/data-sheets/3029fb.pdf,https://www.digikey.com/en/products/detail/analog-devices-inc/LT3029EMSE-PBF/2225682,Enable,"500mA, 500mA",,,,2,-40°C ~ 125°C,Positive,Adjustable,67dB (120Hz),"Over Current, Over Temperature, Reverse Polarity",,,20V,19.5V,1.215V,"0.46V @ 500mA, 0.46V @ 500mA"
LT3029IDE#PBF,Analog Devices Inc.,IC REG LINEAR POS ADJ 16-DFN,pmic-voltage-regulators-linear,6381,10.11,16-WFDFN Exposed Pad,Surface Mount,Active,https://www.analog.com/media/en/technical-documentation/data-sheets/3029fb.pdf,https://www.digikey.com/en/products/detail/analog-devices-inc/LT3029IDE-PBF/2237463,Enable,"500mA, 500mA",,,,2,-40°C ~ 125°C,Positive,Adjustable,67dB (120Hz),"Over Current, Over Temperature, Reverse Polarity",,,20V,19.5V,1.215V,"0.46V @ 500mA, 0.46V @ 500mA"
LT3030EFE#PBF,Analog Devices Inc.,IC REG LINEAR POS ADJ 20TSSOP,pmic-voltage-regulators-linear,821,10.51,"20-TSSOP (0.173"", 4.40mm Width) Exposed Pad",Surface Mount,Active,https://www.analog.com/media/en/technical-documentation/data-sheets/3030fa.pdf,https://www.digikey.com/en/products/detail/analog-devices-inc/LT3030EFE-PBF/3913120,"Enable, Power Good","250mA, 750mA",,,,2,-40°C ~ 125°C,Positive,Adjustable,60dB ~ 50dB (120Hz ~ 1MHz),"Over Current, Over Temperature, Reverse Polarity",,,20V,19.5V,1.22V,"0.48V @ 250mA, 0.48V @ 750mA"
LT3032EDE#PBF,Analog Devices Inc.,IC REG LINEAR POS/NEG ADJ 14-DFN,pmic-voltage-regulators-linear,0,7.4,14-PowerWFDFN,Surface Mount,Active,https://www.analog.com/media/en/technical-documentation/data-sheets/3032ff.pdf,https://www.digikey.com/en/products/detail/analog-devices-inc/LT3032EDE-PBF/2188313,Enable,"150mA, 150mA",,,,2,-40°C ~ 125°C,Positive and Negative,Adjustable,"68dB (120Hz), 54dB (120Hz)","Over Current, Over Temperature, Reverse Polarity",,,±20V,±20V,±1.22V,"0.27V @ 150mA (Typ), 0.3V @ 150mA (Typ)"
LT3032EDE-12#TRPBF,Analog Devices Inc.,IC REG LINEAR 12V 150MA 14-DFN,pmic-voltage-regulators-linear,900,7.4,14-PowerWFDFN,Surface Mount,Active,https://www.analog.com/media/en/technical-documentation/data-sheets/3032ff.pdf,https://www.digikey.com/en/products/detail/analog-devices-inc/LT3032EDE-12-TRPBF/2785970,Enable,"150mA, 150mA",,,,2,-40°C ~ 125°C,Positive and Negative,Fixed,"68dB (120Hz), 54dB (120Hz)","Over Current, Over Temperature, Reverse Polarity",,,±20V,,±12V,"0.27V @ 150mA (Typ), 0.3V @ 150mA (Typ)"
LT3032EDE-3.3#PBF,Analog Devices Inc.,IC REG LINEAR 3.3V 150MA 14-DFN,pmic-voltage-regulators-linear,729,7.4,14-PowerWFDFN,Surface Mount,Active,https://www.analog.com/media/en/technical-documentation/data-sheets/3032ff.pdf,https://www.digikey.com/en/products/detail/analog-devices-inc/LT3032EDE-3-3-PBF/5011655,Enable,"150mA, 150mA",,,,2,-40°C ~ 125°C,Positive and Negative,Fixed,"68dB (120Hz), 54dB (120Hz)","Over Current, Over Temperature, Reverse Polarity",,,±20V,,±3.3V,"0.27V @ 150mA (Typ), 0.3V @ 150mA (Typ)"
LT3032EDE-5#PBF,Analog Devices Inc.,IC REG LIN 5V 150MA/150MA 14DFN,pmic-voltage-regulators-linear,970,7.4,14-PowerWFDFN,Surface Mount,Active,https://www.analog.com/media/en/technical-documentation/data-sheets/3032ff.pdf,https://www.digikey.com/en/products/detail/analog-devices-inc/LT3032EDE-5-PBF/2404655,Enable,"150mA, 150mA",,,,2,-40°C ~ 125°C,Positive and Negative,Fixed,"68dB (120Hz), 54dB (120Hz)","Over Current, Over Temperature, Reverse Polarity",,,±20V,,±5V,"0.27V @ 150mA (Typ), 0.3V @ 150mA (Typ)"
LT3032EDE-5#TRPBF,Analog Devices Inc.,IC REG LIN 5V 150MA/150MA 14DFN,pmic-voltage-regulators-linear,886,7.4,14-PowerWFDFN,Surface Mount,Active,https://www.analog.com/media/en/technical-documentation/data-sheets/3032ff.pdf,https://www.digikey.com/en/products/detail/analog-devices-inc/LT3032EDE-5-TRPBF/2405877,Enable,"150mA, 150mA",,,,2,-40°C ~ 125°C,Positive and Negative,Fixed,"68dB (120Hz), 54dB (120Hz)","Over Current, Over Temperature, Reverse Polarity",,,±20V,,±5V,"0.27V @ 150mA (Typ), 0.3V @ 150mA (Typ)"
LT3032IDE#PBF,Analog Devices Inc.,IC REG LINEAR POS/NEG ADJ 14-DFN,pmic-voltage-regulators-linear,114,8.42,14-PowerWFDFN,Surface Mount,Active,https://www.analog.com/media/en/technical-documentation/data-sheets/3032ff.pdf,https://www.digikey.com/en/products/detail/analog-devices-inc/LT3032IDE-PBF/2192582,Enable,"150mA, 150mA",,,,2,-40°C ~ 125°C,Positive and Negative,Adjustable,"68dB (120Hz), 54dB (120Hz)","Over Current, Over Temperature, Reverse Polarity",,,±20V,±20V,±1.22V,"0.27V @ 150mA (Typ), 0.3V @ 150mA (Typ)"
LT3032IDE#TRPBF,Analog Devices Inc.,IC REG LINEAR POS/NEG ADJ 14-DFN,pmic-voltage-regulators-linear,3446,8.42,14-PowerWFDFN,Surface Mount,Active,https://www.analog.com/media/en/technical-documentation/data-sheets/3032ff.pdf,https://www.digikey.com/en/products/detail/analog-devices-inc/LT3032IDE-TRPBF/2195676,Enable,"150mA, 150mA",,,,2,-40°C ~ 125°C,Positive and Negative,Adjustable,"68dB (120Hz), 54dB (120Hz)","Over Current, Over Temperature, Reverse Polarity",,,±20V,±20V,±1.22V,"0.27V @ 150mA (Typ), 0.3V @ 150mA (Typ)"
LT3032IDE-5#TRPBF,Analog Devices Inc.,IC REG LIN 5V 150MA/150MA 14DFN,pmic-voltage-regulators-linear,3541,8.42,14-PowerWFDFN,Surface Mount,Active,https://www.analog.com/media/en/technical-documentation/data-sheets/3032ff.pdf,https://www.digikey.com/en/products/detail/analog-devices-inc/LT3032IDE-5-TRPBF/2405879,Enable,"150mA, 150mA",,,,2,-40°C ~ 125°C,Positive and Negative,Fixed,"68dB (120Hz), 54dB (120Hz)","Over Current, Over Temperature, Reverse Polarity",,,±20V,,±5V,"0.27V @ 150mA (Typ), 0.3V @ 150mA (Typ)"
LT3033EUDC#TRPBF,Analog Devices Inc.,IC REG LINEAR POS ADJ 3A 20-QFN,pmic-voltage-regulators-linear,2059,9.73,20-WFQFN Exposed Pad,Surface Mount,Active,http://www.analog.com/media/en/technical-documentation/data-sheets/LT3033.pdf,https://www.digikey.com/en/products/detail/analog-devices-inc/LT3033EUDC-TRPBF/9599243,"Enable, Power Good",3A,3.5 mA,60 mA,,1,-40°C ~ 125°C,Positive,Adjustable,60dB ~ 52dB (120Hz ~ 1MHz),"Over Current, Over Temperature, Reverse Polarity",,,10V,9.7V,0.2V,0.24V @ 3A
LT3033IUDC#PBF,Analog Devices Inc.,IC REG LINEAR POS ADJ 3A 20-QFN,pmic-voltage-regulators-linear,648,10.32,20-WFQFN Exposed Pad,Surface Mount,Active,http://www.analog.com/media/en/technical-documentation/data-sheets/LT3033.pdf,https://www.digikey.com/en/products/detail/analog-devices-inc/LT3033IUDC-PBF/9599241,"Enable, Power Good",3A,3.5 mA,60 mA,,1,-40°C ~ 125°C,Positive,Adjustable,60dB ~ 52dB (120Hz ~ 1MHz),"Over Current, Over Temperature, Reverse Polarity",,,10V,9.7V,0.2V,0.24V @ 3A
LT3033IUDC#TRPBF,Analog Devices Inc.,IC REG LINEAR POS ADJ 3A 20-QFN,pmic-voltage-regulators-linear,3990,10.32,20-WFQFN Exposed Pad,Surface Mount,Active,http://www.analog.com/media/en/technical-documentation/data-sheets/LT3033.pdf,https://www.digikey.com/en/products/detail/analog-devices-inc/LT3033IUDC-TRPBF/9599244,"Enable, Power Good",3A,3.5 mA,60 mA,,1,-40°C ~ 125°C,Positive,Adjustable,60dB ~ 52dB (120Hz ~ 1MHz),"Over Current, Over Temperature, Reverse Polarity",,,10V,9.7V,0.2V,0.24V @ 3A
LT3040EDD#TRPBF,Analog Devices Inc.,IC REG LIN POS ADJ 200MA 10DFN,pmic-voltage-regulators-linear,1125,7.38,10-WFDFN Exposed Pad,Surface Mount,Active,https://www.analog.com/media/en/technical-documentation/data-sheets/LT3040.pdf,https://www.digikey.com/en/products/detail/analog-devices-inc/LT3040EDD-TRPBF/11505961,Enable,200mA,2.6 mA,14 mA,,1,-40°C ~ 125°C (TJ),Positive,Adjustable,117dB ~ 56dB (120Hz ~ 10MHz),"Over Current, Over Temperature, Reverse Polarity, Under Voltage Lockout (UVLO)",,,20V,15V,0V,0.6V @ 200mA
LT3042EDD#PBF,Analog Devices Inc.,IC REG LIN POS ADJ 200MA 10DFN,pmic-voltage-regulators-linear,3522,7.55,10-WFDFN Exposed Pad,Surface Mount,Active,https://www.analog.com/media/en/technical-documentation/data-sheets/3042fb.pdf,https://www.digikey.com/en/products/detail/analog-devices-inc/LT3042EDD-PBF/5230600,"Current Limit, Enable, Power Good",200mA,,,,1,-40°C ~ 125°C,Positive,Adjustable,117dB ~ 56dB (120Hz ~ 10MHz),"Over Temperature, Reverse Polarity",,,20V,15V,0V,0.35V @ 200mA (Typ)
LT3042EDD#TRPBF,Analog Devices Inc.,IC REG LIN POS ADJ 200MA 10DFN,pmic-voltage-regulators-linear,7639,7.55,10-WFDFN Exposed Pad,Surface Mount,Active,https://www.analog.com/media/en/technical-documentation/data-sheets/3042fb.pdf,https://www.digikey.com/en/products/detail/analog-devices-inc/LT3042EDD-TRPBF/5233181,"Current Limit, Enable, Power Good",200mA,,,,1,-40°C ~ 125°C,Positive,Adjustable,117dB ~ 56dB (120Hz ~ 10MHz),"Over Temperature, Reverse Polarity",,,20V,15V,0V,0.35V @ 200mA (Typ)
LT3042EMSE#PBF,Analog Devices Inc.,IC REG LINEAR POS ADJ 10MSOP-EP,pmic-voltage-regulators-linear,1123,7.55,"10-TFSOP, 10-MSOP (0.118"", 3.00mm Width) Exposed Pad",Surface Mount,Active,https://www.analog.com/media/en/technical-documentation/data-sheets/3042fb.pdf,https://www.digikey.com/en/products/detail/analog-devices-inc/LT3042EMSE-PBF/5231262,"Current Limit, Enable, Power Good",200mA,,,,1,-40°C ~ 125°C,Positive,Adjustable,117dB ~ 56dB (120Hz ~ 10MHz),"Over Temperature, Reverse Polarity",,,20V,15V,0V,0.35V @ 200mA (Typ)
LT3042EMSE#TRPBF,Analog Devices Inc.,IC REG LINEAR POS ADJ 10MSOP-EP,pmic-voltage-regulators-linear,12232,7.55,"10-TFSOP, 10-MSOP (0.118"", 3.00mm Width) Exposed Pad",Surface Mount,Active,https://www.analog.com/media/en/technical-documentation/data-sheets/3042fb.pdf,https://www.digikey.com/en/products/detail/analog-devices-inc/LT3042EMSE-TRPBF/5233182,"Current Limit, Enable, Power Good",200mA,,,,1,-40°C ~ 125°C,Positive,Adjustable,117dB ~ 56dB (120Hz ~ 10MHz),"Over Temperature, Reverse Polarity",,,20V,15V,0V,0.35V @ 200mA (Typ)
LT3042HDD#TRPBF,Analog Devices Inc.,IC REG LIN POS ADJ 200MA 10DFN,pmic-voltage-regulators-linear,5237,9.17,10-WFDFN Exposed Pad,Surface Mount,Active,https://www.analog.com/media/en/technical-documentation/data-sheets/3042fb.pdf,https://www.digikey.com/en/products/detail/analog-devices-inc/LT3042HDD-TRPBF/5233183,"Current Limit, Enable, Power Good",200mA,,,,1,-40°C ~ 150°C,Positive,Adjustable,117dB ~ 56dB (120Hz ~ 10MHz),"Over Temperature, Reverse Polarity",,,20V,15V,0V,0.35V @ 200mA (Typ)
LT3042IDD#PBF,Analog Devices Inc.,IC REG LIN POS ADJ 200MA 10DFN,pmic-voltage-regulators-linear,283,8.29,10-WFDFN Exposed Pad,Surface Mount,Active,https://www.analog.com/media/en/technical-documentation/data-sheets/3042fb.pdf,https://www.digikey.com/en/products/detail/analog-devices-inc/LT3042IDD-PBF/5231264,"Current Limit, Enable, Power Good",200mA,,,,1,-40°C ~ 125°C,Positive,Adjustable,117dB ~ 56dB (120Hz ~ 10MHz),"Over Temperature, Reverse Polarity",,,20V,15V,0V,0.35V @ 200mA (Typ)
LT3042IDD#TRPBF,Analog Devices Inc.,IC REG LIN POS ADJ 200MA 10DFN,pmic-voltage-regulators-linear,11463,8.29,10-WFDFN Exposed Pad,Surface Mount,Active,https://www.analog.com/media/en/technical-documentation/data-sheets/3042fb.pdf,https://www.digikey.com/en/products/detail/analog-devices-inc/LT3042IDD-TRPBF/5233185,"Current Limit, Enable, Power Good",200mA,,,,1,-40°C ~ 125°C,Positive,Adjustable,117dB ~ 56dB (120Hz ~ 10MHz),"Over Temperature, Reverse Polarity",,,20V,15V,0V,0.35V @ 200mA (Typ)
LT3042IMSE#PBF,Analog Devices Inc.,IC REG LINEAR POS ADJ 10MSOP-EP,pmic-voltage-regulators-linear,211,8.29,"10-TFSOP, 10-MSOP (0.118"", 3.00mm Width) Exposed Pad",Surface Mount,Active,https://www.analog.com/media/en/technical-documentation/data-sheets/3042fb.pdf,https://www.digikey.com/en/products/detail/analog-devices-inc/LT3042IMSE-PBF/5231265,"Current Limit, Enable, Power Good",200mA,,,,1,-40°C ~ 125°C,Positive,Adjustable,117dB ~ 56dB (120Hz ~ 10MHz),"Over Temperature, Reverse Polarity",,,20V,15V,0V,0.35V @ 200mA (Typ)
LT3042IMSE#TRPBF,Analog Devices Inc.,IC REG LINEAR POS ADJ 10MSOP-EP,pmic-voltage-regulators-linear,3937,8.29,"10-TFSOP, 10-MSOP (0.118"", 3.00mm Width) Exposed Pad",Surface Mount,Active,https://www.analog.com/media/en/technical-documentation/data-sheets/3042fb.pdf,https://www.digikey.com/en/products/detail/analog-devices-inc/LT3042IMSE-TRPBF/5233186,"Current Limit, Enable, Power Good",200mA,,,,1,-40°C ~ 125°C,Positive,Adjustable,117dB ~ 56dB (120Hz ~ 10MHz),"Over Temperature, Reverse Polarity",,,20V,15V,0V,0.35V @ 200mA (Typ)
LT3042MPDD#PBF,Analog Devices Inc.,IC REG LIN POS ADJ 200MA 10DFN,pmic-voltage-regulators-linear,884,19.66,10-WFDFN Exposed Pad,Surface Mount,Active,https://www.analog.com/media/en/technical-documentation/data-sheets/3042fb.pdf,https://www.digikey.com/en/products/detail/analog-devices-inc/LT3042MPDD-PBF/5233153,"Current Limit, Enable, Power Good",200mA,,,,1,-55°C ~ 150°C,Positive,Adjustable,117dB ~ 56dB (120Hz ~ 10MHz),"Over Temperature, Reverse Polarity",,,20V,15V,0V,0.35V @ 200mA (Typ)
LT3045EDD#TRPBF,Analog Devices Inc.,IC REG LIN POS ADJ 500MA 10DFN,pmic-voltage-regulators-linear,7920,9.17,10-WFDFN Exposed Pad,Surface Mount,Active,https://www.analog.com/media/en/technical-documentation/data-sheets/LT3045.pdf,https://www.digikey.com/en/products/detail/analog-devices-inc/LT3045EDD-TRPBF/6235365,"Enable, Power Good, Soft Start",500mA,20 µA,25 mA,,1,-40°C ~ 125°C (TJ),Positive,Adjustable,117dB ~ 53dB (120Hz ~ 10MHz),"Over Current, Over Temperature, Reverse Polarity, Under Voltage Lockout (UVLO)",,,20V,15V,0V,0.45V @ 500mA
LT3045EDD-1#PBF,Analog Devices Inc.,IC REG LIN POS ADJ 500MA 12-DFN,pmic-voltage-regulators-linear,1778,9.17,12-WFDFN Exposed Pad,Surface Mount,Active,https://www.analog.com/media/en/technical-documentation/data-sheets/30451fa.pdf,https://www.digikey.com/en/products/detail/analog-devices-inc/LT3045EDD-1-PBF/7202031,"Enable, Power Good, Soft Start",500mA,20 µA,25 mA,,1,-40°C ~ 125°C (TJ),Positive,Adjustable,117dB ~ 53dB (120Hz ~ 10MHz),"Over Current, Over Temperature, Reverse Polarity, Under Voltage Lockout (UVLO)",,,20V,15V,0V,0.45V @ 500mA
LT3045EDD-1#TRPBF,Analog Devices Inc.,IC REG LIN POS ADJ 500MA 12-DFN,pmic-voltage-regulators-linear,9315,9.17,12-WFDFN Exposed Pad,Surface Mount,Active,https://www.analog.com/media/en/technical-documentation/data-sheets/30451fa.pdf,https://www.digikey.com/en/products/detail/analog-devices-inc/LT3045EDD-1-TRPBF/7202145,"Enable, Power Good, Soft Start",500mA,20 µA,25 mA,,1,-40°C ~ 125°C (TJ),Positive,Adjustable,117dB ~ 53dB (120Hz ~ 10MHz),"Over Current, Over Temperature, Reverse Polarity, Under Voltage Lockout (UVLO)",,,20V,15V,0V,0.45V @ 500mA
LT3045EMSE#PBF,Analog Devices Inc.,IC REG LIN POS ADJ 500MA 12MSOP,pmic-voltage-regulators-linear,8369,9.17,"12-TSSOP (0.118"", 3.00mm Width) Exposed Pad",Surface Mount,Active,https://www.analog.com/media/en/technical-documentation/data-sheets/LT3045.pdf,https://www.digikey.com/en/products/detail/analog-devices-inc/LT3045EMSE-PBF/6234771,"Enable, Power Good, Soft Start",500mA,20 µA,25 mA,,1,-40°C ~ 125°C (TJ),Positive,Adjustable,117dB ~ 53dB (120Hz ~ 10MHz),"Over Current, Over Temperature, Reverse Polarity, Under Voltage Lockout (UVLO)",,,20V,15V,0V,0.45V @ 500mA
LT3045EMSE#TRPBF,Analog Devices Inc.,IC REG LIN POS ADJ 500MA 12MSOP,pmic-voltage-regulators-linear,14067,9.17,"12-TSSOP (0.118"", 3.00mm Width) Exposed Pad",Surface Mount,Active,https://www.analog.com/media/en/technical-documentation/data-sheets/LT3045.pdf,https://www.digikey.com/en/products/detail/analog-devices-inc/LT3045EMSE-TRPBF/6235366,"Enable, Power Good, Soft Start",500mA,20 µA,25 mA,,1,-40°C ~ 125°C (TJ),Positive,Adjustable,117dB ~ 53dB (120Hz ~ 10MHz),"Over Current, Over Temperature, Reverse Polarity, Under Voltage Lockout (UVLO)",,,20V,15V,0V,0.45V @ 500mA
LT3045EMSE-1#PBF,Analog Devices Inc.,IC REG LIN POS ADJ 500MA 12MSOP,pmic-voltage-regulators-linear,0,9.17,"12-TSSOP (0.118"", 3.00mm Width) Exposed Pad",Surface Mount,Active,https://www.analog.com/media/en/technical-documentation/data-sheets/30451fa.pdf,https://www.digikey.com/en/products/detail/analog-devices-inc/LT3045EMSE-1-PBF/7202032,"Enable, Power Good, Soft Start",500mA,20 µA,25 mA,,1,-40°C ~ 125°C (TJ),Positive,Adjustable,117dB ~ 53dB (120Hz ~ 10MHz),"Over Current, Over Temperature, Reverse Polarity, Under Voltage Lockout (UVLO)",,,20V,15V,0V,0.45V @ 500mA
LT3045HDD#PBF,Analog Devices Inc.,IC REG LIN POS ADJ 500MA 10DFN,pmic-voltage-regulators-linear,1983,11.46,10-WFDFN Exposed Pad,Surface Mount,Active,https://www.analog.com/media/en/technical-documentation/data-sheets/LT3045.pdf,https://www.digikey.com/en/products/detail/analog-devices-inc/LT3045HDD-PBF/7915780,"Enable, Power Good, Soft Start",500mA,20 µA,25 mA,,1,-40°C ~ 150°C (TJ),Positive,Adjustable,117dB ~ 53dB (120Hz ~ 10MHz),"Over Current, Over Temperature, Reverse Polarity, Under Voltage Lockout (UVLO)",,,20V,15V,0V,0.45V @ 500mA
LT3045HDD#TRPBF,Analog Devices Inc.,IC REG LIN POS ADJ 500MA 10DFN,pmic-voltage-regulators-linear,13796,11.46,10-WFDFN Exposed Pad,Surface Mount,Active,https://www.analog.com/media/en/technical-documentation/data-sheets/LT3045.pdf,https://www.digikey.com/en/products/detail/analog-devices-inc/LT3045HDD-TRPBF/7915781,"Enable, Power Good, Soft Start",500mA,20 µA,25 mA,,1,-40°C ~ 150°C (TJ),Positive,Adjustable,117dB ~ 53dB (120Hz ~ 10MHz),"Over Current, Over Temperature, Reverse Polarity, Under Voltage Lockout (UVLO)",,,20V,15V,0V,0.45V @ 500mA
LT3045HMSE#PBF,Analog Devices Inc.,IC REG LIN POS ADJ 500MA 12MSOP,pmic-voltage-regulators-linear,1232,11.46,"12-TSSOP (0.118"", 3.00mm Width) Exposed Pad",Surface Mount,Active,https://www.analog.com/media/en/technical-documentation/data-sheets/LT3045.pdf,https://www.digikey.com/en/products/detail/analog-devices-inc/LT3045HMSE-PBF/11505975,"Enable, Power Good",500mA,2.2 mA,25 mA,,1,-40°C ~ 150°C (TJ),Positive,Adjustable,117dB ~ 53dB (120Hz ~ 10MHz),"Over Current, Over Temperature, Reverse Polarity, Under Voltage Lockout (UVLO)",,,20V,15V,0V,0.45V @ 500mA
LT3045IDD-1#PBF,Analog Devices Inc.,IC REG LIN POS ADJ 500MA 12-DFN,pmic-voltage-regulators-linear,2448,10.43,12-WFDFN Exposed Pad,Surface Mount,Active,https://www.analog.com/media/en/technical-documentation/data-sheets/30451fa.pdf,https://www.digikey.com/en/products/detail/analog-devices-inc/LT3045IDD-1-PBF/7202033,"Enable, Power Good, Soft Start",500mA,20 µA,25 mA,,1,-40°C ~ 125°C (TJ),Positive,Adjustable,117dB ~ 53dB (120Hz ~ 10MHz),"Over Current, Over Temperature, Reverse Polarity, Under Voltage Lockout (UVLO)",,,20V,15V,0V,0.45V @ 500mA
LT3045IMSE#PBF,Analog Devices Inc.,IC REG LIN POS ADJ 500MA 12MSOP,pmic-voltage-regulators-linear,4159,10.43,"12-TSSOP (0.118"", 3.00mm Width) Exposed Pad",Surface Mount,Active,https://www.analog.com/media/en/technical-documentation/data-sheets/LT3045.pdf,https://www.digikey.com/en/products/detail/analog-devices-inc/LT3045IMSE-PBF/6234773,"Enable, Power Good, Soft Start",500mA,20 µA,25 mA,,1,-40°C ~ 125°C (TJ),Positive,Adjustable,117dB ~ 53dB (120Hz ~ 10MHz),"Over Current, Over Temperature, Reverse Polarity, Under Voltage Lockout (UVLO)",,,20V,15V,0V,0.45V @ 500mA
LT3045IMSE#TRPBF,Analog Devices Inc.,IC REG LIN POS ADJ 500MA 12MSOP,pmic-voltage-regulators-linear,3527,10.43,"12-TSSOP (0.118"", 3.00mm Width) Exposed Pad",Surface Mount,Active,https://www.analog.com/media/en/technical-documentation/data-sheets/LT3045.pdf,https://www.digikey.com/en/products/detail/analog-devices-inc/LT3045IMSE-TRPBF/6235368,"Enable, Power Good, Soft Start",500mA,20 µA,25 mA,,1,-40°C ~ 125°C (TJ),Positive,Adjustable,117dB ~ 53dB (120Hz ~ 10MHz),"Over Current, Over Temperature, Reverse Polarity, Under Voltage Lockout (UVLO)",,,20V,15V,0V,0.45V @ 500mA
LT3045IMSE-1#PBF,Analog Devices Inc.,IC REG LIN POS ADJ 500MA 12MSOP,pmic-voltage-regulators-linear,2407,10.43,"12-TSSOP (0.118"", 3.00mm Width) Exposed Pad",Surface Mount,Active,https://www.analog.com/media/en/technical-documentation/data-sheets/30451fa.pdf,https://www.digikey.com/en/products/detail/analog-devices-inc/LT3045IMSE-1-PBF/7202034,"Enable, Power Good, Soft Start",500mA,20 µA,25 mA,,1,-40°C ~ 125°C (TJ),Positive,Adjustable,117dB ~ 53dB (120Hz ~ 10MHz),"Over Current, Over Temperature, Reverse Polarity, Under Voltage Lockout (UVLO)",,,20V,15V,0V,0.45V @ 500mA
LT3050EDDB#TRMPBF,Analog Devices Inc.,IC REG LIN POS ADJ 100MA 12-DFN,pmic-voltage-regulators-linear,1,5.4,12-WFDFN Exposed Pad,Surface Mount,Active,https://www.analog.com/media/en/technical-documentation/data-sheets/3050fa.pdf,https://www.digikey.com/en/products/detail/analog-devices-inc/LT3050EDDB-TRMPBF/2195815,"Current Limit, Enable, Soft Start",100mA,90 µA,5.2 mA,,1,-40°C ~ 125°C,Positive,Adjustable,85dB (120Hz),"Over Current, Over Temperature, Reverse Polarity",,,45V,44.5V,0.6V,0.55V @ 100mA
LT3055EMSE#PBF,Analog Devices Inc.,IC REG LIN POS ADJ 500MA 16MSOP,pmic-voltage-regulators-linear,240,7.4,"16-TFSOP (0.118"", 3.00mm Width) Exposed Pad",Surface Mount,Active,https://www.analog.com/media/en/technical-documentation/data-sheets/LT3055.pdf,https://www.digikey.com/en/products/detail/analog-devices-inc/LT3055EMSE-PBF/4156521,"Current Limit, Enable, Power Good, Soft Start",500mA,130 µA,25 mA,,1,-40°C ~ 125°C,Positive,Adjustable,85dB (120Hz),"Over Current, Over Temperature, Reverse Polarity",,,45V,40V,0.6V,0.59V @ 500mA
LT3060EDC#TRMPBF,Analog Devices Inc.,IC REG LIN POS ADJ 100MA 8-DFN,pmic-voltage-regulators-linear,54,4.38,8-WFDFN Exposed Pad,Surface Mount,Active,https://www.analog.com/media/en/technical-documentation/data-sheets/lt3060.pdf,https://www.digikey.com/en/products/detail/analog-devices-inc/LT3060EDC-TRMPBF/2213909,"Enable, Soft Start",100mA,80 µA,4 mA,,1,-40°C ~ 125°C,Positive,Adjustable,85dB (120Hz),"Over Current, Over Temperature, Reverse Polarity",,,45V,44.5V,0.6V,0.51V @ 100mA
LT3060EDC#TRPBF,Analog Devices Inc.,IC REG LIN POS ADJ 100MA 8-DFN,pmic-voltage-regulators-linear,2178,4.38,8-WFDFN Exposed Pad,Surface Mount,Active,https://www.analog.com/media/en/technical-documentation/data-sheets/lt3060.pdf,https://www.digikey.com/en/products/detail/analog-devices-inc/LT3060EDC-TRPBF/2213658,"Enable, Soft Start",100mA,80 µA,4 mA,,1,-40°C ~ 125°C,Positive,Adjustable,85dB (120Hz),"Over Current, Over Temperature, Reverse Polarity",,,45V,44.5V,0.6V,0.51V @ 100mA
LT3060EDC-3.3#TRMPBF,Analog Devices Inc.,IC REG LINEAR 3.3V 100MA 8-DFN,pmic-voltage-regulators-linear,25391,4.38,8-WFDFN Exposed Pad,Surface Mount,Active,https://www.analog.com/media/en/technical-documentation/data-sheets/lt3060.pdf,https://www.digikey.com/en/products/detail/analog-devices-inc/LT3060EDC-3-3-TRMPBF/2355155,"Enable, Soft Start",100mA,80 µA,4 mA,,1,-40°C ~ 125°C,Positive,Fixed,70dB (120Hz),"Over Current, Over Temperature, Reverse Polarity",,,45V,,3.3V,0.51V @ 100mA
LT3060EDC-5#TRMPBF,Analog Devices Inc.,IC REG LINEAR 5V 100MA 8-DFN,pmic-voltage-regulators-linear,2856,4.38,8-WFDFN Exposed Pad,Surface Mount,Active,https://www.analog.com/media/en/technical-documentation/data-sheets/lt3060.pdf,https://www.digikey.com/en/products/detail/analog-devices-inc/LT3060EDC-5-TRMPBF/2355156,"Enable, Soft Start",100mA,80 µA,4 mA,,1,-40°C ~ 125°C,Positive,Fixed,67dB (120Hz),"Over Current, Over Temperature, Reverse Polarity",,,45V,,5V,0.51V @ 100mA
LT3060ETS8#TRMPBF,Analog Devices Inc.,IC REG LIN POS ADJ 100MA TSOT23,pmic-voltage-regulators-linear,0,4.38,"SOT-23-8 Thin, TSOT-23-8",Surface Mount,Active,https://www.analog.com/media/en/technical-documentation/data-sheets/lt3060.pdf,https://www.digikey.com/en/products/detail/analog-devices-inc/LT3060ETS8-TRMPBF/2213910,"Enable, Soft Start",100mA,80 µA,4 mA,,1,-40°C ~ 125°C,Positive,Adjustable,85dB (120Hz),"Over Current, Over Temperature, Reverse Polarity",,,45V,44.5V,0.6V,0.51V @ 100mA
LT3060ETS8#TRPBF,Analog Devices Inc.,IC REG LIN POS ADJ 100MA TSOT23,pmic-voltage-regulators-linear,9059,4.38,"SOT-23-8 Thin, TSOT-23-8",Surface Mount,Active,https://www.analog.com/media/en/technical-documentation/data-sheets/lt3060.pdf,https://www.digikey.com/en/products/detail/analog-devices-inc/LT3060ETS8-TRPBF/2213659,"Enable, Soft Start",100mA,80 µA,4 mA,,1,-40°C ~ 125°C,Positive,Adjustable,85dB (120Hz),"Over Current, Over Temperature, Reverse Polarity",,,45V,44.5V,0.6V,0.51V @ 100mA
LT3060ETS8-3.3#TRMPBF,Analog Devices Inc.,IC REG LIN 3.3V 100MA TSOT-23-8,pmic-voltage-regulators-linear,5978,4.38,"SOT-23-8 Thin, TSOT-23-8",Surface Mount,Active,https://www.analog.com/media/en/technical-documentation/data-sheets/lt3060.pdf,https://www.digikey.com/en/products/detail/analog-devices-inc/LT3060ETS8-3-3-TRMPBF/2355161,"Enable, Soft Start",100mA,80 µA,4 mA,,1,-40°C ~ 125°C,Positive,Fixed,70dB (120Hz),"Over Current, Over Temperature, Reverse Polarity",,,45V,,3.3V,0.51V @ 100mA
LT3060ETS8-5#TRMPBF,Analog Devices Inc.,IC REG LINEAR 5V 100MA TSOT-23-8,pmic-voltage-regulators-linear,2243,4.38,"SOT-23-8 Thin, TSOT-23-8",Surface Mount,Active,https://www.analog.com/media/en/technical-documentation/data-sheets/lt3060.pdf,https://www.digikey.com/en/products/detail/analog-devices-inc/LT3060ETS8-5-TRMPBF/2355162,"Enable, Soft Start",100mA,80 µA,4 mA,,1,-40°C ~ 125°C,Positive,Fixed,67dB (120Hz),"Over Current, Over Temperature, Reverse Polarity",,,45V,,5V,0.51V @ 100mA
LT3060IDC#TRMPBF,Analog Devices Inc.,IC REG LIN POS ADJ 100MA 8-DFN,pmic-voltage-regulators-linear,2894,4.75,8-WFDFN Exposed Pad,Surface Mount,Active,https://www.analog.com/media/en/technical-documentation/data-sheets/lt3060.pdf,https://www.digikey.com/en/products/detail/analog-devices-inc/LT3060IDC-TRMPBF/2213661,"Enable, Soft Start",100mA,80 µA,4 mA,,1,-40°C ~ 125°C,Positive,Adjustable,85dB (120Hz),"Over Current, Over Temperature, Reverse Polarity",,,45V,44.5V,0.6V,0.51V @ 100mA
LT3060IDC#TRPBF,Analog Devices Inc.,IC REG LIN POS ADJ 100MA 8-DFN,pmic-voltage-regulators-linear,3261,4.75,8-WFDFN Exposed Pad,Surface Mount,Active,https://www.analog.com/media/en/technical-documentation/data-sheets/lt3060.pdf,https://www.digikey.com/en/products/detail/analog-devices-inc/LT3060IDC-TRPBF/2213662,"Enable, Soft Start",100mA,80 µA,4 mA,,1,-40°C ~ 125°C,Positive,Adjustable,85dB (120Hz),"Over Current, Over Temperature, Reverse Polarity",,,45V,44.5V,0.6V,0.51V @ 100mA
LT3060IDC-5#TRMPBF,Analog Devices Inc.,IC REG LINEAR 5V 100MA 8-DFN,pmic-voltage-regulators-linear,1753,4.75,8-WFDFN Exposed Pad,Surface Mount,Active,https://www.analog.com/media/en/technical-documentation/data-sheets/lt3060.pdf,https://www.digikey.com/en/products/detail/analog-devices-inc/LT3060IDC-5-TRMPBF/2355779,"Enable, Soft Start",100mA,80 µA,4 mA,,1,-40°C ~ 125°C,Positive,Fixed,67dB (120Hz),"Over Current, Over Temperature, Reverse Polarity",,,45V,,5V,0.51V @ 100mA
LT3060MPTS8#TRMPBF,Analog Devices Inc.,IC REG LIN POS ADJ 100MA TSOT23,pmic-voltage-regulators-linear,1437,13.52,"SOT-23-8 Thin, TSOT-23-8",Surface Mount,Active,https://www.analog.com/media/en/technical-documentation/data-sheets/lt3060.pdf,https://www.digikey.com/en/products/detail/analog-devices-inc/LT3060MPTS8-TRMPBF/2213907,"Enable, Soft Start",100mA,80 µA,4 mA,,1,-55°C ~ 150°C,Positive,Adjustable,85dB (120Hz),"Over Current, Over Temperature, Reverse Polarity",,,45V,44.5V,0.6V,0.51V @ 100mA
LT3060MPTS8-5#TRMPBF,Analog Devices Inc.,IC REG LINEAR 5V 100MA TSOT-23-8,pmic-voltage-regulators-linear,943,13.52,"SOT-23-8 Thin, TSOT-23-8",Surface Mount,Active,https://www.analog.com/media/en/technical-documentation/data-sheets/lt3060.pdf,https://www.digikey.com/en/products/detail/analog-devices-inc/LT3060MPTS8-5-TRMPBF/2355174,"Enable, Soft Start",100mA,80 µA,4 mA,,1,-55°C ~ 150°C,Positive,Fixed,67dB (120Hz),"Over Current, Over Temperature, Reverse Polarity",,,45V,,5V,0.51V @ 100mA
LT3062EDCB#TRMPBF,Analog Devices Inc.,IC REG LIN POS ADJ 200MA 8-DFN,pmic-voltage-regulators-linear,0,5.58,8-WFDFN Exposed Pad,Surface Mount,Active,https://www.analog.com/media/en/technical-documentation/data-sheets/3062fa.pdf,https://www.digikey.com/en/products/detail/analog-devices-inc/LT3062EDCB-TRMPBF/4964707,Soft Start,200mA,90 µA,10 mA,,1,-40°C ~ 125°C,Positive,Adjustable,85dB (120Hz),"Over Current, Over Temperature, Reverse Polarity",,,45V,40V,0.6V,0.53V @ 200mA
LT3062EDCB#TRPBF,Analog Devices Inc.,IC REG LIN POS ADJ 200MA 8-DFN,pmic-voltage-regulators-linear,642,5.58,8-WFDFN Exposed Pad,Surface Mount,Active,https://www.analog.com/media/en/technical-documentation/data-sheets/3062fa.pdf,https://www.digikey.com/en/products/detail/analog-devices-inc/LT3062EDCB-TRPBF/4964038,Soft Start,200mA,90 µA,10 mA,,1,-40°C ~ 125°C,Positive,Adjustable,85dB (120Hz),"Over Current, Over Temperature, Reverse Polarity",,,45V,40V,0.6V,0.53V @ 200mA
LT3062EMS8E#TRPBF,Analog Devices Inc.,IC REG LINEAR POS ADJ 8-MSOP-EP,pmic-voltage-regulators-linear,5206,5.61,"8-TSSOP, 8-MSOP (0.118"", 3.00mm Width) Exposed Pad",Surface Mount,Active,https://www.analog.com/media/en/technical-documentation/data-sheets/3062fa.pdf,https://www.digikey.com/en/products/detail/analog-devices-inc/LT3062EMS8E-TRPBF/4964039,Soft Start,200mA,90 µA,10 mA,,1,-40°C ~ 125°C,Positive,Adjustable,85dB (120Hz),"Over Current, Over Temperature, Reverse Polarity",,,45V,40V,0.6V,0.53V @ 200mA
LT3062MPDCB#TRMPBF,Analog Devices Inc.,IC REG LIN POS ADJ 200MA 8-DFN,pmic-voltage-regulators-linear,1433,10.15,8-WFDFN Exposed Pad,Surface Mount,Active,https://www.analog.com/media/en/technical-documentation/data-sheets/3062fa.pdf,https://www.digikey.com/en/products/detail/analog-devices-inc/LT3062MPDCB-TRMPBF/4964710,Soft Start,200mA,90 µA,10 mA,,1,-55°C ~ 150°C,Positive,Adjustable,85dB (120Hz),"Over Current, Over Temperature, Reverse Polarity",,,45V,40V,0.6V,0.53V @ 200mA
LT3063EMS8E#PBF,Analog Devices Inc.,IC REG LINEAR POS ADJ 8-MSOP-EP,pmic-voltage-regulators-linear,261,5.79,"8-TSSOP, 8-MSOP (0.118"", 3.00mm Width) Exposed Pad",Surface Mount,Active,https://www.analog.com/media/en/technical-documentation/data-sheets/3063fa.pdf,https://www.digikey.com/en/products/detail/analog-devices-inc/LT3063EMS8E-PBF/4864071,Enable,200mA,90 µA,10 mA,,1,-40°C ~ 125°C,Positive,Adjustable,85dB (120Hz),"Over Current, Over Temperature, Reverse Polarity",,,45V,19V,0.6V,0.53V @ 200mA
LT3065EDD#PBF,Analog Devices Inc.,IC REG LIN POS ADJ 500MA 10DFN,pmic-voltage-regulators-linear,2325,6.36,10-WFDFN Exposed Pad,Surface Mount,Active,https://www.analog.com/media/en/technical-documentation/data-sheets/LT3065.pdf,https://www.digikey.com/en/products/detail/analog-devices-inc/LT3065EDD-PBF/4693744,"Current Limit, Enable, Power Good, Soft Start",500mA,110 µA,25 mA,,1,-40°C ~ 125°C,Positive,Adjustable,85dB (120Hz),"Over Current, Over Temperature, Reverse Polarity",,,45V,40V,0.6V,0.51V @ 500mA
LT3065EDD#TRPBF,Analog Devices Inc.,IC REG LIN POS ADJ 500MA 10DFN,pmic-voltage-regulators-linear,1059,6.36,10-WFDFN Exposed Pad,Surface Mount,Active,https://www.analog.com/media/en/technical-documentation/data-sheets/LT3065.pdf,https://www.digikey.com/en/products/detail/analog-devices-inc/LT3065EDD-TRPBF/4696388,"Current Limit, Enable, Power Good, Soft Start",500mA,110 µA,25 mA,,1,-40°C ~ 125°C,Positive,Adjustable,85dB (120Hz),"Over Current, Over Temperature, Reverse Polarity",,,45V,40V,0.6V,0.51V @ 500mA
LT3065EMSE#PBF,Analog Devices Inc.,IC REG LIN POS ADJ 500MA 12MSOP,pmic-voltage-regulators-linear,997,6.36,"12-TSSOP (0.118"", 3.00mm Width) Exposed Pad",Surface Mount,Active,https://www.analog.com/media/en/technical-documentation/data-sheets/LT3065.pdf,https://www.digikey.com/en/products/detail/analog-devices-inc/LT3065EMSE-PBF/4693745,"Current Limit, Enable, Power Good, Soft Start",500mA,110 µA,25 mA,,1,-40°C ~ 125°C,Positive,Adjustable,85dB (120Hz),"Over Current, Over Temperature, Reverse Polarity",,,45V,40V,0.6V,0.51V @ 500mA
LT3065EMSE#TRPBF,Analog Devices Inc.,IC REG LIN POS ADJ 500MA 12MSOP,pmic-voltage-regulators-linear,18858,6.36,"12-TSSOP (0.118"", 3.00mm Width) Exposed Pad",Surface Mount,Active,https://www.analog.com/media/en/technical-documentation/data-sheets/LT3065.pdf,https://www.digikey.com/en/products/detail/analog-devices-inc/LT3065EMSE-TRPBF/4696389,"Current Limit, Enable, Power Good, Soft Start",500mA,110 µA,25 mA,,1,-40°C ~ 125°C,Positive,Adjustable,85dB (120Hz),"Over Current, Over Temperature, Reverse Polarity",,,45V,40V,0.6V,0.51V @ 500mA
LT3065HDD#PBF,Analog Devices Inc.,IC REG LIN POS ADJ 500MA 10DFN,pmic-voltage-regulators-linear,442,8.01,10-WFDFN Exposed Pad,Surface Mount,Active,https://www.analog.com/media/en/technical-documentation/data-sheets/LT3065.pdf,https://www.digikey.com/en/products/detail/analog-devices-inc/LT3065HDD-PBF/4693746,"Current Limit, Enable, Power Good, Soft Start",500mA,110 µA,25 mA,,1,-40°C ~ 150°C,Positive,Adjustable,85dB (120Hz),"Over Current, Over Temperature, Reverse Polarity",,,45V,40V,0.6V,0.51V @ 500mA
LT3065HMSE#PBF,Analog Devices Inc.,IC REG LIN POS ADJ 500MA 12MSOP,pmic-voltage-regulators-linear,96,8.01,"12-TSSOP (0.118"", 3.00mm Width) Exposed Pad",Surface Mount,Active,https://www.analog.com/media/en/technical-documentation/data-sheets/LT3065.pdf,https://www.digikey.com/en/products/detail/analog-devices-inc/LT3065HMSE-PBF/4693747,"Current Limit, Enable, Power Good, Soft Start",500mA,110 µA,25 mA,,1,-40°C ~ 150°C,Positive,Adjustable,85dB (120Hz),"Over Current, Over Temperature, Reverse Polarity",,,45V,40V,0.6V,0.51V @ 500mA
LT3065IDD#TRPBF,Analog Devices Inc.,IC REG LIN POS ADJ 500MA 10DFN,pmic-voltage-regulators-linear,8114,7.14,10-WFDFN Exposed Pad,Surface Mount,Active,https://www.analog.com/media/en/technical-documentation/data-sheets/LT3065.pdf,https://www.digikey.com/en/products/detail/analog-devices-inc/LT3065IDD-TRPBF/4696392,"Current Limit, Enable, Power Good, Soft Start",500mA,110 µA,25 mA,,1,-40°C ~ 125°C,Positive,Adjustable,85dB (120Hz),"Over Current, Over Temperature, Reverse Polarity",,,45V,40V,0.6V,0.51V @ 500mA
LT3065IDD-3.3#PBF,Analog Devices Inc.,IC REG LINEAR 3.3V 500MA 10DFN,pmic-voltage-regulators-linear,3829,7.11,10-WFDFN Exposed Pad,Surface Mount,Active,https://www.analog.com/media/en/technical-documentation/data-sheets/LT3065.pdf,https://www.digikey.com/en/products/detail/analog-devices-inc/LT3065IDD-3-3-PBF/5114741,"Current Limit, Enable, Power Good, Soft Start",500mA,110 µA,25 mA,,1,-40°C ~ 125°C,Positive,Fixed,71dB (120Hz),"Over Current, Over Temperature, Reverse Polarity",,,45V,,3.3V,0.51V @ 500mA
LT3065IMSE#PBF,Analog Devices Inc.,IC REG LIN POS ADJ 500MA 12MSOP,pmic-voltage-regulators-linear,31,7.11,"12-TSSOP (0.118"", 3.00mm Width) Exposed Pad",Surface Mount,Active,https://www.analog.com/media/en/technical-documentation/data-sheets/LT3065.pdf,https://www.digikey.com/en/products/detail/analog-devices-inc/LT3065IMSE-PBF/4693749,"Current Limit, Enable, Power Good, Soft Start",500mA,110 µA,25 mA,,1,-40°C ~ 125°C,Positive,Adjustable,85dB (120Hz),"Over Current, Over Temperature, Reverse Polarity",,,45V,40V,0.6V,0.51V @ 500mA
LT3065MPDD#PBF,Analog Devices Inc.,IC REG LIN POS ADJ 500MA 10DFN,pmic-voltage-regulators-linear,5545,17.32,10-WFDFN Exposed Pad,Surface Mount,Active,https://www.analog.com/media/en/technical-documentation/data-sheets/LT3065.pdf,https://www.digikey.com/en/products/detail/analog-devices-inc/LT3065MPDD-PBF/4693750,"Current Limit, Enable, Power Good, Soft Start",500mA,110 µA,25 mA,,1,-55°C ~ 150°C,Positive,Adjustable,85dB (120Hz),"Over Current, Over Temperature, Reverse Polarity",,,45V,40V,0.6V,0.51V @ 500mA
LT3065MPMSE#PBF,Analog Devices Inc.,IC REG LIN POS ADJ 500MA 12MSOP,pmic-voltage-regulators-linear,186,15.49,"12-TSSOP (0.118"", 3.00mm Width) Exposed Pad",Surface Mount,Active,https://www.analog.com/media/en/technical-documentation/data-sheets/LT3065.pdf,https://www.digikey.com/en/products/detail/analog-devices-inc/LT3065MPMSE-PBF/4693751,"Current Limit, Enable, Power Good, Soft Start",500mA,110 µA,25 mA,,1,-55°C ~ 150°C,Positive,Adjustable,85dB (120Hz),"Over Current, Over Temperature, Reverse Polarity",,,45V,40V,0.6V,0.51V @ 500mA
LT3065MPMSE-5#PBF,Analog Devices Inc.,IC REG LIN 5V 500MA 12-MSOP-EP,pmic-voltage-regulators-linear,449,15.49,"12-TSSOP (0.118"", 3.00mm Width) Exposed Pad",Surface Mount,Active,https://www.analog.com/media/en/technical-documentation/data-sheets/LT3065.pdf,https://www.digikey.com/en/products/detail/analog-devices-inc/LT3065MPMSE-5-PBF/5114760,"Current Limit, Enable, Power Good, Soft Start",500mA,110 µA,25 mA,,1,-55°C ~ 150°C,Positive,Fixed,70dB (120Hz),"Over Current, Over Temperature, Reverse Polarity",,,45V,,5V,0.51V @ 500mA
LT3070EUFD#PBF,Analog Devices Inc.,IC REG LINEAR POS PROG 5A 28-QFN,pmic-voltage-regulators-linear,1026,13.15,28-WFQFN Exposed Pad,Surface Mount,Active,https://www.analog.com/media/en/technical-documentation/data-sheets/3070fc.pdf,https://www.digikey.com/en/products/detail/analog-devices-inc/LT3070EUFD-PBF/2179476,"Enable, Power Good, Soft Start",5A,1.5 mA,10 mA,,1,-40°C ~ 125°C,Positive,Programmable,66dB (120Hz),"Over Current, Over Temperature, Reverse Polarity, Under Voltage Lockout (UVLO)",,,3V,1.8V,0.8V,0.15V @ 5A
LT3070EUFD#TRPBF,Analog Devices Inc.,IC REG LINEAR POS PROG 5A 28-QFN,pmic-voltage-regulators-linear,3732,13.15,28-WFQFN Exposed Pad,Surface Mount,Active,https://www.analog.com/media/en/technical-documentation/data-sheets/3070fc.pdf,https://www.digikey.com/en/products/detail/analog-devices-inc/LT3070EUFD-TRPBF/2181547,"Enable, Power Good, Soft Start",5A,1.5 mA,10 mA,,1,-40°C ~ 125°C,Positive,Programmable,66dB (120Hz),"Over Current, Over Temperature, Reverse Polarity, Under Voltage Lockout (UVLO)",,,3V,1.8V,0.8V,0.15V @ 5A
LT3071EUFD#TRPBF,Analog Devices Inc.,IC REG LINEAR POS PROG 5A 28-QFN,pmic-voltage-regulators-linear,4547,13.15,28-WFQFN Exposed Pad,Surface Mount,Active,https://www.analog.com/media/en/technical-documentation/data-sheets/lt3071.pdf,https://www.digikey.com/en/products/detail/analog-devices-inc/LT3071EUFD-TRPBF/2334050,"Enable, Power Good, Soft Start",5A,1.5 mA,10 mA,,1,-40°C ~ 125°C,Positive,Programmable,66dB (120Hz),"Over Current, Over Temperature, Reverse Polarity, Under Voltage Lockout (UVLO)",,,3V,1.8V,0.8V,0.15V @ 5A
LT3073AV#PBF,Analog Devices Inc.,IC REG LIN POS PROG 3A 22-LQFN,pmic-voltage-regulators-linear,1474,14.06,22-TFQFN Exposed Pad,Surface Mount,Active,https://www.analog.com/media/en/technical-documentation/data-sheets/lt3073.pdf,https://www.digikey.com/en/products/detail/analog-devices-inc/LT3073AV-PBF/18587628,"Current Limit, Enable, Power Good, Soft Start, Tracking",3A,6.5 mA,7 mA,Automotive,1,-40°C ~ 125°C (TJ),Positive,Programmable,96dB ~ 52dB (120Hz ~ 1MHz),"Over Current, Over Temperature, Short Circuit, Under Voltage Lockout (UVLO)",AEC-Q100,,5.5V,4.2V,0.5V,0.1V @ 3A
LT3074AV#PBF,Analog Devices Inc.,IC REG LINEAR POS ADJ 3A 22-LQFN,pmic-voltage-regulators-linear,669,15.33,22-TFQFN Exposed Pad,Surface Mount,Active,https://www.analog.com/media/en/technical-documentation/data-sheets/lt3074.pdf,https://www.digikey.com/en/products/detail/analog-devices-inc/LT3074AV-PBF/25803488,"Enable, Power Good",3A,7.9 mA,9.8 mA,,1,-40°C ~ 125°C (TJ),Positive,Adjustable,90dB ~ 52dB (120Hz ~ 1MHz),"Over Current, Over Temperature",,,5.5V,5.4V,,0.1V @ 3A
LT3077ACRZ,Analog Devices Inc.,"3A,LOW NOISE, HIGH PSRR",pmic-voltage-regulators-linear,704,10.57,18-PowerUFQFN,Surface Mount,Active,https://www.analog.com/LT3077/datasheet,https://www.digikey.com/en/products/detail/analog-devices-inc/LT3077ACRZ/26794654,"Current Limit, Enable, Power Good, Soft Start",3A,6.5 mA,7 mA,,1,-40°C ~ 125°C (TJ),Positive,Programmable,96dB ~ 50dB (120Hz ~ 1MHz),"Over Current, Over Temperature, Under Voltage Lockout (UVLO)",,,5.5V,4.2V,0.5V,0.19V @ 3A
LT3080EDD#PBF,Analog Devices Inc.,IC REG LINEAR POS ADJ 1.1A 8-DFN,pmic-voltage-regulators-linear,0,6.43,8-WFDFN Exposed Pad,Surface Mount,Active,https://www.analog.com/media/en/technical-documentation/data-sheets/lt3080.pdf,https://www.digikey.com/en/products/detail/analog-devices-inc/LT3080EDD-PBF/1768177,,1.1A,500 µA,30 mA,,1,-40°C ~ 125°C,Positive,Adjustable,75db ~ 20dB (120Hz ~ 1MHz),"Over Current, Over Temperature, Short Circuit",,,36V,36V,0V,1.6V @ 1.1A
LT3080EDD#TRPBF,Analog Devices Inc.,IC REG LINEAR POS ADJ 1.1A 8-DFN,pmic-voltage-regulators-linear,6488,6.43,8-WFDFN Exposed Pad,Surface Mount,Active,https://www.analog.com/media/en/technical-documentation/data-sheets/lt3080.pdf,https://www.digikey.com/en/products/detail/analog-devices-inc/LT3080EDD-TRPBF/1767820,,1.1A,500 µA,30 mA,,1,-40°C ~ 125°C,Positive,Adjustable,75db ~ 20dB (120Hz ~ 1MHz),"Over Current, Over Temperature, Short Circuit",,,36V,36V,0V,1.6V @ 1.1A
LT3080EDD-1#PBF,Analog Devices Inc.,IC REG LINEAR POS ADJ 1.1A 8-DFN,pmic-voltage-regulators-linear,1875,6.43,8-WFDFN Exposed Pad,Surface Mount,Active,https://www.analog.com/media/en/technical-documentation/data-sheets/30801fc.pdf,https://www.digikey.com/en/products/detail/analog-devices-inc/LT3080EDD-1-PBF/1931064,,1.1A,500 µA,30 mA,,1,-40°C ~ 125°C,Positive,Adjustable,75db ~ 20dB (120Hz ~ 1MHz),"Over Current, Over Temperature, Short Circuit",,,36V,36V,0V,1.6V @ 1.1A
LT3080EDD-1#TRPBF,Analog Devices Inc.,IC REG LINEAR POS ADJ 1.1A 8-DFN,pmic-voltage-regulators-linear,3718,6.43,8-WFDFN Exposed Pad,Surface Mount,Active,https://www.analog.com/media/en/technical-documentation/data-sheets/30801fc.pdf,https://www.digikey.com/en/products/detail/analog-devices-inc/LT3080EDD-1-TRPBF/1931065,,1.1A,500 µA,30 mA,,1,-40°C ~ 125°C,Positive,Adjustable,75db ~ 20dB (120Hz ~ 1MHz),"Over Current, Over Temperature, Short Circuit",,,36V,36V,0V,1.6V @ 1.1A
LT3080EMS8E#PBF,Analog Devices Inc.,IC REG LINEAR POS ADJ 1.1A 8MSOP,pmic-voltage-regulators-linear,1664,6.61,"8-TSSOP, 8-MSOP (0.118"", 3.00mm Width) Exposed Pad",Surface Mount,Active,https://www.analog.com/media/en/technical-documentation/data-sheets/lt3080.pdf,https://www.digikey.com/en/products/detail/analog-devices-inc/LT3080EMS8E-PBF/1768178,,1.1A,500 µA,30 mA,,1,-40°C ~ 125°C,Positive,Adjustable,75db ~ 20dB (120Hz ~ 1MHz),"Over Current, Over Temperature, Short Circuit",,,36V,36V,0V,1.6V @ 1.1A
LT3080EMS8E#TRPBF,Analog Devices Inc.,IC REG LINEAR POS ADJ 1.1A 8MSOP,pmic-voltage-regulators-linear,8868,6.61,"8-TSSOP, 8-MSOP (0.118"", 3.00mm Width) Exposed Pad",Surface Mount,Active,https://www.analog.com/media/en/technical-documentation/data-sheets/lt3080.pdf,https://www.digikey.com/en/products/detail/analog-devices-inc/LT3080EMS8E-TRPBF/1767821,,1.1A,500 µA,30 mA,,1,-40°C ~ 125°C,Positive,Adjustable,75db ~ 20dB (120Hz ~ 1MHz),"Over Current, Over Temperature, Short Circuit",,,36V,36V,0V,1.6V @ 1.1A
LT3080EQ#PBF,Analog Devices Inc.,IC REG LIN POS ADJ 1.1A DDPAK-5,pmic-voltage-regulators-linear,39,7.57,"TO-263-6, D2PAK (5 Leads + Tab), TO-263BA",Surface Mount,Active,https://www.analog.com/media/en/technical-documentation/data-sheets/lt3080.pdf,https://www.digikey.com/en/products/detail/analog-devices-inc/LT3080EQ-PBF/2107529,,1.1A,500 µA,30 mA,,1,-40°C ~ 125°C,Positive,Adjustable,75db ~ 20dB (120Hz ~ 1MHz),"Over Current, Over Temperature, Short Circuit",,,36V,36V,0V,1.6V @ 1.1A
LT3080EQ#TRPBF,Analog Devices Inc.,IC REG LIN POS ADJ 1.1A DDPAK-5,pmic-voltage-regulators-linear,750,7.57,"TO-263-6, D2PAK (5 Leads + Tab), TO-263BA",Surface Mount,Active,https://www.analog.com/media/en/technical-documentation/data-sheets/lt3080.pdf,https://www.digikey.com/en/products/detail/analog-devices-inc/LT3080EQ-TRPBF/2107732,,1.1A,500 µA,30 mA,,1,-40°C ~ 125°C,Positive,Adjustable,75db ~ 20dB (120Hz ~ 1MHz),"Over Current, Over Temperature, Short Circuit",,,36V,36V,0V,1.6V @ 1.1A
LT3080EST#PBF,Analog Devices Inc.,IC REG LIN POS ADJ 1.1A SOT223-3,pmic-voltage-regulators-linear,4011,6.23,"TO-261-4, TO-261AA",Surface Mount,Active,https://www.analog.com/media/en/technical-documentation/data-sheets/lt3080.pdf,https://www.digikey.com/en/products/detail/analog-devices-inc/LT3080EST-PBF/1768179,,1.1A,500 µA,30 mA,,1,-40°C ~ 125°C,Positive,Adjustable,75db ~ 20dB (120Hz ~ 1MHz),"Over Current, Over Temperature, Short Circuit",,,36V,36V,0V,1.6V @ 1.1A
LT3080EST#TRPBF,Analog Devices Inc.,IC REG LIN POS ADJ 1.1A SOT223-3,pmic-voltage-regulators-linear,13330,6.23,"TO-261-4, TO-261AA",Surface Mount,Active,https://www.analog.com/media/en/technical-documentation/data-sheets/lt3080.pdf,https://www.digikey.com/en/products/detail/analog-devices-inc/LT3080EST-TRPBF/1767822,,1.1A,500 µA,30 mA,,1,-40°C ~ 125°C,Positive,Adjustable,75db ~ 20dB (120Hz ~ 1MHz),"Over Current, Over Temperature, Short Circuit",,,36V,36V,0V,1.6V @ 1.1A
LT3080IDD#PBF,Analog Devices Inc.,IC REG LINEAR POS ADJ 1.1A 8-DFN,pmic-voltage-regulators-linear,747,7.25,8-WFDFN Exposed Pad,Surface Mount,Active,https://www.analog.com/media/en/technical-documentation/data-sheets/lt3080.pdf,https://www.digikey.com/en/products/detail/analog-devices-inc/LT3080IDD-PBF/2785979,,1.1A,500 µA,30 mA,,1,-40°C ~ 125°C,Positive,Adjustable,75db ~ 20dB (120Hz ~ 1MHz),"Over Current, Over Temperature, Short Circuit",,,36V,36V,0V,1.6V @ 1.1A
LT3081EDF#TRPBF,Analog Devices Inc.,IC REG LIN POS ADJ 1.5A 12-DFN,pmic-voltage-regulators-linear,1342,8.59,12-WFDFN Exposed Pad,Surface Mount,Active,https://www.analog.com/media/en/technical-documentation/data-sheets/3081fc.pdf,https://www.digikey.com/en/products/detail/analog-devices-inc/LT3081EDF-TRPBF/4155643,Current Limit,1.5A,50 µA,5 mA,,1,-40°C ~ 125°C,Positive,Adjustable,90dB ~ 20dB (120Hz ~ 1MHz),"Over Current, Over Temperature, Reverse Polarity, Short Circuit",,LT®3081,36V,34.5V,0V,1.5V @ 1.5A
LT3081ER#PBF,Analog Devices Inc.,IC REG LIN POS ADJ 1.5A DDPAK-7,pmic-voltage-regulators-linear,6456,9.36,"TO-263-8, D2PAK (7 Leads + Tab), TO-263CA",Surface Mount,Active,https://www.analog.com/media/en/technical-documentation/data-sheets/3081fc.pdf,https://www.digikey.com/en/products/detail/analog-devices-inc/LT3081ER-PBF/4156527,Current Limit,1.5A,50 µA,5 mA,,1,-40°C ~ 125°C,Positive,Adjustable,90dB ~ 20dB (120Hz ~ 1MHz),"Over Current, Over Temperature, Reverse Polarity, Short Circuit",,LT®3081,36V,34.5V,0V,1.5V @ 1.5A
LT3081ER#TRPBF,Analog Devices Inc.,IC REG LIN POS ADJ 1.5A DDPAK-7,pmic-voltage-regulators-linear,951,9.36,"TO-263-8, D2PAK (7 Leads + Tab), TO-263CA",Surface Mount,Active,https://www.analog.com/media/en/technical-documentation/data-sheets/3081fc.pdf,https://www.digikey.com/en/products/detail/analog-devices-inc/LT3081ER-TRPBF/4155645,Current Limit,1.5A,50 µA,5 mA,,1,-40°C ~ 125°C,Positive,Adjustable,90dB ~ 20dB (120Hz ~ 1MHz),"Over Current, Over Temperature, Reverse Polarity, Short Circuit",,LT®3081,36V,34.5V,0V,1.5V @ 1.5A
LT3082EDD#PBF,Analog Devices Inc.,IC REG LIN POS ADJ 200MA 8-DFN,pmic-voltage-regulators-linear,1233,5.0,8-WFDFN Exposed Pad,Surface Mount,Active,https://www.analog.com/media/en/technical-documentation/data-sheets/3082f.pdf,https://www.digikey.com/en/products/detail/analog-devices-inc/LT3082EDD-PBF/2136219,,200mA,500 µA,,,1,-40°C ~ 125°C,Positive,Adjustable,90dB ~ 20dB (120Hz ~ 1MHz),"Over Current, Over Temperature, Reverse Polarity, Short Circuit",,,40V,38.5V,0V,1.65V @ 200mA
LT3082EDD#TRPBF,Analog Devices Inc.,IC REG LIN POS ADJ 200MA 8-DFN,pmic-voltage-regulators-linear,5810,5.0,8-WFDFN Exposed Pad,Surface Mount,Active,https://www.analog.com/media/en/technical-documentation/data-sheets/3082f.pdf,https://www.digikey.com/en/products/detail/analog-devices-inc/LT3082EDD-TRPBF/2181552,,200mA,500 µA,,,1,-40°C ~ 125°C,Positive,Adjustable,90dB ~ 20dB (120Hz ~ 1MHz),"Over Current, Over Temperature, Reverse Polarity, Short Circuit",,,40V,38.5V,0V,1.65V @ 200mA
LT3082EST#TRPBF,Analog Devices Inc.,IC REG LINEAR POS ADJ SOT-223-3,pmic-voltage-regulators-linear,3017,5.31,"TO-261-4, TO-261AA",Surface Mount,Active,https://www.analog.com/media/en/technical-documentation/data-sheets/3082f.pdf,https://www.digikey.com/en/products/detail/analog-devices-inc/LT3082EST-TRPBF/2181553,,200mA,500 µA,,,1,-40°C ~ 125°C,Positive,Adjustable,90dB ~ 20dB (120Hz ~ 1MHz),"Over Current, Over Temperature, Reverse Polarity, Short Circuit",,,40V,38.5V,0V,1.65V @ 200mA
LT3082ETS8#TRMPBF,Analog Devices Inc.,IC REG LINEAR POS ADJ TSOT-23-8,pmic-voltage-regulators-linear,4002,4.97,"SOT-23-8 Thin, TSOT-23-8",Surface Mount,Active,https://www.analog.com/media/en/technical-documentation/data-sheets/3082f.pdf,https://www.digikey.com/en/products/detail/analog-devices-inc/LT3082ETS8-TRMPBF/2136082,,200mA,500 µA,,,1,-40°C ~ 125°C,Positive,Adjustable,90dB ~ 20dB (120Hz ~ 1MHz),"Over Current, Over Temperature, Reverse Polarity, Short Circuit",,,40V,38.5V,0V,1.65V @ 200mA
LT3082IST#TRPBF,Analog Devices Inc.,IC REG LINEAR POS ADJ SOT-223-3,pmic-voltage-regulators-linear,268,6.48,"TO-261-4, TO-261AA",Surface Mount,Active,https://www.analog.com/media/en/technical-documentation/data-sheets/3082f.pdf,https://www.digikey.com/en/products/detail/analog-devices-inc/LT3082IST-TRPBF/2181558,,200mA,500 µA,,,1,-40°C ~ 125°C,Positive,Adjustable,90dB ~ 20dB (120Hz ~ 1MHz),"Over Current, Over Temperature, Reverse Polarity, Short Circuit",,,40V,38.5V,0V,1.65V @ 200mA
LT3082ITS8#TRMPBF,Analog Devices Inc.,IC REG LINEAR POS ADJ TSOT-23-8,pmic-voltage-regulators-linear,1004,5.43,"SOT-23-8 Thin, TSOT-23-8",Surface Mount,Active,https://www.analog.com/media/en/technical-documentation/data-sheets/3082f.pdf,https://www.digikey.com/en/products/detail/analog-devices-inc/LT3082ITS8-TRMPBF/2181559,,200mA,500 µA,,,1,-40°C ~ 125°C,Positive,Adjustable,90dB ~ 20dB (120Hz ~ 1MHz),"Over Current, Over Temperature, Reverse Polarity, Short Circuit",,,40V,38.5V,0V,1.65V @ 200mA
LT3082MPST#PBF,Analog Devices Inc.,IC REG LINEAR POS ADJ SOT-223-3,pmic-voltage-regulators-linear,332,12.73,"TO-261-4, TO-261AA",Surface Mount,Active,https://www.analog.com/media/en/technical-documentation/data-sheets/3082f.pdf,https://www.digikey.com/en/products/detail/analog-devices-inc/LT3082MPST-PBF/2486076,,200mA,500 µA,,,1,-55°C ~ 125°C,Positive,Adjustable,90dB ~ 20dB (120Hz ~ 1MHz),"Over Current, Over Temperature, Reverse Polarity, Short Circuit",,,40V,38.5V,0V,1.65V @ 200mA
LT3083EDF#PBF,Analog Devices Inc.,IC REG LINEAR POS ADJ 3A 12-DFN,pmic-voltage-regulators-linear,4738,12.02,12-WFDFN Exposed Pad,Surface Mount,Active,https://www.analog.com/media/en/technical-documentation/data-sheets/3083fa.pdf,https://www.digikey.com/en/products/detail/analog-devices-inc/LT3083EDF-PBF/2620229,,3A,50.5 µA,1 mA,,1,-40°C ~ 125°C,Positive,Adjustable,85dB ~ 20dB (120Hz ~ 1MHz),"Over Current, Over Temperature, Short Circuit",,,14V,14V,0V,0.42V @ 3A
LT3083EDF#TRPBF,Analog Devices Inc.,IC REG LINEAR POS ADJ 3A 12-DFN,pmic-voltage-regulators-linear,8134,12.02,12-WFDFN Exposed Pad,Surface Mount,Active,https://www.analog.com/media/en/technical-documentation/data-sheets/3083fa.pdf,https://www.digikey.com/en/products/detail/analog-devices-inc/LT3083EDF-TRPBF/2620230,,3A,50.5 µA,1 mA,,1,-40°C ~ 125°C,Positive,Adjustable,85dB ~ 20dB (120Hz ~ 1MHz),"Over Current, Over Temperature, Short Circuit",,,14V,14V,0V,0.42V @ 3A
LT3083EQ#PBF,Analog Devices Inc.,IC REG LINEAR POS ADJ 3A DDPAK-5,pmic-voltage-regulators-linear,304,12.94,"TO-263-6, D2PAK (5 Leads + Tab), TO-263BA",Surface Mount,Active,https://www.analog.com/media/en/technical-documentation/data-sheets/3083fa.pdf,https://www.digikey.com/en/products/detail/analog-devices-inc/LT3083EQ-PBF/2620233,,3A,50.5 µA,1 mA,,1,-40°C ~ 125°C,Positive,Adjustable,85dB ~ 20dB (120Hz ~ 1MHz),"Over Current, Over Temperature, Short Circuit",,,23V,23V,0V,0.51V @ 3A
LT3083IDF#PBF,Analog Devices Inc.,IC REG LINEAR POS ADJ 3A 12-DFN,pmic-voltage-regulators-linear,1677,13.71,12-WFDFN Exposed Pad,Surface Mount,Active,https://www.analog.com/media/en/technical-documentation/data-sheets/3083fa.pdf,https://www.digikey.com/en/products/detail/analog-devices-inc/LT3083IDF-PBF/2620236,,3A,50.5 µA,1 mA,,1,-40°C ~ 125°C,Positive,Adjustable,85dB ~ 20dB (120Hz ~ 1MHz),"Over Current, Over Temperature, Short Circuit",,,14V,14V,0V,0.42V @ 3A
LT3083IQ#PBF,Analog Devices Inc.,IC REG LINEAR POS ADJ 3A DDPAK-5,pmic-voltage-regulators-linear,2262,14.63,"TO-263-6, D2PAK (5 Leads + Tab), TO-263BA",Surface Mount,Active,https://www.analog.com/media/en/technical-documentation/data-sheets/3083fa.pdf,https://www.digikey.com/en/products/detail/analog-devices-inc/LT3083IQ-PBF/2620240,,3A,50.5 µA,1 mA,,1,-40°C ~ 125°C,Positive,Adjustable,85dB ~ 20dB (120Hz ~ 1MHz),"Over Current, Over Temperature, Short Circuit",,,23V,23V,0V,0.51V @ 3A
LT3083MPDF#PBF,Analog Devices Inc.,IC REG LINEAR POS ADJ 3A 12-DFN,pmic-voltage-regulators-linear,0,29.48,12-WFDFN Exposed Pad,Surface Mount,Active,https://www.analog.com/media/en/technical-documentation/data-sheets/3083fa.pdf,https://www.digikey.com/en/products/detail/analog-devices-inc/LT3083MPDF-PBF/2620243,,3A,50.5 µA,1 mA,,1,-55°C ~ 125°C,Positive,Adjustable,85dB ~ 20dB (120Hz ~ 1MHz),"Over Current, Over Temperature, Short Circuit",,,14V,14V,0V,0.42V @ 3A
LT3085EDCB#TRMPBF,Analog Devices Inc.,IC REG LIN POS ADJ 500MA 6-DFN,pmic-voltage-regulators-linear,11699,5.99,6-WFDFN Exposed Pad,Surface Mount,Active,https://www.analog.com/media/en/technical-documentation/data-sheets/lt3085.pdf,https://www.digikey.com/en/products/detail/analog-devices-inc/LT3085EDCB-TRMPBF/1964932,,500mA,10.1 µA,1 mA,,1,-40°C ~ 125°C,Positive,Adjustable,90dB ~ 20dB (120Hz ~ 1MHz),"Over Current, Over Temperature, Short Circuit",,,36V,36V,0V,0.45V @ 500mA
LT3085EDCB#TRPBF,Analog Devices Inc.,IC REG LIN POS ADJ 500MA 6-DFN,pmic-voltage-regulators-linear,4367,5.99,6-WFDFN Exposed Pad,Surface Mount,Active,https://www.analog.com/media/en/technical-documentation/data-sheets/lt3085.pdf,https://www.digikey.com/en/products/detail/analog-devices-inc/LT3085EDCB-TRPBF/1985668,,500mA,10.1 µA,1 mA,,1,-40°C ~ 125°C,Positive,Adjustable,90dB ~ 20dB (120Hz ~ 1MHz),"Over Current, Over Temperature, Short Circuit",,,36V,36V,0V,0.45V @ 500mA
LT3085EMS8E#PBF,Analog Devices Inc.,IC REG LINEAR POS ADJ 8-MSOP-EP,pmic-voltage-regulators-linear,3224,6.3,"8-TSSOP, 8-MSOP (0.118"", 3.00mm Width) Exposed Pad",Surface Mount,Active,https://www.analog.com/media/en/technical-documentation/data-sheets/lt3085.pdf,https://www.digikey.com/en/products/detail/analog-devices-inc/LT3085EMS8E-PBF/1952899,,500mA,10.1 µA,1 mA,,1,-40°C ~ 125°C,Positive,Adjustable,90dB ~ 20dB (120Hz ~ 1MHz),"Over Current, Over Temperature, Short Circuit",,,36V,36V,0V,0.45V @ 500mA
LT3085EMS8E#TRPBF,Analog Devices Inc.,IC REG LINEAR POS ADJ 8-MSOP-EP,pmic-voltage-regulators-linear,7011,6.3,"8-TSSOP, 8-MSOP (0.118"", 3.00mm Width) Exposed Pad",Surface Mount,Active,https://www.analog.com/media/en/technical-documentation/data-sheets/lt3085.pdf,https://www.digikey.com/en/products/detail/analog-devices-inc/LT3085EMS8E-TRPBF/1985669,,500mA,10.1 µA,1 mA,,1,-40°C ~ 125°C,Positive,Adjustable,90dB ~ 20dB (120Hz ~ 1MHz),"Over Current, Over Temperature, Short Circuit",,,36V,36V,0V,0.45V @ 500mA
LT3085IMS8E#TRPBF,Analog Devices Inc.,IC REG LINEAR POS ADJ 8-MSOP-EP,pmic-voltage-regulators-linear,3323,6.81,"8-TSSOP, 8-MSOP (0.118"", 3.00mm Width) Exposed Pad",Surface Mount,Active,https://www.analog.com/media/en/technical-documentation/data-sheets/lt3085.pdf,https://www.digikey.com/en/products/detail/analog-devices-inc/LT3085IMS8E-TRPBF/1985673,,500mA,10.1 µA,1 mA,,1,-40°C ~ 125°C,Positive,Adjustable,90dB ~ 20dB (120Hz ~ 1MHz),"Over Current, Over Temperature, Short Circuit",,,36V,36V,0V,0.45V @ 500mA
LT3085MPMS8E#PBF,Analog Devices Inc.,IC REG LINEAR POS ADJ 8-MSOP-EP,pmic-voltage-regulators-linear,530,17.02,"8-TSSOP, 8-MSOP (0.118"", 3.00mm Width) Exposed Pad",Surface Mount,Active,https://www.analog.com/media/en/technical-documentation/data-sheets/lt3085.pdf,https://www.digikey.com/en/products/detail/analog-devices-inc/LT3085MPMS8E-PBF/1985674,,500mA,10.1 µA,1 mA,,1,-55°C ~ 125°C,Positive,Adjustable,90dB ~ 20dB (120Hz ~ 1MHz),"Over Current, Over Temperature, Short Circuit",,,36V,36V,0V,0.45V @ 500mA
LT3086EDHD#PBF,Analog Devices Inc.,IC REG LIN POS ADJ 2.1A 16-DFN,pmic-voltage-regulators-linear,5999,9.75,16-WFDFN Exposed Pad,Surface Mount,Active,https://www.analog.com/media/en/technical-documentation/data-sheets/3086fb.pdf,https://www.digikey.com/en/products/detail/analog-devices-inc/LT3086EDHD-PBF/4755520,"Current Limit, Enable, Power Good, Tracking",2.1A,2.4 mA,88 mA,,1,-40°C ~ 125°C,Positive,Adjustable,80dB (120Hz),"Over Current, Over Temperature, Reverse Polarity",,,40V,32V,0.4V,0.54V @ 2.1A
LT3086EDHD#TRPBF,Analog Devices Inc.,IC REG LIN POS ADJ 2.1A 16-DFN,pmic-voltage-regulators-linear,889,9.75,16-WFDFN Exposed Pad,Surface Mount,Active,https://www.analog.com/media/en/technical-documentation/data-sheets/3086fb.pdf,https://www.digikey.com/en/products/detail/analog-devices-inc/LT3086EDHD-TRPBF/5233237,"Current Limit, Enable, Power Good, Tracking",2.1A,2.4 mA,88 mA,,1,-40°C ~ 125°C,Positive,Adjustable,80dB (120Hz),"Over Current, Over Temperature, Reverse Polarity",,,40V,32V,0.4V,0.54V @ 2.1A
LT3086EFE#PBF,Analog Devices Inc.,IC REG LIN POS ADJ 2.1A 16TSSOP,pmic-voltage-regulators-linear,830,10.02,"16-TSSOP (0.173"", 4.40mm Width) Exposed Pad",Surface Mount,Active,https://www.analog.com/media/en/technical-documentation/data-sheets/3086fb.pdf,https://www.digikey.com/en/products/detail/analog-devices-inc/LT3086EFE-PBF/4755521,"Current Limit, Enable, Power Good, Tracking",2.1A,2.4 mA,88 mA,,1,-40°C ~ 125°C,Positive,Adjustable,80dB (120Hz),"Over Current, Over Temperature, Reverse Polarity",,,40V,32V,0.4V,0.54V @ 2.1A
LT3086EFE#TRPBF,Analog Devices Inc.,IC REG LIN POS ADJ 2.1A 16TSSOP,pmic-voltage-regulators-linear,2534,10.02,"16-TSSOP (0.173"", 4.40mm Width) Exposed Pad",Surface Mount,Active,https://www.analog.com/media/en/technical-documentation/data-sheets/3086fb.pdf,https://www.digikey.com/en/products/detail/analog-devices-inc/LT3086EFE-TRPBF/5233238,"Current Limit, Enable, Power Good, Tracking",2.1A,2.4 mA,88 mA,,1,-40°C ~ 125°C,Positive,Adjustable,80dB (120Hz),"Over Current, Over Temperature, Reverse Polarity",,,40V,32V,0.4V,0.54V @ 2.1A
LT3086ER#PBF,Analog Devices Inc.,IC REG LIN POS ADJ 2.1A DDPAK-7,pmic-voltage-regulators-linear,264,10.32,"TO-263-8, D2PAK (7 Leads + Tab), TO-263CA",Surface Mount,Active,https://www.analog.com/media/en/technical-documentation/data-sheets/3086fb.pdf,https://www.digikey.com/en/products/detail/analog-devices-inc/LT3086ER-PBF/4755522,"Current Limit, Enable, Power Good, Tracking",2.1A,2.4 mA,88 mA,,1,-40°C ~ 125°C,Positive,Adjustable,80dB (120Hz),"Over Current, Over Temperature, Reverse Polarity",,,40V,32V,0.4V,0.54V @ 2.1A
LT3086ET7#PBF,Analog Devices Inc.,IC REG LIN POS ADJ 2.1A TO220-7,pmic-voltage-regulators-linear,249,10.15,TO-220-7 Formed Leads,Through Hole,Active,https://www.analog.com/media/en/technical-documentation/data-sheets/3086fb.pdf,https://www.digikey.com/en/products/detail/analog-devices-inc/LT3086ET7-PBF/4755523,"Current Limit, Enable, Power Good, Tracking",2.1A,2.4 mA,88 mA,,1,-40°C ~ 125°C,Positive,Adjustable,80dB (120Hz),"Over Current, Over Temperature, Reverse Polarity",,,40V,32V,0.4V,0.54V @ 2.1A
LT3086HFE#PBF,Analog Devices Inc.,IC REG LIN POS ADJ 2.1A 16TSSOP,pmic-voltage-regulators-linear,159,11.73,"16-TSSOP (0.173"", 4.40mm Width) Exposed Pad",Surface Mount,Active,https://www.analog.com/media/en/technical-documentation/data-sheets/3086fb.pdf,https://www.digikey.com/en/products/detail/analog-devices-inc/LT3086HFE-PBF/7796545,"Current Limit, Enable, Power Good, Tracking",2.1A,2.4 mA,88 mA,,1,-40°C ~ 150°C (TJ),Positive,Adjustable,80dB (120Hz),"Over Current, Over Temperature, Reverse Polarity",,,40V,32V,0.4V,0.54V @ 2.1A
LT3086IDHD#PBF,Analog Devices Inc.,IC REG LIN POS ADJ 2.1A 16-DFN,pmic-voltage-regulators-linear,1926,10.6,16-WFDFN Exposed Pad,Surface Mount,Active,https://www.analog.com/media/en/technical-documentation/data-sheets/3086fb.pdf,https://www.digikey.com/en/products/detail/analog-devices-inc/LT3086IDHD-PBF/4755524,"Current Limit, Enable, Power Good, Tracking",2.1A,2.4 mA,88 mA,,1,-40°C ~ 125°C,Positive,Adjustable,80dB (120Hz),"Over Current, Over Temperature, Reverse Polarity",,,40V,32V,0.4V,0.54V @ 2.1A
LT3086IDHD#TRPBF,Analog Devices Inc.,IC REG LIN POS ADJ 2.1A 16-DFN,pmic-voltage-regulators-linear,4293,10.6,16-WFDFN Exposed Pad,Surface Mount,Active,https://www.analog.com/media/en/technical-documentation/data-sheets/3086fb.pdf,https://www.digikey.com/en/products/detail/analog-devices-inc/LT3086IDHD-TRPBF/5233240,"Current Limit, Enable, Power Good, Tracking",2.1A,2.4 mA,88 mA,,1,-40°C ~ 125°C,Positive,Adjustable,80dB (120Hz),"Over Current, Over Temperature, Reverse Polarity",,,40V,32V,0.4V,0.54V @ 2.1A
LT3086IFE#PBF,Analog Devices Inc.,IC REG LIN POS ADJ 2.1A 16TSSOP,pmic-voltage-regulators-linear,1948,10.72,"16-TSSOP (0.173"", 4.40mm Width) Exposed Pad",Surface Mount,Active,https://www.analog.com/media/en/technical-documentation/data-sheets/3086fb.pdf,https://www.digikey.com/en/products/detail/analog-devices-inc/LT3086IFE-PBF/4755543,"Current Limit, Enable, Power Good, Tracking",2.1A,2.4 mA,88 mA,,1,-40°C ~ 125°C,Positive,Adjustable,80dB (120Hz),"Over Current, Over Temperature, Reverse Polarity",,,40V,32V,0.4V,0.54V @ 2.1A
LT3086MPFE#PBF,Analog Devices Inc.,IC REG LIN POS ADJ 2.1A 16TSSOP,pmic-voltage-regulators-linear,417,12.59,"16-TSSOP (0.173"", 4.40mm Width) Exposed Pad",Surface Mount,Active,https://www.analog.com/media/en/technical-documentation/data-sheets/3086fb.pdf,https://www.digikey.com/en/products/detail/analog-devices-inc/LT3086MPFE-PBF/4895706,"Current Limit, Enable, Power Good, Tracking",2.1A,2.4 mA,88 mA,,1,-55°C ~ 125°C,Positive,Adjustable,80dB (120Hz),"Over Current, Over Temperature, Reverse Polarity",,,40V,32V,0.4V,0.54V @ 2.1A
LT3088EDD#PBF,Analog Devices Inc.,IC REG LIN POS ADJ 800MA 8-DFN,pmic-voltage-regulators-linear,1769,6.81,8-WFDFN Exposed Pad,Surface Mount,Active,https://www.analog.com/media/en/technical-documentation/data-sheets/3088fb.pdf,https://www.digikey.com/en/products/detail/analog-devices-inc/LT3088EDD-PBF/5297580,,800mA,50.5 µA,2 mA,,1,-40°C ~ 125°C,Positive,Adjustable,90dB ~ 20dB (120Hz ~ 1MHz),"Over Current, Over Temperature, Reverse Polarity, Short Circuit",,,36V,34.5V,0V,1.6V @ 800mA
LT3088EST#PBF,Analog Devices Inc.,IC REG LIN POS ADJ 800MA SOT223,pmic-voltage-regulators-linear,3008,6.63,"TO-261-4, TO-261AA",Surface Mount,Active,https://www.analog.com/media/en/technical-documentation/data-sheets/3088fb.pdf,https://www.digikey.com/en/products/detail/analog-devices-inc/LT3088EST-PBF/5297582,,800mA,50.5 µA,2 mA,,1,-40°C ~ 125°C,Positive,Adjustable,90dB ~ 20dB (120Hz ~ 1MHz),"Over Current, Over Temperature, Reverse Polarity, Short Circuit",,,36V,34.5V,0V,1.6V @ 800mA
LT3088EST#TRPBF,Analog Devices Inc.,IC REG LIN POS ADJ 800MA SOT223,pmic-voltage-regulators-linear,2229,6.63,"TO-261-4, TO-261AA",Surface Mount,Active,https://www.analog.com/media/en/technical-documentation/data-sheets/3088fb.pdf,https://www.digikey.com/en/products/detail/analog-devices-inc/LT3088EST-TRPBF/5297895,,800mA,50.5 µA,2 mA,,1,-40°C ~ 125°C,Positive,Adjustable,90dB ~ 20dB (120Hz ~ 1MHz),"Over Current, Over Temperature, Reverse Polarity, Short Circuit",,,36V,34.5V,0V,1.6V @ 800mA
LT3088HDD#TRPBF,Analog Devices Inc.,IC REG LIN POS ADJ 800MA 8-DFN,pmic-voltage-regulators-linear,4302,8.68,8-WFDFN Exposed Pad,Surface Mount,Active,https://www.analog.com/media/en/technical-documentation/data-sheets/3088fb.pdf,https://www.digikey.com/en/products/detail/analog-devices-inc/LT3088HDD-TRPBF/5297896,,800mA,50.5 µA,2 mA,,1,-40°C ~ 150°C,Positive,Adjustable,90dB ~ 20dB (120Hz ~ 1MHz),"Over Current, Over Temperature, Reverse Polarity, Short Circuit",,,36V,34.5V,0V,1.6V @ 800mA
LT3088IST#PBF,Analog Devices Inc.,IC REG LIN POS ADJ 800MA SOT223,pmic-voltage-regulators-linear,1749,7.46,"TO-261-4, TO-261AA",Surface Mount,Active,https://www.analog.com/media/en/technical-documentation/data-sheets/3088fb.pdf,https://www.digikey.com/en/products/detail/analog-devices-inc/LT3088IST-PBF/5297587,,800mA,50.5 µA,2 mA,,1,-40°C ~ 125°C,Positive,Adjustable,90dB ~ 20dB (120Hz ~ 1MHz),"Over Current, Over Temperature, Reverse Polarity, Short Circuit",,,36V,34.5V,0V,1.6V @ 800mA
LT3088MPST#PBF,Analog Devices Inc.,IC REG LIN POS ADJ 800MA SOT223,pmic-voltage-regulators-linear,549,16.11,"TO-261-4, TO-261AA",Surface Mount,Active,https://www.analog.com/media/en/technical-documentation/data-sheets/3088fb.pdf,https://www.digikey.com/en/products/detail/analog-devices-inc/LT3088MPST-PBF/5297905,,800mA,50.5 µA,2 mA,,1,-55°C ~ 150°C,Positive,Adjustable,90dB ~ 20dB (120Hz ~ 1MHz),"Over Current, Over Temperature, Reverse Polarity, Short Circuit",,,36V,34.5V,0V,1.6V @ 800mA
LT3090EMSE#PBF,Analog Devices Inc.,IC REG LIN NEG ADJ 600MA 12MSOP,pmic-voltage-regulators-linear,295,7.25,"12-TSSOP (0.118"", 3.00mm Width) Exposed Pad",Surface Mount,Active,https://www.analog.com/media/en/technical-documentation/data-sheets/3090fa.pdf,https://www.digikey.com/en/products/detail/analog-devices-inc/LT3090EMSE-PBF/4341948,"Current Limit, Enable",600mA,50.5 µA,,,1,-40°C ~ 125°C,Negative,Adjustable,85dB ~ 20dB (120Hz ~ 1MHz),"Over Current, Over Temperature, Reverse Polarity, Short Circuit",,,-36V,-32V,0V,0.45V @ 600mA
LT3090EMSE#TRPBF,Analog Devices Inc.,IC REG LIN NEG ADJ 600MA 12MSOP,pmic-voltage-regulators-linear,2037,7.25,"12-TSSOP (0.118"", 3.00mm Width) Exposed Pad",Surface Mount,Active,https://www.analog.com/media/en/technical-documentation/data-sheets/3090fa.pdf,https://www.digikey.com/en/products/detail/analog-devices-inc/LT3090EMSE-TRPBF/4341893,"Current Limit, Enable",600mA,50.5 µA,,,1,-40°C ~ 125°C,Negative,Adjustable,85dB ~ 20dB (120Hz ~ 1MHz),"Over Current, Over Temperature, Reverse Polarity, Short Circuit",,,-36V,-32V,0V,0.45V @ 600mA
LT3090IDD#PBF,Analog Devices Inc.,IC REG LIN NEG ADJ 600MA 10DFN,pmic-voltage-regulators-linear,460,9.28,10-WFDFN Exposed Pad,Surface Mount,Active,https://www.analog.com/media/en/technical-documentation/data-sheets/3090fa.pdf,https://www.digikey.com/en/products/detail/analog-devices-inc/LT3090IDD-PBF/4341898,"Current Limit, Enable",600mA,50.5 µA,,,1,-40°C ~ 125°C,Negative,Adjustable,85dB ~ 20dB (120Hz ~ 1MHz),"Over Current, Over Temperature, Reverse Polarity, Short Circuit",,,-36V,-32V,0V,0.45V @ 600mA
LT3090IDD#TRPBF,Analog Devices Inc.,IC REG LIN NEG ADJ 600MA 10DFN,pmic-voltage-regulators-linear,25,9.28,10-WFDFN Exposed Pad,Surface Mount,Active,https://www.analog.com/media/en/technical-documentation/data-sheets/3090fa.pdf,https://www.digikey.com/en/products/detail/analog-devices-inc/LT3090IDD-TRPBF/4341899,"Current Limit, Enable",600mA,50.5 µA,,,1,-40°C ~ 125°C,Negative,Adjustable,85dB ~ 20dB (120Hz ~ 1MHz),"Over Current, Over Temperature, Reverse Polarity, Short Circuit",,,-36V,-32V,0V,0.45V @ 600mA
LT3090MPMSE#PBF,Analog Devices Inc.,IC REG LIN NEG ADJ 600MA 12MSOP,pmic-voltage-regulators-linear,247,17.59,"12-TSSOP (0.118"", 3.00mm Width) Exposed Pad",Surface Mount,Active,https://www.analog.com/media/en/technical-documentation/data-sheets/3090fa.pdf,https://www.digikey.com/en/products/detail/analog-devices-inc/LT3090MPMSE-PBF/4341951,"Current Limit, Enable",600mA,50.5 µA,,,1,-55°C ~ 150°C,Negative,Adjustable,85dB ~ 20dB (120Hz ~ 1MHz),"Over Current, Over Temperature, Reverse Polarity, Short Circuit",,,-36V,-32V,0V,0.45V @ 600mA
LT3091EDE#PBF,Analog Devices Inc.,IC REG LIN NEG ADJ 1.5A 14-DFN,pmic-voltage-regulators-linear,1012,9.36,14-WFDFN Exposed Pad,Surface Mount,Active,https://www.analog.com/media/en/technical-documentation/data-sheets/3091fa.pdf,https://www.digikey.com/en/products/detail/analog-devices-inc/LT3091EDE-PBF/5431693,"Current Limit, Enable",1.5A,50.5 µA,,,1,-40°C ~ 125°C,Negative,Adjustable,85dB ~ 20dB (120Hz ~ 1MHz),"Over Current, Over Temperature, Reverse Polarity, Short Circuit",,,-36V,-32V,0V,0.45V @ 1.5A
LT3091EDE#TRPBF,Analog Devices Inc.,IC REG LIN NEG ADJ 1.5A 14-DFN,pmic-voltage-regulators-linear,3644,9.36,14-WFDFN Exposed Pad,Surface Mount,Active,https://www.analog.com/media/en/technical-documentation/data-sheets/3091fa.pdf,https://www.digikey.com/en/products/detail/analog-devices-inc/LT3091EDE-TRPBF/5431694,"Current Limit, Enable",1.5A,50.5 µA,,,1,-40°C ~ 125°C,Negative,Adjustable,85dB ~ 20dB (120Hz ~ 1MHz),"Over Current, Over Temperature, Reverse Polarity, Short Circuit",,,-36V,-32V,0V,0.45V @ 1.5A
LT3091EFE#PBF,Analog Devices Inc.,IC REG LIN NEG ADJ 1.5A 16TSSOP,pmic-voltage-regulators-linear,603,9.36,"16-TSSOP (0.173"", 4.40mm Width) Exposed Pad",Surface Mount,Active,https://www.analog.com/media/en/technical-documentation/data-sheets/3091fa.pdf,https://www.digikey.com/en/products/detail/analog-devices-inc/LT3091EFE-PBF/5431695,"Current Limit, Enable",1.5A,50.5 µA,,,1,-40°C ~ 125°C,Negative,Adjustable,85dB ~ 20dB (120Hz ~ 1MHz),"Over Current, Over Temperature, Reverse Polarity, Short Circuit",,,-36V,-32V,0V,0.45V @ 1.5A
LT3091ER#PBF,Analog Devices Inc.,IC REG LIN NEG ADJ 1.5A DDPAK-7,pmic-voltage-regulators-linear,972,10.32,"TO-263-8, D2PAK (7 Leads + Tab), TO-263CA",Surface Mount,Active,https://www.analog.com/media/en/technical-documentation/data-sheets/3091fa.pdf,https://www.digikey.com/en/products/detail/analog-devices-inc/LT3091ER-PBF/5431697,"Current Limit, Enable",1.5A,50.5 µA,,,1,-40°C ~ 125°C,Negative,Adjustable,85dB ~ 20dB (120Hz ~ 1MHz),"Over Current, Over Temperature, Reverse Polarity, Short Circuit",,,-36V,-32V,0V,0.525V @ 1.5A
LT3091IR#PBF,Analog Devices Inc.,IC REG LIN NEG ADJ 1.5A DDPAK-7,pmic-voltage-regulators-linear,1097,11.81,"TO-263-8, D2PAK (7 Leads + Tab), TO-263CA",Surface Mount,Active,https://www.analog.com/media/en/technical-documentation/data-sheets/3091fa.pdf,https://www.digikey.com/en/products/detail/analog-devices-inc/LT3091IR-PBF/5432252,"Current Limit, Enable",1.5A,50.5 µA,,,1,-40°C ~ 125°C,Negative,Adjustable,85dB ~ 20dB (120Hz ~ 1MHz),"Over Current, Over Temperature, Reverse Polarity, Short Circuit",,,-36V,-32V,0V,0.525V @ 1.5A
LT3093EDD#PBF,Analog Devices Inc.,IC REG LIN NEG ADJ 200MA 12-DFN,pmic-voltage-regulators-linear,1210,7.38,12-WFDFN Exposed Pad,Surface Mount,Active,https://www.analog.com/media/en/technical-documentation/data-sheets/lt3093.pdf,https://www.digikey.com/en/products/detail/analog-devices-inc/LT3093EDD-PBF/10271128,"Current Limit, Enable",200mA,10 µA,80 mA,,1,-40°C ~ 125°C (TA),Negative,Adjustable,73dB (1MHz),"Over Current, Over Temperature, Short Circuit",,,-20V,-19.5V,0V,0.3V @ 200mA
LT3093EDD#TRPBF,Analog Devices Inc.,IC REG LIN NEG ADJ 200MA 12-DFN,pmic-voltage-regulators-linear,4582,7.38,12-WFDFN Exposed Pad,Surface Mount,Active,https://www.analog.com/media/en/technical-documentation/data-sheets/lt3093.pdf,https://www.digikey.com/en/products/detail/analog-devices-inc/LT3093EDD-TRPBF/10271285,"Current Limit, Enable",200mA,10 µA,80 mA,,1,-40°C ~ 125°C (TA),Negative,Adjustable,73dB (1MHz),"Over Current, Over Temperature, Short Circuit",,,-20V,-19.5V,0V,0.3V @ 200mA
LT3093EMSE#PBF,Analog Devices Inc.,IC REG LINEAR NEG ADJ 12-MSOP-EP,pmic-voltage-regulators-linear,701,7.38,"12-TSSOP (0.118"", 3.00mm Width) Exposed Pad",Surface Mount,Active,https://www.analog.com/media/en/technical-documentation/data-sheets/lt3093.pdf,https://www.digikey.com/en/products/detail/analog-devices-inc/LT3093EMSE-PBF/10271120,"Current Limit, Enable",200mA,10 µA,80 mA,,1,-40°C ~ 125°C (TA),Negative,Adjustable,73dB (1MHz),"Over Current, Over Temperature, Short Circuit",,,-20V,-19.5V,0V,0.3V @ 200mA
LT3093IDD#PBF,Analog Devices Inc.,IC REG LIN NEG ADJ 200MA 12-DFN,pmic-voltage-regulators-linear,1738,8.09,12-WFDFN Exposed Pad,Surface Mount,Active,https://www.analog.com/media/en/technical-documentation/data-sheets/lt3093.pdf,https://www.digikey.com/en/products/detail/analog-devices-inc/LT3093IDD-PBF/10271129,"Current Limit, Enable",200mA,10 µA,80 mA,,1,-40°C ~ 125°C (TA),Negative,Adjustable,73dB (1MHz),"Over Current, Over Temperature, Short Circuit",,,-20V,-19.5V,0V,0.3V @ 200mA
LT3094EDD#PBF,Analog Devices Inc.,IC REG LIN NEG ADJ 500MA 12-DFN,pmic-voltage-regulators-linear,3580,9.17,12-WFDFN Exposed Pad,Surface Mount,Active,https://www.analog.com/media/en/technical-documentation/data-sheets/LT3094.pdf,https://www.digikey.com/en/products/detail/analog-devices-inc/LT3094EDD-PBF/9607277,"Enable, Power Good, Soft Start",500mA,2.35 mA,23 mA,,1,-40°C ~ 125°C,Negative,Adjustable,108dB ~ 28dB (120Hz ~ 10MHz),"Over Current, Over Temperature, Short Circuit, Under Voltage Lockout (UVLO)",,,-2.3V,0V,-19.5V,0.41V @ 500mA
LT3094EDD#TRPBF,Analog Devices Inc.,IC REG LIN NEG ADJ 500MA 12-DFN,pmic-voltage-regulators-linear,12117,9.17,12-WFDFN Exposed Pad,Surface Mount,Active,https://www.analog.com/media/en/technical-documentation/data-sheets/LT3094.pdf,https://www.digikey.com/en/products/detail/analog-devices-inc/LT3094EDD-TRPBF/9606783,"Enable, Power Good, Soft Start",500mA,2.35 mA,23 mA,,1,-40°C ~ 125°C,Negative,Adjustable,108dB ~ 28dB (120Hz ~ 10MHz),"Over Current, Over Temperature, Short Circuit, Under Voltage Lockout (UVLO)",,,-2.3V,0V,-19.5V,0.41V @ 500mA
LT3094EMSE#PBF,Analog Devices Inc.,IC REG LIN NEG ADJ 500MA 12MSOP,pmic-voltage-regulators-linear,0,9.17,"12-TSSOP (0.118"", 3.00mm Width) Exposed Pad",Surface Mount,Active,https://www.analog.com/media/en/technical-documentation/data-sheets/LT3094.pdf,https://www.digikey.com/en/products/detail/analog-devices-inc/LT3094EMSE-PBF/9607268,"Enable, Power Good, Soft Start",500mA,2.35 mA,23 mA,,1,-40°C ~ 125°C,Negative,Adjustable,108dB ~ 28dB (120Hz ~ 10MHz),"Over Current, Over Temperature, Short Circuit, Under Voltage Lockout (UVLO)",,,-2.3V,0V,-19.5V,0.41V @ 500mA
LT3094EMSE#TRPBF,Analog Devices Inc.,IC REG LIN NEG ADJ 500MA 12MSOP,pmic-voltage-regulators-linear,5912,9.17,"12-TSSOP (0.118"", 3.00mm Width) Exposed Pad",Surface Mount,Active,https://www.analog.com/media/en/technical-documentation/data-sheets/LT3094.pdf,https://www.digikey.com/en/products/detail/analog-devices-inc/LT3094EMSE-TRPBF/9606784,"Enable, Power Good, Soft Start",500mA,2.35 mA,23 mA,,1,-40°C ~ 125°C,Negative,Adjustable,108dB ~ 28dB (120Hz ~ 10MHz),"Over Current, Over Temperature, Short Circuit, Under Voltage Lockout (UVLO)",,,-2.3V,0V,-19.5V,0.41V @ 500mA
LT3094HDD#PBF,Analog Devices Inc.,IC REG LIN NEG ADJ 500MA 12-DFN,pmic-voltage-regulators-linear,212,11.46,12-WFDFN Exposed Pad,Surface Mount,Active,https://www.analog.com/media/en/technical-documentation/data-sheets/LT3094.pdf,https://www.digikey.com/en/products/detail/analog-devices-inc/LT3094HDD-PBF/9990348,"Enable, Power Good, Soft Start",500mA,2.35 mA,23 mA,,1,-40°C ~ 150°C (TJ),Negative,Adjustable,108dB ~ 28dB (120Hz ~ 10MHz),"Over Current, Over Temperature, Short Circuit, Under Voltage Lockout (UVLO)",,,-2.3V,0V,-19.5V,0.41V @ 500mA
LT3094HDD#TRPBF,Analog Devices Inc.,IC REG LIN NEG ADJ 500MA 12-DFN,pmic-voltage-regulators-linear,2436,11.46,12-WFDFN Exposed Pad,Surface Mount,Active,https://www.analog.com/media/en/technical-documentation/data-sheets/LT3094.pdf,https://www.digikey.com/en/products/detail/analog-devices-inc/LT3094HDD-TRPBF/9990390,"Enable, Power Good, Soft Start",500mA,2.35 mA,23 mA,,1,-40°C ~ 150°C (TJ),Negative,Adjustable,108dB ~ 28dB (120Hz ~ 10MHz),"Over Current, Over Temperature, Short Circuit, Under Voltage Lockout (UVLO)",,,-2.3V,0V,-19.5V,0.41V @ 500mA
LT3094IDD#PBF,Analog Devices Inc.,IC REG LIN NEG ADJ 500MA 12-DFN,pmic-voltage-regulators-linear,0,10.43,12-WFDFN Exposed Pad,Surface Mount,Active,https://www.analog.com/media/en/technical-documentation/data-sheets/LT3094.pdf,https://www.digikey.com/en/products/detail/analog-devices-inc/LT3094IDD-PBF/9607278,"Enable, Power Good, Soft Start",500mA,2.35 mA,23 mA,,1,-40°C ~ 125°C,Negative,Adjustable,108dB ~ 28dB (120Hz ~ 10MHz),"Over Current, Over Temperature, Short Circuit, Under Voltage Lockout (UVLO)",,,-2.3V,0V,-19.5V,0.41V @ 500mA
LT3094IDD#TRPBF,Analog Devices Inc.,IC REG LIN NEG ADJ 500MA 12-DFN,pmic-voltage-regulators-linear,1129,10.43,12-WFDFN Exposed Pad,Surface Mount,Active,https://www.analog.com/media/en/technical-documentation/data-sheets/LT3094.pdf,https://www.digikey.com/en/products/detail/analog-devices-inc/LT3094IDD-TRPBF/9606785,"Enable, Power Good, Soft Start",500mA,2.35 mA,23 mA,,1,-40°C ~ 125°C,Negative,Adjustable,108dB ~ 28dB (120Hz ~ 10MHz),"Over Current, Over Temperature, Short Circuit, Under Voltage Lockout (UVLO)",,,-2.3V,0V,-19.5V,0.41V @ 500mA
LT3094IMSE#PBF,Analog Devices Inc.,IC REG LIN NEG ADJ 500MA 12MSOP,pmic-voltage-regulators-linear,348,10.43,"12-TSSOP (0.118"", 3.00mm Width) Exposed Pad",Surface Mount,Active,https://www.analog.com/media/en/technical-documentation/data-sheets/LT3094.pdf,https://www.digikey.com/en/products/detail/analog-devices-inc/LT3094IMSE-PBF/9607269,"Enable, Power Good, Soft Start",500mA,2.35 mA,23 mA,,1,-40°C ~ 125°C,Negative,Adjustable,108dB ~ 28dB (120Hz ~ 10MHz),"Over Current, Over Temperature, Short Circuit, Under Voltage Lockout (UVLO)",,,-2.3V,0V,-19.5V,0.41V @ 500mA
LT3094IMSE#TRPBF,Analog Devices Inc.,IC REG LIN NEG ADJ 500MA 12MSOP,pmic-voltage-regulators-linear,2779,10.43,"12-TSSOP (0.118"", 3.00mm Width) Exposed Pad",Surface Mount,Active,https://www.analog.com/media/en/technical-documentation/data-sheets/LT3094.pdf,https://www.digikey.com/en/products/detail/analog-devices-inc/LT3094IMSE-TRPBF/9606786,"Enable, Power Good, Soft Start",500mA,2.35 mA,23 mA,,1,-40°C ~ 125°C,Negative,Adjustable,108dB ~ 28dB (120Hz ~ 10MHz),"Over Current, Over Temperature, Short Circuit, Under Voltage Lockout (UVLO)",,,-2.3V,0V,-19.5V,0.41V @ 500mA
LTC1844ES5-1.8#TRMPBF,Analog Devices Inc.,IC REG LIN 1.8V 150MA TSOT-23-5,pmic-voltage-regulators-linear,2102,4.63,"SOT-23-5 Thin, TSOT-23-5",Surface Mount,Active,https://www.analog.com/media/en/technical-documentation/data-sheets/1844fa.pdf,https://www.digikey.com/en/products/detail/analog-devices-inc/LTC1844ES5-1-8-TRMPBF/1116022,Enable,150mA,80 µA,,,1,-40°C ~ 125°C,Positive,Fixed,50dB (120Hz),"Over Current, Over Temperature, Reverse Polarity, Short Circuit",,,6.5V,,1.8V,0.3V @ 150mA
LTC1844ES5-3.3#TRMPBF,Analog Devices Inc.,IC REG LIN 3.3V 150MA TSOT-23-5,pmic-voltage-regulators-linear,1415,5.16,"SOT-23-5 Thin, TSOT-23-5",Surface Mount,Active,https://www.analog.com/media/en/technical-documentation/data-sheets/1844fa.pdf,https://www.digikey.com/en/products/detail/analog-devices-inc/LTC1844ES5-3-3-TRMPBF/1115965,Enable,150mA,80 µA,,,1,-40°C ~ 125°C,Positive,Fixed,50dB (120Hz),"Over Current, Over Temperature, Reverse Polarity, Short Circuit",,,6.5V,,3.3V,0.15V @ 150mA
LTC1844ES5-3.3#TRPBF,Analog Devices Inc.,IC REG LIN 3.3V 150MA TSOT-23-5,pmic-voltage-regulators-linear,2180,5.16,"SOT-23-5 Thin, TSOT-23-5",Surface Mount,Active,https://www.analog.com/media/en/technical-documentation/data-sheets/1844fa.pdf,https://www.digikey.com/en/products/detail/analog-devices-inc/LTC1844ES5-3-3-TRPBF/960636,Enable,150mA,80 µA,,,1,-40°C ~ 125°C,Positive,Fixed,50dB (120Hz),"Over Current, Over Temperature, Reverse Polarity, Short Circuit",,,6.5V,,3.3V,0.15V @ 150mA
LTC1844ES5-BYP#TRMPBF,Analog Devices Inc.,IC REG LINEAR POS ADJ TSOT-23-5,pmic-voltage-regulators-linear,17259,4.63,"SOT-23-5 Thin, TSOT-23-5",Surface Mount,Active,https://www.analog.com/media/en/technical-documentation/data-sheets/1844fa.pdf,https://www.digikey.com/en/products/detail/analog-devices-inc/LTC1844ES5-BYP-TRMPBF/1115955,Enable,150mA,80 µA,,,1,-40°C ~ 125°C,Positive,Adjustable,50dB (120Hz),"Over Current, Over Temperature, Reverse Polarity, Short Circuit",,,6.5V,6V,1.25V,0.2V @ 150mA
LTC1844ES5-SD#TRMPBF,Analog Devices Inc.,IC REG LINEAR POS ADJ TSOT-23-5,pmic-voltage-regulators-linear,757,4.63,"SOT-23-5 Thin, TSOT-23-5",Surface Mount,Active,https://www.analog.com/media/en/technical-documentation/data-sheets/1844fa.pdf,https://www.digikey.com/en/products/detail/analog-devices-inc/LTC1844ES5-SD-TRMPBF/1116007,Enable,150mA,80 µA,,,1,-40°C ~ 125°C,Positive,Adjustable,50dB (120Hz),"Over Current, Over Temperature, Reverse Polarity, Short Circuit",,,6.5V,6V,1.25V,0.2V @ 150mA
LTC1844ES5-SD#TRPBF,Analog Devices Inc.,IC REG LINEAR POS ADJ TSOT-23-5,pmic-voltage-regulators-linear,9663,4.63,"SOT-23-5 Thin, TSOT-23-5",Surface Mount,Active,https://www.analog.com/media/en/technical-documentation/data-sheets/1844fa.pdf,https://www.digikey.com/en/products/detail/analog-devices-inc/LTC1844ES5-SD-TRPBF/960744,Enable,150mA,80 µA,,,1,-40°C ~ 125°C,Positive,Adjustable,50dB (120Hz),"Over Current, Over Temperature, Reverse Polarity, Short Circuit",,,6.5V,6V,1.25V,0.2V @ 150mA
LTC3025EDC#TRMPBF,Analog Devices Inc.,IC REG LIN POS ADJ 300MA 6-DFN,pmic-voltage-regulators-linear,6655,4.84,6-WFDFN Exposed Pad,Surface Mount,Active,,https://www.digikey.com/en/products/detail/analog-devices-inc/LTC3025EDC-TRMPBF/962223,"Enable, Power Sequencing",300mA,,,,1,-40°C ~ 125°C,Positive,Adjustable,,"Over Temperature, Short Circuit, Soft Start",,,5.5V,3.6V,0.4V,0.1V @ 300mA
LTC3025EDC#TRPBF,Analog Devices Inc.,IC REG LIN POS ADJ 300MA 6-DFN,pmic-voltage-regulators-linear,5732,4.84,6-WFDFN Exposed Pad,Surface Mount,Active,,https://www.digikey.com/en/products/detail/analog-devices-inc/LTC3025EDC-TRPBF/960360,"Enable, Power Sequencing",300mA,,,,1,-40°C ~ 125°C,Positive,Adjustable,,"Over Temperature, Short Circuit, Soft Start",,,5.5V,3.6V,0.4V,0.1V @ 300mA
LTC3025EDC-1#TRMPBF,Analog Devices Inc.,IC REG LIN POS ADJ 500MA 6-DFN,pmic-voltage-regulators-linear,7118,4.88,6-WFDFN Exposed Pad,Surface Mount,Active,https://www.analog.com/media/en/technical-documentation/data-sheets/ltc3025-1-3025-2-3025-3-3025-4.pdf,https://www.digikey.com/en/products/detail/analog-devices-inc/LTC3025EDC-1-TRMPBF/1746030,Enable,500mA,80 µA,,,1,-40°C ~ 125°C,Positive,Adjustable,,"Over Current, Over Temperature, Short Circuit",,,5.5V,3.6V,0.4V,0.17V @ 500mA
LTC3025EDC-1#TRPBF,Analog Devices Inc.,IC REG LIN POS ADJ 500MA 6-DFN,pmic-voltage-regulators-linear,6423,5.45,6-WFDFN Exposed Pad,Surface Mount,Active,https://www.analog.com/media/en/technical-documentation/data-sheets/ltc3025-1-3025-2-3025-3-3025-4.pdf,https://www.digikey.com/en/products/detail/analog-devices-inc/LTC3025EDC-1-TRPBF/1746032,Enable,500mA,80 µA,,,1,-40°C ~ 125°C,Positive,Adjustable,,"Over Current, Over Temperature, Short Circuit",,,5.5V,3.6V,0.4V,0.17V @ 500mA
LTC3025IDC-1#TRMPBF,Analog Devices Inc.,IC REG LIN POS ADJ 500MA 6-DFN,pmic-voltage-regulators-linear,6966,5.34,6-WFDFN Exposed Pad,Surface Mount,Active,https://www.analog.com/media/en/technical-documentation/data-sheets/ltc3025-1-3025-2-3025-3-3025-4.pdf,https://www.digikey.com/en/products/detail/analog-devices-inc/LTC3025IDC-1-TRMPBF/1985726,Enable,500mA,80 µA,,,1,-40°C ~ 125°C,Positive,Adjustable,,"Over Current, Over Temperature, Short Circuit",,,5.5V,3.6V,0.4V,0.17V @ 500mA
LTC3025IDC-1#TRPBF,Analog Devices Inc.,IC REG LIN POS ADJ 500MA 6-DFN,pmic-voltage-regulators-linear,3554,5.34,6-WFDFN Exposed Pad,Surface Mount,Active,https://www.analog.com/media/en/technical-documentation/data-sheets/ltc3025-1-3025-2-3025-3-3025-4.pdf,https://www.digikey.com/en/products/detail/analog-devices-inc/LTC3025IDC-1-TRPBF/1985727,Enable,500mA,80 µA,,,1,-40°C ~ 125°C,Positive,Adjustable,,"Over Current, Over Temperature, Short Circuit",,,5.5V,3.6V,0.4V,0.17V @ 500mA
LTC3026EDD#PBF,Analog Devices Inc.,IC REG LINEAR POS ADJ 1.5A 10DFN,pmic-voltage-regulators-linear,861,7.53,10-WFDFN Exposed Pad,Surface Mount,Active,https://www.analog.com/media/en/technical-documentation/data-sheets/3026ff.pdf,https://www.digikey.com/en/products/detail/analog-devices-inc/LTC3026EDD-PBF/1620242,"Enable, Power Good",1.5A,,,,1,-40°C ~ 125°C,Positive,Adjustable,,"Over Current, Over Temperature, Reverse Polarity, Short Circuit",,,"3.5V, 5.5V",2.6V,0.4V,0.25V @ 1.5A
LTC3026EDD#TRPBF,Analog Devices Inc.,IC REG LINEAR POS ADJ 1.5A 10DFN,pmic-voltage-regulators-linear,881,7.53,10-WFDFN Exposed Pad,Surface Mount,Active,https://www.analog.com/media/en/technical-documentation/data-sheets/3026ff.pdf,https://www.digikey.com/en/products/detail/analog-devices-inc/LTC3026EDD-TRPBF/1621297,"Enable, Power Good",1.5A,,,,1,-40°C ~ 125°C,Positive,Adjustable,,"Over Current, Over Temperature, Reverse Polarity, Short Circuit",,,"3.5V, 5.5V",2.6V,0.4V,0.25V @ 1.5A
LTC3035EDDB#TRMPBF,Analog Devices Inc.,IC REG LIN POS ADJ 300MA 8-DFN,pmic-voltage-regulators-linear,3830,4.72,8-WFDFN Exposed Pad,Surface Mount,Active,https://www.analog.com/media/en/technical-documentation/data-sheets/3035f.pdf,https://www.digikey.com/en/products/detail/analog-devices-inc/LTC3035EDDB-TRMPBF/1620553,Enable,300mA,200 µA,,,1,-40°C ~ 125°C,Positive,Adjustable,,"Over Current, Over Temperature, Reverse Polarity, Short Circuit",,,5.5V,3.6V,0.4V,0.1V @ 300mA
MAX15027ATB+T,Analog Devices Inc./Maxim Integrated,IC REG LINEAR POS ADJ 1A 10TDFN,pmic-voltage-regulators-linear,5821,4.52,10-WFDFN Exposed Pad,Surface Mount,Active,https://www.analog.com/media/en/technical-documentation/data-sheets/max15027-max15028.pdf,https://www.digikey.com/en/products/detail/analog-devices-inc-maxim-integrated/MAX15027ATB-T/2062171,"Enable, Soft Start",1A,410 µA,560 µA,,1,-40°C ~ 125°C (TA),Positive,Adjustable,,"Over Temperature, Short Circuit",,,3.6V,3.3V,0.5V,0.225V @ 1A
MAX15103EWL+T,Analog Devices Inc./Maxim Integrated,IC REG LINEAR POS ADJ 3A 15-WLP,pmic-voltage-regulators-linear,3831,7.09,"15-WFBGA, WLBGA",Surface Mount,Active,https://www.analog.com/media/en/technical-documentation/data-sheets/MAX15103.pdf,https://www.digikey.com/en/products/detail/analog-devices-inc-maxim-integrated/MAX15103EWL-T/3517089,"Enable, Power Good, Soft Start",3A,3.5 mA,,,1,-40°C ~ 85°C (TA),Positive,Adjustable,40dB (100kHz),"Over Current, Over Temperature, Under Voltage Lockout (UVLO)",,,5.5V,5.2V,0.6V,0.2V @ 3A
MAX1615EUK+T,Analog Devices Inc./Maxim Integrated,IC REG LIN 3.3V/5V 30MA SOT23-5,pmic-voltage-regulators-linear,13040,5.18,"SC-74A, SOT-753",Surface Mount,Active,https://www.analog.com/media/en/technical-documentation/data-sheets/MAX1615-MAX1616.pdf,https://www.digikey.com/en/products/detail/analog-devices-inc-maxim-integrated/MAX1615EUK-T/774073,Enable,30mA,,,,1,-40°C ~ 85°C (TA),Positive,Fixed,,"Over Current, Over Temperature",,,28V,,"3.3V, 5V",0.35V @ 30mA
MAX1616EUK+T,Analog Devices Inc./Maxim Integrated,IC REG LIN POS ADJ 30MA SOT23-5,pmic-voltage-regulators-linear,14471,5.18,"SC-74A, SOT-753",Surface Mount,Active,https://www.analog.com/media/en/technical-documentation/data-sheets/MAX1615-MAX1616.pdf,https://www.digikey.com/en/products/detail/analog-devices-inc-maxim-integrated/MAX1616EUK-T/1475618,Enable,30mA,,,,1,-40°C ~ 85°C (TA),Positive,Adjustable,,"Over Current, Over Temperature",,,28V,28V,1.24V,0.35V @ 30mA
MAX1735EUK25+T,Analog Devices Inc./Maxim Integrated,IC REG LIN NEG ADJ 200MA SOT23-5,pmic-voltage-regulators-linear,11040,4.79,"SC-74A, SOT-753",Surface Mount,Active,https://www.analog.com/media/en/technical-documentation/data-sheets/max1735.pdf,https://www.digikey.com/en/products/detail/analog-devices-inc-maxim-integrated/MAX1735EUK25-T/1517851,Enable,200mA,85 µA,125 µA,,1,-40°C ~ 85°C (TA),Negative,Adjustable (Fixed),60dB (100Hz),"Over Current, Over Temperature, Short Circuit",,,-6.5V,-5.5V,-1.25V (-2.5V),0.24V @ 200mA
MAX1735EUK30+T,Analog Devices Inc./Maxim Integrated,IC REG LIN NEG ADJ 200MA SOT23-5,pmic-voltage-regulators-linear,3658,4.47,"SC-74A, SOT-753",Surface Mount,Active,https://www.analog.com/media/en/technical-documentation/data-sheets/max1735.pdf,https://www.digikey.com/en/products/detail/analog-devices-inc-maxim-integrated/MAX1735EUK30-T/1517862,Enable,200mA,85 µA,125 µA,,1,-40°C ~ 85°C (TA),Negative,Adjustable (Fixed),60dB (100Hz),"Over Current, Over Temperature, Short Circuit",,,-6.5V,-5.5V,-1.25V (-3V),0.24V @ 200mA
MAX1735EUK50+T,Analog Devices Inc./Maxim Integrated,IC REG LIN NEG ADJ 200MA SOT23-5,pmic-voltage-regulators-linear,3494,3.94,"SC-74A, SOT-753",Surface Mount,Active,https://www.analog.com/media/en/technical-documentation/data-sheets/max1735.pdf,https://www.digikey.com/en/products/detail/analog-devices-inc-maxim-integrated/MAX1735EUK50-T/1517861,Enable,200mA,85 µA,125 µA,,1,-40°C ~ 85°C (TA),Negative,Adjustable (Fixed),60dB (100Hz),"Over Current, Over Temperature, Short Circuit",,,-6.5V,-5.5V,-1.25V (-5V),0.24V @ 200mA
MAX17651AZT+T,Analog Devices Inc./Maxim Integrated,IC REG LIN POS ADJ 100MA TSOT23,pmic-voltage-regulators-linear,14169,2.86,"SOT-23-6 Thin, TSOT-23-6",Surface Mount,Active,https://www.analog.com/media/en/technical-documentation/data-sheets/max17651.pdf,https://www.digikey.com/en/products/detail/analog-devices-inc-maxim-integrated/MAX17651AZT-T/11486008,"Enable, Power Good",100mA,15 µA,,,1,-40°C ~ 125°C (TA),Positive,Adjustable,,"Over Current, Over Temperature, Short Circuit",,,60V,58V,0.6V,1.1V @ 100mA
MAX1818EUT18+T,Analog Devices Inc./Maxim Integrated,IC REG LIN POS ADJ 500MA SOT-6,pmic-voltage-regulators-linear,4830,4.72,SOT-23-6,Surface Mount,Active,https://www.analog.com/media/en/technical-documentation/data-sheets/max1818.pdf,https://www.digikey.com/en/products/detail/analog-devices-inc-maxim-integrated/MAX1818EUT18-T/5086358,"Enable, Power Good",500mA,250 µA,,,1,-40°C ~ 85°C (TA),Positive,Adjustable (Fixed),,"Over Current, Over Temperature, Short Circuit",,,5.5V,5V,1.25V (1.8V),
MAX1818EUT33+T,Analog Devices Inc./Maxim Integrated,IC REG LIN POS ADJ 500MA SOT-6,pmic-voltage-regulators-linear,4856,4.08,SOT-23-6,Surface Mount,Active,https://www.analog.com/media/en/technical-documentation/data-sheets/max1818.pdf,https://www.digikey.com/en/products/detail/analog-devices-inc-maxim-integrated/MAX1818EUT33-T/2115813,"Enable, Power Good",500mA,250 µA,,,1,-40°C ~ 85°C (TA),Positive,Adjustable (Fixed),,"Over Current, Over Temperature, Short Circuit",,,5.5V,5V,1.25V (3.3V),0.215V @ 500mA
MAX1818EUT50+T,Analog Devices Inc./Maxim Integrated,IC REG LIN POS ADJ 500MA SOT-6,pmic-voltage-regulators-linear,7479,4.72,SOT-23-6,Surface Mount,Active,https://www.analog.com/media/en/technical-documentation/data-sheets/max1818.pdf,https://www.digikey.com/en/products/detail/analog-devices-inc-maxim-integrated/MAX1818EUT50-T/5086360,"Enable, Power Good",500mA,250 µA,,,1,-40°C ~ 85°C (TA),Positive,Adjustable (Fixed),,"Over Current, Over Temperature, Short Circuit",,,5.5V,5V,1.25V (5V),0.22V @ 500mA
MAX25300BATA/V+T,Analog Devices Inc./Maxim Integrated,IC REG LINEAR POS ADJ 8TDFN,pmic-voltage-regulators-linear,4685,1.97,8-WFDFN Exposed Pad,Surface Mount,Active,https://www.analog.com/media/en/technical-documentation/data-sheets/max25300a-max25300b.pdf,https://www.digikey.com/en/products/detail/analog-devices-inc-maxim-integrated/MAX25300BATA-V-T/17878653,"Current Limit, Enable, Power On Reset",500mA,600 µA,,Automotive,1,-40°C ~ 125°C,Positive,Adjustable,70dB ~ 40dB (1kHz ~ 1MHz),"Over Current, Over Temperature, Reverse Current, Short Circuit, Under Voltage Lockout (UVLO)",AEC-Q100,,5.5V,5.3V,0.6V,0.3V @ 500mA
MAX25302AATD/V+,Analog Devices Inc./Maxim Integrated,IC REG LINEAR POS ADJ 2A 14-TDFN,pmic-voltage-regulators-linear,6605,2.12,14-WFDFN Exposed Pad,Surface Mount,Active,https://www.analog.com/media/en/technical-documentation/data-sheets/MAX25302A-MAX25302B.pdf,https://www.digikey.com/en/products/detail/analog-devices-inc-maxim-integrated/MAX25302AATD-V/14617376,Enable,2A,,,Automotive,1,-40°C ~ 125°C (TJ),Positive,Adjustable,70dB ~ 40dB (1kHz ~ 1MHz),"Current Limit, Reverse Current, Over Temperature",AEC-Q100,,5.5V,5V,0.6V,0.3V @ 2A
MAX25302BATD/V+T,Analog Devices Inc./Maxim Integrated,IC REG LINEAR POS ADJ 2A 14-TDFN,pmic-voltage-regulators-linear,4387,2.37,14-WFDFN Exposed Pad,Surface Mount,Active,https://www.analog.com/media/en/technical-documentation/data-sheets/MAX25302A-MAX25302B.pdf,https://www.digikey.com/en/products/detail/analog-devices-inc-maxim-integrated/MAX25302BATD-V-T/16675117,Enable,2A,,,Automotive,1,-40°C ~ 125°C (TJ),Positive,Adjustable,70dB ~ 40dB (1kHz ~ 1MHz),"Current Limit, Reverse Current, Over Temperature",AEC-Q100,,5.5V,5V,0.6V,0.3V @ 2A
MAX38902AATA+T,Analog Devices Inc./Maxim Integrated,IC REG LINEAR POS ADJ 8TDFN,pmic-voltage-regulators-linear,15867,2.76,8-WFDFN Exposed Pad,Surface Mount,Active,https://www.analog.com/media/en/technical-documentation/data-sheets/MAX38902A-MAX38902D.pdf,https://www.digikey.com/en/products/detail/analog-devices-inc-maxim-integrated/MAX38902AATA-T/8571220,Enable,500mA,600 µA,,,1,-40°C ~ 125°C (TJ),Positive,Adjustable,70dB ~ 40dB (1kHz ~ 1MHz),"Over Current, Over Temperature, Reverse Polarity",,,5.5V,5.3V,0.6V,0.3V @ 500mA
MAX38902BATA+T,Analog Devices Inc./Maxim Integrated,IC REG LINEAR POS ADJ 8TDFN,pmic-voltage-regulators-linear,6471,2.57,8-WFDFN Exposed Pad,Surface Mount,Active,https://www.analog.com/media/en/technical-documentation/data-sheets/MAX38902A-MAX38902D.pdf,https://www.digikey.com/en/products/detail/analog-devices-inc-maxim-integrated/MAX38902BATA-T/8571221,Enable,500mA,600 µA,,,1,-40°C ~ 125°C (TJ),Positive,Adjustable,70dB ~ 40dB (1kHz ~ 1MHz),"Over Current, Over Temperature, Reverse Polarity",,,5.5V,5.3V,0.6V,0.3V @ 500mA
MAX38902CANT+T,Analog Devices Inc./Maxim Integrated,IC REG LIN POS ADJ 500MA 6-WLP,pmic-voltage-regulators-linear,16249,2.57,"6-XFBGA, WLBGA",Surface Mount,Active,https://www.analog.com/media/en/technical-documentation/data-sheets/MAX38902A-MAX38902D.pdf,https://www.digikey.com/en/products/detail/analog-devices-inc-maxim-integrated/MAX38902CANT-T/11485540,Enable,500mA,600 µA,,,1,-40°C ~ 125°C (TJ),Positive,Adjustable,70dB ~ 40dB (1kHz ~ 1MHz),"Over Current, Over Temperature, Reverse Polarity",,,5.5V,5.3V,0.6V,0.3V @ 500mA
MAX38903BATB+T,Analog Devices Inc./Maxim Integrated,IC REG LINEAR POS PROG 1A 10TDFN,pmic-voltage-regulators-linear,625,1.72,10-WFDFN Exposed Pad,Surface Mount,Active,https://www.analog.com/media/en/technical-documentation/data-sheets/max38903a-max38903d.pdf,https://www.digikey.com/en/products/detail/analog-devices-inc-maxim-integrated/MAX38903BATB-T/11485876,Enable,1A,2 mA,,,1,-40°C ~ 125°C (TJ),Positive,Programmable,70dB ~ 40dB (1kHz ~ 1MHz),"Over Current, Over Temperature, Reverse Polarity",,,5.5V,5V,0.6V,0.3V @ 1A
MAX38904BATD+T,Analog Devices Inc./Maxim Integrated,IC REG LINEAR POS ADJ 2A 14-TDFN,pmic-voltage-regulators-linear,888,3.8,14-WFDFN Exposed Pad,Surface Mount,Active,https://www.analog.com/media/en/technical-documentation/data-sheets/MAX38904A-MAX38904D.pdf,https://www.digikey.com/en/products/detail/analog-devices-inc-maxim-integrated/MAX38904BATD-T/11485335,Enable,2A,1.3 mA,,,1,-40°C ~ 125°C (TJ),Positive,Adjustable,70dB ~ 40dB (1kHz ~ 1MHz),"Over Current, Over Temperature, Reverse Current, Soft Start",,,5.5V,5V,0.6V,0.3V @ 2A
MAX38907ATP+,Analog Devices Inc./Maxim Integrated,IC REG LIN POS PROG 4A 20-TQFN,pmic-voltage-regulators-linear,1201,9.3,20-WQFN Exposed Pad,Surface Mount,Active,https://www.analog.com/media/en/technical-documentation/data-sheets/MAX38907-MAX38908.pdf,https://www.digikey.com/en/products/detail/analog-devices-inc-maxim-integrated/MAX38907ATP/13577633,"Enable, Power On Reset",4A,150 µA,,,1,-40°C ~ 125°C (TJ),Positive,Programmable,60dB ~ 42dB (1kHz ~ 100kHz),"Over Current, Over Temperature, Reverse Current, Under Voltage Lockout (UVLO)",,,5.5V,5V,0.6V,
MAX38908ATD+,Analog Devices Inc./Maxim Integrated,IC REG LINEAR POS ADJ 4A 14-TDFN,pmic-voltage-regulators-linear,0,9.43,14-WFDFN Exposed Pad,Surface Mount,Active,https://www.analog.com/media/en/technical-documentation/data-sheets/MAX38907-MAX38908.pdf,https://www.digikey.com/en/products/detail/analog-devices-inc-maxim-integrated/MAX38908ATD/10481526,"Enable, Power On Reset",4A,150 µA,,,1,-40°C ~ 125°C (TJ),Positive,Adjustable,60dB ~ 42dB (1kHz ~ 100kHz),"Over Current, Over Temperature, Reverse Current, Soft Start",,,5.5V,5V,0.6V,0.15V @ 4A
MAX38912ATA+T,Analog Devices Inc./Maxim Integrated,IC REG LINEAR POS ADJ 8TDFN,pmic-voltage-regulators-linear,8023,2.93,8-WFDFN Exposed Pad,Surface Mount,Active,https://www.analog.com/media/en/technical-documentation/data-sheets/MAX38911-MAX38912.pdf,https://www.digikey.com/en/products/detail/analog-devices-inc-maxim-integrated/MAX38912ATA-T/16705829,"Enable, Soft Start",500mA,750 µA,,,1,-40°C ~ 125°C (TJ),Positive,Adjustable,80dB ~ 44dB (1kHz ~ 1MHz),"Over Current, Over Temperature, Reverse Current",,,5.5V,5V,0.8V,0.3V @ 500mA
MAX5024LASA+,Analog Devices Inc./Maxim Integrated,IC REG LIN POS ADJ 150MA 8-SOIC,pmic-voltage-regulators-linear,13230,6.28,"8-SOIC (0.154"", 3.90mm Width)",Surface Mount,Active,https://www.analog.com/media/en/technical-documentation/data-sheets/max5023-max5024.pdf,https://www.digikey.com/en/products/detail/analog-devices-inc-maxim-integrated/MAX5024LASA/1513700,"Enable, Hold, Reset",150mA,140 µA,,,1,-40°C ~ 125°C,Positive,Adjustable (Fixed),54dB (100Hz),"Over Temperature, Short Circuit",,,65V,11V,2.5V (5V),1.5V @ 150mA
MAX5084ATT+T,Analog Devices Inc./Maxim Integrated,IC REG LIN POS ADJ 200MA 6-TDFN,pmic-voltage-regulators-linear,4145,5.74,6-WDFN Exposed Pad,Surface Mount,Active,https://www.analog.com/media/en/technical-documentation/data-sheets/MAX5084-MAX5085.pdf,https://www.digikey.com/en/products/detail/analog-devices-inc-maxim-integrated/MAX5084ATT-T/1455900,Enable,200mA,140 µA,4 mA,,1,-40°C ~ 125°C,Positive,Adjustable (Fixed),55dB (100Hz),"Over Current, Over Temperature, Short Circuit",,,65V,11V,2.54V (5V),1.5V @ 200mA
MAX604ESA+,Analog Devices Inc./Maxim Integrated,IC REG LIN POS ADJ 500MA 8-SOIC,pmic-voltage-regulators-linear,825,11.23,"8-SOIC (0.154"", 3.90mm Width)",Surface Mount,Active,https://www.analog.com/media/en/technical-documentation/data-sheets/max603-max604.pdf,https://www.digikey.com/en/products/detail/analog-devices-inc-maxim-integrated/MAX604ESA/948111,Enable,500mA,35 µA,,,1,-40°C ~ 85°C,Positive,Adjustable (Fixed),,"Over Current, Over Temperature, Reverse Polarity",,,11.5V,11V,1.25V (3.3V),0.82V @ 400mA
MAX667CPA+,Analog Devices Inc./Maxim Integrated,IC REG LIN POS ADJ 250MA 8-PDIP,pmic-voltage-regulators-linear,687,9.0,"8-DIP (0.300"", 7.62mm)",Through Hole,Active,https://www.analog.com/media/en/technical-documentation/data-sheets/max667.pdf,https://www.digikey.com/en/products/detail/analog-devices-inc-maxim-integrated/MAX667CPA/948148,"Dropout Detector, Enable, Low Battery Detection",250mA,35 µA,20 mA,,1,0°C ~ 70°C,Positive,Adjustable (Fixed),,,,,16.5V,16V,1.3V (5V),0.35V @ 200mA
MAX667CSA+,Analog Devices Inc./Maxim Integrated,IC REG LIN POS ADJ 250MA 8-SOIC,pmic-voltage-regulators-linear,783,9.41,"8-SOIC (0.154"", 3.90mm Width)",Surface Mount,Active,https://www.analog.com/media/en/technical-documentation/data-sheets/max667.pdf,https://www.digikey.com/en/products/detail/analog-devices-inc-maxim-integrated/MAX667CSA/948149,"Dropout Detector, Enable, Low Battery Detection",250mA,35 µA,20 mA,,1,0°C ~ 70°C,Positive,Adjustable (Fixed),,,,,16.5V,16V,1.3V (5V),0.35V @ 200mA
MAX8556ETE+,Analog Devices Inc./Maxim Integrated,IC REG LINEAR POS ADJ 4A 16-TQFN,pmic-voltage-regulators-linear,0,14.65,16-WQFN Exposed Pad,Surface Mount,Active,https://www.analog.com/media/en/technical-documentation/data-sheets/max8556-max8557.pdf,https://www.digikey.com/en/products/detail/analog-devices-inc-maxim-integrated/MAX8556ETE/1512826,"Enable, Power Good",4A,1.6 mA,,,1,-40°C ~ 85°C,Positive,Adjustable,,"Over Current, Over Temperature, Short Circuit, Under Voltage Lockout (UVLO)",,,3.6V,3.4V,0.5V,0.2V @ 4A
MAX8556ETE+T,Analog Devices Inc./Maxim Integrated,IC REG LINEAR POS ADJ 4A 16-TQFN,pmic-voltage-regulators-linear,2659,14.65,16-WQFN Exposed Pad,Surface Mount,Active,https://www.analog.com/media/en/technical-documentation/data-sheets/max8556-max8557.pdf,https://www.digikey.com/en/products/detail/analog-devices-inc-maxim-integrated/MAX8556ETE-T/1519225,"Enable, Power Good",4A,1.6 mA,,,1,-40°C ~ 85°C,Positive,Adjustable,,"Over Current, Over Temperature, Short Circuit, Under Voltage Lockout (UVLO)",,,3.6V,3.4V,0.5V,0.2V @ 4A
MAX883ESA+T,Analog Devices Inc./Maxim Integrated,IC REG LIN POS ADJ 200MA 8-SOIC,pmic-voltage-regulators-linear,7001,7.62,"8-SOIC (0.154"", 3.90mm Width)",Surface Mount,Active,https://www.analog.com/media/en/technical-documentation/data-sheets/max882-max884.pdf,https://www.digikey.com/en/products/detail/analog-devices-inc-maxim-integrated/MAX883ESA-T/1521943,"Enable, Low Battery Detection",200mA,15 µA,25 µA,,1,-40°C ~ 85°C,Positive,Adjustable (Fixed),,"Over Current, Over Temperature, Reverse Polarity",,,11.5V,11V,1.25V (5V),0.44V @ 200mA
MAX8869EUE18+,Analog Devices Inc./Maxim Integrated,IC REG LINEAR POS ADJ 1A 16TSSOP,pmic-voltage-regulators-linear,2009,8.78,"16-TSSOP (0.173"", 4.40mm Width) Exposed Pad",Surface Mount,Active,https://www.analog.com/media/en/technical-documentation/data-sheets/max8869.pdf,https://www.digikey.com/en/products/detail/analog-devices-inc-maxim-integrated/MAX8869EUE18/1513140,"Enable, Reset, Soft Start",1A,2 mA,2.5 mA,,1,-40°C ~ 85°C (TA),Positive,Adjustable (Fixed),54dB (100kHz),"Over Current, Over Temperature, Short Circuit",,,5.5V,5V,0.8V (1.8V),
MAX8869EUE18+T,Analog Devices Inc./Maxim Integrated,IC REG LINEAR POS ADJ 1A 16TSSOP,pmic-voltage-regulators-linear,3448,8.78,"16-TSSOP (0.173"", 4.40mm Width) Exposed Pad",Surface Mount,Active,https://www.analog.com/media/en/technical-documentation/data-sheets/max8869.pdf,https://www.digikey.com/en/products/detail/analog-devices-inc-maxim-integrated/MAX8869EUE18-T/1515284,"Enable, Reset, Soft Start",1A,2 mA,2.5 mA,,1,-40°C ~ 85°C (TA),Positive,Adjustable (Fixed),54dB (100kHz),"Over Current, Over Temperature, Short Circuit",,,5.5V,5V,0.8V (1.8V),
MAX8880EUT+T,Analog Devices Inc./Maxim Integrated,IC REG LIN POS ADJ 200MA SOT-6,pmic-voltage-regulators-linear,2044,3.12,SOT-23-6,Surface Mount,Active,https://www.analog.com/media/en/technical-documentation/data-sheets/max8880-max8881.pdf,https://www.digikey.com/en/products/detail/analog-devices-inc-maxim-integrated/MAX8880EUT-T/1502874,"Enable, Power Good",200mA,10 µA,,,1,-40°C ~ 85°C (TA),Positive,Adjustable,,"Over Temperature, Reverse Polarity, Short Circuit",,,12V,5V,1.25V,0.2V @ 50mA
MAX8881EUT33+T,Analog Devices Inc./Maxim Integrated,IC REG LINEAR 3.3V 200MA SOT-6,pmic-voltage-regulators-linear,3612,3.12,SOT-23-6,Surface Mount,Active,https://www.analog.com/media/en/technical-documentation/data-sheets/max8880-max8881.pdf,https://www.digikey.com/en/products/detail/analog-devices-inc-maxim-integrated/MAX8881EUT33-T/1502900,"Enable, Power Good",200mA,10 µA,,,1,-40°C ~ 85°C (TA),Positive,Fixed,,"Over Temperature, Reverse Polarity, Short Circuit",,,12V,,3.3V,0.2V @ 50mA
MAX8881EUT50+T,Analog Devices Inc./Maxim Integrated,IC REG LINEAR 5V 200MA SOT-6,pmic-voltage-regulators-linear,3238,6.08,SOT-23-6,Surface Mount,Active,https://www.analog.com/media/en/technical-documentation/data-sheets/max8880-max8881.pdf,https://www.digikey.com/en/products/detail/analog-devices-inc-maxim-integrated/MAX8881EUT50-T/948228,"Enable, Power Good",200mA,10 µA,,,1,-40°C ~ 85°C (TA),Positive,Fixed,,"Over Temperature, Reverse Polarity, Short Circuit",,,12V,,5V,0.2V @ 50mA
MAX8902AATA+T,Analog Devices Inc./Maxim Integrated,IC REG LIN POS PROG 500MA 8TDFN,pmic-voltage-regulators-linear,6036,6.12,8-WFDFN Exposed Pad,Surface Mount,Active,https://www.analog.com/media/en/technical-documentation/data-sheets/max8902-max8902b.pdf,https://www.digikey.com/en/products/detail/analog-devices-inc-maxim-integrated/MAX8902AATA-T/1781110,Enable,500mA,120 µA,160 µA,,1,-40°C ~ 125°C,Positive,Programmable,92dB ~ 62dB (5kHz ~ 100kHz),"Over Temperature, Reverse Polarity, Short Circuit, Soft Start",,,5.5V,4.7V,1.5V,0.12V @ 500mA
MAX8902BATA+T,Analog Devices Inc./Maxim Integrated,IC REG LINEAR POS ADJ 8TDFN,pmic-voltage-regulators-linear,12737,5.61,8-WFDFN Exposed Pad,Surface Mount,Active,https://www.analog.com/media/en/technical-documentation/data-sheets/max8902-max8902b.pdf,https://www.digikey.com/en/products/detail/analog-devices-inc-maxim-integrated/MAX8902BATA-T/1781111,"Enable, Power Good",500mA,120 µA,160 µA,,1,-40°C ~ 125°C,Positive,Adjustable,92dB ~ 62dB (5kHz ~ 100kHz),"Over Temperature, Reverse Polarity, Short Circuit, Soft Start",,,5.5V,5.3V,0.6V,0.12V @ 500mA
MC7805ACTG,onsemi,IC REG LINEAR 5V 1A TO220,pmic-voltage-regulators-linear,9615,0.61,TO-220-3,Through Hole,Active,https://www.onsemi.com/pdf/datasheet/mc7800-d.pdf,https://www.digikey.com/en/products/detail/onsemi/MC7805ACTG/1481210,,1A,6 mA,,,1,0°C ~ 125°C,Positive,Fixed,83dB (120Hz),"Over Temperature, Short Circuit",,,35V,,5V,2V @ 1A (Typ)
MC7805BDTG,onsemi,IC REG LINEAR 5V 1A DPAK,pmic-voltage-regulators-linear,16831,0.27627,"TO-252-3, DPAK (2 Leads + Tab), SC-63",Surface Mount,Active,https://www.onsemi.com/pdf/datasheet/mc7800-d.pdf,https://www.digikey.com/en/products/detail/onsemi/MC7805BDTG/1481212,,1A,8 mA,,,1,-40°C ~ 125°C,Positive,Fixed,68dB (120Hz),"Over Temperature, Short Circuit",,,35V,,5V,2V @ 1A (Typ)
MC7805BDTRKG,onsemi,IC REG LINEAR 5V 1A DPAK,pmic-voltage-regulators-linear,87405,0.51,"TO-252-3, DPAK (2 Leads + Tab), SC-63",Surface Mount,Active,https://www.onsemi.com/pdf/datasheet/mc7800-d.pdf,https://www.digikey.com/en/products/detail/onsemi/MC7805BDTRKG/919331,,1A,8 mA,,,1,-40°C ~ 125°C,Positive,Fixed,68dB (120Hz),"Over Temperature, Short Circuit",,,35V,,5V,2V @ 1A (Typ)
MC7805CDTRKG,onsemi,IC REG LINEAR 5V 1A DPAK,pmic-voltage-regulators-linear,20782,0.47,"TO-252-3, DPAK (2 Leads + Tab), SC-63",Surface Mount,Active,https://www.onsemi.com/pdf/datasheet/mc7800-d.pdf,https://www.digikey.com/en/products/detail/onsemi/MC7805CDTRKG/921037,,1A,6.5 mA,,,1,0°C ~ 125°C,Positive,Fixed,83dB (120Hz),"Over Temperature, Short Circuit",,,35V,,5V,2V @ 1A (Typ)
MC7805CTG,onsemi,IC REG LINEAR 5V 1A TO220,pmic-voltage-regulators-linear,54139,0.52,TO-220-3,Through Hole,Active,https://www.onsemi.com/pdf/datasheet/mc7800-d.pdf,https://www.digikey.com/en/products/detail/onsemi/MC7805CTG/919333,,1A,6.5 mA,,,1,0°C ~ 125°C,Positive,Fixed,83dB (120Hz),"Over Temperature, Short Circuit",,,35V,,5V,2V @ 1A (Typ)
MC7812BDTG,onsemi,IC REG LINEAR 12V 1A DPAK,pmic-voltage-regulators-linear,1723,0.25227,"TO-252-3, DPAK (2 Leads + Tab), SC-63",Surface Mount,Active,https://www.onsemi.com/pdf/datasheet/mc7800-d.pdf,https://www.digikey.com/en/products/detail/onsemi/MC7812BDTG/1481269,,1A,8 mA,,,1,-40°C ~ 125°C,Positive,Fixed,60dB (1kHz),"Over Temperature, Short Circuit",,,35V,,12V,2V @ 1A (Typ)
MC78L05ABDR2G,onsemi,IC REG LINEAR 5V 100MA 8-SOIC,pmic-voltage-regulators-linear,81215,0.27,"8-SOIC (0.154"", 3.90mm Width)",Surface Mount,Active,https://www.onsemi.com/pdf/datasheet/mc78l00a-d.pdf,https://www.digikey.com/en/products/detail/onsemi/MC78L05ABDR2G/919347,,100mA,6 mA,,,1,-40°C ~ 125°C,Positive,Fixed,49dB (120Hz),"Over Temperature, Short Circuit",,,30V,,5V,
MC78L05ACDR2G,onsemi,IC REG LINEAR 5V 100MA 8-SOIC,pmic-voltage-regulators-linear,20521,0.26,"8-SOIC (0.154"", 3.90mm Width)",Surface Mount,Active,https://www.onsemi.com/pdf/datasheet/mc78l00a-d.pdf,https://www.digikey.com/en/products/detail/onsemi/MC78L05ACDR2G/919349,,100mA,6 mA,,,1,0°C ~ 125°C,Positive,Fixed,49dB (120Hz),"Over Temperature, Short Circuit",,,30V,,5V,
MC78L05ACPG,onsemi,IC REG LINEAR 5V 100MA TO92,pmic-voltage-regulators-linear,16196,0.29,"TO-226-3, TO-92-3 Long Body",Through Hole,Active,https://www.onsemi.com/pdf/datasheet/mc78l00a-d.pdf,https://www.digikey.com/en/products/detail/onsemi/MC78L05ACPG/921041,,100mA,6 mA,,,1,0°C ~ 125°C,Positive,Fixed,49dB (120Hz),"Over Temperature, Short Circuit",,,30V,,5V,
MC78L05ACPRAG,onsemi,IC REG LINEAR 5V 100MA TO92,pmic-voltage-regulators-linear,2582,0.3,"TO-226-3, TO-92-3 Long Body, Formed Leads",Through Hole,Active,https://www.onsemi.com/pdf/datasheet/mc78l00a-d.pdf,https://www.digikey.com/en/products/detail/onsemi/MC78L05ACPRAG/919350,,100mA,6 mA,,,1,0°C ~ 125°C,Positive,Fixed,49dB (120Hz),"Over Temperature, Short Circuit",,,30V,,5V,
MC78L06F-TP,MCC (Micro Commercial Components),IC REG LINEAR 6V 100MA SOT89,pmic-voltage-regulators-linear,5961,0.16,TO-243AA,Surface Mount,Active,https://www.mccsemi.com/pdf/Products/MC78L06F(SOT-89).pdf,https://www.digikey.com/en/products/detail/mcc-micro-commercial-components/MC78L06F-TP/804673,,100mA,6 mA,,,1,0°C ~ 125°C,Positive,Fixed,46dB (120Hz),"Over Temperature, Short Circuit",,,30V,,6V,1.7V @ 40mA (Typ)
MC78L08ACDR2G,onsemi,IC REG LINEAR 8V 100MA 8-SOIC,pmic-voltage-regulators-linear,9730,0.26,"8-SOIC (0.154"", 3.90mm Width)",Surface Mount,Active,https://www.onsemi.com/pdf/datasheet/mc78l00a-d.pdf,https://www.digikey.com/en/products/detail/onsemi/MC78L08ACDR2G/919353,,100mA,6 mA,,,1,0°C ~ 125°C,Positive,Fixed,57dB (120Hz),"Over Temperature, Short Circuit",,,30V,,8V,
MC78L09ABDR2G,onsemi,IC REG LINEAR 9V 100MA 8-SOIC,pmic-voltage-regulators-linear,58583,0.28,"8-SOIC (0.154"", 3.90mm Width)",Surface Mount,Active,https://www.onsemi.com/pdf/datasheet/mc78l00a-d.pdf,https://www.digikey.com/en/products/detail/onsemi/MC78L09ABDR2G/1481351,,100mA,6 mA,,,1,-40°C ~ 125°C,Positive,Fixed,57dB (120Hz),"Over Temperature, Short Circuit",,,30V,,9V,
MC78L09ACPG,onsemi,IC REG LINEAR 9V 100MA TO92,pmic-voltage-regulators-linear,2353,0.29,"TO-226-3, TO-92-3 Long Body",Through Hole,Active,https://www.onsemi.com/pdf/datasheet/mc78l00a-d.pdf,https://www.digikey.com/en/products/detail/onsemi/MC78L09ACPG/1481360,,100mA,6 mA,,,1,0°C ~ 125°C,Positive,Fixed,57dB (120Hz),"Over Temperature, Short Circuit",,,30V,,9V,
MC78L12ABDR2G,onsemi,IC REG LINEAR 12V 100MA 8-SOIC,pmic-voltage-regulators-linear,13755,0.27,"8-SOIC (0.154"", 3.90mm Width)",Surface Mount,Active,https://www.onsemi.com/pdf/datasheet/mc78l00a-d.pdf,https://www.digikey.com/en/products/detail/onsemi/MC78L12ABDR2G/919355,,100mA,6.5 mA,,,1,-40°C ~ 125°C,Positive,Fixed,42dB (120Hz),"Over Temperature, Short Circuit",,,35V,,12V,
MC78L12ABPG,onsemi,IC REG LINEAR 12V 100MA TO92,pmic-voltage-regulators-linear,4,0.29,"TO-226-3, TO-92-3 Long Body",Through Hole,Active,https://www.onsemi.com/pdf/datasheet/mc78l00a-d.pdf,https://www.digikey.com/en/products/detail/onsemi/MC78L12ABPG/919356,,100mA,6.5 mA,,,1,-40°C ~ 125°C,Positive,Fixed,42dB (120Hz),"Over Temperature, Short Circuit",,,35V,,12V,
MC78L12ACDR2G,onsemi,IC REG LINEAR 12V 100MA 8-SOIC,pmic-voltage-regulators-linear,11955,0.26,"8-SOIC (0.154"", 3.90mm Width)",Surface Mount,Active,https://www.onsemi.com/pdf/datasheet/mc78l00a-d.pdf,https://www.digikey.com/en/products/detail/onsemi/MC78L12ACDR2G/919357,,100mA,6.5 mA,,,1,0°C ~ 125°C,Positive,Fixed,42dB (120Hz),"Over Temperature, Short Circuit",,,35V,,12V,
MC78L12ACPG,onsemi,IC REG LINEAR 12V 100MA TO92,pmic-voltage-regulators-linear,8978,0.29,"TO-226-3, TO-92-3 Long Body",Through Hole,Active,https://www.onsemi.com/pdf/datasheet/mc78l00a-d.pdf,https://www.digikey.com/en/products/detail/onsemi/MC78L12ACPG/919358,,100mA,6.5 mA,,,1,0°C ~ 125°C,Positive,Fixed,42dB (120Hz),"Over Temperature, Short Circuit",,,35V,,12V,
MC78L15ABDR2G,onsemi,IC REG LINEAR 15V 100MA 8-SOIC,pmic-voltage-regulators-linear,3848,0.29,"8-SOIC (0.154"", 3.90mm Width)",Surface Mount,Active,https://www.onsemi.com/pdf/datasheet/mc78l00a-d.pdf,https://www.digikey.com/en/products/detail/onsemi/MC78L15ABDR2G/1481378,,100mA,6.5 mA,,,1,-40°C ~ 125°C,Positive,Fixed,39dB (120Hz),"Over Temperature, Short Circuit",,,35V,,15V,
MC78L15ACPG,onsemi,IC REG LINEAR 15V 100MA TO92,pmic-voltage-regulators-linear,2251,0.29,"TO-226-3, TO-92-3 Long Body",Through Hole,Active,https://www.onsemi.com/pdf/datasheet/mc78l00a-d.pdf,https://www.digikey.com/en/products/detail/onsemi/MC78L15ACPG/919360,,100mA,6.5 mA,,,1,0°C ~ 125°C,Positive,Fixed,39dB (120Hz),"Over Temperature, Short Circuit",,,35V,,15V,
MC78L18ACPG,onsemi,IC REG LINEAR 18V 100MA TO92,pmic-voltage-regulators-linear,3381,0.29,"TO-226-3, TO-92-3 Long Body",Through Hole,Active,https://www.onsemi.com/pdf/datasheet/mc78l00a-d.pdf,https://www.digikey.com/en/products/detail/onsemi/MC78L18ACPG/1967128,,100mA,6.5 mA,,,1,0°C ~ 125°C,Positive,Fixed,48dB (120Hz),"Over Temperature, Short Circuit",,,35V,,18V,
MC78L24ACPG,onsemi,IC REG LINEAR 24V 100MA TO92,pmic-voltage-regulators-linear,3126,0.29,"TO-226-3, TO-92-3 Long Body",Through Hole,Active,https://www.onsemi.com/pdf/datasheet/mc78l00a-d.pdf,https://www.digikey.com/en/products/detail/onsemi/MC78L24ACPG/1967129,,100mA,6.5 mA,,,1,0°C ~ 125°C,Positive,Fixed,45dB (120Hz),"Over Temperature, Short Circuit",,,40V,,24V,
MC78LC18NTRG,onsemi,IC REG LINEAR 1.8V 50MA 5-TSOP,pmic-voltage-regulators-linear,8557,0.23,"SOT-23-5 Thin, TSOT-23-5",Surface Mount,Active,https://www.onsemi.com/pdf/datasheet/mc78lc00-d.pdf,https://www.digikey.com/en/products/detail/onsemi/MC78LC18NTRG/921043,,50mA,3.6 µA,,,1,-40°C ~ 85°C,Positive,Fixed,,,,,12V,,1.8V,0.06V @ 1mA
MC78LC30NTRG,onsemi,IC REG LINEAR 3V 80MA 5-TSOP,pmic-voltage-regulators-linear,8841,0.23,"SOT-23-5 Thin, TSOT-23-5",Surface Mount,Active,https://www.onsemi.com/pdf/datasheet/mc78lc00-d.pdf,https://www.digikey.com/en/products/detail/onsemi/MC78LC30NTRG/919363,,80mA,3.6 µA,,,1,-40°C ~ 85°C,Positive,Fixed,,,,,12V,,3V,0.06V @ 1mA
MC78LC33NTRG,onsemi,IC REG LINEAR 3.3V 80MA 5-TSOP,pmic-voltage-regulators-linear,0,0.23,"SOT-23-5 Thin, TSOT-23-5",Surface Mount,Active,https://www.onsemi.com/pdf/datasheet/mc78lc00-d.pdf,https://www.digikey.com/en/products/detail/onsemi/MC78LC33NTRG/919365,,80mA,3.6 µA,,,1,-40°C ~ 85°C,Positive,Fixed,,,,,12V,,3.3V,0.053V @ 1mA
MC78LC50NTRG,onsemi,IC REG LINEAR 5V 100MA 5-TSOP,pmic-voltage-regulators-linear,12894,0.23,"SOT-23-5 Thin, TSOT-23-5",Surface Mount,Active,https://www.onsemi.com/pdf/datasheet/mc78lc00-d.pdf,https://www.digikey.com/en/products/detail/onsemi/MC78LC50NTRG/919367,,100mA,3.6 µA,,,1,-40°C ~ 85°C,Positive,Fixed,,,,,12V,,5V,0.038V @ 1mA
MC78M05BDTG,onsemi,IC REG LINEAR 5V 500MA DPAK,pmic-voltage-regulators-linear,3497,0.22893,"TO-252-3, DPAK (2 Leads + Tab), SC-63",Surface Mount,Active,https://www.onsemi.com/pdf/datasheet/mc78m00-d.pdf,https://www.digikey.com/en/products/detail/onsemi/MC78M05BDTG/1481422,,500mA,,,,1,-40°C ~ 125°C,Positive,Fixed,80dB (120Hz),"Over Temperature, Short Circuit",,,35V,,5V,
MC78M05BDTRKG,onsemi,IC REG LINEAR 5V 500MA DPAK,pmic-voltage-regulators-linear,116905,0.43,"TO-252-3, DPAK (2 Leads + Tab), SC-63",Surface Mount,Active,https://www.onsemi.com/pdf/datasheet/mc78m00-d.pdf,https://www.digikey.com/en/products/detail/onsemi/MC78M05BDTRKG/919369,,500mA,,,,1,-40°C ~ 125°C,Positive,Fixed,80dB (120Hz),"Over Temperature, Short Circuit",,,35V,,5V,
MC78M05CDTG,onsemi,IC REG LINEAR 5V 500MA DPAK,pmic-voltage-regulators-linear,14855,0.22467,"TO-252-3, DPAK (2 Leads + Tab), SC-63",Surface Mount,Active,https://www.onsemi.com/pdf/datasheet/mc78m00-d.pdf,https://www.digikey.com/en/products/detail/onsemi/MC78M05CDTG/1481423,,500mA,,,,1,0°C ~ 125°C,Positive,Fixed,80dB (120Hz),"Over Temperature, Short Circuit",,,35V,,5V,
MC78M05CDTRKG,onsemi,IC REG LINEAR 5V 500MA DPAK,pmic-voltage-regulators-linear,47012,0.43,"TO-252-3, DPAK (2 Leads + Tab), SC-63",Surface Mount,Active,https://www.onsemi.com/pdf/datasheet/mc78m00-d.pdf,https://www.digikey.com/en/products/detail/onsemi/MC78M05CDTRKG/660633,,500mA,,,,1,0°C ~ 125°C,Positive,Fixed,80dB (120Hz),"Over Temperature, Short Circuit",,,35V,,5V,
MC78M12BDTG,onsemi,IC REG LINEAR 12V 500MA DPAK,pmic-voltage-regulators-linear,2572,0.24613,"TO-252-3, DPAK (2 Leads + Tab), SC-63",Surface Mount,Active,https://www.onsemi.com/pdf/datasheet/mc78m00-d.pdf,https://www.digikey.com/en/products/detail/onsemi/MC78M12BDTG/919378,,500mA,,,,1,-40°C ~ 125°C,Positive,Fixed,80dB (120Hz),"Over Temperature, Short Circuit",,,35V,,12V,
MC78M12CDTG,onsemi,IC REG LINEAR 12V 500MA DPAK,pmic-voltage-regulators-linear,1170,0.21347,"TO-252-3, DPAK (2 Leads + Tab), SC-63",Surface Mount,Active,https://www.onsemi.com/pdf/datasheet/mc78m00-d.pdf,https://www.digikey.com/en/products/detail/onsemi/MC78M12CDTG/1481469,,500mA,,,,1,0°C ~ 125°C,Positive,Fixed,80dB (120Hz),"Over Temperature, Short Circuit",,,35V,,12V,
MC78M15CDTG,onsemi,IC REG LINEAR 15V 500MA DPAK,pmic-voltage-regulators-linear,17654,0.22547,"TO-252-3, DPAK (2 Leads + Tab), SC-63",Surface Mount,Active,https://www.onsemi.com/pdf/datasheet/mc78m00-d.pdf,https://www.digikey.com/en/products/detail/onsemi/MC78M15CDTG/1481487,,500mA,,,,1,0°C ~ 125°C,Positive,Fixed,70dB (120Hz),"Over Temperature, Short Circuit",,,35V,,15V,
MC79L05ABDR2G,onsemi,IC REG LINEAR -5V 100MA 8-SOIC,pmic-voltage-regulators-linear,23415,0.27,"8-SOIC (0.154"", 3.90mm Width)",Surface Mount,Active,https://www.onsemi.com/pdf/datasheet/mc79l00-d.pdf,https://www.digikey.com/en/products/detail/onsemi/MC79L05ABDR2G/919397,,100mA,,,,1,-40°C ~ 125°C,Negative,Fixed,49dB (120Hz),"Over Temperature, Short Circuit",,,-30V,,-5V,1.7V @ 40mA (Typ)
MC79L05ABPRAG,onsemi,IC REG LINEAR -5V 100MA TO92,pmic-voltage-regulators-linear,5303,0.3,"TO-226-3, TO-92-3 Long Body, Formed Leads",Through Hole,Active,https://www.onsemi.com/pdf/datasheet/mc79l00-d.pdf,https://www.digikey.com/en/products/detail/onsemi/MC79L05ABPRAG/1481557,,100mA,,,,1,-40°C ~ 125°C,Negative,Fixed,49dB (120Hz),"Over Temperature, Short Circuit",,,-30V,,-5V,1.7V @ 40mA (Typ)
MC79L05ACPG,onsemi,IC REG LINEAR -5V 100MA TO92,pmic-voltage-regulators-linear,8192,0.29,"TO-226-3, TO-92-3 Long Body",Through Hole,Active,https://www.onsemi.com/pdf/datasheet/mc79l00-d.pdf,https://www.digikey.com/en/products/detail/onsemi/MC79L05ACPG/1481560,,100mA,,,,1,0°C ~ 125°C,Negative,Fixed,49dB (120Hz),"Over Temperature, Short Circuit",,,-30V,,-5V,1.7V @ 40mA (Typ)
MC79L05F-TP,MCC (Micro Commercial Components),IC REG LINEAR -5V 100MA SOT89,pmic-voltage-regulators-linear,45737,0.28,TO-243AA,Surface Mount,Active,https://www.mccsemi.com/pdf/Products/MC79L05F(SOT-89).pdf,https://www.digikey.com/en/products/detail/mcc-micro-commercial-components/MC79L05F-TP/804677,,100mA,6 mA,,,1,0°C ~ 125°C,Negative,Fixed,71dB (120Hz),"Over Temperature, Short Circuit",,,-30V,,-5V,
MC79L12ABDR2G,onsemi,IC REG LINEAR -12V 100MA 8-SOIC,pmic-voltage-regulators-linear,1287,0.27,"8-SOIC (0.154"", 3.90mm Width)",Surface Mount,Active,https://www.onsemi.com/pdf/datasheet/mc79l00-d.pdf,https://www.digikey.com/en/products/detail/onsemi/MC79L12ABDR2G/1481568,,100mA,,,,1,-40°C ~ 125°C,Negative,Fixed,42dB (120Hz),"Over Temperature, Short Circuit",,,-35V,,-12V,1.7V @ 40mA (Typ)
MC79L12ACDR2G,onsemi,IC REG LINEAR -12V 100MA 8-SOIC,pmic-voltage-regulators-linear,7372,0.27,"8-SOIC (0.154"", 3.90mm Width)",Surface Mount,Active,https://www.onsemi.com/pdf/datasheet/mc79l00-d.pdf,https://www.digikey.com/en/products/detail/onsemi/MC79L12ACDR2G/919401,,100mA,,,,1,0°C ~ 125°C,Negative,Fixed,42dB (120Hz),"Over Temperature, Short Circuit",,,-35V,,-12V,1.7V @ 40mA (Typ)
MC79L12ACPG,onsemi,IC REG LINEAR -12V 100MA TO92,pmic-voltage-regulators-linear,5598,0.3,"TO-226-3, TO-92-3 Long Body",Through Hole,Active,https://www.onsemi.com/pdf/datasheet/mc79l00-d.pdf,https://www.digikey.com/en/products/detail/onsemi/MC79L12ACPG/919402,,100mA,,,,1,0°C ~ 125°C,Negative,Fixed,42dB (120Hz),"Over Temperature, Short Circuit",,,-35V,,-12V,1.7V @ 40mA (Typ)
MC79L15ABDR2G,onsemi,IC REG LINEAR -15V 100MA 8-SOIC,pmic-voltage-regulators-linear,9006,0.27,"8-SOIC (0.154"", 3.90mm Width)",Surface Mount,Active,https://www.onsemi.com/pdf/datasheet/mc79l00-d.pdf,https://www.digikey.com/en/products/detail/onsemi/MC79L15ABDR2G/1481581,,100mA,,,,1,-40°C ~ 125°C,Negative,Fixed,39dB (120Hz),"Over Temperature, Short Circuit",,,-35V,,-15V,1.7V @ 40mA (Typ)
MC79L15ABPG,onsemi,IC REG LINEAR -15V 100MA TO92,pmic-voltage-regulators-linear,4949,0.3,"TO-226-3, TO-92-3 Long Body",Through Hole,Active,https://www.onsemi.com/pdf/datasheet/mc79l00-d.pdf,https://www.digikey.com/en/products/detail/onsemi/MC79L15ABPG/1481583,,100mA,,,,1,-40°C ~ 125°C,Negative,Fixed,39dB (120Hz),"Over Temperature, Short Circuit",,,-35V,,-15V,1.7V @ 40mA (Typ)
MC79L15ACDR2G,onsemi,IC REG LINEAR -15V 100MA 8-SOIC,pmic-voltage-regulators-linear,6225,0.27,"8-SOIC (0.154"", 3.90mm Width)",Surface Mount,Active,https://www.onsemi.com/pdf/datasheet/mc79l00-d.pdf,https://www.digikey.com/en/products/detail/onsemi/MC79L15ACDR2G/1481589,,100mA,,,,1,0°C ~ 125°C,Negative,Fixed,39dB (120Hz),"Over Temperature, Short Circuit",,,-35V,,-15V,1.7V @ 40mA (Typ)
MCP1700T-1802E/TT,Microchip Technology,IC REG LINEAR 1.8V 200MA SOT23-3,pmic-voltage-regulators-linear,11482,0.51,"TO-236-3, SC-59, SOT-23-3",Surface Mount,Active,https://ww1.microchip.com/downloads/en/DeviceDoc/MCP1700-Data-Sheet-20001826F.pdf,https://www.digikey.com/en/products/detail/microchip-technology/MCP1700T-1802E-TT/652671,,200mA,4 µA,,,1,-40°C ~ 125°C,Positive,Fixed,44dB (100Hz),"Over Current, Over Temperature, Short Circuit",,,6V,,1.8V,0.35V @ 200mA
MCP1700T-2502E/TT,Microchip Technology,IC REG LINEAR 2.5V 250MA SOT23-3,pmic-voltage-regulators-linear,3161,0.51,"TO-236-3, SC-59, SOT-23-3",Surface Mount,Active,https://ww1.microchip.com/downloads/en/DeviceDoc/MCP1700-Data-Sheet-20001826F.pdf,https://www.digikey.com/en/products/detail/microchip-technology/MCP1700T-2502E-TT/651111,,250mA,4 µA,,,1,-40°C ~ 125°C,Positive,Fixed,44dB (100Hz),"Over Current, Over Temperature, Short Circuit",,,6V,,2.5V,0.35V @ 250mA
MCP1700T-3302E/MB,Microchip Technology,IC REG LINEAR 3.3V 250MA SOT89-3,pmic-voltage-regulators-linear,22404,0.51,TO-243AA,Surface Mount,Active,https://ww1.microchip.com/downloads/en/DeviceDoc/MCP1700-Data-Sheet-20001826F.pdf,https://www.digikey.com/en/products/detail/microchip-technology/MCP1700T-3302E-MB/652678,,250mA,4 µA,,,1,-40°C ~ 125°C,Positive,Fixed,44dB (100Hz),"Over Current, Over Temperature, Short Circuit",,,6V,,3.3V,0.35V @ 250mA
MCP1700T-3302E/TT,Microchip Technology,IC REG LINEAR 3.3V 250MA SOT23-3,pmic-voltage-regulators-linear,21345,0.51,"TO-236-3, SC-59, SOT-23-3",Surface Mount,Active,https://ww1.microchip.com/downloads/en/DeviceDoc/MCP1700-Data-Sheet-20001826F.pdf,https://www.digikey.com/en/products/detail/microchip-technology/MCP1700T-3302E-TT/652676,,250mA,4 µA,,,1,-40°C ~ 125°C,Positive,Fixed,44dB (100Hz),"Over Current, Over Temperature, Short Circuit",,,6V,,3.3V,0.35V @ 250mA
MCP1701AT-3302I/CB,Microchip Technology,IC REG LIN 3.3V 150MA SOT23A-3,pmic-voltage-regulators-linear,1824,0.7,"TO-236-3, SC-59, SOT-23-3",Surface Mount,Active,https://ww1.microchip.com/downloads/en/DeviceDoc/21991c.pdf,https://www.digikey.com/en/products/detail/microchip-technology/MCP1701AT-3302I-CB/1223017,,150mA,4.5 µA,,,1,-40°C ~ 85°C,Positive,Fixed,,Short Circuit,,,10V,,3.3V,0.7V @ 150mA
MCP1701AT-3302I/MB,Microchip Technology,IC REG LINEAR 3.3V 150MA SOT89-3,pmic-voltage-regulators-linear,3912,0.7,TO-243AA,Surface Mount,Active,https://ww1.microchip.com/downloads/en/DeviceDoc/21991c.pdf,https://www.digikey.com/en/products/detail/microchip-technology/MCP1701AT-3302I-MB/1223019,,150mA,4.5 µA,,,1,-40°C ~ 85°C,Positive,Fixed,,Short Circuit,,,10V,,3.3V,0.7V @ 150mA
MCP1701AT-5002I/CB,Microchip Technology,IC REG LINEAR 5V 250MA SOT23A-3,pmic-voltage-regulators-linear,9161,0.7,"TO-236-3, SC-59, SOT-23-3",Surface Mount,Active,https://ww1.microchip.com/downloads/en/DeviceDoc/21991c.pdf,https://www.digikey.com/en/products/detail/microchip-technology/MCP1701AT-5002I-CB/1223021,,250mA,4.5 µA,,,1,-40°C ~ 85°C,Positive,Fixed,,Short Circuit,,,10V,,5V,0.6V @ 200mA
MCP1702T-3302E/CB,Microchip Technology,IC REG LIN 3.3V 250MA SOT23A-3,pmic-voltage-regulators-linear,25121,0.65,"TO-236-3, SC-59, SOT-23-3",Surface Mount,Active,https://ww1.microchip.com/downloads/en/DeviceDoc/22008E.pdf,https://www.digikey.com/en/products/detail/microchip-technology/MCP1702T-3302E-CB/1098471,,250mA,5 µA,,,1,-40°C ~ 125°C,Positive,Fixed,44dB (100Hz),"Over Current, Over Temperature, Short Circuit",,,13.2V,,3.3V,0.725V @ 250mA
MCP1702T-3302E/MB,Microchip Technology,IC REG LINEAR 3.3V 250MA SOT89-3,pmic-voltage-regulators-linear,4664,0.65,TO-243AA,Surface Mount,Active,https://ww1.microchip.com/downloads/en/DeviceDoc/22008E.pdf,https://www.digikey.com/en/products/detail/microchip-technology/MCP1702T-3302E-MB/1098472,,250mA,5 µA,,,1,-40°C ~ 125°C,Positive,Fixed,44dB (100Hz),"Over Current, Over Temperature, Short Circuit",,,13.2V,,3.3V,0.725V @ 250mA
MCP1702T-4002E/CB,Microchip Technology,IC REG LINEAR 4V 250MA SOT23A-3,pmic-voltage-regulators-linear,6226,0.65,"TO-236-3, SC-59, SOT-23-3",Surface Mount,Active,https://ww1.microchip.com/downloads/en/DeviceDoc/22008E.pdf,https://www.digikey.com/en/products/detail/microchip-technology/MCP1702T-4002E-CB/2179256,,250mA,5 µA,,,1,-40°C ~ 125°C,Positive,Fixed,44dB (100Hz),"Over Current, Over Temperature, Short Circuit",,,13.2V,,4V,0.725V @ 250mA
MCP1702T-5002E/CB,Microchip Technology,IC REG LINEAR 5V 250MA SOT23A-3,pmic-voltage-regulators-linear,20356,0.65,"TO-236-3, SC-59, SOT-23-3",Surface Mount,Active,https://ww1.microchip.com/downloads/en/DeviceDoc/22008E.pdf,https://www.digikey.com/en/products/detail/microchip-technology/MCP1702T-5002E-CB/1098473,,250mA,5 µA,,,1,-40°C ~ 125°C,Positive,Fixed,44dB (100Hz),"Over Current, Over Temperature, Short Circuit",,,13.2V,,5V,0.65V @ 250mA
MCP1703-5002E/DB,Microchip Technology,IC REG LINEAR 5V 250MA SOT-223-3,pmic-voltage-regulators-linear,9862,0.84,"TO-261-4, TO-261AA",Surface Mount,Active,https://ww1.microchip.com/downloads/aemDocuments/documents/APID/ProductDocuments/DataSheets/MCP1703-250-mA-16V-Low-Quiescent-Current-LDO-20002049.pdf,https://www.digikey.com/en/products/detail/microchip-technology/MCP1703-5002E-DB/1636060,,250mA,5 µA,,,1,-40°C ~ 125°C,Positive,Fixed,44dB (100Hz),"Over Current, Over Temperature, Short Circuit",,,16V,,5V,0.65V @ 250mA
MCP1703AT-3302E/CB,Microchip Technology,IC REG LIN 3.3V 250MA SOT23A-3,pmic-voltage-regulators-linear,13594,0.75,"TO-236-3, SC-59, SOT-23-3",Surface Mount,Active,https://ww1.microchip.com/downloads/aemDocuments/documents/APID/ProductDocuments/DataSheets/MCP1703-250-mA-16V-Low-Quiescent-Current-LDO-20002049.pdf,https://www.digikey.com/en/products/detail/microchip-technology/MCP1703AT-3302E-CB/3131472,,250mA,5 µA,,,1,-40°C ~ 125°C (TJ),Positive,Fixed,35dB (100Hz),"Over Current, Over Temperature, Short Circuit",,,16V,,3.3V,0.725V @ 250mA
MCP1703AT-3302E/CBVAO,Microchip Technology,IC REG LIN 3.3V 250MA SOT23A-3,pmic-voltage-regulators-linear,2210,0.23,"TO-236-3, SC-59, SOT-23-3",Surface Mount,Active,https://ww1.microchip.com/downloads/aemDocuments/documents/APID/ProductDocuments/DataSheets/MCP1703-250-mA-16V-Low-Quiescent-Current-LDO-20002049.pdf,https://www.digikey.com/en/products/detail/microchip-technology/MCP1703AT-3302E-CBVAO/8323379,,250mA,5 µA,,Automotive,1,-40°C ~ 125°C (TJ),Positive,Fixed,35dB (100Hz),"Over Current, Over Temperature, Short Circuit",AEC-Q100,,16V,,3.3V,0.725V @ 250mA
MCP1703AT-3302E/DB,Microchip Technology,IC REG LIN 3.3V 250MA SOT-223-3,pmic-voltage-regulators-linear,5918,0.84,"TO-261-4, TO-261AA",Surface Mount,Active,https://ww1.microchip.com/downloads/aemDocuments/documents/APID/ProductDocuments/DataSheets/MCP1703-250-mA-16V-Low-Quiescent-Current-LDO-20002049.pdf,https://www.digikey.com/en/products/detail/microchip-technology/MCP1703AT-3302E-DB/3131473,,250mA,5 µA,,,1,-40°C ~ 125°C (TJ),Positive,Fixed,35dB (100Hz),"Over Current, Over Temperature, Short Circuit",,,16V,,3.3V,0.725V @ 250mA
MCP1703AT-3302E/MB,Microchip Technology,IC REG LINEAR 3.3V 250MA SOT89-3,pmic-voltage-regulators-linear,17818,0.75,TO-243AA,Surface Mount,Active,https://ww1.microchip.com/downloads/aemDocuments/documents/APID/ProductDocuments/DataSheets/MCP1703-250-mA-16V-Low-Quiescent-Current-LDO-20002049.pdf,https://www.digikey.com/en/products/detail/microchip-technology/MCP1703AT-3302E-MB/3131474,,250mA,5 µA,,,1,-40°C ~ 125°C (TJ),Positive,Fixed,35dB (100Hz),"Over Current, Over Temperature, Short Circuit",,,16V,,3.3V,0.725V @ 250mA
MCP1703AT-5002E/CB,Microchip Technology,IC REG LINEAR 5V 250MA SOT23A-3,pmic-voltage-regulators-linear,2065,0.75,"TO-236-3, SC-59, SOT-23-3",Surface Mount,Active,https://ww1.microchip.com/downloads/aemDocuments/documents/APID/ProductDocuments/DataSheets/MCP1703-250-mA-16V-Low-Quiescent-Current-LDO-20002049.pdf,https://www.digikey.com/en/products/detail/microchip-technology/MCP1703AT-5002E-CB/3131480,,250mA,5 µA,,,1,-40°C ~ 125°C (TJ),Positive,Fixed,35dB (100Hz),"Over Current, Over Temperature, Short Circuit",,,16V,,5V,0.65V @ 250mA
MCP1703AT-5002E/DB,Microchip Technology,IC REG LINEAR 5V 250MA SOT-223-3,pmic-voltage-regulators-linear,1988,0.84,"TO-261-4, TO-261AA",Surface Mount,Active,https://ww1.microchip.com/downloads/aemDocuments/documents/APID/ProductDocuments/DataSheets/MCP1703-250-mA-16V-Low-Quiescent-Current-LDO-20002049.pdf,https://www.digikey.com/en/products/detail/microchip-technology/MCP1703AT-5002E-DB/3131481,,250mA,5 µA,,,1,-40°C ~ 125°C (TJ),Positive,Fixed,35dB (100Hz),"Over Current, Over Temperature, Short Circuit",,,16V,,5V,0.65V @ 250mA
MCP1703T-3302E/CB,Microchip Technology,IC REG LIN 3.3V 250MA SOT23A-3,pmic-voltage-regulators-linear,30819,0.75,"TO-236-3, SC-59, SOT-23-3",Surface Mount,Active,https://ww1.microchip.com/downloads/aemDocuments/documents/APID/ProductDocuments/DataSheets/MCP1703-250-mA-16V-Low-Quiescent-Current-LDO-20002049.pdf,https://www.digikey.com/en/products/detail/microchip-technology/MCP1703T-3302E-CB/1635605,,250mA,5 µA,,,1,-40°C ~ 125°C,Positive,Fixed,44dB (100Hz),"Over Current, Over Temperature, Short Circuit",,,16V,,3.3V,0.725V @ 250mA
MCP1703T-3302E/DB,Microchip Technology,IC REG LIN 3.3V 250MA SOT-223-3,pmic-voltage-regulators-linear,30489,0.84,"TO-261-4, TO-261AA",Surface Mount,Active,https://ww1.microchip.com/downloads/aemDocuments/documents/APID/ProductDocuments/DataSheets/MCP1703-250-mA-16V-Low-Quiescent-Current-LDO-20002049.pdf,https://www.digikey.com/en/products/detail/microchip-technology/MCP1703T-3302E-DB/1635603,,250mA,5 µA,,,1,-40°C ~ 125°C,Positive,Fixed,44dB (100Hz),"Over Current, Over Temperature, Short Circuit",,,16V,,3.3V,0.725V @ 250mA
MCP1703T-3302E/MB,Microchip Technology,IC REG LINEAR 3.3V 250MA SOT89-3,pmic-voltage-regulators-linear,6636,0.75,TO-243AA,Surface Mount,Active,https://ww1.microchip.com/downloads/aemDocuments/documents/APID/ProductDocuments/DataSheets/MCP1703-250-mA-16V-Low-Quiescent-Current-LDO-20002049.pdf,https://www.digikey.com/en/products/detail/microchip-technology/MCP1703T-3302E-MB/1635604,,250mA,5 µA,,,1,-40°C ~ 125°C,Positive,Fixed,44dB (100Hz),"Over Current, Over Temperature, Short Circuit",,,16V,,3.3V,0.725V @ 250mA
MCP1703T-5002E/MB,Microchip Technology,IC REG LINEAR 5V 250MA SOT89-3,pmic-voltage-regulators-linear,8794,0.75,TO-243AA,Surface Mount,Active,https://ww1.microchip.com/downloads/aemDocuments/documents/APID/ProductDocuments/DataSheets/MCP1703-250-mA-16V-Low-Quiescent-Current-LDO-20002049.pdf,https://www.digikey.com/en/products/detail/microchip-technology/MCP1703T-5002E-MB/1635601,,250mA,5 µA,,,1,-40°C ~ 125°C,Positive,Fixed,44dB (100Hz),"Over Current, Over Temperature, Short Circuit",,,16V,,5V,0.65V @ 250mA
MCP1711T-33I/OT,Microchip Technology,IC REG LINEAR 3.3V 150MA SOT23-5,pmic-voltage-regulators-linear,12357,0.5,"SC-74A, SOT-753",Surface Mount,Active,https://ww1.microchip.com/downloads/en/DeviceDoc/20005415D.pdf,https://www.digikey.com/en/products/detail/microchip-technology/MCP1711T-33I-OT/5358233,Enable,150mA,1.27 µA,1.8 µA,,1,-40°C ~ 85°C,Positive,Fixed,,,,,6V,,3.3V,0.67V @ 150mA
MCP1725T-3302E/MC,Microchip Technology,IC REG LINEAR 3.3V 500MA 8-DFN,pmic-voltage-regulators-linear,10424,0.71,8-VFDFN Exposed Pad,Surface Mount,Active,https://ww1.microchip.com/downloads/aemDocuments/documents/OTH/ProductDocuments/DataSheets/22026b.pdf,https://www.digikey.com/en/products/detail/microchip-technology/MCP1725T-3302E-MC/1626612,"Enable, Power Good",500mA,220 µA,,,1,-40°C ~ 125°C,Positive,Fixed,60dB (100Hz),"Over Temperature, Short Circuit, Under Voltage Lockout (UVLO)",,,6V,,3.3V,0.35V @ 500mA
MCP1725T-ADJE/MC,Microchip Technology,IC REG LIN POS ADJ 500MA 8-DFN,pmic-voltage-regulators-linear,17681,0.71,8-VFDFN Exposed Pad,Surface Mount,Active,https://ww1.microchip.com/downloads/aemDocuments/documents/OTH/ProductDocuments/DataSheets/22026b.pdf,https://www.digikey.com/en/products/detail/microchip-technology/MCP1725T-ADJE-MC/1626614,"Enable, Power Good",500mA,220 µA,,,1,-40°C ~ 125°C,Positive,Adjustable,60dB (100Hz),"Over Temperature, Short Circuit, Under Voltage Lockout (UVLO)",,,6V,5V,0.8V,0.35V @ 500mA
MCP1727T-3302E/MF,Microchip Technology,IC REG LINEAR 3.3V 1.5A 8-DFN,pmic-voltage-regulators-linear,9135,1.11,8-VDFN Exposed Pad,Surface Mount,Active,https://ww1.microchip.com/downloads/en/DeviceDoc/21999b.pdf,https://www.digikey.com/en/products/detail/microchip-technology/MCP1727T-3302E-MF/1098497,"Enable, Power Good",1.5A,220 µA,,,1,-40°C ~ 125°C,Positive,Fixed,60dB (100Hz),"Over Temperature, Short Circuit, Under Voltage Lockout (UVLO)",,,6V,,3.3V,0.55V @ 1.5A
MCP1754ST-3302E/CB,Microchip Technology,IC REG LIN 3.3V 150MA SOT23A-3,pmic-voltage-regulators-linear,16323,0.54,"TO-236-3, SC-59, SOT-23-3",Surface Mount,Active,https://ww1.microchip.com/downloads/aemDocuments/documents/APID/ProductDocuments/DataSheets/MCP1754-and-MCP1754S-Data-Sheet-DS20002276.pdf,https://www.digikey.com/en/products/detail/microchip-technology/MCP1754ST-3302E-CB/2753112,,150mA,90 µA,250 µA,,1,-40°C ~ 125°C,Positive,Fixed,72dB (1kHz),"Over Current, Over Temperature",,,16V,,3.3V,0.5V @ 150mA
MCP1755ST-3302E/DB,Microchip Technology,IC REG LIN 3.3V 300MA SOT-223-3,pmic-voltage-regulators-linear,13107,0.93,"TO-261-4, TO-261AA",Surface Mount,Active,https://ww1.microchip.com/downloads/en/DeviceDoc/MCP1755-MCP1755S-Data-Sheet-DS20005160B.pdf,https://www.digikey.com/en/products/detail/microchip-technology/MCP1755ST-3302E-DB/3872184,,300mA,100 µA,400 µA,,1,-40°C ~ 125°C,Positive,Fixed,80dB (1kHz),"Over Current, Over Temperature, Short Circuit",,,16V,,3.3V,0.5V @ 300mA
MCP1755T-3302E/OT,Microchip Technology,IC REG LINEAR 3.3V 300MA SOT23-5,pmic-voltage-regulators-linear,11153,0.69,"SC-74A, SOT-753",Surface Mount,Active,https://ww1.microchip.com/downloads/en/DeviceDoc/MCP1755-MCP1755S-Data-Sheet-DS20005160B.pdf,https://www.digikey.com/en/products/detail/microchip-technology/MCP1755T-3302E-OT/3872191,"Enable, Power Good",300mA,100 µA,400 µA,,1,-40°C ~ 125°C,Positive,Fixed,80dB (1kHz),"Over Current, Over Temperature, Short Circuit, Under Voltage Lockout (UVLO)",,,16V,,3.3V,0.5V @ 300mA
MCP1755T-5002E/OT,Microchip Technology,IC REG LINEAR 5V 300MA SOT23-5,pmic-voltage-regulators-linear,92792,0.69,"SC-74A, SOT-753",Surface Mount,Active,https://ww1.microchip.com/downloads/en/DeviceDoc/MCP1755-MCP1755S-Data-Sheet-DS20005160B.pdf,https://www.digikey.com/en/products/detail/microchip-technology/MCP1755T-5002E-OT/3872194,"Enable, Power Good",300mA,100 µA,400 µA,,1,-40°C ~ 125°C,Positive,Fixed,80dB (1kHz),"Over Current, Over Temperature, Short Circuit, Under Voltage Lockout (UVLO)",,,16V,,5V,0.5V @ 300mA
MCP1792-5002H/DB,Microchip Technology,IC REG LINEAR 5V 100MA SOT-223-3,pmic-voltage-regulators-linear,12384,0.38,"TO-261-4, TO-261AA",Surface Mount,Active,https://ww1.microchip.com/downloads/aemDocuments/documents/APID/ProductDocuments/DataSheets/MCP1792-Family-Data-Sheet-DS20006229D.pdf,https://www.digikey.com/en/products/detail/microchip-technology/MCP1792-5002H-DB/10297898,,100mA,45 µA,150 µA,Automotive,1,-40°C ~ 150°C (TA),Positive,Fixed,80dB ~ 55dB (100Hz ~ 100kHz),"Over Current, Over Temperature, Short Circuit, Under Voltage Lockout (UVLO)",AEC-Q100,,55V,,5V,1.2V @ 100mA
MCP1792T-3302H/DB,Microchip Technology,IC REG LIN 3.3V 100MA SOT-223-3,pmic-voltage-regulators-linear,1179,0.45,"TO-261-4, TO-261AA",Surface Mount,Active,https://ww1.microchip.com/downloads/aemDocuments/documents/APID/ProductDocuments/DataSheets/MCP1792-Family-Data-Sheet-DS20006229D.pdf,https://www.digikey.com/en/products/detail/microchip-technology/MCP1792T-3302H-DB/10297922,Enable,100mA,45 µA,150 µA,Automotive,1,-40°C ~ 150°C (TA),Positive,Fixed,80dB ~ 55dB (100Hz ~ 100kHz),"Over Current, Over Temperature, Short Circuit, Under Voltage Lockout (UVLO)",AEC-Q100,,55V,,3.3V,1.2V @ 100mA
MCP1793T-3302H/OT,Microchip Technology,IC REG LINEAR 3.3V 100MA SOT23-5,pmic-voltage-regulators-linear,10879,0.67,"SC-74A, SOT-753",Surface Mount,Active,https://ww1.microchip.com/downloads/aemDocuments/documents/APID/ProductDocuments/DataSheets/MCP1792-Family-Data-Sheet-DS20006229D.pdf,https://www.digikey.com/en/products/detail/microchip-technology/MCP1793T-3302H-OT/10297926,Enable,100mA,45 µA,150 µA,Automotive,1,-40°C ~ 150°C (TA),Positive,Fixed,80dB ~ 55dB (100Hz ~ 100kHz),"Over Current, Over Temperature, Short Circuit, Under Voltage Lockout (UVLO)",AEC-Q100,,55V,,3.3V,1.2V @ 100mA
MCP1793T-5002H/OT,Microchip Technology,IC REG LINEAR 5V 100MA SOT23-5,pmic-voltage-regulators-linear,5533,0.67,"SC-74A, SOT-753",Surface Mount,Active,https://ww1.microchip.com/downloads/aemDocuments/documents/APID/ProductDocuments/DataSheets/MCP1792-Family-Data-Sheet-DS20006229D.pdf,https://www.digikey.com/en/products/detail/microchip-technology/MCP1793T-5002H-OT/10297928,Enable,100mA,45 µA,150 µA,Automotive,1,-40°C ~ 150°C (TA),Positive,Fixed,80dB ~ 55dB (100Hz ~ 100kHz),"Over Current, Over Temperature, Short Circuit, Under Voltage Lockout (UVLO)",AEC-Q100,,55V,,5V,1.2V @ 100mA
MCP1799T-5002H/DB,Microchip Technology,IC REG LINEAR 5V 80MA SOT-223-3,pmic-voltage-regulators-linear,26175,0.42,"TO-261-4, TO-261AA",Surface Mount,Active,http://ww1.microchip.com/downloads/en/DeviceDoc/MCP1799-Data-Sheet-20006248A.pdf,https://www.digikey.com/en/products/detail/microchip-technology/MCP1799T-5002H-DB/10491913,,80mA,45 µA,110 µA,Automotive,1,-40°C ~ 150°C (TJ),Positive,Fixed,70dB ~ 35dB (100Hz ~ 100kHz),"Over Current, Over Temperature, Short Circuit",AEC-Q100,,45V,,5V,1.1V @ 80mA
MCP1799T-5002H/TT,Microchip Technology,IC REG LINEAR 5V 80MA SOT23-3,pmic-voltage-regulators-linear,8614,0.36,"TO-236-3, SC-59, SOT-23-3",Surface Mount,Active,http://ww1.microchip.com/downloads/en/DeviceDoc/MCP1799-Data-Sheet-20006248A.pdf,https://www.digikey.com/en/products/detail/microchip-technology/MCP1799T-5002H-TT/10492004,,80mA,45 µA,110 µA,Automotive,1,-40°C ~ 150°C (TJ),Positive,Fixed,70dB ~ 35dB (100Hz ~ 100kHz),"Over Current, Over Temperature, Short Circuit",AEC-Q100,,45V,,5V,1.1V @ 80mA
MCP1801T-3302I/OT,Microchip Technology,IC REG LINEAR 3.3V 150MA SOT23-5,pmic-voltage-regulators-linear,11911,0.56,"SC-74A, SOT-753",Surface Mount,Active,https://ww1.microchip.com/downloads/en/DeviceDoc/22051D.pdf,https://www.digikey.com/en/products/detail/microchip-technology/MCP1801T-3302I-OT/1679136,Enable,150mA,50 µA,,,1,-40°C ~ 85°C,Positive,Fixed,70dB (10kHz),Over Current,,,10V,,3.3V,0.25V @ 100mA
MCP1802T-3302I/OT,Microchip Technology,IC REG LINEAR 3.3V 300MA SOT23-5,pmic-voltage-regulators-linear,17968,0.72,"SC-74A, SOT-753",Surface Mount,Active,https://ww1.microchip.com/downloads/en/DeviceDoc/22053C.pdf,https://www.digikey.com/en/products/detail/microchip-technology/MCP1802T-3302I-OT/1679144,Enable,300mA,50 µA,,,1,-40°C ~ 85°C,Positive,Fixed,70dB (10kHz),Over Current,,,10V,,3.3V,0.25V @ 100mA
MCP1804T-3302I/DB,Microchip Technology,IC REG LIN 3.3V 150MA SOT-223-3,pmic-voltage-regulators-linear,12857,0.95,"TO-261-4, TO-261AA",Surface Mount,Active,https://ww1.microchip.com/downloads/en/DeviceDoc/20002200D.pdf,https://www.digikey.com/en/products/detail/microchip-technology/MCP1804T-3302I-DB/2171382,,150mA,105 µA,125 µA,,1,-40°C ~ 85°C,Positive,Fixed,50dB (1kHz),"Over Current, Over Temperature",,,28V,,3.3V,1.7V @ 100mA
MCP1804T-3302I/MB,Microchip Technology,IC REG LINEAR 3.3V 150MA SOT89-3,pmic-voltage-regulators-linear,6669,0.95,TO-243AA,Surface Mount,Active,https://ww1.microchip.com/downloads/en/DeviceDoc/20002200D.pdf,https://www.digikey.com/en/products/detail/microchip-technology/MCP1804T-3302I-MB/2171384,,150mA,105 µA,125 µA,,1,-40°C ~ 85°C,Positive,Fixed,50dB (1kHz),"Over Current, Over Temperature",,,28V,,3.3V,1.7V @ 100mA
MCP1804T-3302I/OT,Microchip Technology,IC REG LINEAR 3.3V 150MA SOT23-5,pmic-voltage-regulators-linear,14700,0.9,"SC-74A, SOT-753",Surface Mount,Active,https://ww1.microchip.com/downloads/en/DeviceDoc/20002200D.pdf,https://www.digikey.com/en/products/detail/microchip-technology/MCP1804T-3302I-OT/2171407,Enable,150mA,105 µA,125 µA,,1,-40°C ~ 85°C,Positive,Fixed,50dB (1kHz),"Over Current, Over Temperature",,,28V,,3.3V,1.7V @ 100mA
MCP1804T-5002I/DB,Microchip Technology,IC REG LINEAR 5V 150MA SOT-223-3,pmic-voltage-regulators-linear,7478,0.95,"TO-261-4, TO-261AA",Surface Mount,Active,https://ww1.microchip.com/downloads/en/DeviceDoc/20002200D.pdf,https://www.digikey.com/en/products/detail/microchip-technology/MCP1804T-5002I-DB/2171415,,150mA,105 µA,125 µA,,1,-40°C ~ 85°C,Positive,Fixed,50dB (1kHz),"Over Current, Over Temperature",,,28V,,5V,1.3V @ 100mA
MCP1804T-5002I/MB,Microchip Technology,IC REG LINEAR 5V 150MA SOT89-3,pmic-voltage-regulators-linear,6188,0.95,TO-243AA,Surface Mount,Active,https://ww1.microchip.com/downloads/en/DeviceDoc/20002200D.pdf,https://www.digikey.com/en/products/detail/microchip-technology/MCP1804T-5002I-MB/2171421,,150mA,105 µA,125 µA,,1,-40°C ~ 85°C,Positive,Fixed,50dB (1kHz),"Over Current, Over Temperature",,,28V,,5V,1.3V @ 100mA
MCP1804T-5002I/OT,Microchip Technology,IC REG LINEAR 5V 150MA SOT23-5,pmic-voltage-regulators-linear,43872,0.9,"SC-74A, SOT-753",Surface Mount,Active,https://ww1.microchip.com/downloads/en/DeviceDoc/20002200D.pdf,https://www.digikey.com/en/products/detail/microchip-technology/MCP1804T-5002I-OT/2171406,Enable,150mA,105 µA,125 µA,,1,-40°C ~ 85°C,Positive,Fixed,50dB (1kHz),"Over Current, Over Temperature",,,28V,,5V,1.3V @ 100mA
MCP1804T-C002I/DB,Microchip Technology,IC REG LIN 12V 150MA SOT-223-3,pmic-voltage-regulators-linear,6385,0.95,"TO-261-4, TO-261AA",Surface Mount,Active,https://ww1.microchip.com/downloads/en/DeviceDoc/20002200D.pdf,https://www.digikey.com/en/products/detail/microchip-technology/MCP1804T-C002I-DB/2171425,,150mA,115 µA,125 µA,,1,-40°C ~ 85°C,Positive,Fixed,50dB (1kHz),"Over Current, Over Temperature",,,28V,,12V,0.85V @ 100mA
MCP1804T-C002I/OT,Microchip Technology,IC REG LINEAR 12V 150MA SOT23-5,pmic-voltage-regulators-linear,7774,0.9,"SC-74A, SOT-753",Surface Mount,Active,https://ww1.microchip.com/downloads/en/DeviceDoc/20002200D.pdf,https://www.digikey.com/en/products/detail/microchip-technology/MCP1804T-C002I-OT/2170958,Enable,150mA,115 µA,125 µA,,1,-40°C ~ 85°C,Positive,Fixed,50dB (1kHz),"Over Current, Over Temperature",,,28V,,12V,0.85V @ 100mA
MCP1824ST-3302E/DB,Microchip Technology,IC REG LIN 3.3V 300MA SOT-223-3,pmic-voltage-regulators-linear,14190,0.64,"TO-261-4, TO-261AA",Surface Mount,Active,https://ww1.microchip.com/downloads/en/DeviceDoc/22070a.pdf,https://www.digikey.com/en/products/detail/microchip-technology/MCP1824ST-3302E-DB/1874551,,300mA,220 µA,,,1,-40°C ~ 125°C,Positive,Fixed,55dB (100Hz),"Over Temperature, Short Circuit, Under Voltage Lockout (UVLO)",,,6V,,3.3V,0.32V @ 300mA
MCP1824T-0802E/OT,Microchip Technology,IC REG LINEAR 0.8V 300MA SOT23-5,pmic-voltage-regulators-linear,14719,0.56,"SC-74A, SOT-753",Surface Mount,Active,https://ww1.microchip.com/downloads/en/DeviceDoc/22070a.pdf,https://www.digikey.com/en/products/detail/microchip-technology/MCP1824T-0802E-OT/1635455,"Enable, Power Good",300mA,220 µA,,,1,-40°C ~ 125°C,Positive,Fixed,55dB (100Hz),"Over Temperature, Short Circuit, Under Voltage Lockout (UVLO)",,,6V,,0.8V,0.32V @ 300mA
MCP1825S-3302E/DB,Microchip Technology,IC REG LIN 3.3V 500MA SOT-223-3,pmic-voltage-regulators-linear,4686,0.69,"TO-261-4, TO-261AA",Surface Mount,Active,https://ww1.microchip.com/downloads/en/DeviceDoc/22056b.pdf,https://www.digikey.com/en/products/detail/microchip-technology/MCP1825S-3302E-DB/1636103,,500mA,220 µA,,,1,-40°C ~ 125°C,Positive,Fixed,60dB (100Hz),"Over Temperature, Short Circuit, Under Voltage Lockout (UVLO)",,,6V,,3.3V,0.35V @ 500mA
MCP1825ST-3302E/DB,Microchip Technology,IC REG LIN 3.3V 500MA SOT-223-3,pmic-voltage-regulators-linear,21592,0.69,"TO-261-4, TO-261AA",Surface Mount,Active,https://ww1.microchip.com/downloads/en/DeviceDoc/22056b.pdf,https://www.digikey.com/en/products/detail/microchip-technology/MCP1825ST-3302E-DB/1635518,,500mA,220 µA,,,1,-40°C ~ 125°C,Positive,Fixed,60dB (100Hz),"Over Temperature, Short Circuit, Under Voltage Lockout (UVLO)",,,6V,,3.3V,0.35V @ 500mA
MCP1825T-3302E/DC,Microchip Technology,IC REG LIN 3.3V 500MA SOT-223-5,pmic-voltage-regulators-linear,8246,0.69,SOT-223-6,Surface Mount,Active,https://ww1.microchip.com/downloads/en/DeviceDoc/22056b.pdf,https://www.digikey.com/en/products/detail/microchip-technology/MCP1825T-3302E-DC/1635509,"Enable, Power Good",500mA,220 µA,,,1,-40°C ~ 125°C,Positive,Fixed,60dB (100Hz),"Over Temperature, Short Circuit, Under Voltage Lockout (UVLO)",,,6V,,3.3V,0.35V @ 500mA
MCP1825T-ADJE/DC,Microchip Technology,IC REG LINEAR POS ADJ SOT-223-5,pmic-voltage-regulators-linear,1829,0.69,SOT-223-6,Surface Mount,Active,https://ww1.microchip.com/downloads/en/DeviceDoc/22056b.pdf,https://www.digikey.com/en/products/detail/microchip-technology/MCP1825T-ADJE-DC/1635498,"Enable, Power Good",500mA,220 µA,,,1,-40°C ~ 125°C,Positive,Adjustable,60dB (100Hz),"Over Temperature, Short Circuit, Under Voltage Lockout (UVLO)",,,6V,5V,0.8V,0.35V @ 500mA
MCP1826ST-1202E/DB,Microchip Technology,IC REG LINEAR 1.2V 1A SOT-223-3,pmic-voltage-regulators-linear,9250,0.91,"TO-261-4, TO-261AA",Surface Mount,Active,https://ww1.microchip.com/downloads/en/DeviceDoc/22057B.pdf,https://www.digikey.com/en/products/detail/microchip-technology/MCP1826ST-1202E-DB/1635522,,1A,220 µA,,,1,-40°C ~ 125°C,Positive,Fixed,60dB (100Hz),"Over Temperature, Short Circuit, Under Voltage Lockout (UVLO)",,,6V,,1.2V,0.4V @ 1A
MCP1826ST-3302E/DB,Microchip Technology,IC REG LINEAR 3.3V 1A SOT-223-3,pmic-voltage-regulators-linear,15028,0.91,"TO-261-4, TO-261AA",Surface Mount,Active,https://ww1.microchip.com/downloads/en/DeviceDoc/22057B.pdf,https://www.digikey.com/en/products/detail/microchip-technology/MCP1826ST-3302E-DB/1635505,,1A,220 µA,,,1,-40°C ~ 125°C (TJ),Positive,Fixed,60dB (100Hz),"Over Temperature, Short Circuit, Under Voltage Lockout (UVLO)",,,6V,,3.3V,0.4V @ 1A
MCP1826T-3302E/DC,Microchip Technology,IC REG LINEAR 3.3V 1A SOT-223-5,pmic-voltage-regulators-linear,11944,0.91,SOT-223-6,Surface Mount,Active,https://ww1.microchip.com/downloads/en/DeviceDoc/22057B.pdf,https://www.digikey.com/en/products/detail/microchip-technology/MCP1826T-3302E-DC/1635458,"Enable, Power Good",1A,220 µA,,,1,-40°C ~ 125°C,Positive,Fixed,60dB (100Hz),"Over Temperature, Short Circuit, Under Voltage Lockout (UVLO)",,,6V,,3.3V,0.4V @ 1A
MIC29150-3.3WU,Microchip Technology,IC REG LINEAR 3.3V 1.5A TO263-3,pmic-voltage-regulators-linear,867,4.73,"TO-263-4, D2PAK (3 Leads + Tab), TO-263AA",Surface Mount,Active,http://ww1.microchip.com/downloads/en/DeviceDoc/MIC2915x-30x-50x-75x-High-Current-Low-Dropout-Regulators-DS20005685B.pdf,https://www.digikey.com/en/products/detail/microchip-technology/MIC29150-3-3WU/771574,,1.5A,,,,1,-40°C ~ 125°C,Positive,Fixed,,"Over Current, Over Temperature, Reverse Polarity, Transient Voltage",,,26V,,3.3V,0.6V @ 1.5A
MIC29152WD-TR,Microchip Technology,IC REG LIN POS ADJ 1.5A TO252-5,pmic-voltage-regulators-linear,318,3.02,"TO-252-6, DPAK (5 Leads + Tab)",Surface Mount,Active,http://ww1.microchip.com/downloads/en/DeviceDoc/MIC2915x-30x-50x-75x-High-Current-Low-Dropout-Regulators-DS20005685B.pdf,https://www.digikey.com/en/products/detail/microchip-technology/MIC29152WD-TR/2339526,Enable,1.5A,,,,1,-40°C ~ 125°C,Positive,Adjustable,,"Over Current, Over Temperature, Reverse Polarity, Transient Voltage",,,26V,25V,1.25V,0.6V @ 1.5A
MIC29152WU,Microchip Technology,IC REG LIN POS ADJ 1.5A TO263-5,pmic-voltage-regulators-linear,1513,4.96,"TO-263-6, D2PAK (5 Leads + Tab), TO-263BA",Surface Mount,Active,http://ww1.microchip.com/downloads/en/DeviceDoc/MIC2915x-30x-50x-75x-High-Current-Low-Dropout-Regulators-DS20005685B.pdf,https://www.digikey.com/en/products/detail/microchip-technology/MIC29152WU/1029053,Enable,1.5A,,,,1,-40°C ~ 125°C,Positive,Adjustable,,"Over Current, Over Temperature, Reverse Polarity, Transient Voltage",,,26V,25V,1.25V,0.6V @ 1.5A
MIC29152WU-TR,Microchip Technology,IC REG LIN POS ADJ 1.5A TO263-5,pmic-voltage-regulators-linear,2663,4.96,"TO-263-6, D2PAK (5 Leads + Tab), TO-263BA",Surface Mount,Active,http://ww1.microchip.com/downloads/en/DeviceDoc/MIC2915x-30x-50x-75x-High-Current-Low-Dropout-Regulators-DS20005685B.pdf,https://www.digikey.com/en/products/detail/microchip-technology/MIC29152WU-TR/771581,Enable,1.5A,,,,1,-40°C ~ 125°C,Positive,Adjustable,,"Over Current, Over Temperature, Reverse Polarity, Transient Voltage",,,26V,25V,1.25V,0.6V @ 1.5A
MIC2920A-12WS-TR,Microchip Technology,IC REG LIN 12V 400MA SOT-223-3,pmic-voltage-regulators-linear,4439,1.78,"TO-261-4, TO-261AA",Surface Mount,Active,https://ww1.microchip.com/downloads/aemDocuments/documents/APID/ProductDocuments/DataSheets/MIC2920x-400mA-Low-Dropout-Regulators-DS20006601A.pdf,https://www.digikey.com/en/products/detail/microchip-technology/MIC2920A-12WS-TR/1029093,,400mA,300 µA,12 mA,,1,-40°C ~ 125°C,Positive,Fixed,,"Load Dump, Over Current, Reverse Polarity",,,26V,,12V,0.75V @ 400mA
MIC2920A-3.3WS,Microchip Technology,IC REG LIN 3.3V 400MA SOT-223-3,pmic-voltage-regulators-linear,442,1.78,"TO-261-4, TO-261AA",Surface Mount,Active,https://ww1.microchip.com/downloads/aemDocuments/documents/APID/ProductDocuments/DataSheets/MIC2920x-400mA-Low-Dropout-Regulators-DS20006601A.pdf,https://www.digikey.com/en/products/detail/microchip-technology/MIC2920A-3-3WS/1029096,,400mA,300 µA,12 mA,,1,-40°C ~ 125°C,Positive,Fixed,,"Load Dump, Over Current, Reverse Polarity",,,26V,,3.3V,0.75V @ 400mA
MIC2920A-3.3WS-TR,Microchip Technology,IC REG LIN 3.3V 400MA SOT-223-3,pmic-voltage-regulators-linear,5266,1.78,"TO-261-4, TO-261AA",Surface Mount,Active,https://ww1.microchip.com/downloads/aemDocuments/documents/APID/ProductDocuments/DataSheets/MIC2920x-400mA-Low-Dropout-Regulators-DS20006601A.pdf,https://www.digikey.com/en/products/detail/microchip-technology/MIC2920A-3-3WS-TR/771585,,400mA,300 µA,12 mA,,1,-40°C ~ 125°C,Positive,Fixed,,"Load Dump, Over Current, Reverse Polarity",,,26V,,3.3V,0.75V @ 400mA
MIC2920A-5.0WS-TR,Microchip Technology,IC REG LINEAR 5V 400MA SOT-223-3,pmic-voltage-regulators-linear,4904,1.78,"TO-261-4, TO-261AA",Surface Mount,Active,https://ww1.microchip.com/downloads/aemDocuments/documents/APID/ProductDocuments/DataSheets/MIC2920x-400mA-Low-Dropout-Regulators-DS20006601A.pdf,https://www.digikey.com/en/products/detail/microchip-technology/MIC2920A-5-0WS-TR/771586,,400mA,300 µA,12 mA,,1,-40°C ~ 125°C,Positive,Fixed,,"Load Dump, Over Current, Reverse Polarity",,,26V,,5V,0.75V @ 400mA
MIC29301-5.0WU,Microchip Technology,IC REG LINEAR 5V 3A TO263-5,pmic-voltage-regulators-linear,380,5.58,"TO-263-6, D2PAK (5 Leads + Tab), TO-263BA",Surface Mount,Active,http://ww1.microchip.com/downloads/en/DeviceDoc/MIC2915x-30x-50x-75x-High-Current-Low-Dropout-Regulators-DS20005685B.pdf,https://www.digikey.com/en/products/detail/microchip-technology/MIC29301-5-0WU/1029122,Enable,3A,,,,1,-40°C ~ 125°C,Positive,Fixed,,"Over Current, Over Temperature, Reverse Polarity, Transient Voltage",,,26V,,5V,0.6V @ 3A
MIC29302AWD-TR,Microchip Technology,IC REG LINEAR POS ADJ 3A TO252-5,pmic-voltage-regulators-linear,2415,2.51,"TO-252-6, DPAK (5 Leads + Tab)",Surface Mount,Active,https://ww1.microchip.com/downloads/en/DeviceDoc/20005897B.pdf,https://www.digikey.com/en/products/detail/microchip-technology/MIC29302AWD-TR/3671836,Enable,3A,20 mA,150 mA,,1,-40°C ~ 125°C,Positive,Adjustable,,"Over Current, Over Temperature, Reverse Polarity",,,16V,15V,1.24V,0.8V @ 3A
MIC29302WT,Microchip Technology,IC REG LINEAR POS ADJ 3A TO220-5,pmic-voltage-regulators-linear,159,2.89,TO-220-5,Through Hole,Active,http://ww1.microchip.com/downloads/en/DeviceDoc/MIC2915x-30x-50x-75x-High-Current-Low-Dropout-Regulators-DS20005685B.pdf,https://www.digikey.com/en/products/detail/microchip-technology/MIC29302WT/771593,Enable,3A,,,,1,-40°C ~ 125°C,Positive,Adjustable,,"Over Current, Over Temperature, Reverse Polarity, Transient Voltage",,,26V,25V,1.25V,0.6V @ 3A
MIC29302WU,Microchip Technology,IC REG LINEAR POS ADJ 3A TO263-5,pmic-voltage-regulators-linear,2343,2.89,"TO-263-6, D2PAK (5 Leads + Tab), TO-263BA",Surface Mount,Active,http://ww1.microchip.com/downloads/en/DeviceDoc/MIC2915x-30x-50x-75x-High-Current-Low-Dropout-Regulators-DS20005685B.pdf,https://www.digikey.com/en/products/detail/microchip-technology/MIC29302WU/1029125,Enable,3A,,,,1,-40°C ~ 125°C,Positive,Adjustable,,"Over Current, Over Temperature, Reverse Polarity, Transient Voltage",,,26V,25V,1.25V,0.6V @ 3A
MIC29302WU-TR,Microchip Technology,IC REG LINEAR POS ADJ 3A TO263-5,pmic-voltage-regulators-linear,683,2.89,"TO-263-6, D2PAK (5 Leads + Tab), TO-263BA",Surface Mount,Active,http://ww1.microchip.com/downloads/en/DeviceDoc/MIC2915x-30x-50x-75x-High-Current-Low-Dropout-Regulators-DS20005685B.pdf,https://www.digikey.com/en/products/detail/microchip-technology/MIC29302WU-TR/771594,Enable,3A,,,,1,-40°C ~ 125°C,Positive,Adjustable,,"Over Current, Over Temperature, Reverse Polarity, Transient Voltage",,,26V,25V,1.25V,0.6V @ 3A
MIC29502WT,Microchip Technology,IC REG LINEAR POS ADJ 5A TO220-5,pmic-voltage-regulators-linear,1862,9.96,TO-220-5,Through Hole,Active,http://ww1.microchip.com/downloads/en/DeviceDoc/MIC2915x-30x-50x-75x-High-Current-Low-Dropout-Regulators-DS20005685B.pdf,https://www.digikey.com/en/products/detail/microchip-technology/MIC29502WT/771614,Enable,5A,,,,1,-40°C ~ 125°C,Positive,Adjustable,,"Over Current, Over Temperature, Reverse Polarity, Transient Voltage",,,26V,25V,1.25V,0.6V @ 5A
MIC2954-02WS-TR,Microchip Technology,IC REG LINEAR 5V 250MA SOT-223-3,pmic-voltage-regulators-linear,1868,2.31,"TO-261-4, TO-261AA",Surface Mount,Active,https://ww1.microchip.com/downloads/aemDocuments/documents/APID/ProductDocuments/DataSheets/MIC2954-250mA-Low-Dropout-Regulator-DS20006563A.pdf,https://www.digikey.com/en/products/detail/microchip-technology/MIC2954-02WS-TR/1029221,,250mA,300 µA,12 mA,,1,-40°C ~ 125°C,Positive,Fixed,,"Load Dump, Over Current, Over Temperature, Reverse Polarity, UV POR",,,30V,,5V,0.6V @ 250mA
MIC2954-03WS-TR,Microchip Technology,IC REG LINEAR 5V 250MA SOT-223-3,pmic-voltage-regulators-linear,7294,2.16,"TO-261-4, TO-261AA",Surface Mount,Active,https://ww1.microchip.com/downloads/aemDocuments/documents/APID/ProductDocuments/DataSheets/MIC2954-250mA-Low-Dropout-Regulator-DS20006563A.pdf,https://www.digikey.com/en/products/detail/microchip-technology/MIC2954-03WS-TR/771623,,250mA,300 µA,12 mA,,1,-40°C ~ 125°C,Positive,Fixed,,"Load Dump, Over Current, Over Temperature, Reverse Polarity, UV POR",,,30V,,5V,0.6V @ 250mA
MIC29752WWT,Microchip Technology,IC REG LIN POS ADJ 7.5A TO247-5,pmic-voltage-regulators-linear,548,20.55,TO-247-5,Through Hole,Active,http://ww1.microchip.com/downloads/en/DeviceDoc/MIC2915x-30x-50x-75x-High-Current-Low-Dropout-Regulators-DS20005685B.pdf,https://www.digikey.com/en/products/detail/microchip-technology/MIC29752WWT/771626,Enable,7.5A,,,,1,-40°C ~ 125°C,Positive,Adjustable,,"Over Current, Over Temperature, Reverse Polarity, Transient Voltage",,,26V,25V,1.25V,0.75V @ 7.5A
MIC3490-5.0YM5-TR,Microchip Technology,IC REG LINEAR 5V 100MA SOT23-5,pmic-voltage-regulators-linear,1098,1.72,"SC-74A, SOT-753",Surface Mount,Active,https://ww1.microchip.com/downloads/aemDocuments/documents/OTH/ProductDocuments/DataSheets/MIC3490-Data-Sheet-DS20006137A.pdf,https://www.digikey.com/en/products/detail/microchip-technology/MIC3490-5-0YM5-TR/9947532,Enable,100mA,30 µA,2 mA,,1,-40°C ~ 125°C (TJ),Positive,Fixed,,Over Temperature,,,36V,,5V,0.45V @ 100mA
MIC35302WD-TR,Microchip Technology,IC REG LINEAR POS ADJ 3A TO252-5,pmic-voltage-regulators-linear,6025,1.51,"TO-252-6, DPAK (5 Leads + Tab)",Surface Mount,Active,http://ww1.microchip.com/downloads/en/DeviceDoc/mic35302.pdf,https://www.digikey.com/en/products/detail/microchip-technology/MIC35302WD-TR/2339528,Enable,3A,,,,1,-40°C ~ 125°C,Positive,Adjustable,,"Over Current, Over Temperature, Reverse Polarity",,,6V,5.4V,1.24V,0.6V @ 3A
MIC39100-3.3WS,Microchip Technology,IC REG LINEAR 3.3V 1A SOT-223-3,pmic-voltage-regulators-linear,51300,1.89,"TO-261-4, TO-261AA",Surface Mount,Active,https://ww1.microchip.com/downloads/aemDocuments/documents/OTH/ProductDocuments/DataSheets/20005834A.pdf,https://www.digikey.com/en/products/detail/microchip-technology/MIC39100-3-3WS/771641,,1A,,,,1,-40°C ~ 125°C,Positive,Fixed,,"Over Current, Over Temperature, Reverse Polarity",,,16V,,3.3V,0.63V @ 1A
MIC39100-3.3WS-TR,Microchip Technology,IC REG LINEAR 3.3V 1A SOT-223-3,pmic-voltage-regulators-linear,7868,1.89,"TO-261-4, TO-261AA",Surface Mount,Active,https://ww1.microchip.com/downloads/aemDocuments/documents/OTH/ProductDocuments/DataSheets/20005834A.pdf,https://www.digikey.com/en/products/detail/microchip-technology/MIC39100-3-3WS-TR/1029658,,1A,,,,1,-40°C ~ 125°C,Positive,Fixed,,"Over Current, Over Temperature, Reverse Polarity",,,16V,,3.3V,0.63V @ 1A
MIC39100-5.0WS-TR,Microchip Technology,IC REG LINEAR 5V 1A SOT-223-3,pmic-voltage-regulators-linear,7307,1.89,"TO-261-4, TO-261AA",Surface Mount,Active,https://ww1.microchip.com/downloads/aemDocuments/documents/OTH/ProductDocuments/DataSheets/20005834A.pdf,https://www.digikey.com/en/products/detail/microchip-technology/MIC39100-5-0WS-TR/1029660,,1A,,,,1,-40°C ~ 125°C,Positive,Fixed,,"Over Current, Over Temperature, Reverse Polarity",,,16V,,5V,0.63V @ 1A
MIC39102YM-TR,Microchip Technology,IC REG LINEAR POS ADJ 1A 8-SOIC,pmic-voltage-regulators-linear,2539,2.2,"8-SOIC (0.154"", 3.90mm Width)",Surface Mount,Active,https://ww1.microchip.com/downloads/aemDocuments/documents/OTH/ProductDocuments/DataSheets/20005834A.pdf,https://www.digikey.com/en/products/detail/microchip-technology/MIC39102YM-TR/1029678,Enable,1A,,,,1,-40°C ~ 125°C,Positive,Adjustable,,"Over Current, Over Temperature, Reverse Polarity",,,16V,16V,1.24V,0.63V @ 1A
MIC47100YML-TR,Microchip Technology,IC REG LINEAR POS ADJ 1A 8-MLF,pmic-voltage-regulators-linear,4753,2.39,"8-VFDFN Exposed Pad, 8-MLF®",Surface Mount,Active,https://ww1.microchip.com/downloads/en/DeviceDoc/mic47100.pdf,https://www.digikey.com/en/products/detail/microchip-technology/MIC47100YML-TR/1868019,Enable,1A,6 µA,,,1,-40°C ~ 125°C,Positive,Adjustable,80dB ~ 45dB (1kHz ~ 500kHz),"Over Current, Over Temperature, Under Voltage Lockout (UVLO)",,,3.6V,2V,0.8V,0.25V @ 1A
MIC49150YMM,Microchip Technology,IC REG LIN POS ADJ 1.5A 8-MSOP,pmic-voltage-regulators-linear,4655,3.41,"8-TSSOP, 8-MSOP (0.118"", 3.00mm Width)",Surface Mount,Active,https://ww1.microchip.com/downloads/aemDocuments/documents/APID/ProductDocuments/DataSheets/MIC49150-Data-Sheet-DS20006585.pdf,https://www.digikey.com/en/products/detail/microchip-technology/MIC49150YMM/771697,Enable,1.5A,,,,1,-40°C ~ 125°C,Positive,Adjustable,,"Over Current, Over Temperature",,,6.5V,5V,0.9V,0.5V @ 1.5A
MIC49150YMM-TR,Microchip Technology,IC REG LIN POS ADJ 1.5A 8-MSOP,pmic-voltage-regulators-linear,3169,3.41,"8-TSSOP, 8-MSOP (0.118"", 3.00mm Width)",Surface Mount,Active,https://ww1.microchip.com/downloads/aemDocuments/documents/APID/ProductDocuments/DataSheets/MIC49150-Data-Sheet-DS20006585.pdf,https://www.digikey.com/en/products/detail/microchip-technology/MIC49150YMM-TR/1030091,Enable,1.5A,,,,1,-40°C ~ 125°C,Positive,Adjustable,,"Over Current, Over Temperature",,,6.5V,5V,0.9V,0.5V @ 1.5A
MIC5201-3.3YS-TR,Microchip Technology,IC REG LIN 3.3V 150MA SOT-223-3,pmic-voltage-regulators-linear,1362,1.78,"TO-261-4, TO-261AA",Surface Mount,Active,https://ww1.microchip.com/downloads/en/DeviceDoc/MIC5201-150mA-Low-Dropout-Regulator-DS20005718C.pdf,https://www.digikey.com/en/products/detail/microchip-technology/MIC5201-3-3YS-TR/771720,,150mA,400 µA,2 mA,,1,-40°C ~ 85°C (TJ),Positive,Fixed,75dB (100Hz),"Over Current, Over Temperature, Reverse Polarity",,,26V,,3.3V,0.4V @ 150mA
MIC5205-2.5YM5-TR,Microchip Technology,IC REG LINEAR 2.5V 150MA SOT23-5,pmic-voltage-regulators-linear,9187,0.2,"SC-74A, SOT-753",Surface Mount,Active,https://ww1.microchip.com/downloads/aemDocuments/documents/APID/ProductDocuments/DataSheets/MIC5205-150mA-Low-Noise-LDO-Regulator-DS20005785C.pdf,https://www.digikey.com/en/products/detail/microchip-technology/MIC5205-2-5YM5-TR/771726,Enable,150mA,150 µA,2.5 mA,,1,-40°C ~ 125°C,Positive,Fixed,75dB (100Hz),"Over Current, Over Temperature, Reverse Polarity",,,16V,,2.5V,0.35V @ 150mA
MIC5205-3.3YM5-TR,Microchip Technology,IC REG LINEAR 3.3V 150MA SOT23-5,pmic-voltage-regulators-linear,47016,0.54,"SC-74A, SOT-753",Surface Mount,Active,https://ww1.microchip.com/downloads/aemDocuments/documents/APID/ProductDocuments/DataSheets/MIC5205-150mA-Low-Noise-LDO-Regulator-DS20005785C.pdf,https://www.digikey.com/en/products/detail/microchip-technology/MIC5205-3-3YM5-TR/771728,Enable,150mA,150 µA,2.5 mA,,1,-40°C ~ 125°C,Positive,Fixed,75dB (100Hz),"Over Current, Over Temperature, Reverse Polarity",,,16V,,3.3V,0.35V @ 150mA
MIC5205-3.6YM5-TR,Microchip Technology,IC REG LINEAR 3.6V 150MA SOT23-5,pmic-voltage-regulators-linear,4540,0.2,"SC-74A, SOT-753",Surface Mount,Active,https://ww1.microchip.com/downloads/aemDocuments/documents/APID/ProductDocuments/DataSheets/MIC5205-150mA-Low-Noise-LDO-Regulator-DS20005785C.pdf,https://www.digikey.com/en/products/detail/microchip-technology/MIC5205-3-6YM5-TR/771729,Enable,150mA,150 µA,2.5 mA,,1,-40°C ~ 125°C,Positive,Fixed,75dB (100Hz),"Over Current, Over Temperature, Reverse Polarity",,,16V,,3.6V,0.35V @ 150mA
MIC5205-4.0YM5-TR,Microchip Technology,IC REG LINEAR 4V 150MA SOT23-5,pmic-voltage-regulators-linear,5833,0.2,"SC-74A, SOT-753",Surface Mount,Active,https://ww1.microchip.com/downloads/aemDocuments/documents/APID/ProductDocuments/DataSheets/MIC5205-150mA-Low-Noise-LDO-Regulator-DS20005785C.pdf,https://www.digikey.com/en/products/detail/microchip-technology/MIC5205-4-0YM5-TR/1030308,Enable,150mA,150 µA,2.5 mA,,1,-40°C ~ 125°C,Positive,Fixed,75dB (100Hz),"Over Current, Over Temperature, Reverse Polarity",,,16V,,4V,0.35V @ 150mA
MIC5205-5.0YM5-TR,Microchip Technology,IC REG LINEAR 5V 150MA SOT23-5,pmic-voltage-regulators-linear,72122,0.54,"SC-74A, SOT-753",Surface Mount,Active,https://ww1.microchip.com/downloads/aemDocuments/documents/APID/ProductDocuments/DataSheets/MIC5205-150mA-Low-Noise-LDO-Regulator-DS20005785C.pdf,https://www.digikey.com/en/products/detail/microchip-technology/MIC5205-5-0YM5-TR/771730,Enable,150mA,150 µA,2.5 mA,,1,-40°C ~ 125°C,Positive,Fixed,75dB (100Hz),"Over Current, Over Temperature, Reverse Polarity",,,16V,,5V,0.35V @ 150mA
MIC5205YM5-TR,Microchip Technology,IC REG LIN POS ADJ 150MA SOT23-5,pmic-voltage-regulators-linear,91215,0.54,"SC-74A, SOT-753",Surface Mount,Active,https://ww1.microchip.com/downloads/aemDocuments/documents/APID/ProductDocuments/DataSheets/MIC5205-150mA-Low-Noise-LDO-Regulator-DS20005785C.pdf,https://www.digikey.com/en/products/detail/microchip-technology/MIC5205YM5-TR/771731,Enable,150mA,150 µA,2.5 mA,,1,-40°C ~ 125°C,Positive,Adjustable,75dB (100Hz),"Over Current, Over Temperature, Reverse Polarity",,,16V,15.65V,1.242V,0.35V @ 150mA
MIC5207YM5-TR,Microchip Technology,IC REG LIN POS ADJ 180MA SOT23-5,pmic-voltage-regulators-linear,8777,0.97,"SC-74A, SOT-753",Surface Mount,Active,https://ww1.microchip.com/downloads/aemDocuments/documents/APID/ProductDocuments/DataSheets/MIC5207-180mA-Low-Noise-LDO-Regulator-DS20005719C.pdf,https://www.digikey.com/en/products/detail/microchip-technology/MIC5207YM5-TR/771738,Enable,180mA,170 µA,3 µA,,1,-40°C ~ 125°C,Positive,Adjustable,,"Over Current, Over Temperature, Reverse Polarity",,,16V,15V,1.8V,0.4V @ 150mA
MIC5209-3.3YM-TR,Microchip Technology,IC REG LINEAR 3.3V 500MA 8-SOIC,pmic-voltage-regulators-linear,8142,1.61,"8-SOIC (0.154"", 3.90mm Width)",Surface Mount,Active,https://ww1.microchip.com/downloads/aemDocuments/documents/APID/ProductDocuments/DataSheets/MIC5209-500mA-Low-Noise-LDO-Regulator-DS20005720B.pdf,https://www.digikey.com/en/products/detail/microchip-technology/MIC5209-3-3YM-TR/1030411,Enable,500mA,170 µA,25 mA,,1,-40°C ~ 125°C,Positive,Fixed,75dB (120Hz),"Over Current, Over Temperature, Reverse Polarity",,,16V,,3.3V,0.6V @ 500mA
MIC5209-3.3YS,Microchip Technology,IC REG LIN 3.3V 500MA SOT-223-3,pmic-voltage-regulators-linear,7458,1.61,"TO-261-4, TO-261AA",Surface Mount,Active,https://ww1.microchip.com/downloads/aemDocuments/documents/APID/ProductDocuments/DataSheets/MIC5209-500mA-Low-Noise-LDO-Regulator-DS20005720B.pdf,https://www.digikey.com/en/products/detail/microchip-technology/MIC5209-3-3YS/1030412,,500mA,170 µA,25 mA,,1,-40°C ~ 125°C,Positive,Fixed,75dB (120Hz),"Over Current, Over Temperature, Reverse Polarity",,,16V,,3.3V,0.6V @ 500mA
MIC5209-5.0YS,Microchip Technology,IC REG LINEAR 5V 500MA SOT-223-3,pmic-voltage-regulators-linear,7594,1.61,"TO-261-4, TO-261AA",Surface Mount,Active,https://ww1.microchip.com/downloads/aemDocuments/documents/APID/ProductDocuments/DataSheets/MIC5209-500mA-Low-Noise-LDO-Regulator-DS20005720B.pdf,https://www.digikey.com/en/products/detail/microchip-technology/MIC5209-5-0YS/771745,,500mA,170 µA,25 mA,,1,-40°C ~ 125°C,Positive,Fixed,75dB (120Hz),"Over Current, Over Temperature, Reverse Polarity",,,16V,,5V,0.6V @ 500mA
MIC5209YM-TR,Microchip Technology,IC REG LIN POS ADJ 500MA 8-SOIC,pmic-voltage-regulators-linear,6450,1.61,"8-SOIC (0.154"", 3.90mm Width)",Surface Mount,Active,https://ww1.microchip.com/downloads/aemDocuments/documents/APID/ProductDocuments/DataSheets/MIC5209-500mA-Low-Noise-LDO-Regulator-DS20005720B.pdf,https://www.digikey.com/en/products/detail/microchip-technology/MIC5209YM-TR/1030438,Enable,500mA,170 µA,25 mA,,1,-40°C ~ 125°C,Positive,Adjustable,75dB (120Hz),"Over Current, Over Temperature, Reverse Polarity",,,16V,"2.5V, 15V","1.8V, 2.5V",0.6V @ 500mA
MIC5209YML-TR,Microchip Technology,IC REG LIN POS ADJ 500MA 8-DFN,pmic-voltage-regulators-linear,6431,2.7,8-VDFN Exposed Pad,Surface Mount,Active,https://ww1.microchip.com/downloads/aemDocuments/documents/APID/ProductDocuments/DataSheets/MIC5209-500mA-Low-Noise-LDO-Regulator-DS20005720B.pdf,https://www.digikey.com/en/products/detail/microchip-technology/MIC5209YML-TR/1834692,Enable,500mA,170 µA,25 mA,,1,-40°C ~ 125°C,Positive,Adjustable,75dB (120Hz),"Over Current, Over Temperature, Reverse Polarity",,,16V,"2.5V, 15V","1.8V, 2.5V",0.6V @ 500mA
MIC5211-LXYM6-TR,Microchip Technology,IC REG LINEAR 3.3/5V 80MA SOT23,pmic-voltage-regulators-linear,13356,0.99,SOT-23-6,Surface Mount,Active,https://ww1.microchip.com/downloads/aemDocuments/documents/APID/ProductDocuments/DataSheets/MIC5211-Dual-MicroCap-80mA-LDO-Regulator-DS20006684.pdf,https://www.digikey.com/en/products/detail/microchip-technology/MIC5211-LXYM6-TR/1616946,Enable,"80mA, 80mA",450 µA,1.2 mA,,2,-40°C ~ 125°C,Positive,Fixed,,"Over Current, Over Temperature, Reverse Polarity",,,16V,,"3.3V, 5V","0.5V @ 50mA, 0.5V @ 50mA"
MIC5216-3.3YM5-TR,Microchip Technology,IC REG LINEAR 3.3V 500MA SOT23-5,pmic-voltage-regulators-linear,24960,1.66,"SC-74A, SOT-753",Surface Mount,Active,https://ww1.microchip.com/downloads/en/DeviceDoc/mic5216.pdf,https://www.digikey.com/en/products/detail/microchip-technology/MIC5216-3-3YM5-TR/1030521,Enable,500mA,3 µA,25 mA,,1,-40°C ~ 125°C,Positive,Fixed,75dB (120Hz),"Over Current, Over Temperature, Reverse Polarity",,,12V,,3.3V,0.6V @ 500mA
MIC5219-3.3YM5-TR,Microchip Technology,IC REG LINEAR 3.3V 500MA SOT23-5,pmic-voltage-regulators-linear,42000,1.19,"SC-74A, SOT-753",Surface Mount,Active,https://ww1.microchip.com/downloads/aemDocuments/documents/OTH/ProductDocuments/DataSheets/MIC5219-500mA-Peak-Output-LDO-Regulator-DS20006021A.pdf,https://www.digikey.com/en/products/detail/microchip-technology/MIC5219-3-3YM5-TR/771750,Enable,500mA,8 µA,,,1,-40°C ~ 125°C,Positive,Fixed,75dB (120Hz),"Over Current, Over Temperature, Reverse Polarity",,,12V,,3.3V,0.6V @ 500mA
MIC5219-3.3YML-TR,Microchip Technology,IC REG LINEAR 3.3V 500MA 6-DFN,pmic-voltage-regulators-linear,8386,1.81,"6-VDFN Exposed Pad, 6-MLF®",Surface Mount,Active,https://ww1.microchip.com/downloads/aemDocuments/documents/OTH/ProductDocuments/DataSheets/MIC5219-500mA-Peak-Output-LDO-Regulator-DS20006021A.pdf,https://www.digikey.com/en/products/detail/microchip-technology/MIC5219-3-3YML-TR/1030574,Enable,500mA,8 µA,,,1,-40°C ~ 125°C,Positive,Fixed,75dB (120Hz),"Over Current, Over Temperature, Reverse Polarity",,,12V,,3.3V,0.6V @ 500mA
MIC5219-5.0YM5-TR,Microchip Technology,IC REG LINEAR 5V 500MA SOT23-5,pmic-voltage-regulators-linear,25091,1.19,"SC-74A, SOT-753",Surface Mount,Active,https://ww1.microchip.com/downloads/aemDocuments/documents/OTH/ProductDocuments/DataSheets/MIC5219-500mA-Peak-Output-LDO-Regulator-DS20006021A.pdf,https://www.digikey.com/en/products/detail/microchip-technology/MIC5219-5-0YM5-TR/1030586,Enable,500mA,8 µA,,,1,-40°C ~ 125°C,Positive,Fixed,75dB (120Hz),"Over Current, Over Temperature, Reverse Polarity",,,12V,,5V,0.6V @ 500mA
MIC5219-5.0YMT-TR,Microchip Technology,IC REG LINEAR 5V 500MA 6-TMLF,pmic-voltage-regulators-linear,1929,1.81,"6-UDFN Exposed Pad, 6-TMLF®",Surface Mount,Active,https://ww1.microchip.com/downloads/aemDocuments/documents/OTH/ProductDocuments/DataSheets/MIC5219-500mA-Peak-Output-LDO-Regulator-DS20006021A.pdf,https://www.digikey.com/en/products/detail/microchip-technology/MIC5219-5-0YMT-TR/2095492,Enable,500mA,8 µA,,,1,-40°C ~ 125°C,Positive,Fixed,75dB (120Hz),"Over Current, Over Temperature, Reverse Polarity",,,12V,,5V,0.6V @ 500mA
MIC5219YM5-TR,Microchip Technology,IC REG LIN POS ADJ 500MA SOT23-5,pmic-voltage-regulators-linear,20890,1.19,"SC-74A, SOT-753",Surface Mount,Active,https://ww1.microchip.com/downloads/aemDocuments/documents/OTH/ProductDocuments/DataSheets/MIC5219-500mA-Peak-Output-LDO-Regulator-DS20006021A.pdf,https://www.digikey.com/en/products/detail/microchip-technology/MIC5219YM5-TR/771751,Enable,500mA,8 µA,,,1,-40°C ~ 125°C,Positive,Adjustable,75dB (120Hz),"Over Current, Over Temperature, Reverse Polarity",,,12V,,Adjustable,0.6V @ 500mA
MIC5225-3.3YM5-TR,Microchip Technology,IC REG LINEAR 3.3V 150MA SOT23-5,pmic-voltage-regulators-linear,32697,0.53,"SC-74A, SOT-753",Surface Mount,Active,https://ww1.microchip.com/downloads/en/DeviceDoc/mic5225.pdf,https://www.digikey.com/en/products/detail/microchip-technology/MIC5225-3-3YM5-TR/1815447,Enable,150mA,,,,1,-40°C ~ 125°C,Positive,Fixed,,"Over Current, Over Temperature, Reverse Polarity",,,16V,,3.3V,0.45V @ 150mA
MIC5225-5.0YM5-TR,Microchip Technology,IC REG LINEAR 5V 150MA SOT23-5,pmic-voltage-regulators-linear,15475,0.53,"SC-74A, SOT-753",Surface Mount,Active,https://ww1.microchip.com/downloads/en/DeviceDoc/mic5225.pdf,https://www.digikey.com/en/products/detail/microchip-technology/MIC5225-5-0YM5-TR/1834697,Enable,150mA,,,,1,-40°C ~ 125°C,Positive,Fixed,,"Over Current, Over Temperature, Reverse Polarity",,,16V,,5V,0.45V @ 150mA
MIC5231-3.0YM5-TR,Microchip Technology,IC REG LINEAR 3V 10MA SOT23-5,pmic-voltage-regulators-linear,5369,1.49,"SC-74A, SOT-753",Surface Mount,Active,https://ww1.microchip.com/downloads/en/DeviceDoc/mic5231.pdf,https://www.digikey.com/en/products/detail/microchip-technology/MIC5231-3-0YM5-TR/771752,Enable,10mA,4 µA,,,1,-40°C ~ 125°C,Positive,Fixed,50dB (100Hz),,,,12V,,3V,0.3V @ 10mA
MIC5233-3.3YM5-TR,Microchip Technology,IC REG LINEAR 3.3V 100MA SOT23-5,pmic-voltage-regulators-linear,6388,1.62,"SC-74A, SOT-753",Surface Mount,Active,https://ww1.microchip.com/downloads/aemDocuments/documents/OTH/ProductDocuments/DataSheets/MIC5233-Data-Sheet-DS20006033D.pdf,https://www.digikey.com/en/products/detail/microchip-technology/MIC5233-3-3YM5-TR/1030606,Enable,100mA,30 µA,2 mA,,1,-40°C ~ 125°C,Positive,Fixed,,"Over Current, Over Temperature, Reverse Polarity",,,36V,,3.3V,0.45V @ 100mA
MIC5233YM5-TR,Microchip Technology,IC REG LIN POS ADJ 100MA SOT23-5,pmic-voltage-regulators-linear,616,1.62,"SC-74A, SOT-753",Surface Mount,Active,https://ww1.microchip.com/downloads/aemDocuments/documents/OTH/ProductDocuments/DataSheets/MIC5233-Data-Sheet-DS20006033D.pdf,https://www.digikey.com/en/products/detail/microchip-technology/MIC5233YM5-TR/1030610,Enable,100mA,30 µA,2 mA,,1,-40°C ~ 125°C,Positive,Adjustable,,"Over Current, Over Temperature, Reverse Polarity",,,36V,20V,1.24V,0.45V @ 100mA
MIC5235-3.3YM5-TR,Microchip Technology,IC REG LINEAR 3.3V 150MA SOT23-5,pmic-voltage-regulators-linear,5600,0.81,"SC-74A, SOT-753",Surface Mount,Active,https://ww1.microchip.com/downloads/en/DeviceDoc/mic5235.pdf,https://www.digikey.com/en/products/detail/microchip-technology/MIC5235-3-3YM5-TR/1030624,Enable,150mA,35 µA,4 mA,,1,-40°C ~ 125°C,Positive,Fixed,,"Over Current, Over Temperature, Reverse Polarity",,,24V,,3.3V,0.5V @ 150mA
MIC5239-3.3YM-TR,Microchip Technology,IC REG LINEAR 3.3V 500MA 8-SOIC,pmic-voltage-regulators-linear,1877,3.27,"8-SOIC (0.154"", 3.90mm Width)",Surface Mount,Active,https://ww1.microchip.com/downloads/aemDocuments/documents/APID/ProductDocuments/DataSheets/MIC5239-Low-Quiescent-Current-500mA-Microcap-LDO-Regulator-DS20006544.pdf,https://www.digikey.com/en/products/detail/microchip-technology/MIC5239-3-3YM-TR/1030748,Enable,500mA,45 µA,15 mA,,1,-40°C ~ 125°C,Positive,Fixed,,"Over Current, Over Temperature, Over Voltage, Reverse Polarity",,,30V,,3.3V,0.35V @ 500mA (Typ)
MIC5239-3.3YS,Microchip Technology,IC REG LIN 3.3V 500MA SOT-223-3,pmic-voltage-regulators-linear,1702,3.58,"TO-261-4, TO-261AA",Surface Mount,Active,https://ww1.microchip.com/downloads/aemDocuments/documents/APID/ProductDocuments/DataSheets/MIC5239-Low-Quiescent-Current-500mA-Microcap-LDO-Regulator-DS20006544.pdf,https://www.digikey.com/en/products/detail/microchip-technology/MIC5239-3-3YS/1030749,Enable,500mA,45 µA,15 mA,,1,-40°C ~ 125°C,Positive,Fixed,,"Over Current, Over Temperature, Over Voltage, Reverse Polarity",,,30V,,3.3V,0.35V @ 500mA (Typ)
MIC5239-3.3YS-TR,Microchip Technology,IC REG LIN 3.3V 500MA SOT-223-3,pmic-voltage-regulators-linear,896,3.58,"TO-261-4, TO-261AA",Surface Mount,Active,https://ww1.microchip.com/downloads/aemDocuments/documents/APID/ProductDocuments/DataSheets/MIC5239-Low-Quiescent-Current-500mA-Microcap-LDO-Regulator-DS20006544.pdf,https://www.digikey.com/en/products/detail/microchip-technology/MIC5239-3-3YS-TR/1030750,Enable,500mA,45 µA,15 mA,,1,-40°C ~ 125°C,Positive,Fixed,,"Over Current, Over Temperature, Over Voltage, Reverse Polarity",,,30V,,3.3V,0.35V @ 500mA (Typ)
MIC5255-3.3YM5-TR,Microchip Technology,IC REG LINEAR 3.3V 150MA SOT23-5,pmic-voltage-regulators-linear,10238,0.63,"SC-74A, SOT-753",Surface Mount,Active,https://www.digikey.com//mm.digikey.com/Volume0/opasdata/d220001/medias/docus/917/MIC5255.pdf,https://www.digikey.com/en/products/detail/microchip-technology/MIC5255-3-3YM5-TR/771759,Enable,150mA,150 µA,,,1,-40°C ~ 125°C,Positive,Fixed,60dB ~ 50dB (10Hz ~ 10kHz),"Over Current, Over Temperature, Under Voltage Lockout (UVLO)",,,6V,,3.3V,0.25V @ 150mA
MIC5259-3.3YD5-TR,Microchip Technology,IC REG LIN 3.3V 300MA TSOT-23-5,pmic-voltage-regulators-linear,13655,0.69,"SOT-23-5 Thin, TSOT-23-5",Surface Mount,Active,https://ww1.microchip.com/downloads/en/DeviceDoc/mic5259.pdf,https://www.digikey.com/en/products/detail/microchip-technology/MIC5259-3-3YD5-TR/1030997,Enable,300mA,150 µA,250 µA,,1,-40°C ~ 125°C,Positive,Fixed,65dB ~ 53dB (10Hz ~ 10kHz),"Over Current, Over Temperature, Under Voltage Lockout (UVLO)",,,6V,,3.3V,0.55V @ 300mA
MIC5270-3.0YM5-TR,Microchip Technology,IC REG LINEAR -3V 100MA SOT23-5,pmic-voltage-regulators-linear,2637,2.07,"SC-74A, SOT-753",Surface Mount,Active,https://ww1.microchip.com/downloads/aemDocuments/documents/APID/ProductDocuments/DataSheets/MIC5270-%CE%BCCap-Negative-Low-Dropout-Regulator-DS20006698.pdf,https://www.digikey.com/en/products/detail/microchip-technology/MIC5270-3-0YM5-TR/1031052,,100mA,100 µA,3 mA,,1,-40°C ~ 125°C,Negative,Fixed,50dB (120Hz),"Over Current, Over Temperature",,,-16V,,-3V,0.9V @ 100mA
MIC5270YM5-TR,Microchip Technology,IC REG LIN NEG ADJ 100MA SOT23-5,pmic-voltage-regulators-linear,7405,2.07,"SC-74A, SOT-753",Surface Mount,Active,https://ww1.microchip.com/downloads/aemDocuments/documents/APID/ProductDocuments/DataSheets/MIC5270-%CE%BCCap-Negative-Low-Dropout-Regulator-DS20006698.pdf,https://www.digikey.com/en/products/detail/microchip-technology/MIC5270YM5-TR/771764,,100mA,100 µA,3 mA,,1,-40°C ~ 125°C,Negative,Adjustable,50dB (120Hz),"Over Current, Over Temperature",,,-16V,-14V,-1.2V,0.9V @ 100mA
MIC5271YM5-TR,Microchip Technology,IC REG LIN NEG ADJ 100MA SOT23-5,pmic-voltage-regulators-linear,9003,2.27,"SC-74A, SOT-753",Surface Mount,Active,https://ww1.microchip.com/downloads/aemDocuments/documents/APID/ProductDocuments/DataSheets/MIC5271-MicroCap-Negative-Low-Dropout-Regulator-DS20005881B.pdf,https://www.digikey.com/en/products/detail/microchip-technology/MIC5271YM5-TR/1031061,Enable,100mA,,,,1,-40°C ~ 125°C,Negative,Adjustable,50dB (120Hz),"Over Current, Over Temperature",,,-16V,-14V,-1.2V,0.9V @ 100mA
MIC5283-5.0YML-TR,Microchip Technology,IC REG LINEAR 5V 150MA 8-MLF,pmic-voltage-regulators-linear,6775,1.89,"8-VFDFN Exposed Pad, 8-MLF®",Surface Mount,Active,https://ww1.microchip.com/downloads/en/DeviceDoc/MIC5283.pdf,https://www.digikey.com/en/products/detail/microchip-technology/MIC5283-5-0YML-TR/3202457,,150mA,14 µA,,,1,-40°C ~ 125°C,Positive,Fixed,70dB ~ 65dB (100Hz ~ 100kHz),"Over Current, Over Temperature",,,120V,,5V,2.8V @ 150mA
MIC5309-1.2YMT-TR,Microchip Technology,IC REG LINEAR 1.2V 300MA 6-TMLF,pmic-voltage-regulators-linear,15410,1.1,"6-UFDFN Exposed Pad, 6-TMLF®",Surface Mount,Active,https://ww1.microchip.com/downloads/en/DeviceDoc/mic5309.pdf,https://www.digikey.com/en/products/detail/microchip-technology/MIC5309-1-2YMT-TR/1834711,Enable,300mA,,,,1,-40°C ~ 125°C,Positive,Fixed,90dB ~ 70dB (1kHz),"Over Current, Over Temperature",,,5.5V,,1.2V,0.2V @ 300mA
MIC5317-1.2YM5-TR,Microchip Technology,IC REG LINEAR 1.2V 150MA SOT23-5,pmic-voltage-regulators-linear,5879,0.12,"SC-74A, SOT-753",Surface Mount,Active,https://ww1.microchip.com/downloads/en/DeviceDoc/MIC5317-High-Performance-Single-150mA-LDO-DS20006195B.pdf,https://www.digikey.com/en/products/detail/microchip-technology/MIC5317-1-2YM5-TR/5049102,Enable,150mA,39 µA,,,1,-40°C ~ 125°C,Positive,Fixed,80dB ~ 65dB (1kHz ~ 10kHz),"Over Current, Over Temperature",,,6V,,1.2V,0.38V @ 150mA
MIC5317-1.8YM5-TR,Microchip Technology,IC REG LINEAR 1.8V 150MA SOT23-5,pmic-voltage-regulators-linear,6366,0.12,"SC-74A, SOT-753",Surface Mount,Active,https://ww1.microchip.com/downloads/en/DeviceDoc/MIC5317-High-Performance-Single-150mA-LDO-DS20006195B.pdf,https://www.digikey.com/en/products/detail/microchip-technology/MIC5317-1-8YM5-TR/5049108,Enable,150mA,39 µA,,,1,-40°C ~ 125°C,Positive,Fixed,80dB ~ 65dB (1kHz ~ 10kHz),"Over Current, Over Temperature",,,6V,,1.8V,0.38V @ 150mA
MIC5317-2.5YM5-TR,Microchip Technology,IC REG LINEAR 2.5V 150MA SOT23-5,pmic-voltage-regulators-linear,4242,0.12,"SC-74A, SOT-753",Surface Mount,Active,https://ww1.microchip.com/downloads/en/DeviceDoc/MIC5317-High-Performance-Single-150mA-LDO-DS20006195B.pdf,https://www.digikey.com/en/products/detail/microchip-technology/MIC5317-2-5YM5-TR/5049111,Enable,150mA,39 µA,,,1,-40°C ~ 125°C,Positive,Fixed,80dB ~ 65dB (1kHz ~ 10kHz),"Over Current, Over Temperature",,,6V,,2.5V,0.38V @ 150mA
MIC5317-3.3YD5-TR,Microchip Technology,IC REG LIN 3.3V 150MA TSOT-23-5,pmic-voltage-regulators-linear,8609,0.25,"SOT-23-5 Thin, TSOT-23-5",Surface Mount,Active,https://ww1.microchip.com/downloads/en/DeviceDoc/MIC5317-High-Performance-Single-150mA-LDO-DS20006195B.pdf,https://www.digikey.com/en/products/detail/microchip-technology/MIC5317-3-3YD5-TR/5049119,Enable,150mA,39 µA,,,1,-40°C ~ 125°C,Positive,Fixed,80dB ~ 65dB (1kHz ~ 10kHz),"Over Current, Over Temperature",,,6V,,3.3V,0.31V @ 150mA
MIC5318YMT-TR,Microchip Technology,IC REG LIN POS ADJ 300MA 6-TMLF,pmic-voltage-regulators-linear,9730,0.19,"6-UFDFN Exposed Pad, 6-TMLF®",Surface Mount,Active,https://ww1.microchip.com/downloads/en/DeviceDoc/mic5318.pdf,https://www.digikey.com/en/products/detail/microchip-technology/MIC5318YMT-TR/1640336,Enable,300mA,150 µA,,,1,-40°C ~ 125°C,Positive,Adjustable,75dB ~ 55dB (1kHz ~ 20kHz),"Over Current, Over Temperature",,,6V,5.5V,1.25V,0.2V @ 300mA
MIC5319-3.3YD5-TR,Microchip Technology,IC REG LIN 3.3V 500MA TSOT-23-5,pmic-voltage-regulators-linear,6139,1.78,"SOT-23-5 Thin, TSOT-23-5",Surface Mount,Active,https://ww1.microchip.com/downloads/en/DeviceDoc/500mA-uCap-Ultra-Low-Dropout-Regulator-with-High-PSRR-DS20005876B.pdf,https://www.digikey.com/en/products/detail/microchip-technology/MIC5319-3-3YD5-TR/1031162,Enable,500mA,150 µA,,,1,-40°C ~ 125°C,Positive,Fixed,70dB ~ 60dB (1kHz ~ 10kHz),"Over Current, Over Temperature",,,5.5V,,3.3V,0.4V @ 500mA
MIC5319-3.3YML-TR,Microchip Technology,IC REG LINEAR 3.3V 500MA 6-TMLF,pmic-voltage-regulators-linear,13347,1.89,"6-VDFN Exposed Pad, 6-TMLF®",Surface Mount,Active,https://ww1.microchip.com/downloads/en/DeviceDoc/500mA-uCap-Ultra-Low-Dropout-Regulator-with-High-PSRR-DS20005876B.pdf,https://www.digikey.com/en/products/detail/microchip-technology/MIC5319-3-3YML-TR/1031163,Enable,500mA,150 µA,,,1,-40°C ~ 125°C,Positive,Fixed,70dB ~ 60dB (1kHz ~ 10kHz),"Over Current, Over Temperature",,,5.5V,,3.3V,0.4V @ 500mA
MIC5353-3.3YMT-TR,Microchip Technology,IC REG LINEAR 3.3V 500MA 6-TMLF,pmic-voltage-regulators-linear,4348,0.46,"6-UFDFN Exposed Pad, 6-TMLF®",Surface Mount,Active,https://ww1.microchip.com/downloads/aemDocuments/documents/APID/ProductDocuments/DataSheets/MIC5353-500mA-LDO-in-1.6mmx1.6mm-Package-DS20006507.pdf,https://www.digikey.com/en/products/detail/microchip-technology/MIC5353-3-3YMT-TR/2297014,Enable,500mA,175 µA,,,1,-40°C ~ 125°C,Positive,Fixed,60dB (1kHz),"Over Current, Over Temperature",,,6V,,3.3V,0.35V @ 500mA
MIC5365-1.2YC5-TR,Microchip Technology,IC REG LINEAR 1.2V 150MA SC-70-5,pmic-voltage-regulators-linear,11051,0.12,"5-TSSOP, SC-70-5, SOT-353",Surface Mount,Active,https://ww1.microchip.com/downloads/aemDocuments/documents/APID/ProductDocuments/DataSheets/MIC5365-6-High-Performance-Single-150mA-LDO-DS20006605.pdf,https://www.digikey.com/en/products/detail/microchip-technology/MIC5365-1-2YC5-TR/1868076,Enable,150mA,39 µA,,,1,-40°C ~ 125°C,Positive,Fixed,80dB ~ 65dB (1kHz ~ 10kHz),"Over Current, Over Temperature",,,5.5V,,1.2V,0.38V @ 150mA
MIC5365-1.2YD5-TR,Microchip Technology,IC REG LIN 1.2V 150MA TSOT-23-5,pmic-voltage-regulators-linear,1774,0.17,"SOT-23-5 Thin, TSOT-23-5",Surface Mount,Active,https://ww1.microchip.com/downloads/aemDocuments/documents/APID/ProductDocuments/DataSheets/MIC5365-6-High-Performance-Single-150mA-LDO-DS20006605.pdf,https://www.digikey.com/en/products/detail/microchip-technology/MIC5365-1-2YD5-TR/3671875,Enable,150mA,39 µA,,,1,-40°C ~ 125°C,Positive,Fixed,80dB ~ 65dB (1kHz ~ 10kHz),"Over Current, Over Temperature",,,5.5V,,1.2V,0.38V @ 150mA
MIC5365-1.8YC5-TR,Microchip Technology,IC REG LINEAR 1.8V 150MA SC-70-5,pmic-voltage-regulators-linear,318638,0.12,"5-TSSOP, SC-70-5, SOT-353",Surface Mount,Active,https://ww1.microchip.com/downloads/aemDocuments/documents/APID/ProductDocuments/DataSheets/MIC5365-6-High-Performance-Single-150mA-LDO-DS20006605.pdf,https://www.digikey.com/en/products/detail/microchip-technology/MIC5365-1-8YC5-TR/1868082,Enable,150mA,39 µA,,,1,-40°C ~ 125°C,Positive,Fixed,80dB ~ 65dB (1kHz ~ 10kHz),"Over Current, Over Temperature",,,5.5V,,1.8V,0.38V @ 150mA
MIC5365-1.8YD5-TR,Microchip Technology,IC REG LIN 1.8V 150MA TSOT-23-5,pmic-voltage-regulators-linear,1953,0.17,"SOT-23-5 Thin, TSOT-23-5",Surface Mount,Active,https://ww1.microchip.com/downloads/aemDocuments/documents/APID/ProductDocuments/DataSheets/MIC5365-6-High-Performance-Single-150mA-LDO-DS20006605.pdf,https://www.digikey.com/en/products/detail/microchip-technology/MIC5365-1-8YD5-TR/3671876,Enable,150mA,39 µA,,,1,-40°C ~ 125°C,Positive,Fixed,80dB ~ 65dB (1kHz ~ 10kHz),"Over Current, Over Temperature",,,5.5V,,1.8V,0.38V @ 150mA
MIC5365-1.8YMT-TZ,Microchip Technology,IC REG LINEAR 1.8V 150MA 4-TMLF,pmic-voltage-regulators-linear,10993,0.14,"4-UDFN Exposed Pad, 4-TMLF®",Surface Mount,Active,https://ww1.microchip.com/downloads/aemDocuments/documents/APID/ProductDocuments/DataSheets/MIC5365-6-High-Performance-Single-150mA-LDO-DS20006605.pdf,https://www.digikey.com/en/products/detail/microchip-technology/MIC5365-1-8YMT-TZ/2524018,Enable,150mA,39 µA,,,1,-40°C ~ 125°C,Positive,Fixed,80dB ~ 65dB (1kHz ~ 10kHz),"Over Current, Over Temperature",,,5.5V,,1.8V,0.38V @ 150mA
MIC5365-2.8YC5-TR,Microchip Technology,IC REG LINEAR 2.8V 150MA SC-70-5,pmic-voltage-regulators-linear,12506,0.12,"5-TSSOP, SC-70-5, SOT-353",Surface Mount,Active,https://ww1.microchip.com/downloads/aemDocuments/documents/APID/ProductDocuments/DataSheets/MIC5365-6-High-Performance-Single-150mA-LDO-DS20006605.pdf,https://www.digikey.com/en/products/detail/microchip-technology/MIC5365-2-8YC5-TR/1868088,Enable,150mA,39 µA,,,1,-40°C ~ 125°C,Positive,Fixed,80dB ~ 65dB (1kHz ~ 10kHz),"Over Current, Over Temperature",,,5.5V,,2.8V,0.31V @ 150mA
MIC5365-3.0YC5-TR,Microchip Technology,IC REG LINEAR 3V 150MA SC-70-5,pmic-voltage-regulators-linear,36260,0.18,"5-TSSOP, SC-70-5, SOT-353",Surface Mount,Active,https://ww1.microchip.com/downloads/aemDocuments/documents/APID/ProductDocuments/DataSheets/MIC5365-6-High-Performance-Single-150mA-LDO-DS20006605.pdf,https://www.digikey.com/en/products/detail/microchip-technology/MIC5365-3-0YC5-TR/1868092,Enable,150mA,39 µA,,,1,-40°C ~ 125°C,Positive,Fixed,80dB ~ 65dB (1kHz ~ 10kHz),"Over Current, Over Temperature",,,5.5V,,3V,0.31V @ 150mA
MIC5365-3.0YD5-TR,Microchip Technology,IC REG LINEAR 3V 150MA TSOT-23-5,pmic-voltage-regulators-linear,4180,0.17,"SOT-23-5 Thin, TSOT-23-5",Surface Mount,Active,https://ww1.microchip.com/downloads/aemDocuments/documents/APID/ProductDocuments/DataSheets/MIC5365-6-High-Performance-Single-150mA-LDO-DS20006605.pdf,https://www.digikey.com/en/products/detail/microchip-technology/MIC5365-3-0YD5-TR/5283844,Enable,150mA,39 µA,,,1,-40°C ~ 125°C,Positive,Fixed,80dB ~ 65dB (1kHz ~ 10kHz),"Over Current, Over Temperature",,,5.5V,,3V,0.31V @ 150mA
MIC5365-3.3YD5-TR,Microchip Technology,IC REG LIN 3.3V 150MA TSOT-23-5,pmic-voltage-regulators-linear,121888,0.17,"SOT-23-5 Thin, TSOT-23-5",Surface Mount,Active,https://ww1.microchip.com/downloads/aemDocuments/documents/APID/ProductDocuments/DataSheets/MIC5365-6-High-Performance-Single-150mA-LDO-DS20006605.pdf,https://www.digikey.com/en/products/detail/microchip-technology/MIC5365-3-3YD5-TR/3671879,Enable,150mA,39 µA,,,1,-40°C ~ 125°C,Positive,Fixed,80dB ~ 65dB (1kHz ~ 10kHz),"Over Current, Over Temperature",,,5.5V,,3.3V,0.31V @ 150mA
MIC5365-3.3YMT-TZ,Microchip Technology,IC REG LINEAR 3.3V 150MA 4-TMLF,pmic-voltage-regulators-linear,6259,0.14,"4-UDFN Exposed Pad, 4-TMLF®",Surface Mount,Active,https://ww1.microchip.com/downloads/aemDocuments/documents/APID/ProductDocuments/DataSheets/MIC5365-6-High-Performance-Single-150mA-LDO-DS20006605.pdf,https://www.digikey.com/en/products/detail/microchip-technology/MIC5365-3-3YMT-TZ/2524027,Enable,150mA,39 µA,,,1,-40°C ~ 125°C,Positive,Fixed,80dB ~ 65dB (1kHz ~ 10kHz),"Over Current, Over Temperature",,,5.5V,,3.3V,0.31V @ 150mA
MIC5366-1.8YC5-TR,Microchip Technology,IC REG LINEAR 1.8V 150MA SC-70-5,pmic-voltage-regulators-linear,46629,0.12,"5-TSSOP, SC-70-5, SOT-353",Surface Mount,Active,https://ww1.microchip.com/downloads/aemDocuments/documents/APID/ProductDocuments/DataSheets/MIC5365-6-High-Performance-Single-150mA-LDO-DS20006605.pdf,https://www.digikey.com/en/products/detail/microchip-technology/MIC5366-1-8YC5-TR/1868104,Enable,150mA,39 µA,,,1,-40°C ~ 125°C,Positive,Fixed,80dB ~ 65dB (1kHz ~ 10kHz),"Over Current, Over Temperature",,,5.5V,,1.8V,0.38V @ 150mA
MIC5366-2.0YC5-TR,Microchip Technology,IC REG LINEAR 2V 150MA SC-70-5,pmic-voltage-regulators-linear,5685,0.12,"5-TSSOP, SC-70-5, SOT-353",Surface Mount,Active,https://ww1.microchip.com/downloads/aemDocuments/documents/APID/ProductDocuments/DataSheets/MIC5365-6-High-Performance-Single-150mA-LDO-DS20006605.pdf,https://www.digikey.com/en/products/detail/microchip-technology/MIC5366-2-0YC5-TR/1868106,Enable,150mA,39 µA,,,1,-40°C ~ 125°C,Positive,Fixed,80dB ~ 65dB (1kHz ~ 10kHz),"Over Current, Over Temperature",,,5.5V,,2V,0.38V @ 150mA
MIC5366-3.3YC5-TR,Microchip Technology,IC REG LINEAR 3.3V 150MA SC-70-5,pmic-voltage-regulators-linear,6550,0.12,"5-TSSOP, SC-70-5, SOT-353",Surface Mount,Active,https://ww1.microchip.com/downloads/aemDocuments/documents/APID/ProductDocuments/DataSheets/MIC5365-6-High-Performance-Single-150mA-LDO-DS20006605.pdf,https://www.digikey.com/en/products/detail/microchip-technology/MIC5366-3-3YC5-TR/1868116,Enable,150mA,39 µA,,,1,-40°C ~ 125°C,Positive,Fixed,80dB ~ 65dB (1kHz ~ 10kHz),"Over Current, Over Temperature",,,5.5V,,3.3V,0.31V @ 150mA
MIC5501-3.0YM5-TR,Microchip Technology,IC REG LINEAR 3V 300MA SOT23-5,pmic-voltage-regulators-linear,65215,0.12,"SC-74A, SOT-753",Surface Mount,Active,https://ww1.microchip.com/downloads/en/DeviceDoc/MIC5501-02-03-04-300mA-Single-Output-LDO-in-Small-Packages-DS20006006B.pdf,https://www.digikey.com/en/products/detail/microchip-technology/MIC5501-3-0YM5-TR/5277873,Enable,300mA,55 µA,65 µA,,1,-40°C ~ 125°C,Positive,Fixed,60dB (1kHz),"Over Current, Over Temperature",,,5.5V,,3V,0.38V @ 300mA
MIC5504-1.2YM5-TR,Microchip Technology,IC REG LINEAR 1.2V 300MA SOT23-5,pmic-voltage-regulators-linear,5540,0.16,"SC-74A, SOT-753",Surface Mount,Active,https://ww1.microchip.com/downloads/en/DeviceDoc/MIC5501-02-03-04-300mA-Single-Output-LDO-in-Small-Packages-DS20006006B.pdf,https://www.digikey.com/en/products/detail/microchip-technology/MIC5504-1-2YM5-TR/5209401,Enable,300mA,55 µA,65 µA,,1,-40°C ~ 125°C,Positive,Fixed,60dB (1kHz),"Over Current, Over Temperature",,,5.5V,,1.2V,0.38V @ 300mA
MIC5504-1.8YM5-TR,Microchip Technology,IC REG LINEAR 1.8V 300MA SOT23-5,pmic-voltage-regulators-linear,71162,0.16,"SC-74A, SOT-753",Surface Mount,Active,https://ww1.microchip.com/downloads/en/DeviceDoc/MIC5501-02-03-04-300mA-Single-Output-LDO-in-Small-Packages-DS20006006B.pdf,https://www.digikey.com/en/products/detail/microchip-technology/MIC5504-1-8YM5-TR/5209404,Enable,300mA,55 µA,65 µA,,1,-40°C ~ 125°C,Positive,Fixed,60dB (1kHz),"Over Current, Over Temperature",,,5.5V,,1.8V,0.38V @ 300mA
MIC5504-1.8YMT-TR,Microchip Technology,IC REG LINEAR 1.8V 300MA 4-TDFN,pmic-voltage-regulators-linear,5318,0.22,4-UDFN Exposed Pad,Surface Mount,Active,https://ww1.microchip.com/downloads/en/DeviceDoc/MIC5501-02-03-04-300mA-Single-Output-LDO-in-Small-Packages-DS20006006B.pdf,https://www.digikey.com/en/products/detail/microchip-technology/MIC5504-1-8YMT-TR/5049172,Enable,300mA,55 µA,65 µA,,1,-40°C ~ 125°C,Positive,Fixed,60dB (1kHz),"Over Current, Over Temperature",,,5.5V,,1.8V,0.38V @ 300mA
MIC5504-2.5YM5-TR,Microchip Technology,IC REG LINEAR 2.5V 300MA SOT23-5,pmic-voltage-regulators-linear,4224,0.16,"SC-74A, SOT-753",Surface Mount,Active,https://ww1.microchip.com/downloads/en/DeviceDoc/MIC5501-02-03-04-300mA-Single-Output-LDO-in-Small-Packages-DS20006006B.pdf,https://www.digikey.com/en/products/detail/microchip-technology/MIC5504-2-5YM5-TR/5209407,Enable,300mA,55 µA,65 µA,,1,-40°C ~ 125°C,Positive,Fixed,60dB (1kHz),"Over Current, Over Temperature",,,5.5V,,2.5V,0.38V @ 300mA
MIC5504-2.8YM5-TR,Microchip Technology,IC REG LINEAR 2.8V 300MA SOT23-5,pmic-voltage-regulators-linear,2921,0.16,"SC-74A, SOT-753",Surface Mount,Active,https://ww1.microchip.com/downloads/en/DeviceDoc/MIC5501-02-03-04-300mA-Single-Output-LDO-in-Small-Packages-DS20006006B.pdf,https://www.digikey.com/en/products/detail/microchip-technology/MIC5504-2-8YM5-TR/4864017,Enable,300mA,55 µA,65 µA,,1,-40°C ~ 125°C,Positive,Fixed,60dB (1kHz),"Over Current, Over Temperature",,,5.5V,,2.8V,0.38V @ 300mA
MIC5504-3.3YM5-TR,Microchip Technology,IC REG LINEAR 3.3V 300MA SOT23-5,pmic-voltage-regulators-linear,118490,0.16,"SC-74A, SOT-753",Surface Mount,Active,https://ww1.microchip.com/downloads/en/DeviceDoc/MIC5501-02-03-04-300mA-Single-Output-LDO-in-Small-Packages-DS20006006B.pdf,https://www.digikey.com/en/products/detail/microchip-technology/MIC5504-3-3YM5-TR/4864018,Enable,300mA,55 µA,65 µA,,1,-40°C ~ 125°C,Positive,Fixed,60dB (1kHz),"Over Current, Over Temperature",,,5.5V,,3.3V,0.38V @ 300mA
MIC5504-3.3YMT-TR,Microchip Technology,IC REG LINEAR 3.3V 300MA 4-TDFN,pmic-voltage-regulators-linear,5950,0.22,4-UDFN Exposed Pad,Surface Mount,Active,https://ww1.microchip.com/downloads/en/DeviceDoc/MIC5501-02-03-04-300mA-Single-Output-LDO-in-Small-Packages-DS20006006B.pdf,https://www.digikey.com/en/products/detail/microchip-technology/MIC5504-3-3YMT-TR/5049185,Enable,300mA,55 µA,65 µA,,1,-40°C ~ 125°C,Positive,Fixed,60dB (1kHz),"Over Current, Over Temperature",,,5.5V,,3.3V,0.38V @ 300mA
MIC5524-3.3YMT-TZ,Microchip Technology,IC REG LINEAR 3.3V 500MA 4-TDFN,pmic-voltage-regulators-linear,15188,0.31,4-UDFN Exposed Pad,Surface Mount,Active,http://ww1.microchip.com/downloads/en/DeviceDoc/MIC5524.pdf,https://www.digikey.com/en/products/detail/microchip-technology/MIC5524-3-3YMT-TZ/4423894,Enable,500mA,55 µA,,,1,-40°C ~ 125°C,Positive,Fixed,80dB ~ 65dB (100Hz ~ 1kHz),"Over Current, Over Temperature",,,5.5V,,3.3V,0.5V @ 500mA
MIC5528-3.3YMT-TR,Microchip Technology,IC REG LINEAR 3.3V 500MA 6-TDFN,pmic-voltage-regulators-linear,4818,0.25,6-UFDFN Exposed Pad,Surface Mount,Active,https://ww1.microchip.com/downloads/aemDocuments/documents/OTH/ProductDocuments/DataSheets/MIC5528-High-Performance-500mA-LDO-in-Thin-and-Extra-Thin-DFN-Packages-DS20005982B.pdf,https://www.digikey.com/en/products/detail/microchip-technology/MIC5528-3-3YMT-TR/4864020,Enable,500mA,55 µA,65 µA,,1,-40°C ~ 125°C,Positive,Fixed,70dB ~ 60dB (100Hz ~ 1kHz),"Over Current, Over Temperature",,,5.5V,,3.3V,0.5V @ 500mA
MIC69101-1.8YML-TR,Microchip Technology,IC REG LINEAR 1.8V 1A 10MLF,pmic-voltage-regulators-linear,5207,2.1,"10-VFDFN Exposed Pad, 10-MLF®",Surface Mount,Active,https://ww1.microchip.com/downloads/en/DeviceDoc/MIC69101-103-Single-Supply-VIN-LOW-VIN-LOW-VOUT-1A-LDO-DS20006018A.pdf,https://www.digikey.com/en/products/detail/microchip-technology/MIC69101-1-8YML-TR/1834724,Enable,1A,,,,1,-40°C ~ 125°C,Positive,Fixed,,"Over Current, Over Temperature",,,5.5V,,1.8V,0.5V @ 1A
MIC94310-4YM5-TR,Microchip Technology,IC REG LINEAR 1.2V 200MA SOT23-5,pmic-voltage-regulators-linear,8954,0.31,"SC-74A, SOT-753",Surface Mount,Active,https://ww1.microchip.com/downloads/en/DeviceDoc/MIC94310-Data-Sheet-20006105B.pdf,https://www.digikey.com/en/products/detail/microchip-technology/MIC94310-4YM5-TR/5049210,Enable,200mA,250 µA,,,1,-40°C ~ 125°C,Positive,Fixed,85dB ~ 50dB (100Hz ~ 10MHz),"Over Current, Over Temperature",,Ripple Blocker™,3.6V,,1.2V,0.1V @ 200mA
MIC94310-PYMT-TR,Microchip Technology,IC REG LINEAR 3V 200MA 4-TDFN,pmic-voltage-regulators-linear,4655,0.37,4-UFDFN Exposed Pad,Surface Mount,Active,https://ww1.microchip.com/downloads/en/DeviceDoc/MIC94310-Data-Sheet-20006105B.pdf,https://www.digikey.com/en/products/detail/microchip-technology/MIC94310-PYMT-TR/4840896,Enable,200mA,250 µA,,,1,-40°C ~ 125°C,Positive,Fixed,85dB ~ 50dB (100Hz ~ 10MHz),"Over Current, Over Temperature",,Ripple Blocker™,3.6V,,3V,0.1V @ 200mA
MIC94325YMT-TR,Microchip Technology,IC REG LIN POS ADJ 500MA 6-TDFN,pmic-voltage-regulators-linear,13873,0.49,6-UFDFN Exposed Pad,Surface Mount,Active,https://ww1.microchip.com/downloads/en/DeviceDoc/MIC94325.pdf,https://www.digikey.com/en/products/detail/microchip-technology/MIC94325YMT-TR/3681291,Enable,500mA,250 µA,,,1,-40°C ~ 125°C,Positive,Adjustable,85dB ~ 50dB (100Hz ~ 5MHz),"Over Current, Over Temperature",,Ripple Blocker™,3.6V,3.4V,1.2V,0.2V @ 500mA
MIC94345-SYMT-TR,Microchip Technology,IC REG LINEAR 3.3V 500MA 6-TDFN,pmic-voltage-regulators-linear,4582,0.49,6-UFDFN Exposed Pad,Surface Mount,Active,https://ww1.microchip.com/downloads/en/DeviceDoc/MIC94325.pdf,https://www.digikey.com/en/products/detail/microchip-technology/MIC94345-SYMT-TR/3728492,Enable,500mA,250 µA,,,1,-40°C ~ 125°C,Positive,Fixed,85dB ~ 50dB (100Hz ~ 5MHz),"Over Current, Over Temperature",,Ripple Blocker™,3.6V,,3.3V,0.2V @ 500mA
MP20051DQ-LF-Z,Monolithic Power Systems Inc.,IC REG LINEAR POS ADJ 1A 8-QFN,pmic-voltage-regulators-linear,2209,1.25,8-VDFN Exposed Pad,Surface Mount,Active,,https://www.digikey.com/en/products/detail/monolithic-power-systems-inc/MP20051DQ-LF-Z/5291858,Enable,1A,600 µA,,,1,-40°C ~ 125°C,Positive,Adjustable,65dB ~ 33dB (100Hz ~ 1MHz),"Over Current, Over Temperature, Under Voltage Lockout (UVLO)",,,5.5V,5V,0.8V,0.28V @ 1A
MPQ2013AGQ-AEC1-Z,Monolithic Power Systems Inc.,IC REG LIN POS ADJ 150MA 8-QFN,pmic-voltage-regulators-linear,11646,1.62,8-VDFN Exposed Pad,Surface Mount,Active,,https://www.digikey.com/en/products/detail/monolithic-power-systems-inc/MPQ2013AGQ-AEC1-Z/5292943,Enable,150mA,9 µA,50 µA,Automotive,1,-40°C ~ 125°C (TJ),Positive,Adjustable,58dB ~ 41dB (100Hz ~ 1kHz),"Over Current, Over Temperature",AEC-Q100,,40V,15V,1.215V,1.1V @ 150mA
MPQ8904DD-AEC1-LF-Z,Monolithic Power Systems Inc.,IC REG LIN POS ADJ 500MA 8-QFN,pmic-voltage-regulators-linear,7788,2.25,8-TFDFN Exposed Pad,Surface Mount,Active,,https://www.digikey.com/en/products/detail/monolithic-power-systems-inc/MPQ8904DD-AEC1-LF-Z/5293092,"Enable, Power Good",500mA,200 µA,12 mA,Automotive,1,-40°C ~ 125°C,Positive,Adjustable,,"Over Current, Over Temperature",AEC-Q100,,6.5V,5V,0.5V,0.45V @ 500mA
NCP110AFCT120T2G,onsemi,IC REG LINEAR 1.2V 200MA 4-WLCSP,pmic-voltage-regulators-linear,2441,0.23,"4-XFBGA, WLCSP",Surface Mount,Active,https://www.onsemi.com/pdf/datasheet/ncp110-d.pdf,https://www.digikey.com/en/products/detail/onsemi/NCP110AFCT120T2G/8258536,Enable,200mA,25 µA,,,1,-40°C ~ 125°C (TJ),Positive,Fixed,95dB ~ 55dB (100Hz ~ 100kHz),"Over Current, Over Temperature",,,5.5V,,1.2V,0.19V @ 200mA
NCP110AFCT180T2G,onsemi,IC REG LINEAR 1.8V 200MA 4-WLCSP,pmic-voltage-regulators-linear,10946,0.23,"4-XFBGA, WLCSP",Surface Mount,Active,https://www.onsemi.com/pdf/datasheet/ncp110-d.pdf,https://www.digikey.com/en/products/detail/onsemi/NCP110AFCT180T2G/8258537,Enable,200mA,25 µA,,,1,-40°C ~ 125°C (TJ),Positive,Fixed,95dB ~ 55dB (100Hz ~ 100kHz),"Over Current, Over Temperature",,,5.5V,,1.8V,0.12V @ 200mA
NCP110AMX120TBG,onsemi,IC REG LINEAR 1.2V 200MA 4-XDFN,pmic-voltage-regulators-linear,13045,0.27,4-XDFN Exposed Pad,Surface Mount,Active,https://www.onsemi.com/pdf/datasheet/ncp110-d.pdf,https://www.digikey.com/en/products/detail/onsemi/NCP110AMX120TBG/8258540,Enable,200mA,25 µA,,,1,-40°C ~ 125°C (TJ),Positive,Fixed,95dB ~ 55dB (100Hz ~ 100kHz),"Over Current, Over Temperature",,,5.5V,,1.2V,0.19V @ 200mA
NCP1117DT33T5G,onsemi,IC REG LINEAR 3.3V 1A DPAK,pmic-voltage-regulators-linear,28387,0.53,"TO-252-3, DPAK (2 Leads + Tab), SC-63",Surface Mount,Active,https://www.onsemi.com/pdf/datasheet/ncp1117-d.pdf,https://www.digikey.com/en/products/detail/onsemi/NCP1117DT33T5G/921285,,1A,10 mA,,,1,0°C ~ 125°C,Positive,Fixed,64dB (120Hz),"Over Current, Over Temperature",,,20V,,3.3V,1.2V @ 800mA
NCP1117IST33T3G,onsemi,IC REG LINEAR 3.3V 1A SOT-223,pmic-voltage-regulators-linear,50714,0.48,"TO-261-4, TO-261AA",Surface Mount,Active,https://www.onsemi.com/pdf/datasheet/ncp1117-d.pdf,https://www.digikey.com/en/products/detail/onsemi/NCP1117IST33T3G/14545464,,1A,10 mA,,Automotive,1,-40°C ~ 125°C (TA),Positive,Fixed,64dB (120Hz),"Over Current, Over Temperature",AEC-Q100,,20V,,3.3V,1.2V @ 800mA
NCP1117LPST33T3G,onsemi,IC REG LINEAR 3.3V 1A SOT-223,pmic-voltage-regulators-linear,29602,0.38,"TO-261-4, TO-261AA",Surface Mount,Active,https://www.onsemi.com/pdf/datasheet/ncp1117lp-d.pdf,https://www.digikey.com/en/products/detail/onsemi/NCP1117LPST33T3G/2194024,,1A,700 µA,,,1,0°C ~ 125°C,Positive,Fixed,60dB (120Hz),"Over Current, Over Temperature",,,18V,,3.3V,1.4V @ 1A
NCP1117ST33T3G,onsemi,IC REG LINEAR 3.3V 1A SOT-223,pmic-voltage-regulators-linear,38714,0.6,"TO-261-4, TO-261AA",Surface Mount,Active,https://www.onsemi.com/pdf/datasheet/ncp1117-d.pdf,https://www.digikey.com/en/products/detail/onsemi/NCP1117ST33T3G/1749063,,1A,10 mA,,,1,0°C ~ 125°C,Positive,Fixed,64dB (120Hz),"Over Current, Over Temperature",,,20V,,3.3V,1.2V @ 800mA
NCP1117ST50T3G,onsemi,IC REG LINEAR 5V 1A SOT-223,pmic-voltage-regulators-linear,14843,0.6,"TO-261-4, TO-261AA",Surface Mount,Active,https://www.onsemi.com/pdf/datasheet/ncp1117-d.pdf,https://www.digikey.com/en/products/detail/onsemi/NCP1117ST50T3G/921289,,1A,10 mA,,,1,0°C ~ 125°C,Positive,Fixed,61dB (120Hz),"Over Current, Over Temperature",,,20V,,5V,1.2V @ 800mA
NCP114AMX120TCG,onsemi,IC REG LINEAR 1.2V 300MA 4-UDFN,pmic-voltage-regulators-linear,10251,0.17,4-UDFN Exposed Pad,Surface Mount,Active,https://www.onsemi.com/pdf/datasheet/ncp114-d.pdf,https://www.digikey.com/en/products/detail/onsemi/NCP114AMX120TCG/5181645,Enable,300mA,95 µA,,,1,-40°C ~ 85°C (TA),Positive,Fixed,75dB (1kHz),"Over Current, Over Temperature",,,5.5V,,1.2V,
NCP114AMX180TBG,onsemi,IC REG LINEAR 1.8V 300MA 4-UDFN,pmic-voltage-regulators-linear,14302,0.17,4-UDFN Exposed Pad,Surface Mount,Active,https://www.onsemi.com/pdf/datasheet/ncp114-d.pdf,https://www.digikey.com/en/products/detail/onsemi/NCP114AMX180TBG/5404398,Enable,300mA,95 µA,,,1,-40°C ~ 85°C (TA),Positive,Fixed,75dB (1kHz),"Over Current, Over Temperature",,,5.5V,,1.8V,
NCP114AMX180TCG,onsemi,IC REG LINEAR 1.8V 300MA 4-UDFN,pmic-voltage-regulators-linear,5718,0.17,4-UDFN Exposed Pad,Surface Mount,Active,https://www.onsemi.com/pdf/datasheet/ncp114-d.pdf,https://www.digikey.com/en/products/detail/onsemi/NCP114AMX180TCG/5181646,Enable,300mA,95 µA,,,1,-40°C ~ 85°C (TA),Positive,Fixed,75dB (1kHz),"Over Current, Over Temperature",,,5.5V,,1.8V,
NCP114AMX300TCG,onsemi,IC REG LINEAR 3V 300MA 4-UDFN,pmic-voltage-regulators-linear,34473,0.17,4-UDFN Exposed Pad,Surface Mount,Active,https://www.onsemi.com/pdf/datasheet/ncp114-d.pdf,https://www.digikey.com/en/products/detail/onsemi/NCP114AMX300TCG/5257665,Enable,300mA,95 µA,,,1,-40°C ~ 85°C (TA),Positive,Fixed,75dB (1kHz),"Over Current, Over Temperature",,,5.5V,,3V,0.22V @ 300mA
NCP114AMX330TCG,onsemi,IC REG LINEAR 3.3V 300MA 4-UDFN,pmic-voltage-regulators-linear,30050,0.17,4-UDFN Exposed Pad,Surface Mount,Active,https://www.onsemi.com/pdf/datasheet/ncp114-d.pdf,https://www.digikey.com/en/products/detail/onsemi/NCP114AMX330TCG/5181648,Enable,300mA,95 µA,,,1,-40°C ~ 85°C (TA),Positive,Fixed,75dB (1kHz),"Over Current, Over Temperature",,,5.5V,,3.3V,0.2V @ 300mA
NCP114ASN080T1G,onsemi,IC REG LINEAR 0.8V 300MA 5-TSOP,pmic-voltage-regulators-linear,9970,0.14,"SOT-23-5 Thin, TSOT-23-5",Surface Mount,Active,https://www.onsemi.com/pdf/datasheet/ncp114-d.pdf,https://www.digikey.com/en/products/detail/onsemi/NCP114ASN080T1G/8258544,Enable,300mA,95 µA,,,1,-40°C ~ 85°C (TA),Positive,Fixed,75dB (1kHz),"Over Current, Over Temperature",,,5.5V,,0.8V,
NCP114ASN120T1G,onsemi,IC REG LINEAR 1.2V 300MA 5-TSOP,pmic-voltage-regulators-linear,1794,0.16,"SOT-23-5 Thin, TSOT-23-5",Surface Mount,Active,https://www.onsemi.com/pdf/datasheet/ncp114-d.pdf,https://www.digikey.com/en/products/detail/onsemi/NCP114ASN120T1G/6560601,Enable,300mA,95 µA,,,1,-40°C ~ 85°C (TA),Positive,Fixed,75dB (1kHz),"Over Current, Over Temperature",,,5.5V,,1.2V,
NCP114ASN180T1G,onsemi,IC REG LINEAR 1.8V 300MA 5-TSOP,pmic-voltage-regulators-linear,30725,0.14,"SOT-23-5 Thin, TSOT-23-5",Surface Mount,Active,https://www.onsemi.com/pdf/datasheet/ncp114-d.pdf,https://www.digikey.com/en/products/detail/onsemi/NCP114ASN180T1G/6560602,Enable,300mA,95 µA,,,1,-40°C ~ 85°C (TA),Positive,Fixed,75dB (1kHz),"Over Current, Over Temperature",,,5.5V,,1.8V,
NCP114ASN250T1G,onsemi,IC REG LINEAR 2.5V 300MA 5-TSOP,pmic-voltage-regulators-linear,6185,0.14,"SOT-23-5 Thin, TSOT-23-5",Surface Mount,Active,https://www.onsemi.com/pdf/datasheet/ncp114-d.pdf,https://www.digikey.com/en/products/detail/onsemi/NCP114ASN250T1G/7220724,Enable,300mA,95 µA,,,1,-40°C ~ 85°C (TA),Positive,Fixed,75dB (1kHz),"Over Current, Over Temperature",,,5.5V,,2.5V,
NCP114ASN330T1G,onsemi,IC REG LINEAR 3.3V 300MA 5-TSOP,pmic-voltage-regulators-linear,120026,0.14,"SOT-23-5 Thin, TSOT-23-5",Surface Mount,Active,https://www.onsemi.com/pdf/datasheet/ncp114-d.pdf,https://www.digikey.com/en/products/detail/onsemi/NCP114ASN330T1G/6560605,Enable,300mA,95 µA,,,1,-40°C ~ 85°C (TA),Positive,Fixed,75dB (1kHz),"Over Current, Over Temperature",,,5.5V,,3.3V,0.225V @ 300mA
NCP114BSN330T1G,onsemi,IC REG LINEAR 3.3V 300MA 5-TSOP,pmic-voltage-regulators-linear,8686,0.16,"SOT-23-5 Thin, TSOT-23-5",Surface Mount,Active,https://www.onsemi.com/pdf/datasheet/ncp114-d.pdf,https://www.digikey.com/en/products/detail/onsemi/NCP114BSN330T1G/6560606,Enable,300mA,95 µA,,,1,-40°C ~ 85°C (TJ),Positive,Fixed,75dB (1kHz),"Over Current, Over Temperature",,,5.5V,,3.3V,0.225V @ 300mA
NCP115AMX180TCG,onsemi,IC REG LINEAR 1.8V 300MA 4-XDFN,pmic-voltage-regulators-linear,14830,0.19,4-XDFN Exposed Pad,Surface Mount,Active,https://www.onsemi.com/pdf/datasheet/ncp115-d.pdf,https://www.digikey.com/en/products/detail/onsemi/NCP115AMX180TCG/9829203,Enable,300mA,95 µA,,,1,-40°C ~ 85°C (TJ),Positive,Fixed,70dB (1kHz),"Over Current, Over Temperature",,,5.5V,,1.8V,0.58V @ 300mA
NCP115AMX330TCG,onsemi,IC REG LINEAR 3.3V 300MA 4-XDFN,pmic-voltage-regulators-linear,16154,0.19,4-XDFN Exposed Pad,Surface Mount,Active,https://www.onsemi.com/pdf/datasheet/ncp115-d.pdf,https://www.digikey.com/en/products/detail/onsemi/NCP115AMX330TCG/9829207,Enable,300mA,95 µA,,,1,-40°C ~ 85°C (TJ),Positive,Fixed,70dB (1kHz),"Over Current, Over Temperature",,,5.5V,,3.3V,0.28V @ 300mA
NCP115ASN120T2G,onsemi,IC REG LINEAR 1.2V 300MA 5-TSOP,pmic-voltage-regulators-linear,1458,0.14,"SOT-23-5 Thin, TSOT-23-5",Surface Mount,Active,https://www.onsemi.com/pdf/datasheet/ncp115-d.pdf,https://www.digikey.com/en/products/detail/onsemi/NCP115ASN120T2G/10321896,Enable,300mA,95 µA,,,1,-40°C ~ 85°C (TJ),Positive,Fixed,70dB (1kHz),"Over Current, Over Temperature",,,5.5V,,1.2V,
NCP115ASN150T2G,onsemi,IC REG LINEAR 1.5V 300MA 5-TSOP,pmic-voltage-regulators-linear,7404,0.14,"SOT-23-5 Thin, TSOT-23-5",Surface Mount,Active,https://www.onsemi.com/pdf/datasheet/ncp115-d.pdf,https://www.digikey.com/en/products/detail/onsemi/NCP115ASN150T2G/9764772,Enable,300mA,95 µA,,,1,-40°C ~ 85°C (TJ),Positive,Fixed,70dB (1kHz),"Over Current, Over Temperature",,,5.5V,,1.5V,
NCP115ASN180T1G,onsemi,IC REG LINEAR 1.8V 300MA 5-TSOP,pmic-voltage-regulators-linear,8879,0.14,"SOT-23-5 Thin, TSOT-23-5",Surface Mount,Active,https://www.onsemi.com/pdf/datasheet/ncp115-d.pdf,https://www.digikey.com/en/products/detail/onsemi/NCP115ASN180T1G/10273426,Enable,300mA,95 µA,,,1,-40°C ~ 85°C (TJ),Positive,Fixed,70dB (1kHz),"Over Current, Over Temperature",,,5.5V,,1.8V,0.58V @ 300mA
NCP115ASN180T2G,onsemi,IC REG LINEAR 1.8V 300MA 5-TSOP,pmic-voltage-regulators-linear,21150,0.14,"SOT-23-5 Thin, TSOT-23-5",Surface Mount,Active,https://www.onsemi.com/pdf/datasheet/ncp115-d.pdf,https://www.digikey.com/en/products/detail/onsemi/NCP115ASN180T2G/9764773,Enable,300mA,95 µA,,,1,-40°C ~ 85°C (TJ),Positive,Fixed,70dB (1kHz),"Over Current, Over Temperature",,,5.5V,,1.8V,0.58V @ 300mA
NCP115ASN250T2G,onsemi,IC REG LINEAR 2.5V 300MA 5-TSOP,pmic-voltage-regulators-linear,25273,0.14,"SOT-23-5 Thin, TSOT-23-5",Surface Mount,Active,https://www.onsemi.com/pdf/datasheet/ncp115-d.pdf,https://www.digikey.com/en/products/detail/onsemi/NCP115ASN250T2G/9764774,Enable,300mA,95 µA,,,1,-40°C ~ 85°C (TJ),Positive,Fixed,70dB (1kHz),"Over Current, Over Temperature",,,5.5V,,2.5V,
NCP115ASN330T2G,onsemi,IC REG LINEAR 3.3V 300MA 5-TSOP,pmic-voltage-regulators-linear,18352,0.14,"SOT-23-5 Thin, TSOT-23-5",Surface Mount,Active,https://www.onsemi.com/pdf/datasheet/ncp115-d.pdf,https://www.digikey.com/en/products/detail/onsemi/NCP115ASN330T2G/9764776,Enable,300mA,95 µA,,,1,-40°C ~ 85°C (TJ),Positive,Fixed,70dB (1kHz),"Over Current, Over Temperature",,,5.5V,,3.3V,0.28V @ 300mA
NCP115CMX250TCG,onsemi,IC REG LINEAR 2.5V 300MA 4-XDFN,pmic-voltage-regulators-linear,2122,0.19,4-XDFN Exposed Pad,Surface Mount,Active,https://www.onsemi.com/pdf/datasheet/ncp115-d.pdf,https://www.digikey.com/en/products/detail/onsemi/NCP115CMX250TCG/9764778,Enable,300mA,95 µA,,,1,-40°C ~ 85°C (TJ),Positive,Fixed,70dB (1kHz),"Over Current, Over Temperature",,,5.5V,,2.5V,
NCP115CMX330TCG,onsemi,IC REG LINEAR 3.3V 300MA 4-XDFN,pmic-voltage-regulators-linear,4829,0.19,4-XDFN Exposed Pad,Surface Mount,Active,https://www.onsemi.com/pdf/datasheet/ncp115-d.pdf,https://www.digikey.com/en/products/detail/onsemi/NCP115CMX330TCG/9829215,Enable,300mA,95 µA,,,1,-40°C ~ 85°C (TJ),Positive,Fixed,70dB (1kHz),"Over Current, Over Temperature",,,5.5V,,3.3V,0.28V @ 300mA
NCP160AFCT330T2G,onsemi,IC REG LINEAR 3.3V 250MA 4-WLCSP,pmic-voltage-regulators-linear,5673,0.2,"4-XFBGA, WLCSP",Surface Mount,Active,https://www.onsemi.com/pdf/datasheet/ncp160-d.pdf,https://www.digikey.com/en/products/detail/onsemi/NCP160AFCT330T2G/5404467,Enable,250mA,23 µA,,,1,-40°C ~ 125°C (TA),Positive,Fixed,91dB ~ 48dB (100Hz ~ 100kHz),"Over Current, Over Temperature, Soft Start",,,5.5V,,3.3V,0.145V @ 250mA
NCP160AMX330TBG,onsemi,IC REG LINEAR 3.3V 250MA 4-XDFN,pmic-voltage-regulators-linear,14109,0.28,4-XDFN Exposed Pad,Surface Mount,Active,https://www.onsemi.com/pdf/datasheet/ncp160-d.pdf,https://www.digikey.com/en/products/detail/onsemi/NCP160AMX330TBG/5257709,Enable,250mA,23 µA,,,1,-40°C ~ 125°C (TA),Positive,Fixed,91dB ~ 48dB (100Hz ~ 100kHz),"Over Current, Over Temperature, Soft Start",,,5.5V,,3.3V,0.145V @ 250mA
NCP161AFCS180T2G,onsemi,IC REG LINEAR 1.8V 450MA 4-WLCSP,pmic-voltage-regulators-linear,10181,0.23,"4-XFBGA, WLCSP",Surface Mount,Active,https://www.onsemi.com/pdf/datasheet/ncp161-d.pdf,https://www.digikey.com/en/products/detail/onsemi/NCP161AFCS180T2G/5404494,Enable,450mA,23 µA,,,1,-40°C ~ 125°C,Positive,Fixed,91dB ~ 48dB (100Hz ~ 100kHz),"Over Current, Over Temperature, Soft Start",,,5.5V,,1.8V,0.45V @ 450mA
NCP161AFCT330T2G,onsemi,IC REG LINEAR 3.3V 450MA 4-WLCSP,pmic-voltage-regulators-linear,8988,0.23,"4-XFBGA, WLCSP",Surface Mount,Active,https://www.onsemi.com/pdf/datasheet/ncp161-d.pdf,https://www.digikey.com/en/products/detail/onsemi/NCP161AFCT330T2G/5404510,Enable,450mA,23 µA,,,1,-40°C ~ 125°C,Positive,Fixed,91dB ~ 48dB (100Hz ~ 100kHz),"Over Current, Over Temperature, Soft Start",,,5.5V,,3.3V,0.26V @ 450mA
NCP161AMX330TBG,onsemi,IC REG LINEAR 3.3V 450MA 4-XDFN,pmic-voltage-regulators-linear,114575,0.28,4-XDFN Exposed Pad,Surface Mount,Active,https://www.onsemi.com/pdf/datasheet/ncp161-d.pdf,https://www.digikey.com/en/products/detail/onsemi/NCP161AMX330TBG/5257729,Enable,450mA,23 µA,,,1,-40°C ~ 125°C,Positive,Fixed,91dB ~ 48dB (100Hz ~ 100kHz),"Over Current, Over Temperature, Soft Start",,,5.5V,,3.3V,0.26V @ 450mA
NCP161ASN330T1G,onsemi,IC REG LINEAR 3.3V 450MA SOT23-5,pmic-voltage-regulators-linear,95814,0.56,"SC-74A, SOT-753",Surface Mount,Active,https://www.onsemi.com/pdf/datasheet/ncp161-d.pdf,https://www.digikey.com/en/products/detail/onsemi/NCP161ASN330T1G/10064812,Enable,450mA,23 µA,,,1,-40°C ~ 125°C (TJ),Positive,Fixed,91dB ~ 48dB (100Hz ~ 100kHz),"Over Current, Over Temperature, Soft Start",,,5.5V,,3.3V,0.305V @ 450mA
NCP163AFCS180T2G,onsemi,IC REG LINEAR 1.8V 250MA 4-WLCSP,pmic-voltage-regulators-linear,11273,0.3,"4-XFBGA, WLCSP",Surface Mount,Active,https://www.onsemi.com/pdf/datasheet/ncp163-d.pdf,https://www.digikey.com/en/products/detail/onsemi/NCP163AFCS180T2G/7220761,Enable,250mA,20 µA,,,1,-40°C ~ 125°C (TA),Positive,Fixed,91dB ~ 60dB (100Hz ~ 100kHz),"Over Current, Over Temperature, Soft Start",,,5.5V,,1.8V,0.25V @ 250mA
NCP163AFCS280T2G,onsemi,IC REG LINEAR 2.8V 250MA 4-WLCSP,pmic-voltage-regulators-linear,6745,0.3,"4-XFBGA, WLCSP",Surface Mount,Active,https://www.onsemi.com/pdf/datasheet/ncp163-d.pdf,https://www.digikey.com/en/products/detail/onsemi/NCP163AFCS280T2G/7220763,Enable,250mA,20 µA,,,1,-40°C ~ 125°C (TA),Positive,Fixed,91dB ~ 60dB (100Hz ~ 100kHz),"Over Current, Over Temperature, Soft Start",,,5.5V,,2.8V,0.16V @ 250mA
NCP163AFCT330T2G,onsemi,IC REG LINEAR 3.3V 250MA 4-WLCSP,pmic-voltage-regulators-linear,6058,0.3,"4-XFBGA, WLCSP",Surface Mount,Active,https://www.onsemi.com/pdf/datasheet/ncp163-d.pdf,https://www.digikey.com/en/products/detail/onsemi/NCP163AFCT330T2G/9169750,Enable,250mA,20 µA,,,1,-40°C ~ 125°C (TA),Positive,Fixed,91dB ~ 60dB (100Hz ~ 100kHz),"Over Current, Over Temperature, Soft Start",,,5.5V,,3.3V,0.145V @ 250mA
NCP163AMX180TBG,onsemi,IC REG LINEAR 1.8V 250MA 4-XDFN,pmic-voltage-regulators-linear,16870,0.28,4-XDFN Exposed Pad,Surface Mount,Active,https://www.onsemi.com/pdf/datasheet/ncp163-d.pdf,https://www.digikey.com/en/products/detail/onsemi/NCP163AMX180TBG/6684802,Enable,250mA,20 µA,,,1,-40°C ~ 125°C (TA),Positive,Fixed,91dB ~ 60dB (100Hz ~ 100kHz),"Over Current, Over Temperature, Soft Start",,,5.5V,,1.8V,0.25V @ 250mA
NCP163AMX300TBG,onsemi,IC REG LINEAR 3V 250MA 4-XDFN,pmic-voltage-regulators-linear,5600,0.28,4-XDFN Exposed Pad,Surface Mount,Active,https://www.onsemi.com/pdf/datasheet/ncp163-d.pdf,https://www.digikey.com/en/products/detail/onsemi/NCP163AMX300TBG/6684804,Enable,250mA,20 µA,,,1,-40°C ~ 125°C (TA),Positive,Fixed,91dB ~ 60dB (100Hz ~ 100kHz),"Over Current, Over Temperature, Soft Start",,,5.5V,,3V,0.155V @ 250mA
NCP163AMX330TBG,onsemi,IC REG LINEAR 3.3V 250MA 4-XDFN,pmic-voltage-regulators-linear,2805,0.28,4-XDFN Exposed Pad,Surface Mount,Active,https://www.onsemi.com/pdf/datasheet/ncp163-d.pdf,https://www.digikey.com/en/products/detail/onsemi/NCP163AMX330TBG/6684805,Enable,250mA,20 µA,,,1,-40°C ~ 125°C (TA),Positive,Fixed,91dB ~ 60dB (100Hz ~ 100kHz),"Over Current, Over Temperature, Soft Start",,,5.5V,,3.3V,0.145V @ 250mA
NCP163ASN330T1G,onsemi,IC REG LINEAR 3.3V 250MA SOT23-5,pmic-voltage-regulators-linear,15373,0.39,"SC-74A, SOT-753",Surface Mount,Active,https://www.onsemi.com/pdf/datasheet/ncp163-d.pdf,https://www.digikey.com/en/products/detail/onsemi/NCP163ASN330T1G/9694661,Enable,250mA,20 µA,,,1,-40°C ~ 125°C (TJ),Positive,Fixed,91dB ~ 60dB (100Hz ~ 100kHz),"Over Current, Over Temperature, Soft Start",,,5.5V,,3.3V,0.145V @ 250mA
NCP164CSN330T1G,onsemi,IC REG LINEAR 3.3V 300MA 5-TSOP,pmic-voltage-regulators-linear,17088,0.89,"SOT-23-5 Thin, TSOT-23-5",Surface Mount,Active,https://www.digikey.com//mm.digikey.com/Volume0/opasdata/d220001/medias/docus/55/NCP164C_Rev1_Jan2020.pdf,https://www.digikey.com/en/products/detail/onsemi/NCP164CSN330T1G/11592854,Enable,300mA,40 µA,,,1,-40°C ~ 150°C (TJ),Positive,Fixed,83dB ~ 61dB (100Hz ~ 100kHz),"Over Current, Over Temperature",,,5V,,3.3V,0.17V @ 300mA
NCP167AMX330TBG,onsemi,IC REG LINEAR 3.3V 700MA 4-XDFN,pmic-voltage-regulators-linear,9641,0.44,4-XDFN Exposed Pad,Surface Mount,Active,https://www.onsemi.com/pdf/datasheet/ncp167-d.pdf,https://www.digikey.com/en/products/detail/onsemi/NCP167AMX330TBG/9169759,Enable,700mA,18 µA,,,1,-40°C ~ 125°C (TJ),Positive,Fixed,85dB ~ 63dB (100Hz ~ 100kHz),"Over Current, Over Temperature, Soft Start",,,5.5V,,3.3V,0.29V @ 700mA
NCP170AXV180T2G,onsemi,IC REG LINEAR 1.8V 150MA SOT-563,pmic-voltage-regulators-linear,24872,0.25,"SOT-563, SOT-666",Surface Mount,Active,https://www.onsemi.com/pdf/datasheet/ncp170-d.pdf,https://www.digikey.com/en/products/detail/onsemi/NCP170AXV180T2G/5404150,Enable,150mA,900 nA,,,1,-40°C ~ 85°C (TJ),Positive,Fixed,57dB (1kHz),"Over Current, Over Temperature",,,5.5V,,1.8V,0.48V @ 150mA
NCP176AMX330TCG,onsemi,IC REG LINEAR 3.3V 500MA 6-XDFN,pmic-voltage-regulators-linear,363445,0.3,6-XFDFN Exposed Pad,Surface Mount,Active,https://www.onsemi.com/pdf/datasheet/ncp176-d.pdf,https://www.digikey.com/en/products/detail/onsemi/NCP176AMX330TCG/5761739,Enable,500mA,90 µA,,,1,-40°C ~ 85°C,Positive,Fixed,75dB (1kHz),"Over Current, Over Temperature",,,5.5V,,3.3V,0.165V @ 500ma
NCP177AMX120TCG,onsemi,IC REG LINEAR 1.2V 500MA 4-XDFN,pmic-voltage-regulators-linear,6088,0.22,4-XDFN Exposed Pad,Surface Mount,Active,https://www.digikey.com//mm.digikey.com/Volume0/opasdata/d220001/medias/docus/693/NCP177.pdf,https://www.digikey.com/en/products/detail/onsemi/NCP177AMX120TCG/5848191,Enable,500mA,90 µA,,,1,-40°C ~ 85°C (TA),Positive,Fixed,75dB (1kHz),"Over Current, Over Temperature",,,5.5V,,1.2V,
NCP177AMX180TCG,onsemi,IC REG LINEAR 1.8V 500MA 4-XDFN,pmic-voltage-regulators-linear,2978,0.22,4-XDFN Exposed Pad,Surface Mount,Active,https://www.onsemi.com/pdf/datasheet/ncp177-d.pdf,https://www.digikey.com/en/products/detail/onsemi/NCP177AMX180TCG/5848192,Enable,500mA,90 µA,,,1,-40°C ~ 85°C (TA),Positive,Fixed,75dB (1kHz),"Over Current, Over Temperature",,,5.5V,,1.8V,0.285V @ 500mA
NCP177AMX330TCG,onsemi,IC REG LINEAR 3.3V 500MA 4-XDFN,pmic-voltage-regulators-linear,32677,0.22,4-XDFN Exposed Pad,Surface Mount,Active,https://www.onsemi.com/pdf/datasheet/ncp177-d.pdf,https://www.digikey.com/en/products/detail/onsemi/NCP177AMX330TCG/5848193,Enable,500mA,90 µA,,,1,-40°C ~ 85°C (TA),Positive,Fixed,75dB (1kHz),"Over Current, Over Temperature",,,5.5V,,3.3V,0.175V @ 500mA
NCP186AMX330TAG,onsemi,IC REG LINEAR 3.3V 1A 8-XDFN,pmic-voltage-regulators-linear,4001,0.37,8-XFDFN Exposed Pad,Surface Mount,Active,https://www.onsemi.com/download/data-sheet/pdf/ncp186-d.pdf,https://www.digikey.com/en/products/detail/onsemi/NCP186AMX330TAG/5761743,Enable,1A,140 µA,,,1,-40°C ~ 125°C,Positive,Fixed,75dB (1kHz),"Over Current, Over Temperature, Soft Start",,,5.5V,,3.3V,0.145V @ 1A
NCP186BMX330TAG,onsemi,IC REG LINEAR 3.3V 1A 8-XDFN,pmic-voltage-regulators-linear,31740,0.37,8-XFDFN Exposed Pad,Surface Mount,Active,https://www.onsemi.com/pdf/datasheet/ncp186-d.pdf,https://www.digikey.com/en/products/detail/onsemi/NCP186BMX330TAG/5817244,Enable,1A,140 µA,,,1,-40°C ~ 125°C,Positive,Fixed,75dB (1kHz),"Over Current, Over Temperature, Soft Start",,,5.5V,,3.3V,0.145V @ 1A
NCP551SN33T1G,onsemi,IC REG LINEAR 3.3V 150MA 5-TSOP,pmic-voltage-regulators-linear,8329,0.46,"SOT-23-5 Thin, TSOT-23-5",Surface Mount,Active,https://www.onsemi.com/pdf/datasheet/ncp551-d.pdf,https://www.digikey.com/en/products/detail/onsemi/NCP551SN33T1G/921391,Enable,150mA,8 µA,8 µA,,1,-40°C ~ 85°C,Positive,Fixed,,"Over Current, Over Temperature",,,12V,,3.3V,0.15V @ 10mA
NCP5663DSADJR4G,onsemi,IC REG LINEAR POS ADJ 3A D2PAK-5,pmic-voltage-regulators-linear,34218,2.5,"TO-263-6, D2PAK (5 Leads + Tab), TO-263BA",Surface Mount,Active,https://www.onsemi.com/pdf/datasheet/ncp5663-d.pdf,https://www.digikey.com/en/products/detail/onsemi/NCP5663DSADJR4G/1483765,Enable,3A,3 mA,,,1,-40°C ~ 85°C,Positive,Adjustable,70dB ~ 65dB (120Hz ~ 1kHz),"Over Current, Over Temperature",,,9V,7.7V,0.9V,1.3V @ 3A
NCP59302DSADJR4G,onsemi,IC REG LINEAR POS ADJ 3A D2PAK-5,pmic-voltage-regulators-linear,6403,2.9,"TO-263-6, D2PAK (5 Leads + Tab), TO-263BA",Surface Mount,Active,https://www.onsemi.com/pdf/datasheet/ncp59302-d.pdf,https://www.digikey.com/en/products/detail/onsemi/NCP59302DSADJR4G/2626640,"Enable, Error Flag",3A,,,,1,-40°C ~ 125°C,Positive,Adjustable,,"Over Current, Over Temperature, Reverse Polarity",,,13.5V,13V,1.24V,0.5V @ 3A
NCP59744MN1ADJTBG,onsemi,IC REG LINEAR POS ADJ 3A 10DFN,pmic-voltage-regulators-linear,22044,1.69,10-VFDFN Exposed Pad,Surface Mount,Active,https://www.onsemi.com/pdf/datasheet/ncp59744-d.pdf,https://www.digikey.com/en/products/detail/onsemi/NCP59744MN1ADJTBG/9169764,"Enable, Power Good, Soft Start",3A,,,,1,-40°C ~ 125°C (TJ),Positive,Adjustable,72dB ~ 50dB (1kHz ~ 1MHz),"Over Current, Over Temperature",,,5.5V,3.6V,0.8V,0.16V @ 3A
NCP59748MN1ADJTBG,onsemi,IC REG LINEAR POS ADJ 1.5A 10DFN,pmic-voltage-regulators-linear,0,1.59,10-VFDFN Exposed Pad,Surface Mount,Active,https://www.onsemi.com/pdf/datasheet/ncp59748-d.pdf,https://www.digikey.com/en/products/detail/onsemi/NCP59748MN1ADJTBG/4947805,"Enable, Power Good, Soft Start",1.5A,,,,1,-40°C ~ 125°C,Positive,Adjustable,50dB ~ 30dB (1kHz ~ 300kHz),"Over Current, Over Temperature",,,5.5V,3.6V,0.8V,0.165V @ 1.5A
NCP699SN33T1G,onsemi,IC REG LINEAR 3.3V 150MA 5-TSOP,pmic-voltage-regulators-linear,20494,0.31,"SOT-23-5 Thin, TSOT-23-5",Surface Mount,Active,https://www.onsemi.com/pdf/datasheet/ncp699-d.pdf,https://www.digikey.com/en/products/detail/onsemi/NCP699SN33T1G/1630330,Enable,150mA,90 µA,,,1,-40°C ~ 85°C,Positive,Fixed,55dB ~ 50dB (120Hz ~ 1kHz),"Over Current, Over Temperature",,,6V,,3.3V,0.36V @ 150mA
NCP705MT33TCG,onsemi,IC REG LINEAR 3.3V 500MA 6-WDFN,pmic-voltage-regulators-linear,14044,0.83,6-WDFN Exposed Pad,Surface Mount,Active,https://www.onsemi.com/pdf/datasheet/ncp705-d.pdf,https://www.digikey.com/en/products/detail/onsemi/NCP705MT33TCG/4848417,Enable,500mA,25 µA,,,1,-40°C ~ 125°C,Positive,Fixed,,"Over Current, Over Temperature, Soft Start, Under Voltage Lockout (UVLO)",,,5.5V,,3.3V,
NCP705MTADJTCG,onsemi,IC REG LIN POS ADJ 500MA 6-WDFN,pmic-voltage-regulators-linear,69629,0.88,6-WDFN Exposed Pad,Surface Mount,Active,https://www.onsemi.com/pdf/datasheet/ncp705-d.pdf,https://www.digikey.com/en/products/detail/onsemi/NCP705MTADJTCG/5257819,Enable,500mA,25 µA,,,1,-40°C ~ 125°C,Positive,Adjustable,73dB ~ 56dB (100Hz ~ 10kHz),"Over Current, Over Temperature, Soft Start, Under Voltage Lockout (UVLO)",,,5.5V,5.15V,0.8V,0.35V @ 500mA
NCP711ASN330T1G,onsemi,IC REG LINEAR 3.3V 100MA 5-TSOP,pmic-voltage-regulators-linear,26652,0.58,"SOT-23-5 Thin, TSOT-23-5",Surface Mount,Active,https://www.onsemi.com/pdf/datasheet/ncp711-d.pdf,https://www.digikey.com/en/products/detail/onsemi/NCP711ASN330T1G/13145350,Enable,100mA,2.5 µA,,,1,-40°C ~ 125°C (TJ),Positive,Fixed,80dB ~ 48dB (10Hz ~ 1MHz),"Over Current, Over Temperature",,,18V,,3.3V,0.355V @ 100mA
NCP711ASN500T1G,onsemi,IC REG LINEAR 5V 100MA 5-TSOP,pmic-voltage-regulators-linear,20726,0.67,"SOT-23-5 Thin, TSOT-23-5",Surface Mount,Active,https://www.onsemi.com/pdf/datasheet/ncp711-d.pdf,https://www.digikey.com/en/products/detail/onsemi/NCP711ASN500T1G/13145361,Enable,100mA,2.5 µA,,,1,-40°C ~ 125°C (TJ),Positive,Fixed,80dB ~ 48dB (10Hz ~ 1MHz),"Over Current, Over Temperature",,,18V,,5V,0.355V @ 100mA
NCP715SQ33T2G,onsemi,IC REG LINEAR 3.3V 50MA SC-88A,pmic-voltage-regulators-linear,13713,0.27,"5-TSSOP, SC-70-5, SOT-353",Surface Mount,Active,https://www.onsemi.com/pdf/datasheet/ncp715-d.pdf,https://www.digikey.com/en/products/detail/onsemi/NCP715SQ33T2G/5257859,,50mA,4.2 µA,5.8 µA,,1,-40°C ~ 125°C (TJ),Positive,Fixed,60dB (100kHz),"Over Current, Over Temperature, Under Voltage Lockout (UVLO)",,,24V,,3.3V,0.35V @ 50mA
NCP715SQ50T2G,onsemi,IC REG LINEAR 5V 50MA SC-88A,pmic-voltage-regulators-linear,18641,0.27,"5-TSSOP, SC-70-5, SOT-353",Surface Mount,Active,https://www.onsemi.com/pdf/datasheet/ncp715-d.pdf,https://www.digikey.com/en/products/detail/onsemi/NCP715SQ50T2G/5257860,,50mA,4.2 µA,5.8 µA,,1,-40°C ~ 125°C (TJ),Positive,Fixed,56dB (100kHz),"Over Current, Over Temperature, Under Voltage Lockout (UVLO)",,,24V,,5V,0.35V @ 50mA
NCP718ASN500T1G,onsemi,IC REG LINEAR 5V 300MA TSOT-23-5,pmic-voltage-regulators-linear,1435,0.51,"SOT-23-5 Thin, TSOT-23-5",Surface Mount,Active,https://www.onsemi.com/pdf/datasheet/ncp718-d.pdf,https://www.digikey.com/en/products/detail/onsemi/NCP718ASN500T1G/9169770,Soft Start,300mA,8 µA,300 µA,,1,-40°C ~ 125°C (TJ),Positive,Fixed,60dB (1kHz),"Over Current, Over Temperature",,,24V,,5V,0.49V @ 300mA
NCP718ASNADJT1G,onsemi,IC REG LIN POS ADJ 300MA TSOT23,pmic-voltage-regulators-linear,1641,0.53,"SOT-23-5 Thin, TSOT-23-5",Surface Mount,Active,https://www.onsemi.com/pdf/datasheet/ncp718-d.pdf,https://www.digikey.com/en/products/detail/onsemi/NCP718ASNADJT1G/7931466,Soft Start,300mA,8 µA,300 µA,,1,-40°C ~ 125°C (TJ),Positive,Adjustable,60dB (1kHz),"Over Current, Over Temperature",,,24V,5V,1.2V,0.49V @ 300mA
NCP718BSN330T1G,onsemi,IC REG LIN 3.3V 300MA TSOT-23-5,pmic-voltage-regulators-linear,12590,0.51,"SOT-23-5 Thin, TSOT-23-5",Surface Mount,Active,https://www.onsemi.com/pdf/datasheet/ncp718-d.pdf,https://www.digikey.com/en/products/detail/onsemi/NCP718BSN330T1G/9169776,Soft Start,300mA,8 µA,300 µA,,1,-40°C ~ 125°C (TJ),Positive,Fixed,60dB (1kHz),"Over Current, Over Temperature",,,24V,,3.3V,0.44V @ 300mA
NCP718BSNADJT1G,onsemi,IC REG LIN POS ADJ 300MA TSOT23,pmic-voltage-regulators-linear,66293,0.51,"SOT-23-5 Thin, TSOT-23-5",Surface Mount,Active,https://www.onsemi.com/pdf/datasheet/ncp718-d.pdf,https://www.digikey.com/en/products/detail/onsemi/NCP718BSNADJT1G/9169778,Soft Start,300mA,8 µA,300 µA,,1,-40°C ~ 125°C (TJ),Positive,Adjustable,60dB (1kHz),"Over Current, Over Temperature",,,24V,5V,1.2V,0.49V @ 300mA
NCP730BMT500TBG,onsemi,IC REG LINEAR 5V 150MA 6-WDFN,pmic-voltage-regulators-linear,13400,0.95,6-WDFN Exposed Pad,Surface Mount,Active,https://www.onsemi.com/pdf/datasheet/ncp730-d.pdf,https://www.digikey.com/en/products/detail/onsemi/NCP730BMT500TBG/11592849,"Enable, Power Good, Soft Start",150mA,3 µA,450 µA,,1,-40°C ~ 125°C (TJ),Positive,Fixed,80dB ~ 48dB (10Hz ~ 1MHz),"Over Current, Over Temperature",,,38V,,5V,0.48V @ 150mA
NCP781BMN050TAG,onsemi,IC REG LINEAR 5V 100MA 6-DFN,pmic-voltage-regulators-linear,36816,1.1,6-VDFN Exposed Pad,Surface Mount,Active,https://www.onsemi.com/pdf/datasheet/ncp781-d.pdf,https://www.digikey.com/en/products/detail/onsemi/NCP781BMN050TAG/7809295,,100mA,55 µA,400 µA,,1,-40°C ~ 125°C (TJ),Positive,Fixed,83dB ~ 56dB (1kHz ~ 100kHz),"Over Temperature, Short Circuit",,,150V,,5V,9.5V @ 100mA
NCP781BMNADJTAG,onsemi,IC REG LIN POS ADJ 100MA 6-DFN,pmic-voltage-regulators-linear,7523,1.19,6-VDFN Exposed Pad,Surface Mount,Active,https://www.onsemi.com/pdf/datasheet/ncp781-d.pdf,https://www.digikey.com/en/products/detail/onsemi/NCP781BMNADJTAG/7809297,,100mA,55 µA,400 µA,,1,-40°C ~ 125°C (TJ),Positive,Adjustable,83dB ~ 56dB (1kHz ~ 100kHz),"Over Temperature, Short Circuit",,,150V,15V,1.23V,9.5V @ 100mA
NCP785AH33T1G,onsemi,IC REG LINEAR 3.3V 10MA SOT89-3,pmic-voltage-regulators-linear,3138,0.95,TO-243AA,Surface Mount,Active,https://www.onsemi.com/pdf/datasheet/ncp785a-d.pdf,https://www.digikey.com/en/products/detail/onsemi/NCP785AH33T1G/5222198,,10mA,14 µA,,,1,-40°C ~ 85°C,Positive,Fixed,70dB (1kHz),"Over Current, Over Temperature",,,450V,,3.3V,
NCP785AH50T1G,onsemi,IC REG LINEAR 5V 10MA SOT89-3,pmic-voltage-regulators-linear,34099,1.04,TO-243AA,Surface Mount,Active,https://www.onsemi.com/pdf/datasheet/ncp785a-d.pdf,https://www.digikey.com/en/products/detail/onsemi/NCP785AH50T1G/5222199,,10mA,21 µA,,,1,-40°C ~ 85°C,Positive,Fixed,70dB (1kHz),"Over Current, Over Temperature",,,450V,,5V,
NCV1117ST33T3G,onsemi,IC REG LINEAR 3.3V 1A SOT-223,pmic-voltage-regulators-linear,19950,0.57,"TO-261-4, TO-261AA",Surface Mount,Active,https://www.onsemi.com/pdf/datasheet/ncp1117-d.pdf,https://www.digikey.com/en/products/detail/onsemi/NCV1117ST33T3G/1483937,,1A,10 mA,,Automotive,1,-40°C ~ 125°C (TA),Positive,Fixed,64dB (120Hz),"Over Current, Over Temperature",AEC-Q100,,20V,,3.3V,1.2V @ 800mA
NCV317LBDR2G,onsemi,IC REG LIN POS ADJ 100MA 8-SOIC,pmic-voltage-regulators-linear,9375,0.3,"8-SOIC (0.154"", 3.90mm Width)",Surface Mount,Active,https://www.onsemi.com/pdf/datasheet/lm317l-d.pdf,https://www.digikey.com/en/products/detail/onsemi/NCV317LBDR2G/1792675,,100mA,10 mA,,Automotive,1,-40°C ~ 125°C,Positive,Adjustable,80dB (120Hz),"Over Current, Over Temperature, Short Circuit",AEC-Q100,,40V,37V,1.2V,
NCV4264-2CST50T3G,onsemi,IC REG LINEAR 5V 100MA SOT-223,pmic-voltage-regulators-linear,4098,1.28,"TO-261-4, TO-261AA",Surface Mount,Active,https://www.onsemi.com/pdf/datasheet/ncv4264-2c-d.pdf,https://www.digikey.com/en/products/detail/onsemi/NCV4264-2CST50T3G/5257238,,100mA,55 µA,70 µA,Automotive,1,-40°C ~ 150°C,Positive,Fixed,67dB (100Hz),"Over Current, Over Temperature, Reverse Polarity, Short Circuit",AEC-Q100,,45V,,5V,0.5V @ 100mA
NCV4264-2ST50T3G,onsemi,IC REG LINEAR 5V 100MA SOT-223,pmic-voltage-regulators-linear,5655,1.38,"TO-261-4, TO-261AA",Surface Mount,Not For New Designs,https://www.onsemi.com/pdf/datasheet/ncv4264-2-d.pdf,https://www.digikey.com/en/products/detail/onsemi/NCV4264-2ST50T3G/1792686,,100mA,55 µA,70 µA,Automotive,1,-40°C ~ 150°C,Positive,Fixed,67dB (100Hz),"Over Current, Over Temperature, Reverse Polarity, Short Circuit",AEC-Q100,,45V,,5V,0.5V @ 100mA
NCV4266-2CST50T3G,onsemi,IC REG LINEAR 5V 150MA SOT-223,pmic-voltage-regulators-linear,59625,1.25,"TO-261-4, TO-261AA",Surface Mount,Active,https://www.onsemi.com/pdf/datasheet/ncv4266-2c-d.pdf,https://www.digikey.com/en/products/detail/onsemi/NCV4266-2CST50T3G/5404580,Enable,150mA,60 µA,4 mA,Automotive,1,-40°C ~ 150°C,Positive,Fixed,68dB (100Hz),"Over Temperature, Reverse Polarity, Short Circuit",AEC-Q100,,45V,,5V,0.5V @ 100mA
NCV4274ADT50RKG,onsemi,IC REG LINEAR 5V 400MA DPAK,pmic-voltage-regulators-linear,12843,1.33,"TO-252-3, DPAK (2 Leads + Tab), SC-63",Surface Mount,Not For New Designs,https://www.onsemi.com/pdf/datasheet/ncv4274-d.pdf,https://www.digikey.com/en/products/detail/onsemi/NCV4274ADT50RKG/1792694,,400mA,250 µA,35 mA,Automotive,1,-40°C ~ 150°C (TJ),Positive,Fixed,60dB (100Hz),"Over Temperature, Reverse Polarity, Short Circuit",AEC-Q100,,40V,,5V,0.5V @ 250mA
NCV4274AST33T3G,onsemi,IC REG LINEAR 3.3V 400MA SOT-223,pmic-voltage-regulators-linear,6633,1.46,"TO-261-4, TO-261AA",Surface Mount,Active,https://www.onsemi.com/pdf/datasheet/ncv4274-d.pdf,https://www.digikey.com/en/products/detail/onsemi/NCV4274AST33T3G/1792696,,400mA,250 µA,45 mA,Automotive,1,-40°C ~ 150°C (TJ),Positive,Fixed,60dB (100Hz),"Over Temperature, Reverse Polarity, Short Circuit",AEC-Q100,,40V,,3.3V,1.27V @ 250mA
NCV4274CDT33RKG,onsemi,IC REG LINEAR 3.3V 400MA DPAK,pmic-voltage-regulators-linear,26224,1.23,"TO-252-3, DPAK (2 Leads + Tab), SC-63",Surface Mount,Active,https://www.onsemi.com/pdf/datasheet/ncv4274c-d.pdf,https://www.digikey.com/en/products/detail/onsemi/NCV4274CDT33RKG/5404583,,400mA,250 µA,35 mA,Automotive,1,-40°C ~ 150°C (TJ),Positive,Fixed,60dB (100Hz),"Over Temperature, Reverse Polarity, Short Circuit",AEC-Q100,,40V,,3.3V,
NCV4274CDT50RKG,onsemi,IC REG LINEAR 5V 400MA DPAK,pmic-voltage-regulators-linear,80697,1.23,"TO-252-3, DPAK (2 Leads + Tab), SC-63",Surface Mount,Active,https://www.onsemi.com/pdf/datasheet/ncv4274c-d.pdf,https://www.digikey.com/en/products/detail/onsemi/NCV4274CDT50RKG/5404584,,400mA,250 µA,35 mA,Automotive,1,-40°C ~ 150°C (TJ),Positive,Fixed,60dB (100Hz),"Over Temperature, Reverse Polarity, Short Circuit",AEC-Q100,,40V,,5V,0.5V @ 250mA
NCV4274CST33T3G,onsemi,IC REG LINEAR 3.3V 400MA SOT-223,pmic-voltage-regulators-linear,7299,1.14,"TO-261-4, TO-261AA",Surface Mount,Active,https://www.onsemi.com/pdf/datasheet/ncv4274c-d.pdf,https://www.digikey.com/en/products/detail/onsemi/NCV4274CST33T3G/7562181,,400mA,250 µA,35 mA,Automotive,1,-40°C ~ 150°C (TJ),Positive,Fixed,60dB (100Hz),"Over Temperature, Reverse Polarity, Short Circuit",AEC-Q100,,40V,,3.3V,0.5V @ 250mA
NCV4274CST50T3G,onsemi,IC REG LINEAR 5V 400MA SOT-223,pmic-voltage-regulators-linear,7796,1.15,"TO-261-4, TO-261AA",Surface Mount,Active,https://www.onsemi.com/pdf/datasheet/ncv4274c-d.pdf,https://www.digikey.com/en/products/detail/onsemi/NCV4274CST50T3G/7562182,,400mA,250 µA,35 mA,Automotive,1,-40°C ~ 150°C (TJ),Positive,Fixed,60dB (100Hz),"Over Temperature, Reverse Polarity, Short Circuit",AEC-Q100,,40V,,5V,0.5V @ 250mA
NCV47701PDAJR2G,onsemi,IC REG LIN POS ADJ 350MA 8-SOIC,pmic-voltage-regulators-linear,31737,1.86,"8-SOIC (0.154"", 3.90mm Width)",Surface Mount,Active,https://www.onsemi.com/pdf/datasheet/ncv47701-d.pdf,https://www.digikey.com/en/products/detail/onsemi/NCV47701PDAJR2G/3062175,Enable,350mA,230 µA,50 mA,Automotive,1,-40°C ~ 150°C,Positive,Adjustable,70dB (100Hz),"Over Current, Over Temperature, Reverse Polarity",AEC-Q100,,40V,20V,5V,0.5V @ 150mA
NCV47711PDAJR2G,onsemi,IC REG LIN POS ADJ 350MA 8-SOIC,pmic-voltage-regulators-linear,19421,1.84,"8-SOIC (0.154"", 3.90mm Width) Exposed Pad",Surface Mount,Active,https://www.onsemi.com/pdf/datasheet/ncv47711-d.pdf,https://www.digikey.com/en/products/detail/onsemi/NCV47711PDAJR2G/3536445,Enable,350mA,230 µA,50 mA,Automotive,1,-40°C ~ 150°C,Positive,Adjustable,70dB (100Hz),"Over Current, Over Temperature, Reverse Polarity",AEC-Q100,,40V,20V,5V,0.5V @ 150mA
NCV7805BDTRKG,onsemi,IC REG LINEAR 5V 1A DPAK,pmic-voltage-regulators-linear,45822,0.59,"TO-252-3, DPAK (2 Leads + Tab), SC-63",Surface Mount,Active,https://www.onsemi.com/pdf/datasheet/mc7800-d.pdf,https://www.digikey.com/en/products/detail/onsemi/NCV7805BDTRKG/1792758,,1A,8 mA,,Automotive,1,-40°C ~ 125°C,Positive,Fixed,83dB (120Hz),"Over Temperature, Short Circuit",AEC-Q100,,35V,,5V,2V @ 1A (Typ)
NCV7808BDTRKG,onsemi,IC REG LINEAR 8V 1A DPAK,pmic-voltage-regulators-linear,15243,0.49,"TO-252-3, DPAK (2 Leads + Tab), SC-63",Surface Mount,Active,https://www.onsemi.com/pdf/datasheet/mc7800-d.pdf,https://www.digikey.com/en/products/detail/onsemi/NCV7808BDTRKG/1792760,,1A,8 mA,,Automotive,1,-40°C ~ 125°C,Positive,Fixed,62dB (120Hz),"Over Temperature, Short Circuit",AEC-Q100,,35V,,8V,2V @ 1A (Typ)
NCV78L05ABDR2G,onsemi,IC REG LINEAR 5V 100MA 8-SOIC,pmic-voltage-regulators-linear,5274,0.28,"8-SOIC (0.154"", 3.90mm Width)",Surface Mount,Active,https://www.onsemi.com/pdf/datasheet/mc78l00a-d.pdf,https://www.digikey.com/en/products/detail/onsemi/NCV78L05ABDR2G/921438,,100mA,6 mA,,Automotive,1,-40°C ~ 125°C,Positive,Fixed,49dB (120Hz),"Over Temperature, Short Circuit",AEC-Q100,,30V,,5V,
NCV8114ASN120T1G,onsemi,IC REG LINEAR 1.2V 300MA 5-TSOP,pmic-voltage-regulators-linear,5907,0.23,"SOT-23-5 Thin, TSOT-23-5",Surface Mount,Active,https://www.onsemi.com/pdf/datasheet/ncv8114-d.pdf,https://www.digikey.com/en/products/detail/onsemi/NCV8114ASN120T1G/7066763,Enable,300mA,95 µA,,Automotive,1,-40°C ~ 125°C (TA),Positive,Fixed,75dB (1kHz),"Over Current, Over Temperature",AEC-Q100,,5.5V,,1.2V,
NCV8114ASN165T1G,onsemi,IC REG LINEAR 1.65V 300MA 5-TSOP,pmic-voltage-regulators-linear,6229,0.24,"SOT-23-5 Thin, TSOT-23-5",Surface Mount,Active,https://www.onsemi.com/pdf/datasheet/ncv8114-d.pdf,https://www.digikey.com/en/products/detail/onsemi/NCV8114ASN165T1G/9829080,Enable,300mA,95 µA,,Automotive,1,-40°C ~ 125°C (TA),Positive,Fixed,75dB (1kHz),"Over Current, Over Temperature",AEC-Q100,,5.5V,,1.65V,
NCV8114ASN180T1G,onsemi,IC REG LINEAR 1.8V 300MA 5-TSOP,pmic-voltage-regulators-linear,9672,0.23,"SOT-23-5 Thin, TSOT-23-5",Surface Mount,Active,https://www.onsemi.com/pdf/datasheet/ncv8114-d.pdf,https://www.digikey.com/en/products/detail/onsemi/NCV8114ASN180T1G/7066765,Enable,300mA,95 µA,,Automotive,1,-40°C ~ 125°C (TA),Positive,Fixed,75dB (1kHz),"Over Current, Over Temperature",AEC-Q100,,5.5V,,1.8V,
NCV8114ASN330T1G,onsemi,IC REG LINEAR 3.3V 300MA 5-TSOP,pmic-voltage-regulators-linear,30484,0.25,"SOT-23-5 Thin, TSOT-23-5",Surface Mount,Active,https://www.onsemi.com/pdf/datasheet/ncv8114-d.pdf,https://www.digikey.com/en/products/detail/onsemi/NCV8114ASN330T1G/7220862,Enable,300mA,95 µA,,Automotive,1,-40°C ~ 125°C (TA),Positive,Fixed,75dB (1kHz),"Over Current, Over Temperature",AEC-Q100,,5.5V,,3.3V,0.24V @ 300mA
NCV8161AMX180TBG,onsemi,IC REG LINEAR 1.8V 450MA 4-XDFN,pmic-voltage-regulators-linear,23838,0.28,4-XDFN Exposed Pad,Surface Mount,Active,https://www.onsemi.com/pdf/datasheet/ncv8161-d.pdf,https://www.digikey.com/en/products/detail/onsemi/NCV8161AMX180TBG/7066772,Enable,450mA,23 µA,,Automotive,1,-40°C ~ 125°C (TA),Positive,Fixed,91dB ~ 48dB (100Hz ~ 100kHz),"Over Current, Over Temperature",AEC-Q100,,5.5V,,1.8V,0.45V @ 450mA
NCV8161ASN330T1G,onsemi,IC REG LINEAR 3.3V 450MA 5-TSOP,pmic-voltage-regulators-linear,16174,0.84,"SOT-23-5 Thin, TSOT-23-5",Surface Mount,Active,https://www.onsemi.com/pdf/datasheet/ncv8161-d.pdf,https://www.digikey.com/en/products/detail/onsemi/NCV8161ASN330T1G/7556428,Enable,450mA,23 µA,,Automotive,1,-40°C ~ 125°C (TA),Positive,Fixed,91dB ~ 48dB (100Hz ~ 100kHz),"Over Current, Over Temperature",AEC-Q100,,5.5V,,3.3V,0.305V @ 450mA
NCV8664ST50T3G,onsemi,IC REG LINEAR 5V 150MA SOT-223,pmic-voltage-regulators-linear,18593,1.42,"TO-261-4, TO-261AA",Surface Mount,Not For New Designs,https://www.onsemi.com/pdf/datasheet/ncv8664-d.pdf,https://www.digikey.com/en/products/detail/onsemi/NCV8664ST50T3G/1792798,,150mA,29 µA,30 µA,Automotive,1,-40°C ~ 150°C,Positive,Fixed,67dB (100Hz),"Over Current, Over Temperature, Reverse Polarity, Short Circuit",AEC-Q100,,45V,,5V,0.6V @ 150mA
NCV8705ML33TCG,onsemi,IC REG LINEAR 3.3V 500MA 8-DFNW,pmic-voltage-regulators-linear,19375,0.91,8-VDFN Exposed Pad,"Surface Mount, Wettable Flank",Active,https://www.onsemi.com/pdf/datasheet/ncv8705-d.pdf,https://www.digikey.com/en/products/detail/onsemi/NCV8705ML33TCG/8258594,Enable,500mA,25 µA,260 µA,Automotive,1,-40°C ~ 125°C (TJ),Positive,Fixed,73dB ~ 56dB (100Hz ~ 10kHz),"Over Current, Over Temperature, Soft Start, Under Voltage Lockout (UVLO)",AEC-Q100,,5.5V,,3.3V,0.35V @ 500mA
NCV8730ASN500T1G,onsemi,IC REG LINEAR 5V 150MA 5-TSOP,pmic-voltage-regulators-linear,1877,0.95,"SOT-23-5 Thin, TSOT-23-5",Surface Mount,Active,https://www.onsemi.com/pdf/datasheet/ncv8730-d.pdf,https://www.digikey.com/en/products/detail/onsemi/NCV8730ASN500T1G/12181290,Enable,150mA,3 µA,,Automotive,1,-40°C ~ 125°C (TJ),Positive,Fixed,80dB ~ 42dB (10Hz ~ 100kHz),"Over Current, Over Temperature",AEC-Q100,,38V,,5V,0.48V @ 150mA
NCV8730BMTW330TBG,onsemi,IC REG LINEAR 3.3V 150MA 6-WDFNW,pmic-voltage-regulators-linear,17911,0.77,6-WDFN Exposed Pad,"Surface Mount, Wettable Flank",Active,,https://www.digikey.com/en/products/detail/onsemi/NCV8730BMTW330TBG/12526064,"Enable, Power Good, Soft Start",150mA,3 µA,450 µA,Automotive,1,-40°C ~ 125°C (TJ),Positive,Fixed,80dB ~ 48dB (10Hz ~ 1MHz),"Over Current, Over Temperature, Under Voltage Lockout (UVLO)",AEC-Q100,,38V,,3.3V,0.48V @ 150mA
NJM78L05UA-TE1,Nisshinbo Micro Devices Inc.,IC REG LINEAR 5V 100MA SOT89,pmic-voltage-regulators-linear,50056,0.82,TO-243AA,Surface Mount,Active,https://www.nisshinbo-microdevices.co.jp/en/pdf/datasheet/NJM78L00_E.pdf,https://www.digikey.com/en/products/detail/nisshinbo-micro-devices-inc/NJM78L05UA-TE1/805774,,100mA,6 mA,,,1,-40°C ~ 85°C,Positive,Fixed,69dB (120Hz),"Over Temperature, Short Circuit",,,30V,,5V,
R1154N001C-TR-FE,Nisshinbo Micro Devices Inc.,IC REG LIN POS ADJ 140MA SOT23-5,pmic-voltage-regulators-linear,74157,0.68,"SC-74A, SOT-753",Surface Mount,Active,https://www.nisshinbo-microdevices.co.jp/en/pdf/datasheet/r1154-ea.pdf,https://www.digikey.com/en/products/detail/nisshinbo-micro-devices-inc/R1154N001C-TR-FE/10244870,Enable,140mA,10 µA,,,1,-40°C ~ 105°C (TA),Positive,Adjustable,,"Over Current, Over Temperature",,R1154x,24V,24V,2.5V,0.4V @ 20mA
R1173H001B-T1-FE,Nisshinbo Micro Devices Inc.,IC REG LINEAR POS ADJ 1A SOT89-5,pmic-voltage-regulators-linear,13836,1.1,SOT-89-5/6,Surface Mount,Active,https://www.nisshinbo-microdevices.co.jp/en/pdf/datasheet/r1173-ea.pdf,https://www.digikey.com/en/products/detail/nisshinbo-micro-devices-inc/R1173H001B-T1-FE/10244877,Enable,1A,100 µA,,,1,-40°C ~ 85°C,Positive,Adjustable,70dB (1kHz),"Over Current, Over Temperature",,R1173x,6V,6V,1V,
R1514H050B-T1-FE,Nisshinbo Micro Devices Inc.,IC REG LINEAR 5V 150MA SOT89-5,pmic-voltage-regulators-linear,12134,1.28,SOT-89-5/6,Surface Mount,Active,https://www.nisshinbo-microdevices.co.jp/en/pdf/datasheet/r1514-ea.pdf,https://www.digikey.com/en/products/detail/nisshinbo-micro-devices-inc/R1514H050B-T1-FE/10244899,Enable,150mA,20 µA,,,1,-40°C ~ 105°C,Positive,Fixed,,"Over Current, Over Temperature",,R1514x,36V,,5V,0.35V @ 20mA
RAA214020GNP#HD0,Renesas Electronics Corporation,IC REG LINEAR POS ADJ 2A 10DFN,pmic-voltage-regulators-linear,4055,3.69,10-VFDFN Exposed Pad,Surface Mount,Active,https://www.renesas.com/us/en/document/dst/raa214020-datasheet?r=1524481,https://www.digikey.com/en/products/detail/renesas-electronics-corporation/RAA214020GNP-HD0/16188638,"Enable, Power Good",2A,300 µA,,,1,-40°C ~ 125°C (TA),Positive,Adjustable,81dB ~ 50dB (120Hz ~ 1MHz),"Over Current, Over Temperature, Short Circuit, Under Voltage Lockout (UVLO)",,,5.5V,4.96V,0.9V,0.54V @ 2A
REG102NA-3.3/3K,Texas Instruments,IC REG LINEAR 3.3V 250MA SOT23-5,pmic-voltage-regulators-linear,3442,3.7,"SC-74A, SOT-753",Surface Mount,Active,https://rocelec.widen.net/view/pdf/acnxskftoc/sbvs024f.pdf?t.download=true&u=5oefqw,https://www.digikey.com/en/products/detail/texas-instruments/REG102NA-3-3-3K/362404,Enable,250mA,500 µA,800 µA,,1,-40°C ~ 85°C,Positive,Fixed,65dB (120Hz),"Over Current, Over Temperature",,,10V,,3.3V,0.27V @ 250mA
REG1117-3.3/2K5,Texas Instruments,IC REG LIN 3.3V 800MA SOT-223-4,pmic-voltage-regulators-linear,547,7.96,"TO-261-4, TO-261AA",Surface Mount,Active,https://rocelec.widen.net/view/pdf/f0nffzgjqp/sbvs001d.pdf?t.download=true&u=5oefqw,https://www.digikey.com/en/products/detail/texas-instruments/REG1117-3-3-2K5/301483,,800mA,10 mA,,,1,-40°C ~ 125°C,Positive,Fixed,62dB (120Hz),"Over Current, Over Temperature",,,15V,,3.3V,1.2V @ 800mA
REG113NA-3.3/3K,Texas Instruments,IC REG LINEAR 3.3V 400MA SOT23-5,pmic-voltage-regulators-linear,3111,4.75,"SC-74A, SOT-753",Surface Mount,Active,,https://www.digikey.com/en/products/detail/texas-instruments/REG113NA-3-3-3K/390326,Enable,400mA,500 µA,1 mA,,1,-40°C ~ 85°C,Positive,Fixed,65dB (120Hz),"Over Current, Over Temperature",,,10V,,3.3V,0.41V @ 400mA
RT9058-33GV,Richtek USA Inc.,IC REG LINEAR 3.3V 100MA SOT23-3,pmic-voltage-regulators-linear,45473,0.64,"TO-236-3, SC-59, SOT-23-3",Surface Mount,Active,,https://www.digikey.com/en/products/detail/richtek-usa-inc/RT9058-33GV/4021254,,100mA,3.5 µA,5 µA,,1,-40°C ~ 85°C (TA),Positive,Fixed,70dB ~ 40dB (100Hz ~ 100kHz),Over Current,,,36V,,3.3V,0.5V @ 10mA
RT9058-50GV,Richtek USA Inc.,IC REG LINEAR 5V 100MA SOT23-3,pmic-voltage-regulators-linear,2309,0.64,"TO-236-3, SC-59, SOT-23-3",Surface Mount,Active,,https://www.digikey.com/en/products/detail/richtek-usa-inc/RT9058-50GV/4021255,,100mA,3.5 µA,5 µA,,1,-40°C ~ 85°C (TA),Positive,Fixed,70dB ~ 40dB (100Hz ~ 100kHz),Over Current,,,36V,,5V,0.5V @ 10mA
RT9059GQW,Richtek USA Inc.,IC REG LINEAR POS ADJ 3A 10WDFN,pmic-voltage-regulators-linear,2744,0.57,10-WFDFN Exposed Pad,Surface Mount,Active,,https://www.digikey.com/en/products/detail/richtek-usa-inc/RT9059GQW/6676735,"Enable, Soft Start",3A,1.2 mA,,,1,-40°C ~ 85°C (TA),Positive,Adjustable,,"Over Current, Over Temperature, Short Circuit, Under Voltage Lockout (UVLO)",,,5.5V,5.5V,0.8V,0.45V @ 3A
RT9069-33GB,Richtek USA Inc.,IC REG LINEAR 3.3V 200MA SOT23-5,pmic-voltage-regulators-linear,20401,0.66,"SC-74A, SOT-753",Surface Mount,Active,,https://www.digikey.com/en/products/detail/richtek-usa-inc/RT9069-33GB/5270908,Enable,200mA,3.5 µA,5 µA,,1,-40°C ~ 85°C (TA),Positive,Fixed,,"Over Current, Over Temperature",,,36V,,3.3V,0.36V @ 10mA
RT9069-50GB,Richtek USA Inc.,IC REG LINEAR 5V 200MA SOT23-5,pmic-voltage-regulators-linear,17266,0.66,"SC-74A, SOT-753",Surface Mount,Active,,https://www.digikey.com/en/products/detail/richtek-usa-inc/RT9069-50GB/5270909,Enable,200mA,3.5 µA,5 µA,,1,-40°C ~ 85°C (TA),Positive,Fixed,,"Over Current, Over Temperature",,,36V,,5V,0.36V @ 10mA
RT9078-33GJ5,Richtek USA Inc.,IC REG LIN 3.3V 300MA TSOT-23-5,pmic-voltage-regulators-linear,4411,0.24,"SOT-23-5 Thin, TSOT-23-5",Surface Mount,Active,,https://www.digikey.com/en/products/detail/richtek-usa-inc/RT9078-33GJ5/6161626,Enable,300mA,4 µA,,,1,-40°C ~ 85°C (TA),Positive,Fixed,75dB (1kHz),"Over Current, Over Temperature",,,5.5V,,3.3V,0.22V @ 300mA
RT9078N-08GJ5,Richtek USA Inc.,IC REG LIN 0.8V 300MA TSOT-23-5,pmic-voltage-regulators-linear,3175,0.22,"SOT-23-5 Thin, TSOT-23-5",Surface Mount,Active,,https://www.digikey.com/en/products/detail/richtek-usa-inc/RT9078N-08GJ5/6238431,Enable,300mA,4 µA,,,1,-40°C ~ 85°C (TA),Positive,Adjustable,75dB (1kHz),"Over Current, Over Temperature",,,5.5V,,0.8V,0.97V @ 300mA
RT9080-18GJ5,Richtek USA Inc.,IC REG LIN 1.8V 600MA TSOT-23-5,pmic-voltage-regulators-linear,15189,0.28,"SOT-23-5 Thin, TSOT-23-5",Surface Mount,Active,,https://www.digikey.com/en/products/detail/richtek-usa-inc/RT9080-18GJ5/6161632,Enable,600mA,4 µA,,,1,-40°C ~ 85°C (TA),Positive,Fixed,75dB (1kHz),"Over Current, Over Temperature",,,5.5V,,1.8V,0.83V @ 600mA
RT9080-30GJ5,Richtek USA Inc.,IC REG LINEAR 3V 600MA TSOT-23-5,pmic-voltage-regulators-linear,2391,0.28,"SOT-23-5 Thin, TSOT-23-5",Surface Mount,Active,,https://www.digikey.com/en/products/detail/richtek-usa-inc/RT9080-30GJ5/16376820,Enable,600mA,4 µA,,,1,-40°C ~ 85°C (TA),Positive,Fixed,,"Over Current, Over Temperature, Short Circuit",,,5.5V,,3V,0.53V @ 600mA
RT9080-33GJ5,Richtek USA Inc.,IC REG LIN 3.3V 600MA TSOT-23-5,pmic-voltage-regulators-linear,98595,0.28,"SOT-23-5 Thin, TSOT-23-5",Surface Mount,Active,,https://www.digikey.com/en/products/detail/richtek-usa-inc/RT9080-33GJ5/6161634,Enable,600mA,4 µA,,,1,-40°C ~ 85°C (TA),Positive,Fixed,75dB (1kHz),"Over Current, Over Temperature",,,5.5V,,3.3V,0.53V @ 600mA
S-1142B33I-E6T1U,ABLIC Inc.,IC REG LINEAR 3.3V 200MA 6-HSOP,pmic-voltage-regulators-linear,5098,1.79,"6-SOIC Variation (0.154"", 3.90mm Width), 4 Leads + 2 Fins",Surface Mount,Active,https://www.ablic.com/en/doc/datasheet/voltage_regulator/S1142A_B_E.pdf,https://www.digikey.com/en/products/detail/ablic-inc/S-1142B33I-E6T1U/2352759,Enable,200mA,1 µA,9 µA,,1,-40°C ~ 85°C (TA),Positive,Fixed,45dB (100Hz),"Over Current, Thermal Shutdown",,S-1142A/B,50V,,3.3V,0.72V @ 200mA (Typ)
S-812C33AMC-C2NT2G,ABLIC Inc.,IC REG LINEAR 3.3V 50MA SOT23-5,pmic-voltage-regulators-linear,1844,1.06,"SC-74A, SOT-753",Surface Mount,Active,https://www.ablic.com/en/doc/datasheet/voltage_regulator/S812C_E.pdf,https://www.digikey.com/en/products/detail/ablic-inc/S-812C33AMC-C2NT2G/1628397,,50mA,500 nA,1.8 µA,,1,-40°C ~ 85°C (TA),Positive,Fixed,,,,S-812C,16V,,3.3V,0.41V @ 10mA
S-812C33AUA-C2NT2G,ABLIC Inc.,IC REG LINEAR 3.3V 50MA SOT89-3,pmic-voltage-regulators-linear,369,1.06,TO-243AA,Surface Mount,Not For New Designs,https://www.ablic.com/en/doc/datasheet/voltage_regulator/S812C_E.pdf,https://www.digikey.com/en/products/detail/ablic-inc/S-812C33AUA-C2NT2G/1628398,,50mA,500 nA,1.8 µA,,1,-40°C ~ 85°C (TA),Positive,Fixed,,,,S-812C,16V,,3.3V,0.41V @ 10mA
S-812C50AUA-C3ET2U,ABLIC Inc.,IC REG LINEAR 5V 75MA SOT89-3,pmic-voltage-regulators-linear,10871,1.06,TO-243AA,Surface Mount,Active,https://www.digikey.com//mm.digikey.com/Volume0/opasdata/d220001/medias/docus/7180/1662_S812C_E.pdf,https://www.digikey.com/en/products/detail/ablic-inc/S-812C50AUA-C3ET2U/6120407,,75mA,500 nA,2.1 µA,,1,-40°C ~ 85°C (TA),Positive,Fixed,,,,S-812C,16V,,5V,0.25V @ 10mA
SC4215ASTRT,Semtech Corporation,IC REG LINEAR POS ADJ 2A 8-SOIC,pmic-voltage-regulators-linear,7709,2.88,"8-SOIC (0.154"", 3.90mm Width) Exposed Pad",Surface Mount,Active,,https://www.digikey.com/en/products/detail/semtech-corporation/SC4215ASTRT/969449,Enable,2A,50 µA,3 mA,,1,-40°C ~ 125°C,Positive,Adjustable (Fixed),,"Over Current, Over Temperature, Reverse Polarity",,,6V,3.8V,"0.5V (0.5V, 1.2V)",0.4V @ 2A
SC4216HSETRT,Semtech Corporation,IC REG LINEAR POS ADJ 3A 8-SOIC,pmic-voltage-regulators-linear,12618,2.49,"8-SOIC (0.154"", 3.90mm Width) Exposed Pad",Surface Mount,Active,,https://www.digikey.com/en/products/detail/semtech-corporation/SC4216HSETRT/3083519,Enable,3A,50 µA,3 mA,,1,-40°C ~ 125°C,Positive,Adjustable (Fixed),,"Over Current, Over Temperature, Reverse Polarity",,,5.5V,4.8V,0.5V (0.5V),0.7V @ 3A
SC4216STRT,Semtech Corporation,IC REG LINEAR POS ADJ 3A 8-SOIC,pmic-voltage-regulators-linear,8555,2.96,"8-SOIC (0.154"", 3.90mm Width) Exposed Pad",Surface Mount,Active,,https://www.digikey.com/en/products/detail/semtech-corporation/SC4216STRT/1249495,Enable,3A,50 µA,3 mA,,1,-40°C ~ 125°C,Positive,Adjustable (Fixed),,"Over Current, Over Temperature, Reverse Polarity",,,5.5V,3.8V,"0.5V (0.5V, 1.2V)",0.7V @ 3A
SPX1117M3-L-3-3/TR,"MaxLinear, Inc.",IC REG LIN 3.3V 800MA SOT-223-3,pmic-voltage-regulators-linear,17962,0.3,"TO-261-4, TO-261AA",Surface Mount,Active,https://www.maxlinear.com/ds/spx1117.pdf,https://www.digikey.com/en/products/detail/maxlinear-inc/SPX1117M3-L-3-3-TR/2472291,,800mA,10 mA,,,1,-40°C ~ 125°C,Positive,Fixed,70dB (120Hz),"Over Current, Over Temperature",,,20V,,3.3V,1.3V @ 800mA
SPX1117M3-L-5-0/TR,"MaxLinear, Inc.",IC REG LINEAR 5V 800MA SOT-223-3,pmic-voltage-regulators-linear,11155,0.3,"TO-261-4, TO-261AA",Surface Mount,Active,https://www.digikey.com//mm.digikey.com/Volume0/opasdata/d220001/medias/docus/6930/1016_SPX1117.pdf,https://www.digikey.com/en/products/detail/maxlinear-inc/SPX1117M3-L-5-0-TR/2472292,,800mA,10 mA,,,1,-40°C ~ 125°C,Positive,Fixed,70dB (120Hz),"Over Current, Over Temperature",,,20V,,5V,1.3V @ 800mA
SPX1117M3-L/TR,"MaxLinear, Inc.",IC REG LIN POS ADJ 800MA SOT223,pmic-voltage-regulators-linear,21080,0.3,"TO-261-4, TO-261AA",Surface Mount,Active,https://www.maxlinear.com/ds/spx1117.pdf,https://www.digikey.com/en/products/detail/maxlinear-inc/SPX1117M3-L-TR/2472285,,800mA,10 mA,,,1,-40°C ~ 125°C,Positive,Adjustable,70dB (120Hz),"Over Current, Over Temperature",,,20V,15V,1.25V,1.3V @ 800mA
SPX29302T5-L/TR,"MaxLinear, Inc.",IC REG LINEAR POS ADJ 3A TO263-5,pmic-voltage-regulators-linear,3481,2.37,"TO-263-6, D2PAK (5 Leads + Tab), TO-263BA",Surface Mount,Active,https://www.digikey.com//mm.digikey.com/Volume0/opasdata/d220001/medias/docus/8113/1016_SPX29.pdf,https://www.digikey.com/en/products/detail/maxlinear-inc/SPX29302T5-L-TR/2472360,Enable,3A,,,,1,-40°C ~ 125°C,Positive,Adjustable,,"Over Current, Reverse Polarity, Transient Voltage",,,16V,16V,1.25V,0.8V @ 3A
SPX3819M5-L-3-3/TR,"MaxLinear, Inc.",IC REG LINEAR 3.3V 500MA SOT23-5,pmic-voltage-regulators-linear,60279,0.51,"SC-74A, SOT-753",Surface Mount,Active,https://www.digikey.com//mm.digikey.com/Volume0/opasdata/d220001/medias/docus/6642/1016_SPX3819.pdf,https://www.digikey.com/en/products/detail/maxlinear-inc/SPX3819M5-L-3-3-TR/2472394,Enable,500mA,8 µA,30 mA,,1,-40°C ~ 125°C,Positive,Fixed,,"Over Current, Over Temperature, Reverse Polarity",,,16V,,3.3V,0.7V @ 500mA
SPX5205M5-L-3-3/TR,"MaxLinear, Inc.",IC REG LINEAR 3.3V 150MA SOT23-5,pmic-voltage-regulators-linear,21864,0.36,"SC-74A, SOT-753",Surface Mount,Active,https://www.maxlinear.com/ds/spx5205.pdf,https://www.digikey.com/en/products/detail/maxlinear-inc/SPX5205M5-L-3-3-TR/2472458,Enable,150mA,5 µA,2.5 mA,,1,-40°C ~ 85°C,Positive,Fixed,,"Over Current, Over Temperature, Reverse Polarity",,,16V,,3.3V,0.35V @ 150mA
SPX5205M5-L-5-0/TR,"MaxLinear, Inc.",IC REG LINEAR 5V 150MA SOT23-5,pmic-voltage-regulators-linear,37814,0.36,"SC-74A, SOT-753",Surface Mount,Active,https://www.maxlinear.com/ds/spx5205.pdf,https://www.digikey.com/en/products/detail/maxlinear-inc/SPX5205M5-L-5-0-TR/2472459,Enable,150mA,5 µA,2.5 mA,,1,-40°C ~ 85°C,Positive,Fixed,,"Over Current, Over Temperature, Reverse Polarity",,,16V,,5V,0.35V @ 150mA
"TAR5SB33(TE85L,F)",Toshiba Semiconductor and Storage,IC REG LINEAR 3.3V 200MA SMV,pmic-voltage-regulators-linear,11706,0.37,"SC-74A, SOT-753",Surface Mount,Active,,https://www.digikey.com/en/products/detail/toshiba-semiconductor-and-storage/TAR5SB33-TE85L-F/4305180,Enable,200mA,850 µA,,,1,-40°C ~ 85°C,Positive,Fixed,70dB (1kHz),"Over Current, Over Temperature",,,15V,,3.3V,0.2V @ 50mA
TC1014-3.0VCT713,Microchip Technology,IC REG LINEAR 3V 50MA SOT23-5,pmic-voltage-regulators-linear,12210,0.45,"SC-74A, SOT-753",Surface Mount,Active,https://ww1.microchip.com/downloads/aemDocuments/documents/APID/ProductDocuments/DataSheets/TC1014-1015-1185-50-mA-100-mA-and-150-mA-CMOS-LDOs-with-Shutdown-and-Reference-Bypass-Data-Sheet-DS20001335.pdf,https://www.digikey.com/en/products/detail/microchip-technology/TC1014-3-0VCT713/443107,Enable,50mA,80 µA,,,1,-40°C ~ 125°C,Positive,Fixed,64dB (1kHz),"Over Current, Over Temperature",,,6V,,3V,0.12V @ 50mA
TC1014-3.3VCT713,Microchip Technology,IC REG LINEAR 3.3V 50MA SOT23-5,pmic-voltage-regulators-linear,15056,0.45,"SC-74A, SOT-753",Surface Mount,Active,https://ww1.microchip.com/downloads/aemDocuments/documents/APID/ProductDocuments/DataSheets/TC1014-1015-1185-50-mA-100-mA-and-150-mA-CMOS-LDOs-with-Shutdown-and-Reference-Bypass-Data-Sheet-DS20001335.pdf,https://www.digikey.com/en/products/detail/microchip-technology/TC1014-3-3VCT713/443111,Enable,50mA,80 µA,,,1,-40°C ~ 125°C,Positive,Fixed,64dB (1kHz),"Over Current, Over Temperature",,,6V,,3.3V,0.12V @ 50mA
TC1108-3.3VDBTR,Microchip Technology,IC REG LIN 3.3V 300MA SOT-223-3,pmic-voltage-regulators-linear,9859,0.69,"TO-261-4, TO-261AA",Surface Mount,Active,https://ww1.microchip.com/downloads/en/DeviceDoc/50001894.pdf,https://www.digikey.com/en/products/detail/microchip-technology/TC1108-3-3VDBTR/442981,,300mA,90 µA,,,1,-40°C ~ 125°C,Positive,Fixed,60dB (1kHz),"Over Current, Over Temperature",,,6V,,3.3V,0.48V @ 300mA
TC1185-3.3VCT713,Microchip Technology,IC REG LINEAR 3.3V 150MA SOT23-5,pmic-voltage-regulators-linear,16574,0.5,"SC-74A, SOT-753",Surface Mount,Active,https://ww1.microchip.com/downloads/en/DeviceDoc/50001894.pdf,https://www.digikey.com/en/products/detail/microchip-technology/TC1185-3-3VCT713/443035,Enable,150mA,80 µA,,,1,-40°C ~ 125°C,Positive,Fixed,64dB (1kHz),"Over Current, Over Temperature",,,6V,,3.3V,0.4V @ 150mA
TC1262-3.3VDB,Microchip Technology,IC REG LIN 3.3V 500MA SOT-223-3,pmic-voltage-regulators-linear,6365,0.69,"TO-261-4, TO-261AA",Surface Mount,Active,https://www.digikey.com//mm.digikey.com/Volume0/opasdata/d220001/medias/docus/8122/TC1262.pdf,https://www.digikey.com/en/products/detail/microchip-technology/TC1262-3-3VDB/1980071,,500mA,130 µA,,,1,-40°C ~ 125°C,Positive,Fixed,64dB (1kHz),"Over Current, Over Temperature",,,6V,,3.3V,0.65V @ 500mA
TC1262-3.3VDBTR,Microchip Technology,IC REG LIN 3.3V 500MA SOT-223-3,pmic-voltage-regulators-linear,6090,0.69,"TO-261-4, TO-261AA",Surface Mount,Active,https://www.digikey.com//mm.digikey.com/Volume0/opasdata/d220001/medias/docus/8122/TC1262.pdf,https://www.digikey.com/en/products/detail/microchip-technology/TC1262-3-3VDBTR/443194,,500mA,130 µA,,,1,-40°C ~ 125°C,Positive,Fixed,64dB (1kHz),"Over Current, Over Temperature",,,6V,,3.3V,0.65V @ 500mA
TC1264-3.3VDBTR,Microchip Technology,IC REG LIN 3.3V 800MA SOT-223-3,pmic-voltage-regulators-linear,3987,0.91,"TO-261-4, TO-261AA",Surface Mount,Active,https://ww1.microchip.com/downloads/aemDocuments/documents/APID/ProductDocuments/DataSheets/TC1264-Data-Sheet-DS20001375.pdf,https://www.digikey.com/en/products/detail/microchip-technology/TC1264-3-3VDBTR/443075,,800mA,130 µA,,,1,-40°C ~ 125°C (TJ),Positive,Fixed,64dB (1kHz),"Over Current, Over Temperature",,,6V,,3.3V,1.4V @ 800mA
"TCR2EE18,LM(CT",Toshiba Semiconductor and Storage,IC REG LINEAR 1.8V 200MA ESV,pmic-voltage-regulators-linear,11951,0.15,SOT-553,Surface Mount,Active,https://toshiba.semicon-storage.com/info/TCR2EF45_datasheet_en_20190620.pdf?did=13794&prodName=TCR2EF45,https://www.digikey.com/en/products/detail/toshiba-semiconductor-and-storage/TCR2EE18-LM-CT/4503166,Enable,200mA,60 µA,,,1,-40°C ~ 85°C,Positive,Fixed,73dB (1kHz),Over Current,,TCR2EE,5.5V,,1.8V,0.31V @ 150mA
"TCR2EE33,LM(CT",Toshiba Semiconductor and Storage,IC REG LINEAR 3.3V 200MA ESV,pmic-voltage-regulators-linear,8638,0.15,SOT-553,Surface Mount,Active,https://toshiba.semicon-storage.com/info/TCR2EF45_datasheet_en_20190620.pdf?did=13794&prodName=TCR2EF45,https://www.digikey.com/en/products/detail/toshiba-semiconductor-and-storage/TCR2EE33-LM-CT/4965705,Enable,200mA,60 µA,,,1,-40°C ~ 85°C,Positive,Fixed,73dB (1kHz),Over Current,,TCR2EE,5.5V,,3.3V,0.2V @ 150mA
"TCR2EF18,LM(CT",Toshiba Semiconductor and Storage,IC REG LINEAR 1.8V 200MA SMV,pmic-voltage-regulators-linear,14727,0.14,"SC-74A, SOT-753",Surface Mount,Active,https://toshiba.semicon-storage.com/info/TCR2EF45_datasheet_en_20190620.pdf?did=13794&prodName=TCR2EF45,https://www.digikey.com/en/products/detail/toshiba-semiconductor-and-storage/TCR2EF18-LM-CT/4503176,Enable,200mA,60 µA,,,1,-40°C ~ 85°C,Positive,Fixed,73dB (1kHz),Over Current,,TCR2EF,5.5V,,1.8V,0.31V @ 150mA
"TCR2EF33,LM(CT",Toshiba Semiconductor and Storage,IC REG LINEAR 3.3V 200MA SMV,pmic-voltage-regulators-linear,101229,0.14,"SC-74A, SOT-753",Surface Mount,Active,https://toshiba.semicon-storage.com/info/TCR2EF45_datasheet_en_20190620.pdf?did=13794&prodName=TCR2EF45,https://www.digikey.com/en/products/detail/toshiba-semiconductor-and-storage/TCR2EF33-LM-CT/4503183,Enable,200mA,60 µA,,,1,-40°C ~ 85°C,Positive,Fixed,73dB (1kHz),Over Current,,TCR2EF,5.5V,,3.3V,0.2V @ 150mA
"TCR2EF50,LM(CT",Toshiba Semiconductor and Storage,IC REG LINEAR 5V 200MA SMV,pmic-voltage-regulators-linear,13869,0.13,"SC-74A, SOT-753",Surface Mount,Active,https://toshiba.semicon-storage.com/info/TCR2EF50_datasheet_en_20190620.pdf?did=13794&prodName=TCR2EF50,https://www.digikey.com/en/products/detail/toshiba-semiconductor-and-storage/TCR2EF50-LM-CT/10379963,Enable,200mA,60 µA,,,1,-40°C ~ 85°C,Positive,Fixed,73dB (1kHz),Over Current,,TCR2EF,5.5V,,5V,0.2V @ 150mA
"TCR2LE33,LM(CT",Toshiba Semiconductor and Storage,IC REG LINEAR 3.3V 200MA ESV,pmic-voltage-regulators-linear,66727,0.16,SOT-553,Surface Mount,Active,,https://www.digikey.com/en/products/detail/toshiba-semiconductor-and-storage/TCR2LE33-LM-CT/5409258,Enable,200mA,2 µA,,,1,-40°C ~ 85°C (TJ),Positive,Fixed,,Over Current,,TCR2LE,5.5V,,3.3V,0.3V @ 150mA
"TCR2LF18,LM(CT",Toshiba Semiconductor and Storage,IC REG LINEAR 1.8V 200MA SMV,pmic-voltage-regulators-linear,21018,0.15,"SC-74A, SOT-753",Surface Mount,Active,,https://www.digikey.com/en/products/detail/toshiba-semiconductor-and-storage/TCR2LF18-LM-CT/5403457,Enable,200mA,2 µA,,,1,-40°C ~ 85°C (TJ),Positive,Fixed,,Over Current,,TCR2LF,5.5V,,1.8V,0.62V @ 150mA
"TCR2LF33,LM(CT",Toshiba Semiconductor and Storage,IC REG LINEAR 3.3V 200MA SMV,pmic-voltage-regulators-linear,179378,0.15,"SC-74A, SOT-753",Surface Mount,Active,,https://www.digikey.com/en/products/detail/toshiba-semiconductor-and-storage/TCR2LF33-LM-CT/5409265,Enable,200mA,2 µA,,,1,-40°C ~ 85°C (TJ),Positive,Fixed,,Over Current,,TCR2LF,5.5V,,3.3V,0.3V @ 150mA
"TCR3DF33,LM(CT",Toshiba Semiconductor and Storage,IC REG LINEAR 3.3V 300MA SMV,pmic-voltage-regulators-linear,25784,0.21,"SC-74A, SOT-753",Surface Mount,Active,https://toshiba.semicon-storage.com/info/TCR3DF105_datasheet_en_20250818.pdf?did=151641&prodName=TCR3DF105,https://www.digikey.com/en/products/detail/toshiba-semiconductor-and-storage/TCR3DF33-LM-CT/5114362,Enable,300mA,65 µA,78 µA,,1,-40°C ~ 85°C,Positive,Fixed,70dB (1kHz),"Over Current, Over Temperature",,TCR3DF,5.5V,,3.3V,0.25V @ 300mA
"TCR3DM45,LF(SE",Toshiba Semiconductor and Storage,IC REG LINEAR 4.5V 300MA 4-DFN,pmic-voltage-regulators-linear,20000,0.24,4-UDFN Exposed Pad,Surface Mount,Active,https://toshiba.semicon-storage.com/info/TCR3DM10_datasheet_en_20210927.pdf?did=140551&prodName=TCR3DM10,https://www.digikey.com/en/products/detail/toshiba-semiconductor-and-storage/TCR3DM45-LF-SE/15857825,Enable,300mA,125 µA,,,1,-40°C ~ 85°C,Positive,Fixed,,"Over Current, Over Temperature",,,5.5V,,4.5V,0.2V @ 300mA
"TCR3UF33A,LM(CT",Toshiba Semiconductor and Storage,IC REG LINEAR 3.3V 300MA SMV,pmic-voltage-regulators-linear,12580,0.26,"SC-74A, SOT-753",Surface Mount,Active,https://toshiba.semicon-storage.com/info/TCR3UF105A_datasheet_en_20241028.pdf?did=68764&prodName=TCR3UF105A,https://www.digikey.com/en/products/detail/toshiba-semiconductor-and-storage/TCR3UF33A-LM-CT/13913294,Enable,300mA,680 nA,,,1,-40°C ~ 85°C,Positive,Fixed,70dB (1kHz),"Over Current, Over Temperature",,TCR3UF,5.5V,,3.3V,0.287V @ 300mA
"TCR3UG18A,LF",Toshiba Semiconductor and Storage,IC REG LIN 1.8V 300MA 4-WCSP-F,pmic-voltage-regulators-linear,13878,0.31,"4-XFBGA, WLCSP",Surface Mount,Active,,https://www.digikey.com/en/products/detail/toshiba-semiconductor-and-storage/TCR3UG18A-LF/7802135,Enable,300mA,680 nA,,,1,-40°C ~ 85°C (TJ),Positive,Fixed,70dB (1kHz),"Inrush Current, Over Current, Thermal Shutdown",,TCR3UG,5.5V,,1.8V,0.457V @ 300mA
"TCR3UG33A,LF",Toshiba Semiconductor and Storage,IC REG LIN 3.3V 300MA 4-WCSP-F,pmic-voltage-regulators-linear,12022,0.31,"4-XFBGA, WLCSP",Surface Mount,Active,,https://www.digikey.com/en/products/detail/toshiba-semiconductor-and-storage/TCR3UG33A-LF/7802137,Enable,300mA,680 nA,,,1,-40°C ~ 85°C (TJ),Positive,Fixed,70dB (1kHz),"Inrush Current, Over Current, Thermal Shutdown",,TCR3UG,5.5V,,3.3V,0.273V @ 300mA
"TCR3UM30A,LF(SE",Toshiba Semiconductor and Storage,IC REG LINEAR 3V 300MA 4-DFN,pmic-voltage-regulators-linear,10191,0.25,4-UDFN Exposed Pad,Surface Mount,Active,https://toshiba.semicon-storage.com/info/TCR3UM30A_datasheet_en_20250116.pdf?did=63293&prodName=TCR3UM30A,https://www.digikey.com/en/products/detail/toshiba-semiconductor-and-storage/TCR3UM30A-LF-SE/15857828,"Current Limit, Enable",300mA,680 nA,,,1,-40°C ~ 85°C,Positive,Fixed,,"Over Current, Over Temperature",,,5.5V,,3V,0.273V @ 300mA
"TCR3UM33A,LF(SE",Toshiba Semiconductor and Storage,IC REG LINEAR 3.3V 300MA 4-DFN,pmic-voltage-regulators-linear,30460,0.25,4-UDFN Exposed Pad,Surface Mount,Active,https://toshiba.semicon-storage.com/info/TCR3UM30A_datasheet_en_20250116.pdf?did=63293&prodName=TCR3UM30A,https://www.digikey.com/en/products/detail/toshiba-semiconductor-and-storage/TCR3UM33A-LF-SE/15857818,"Current Limit, Enable",300mA,680 nA,,,1,-40°C ~ 85°C,Positive,Fixed,,"Over Current, Over Temperature",,,5.5V,,3.3V,0.273V @ 300mA
TL1963A-33DCYR,Texas Instruments,IC REG LIN 3.3V 1.5A SOT-223-4,pmic-voltage-regulators-linear,9456,3.65,"TO-261-4, TO-261AA",Surface Mount,Active,,https://www.digikey.com/en/products/detail/texas-instruments/TL1963A-33DCYR/2118656,Enable,1.5A,1 mA,80 mA,,1,-40°C ~ 125°C,Positive,Fixed,63dB (120Hz),"Over Temperature, Reverse Polarity",,,20V,,3.3V,0.55V @ 1.5A
TL1963ADCQR,Texas Instruments,IC REG LIN POS ADJ 1.5A SOT223-6,pmic-voltage-regulators-linear,8998,3.82,SOT-223-6,Surface Mount,Active,,https://www.digikey.com/en/products/detail/texas-instruments/TL1963ADCQR/2138576,Enable,1.5A,1 mA,80 mA,,1,-40°C ~ 125°C,Positive,Adjustable,63dB (120Hz),"Over Temperature, Reverse Polarity",,,20V,20V,1.21V,0.55V @ 1.5A
TL1963AKTTR,Texas Instruments,IC REG LINEAR POS ADJ 1.5A TO263,pmic-voltage-regulators-linear,1596,4.1,"TO-263-6, D2PAK (5 Leads + Tab), TO-263BA",Surface Mount,Active,,https://www.digikey.com/en/products/detail/texas-instruments/TL1963AKTTR/1905594,Enable,1.5A,1 mA,80 mA,,1,-40°C ~ 125°C,Positive,Adjustable,63dB (120Hz),"Over Temperature, Reverse Polarity",,,20V,20V,1.21V,0.55V @ 1.5A
TL5209DR,Texas Instruments,IC REG LIN POS ADJ 500MA 8-SOIC,pmic-voltage-regulators-linear,481,2.27,"8-SOIC (0.154"", 3.90mm Width)",Surface Mount,Active,,https://www.digikey.com/en/products/detail/texas-instruments/TL5209DR/1427136,Enable,500mA,170 µA,25 mA,,1,-40°C ~ 125°C,Positive,Adjustable,75dB (120Hz),"Over Temperature, Reverse Polarity",,,16V,6.5V,2.5V,0.6V @ 500mA
TL720M05QKVURQ1,Texas Instruments,IC REG LINEAR 5V 400MA TO252-3,pmic-voltage-regulators-linear,2725,1.83,"TO-252-3, DPAK (2 Leads + Tab), SC-63",Surface Mount,Active,,https://www.digikey.com/en/products/detail/texas-instruments/TL720M05QKVURQ1/2060763,,400mA,220 µA,22 mA,Automotive,1,-40°C ~ 125°C (TA),Positive,Fixed,60dB (100Hz),"Short Circuit, Reverse Polarity",AEC-Q100,,42V,,5V,0.5V @ 300mA
TL783CKCSE3,Texas Instruments,IC REG LIN POS ADJ 700MA TO220-3,pmic-voltage-regulators-linear,9879,3.8,TO-220-3,Through Hole,Active,https://www.ti.com/lit/ds/slvs036n/slvs036n.pdf,https://www.digikey.com/en/products/detail/texas-instruments/TL783CKCSE3/1143652,,700mA,,,,1,0°C ~ 125°C,Positive,Adjustable,76dB (120Hz),"Over Temperature, Short Circuit",,,125V,125V,1.25V,
TLE4253EXUMA2,Infineon Technologies,IC REG LINEAR POS ADJ 8DSO-27,pmic-voltage-regulators-linear,18017,1.53,"8-SOIC (0.154"", 3.90mm Width) Exposed Pad",Surface Mount,Active,https://www.infineon.com/dgdl/Infineon-TLE4253-DS-v01_20-EN.pdf?fileId=5546d46259d9a4bf015a13293e8c0da9,https://www.digikey.com/en/products/detail/infineon-technologies/TLE4253EXUMA2/5683930,Enable,250mA,150 µA,15 mA,Automotive,1,-40°C ~ 150°C,Positive,Adjustable,60dB (100Hz),"Over Temperature, Reverse Polarity, Short Circuit",AEC-Q100,OPTIREG™,40V,,Tracking,0.6V @ 200mA
TLE42642GHTMA1,Infineon Technologies,IC REG LIN 5V 150MA PG-SOT223-4,pmic-voltage-regulators-linear,12000,1.63,"TO-261-4, TO-261AA",Surface Mount,Not For New Designs,https://www.infineon.com/dgdl/Infineon-TLE4264-2G-DataSheet-v02_71-EN.pdf?fileId=5546d46258fc0bc101595f6960991f2d,https://www.digikey.com/en/products/detail/infineon-technologies/TLE42642GHTMA1/13618434,,150mA,70 µA,4 mA,Automotive,1,-40°C ~ 150°C (TJ),Positive,Fixed,68dB (100Hz),"Over Current, Over Temperature, Short Circuit",AEC-Q100,OPTIREG™,45V,,5V,0.5V @ 100mA
TLE42662GSV33HTMA2,Infineon Technologies,IC REG LINEAR 3.3V PG-SOT223-4,pmic-voltage-regulators-linear,23039,1.22,"TO-261-4, TO-261AA",Surface Mount,Active,https://www.infineon.com/dgdl/Infineon-TLE4266-2-DS-v01_40-EN.pdf?fileId=5546d46259d9a4bf0159f94369cf3e1b,https://www.digikey.com/en/products/detail/infineon-technologies/TLE42662GSV33HTMA2/5413695,Inhibit,150mA,60 µA,4 mA,Automotive,1,-40°C ~ 150°C,Positive,Fixed,68dB (100Hz),"Over Temperature, Reverse Polarity, Short Circuit",AEC-Q100,OPTIREG™,45V,,3.3V,1.1V @ 100mA
TLE42744DV50ATMA1,Infineon Technologies,IC REG LIN 5V 400MA PG-TO252-3,pmic-voltage-regulators-linear,6577,1.26,"TO-252-3, DPAK (2 Leads + Tab), SC-63",Surface Mount,Active,https://www.infineon.com/dgdl/Infineon-TLE42744D%20V50-DataSheet-v01_40-EN.pdf?fileId=8ac78c8c93dda25b019519be417f740f,https://www.digikey.com/en/products/detail/infineon-technologies/TLE42744DV50ATMA1/2338347,,400mA,220 µA,30 mA,Automotive,1,-40°C ~ 150°C,Positive,Fixed,60dB (100Hz),"Over Current, Over Temperature, Reverse Polarity, Short Circuit",AEC-Q100,OPTIREG™,40V,,5V,0.5V @ 250mA
TLE42744GSV33HTMA1,Infineon Technologies,IC REG LIN 3.3V 400MA SOT223-4,pmic-voltage-regulators-linear,1865,1.26,"TO-261-4, TO-261AA",Surface Mount,Active,https://www.infineon.com/dgdl/Infineon-TLE42744GS%20V33-DataSheet-v01_40-EN.pdf?fileId=8ac78c8c93dda25b019519be588f741b,https://www.digikey.com/en/products/detail/infineon-technologies/TLE42744GSV33HTMA1/5960587,,400mA,220 µA,30 mA,Automotive,1,-40°C ~ 150°C,Positive,Fixed,60dB (100Hz),"Over Current, Over Temperature, Reverse Polarity, Short Circuit",AEC-Q100,OPTIREG™,40V,,3.3V,0.5V @ 250mA
TLE42764DVATMA1,Infineon Technologies,IC REG LIN POS ADJ 400MA TO252-5,pmic-voltage-regulators-linear,4772,1.38,"TO-252-5, DPAK (4 Leads + Tab), TO-252AD",Surface Mount,Active,https://www.infineon.com/dgdl/Infineon-TLE42764-DS-v01_30-EN.pdf?fileId=5546d46258fc0bc101595f8e8c751fa3,https://www.digikey.com/en/products/detail/infineon-technologies/TLE42764DVATMA1/2081730,Enable,400mA,220 µA,25 mA,Automotive,1,-40°C ~ 150°C,Positive,Adjustable,54dB (100Hz),"Over Current, Over Temperature, Reverse Polarity, Short Circuit",AEC-Q100,OPTIREG™,40V,20V,2.5V,0.5V @ 250mA
TLE4284DVATMA1,Infineon Technologies,IC REG LIN POS ADJ 1A TO252-3-11,pmic-voltage-regulators-linear,20145,2.6,"TO-252-3, DPAK (2 Leads + Tab), SC-63",Surface Mount,Active,https://www.infineon.com/dgdl/Infineon-TLE4284-DS-v02_10-EN.pdf?fileId=5546d46258fc0bc101595f854dfc1f60,https://www.digikey.com/en/products/detail/infineon-technologies/TLE4284DVATMA1/1016096,,1A,120 µA,5 mA,Automotive,1,-40°C ~ 150°C,Positive,Adjustable,65dB (120Hz),"Over Current, Over Temperature, Short Circuit",AEC-Q100,OPTIREG™,40V,38.6V,1.25V,1.4V @ 1A
TLE42962GV33HTSA1,Infineon Technologies,IC REG LIN 3.3V 30MA PG-SCT595-5,pmic-voltage-regulators-linear,45894,0.98,"6-SMD (5 Leads), Gull Wing",Surface Mount,Active,https://www.infineon.com/dgdl/Infineon-TLE4296-2-DS-v01_13-EN.pdf?fileId=5546d46258fc0bc101595f85682e1f6f,https://www.digikey.com/en/products/detail/infineon-technologies/TLE42962GV33HTSA1/1283035,Inhibit,30mA,170 µA,5.2 mA,Automotive,1,-40°C ~ 150°C,Positive,Fixed,60dB (100Hz),"Over Current, Over Temperature, Reverse Polarity, Short Circuit",AEC-Q100,OPTIREG™,45V,,3.3V,0.3V @ 20mA
TLE42962GV50HTSA1,Infineon Technologies,IC REG LIN 5V 30MA PG-SCT595-5,pmic-voltage-regulators-linear,28904,0.98,"6-SMD (5 Leads), Gull Wing",Surface Mount,Active,https://www.infineon.com/dgdl/Infineon-TLE4296-2-DS-v01_13-EN.pdf?fileId=5546d46258fc0bc101595f85682e1f6f,https://www.digikey.com/en/products/detail/infineon-technologies/TLE42962GV50HTSA1/1283036,Inhibit,30mA,170 µA,5.2 mA,Automotive,1,-40°C ~ 150°C,Positive,Fixed,60dB (100Hz),"Over Current, Over Temperature, Reverse Polarity, Short Circuit",AEC-Q100,OPTIREG™,45V,,5V,0.3V @ 20mA
TLE4476DATMA1,Infineon Technologies,IC REG LINEAR 3.3V/5V TO252-5-11,pmic-voltage-regulators-linear,11908,2.54,"TO-252-5, DPAK (4 Leads + Tab), TO-252AD",Surface Mount,Active,https://www.infineon.com/dgdl/Infineon-TLE4476D-DS-v02_50-EN.pdf?fileId=5546d46258fc0bc1015969d22e8e41b9,https://www.digikey.com/en/products/detail/infineon-technologies/TLE4476DATMA1/6599514,Enable,"350mA, 430mA",150 µA,13 mA,Automotive,2,-40°C ~ 170°C,Positive,Fixed,"60dB (20Hz ~ 20kHz), 60dB (20Hz ~ 20kHz)","Over Current, Over Temperature, Over Voltage, Reverse Polarity, Short Circuit",AEC-Q100,OPTIREG™,42V,,"3.3V, 5V","-, 0.7V @ 330mA"
TLF1963TEATMA1,Infineon Technologies,IC REG LIN POS ADJ 1.5A TO252-5,pmic-voltage-regulators-linear,10412,2.57,"TO-252-5, DPAK (4 Leads + Tab), TO-252AD",Surface Mount,Active,https://www.infineon.com/dgdl/Infineon-TLF1963-DS-v01_00-EN.pdf?fileId=5546d46258fc0bc1015969d2981941e0,https://www.digikey.com/en/products/detail/infineon-technologies/TLF1963TEATMA1/5052565,Enable,1.5A,1.5 mA,130 mA,Automotive,1,-40°C ~ 150°C,Positive,Adjustable,67dB (120Hz),"Over Current, Over Temperature, Reverse Polarity, Short Circuit",AEC-Q100,OPTIREG™,20V,19.87V,1.21V,0.13V @ 1.5A
TLF80511TFV50ATMA2,Infineon Technologies,IC REG LIN 5V 400MA TO252-3-11,pmic-voltage-regulators-linear,2380,1.38,"TO-252-3, DPAK (2 Leads + Tab), SC-63",Surface Mount,Active,https://www.infineon.com/dgdl/Infineon-TLF80511TF-DS-v01_00-EN.pdf?fileId=5546d46259d9a4bf0159fa3199ac3f4b,https://www.digikey.com/en/products/detail/infineon-technologies/TLF80511TFV50ATMA2/11500337,,400mA,75 µA,80 µA,Automotive,1,-40°C ~ 150°C (TJ),Positive,Fixed,55dB (100Hz),"Over Current, Over Temperature, Short Circuit",AEC-Q100,,40V,,5V,0.5V @ 250mA
TLS105B0MBHTSA1,Infineon Technologies,IC REG LIN POS ADJ 120MA SCT595,pmic-voltage-regulators-linear,5388,0.95,"6-SMD (5 Leads), Gull Wing",Surface Mount,Active,https://www.infineon.com/dgdl/Infineon-TLS105B0MB-DS-v01_00-EN.pdf?fileId=5546d46261ff5777016200cc39952f83,https://www.digikey.com/en/products/detail/infineon-technologies/TLS105B0MBHTSA1/8627139,Enable,120mA,75 µA,5.5 mA,Automotive,1,-40°C ~ 150°C (TJ),Positive,Adjustable,100dB (100Hz),"Over Temperature, Reverse Polarity, Short Circuit",AEC-Q100,OPTIREG™,40V,20V,2V,0.45V @ 50mA
TLS205B0EJV33XUMA1,Infineon Technologies,IC REG LINEAR 3.3V 8DSO-27,pmic-voltage-regulators-linear,17355,1.52,"8-SOIC (0.154"", 3.90mm Width) Exposed Pad",Surface Mount,Active,https://www.infineon.com/dgdl/Infineon-TLS205B0EJ-DataSheet-v01_30-EN.pdf?fileId=5546d46258fc0bc1015969dae7ab4229,https://www.digikey.com/en/products/detail/infineon-technologies/TLS205B0EJV33XUMA1/5052563,Enable,500mA,60 µA,31 mA,Automotive,1,-40°C ~ 125°C (TJ),Positive,Fixed,65dB (120Hz),"Over Current, Over Temperature, Reverse Polarity",AEC-Q100,OPTIREG™,20V,,3.3V,0.45V @ 500mA
TLS850B0TEV50ATMA1,Infineon Technologies,IC REG LIN 5V 500MA PG-TO252-5,pmic-voltage-regulators-linear,426,1.49,"TO-252-5, DPAK (4 Leads + Tab), TO-252AD",Surface Mount,Active,https://www.infineon.com/dgdl/Infineon-TLS850B0TE V50-DS-v01_00-EN.pdf?fileId=5546d4625fe3678401600ce866be6d3d,https://www.digikey.com/en/products/detail/infineon-technologies/TLS850B0TEV50ATMA1/8627143,Enable,500mA,25 µA,33 µA,Automotive,1,-40°C ~ 150°C (TJ),Positive,Fixed,60dB (100Hz),"Over Current, Over Temperature",AEC-Q100,OPTIREG™,40V,,5V,0.5V @ 250mA
TLV1117-33IDCYR,Texas Instruments,IC REG LIN 3.3V 800MA SOT-223-4,pmic-voltage-regulators-linear,13997,0.46,"TO-261-4, TO-261AA",Surface Mount,Active,https://www.ti.com/lit/ds/symlink/tlv1117.pdf?ts=1751350710342&ref_url=https%253A%252F%252Fwww.ti.com%252Fproduct%252FTLV1123,https://www.digikey.com/en/products/detail/texas-instruments/TLV1117-33IDCYR/1216719,,800mA,,,,1,-40°C ~ 125°C,Positive,Fixed,75dB (120Hz),"Over Current, Over Temperature",,,15V,,3.3V,1.3V @ 800mA
TLV1117LV18DCYR,Texas Instruments,IC REG LINEAR 1.8V 1A SOT-223-4,pmic-voltage-regulators-linear,3684,0.26,"TO-261-4, TO-261AA",Surface Mount,Active,,https://www.digikey.com/en/products/detail/texas-instruments/TLV1117LV18DCYR/2666507,,1A,100 µA,,,1,-40°C ~ 125°C,Positive,Fixed,75dB (120Hz),"Over Current, Over Temperature",,,5.5V,,1.8V,1.3V @ 800mA
TLV1117LV25DCYR,Texas Instruments,IC REG LINEAR 2.5V 1A SOT-223-4,pmic-voltage-regulators-linear,3880,0.26,"TO-261-4, TO-261AA",Surface Mount,Active,,https://www.digikey.com/en/products/detail/texas-instruments/TLV1117LV25DCYR/3197736,,1A,100 µA,,,1,-40°C ~ 125°C,Positive,Fixed,75dB (120Hz),"Over Current, Over Temperature",,,5.5V,,2.5V,1.3V @ 800mA
TLV1117LV33DCYR,Texas Instruments,IC REG LINEAR 3.3V 1A SOT-223-4,pmic-voltage-regulators-linear,3000,0.26,"TO-261-4, TO-261AA",Surface Mount,Active,,https://www.digikey.com/en/products/detail/texas-instruments/TLV1117LV33DCYR/2666508,,1A,100 µA,,,1,-40°C ~ 125°C,Positive,Fixed,75dB (120Hz),"Over Current, Over Temperature",,,5.5V,,3.3V,1.3V @ 800mA
TLV70012DCKR,Texas Instruments,IC REG LINEAR 1.2V 200MA SC-70-5,pmic-voltage-regulators-linear,1698,0.26,"5-TSSOP, SC-70-5, SOT-353",Surface Mount,Active,,https://www.digikey.com/en/products/detail/texas-instruments/TLV70012DCKR/2295081,Enable,200mA,55 µA,270 µA,,1,-40°C ~ 125°C (TJ),Positive,Fixed,68dB (1kHz),"Over Current, Over Temperature, Reverse Polarity, Under Voltage Lockout (UVLO)",,,5.5V,,1.2V,0.25V @ 200mA
TLV70012DDCR,Texas Instruments,IC REG LINEAR 1.2V 200MA SOT23,pmic-voltage-regulators-linear,6500,0.24,"SOT-23-5 Thin, TSOT-23-5",Surface Mount,Active,,https://www.digikey.com/en/products/detail/texas-instruments/TLV70012DDCR/2353660,Enable,200mA,55 µA,270 µA,,1,-40°C ~ 125°C (TJ),Positive,Fixed,68dB (1kHz),"Over Current, Over Temperature, Reverse Polarity, Under Voltage Lockout (UVLO)",,,5.5V,,1.2V,0.25V @ 200mA
TLV70018DCKR,Texas Instruments,IC REG LINEAR 1.8V 200MA SC-70-5,pmic-voltage-regulators-linear,72253,0.28,"5-TSSOP, SC-70-5, SOT-353",Surface Mount,Active,,https://www.digikey.com/en/products/detail/texas-instruments/TLV70018DCKR/2232567,Enable,200mA,55 µA,270 µA,,1,-40°C ~ 125°C (TJ),Positive,Fixed,68dB (1kHz),"Over Current, Over Temperature, Reverse Polarity, Under Voltage Lockout (UVLO)",,,5.5V,,1.8V,0.25V @ 200mA
TLV70018DDCR,Texas Instruments,IC REG LINEAR 1.8V 200MA SOT23,pmic-voltage-regulators-linear,7680,0.24,"SOT-23-5 Thin, TSOT-23-5",Surface Mount,Active,,https://www.digikey.com/en/products/detail/texas-instruments/TLV70018DDCR/2232568,Enable,200mA,55 µA,270 µA,,1,-40°C ~ 125°C (TJ),Positive,Fixed,68dB (1kHz),"Over Current, Over Temperature, Reverse Polarity, Under Voltage Lockout (UVLO)",,,5.5V,,1.8V,0.25V @ 200mA
TLV70018DSER,Texas Instruments,IC REG LINEAR 1.8V 200MA 6-WSON,pmic-voltage-regulators-linear,6504,0.55,6-WFDFN,Surface Mount,Active,,https://www.digikey.com/en/products/detail/texas-instruments/TLV70018DSER/2232569,Enable,200mA,55 µA,270 µA,,1,-40°C ~ 125°C (TJ),Positive,Fixed,68dB (1kHz),"Over Current, Over Temperature, Reverse Polarity, Under Voltage Lockout (UVLO)",,,5.5V,,1.8V,0.25V @ 200mA
TLV70019DDCR,Texas Instruments,IC REG LINEAR 1.9V 200MA SOT23,pmic-voltage-regulators-linear,7372,0.24,"SOT-23-5 Thin, TSOT-23-5",Surface Mount,Active,,https://www.digikey.com/en/products/detail/texas-instruments/TLV70019DDCR/3202566,Enable,200mA,55 µA,270 µA,,1,-40°C ~ 125°C (TJ),Positive,Fixed,68dB (1kHz),"Over Current, Over Temperature, Reverse Polarity, Under Voltage Lockout (UVLO)",,,5.5V,,1.9V,0.25V @ 200mA
TLV70022DDCR,Texas Instruments,IC REG LINEAR 2.2V 200MA SOT23,pmic-voltage-regulators-linear,49973,0.24,"SOT-23-5 Thin, TSOT-23-5",Surface Mount,Active,,https://www.digikey.com/en/products/detail/texas-instruments/TLV70022DDCR/3202567,Enable,200mA,55 µA,270 µA,,1,-40°C ~ 125°C (TJ),Positive,Fixed,68dB (1kHz),"Over Current, Over Temperature, Reverse Polarity, Under Voltage Lockout (UVLO)",,,5.5V,,2.2V,0.25V @ 200mA
TLV70025DCKR,Texas Instruments,IC REG LINEAR 2.5V 200MA SC-70-5,pmic-voltage-regulators-linear,52341,0.28,"5-TSSOP, SC-70-5, SOT-353",Surface Mount,Active,,https://www.digikey.com/en/products/detail/texas-instruments/TLV70025DCKR/2404053,Enable,200mA,55 µA,270 µA,,1,-40°C ~ 125°C (TJ),Positive,Fixed,68dB (1kHz),"Over Current, Over Temperature, Reverse Polarity, Under Voltage Lockout (UVLO)",,,5.5V,,2.5V,0.25V @ 200mA
TLV70028DCKR,Texas Instruments,IC REG LINEAR 2.8V 200MA SC-70-5,pmic-voltage-regulators-linear,17610,0.26,"5-TSSOP, SC-70-5, SOT-353",Surface Mount,Active,,https://www.digikey.com/en/products/detail/texas-instruments/TLV70028DCKR/2232570,Enable,200mA,55 µA,270 µA,,1,-40°C ~ 125°C (TJ),Positive,Fixed,68dB (1kHz),"Over Current, Over Temperature, Reverse Polarity, Under Voltage Lockout (UVLO)",,,5.5V,,2.8V,0.25V @ 200mA
TLV70030DDCR,Texas Instruments,IC REG LINEAR 3V 200MA SOT23,pmic-voltage-regulators-linear,21947,0.24,"SOT-23-5 Thin, TSOT-23-5",Surface Mount,Active,,https://www.digikey.com/en/products/detail/texas-instruments/TLV70030DDCR/2232574,Enable,200mA,55 µA,270 µA,,1,-40°C ~ 125°C (TJ),Positive,Fixed,68dB (1kHz),"Over Current, Over Temperature, Reverse Polarity, Under Voltage Lockout (UVLO)",,,5.5V,,3V,0.25V @ 200mA
TLV70033DSER,Texas Instruments,IC REG LINEAR 3.3V 200MA 6-WSON,pmic-voltage-regulators-linear,45860,0.55,6-WFDFN,Surface Mount,Active,,https://www.digikey.com/en/products/detail/texas-instruments/TLV70033DSER/2232578,Enable,200mA,55 µA,270 µA,,1,-40°C ~ 125°C (TJ),Positive,Fixed,68dB (1kHz),"Over Current, Over Temperature, Reverse Polarity, Under Voltage Lockout (UVLO)",,,5.5V,,3.3V,0.25V @ 200mA
TLV70036DDCR,Texas Instruments,IC REG LINEAR 3.6V 200MA SOT23,pmic-voltage-regulators-linear,6303,0.24,"SOT-23-5 Thin, TSOT-23-5",Surface Mount,Active,,https://www.digikey.com/en/products/detail/texas-instruments/TLV70036DDCR/3727089,Enable,200mA,55 µA,270 µA,,1,-40°C ~ 125°C (TJ),Positive,Fixed,68dB (1kHz),"Over Current, Over Temperature, Reverse Polarity, Under Voltage Lockout (UVLO)",,,5.5V,,3.6V,0.25V @ 200mA
TLV70133DBVR,Texas Instruments,IC REG LINEAR 3.3V 150MA SOT23-5,pmic-voltage-regulators-linear,7583,1.08,"SC-74A, SOT-753",Surface Mount,Active,,https://www.digikey.com/en/products/detail/texas-instruments/TLV70133DBVR/2798809,,150mA,4.5 µA,5.5 µA,,1,-40°C ~ 125°C (TJ),Positive,Fixed,60dB (100kHz),"Over Current, Reverse Polarity",,,24V,,3.3V,0.4V @ 50mA
TLV70220PDBVR,Texas Instruments,IC REG LINEAR 2V 300MA SOT23-5,pmic-voltage-regulators-linear,18902,0.3,"SC-74A, SOT-753",Surface Mount,Active,,https://www.digikey.com/en/products/detail/texas-instruments/TLV70220PDBVR/2642505,Enable,300mA,55 µA,370 µA,,1,-40°C ~ 125°C (TJ),Positive,Fixed,68dB (1kHz),"Over Current, Over Temperature, Reverse Polarity, Under Voltage Lockout (UVLO)",,,5.5V,,2V,0.38V @ 300mA
TLV70231DBVR,Texas Instruments,IC REG LINEAR 3.1V 300MA SOT23-5,pmic-voltage-regulators-linear,5517,0.3,"SC-74A, SOT-753",Surface Mount,Active,,https://www.digikey.com/en/products/detail/texas-instruments/TLV70231DBVR/2600377,Enable,300mA,55 µA,370 µA,,1,-40°C ~ 125°C (TJ),Positive,Fixed,68dB (1kHz),"Over Current, Over Temperature, Reverse Polarity, Under Voltage Lockout (UVLO)",,,5.5V,,3.1V,0.38V @ 300mA
TLV70233DBVR,Texas Instruments,IC REG LINEAR 3.3V 300MA SOT23-5,pmic-voltage-regulators-linear,32610,0.3,"SC-74A, SOT-753",Surface Mount,Active,,https://www.digikey.com/en/products/detail/texas-instruments/TLV70233DBVR/2600378,Enable,300mA,55 µA,370 µA,,1,-40°C ~ 125°C (TJ),Positive,Fixed,68dB (1kHz),"Over Current, Over Temperature, Reverse Polarity, Under Voltage Lockout (UVLO)",,,5.5V,,3.3V,0.38V @ 300mA
TLV70233DBVT,Texas Instruments,IC REG LINEAR 3.3V 300MA SOT23-5,pmic-voltage-regulators-linear,4652,1.11,"SC-74A, SOT-753",Surface Mount,Active,,https://www.digikey.com/en/products/detail/texas-instruments/TLV70233DBVT/2425101,Enable,300mA,55 µA,370 µA,,1,-40°C ~ 125°C (TJ),Positive,Fixed,68dB (1kHz),"Over Current, Over Temperature, Reverse Polarity, Under Voltage Lockout (UVLO)",,,5.5V,,3.3V,0.38V @ 300mA
TLV70233PDBVR,Texas Instruments,IC REG LINEAR 3.3V 300MA SOT23-5,pmic-voltage-regulators-linear,10523,0.3,"SC-74A, SOT-753",Surface Mount,Active,,https://www.digikey.com/en/products/detail/texas-instruments/TLV70233PDBVR/4555471,Enable,300mA,55 µA,370 µA,,1,-40°C ~ 125°C (TJ),Positive,Fixed,68dB (1kHz),"Over Current, Over Temperature, Reverse Polarity, Under Voltage Lockout (UVLO)",,,5.5V,,3.3V,0.38V @ 300mA
TLV70235DBVR,Texas Instruments,IC REG LINEAR 3.5V 300MA SOT23-5,pmic-voltage-regulators-linear,8368,0.3,"SC-74A, SOT-753",Surface Mount,Active,,https://www.digikey.com/en/products/detail/texas-instruments/TLV70235DBVR/3523714,Enable,300mA,55 µA,370 µA,,1,-40°C ~ 125°C (TJ),Positive,Fixed,68dB (1kHz),"Over Current, Over Temperature, Reverse Polarity, Under Voltage Lockout (UVLO)",,,5.5V,,3.5V,0.38V @ 300mA
TLV70245DBVR,Texas Instruments,IC REG LINEAR 4.5V 300MA SOT23-5,pmic-voltage-regulators-linear,14939,0.3,"SC-74A, SOT-753",Surface Mount,Active,,https://www.digikey.com/en/products/detail/texas-instruments/TLV70245DBVR/3131332,Enable,300mA,55 µA,370 µA,,1,-40°C ~ 125°C (TJ),Positive,Fixed,68dB (1kHz),"Over Current, Over Temperature, Reverse Polarity, Under Voltage Lockout (UVLO)",,,5.5V,,4.5V,0.38V @ 300mA
TLV70311DBVR,Texas Instruments,IC REG LINEAR 1.1V 300MA SOT23-5,pmic-voltage-regulators-linear,10160,0.24,"SC-74A, SOT-753",Surface Mount,Active,,https://www.digikey.com/en/products/detail/texas-instruments/TLV70311DBVR/7776390,Current Limit,300mA,55 µA,370 µA,,1,-40°C ~ 125°C (TJ),Positive,Fixed,68dB (1kHz),Over Current,,,5.5V,,1.1V,0.375V @ 300mA
TLV70318DBVR,Texas Instruments,IC REG LINEAR 1.8V 300MA SOT23-5,pmic-voltage-regulators-linear,3422,0.26,"SC-74A, SOT-753",Surface Mount,Active,,https://www.digikey.com/en/products/detail/texas-instruments/TLV70318DBVR/7653214,Current Limit,300mA,55 µA,370 µA,,1,-40°C ~ 125°C (TJ),Positive,Fixed,68dB (1kHz),Over Current,,,5.5V,,1.8V,0.375V @ 300mA
TLV70325DBVR,Texas Instruments,IC REG LINEAR 2.5V 300MA SOT23-5,pmic-voltage-regulators-linear,3200,0.26,"SC-74A, SOT-753",Surface Mount,Active,,https://www.digikey.com/en/products/detail/texas-instruments/TLV70325DBVR/7776168,Current Limit,300mA,55 µA,370 µA,,1,-40°C ~ 125°C (TJ),Positive,Fixed,68dB (1kHz),Over Current,,,5.5V,,2.5V,0.375V @ 300mA
TLV70433DBVR,Texas Instruments,IC REG LINEAR 3.3V 150MA SOT23-5,pmic-voltage-regulators-linear,5800,0.73,"SC-74A, SOT-753",Surface Mount,Active,,https://www.digikey.com/en/products/detail/texas-instruments/TLV70433DBVR/2600381,,150mA,4.5 µA,5.5 µA,,1,-40°C ~ 125°C (TJ),Positive,Fixed,60dB (100kHz),"Over Current, Reverse Polarity",,,24V,,3.3V,1.1V @ 100mA
TLV70712PDQNR,Texas Instruments,IC REG LINEAR 1.2V 200MA 4-X2SON,pmic-voltage-regulators-linear,2379,0.21,4-XDFN Exposed Pad,Surface Mount,Active,,https://www.digikey.com/en/products/detail/texas-instruments/TLV70712PDQNR/3516856,Enable,200mA,50 µA,,,1,-40°C ~ 125°C (TJ),Positive,Fixed,70dB ~ 50dB (100Hz ~ 1MHz),"Over Current, Over Temperature, Short Circuit, Reverse Polarity",,,5.5V,,1.2V,0.36V @ 150mA
TLV70718PDQNR,Texas Instruments,IC REG LINEAR 1.8V 200MA 4-X2SON,pmic-voltage-regulators-linear,25726,0.22,4-XDFN Exposed Pad,Surface Mount,Active,,https://www.digikey.com/en/products/detail/texas-instruments/TLV70718PDQNR/2696407,Enable,200mA,50 µA,,,1,-40°C ~ 125°C (TJ),Positive,Fixed,70dB ~ 50dB (100Hz ~ 1MHz),"Over Current, Over Temperature, Short Circuit, Reverse Polarity",,,5.5V,,1.8V,0.36V @ 150mA
TLV70728PDQNR,Texas Instruments,IC REG LINEAR 2.8V 200MA 4-X2SON,pmic-voltage-regulators-linear,10551,0.21,4-XDFN Exposed Pad,Surface Mount,Active,,https://www.digikey.com/en/products/detail/texas-instruments/TLV70728PDQNR/2696409,Enable,200mA,50 µA,,,1,-40°C ~ 125°C (TJ),Positive,Fixed,70dB ~ 50dB (100Hz ~ 1MHz),"Over Current, Over Temperature, Short Circuit, Reverse Polarity",,,5.5V,,2.8V,0.3V @ 150mA
TLV70733DQNR,Texas Instruments,IC REG LINEAR 3.3V 200MA 4-X2SON,pmic-voltage-regulators-linear,12616,0.25,4-XDFN Exposed Pad,Surface Mount,Active,,https://www.digikey.com/en/products/detail/texas-instruments/TLV70733DQNR/3749451,Enable,200mA,50 µA,,,1,-40°C ~ 125°C (TJ),Positive,Fixed,70dB ~ 50dB (100Hz ~ 1MHz),"Over Current, Over Temperature, Short Circuit, Reverse Polarity",,,5.5V,,3.3V,0.27V @ 150mA
TLV709A01DBVR,Texas Instruments,IC REG LIN POS ADJ 150MA SOT23-5,pmic-voltage-regulators-linear,25393,0.51,"SC-74A, SOT-753",Surface Mount,Active,https://www.ti.com/lit/ds/symlink/tlv709.pdf?ts=1698749003714&ref_url=https%253A%252F%252Fwww.ti.com%252Fproduct%252FTLV709,https://www.digikey.com/en/products/detail/texas-instruments/TLV709A01DBVR/21298614,Soft Start,150mA,,10 µA,,1,-40°C ~ 125°C (TJ),Positive,Adjustable,60dB (100kHz),Over Current,,,30V,28V,1.2V,1.6V @ 150mA
TLV71312PDBVR,Texas Instruments,IC REG LINEAR 1.2V 150MA SOT23-5,pmic-voltage-regulators-linear,6527,0.28,"SC-74A, SOT-753",Surface Mount,Active,,https://www.digikey.com/en/products/detail/texas-instruments/TLV71312PDBVR/3830043,Enable,150mA,75 µA,,,1,-40°C ~ 125°C (TJ),Positive,Fixed,70dB ~ 55dB (100Hz ~ 1MHz),"Over Current, Over Temperature, Reverse Polarity, Short Circuit, Under Voltage Lockout (UVLO)",,,5.5V,,1.2V,1.02V @ 150mA
TLV71318PDBVR,Texas Instruments,IC REG LINEAR 1.8V 150MA SOT23-5,pmic-voltage-regulators-linear,5743,0.28,"SC-74A, SOT-753",Surface Mount,Active,,https://www.digikey.com/en/products/detail/texas-instruments/TLV71318PDBVR/3902047,Enable,150mA,75 µA,,,1,-40°C ~ 125°C (TJ),Positive,Fixed,70dB ~ 55dB (100Hz ~ 1MHz),"Over Current, Over Temperature, Reverse Polarity, Short Circuit, Under Voltage Lockout (UVLO)",,,5.5V,,1.8V,0.7V @ 150mA
TLV71330PDBVR,Texas Instruments,IC REG LINEAR 3V 150MA SOT23-5,pmic-voltage-regulators-linear,2379,0.28,"SC-74A, SOT-753",Surface Mount,Active,,https://www.digikey.com/en/products/detail/texas-instruments/TLV71330PDBVR/3906430,Enable,150mA,75 µA,,,1,-40°C ~ 125°C (TJ),Positive,Fixed,70dB ~ 55dB (100Hz ~ 1MHz),"Over Current, Over Temperature, Reverse Polarity, Short Circuit, Under Voltage Lockout (UVLO)",,,5.5V,,3V,0.54V @ 150mA
TLV71333PDBVR,Texas Instruments,IC REG LINEAR 3.3V 150MA SOT23-5,pmic-voltage-regulators-linear,14384,0.28,"SC-74A, SOT-753",Surface Mount,Active,,https://www.digikey.com/en/products/detail/texas-instruments/TLV71333PDBVR/3830045,Enable,150mA,75 µA,,,1,-40°C ~ 125°C (TJ),Positive,Fixed,70dB ~ 55dB (100Hz ~ 1MHz),"Over Current, Over Temperature, Reverse Polarity, Short Circuit, Under Voltage Lockout (UVLO)",,,5.5V,,3.3V,0.54V @ 150mA
TLV71333PQDBVRQ1,Texas Instruments,IC REG LINEAR 3.3V 150MA SOT23-5,pmic-voltage-regulators-linear,35441,0.49,"SC-74A, SOT-753",Surface Mount,Active,,https://www.digikey.com/en/products/detail/texas-instruments/TLV71333PQDBVRQ1/5308305,Enable,150mA,75 µA,,Automotive,1,-40°C ~ 125°C (TJ),Positive,Fixed,70dB ~ 55dB (100Hz ~ 1MHz),"Over Current, Over Temperature, Reverse Polarity, Short Circuit, Under Voltage Lockout (UVLO)",AEC-Q100,,5.5V,,3.3V,0.54V @ 150mA
TLV73310PDBVR,Texas Instruments,IC REG LINEAR 1V 300MA SOT23-5,pmic-voltage-regulators-linear,4085,0.17,"SC-74A, SOT-753",Surface Mount,Active,,https://www.digikey.com/en/products/detail/texas-instruments/TLV73310PDBVR/5022369,Enable,300mA,60 µA,,,1,-40°C ~ 125°C (TJ),Positive,Fixed,68dB ~ 28dB (100Hz ~ 100kHz),"Over Current, Over Temperature, Short Circuit, Under Voltage Lockout (UVLO)",,,5.5V,,1V,0.45V @ 300mA
TLV73311PDBVR,Texas Instruments,IC REG LINEAR 1.1V 300MA SOT23-5,pmic-voltage-regulators-linear,10702,0.17,"SC-74A, SOT-753",Surface Mount,Active,,https://www.digikey.com/en/products/detail/texas-instruments/TLV73311PDBVR/5052624,Enable,300mA,60 µA,,,1,-40°C ~ 125°C (TJ),Positive,Fixed,68dB ~ 28dB (100Hz ~ 100kHz),"Over Current, Over Temperature, Short Circuit, Under Voltage Lockout (UVLO)",,,5.5V,,1.1V,0.45V @ 300mA
TLV73312PDBVR,Texas Instruments,IC REG LINEAR 1.2V 300MA SOT23-5,pmic-voltage-regulators-linear,11877,0.17,"SC-74A, SOT-753",Surface Mount,Active,,https://www.digikey.com/en/products/detail/texas-instruments/TLV73312PDBVR/5022371,Enable,300mA,60 µA,,,1,-40°C ~ 125°C (TJ),Positive,Fixed,68dB ~ 28dB (100Hz ~ 100kHz),"Over Current, Over Temperature, Short Circuit, Under Voltage Lockout (UVLO)",,,5.5V,3.3V,1.2V,0.125V @ 300mA
TLV73315PDBVR,Texas Instruments,IC REG LINEAR 1.5V 300MA SOT23-5,pmic-voltage-regulators-linear,9230,0.17,"SC-74A, SOT-753",Surface Mount,Active,,https://www.digikey.com/en/products/detail/texas-instruments/TLV73315PDBVR/5022373,Enable,300mA,60 µA,,,1,-40°C ~ 125°C (TJ),Positive,Fixed,68dB ~ 28dB (100Hz ~ 100kHz),"Over Current, Over Temperature, Short Circuit, Under Voltage Lockout (UVLO)",,,5.5V,,1.5V,0.4V @ 300mA
TLV73318PDBVR,Texas Instruments,IC REG LINEAR 1.8V 300MA SOT23-5,pmic-voltage-regulators-linear,10330,0.17,"SC-74A, SOT-753",Surface Mount,Active,,https://www.digikey.com/en/products/detail/texas-instruments/TLV73318PDBVR/5022375,Enable,300mA,60 µA,,,1,-40°C ~ 125°C (TJ),Positive,Fixed,68dB ~ 28dB (100Hz ~ 100kHz),"Over Current, Over Temperature, Short Circuit, Under Voltage Lockout (UVLO)",,,5.5V,,1.8V,0.3V @ 300mA
TLV73318PDQNR,Texas Instruments,IC REG LINEAR 1.8V 300MA 4-X2SON,pmic-voltage-regulators-linear,2998,0.19,4-XDFN Exposed Pad,Surface Mount,Active,,https://www.digikey.com/en/products/detail/texas-instruments/TLV73318PDQNR/5023922,Enable,300mA,60 µA,,,1,-40°C ~ 125°C (TJ),Positive,Fixed,68dB ~ 28dB (100Hz ~ 100kHz),"Over Current, Over Temperature, Short Circuit, Under Voltage Lockout (UVLO)",,,5.5V,,1.8V,0.3V @ 300mA
TLV73325PDBVR,Texas Instruments,IC REG LINEAR 2.5V 300MA SOT23-5,pmic-voltage-regulators-linear,23694,0.17,"SC-74A, SOT-753",Surface Mount,Active,,https://www.digikey.com/en/products/detail/texas-instruments/TLV73325PDBVR/5022376,Enable,300mA,60 µA,,,1,-40°C ~ 125°C (TJ),Positive,Fixed,68dB ~ 28dB (100Hz ~ 100kHz),"Over Current, Over Temperature, Short Circuit, Under Voltage Lockout (UVLO)",,,5.5V,,2.5V,0.29V @ 300mA
TLV73330PDBVR,Texas Instruments,IC REG LINEAR 3V 300MA SOT23-5,pmic-voltage-regulators-linear,9387,0.17,"SC-74A, SOT-753",Surface Mount,Active,,https://www.digikey.com/en/products/detail/texas-instruments/TLV73330PDBVR/5320163,Enable,300mA,60 µA,,,1,-40°C ~ 125°C (TJ),Positive,Fixed,68dB ~ 28dB (100Hz ~ 100kHz),"Over Current, Over Temperature, Short Circuit, Under Voltage Lockout (UVLO)",,,5.5V,,3V,0.29V @ 300mA
TLV73333PDBVR,Texas Instruments,IC REG LINEAR 3.3V 300MA SOT23-5,pmic-voltage-regulators-linear,36278,0.17,"SC-74A, SOT-753",Surface Mount,Active,,https://www.digikey.com/en/products/detail/texas-instruments/TLV73333PDBVR/5022378,Enable,300mA,60 µA,,,1,-40°C ~ 125°C (TJ),Positive,Fixed,68dB ~ 28dB (100Hz ~ 100kHz),"Over Current, Over Temperature, Short Circuit, Under Voltage Lockout (UVLO)",,,5.5V,,3.3V,0.27V @ 300mA
TLV73333PDQNR,Texas Instruments,IC REG LINEAR 3.3V 300MA 4-X2SON,pmic-voltage-regulators-linear,7440,0.19,4-XDFN Exposed Pad,Surface Mount,Active,,https://www.digikey.com/en/products/detail/texas-instruments/TLV73333PDQNR/5022379,Enable,300mA,60 µA,,,1,-40°C ~ 125°C (TJ),Positive,Fixed,68dB ~ 28dB (100Hz ~ 100kHz),"Over Current, Over Temperature, Short Circuit, Under Voltage Lockout (UVLO)",,,5.5V,,3.3V,0.27V @ 300mA
TLV74010PDBVR,Texas Instruments,IC REG LINEAR 1V 300MA SOT23-5,pmic-voltage-regulators-linear,9718,0.12,"SC-74A, SOT-753",Surface Mount,Active,https://www.digikey.com//mm.digikey.com/Volume0/opasdata/d220001/medias/docus/5334/TLV740P_DS.pdf,https://www.digikey.com/en/products/detail/texas-instruments/TLV74010PDBVR/12642176,Enable,300mA,80 µA,,,1,-40°C ~ 125°C (TJ),Positive,Fixed,67dB ~ 32dB (100Hz ~ 1MHz),"Over Current, Over Temperature, Under Voltage Lockout (UVLO)",,,5.5V,,1V,1.3V @ 300mA
TLV74018PDBVR,Texas Instruments,IC REG LINEAR 1.8V 300MA SOT23-5,pmic-voltage-regulators-linear,29681,0.1,"SC-74A, SOT-753",Surface Mount,Active,https://www.digikey.com//mm.digikey.com/Volume0/opasdata/d220001/medias/docus/5334/TLV740P_DS.pdf,https://www.digikey.com/en/products/detail/texas-instruments/TLV74018PDBVR/12642177,Enable,300mA,80 µA,,,1,-40°C ~ 125°C (TJ),Positive,Fixed,67dB ~ 32dB (100Hz ~ 1MHz),"Over Current, Over Temperature, Under Voltage Lockout (UVLO)",,,5.5V,,1.8V,0.8V @ 300mA
TLV74018PDQNR,Texas Instruments,IC REG LINEAR 1.8V 300MA 4-X2SON,pmic-voltage-regulators-linear,123694,0.1,4-XDFN Exposed Pad,Surface Mount,Active,https://www.ti.com/lit/ds/symlink/tlv740p.pdf,https://www.digikey.com/en/products/detail/texas-instruments/TLV74018PDQNR/15857001,"Current Limit, Enable",300mA,80 µA,,,1,-40°C ~ 125°C (TJ),Positive,Fixed,,"Over Current, Over Temperature, Under Voltage Lockout (UVLO)",,,5.5V,,1.8V,0.8V @ 300mA
TLV74033PDBVR,Texas Instruments,IC REG LINEAR 3.3V 300MA SOT23-5,pmic-voltage-regulators-linear,53324,0.1,"SC-74A, SOT-753",Surface Mount,Active,https://www.digikey.com//mm.digikey.com/Volume0/opasdata/d220001/medias/docus/5334/TLV740P_DS.pdf,https://www.digikey.com/en/products/detail/texas-instruments/TLV74033PDBVR/12642183,Enable,300mA,80 µA,,,1,-40°C ~ 125°C (TJ),Positive,Fixed,67dB ~ 32dB (100Hz ~ 1MHz),"Over Current, Over Temperature, Under Voltage Lockout (UVLO)",,,5.5V,,3.3V,0.5V @ 300mA
TLV74033PDQNR,Texas Instruments,IC REG LINEAR 3.3V 300MA 4-X2SON,pmic-voltage-regulators-linear,3985,0.1,4-XDFN Exposed Pad,Surface Mount,Active,https://www.ti.com/lit/ds/symlink/tlv740p.pdf,https://www.digikey.com/en/products/detail/texas-instruments/TLV74033PDQNR/15857274,"Current Limit, Enable",300mA,80 µA,,,1,-40°C ~ 125°C (TJ),Positive,Fixed,67dB ~ 32dB (100Hz ~ 1MHz),"Over Current, Over Temperature, Under Voltage Lockout (UVLO)",,,5.5V,,3.3V,0.5V @ 300mA
TLV74112PDBVR,Texas Instruments,IC REG LINEAR 1.2V 150MA SOT23-5,pmic-voltage-regulators-linear,10525,0.13,"SC-74A, SOT-753",Surface Mount,Active,,https://www.digikey.com/en/products/detail/texas-instruments/TLV74112PDBVR/7604405,Enable,150mA,50 µA,75 µA,,1,-40°C ~ 125°C (TJ),Positive,Fixed,70dB ~ 55dB (100Hz ~ 1MHz),"Current Limit, Thermal Shutdown, UVLO",,,5.5V,,1.2V,1.02V @ 150mA
TLV74115PDBVR,Texas Instruments,IC REG LINEAR 1.5V 150MA SOT23-5,pmic-voltage-regulators-linear,10228,0.13,"SC-74A, SOT-753",Surface Mount,Active,,https://www.digikey.com/en/products/detail/texas-instruments/TLV74115PDBVR/7604406,Enable,150mA,50 µA,75 µA,,1,-40°C ~ 125°C (TJ),Positive,Fixed,70dB ~ 55dB (100Hz ~ 1MHz),"Current Limit, Thermal Shutdown, UVLO",,,5.5V,,1.5V,1.02V @ 150mA
TLV74118PDBVR,Texas Instruments,IC REG LINEAR 1.8V 150MA SOT23-5,pmic-voltage-regulators-linear,29961,0.14,"SC-74A, SOT-753",Surface Mount,Active,,https://www.digikey.com/en/products/detail/texas-instruments/TLV74118PDBVR/7604407,Enable,150mA,50 µA,75 µA,,1,-40°C ~ 125°C (TJ),Positive,Fixed,70dB ~ 55dB (100Hz ~ 1MHz),"Current Limit, Thermal Shutdown, UVLO",,,5.5V,,1.8V,0.695V @ 150mA
TLV74125PDBVR,Texas Instruments,IC REG LINEAR 2.5V 150MA SOT23-5,pmic-voltage-regulators-linear,8634,0.14,"SC-74A, SOT-753",Surface Mount,Active,,https://www.digikey.com/en/products/detail/texas-instruments/TLV74125PDBVR/7604408,Enable,150mA,50 µA,75 µA,,1,-40°C ~ 125°C (TJ),Positive,Fixed,70dB ~ 55dB (100Hz ~ 1MHz),"Current Limit, Thermal Shutdown, UVLO",,,5.5V,,2.5V,0.565V @ 150mA
TLV74128PDBVR,Texas Instruments,IC REG LINEAR 2.8V 150MA SOT23-5,pmic-voltage-regulators-linear,11316,0.14,"SC-74A, SOT-753",Surface Mount,Active,,https://www.digikey.com/en/products/detail/texas-instruments/TLV74128PDBVR/7604410,Enable,150mA,50 µA,75 µA,,1,-40°C ~ 125°C (TJ),Positive,Fixed,70dB ~ 55dB (100Hz ~ 1MHz),"Current Limit, Thermal Shutdown, UVLO",,,5.5V,,2.8V,0.565V @ 150mA
TLV74130PDBVR,Texas Instruments,IC REG LINEAR 3V 150MA SOT23-5,pmic-voltage-regulators-linear,8047,0.13,"SC-74A, SOT-753",Surface Mount,Active,,https://www.digikey.com/en/products/detail/texas-instruments/TLV74130PDBVR/7604411,Enable,150mA,50 µA,75 µA,,1,-40°C ~ 125°C (TJ),Positive,Fixed,70dB ~ 55dB (100Hz ~ 1MHz),"Current Limit, Thermal Shutdown, UVLO",,,5.5V,,3V,0.54V @ 150mA
TLV74133PDQNR,Texas Instruments,IC REG LINEAR 3.3V 150MA 4-X2SON,pmic-voltage-regulators-linear,10115,0.11,4-XDFN Exposed Pad,Surface Mount,Active,,https://www.digikey.com/en/products/detail/texas-instruments/TLV74133PDQNR/9649781,Enable,150mA,50 µA,75 µA,,1,-40°C ~ 125°C (TJ),Positive,Fixed,70dB ~ 55dB (100Hz ~ 1MHz),"Current Limit, Thermal Shutdown, UVLO",,,5.5V,,3.3V,0.54V @ 150mA
TLV74311PDBVR,Texas Instruments,IC REG LINEAR 1.1V 300MA SOT23-5,pmic-voltage-regulators-linear,12715,0.13,"SC-74A, SOT-753",Surface Mount,Active,,https://www.digikey.com/en/products/detail/texas-instruments/TLV74311PDBVR/7593919,Enable,300mA,60 µA,,,1,-40°C ~ 125°C (TJ),Positive,Fixed,68dB ~ 28dB (100Hz ~ 100kHz),"Current Limit, Thermal Shutdown, UVLO",,,5.5V,,1.1V,0.48V @ 300mA
TLV74312PDBVR,Texas Instruments,IC REG LINEAR 1.2V 300MA SOT23-5,pmic-voltage-regulators-linear,43717,0.14,"SC-74A, SOT-753",Surface Mount,Active,,https://www.digikey.com/en/products/detail/texas-instruments/TLV74312PDBVR/7593920,Enable,300mA,60 µA,,,1,-40°C ~ 125°C (TJ),Positive,Fixed,68dB ~ 28dB (100Hz ~ 100kHz),"Current Limit, Thermal Shutdown, UVLO",,,5.5V,,1.2V,0.45V @ 300mA
TLV74325PDBVR,Texas Instruments,IC REG LINEAR 2.5V 300MA SOT23-5,pmic-voltage-regulators-linear,8915,0.13,"SC-74A, SOT-753",Surface Mount,Active,,https://www.digikey.com/en/products/detail/texas-instruments/TLV74325PDBVR/7593923,Enable,300mA,60 µA,,,1,-40°C ~ 125°C (TJ),Positive,Fixed,68dB ~ 28dB (100Hz ~ 100kHz),"Current Limit, Thermal Shutdown, UVLO",,,5.5V,,2.5V,0.29V @ 300mA
TLV74328PDBVR,Texas Instruments,IC REG LINEAR 2.8V 300MA SOT23-5,pmic-voltage-regulators-linear,6446,0.13,"SC-74A, SOT-753",Surface Mount,Active,,https://www.digikey.com/en/products/detail/texas-instruments/TLV74328PDBVR/7593925,Enable,300mA,60 µA,,,1,-40°C ~ 125°C (TJ),Positive,Fixed,68dB ~ 28dB (100Hz ~ 100kHz),"Current Limit, Thermal Shutdown, UVLO",,,5.5V,,2.8V,0.29V @ 300mA
TLV74330PDBVR,Texas Instruments,IC REG LINEAR 3V 300MA SOT23-5,pmic-voltage-regulators-linear,35595,0.16,"SC-74A, SOT-753",Surface Mount,Active,,https://www.digikey.com/en/products/detail/texas-instruments/TLV74330PDBVR/7593926,Enable,300mA,60 µA,,,1,-40°C ~ 125°C (TJ),Positive,Fixed,68dB ~ 28dB (100Hz ~ 100kHz),"Current Limit, Thermal Shutdown, UVLO",,,5.5V,,3V,0.29V @ 300mA
TLV74333PDBVR,Texas Instruments,IC REG LINEAR 3.3V 300MA SOT23-5,pmic-voltage-regulators-linear,31124,0.13,"SC-74A, SOT-753",Surface Mount,Active,,https://www.digikey.com/en/products/detail/texas-instruments/TLV74333PDBVR/7593927,Enable,300mA,60 µA,,,1,-40°C ~ 125°C (TJ),Positive,Fixed,68dB ~ 28dB (100Hz ~ 100kHz),"Current Limit, Thermal Shutdown, UVLO",,,5.5V,,3.3V,0.27V @ 300mA
TLV74333PDQNR,Texas Instruments,IC REG LINEAR 3.3V 300MA 4-X2SON,pmic-voltage-regulators-linear,5026,0.16,4-XDFN Exposed Pad,Surface Mount,Active,,https://www.digikey.com/en/products/detail/texas-instruments/TLV74333PDQNR/8573274,Enable,300mA,60 µA,,,1,-40°C ~ 125°C (TJ),Positive,Fixed,68dB ~ 28dB (100Hz ~ 100kHz),"Current Limit, Thermal Shutdown, UVLO",,,5.5V,,3.3V,0.27V @ 300mA
TLV75509PDBVR,Texas Instruments,IC REG LINEAR 0.9V 500MA SOT23-5,pmic-voltage-regulators-linear,4370,0.26,"SC-74A, SOT-753",Surface Mount,Active,,https://www.digikey.com/en/products/detail/texas-instruments/TLV75509PDBVR/9356521,Enable,500mA,31 µA,,,1,-40°C ~ 125°C (TJ),Positive,Fixed,52dB (1kHz ~ 1MHz),"Over Current, Over Temperature",,,5.5V,,0.9V,0.985V @ 500mA
TLV75510PDBVR,Texas Instruments,IC REG LINEAR 1V 500MA SOT23-5,pmic-voltage-regulators-linear,3731,0.26,"SC-74A, SOT-753",Surface Mount,Active,,https://www.digikey.com/en/products/detail/texas-instruments/TLV75510PDBVR/9356523,Enable,500mA,31 µA,,,1,-40°C ~ 125°C (TJ),Positive,Fixed,52dB (1kHz ~ 1MHz),"Over Current, Over Temperature",,,5.5V,,1V,0.825V @ 500mA
TLV75512PDBVR,Texas Instruments,IC REG LINEAR 1.2V 500MA SOT23-5,pmic-voltage-regulators-linear,4687,0.3,"SC-74A, SOT-753",Surface Mount,Active,,https://www.digikey.com/en/products/detail/texas-instruments/TLV75512PDBVR/9356525,Enable,500mA,31 µA,,,1,-40°C ~ 125°C (TJ),Positive,Fixed,52dB (1kHz ~ 1MHz),"Over Current, Over Temperature",,,5.5V,,1.2V,0.665V @ 500mA
TLV75512PDQNR,Texas Instruments,IC REG LINEAR 1.2V 500MA 4-X2SON,pmic-voltage-regulators-linear,5758,0.28,4-XDFN Exposed Pad,Surface Mount,Active,,https://www.digikey.com/en/products/detail/texas-instruments/TLV75512PDQNR/9356526,Enable,500mA,31 µA,,,1,-40°C ~ 125°C (TJ),Positive,Fixed,52dB (1kHz ~ 1MHz),"Over Current, Over Temperature",,,5.5V,,1.2V,0.665V @ 500mA
TLV75518PDYDR,Texas Instruments,IC REG LINEAR 1.8V 0.5A SOT23-5,pmic-voltage-regulators-linear,2998,0.3,"SC-74A, SOT-753",Surface Mount,Active,https://www.ti.com/lit/ds/symlink/tlv755p.pdf?ts=1711517340379&ref_url=https%253A%252F%252Fwww.ti.com.cn%252Fproduct%252Fcn%252FTLV755P,https://www.digikey.com/en/products/detail/texas-instruments/TLV75518PDYDR/22531548,"Current Limit, Enable",0.5A,40 µA,,,1,-40°C ~ 125°C (TJ),Positive,Fixed,"46dB (100kHz), 52dB (1kHz ~ 1MHz)","Over Current, Over Temperature, Under Voltage Lockout (UVLO)",,,5.5V,,1.8V,0.42V @ 500mA
TLV75528PDBVR,Texas Instruments,IC REG LINEAR 2.8V 500MA SOT23-5,pmic-voltage-regulators-linear,1529,0.29,"SC-74A, SOT-753",Surface Mount,Active,,https://www.digikey.com/en/products/detail/texas-instruments/TLV75528PDBVR/9356538,Enable,500mA,31 µA,,,1,-40°C ~ 125°C (TJ),Positive,Fixed,52dB (1kHz ~ 1MHz),"Over Current, Over Temperature",,,5.5V,,2.8V,0.325V @ 500mA
TLV75533PDBVR,Texas Instruments,IC REG LINEAR 3.3V 500MA SOT23-5,pmic-voltage-regulators-linear,105238,0.42,"SC-74A, SOT-753",Surface Mount,Active,,https://www.digikey.com/en/products/detail/texas-instruments/TLV75533PDBVR/9356541,Enable,500mA,31 µA,,,1,-40°C ~ 125°C (TJ),Positive,Fixed,52dB (1kHz ~ 1MHz),"Over Current, Over Temperature",,,5.5V,,3.3V,0.238V @ 500mA
TLV75733PDBVR,Texas Instruments,IC REG LINEAR 3.3V 1A SOT23-5,pmic-voltage-regulators-linear,25112,0.34,"SC-74A, SOT-753",Surface Mount,Active,,https://www.digikey.com/en/products/detail/texas-instruments/TLV75733PDBVR/9343364,Enable,1A,,40 µA,,1,-40°C ~ 125°C (TJ),Positive,Fixed,52dB (1kHz ~ 1MHz),"Current Limit, Thermal Shutdown, UVLO",,,5.5V,,3.3V,0.475V @ 1A
TLV75801PDBVJ,Texas Instruments,"500-MA, LOW-IQ, HIGH-ACCURACY",pmic-voltage-regulators-linear,6187,0.28,"SC-74A, SOT-753",Surface Mount,Active,https://www.ti.com/lit/ds/symlink/tlv758p.pdf?ts=1750586533392&ref_url=https%253A%252F%252Fwww.ti.com%252Fproduct%252FTLV758P%252Fpart-details%252FTLV75801PDRVR,https://www.digikey.com/en/products/detail/texas-instruments/TLV75801PDBVJ/26639758,Enable,500mA,35 µA,,,1,-40°C ~ 125°C (TJ),Positive,Adjustable,50dB ~ 30dB (1kHz ~ 1MHz),"Over Current, Over Temperature, Under Voltage Lockout (UVLO)",,,6V,5.5V,0.55V,0.88V @ 500mA
TLV75801PDBVR,Texas Instruments,IC REG LIN POS ADJ 500MA SOT23-5,pmic-voltage-regulators-linear,59470,0.31,"SC-74A, SOT-753",Surface Mount,Active,,https://www.digikey.com/en/products/detail/texas-instruments/TLV75801PDBVR/10715374,Enable,500mA,35 µA,,,1,-40°C ~ 125°C (TJ),Positive,Adjustable,50dB ~ 30dB (1kHz ~ 1MHz),"Over Current, Over Temperature, UVLO",,,6V,5.5V,0.55V,0.88V @ 500mA
TLV75801PDRVR,Texas Instruments,IC REG LIN POS ADJ 500MA 6-WSON,pmic-voltage-regulators-linear,173916,0.35,6-WDFN Exposed Pad,Surface Mount,Active,https://www.ti.com/lit/ds/symlink/tlv758p.pdf?ts=1698226070408&ref_url=https%253A%252F%252Fwww.ti.com%252Fproduct%252FTLV758P%252Fpart-details%252FTLV75801PDRVR,https://www.digikey.com/en/products/detail/texas-instruments/TLV75801PDRVR/9860771,Enable,500mA,35 µA,,,1,-40°C ~ 125°C (TJ),Positive,Adjustable,50dB ~ 30dB (1kHz ~ 1MHz),"Over Current, Over Temperature, UVLO",,,6V,5.5V,0.55V,0.88V @ 500mA
TLV75901PDRVR,Texas Instruments,IC REG LINEAR POS ADJ 1A 6-WSON,pmic-voltage-regulators-linear,39302,0.57,6-WDFN Exposed Pad,Surface Mount,Active,,https://www.digikey.com/en/products/detail/texas-instruments/TLV75901PDRVR/10434825,Enable,1A,35 µA,,,1,-40°C ~ 125°C (TJ),Positive,Adjustable,50dB ~ 30dB (1kHz ~ 1MHz),"Over Current, Over Temperature, Under Voltage Lockout (UVLO)",,,6V,5.5V,0.55V,0.225V @ 1A
TLV76012DBZR,Texas Instruments,IC REG LINEAR 12V 100MA SOT23-3,pmic-voltage-regulators-linear,11893,0.25,"TO-236-3, SC-59, SOT-23-3",Surface Mount,Active,,https://www.digikey.com/en/products/detail/texas-instruments/TLV76012DBZR/7402849,,100mA,5 mA,,,1,-40°C ~ 125°C (TJ),Positive,Fixed,,Over Temperature,,,30V,,12V,1.1V @ 100mA
TLV76015DBZR,Texas Instruments,IC REG LINEAR 15V 100MA SOT23-3,pmic-voltage-regulators-linear,5720,0.25,"TO-236-3, SC-59, SOT-23-3",Surface Mount,Active,,https://www.digikey.com/en/products/detail/texas-instruments/TLV76015DBZR/7402850,,100mA,5 mA,,,1,-40°C ~ 125°C (TJ),Positive,Fixed,,Over Temperature,,,30V,,15V,1.1V @ 100mA
TLV76033DBZR,Texas Instruments,IC REG LINEAR 3.3V 100MA SOT23-3,pmic-voltage-regulators-linear,1632,0.23,"TO-236-3, SC-59, SOT-23-3",Surface Mount,Active,,https://www.digikey.com/en/products/detail/texas-instruments/TLV76033DBZR/7402851,,100mA,5 mA,,,1,-40°C ~ 125°C (TJ),Positive,Fixed,,Over Temperature,,,30V,,3.3V,1.1V @ 100mA
TLV76050DBZR,Texas Instruments,IC REG LINEAR 5V 100MA SOT23-3,pmic-voltage-regulators-linear,42527,0.23,"TO-236-3, SC-59, SOT-23-3",Surface Mount,Active,,https://www.digikey.com/en/products/detail/texas-instruments/TLV76050DBZR/7402852,,100mA,5 mA,,,1,-40°C ~ 125°C (TJ),Positive,Fixed,,Over Temperature,,,30V,,5V,1.1V @ 100mA
TLV76601QWDRBRQ1,Texas Instruments,IC REG LIN POS ADJ 500MA 8-SON,pmic-voltage-regulators-linear,1980,1.21,8-VDFN Exposed Pad,"Surface Mount, Wettable Flank",Active,https://www.ti.com/lit/ds/symlink/tlv766-q1.pdf,https://www.digikey.com/en/products/detail/texas-instruments/TLV76601QWDRBRQ1/15857272,"Current Limit, Enable",500mA,80 µA,,Automotive,1,-40°C ~ 150°C (TJ),Positive,Adjustable,70dB ~ 46dB (1kHz ~ 1MHz),"Over Current, Over Temperature, Under Voltage Lockout (UVLO)",AEC-Q100,,16V,14.6V,0.8V,0.75V @ 500mA
TLV76633QWDRBRQ1,Texas Instruments,IC REG LINEAR 3.3V 500MA 8-SON,pmic-voltage-regulators-linear,3767,1.21,8-VDFN Exposed Pad,"Surface Mount, Wettable Flank",Active,https://www.ti.com/lit/ds/symlink/tlv766-q1.pdf,https://www.digikey.com/en/products/detail/texas-instruments/TLV76633QWDRBRQ1/15857070,"Current Limit, Enable",500mA,95 µA,,Automotive,1,-40°C ~ 150°C (TJ),Positive,Fixed,,"Over Current, Over Temperature, Under Voltage Lockout (UVLO)",AEC-Q100,,16V,,3.3V,0.75V @ 500mA
TLV76733DRVR,Texas Instruments,IC REG LINEAR 3.3V 1A 6-WSON,pmic-voltage-regulators-linear,15574,1.05,6-WDFN Exposed Pad,Surface Mount,Active,,https://www.digikey.com/en/products/detail/texas-instruments/TLV76733DRVR/10434657,Enable,1A,80 µA,1.5 mA,,1,-40°C ~ 125°C (TJ),Positive,Fixed,70dB (120Hz),"Over Current, Over Temperature, Under Voltage Lockout (UVLO)",,,16V,,3.3V,1.4V @ 1A
TLV76750DRVR,Texas Instruments,IC REG LINEAR 5V 1A 6-WSON,pmic-voltage-regulators-linear,7762,1.05,6-WDFN Exposed Pad,Surface Mount,Active,,https://www.digikey.com/en/products/detail/texas-instruments/TLV76750DRVR/10820367,Enable,1A,80 µA,1.5 mA,,1,-40°C ~ 125°C (TJ),Positive,Fixed,70dB (120Hz),"Over Current, Over Temperature, UVLO",,,16V,,5V,0.9V @ 1A
TLV77018PDBVR,Texas Instruments,IC REG LINEAR 1.8V 50MA SOT23-5,pmic-voltage-regulators-linear,1594,0.1,"SC-74A, SOT-753",Surface Mount,Active,https://www.ti.com/lit/ds/symlink/tlv770.pdf?ts=1746717823909&ref_url=https%253A%252F%252Fwww.ti.com%252Fproduct%252FTLV770,https://www.digikey.com/en/products/detail/texas-instruments/TLV77018PDBVR/24420929,"Current Limit, Enable",50mA,120 µA,,,1,-40°C ~ 125°C (TJ),Positive,Fixed,56dB ~ 55dB (100kHz ~ 1MHz),"Over Current, Over Temperature, Under Voltage Lockout (UVLO)",,TLV770,5.5V,,1.8V,0.05V @ 50mA
TLV77025PDBVR,Texas Instruments,IC REG LINEAR 2.5V 50MA SOT23-5,pmic-voltage-regulators-linear,3268,0.1,"SC-74A, SOT-753",Surface Mount,Active,https://www.ti.com/lit/ds/symlink/tlv770.pdf?ts=1746717823909&ref_url=https%253A%252F%252Fwww.ti.com%252Fproduct%252FTLV770,https://www.digikey.com/en/products/detail/texas-instruments/TLV77025PDBVR/24420925,"Current Limit, Enable",50mA,120 µA,,,1,-40°C ~ 125°C (TJ),Positive,Fixed,56dB ~ 55dB (100kHz ~ 1MHz),"Over Current, Over Temperature, Under Voltage Lockout (UVLO)",,TLV770,5.5V,,2.5V,0.05V @ 50mA
TLV77033PDBVR,Texas Instruments,IC REG LINEAR 3.3V 50MA SOT23-5,pmic-voltage-regulators-linear,2406,0.1,"SC-74A, SOT-753",Surface Mount,Active,https://www.ti.com/lit/ds/symlink/tlv770.pdf?ts=1746717823909&ref_url=https%253A%252F%252Fwww.ti.com%252Fproduct%252FTLV770,https://www.digikey.com/en/products/detail/texas-instruments/TLV77033PDBVR/24421005,"Current Limit, Enable",50mA,120 µA,,,1,-40°C ~ 125°C (TJ),Positive,Fixed,56dB ~ 55dB (100kHz ~ 1MHz),"Over Current, Over Temperature, Under Voltage Lockout (UVLO)",,TLV770,5.5V,,3.3V,0.05V @ 50mA
TLV77033PDQNR,Texas Instruments,IC REG LINEAR 3.3V 50MA 4-X2SON,pmic-voltage-regulators-linear,7905,0.1,4-XDFN Exposed Pad,Surface Mount,Active,https://www.ti.com/lit/ds/symlink/tlv770.pdf?ts=1746717823909&ref_url=https%253A%252F%252Fwww.ti.com%252Fproduct%252FTLV770,https://www.digikey.com/en/products/detail/texas-instruments/TLV77033PDQNR/24716334,"Current Limit, Enable",50mA,120 µA,,,1,-40°C ~ 125°C (TJ),Positive,Fixed,56dB ~ 55dB (100kHz ~ 1MHz),"Over Current, Over Temperature",,,5.5V,,3.3V,0.05V @ 50mA
TLV77118PDBVR,Texas Instruments,IC REG LINEAR 1.8V 150MA SOT23-5,pmic-voltage-regulators-linear,3871,0.1,"SC-74A, SOT-753",Surface Mount,Active,https://www.ti.com/lit/ds/symlink/tlv771.pdf?ts=1746717697342&ref_url=https%253A%252F%252Fwww.ti.com%252Fproduct%252FTLV771,https://www.digikey.com/en/products/detail/texas-instruments/TLV77118PDBVR/24394755,"Current Limit, Enable, Soft Start",150mA,120 µA,,,1,-40°C ~ 125°C (TJ),Positive,Fixed,56dB ~ 55dB (100kHz ~ 1MHz),"Over Current, Over Temperature, Reverse Current, Under Voltage Lockout (UVLO)",,,5.5V,,1.8V,0.195V @ 150mA
TLV77133PDBVR,Texas Instruments,IC REG LINEAR 3.3V 150MA SOT23-5,pmic-voltage-regulators-linear,7139,0.1,"SC-74A, SOT-753",Surface Mount,Active,https://www.ti.com/lit/ds/symlink/tlv771.pdf?ts=1746717697342&ref_url=https%253A%252F%252Fwww.ti.com%252Fproduct%252FTLV771,https://www.digikey.com/en/products/detail/texas-instruments/TLV77133PDBVR/24394866,"Current Limit, Enable, Soft Start",150mA,120 µA,,,1,-40°C ~ 125°C (TJ),Positive,Fixed,56dB ~ 55dB (100kHz ~ 1MHz),"Over Current, Over Temperature, Reverse Current, Under Voltage Lockout (UVLO)",,,5.5V,,3.3V,0.14V @ 150mA
TLV77201PDBVR,Texas Instruments,300MA HIGH-PSRR LOW-IQ ADJUSTABL,pmic-voltage-regulators-linear,4100,0.18,"SC-74A, SOT-753",Surface Mount,Active,https://www.ti.com/lit/ds/symlink/tlv772.pdf?ts=1761628419631&ref_url=https%253A%252F%252Fwww.ti.com%252Fproduct%252FTLV772,https://www.digikey.com/en/products/detail/texas-instruments/TLV77201PDBVR/28005158,Enable,300mA,130 µA,,,1,-40°C ~ 85°C,Positive,Adjustable,60dB ~ 55dB (1kHz ~ 1MHz),"Over Current, Over Temperature, Under Voltage Lockout (UVLO)",,,5.5V,3.3V,0.6V,0.745V @ 300mA
TLV77201PDQNR,Texas Instruments,300MA HIGH-PSRR LOW-IQ,pmic-voltage-regulators-linear,10245,0.18,4-XDFN Exposed Pad,Surface Mount,Active,https://www.ti.com/lit/ds/symlink/tlv772.pdf?ts=1750662645280&ref_url=https%253A%252F%252Fwww.ti.com%252Fproduct%252FTLV772%252Fpart-details%252FTLV77201PDQNR,https://www.digikey.com/en/products/detail/texas-instruments/TLV77201PDQNR/26639772,Enable,300mA,130 µA,,,1,-40°C ~ 125°C (TJ),Positive,Adjustable,60dB ~ 55dB (1kHz ~ 1MHz),"Over Current, Over Temperature, Under Voltage Lockout (UVLO)",,,5.5V,3.3V,0.6V,0.745V @ 300mA
TLV77312PDBVR,Texas Instruments,IC REG LINEAR 1.2V 300MA SOT23-5,pmic-voltage-regulators-linear,4256,0.11,"SC-74A, SOT-753",Surface Mount,Active,https://www.ti.com/lit/ds/symlink/tlv773.pdf?ts=1715886742161&ref_url=https%253A%252F%252Fwww.ti.com%252Fsitesearch%252Fen-us%252Fdocs%252Funiversalsearch.tsp%253FlangPref%253Den-US,https://www.digikey.com/en/products/detail/texas-instruments/TLV77312PDBVR/23331387,"Current Limit, Enable, Soft Start",300mA,120 µA,,,1,-40°C ~ 85°C (TJ),Positive,Fixed,56dB ~ 55dB (100kHz ~ 1MHz),"Over Current, Over Temperature, Under Voltage Lockout (UVLO)",,,5.5V,,1.2V,0.68V @ 300mA
TLV77318PDBVR,Texas Instruments,IC REG LINEAR 1.8V 300MA SOT23-5,pmic-voltage-regulators-linear,3358,0.11,"SC-74A, SOT-753",Surface Mount,Active,https://www.ti.com/lit/ds/symlink/tlv773.pdf?ts=1715886742161&ref_url=https%253A%252F%252Fwww.ti.com%252Fsitesearch%252Fen-us%252Fdocs%252Funiversalsearch.tsp%253FlangPref%253Den-US,https://www.digikey.com/en/products/detail/texas-instruments/TLV77318PDBVR/23331424,"Current Limit, Enable, Soft Start",300mA,120 µA,,,1,-40°C ~ 85°C (TJ),Positive,Fixed,56dB ~ 55dB (100kHz ~ 1MHz),"Over Current, Over Temperature, Under Voltage Lockout (UVLO)",,,5.5V,,1.8V,0.385V @ 300mA
TLV77318PDQNR,Texas Instruments,IC REG LINEAR 1.8V 300MA 4-X2SON,pmic-voltage-regulators-linear,5769,0.11,4-XDFN Exposed Pad,Surface Mount,Active,https://www.ti.com/lit/ds/symlink/tlv773.pdf?ts=1715886742161&ref_url=https%253A%252F%252Fwww.ti.com%252Fsitesearch%252Fen-us%252Fdocs%252Funiversalsearch.tsp%253FlangPref%253Den-US,https://www.digikey.com/en/products/detail/texas-instruments/TLV77318PDQNR/23331392,"Current Limit, Enable, Soft Start",300mA,120 µA,,,1,-40°C ~ 85°C (TJ),Positive,Fixed,56dB ~ 55dB (100kHz ~ 1MHz),"Over Current, Over Temperature, Under Voltage Lockout (UVLO)",,,5.5V,,1.8V,0.385V @ 300mA
TLV77333PDBVR,Texas Instruments,IC REG LINEAR 3.3V 300MA SOT23-5,pmic-voltage-regulators-linear,1039,0.11,"SC-74A, SOT-753",Surface Mount,Active,https://www.ti.com/lit/ds/symlink/tlv773.pdf?ts=1715886742161&ref_url=https%253A%252F%252Fwww.ti.com%252Fsitesearch%252Fen-us%252Fdocs%252Funiversalsearch.tsp%253FlangPref%253Den-US,https://www.digikey.com/en/products/detail/texas-instruments/TLV77333PDBVR/23331458,"Current Limit, Enable, Soft Start",300mA,120 µA,,,1,-40°C ~ 85°C (TJ),Positive,Fixed,56dB ~ 55dB (100kHz ~ 1MHz),"Over Current, Over Temperature, Under Voltage Lockout (UVLO)",,,5.5V,,3.3V,0.255V @ 300mA
TLV77333PDQNR,Texas Instruments,IC REG LINEAR 3.3V 300MA 4-X2SON,pmic-voltage-regulators-linear,4176,0.12,4-XDFN Exposed Pad,Surface Mount,Active,https://www.ti.com/lit/ds/symlink/tlv773.pdf?ts=1703011699390&ref_url=https%253A%252F%252Fwww.ti.com%252Fsitesearch%252Fen-us%252Fdocs%252Funiversalsearch.tsp%253FlangPref%253Den-US%2526searchTerm%253DTLV77333PDQNR%2526nr%253D2,https://www.digikey.com/en/products/detail/texas-instruments/TLV77333PDQNR/22077507,"Current Limit, Enable, Soft Start",300mA,100 µA,,,1,-40°C ~ 85°C (TJ),Positive,Fixed,56dB ~ 55dB (100kHz ~ 1MHz),"Over Current, Over Temperature, Under Voltage Lockout (UVLO)",,,5.5V,,3.3V,0.23V @ 300mA
TLV77418PDQNR,Texas Instruments,"300MA, SMALL SIZE, HIGH-PSRR, LO",pmic-voltage-regulators-linear,2081,0.1,4-XDFN Exposed Pad,Surface Mount,Active,https://www.ti.com/lit/ds/symlink/tlv774.pdf?ts=1746649481778&ref_url=https%253A%252F%252Fwww.ti.com%252Fsitesearch%252Fen-us%252Fdocs%252Funiversalsearch.tsp%253FlangPref%253Den-US%2526nr%253D2%2526searchTerm%253DTLV77433PDQNR,https://www.digikey.com/en/products/detail/texas-instruments/TLV77418PDQNR/26262574,Enable,300mA,141 µA,,,1,-40°C ~ 125°C (TJ),Positive,Fixed,60dB ~ 45dB (1kHz ~ 1MHz),"Over Current, Over Temperature, Under Voltage Lockout (UVLO)",,,5.5V,,1.8V,0.2V @ 300mA
TLV77428PDQNR,Texas Instruments,"300MA, SMALL SIZE, HIGH-PSRR, LO",pmic-voltage-regulators-linear,1527,0.1,4-XDFN Exposed Pad,Surface Mount,Active,https://www.ti.com/lit/ds/symlink/tlv774.pdf?ts=1746649481778&ref_url=https%253A%252F%252Fwww.ti.com%252Fsitesearch%252Fen-us%252Fdocs%252Funiversalsearch.tsp%253FlangPref%253Den-US%2526nr%253D2%2526searchTerm%253DTLV77433PDQNR,https://www.digikey.com/en/products/detail/texas-instruments/TLV77428PDQNR/26262647,Enable,300mA,141 µA,,,1,-40°C ~ 125°C (TJ),Positive,Fixed,60dB ~ 45dB (1kHz ~ 1MHz),"Over Current, Over Temperature, Under Voltage Lockout (UVLO)",,,5.5V,,2.8V,0.165V @ 300mA
TLV77533PDBVR,Texas Instruments,"500MA, SMALL-SIZE, HIGH-PSRR LOW",pmic-voltage-regulators-linear,2468,0.14,"SC-74A, SOT-753",Surface Mount,Active,https://www.ti.com/lit/ds/symlink/tlv775.pdf?ts=1779239045943&ref_url=https%253A%252F%252Fwww.ti.com%252Fproduct%252FTLV775%252Fpart-details%252FTLV77533PDBVR,https://www.digikey.com/en/products/detail/texas-instruments/TLV77533PDBVR/26812453,Enable,500mA,141 µA,,,1,-40°C ~ 125°C (TJ),Positive,Fixed,60dB ~ 45dB (1kHz ~ 1MHz),"Over Current, Over Temperature, Under Voltage Lockout (UVLO)",,,,,3.3V,0.3V @ 500mA
TLV77733PDBVR,Texas Instruments,1A SMALL-SIZE HIGH-PSRR LOW-DROP,pmic-voltage-regulators-linear,2514,0.2,"SC-74A, SOT-753",Surface Mount,Active,,https://www.digikey.com/en/products/detail/texas-instruments/TLV77733PDBVR/29184716,Enable,1A,141 µA,,,1,-40°C ~ 125°C (TJ),Positive,Fixed,60dB ~ 45dB (1kHz ~ 1MHz),"Over Current, Over Temperature, Under Voltage Lockout (UVLO)",,,5.5V,,3.3V,0.585V @ 1A
TLV7A0318PDBVR,Texas Instruments,"200MA, ULTRA-LOW-IQ (400NA) LOW-",pmic-voltage-regulators-linear,2505,0.23,"SC-74A, SOT-753",Surface Mount,Active,https://www.ti.com/lit/ds/symlink/tlv7a03.pdf?ts=1753870952666&ref_url=https%253A%252F%252Fwww.bing.com%252F,https://www.digikey.com/en/products/detail/texas-instruments/TLV7A0318PDBVR/26812462,Enable,200mA,400 nA,,,1,-40°C ~ 125°C (TJ),Positive,Fixed,,"Over Current, Over Temperature, Under Voltage Lockout (UVLO)",,,6V,,1.8V,0.45V @ 200mA
TLV7A0325PDBVR,Texas Instruments,"200MA, ULTRA-LOW-IQ (400NA) LOW-",pmic-voltage-regulators-linear,1623,0.23,"SC-74A, SOT-753",Surface Mount,Active,https://www.ti.com/lit/ds/symlink/tlv7a03.pdf?ts=1753870952666&ref_url=https%253A%252F%252Fwww.bing.com%252F,https://www.digikey.com/en/products/detail/texas-instruments/TLV7A0325PDBVR/26812468,Enable,200mA,400 nA,,,1,-40°C ~ 125°C (TJ),Positive,Fixed,,"Over Current, Over Temperature, Under Voltage Lockout (UVLO)",,,6V,,2.5V,0.36V @ 200mA
TLV7A0330PDBVR,Texas Instruments,"200MA, ULTRA-LOW-IQ (400NA) LOW-",pmic-voltage-regulators-linear,3705,0.23,"SC-74A, SOT-753",Surface Mount,Active,https://www.ti.com/lit/ds/symlink/tlv7a03.pdf?ts=1753870952666&ref_url=https%253A%252F%252Fwww.bing.com%252F,https://www.digikey.com/en/products/detail/texas-instruments/TLV7A0330PDBVR/26812415,Enable,200mA,400 nA,,,1,-40°C ~ 125°C (TJ),Positive,Fixed,,"Over Current, Over Temperature, Under Voltage Lockout (UVLO)",,,6V,,3V,0.36V @ 200mA
TLV7A0330PDQNR,Texas Instruments,"200MA, ULTRA-LOW-IQ (400NA) LOW-",pmic-voltage-regulators-linear,5950,0.23,4-XDFN Exposed Pad,Surface Mount,Active,https://www.ti.com/lit/ds/symlink/tlv7a03.pdf?ts=1753870952666&ref_url=https%253A%252F%252Fwww.bing.com%252F,https://www.digikey.com/en/products/detail/texas-instruments/TLV7A0330PDQNR/26812425,Enable,200mA,400 nA,,,1,-40°C ~ 125°C (TJ),Positive,Fixed,,"Over Current, Over Temperature, Under Voltage Lockout (UVLO)",,,6V,,3V,0.36V @ 200mA
TPS70102PWP,Texas Instruments,IC REG LINEAR POS ADJ 20-HTSSOP,pmic-voltage-regulators-linear,8777,9.01,"20-PowerTSSOP (0.173"", 4.40mm Width)",Surface Mount,Active,,https://www.digikey.com/en/products/detail/texas-instruments/TPS70102PWP/306525,"Enable, Power Good, Reset, Sequencing","500mA, 250mA",190 µA,230 µA,,2,-40°C ~ 125°C,Positive,Adjustable,60dB (1kHz),"Over Current, Over Temperature, Reverse Polarity, Under Voltage Lockout (UVLO)",,,6V,5.5V,1.22V,0.28V @ 500mA
TPS70351PWPR,Texas Instruments,IC REG LINEAR 3.3/1.8V 24HTSSOP,pmic-voltage-regulators-linear,3193,8.55,"24-PowerTSSOP (0.173"", 4.40mm Width)",Surface Mount,Active,https://www.ti.com/lit/ds/slvs285h/slvs285h.pdf,https://www.digikey.com/en/products/detail/texas-instruments/TPS70351PWPR/1672553,"Enable, Power Good, Reset, Sequencing","1A, 2A",250 µA,,,2,-40°C ~ 125°C,Positive,Fixed,"65dB (1kHz), 60dB (1kHz)","Over Current, Over Temperature, Reverse Polarity, Under Voltage Lockout (UVLO)",,,6V,,"3.3V, 1.8V","0.25V @ 1A, -"
TPS70445PWP,Texas Instruments,IC REG LINEAR 3.3/1.2V 24HTSSOP,pmic-voltage-regulators-linear,655,10.55,"24-PowerTSSOP (0.173"", 4.40mm Width)",Surface Mount,Active,,https://www.digikey.com/en/products/detail/texas-instruments/TPS70445PWP/373227,"Enable, Power Good, Reset, Sequencing","1A, 2A",250 µA,,,2,-40°C ~ 125°C,Positive,Fixed,"65dB (1kHz), 60dB (1kHz)","Over Current, Over Temperature, Reverse Polarity, Under Voltage Lockout (UVLO)",,,6V,,"3.3V, 1.2V","0.25V @ 1A, -"
TPS70633DBVR,Texas Instruments,IC REG LINEAR 3.3V 150MA SOT23-5,pmic-voltage-regulators-linear,6032,0.77,"SC-74A, SOT-753",Surface Mount,Active,,https://www.digikey.com/en/products/detail/texas-instruments/TPS70633DBVR/5218116,Enable,150mA,2.55 µA,350 µA,,1,-40°C ~ 125°C,Positive,Fixed,80dB ~ 52dB (10Hz ~ 1kHz),"Over Current, Over Temperature, Reverse Polarity, Under Voltage Lockout (UVLO)",,,6.5V,,3.3V,1.54V @ 150mA
TPS70912DBVR,Texas Instruments,IC REG LINEAR 1.2V 150MA SOT23-5,pmic-voltage-regulators-linear,2461,1.51,"SC-74A, SOT-753",Surface Mount,Active,,https://www.digikey.com/en/products/detail/texas-instruments/TPS70912DBVR/3767566,Enable,150mA,2.05 µA,350 µA,,1,-40°C ~ 125°C,Positive,Fixed,80dB ~ 52dB (10Hz ~ 1kHz),"Over Current, Over Temperature, Reverse Current, Under Voltage Lockout (UVLO)",,,30V,,1.2V,
TPS70930DBVR,Texas Instruments,IC REG LINEAR 3V 150MA SOT23-5,pmic-voltage-regulators-linear,8096,1.51,"SC-74A, SOT-753",Surface Mount,Active,,https://www.digikey.com/en/products/detail/texas-instruments/TPS70930DBVR/3767567,Enable,150mA,2.05 µA,350 µA,,1,-40°C ~ 125°C,Positive,Fixed,80dB ~ 52dB (10Hz ~ 1kHz),"Over Current, Over Temperature, Reverse Current, Under Voltage Lockout (UVLO)",,,30V,,3V,1.4V @ 150mA
TPS70933DBVT,Texas Instruments,IC REG LINEAR 3.3V 150MA SOT23-5,pmic-voltage-regulators-linear,4381,1.78,"SC-74A, SOT-753",Surface Mount,Active,,https://www.digikey.com/en/products/detail/texas-instruments/TPS70933DBVT/3902345,Enable,150mA,2.05 µA,350 µA,,1,-40°C ~ 125°C,Positive,Fixed,80dB ~ 52dB (10Hz ~ 1kHz),"Over Current, Over Temperature, Reverse Current, Under Voltage Lockout (UVLO)",,,30V,,3.3V,1.4V @ 150mA
TPS70933DRVR,Texas Instruments,IC REG LINEAR 3.3V 150MA 6-WSON,pmic-voltage-regulators-linear,29296,1.26,6-WDFN Exposed Pad,Surface Mount,Active,,https://www.digikey.com/en/products/detail/texas-instruments/TPS70933DRVR/4515217,Enable,150mA,2.05 µA,350 µA,,1,-40°C ~ 125°C,Positive,Fixed,80dB ~ 52dB (10Hz ~ 1kHz),"Over Current, Over Temperature, Reverse Current, Under Voltage Lockout (UVLO)",,,30V,,3.3V,1.4V @ 150mA
TPS70933QDBVRQ1,Texas Instruments,IC REG LINEAR 3.3V 150MA SOT23-5,pmic-voltage-regulators-linear,4152,1.97,"SC-74A, SOT-753",Surface Mount,Active,,https://www.digikey.com/en/products/detail/texas-instruments/TPS70933QDBVRQ1/4625396,Enable,150mA,2.05 µA,350 µA,Automotive,1,-40°C ~ 125°C,Positive,Fixed,80dB ~ 52dB (10Hz ~ 1kHz),"Over Current, Over Temperature, Reverse Current, Under Voltage Lockout (UVLO)",AEC-Q100,,30V,,3.3V,1.54V @ 150mA
TPS70933QDRVRQ1,Texas Instruments,IC REG LINEAR 3.3V 150MA 6-WSON,pmic-voltage-regulators-linear,9363,1.87,6-WDFN Exposed Pad,Surface Mount,Active,,https://www.digikey.com/en/products/detail/texas-instruments/TPS70933QDRVRQ1/5226723,Enable,150mA,2.05 µA,350 µA,Automotive,1,-40°C ~ 125°C,Positive,Fixed,80dB ~ 52dB (10Hz ~ 1kHz),"Over Current, Over Temperature, Reverse Current, Under Voltage Lockout (UVLO)",AEC-Q100,,30V,,3.3V,1.54V @ 150mA
TPS70950DBVR,Texas Instruments,IC REG LINEAR 5V 150MA SOT23-5,pmic-voltage-regulators-linear,14637,1.51,"SC-74A, SOT-753",Surface Mount,Active,https://www.ti.com/lit/ds/symlink/tps709.pdf?ts=1739769946805&ref_url=https%253A%252F%252Fwww.ti.com%252Fsitesearch%252Fen-us%252Fdocs%252Funiversalsearch.tsp%253FlangPref%253Den-US%2526nr%253D36%2526searchTerm%253DTPS70950DBVR,https://www.digikey.com/en/products/detail/texas-instruments/TPS70950DBVR/3767569,Enable,150mA,2.05 µA,350 µA,,1,-40°C ~ 125°C,Positive,Fixed,80dB ~ 52dB (10Hz ~ 1kHz),"Over Current, Over Temperature, Reverse Current, Under Voltage Lockout (UVLO)",,,30V,,5V,1.2V @ 150mA
TPS70950DRVR,Texas Instruments,IC REG LINEAR 5V 150MA 6-WSON,pmic-voltage-regulators-linear,2300,1.26,6-WDFN Exposed Pad,Surface Mount,Active,https://www.ti.com/lit/ds/symlink/tps709.pdf?ts=1739769520211&ref_url=https%253A%252F%252Fwww.ti.com%252Fproduct%252FTPS709%252Fpart-details%252FTPS70950DRVR,https://www.digikey.com/en/products/detail/texas-instruments/TPS70950DRVR/4864104,Enable,150mA,2.05 µA,350 µA,,1,-40°C ~ 125°C,Positive,Fixed,80dB ~ 52dB (10Hz ~ 1kHz),"Over Current, Over Temperature, Reverse Current, Under Voltage Lockout (UVLO)",,,30V,,5V,1.2V @ 150mA
TPS70950QDRVRQ1,Texas Instruments,IC REG LINEAR 5V 150MA 6-WSON,pmic-voltage-regulators-linear,0,1.87,6-WDFN Exposed Pad,Surface Mount,Active,,https://www.digikey.com/en/products/detail/texas-instruments/TPS70950QDRVRQ1/5226724,Enable,150mA,2.05 µA,350 µA,Automotive,1,-40°C ~ 125°C,Positive,Fixed,80dB ~ 52dB (10Hz ~ 1kHz),"Over Current, Over Temperature, Reverse Current, Under Voltage Lockout (UVLO)",AEC-Q100,,30V,,5V,1.2V @ 150mA
TPS71501DCKR,Texas Instruments,IC REG LIN POS ADJ 50MA SC-70-5,pmic-voltage-regulators-linear,32067,0.82,"5-TSSOP, SC-70-5, SOT-353",Surface Mount,Active,,https://www.digikey.com/en/products/detail/texas-instruments/TPS71501DCKR/476142,,50mA,4.2 µA,,,1,-40°C ~ 125°C,Positive,Adjustable,60dB (100kHz),Over Current,,,24V,15V,1.2V,0.75V @ 50mA
TPS71525DCKR,Texas Instruments,IC REG LINEAR 2.5V 50MA SC-70-5,pmic-voltage-regulators-linear,5894,0.69,"5-TSSOP, SC-70-5, SOT-353",Surface Mount,Active,,https://www.digikey.com/en/products/detail/texas-instruments/TPS71525DCKR/390513,,50mA,4.2 µA,,,1,-40°C ~ 125°C,Positive,Fixed,60dB (100kHz),Over Current,,,24V,,2.5V,0.75V @ 50mA
TPS71533DCKR,Texas Instruments,IC REG LINEAR 3.3V 50MA SC-70-5,pmic-voltage-regulators-linear,81757,0.82,"5-TSSOP, SC-70-5, SOT-353",Surface Mount,Active,,https://www.digikey.com/en/products/detail/texas-instruments/TPS71533DCKR/390514,,50mA,4.2 µA,,,1,-40°C ~ 125°C,Positive,Fixed,60dB (100kHz),Over Current,,,24V,,3.3V,0.75V @ 50mA
TPS71550DCKR,Texas Instruments,IC REG LINEAR 5V 50MA SC-70-5,pmic-voltage-regulators-linear,31828,0.75,"5-TSSOP, SC-70-5, SOT-353",Surface Mount,Active,,https://www.digikey.com/en/products/detail/texas-instruments/TPS71550DCKR/562815,,50mA,4.2 µA,,,1,-40°C ~ 125°C,Positive,Fixed,60dB (100kHz),Over Current,,,24V,,5V,0.75V @ 50mA
TPS71550QDCKRQ1,Texas Instruments,IC REG LINEAR 5V 50MA SC-70-5,pmic-voltage-regulators-linear,21082,0.87,"5-TSSOP, SC-70-5, SOT-353",Surface Mount,Active,https://www.digikey.com//mm.digikey.com/Volume0/opasdata/d220001/medias/docus/1154/TPS71550-Q1.pdf,https://www.digikey.com/en/products/detail/texas-instruments/TPS71550QDCKRQ1/770876,,50mA,12 µA,,Automotive,1,-40°C ~ 125°C,Positive,Fixed,60dB (100kHz),"Over Current, Reverse Polarity",AEC-Q100,,24V,,5V,0.75V @ 50mA
TPS71701DCKR,Texas Instruments,IC REG LIN POS ADJ 150MA SC-70-5,pmic-voltage-regulators-linear,10644,1.34,"5-TSSOP, SC-70-5, SOT-353",Surface Mount,Active,,https://www.digikey.com/en/products/detail/texas-instruments/TPS71701DCKR/1766825,Enable,150mA,80 µA,100 µA,,1,-40°C ~ 125°C,Positive,Adjustable,70dB ~ 45dB (100Hz ~ 1MHz),"Over Current, Over Temperature, Reverse Polarity, Under Voltage Lockout (UVLO)",,,6.5V,6.2V,0.9V,0.3V @ 150mA
TPS71733DCKR,Texas Instruments,IC REG LINEAR 3.3V 150MA SC-70-5,pmic-voltage-regulators-linear,1107,1.3,"5-TSSOP, SC-70-5, SOT-353",Surface Mount,Active,,https://www.digikey.com/en/products/detail/texas-instruments/TPS71733DCKR/1033595,Enable,150mA,80 µA,100 µA,,1,-40°C ~ 125°C,Positive,Fixed,70dB ~ 45dB (100Hz ~ 1MHz),"Over Current, Over Temperature, Reverse Polarity, Under Voltage Lockout (UVLO)",,,6.5V,,3.3V,0.3V @ 150mA
TPS72301DBVR,Texas Instruments,IC REG LIN NEG ADJ 200MA SOT23-5,pmic-voltage-regulators-linear,12961,4.01,"SC-74A, SOT-753",Surface Mount,Active,,https://www.digikey.com/en/products/detail/texas-instruments/TPS72301DBVR/1672722,Enable,200mA,200 µA,500 µA,,1,-40°C ~ 125°C,Negative,Adjustable,65dB ~ 48dB (1kHz ~ 10kHz),"Over Current, Over Temperature, Short Circuit",,,-10V,-10V,-1.2V,0.5V @ 200mA
TPS72301DDCR,Texas Instruments,IC REG LINEAR NEG ADJ SOT23,pmic-voltage-regulators-linear,2680,4.7,"SOT-23-5 Thin, TSOT-23-5",Surface Mount,Active,,https://www.digikey.com/en/products/detail/texas-instruments/TPS72301DDCR/5005026,Enable,200mA,200 µA,500 µA,,1,-40°C ~ 125°C,Negative,Adjustable,65dB ~ 48dB (1kHz ~ 10kHz),"Over Current, Over Temperature, Short Circuit",,,-10V,-10V,-1.2V,0.5V @ 200mA
TPS72301DRVR,Texas Instruments,IC REG LIN NEG ADJ 200MA 6-WSON,pmic-voltage-regulators-linear,3944,4.68,6-WDFN Exposed Pad,Surface Mount,Active,,https://www.digikey.com/en/products/detail/texas-instruments/TPS72301DRVR/11502265,Enable,200mA,200 µA,500 µA,,1,-40°C ~ 125°C (TJ),Negative,Adjustable,65dB ~ 48dB (1kHz ~ 10kHz),"Over Current, Over Temperature, Under Voltage Lockout (UVLO)",,,-10V,-10V,-1.2V,0.5V @ 200mA
TPS72301QDBVRQ1,Texas Instruments,IC REG LIN NEG ADJ 200MA SOT23-5,pmic-voltage-regulators-linear,3813,4.65,"SC-74A, SOT-753",Surface Mount,Active,,https://www.digikey.com/en/products/detail/texas-instruments/TPS72301QDBVRQ1/2697000,Enable,200mA,200 µA,500 µA,Automotive,1,-40°C ~ 125°C,Negative,Adjustable,65dB ~ 48dB (1kHz ~ 10kHz),"Over Current, Over Temperature, Short Circuit",AEC-Q100,,-10V,-10V,-1.2V,0.5V @ 200mA
TPS72325QDBVRQ1,Texas Instruments,IC REG LIN -2.5V 200MA SOT23-5,pmic-voltage-regulators-linear,3915,4.65,"SC-74A, SOT-753",Surface Mount,Active,,https://www.digikey.com/en/products/detail/texas-instruments/TPS72325QDBVRQ1/2589811,Enable,200mA,200 µA,500 µA,Automotive,1,-40°C ~ 125°C,Negative,Fixed,65dB ~ 48dB (1kHz ~ 10kHz),"Over Current, Over Temperature, Short Circuit",AEC-Q100,,-10V,,-2.5V,0.5V @ 200mA
TPS72501DCQR,Texas Instruments,IC REG LIN POS ADJ 1A SOT-223-6,pmic-voltage-regulators-linear,754,6.18,SOT-223-6,Surface Mount,Active,https://www.ti.com/lit/ds/slvs341e/slvs341e.pdf,https://www.digikey.com/en/products/detail/texas-instruments/TPS72501DCQR/486467,"Enable, Reset",1A,225 µA,325 µA,,1,-40°C ~ 125°C,Positive,Adjustable,60dB (1kHz),"Over Current, Over Temperature, Reverse Polarity, Under Voltage Lockout (UVLO)",,,6V,5.5V,1.22V,0.28V @ 1A
TPS72515DCQR,Texas Instruments,IC REG LINEAR 1.5V 1A SOT-223-6,pmic-voltage-regulators-linear,3807,6.18,SOT-223-6,Surface Mount,Active,https://www.ti.com/lit/ds/slvs341e/slvs341e.pdf,https://www.digikey.com/en/products/detail/texas-instruments/TPS72515DCQR/459302,"Enable, Reset",1A,225 µA,325 µA,,1,-40°C ~ 125°C,Positive,Fixed,60dB (1kHz),"Over Current, Over Temperature, Reverse Polarity, Under Voltage Lockout (UVLO)",,,6V,,1.5V,0.32V @ 1A
TPS73033DBVR,Texas Instruments,IC REG LINEAR 3.3V 200MA SOT23-5,pmic-voltage-regulators-linear,3023,0.89,"SC-74A, SOT-753",Surface Mount,Active,,https://www.digikey.com/en/products/detail/texas-instruments/TPS73033DBVR/705344,Enable,200mA,250 µA,,,1,-40°C ~ 125°C,Positive,Fixed,68dB (100Hz),"Over Current, Over Temperature, Reverse Polarity, Under Voltage Lockout (UVLO)",,,5.5V,,3.3V,0.21V @ 200mA
TPS73101DBVR,Texas Instruments,IC REG LIN POS ADJ 150MA SOT23-5,pmic-voltage-regulators-linear,16198,1.27,"SC-74A, SOT-753",Surface Mount,Active,https://www.ti.com/lit/ds/symlink/tps731.pdf,https://www.digikey.com/en/products/detail/texas-instruments/TPS73101DBVR/1672837,Enable,150mA,550 µA,750 µA,,1,-40°C ~ 125°C,Positive,Adjustable,58dB ~ 37dB (100Hz ~ 10kHz),"Over Current, Over Temperature, Short Circuit, Reverse Polarity",,,5.5V,5.5V,1.2V,0.1V @ 150mA
TPS73201DBVR,Texas Instruments,IC REG LIN POS ADJ 250MA SOT23-5,pmic-voltage-regulators-linear,328,1.34,"SC-74A, SOT-753",Surface Mount,Active,https://www.ti.com/lit/ds/symlink/tps732.pdf?ts=1759479960321,https://www.digikey.com/en/products/detail/texas-instruments/TPS73201DBVR/1672866,Enable,250mA,550 µA,950 µA,,1,-40°C ~ 125°C,Positive,Adjustable,58dB ~ 37dB (100Hz ~ 10kHz),"Over Current, Over Temperature, Short Circuit, Reverse Polarity",,TPS732xx,5.5V,5.5V,1.2V,0.15V @ 250mA
TPS73201QDBVRQ1,Texas Instruments,IC REG LIN POS ADJ 250MA SOT23-5,pmic-voltage-regulators-linear,14378,1.68,"SC-74A, SOT-753",Surface Mount,Active,https://www.ti.com/lit/ds/symlink/tps732-q1.pdf?ts=1776662740253&ref_url=https%253A%252F%252Fwww.ti.com%252Fproduct%252FTPS732-Q1%252Fpart-details%252FTPS73201QDRBRM3Q1,https://www.digikey.com/en/products/detail/texas-instruments/TPS73201QDBVRQ1/1033596,Enable,250mA,550 µA,950 µA,Automotive,1,-40°C ~ 125°C,Positive,Adjustable (Fixed),58dB ~ 37dB (100Hz ~ 10kHz),"Over Current, Over Temperature, Short Circuit, Reverse Polarity",AEC-Q100,TPS732xx,5.5V,5.5V,1.2V (1.2V),0.15V @ 250mA
TPS73233DBVT,Texas Instruments,IC REG LINEAR 3.3V 250MA SOT23-5,pmic-voltage-regulators-linear,2878,2.03,"SC-74A, SOT-753",Surface Mount,Active,https://www.ti.com/lit/ds/symlink/tps732.pdf?ts=1759479960321,https://www.digikey.com/en/products/detail/texas-instruments/TPS73233DBVT/604393,Enable,250mA,550 µA,950 µA,,1,-40°C ~ 125°C,Positive,Fixed,58dB ~ 37dB (100Hz ~ 10kHz),"Over Current, Over Temperature, Short Circuit, Reverse Polarity",,TPS732xx,5.5V,,3.3V,0.15V @ 250mA
TPS73233MDBVREP,Texas Instruments,IC REG LINEAR 3.3V 250MA SOT23-5,pmic-voltage-regulators-linear,1578,5.65,"SC-74A, SOT-753",Surface Mount,Active,,https://www.digikey.com/en/products/detail/texas-instruments/TPS73233MDBVREP/1666654,Enable,250mA,550 µA,950 µA,,1,-55°C ~ 125°C,Positive,Fixed,58dB ~ 37dB (100Hz ~ 10kHz),"Over Current, Over Temperature, Short Circuit, Reverse Polarity",,TPS732xx,5.5V,,3.3V,0.15V @ 250mA
TPS73501DRBR,Texas Instruments,IC REG LIN POS ADJ 500MA 8-SON,pmic-voltage-regulators-linear,0,2.17,8-VDFN Exposed Pad,Surface Mount,Active,,https://www.digikey.com/en/products/detail/texas-instruments/TPS73501DRBR/2232903,Enable,500mA,65 µA,,,1,-40°C ~ 125°C,Positive,Adjustable,66dB ~ 22dB (100Hz ~ 100kHz),"Over Current, Over Temperature, Under Voltage Lockout (UVLO)",,,6.5V,6V,1.25V,0.5V @ 500mA
TPS73501DRVR,Texas Instruments,IC REG LIN POS ADJ 500MA 6-WSON,pmic-voltage-regulators-linear,9407,2.17,6-WDFN Exposed Pad,Surface Mount,Active,,https://www.digikey.com/en/products/detail/texas-instruments/TPS73501DRVR/3518784,Enable,500mA,65 µA,,,1,-40°C ~ 125°C,Positive,Adjustable,66dB ~ 22dB (100Hz ~ 100kHz),"Over Current, Over Temperature, Under Voltage Lockout (UVLO)",,,6.5V,6V,1.25V,0.5V @ 500mA
TPS73533DRBR,Texas Instruments,IC REG LINEAR 3.3V 500MA 8-SON,pmic-voltage-regulators-linear,4001,2.17,8-VDFN Exposed Pad,Surface Mount,Active,,https://www.digikey.com/en/products/detail/texas-instruments/TPS73533DRBR/2232905,Enable,500mA,65 µA,,,1,-40°C ~ 125°C,Positive,Fixed,66dB ~ 22dB (100Hz ~ 100kHz),"Over Current, Over Temperature, Reverse Polarity, Under Voltage Lockout (UVLO)",,,6.5V,,3.3V,0.5V @ 500mA
TPS73533DRVR,Texas Instruments,IC REG LINEAR 3.3V 500MA 6-WSON,pmic-voltage-regulators-linear,303,2.17,6-WDFN Exposed Pad,Surface Mount,Active,,https://www.digikey.com/en/products/detail/texas-instruments/TPS73533DRVR/2232906,Enable,500mA,65 µA,,,1,-40°C ~ 125°C,Positive,Fixed,66dB ~ 22dB (100Hz ~ 100kHz),"Over Current, Over Temperature, Reverse Polarity, Under Voltage Lockout (UVLO)",,,6.5V,,3.3V,0.5V @ 500mA
TPS73601DBVT,Texas Instruments,IC REG LIN POS ADJ 400MA SOT23-5,pmic-voltage-regulators-linear,3316,3.22,"SC-74A, SOT-753",Surface Mount,Active,https://www.ti.com/lit/ds/symlink/tps736.pdf,https://www.digikey.com/en/products/detail/texas-instruments/TPS73601DBVT/604400,Enable,400mA,550 µA,1 mA,,1,-40°C ~ 125°C,Positive,Adjustable,58dB ~ 37dB (100Hz ~ 10kHz),"Over Current, Over Temperature, Reverse Polarity",,,5.5V,5.5V,1.2V,0.2V @ 400mA
TPS73601DCQR,Texas Instruments,IC REG LIN POS ADJ 400MA SOT223,pmic-voltage-regulators-linear,12989,2.92,SOT-223-6,Surface Mount,Active,https://www.ti.com/lit/ds/sbvs038u/sbvs038u.pdf,https://www.digikey.com/en/products/detail/texas-instruments/TPS73601DCQR/644189,Enable,400mA,550 µA,1 mA,,1,-40°C ~ 125°C,Positive,Adjustable,58dB ~ 37dB (100Hz ~ 10kHz),"Over Current, Over Temperature, Reverse Polarity",,,5.5V,5.5V,1.2V,0.2V @ 400mA
TPS73601DRBR,Texas Instruments,IC REG LIN POS ADJ 400MA 8-SON,pmic-voltage-regulators-linear,1539,2.66,8-VDFN Exposed Pad,Surface Mount,Active,https://www.ti.com/lit/ds/sbvs038u/sbvs038u.pdf,https://www.digikey.com/en/products/detail/texas-instruments/TPS73601DRBR/1672945,Enable,400mA,550 µA,1 mA,,1,-40°C ~ 125°C,Positive,Adjustable,58dB ~ 37dB (100Hz ~ 10kHz),"Over Current, Over Temperature, Reverse Polarity",,,5.5V,5.5V,1.2V,0.2V @ 400mA
TPS73601MDCQREP,Texas Instruments,IC REG LIN POS ADJ 400MA SOT223,pmic-voltage-regulators-linear,4430,8.92,SOT-223-6,Surface Mount,Active,,https://www.digikey.com/en/products/detail/texas-instruments/TPS73601MDCQREP/1868553,Enable,400mA,550 µA,1 mA,,1,-55°C ~ 125°C,Positive,Adjustable,58dB ~ 37dB (100Hz ~ 10kHz),"Over Current, Over Temperature, Reverse Polarity",,,5.5V,5.5V,1.2V,0.2V @ 400mA
TPS73601QDBVRQ1,Texas Instruments,IC REG LIN POS ADJ 400MA SOT23-5,pmic-voltage-regulators-linear,2677,3.24,"SC-74A, SOT-753",Surface Mount,Active,https://www.digikey.com//mm.digikey.com/Volume0/opasdata/d220001/medias/docus/1015/TPS736xx-Q1.pdf,https://www.digikey.com/en/products/detail/texas-instruments/TPS73601QDBVRQ1/2697039,Enable,400mA,550 µA,1 mA,Automotive,1,-40°C ~ 125°C,Positive,Adjustable,58dB ~ 37dB (100Hz ~ 10kHz),"Over Current, Over Temperature, Reverse Polarity",AEC-Q100,,5.5V,5.5V,1.2V,0.2V @ 400mA
TPS73618DBVR,Texas Instruments,IC REG LINEAR 1.8V 400MA SOT23-5,pmic-voltage-regulators-linear,4355,2.85,"SC-74A, SOT-753",Surface Mount,Active,https://www.ti.com/lit/ds/symlink/tps736.pdf,https://www.digikey.com/en/products/detail/texas-instruments/TPS73618DBVR/1672960,Enable,400mA,550 µA,1 mA,,1,-40°C ~ 125°C,Positive,Fixed,58dB ~ 37dB (100Hz ~ 10kHz),"Over Current, Over Temperature, Reverse Polarity",,,5.5V,,1.8V,0.2V @ 400mA
TPS73618DBVT,Texas Instruments,IC REG LINEAR 1.8V 400MA SOT23-5,pmic-voltage-regulators-linear,1768,3.22,"SC-74A, SOT-753",Surface Mount,Active,https://www.ti.com/lit/ds/symlink/tps736.pdf,https://www.digikey.com/en/products/detail/texas-instruments/TPS73618DBVT/604401,Enable,400mA,550 µA,1 mA,,1,-40°C ~ 125°C,Positive,Fixed,58dB ~ 37dB (100Hz ~ 10kHz),"Over Current, Over Temperature, Reverse Polarity",,,5.5V,,1.8V,0.2V @ 400mA
TPS73618MDBVREP,Texas Instruments,IC REG LINEAR 1.8V 400MA SOT23-5,pmic-voltage-regulators-linear,6254,10.37,"SC-74A, SOT-753",Surface Mount,Active,,https://www.digikey.com/en/products/detail/texas-instruments/TPS73618MDBVREP/1219936,Enable,400mA,550 µA,1 mA,,1,-55°C ~ 125°C,Positive,Fixed,58dB ~ 37dB (100Hz ~ 10kHz),"Over Current, Over Temperature, Reverse Polarity",,,5.5V,,1.8V,0.2V @ 400mA
TPS73625DBVR,Texas Instruments,IC REG LINEAR 2.5V 400MA SOT23-5,pmic-voltage-regulators-linear,2696,2.51,"SC-74A, SOT-753",Surface Mount,Active,https://www.ti.com/lit/ds/symlink/tps736.pdf,https://www.digikey.com/en/products/detail/texas-instruments/TPS73625DBVR/1672966,Enable,400mA,550 µA,1 mA,,1,-40°C ~ 125°C,Positive,Fixed,58dB ~ 37dB (100Hz ~ 10kHz),"Over Current, Over Temperature, Reverse Polarity",,,5.5V,,2.5V,0.2V @ 400mA
TPS73630DBVR,Texas Instruments,IC REG LINEAR 3V 400MA SOT23-5,pmic-voltage-regulators-linear,788,2.51,"SC-74A, SOT-753",Surface Mount,Active,https://www.ti.com/lit/ds/symlink/tps736.pdf,https://www.digikey.com/en/products/detail/texas-instruments/TPS73630DBVR/1672972,Enable,400mA,550 µA,1 mA,,1,-40°C ~ 125°C,Positive,Fixed,58dB ~ 37dB (100Hz ~ 10kHz),"Over Current, Over Temperature, Reverse Polarity",,,5.5V,,3V,0.2V @ 400mA
TPS73633DBVR,Texas Instruments,IC REG LINEAR 3.3V 400MA SOT23-5,pmic-voltage-regulators-linear,10309,2.85,"SC-74A, SOT-753",Surface Mount,Active,https://www.ti.com/lit/ds/symlink/tps736.pdf,https://www.digikey.com/en/products/detail/texas-instruments/TPS73633DBVR/1672981,Enable,400mA,550 µA,1 mA,,1,-40°C ~ 125°C,Positive,Fixed,58dB ~ 37dB (100Hz ~ 10kHz),"Over Current, Over Temperature, Reverse Polarity",,,5.5V,,3.3V,0.2V @ 400mA
TPS73633DBVT,Texas Instruments,IC REG LINEAR 3.3V 400MA SOT23-5,pmic-voltage-regulators-linear,3362,3.22,"SC-74A, SOT-753",Surface Mount,Active,https://www.ti.com/lit/ds/symlink/tps736.pdf,https://www.digikey.com/en/products/detail/texas-instruments/TPS73633DBVT/604404,Enable,400mA,550 µA,1 mA,,1,-40°C ~ 125°C,Positive,Fixed,58dB ~ 37dB (100Hz ~ 10kHz),"Over Current, Over Temperature, Reverse Polarity",,,5.5V,,3.3V,0.2V @ 400mA
TPS73633DCQR,Texas Instruments,IC REG LIN 3.3V 400MA SOT-223-6,pmic-voltage-regulators-linear,3646,2.92,SOT-223-6,Surface Mount,Active,https://www.ti.com/lit/ds/sbvs038u/sbvs038u.pdf,https://www.digikey.com/en/products/detail/texas-instruments/TPS73633DCQR/644199,Enable,400mA,550 µA,1 mA,,1,-40°C ~ 125°C,Positive,Fixed,58dB ~ 37dB (100Hz ~ 10kHz),"Over Current, Over Temperature, Reverse Polarity",,,5.5V,,3.3V,0.2V @ 400mA
TPS73633DRBR,Texas Instruments,IC REG LINEAR 3.3V 400MA 8-SON,pmic-voltage-regulators-linear,2922,2.9,8-VDFN Exposed Pad,Surface Mount,Active,https://www.ti.com/lit/ds/sbvs038u/sbvs038u.pdf,https://www.digikey.com/en/products/detail/texas-instruments/TPS73633DRBR/757762,Enable,400mA,550 µA,1 mA,,1,-40°C ~ 125°C,Positive,Fixed,58dB ~ 37dB (100Hz ~ 10kHz),"Over Current, Over Temperature, Reverse Polarity",,,5.5V,,3.3V,0.2V @ 400mA
TPS73701DCQ,Texas Instruments,IC REG LIN POS ADJ 1A SOT-223-6,pmic-voltage-regulators-linear,4806,2.42,SOT-223-6,Surface Mount,Active,,https://www.digikey.com/en/products/detail/texas-instruments/TPS73701DCQ/998354,Enable,1A,400 µA,1.3 mA,,1,-40°C ~ 125°C,Positive,Adjustable,58dB ~ 37dB (100Hz ~ 10kHz),"Over Current, Over Temperature, Reverse Polarity",,,5.5V,5.5V,1.2V,0.5V @ 1A
TPS73701DRBR,Texas Instruments,IC REG LINEAR POS ADJ 1A 8-SON,pmic-voltage-regulators-linear,7399,1.59,8-VDFN Exposed Pad,Surface Mount,Active,,https://www.digikey.com/en/products/detail/texas-instruments/TPS73701DRBR/1653657,Enable,1A,400 µA,1.3 mA,,1,-40°C ~ 125°C,Positive,Adjustable,58dB ~ 37dB (100Hz ~ 10kHz),"Over Current, Over Temperature, Reverse Polarity",,,5.5V,5.5V,1.2V,0.5V @ 1A
TPS73701DRBT,Texas Instruments,IC REG LINEAR POS ADJ 1A 8-SON,pmic-voltage-regulators-linear,6361,2.28,8-VDFN Exposed Pad,Surface Mount,Active,,https://www.digikey.com/en/products/detail/texas-instruments/TPS73701DRBT/1908281,Enable,1A,400 µA,1.3 mA,,1,-40°C ~ 125°C,Positive,Adjustable,58dB ~ 37dB (100Hz ~ 10kHz),"Over Current, Over Temperature, Reverse Polarity",,,5.5V,5.5V,1.2V,0.5V @ 1A
TPS73701DRVR,Texas Instruments,IC REG LINEAR POS ADJ 1A 6-WSON,pmic-voltage-regulators-linear,5336,2.01,6-WDFN Exposed Pad,Surface Mount,Active,,https://www.digikey.com/en/products/detail/texas-instruments/TPS73701DRVR/2380230,Enable,1A,400 µA,1.3 mA,,1,-40°C ~ 125°C,Positive,Adjustable,58dB ~ 37dB (100Hz ~ 10kHz),"Over Current, Over Temperature, Reverse Polarity",,,5.5V,5.5V,1.2V,0.5V @ 1A
TPS73801DCQR,Texas Instruments,IC REG LIN POS ADJ 1A SOT-223-6,pmic-voltage-regulators-linear,10000,3.12,SOT-223-6,Surface Mount,Active,,https://www.digikey.com/en/products/detail/texas-instruments/TPS73801DCQR/2353792,Enable,1A,1.5 mA,80 mA,,1,-40°C ~ 125°C,Positive,Adjustable,58dB ~ 37dB (100Hz ~ 10kHz),"Over Current, Over Temperature, Reverse Polarity",,,20V,20V,1.21V,0.5V @ 1A
TPS74201RGWR,Texas Instruments,IC REG LIN POS ADJ 1.5A 20-VQFN,pmic-voltage-regulators-linear,8680,1.85,20-VQFN Exposed Pad,Surface Mount,Active,,https://www.digikey.com/en/products/detail/texas-instruments/TPS74201RGWR/1120761,"Enable, Power Good, Soft Start",1.5A,115 µA,1.5 mA,,1,-40°C ~ 125°C,Positive,Adjustable,73dB ~ 42dB (1kHz ~ 300kHz),"Over Current, Over Temperature, Short Circuit, Under Voltage Lockout (UVLO)",,,5.5V,3.6V,0.8V,0.12V @ 1.5A
TPS74301RGWR,Texas Instruments,IC REG LIN POS ADJ 1.5A 20-VQFN,pmic-voltage-regulators-linear,3781,1.85,20-VQFN Exposed Pad,Surface Mount,Active,,https://www.digikey.com/en/products/detail/texas-instruments/TPS74301RGWR/1673014,"Enable, Power Good, Tracking",1.5A,115 µA,1.5 mA,,1,-40°C ~ 125°C,Positive,Adjustable,73dB ~ 42dB (1kHz ~ 800kHz),"Over Current, Over Temperature, Short Circuit, Under Voltage Lockout (UVLO)",,,5.5V,3.6V,0.8V,0.12V @ 1.5A
TPS74401KTWR,Texas Instruments,IC REG LINEAR POS ADJ 3A TO263,pmic-voltage-regulators-linear,2558,17.27,"TO-263-8, D2PAK (7 Leads + Tab), TO-263CA",Surface Mount,Active,,https://www.digikey.com/en/products/detail/texas-instruments/TPS74401KTWR/1908299,"Enable, Power Good, Soft Start",3A,,,,1,-40°C ~ 125°C,Positive,Adjustable,73dB ~ 50dB (1kHz ~ 800kHz),"Over Current, Over Temperature, Short Circuit, Under Voltage Lockout (UVLO)",,,5.5V,3.6V,0.8V,0.24V @ 3A
TPS74401MRGWREP,Texas Instruments,IC REG LINEAR POS ADJ 3A 20-VQFN,pmic-voltage-regulators-linear,2877,28.66,20-VQFN Exposed Pad,Surface Mount,Active,,https://www.digikey.com/en/products/detail/texas-instruments/TPS74401MRGWREP/2261531,"Enable, Power Good, Soft Start",3A,,,,1,-55°C ~ 125°C,Positive,Adjustable,73dB ~ 50dB (1kHz ~ 800kHz),"Over Current, Over Temperature, Short Circuit, Under Voltage Lockout (UVLO)",,,5.5V,3.6V,0.8V,0.24V @ 3A
TPS74401RGRR,Texas Instruments,IC REG LINEAR POS ADJ 3A 20-VQFN,pmic-voltage-regulators-linear,3342,12.94,20-VFQFN Exposed Pad,Surface Mount,Active,,https://www.digikey.com/en/products/detail/texas-instruments/TPS74401RGRR/7653241,Enable,3A,,100 µA,,1,-40°C ~ 125°C (TJ),Positive,Adjustable,73dB ~ 50dB (1kHz ~ 800kHz),"Over Current, Over Temperature, Short Circuit, Under Voltage Lockout (UVLO)",,,5.5V,3.6V,0.8V,0.24V @ 3A
TPS74401RGWR,Texas Instruments,IC REG LINEAR POS ADJ 3A 20-VQFN,pmic-voltage-regulators-linear,10770,2.84,20-VQFN Exposed Pad,Surface Mount,Active,,https://www.digikey.com/en/products/detail/texas-instruments/TPS74401RGWR/1673022,"Enable, Power Good, Soft Start",3A,,,,1,-40°C ~ 125°C,Positive,Adjustable,73dB ~ 50dB (1kHz ~ 800kHz),"Over Current, Over Temperature, Short Circuit, Under Voltage Lockout (UVLO)",,,5.5V,3.6V,0.8V,0.24V @ 3A
TPS74401RGWT,Texas Instruments,IC REG LINEAR POS ADJ 3A 20-VQFN,pmic-voltage-regulators-linear,5548,9.15,20-VQFN Exposed Pad,Surface Mount,Active,,https://www.digikey.com/en/products/detail/texas-instruments/TPS74401RGWT/1120764,"Enable, Power Good, Soft Start",3A,,,,1,-40°C ~ 125°C,Positive,Adjustable,73dB ~ 50dB (1kHz ~ 800kHz),"Over Current, Over Temperature, Short Circuit, Under Voltage Lockout (UVLO)",,,5.5V,3.6V,0.8V,0.24V @ 3A
TPS74501PDRVR,Texas Instruments,IC REG LIN POS ADJ 500MA 6-WSON,pmic-voltage-regulators-linear,5068,0.74,6-WDFN Exposed Pad,Surface Mount,Active,,https://www.digikey.com/en/products/detail/texas-instruments/TPS74501PDRVR/10434728,"Enable, Power Good",500mA,35 µA,,,1,-40°C ~ 125°C (TJ),Positive,Adjustable,50dB ~ 30dB (1kHz ~ 1MHz),"Over Current, Over Temperature, Under Voltage Lockout (UVLO)",,,6V,5.5V,0.55V,0.88V @ 500mA
TPS74501PQWDRVRQ1,Texas Instruments,IC REG LIN POS ADJ 500MA 6-WSON,pmic-voltage-regulators-linear,26115,1.65,6-WDFN Exposed Pad,Surface Mount,Active,,https://www.digikey.com/en/products/detail/texas-instruments/TPS74501PQWDRVRQ1/11308868,"Enable, Power Good",500mA,36 µA,,Automotive,1,-40°C ~ 125°C (TJ),Positive,Adjustable,57dB ~ 35dB (1kHz ~ 1MHz),"Over Current, Over Temperature, Short Circuit, Under Voltage Lockout (UVLO)",AEC-Q100,,6V,5.5V,0.55V,0.72V @ 500mA
TPS74533PQWDRVRQ1,Texas Instruments,IC REG LINEAR 3.3V 500MA 6-WSON,pmic-voltage-regulators-linear,432,1.65,6-WDFN Exposed Pad,Surface Mount,Active,,https://www.digikey.com/en/products/detail/texas-instruments/TPS74533PQWDRVRQ1/11308854,"Enable, Power Good",500mA,36 µA,,Automotive,1,-40°C ~ 125°C (TJ),Positive,Fixed,57dB ~ 35dB (1kHz ~ 1MHz),"Over Current, Over Temperature, Short Circuit, Under Voltage Lockout (UVLO)",AEC-Q100,,6V,,3.3V,0.095V @ 500mA
TPS74601PBDRVR,Texas Instruments,IC REG LINEAR POS ADJ 1A 6-WSON,pmic-voltage-regulators-linear,13726,1.17,6-WDFN Exposed Pad,Surface Mount,Active,,https://www.digikey.com/en/products/detail/texas-instruments/TPS74601PBDRVR/10820139,Enable,1A,35 µA,,,1,-40°C ~ 125°C (TJ),Positive,Adjustable,50dB ~ 30dB (1kHz ~ 1MHz),"Over Current, Over Temperature",,,6V,5.5V,0.55V,0.896V @ 1A
TPS74601PDRVR,Texas Instruments,IC REG LINEAR POS ADJ 1A 6-WSON,pmic-voltage-regulators-linear,5616,1.17,6-WDFN Exposed Pad,Surface Mount,Active,,https://www.digikey.com/en/products/detail/texas-instruments/TPS74601PDRVR/10820483,Enable,1A,35 µA,,,1,-40°C ~ 125°C (TJ),Positive,Adjustable,50dB ~ 30dB (1kHz ~ 1MHz),"Over Current, Over Temperature",,,6V,5.5V,0.55V,0.896V @ 1A
TPS74633PCQWDRVRQ1,Texas Instruments,IC REG LINEAR 3.3V 1A 6-WSON,pmic-voltage-regulators-linear,9069,1.44,6-WDFN Exposed Pad,Surface Mount,Active,,https://www.digikey.com/en/products/detail/texas-instruments/TPS74633PCQWDRVRQ1/11502268,Enable,1A,36 µA,,Automotive,1,-40°C ~ 125°C (TA),Positive,Fixed,53dB ~ 30dB (1kHz ~ 1MHz),"Over Current, Over Temperature, Under Voltage Lockout (UVLO)",AEC-Q100,,6V,,3.3V,0.265V @ 1A
TPS74701DRCR,Texas Instruments,IC REG LIN POS ADJ 500MA 10VSON,pmic-voltage-regulators-linear,57370,2.24,10-VFDFN Exposed Pad,Surface Mount,Active,,https://www.digikey.com/en/products/detail/texas-instruments/TPS74701DRCR/1770163,"Enable, Power Good, Soft Start",500mA,,,,1,-40°C ~ 125°C,Positive,Adjustable,60dB ~ 30dB (1kHz ~ 300kHz),"Over Current, Over Temperature, Short Circuit, Under Voltage Lockout (UVLO)",,,5.5V,3.6V,0.8V,1.39V @ 500mA
TPS74801AWDRCR,Texas Instruments,IC REG LIN POS ADJ 1.5A 10VSON,pmic-voltage-regulators-linear,3894,1.88,10-VFDFN Exposed Pad,"Surface Mount, Wettable Flank",Active,https://www.ti.com/lit/ds/symlink/tps748a.pdf?ts=1698770767849&ref_url=https%253A%252F%252Fwww.ti.com%252Fsitesearch%252Fen-us%252Fdocs%252Funiversalsearch.tsp%253FlangPref%253Den-US%2526searchTerm%253DTPS74801AWDRCR%2526nr%253D4,https://www.digikey.com/en/products/detail/texas-instruments/TPS74801AWDRCR/21298516,"Current Limit, Enable, Power Good, Soft Start",1.5A,1.1 mA,,,1,-40°C ~ 125°C (TJ),Positive,Adjustable,60dB ~ 30dB (1kHz ~ 300kHz),"Over Current, Over Temperature, Short Circuit",,,6V,3.6V,0.8V,0.135V @ 1.5A
TPS74801DRCR,Texas Instruments,IC REG LIN POS ADJ 1.5A 10VSON,pmic-voltage-regulators-linear,61263,1.68,10-VFDFN Exposed Pad,Surface Mount,Active,https://www.ti.com/lit/ds/symlink/tps74801.pdf,https://www.digikey.com/en/products/detail/texas-instruments/TPS74801DRCR/1426918,"Enable, Power Good, Soft Start",1.5A,,,,1,-40°C ~ 125°C,Positive,Adjustable,50dB ~ 30dB (1kHz ~ 300kHz),"Over Current, Over Temperature, Short Circuit, Under Voltage Lockout (UVLO)",,,5.5V,3.6V,0.8V,0.16V @ 1.5A
TPS74801DRCT,Texas Instruments,IC REG LIN POS ADJ 1.5A 10VSON,pmic-voltage-regulators-linear,2686,2.43,10-VFDFN Exposed Pad,Surface Mount,Active,,https://www.digikey.com/en/products/detail/texas-instruments/TPS74801DRCT/1908307,"Enable, Power Good, Soft Start",1.5A,,,,1,-40°C ~ 125°C,Positive,Adjustable,50dB ~ 30dB (1kHz ~ 300kHz),"Over Current, Over Temperature, Short Circuit, Under Voltage Lockout (UVLO)",,,5.5V,3.6V,0.8V,0.16V @ 1.5A
TPS74801RGWR,Texas Instruments,IC REG LIN POS ADJ 1.5A 20-VQFN,pmic-voltage-regulators-linear,5349,1.96,20-VQFN Exposed Pad,Surface Mount,Active,,https://www.digikey.com/en/products/detail/texas-instruments/TPS74801RGWR/1632641,"Enable, Power Good, Soft Start",1.5A,,,,1,-40°C ~ 125°C,Positive,Adjustable,50dB ~ 30dB (1kHz ~ 300kHz),"Over Current, Over Temperature, Short Circuit, Under Voltage Lockout (UVLO)",,,5.5V,3.6V,0.8V,0.16V @ 1.5A
TPS74801TDRCRQ1,Texas Instruments,IC REG LIN POS ADJ 1.5A 10VSON,pmic-voltage-regulators-linear,9162,2.05,10-VFDFN Exposed Pad,Surface Mount,Active,,https://www.digikey.com/en/products/detail/texas-instruments/TPS74801TDRCRQ1/2424655,"Enable, Power Good, Soft Start",1.5A,,,Automotive,1,-40°C ~ 105°C,Positive,Adjustable,50dB ~ 30dB (1kHz ~ 300kHz),"Over Current, Over Temperature, Short Circuit, Under Voltage Lockout (UVLO)",AEC-Q100,,5.5V,3.6V,0.8V,0.16V @ 1.5A
TPS74901KTWR,Texas Instruments,IC REG LINEAR POS ADJ 3A TO263,pmic-voltage-regulators-linear,1997,4.25,"TO-263-8, D2PAK (7 Leads + Tab), TO-263CA",Surface Mount,Active,,https://www.digikey.com/en/products/detail/texas-instruments/TPS74901KTWR/1643089,"Enable, Power Good, Soft Start",3A,,,,1,-40°C ~ 125°C,Positive,Adjustable,60dB ~ 30dB (1kHz ~ 300kHz),"Over Current, Over Temperature, Short Circuit, Under Voltage Lockout (UVLO)",,,5.5V,3.6V,0.8V,0.28V @ 3A
TPS74901RGWR,Texas Instruments,IC REG LINEAR POS ADJ 3A 20-VQFN,pmic-voltage-regulators-linear,31332,1.81,20-VQFN Exposed Pad,Surface Mount,Active,,https://www.digikey.com/en/products/detail/texas-instruments/TPS74901RGWR/1666656,"Enable, Power Good, Soft Start",3A,,,,1,-40°C ~ 125°C,Positive,Adjustable,60dB ~ 30dB (1kHz ~ 300kHz),"Over Current, Over Temperature, Short Circuit, Under Voltage Lockout (UVLO)",,,5.5V,3.6V,0.8V,0.28V @ 3A
TPS74901RGWT,Texas Instruments,IC REG LINEAR POS ADJ 3A 20-VQFN,pmic-voltage-regulators-linear,3528,5.29,20-VQFN Exposed Pad,Surface Mount,Active,,https://www.digikey.com/en/products/detail/texas-instruments/TPS74901RGWT/1908318,"Enable, Power Good, Soft Start",3A,,,,1,-40°C ~ 125°C,Positive,Adjustable,60dB ~ 30dB (1kHz ~ 300kHz),"Over Current, Over Temperature, Short Circuit, Under Voltage Lockout (UVLO)",,,5.5V,3.6V,0.8V,0.28V @ 3A
TPS75501KTTR,Texas Instruments,IC REG LINEAR POS ADJ 5A TO263,pmic-voltage-regulators-linear,714,9.4,"TO-263-6, D2PAK (5 Leads + Tab), TO-263BA",Surface Mount,Active,https://www.ti.com/lit/ds/slvs293d/slvs293d.pdf,https://www.digikey.com/en/products/detail/texas-instruments/TPS75501KTTR/1673094,"Enable, Power Good",5A,200 µA,,,1,-40°C ~ 125°C,Positive,Adjustable,60dB (100Hz),"Over Current, Over Temperature, Reverse Polarity, Under Voltage Lockout (UVLO)",,,5.5V,5V,1.22V,
TPS75533KTTR,Texas Instruments,IC REG LINEAR 3.3V 5A TO263,pmic-voltage-regulators-linear,2072,9.4,"TO-263-6, D2PAK (5 Leads + Tab), TO-263BA",Surface Mount,Active,https://www.ti.com/lit/ds/slvs293d/slvs293d.pdf,https://www.digikey.com/en/products/detail/texas-instruments/TPS75533KTTR/1673110,"Enable, Power Good",5A,200 µA,,,1,-40°C ~ 125°C,Positive,Fixed,60dB (100Hz),"Over Current, Over Temperature, Reverse Polarity, Under Voltage Lockout (UVLO)",,,5.5V,,3.3V,0.5V @ 5A
TPS75633KTTT,Texas Instruments,IC REG LINEAR 3.3V 5A TO263,pmic-voltage-regulators-linear,4103,10.81,"TO-263-6, D2PAK (5 Leads + Tab), TO-263BA",Surface Mount,Active,https://www.ti.com/lit/ds/slvs329c/slvs329c.pdf,https://www.digikey.com/en/products/detail/texas-instruments/TPS75633KTTT/616246,Enable,5A,200 µA,,,1,-40°C ~ 125°C,Positive,Fixed,60dB (100Hz),"Over Current, Over Temperature, Reverse Polarity, Under Voltage Lockout (UVLO)",,,5.5V,,3.3V,0.5V @ 5A
TPS75801KTTR,Texas Instruments,IC REG LINEAR POS ADJ 3A TO263,pmic-voltage-regulators-linear,250,9.22,"TO-263-6, D2PAK (5 Leads + Tab), TO-263BA",Surface Mount,Active,https://www.ti.com/lit/ds/symlink/tps758.pdf,https://www.digikey.com/en/products/detail/texas-instruments/TPS75801KTTR/1673154,Enable,3A,200 µA,,,1,-40°C ~ 125°C,Positive,Adjustable,62dB (100Hz),"Over Current, Over Temperature, Reverse Polarity, Under Voltage Lockout (UVLO)",,,5.5V,5V,1.225V,
TPS75901KTTR,Texas Instruments,IC REG LINEAR POS ADJ 7.5A TO263,pmic-voltage-regulators-linear,11112,8.2,"TO-263-6, D2PAK (5 Leads + Tab), TO-263BA",Surface Mount,Active,https://www.ti.com/lit/ds/symlink/tps759.pdf,https://www.digikey.com/en/products/detail/texas-instruments/TPS75901KTTR/1673174,"Enable, Power Good",7.5A,200 µA,,,1,-40°C ~ 125°C,Positive,Adjustable,58dB (100Hz),"Over Current, Over Temperature, Reverse Polarity, Under Voltage Lockout (UVLO)",,,5.5V,5V,1.22V,
TPS75933KTTR,Texas Instruments,IC REG LINEAR 3.3V 7.5A TO263,pmic-voltage-regulators-linear,594,8.2,"TO-263-6, D2PAK (5 Leads + Tab), TO-263BA",Surface Mount,Active,https://www.ti.com/lit/ds/symlink/tps759.pdf,https://www.digikey.com/en/products/detail/texas-instruments/TPS75933KTTR/1673190,"Enable, Power Good",7.5A,200 µA,,,1,-40°C ~ 125°C,Positive,Fixed,58dB (100Hz),"Over Current, Over Temperature, Reverse Polarity, Under Voltage Lockout (UVLO)",,,5.5V,,3.3V,0.75V @ 7.5A
TPS76150DBVR,Texas Instruments,IC REG LINEAR 5V 100MA SOT23-5,pmic-voltage-regulators-linear,1710,1.97,"SC-74A, SOT-753",Surface Mount,Active,,https://www.digikey.com/en/products/detail/texas-instruments/TPS76150DBVR/382151,Enable,100mA,115 µA,4 mA,,1,-40°C ~ 125°C,Positive,Fixed,63dB (1kHz),"Over Current, Over Temperature, Reverse Polarity, Transient Voltage",,,16V,,5V,0.28V @ 100mA
TPS76333DBVR,Texas Instruments,IC REG LINEAR 3.3V 150MA SOT23-5,pmic-voltage-regulators-linear,13694,0.63,"SC-74A, SOT-753",Surface Mount,Active,https://www.ti.com/lit/ds/symlink/tps763.pdf?ts=1704882534161&ref_url=https%253A%252F%252Fwww.ti.com%252Fproduct%252FTPS763,https://www.digikey.com/en/products/detail/texas-instruments/TPS76333DBVR/382158,Enable,150mA,100 µA,140 µA,,1,-40°C ~ 125°C,Positive,Fixed,60dB (1kHz),"Over Current, Over Temperature, Reverse Polarity",,,10V,,3.3V,0.5V @ 150mA
TPS76333QDBVRQ1,Texas Instruments,IC REG LINEAR 3.3V 150MA SOT23-5,pmic-voltage-regulators-linear,7779,1.24,"SC-74A, SOT-753",Surface Mount,Active,https://www.ti.com/lit/ds/sgls247b/sgls247b.pdf,https://www.digikey.com/en/products/detail/texas-instruments/TPS76333QDBVRQ1/717103,Enable,150mA,100 µA,140 µA,Automotive,1,-40°C ~ 125°C,Positive,Fixed,60dB (1kHz),"Over Current, Over Temperature, Reverse Polarity",AEC-Q100,,10V,,3.3V,0.5V @ 150mA
TPS76350DBVR,Texas Instruments,IC REG LINEAR 5V 150MA SOT23-5,pmic-voltage-regulators-linear,8350,0.63,"SC-74A, SOT-753",Surface Mount,Active,https://www.ti.com/lit/ds/symlink/tps763.pdf?ts=1704882534161&ref_url=https%253A%252F%252Fwww.ti.com%252Fproduct%252FTPS763,https://www.digikey.com/en/products/detail/texas-instruments/TPS76350DBVR/382163,Enable,150mA,100 µA,140 µA,,1,-40°C ~ 125°C,Positive,Fixed,60dB (1kHz),"Over Current, Over Temperature, Reverse Polarity",,,10V,,5V,0.3V @ 150mA
TPS767D301PWP,Texas Instruments,IC REG LIN POS ADJ 1A 28-HTSSOP,pmic-voltage-regulators-linear,1322,8.31,"28-PowerTSSOP (0.173"", 4.40mm Width)",Surface Mount,Active,,https://www.digikey.com/en/products/detail/texas-instruments/TPS767D301PWP/306613,"Enable, Reset",1A,125 µA,,,2,-40°C ~ 125°C,Positive,Adjustable (Fixed),60dB (1kHz),"Over Current, Over Temperature, Reverse Polarity",,,10V,,"3.3V, 1.5 V ~ 5.5 V",0.58V @ 1A
TPS767D301PWPR,Texas Instruments,IC REG LIN POS ADJ 1A 28-HTSSOP,pmic-voltage-regulators-linear,6053,7.1,"28-PowerTSSOP (0.173"", 4.40mm Width)",Surface Mount,Active,,https://www.digikey.com/en/products/detail/texas-instruments/TPS767D301PWPR/1673344,"Enable, Reset",1A,125 µA,,,2,-40°C ~ 125°C,Positive,Adjustable (Fixed),60dB (1kHz),"Over Current, Over Temperature, Reverse Polarity",,,10V,,"3.3V, 1.5 V ~ 5.5 V",0.58V @ 1A
TPS767D301QPWPRQ1,Texas Instruments,IC REG LIN POS ADJ 1A 28-HTSSOP,pmic-voltage-regulators-linear,3631,8.19,"28-PowerTSSOP (0.173"", 4.40mm Width)",Surface Mount,Active,https://www.ti.com/lit/ds/sgls231a/sgls231a.pdf,https://www.digikey.com/en/products/detail/texas-instruments/TPS767D301QPWPRQ1/863824,"Enable, Reset",1A,125 µA,,Automotive,2,-40°C ~ 125°C,Positive,Adjustable (Fixed),60dB (1kHz),"Over Current, Over Temperature, Reverse Polarity",AEC-Q100,,10V,,"3.3V, 1.5 V ~ 5.5 V",0.58V @ 1A
TPS767D318PWPR,Texas Instruments,IC REG LIN 1.8/3.3V 1A 28-HTSSOP,pmic-voltage-regulators-linear,2014,7.1,"28-PowerTSSOP (0.173"", 4.40mm Width)",Surface Mount,Active,,https://www.digikey.com/en/products/detail/texas-instruments/TPS767D318PWPR/1673347,"Enable, Reset",1A,125 µA,,,2,-40°C ~ 125°C,Positive,Fixed,60dB (1kHz),"Over Current, Over Temperature, Reverse Polarity",,,10V,,"1.8V, 3.3V",0.58V @ 1A
TPS76833QDR,Texas Instruments,IC REG LINEAR 3.3V 1A 8-SOIC,pmic-voltage-regulators-linear,4125,4.17,"8-SOIC (0.154"", 3.90mm Width)",Surface Mount,Active,https://www.ti.com/lit/ds/slvs211l/slvs211l.pdf,https://www.digikey.com/en/products/detail/texas-instruments/TPS76833QDR/1673383,"Enable, Power Good",1A,125 µA,,,1,-40°C ~ 125°C,Positive,Fixed,60dB (1kHz),"Over Current, Over Temperature, Reverse Polarity",,,10V,,3.3V,0.58V @ 1A
TPS76901DBVR,Texas Instruments,IC REG LIN POS ADJ 100MA SOT23-5,pmic-voltage-regulators-linear,2188,1.21,"SC-74A, SOT-753",Surface Mount,Active,,https://www.digikey.com/en/products/detail/texas-instruments/TPS76901DBVR/382254,Enable,100mA,28 µA,,,1,-40°C ~ 125°C,Positive,Adjustable,60dB (1kHz),"Over Current, Over Temperature, Reverse Polarity",,,10V,5.5V,1.2V,
TPS76901SDBVTEP,Texas Instruments,IC REG LIN POS ADJ 100MA SOT23-5,pmic-voltage-regulators-linear,610,52.66,"SC-74A, SOT-753",Surface Mount,Active,,https://www.digikey.com/en/products/detail/texas-instruments/TPS76901SDBVTEP/2197035,Enable,100mA,28 µA,,,1,-55°C ~ 150°C,Positive,Adjustable,60dB (1kHz),"Over Current, Over Temperature, Reverse Polarity",,,10V,4.5V,1.2V,
TPS76933DBVR,Texas Instruments,IC REG LINEAR 3.3V 100MA SOT23-5,pmic-voltage-regulators-linear,40384,0.98,"SC-74A, SOT-753",Surface Mount,Active,,https://www.digikey.com/en/products/detail/texas-instruments/TPS76933DBVR/382260,Enable,100mA,28 µA,,,1,-40°C ~ 125°C,Positive,Fixed,60dB (1kHz),"Over Current, Over Temperature, Reverse Polarity",,,10V,,3.3V,0.2V @ 100mA
TPS77033DBVR,Texas Instruments,IC REG LINEAR 3.3V 50MA SOT23-5,pmic-voltage-regulators-linear,9048,1.53,"SC-74A, SOT-753",Surface Mount,Active,,https://www.digikey.com/en/products/detail/texas-instruments/TPS77033DBVR/382235,Enable,50mA,28 µA,,,1,-40°C ~ 125°C,Positive,Fixed,60dB (1kHz),"Over Current, Over Temperature, Reverse Polarity",,,10V,,3.3V,0.1V @ 50mA
TPS78001DDCR,Texas Instruments,IC REG LINEAR POS ADJ SOT23,pmic-voltage-regulators-linear,1764,0.87,"SOT-23-5 Thin, TSOT-23-5",Surface Mount,Active,,https://www.digikey.com/en/products/detail/texas-instruments/TPS78001DDCR/1833266,Enable,150mA,800 nA,5 µA,,1,-40°C ~ 125°C,Positive,Adjustable,40dB ~ 15dB (10Hz ~ 1kHz),"Over Current, Over Temperature, Reverse Polarity",,,5.5V,5.25V,1.22V,
TPS78518QWDRBRQ1,Texas Instruments,IC REG LINEAR 1.8V 1A 8-SON,pmic-voltage-regulators-linear,6844,1.71,8-VDFN Exposed Pad,"Surface Mount, Wettable Flank",Active,,https://www.digikey.com/en/products/detail/texas-instruments/TPS78518QWDRBRQ1/14123986,Enable,1A,40 µA,,Automotive,1,-40°C ~ 150°C (TJ),Positive,Fixed,60dB ~ 30dB (1kHz ~ 1MHz),"Over Current, Over Temperature",AEC-Q100,,6V,,1.8V,0.425V @ 1A
TPS78533QKVURQ1,Texas Instruments,IC REG LINEAR 3.3V 1A TO252-5,pmic-voltage-regulators-linear,4899,1.84,"TO-252-5, DPAK (4 Leads + Tab), TO-252AD",Surface Mount,Active,,https://www.digikey.com/en/products/detail/texas-instruments/TPS78533QKVURQ1/14123964,Enable,1A,40 µA,,Automotive,1,-40°C ~ 150°C (TJ),Positive,Fixed,60dB ~ 30dB (1kHz ~ 1MHz),"Over Current, Over Temperature",AEC-Q100,,6V,,3.3V,0.425V @ 1A
TPS78533QWDRBRQ1,Texas Instruments,IC REG LINEAR 3.3V 1A 8-SON,pmic-voltage-regulators-linear,1291,1.71,8-VDFN Exposed Pad,"Surface Mount, Wettable Flank",Active,,https://www.digikey.com/en/products/detail/texas-instruments/TPS78533QWDRBRQ1/14123967,Enable,1A,40 µA,,Automotive,1,-40°C ~ 150°C (TJ),Positive,Fixed,60dB ~ 30dB (1kHz ~ 1MHz),"Over Current, Over Temperature",AEC-Q100,,6V,,3.3V,0.315V @ 1A
TPS78601DCQ,Texas Instruments,IC REG LIN POS ADJ 1.5A SOT223-6,pmic-voltage-regulators-linear,1120,5.76,SOT-223-6,Surface Mount,Active,https://www.ti.com/lit/ds/symlink/tps786.pdf,https://www.digikey.com/en/products/detail/texas-instruments/TPS78601DCQ/1673630,Enable,1.5A,385 µA,,,1,-40°C ~ 125°C,Positive,Adjustable,59dB ~ 32dB (100Hz ~ 100kHz),"Over Current, Over Temperature, Reverse Polarity, Under Voltage Lockout (UVLO)",,,5.5V,5.5V,1.2V,0.47V @ 1.5A
TPS78601DCQR,Texas Instruments,IC REG LIN POS ADJ 1.5A SOT223-6,pmic-voltage-regulators-linear,2589,3.03,SOT-223-6,Surface Mount,Active,https://www.ti.com/lit/ds/symlink/tps786.pdf,https://www.digikey.com/en/products/detail/texas-instruments/TPS78601DCQR/509941,Enable,1.5A,385 µA,,,1,-40°C ~ 125°C,Positive,Adjustable,59dB ~ 32dB (100Hz ~ 100kHz),"Over Current, Over Temperature, Reverse Polarity, Under Voltage Lockout (UVLO)",,,5.5V,5.5V,1.2V,0.47V @ 1.5A
TPS78633DCQR,Texas Instruments,IC REG LIN 3.3V 1.5A SOT-223-6,pmic-voltage-regulators-linear,3499,3.03,SOT-223-6,Surface Mount,Active,https://www.ti.com/lit/ds/symlink/tps786.pdf,https://www.digikey.com/en/products/detail/texas-instruments/TPS78633DCQR/509952,Enable,1.5A,385 µA,,,1,-40°C ~ 125°C,Positive,Fixed,59dB ~ 32dB (100Hz ~ 100kHz),"Over Current, Over Temperature, Reverse Polarity, Under Voltage Lockout (UVLO)",,,5.5V,,3.3V,0.51V @ 1.5A
TPS79301DBVR,Texas Instruments,IC REG LIN POS ADJ 200MA SOT23-6,pmic-voltage-regulators-linear,27387,0.38,SOT-23-6,Surface Mount,Active,https://www.digikey.com//mm.digikey.com/Volume0/opasdata/d220001/medias/docus/1134/TPS793_Rev2015.pdf,https://www.digikey.com/en/products/detail/texas-instruments/TPS79301DBVR/411988,Enable,200mA,220 µA,,,1,-40°C ~ 150°C,Positive,Adjustable,70dB ~ 43dB (100Hz ~ 100kHz),"Over Current, Over Temperature, Reverse Polarity, Under Voltage Lockout (UVLO)",,,5.5V,5.5V,1.22V,
TPS79533DCQR,Texas Instruments,IC REG LIN 3.3V 500MA SOT-223-6,pmic-voltage-regulators-linear,5714,2.64,SOT-223-6,Surface Mount,Active,,https://www.digikey.com/en/products/detail/texas-instruments/TPS79533DCQR/510347,Enable,500mA,385 µA,,,1,-40°C ~ 125°C,Positive,Fixed,59dB ~ 39dB (100Hz ~ 100kHz),"Over Current, Over Temperature, Reverse Polarity, Under Voltage Lockout (UVLO)",,,5.5V,,3.3V,0.16V @ 500mA
TPS79633DCQR,Texas Instruments,IC REG LINEAR 3.3V 1A SOT-223-6,pmic-voltage-regulators-linear,7269,3.08,SOT-223-6,Surface Mount,Active,https://www.ti.com/lit/ds/symlink/tps796.pdf,https://www.digikey.com/en/products/detail/texas-instruments/TPS79633DCQR/509964,Enable,1A,385 µA,,,1,-40°C ~ 125°C,Positive,Fixed,59dB ~ 42dB (100Hz ~ 100kHz),"Over Current, Over Temperature, Reverse Polarity, Under Voltage Lockout (UVLO)",,,5.5V,,3.3V,0.33V @ 1A
TPS79650DRBR,Texas Instruments,IC REG LINEAR 5V 1A 8-SON,pmic-voltage-regulators-linear,1899,3.25,8-VDFN Exposed Pad,Surface Mount,Active,https://www.ti.com/lit/ds/symlink/tps796.pdf,https://www.digikey.com/en/products/detail/texas-instruments/TPS79650DRBR/1258236,Enable,1A,385 µA,,,1,-40°C ~ 125°C,Positive,Fixed,59dB ~ 42dB (100Hz ~ 100kHz),"Over Current, Over Temperature, Reverse Polarity, Under Voltage Lockout (UVLO)",,,5.5V,,5V,0.3V @ 1A
TPS79718DCKR,Texas Instruments,IC REG LINEAR 1.8V 50MA SC-70-5,pmic-voltage-regulators-linear,10574,0.94,"5-TSSOP, SC-70-5, SOT-353",Surface Mount,Active,,https://www.digikey.com/en/products/detail/texas-instruments/TPS79718DCKR/390517,Power Good,50mA,2 µA,,,1,-40°C ~ 85°C,Positive,Fixed,50dB (100Hz),"Over Current, Reverse Polarity",,,5.5V,,1.8V,
TPS79801QDGNRQ1,Texas Instruments,IC REG LIN POS ADJ 50MA 8-HVSSOP,pmic-voltage-regulators-linear,28011,3.32,"8-TSSOP, 8-MSOP (0.118"", 3.00mm Width) Exposed Pad",Surface Mount,Active,,https://www.digikey.com/en/products/detail/texas-instruments/TPS79801QDGNRQ1/2043914,Enable,50mA,80 µA,3.3 mA,Automotive,1,-40°C ~ 125°C,Positive,Adjustable,65dB (120Hz),"Over Current, Over Temperature, Reverse Polarity",AEC-Q100,,50V,28V,1.275V,0.55V @ 50mA
TPS79850QDGNRQ1,Texas Instruments,IC REG LINEAR 5V 50MA 8-HVSSOP,pmic-voltage-regulators-linear,5110,3.06,"8-TSSOP, 8-MSOP (0.118"", 3.00mm Width) Exposed Pad",Surface Mount,Active,,https://www.digikey.com/en/products/detail/texas-instruments/TPS79850QDGNRQ1/2043915,Enable,50mA,80 µA,3.3 mA,Automotive,1,-40°C ~ 125°C,Positive,Fixed,65dB (120Hz),"Over Current, Over Temperature, Reverse Polarity",AEC-Q100,,50V,,5V,0.55V @ 50mA
TPS79933DDCR,Texas Instruments,IC REG LINEAR 3.3V 200MA SOT23,pmic-voltage-regulators-linear,17556,0.87,"SOT-23-5 Thin, TSOT-23-5",Surface Mount,Active,,https://www.digikey.com/en/products/detail/texas-instruments/TPS79933DDCR/717449,Enable,200mA,60 µA,,,1,-40°C ~ 125°C,Positive,Fixed,70dB ~ 38dB (100Hz ~ 100kHz),"Over Current, Over Temperature, Reverse Polarity, Under Voltage Lockout (UVLO)",,,6.5V,,3.3V,0.16V @ 200mA
TPS7A0218PDBVR,Texas Instruments,IC REG LINEAR 1.8V 200MA SOT23-5,pmic-voltage-regulators-linear,8105,0.84,"SC-74A, SOT-753",Surface Mount,Active,,https://www.digikey.com/en/products/detail/texas-instruments/TPS7A0218PDBVR/12165211,Enable,200mA,60 nA,,,1,-40°C ~ 125°C (TJ),Positive,Fixed,55dB (1kHz),"Over Current, Over Temperature, Under Voltage Lockout (UVLO)",,,6V,,1.8V,0.45V @ 200mA
TPS7A0218PDQNR,Texas Instruments,IC REG LINEAR 1.8V 200MA 4-X2SON,pmic-voltage-regulators-linear,8250,0.84,4-XDFN Exposed Pad,Surface Mount,Active,,https://www.digikey.com/en/products/detail/texas-instruments/TPS7A0218PDQNR/11502185,Enable,200mA,60 nA,,,1,-40°C ~ 125°C (TJ),Positive,Fixed,55dB (1kHz),"Over Current, Over Temperature, Under Voltage Lockout (UVLO)",,,6V,,1.8V,0.45V @ 200mA
TPS7A0230PDQNR,Texas Instruments,IC REG LINEAR 3V 200MA 4-X2SON,pmic-voltage-regulators-linear,20415,0.84,4-XDFN Exposed Pad,Surface Mount,Active,,https://www.digikey.com/en/products/detail/texas-instruments/TPS7A0230PDQNR/11502201,Enable,200mA,60 nA,,,1,-40°C ~ 125°C (TJ),Positive,Fixed,55dB (1kHz),"Over Current, Over Temperature, Under Voltage Lockout (UVLO)",,,6V,,3V,0.36V @ 200mA
TPS7A0233PDBVR,Texas Instruments,IC REG LINEAR 3.3V 200MA SOT23-5,pmic-voltage-regulators-linear,5849,0.84,"SC-74A, SOT-753",Surface Mount,Active,,https://www.digikey.com/en/products/detail/texas-instruments/TPS7A0233PDBVR/12165099,Enable,200mA,60 nA,,,1,-40°C ~ 125°C (TJ),Positive,Fixed,55dB (1kHz),"Over Current, Over Temperature, Under Voltage Lockout (UVLO)",,,6V,,3.3V,0.31V @ 200mA
TPS7A0233PYCHR,Texas Instruments,IC REG LINEAR 3.3V 200MA 4-DSBGA,pmic-voltage-regulators-linear,32299,0.83,"4-XFBGA, DSBGA",Surface Mount,Active,,https://www.digikey.com/en/products/detail/texas-instruments/TPS7A0233PYCHR/15856706,"Current Limit, Enable",200mA,60 nA,,,1,-40°C ~ 125°C (TJ),Positive,Fixed,55dB (1kHz),"Over Current, Over Temperature, Under Voltage Lockout (UVLO)",,,6V,,3.3V,0.31V @ 200mA
TPS7A0518PYKAR,Texas Instruments,IC REG LINEAR 1.8V 200MA 4-DSBGA,pmic-voltage-regulators-linear,21936,0.31,"4-XFBGA, DSBGA",Surface Mount,Active,,https://www.digikey.com/en/products/detail/texas-instruments/TPS7A0518PYKAR/9665971,Enable,200mA,3 µA,,,1,-40°C ~ 125°C (TJ),Positive,Fixed,40dB (1kHz ~ 1MHz),"Over Current, Over Temperature, Under Voltage Lockout (UVLO)",,,5.5V,,1.8V,0.382V @ 200mA
TPS7A0533PDQNR,Texas Instruments,IC REG LINEAR 3.3V 200MA 4-X2SON,pmic-voltage-regulators-linear,24861,0.3,4-XDFN Exposed Pad,Surface Mount,Active,https://www.ti.com/lit/ds/symlink/tps7a05.pdf,https://www.digikey.com/en/products/detail/texas-instruments/TPS7A0533PDQNR/9356514,Enable,200mA,3 µA,,,1,-40°C ~ 125°C (TJ),Positive,Fixed,40dB (1kHz ~ 1MHz),"Over Current, Over Temperature, Under Voltage Lockout (UVLO)",,,5.5V,,3.3V,0.235V @ 200mA
TPS7A1601AQDGNRQ1,Texas Instruments,IC REG LIN POS ADJ 100MA 8HVSSOP,pmic-voltage-regulators-linear,1475,3.82,"8-TSSOP, 8-MSOP (0.118"", 3.00mm Width) Exposed Pad",Surface Mount,Active,,https://www.digikey.com/en/products/detail/texas-instruments/TPS7A1601AQDGNRQ1/10820159,"Enable, Power Good",100mA,5 µA,60 µA,Automotive,1,-40°C ~ 125°C (TJ),Positive,Adjustable,50dB (100Hz),"Over Current, Over Temperature, UVLO",AEC-Q100,,60V,18.5V,1.2V,0.265V @ 100mA
TPS7A1601DGNR,Texas Instruments,IC REG LIN POS ADJ 100MA 8HVSSOP,pmic-voltage-regulators-linear,612,4.12,"8-TSSOP, 8-MSOP (0.118"", 3.00mm Width) Exposed Pad",Surface Mount,Active,,https://www.digikey.com/en/products/detail/texas-instruments/TPS7A1601DGNR/2811171,"Enable, Power Good",100mA,15 µA,,,1,-40°C ~ 125°C,Positive,Adjustable,50dB (100Hz),"Over Current, Over Temperature, Under Voltage Lockout (UVLO)",,,60V,18.5V,1.2V,0.5V @ 100mA
TPS7A1601DRBR,Texas Instruments,IC REG LIN POS ADJ 100MA 8-SON,pmic-voltage-regulators-linear,3088,4.12,8-VDFN Exposed Pad,Surface Mount,Active,,https://www.digikey.com/en/products/detail/texas-instruments/TPS7A1601DRBR/4494487,"Enable, Power Good",100mA,15 µA,,,1,-40°C ~ 125°C,Positive,Adjustable,50dB (100Hz),"Over Current, Over Temperature, Under Voltage Lockout (UVLO)",,,60V,18.5V,1.2V,0.5V @ 100mA
TPS7A1601QDGNRQ1,Texas Instruments,IC REG LIN POS ADJ 100MA 8HVSSOP,pmic-voltage-regulators-linear,2137,5.14,"8-TSSOP, 8-MSOP (0.118"", 3.00mm Width) Exposed Pad",Surface Mount,Active,,https://www.digikey.com/en/products/detail/texas-instruments/TPS7A1601QDGNRQ1/3471188,"Enable, Power Good",100mA,15 µA,,Automotive,1,-40°C ~ 125°C,Positive,Adjustable,50dB (100Hz),"Over Current, Over Temperature, Under Voltage Lockout (UVLO)",AEC-Q100,,60V,18.5V,1.2V,0.5V @ 100mA
TPS7A1633AQDGNRQ1,Texas Instruments,IC REG LIN 3.3V 100MA 8-HVSSOP,pmic-voltage-regulators-linear,3799,3.82,"8-TSSOP, 8-MSOP (0.118"", 3.00mm Width) Exposed Pad",Surface Mount,Active,,https://www.digikey.com/en/products/detail/texas-instruments/TPS7A1633AQDGNRQ1/10820218,"Enable, Power Good",100mA,15 µA,60 µA,Automotive,1,-40°C ~ 125°C (TJ),Positive,Fixed,50dB (100Hz),"Over Current, Over Temperature, UVLO",AEC-Q100,,60V,,3.3V,0.265V @ 100mA
TPS7A1633DRBR,Texas Instruments,IC REG LINEAR 3.3V 100MA 8-SON,pmic-voltage-regulators-linear,2014,4.12,8-VDFN Exposed Pad,Surface Mount,Active,,https://www.digikey.com/en/products/detail/texas-instruments/TPS7A1633DRBR/5031608,"Enable, Power Good",100mA,15 µA,,,1,-40°C ~ 125°C,Positive,Fixed,50dB (100Hz),"Over Current, Over Temperature, Under Voltage Lockout (UVLO)",,,60V,,3.3V,0.5V @ 100mA
TPS7A1633QDGNRQ1,Texas Instruments,IC REG LIN 3.3V 100MA 8-HVSSOP,pmic-voltage-regulators-linear,4189,5.14,"8-TSSOP, 8-MSOP (0.118"", 3.00mm Width) Exposed Pad",Surface Mount,Active,,https://www.digikey.com/en/products/detail/texas-instruments/TPS7A1633QDGNRQ1/3305531,"Enable, Power Good",100mA,15 µA,,Automotive,1,-40°C ~ 125°C,Positive,Fixed,50dB (100Hz),"Over Current, Over Temperature, Under Voltage Lockout (UVLO)",AEC-Q100,,60V,,3.3V,0.5V @ 100mA
TPS7A1650DGNR,Texas Instruments,IC REG LINEAR 5V 100MA 8-HVSSOP,pmic-voltage-regulators-linear,4473,4.29,"8-TSSOP, 8-MSOP (0.118"", 3.00mm Width) Exposed Pad",Surface Mount,Active,,https://www.digikey.com/en/products/detail/texas-instruments/TPS7A1650DGNR/2833537,"Enable, Power Good",100mA,15 µA,,,1,-40°C ~ 125°C,Positive,Fixed,50dB (100Hz),"Over Current, Over Temperature, Under Voltage Lockout (UVLO)",,,60V,,5V,0.5V @ 100mA
TPS7A1650QDGNRQ1,Texas Instruments,IC REG LINEAR 5V 100MA 8-HVSSOP,pmic-voltage-regulators-linear,12492,5.14,"8-TSSOP, 8-MSOP (0.118"", 3.00mm Width) Exposed Pad",Surface Mount,Active,,https://www.digikey.com/en/products/detail/texas-instruments/TPS7A1650QDGNRQ1/3466837,"Enable, Power Good",100mA,15 µA,,Automotive,1,-40°C ~ 125°C,Positive,Fixed,50dB (100Hz),"Over Current, Over Temperature, Under Voltage Lockout (UVLO)",AEC-Q100,,60V,,5V,0.5V @ 100mA
TPS7A1901DRBT,Texas Instruments,IC REG LIN POS ADJ 450MA 8-SON,pmic-voltage-regulators-linear,155,2.2,8-VDFN Exposed Pad,Surface Mount,Active,,https://www.digikey.com/en/products/detail/texas-instruments/TPS7A1901DRBT/6348598,Enable,450mA,40 µA,,,1,-40°C ~ 125°C (TA),Positive,Adjustable,45dB (100kHz),"Over Current, Over Temperature",,,40V,18V,1.5V,0.45V @ 400mA
TPS7A2012PYCJR,Texas Instruments,IC REG LINEAR 1.2V 300MA 4-DSBGA,pmic-voltage-regulators-linear,10220,0.31,"4-XFBGA, DSBGA",Surface Mount,Active,,https://www.digikey.com/en/products/detail/texas-instruments/TPS7A2012PYCJR/16553862,"Current Limit, Enable",300mA,15 µA,,,1,-40°C ~ 125°C (TJ),Positive,Fixed,65dB ~ 40dB (100Hz ~ 1MHz),"Over Current, Over Temperature, Short Circuit",,,6V,,1.2V,0.355V @ 300mA
TPS7A2018PDBVR,Texas Instruments,IC REG LINEAR 1.8V 300MA SOT23-5,pmic-voltage-regulators-linear,13822,0.35,"SC-74A, SOT-753",Surface Mount,Active,,https://www.digikey.com/en/products/detail/texas-instruments/TPS7A2018PDBVR/13566855,Enable,300mA,15 µA,2 mA,,1,-40°C ~ 125°C (TJ),Positive,Fixed,65dB ~ 40dB (100Hz ~ 1MHz),"Over Current, Over Temperature, Under Voltage Lockout (UVLO)",,,6V,,1.8V,0.2V @ 300mA
TPS7A2018PYCKR,Texas Instruments,IC REG LINEAR 1.8V 300MA 4-DSBGA,pmic-voltage-regulators-linear,21575,0.31,"4-XFBGA, DSBGA",Surface Mount,Active,https://www.ti.com/lit/ds/symlink/tps7a20.pdf,https://www.digikey.com/en/products/detail/texas-instruments/TPS7A2018PYCKR/16676095,"Current Limit, Enable, Soft Start",300mA,15 µA,,,1,-40°C ~ 125°C (TJ),Positive,Fixed,65dB ~ 40dB (100Hz ~ 1MHz),"Over Current, Over Temperature, Short Circuit, Under Voltage Lockout (UVLO)",,,6V,,1.8V,0.2V @ 300mA
TPS7A2030PDBVR,Texas Instruments,IC REG LINEAR 3V 300MA SOT23-5,pmic-voltage-regulators-linear,2009,0.35,"SC-74A, SOT-753",Surface Mount,Active,,https://www.digikey.com/en/products/detail/texas-instruments/TPS7A2030PDBVR/13566871,Enable,300mA,15 µA,2 mA,,1,-40°C ~ 125°C (TJ),Positive,Fixed,65dB ~ 40dB (100Hz ~ 1MHz),"Over Current, Over Temperature, Under Voltage Lockout (UVLO)",,,6V,,3V,0.14V @ 300mA
TPS7A2030PDQNR,Texas Instruments,IC REG LINEAR 3V 300MA 4-X2SON,pmic-voltage-regulators-linear,29610,0.33,4-XDFN Exposed Pad,Surface Mount,Active,,https://www.digikey.com/en/products/detail/texas-instruments/TPS7A2030PDQNR/13670597,Enable,300mA,15 µA,2 mA,,1,-40°C ~ 125°C (TJ),Positive,Fixed,65dB ~ 40dB (100Hz ~ 1MHz),"Over Current, Over Temperature, Under Voltage Lockout (UVLO)",,,6V,,3V,0.14V @ 300mA
TPS7A2033PDBVR,Texas Instruments,IC REG LINEAR 3.3V 300MA SOT23-5,pmic-voltage-regulators-linear,26656,0.35,"SC-74A, SOT-753",Surface Mount,Active,,https://www.digikey.com/en/products/detail/texas-instruments/TPS7A2033PDBVR/13566866,Enable,300mA,15 µA,2 mA,,1,-40°C ~ 125°C (TJ),Positive,Fixed,65dB ~ 40dB (100Hz ~ 1MHz),"Over Current, Over Temperature, Under Voltage Lockout (UVLO)",,,6V,,3.3V,0.14V @ 300mA
TPS7A2050PDBVR,Texas Instruments,IC REG LINEAR 5V 300MA SOT23-5,pmic-voltage-regulators-linear,110326,0.37,"SC-74A, SOT-753",Surface Mount,Active,,https://www.digikey.com/en/products/detail/texas-instruments/TPS7A2050PDBVR/13566862,Enable,300mA,15 µA,2 mA,,1,-40°C ~ 125°C (TJ),Positive,Fixed,65dB ~ 40dB (100Hz ~ 1MHz),"Over Current, Over Temperature, Under Voltage Lockout (UVLO)",,,6V,,5V,0.14V @ 300mA
TPS7A2133PQWDRBRQ1,Texas Instruments,IC REG LINEAR 3.3V 500MA 8-SON,pmic-voltage-regulators-linear,183,1.07,8-VDFN Exposed Pad,"Surface Mount, Wettable Flank",Active,https://www.ti.com/lit/ds/symlink/tps7a21-q1.pdf?ts=1702940734497&ref_url=https%253A%252F%252Fwww.ti.com%252Fproduct%252FTPS7A21-Q1,https://www.digikey.com/en/products/detail/texas-instruments/TPS7A2133PQWDRBRQ1/21600665,"Current Limit, Enable, Soft Start",500mA,15 µA,,Automotive,1,-40°C ~ 150°C (TJ),Positive,Fixed,"91dB (1kHz), 90dB ~ 50dB (100Hz ~ 1MHz)","Over Current, Over Temperature, Under Voltage Lockout (UVLO)",AEC-Q100,,6V,5.5V,3.3V,0.25V @ 500mA
TPS7A2401DBVR,Texas Instruments,IC REG LIN POS ADJ 200MA SOT23-5,pmic-voltage-regulators-linear,14469,0.67,"SC-74A, SOT-753",Surface Mount,Active,,https://www.digikey.com/en/products/detail/texas-instruments/TPS7A2401DBVR/12165505,Enable,200mA,4.5 µA,,,1,-40°C ~ 125°C (TJ),Positive,Adjustable,75dB ~ 62dB (10Hz ~ 1kHz),"Over Current, Over Temperature, Under Voltage Lockout (UVLO)",,,18V,17.75V,1.24V,0.25V @ 200mA
TPS7A2430DBVR,Texas Instruments,IC REG LINEAR 3V 200MA SOT23-5,pmic-voltage-regulators-linear,4264,0.59,"SC-74A, SOT-753",Surface Mount,Active,,https://www.digikey.com/en/products/detail/texas-instruments/TPS7A2430DBVR/11502233,Enable,200mA,4.5 µA,,,1,-40°C ~ 125°C (TJ),Positive,Fixed,75dB ~ 62dB (10Hz ~ 1kHz),"Over Current, Over Temperature, Under Voltage Lockout (UVLO)",,,18V,,3V,0.25V @ 200mA
TPS7A2433DBVR,Texas Instruments,IC REG LINEAR 3.3V 200MA SOT23-5,pmic-voltage-regulators-linear,9000,0.67,"SC-74A, SOT-753",Surface Mount,Active,,https://www.digikey.com/en/products/detail/texas-instruments/TPS7A2433DBVR/11502221,Enable,200mA,4.5 µA,,,1,-40°C ~ 125°C (TJ),Positive,Fixed,75dB ~ 62dB (10Hz ~ 1kHz),"Over Current, Over Temperature, Under Voltage Lockout (UVLO)",,,18V,,3.3V,0.25V @ 200mA
TPS7A2450DBVR,Texas Instruments,IC REG LINEAR 5V 200MA SOT23-5,pmic-voltage-regulators-linear,4758,0.67,"SC-74A, SOT-753",Surface Mount,Active,,https://www.digikey.com/en/products/detail/texas-instruments/TPS7A2450DBVR/11502326,Enable,200mA,4.5 µA,,,1,-40°C ~ 125°C (TJ),Positive,Fixed,75dB ~ 62dB (10Hz ~ 1kHz),"Over Current, Over Temperature, Under Voltage Lockout (UVLO)",,,18V,,5V,0.25V @ 200mA
TPS7A2533DRVR,Texas Instruments,IC REG LINEAR 3.3V 300MA 6-WSON,pmic-voltage-regulators-linear,11488,0.91,6-WDFN Exposed Pad,Surface Mount,Active,,https://www.digikey.com/en/products/detail/texas-instruments/TPS7A2533DRVR/10715476,"Enable, Power Good",300mA,4.5 µA,,,1,-40°C ~ 125°C (TJ),Positive,Fixed,75dB ~ 52dB (10Hz ~ 1kHz),"Over Current, Over Temperature",,,18V,,3.3V,0.34V @ 300mA
TPS7A2601DRVR,Texas Instruments,IC REG LIN POS ADJ 500MA 6-WSON,pmic-voltage-regulators-linear,1094,1.72,6-WDFN Exposed Pad,Surface Mount,Active,,https://www.digikey.com/en/products/detail/texas-instruments/TPS7A2601DRVR/10434712,"Enable, Power Good",500mA,5 µA,400 µA,,1,-40°C ~ 125°C (TJ),Positive,Adjustable,80dB ~ 52dB (10Hz ~ 1kHz),"Over Current, Over Temperature, Under Voltage Lockout (UVLO)",,,18V,17.4V,1.24V,0.55V @ 500mA
TPS7A2601DRVT,Texas Instruments,IC REG LIN POS ADJ 500MA 6-WSON,pmic-voltage-regulators-linear,8616,2.02,6-WDFN Exposed Pad,Surface Mount,Active,,https://www.digikey.com/en/products/detail/texas-instruments/TPS7A2601DRVT/10820265,"Enable, Power Good",500mA,4.5 µA,,,1,-40°C ~ 125°C (TJ),Positive,Adjustable,75dB ~ 52dB (10Hz ~ 1kHz),"Over Current, Over Temperature, UVLO",,,18V,17.4V,1.24V,0.355V @ 500mA
TPS7A2650DRVR,Texas Instruments,IC REG LINEAR 5V 500MA 6-WSON,pmic-voltage-regulators-linear,5117,1.16,6-WDFN Exposed Pad,Surface Mount,Active,,https://www.digikey.com/en/products/detail/texas-instruments/TPS7A2650DRVR/10715324,"Enable, Power Good",500mA,4.5 µA,,,1,-40°C ~ 125°C (TJ),Positive,Fixed,75dB ~ 52dB (10Hz ~ 1kHz),"Over Current, Over Temperature, UVLO",,,18V,,5V,0.33V @ 500mA
TPS7A3001DRBR,Texas Instruments,IC REG LIN NEG ADJ 200MA 8-SON,pmic-voltage-regulators-linear,5944,4.67,8-VDFN Exposed Pad,Surface Mount,Active,,https://www.digikey.com/en/products/detail/texas-instruments/TPS7A3001DRBR/5320167,"Enable, Soft Start",200mA,100 µA,950 µA,,1,-40°C ~ 125°C,Negative,Adjustable,72dB (120Hz),"Over Current, Over Temperature",,,-35V,-33V,-1.18V,0.6V @ 200mA
TPS7A3001DRBT,Texas Instruments,IC REG LIN NEG ADJ 200MA 8-SON,pmic-voltage-regulators-linear,231,5.5,8-VDFN Exposed Pad,Surface Mount,Active,,https://www.digikey.com/en/products/detail/texas-instruments/TPS7A3001DRBT/5334797,"Enable, Soft Start",200mA,100 µA,950 µA,,1,-40°C ~ 125°C,Negative,Adjustable,72dB (120Hz),"Over Current, Over Temperature",,,-35V,-33V,-1.18V,0.6V @ 200mA
TPS7A3001MDGNTEP,Texas Instruments,IC REG LINEAR NEG ADJ 8-HVSSOP,pmic-voltage-regulators-linear,667,14.03,"8-TSSOP, 8-MSOP (0.118"", 3.00mm Width) Exposed Pad",Surface Mount,Active,,https://www.digikey.com/en/products/detail/texas-instruments/TPS7A3001MDGNTEP/2769173,"Enable, Soft Start",200mA,100 µA,950 µA,,1,-55°C ~ 125°C,Negative,Adjustable,72dB (120Hz),"Over Current, Over Temperature",,,-36V,-35V,-1.18V,0.6V @ 200mA
TPS7A3301RGWT,Texas Instruments,IC REG LINEAR NEG ADJ 1A 20-VQFN,pmic-voltage-regulators-linear,2397,8.38,20-VQFN Exposed Pad,Surface Mount,Active,https://www.ti.com/lit/ds/symlink/tps7a33.pdf,https://www.digikey.com/en/products/detail/texas-instruments/TPS7A3301RGWT/3548341,"Enable, Soft Start",1A,100 µA,950 µA,,1,-40°C ~ 125°C,Negative,Adjustable,72dB (10kHz),"Over Current, Over Temperature",,,-36V,-33V,-1.18V,0.8V @ 1A
TPS7A3501DRVR,Texas Instruments,IC REG LINEAR POS ADJ 1A 6-WSON,pmic-voltage-regulators-linear,1713,1.2,6-WDFN Exposed Pad,Surface Mount,Active,,https://www.digikey.com/en/products/detail/texas-instruments/TPS7A3501DRVR/4494481,Enable,1A,100 µA,950 µA,,1,-40°C ~ 125°C,Positive,Adjustable,55dB ~ 42dB (10kHz ~ 1MHz),"Over Current, Over Temperature, Reverse Polarity, Under Voltage Lockout (UVLO)",,,5V,4.5V,1.21V,
TPS7A3901DSCR,Texas Instruments,IC REG LINEAR POS/NEG ADJ 10WSON,pmic-voltage-regulators-linear,8258,6.05,10-WFDFN Exposed Pad,Surface Mount,Active,,https://www.digikey.com/en/products/detail/texas-instruments/TPS7A3901DSCR/7732509,"Current Limit, Enable, Soft Start",150mA,150 µA,904 µA,,2,-55°C ~ 150°C (TJ),Positive and Negative,Adjustable,69dB (120Hz),"Over Temperature, Under Voltage Lockout (UVLO)",,,±33V,"30V, -30V","1.2V, 0V",0.5V @ 150mA
TPS7A3901DSCT,Texas Instruments,IC REG LINEAR POS/NEG ADJ 10WSON,pmic-voltage-regulators-linear,3662,7.13,10-WFDFN Exposed Pad,Surface Mount,Active,,https://www.digikey.com/en/products/detail/texas-instruments/TPS7A3901DSCT/7899476,"Current Limit, Enable, Soft Start",150mA,150 µA,904 µA,,2,-55°C ~ 150°C (TJ),Positive and Negative,Adjustable,69dB (120Hz),"Over Temperature, Under Voltage Lockout (UVLO)",,,±33V,"30V, -30V","1.2V, 0V",0.5V @ 150mA
TPS7A4001DGNR,Texas Instruments,IC REG LIN POS ADJ 50MA 8-HVSSOP,pmic-voltage-regulators-linear,20660,3.39,"8-TSSOP, 8-MSOP (0.118"", 3.00mm Width) Exposed Pad",Surface Mount,Active,,https://www.digikey.com/en/products/detail/texas-instruments/TPS7A4001DGNR/2697002,Enable,50mA,65 µA,,,1,-40°C ~ 125°C,Positive,Adjustable,65dB (100Hz),"Over Current, Over Temperature, Under Voltage Lockout (UVLO)",,,100V,90V,1.175V,1.3V @ 50mA
TPS7A4001DGNT,Texas Instruments,IC REG LIN POS ADJ 50MA 8-HVSSOP,pmic-voltage-regulators-linear,2516,3.99,"8-TSSOP, 8-MSOP (0.118"", 3.00mm Width) Exposed Pad",Surface Mount,Active,,https://www.digikey.com/en/products/detail/texas-instruments/TPS7A4001DGNT/2618613,Enable,50mA,65 µA,,,1,-40°C ~ 125°C,Positive,Adjustable,65dB (100Hz),"Over Current, Over Temperature, Under Voltage Lockout (UVLO)",,,100V,90V,1.175V,1.3V @ 50mA
TPS7A4001MDGNREP,Texas Instruments,IC REG LIN POS ADJ 50MA 8-HVSSOP,pmic-voltage-regulators-linear,3644,27.89,"8-TSSOP, 8-MSOP (0.118"", 3.00mm Width) Exposed Pad",Surface Mount,Active,https://www.ti.com/lit/ds/symlink/tps7a4001-ep.pdf?ts=1700659035891&ref_url=https%253A%252F%252Fwww.ti.com%252Fsitesearch%252Fen-us%252Fdocs%252Funiversalsearch.tsp%253FlangPref%253Den-US%2526searchTerm%253DTPS7A4001MDGNREP%2526nr%253D4,https://www.digikey.com/en/products/detail/texas-instruments/TPS7A4001MDGNREP/5452312,Enable,50mA,65 µA,,,1,-55°C ~ 125°C,Positive,Adjustable,65dB (100Hz),"Over Current, Over Temperature, Under Voltage Lockout (UVLO)",,,100V,90V,1.161V,1.3V @ 50mA
TPS7A4101DGNR,Texas Instruments,IC REG LIN POS ADJ 50MA 8-HVSSOP,pmic-voltage-regulators-linear,4378,1.04,"8-TSSOP, 8-MSOP (0.118"", 3.00mm Width) Exposed Pad",Surface Mount,Active,,https://www.digikey.com/en/products/detail/texas-instruments/TPS7A4101DGNR/2798814,Enable,50mA,65 µA,,,1,-40°C ~ 125°C,Positive,Adjustable,65dB (100Hz),"Over Current, Over Temperature, Under Voltage Lockout (UVLO)",,,50V,48V,1.175V,1.3V @ 50mA
TPS7A4501DCQR,Texas Instruments,IC REG LIN POS ADJ 1.5A SOT223-6,pmic-voltage-regulators-linear,7738,4.37,SOT-223-6,Surface Mount,Active,,https://www.digikey.com/en/products/detail/texas-instruments/TPS7A4501DCQR/2262064,Enable,1.5A,1.5 mA,90 mA,,1,-40°C ~ 125°C,Positive,Adjustable,68dB (120Hz),"Over Current, Over Temperature, Reverse Polarity",,,20V,20V,1.21V,0.45V @ 1.5A
TPS7A4501DCQT,Texas Instruments,IC REG LIN POS ADJ 1.5A SOT223-6,pmic-voltage-regulators-linear,3657,5.15,SOT-223-6,Surface Mount,Active,,https://www.digikey.com/en/products/detail/texas-instruments/TPS7A4501DCQT/2262065,Enable,1.5A,1.5 mA,90 mA,,1,-40°C ~ 125°C,Positive,Adjustable,68dB (120Hz),"Over Current, Over Temperature, Reverse Polarity",,,20V,20V,1.21V,0.45V @ 1.5A
TPS7A4501KTTR,Texas Instruments,IC REG LINEAR POS ADJ 1.5A TO263,pmic-voltage-regulators-linear,2816,3.49,"TO-263-6, D2PAK (5 Leads + Tab), TO-263BA",Surface Mount,Active,,https://www.digikey.com/en/products/detail/texas-instruments/TPS7A4501KTTR/1908606,Enable,1.5A,1.5 mA,90 mA,,1,-40°C ~ 125°C,Positive,Adjustable,68dB (120Hz),"Over Current, Over Temperature, Reverse Polarity",,,20V,20V,1.21V,0.45V @ 1.5A
TPS7A4533DCQT,Texas Instruments,IC REG LIN 3.3V 1.5A SOT-223-6,pmic-voltage-regulators-linear,9859,5.15,SOT-223-6,Surface Mount,Active,,https://www.digikey.com/en/products/detail/texas-instruments/TPS7A4533DCQT/2353797,Enable,1.5A,1.5 mA,90 mA,,1,-40°C ~ 125°C,Positive,Fixed,68dB (120Hz),"Over Current, Over Temperature, Reverse Polarity",,,20V,,3.3V,0.45V @ 1.5A
TPS7A4533KTTR,Texas Instruments,IC REG LINEAR 3.3V 1.5A TO263,pmic-voltage-regulators-linear,1405,3.76,"TO-263-6, D2PAK (5 Leads + Tab), TO-263BA",Surface Mount,Active,,https://www.digikey.com/en/products/detail/texas-instruments/TPS7A4533KTTR/1951115,Enable,1.5A,1.5 mA,90 mA,,1,-40°C ~ 125°C,Positive,Fixed,68dB (120Hz),"Over Current, Over Temperature, Reverse Polarity",,,20V,,3.3V,0.45V @ 1.5A
TPS7A4901DGNR,Texas Instruments,IC REG LINEAR POS ADJ 8-HVSSOP,pmic-voltage-regulators-linear,4075,3.68,"8-TSSOP, 8-MSOP (0.118"", 3.00mm Width) Exposed Pad",Surface Mount,Active,https://www.ti.com/lit/ds/symlink/tps7a49.pdf?ts=1711614688514&ref_url=https%253A%252F%252Fwww.ti.com%252Fproduct%252FTPS7A49%253FkeyMatch%253DTPS7A49%2526tisearch%253Dsearch-everything%2526usecase%253DGPN-ALT,https://www.digikey.com/en/products/detail/texas-instruments/TPS7A4901DGNR/2361061,Enable,150mA,100 µA,800 µA,,1,-40°C ~ 125°C,Positive,Adjustable,72dB (120Hz),"Over Current, Over Temperature, Under Voltage Lockout (UVLO)",,,36V,33V,1.194V,0.6V @ 150mA
TPS7A4901DGNT,Texas Instruments,IC REG LINEAR POS ADJ 8-HVSSOP,pmic-voltage-regulators-linear,131,4.34,"8-TSSOP, 8-MSOP (0.118"", 3.00mm Width) Exposed Pad",Surface Mount,Active,https://www.ti.com/lit/ds/symlink/tps7a49.pdf?ts=1711614688514&ref_url=https%253A%252F%252Fwww.ti.com%252Fproduct%252FTPS7A49%253FkeyMatch%253DTPS7A49%2526tisearch%253Dsearch-everything%2526usecase%253DGPN-ALT,https://www.digikey.com/en/products/detail/texas-instruments/TPS7A4901DGNT/2380231,Enable,150mA,100 µA,800 µA,,1,-40°C ~ 125°C,Positive,Adjustable,72dB (120Hz),"Over Current, Over Temperature, Under Voltage Lockout (UVLO)",,,35V,33V,1.194V,0.6V @ 150mA
TPS7A4901DRBT,Texas Instruments,IC REG LIN POS ADJ 150MA 8-SON,pmic-voltage-regulators-linear,3615,4.17,8-VDFN Exposed Pad,Surface Mount,Active,https://www.ti.com/lit/ds/symlink/tps7a49.pdf?ts=1711614688514&ref_url=https%253A%252F%252Fwww.ti.com%252Fproduct%252FTPS7A49%253FkeyMatch%253DTPS7A49%2526tisearch%253Dsearch-everything%2526usecase%253DGPN-ALT,https://www.digikey.com/en/products/detail/texas-instruments/TPS7A4901DRBT/6110565,Enable,150mA,100 µA,800 µA,,1,-40°C ~ 125°C,Positive,Adjustable,72dB (120Hz),"Over Current, Over Temperature, Under Voltage Lockout (UVLO)",,,35V,33V,1.194V,0.6V @ 150mA
TPS7A5201QRGRRQ1,Texas Instruments,IC REG LINEAR POS ADJ 2A 20-VQFN,pmic-voltage-regulators-linear,1345,6.02,20-VFQFN Exposed Pad,Surface Mount,Active,,https://www.digikey.com/en/products/detail/texas-instruments/TPS7A5201QRGRRQ1/8566093,Enable,2A,,,Automotive,1,-40°C ~ 150°C (TJ),Positive,Adjustable,42dB ~ 25dB (10kHz ~ 500kHz),"Over Temperature, Reverse Polarity",AEC-Q100,,6.5V,5.2V,0.8V,0.3V @ 2A
TPS7A5301BRPSR,Texas Instruments,IC REG LIN POS ADJ 3A 12-VQFN-HR,pmic-voltage-regulators-linear,4009,3.59,12-VFQFN,Surface Mount,Active,https://www.ti.com/lit/ds/symlink/tps7a53b.pdf?ts=1707942098779&ref_url=https%253A%252F%252Fwww.ti.com%252Fproduct%252FTPS7A53B,https://www.digikey.com/en/products/detail/texas-instruments/TPS7A5301BRPSR/22255273,"Current Limit, Enable, Power Good, Soft Start",3A,4.3 mA,5.5 mA,,1,-40°C ~ 125°C (TA),Positive,Adjustable,53dB ~ 48dB (10kHz ~ 500kHz),"Over Current, Over Temperature, Short Circuit, Under Voltage Lockout (UVLO)",,,6.5V,5.15V,0.5V,0.375V @ 3A
TPS7A5301QRGRRQ1,Texas Instruments,IC REG LINEAR POS ADJ 3A 20-VQFN,pmic-voltage-regulators-linear,3121,5.92,20-VFQFN Exposed Pad,Surface Mount,Active,,https://www.digikey.com/en/products/detail/texas-instruments/TPS7A5301QRGRRQ1/8566094,Enable,3A,,,Automotive,1,-40°C ~ 150°C (TJ),Positive,Adjustable,42dB ~ 25dB (10kHz ~ 500kHz),"Over Temperature, Reverse Polarity",AEC-Q100,,6.5V,5.15V,0.8V,0.475V @ 3A
TPS7A5301RPSR,Texas Instruments,IC REG LIN POS ADJ 4A 12-VQFN-HR,pmic-voltage-regulators-linear,5900,3.59,12-VFQFN,Surface Mount,Active,https://www.ti.com/lit/ds/symlink/tps7a53.pdf?ts=1738516397602&ref_url=https%253A%252F%252Fwww.ti.com%252Fpower-management%252Flinear-regulators-ldo%252Fproducts.html,https://www.digikey.com/en/products/detail/texas-instruments/TPS7A5301RPSR/12352219,"Enable, Power Good, Soft Start",4A,4 mA,5.5 mA,,1,-40°C ~ 125°C (TJ),Positive,Adjustable,35dB ~ 44dB (10kHz ~ 500kHz),"Over Current, Over Temperature, Under Voltage Lockout (UVLO)",,,6.5V,5.15V,0.8V,0.375V @ 3A
TPS7A5401QRGRRQ1,Texas Instruments,IC REG LINEAR POS ADJ 4A 20-VQFN,pmic-voltage-regulators-linear,3428,8.88,20-VFQFN Exposed Pad,Surface Mount,Active,,https://www.digikey.com/en/products/detail/texas-instruments/TPS7A5401QRGRRQ1/8566095,Enable,4A,,,Automotive,1,-40°C ~ 150°C (TJ),Positive,Adjustable,42dB ~ 25dB (10kHz ~ 500kHz),"Over Temperature, Reverse Polarity",AEC-Q100,,6.5V,5.1V,0.8V,0.51V @ 4A
TPS7A5401RPSR,Texas Instruments,IC REG LIN POS ADJ 4A 12-VQFN-HR,pmic-voltage-regulators-linear,7058,4.15,12-VFQFN,Surface Mount,Active,https://www.ti.com/lit/ds/symlink/tps7a54.pdf?ts=1713545219435,https://www.digikey.com/en/products/detail/texas-instruments/TPS7A5401RPSR/12352288,"Enable, Power Good, Soft Start",4A,4 mA,6 mA,,1,-40°C ~ 125°C (TJ),Positive,Adjustable,42dB ~ 39dB (10kHz ~ 500kHz),"Over Current, Over Temperature, Under Voltage Lockout (UVLO)",,,6.5V,5.15V,0.8V,0.565V @ 4A
TPS7A5701RTER,Texas Instruments,IC REG LINEAR POS ADJ 5A 16-WQFN,pmic-voltage-regulators-linear,3117,14.94,16-WFQFN Exposed Pad,Surface Mount,Active,https://www.ti.com/lit/ds/symlink/tps7a57.pdf,https://www.digikey.com/en/products/detail/texas-instruments/TPS7A5701RTER/16669319,"Current Limit, Enable, Power Good, Soft Start, Tracking",5A,6.5 mA,24 mA,,1,-40°C ~ 125°C (TJ),Positive,Adjustable,40dB ~ 36dB (1MHz),"Over Current, Over Temperature, Under Voltage Lockout (UVLO)",,,6V,5.2V,0.5V,0.11V @ 5A
TPS7A6533QKVURQ1,Texas Instruments,IC REG LINEAR 3.3V 300MA TO252-3,pmic-voltage-regulators-linear,3428,3.42,"TO-252-3, DPAK (2 Leads + Tab), SC-63",Surface Mount,Active,,https://www.digikey.com/en/products/detail/texas-instruments/TPS7A6533QKVURQ1/3305529,"Enable, Reset",300mA,40 µA,,Automotive,1,-40°C ~ 150°C,Positive,Fixed,60dB ~ 30dB (100Hz ~ 150kHz),"Over Current, Over Temperature, Short Circuit, Under Voltage Lockout (UVLO), Watchdog",AEC-Q100,,40V,,3.3V,0.5V @ 250mA
TPS7A7002DDAR,Texas Instruments,IC REG LIN POS ADJ 3A 8SO PWRPAD,pmic-voltage-regulators-linear,1899,2.45,"8-PowerSOIC (0.154"", 3.90mm Width)",Surface Mount,Active,,https://www.digikey.com/en/products/detail/texas-instruments/TPS7A7002DDAR/4494701,Enable,3A,3 mA,,,1,-40°C ~ 125°C,Positive,Adjustable,,"Over Current, Over Temperature, Under Voltage Lockout (UVLO)",,,6.5V,5V,0.5V,0.38V @ 2A
TPS7A7100RGTR,Texas Instruments,IC REG LINEAR POS ADJ 1A 16-VQFN,pmic-voltage-regulators-linear,10712,2.88,16-VFQFN Exposed Pad,Surface Mount,Active,,https://www.digikey.com/en/products/detail/texas-instruments/TPS7A7100RGTR/3906420,"Enable, Power Good, Soft Start",1A,4 mA,,,1,-40°C ~ 125°C,Positive,Adjustable (Fixed),,"Over Current, Over Temperature, Under Voltage Lockout (UVLO)",,,6.5V,5V,0.9V,0.35V @ 1A
TPS7A7200RGTR,Texas Instruments,IC REG LINEAR POS ADJ 2A 16-VQFN,pmic-voltage-regulators-linear,3705,1.87,16-VFQFN Exposed Pad,Surface Mount,Active,,https://www.digikey.com/en/products/detail/texas-instruments/TPS7A7200RGTR/3906421,"Enable, Power Good, Soft Start",2A,4 mA,,,1,-40°C ~ 125°C,Positive,Adjustable (Fixed),,"Over Current, Over Temperature, Under Voltage Lockout (UVLO)",,,6.5V,5V,0.9V,0.47V @ 2A
TPS7A7200RGTT,Texas Instruments,IC REG LINEAR POS ADJ 2A 16-VQFN,pmic-voltage-regulators-linear,3593,4.24,16-VFQFN Exposed Pad,Surface Mount,Active,,https://www.digikey.com/en/products/detail/texas-instruments/TPS7A7200RGTT/3908831,"Enable, Power Good, Soft Start",2A,4 mA,,,1,-40°C ~ 125°C,Positive,Adjustable (Fixed),,"Over Current, Over Temperature, Under Voltage Lockout (UVLO)",,,6.5V,5V,0.9V,0.47V @ 2A
TPS7A7300RGWT,Texas Instruments,IC REG LINEAR POS ADJ 3A 20-VQFN,pmic-voltage-regulators-linear,932,5.35,20-VQFN Exposed Pad,Surface Mount,Active,,https://www.digikey.com/en/products/detail/texas-instruments/TPS7A7300RGWT/3137305,"Enable, Power Good, Soft Start",3A,4 mA,,,1,-40°C ~ 125°C,Positive,Adjustable (Fixed),,"Over Current, Over Temperature, Under Voltage Lockout (UVLO)",,,6.5V,5V,0.9V,0.7V @ 3A
TPS7A8001DRBR,Texas Instruments,IC REG LINEAR POS ADJ 1A 8-SON,pmic-voltage-regulators-linear,4235,2.18,8-VDFN Exposed Pad,Surface Mount,Active,,https://www.digikey.com/en/products/detail/texas-instruments/TPS7A8001DRBR/2345379,Enable,1A,100 µA,350 µA,,1,-40°C ~ 125°C (TJ),Positive,Adjustable,48dB ~ 38dB (100Hz ~ 1MHz),"Over Current, Over Temperature, Reverse Polarity, Under Voltage Lockout (UVLO)",,,6.5V,6V,0.8V,0.5V @ 1A
TPS7A8101DRBT,Texas Instruments,IC REG LINEAR POS ADJ 1A 8-SON,pmic-voltage-regulators-linear,6477,4.18,8-VDFN Exposed Pad,Surface Mount,Active,,https://www.digikey.com/en/products/detail/texas-instruments/TPS7A8101DRBT/2803798,Enable,1A,100 µA,350 µA,,1,-40°C ~ 125°C (TJ),Positive,Adjustable,48dB ~ 38dB (100Hz ~ 1MHz),"Over Current, Over Temperature, Reverse Polarity, Under Voltage Lockout (UVLO)",,,6.5V,6V,0.8V,0.5V @ 1A
TPS7A8101QDRBRQ1,Texas Instruments,IC REG LINEAR POS ADJ 1A 8-SON,pmic-voltage-regulators-linear,2823,3.76,8-VDFN Exposed Pad,Surface Mount,Active,,https://www.digikey.com/en/products/detail/texas-instruments/TPS7A8101QDRBRQ1/4843027,Enable,1A,100 µA,350 µA,Automotive,1,-40°C ~ 125°C (TJ),Positive,Adjustable,48dB ~ 38dB (100Hz ~ 1MHz),"Over Current, Over Temperature, Reverse Polarity, Under Voltage Lockout (UVLO)",AEC-Q100,,6.5V,6V,0.8V,0.5V @ 1A
TPS7A8300ARGRR,Texas Instruments,IC REG LINEAR POS ADJ 2A 20-VQFN,pmic-voltage-regulators-linear,168,4.15,20-VFQFN Exposed Pad,Surface Mount,Active,,https://www.digikey.com/en/products/detail/texas-instruments/TPS7A8300ARGRR/8106160,"Enable, Power Good, Soft Start",2A,4 mA,5 mA,,1,-40°C ~ 125°C (TJ),Positive,Adjustable/Programmable,42dB ~ 25dB (10kHz ~ 500kHz),"Over Current, Over Temperature, Under Voltage Lockout (UVLO)",,,6.5V,5.2V,0.8V,0.3V @ 2A
TPS7A8300RGRR,Texas Instruments,IC REG LINEAR POS ADJ 2A 20-VQFN,pmic-voltage-regulators-linear,1017,5.87,20-VFQFN Exposed Pad,Surface Mount,Active,,https://www.digikey.com/en/products/detail/texas-instruments/TPS7A8300RGRR/4895612,"Enable, Power Good, Soft Start",2A,4 mA,5 mA,,1,-40°C ~ 125°C (TJ),Positive,Adjustable/Programmable,40dB (1MHz),"Over Current, Over Temperature, Under Voltage Lockout (UVLO)",,,6.5V,5V,0.8V,0.2V @ 2A
TPS7A8300RGRT,Texas Instruments,IC REG LINEAR POS ADJ 2A 20-VQFN,pmic-voltage-regulators-linear,528,6.29,20-VFQFN Exposed Pad,Surface Mount,Active,,https://www.digikey.com/en/products/detail/texas-instruments/TPS7A8300RGRT/4895614,"Enable, Power Good, Soft Start",2A,4 mA,5 mA,,1,-40°C ~ 125°C (TJ),Positive,Adjustable/Programmable,40dB (1MHz),"Over Current, Over Temperature, Under Voltage Lockout (UVLO)",,,6.5V,5V,0.8V,0.2V @ 2A
TPS7A8300RGWR,Texas Instruments,IC REG LINEAR POS ADJ 2A 20-VQFN,pmic-voltage-regulators-linear,3904,7.13,20-VQFN Exposed Pad,Surface Mount,Active,,https://www.digikey.com/en/products/detail/texas-instruments/TPS7A8300RGWR/4311516,"Enable, Power Good, Soft Start",2A,4 mA,5 mA,,1,-40°C ~ 125°C (TJ),Positive,Adjustable/Programmable,40dB (1MHz),"Over Current, Over Temperature, Under Voltage Lockout (UVLO)",,,6.5V,5V,0.8V,0.2V @ 2A
TPS7A8300RGWT,Texas Instruments,IC REG LINEAR POS ADJ 2A 20-VQFN,pmic-voltage-regulators-linear,1857,7.54,20-VQFN Exposed Pad,Surface Mount,Active,,https://www.digikey.com/en/products/detail/texas-instruments/TPS7A8300RGWT/4311718,"Enable, Power Good, Soft Start",2A,4 mA,5 mA,,1,-40°C ~ 125°C (TJ),Positive,Adjustable/Programmable,40dB (1MHz),"Over Current, Over Temperature, Under Voltage Lockout (UVLO)",,,6.5V,5V,0.8V,0.2V @ 2A
TPS7A8400ARGRR,Texas Instruments,IC REG LINEAR POS ADJ 3A 20-VQFN,pmic-voltage-regulators-linear,746,4.87,20-VFQFN Exposed Pad,Surface Mount,Active,,https://www.digikey.com/en/products/detail/texas-instruments/TPS7A8400ARGRR/7321368,"Enable, Power Good, Soft Start",3A,3 mA,5.5 mA,,1,-40°C ~ 125°C (TJ),Positive,Adjustable/Programmable,42dB ~ 25dB (10kHz ~ 500kHz),"Over Current, Over Temperature, Under Voltage Lockout (UVLO)",,,6.5V,5.15V,0.8V,0.45V @ 3A
TPS7A8400RGRR,Texas Instruments,IC REG LINEAR POS ADJ 3A 20-VQFN,pmic-voltage-regulators-linear,324,5.98,20-VFQFN Exposed Pad,Surface Mount,Active,,https://www.digikey.com/en/products/detail/texas-instruments/TPS7A8400RGRR/5823390,"Enable, Power Good, Soft Start",3A,4 mA,5.5 mA,,1,-40°C ~ 125°C (TJ),Positive,Adjustable/Programmable,42dB ~ 25dB (10kHz ~ 500kHz),"Over Current, Over Temperature, Under Voltage Lockout (UVLO)",,,6.5V,5V,0.8V,0.34V @ 3A
TPS7A8400RGRT,Texas Instruments,IC REG LINEAR POS ADJ 3A 20-VQFN,pmic-voltage-regulators-linear,3411,6.9,20-VFQFN Exposed Pad,Surface Mount,Active,,https://www.digikey.com/en/products/detail/texas-instruments/TPS7A8400RGRT/5844794,"Enable, Power Good, Soft Start",3A,4 mA,5.5 mA,,1,-40°C ~ 125°C (TJ),Positive,Adjustable/Programmable,42dB ~ 25dB (10kHz ~ 500kHz),"Over Current, Over Temperature, Under Voltage Lockout (UVLO)",,,6.5V,5V,0.8V,0.34V @ 3A
TPS7A8401ARGRR,Texas Instruments,IC REG LINEAR POS ADJ 3A 20-VQFN,pmic-voltage-regulators-linear,1951,4.87,20-VFQFN Exposed Pad,Surface Mount,Active,https://www.ti.com/lit/ds/symlink/tps7a84a.pdf?ts=1713545245304,https://www.digikey.com/en/products/detail/texas-instruments/TPS7A8401ARGRR/15857240,"Enable, Power Good, Soft Start",3A,4 mA,5.5 mA,,1,-40°C ~ 125°C (TJ),Positive,Adjustable/Programmable,42dB ~ 25dB (10kHz ~ 500kHz),"Over Current, Over Temperature, Under Voltage Lockout (UVLO)",,,6.5V,5.15V,0.5V,0.45V @ 3A
TPS7A8500ARGRR,Texas Instruments,IC REG LINEAR POS ADJ 4A 20-VQFN,pmic-voltage-regulators-linear,5593,7.49,20-VFQFN Exposed Pad,Surface Mount,Active,,https://www.digikey.com/en/products/detail/texas-instruments/TPS7A8500ARGRR/8106161,"Enable, Power Good, Soft Start",4A,4 mA,6 mA,,1,-40°C ~ 125°C (TJ),Positive,Adjustable/Programmable,42dB ~ 25dB (10kHz ~ 500kHz),"Over Current, Over Temperature, Under Voltage Lockout (UVLO)",,,6.5V,5.1V,0.8V,0.5V @ 4A
TPS7A8500ARGRT,Texas Instruments,IC REG LINEAR POS ADJ 4A 20-VQFN,pmic-voltage-regulators-linear,1565,9.44,20-VFQFN Exposed Pad,Surface Mount,Active,,https://www.digikey.com/en/products/detail/texas-instruments/TPS7A8500ARGRT/7400124,"Enable, Power Good, Soft Start",4A,4 mA,6 mA,,1,-40°C ~ 125°C (TJ),Positive,Adjustable/Programmable,42dB ~ 25dB (10kHz ~ 500kHz),"Over Current, Over Temperature, Under Voltage Lockout (UVLO)",,,6.5V,5.1V,0.8V,0.5V @ 4A
TPS7A8500RGRR,Texas Instruments,IC REG LINEAR POS ADJ 4A 20-VQFN,pmic-voltage-regulators-linear,394,7.75,20-VFQFN Exposed Pad,Surface Mount,Active,,https://www.digikey.com/en/products/detail/texas-instruments/TPS7A8500RGRR/5872972,"Enable, Power Good, Soft Start",4A,4 mA,6 mA,,1,-40°C ~ 125°C (TJ),Positive,Adjustable/Programmable,42dB ~ 25dB (10kHz ~ 500kHz),"Over Current, Over Temperature, Under Voltage Lockout (UVLO)",,,6.5V,5V,0.8V,0.5V @ 4A
TPS7A8801QRTJRQ1,Texas Instruments,IC REG LINEAR POS ADJ 1A 20-WQFN,pmic-voltage-regulators-linear,6483,4.94,20-WFQFN Exposed Pad,Surface Mount,Active,,https://www.digikey.com/en/products/detail/texas-instruments/TPS7A8801QRTJRQ1/7691359,"Enable, Power Good, Soft Start",1A,3.5 mA,4 mA,Automotive,2,-40°C ~ 140°C (TJ),Positive,Adjustable,40dB (500kHz),"Over Current, Over Temperature, Under Voltage Lockout (UVLO)",AEC-Q100,,6.5V,5.15V,0.8V,0.225V @ 1A
TPS7A8801RTJR,Texas Instruments,IC REG LINEAR POS ADJ 1A 20-QFN,pmic-voltage-regulators-linear,2271,4.53,20-WFQFN Exposed Pad,Surface Mount,Active,,https://www.digikey.com/en/products/detail/texas-instruments/TPS7A8801RTJR/6572550,"Enable, Power Good, Soft Start",1A,3.5 mA,4 mA,,2,-40°C ~ 125°C (TJ),Positive,Adjustable,40dB (500kHz),"Over Current, Over Temperature, Under Voltage Lockout (UVLO)",,,6.5V,5V,0.8V,0.2V @ 1A
TPS7A8801RTJT,Texas Instruments,IC REG LINEAR POS ADJ 1A 20-QFN,pmic-voltage-regulators-linear,3409,4.7,20-WFQFN Exposed Pad,Surface Mount,Active,,https://www.digikey.com/en/products/detail/texas-instruments/TPS7A8801RTJT/5801528,"Enable, Power Good, Soft Start",1A,3.5 mA,4 mA,,2,-40°C ~ 125°C (TJ),Positive,Adjustable,40dB (500kHz),"Over Current, Over Temperature, Under Voltage Lockout (UVLO)",,,6.5V,5V,0.8V,0.2V @ 1A
TPS7A8901RTJR,Texas Instruments,IC REG LIN POS ADJ 2A/2A 20-QFN,pmic-voltage-regulators-linear,1593,4.52,20-WFQFN Exposed Pad,Surface Mount,Active,,https://www.digikey.com/en/products/detail/texas-instruments/TPS7A8901RTJR/6165139,"Enable, Power Good, Soft Start","2A, 2A",3.5 mA,4 mA,,2,-40°C ~ 125°C (TJ),Positive,Adjustable,40dB (500kHz),"Over Current, Over Temperature, Reverse Polarity",,,6.5V,5.2V,0.8V,0.4V @ 2A
TPS7A8901RTJT,Texas Instruments,IC REG LIN POS ADJ 2A/2A 20-QFN,pmic-voltage-regulators-linear,1580,5.83,20-WFQFN Exposed Pad,Surface Mount,Active,,https://www.digikey.com/en/products/detail/texas-instruments/TPS7A8901RTJT/6572551,"Enable, Power Good, Soft Start","2A, 2A",3.5 mA,4 mA,,2,-40°C ~ 125°C (TJ),Positive,Adjustable,40dB (500kHz),"Over Current, Over Temperature, Reverse Polarity",,,6.5V,5.2V,0.8V,0.4V @ 2A
TPS7A9001DSKR,Texas Instruments,IC REG LIN POS ADJ 500MA 10SON,pmic-voltage-regulators-linear,5857,1.66,10-WFDFN Exposed Pad,Surface Mount,Active,,https://www.digikey.com/en/products/detail/texas-instruments/TPS7A9001DSKR/7402853,"Enable, Power Good, Soft Start",500mA,4 mA,,,1,-40°C ~ 125°C (TJ),Positive,Adjustable,50dB (100kHz),"Over Temperature, Under Voltage Lockout (UVLO)",,,6.5V,5.7V,0.8V,0.2V @ 500mA
TPS7A9001DSKT,Texas Instruments,IC REG LIN POS ADJ 500MA 10SON,pmic-voltage-regulators-linear,686,1.8,10-WFDFN Exposed Pad,Surface Mount,Active,,https://www.digikey.com/en/products/detail/texas-instruments/TPS7A9001DSKT/7426995,"Enable, Power Good, Soft Start",500mA,4 mA,,,1,-40°C ~ 125°C (TJ),Positive,Adjustable,50dB (100kHz),"Over Temperature, Under Voltage Lockout (UVLO)",,,6.5V,5.7V,0.8V,0.2V @ 500mA
TPS7A9101DSKR,Texas Instruments,IC REG LIN POS ADJ 1.05A 10SON,pmic-voltage-regulators-linear,7743,2.38,10-WFDFN Exposed Pad,Surface Mount,Active,,https://www.digikey.com/en/products/detail/texas-instruments/TPS7A9101DSKR/6599968,,1.05A,,,,1,-40°C ~ 125°C (TJ),Positive,Adjustable,40dB (1MHz),,,,6.5V,5.2V,0.8V,0.2V @ 1A
TPS7A9201DSKR,Texas Instruments,IC REG LINEAR POS ADJ 2A 10SON,pmic-voltage-regulators-linear,8373,2.73,10-WFDFN Exposed Pad,Surface Mount,Active,,https://www.digikey.com/en/products/detail/texas-instruments/TPS7A9201DSKR/7653242,"Enable, Power Good, Soft Start",2A,3.5 mA,4 mA,,1,-40°C ~ 125°C (TJ),Positive,Adjustable,40dB (500kHz),"Over Current, Over Temperature, Soft Start, Under Voltage Lockout (UVLO)",,,6.5V,5.2V,0.8V,0.4V @ 2A
TPS7A9401DSCR,Texas Instruments,IC REG LINEAR POS ADJ 1A 10WSON,pmic-voltage-regulators-linear,1302,8.73,10-WFDFN Exposed Pad,Surface Mount,Active,https://www.ti.com/lit/ds/symlink/tps7a94.pdf,https://www.digikey.com/en/products/detail/texas-instruments/TPS7A9401DSCR/16627790,"Current Limit, Enable, Power Good, Soft Start",1A,22 mA,51 mA,,1,-40°C ~ 125°C (TJ),Positive,Adjustable,51dB (1MHz),"Over Current, Over Temperature, Under Voltage Lockout (UVLO)",,,5.7V,5.5V,0V,0.24V @ 1A
TPS7A9601DSCR,Texas Instruments,IC REG LINEAR POS ADJ 2A 10WSON,pmic-voltage-regulators-linear,1752,11.46,10-WFDFN Exposed Pad,Surface Mount,Active,https://www.ti.com/lit/ds/symlink/tps7a96.pdf?ts=1698770832537&ref_url=https%253A%252F%252Fwww.ti.com%252Fsitesearch%252Fen-us%252Fdocs%252Funiversalsearch.tsp%253FlangPref%253Den-US%2526searchTerm%253DTPS7A9601DSCR%2526nr%253D3,https://www.digikey.com/en/products/detail/texas-instruments/TPS7A9601DSCR/21298670,"Current Limit, Power Good, Soft Start",2A,22 mA,59 mA,,1,-40°C ~ 125°C (TJ),Positive,Adjustable,102dB ~ 50dB (100Hz ~ 1MHz),"Over Current, Over Temperature",,,5.7V,5.5V,0V,0.215V @ 2A
TPS7B4250QDBVRQ1,Texas Instruments,IC REG LIN POS ADJ 50MA SOT23-5,pmic-voltage-regulators-linear,5465,1.44,"SC-74A, SOT-753",Surface Mount,Active,,https://www.digikey.com/en/products/detail/texas-instruments/TPS7B4250QDBVRQ1/4517138,Enable,50mA,90 µA,350 µA,Automotive,1,-40°C ~ 150°C,Positive,Adjustable,60dB (100Hz),"Over Current, Over Temperature, Reverse Polarity, Short Circuit, Under Voltage Lockout (UVLO)",AEC-Q100,,40V,18V,1.5V,1V @ 50mA
TPS7B4253QPWPRQ1,Texas Instruments,IC REG LINEAR POS ADJ 20-HTSSOP,pmic-voltage-regulators-linear,1828,2.81,"20-PowerTSSOP (0.173"", 4.40mm Width)",Surface Mount,Active,,https://www.digikey.com/en/products/detail/texas-instruments/TPS7B4253QPWPRQ1/5455673,Enable,300mA,18 µA,400 µA,Automotive,1,-40°C ~ 150°C,Positive,Adjustable,70dB (100Hz),"Over Current, Over Temperature, Reverse Polarity, Under Voltage Lockout (UVLO)",AEC-Q100,,40V,40V,1.5V,0.52V @ 200mA
TPS7B4255QDYBRQ1,Texas Instruments,IC REG LIN POS ADJ 70MA SOT23-5,pmic-voltage-regulators-linear,912,1.2,"SC-74A, SOT-753",Surface Mount,Active,https://www.ti.com/lit/ds/symlink/tps7b4255-q1.pdf?ts=1695267171693&ref_url=https%253A%252F%252Fwww.ti.com%252Fproduct%252FTPS7B4255-Q1%253Futm_medium%253Demail%2526utm_campaign%253Dnull-null-catan-catan_gen_nsl_20230921-nsl-multi-catan_awr-wwe_awr%2526eloquaCampaignId%253D5063%2526utm_source%253DEloqua,https://www.digikey.com/en/products/detail/texas-instruments/TPS7B4255QDYBRQ1/21520439,"Current Limit, Enable",70mA,50 µA,550 µA,Automotive,1,-40°C ~ 125°C (TA),Positive,Adjustable,80dB (100Hz),"Over Current, Over Temperature, Reverse Current, Reverse Polarity, Short Circuit, Under Voltage Lockout (UVLO)",AEC-Q100,,40V,40V,2V,0.5V @ 70mA
TPS7B6933QDCYRQ1,Texas Instruments,IC REG LIN 3.3V 150MA SOT-223-4,pmic-voltage-regulators-linear,12680,1.71,"TO-261-4, TO-261AA",Surface Mount,Active,,https://www.digikey.com/en/products/detail/texas-instruments/TPS7B6933QDCYRQ1/5147344,,150mA,25 µA,,Automotive,1,-40°C ~ 150°C,Positive,Fixed,60dB (100Hz),"Over Current, Over Temperature, Short Circuit, Under Voltage Lockout (UVLO)",AEC-Q100,,40V,,3.3V,0.8V @ 100mA
TPS7B6950QDBVRQ1,Texas Instruments,IC REG LINEAR 5V 150MA SOT23-5,pmic-voltage-regulators-linear,7932,1.27,"SC-74A, SOT-753",Surface Mount,Active,https://www.ti.com/lit/ds/symlink/tps7b69-q1.pdf,https://www.digikey.com/en/products/detail/texas-instruments/TPS7B6950QDBVRQ1/5358038,,150mA,25 µA,,Automotive,1,-40°C ~ 150°C,Positive,Fixed,60dB (100Hz),"Over Current, Over Temperature, Short Circuit, Under Voltage Lockout (UVLO)",AEC-Q100,,40V,,5V,0.8V @ 100mA
TPS7B6950QDCYRQ1,Texas Instruments,IC REG LINEAR 5V 150MA SOT-223-4,pmic-voltage-regulators-linear,1973,1.71,"TO-261-4, TO-261AA",Surface Mount,Active,,https://www.digikey.com/en/products/detail/texas-instruments/TPS7B6950QDCYRQ1/5057843,,150mA,25 µA,,Automotive,1,-40°C ~ 150°C,Positive,Fixed,60dB (100Hz),"Over Current, Over Temperature, Short Circuit, Under Voltage Lockout (UVLO)",AEC-Q100,,40V,,5V,0.8V @ 100mA
TPS7B8133QDRVRQ1,Texas Instruments,IC REG LINEAR 3.3V 150MA 6-WSON,pmic-voltage-regulators-linear,1380,1.8,6-WDFN Exposed Pad,Surface Mount,Active,,https://www.digikey.com/en/products/detail/texas-instruments/TPS7B8133QDRVRQ1/10273234,Enable,150mA,3.5 µA,4.5 µA,Automotive,1,-40°C ~ 125°C (TA),Positive,Fixed,60dB (100Hz),"Over Current, Over Temperature, Short Circuit, Under Voltage Lockout (UVLO)",AEC-Q100,,40V,,3.3V,0.675V @ 150mA
TPS7B8150QDGNRQ1,Texas Instruments,IC REG LINEAR 5V 150MA 8-HVSSOP,pmic-voltage-regulators-linear,17380,1.8,"8-TSSOP, 8-MSOP (0.118"", 3.00mm Width) Exposed Pad",Surface Mount,Active,,https://www.digikey.com/en/products/detail/texas-instruments/TPS7B8150QDGNRQ1/10445090,Enable,150mA,3.5 µA,6.5 µA,Automotive,1,-40°C ~ 125°C (TA),Positive,Fixed,60dB (100Hz),"Over Current, Over Temperature, Short Circuit, Under Voltage Lockout (UVLO)",AEC-Q100,,40V,,5V,0.525V @ 150mA
TPS7B8150QDRVRQ1,Texas Instruments,IC REG LINEAR 5V 150MA 6-WSON,pmic-voltage-regulators-linear,5009,1.8,6-WDFN Exposed Pad,Surface Mount,Active,,https://www.digikey.com/en/products/detail/texas-instruments/TPS7B8150QDRVRQ1/10273235,Enable,150mA,3.5 µA,4.5 µA,Automotive,1,-40°C ~ 125°C (TA),Positive,Fixed,60dB (100Hz),"Over Current, Over Temperature, Short Circuit, Under Voltage Lockout (UVLO)",AEC-Q100,,40V,,5V,0.585V @ 150mA
TPS7B8250QDGNRQ1,Texas Instruments,IC REG LINEAR 5V 300MA 8-HVSSOP,pmic-voltage-regulators-linear,2965,2.01,"8-TSSOP, 8-MSOP (0.118"", 3.00mm Width) Exposed Pad",Surface Mount,Active,,https://www.digikey.com/en/products/detail/texas-instruments/TPS7B8250QDGNRQ1/8566096,Enable,300mA,5 µA,6.5 µA,Automotive,1,-40°C ~ 125°C (TA),Positive,Fixed,60dB (100Hz),"Over Current, Over Temperature, Short Circuit",AEC-Q100,,40V,,5V,1V @ 300mA
TPS7B8401QWDRBRQ1,Texas Instruments,IC REG LIN POS ADJ 150MA 8-SON,pmic-voltage-regulators-linear,10382,2.0,8-VDFN Exposed Pad,"Surface Mount, Wettable Flank",Active,https://www.ti.com/lit/ds/symlink/tps7b84-q1.pdf,https://www.digikey.com/en/products/detail/texas-instruments/TPS7B8401QWDRBRQ1/13627241,Enable,150mA,26 µA,,Automotive,1,-40°C ~ 150°C (TJ),Positive,Adjustable,55dB (1kHz),"Over Current, Over Temperature, Under Voltage Lockout (UVLO)",AEC-Q100,,40V,18V,1.2V,0.245V @ 150mA
TPS7B8450QWDRBRQ1,Texas Instruments,IC REG LINEAR 5V 150MA 8-SON,pmic-voltage-regulators-linear,9263,2.0,8-VDFN Exposed Pad,"Surface Mount, Wettable Flank",Active,https://www.ti.com/lit/ds/symlink/tps7b84-q1.pdf,https://www.digikey.com/en/products/detail/texas-instruments/TPS7B8450QWDRBRQ1/13627157,Enable,150mA,26 µA,,Automotive,1,-40°C ~ 150°C (TJ),Positive,Fixed,55dB (1kHz),"Over Current, Over Temperature, Under Voltage Lockout (UVLO)",AEC-Q100,,40V,,5V,0.225V @ 150mA
TPS7B8601QDDARQ1,Texas Instruments,IC REG LIN POS ADJ 8-SO PWRPAD,pmic-voltage-regulators-linear,2760,2.58,"8-PowerSOIC (0.154"", 3.90mm Width)",Surface Mount,Active,https://www.ti.com/lit/ds/symlink/tps7b86-q1.pdf?ts=1612096644310&ref_url=https%253A%252F%252Fwww.google.com%252F,https://www.digikey.com/en/products/detail/texas-instruments/TPS7B8601QDDARQ1/13627091,"Current Limit, Delay, Enable, Power Good, Soft Start",500mA,26 µA,,Automotive,1,-40°C ~ 150°C (TJ),Positive,Adjustable,70dB (1kHz),"Over Current, Over Temperature, Under Voltage Lockout (UVLO)",AEC-Q100,,40V,18V,1.2V,0.570V @ 500mA
TPS7B8650DQDDARQ1,Texas Instruments,IC REG LIN 5V 500MA 8-SO PWRPAD,pmic-voltage-regulators-linear,2430,2.58,"8-PowerSOIC (0.154"", 3.90mm Width)",Surface Mount,Active,,https://www.digikey.com/en/products/detail/texas-instruments/TPS7B8650DQDDARQ1/16627793,"Current Limit, Enable, Power Good",500mA,26 µA,,Automotive,1,-40°C ~ 150°C (TJ),Positive,Fixed,70dB (1kHz),"Over Current, Over Temperature, Under Voltage Lockout (UVLO)",AEC-Q100,,40V,,5V,0.535V @ 500mA
TPS7B8650QDDARQ1,Texas Instruments,IC REG LIN 5V 500MA 8-SO PWRPAD,pmic-voltage-regulators-linear,2785,2.58,"8-PowerSOIC (0.154"", 3.90mm Width)",Surface Mount,Active,,https://www.digikey.com/en/products/detail/texas-instruments/TPS7B8650QDDARQ1/13627223,"Enable, Power Good",500mA,26 µA,,Automotive,1,-40°C ~ 150°C (TJ),Positive,Fixed,70dB (1kHz),"Over Current, Over Temperature, Under Voltage Lockout (UVLO)",AEC-Q100,,40V,,5V,0.535V @ 500mA
TPS7N5301RTER,Texas Instruments,IC REG LINEAR POS ADJ 3A 16-WQFN,pmic-voltage-regulators-linear,6760,3.59,16-WFQFN Exposed Pad,Surface Mount,Active,https://www.ti.com/lit/ds/symlink/tps7n53.pdf?ts=1738573031480&ref_url=https%253A%252F%252Fwww.ti.com%252Fproduct%252FTPS7N53%252Fpart-details%252FTPS7N5301RTER%253FkeyMatch%253DTPS7N5301RTER%2526tisearch%253Duniversal_search%2526usecase%253DOPN,https://www.digikey.com/en/products/detail/texas-instruments/TPS7N5301RTER/25881414,"Enable, Power Good, Soft Start",3A,,19 mA,,1,-40°C ~ 125°C (TJ),Positive,Adjustable,80dB ~ 25dB (1kHz ~ 1MHz),"Over Current, Over Temperature, Under Voltage Lockout (UVLO)",,,2.2V,1.5V,0.5V,0.14V @ 3A
TS2937CW50 RPG,Taiwan Semiconductor Corporation,IC REG LINEAR 5V 500MA SOT-223,pmic-voltage-regulators-linear,14736,1.0,"TO-261-4, TO-261AA",Surface Mount,Active,https://services.taiwansemi.com/storage/resources/datasheet/TS2937_E15.pdf,https://www.digikey.com/en/products/detail/taiwan-semiconductor-corporation/TS2937CW50-RPG/7370087,Current Limit,500mA,,25 mA,,1,-40°C ~ 125°C (TJ),Positive,Fixed,,"Over Voltage, Thermal Shutdown, Transient Voltage",,,26V,,5V,0.7V @ 500mA
TS3480CX33 RFG,Taiwan Semiconductor Corporation,IC REG LINEAR 3.3V 100MA SOT23,pmic-voltage-regulators-linear,59863,0.39,"TO-236-3, SC-59, SOT-23-3",Surface Mount,Active,https://services.taiwansemi.com/storage/resources/datasheet/TS3480_D1810.pdf,https://www.digikey.com/en/products/detail/taiwan-semiconductor-corporation/TS3480CX33-RFG/7359808,,100mA,5 mA,,,1,-40°C ~ 125°C,Positive,Fixed,,,,,35V,,3.3V,1.1V @ 100mA
TS78L05ACY RMG,Taiwan Semiconductor Corporation,IC REG LINEAR 5V 100MA SOT89,pmic-voltage-regulators-linear,19976,0.34,TO-243AA,Surface Mount,Active,https://services.taiwansemi.com/storage/resources/datasheet/TS78L00_M2206.pdf,https://www.digikey.com/en/products/detail/taiwan-semiconductor-corporation/TS78L05ACY-RMG/7359842,Current Limit,100mA,6 mA,,,1,-40°C ~ 85°C (TA),Positive,Fixed,49dB (120Hz),"Over Current, Over Temperature",,,35V,,5V,1.7V @ 100mA (Typ)
UA723CDR,Texas Instruments,IC REG LIN POS ADJ 150MA 14-SOIC,pmic-voltage-regulators-linear,11283,1.16,"14-SOIC (0.154"", 3.90mm Width)",Surface Mount,Active,https://www.ti.com/lit/ds/slvs057d/slvs057d.pdf,https://www.digikey.com/en/products/detail/texas-instruments/UA723CDR/382250,Current Limit,150mA,,,,1,0°C ~ 70°C,Positive,Adjustable,74dB ~ 86dB (50Hz ~ 10kHz),,,,40V,37V,2V,
UA7805CKCS,Texas Instruments,IC REG LINEAR 5V 1.5A TO220-3,pmic-voltage-regulators-linear,1083,1.63,TO-220-3,Through Hole,Active,https://www.ti.com/lit/ds/slvs056p/slvs056p.pdf,https://www.digikey.com/en/products/detail/texas-instruments/UA7805CKCS/521612,,1.5A,,,,1,0°C ~ 125°C,Positive,Fixed,78dB ~ 68dB (120Hz),"Over Temperature, Reverse Polarity",,,25V,,5V,2V @ 1A
UA7805CKTTR,Texas Instruments,IC REG LINEAR 5V 1.5A TO263,pmic-voltage-regulators-linear,15893,1.29,"TO-263-4, D2PAK (3 Leads + Tab), TO-263AA",Surface Mount,Active,https://www.ti.com/lit/ds/slvs056p/slvs056p.pdf,https://www.digikey.com/en/products/detail/texas-instruments/UA7805CKTTR/1204568,,1.5A,,,,1,0°C ~ 125°C,Positive,Fixed,78dB ~ 68dB (120Hz),"Over Temperature, Reverse Polarity",,,25V,,5V,2V @ 1A
UA78L05ACDR,Texas Instruments,IC REG LINEAR 5V 100MA 8-SOIC,pmic-voltage-regulators-linear,38895,0.35,"8-SOIC (0.154"", 3.90mm Width)",Surface Mount,Active,,https://www.digikey.com/en/products/detail/texas-instruments/UA78L05ACDR/277007,,100mA,,,,1,0°C ~ 125°C,Positive,Fixed,49dB (120Hz),"Over Current, Over Temperature, Reverse Polarity, Short Circuit",,,20V,,5V,1.7V @ 40mA
UA78L05ACPK,Texas Instruments,IC REG LINEAR 5V 100MA SOT89-3,pmic-voltage-regulators-linear,36664,0.32,TO-243AA,Surface Mount,Active,,https://www.digikey.com/en/products/detail/texas-instruments/UA78L05ACPK/440626,,100mA,,,,1,0°C ~ 125°C,Positive,Fixed,49dB (120Hz),"Over Current, Over Temperature, Reverse Polarity, Short Circuit",,,20V,,5V,1.7V @ 40mA
UA78M05CDCYR,Texas Instruments,IC REG LINEAR 5V 500MA SOT-223-4,pmic-voltage-regulators-linear,8846,0.85,"TO-261-4, TO-261AA",Surface Mount,Active,https://www.ti.com/lit/ds/slvs059t/slvs059t.pdf,https://www.digikey.com/en/products/detail/texas-instruments/UA78M05CDCYR/416585,,500mA,,,,1,0°C ~ 125°C,Positive,Fixed,80dB (120Hz),"Over Current, Over Temperature, Short Circuit",,,25V,,5V,2V @ 350mA
UA78M05IDCYR,Texas Instruments,IC REG LINEAR 5V 500MA SOT-223-4,pmic-voltage-regulators-linear,12098,0.64,"TO-261-4, TO-261AA",Surface Mount,Active,https://www.ti.com/lit/ds/slvs059t/slvs059t.pdf,https://www.digikey.com/en/products/detail/texas-instruments/UA78M05IDCYR/706596,,500mA,,,,1,-40°C ~ 125°C,Positive,Fixed,80dB (120Hz),"Over Current, Over Temperature, Short Circuit",,,25V,,5V,2V @ 350mA
UA78M33CKCS,Texas Instruments,IC REG LINEAR 3.3V 500MA TO220-3,pmic-voltage-regulators-linear,5004,5.03,TO-220-3,Through Hole,Active,https://www.ti.com/lit/ds/slvs059t/slvs059t.pdf,https://www.digikey.com/en/products/detail/texas-instruments/UA78M33CKCS/1494026,,500mA,,,,1,0°C ~ 125°C,Positive,Fixed,80dB (120Hz),"Over Current, Over Temperature, Short Circuit",,,25V,,3.3V,2V @ 350mA
UA78M33CKVURG3,Texas Instruments,IC REG LINEAR 3.3V 500MA TO252-3,pmic-voltage-regulators-linear,53633,0.68,"TO-252-3, DPAK (2 Leads + Tab), SC-63",Surface Mount,Active,https://www.ti.com/lit/ds/slvs059t/slvs059t.pdf,https://www.digikey.com/en/products/detail/texas-instruments/UA78M33CKVURG3/1216814,,500mA,,,,1,0°C ~ 125°C,Positive,Fixed,80dB (120Hz),"Over Current, Over Temperature, Short Circuit",,,25V,,3.3V,2V @ 350mA
UCC384DP-ADJ,Texas Instruments,IC REG LIN NEG ADJ 500MA 8-SOIC,pmic-voltage-regulators-linear,700,28.76,"8-SOIC (0.154"", 3.90mm Width)",Surface Mount,Active,,https://www.digikey.com/en/products/detail/texas-instruments/UCC384DP-ADJ/373400,,500mA,350 µA,,,1,0°C ~ 70°C,Negative,Adjustable,,"Over Temperature, Reverse Polarity, Short Circuit, Under Voltage Lockout (UVLO)",,,-15V,-15V,-1.25V,0.5V @ 500mA
XC6201P332MR-G,Torex Semiconductor Ltd,IC REG LIN 3.3V 150MA SOT-25-5,pmic-voltage-regulators-linear,23590,0.62,"SC-74A, SOT-753",Surface Mount,Active,https://product.torexsemi.com/system/files/series/xc6201.pdf,https://www.digikey.com/en/products/detail/torex-semiconductor-ltd/XC6201P332MR-G/2138098,,150mA,5 µA,,,1,-40°C ~ 85°C (TA),Positive,Fixed,,Over Current,,,10V,,3.3V,0.7V @ 160mA
XC6201P332PR-G,Torex Semiconductor Ltd,IC REG LINEAR 3.3V 150MA SOT89,pmic-voltage-regulators-linear,10894,0.62,TO-243AA,Surface Mount,Active,https://product.torexsemi.com/system/files/series/xc6201.pdf,https://www.digikey.com/en/products/detail/torex-semiconductor-ltd/XC6201P332PR-G/2138102,,150mA,5 µA,,,1,-40°C ~ 85°C (TA),Positive,Fixed,,Over Current,,,10V,,3.3V,0.7V @ 160mA
XC6210B332MR-G,Torex Semiconductor Ltd,IC REG LIN 3.3V 700MA SOT-25-5,pmic-voltage-regulators-linear,27971,0.78,"SC-74A, SOT-753",Surface Mount,Active,https://product.torexsemi.com/system/files/series/xc6210.pdf,https://www.digikey.com/en/products/detail/torex-semiconductor-ltd/XC6210B332MR-G/2138119,Enable,700mA,55 µA,,,1,-40°C ~ 85°C,Positive,Fixed,60dB (1kHz),Over Current,,,6V,,3.3V,0.075V @ 100mA
XC6220B331MR-G,Torex Semiconductor Ltd,IC REG LINEAR 3.3V 1A SOT-25-5,pmic-voltage-regulators-linear,7653,0.98,"SC-74A, SOT-753",Surface Mount,Active,https://www.digikey.com//mm.digikey.com/Volume0/opasdata/d220001/medias/docus/642/XC6220.pdf,https://www.digikey.com/en/products/detail/torex-semiconductor-ltd/XC6220B331MR-G/2138177,Enable,1A,18 µA,108 µA,,1,-40°C ~ 85°C,Positive,Fixed,50dB (1kHz),"Over Current, Over Temperature",,,6V,,3.3V,0.655V @ 1A
XC6220B331PR-G,Torex Semiconductor Ltd,IC REG LINEAR 3.3V 1A SOT89-5,pmic-voltage-regulators-linear,6037,1.05,SOT-89-5/6,Surface Mount,Active,https://www.digikey.com//mm.digikey.com/Volume0/opasdata/d220001/medias/docus/642/XC6220.pdf,https://www.digikey.com/en/products/detail/torex-semiconductor-ltd/XC6220B331PR-G/2138172,Enable,1A,18 µA,108 µA,,1,-40°C ~ 85°C,Positive,Fixed,50dB (1kHz),"Over Current, Over Temperature",,,6V,,3.3V,0.655V @ 1A
XRP6272IDBTR-F,"MaxLinear, Inc.",IC REG LINEAR POS ADJ 2A 8-HSOIC,pmic-voltage-regulators-linear,10664,1.26,"8-SOIC (0.154"", 3.90mm Width) Exposed Pad",Surface Mount,Active,https://www.digikey.com//mm.digikey.com/Volume0/opasdata/d220001/medias/docus/8439/XRP6272IDBTR-F.pdf,https://www.digikey.com/en/products/detail/maxlinear-inc/XRP6272IDBTR-F/2810230,"Enable, Power Good",2A,50 µA,,,1,-40°C ~ 85°C,Positive,Adjustable (Fixed),70dB (1kHz),"Over Current, Over Temperature, Soft Start",,,6V,5.4V,0.7V (5V),0.6V @ 2A
ZMR500FTA,Diodes Incorporated,IC REG LINEAR 5V 50MA SOT23-3,pmic-voltage-regulators-linear,8443,0.9,"TO-236-3, SC-59, SOT-23-3",Surface Mount,Active,https://www.diodes.com/assets/Datasheets/ZMRSERIES.pdf,https://www.digikey.com/en/products/detail/diodes-incorporated/ZMR500FTA/243101,,50mA,70 µA,,,1,-55°C ~ 125°C,Positive,Fixed,72dB (120Hz),"Over Current, Over Temperature",,,25V,,5V,
ZSR500GTA,Diodes Incorporated,IC REG LINEAR 5V 200MA SOT-223-3,pmic-voltage-regulators-linear,1484,1.1,"TO-261-4, TO-261AA",Surface Mount,Active,https://www.digikey.com//mm.digikey.com/Volume0/opasdata/d220001/medias/docus/4849/DS_31_ZSR%20Series.pdf,https://www.digikey.com/en/products/detail/diodes-incorporated/ZSR500GTA/189930,,200mA,600 µA,,,1,-55°C ~ 125°C,Positive,Fixed,62dB (120Hz),"Over Temperature, Short Circuit",,,20V,,5V,
ZXTR1005K4-13,Diodes Incorporated,IC REG LINEAR 5V 50MA TO252-4L,pmic-voltage-regulators-linear,2742,0.6,"TO-252-5, DPAK (4 Leads + Tab)",Surface Mount,Active,https://www.diodes.com/assets/Datasheets/ZXTR1005K4.pdf,https://www.digikey.com/en/products/detail/diodes-incorporated/ZXTR1005K4-13/4747701,Enable,50mA,500 µA,900 µA,,1,-55°C ~ 125°C,Positive,Fixed,57dB (100Hz),,,,100V,,5V,
ZXTR2012Z-7,Diodes Incorporated,IC REG LINEAR 12V 47MA SOT89-3,pmic-voltage-regulators-linear,93283,0.46,TO-243AA,Surface Mount,Active,https://www.diodes.com/assets/Datasheets/ZXTR2012Z.pdf,https://www.digikey.com/en/products/detail/diodes-incorporated/ZXTR2012Z-7/4747713,,47mA,400 µA,900 µA,Automotive,1,-40°C ~ 125°C,Positive,Fixed,45dB (100Hz),,AEC-Q101,,100V,,12V,
