MPN,Manufacturer,Description,Subcategory,Stock,Unit Price,Package,Mounting Type,Status,Datasheet URL,Product URL,Applications,Bidirectional Channels,Capacitance @ Frequency,Current - Peak Pulse (10/1000µs),Grade,Operating Temperature,Power - Peak Pulse,Power Line Protection,Qualification,Series,Type,Unidirectional Channels,Voltage - Breakdown (Min),Voltage - Clamping (Max) @ Ipp,Voltage - Reverse Standoff (Typ)
1.5KE300CA,Littelfuse Inc.,TVS DIODE 256VWM 414VC DO201,tvs-diodes,479,1.21,"DO-201AA, DO-27, Axial",Through Hole,Active,https://www.littelfuse.com/assetdocs/littelfuse_tvs_diode_1_5ke_datasheet.pdf?assetguid=9d02c7d2-86a5-4bff-9251-966d6af02bf7,https://www.digikey.com/en/products/detail/littelfuse-inc/1-5KE300CA/688069,General Purpose,1,,3.7A,,-55°C ~ 175°C (TJ),1500W (1.5kW),No,,1.5KE,Zener,,285V,414V,256V
1.5KE30A,Littelfuse Inc.,TVS DIODE 25.6VWM 41.4VC DO201,tvs-diodes,10278,0.92,"DO-201AA, DO-27, Axial",Through Hole,Active,https://www.littelfuse.com/assetdocs/littelfuse_tvs_diode_1_5ke_datasheet.pdf?assetguid=9d02c7d2-86a5-4bff-9251-966d6af02bf7,https://www.digikey.com/en/products/detail/littelfuse-inc/1-5KE30A/285858,General Purpose,,,36.7A,,-55°C ~ 175°C (TJ),1500W (1.5kW),No,,1.5KE,Zener,1,28.5V,41.4V,25.6V
1.5KE33CA,Littelfuse Inc.,TVS DIODE 28.2VWM 45.7VC DO201,tvs-diodes,37195,0.92,"DO-201AA, DO-27, Axial",Through Hole,Active,https://www.littelfuse.com/assetdocs/littelfuse_tvs_diode_1_5ke_datasheet.pdf?assetguid=9d02c7d2-86a5-4bff-9251-966d6af02bf7,https://www.digikey.com/en/products/detail/littelfuse-inc/1-5KE33CA/688026,General Purpose,1,,33.3A,,-55°C ~ 175°C (TJ),1500W (1.5kW),No,,1.5KE,Zener,,31.4V,45.7V,28.2V
1.5KE350CA,Littelfuse Inc.,TVS DIODE 300VWM 482VC DO201,tvs-diodes,11238,1.21,"DO-201AA, DO-27, Axial",Through Hole,Active,https://www.littelfuse.com/assetdocs/littelfuse_tvs_diode_1_5ke_datasheet.pdf?assetguid=9d02c7d2-86a5-4bff-9251-966d6af02bf7,https://www.digikey.com/en/products/detail/littelfuse-inc/1-5KE350CA/688071,General Purpose,1,,4.2A,,-55°C ~ 175°C (TJ),1500W (1.5kW),No,,1.5KE,Zener,,332V,482V,300V
1.5KE47CA-E3/54,Vishay General Semiconductor - Diodes Division,TVS DIODE 40.2VWM 64.8VC 1.5KE,tvs-diodes,18249,1.57,"DO-201AA, DO-27, Axial",Through Hole,Active,https://www.vishay.com/docs/88301/15ke.pdf,https://www.digikey.com/en/products/detail/vishay-general-semiconductor-diodes-division/1-5KE47CA-E3-54/2142903,General Purpose,1,,23.1A,,-55°C ~ 175°C (TJ),1500W (1.5kW),No,,TransZorb®,Zener,,44.7V,64.8V,40.2V
1.5KE6.8A,Littelfuse Inc.,TVS DIODE 5.8VWM 10.5VC DO201,tvs-diodes,4042,0.92,"DO-201AA, DO-27, Axial",Through Hole,Active,https://www.littelfuse.com/assetdocs/littelfuse_tvs_diode_1_5ke_datasheet.pdf?assetguid=9d02c7d2-86a5-4bff-9251-966d6af02bf7,https://www.digikey.com/en/products/detail/littelfuse-inc/1-5KE6-8A/285842,General Purpose,,,144.8A,,-55°C ~ 175°C (TJ),1500W (1.5kW),No,,1.5KE,Zener,1,6.45V,10.5V,5.8V
1.5KE68CA,Littelfuse Inc.,TVS DIODE 58.1VWM 92VC DO201,tvs-diodes,15882,1.14,"DO-201AA, DO-27, Axial",Through Hole,Active,https://www.littelfuse.com/assetdocs/littelfuse_tvs_diode_1_5ke_datasheet.pdf?assetguid=9d02c7d2-86a5-4bff-9251-966d6af02bf7,https://www.digikey.com/en/products/detail/littelfuse-inc/1-5KE68CA/688042,General Purpose,1,,16.5A,,-55°C ~ 175°C (TJ),1500W (1.5kW),No,,1.5KE,Zener,,64.6V,92V,58.1V
1.5SMBJ33CA,Bourns Inc.,TVS DIODE 33VWM 53.3VC DO214AA,tvs-diodes,20282,1.13,"DO-214AA, SMB",Surface Mount,Active,https://www.bourns.com/docs/product-datasheets/1-5smbj.pdf,https://www.digikey.com/en/products/detail/bourns-inc/1-5SMBJ33CA/15211431,General Purpose,1,,28.2A,,-55°C ~ 150°C (TJ),1500W (1.5kW),No,,1.5SMBJ,Zener,,36.7V,53.3V,33V
1.5SMC36A,Littelfuse Inc.,TVS DIODE 30.8VWM DO214AB,tvs-diodes,101768,1.04,"DO-214AB, SMC",Surface Mount,Active,https://www.littelfuse.com/assetdocs/littelfuse_tvs_diode_1_5smc_datasheet.pdf?assetguid=4699ae45-ea3d-42d5-90f2-b76a7b7f12c3,https://www.digikey.com/en/products/detail/littelfuse-inc/1-5SMC36A/715017,General Purpose,,,30.5A,,-55°C ~ 150°C (TJ),1500W (1.5kW),No,,1.5SMC,Zener,1,34.2V,49.9V,30.8V
1.5SMC39A,Littelfuse Inc.,TVS DIODE 33.3VWM 53.9V DO214AB,tvs-diodes,19291,1.04,"DO-214AB, SMC",Surface Mount,Active,https://www.littelfuse.com/assetdocs/littelfuse_tvs_diode_1_5smc_datasheet.pdf?assetguid=4699ae45-ea3d-42d5-90f2-b76a7b7f12c3,https://www.digikey.com/en/products/detail/littelfuse-inc/1-5SMC39A/715021,General Purpose,,,28.2A,,-55°C ~ 150°C (TJ),1500W (1.5kW),No,,1.5SMC,Zener,1,37.1V,53.9V,33.3V
1.5SMC550CA,Littelfuse Inc.,TVS DIODE 495VWM 760VC DO214AB,tvs-diodes,38691,1.58,"DO-214AB, SMC",Surface Mount,Active,https://www.littelfuse.com/assetdocs/littelfuse_tvs_diode_1_5smc_datasheet.pdf?assetguid=4699ae45-ea3d-42d5-90f2-b76a7b7f12c3,https://www.digikey.com/en/products/detail/littelfuse-inc/1-5SMC550CA/715139,General Purpose,1,,2A,,-55°C ~ 150°C (TJ),1500W (1.5kW),No,,1.5SMC,Zener,,522.5V,760V,495V
15KPA033C-SD-Q,Bourns Inc.,TVS DIODE 33VWM 50.3VC DO218,tvs-diodes,1521,6.03,DO-218AB,Surface Mount,Active,https://www.bourns.com/docs/Product-Datasheets/15KPA-SD-Q.pdf,https://www.digikey.com/en/products/detail/bourns-inc/15KPA033C-SD-Q/10512044,,1,,298.1A,Automotive,-55°C ~ 175°C (TJ),15000W (15kW),No,AEC-Q101,15KPA-SD-Q,Zener,,33.7V,50.3V,33V
15KPA036-SD-Q,Bourns Inc.,TVS DIODE 36VWM 55VC DO218,tvs-diodes,3839,5.77,DO-218AB,Surface Mount,Active,https://www.bourns.com/docs/Product-Datasheets/15KPA-SD-Q.pdf,https://www.digikey.com/en/products/detail/bourns-inc/15KPA036-SD-Q/10512042,,,,272.7A,Automotive,-55°C ~ 175°C (TJ),15000W (15kW),No,AEC-Q101,15KPA-SD-Q,Zener,1,36.69V,55V,36V
15KPA036C-SD-Q,Bourns Inc.,TVS DIODE 36VWM 55VC DO218,tvs-diodes,4443,6.03,DO-218AB,Surface Mount,Active,https://www.bourns.com/docs/Product-Datasheets/15KPA-SD-Q.pdf,https://www.digikey.com/en/products/detail/bourns-inc/15KPA036C-SD-Q/10511766,,1,,272.7A,Automotive,-55°C ~ 175°C (TJ),15000W (15kW),No,AEC-Q101,15KPA-SD-Q,Zener,,36.69V,55V,36V
15KPA048C-SD-Q,Bourns Inc.,TVS DIODE 48VWM 71.5VC DO218,tvs-diodes,2949,6.03,DO-218AB,Surface Mount,Active,https://www.bourns.com/docs/Product-Datasheets/15KPA-SD-Q.pdf,https://www.digikey.com/en/products/detail/bourns-inc/15KPA048C-SD-Q/10512024,,1,,194.3A,Automotive,-55°C ~ 175°C (TJ),15000W (15kW),No,AEC-Q101,15KPA-SD-Q,Zener,,48.89V,71.5V,48V
15KPA066C-SD-Q,Bourns Inc.,TVS DIODE 66VWM 96.9VC DO218,tvs-diodes,427,6.03,DO-218AB,Surface Mount,Active,https://www.bourns.com/docs/Product-Datasheets/15KPA-SD-Q.pdf,https://www.digikey.com/en/products/detail/bourns-inc/15KPA066C-SD-Q/10511895,,1,,143.3A,Automotive,-55°C ~ 175°C (TJ),15000W (15kW),No,AEC-Q101,15KPA-SD-Q,Zener,,66.4V,96.9V,66V
15KPA150CA,Littelfuse Inc.,TVS DIODE 150VWM 241.9VC P600,tvs-diodes,1368,14.71,"P600, Axial",Through Hole,Active,https://www.littelfuse.com/assetdocs/littelfuse_tvs_diode_15kpa_datasheet.pdf?assetguid=5152edba-6eab-4c4a-9bef-2c97b144328e,https://www.digikey.com/en/products/detail/littelfuse-inc/15KPA150CA/1764299,General Purpose,1,,62.4A,,-55°C ~ 175°C (TJ),15000W (15kW),No,,15KPA,Zener,,167.6V,241.9V,150V
15KPA17CA,Littelfuse Inc.,TVS DIODE 17VWM 29.3VC P600,tvs-diodes,1312,9.96,"P600, Axial",Through Hole,Active,https://www.littelfuse.com/assetdocs/littelfuse_tvs_diode_15kpa_datasheet.pdf?assetguid=5152edba-6eab-4c4a-9bef-2c97b144328e,https://www.digikey.com/en/products/detail/littelfuse-inc/15KPA17CA/1764311,General Purpose,1,,515.4A,,-55°C ~ 175°C (TJ),15000W (15kW),No,,15KPA,Zener,,18.99V,29.3V,17V
15KPA220CA,Littelfuse Inc.,TVS DIODE 220VWM 356VC P600,tvs-diodes,545,14.71,"P600, Axial",Through Hole,Active,https://www.littelfuse.com/assetdocs/littelfuse_tvs_diode_15kpa_datasheet.pdf?assetguid=5152edba-6eab-4c4a-9bef-2c97b144328e,https://www.digikey.com/en/products/detail/littelfuse-inc/15KPA220CA/1764335,General Purpose,1,,42.4A,,-55°C ~ 175°C (TJ),15000W (15kW),No,,15KPA,Zener,,245.7V,356V,220V
15KPA30A,Littelfuse Inc.,TVS DIODE 30VWM 50.7VC P600,tvs-diodes,673,12.4,"P600, Axial",Through Hole,Active,https://www.littelfuse.com/assetdocs/littelfuse_tvs_diode_15kpa_datasheet.pdf?assetguid=5152edba-6eab-4c4a-9bef-2c97b144328e,https://www.digikey.com/en/products/detail/littelfuse-inc/15KPA30A/1764368,General Purpose,,,297.8A,,-55°C ~ 175°C (TJ),15000W (15kW),No,,15KPA,Zener,1,33.51V,50.7V,30V
15KPA30CA,Littelfuse Inc.,TVS DIODE 30VWM 50.7VC P600,tvs-diodes,3511,12.4,"P600, Axial",Through Hole,Active,https://www.littelfuse.com/assetdocs/littelfuse_tvs_diode_15kpa_datasheet.pdf?assetguid=5152edba-6eab-4c4a-9bef-2c97b144328e,https://www.digikey.com/en/products/detail/littelfuse-inc/15KPA30CA/1764370,General Purpose,1,,297.8A,,-55°C ~ 175°C (TJ),15000W (15kW),No,,15KPA,Zener,,33.51V,50.7V,30V
15KPA33A,Littelfuse Inc.,TVS DIODE 33VWM 54.7VC P600,tvs-diodes,123,12.4,"P600, Axial",Through Hole,Active,https://www.littelfuse.com/assetdocs/littelfuse_tvs_diode_15kpa_datasheet.pdf?assetguid=5152edba-6eab-4c4a-9bef-2c97b144328e,https://www.digikey.com/en/products/detail/littelfuse-inc/15KPA33A/1764372,General Purpose,,,276.1A,,-55°C ~ 175°C (TJ),15000W (15kW),No,,15KPA,Zener,1,36.9V,54.7V,33V
15KPA33CA,Littelfuse Inc.,TVS DIODE 33VWM 54.7VC P600,tvs-diodes,2032,12.4,"P600, Axial",Through Hole,Active,https://www.littelfuse.com/assetdocs/littelfuse_tvs_diode_15kpa_datasheet.pdf?assetguid=5152edba-6eab-4c4a-9bef-2c97b144328e,https://www.digikey.com/en/products/detail/littelfuse-inc/15KPA33CA/1764374,General Purpose,1,,276.1A,,-55°C ~ 175°C (TJ),15000W (15kW),No,,15KPA,Zener,,36.9V,54.7V,33V
15KPA36A,Littelfuse Inc.,TVS DIODE 36VWM 59.8VC P600,tvs-diodes,113,12.4,"P600, Axial",Through Hole,Active,https://www.littelfuse.com/assetdocs/littelfuse_tvs_diode_15kpa_datasheet.pdf?assetguid=5152edba-6eab-4c4a-9bef-2c97b144328e,https://www.digikey.com/en/products/detail/littelfuse-inc/15KPA36A/1764377,General Purpose,,,252.5A,,-55°C ~ 175°C (TJ),15000W (15kW),No,,15KPA,Zener,1,40.2V,59.8V,36V
15KPA36CA,Littelfuse Inc.,TVS DIODE 36VWM 59.8VC P600,tvs-diodes,358,12.4,"P600, Axial",Through Hole,Active,https://www.littelfuse.com/assetdocs/littelfuse_tvs_diode_15kpa_datasheet.pdf?assetguid=5152edba-6eab-4c4a-9bef-2c97b144328e,https://www.digikey.com/en/products/detail/littelfuse-inc/15KPA36CA/1764379,General Purpose,1,,252.5A,,-55°C ~ 175°C (TJ),15000W (15kW),No,,15KPA,Zener,,40.2V,59.8V,36V
15KPA40CA,Littelfuse Inc.,TVS DIODE 40VWM 65.8VC P600,tvs-diodes,879,12.4,"P600, Axial",Through Hole,Active,https://www.littelfuse.com/assetdocs/littelfuse_tvs_diode_15kpa_datasheet.pdf?assetguid=5152edba-6eab-4c4a-9bef-2c97b144328e,https://www.digikey.com/en/products/detail/littelfuse-inc/15KPA40CA/1764384,General Purpose,1,,229.5A,,-55°C ~ 175°C (TJ),15000W (15kW),No,,15KPA,Zener,,44.7V,65.8V,40V
15KPA48A,Littelfuse Inc.,TVS DIODE 48VWM 77.7VC P600,tvs-diodes,822,12.4,"P600, Axial",Through Hole,Active,https://www.littelfuse.com/assetdocs/littelfuse_tvs_diode_15kpa_datasheet.pdf?assetguid=5152edba-6eab-4c4a-9bef-2c97b144328e,https://www.digikey.com/en/products/detail/littelfuse-inc/15KPA48A/1764394,General Purpose,,,194.3A,,-55°C ~ 175°C (TJ),15000W (15kW),No,,15KPA,Zener,1,53.6V,77.7V,48V
15KPA58A,Littelfuse Inc.,TVS DIODE 58VWM 93.8VC P600,tvs-diodes,382,12.4,"P600, Axial",Through Hole,Active,https://www.littelfuse.com/assetdocs/littelfuse_tvs_diode_15kpa_datasheet.pdf?assetguid=5152edba-6eab-4c4a-9bef-2c97b144328e,https://www.digikey.com/en/products/detail/littelfuse-inc/15KPA58A/1764410,General Purpose,,,161A,,-55°C ~ 175°C (TJ),15000W (15kW),No,,15KPA,Zener,1,64.8V,93.8V,58V
15KPA75CA,Littelfuse Inc.,TVS DIODE 75VWM 122VC P600,tvs-diodes,2163,12.4,"P600, Axial",Through Hole,Active,https://www.littelfuse.com/assetdocs/littelfuse_tvs_diode_15kpa_datasheet.pdf?assetguid=5152edba-6eab-4c4a-9bef-2c97b144328e,https://www.digikey.com/en/products/detail/littelfuse-inc/15KPA75CA/1764430,General Purpose,1,,123.8A,,-55°C ~ 175°C (TJ),15000W (15kW),No,,15KPA,Zener,,83.8V,122V,75V
1KSMB30CA,Littelfuse Inc.,TVS DIODE 25.6VWM 41.4V DO214AA,tvs-diodes,9000,1.15,"DO-214AA, SMB",Surface Mount,Active,https://www.littelfuse.com/assetdocs/tvs-diodes-1ksmb-datasheet?assetguid=c89cc12b-4543-4d72-aead-26a7a674ab87,https://www.digikey.com/en/products/detail/littelfuse-inc/1KSMB30CA/2024004,General Purpose,1,,24.2A,,-55°C ~ 150°C (TJ),1000W (1kW),No,,1KSMB,Zener,,28.5V,41.4V,25.6V
20KPA300CA,Littelfuse Inc.,TVS DIODE 300VWM 483VC P600,tvs-diodes,182,24.71,"P600, Axial",Through Hole,Active,https://www.digikey.com//mm.digikey.com/Volume0/opasdata/d220001/medias/docus/6506/20KPA%20Series%20Datasheet.pdf,https://www.digikey.com/en/products/detail/littelfuse-inc/20KPA300CA/2520483,General Purpose,1,,41.8A,,-55°C ~ 175°C (TJ),20000W (20kW),No,,20KPA,Zener,,335.1V,483V,300V
3.0SMCJ30A-13,Diodes Incorporated,TVS DIODE 30VWM 48.4VC SMC,tvs-diodes,9782,1.07,"DO-214AB, SMC",Surface Mount,Active,https://www.diodes.com/assets/Datasheets/3.0SMCJ5.0CA-3.0SMCJ170CA.pdf,https://www.digikey.com/en/products/detail/diodes-incorporated/3-0SMCJ30A-13/1774300,General Purpose,,1700pF @ 1MHz,62A,,-55°C ~ 175°C (TJ),3000W (3kW),No,,,Zener,1,33.3V,48.4V,30V
30KPA28A,Littelfuse Inc.,TVS DIODE 28VWM 50VC P600,tvs-diodes,1069,22.99,"P600, Axial",Through Hole,Active,https://www.littelfuse.com/assetdocs/littelfuse_tvs_diode_30kpa_datasheet.pdf?assetguid=79942834-59ae-4f4e-978d-abfaf38dffcf,https://www.digikey.com/en/products/detail/littelfuse-inc/30KPA28A/2520341,General Purpose,,,606A,,-55°C ~ 175°C (TJ),30000W (30kW),No,,30KPA,Zener,1,31.28V,50V,28V
30KPA36CA,Littelfuse Inc.,TVS DIODE 36VWM 61.8VC P600,tvs-diodes,1854,24.78,"P600, Axial",Through Hole,Active,https://www.littelfuse.com/assetdocs/littelfuse_tvs_diode_30kpa_datasheet.pdf?assetguid=79942834-59ae-4f4e-978d-abfaf38dffcf,https://www.digikey.com/en/products/detail/littelfuse-inc/30KPA36CA/2520318,General Purpose,1,,490.3A,,-55°C ~ 175°C (TJ),30000W (30kW),No,,30KPA,Zener,,40.2V,61.8V,36V
30KPA48A,Littelfuse Inc.,TVS DIODE 48VWM 81.6VC P600,tvs-diodes,1310,22.99,"P600, Axial",Through Hole,Active,https://www.littelfuse.com/assetdocs/littelfuse_tvs_diode_30kpa_datasheet.pdf?assetguid=79942834-59ae-4f4e-978d-abfaf38dffcf,https://www.digikey.com/en/products/detail/littelfuse-inc/30KPA48A/2520299,General Purpose,,,371.3A,,-55°C ~ 175°C (TJ),30000W (30kW),No,,30KPA,Zener,1,53.6V,81.6V,48V
30KPA48CA,Littelfuse Inc.,TVS DIODE 48VWM 81.6VC P600,tvs-diodes,1156,24.78,"P600, Axial",Through Hole,Active,https://www.littelfuse.com/assetdocs/littelfuse_tvs_diode_30kpa_datasheet.pdf?assetguid=79942834-59ae-4f4e-978d-abfaf38dffcf,https://www.digikey.com/en/products/detail/littelfuse-inc/30KPA48CA/2520655,General Purpose,1,,371.3A,,-55°C ~ 175°C (TJ),30000W (30kW),No,,30KPA,Zener,,53.6V,81.6V,48V
30KPA58CA,Littelfuse Inc.,TVS DIODE 58VWM 92.4VC P600,tvs-diodes,933,24.78,"P600, Axial",Through Hole,Active,https://www.littelfuse.com/assetdocs/littelfuse_tvs_diode_30kpa_datasheet.pdf?assetguid=79942834-59ae-4f4e-978d-abfaf38dffcf,https://www.digikey.com/en/products/detail/littelfuse-inc/30KPA58CA/2520663,General Purpose,1,,327.9A,,-55°C ~ 175°C (TJ),30000W (30kW),No,,30KPA,Zener,,64.8V,92.4V,58V
30KPA90CA,Littelfuse Inc.,TVS DIODE 90VWM 146.4VC P600,tvs-diodes,3252,24.78,"P600, Axial",Through Hole,Active,https://www.littelfuse.com/assetdocs/littelfuse_tvs_diode_30kpa_datasheet.pdf?assetguid=79942834-59ae-4f4e-978d-abfaf38dffcf,https://www.digikey.com/en/products/detail/littelfuse-inc/30KPA90CA/2520312,General Purpose,1,,207A,,-55°C ~ 175°C (TJ),30000W (30kW),No,,30KPA,Zener,,100.5V,146.4V,90V
5.0SMDJ100A,Bourns Inc.,TVS DIODE 100VWM 162VC DO214AB,tvs-diodes,9483,2.63,"DO-214AB, SMC",Surface Mount,Active,https://www.bourns.com/docs/product-datasheets/5-0smdj.pdf,https://www.digikey.com/en/products/detail/bourns-inc/5-0SMDJ100A/7671855,Telecom,,,30.9A,,-55°C ~ 150°C (TJ),5000W (5kW),No,,5.0SMDJ,Zener,1,111V,162V,100V
5.0SMDJ110CA,Littelfuse Inc.,TVS DIODE 110VWM 177VC DO214AB,tvs-diodes,9935,2.83,"DO-214AB, SMC",Surface Mount,Active,https://www.littelfuse.com/assetdocs/littelfuse_tvs_diode_5_0smdj_datasheet.pdf?assetguid=2b2f4a8c-2e81-4894-8d41-3d748bb79e68,https://www.digikey.com/en/products/detail/littelfuse-inc/5-0SMDJ110CA/2786409,Telecom,1,,28.3A,,-65°C ~ 150°C (TJ),5000W (5kW),Yes,,5.0SMDJ,Zener,,122V,177V,110V
5.0SMDJ120CA,Littelfuse Inc.,TVS DIODE 120VWM 193VC DO214AB,tvs-diodes,20258,2.83,"DO-214AB, SMC",Surface Mount,Active,https://www.littelfuse.com/assetdocs/littelfuse_tvs_diode_5_0smdj_datasheet.pdf?assetguid=2b2f4a8c-2e81-4894-8d41-3d748bb79e68,https://www.digikey.com/en/products/detail/littelfuse-inc/5-0SMDJ120CA/2786410,Telecom,1,,26A,,-65°C ~ 150°C (TJ),5000W (5kW),Yes,,5.0SMDJ,Zener,,133V,193V,120V
5.0SMDJ12CA,Littelfuse Inc.,TVS DIODE 12VWM 19.9VC DO214AB,tvs-diodes,7418,2.47,"DO-214AB, SMC",Surface Mount,Active,https://www.littelfuse.com/assetdocs/littelfuse_tvs_diode_5_0smdj_datasheet.pdf?assetguid=2b2f4a8c-2e81-4894-8d41-3d748bb79e68,https://www.digikey.com/en/products/detail/littelfuse-inc/5-0SMDJ12CA/2024304,Telecom,1,,252A,,-65°C ~ 150°C (TJ),5000W (5kW),Yes,,5.0SMDJ,Zener,,13.3V,19.9V,12V
5.0SMDJ13CA,Littelfuse Inc.,TVS DIODE 13VWM 21.5VC DO214AB,tvs-diodes,263,2.47,"DO-214AB, SMC",Surface Mount,Active,https://www.littelfuse.com/assetdocs/littelfuse_tvs_diode_5_0smdj_datasheet.pdf?assetguid=2b2f4a8c-2e81-4894-8d41-3d748bb79e68,https://www.digikey.com/en/products/detail/littelfuse-inc/5-0SMDJ13CA/2024307,Telecom,1,,233A,,-65°C ~ 150°C (TJ),5000W (5kW),Yes,,5.0SMDJ,Zener,,14.4V,21.5V,13V
5.0SMDJ14A,Littelfuse Inc.,TVS DIODE 14VWM 23.2VC DO214AB,tvs-diodes,24000,2.47,"DO-214AB, SMC",Surface Mount,Active,https://www.littelfuse.com/assetdocs/littelfuse_tvs_diode_5_0smdj_datasheet.pdf?assetguid=2b2f4a8c-2e81-4894-8d41-3d748bb79e68,https://www.digikey.com/en/products/detail/littelfuse-inc/5-0SMDJ14A/1835330,Telecom,,,216A,,-65°C ~ 150°C (TJ),5000W (5kW),Yes,,5.0SMDJ,Zener,1,15.6V,23.2V,14V
5.0SMDJ150CA,Littelfuse Inc.,TVS DIODE 150VWM 243VC DO214AB,tvs-diodes,1391,2.83,"DO-214AB, SMC",Surface Mount,Active,https://www.littelfuse.com/assetdocs/littelfuse_tvs_diode_5_0smdj_datasheet.pdf?assetguid=2b2f4a8c-2e81-4894-8d41-3d748bb79e68,https://www.digikey.com/en/products/detail/littelfuse-inc/5-0SMDJ150CA/2786412,Telecom,1,,20.6A,,-65°C ~ 150°C (TJ),5000W (5kW),Yes,,5.0SMDJ,Zener,,167V,243V,150V
5.0SMDJ15A,Littelfuse Inc.,TVS DIODE 15VWM 24.4VC DO214AB,tvs-diodes,8321,2.5,"DO-214AB, SMC",Surface Mount,Active,https://www.littelfuse.com/assetdocs/littelfuse_tvs_diode_5_0smdj_datasheet.pdf?assetguid=2b2f4a8c-2e81-4894-8d41-3d748bb79e68,https://www.digikey.com/en/products/detail/littelfuse-inc/5-0SMDJ15A/1835331,Telecom,,,205A,,-65°C ~ 150°C (TJ),5000W (5kW),Yes,,5.0SMDJ,Zener,1,16.7V,24.4V,15V
5.0SMDJ160CA,Littelfuse Inc.,TVS DIODE 160VWM 259VC DO214AB,tvs-diodes,890,2.83,"DO-214AB, SMC",Surface Mount,Active,https://www.littelfuse.com/assetdocs/littelfuse_tvs_diode_5_0smdj_datasheet.pdf?assetguid=2b2f4a8c-2e81-4894-8d41-3d748bb79e68,https://www.digikey.com/en/products/detail/littelfuse-inc/5-0SMDJ160CA/2786413,Telecom,1,,19.3A,,-65°C ~ 150°C (TJ),5000W (5kW),Yes,,5.0SMDJ,Zener,,178V,259V,160V
5.0SMDJ16CA,Littelfuse Inc.,TVS DIODE 16VWM 26VC DO214AB,tvs-diodes,5277,2.47,"DO-214AB, SMC",Surface Mount,Active,https://www.littelfuse.com/assetdocs/littelfuse_tvs_diode_5_0smdj_datasheet.pdf?assetguid=2b2f4a8c-2e81-4894-8d41-3d748bb79e68,https://www.digikey.com/en/products/detail/littelfuse-inc/5-0SMDJ16CA/2024312,Telecom,1,,193A,,-65°C ~ 150°C (TJ),5000W (5kW),Yes,,5.0SMDJ,Zener,,17.8V,26V,16V
5.0SMDJ18A,Littelfuse Inc.,TVS DIODE 18VWM 29.2VC DO214AB,tvs-diodes,8290,2.47,"DO-214AB, SMC",Surface Mount,Active,https://www.littelfuse.com/assetdocs/littelfuse_tvs_diode_5_0smdj_datasheet.pdf?assetguid=2b2f4a8c-2e81-4894-8d41-3d748bb79e68,https://www.digikey.com/en/products/detail/littelfuse-inc/5-0SMDJ18A/1835333,Telecom,,,172A,,-65°C ~ 150°C (TJ),5000W (5kW),Yes,,5.0SMDJ,Zener,1,20V,29.2V,18V
5.0SMDJ18CA,Littelfuse Inc.,TVS DIODE 18VWM 29.2VC DO214AB,tvs-diodes,1148,2.47,"DO-214AB, SMC",Surface Mount,Active,https://www.littelfuse.com/assetdocs/littelfuse_tvs_diode_5_0smdj_datasheet.pdf?assetguid=2b2f4a8c-2e81-4894-8d41-3d748bb79e68,https://www.digikey.com/en/products/detail/littelfuse-inc/5-0SMDJ18CA/2024316,Telecom,1,,172A,,-65°C ~ 150°C (TJ),5000W (5kW),Yes,,5.0SMDJ,Zener,,20V,29.2V,18V
5.0SMDJ20CA,Littelfuse Inc.,TVS DIODE 20VWM 32.4VC DO214AB,tvs-diodes,3868,2.47,"DO-214AB, SMC",Surface Mount,Active,https://www.littelfuse.com/assetdocs/littelfuse_tvs_diode_5_0smdj_datasheet.pdf?assetguid=2b2f4a8c-2e81-4894-8d41-3d748bb79e68,https://www.digikey.com/en/products/detail/littelfuse-inc/5-0SMDJ20CA/2024318,Telecom,1,,155A,,-65°C ~ 150°C (TJ),5000W (5kW),Yes,,5.0SMDJ,Zener,,22.2V,32.4V,20V
5.0SMDJ24A,Littelfuse Inc.,TVS DIODE 24VWM 38.9VC DO214AB,tvs-diodes,442,2.47,"DO-214AB, SMC",Surface Mount,Active,https://www.littelfuse.com/assetdocs/littelfuse_tvs_diode_5_0smdj_datasheet.pdf?assetguid=2b2f4a8c-2e81-4894-8d41-3d748bb79e68,https://www.digikey.com/en/products/detail/littelfuse-inc/5-0SMDJ24A/1835334,Telecom,,,129A,,-65°C ~ 150°C (TJ),5000W (5kW),Yes,,5.0SMDJ,Zener,1,26.7V,38.9V,24V
5.0SMDJ26A,Littelfuse Inc.,TVS DIODE 26VWM 42.1VC DO214AB,tvs-diodes,591,2.5,"DO-214AB, SMC",Surface Mount,Active,https://www.littelfuse.com/assetdocs/littelfuse_tvs_diode_5_0smdj_datasheet.pdf?assetguid=2b2f4a8c-2e81-4894-8d41-3d748bb79e68,https://www.digikey.com/en/products/detail/littelfuse-inc/5-0SMDJ26A/2024322,Telecom,,,119A,,-65°C ~ 150°C (TJ),5000W (5kW),Yes,,5.0SMDJ,Zener,1,28.9V,42.1V,26V
5.0SMDJ26CA,Littelfuse Inc.,TVS DIODE 26VWM 42.1VC DO214AB,tvs-diodes,3894,2.47,"DO-214AB, SMC",Surface Mount,Active,https://www.littelfuse.com/assetdocs/littelfuse_tvs_diode_5_0smdj_datasheet.pdf?assetguid=2b2f4a8c-2e81-4894-8d41-3d748bb79e68,https://www.digikey.com/en/products/detail/littelfuse-inc/5-0SMDJ26CA/2024323,Telecom,1,,119A,,-65°C ~ 150°C (TJ),5000W (5kW),Yes,,5.0SMDJ,Zener,,28.9V,42.1V,26V
5.0SMDJ28A,Littelfuse Inc.,TVS DIODE 28VWM 45.4VC DO214AB,tvs-diodes,933,2.47,"DO-214AB, SMC",Surface Mount,Active,https://www.littelfuse.com/assetdocs/littelfuse_tvs_diode_5_0smdj_datasheet.pdf?assetguid=2b2f4a8c-2e81-4894-8d41-3d748bb79e68,https://www.digikey.com/en/products/detail/littelfuse-inc/5-0SMDJ28A/2024324,Telecom,,,110A,,-65°C ~ 150°C (TJ),5000W (5kW),Yes,,5.0SMDJ,Zener,1,31.1V,45.4V,28V
5.0SMDJ28CA,Littelfuse Inc.,TVS DIODE 28VWM 45.4VC DO214AB,tvs-diodes,5654,2.47,"DO-214AB, SMC",Surface Mount,Active,https://www.littelfuse.com/assetdocs/littelfuse_tvs_diode_5_0smdj_datasheet.pdf?assetguid=2b2f4a8c-2e81-4894-8d41-3d748bb79e68,https://www.digikey.com/en/products/detail/littelfuse-inc/5-0SMDJ28CA/2024325,Telecom,1,,110A,,-65°C ~ 150°C (TJ),5000W (5kW),Yes,,5.0SMDJ,Zener,,31.1V,45.4V,28V
5.0SMDJ28CA-Q,Bourns Inc.,TVS DIODE 28VWM 45.4VC DO214AB,tvs-diodes,5044,3.0,"DO-214AB, SMC",Surface Mount,Active,https://www.bourns.com/docs/product-datasheets/5-0smdj-q.pdf?sfvrsn=a6c72f6_2,https://www.digikey.com/en/products/detail/bourns-inc/5-0SMDJ28CA-Q/9467338,,1,,110A,Automotive,-55°C ~ 150°C (TJ),5000W (5kW),No,AEC-Q101,5.0SMDJ-Q,Zener,,31.1V,45.4V,28V
5.0SMDJ30CA,Littelfuse Inc.,TVS DIODE 30VWM 48.4VC DO214AB,tvs-diodes,27458,2.53,"DO-214AB, SMC",Surface Mount,Active,https://www.littelfuse.com/assetdocs/littelfuse_tvs_diode_5_0smdj_datasheet.pdf?assetguid=2b2f4a8c-2e81-4894-8d41-3d748bb79e68,https://www.digikey.com/en/products/detail/littelfuse-inc/5-0SMDJ30CA/2024327,Telecom,1,,103A,,-65°C ~ 150°C (TJ),5000W (5kW),Yes,,5.0SMDJ,Zener,,33.3V,48.4V,30V
5.0SMDJ33A,Littelfuse Inc.,TVS DIODE 33VWM 53.3VC DO214AB,tvs-diodes,26519,2.47,"DO-214AB, SMC",Surface Mount,Active,https://www.littelfuse.com/assetdocs/littelfuse_tvs_diode_5_0smdj_datasheet.pdf?assetguid=2b2f4a8c-2e81-4894-8d41-3d748bb79e68,https://www.digikey.com/en/products/detail/littelfuse-inc/5-0SMDJ33A/2024328,Telecom,,,93.9A,,-65°C ~ 150°C (TJ),5000W (5kW),Yes,,5.0SMDJ,Zener,1,36.7V,53.3V,33V
5.0SMDJ33A-Q,Bourns Inc.,TVS DIODE 33VWM 53.3VC DO214AB,tvs-diodes,0,2.88,"DO-214AB, SMC",Surface Mount,Active,https://www.bourns.com/docs/product-datasheets/5-0smdj-q.pdf?sfvrsn=a6c72f6_2,https://www.digikey.com/en/products/detail/bourns-inc/5-0SMDJ33A-Q/9467293,,,,93.9A,Automotive,150°C (TJ),5000W (5kW),No,AEC-Q101,5.0SMDJ-Q,Zener,1,36.7V,53.3V,33V
5.0SMDJ33CA-Q,Bourns Inc.,TVS DIODE 33VWM 53.3VC DO214AB,tvs-diodes,5743,3.0,"DO-214AB, SMC",Surface Mount,Active,https://www.bourns.com/docs/product-datasheets/5-0smdj-q.pdf?sfvrsn=a6c72f6_2,https://www.digikey.com/en/products/detail/bourns-inc/5-0SMDJ33CA-Q/9467296,,1,,93.9A,Automotive,150°C (TJ),5000W (5kW),No,AEC-Q101,5.0SMDJ-Q,Zener,,36.7V,53.3V,33V
5.0SMDJ36A,Littelfuse Inc.,TVS DIODE 36VWM 58.1VC DO214AB,tvs-diodes,13888,2.47,"DO-214AB, SMC",Surface Mount,Active,https://www.littelfuse.com/assetdocs/littelfuse_tvs_diode_5_0smdj_datasheet.pdf?assetguid=2b2f4a8c-2e81-4894-8d41-3d748bb79e68,https://www.digikey.com/en/products/detail/littelfuse-inc/5-0SMDJ36A/2024330,Telecom,,,86.1A,,-65°C ~ 150°C (TJ),5000W (5kW),Yes,,5.0SMDJ,Zener,1,40V,58.1V,36V
5.0SMDJ36CA,Littelfuse Inc.,TVS DIODE 36VWM 58.1VC DO214AB,tvs-diodes,1370,2.47,"DO-214AB, SMC",Surface Mount,Active,https://www.littelfuse.com/assetdocs/littelfuse_tvs_diode_5_0smdj_datasheet.pdf?assetguid=2b2f4a8c-2e81-4894-8d41-3d748bb79e68,https://www.digikey.com/en/products/detail/littelfuse-inc/5-0SMDJ36CA/2024331,Telecom,1,,86.1A,,-65°C ~ 150°C (TJ),5000W (5kW),Yes,,5.0SMDJ,Zener,,40V,58.1V,36V
5.0SMDJ40A,Littelfuse Inc.,TVS DIODE 40VWM 64.5VC DO214AB,tvs-diodes,5625,2.47,"DO-214AB, SMC",Surface Mount,Active,https://www.littelfuse.com/assetdocs/littelfuse_tvs_diode_5_0smdj_datasheet.pdf?assetguid=2b2f4a8c-2e81-4894-8d41-3d748bb79e68,https://www.digikey.com/en/products/detail/littelfuse-inc/5-0SMDJ40A/2024332,Telecom,,,77.6A,,-65°C ~ 150°C (TJ),5000W (5kW),Yes,,5.0SMDJ,Zener,1,44.4V,64.5V,40V
5.0SMDJ43A,Littelfuse Inc.,TVS DIODE 43VWM 69.4VC DO214AB,tvs-diodes,2400,2.47,"DO-214AB, SMC",Surface Mount,Active,https://www.littelfuse.com/assetdocs/littelfuse_tvs_diode_5_0smdj_datasheet.pdf?assetguid=2b2f4a8c-2e81-4894-8d41-3d748bb79e68,https://www.digikey.com/en/products/detail/littelfuse-inc/5-0SMDJ43A/2024334,Telecom,,,72.1A,,-65°C ~ 150°C (TJ),5000W (5kW),Yes,,5.0SMDJ,Zener,1,47.8V,69.4V,43V
5.0SMDJ48A,Littelfuse Inc.,TVS DIODE 48VWM 77.4VC DO214AB,tvs-diodes,9333,2.47,"DO-214AB, SMC",Surface Mount,Active,https://www.littelfuse.com/assetdocs/littelfuse_tvs_diode_5_0smdj_datasheet.pdf?assetguid=2b2f4a8c-2e81-4894-8d41-3d748bb79e68,https://www.digikey.com/en/products/detail/littelfuse-inc/5-0SMDJ48A/2024338,Telecom,,,64.7A,,-65°C ~ 150°C (TJ),5000W (5kW),Yes,,5.0SMDJ,Zener,1,53.3V,77.4V,48V
5.0SMDJ48CA,Bourns Inc.,TVS DIODE 48VWM 77.4VC DO214AB,tvs-diodes,0,2.63,"DO-214AB, SMC",Surface Mount,Active,https://www.bourns.com/docs/product-datasheets/5-0smdj.pdf,https://www.digikey.com/en/products/detail/bourns-inc/5-0SMDJ48CA/7671880,Telecom,1,,64.7A,,-55°C ~ 150°C (TJ),5000W (5kW),No,,5.0SMDJ,Zener,,53.3V,77.4V,48V
5.0SMDJ51A,Littelfuse Inc.,TVS DIODE 51VWM 82.4VC DO214AB,tvs-diodes,20532,2.47,"DO-214AB, SMC",Surface Mount,Active,https://www.littelfuse.com/assetdocs/littelfuse_tvs_diode_5_0smdj_datasheet.pdf?assetguid=2b2f4a8c-2e81-4894-8d41-3d748bb79e68,https://www.digikey.com/en/products/detail/littelfuse-inc/5-0SMDJ51A/2024339,Telecom,,,60.7A,,-65°C ~ 150°C (TJ),5000W (5kW),Yes,,5.0SMDJ,Zener,1,56.7V,82.4V,51V
5.0SMDJ51CA-Q,Bourns Inc.,TVS DIODE 51VWM 82.4VC DO214AB,tvs-diodes,4836,3.0,"DO-214AB, SMC",Surface Mount,Active,https://www.bourns.com/docs/product-datasheets/5-0smdj-q.pdf,https://www.digikey.com/en/products/detail/bourns-inc/5-0SMDJ51CA-Q/10447688,Telecom,1,,60.7A,Automotive,-55°C ~ 150°C (TJ),5000W (5kW),No,AEC-Q101,5.0SMDJ-Q,Zener,,56.7V,82.4V,51V
5.0SMDJ54A,Bourns Inc.,TVS DIODE 54VWM 87.1VC DO214AB,tvs-diodes,7185,2.63,"DO-214AB, SMC",Surface Mount,Active,https://www.bourns.com/docs/product-datasheets/5-0smdj.pdf,https://www.digikey.com/en/products/detail/bourns-inc/5-0SMDJ54A/7671846,Telecom,,,57.5A,,-55°C ~ 150°C (TJ),5000W (5kW),No,,5.0SMDJ,Zener,1,60V,87.1V,54V
5.0SMDJ54CA,Littelfuse Inc.,TVS DIODE 54VWM 87.1VC DO214AB,tvs-diodes,3217,2.47,"DO-214AB, SMC",Surface Mount,Active,https://www.littelfuse.com/assetdocs/littelfuse_tvs_diode_5_0smdj_datasheet.pdf?assetguid=2b2f4a8c-2e81-4894-8d41-3d748bb79e68,https://www.digikey.com/en/products/detail/littelfuse-inc/5-0SMDJ54CA/2786417,Telecom,1,,57.5A,,-65°C ~ 150°C (TJ),5000W (5kW),Yes,,5.0SMDJ,Zener,,60V,87.1V,54V
5.0SMDJ58A,Littelfuse Inc.,TVS DIODE 58VWM 93.6VC DO214AB,tvs-diodes,2592,2.47,"DO-214AB, SMC",Surface Mount,Active,https://www.littelfuse.com/assetdocs/littelfuse_tvs_diode_5_0smdj_datasheet.pdf?assetguid=2b2f4a8c-2e81-4894-8d41-3d748bb79e68,https://www.digikey.com/en/products/detail/littelfuse-inc/5-0SMDJ58A/2024341,Telecom,,,53.5A,,-65°C ~ 150°C (TJ),5000W (5kW),Yes,,5.0SMDJ,Zener,1,64.4V,93.6V,58V
5.0SMDJ58CA,Littelfuse Inc.,TVS DIODE 58VWM 93.6VC DO214AB,tvs-diodes,6183,2.47,"DO-214AB, SMC",Surface Mount,Active,https://www.littelfuse.com/assetdocs/littelfuse_tvs_diode_5_0smdj_datasheet.pdf?assetguid=2b2f4a8c-2e81-4894-8d41-3d748bb79e68,https://www.digikey.com/en/products/detail/littelfuse-inc/5-0SMDJ58CA/2786418,Telecom,1,,53.5A,,-65°C ~ 150°C (TJ),5000W (5kW),Yes,,5.0SMDJ,Zener,,64.4V,93.6V,58V
5.0SMDJ60A,Bourns Inc.,TVS DIODE 60VWM 96.8VC DO214AB,tvs-diodes,234,2.63,"DO-214AB, SMC",Surface Mount,Active,https://www.bourns.com/docs/product-datasheets/5-0smdj.pdf,https://www.digikey.com/en/products/detail/bourns-inc/5-0SMDJ60A/7671848,Telecom,,,51.7A,,-55°C ~ 150°C (TJ),5000W (5kW),No,,5.0SMDJ,Zener,1,66.7V,96.8V,60V
5.0SMDJ60CA,Littelfuse Inc.,TVS DIODE 60VWM 96.8VC DO214AB,tvs-diodes,5989,2.47,"DO-214AB, SMC",Surface Mount,Active,https://www.littelfuse.com/assetdocs/littelfuse_tvs_diode_5_0smdj_datasheet.pdf?assetguid=2b2f4a8c-2e81-4894-8d41-3d748bb79e68,https://www.digikey.com/en/products/detail/littelfuse-inc/5-0SMDJ60CA/2786419,Telecom,1,,51.7A,,-65°C ~ 150°C (TJ),5000W (5kW),Yes,,5.0SMDJ,Zener,,66.7V,96.8V,60V
5.0SMDJ64A,Littelfuse Inc.,TVS DIODE 64VWM 103VC DO214AB,tvs-diodes,5262,2.47,"DO-214AB, SMC",Surface Mount,Active,https://www.littelfuse.com/assetdocs/littelfuse_tvs_diode_5_0smdj_datasheet.pdf?assetguid=2b2f4a8c-2e81-4894-8d41-3d748bb79e68,https://www.digikey.com/en/products/detail/littelfuse-inc/5-0SMDJ64A/2024343,Telecom,,,48.6A,,-65°C ~ 150°C (TJ),5000W (5kW),Yes,,5.0SMDJ,Zener,1,71.1V,103V,64V
5.0SMDJ64CA,Littelfuse Inc.,TVS DIODE 64VWM 103VC DO214AB,tvs-diodes,12451,2.47,"DO-214AB, SMC",Surface Mount,Active,https://www.littelfuse.com/assetdocs/littelfuse_tvs_diode_5_0smdj_datasheet.pdf?assetguid=2b2f4a8c-2e81-4894-8d41-3d748bb79e68,https://www.digikey.com/en/products/detail/littelfuse-inc/5-0SMDJ64CA/2786420,Telecom,1,,48.6A,,-65°C ~ 150°C (TJ),5000W (5kW),Yes,,5.0SMDJ,Zener,,71.1V,103V,64V
5.0SMDJ70A,Littelfuse Inc.,TVS DIODE 70VWM 113VC DO214AB,tvs-diodes,5998,2.47,"DO-214AB, SMC",Surface Mount,Active,https://www.littelfuse.com/assetdocs/littelfuse_tvs_diode_5_0smdj_datasheet.pdf?assetguid=2b2f4a8c-2e81-4894-8d41-3d748bb79e68,https://www.digikey.com/en/products/detail/littelfuse-inc/5-0SMDJ70A/2024344,Telecom,,,44.3A,,-65°C ~ 150°C (TJ),5000W (5kW),Yes,,5.0SMDJ,Zener,1,77.8V,113V,70V
5.0SMDJ70CA,Bourns Inc.,TVS DIODE 70VWM 113VC DO214AB,tvs-diodes,11553,2.63,"DO-214AB, SMC",Surface Mount,Active,https://www.bourns.com/docs/product-datasheets/5-0smdj.pdf,https://www.digikey.com/en/products/detail/bourns-inc/5-0SMDJ70CA/9341853,Telecom,1,,44.3A,,-55°C ~ 150°C (TJ),5000W (5kW),No,,5.0SMDJ,Zener,,77.8V,113V,70V
5.0SMDJ85A,Littelfuse Inc.,TVS DIODE 85VWM 137VC DO214AB,tvs-diodes,12326,2.47,"DO-214AB, SMC",Surface Mount,Active,https://www.littelfuse.com/assetdocs/littelfuse_tvs_diode_5_0smdj_datasheet.pdf?assetguid=2b2f4a8c-2e81-4894-8d41-3d748bb79e68,https://www.digikey.com/en/products/detail/littelfuse-inc/5-0SMDJ85A/2024347,Telecom,,,36.5A,,-65°C ~ 150°C (TJ),5000W (5kW),Yes,,5.0SMDJ,Zener,1,94.4V,137V,85V
5.0SMDJ85CA,Littelfuse Inc.,TVS DIODE 85VWM 137VC DO214AB,tvs-diodes,3075,2.47,"DO-214AB, SMC",Surface Mount,Active,https://www.littelfuse.com/assetdocs/littelfuse_tvs_diode_5_0smdj_datasheet.pdf?assetguid=2b2f4a8c-2e81-4894-8d41-3d748bb79e68,https://www.digikey.com/en/products/detail/littelfuse-inc/5-0SMDJ85CA/2786424,Telecom,1,,36.5A,,-65°C ~ 150°C (TJ),5000W (5kW),Yes,,5.0SMDJ,Zener,,94.4V,137V,85V
5KP24CA,Littelfuse Inc.,TVS DIODE 24VWM 38.9VC P600,tvs-diodes,123,4.13,"P600, Axial",Through Hole,Active,https://www.littelfuse.com/assetdocs/tvs-diodes-5kp-datasheet?assetguid=b1ddd6a2-fccb-4327-bea1-7d77c0793479,https://www.digikey.com/en/products/detail/littelfuse-inc/5KP24CA/285871,General Purpose,1,,131.1A,,-55°C ~ 175°C (TJ),5000W (5kW),No,,5KP,Zener,,26.7V,38.9V,24V
5KP33CA,Littelfuse Inc.,TVS DIODE 33VWM 53.3VC P600,tvs-diodes,16635,4.13,"P600, Axial",Through Hole,Active,https://www.littelfuse.com/assetdocs/tvs-diodes-5kp-datasheet?assetguid=b1ddd6a2-fccb-4327-bea1-7d77c0793479,https://www.digikey.com/en/products/detail/littelfuse-inc/5KP33CA/285875,General Purpose,1,,95.7A,,-55°C ~ 175°C (TJ),5000W (5kW),No,,5KP,Zener,,36.7V,53.3V,33V
5KP36A,Littelfuse Inc.,TVS DIODE 36VWM 58.1VC P600,tvs-diodes,5362,3.55,"P600, Axial",Through Hole,Active,https://www.littelfuse.com/assetdocs/tvs-diodes-5kp-datasheet?assetguid=b1ddd6a2-fccb-4327-bea1-7d77c0793479,https://www.digikey.com/en/products/detail/littelfuse-inc/5KP36A/285876,General Purpose,,,87.8A,,-55°C ~ 175°C (TJ),5000W (5kW),No,,5KP,Zener,1,40V,58.1V,36V
5KP36A-E3/54,Vishay General Semiconductor - Diodes Division,TVS DIODE 36VWM 58.1VC P600,tvs-diodes,15629,3.91,"P600, Axial",Through Hole,Active,https://www.vishay.com/docs/88308/5kp8_5a.pdf,https://www.digikey.com/en/products/detail/vishay-general-semiconductor-diodes-division/5KP36A-E3-54/2143282,General Purpose,,,86.1A,,-55°C ~ 175°C (TJ),5000W (5kW),No,,TransZorb®,Zener,1,40V,58.1V,36V
5KP36CA,Littelfuse Inc.,TVS DIODE 36VWM 58.1VC P600,tvs-diodes,18075,4.13,"P600, Axial",Through Hole,Active,https://www.littelfuse.com/assetdocs/tvs-diodes-5kp-datasheet?assetguid=b1ddd6a2-fccb-4327-bea1-7d77c0793479,https://www.digikey.com/en/products/detail/littelfuse-inc/5KP36CA/285877,General Purpose,1,,87.8A,,-55°C ~ 175°C (TJ),5000W (5kW),No,,5KP,Zener,,40V,58.1V,36V
5KP43CA,Littelfuse Inc.,TVS DIODE 43VWM 69.4VC P600,tvs-diodes,4314,4.13,"P600, Axial",Through Hole,Active,https://www.littelfuse.com/assetdocs/tvs-diodes-5kp-datasheet?assetguid=b1ddd6a2-fccb-4327-bea1-7d77c0793479,https://www.digikey.com/en/products/detail/littelfuse-inc/5KP43CA/285881,General Purpose,1,,73.5A,,-55°C ~ 175°C (TJ),5000W (5kW),No,,5KP,Zener,,47.8V,69.4V,43V
8.0SMDJ28CA,Littelfuse Inc.,TVS DIODE 28VWM 45.4VC DO214AB,tvs-diodes,6531,5.01,"DO-214AB, SMC",Surface Mount,Active,https://www.littelfuse.com/assetdocs/littelfuse_tvs_diode_8_0smdj_datasheet.pdf?assetguid=04320fb8-6c00-4e38-ad2c-1822ca8699e7,https://www.digikey.com/en/products/detail/littelfuse-inc/8-0SMDJ28CA/10269494,Telecom,1,,176.2A,,-65°C ~ 150°C (TJ),8000W (8kW),No,,8.0SMDJ,Zener,,31.1V,45.4V,28V
8.0SMDJ30CA,Littelfuse Inc.,TVS DIODE 30VWM 48.4VC DO214AB,tvs-diodes,13315,5.01,"DO-214AB, SMC",Surface Mount,Active,https://www.littelfuse.com/assetdocs/littelfuse_tvs_diode_8_0smdj_datasheet.pdf?assetguid=04320fb8-6c00-4e38-ad2c-1822ca8699e7,https://www.digikey.com/en/products/detail/littelfuse-inc/8-0SMDJ30CA/10269495,Telecom,1,,165.3A,,-65°C ~ 150°C (TJ),8000W (8kW),No,,8.0SMDJ,Zener,,33.3V,48.4V,30V
8.0SMDJ33A,Littelfuse Inc.,TVS DIODE 33VWM 53.3VC DO214AB,tvs-diodes,3184,4.7,"DO-214AB, SMC",Surface Mount,Active,https://www.littelfuse.com/assetdocs/littelfuse_tvs_diode_8_0smdj_datasheet.pdf?assetguid=04320fb8-6c00-4e38-ad2c-1822ca8699e7,https://www.digikey.com/en/products/detail/littelfuse-inc/8-0SMDJ33A/10269552,Telecom,,,150.1A,,-65°C ~ 150°C (TJ),8000W (8kW),No,,8.0SMDJ,Zener,1,36.7V,53.3V,33V
8.0SMDJ33CA,Littelfuse Inc.,TVS DIODE 33VWM 53.3VC DO214AB,tvs-diodes,16709,5.01,"DO-214AB, SMC",Surface Mount,Active,https://www.littelfuse.com/assetdocs/littelfuse_tvs_diode_8_0smdj_datasheet.pdf?assetguid=04320fb8-6c00-4e38-ad2c-1822ca8699e7,https://www.digikey.com/en/products/detail/littelfuse-inc/8-0SMDJ33CA/10269496,Telecom,1,,150.1A,,-65°C ~ 150°C (TJ),8000W (8kW),No,,8.0SMDJ,Zener,,36.7V,53.3V,33V
8.0SMDJ36A,Littelfuse Inc.,TVS DIODE 36VWM 58.1VC DO214AB,tvs-diodes,3149,4.7,"DO-214AB, SMC",Surface Mount,Active,https://www.littelfuse.com/assetdocs/littelfuse_tvs_diode_8_0smdj_datasheet.pdf?assetguid=04320fb8-6c00-4e38-ad2c-1822ca8699e7,https://www.digikey.com/en/products/detail/littelfuse-inc/8-0SMDJ36A/10269497,Telecom,,,137.8A,,-65°C ~ 150°C (TJ),8000W (8kW),No,,8.0SMDJ,Zener,1,40V,58.1V,36V
8.0SMDJ36CA,Littelfuse Inc.,TVS DIODE 36VWM 58.1VC DO214AB,tvs-diodes,4647,5.01,"DO-214AB, SMC",Surface Mount,Active,https://www.littelfuse.com/assetdocs/littelfuse_tvs_diode_8_0smdj_datasheet.pdf?assetguid=04320fb8-6c00-4e38-ad2c-1822ca8699e7,https://www.digikey.com/en/products/detail/littelfuse-inc/8-0SMDJ36CA/10269498,Telecom,1,,137.8A,,-65°C ~ 150°C (TJ),8000W (8kW),No,,8.0SMDJ,Zener,,40V,58.1V,36V
8.0SMDJ48A,Littelfuse Inc.,TVS DIODE 48VWM 77.4VC DO214AB,tvs-diodes,8449,5.1,"DO-214AB, SMC",Surface Mount,Active,https://www.littelfuse.com/assetdocs/littelfuse_tvs_diode_8_0smdj_datasheet.pdf?assetguid=04320fb8-6c00-4e38-ad2c-1822ca8699e7,https://www.digikey.com/en/products/detail/littelfuse-inc/8-0SMDJ48A/10269501,Telecom,,,103.4A,,-65°C ~ 150°C (TJ),8000W (8kW),No,,8.0SMDJ,Zener,1,53.3V,77.4V,48V
8.0SMDJ48CA,Littelfuse Inc.,TVS DIODE 48VWM 77.4VC DO214AB,tvs-diodes,155,5.7,"DO-214AB, SMC",Surface Mount,Active,https://www.littelfuse.com/assetdocs/littelfuse_tvs_diode_8_0smdj_datasheet.pdf?assetguid=04320fb8-6c00-4e38-ad2c-1822ca8699e7,https://www.digikey.com/en/products/detail/littelfuse-inc/8-0SMDJ48CA/10269568,Telecom,1,,103.4A,,-65°C ~ 150°C (TJ),8000W (8kW),No,,8.0SMDJ,Zener,,53.3V,77.4V,48V
8.0SMDJ58CA,Littelfuse Inc.,TVS DIODE 58VWM 93.6VC DO214AB,tvs-diodes,118,5.7,"DO-214AB, SMC",Surface Mount,Active,https://www.littelfuse.com/assetdocs/littelfuse_tvs_diode_8_0smdj_datasheet.pdf?assetguid=04320fb8-6c00-4e38-ad2c-1822ca8699e7,https://www.digikey.com/en/products/detail/littelfuse-inc/8-0SMDJ58CA/10269502,Telecom,1,,85.5A,,-65°C ~ 150°C (TJ),8000W (8kW),No,,8.0SMDJ,Zener,,64.4V,93.6V,58V
8.0SMDJ60A,Littelfuse Inc.,TVS DIODE 60VWM 96.8VC DO214AB,tvs-diodes,1876,5.1,"DO-214AB, SMC",Surface Mount,Active,https://www.littelfuse.com/assetdocs/littelfuse_tvs_diode_8_0smdj_datasheet.pdf?assetguid=04320fb8-6c00-4e38-ad2c-1822ca8699e7,https://www.digikey.com/en/products/detail/littelfuse-inc/8-0SMDJ60A/10269503,Telecom,,,82.7A,,-65°C ~ 150°C (TJ),8000W (8kW),No,,8.0SMDJ,Zener,1,66.7V,96.8V,60V
824001,Würth Elektronik,TVS DIODE 5VWM 9VC SOT23-6L,tvs-diodes,6755,0.79,SOT-23-6,Surface Mount,Active,https://www.we-online.com/components/products/datasheet/824001.pdf,https://www.digikey.com/en/products/detail/w%C3%BCrth-elektronik/824001/3900521,Ethernet,,,5A (8/20µs),,-55°C ~ 85°C (TA),,Yes,,WE-TVS,Steering (Rail to Rail),4,6.2V,9V (Typ),5V (Max)
82400102,Würth Elektronik,TVS DIODE 5VWM 7.7VC SOT23-6L,tvs-diodes,26979,0.86,SOT-23-6,Surface Mount,Active,https://www.we-online.com/components/products/datasheet/82400102.pdf,https://www.digikey.com/en/products/detail/w%C3%BCrth-elektronik/82400102/3900520,General Purpose,,,6A (8/20µs),,-40°C ~ 125°C (TJ),,Yes,,WE-TVS,Steering (Rail to Rail),2,6V,7.7V (Typ),5V (Max)
824011,Würth Elektronik,TVS DIODE 5VWM 8.5VC SOT23-5L,tvs-diodes,23432,0.9,"SC-74A, SOT-753",Surface Mount,Active,https://www.we-online.com/components/products/datasheet/824011.pdf,https://www.digikey.com/en/products/detail/w%C3%BCrth-elektronik/824011/3900524,General Purpose,,,13A (8/20µs),,-55°C ~ 125°C (TJ),,Yes,,WE-TVS,Steering (Rail to Rail),2,6.1V,8.5V,5V (Max)
8240116,Würth Elektronik,TVS DIODE 5VWM 9VC SOT1434,tvs-diodes,2189,1.28,"TO-253-4, TO-253AA",Surface Mount,Active,https://www.we-online.com/components/products/datasheet/8240116.pdf,https://www.digikey.com/en/products/detail/w%C3%BCrth-elektronik/8240116/3900542,General Purpose,,,12A (8/20µs),,-55°C ~ 125°C (TJ),,Yes,,WE-TVS,Steering (Rail to Rail),2,6.1V,9V,5V (Max)
824012823,Würth Elektronik,TVS DIODE 3.3VWM 13VC DFN1210-6,tvs-diodes,45420,0.69,6-XFDFN,Surface Mount,Active,https://www.we-online.com/catalog/datasheet/824012823.pdf,https://www.digikey.com/en/products/detail/w%C3%BCrth-elektronik/824012823/8259198,General Purpose,,0.18pF @ 1MHz,3A (8/20µs),,-55°C ~ 85°C (TA),,No,,WE-TVS,Steering (Rail to Rail),2,4.5V,13V (Typ),3.3V (Max)
8240136,Würth Elektronik,TVS DIODE 3.3VWM 6VC SOT1434,tvs-diodes,21281,1.28,"TO-253-4, TO-253AA",Surface Mount,Active,https://www.we-online.com/components/products/datasheet/8240136.pdf,https://www.digikey.com/en/products/detail/w%C3%BCrth-elektronik/8240136/3900537,General Purpose,,,12A (8/20µs),,-55°C ~ 125°C (TJ),,Yes,,WE-TVS,Steering (Rail to Rail),2,4.5V,6V (Typ),3.3V (Max)
824014,Würth Elektronik,TVS DIODE 5VWM 8.2VC SOT23-6,tvs-diodes,8272,1.35,SOT-23-6,Surface Mount,Active,https://www.we-online.com/components/products/datasheet/824014.pdf,https://www.digikey.com/en/products/detail/w%C3%BCrth-elektronik/824014/2344500,HDMI,,,4A (8/20µs),,-55°C ~ 85°C (TJ),,Yes,,WE-TVS,Steering (Rail to Rail),4,6V,8.2V (Typ),5V (Max)
824014883,Würth Elektronik,TVS DIODE 3.3VWM 9VC DFN3810-9,tvs-diodes,4351,1.27,9-UDFN,Surface Mount,Active,https://www.we-online.com/catalog/datasheet/824014883.pdf,https://www.digikey.com/en/products/detail/w%C3%BCrth-elektronik/824014883/8259200,General Purpose,,0.5pF @ 1MHz,5A (8/20µs),,-55°C ~ 85°C (TA),,No,,WE-TVS,Steering (Rail to Rail),8,4.5V,9V (Typ),3.3V (Max)
824014885,Würth Elektronik,TVS DIODE 5VWM 10.5VC DFN3810-9,tvs-diodes,8632,1.27,9-UDFN,Surface Mount,Active,https://www.we-online.com/catalog/datasheet/824014885.pdf,https://www.digikey.com/en/products/detail/w%C3%BCrth-elektronik/824014885/8259201,General Purpose,,0.5pF @ 1MHz,5A (8/20µs),,-55°C ~ 85°C (TA),,No,,WE-TVS,Steering (Rail to Rail),8,6V,10.5V (Typ),5V (Max)
824015,Würth Elektronik,TVS DIODE 5VWM 8.2VC SOT23-6L,tvs-diodes,25472,0.9,SOT-23-6,Surface Mount,Active,https://www.we-online.com/components/products/datasheet/824015.pdf,https://www.digikey.com/en/products/detail/w%C3%BCrth-elektronik/824015/3900539,Ethernet,,,4A (8/20µs),,-55°C ~ 125°C (TJ),,Yes,,WE-TVS,Steering (Rail to Rail),4,6V,8.2V (Typ),5V (Max)
824015043,Würth Elektronik,TVS DIODE 3.3VWM 10VC SOT236,tvs-diodes,16173,0.88,SOT-23-6,Surface Mount,Active,,https://www.digikey.com/en/products/detail/w%C3%BCrth-elektronik/824015043/15929417,General Purpose,,2pF @ 1MHz,30A (8/20µs),,-55°C ~ 125°C (TA),,Yes,,WE-TVS,Steering (Rail to Rail),4,4.5V,10V (Typ),3.3V (Max)
824021,Würth Elektronik,TVS DIODE 5VWM 7VC SOT233,tvs-diodes,21897,0.68,"TO-236-3, SC-59, SOT-23-3",Surface Mount,Active,https://www.we-online.com/components/products/datasheet/824021.pdf,https://www.digikey.com/en/products/detail/w%C3%BCrth-elektronik/824021/3900544,General Purpose,,55pF @ 1MHz,15A (8/20µs),,-55°C ~ 125°C (TJ),,No,,WE-TVS,Zener,2,6.1V,7V,5V (Max)
824022,Würth Elektronik,TVS DIODE 5VWM 8VC SOT233,tvs-diodes,29775,0.68,"TO-236-3, SC-59, SOT-23-3",Surface Mount,Active,https://www.we-online.com/components/products/datasheet/824022.pdf,https://www.digikey.com/en/products/detail/w%C3%BCrth-elektronik/824022/3900536,General Purpose,2,12pF @ 1MHz,8A (8/20µs),,-55°C ~ 125°C (TJ),,No,,WE-TVS,Zener,,6.1V,8V,5V (Max)
82402304,Würth Elektronik,TVS DIODE 5VWM 6.8VC SOT23-6L,tvs-diodes,14430,0.83,SOT-23-6,Surface Mount,Active,https://www.we-online.com/components/products/datasheet/82402304.pdf,https://www.digikey.com/en/products/detail/w%C3%BCrth-elektronik/82402304/3900540,General Purpose,,13pF @ 1MHz,6A (8/20µs),,-55°C ~ 85°C (TJ),,No,,WE-TVS,Zener,4,6V,6.8V (Typ),5V (Max)
824520241,Würth Elektronik,TVS DIODE 24VWM 38.9VC DO214AA,tvs-diodes,1671,0.35,"DO-214AA, SMB",Surface Mount,Active,https://www.we-online.com/catalog/datasheet/824520241.pdf,https://www.digikey.com/en/products/detail/w%C3%BCrth-elektronik/824520241/5870587,General Purpose,,,15.5A,,-65°C ~ 150°C (TJ),600W,No,,WE-TVSP,Zener,1,28.1V (Typ),38.9V,24V (Max)
ACPDQC2V5HT-HF,Comchip Technology,TVS DIODE 2.5VWM 8.5VC 0402C,tvs-diodes,16232,0.44,0402 (1006 Metric),Surface Mount,Active,https://www.comchiptech.com/admin/files/product/AQW-G7059%20ACPDQC2V5HT-HF%20RevA.pdf,https://www.digikey.com/en/products/detail/comchip-technology/ACPDQC2V5HT-HF/16740230,,1,85pF @ 1MHz,40A (8/20µs),Automotive,-55°C ~ 125°C (TJ),340W,No,AEC-Q101,,Zener,,3.3V,8.5V (Typ),2.5V (Max)
ACPDUC5V0U-HF,Comchip Technology,TVS DIODE 5VWM 12.5VC 0603C,tvs-diodes,38812,0.44,"2-SMD, No Lead",Surface Mount,Active,https://www.comchiptech.com/admin/files/product/ACPDUC5V0U-HF%20RevB836002.pdf,https://www.digikey.com/en/products/detail/comchip-technology/ACPDUC5V0U-HF/5013715,,,90pF @ 1MHz,16A (8/20µs),Automotive,-55°C ~ 125°C (TJ),200W,No,AEC-Q101,,Zener,1,6V,12.5V,5V
AK3-430C-BP,MCC (Micro Commercial Components),TVS DIODE 430VWM 625VC AK,tvs-diodes,279,36.89,"Axial, Right Angle Bend (24.15mm Center)",Through Hole,Active,https://www.mccsemi.com/pdf/Products/AK3_Series(AK).pdf,https://www.digikey.com/en/products/detail/mcc-micro-commercial-components/AK3-430C-BP/4732845,General Purpose,1,,3000A (3kA) (8/20µs),,-55°C ~ 150°C (TJ),,No,,AK,Zener,,440V,625V,430V
AOZ8131DI-05L,Alpha & Omega Semiconductor Inc.,TVS DIODE 5VWM 22VC 2DFN,tvs-diodes,48843,0.65,2-UDFN,Surface Mount,Active,https://www.aosmd.com/sites/default/files/media/AOSGreenPolicy.pdf,https://www.digikey.com/en/products/detail/alpha-omega-semiconductor-inc/AOZ8131DI-05L/3152755,General Purpose,1,1.25pF @ 1MHz,4A (8/20µs),,-40°C ~ 125°C (TJ),,No,,,Zener,,6V,22V,5V (Max)
AOZ8809DI-03,Alpha & Omega Semiconductor Inc.,TVS DIODE 3.3VWM 8VC 10DFN,tvs-diodes,32884,0.69,10-UFDFN,Surface Mount,Not For New Designs,https://www.aosmd.com/sites/default/files/res/datasheets/AOZ8809DI-03.pdf,https://www.digikey.com/en/products/detail/alpha-omega-semiconductor-inc/AOZ8809DI-03/4860598,HDMI,,0.45pF @ 1MHz,12A (100ns),,-40°C ~ 125°C (TJ),,Yes,,,Steering (Rail to Rail),4,3.5V,8V,3.3V (Max)
AOZ8904CIL,Alpha & Omega Semiconductor Inc.,TVS DIODE 5.5VWM 18VC SOT23-6,tvs-diodes,834126,0.46,SOT-23-6,Surface Mount,Active,https://www.aosmd.com/res/datasheets/AOZ8904CIL.pdf,https://www.digikey.com/en/products/detail/alpha-omega-semiconductor-inc/AOZ8904CIL/3152792,General Purpose,,1.25pF @ 1MHz,4A (8/20µs),,-40°C ~ 125°C (TJ),50W,Yes,,,Steering (Rail to Rail),4,6.6V,18V (Typ),5.5V (Max)
AQ1003-01LTG,Littelfuse Inc.,TVS DIODE 5VWM 14VC SOD523,tvs-diodes,27585,0.64,"SC-79, SOD-523",Surface Mount,Active,https://www.littelfuse.com/assetdocs/littelfuse-tvs-diode-array-aq1003-01ltg-datasheet?assetguid=244b67d5-3eca-433a-8f5b-5b0927b39abe,https://www.digikey.com/en/products/detail/littelfuse-inc/AQ1003-01LTG/9858283,,,30pF @ 1MHz,7A (8/20µs),Automotive,-40°C ~ 150°C (TA),,No,AEC-Q101,"AQ1003, SPA®",Zener,1,6V,14V,5V (Max)
AQ1005-01ETG,Littelfuse Inc.,TVS DIODE 6VWM 15.6VC SOD882,tvs-diodes,9522,0.5,SOD-882,Surface Mount,Active,https://www.littelfuse.com/assetdocs/littelfuse_tvs_diode_array_aq1005_datasheet.pdf?assetguid=f1f2e491-0177-412c-8718-b40610c55223,https://www.digikey.com/en/products/detail/littelfuse-inc/AQ1005-01ETG/7902209,,1,30pF @ 1MHz,10A (8/20µs),Automotive,-40°C ~ 125°C (TA),,No,AEC-Q101,"AQ1005, SPA®",Zener,,8.5V (Typ),15.6V (Typ),6V (Max)
AQ24C-01FTG,Littelfuse Inc.,TVS DIODE 24VWM 42VC SOD323,tvs-diodes,21409,0.7,"SC-76, SOD-323",Surface Mount,Active,https://www.littelfuse.com/assetdocs/littelfuse_tvs_diode_array_aqxxc-01ftg_datasheet.pdf?assetguid=3b81c877-fdfb-4901-8da6-3237d0e84236,https://www.digikey.com/en/products/detail/littelfuse-inc/AQ24C-01FTG/7902194,CAN,1,50pF @ 1MHz (Max),7A (8/20µs),Automotive,-40°C ~ 150°C (TA),450W,No,AEC-Q101,"AQ, SPA®",Zener,,,42V,24V (Max)
AQ2555NUTG,Littelfuse Inc.,TVS DIODE 2.5VWM 19VC 10UDFN,tvs-diodes,13775,2.44,10-UDFN Exposed Pad,Surface Mount,Active,https://www.littelfuse.com/assetdocs/littelfuse_tvs_diode_array_aq2555nutg_datasheet.pdf?assetguid=a0887161-29ef-4709-a44a-da7df1556e57,https://www.digikey.com/en/products/detail/littelfuse-inc/AQ2555NUTG/7902207,Ethernet,,2.5pF @ 1MHz,45A (8/20µs),Automotive,-40°C ~ 150°C (TA),1000W (1kW),No,AEC-Q101,"AQ2555N, SPA®",Zener,4,,19V,2.5V (Max)
AQ3045-01ETG,Littelfuse Inc.,TVS DIODE 5.3VWM 12VC SOD882,tvs-diodes,8433,0.71,SOD-882,Surface Mount,Active,https://www.littelfuse.com/assetdocs/littelfuse_tvs_diode_array_aq3045_datasheet.pdf?assetguid=42516203-4330-4a77-a157-9b013cf634c9,https://www.digikey.com/en/products/detail/littelfuse-inc/AQ3045-01ETG/6347831,"HDMI, USB",1,0.35pF @ 1MHz,3A (8/20µs),Automotive,-55°C ~ 150°C (TA),40W,No,AEC-Q101,"AQ3045, SPA®",Zener,,6.8V,12V,5.3V (Max)
AQ4021-01FTG-C,Littelfuse Inc.,TVS DIODE 5VWM 20.5VC SOD323,tvs-diodes,2321,1.07,"SC-76, SOD-323",Surface Mount,Active,https://www.littelfuse.com/assetdocs/littelfuse_tvs_diode_array_aq4021_datasheet.pdf?assetguid=e453fd98-083e-43a5-a0e3-0974b5a374de,https://www.digikey.com/en/products/detail/littelfuse-inc/AQ4021-01FTG-C/7902200,"CAN, Ethernet, USB",1,2.5pF @ 1MHz,25A (8/20µs),Automotive,-40°C ~ 150°C (TA),500W,No,AEC-Q101,"AQ4021, SPA®",Zener,,6.3V,20.5V (Typ),5V (Max)
AQHV12-01LTG,Littelfuse Inc.,TVS DIODE 12VWM 26VC SOD523,tvs-diodes,7984,0.54,"SC-79, SOD-523",Surface Mount,Active,https://www.littelfuse.com/assetdocs/littelfuse-tvs-diode-arrays-aqhvxx-01ltg-datasheet?assetguid=ca5e58cc-34cc-4a80-8b75-af0ed15abad1,https://www.digikey.com/en/products/detail/littelfuse-inc/AQHV12-01LTG/9858284,CAN,,55.5pF @ 1MHz,10A (8/20µs),Automotive,-40°C ~ 150°C (TA),250W,No,AEC-Q101,"AQHV, SPA®",Zener,1,13.3V,26V,12V (Max)
AQHV15-01LTG,Littelfuse Inc.,TVS DIODE 15VWM 35VC SOD523,tvs-diodes,2186,0.54,"SC-79, SOD-523",Surface Mount,Active,https://www.littelfuse.com/assetdocs/littelfuse-tvs-diode-arrays-aqhvxx-01ltg-datasheet?assetguid=ca5e58cc-34cc-4a80-8b75-af0ed15abad1,https://www.digikey.com/en/products/detail/littelfuse-inc/AQHV15-01LTG/9858285,CAN,,43pF @ 1MHz,7A (8/20µs),Automotive,-40°C ~ 150°C (TA),250W,No,AEC-Q101,"AQHV, SPA®",Zener,1,16.7V,35V,15V (Max)
AQHV36-01LTG,Littelfuse Inc.,TVS DIODE 36VWM 58VC SOD523,tvs-diodes,2052,0.54,"SC-79, SOD-523",Surface Mount,Active,https://www.littelfuse.com/assetdocs/littelfuse-tvs-diode-arrays-aqhvxx-01ltg-datasheet?assetguid=ca5e58cc-34cc-4a80-8b75-af0ed15abad1,https://www.digikey.com/en/products/detail/littelfuse-inc/AQHV36-01LTG/11504101,CAN,,23pF @ 1MHz,3A (8/20µs),Automotive,-40°C ~ 150°C (TA),250W,No,AEC-Q101,"AQHV, SPA®",Zener,1,40V,58V,36V (Max)
ATV02W120B-HF,Comchip Technology,TVS DIODE 12VWM 19.9VC SOD123F,tvs-diodes,60291,0.57,SOD-123F,Surface Mount,Active,https://www.comchiptech.com/upload/file/product/product/AQW-JTV05%20ATV02W-HF%20Series%20RevD.pdf,https://www.digikey.com/en/products/detail/comchip-technology/ATV02W120B-HF/5013732,,1,,10.05A,Automotive,-55°C ~ 150°C (TJ),200W,No,AEC-Q101,,Zener,,13.3V,19.9V,12V
ATV02W150B-HF,Comchip Technology,TVS DIODE 15VWM 24.4VC SOD123F,tvs-diodes,18409,0.57,SOD-123F,Surface Mount,Active,https://www.comchiptech.com/upload/file/product/product/AQW-JTV05%20ATV02W-HF%20Series%20RevD.pdf,https://www.digikey.com/en/products/detail/comchip-technology/ATV02W150B-HF/5020230,,1,,8.2A,Automotive,-55°C ~ 150°C (TJ),200W,No,AEC-Q101,,Zener,,16.7V,24.4V,15V
ATV02W260B-HF,Comchip Technology,TVS DIODE 26VWM 42.1VC SOD123F,tvs-diodes,44229,0.57,SOD-123F,Surface Mount,Active,https://www.comchiptech.com/upload/file/product/product/AQW-JTV05%20ATV02W-HF%20Series%20RevD.pdf,https://www.digikey.com/en/products/detail/comchip-technology/ATV02W260B-HF/5013736,,1,,4.75A,Automotive,-55°C ~ 150°C (TJ),200W,No,AEC-Q101,,Zener,,28.9V,42.1V,26V
ATV02W300B-HF,Comchip Technology,TVS DIODE 30VWM 48.4VC SOD123F,tvs-diodes,44628,0.57,SOD-123F,Surface Mount,Active,https://www.comchiptech.com/upload/file/product/product/AQW-JTV05%20ATV02W-HF%20Series%20RevD.pdf,https://www.digikey.com/en/products/detail/comchip-technology/ATV02W300B-HF/5020256,,1,,4.13A,Automotive,-55°C ~ 150°C (TJ),200W,No,AEC-Q101,,Zener,,33.3V,48.4V,30V
ATV02W330B-HF,Comchip Technology,TVS DIODE 33VWM 53.3VC SOD123F,tvs-diodes,37750,0.57,SOD-123F,Surface Mount,Active,https://www.comchiptech.com/upload/file/product/product/AQW-JTV05%20ATV02W-HF%20Series%20RevD.pdf,https://www.digikey.com/en/products/detail/comchip-technology/ATV02W330B-HF/5020258,,1,,3.75A,Automotive,-55°C ~ 150°C (TJ),200W,No,AEC-Q101,,Zener,,36.7V,53.3V,33V
ATV02W360-HF,Comchip Technology,TVS DIODE 36VWM 58.1VC SOD123F,tvs-diodes,25304,0.57,SOD-123F,Surface Mount,Active,https://www.comchiptech.com/upload/file/product/product/AQW-JTV05%20ATV02W-HF%20Series%20RevD.pdf,https://www.digikey.com/en/products/detail/comchip-technology/ATV02W360-HF/5013739,,,,3.44A,Automotive,-55°C ~ 150°C (TJ),200W,No,AEC-Q101,,Zener,1,40V,58.1V,36V
ATV02W360B-HF,Comchip Technology,TVS DIODE 36VWM 58.1VC SOD123F,tvs-diodes,110949,0.57,SOD-123F,Surface Mount,Active,https://www.comchiptech.com/upload/file/product/product/AQW-JTV05%20ATV02W-HF%20Series%20RevD.pdf,https://www.digikey.com/en/products/detail/comchip-technology/ATV02W360B-HF/5013738,,1,,3.44A,Automotive,-55°C ~ 150°C (TJ),200W,No,AEC-Q101,,Zener,,40V,58.1V,36V
ATV02W400B-HF,Comchip Technology,TVS DIODE 40VWM 64.5VC SOD123F,tvs-diodes,20103,0.57,SOD-123F,Surface Mount,Active,https://www.comchiptech.com/upload/file/product/product/AQW-JTV05%20ATV02W-HF%20Series%20RevD.pdf,https://www.digikey.com/en/products/detail/comchip-technology/ATV02W400B-HF/5013740,,1,,3.1A,Automotive,-55°C ~ 150°C (TJ),200W,No,AEC-Q101,,Zener,,44.4V,64.5V,40V
ATV02W5V0B-HF,Comchip Technology,TVS DIODE 5VWM 9.2VC SOD123F,tvs-diodes,19984,0.57,SOD-123F,Surface Mount,Active,https://www.comchiptech.com/upload/file/product/product/AQW-JTV05%20ATV02W-HF%20Series%20RevD.pdf,https://www.digikey.com/en/products/detail/comchip-technology/ATV02W5V0B-HF/5020272,,1,,21.74A,Automotive,-55°C ~ 150°C (TJ),200W,No,AEC-Q101,,Zener,,6.4V,9.2V,5V
ATV50C351J-HF,Comchip Technology,TVS DIODE 350VWM 567VC DO214AB,tvs-diodes,5802,3.3,"DO-214AB, SMC",Surface Mount,Active,https://www.comchiptech.com/upload/file/product/product/AQW-JTV04%20ATV50C-HF%20Series%20RevD.pdf,https://www.digikey.com/en/products/detail/comchip-technology/ATV50C351J-HF/5020787,,,,8.8A,Automotive,-55°C ~ 150°C (TJ),5000W (5kW),No,AEC-Q101,,Zener,1,391V,567V,350V
ATV50C401JB-HF,Comchip Technology,TVS DIODE 400VWM 648VC DO214AB,tvs-diodes,11455,3.45,"DO-214AB, SMC",Surface Mount,Active,https://www.comchiptech.com/admin/files/product/ATV50C-HF%20Series%20RevC.pdf,https://www.digikey.com/en/products/detail/comchip-technology/ATV50C401JB-HF/5020788,,1,,7.7A,Automotive,-55°C ~ 150°C (TJ),5000W (5kW),No,AEC-Q101,,Zener,,447V,648V,400V
AXGD10402KR,Littelfuse Inc.,TVS DIODE 40VC 0402,tvs-diodes,308538,0.39,"0402 (1005 Metric), Concave",Surface Mount,Active,https://www.littelfuse.com/assetdocs/littelfuse_xtremeguard_axgd_datasheet.pdf?assetguid=020b2bf2-064c-4ff1-a898-b4ec805b2fea,https://www.digikey.com/en/products/detail/littelfuse-inc/AXGD10402KR/7219642,,1,0.04pF @ 250MHz,,Automotive,-65°C ~ 125°C,,No,AEC-Q200,XTREME-GUARD™,Zener,,,40V (Typ),
AXGD10603MR,Littelfuse Inc.,TVS DIODE 40VC 0603,tvs-diodes,9515,0.52,"0603 (1608 Metric), Concave",Surface Mount,Active,https://www.littelfuse.com/assetdocs/littelfuse_xtremeguard_axgd_datasheet.pdf?assetguid=020b2bf2-064c-4ff1-a898-b4ec805b2fea,https://www.digikey.com/en/products/detail/littelfuse-inc/AXGD10603MR/7219644,,1,0.09pF @ 250MHz,,Automotive,-65°C ~ 125°C,,No,AEC-Q200,XTREME-GUARD™,Zener,,,40V (Typ),
AXGD10603NR,Littelfuse Inc.,TVS DIODE 40VC 0603,tvs-diodes,189130,0.52,"0603 (1608 Metric), Concave",Surface Mount,Active,https://www.littelfuse.com/assetdocs/littelfuse_xtremeguard_axgd_datasheet.pdf?assetguid=020b2bf2-064c-4ff1-a898-b4ec805b2fea,https://www.digikey.com/en/products/detail/littelfuse-inc/AXGD10603NR/7219643,,1,0.09pF @ 250MHz,,Automotive,-65°C ~ 125°C,,No,AEC-Q200,XTREME-GUARD™,Zener,,,40V (Typ),
B74111U0033M060,TDK,TVS DIODE 3.3VWM 5VC 1005,tvs-diodes,4726,0.32,01005 (0402 Metric),Surface Mount,Active,https://www.digikey.com//mm.digikey.com/Volume0/opasdata/d220001/medias/docus/4439/B74111U0033M060.pdf,https://www.digikey.com/en/products/detail/tdk/B74111U0033M060/14309902,"DVI, HDMI, USB",1,0.48pF @ 1MHz,7A (8/20µs),,-40°C ~ 125°C (TA),,No,,,Zener,,5V,5V (Typ),3.3V
B74121U0055M060,TDK,TVS DIODE 5.5VWM WLCSP0201 SL,tvs-diodes,60788,0.29,0201 (0603 Metric),Surface Mount,Active,https://www.tdk-electronics.tdk.com/inf/75/ds/B74121U0055M060_SD0201SL.pdf,https://www.digikey.com/en/products/detail/tdk/B74121U0055M060/17870432,"DVI, HDMI, USB",1,0.55pF @ 1MHz,7A (8/20µs),,-40°C ~ 125°C (TA),,No,,,Zener,,8.6V,5.6V (Typ),5.5V (Max)
"BZA408B,125",Nexperia USA Inc.,TVS DIODE 5VWM 6TSOP,tvs-diodes,8911,0.67,"SC-74, SOT-457",Surface Mount,Active,https://assets.nexperia.com/documents/data-sheet/BZA408B.pdf,https://www.digikey.com/en/products/detail/nexperia-usa-inc/BZA408B-125/2119477,General Purpose,4,75pF @ 1MHz,,Automotive,-65°C ~ 150°C (TJ),20W,No,AEC-Q100,,Zener,,,,5V (Max)
"BZA462A,125",Nexperia USA Inc.,TVS DIODE 6.2VWM 9VC 6TSOP,tvs-diodes,78806,0.47,"SC-74, SOT-457",Surface Mount,Active,https://assets.nexperia.com/documents/data-sheet/BZA462A.pdf,https://www.digikey.com/en/products/detail/nexperia-usa-inc/BZA462A-125/2119480,General Purpose,,200pF @ 1MHz,2.66A (8/20µs),Automotive,-65°C ~ 150°C (TJ),24W,No,AEC-Q100,,Zener,4,,9V,6.2V
"BZA856AVL,115",Nexperia USA Inc.,TVS DIODE 5.6VWM 5TSSOP,tvs-diodes,8940,0.45,"5-TSSOP, SC-70-5, SOT-353",Surface Mount,Active,https://assets.nexperia.com/documents/data-sheet/BZA800AVL_SERIES.pdf,https://www.digikey.com/en/products/detail/nexperia-usa-inc/BZA856AVL-115/1155404,General Purpose,,17pF @ 1MHz,,Automotive,150°C (TJ),6W,No,AEC-Q100,,Zener,4,,,5.6V
"BZA956A,115",Nexperia USA Inc.,TVS DIODE 5.6VWM SOT665,tvs-diodes,4849,0.45,SOT-665,Surface Mount,Active,https://assets.nexperia.com/documents/data-sheet/BZA900A_SERIES.pdf,https://www.digikey.com/en/products/detail/nexperia-usa-inc/BZA956A-115/1155411,General Purpose,,125pF @ 1MHz,,,,16W,No,,,Zener,4,,,5.6V
CD0201-T2.0LC,Bourns Inc.,TVS DIODE 2VWM 4VC 0201,tvs-diodes,7778,0.44,0201 (0603 Metric),Surface Mount,Active,https://www.bourns.com/docs/Product-Datasheets/CD0201-T2-0LC.pdf,https://www.digikey.com/en/products/detail/bourns-inc/CD0201-T2-0LC/16400129,"USB 3.0, USB 3.1",1,0.18pF @ 1MHz,7A (8/20µs),,-55°C ~ 125°C,,No,,,Zener,,5.5V,4V (Typ),2V (Max)
CD143A-SR05,Bourns Inc.,TVS DIODE 5VWM 20VC SOT143,tvs-diodes,32371,1.59,"TO-253-4, TO-253AA",Surface Mount,Active,https://www.bourns.com/docs/Product-Datasheets/CD143A-SR05_12.pdf,https://www.digikey.com/en/products/detail/bourns-inc/CD143A-SR05/1630580,Ethernet,,10pF @ 1MHz,30A (8/20µs),,-55°C ~ 150°C (TJ),500W,Yes,,,Steering (Rail to Rail),2,6V,20V,5V (Max)
CD143A-SR05LC,Bourns Inc.,TVS DIODE 5VWM 20VC SOT143,tvs-diodes,12989,1.69,"TO-253-4, TO-253AA",Surface Mount,Active,https://www.bourns.com/docs/Product-Datasheets/CD143A-SR05LC.pdf,https://www.digikey.com/en/products/detail/bourns-inc/CD143A-SR05LC/2499575,Ethernet,,3pF @ 1MHz,13A (8/20µs),,-55°C ~ 125°C (TJ),250W,Yes,,,Steering (Rail to Rail),2,6.1V,20V,5V (Max)
CD143A-SR2.8,Bourns Inc.,TVS DIODE 2.8VWM 5VC SOT143,tvs-diodes,34096,1.59,"TO-253-4, TO-253AA",Surface Mount,Active,https://www.bourns.com/docs/Product-Datasheets/CD143A-SR28_33.pdf,https://www.digikey.com/en/products/detail/bourns-inc/CD143A-SR2-8/1630582,Ethernet,,4.5pF @ 1MHz,12A (8/20µs),,-55°C ~ 125°C (TJ),200W,Yes,,,Steering (Rail to Rail),2,4.5V,5V,2.8V
CD143A-SR3.3,Bourns Inc.,TVS DIODE 3.3VWM 7VC SOT143,tvs-diodes,25966,1.59,"TO-253-4, TO-253AA",Surface Mount,Active,https://www.bourns.com/docs/Product-Datasheets/CD143A-SR28_33.pdf,https://www.digikey.com/en/products/detail/bourns-inc/CD143A-SR3-3/1630583,Ethernet,,4.5pF @ 1MHz,12A (8/20µs),,-55°C ~ 125°C (TJ),200W,Yes,,,Steering (Rail to Rail),2,4.5V,7V,3.3V
CD143A-SR70,Bourns Inc.,TVS DIODE 7VC SOT143,tvs-diodes,40210,1.59,"TO-253-4, TO-253AA",Surface Mount,Active,https://www.bourns.com/docs/Product-Datasheets/CD143A-SR70.pdf,https://www.digikey.com/en/products/detail/bourns-inc/CD143A-SR70/1630584,General Purpose,,10pF @ 1MHz,24A (8/20µs),,-55°C ~ 150°C (TJ),,No,,,Steering (Rail to Rail),2,,7V,
CDDFN10-0524P,Bourns Inc.,TVS DIODE 5VWM 12VC 10DFN,tvs-diodes,75546,1.89,10-UFDFN,Surface Mount,Active,https://www.bourns.com/docs/Product-Datasheets/CDDFN10-0524P.pdf,https://www.digikey.com/en/products/detail/bourns-inc/CDDFN10-0524P/3742069,HDMI,,,3.8A (8/20µs),,-55°C ~ 85°C (TA),30W,Yes,,,Steering (Rail to Rail),4,6V,12V (Typ),5V (Max)
CDDFN10-2574N,Bourns Inc.,TVS DIODE 2.5VWM 11VC 10DFN,tvs-diodes,50493,1.69,10-UDFN Exposed Pad,Surface Mount,Active,https://www.bourns.com/docs/product-datasheets/cddfn10-2574n.pdf,https://www.digikey.com/en/products/detail/bourns-inc/CDDFN10-2574N/7430662,Ethernet,,1.7pF @ 1MHz,45A (8/20µs),,-55°C ~ 125°C,,No,,,Steering (Rail to Rail),4,3V,11V,2.5V (Max)
CDDFN10-3304NA,Bourns Inc.,TVS DIODE 3.3VWM 18VC 10DFN,tvs-diodes,227,1.89,10-UFDFN Exposed Pad,Surface Mount,Active,https://www.bourns.com/docs/Product-Datasheets/CDDFN10-3304NA.pdf,https://www.digikey.com/en/products/detail/bourns-inc/CDDFN10-3304NA/7804304,DVI,,4pF @ 1MHz,25A (8/20µs),,-55°C ~ 150°C (TA),,Yes,,,Steering (Rail to Rail),4,3.9V,18V,3.3V (Max)
CDDFN10-3324P,Bourns Inc.,TVS DIODE 3.3VWM 7.5VC 10DFN,tvs-diodes,9894,1.22,10-UFDFN,Surface Mount,Active,https://www.bourns.com/docs/Product-Datasheets/CDDFN10-3324P.pdf,https://www.digikey.com/en/products/detail/bourns-inc/CDDFN10-3324P/5019648,HDMI,,,4A (8/20µs),,-55°C ~ 85°C (TJ),30W,Yes,,,Steering (Rail to Rail),4,4.5V,7.5V,3.3V (Max)
CDDFN2-T3.3B,Bourns Inc.,TVS DIODE 3.3VWM 8VC 2DFN,tvs-diodes,92301,0.71,2-XDFN,Surface Mount,Active,https://www.bourns.com/docs/product-datasheets/cddfn2-t-33baea6382c90e165f58a72ff000066632f946961f3e71a4485b6c5521cae07158c.pdf,https://www.digikey.com/en/products/detail/bourns-inc/CDDFN2-T3-3B/4484999,General Purpose,1,13.5pF @ 1MHz,5A (8/20µs),,-55°C ~ 85°C (TA),,No,,,Zener,,4V,8V,3.3V (Max)
CDDFN2-T5.0LC,Bourns Inc.,TVS DIODE 5VWM 25VC 2DFN,tvs-diodes,17981,0.71,2-UFDFN,Surface Mount,Active,https://www.bourns.com/docs/Product-Datasheets/cddfn2-t5-0lc.pdf,https://www.digikey.com/en/products/detail/bourns-inc/CDDFN2-T5-0LC/2499572,General Purpose,1,0.5pF @ 1MHz,,,-40°C ~ 85°C (TA),,No,,,Zener,,7V,25V (Typ),5V (Max)
CDNBS08-PLC03-6,Bourns Inc.,TVS DIODE 6VWM 20VC 8-SOIC,tvs-diodes,8854,4.07,"8-SOIC (0.154"", 3.90mm Width)",Surface Mount,Active,https://www.bourns.com/docs/Product-Datasheets/CDNBS08_PLC03_6.pdf,https://www.digikey.com/en/products/detail/bourns-inc/CDNBS08-PLC03-6/1630586,Ethernet,,16pF @ 1MHz,100A (8/20µs),,-55°C ~ 150°C (TJ),2000W (2kW),Yes,,,Steering (Rail to Rail),2,6.8V,20V,6V
CDNBS08-SLVU2.8-4,Bourns Inc.,TVS DIODE 2.8VWM 21VC 8-SOIC,tvs-diodes,23808,2.8,"8-SOIC (0.154"", 3.90mm Width)",Surface Mount,Active,https://www.bourns.com/docs/Product-Datasheets/CDNBS08-SLVU28-4.pdf,https://www.digikey.com/en/products/detail/bourns-inc/CDNBS08-SLVU2-8-4/1630587,Ethernet,,6pF @ 1MHz,30A (8/20µs),,-55°C ~ 125°C (TJ),600W,No,,,Zener,4,3V,21V,2.8V (Max)
CDNBS08-SRDA3.3-4,Bourns Inc.,TVS DIODE 3.3VWM 10.9VC 8-SOIC,tvs-diodes,1247,2.8,"8-SOIC (0.154"", 3.90mm Width)",Surface Mount,Active,https://www.bourns.com/docs/Product-Datasheets/CDNBS08_SRDAxx_4.pdf,https://www.digikey.com/en/products/detail/bourns-inc/CDNBS08-SRDA3-3-4/1630590,Ethernet,,15pF @ 1MHz,43A (8/20µs),,-55°C ~ 150°C (TJ),500W,Yes,,,Steering (Rail to Rail),4,4V,10.9V,3.3V
CDSOD323-T03,Bourns Inc.,TVS DIODE 3.3VWM 19VC SOD323,tvs-diodes,70869,1.08,"SC-76, SOD-323",Surface Mount,Active,,https://www.digikey.com/en/products/detail/bourns-inc/CDSOD323-T03/3742076,General Purpose,,3pF @ 1MHz,20A (8/20µs),,-55°C ~ 150°C (TJ),350W,No,,,Zener,1,4V,19V (Typ),3.3V
CDSOD323-T03C,Bourns Inc.,TVS DIODE 3.3VWM 19VC SOD323,tvs-diodes,2879,1.13,"SC-76, SOD-323",Surface Mount,Active,,https://www.digikey.com/en/products/detail/bourns-inc/CDSOD323-T03C/3742077,General Purpose,1,3pF @ 1MHz,20A (8/20µs),,-55°C ~ 150°C (TJ),350W,No,,,Zener,,4V,19V (Typ),3.3V
CDSOD323-T03S,Bourns Inc.,TVS DIODE 3.3VWM 10.9VC SOD323,tvs-diodes,55444,1.1,"SC-76, SOD-323",Surface Mount,Active,https://www.bourns.com/docs/Product-Datasheets/CDSOD323-TxxSC.pdf,https://www.digikey.com/en/products/detail/bourns-inc/CDSOD323-T03S/3781947,General Purpose,,500pF @ 1MHz,43A (8/20µs),,-55°C ~ 150°C (TJ),500W,No,,,Zener,1,4V,10.9V (Typ),3.3V
CDSOD323-T03SC,Bourns Inc.,TVS DIODE 3.3VWM 10.9VC SOD323,tvs-diodes,17454,1.19,"SC-76, SOD-323",Surface Mount,Active,https://www.bourns.com/docs/Product-Datasheets/CDSOD323-TxxSC.pdf,https://www.digikey.com/en/products/detail/bourns-inc/CDSOD323-T03SC/3781948,General Purpose,1,200pF @ 1MHz,43A (8/20µs),,-55°C ~ 150°C (TJ),400W,No,,,Zener,,4V,10.9V (Typ),3.3V
CDSOD323-T05C,Bourns Inc.,TVS DIODE 5VWM 18.3VC SOD323,tvs-diodes,2851,1.13,"SC-76, SOD-323",Surface Mount,Active,,https://www.digikey.com/en/products/detail/bourns-inc/CDSOD323-T05C/3742079,General Purpose,1,3pF @ 1MHz,17A (8/20µs),,-55°C ~ 150°C (TJ),350W,No,,,Zener,,6V,18.3V (Typ),5V
CDSOD323-T05L,Bourns Inc.,TVS DIODE 5VWM 18.3VC SOD323,tvs-diodes,193,1.22,"SC-76, SOD-323",Surface Mount,Active,https://www.bourns.com/docs/Product-Datasheets/CDSOD323-TxxLC.pdf,https://www.digikey.com/en/products/detail/bourns-inc/CDSOD323-T05L/3781949,"HDMI, USB OTG",,1pF @ 1MHz,15A (8/20µs),,-55°C ~ 150°C (TJ),350W,No,,,Zener,1,6V,18.3V (Typ),5V
CDSOD323-T05S,Bourns Inc.,TVS DIODE 5VWM 13.5VC SOD323,tvs-diodes,34959,1.1,"SC-76, SOD-323",Surface Mount,Active,https://www.bourns.com/docs/Product-Datasheets/CDSOD323-TxxSC.pdf,https://www.digikey.com/en/products/detail/bourns-inc/CDSOD323-T05S/3781950,General Purpose,,350pF @ 1MHz,42A (8/20µs),,-55°C ~ 150°C (TJ),500W,No,,,Zener,1,6V,13.5V (Typ),5V
CDSOD323-T05SC,Bourns Inc.,TVS DIODE 5VWM 14.5VC SOD323,tvs-diodes,32833,1.19,"SC-76, SOD-323",Surface Mount,Active,https://www.bourns.com/docs/Product-Datasheets/CDSOD323-TxxSC.pdf,https://www.digikey.com/en/products/detail/bourns-inc/CDSOD323-T05SC/3781951,General Purpose,1,175pF @ 1MHz,28A (8/20µs),,-55°C ~ 150°C (TJ),400W,No,,,Zener,,6V,14.5V (Typ),5V
CDSOD323-T08LC,Bourns Inc.,TVS DIODE 8VWM 18.3VC SOD323,tvs-diodes,16898,1.22,"SC-76, SOD-323",Surface Mount,Active,https://www.bourns.com/docs/Product-Datasheets/CDSOD323-TxxLC.pdf,https://www.digikey.com/en/products/detail/bourns-inc/CDSOD323-T08LC/3742082,"HDMI, USB OTG",1,1pF @ 1MHz,15A (8/20µs),,-55°C ~ 150°C (TJ),250W,No,,,Zener,,8.5V,18.3V (Typ),8V
CDSOD323-T12,Bourns Inc.,TVS DIODE 12VWM 28.3VC SOD323,tvs-diodes,2343,1.08,"SC-76, SOD-323",Surface Mount,Active,,https://www.digikey.com/en/products/detail/bourns-inc/CDSOD323-T12/3781956,General Purpose,,3pF @ 1MHz,11A (8/20µs),,-55°C ~ 150°C (TJ),350W,No,,,Zener,1,13.3V,28.3V (Typ),12V
CDSOD323-T12C,Bourns Inc.,TVS DIODE 12VWM 28.3VC SOD323,tvs-diodes,13155,1.13,"SC-76, SOD-323",Surface Mount,Active,,https://www.digikey.com/en/products/detail/bourns-inc/CDSOD323-T12C/3742083,General Purpose,1,3pF @ 1MHz,11A (8/20µs),,-55°C ~ 150°C (TJ),350W,No,,,Zener,,13.3V,28.3V (Typ),12V
CDSOD323-T12C-DSL,Bourns Inc.,TVS DIODE 12VWM 28.3VC SOD323,tvs-diodes,40478,1.22,"SC-76, SOD-323",Surface Mount,Active,https://www.bourns.com/docs/Product-Datasheets/CDSOD323-TxxC-DSL.pdf,https://www.digikey.com/en/products/detail/bourns-inc/CDSOD323-T12C-DSL/2773461,General Purpose,1,3pF @ 1MHz,11A (8/20µs),,-55°C ~ 150°C (TJ),350W,No,,,Zener,,13.3V,28.3V (Typ),12V
CDSOD323-T15C,Bourns Inc.,TVS DIODE 15VWM 31.8VC SOD323,tvs-diodes,1187,1.13,"SC-76, SOD-323",Surface Mount,Active,,https://www.digikey.com/en/products/detail/bourns-inc/CDSOD323-T15C/3742086,General Purpose,1,3pF @ 1MHz,10A (8/20µs),,-55°C ~ 150°C (TJ),350W,No,,,Zener,,16.7V,31.8V (Typ),15V
CDSOD323-T15LC,Bourns Inc.,TVS DIODE 15VWM 31.8VC SOD323,tvs-diodes,17639,1.22,"SC-76, SOD-323",Surface Mount,Active,https://www.bourns.com/docs/Product-Datasheets/CDSOD323-TxxLC.pdf,https://www.digikey.com/en/products/detail/bourns-inc/CDSOD323-T15LC/3781961,"HDMI, USB OTG",1,1pF @ 1MHz,10A (8/20µs),,-55°C ~ 150°C (TJ),250W,No,,,Zener,,16.7V,31.8V (Typ),15V
CDSOD323-T15SC,Bourns Inc.,TVS DIODE 15VWM 33VC SOD323,tvs-diodes,41724,1.19,"SC-76, SOD-323",Surface Mount,Active,https://www.bourns.com/docs/Product-Datasheets/CDSOD323-TxxSC.pdf,https://www.digikey.com/en/products/detail/bourns-inc/CDSOD323-T15SC/3742087,General Purpose,1,40pF @ 1MHz,12A (8/20µs),,-55°C ~ 150°C (TJ),400W,No,,,Zener,,16.7V,33V (Typ),15V
CDSOD323-T18C,Bourns Inc.,TVS DIODE 18VWM 45VC SOD323,tvs-diodes,39521,1.13,"SC-76, SOD-323",Surface Mount,Active,,https://www.digikey.com/en/products/detail/bourns-inc/CDSOD323-T18C/3781964,General Purpose,1,3pF @ 1MHz,8A (8/20µs),,-55°C ~ 150°C (TJ),350W,No,,,Zener,,20V,45V (Typ),18V
CDSOD323-T18SC,Bourns Inc.,TVS DIODE 18VWM 40VC SOD323,tvs-diodes,12340,1.19,"SC-76, SOD-323",Surface Mount,Active,https://www.bourns.com/docs/Product-Datasheets/CDSOD323-TxxSC.pdf,https://www.digikey.com/en/products/detail/bourns-inc/CDSOD323-T18SC/3781968,General Purpose,1,40pF @ 1MHz,9A (8/20µs),,-55°C ~ 150°C (TJ),400W,No,,,Zener,,20V,40V (Typ),18V
CDSOD323-T24C,Bourns Inc.,TVS DIODE 24VWM 56VC SOD323,tvs-diodes,85098,1.13,"SC-76, SOD-323",Surface Mount,Active,,https://www.digikey.com/en/products/detail/bourns-inc/CDSOD323-T24C/3742088,General Purpose,1,3pF @ 1MHz,6A (8/20µs),,-55°C ~ 150°C (TJ),350W,No,,,Zener,,26.7V,56V (Typ),24V
CDSOD323-T24C-DSL,Bourns Inc.,TVS DIODE 24VWM 56VC SOD323,tvs-diodes,13093,1.22,"SC-76, SOD-323",Surface Mount,Active,https://www.bourns.com/docs/Product-Datasheets/CDSOD323-TxxC-DSL.pdf,https://www.digikey.com/en/products/detail/bourns-inc/CDSOD323-T24C-DSL/2773462,General Purpose,1,3pF @ 1MHz,6A (8/20µs),,-55°C ~ 150°C (TJ),350W,No,,,Zener,,26.7V,56V (Typ),24V
CDSOD323-T24L,Bourns Inc.,TVS DIODE 24VWM 56VC SOD323,tvs-diodes,22612,1.22,"SC-76, SOD-323",Surface Mount,Active,https://www.bourns.com/docs/Product-Datasheets/CDSOD323-TxxLC.pdf,https://www.digikey.com/en/products/detail/bourns-inc/CDSOD323-T24L/3781970,"HDMI, USB OTG",,1pF @ 1MHz,6A (8/20µs),,-55°C ~ 150°C (TJ),350W,No,,,Zener,1,26.7V,56V (Typ),24V
CDSOD323-T24S,Bourns Inc.,TVS DIODE 24VWM 49VC SOD323,tvs-diodes,7346,1.1,"SC-76, SOD-323",Surface Mount,Active,https://www.bourns.com/docs/Product-Datasheets/CDSOD323-TxxSC.pdf,https://www.digikey.com/en/products/detail/bourns-inc/CDSOD323-T24S/3781972,General Purpose,,88pF @ 1MHz,12A (8/20µs),,-55°C ~ 150°C (TJ),500W,No,,,Zener,1,26.7V,49V (Typ),24V
CDSOD323-T24SC,Bourns Inc.,TVS DIODE 24VWM 46.2VC SOD323,tvs-diodes,1228,1.19,"SC-76, SOD-323",Surface Mount,Active,https://www.bourns.com/docs/Product-Datasheets/CDSOD323-TxxSC.pdf,https://www.digikey.com/en/products/detail/bourns-inc/CDSOD323-T24SC/3781973,General Purpose,1,40pF @ 1MHz,9A (8/20µs),,-55°C ~ 150°C (TJ),400W,No,,,Zener,,26.7V,46.2V (Typ),24V
CDSOD323-T36SC,Bourns Inc.,TVS DIODE 36VWM 75VC SOD323,tvs-diodes,25140,1.19,"SC-76, SOD-323",Surface Mount,Active,https://www.bourns.com/docs/Product-Datasheets/CDSOD323-TxxSC.pdf,https://www.digikey.com/en/products/detail/bourns-inc/CDSOD323-T36SC/3821389,General Purpose,1,35pF @ 1MHz,5A (8/20µs),,-55°C ~ 150°C (TJ),400W,No,,,Zener,,40V,75V (Typ),36V
CDSOT23-0502B,Bourns Inc.,TVS DIODE 5VWM 9VC SOT233,tvs-diodes,24223,0.98,"TO-236-3, SC-59, SOT-23-3",Surface Mount,Active,https://www.bourns.com/docs/Product-Datasheets/CDSOT23-0502B.pdf,https://www.digikey.com/en/products/detail/bourns-inc/CDSOT23-0502B/3781974,General Purpose,2,15pF @ 1MHz,8.5A (8/20µs),,-55°C ~ 125°C (TJ),,No,,,Zener,,6V,9V,5V
CDSOT23-SLVU2.8,Bourns Inc.,TVS DIODE 2.8VWM 21VC SOT23-3,tvs-diodes,1149,2.08,"TO-236-3, SC-59, SOT-23-3",Surface Mount,Active,https://www.bourns.com/docs/Product-Datasheets/CDSOT23-SLVU2.8.pdf,https://www.digikey.com/en/products/detail/bourns-inc/CDSOT23-SLVU2-8/1630591,General Purpose,,3pF @ 1MHz,30A (8/20µs),,-55°C ~ 150°C (TJ),600W,No,,,Zener,1,3V,21V,2.8V
CDSOT23-SM712,Bourns Inc.,TVS DIODE 12VWM 7VWM SOT233,tvs-diodes,707,1.26,"TO-236-3, SC-59, SOT-23-3",Surface Mount,Active,https://www.bourns.com/docs/Product-Datasheets/CDSOT23-SM712.pdf,https://www.digikey.com/en/products/detail/bourns-inc/CDSOT23-SM712/1630592,RS-485,2,75pF @ 1MHz,17A (8/20µs),,-55°C ~ 150°C (TJ),400W,No,,,Zener,,"13.3V, 7.5V","26V, 14V","12V (Max), 7V (Max)"
CDSOT23-SR208,Bourns Inc.,TVS DIODE 20VWM SOT23-6,tvs-diodes,2535,0.99,SOT-23-6,Surface Mount,Active,https://www.bourns.com/docs/Product-Datasheets/CDSOT23-SR208.pdf,https://www.digikey.com/en/products/detail/bourns-inc/CDSOT23-SR208/3781982,General Purpose,,,,,-55°C ~ 150°C (TJ),,No,,,Steering (Rail to Rail),4,,,20V
CDSOT23-T24CAN-Q,Bourns Inc.,TVS DIODE 24VWM 40VC SOT23-3,tvs-diodes,14278,0.55,"TO-236-3, SC-59, SOT-23-3",Surface Mount,Active,https://bourns.com/data/global/pdfs/CDSOT23-T24CAN-Q.pdf,https://www.digikey.com/en/products/detail/bourns-inc/CDSOT23-T24CAN-Q/7798662,CAN,2,22pF @ 1MHz,8A (8/20µs),Automotive,-40°C ~ 150°C (TJ),350W,Yes,AEC-Q101,,Zener,,26.2V,40V,24V
CDSOT236-0504C,Bourns Inc.,TVS DIODE 5VWM 10VC SOT23-6,tvs-diodes,23428,2.08,SOT-23-6,Surface Mount,Active,https://www.bourns.com/docs/Product-Datasheets/CDSOT236-0504C.pdf,https://www.digikey.com/en/products/detail/bourns-inc/CDSOT236-0504C/3742074,HDMI,,,5.5A (8/20µs),,-55°C ~ 85°C (TA),,Yes,,,Steering (Rail to Rail),4,6V,10V,5V
CDZCVT2R6.8B,Rohm Semiconductor,TVS DIODE 5VWM VMN2M,tvs-diodes,7322,0.26,"2-SMD, Flat Leads",Surface Mount,Active,https://www.rohm.com/datasheet?p=CDZCV6.8B&dist=Digi-key&media=referral&source=digi-key.com&campaign=Digi-key,https://www.digikey.com/en/products/detail/rohm-semiconductor/CDZCVT2R6-8B/14682672,General Purpose,,3pF @ 1MHz,,,150°C (TJ),,No,,,Zener,1,6.65V,,5V (Max)
CESD3V3D5,SMC Diode Solutions,TVS DIODE 3.3VWM 13VC SOD523,tvs-diodes,37151,0.22,"SC-79, SOD-523",Surface Mount,Active,https://www.smc-diodes.com/propdf/CESD3V3D5%20THRU%20CESD24VD5%20N1872%20REV.C.pdf.pdf,https://www.digikey.com/en/products/detail/smc-diode-solutions/CESD3V3D5/16584901,General Purpose,,120pF @ 1MHz,16A,,-55°C ~ 150°C (TJ),210W,No,,,Zener,1,5V,13V,3.3V (Max)
"CEZ30V,L3F",Toshiba Semiconductor and Storage,TVS DIODE 30VWM 47.5VC ESC,tvs-diodes,29436,0.29,"SC-79, SOD-523",Surface Mount,Active,,https://www.digikey.com/en/products/detail/toshiba-semiconductor-and-storage/CEZ30V-L3F/13981066,General Purpose,,21pF @ 1MHz,4A (8/20µs),,150°C (TJ),200W,No,,CEZ,Zener,1,28V,47.5V (Typ),30V
"CEZ5V6,L3F",Toshiba Semiconductor and Storage,TVS DIODE 5.6VWM 9VC ESC,tvs-diodes,4187,0.29,"SC-79, SOD-523",Surface Mount,Active,,https://www.digikey.com/en/products/detail/toshiba-semiconductor-and-storage/CEZ5V6-L3F/13981070,General Purpose,,125pF @ 1MHz,12A (8/20µs),,150°C (TJ),155W,No,,CEZ,Zener,1,5.3V,9V (Typ),5.6V
"CEZ6V2,L3F",Toshiba Semiconductor and Storage,TVS DIODE 6.2VWM 10VC ESC,tvs-diodes,12067,0.29,"SC-79, SOD-523",Surface Mount,Active,,https://www.digikey.com/en/products/detail/toshiba-semiconductor-and-storage/CEZ6V2-L3F/13981101,General Purpose,,105pF @ 1MHz,11A (8/20µs),,150°C (TJ),175W,No,,CEZ,Zener,1,5.8V,10V (Typ),6.2V
CPDH3V3UP,Comchip Technology,TVS DIODE 3.3VWM 8VC SOD523,tvs-diodes,55186,0.76,"SC-79, SOD-523",Surface Mount,Active,https://www.digikey.com//mm.digikey.com/Volume0/opasdata/d220001/medias/docus/7980/cpdh3v3up_20reve363256.pdf,https://www.digikey.com/en/products/detail/comchip-technology/CPDH3V3UP/2075731,General Purpose,,12pF @ 1MHz,5A (8/20µs),,-55°C ~ 125°C (TJ),40W,No,,,Zener,1,,8V,3.3V (Max)
CPDH3V3UP-HF,Comchip Technology,TVS DIODE 3.3VWM 8VC SOD523,tvs-diodes,61313,0.76,"SC-79, SOD-523",Surface Mount,Active,https://www.digikey.com//mm.digikey.com/Volume0/opasdata/d220001/medias/docus/7980/pdfFile258748.pdf,https://www.digikey.com/en/products/detail/comchip-technology/CPDH3V3UP-HF/3308656,General Purpose,,12pF @ 1MHz,5A (8/20µs),,-55°C ~ 125°C (TJ),40W,No,,,Zener,1,,8V,3.3V
CPDH5V0P-HF,Comchip Technology,TVS DIODE 5VWM 13VC SOD523,tvs-diodes,29944,0.27,"SC-79, SOD-523",Surface Mount,Active,https://www.comchiptech.com/admin/files/product/CPDH5V0P-HF RevA006229.pdf,https://www.digikey.com/en/products/detail/comchip-technology/CPDH5V0P-HF/6138885,General Purpose,1,3pF @ 1MHz,3A (8/20µs),,-40°C ~ 150°C (TJ),39W,No,,,Zener,,5.6V,13V,5V (Max)
CPDH5V0U,Comchip Technology,TVS DIODE 5VWM 12.5VC SOD523,tvs-diodes,116174,0.38,"SC-79, SOD-523",Surface Mount,Active,https://www.comchiptech.com/admin/files/product/CPDH5V0U-HF%20RevA551098.pdf,https://www.digikey.com/en/products/detail/comchip-technology/CPDH5V0U/3672580,General Purpose,,90pF @ 1MHz,16A (8/20µs),,,200W,No,,,Zener,1,6V,12.5V,5V
CPDQ03C3V3U-HF,Comchip Technology,TVS DIODE 3.3VWM 11VC 0402C03,tvs-diodes,2552,0.44,"SC-101, SOT-883",Surface Mount,Active,https://www.comchiptech.com/admin/files/product/QW-G7152%20CPDQ03C3V3U-HF%20RevA%20(%E6%8A%BD%E6%8F%9B)%20-20210721.pdf,https://www.digikey.com/en/products/detail/comchip-technology/CPDQ03C3V3U-HF/16276501,General Purpose,,6pF @ 1MHz,5A (8/20µs),,-55°C ~ 125°C (TJ),55W,No,,,Zener,2,3.45V,11V,3.3V (Max)
CPDQC12V-HF,Comchip Technology,TVS DIODE 12VWM 25VC 0402C,tvs-diodes,1877,0.46,0402 (1006 Metric),Surface Mount,Active,https://www.comchiptech.com/admin/files/product/QW-G7110%20CPDQC12V-HF%20RevB.pdf,https://www.digikey.com/en/products/detail/comchip-technology/CPDQC12V-HF/10106879,General Purpose,1,12pF @ 1MHz,1A (8/20µs),,-40°C ~ 125°C (TJ),25W,No,,,Zener,,13V,25V,12V (Max)
CPDQC12VE-HF,Comchip Technology,TVS DIODE 12VWM 23VC 0402C,tvs-diodes,14980,0.47,0402 (1006 Metric),Surface Mount,Active,https://www.comchiptech.com/admin/files/product/CPDQC12VE-HF RevA675189.pdf,https://www.digikey.com/en/products/detail/comchip-technology/CPDQC12VE-HF/7100737,General Purpose,1,30pF @ 1MHz,5A (8/20µs),,-55°C ~ 125°C (TJ),115W,No,,,Zener,,14V,23V,12V (Max)
CPDQC24VEU-HF,Comchip Technology,TVS DIODE 24VWM 42VC 0402C,tvs-diodes,20900,0.31,0402 (1006 Metric),Surface Mount,Active,https://www.digikey.com//mm.digikey.com/Volume0/opasdata/d220001/medias/docus/956/CPDQC24VEU-HF.pdf,https://www.digikey.com/en/products/detail/comchip-technology/CPDQC24VEU-HF/6138884,General Purpose,,35pF @ 1MHz,2.5A (8/20µs),,-55°C ~ 125°C (TJ),105W,No,,,Zener,1,26.5V,42V,24V (Max)
CPDQC3V3AU-HF,Comchip Technology,TVS DIODE 3.3VWM 14VC 0402C,tvs-diodes,7470,0.27,0402 (1006 Metric),Surface Mount,Active,https://www.comchiptech.com/admin/files/product/QW-G7109%20CPDQC3V3AU-HF%20RevB.pdf,https://www.digikey.com/en/products/detail/comchip-technology/CPDQC3V3AU-HF/10106873,General Purpose,,0.4pF @ 1MHz,4A (8/20µs),,-55°C ~ 125°C (TJ),56W,No,,,Zener,1,4.2V,14V,3.3V (Max)
CPDQC3V3C-HF,Comchip Technology,TVS DIODE 3.3VWM 13VC 0402C,tvs-diodes,44023,0.44,0402 (1006 Metric),Surface Mount,Active,https://www.comchiptech.com/admin/files/product/CPDQC3V3C-HF%20RevD050204.pdf,https://www.digikey.com/en/products/detail/comchip-technology/CPDQC3V3C-HF/7100739,General Purpose,1,6pF @ 1MHz,5A (8/20µs),,-55°C ~ 125°C (TJ),65W,No,,,Zener,,3.6V,13V,3.3V (Max)
CPDQC3V3T-HF,Comchip Technology,TVS DIODE 3.3VWM 6.2VC 0402C,tvs-diodes,57641,0.4,0402 (1006 Metric),Surface Mount,Active,https://www.comchiptech.com/admin/files/product/CPDQC3V3T-HF RevC430538.pdf,https://www.digikey.com/en/products/detail/comchip-technology/CPDQC3V3T-HF/7100740,General Purpose,1,20pF @ 1MHz,17A (8/20µs),,-40°C ~ 125°C (TJ),180W,No,,,Zener,,3.6V,6.2V,3.3V (Max)
CPDQC5V0AU-HF,Comchip Technology,TVS DIODE 5VWM 15V 0402C/SOD923F,tvs-diodes,2515,0.22,0402 (1006 Metric),Surface Mount,Active,https://www.comchiptech.com/admin/files/product/12447_20190529105100.pdf,https://www.digikey.com/en/products/detail/comchip-technology/CPDQC5V0AU-HF/10279692,General Purpose,,0.45pF @ 1MHz,4A (8/20µs),,-55°C ~ 125°C (TJ),60W,No,,,Zener,1,5.8V,15V,5V (Max)
CPDQC5V0U-HF,Comchip Technology,TVS DIODE 5VWM 12V 0402C/SOD923F,tvs-diodes,57224,0.34,SOD-923,Surface Mount,Active,https://www.comchiptech.com/admin/files/product/CPDQC5V0U-HF%20%20RevD050346.pdf,https://www.digikey.com/en/products/detail/comchip-technology/CPDQC5V0U-HF/4835681,General Purpose,,130pF @ 1MHz,15A (8/20µs),,,180W,No,,,Zener,1,6V,12V,5V
CPDQR5V0U,Comchip Technology,TVS DIODE 5VWM 12.5VC 0402,tvs-diodes,39026,0.66,0402 (1006 Metric),Surface Mount,Active,https://www.comchiptech.com/admin/files/product/QW-A7014-CPDQR5V0U-RevD633651.pdf,https://www.digikey.com/en/products/detail/comchip-technology/CPDQR5V0U/1973529,General Purpose,,90pF @ 1MHz,16A (8/20µs),,,200W,No,,,Zener,1,6V,12.5V,5V
CPDQT5V0HE-HF,Comchip Technology,TVS DIODE 5VWM 8.6V 0402/SOD923F,tvs-diodes,17703,0.16,0402 (1006 Metric),Surface Mount,Active,,https://www.digikey.com/en/products/detail/comchip-technology/CPDQT5V0HE-HF/16276410,General Purpose,1,15pF @ 1MHz,7A (8/20µs),,-55°C ~ 150°C (TJ),65W,No,,,Zener,,6.8V,8.6V,5V
CPDT-12V,Comchip Technology,TVS DIODE 12VWM 25VC SOT23-3,tvs-diodes,13651,0.73,"TO-236-3, SC-59, SOT-23-3",Surface Mount,Active,https://www.comchiptech.com/admin/files/product/CPDT-12V RevB364124.pdf,https://www.digikey.com/en/products/detail/comchip-technology/CPDT-12V/2075734,General Purpose,2,,1A (8/20µs),,,25W,No,,,Zener,,13V,25V,12V
CPDT-5V0U-HF,Comchip Technology,TVS DIODE 5VWM 10VC SOT23-3,tvs-diodes,39966,0.33,"TO-236-3, SC-59, SOT-23-3",Surface Mount,Active,https://www.comchiptech.com/admin/files/product/CPDT-5V0U-HF%20RevC339958.pdf,https://www.digikey.com/en/products/detail/comchip-technology/CPDT-5V0U-HF/3308673,General Purpose,,,8A (8/20µs),,,80W,No,,,Zener,2,6.1V,10V,5V
CPDT-5V0USP-HF,Comchip Technology,TVS DIODE 5VWM 19VC SOT233,tvs-diodes,80298,0.51,"TO-236-3, SC-59, SOT-23-3",Surface Mount,Active,https://www.comchiptech.com/admin/files/product/CPDT-5V0USP-HF Rev A450749.pdf,https://www.digikey.com/en/products/detail/comchip-technology/CPDT-5V0USP-HF/5401504,General Purpose,,0.6pF @ 1MHz,4A (8/20µs),,-55°C ~ 150°C (TJ),76W,No,,,Zener,2,6V,19V,5V (Max)
CPDU24V,Comchip Technology,TVS DIODE 24VWM 47V 0603/SOD523F,tvs-diodes,47351,0.59,"2-SMD, No Lead",Surface Mount,Active,https://www.comchiptech.com/admin/files/product/CPDU%20Series-HF%20%20RevF396351.pdf,https://www.digikey.com/en/products/detail/comchip-technology/CPDU24V/1121121,General Purpose,1,10pF @ 1MHz,1A (8/20µs),,,47W,No,,,Zener,,25V,47V,24V
CPDU24V0U-HF,Comchip Technology,TVS DIODE 24VWM 50V 0603/SOD523F,tvs-diodes,47800,0.32,"2-SMD, No Lead",Surface Mount,Active,https://www.comchiptech.com/admin/files/product/CPDU24V0U-HF RevB385147.pdf,https://www.digikey.com/en/products/detail/comchip-technology/CPDU24V0U-HF/3308686,General Purpose,,35pF @ 1MHz,3A (8/20µs),,-55°C ~ 125°C (TJ),150W,No,,,Zener,1,26.5V,50V,24V
CPDU3V3UP,Comchip Technology,TVS DIODE 3.3VWM 8V 0603/SOD523F,tvs-diodes,148574,0.42,"2-SMD, No Lead",Surface Mount,Active,https://www.comchiptech.com/upload/file/product/product/QW-G7056%20CPDU3V3UP-HF%20RevE.pdf,https://www.digikey.com/en/products/detail/comchip-technology/CPDU3V3UP/3308688,General Purpose,,12pF @ 1MHz,5A (8/20µs),,-55°C ~ 125°C (TJ),40W,No,,,Zener,1,,8V,3.3V
CPDU5V0,Comchip Technology,TVS DIODE 5VWM 15V 0603/SOD523F,tvs-diodes,173544,0.56,"2-SMD, No Lead",Surface Mount,Active,https://www.comchiptech.com/admin/files/product/CPDU%20Series-HF%20%20RevF396351.pdf,https://www.digikey.com/en/products/detail/comchip-technology/CPDU5V0/1121120,General Purpose,1,15pF @ 1MHz,5A (8/20µs),,,75W,No,,,Zener,,5.1V,15V,5V
CPDU5V0-HF,Comchip Technology,TVS DIODE 5VWM 15V 0603/SOD523F,tvs-diodes,15135,0.56,"2-SMD, No Lead",Surface Mount,Active,https://www.comchiptech.com/admin/files/product/CPDU%20Series-HF%20%20RevF396351.pdf,https://www.digikey.com/en/products/detail/comchip-technology/CPDU5V0-HF/3308690,General Purpose,1,15pF @ 1MHz,5A (8/20µs),,,75W,No,,,Zener,,5.1V,15V,5V
CPDU5V0U-HF,Comchip Technology,TVS DIODE 5VWM 12.5VC 603,tvs-diodes,69651,0.4,"2-SMD, No Lead",Surface Mount,Not For New Designs,https://www.comchiptech.com/admin/files/product/CPDU5V0U-HF RevE841255.pdf,https://www.digikey.com/en/products/detail/comchip-technology/CPDU5V0U-HF/1973537,General Purpose,,90pF @ 1MHz,16A (8/20µs),,,200W,No,,,Zener,1,6V,12.5V,5V
CPDU5V0USP-HF,Comchip Technology,TVS DIODE 5VWM 25V 0603/SOD523F,tvs-diodes,146416,0.42,0603 (1608 Metric),Surface Mount,Active,https://www.comchiptech.com/admin/files/product/CPDU5V0USP-HF RevC423724.pdf,https://www.digikey.com/en/products/detail/comchip-technology/CPDU5V0USP-HF/5683913,General Purpose,,0.6pF @ 1MHz,3A (8/20µs),,-55°C ~ 150°C (TJ),75W,No,,,Zener,1,5.4V,25V,5V (Max)
CPDUC5V0R-HF,Comchip Technology,TVS DIODE 5VWM 12V 0603C/SOD523F,tvs-diodes,214250,0.46,0603 (1608 Metric),Surface Mount,Active,https://www.comchiptech.com/admin/files/product/CPDxx5V0R-HF Series RevC661473.pdf,https://www.digikey.com/en/products/detail/comchip-technology/CPDUC5V0R-HF/5683914,General Purpose,1,24pF @ 1MHz,11A (8/20µs),,-40°C ~ 150°C (TJ),,No,,,Zener,,5.6V,12V,5V (Max)
CPDUC5V0USP-HF,Comchip Technology,TVS DIODE 5VWM 20V 0603C/SOD523F,tvs-diodes,3900,0.47,0603 (1608 Metric),Surface Mount,Active,https://www.comchiptech.com/admin/files/product/CPDUC5V0USP-HF RevA664050.pdf,https://www.digikey.com/en/products/detail/comchip-technology/CPDUC5V0USP-HF/5683915,General Purpose,,0.6pF @ 1MHz,3A (8/20µs),,-55°C ~ 150°C (TJ),60W,No,,,Zener,1,5.4V,20V,5V (Max)
CPDUR12V,Comchip Technology,TVS DIODE 12VWM 25V 0603/SOD523F,tvs-diodes,8295,0.69,0603 (1608 Metric),Surface Mount,Active,https://www.digikey.com//mm.digikey.com/Volume0/opasdata/d220001/medias/docus/2480/CPDUR%20series.pdf,https://www.digikey.com/en/products/detail/comchip-technology/CPDUR12V/1558850,General Purpose,1,12pF @ 1MHz,1A (8/20µs),,,25W,No,,,Zener,,13V,25V,12V
CPDUR5V0,Comchip Technology,TVS DIODE 5VWM 15V 0603/SOD523F,tvs-diodes,15207,0.56,0603 (1608 Metric),Surface Mount,Active,https://www.digikey.com//mm.digikey.com/Volume0/opasdata/d220001/medias/docus/2480/CPDUR%20series.pdf,https://www.digikey.com/en/products/detail/comchip-technology/CPDUR5V0/1678590,General Purpose,1,15pF @ 1MHz,5A (8/20µs),,,75W,No,,,Zener,,5.1V,15V,5V
CPDUR5V0-HF,Comchip Technology,TVS DIODE 5VWM 15V 0603/SOD523F,tvs-diodes,189966,0.4,0603 (1608 Metric),Surface Mount,Active,https://www.comchiptech.com/admin/files/product/CPDUR%20Series-HF%20RevD394606.pdf,https://www.digikey.com/en/products/detail/comchip-technology/CPDUR5V0-HF/3308693,General Purpose,1,15pF @ 1MHz,5A (8/20µs),,,75W,No,,,Zener,,5.1V,15V,5V
CPDUR5V0HE-HF,Comchip Technology,TVS DIODE 5VWM 16V 0603/SOD523F,tvs-diodes,10713,0.41,0603 (1608 Metric),Surface Mount,Active,https://www.comchiptech.com/admin/files/product/CPDUR5V0HE-HF%20RevA548755.pdf,https://www.digikey.com/en/products/detail/comchip-technology/CPDUR5V0HE-HF/5683916,General Purpose,1,15pF @ 1MHz,8A (8/20µs),,-40°C ~ 125°C (TJ),128W,No,,,Zener,,5.5V,16V,5V (Max)
CPDUR5V0R-HF,Comchip Technology,TVS DIODE 5VWM 13V 0603/SOD523F,tvs-diodes,27024,0.4,0603 (1608 Metric),Surface Mount,Active,https://www.comchiptech.com/admin/files/product/CPDUR5V0R-HF-Rev B339379.pdf,https://www.digikey.com/en/products/detail/comchip-technology/CPDUR5V0R-HF/4835687,General Purpose,1,20pF @ 1MHz,12A (8/20µs),,-40°C ~ 150°C (TJ),,No,,,Zener,,5.6V,13V,5V (Max)
CPDV5-5V0U,Comchip Technology,TVS DIODE 5VWM 10VC SOT353,tvs-diodes,16562,0.71,"5-TSSOP, SC-70-5, SOT-353",Surface Mount,Active,https://www.comchiptech.com/admin/files/product/CPDV5-5V0U-HF RevC472094.pdf,https://www.digikey.com/en/products/detail/comchip-technology/CPDV5-5V0U/1973535,General Purpose,,,8A (8/20µs),,,80W,No,,,Zener,4,6.1V,10V,5V
CPDZ3V3U-HF,Comchip Technology,TVS DIODE 3.3VWM 10.6VC 0201,tvs-diodes,19772,0.52,0201 (0603 Metric),Surface Mount,Active,https://www.comchiptech.com/admin/files/product/CPDZ3V3U-HF  RevC283628.pdf,https://www.digikey.com/en/products/detail/comchip-technology/CPDZ3V3U-HF/3726299,General Purpose,,35pF @ 1MHz,6.5A (8/20µs),,-40°C ~ 125°C (TA),70W,No,,,Zener,1,5.7V,10.6V,3.3V (Max)
CSPHSBULC5V0LB-TP,MCC (Micro Commercial Components),"ESD,5V,CSP1006-2",tvs-diodes,1090,0.24,0402 (1006 Metric),Surface Mount,Active,https://www.mccsemi.com/pdf/Products/CSPHSBULC5V0LB(CSP1006-2).pdf,https://www.digikey.com/en/products/detail/mcc-micro-commercial-components/CSPHSBULC5V0LB-TP/26225405,General Purpose,1,0.28pF @ 1MHz,9A (8/20µs),,-40°C ~ 125°C (TJ),65W,No,,,Zener,,6V,8V,5V (Max)
CSPSBULC1V5LB-TP,MCC (Micro Commercial Components),TVS DIODE 1.5VWM 2.9VC CSP10062,tvs-diodes,8502,0.23,0402 (1006 Metric),Surface Mount,Active,https://www.mccsemi.com/pdf/Products/CSPSBULC1V5LB(CSP1006-2).pdf,https://www.digikey.com/en/products/detail/mcc-micro-commercial-components/CSPSBULC1V5LB-TP/25618985,General Purpose,1,0.2pF @ 1MHz,4A (8/20µs),,-55°C ~ 125°C (TJ),13W,No,,,Zener,,4.5V,2.9V (Typ),1.5V (Max)
CSPSBULC3V3AE-TP,MCC (Micro Commercial Components),TVS DIODE 3.3VWM 2.9VC CSP0201,tvs-diodes,30800,0.24,0201 (0603 Metric),Surface Mount,Active,https://www.mccsemi.com/pdf/Products/CSPSBULC3V3AE(CSP0201).pdf,https://www.digikey.com/en/products/detail/mcc-micro-commercial-components/CSPSBULC3V3AE-TP/25618990,General Purpose,1,0.2pF @ 1MHz,4A (8/20µs),,-55°C ~ 125°C (TJ),13W,No,,,Zener,,4.5V,2.9V (Typ),3.3V (Max)
CSPSBULC3V3LB-TP,MCC (Micro Commercial Components),TVS DIODE 3.3VWM 2.9VC CSP10062,tvs-diodes,45000,0.23,0402 (1006 Metric),Surface Mount,Active,https://www.mccsemi.com/pdf/Products/CSPSBULC3V3LB(CSP1006-2).pdf,https://www.digikey.com/en/products/detail/mcc-micro-commercial-components/CSPSBULC3V3LB-TP/25618986,General Purpose,1,0.2pF @ 1MHz,4A (8/20µs),,-55°C ~ 125°C (TJ),13W,No,,,Zener,,4.5V,2.9V (Typ),3.3V (Max)
"CUHZ12V,H3F",Toshiba Semiconductor and Storage,TVS DIODE 12VWM 13.6VC US2H,tvs-diodes,7265,0.54,"2-SMD, Flat Leads",Surface Mount,Active,,https://www.digikey.com/en/products/detail/toshiba-semiconductor-and-storage/CUHZ12V-H3F/15857870,General Purpose,,280pF @ 1MHz,60A (8/20µs),,150°C (TJ),2100W (2.1kW),No,,CUHZ,Zener,1,11.4V,13.6V (Typ),12V
"CUHZ16V,H3F",Toshiba Semiconductor and Storage,TVS DIODE 16VWM 17VC US2H,tvs-diodes,16379,0.54,"2-SMD, Flat Leads",Surface Mount,Active,,https://www.digikey.com/en/products/detail/toshiba-semiconductor-and-storage/CUHZ16V-H3F/15857862,General Purpose,,210pF @ 1MHz,42A (8/20µs),,150°C (TJ),2100W (2.1kW),No,,CUHZ,Zener,1,15.3V,17V (Typ),16V
"CUHZ20V,H3F",Toshiba Semiconductor and Storage,TVS DIODE 20VWM 20.6VC US2H,tvs-diodes,13787,0.57,"2-SMD, Flat Leads",Surface Mount,Active,,https://www.digikey.com/en/products/detail/toshiba-semiconductor-and-storage/CUHZ20V-H3F/15857801,General Purpose,,180pF @ 1MHz,36A (8/20µs),,150°C (TJ),2100W (2.1kW),No,,CUHZ,Zener,1,18.8V,20.6V (Typ),20V
"CUHZ24V,H3F",Toshiba Semiconductor and Storage,TVS DIODE 24VWM 25.5VC US2H,tvs-diodes,9486,0.57,"2-SMD, Flat Leads",Surface Mount,Active,,https://www.digikey.com/en/products/detail/toshiba-semiconductor-and-storage/CUHZ24V-H3F/15857797,General Purpose,,150pF @ 1MHz,27A (8/20µs),,150°C (TJ),2100W (2.1kW),No,,CUHZ,Zener,1,22.8V,25.5V (Typ),24V
"CUHZ30V,H3F",Toshiba Semiconductor and Storage,TVS DIODE 30VWM 33.8VC US2H,tvs-diodes,20679,0.57,"2-SMD, Flat Leads",Surface Mount,Active,,https://www.digikey.com/en/products/detail/toshiba-semiconductor-and-storage/CUHZ30V-H3F/15857800,General Purpose,,125pF @ 1MHz,26A (8/20µs),,150°C (TJ),2100W (2.1kW),No,,CUHZ,Zener,1,28V,33.8V (Typ),30V
"CUHZ36V,H3F",Toshiba Semiconductor and Storage,TVS DIODE 36VWM 41.2VC US2H,tvs-diodes,1858,0.57,"2-SMD, Flat Leads",Surface Mount,Active,,https://www.digikey.com/en/products/detail/toshiba-semiconductor-and-storage/CUHZ36V-H3F/15857864,General Purpose,,105pF @ 1MHz,23A (8/20µs),,150°C (TJ),2100W (2.1kW),No,,CUHZ,Zener,1,34V,41.2V (Typ),36V
"CUHZ5V6,H3F",Toshiba Semiconductor and Storage,TVS DIODE 5.6VWM 5.7VC US2H,tvs-diodes,76819,0.54,"2-SMD, Flat Leads",Surface Mount,Active,,https://www.digikey.com/en/products/detail/toshiba-semiconductor-and-storage/CUHZ5V6-H3F/15857799,General Purpose,,860pF @ 1MHz,91A (8/20µs),,150°C (TJ),1750W (1.75kW),No,,CUHZ,Zener,1,5.3V,5.7V (Typ),5.6V
"CUHZ6V2,H3F",Toshiba Semiconductor and Storage,TVS DIODE 6.2VWM 6.1VC US2H,tvs-diodes,15866,0.54,"2-SMD, Flat Leads",Surface Mount,Active,,https://www.digikey.com/en/products/detail/toshiba-semiconductor-and-storage/CUHZ6V2-H3F/15857849,General Purpose,,735pF @ 1MHz,87A (8/20µs),,150°C (TJ),1800W (1.8kW),No,,CUHZ,Zener,1,5.8V,6.1V (Typ),6.2V
"CUHZ6V8,H3F",Toshiba Semiconductor and Storage,TVS DIODE 6.8VWM 7.2VC US2H,tvs-diodes,6054,0.54,"2-SMD, Flat Leads",Surface Mount,Active,,https://www.digikey.com/en/products/detail/toshiba-semiconductor-and-storage/CUHZ6V8-H3F/15857833,General Purpose,,585pF @ 1MHz,73A (8/20µs),,150°C (TJ),1800W (1.8kW),No,,CUHZ,Zener,1,6.4V,7.2V (Typ),6.8V
"CUHZ8V2,H3F",Toshiba Semiconductor and Storage,TVS DIODE 8.2VWM 8.5VC US2H,tvs-diodes,3342,0.54,"2-SMD, Flat Leads",Surface Mount,Active,,https://www.digikey.com/en/products/detail/toshiba-semiconductor-and-storage/CUHZ8V2-H3F/15857767,General Purpose,,450pF @ 1MHz,68A (8/20µs),,150°C (TJ),1900W (1.9kW),No,,CUHZ,Zener,1,7.7V,8.5V (Typ),8.2V
"CUZ30V,H3F",Toshiba Semiconductor and Storage,TVS DIODE 30VWM 47.5VC USC,tvs-diodes,44890,0.31,"SC-76, SOD-323",Surface Mount,Active,,https://www.digikey.com/en/products/detail/toshiba-semiconductor-and-storage/CUZ30V-H3F/13981091,General Purpose,,21pF @ 1MHz,4A (8/20µs),,150°C (TJ),200W,No,,CUZ,Zener,1,28V,47.5V (Typ),30V
"CUZ5V6,H3F",Toshiba Semiconductor and Storage,TVS DIODE 5.6VWM 9VC USC,tvs-diodes,15780,0.31,"SC-76, SOD-323",Surface Mount,Active,,https://www.digikey.com/en/products/detail/toshiba-semiconductor-and-storage/CUZ5V6-H3F/13981061,General Purpose,,125pF @ 1MHz,12A (8/20µs),,150°C (TJ),155W,No,,CUZ,Zener,1,5.3V,9V (Typ),5.6V
D1213A-01W-7,Diodes Incorporated,TVS DIODE 3.3VWM 10VC SOT323,tvs-diodes,30080,0.42,"SC-70, SOT-323",Surface Mount,Active,https://www.diodes.com/assets/Datasheets/D1213A-01W.pdf,https://www.digikey.com/en/products/detail/diodes-incorporated/D1213A-01W-7/3340445,"DVI, HDMI, USB",,0.85pF @ 1MHz,5A (8/20µs),Automotive,-65°C ~ 150°C (TJ),,Yes,AEC-Q101,,Steering (Rail to Rail),1,6V,10V (Typ),3.3V (Max)
D1213A-02WL-7,Diodes Incorporated,TVS DIODE 3.3VWM 10VC SOT323,tvs-diodes,3156,0.51,"SC-70, SOT-323",Surface Mount,Active,https://www.diodes.com/assets/Datasheets/D1213A_02WL.pdf,https://www.digikey.com/en/products/detail/diodes-incorporated/D1213A-02WL-7/3340398,General Purpose,,,1A (8/20µs),,-55°C ~ 125°C (TJ),,No,,,Zener,2,6V,10V (Typ),3.3V (Max)
D1213A-04S-7,Diodes Incorporated,TVS DIODE 3.3VWM 10VC SOT363,tvs-diodes,2985,0.55,"6-TSSOP, SC-88, SOT-363",Surface Mount,Active,https://www.diodes.com/assets/Datasheets/D1213A-04S.pdf,https://www.digikey.com/en/products/detail/diodes-incorporated/D1213A-04S-7/3340449,,,,1A (8/20µs),Automotive,-55°C ~ 150°C (TA),,Yes,AEC-Q101,,Steering (Rail to Rail),4,6V,10V (Typ),3.3V
D1213A-04TS-7,Diodes Incorporated,TVS DIODE 3.3VWM 10VC TSOT26,tvs-diodes,8434,0.49,"SOT-23-6 Thin, TSOT-23-6",Surface Mount,Active,https://www.diodes.com/assets/Datasheets/D1213A-04TS.pdf,https://www.digikey.com/en/products/detail/diodes-incorporated/D1213A-04TS-7/3340451,,,,1A (8/20µs),Automotive,-65°C ~ 150°C (TJ),,Yes,AEC-Q101,,Steering (Rail to Rail),4,6V,10V (Typ),3.3V
D1213A-04V-7,Diodes Incorporated,TVS DIODE 3.3VWM 10VC SOT563,tvs-diodes,33359,0.59,"SOT-563, SOT-666",Surface Mount,Active,https://www.diodes.com/assets/Datasheets/D1213A-04V.pdf,https://www.digikey.com/en/products/detail/diodes-incorporated/D1213A-04V-7/3829394,,,,5A (8/20µs),Automotive,-55°C ~ 150°C (TJ),,Yes,AEC-Q101,,Steering (Rail to Rail),4,6V,10V (Typ),3.3V
D12V0H1U2WS-7,Diodes Incorporated,TVS DIODE 12VWM 24VC SOD323,tvs-diodes,10625,0.43,"SC-76, SOD-323",Surface Mount,Active,https://www.diodes.com/assets/Datasheets/D12V0H1U2WS.pdf,https://www.digikey.com/en/products/detail/diodes-incorporated/D12V0H1U2WS-7/4747622,,,180pF @ 1MHz,25A (8/20µs),Automotive,-55°C ~ 125°C (TJ),600W,No,AEC-Q101,,Zener,1,13.3V,24V,12V (Max)
D12V0HA1U2LPQ-7B,Diodes Incorporated,TVS DIODE 12VWM 20V X1DFN10062,tvs-diodes,11391,0.37,0402 (1006 Metric),Surface Mount,Active,https://www.diodes.com/assets/Datasheets/D12V0HA1U2LPQ.pdf,https://www.digikey.com/en/products/detail/diodes-incorporated/D12V0HA1U2LPQ-7B/17511713,,,110pF @ 1MHz,25A (8/20µs),Automotive,-55°C ~ 150°C (TJ),500W,No,AEC-Q101,,Zener,1,13.5V,20V (Typ),12V (Max)
D12V0M1U2S9-7,Diodes Incorporated,TVS DIODE 12VWM 25VC SOD923,tvs-diodes,24843,0.26,SOD-923,Surface Mount,Active,https://www.diodes.com/assets/Datasheets/D12V0M1U2S9.pdf,https://www.digikey.com/en/products/detail/diodes-incorporated/D12V0M1U2S9-7/4967034,General Purpose,,20pF @ 1MHz,4A (8/20µs),,-65°C ~ 150°C (TJ),100W,No,,,Zener,1,13V,25V,12V (Max)
D12V0X1B2LP-7B,Diodes Incorporated,TVS DIODE 12VWM 25V X1DFN10062,tvs-diodes,5440,0.31,0402 (1006 Metric),Surface Mount,Active,https://www.diodes.com/assets/Datasheets/D12V0X1B2LP.pdf,https://www.digikey.com/en/products/detail/diodes-incorporated/D12V0X1B2LP-7B/16547066,General Purpose,1,0.5pF @ 1MHz,4A (8/20µs),,-55°C ~ 150°C (TJ),,No,,,Zener,,13V,25V,12V (Max)
D15V0H1U2LP-7B,Diodes Incorporated,TVS DIODE 15VWM 27V X1DFN10062,tvs-diodes,23633,0.38,0402 (1006 Metric),Surface Mount,Active,https://www.diodes.com/assets/Datasheets/D15V0H1U2LP.pdf,https://www.digikey.com/en/products/detail/diodes-incorporated/D15V0H1U2LP-7B/9089765,General Purpose,,70pF @ 1MHz,12A (8/20µs),,-65°C ~ 150°C (TJ),300W,No,,,Zener,1,16V,27V,15V (Max)
D15V0X1B2LP-7B,Diodes Incorporated,TVS DIODE 15VWM 30V X1DFN10062,tvs-diodes,16500,0.31,0402 (1006 Metric),Surface Mount,Active,https://www.diodes.com/assets/Datasheets/D15V0X1B2LP.pdf,https://www.digikey.com/en/products/detail/diodes-incorporated/D15V0X1B2LP-7B/10295127,General Purpose,1,0.55pF @ 1MHz,5A (8/20µs),,-65°C ~ 150°C (TJ),,No,,,Zener,,16.5V,30V,15V (Max)
D20V0L1B2WS-7,Diodes Incorporated,TVS DIODE 20VWM 30VC SOD323,tvs-diodes,119166,0.49,"SC-76, SOD-323",Surface Mount,Active,https://www.diodes.com/assets/Datasheets/D20V0L1B2WS.pdf,https://www.digikey.com/en/products/detail/diodes-incorporated/D20V0L1B2WS-7/4251559,General Purpose,1,10pF @ 1MHz,3A (8/20µs),,-65°C ~ 150°C (TJ),90W,No,,,Zener,,21V,30V,20V (Max)
D22V0S1U2LP1610-7,Diodes Incorporated,TVS DIODE 22VWM 38V UDFN16102,tvs-diodes,4771,0.41,0603 (1610 Metric),Surface Mount,Active,https://www.diodes.com/assets/Datasheets/D12V0S1U2LP1610_D50V0S1U2LP1610.pdf,https://www.digikey.com/en/products/detail/diodes-incorporated/D22V0S1U2LP1610-7/16548558,General Purpose,,226pF @ 1MHz,32A,,-55°C ~ 150°C (TJ),,No,,,Zener,1,24V,38V,22V
D24V0H1U2LP-7B,Diodes Incorporated,TVS DIODE 24VWM 42V X1DFN10062,tvs-diodes,1325,0.27,0402 (1006 Metric),Surface Mount,Active,https://www.diodes.com/assets/Datasheets/D24V0H1U2LP.pdf,https://www.digikey.com/en/products/detail/diodes-incorporated/D24V0H1U2LP-7B/16548724,General Purpose,,47pF @ 1MHz,9A (8/20µs),,-65°C ~ 150°C (TJ),378W,No,,,Zener,1,25V,42V,24V (Max)
D24V0L1B2LPS-7B,Diodes Incorporated,TVS DIODE 24VWM 46V X1DFN10062,tvs-diodes,2476,0.54,0402 (1006 Metric),Surface Mount,Active,https://www.diodes.com/assets/Datasheets/D24V0L1B2LPS.pdf,https://www.digikey.com/en/products/detail/diodes-incorporated/D24V0L1B2LPS-7B/4747625,,1,6pF @ 1MHz,2A (8/20µs),Automotive,-65°C ~ 150°C (TJ),90W,No,AEC-Q101,,Zener,,26V,46V,24V (Max)
D24V0L1B2LPSQ-7B,Diodes Incorporated,TVS DIODE 24VWM 46V X1DFN10062,tvs-diodes,6351,0.46,0402 (1006 Metric),Surface Mount,Active,https://www.diodes.com/assets/Datasheets/D24V0L1B2LPS.pdf,https://www.digikey.com/en/products/detail/diodes-incorporated/D24V0L1B2LPSQ-7B/4810928,,1,6pF @ 1MHz,2A (8/20µs),Automotive,-65°C ~ 150°C (TJ),90W,No,AEC-Q101,,Zener,,26V,46V,24V (Max)
D24V0S1U2TQ-7,Diodes Incorporated,TVS DIODE 24VWM 36VC SOD523,tvs-diodes,110183,0.4,"SC-79, SOD-523",Surface Mount,Active,https://www.diodes.com/assets/Datasheets/D24V0S1U2TQ.pdf,https://www.digikey.com/en/products/detail/diodes-incorporated/D24V0S1U2TQ-7/10674168,,,35pF @ 1MHz,6A (8/20µs),Automotive,-65°C ~ 150°C (TJ),360W,No,AEC-Q101,,Zener,1,27V,36V,24V (Max)
D2V5L1BS2LP-7B,Diodes Incorporated,TVS DIODE 2.5VWM 6V X1DFN10062,tvs-diodes,8134,0.23,0402 (1006 Metric),Surface Mount,Active,https://www.diodes.com/assets/Datasheets/D2V5L1BS2LP.pdf,https://www.digikey.com/en/products/detail/diodes-incorporated/D2V5L1BS2LP-7B/16547276,General Purpose,1,30pF @ 1MHz,15A (8/20µs),,-55°C ~ 150°C (TJ),90W,No,,,Zener,,2.6V,6V (Typ),2.5V (Max)
D2V5L1BS2LP3-7,Diodes Incorporated,TVS DIODE 2.5VWM 6V X3DFN06032,tvs-diodes,4514,0.33,0201 (0603 Metric),Surface Mount,Active,https://www.diodes.com/assets/Datasheets/D2V5L1BS2LP3.pdf,https://www.digikey.com/en/products/detail/diodes-incorporated/D2V5L1BS2LP3-7/16547462,General Purpose,1,32pF @ 1MHz,15A (8/20µs),,-55°C ~ 150°C (TJ),90W,No,,,Zener,,2.6V,6V (Typ),2.5V (Max)
D3V3F4U10LP-7,Diodes Incorporated,TVS DIODE 3.3VWM 5V UDFN251010,tvs-diodes,82921,0.46,10-UFDFN,Surface Mount,Active,https://www.diodes.com/assets/Datasheets/D3V3F4U10LP.pdf,https://www.digikey.com/en/products/detail/diodes-incorporated/D3V3F4U10LP-7/7352854,,,0.5pF @ 1MHz,5A (8/20µs),Automotive,-55°C ~ 150°C (TJ),30W,No,AEC-Q101,,Zener,4,5.5V,5V (Typ),3.3V (Max)
D3V3F8U9LP3810-7,Diodes Incorporated,TVS DIODE 3.3VWM 5V UDFN38109,tvs-diodes,13310,0.59,9-UDFN,Surface Mount,Active,https://www.diodes.com/assets/Datasheets/D3V3F8U9LP3810.pdf,https://www.digikey.com/en/products/detail/diodes-incorporated/D3V3F8U9LP3810-7/9089767,General Purpose,,0.55pF @ 1MHz,5A (8/20µs),,-55°C ~ 85°C (TA),32W,No,,,Zener,8,5.5V,5V (Typ),3.3V (Max)
D3V3H1B2LP-7B,Diodes Incorporated,TVS DIODE 3.3VWM 9.5V X1DFN10062,tvs-diodes,34520,0.46,0402 (1006 Metric),Surface Mount,Active,https://www.diodes.com/assets/Datasheets/D3V3H1B2LP.pdf,https://www.digikey.com/en/products/detail/diodes-incorporated/D3V3H1B2LP-7B/7352855,General Purpose,1,100pF @ 1MHz,40A (8/20µs),,-65°C ~ 150°C (TJ),380W,No,,,Zener,,3.8V,9.5V,3.3V (Max)
D3V3S1U2LP1610-7,Diodes Incorporated,TVS DIODE 3.3VWM UDFN16102,tvs-diodes,57416,0.38,0603 (1610 Metric),Surface Mount,Active,https://www.diodes.com/assets/Datasheets/D3V3S1U2LP1610.pdf,https://www.digikey.com/en/products/detail/diodes-incorporated/D3V3S1U2LP1610-7/10295140,General Purpose,,1400pF @ 1MHz,200A (8/20µs),,-55°C ~ 150°C (TJ),,No,,,Zener,1,3.8V,11.5V,3.3V (Max)
D3V3S1U2LP1610Q-7,Diodes Incorporated,TVS DIODE 3.3VWM UDFN16102,tvs-diodes,7235,0.44,0603 (1610 Metric),Surface Mount,Active,https://www.diodes.com/assets/Datasheets/D3V3S1U2LP1610Q.pdf,https://www.digikey.com/en/products/detail/diodes-incorporated/D3V3S1U2LP1610Q-7/16547158,,,1400pF @ 1MHz,180A (8/20µs),Automotive,-55°C ~ 150°C (TJ),,No,AEC-Q101,,Zener,1,3.8V,11.5V,3.3V (Max)
D3V3X4U10LP-7,Diodes Incorporated,TVS DIODE 3.3VWM 3V UDFN251010,tvs-diodes,11215,0.43,10-UFDFN,Surface Mount,Active,https://www.diodes.com/assets/Datasheets/D3V3X4U10LP.pdf,https://www.digikey.com/en/products/detail/diodes-incorporated/D3V3X4U10LP-7/7352856,,,450pF @ 1MHz,3A (8/20µs),Automotive,-55°C ~ 150°C (TJ),18W,No,AEC-Q101,,Zener,4,5.5V,3V (Typ),3.3V (Max)
D3V3X8U9LP3810-7,Diodes Incorporated,TVS DIODE 3.3VWM 7V UDFN38109,tvs-diodes,64025,0.56,9-UDFN,Surface Mount,Active,https://www.diodes.com/assets/Datasheets/D3V3X8U9LP3810.pdf,https://www.digikey.com/en/products/detail/diodes-incorporated/D3V3X8U9LP3810-7/9089768,General Purpose,,0.45pF @ 1MHz,3A (8/20µs),,-55°C ~ 85°C (TA),20W,No,,,Zener,8,5.5V,7V (Typ),3.3V (Max)
D3V3XA4B10LP-7,Diodes Incorporated,TVS DIODE 3.3VWM 9.4V UDFN251010,tvs-diodes,5986,0.44,10-UFDFN,Surface Mount,Active,https://www.digikey.com//mm.digikey.com/Volume0/opasdata/d220001/medias/docus/6130/D3V3XA4B10LP.pdf,https://www.digikey.com/en/products/detail/diodes-incorporated/D3V3XA4B10LP-7/10295141,"USB 3.0, USB 3.1",4,0.28pF @ 1MHz,4A (8/20µs),,-55°C ~ 150°C (TJ),24W,No,,,Zener,,5V,9.4V (Typ),3.3V (Max)
D4V5H1BS2LP-7B,Diodes Incorporated,TVS DIODE 4.5VWM 8.8V X1DFN10062,tvs-diodes,10200,0.31,0402 (1006 Metric),Surface Mount,Active,https://www.diodes.com/assets/Datasheets/D4V5H1BS2LP.pdf,https://www.digikey.com/en/products/detail/diodes-incorporated/D4V5H1BS2LP-7B/16548598,General Purpose,1,120pF @ 1MHz,60A (8/20µs),,-55°C ~ 150°C (TJ),528W,No,,,Zener,,4.8V,8.8V (Typ),4.5V (Max)
D4V5H1U2LP1610-7,Diodes Incorporated,TVS DIODE 4.5VWM UDFN16102,tvs-diodes,64805,0.51,0603 (1610 Metric),Surface Mount,Active,https://www.diodes.com/assets/Datasheets/D4V5H1U2LP1610.pdf,https://www.digikey.com/en/products/detail/diodes-incorporated/D4V5H1U2LP1610-7/7930772,,,800pF @ 1MHz,90A (8/20µs),,-55°C ~ 150°C (TJ),,No,,,Zener,1,5.5V,11.5V,4.5V (Max)
D4V7S1US2SLP-7B,Diodes Incorporated,TVS DIODE 4.7VWM X1DFN10062,tvs-diodes,1709,0.35,2-XDFN,Surface Mount,Active,https://www.diodes.com/assets/Datasheets/D4V7S1US2SLP.pdf,https://www.digikey.com/en/products/detail/diodes-incorporated/D4V7S1US2SLP-7B/17840258,General Purpose,,290pF @ 1MHz,90A (8/20µs),,-55°C ~ 150°C (TJ),657W,No,,,Zener,1,4.8V,7.3V (Typ),4.7V (Max)
D55V0M1B2WSQ-7,Diodes Incorporated,TVS DIODE 55VWM 100VC SOD323,tvs-diodes,24713,0.62,"SC-76, SOD-323",Surface Mount,Active,https://www.diodes.com/assets/Datasheets/D55V0M1B2WSQ.pdf,https://www.digikey.com/en/products/detail/diodes-incorporated/D55V0M1B2WSQ-7/9089769,USB,1,14pF @ 1MHz,2A (8/20µs),Automotive,-65°C ~ 150°C (TJ),200W,No,AEC-Q101,,Zener,,57V,100V,55V (Max)
D5V0F1B2WS-7,Diodes Incorporated,TVS DIODE 5VWM 15VC SOD323,tvs-diodes,2121,0.37,"SC-76, SOD-323",Surface Mount,Active,https://www.diodes.com/assets/Datasheets/D5V0F1B2WS.pdf,https://www.digikey.com/en/products/detail/diodes-incorporated/D5V0F1B2WS-7/17050552,"Ethernet, USB",1,2pF @ 1MHz,17A (8/20µs),Automotive,-55°C ~ 125°C (TJ),250W,No,AEC-Q101,,Zener,,6V,15V,5V (Max)
D5V0F2U3LP-7B,Diodes Incorporated,TVS DIODE 5.5VWM 12VC X1DFN10063,tvs-diodes,37679,0.29,3-UFDFN,Surface Mount,Active,https://www.diodes.com/assets/Datasheets/D5V0F2U3LP.pdf,https://www.digikey.com/en/products/detail/diodes-incorporated/D5V0F2U3LP-7B/4878274,General Purpose,,0.5pF @ 1MHz,1.5A (8/20µs),,-55°C ~ 150°C (TJ),,No,,,Zener,2,6V,12V,5.5V (Max)
D5V0F2U3LPQ-7B,Diodes Incorporated,TVS DIODE 5.5VWM 12VC X1DFN10063,tvs-diodes,68950,0.34,3-UFDFN,Surface Mount,Active,https://www.diodes.com/assets/Datasheets/D5V0F2U3LPQ.pdf,https://www.digikey.com/en/products/detail/diodes-incorporated/D5V0F2U3LPQ-7B/9647632,,,0.5pF @ 1MHz,1.5A (8/20µs),Automotive,-55°C ~ 150°C (TJ),,No,AEC-Q101,,Zener,2,6V,12V,5.5V (Max)
D5V0F2U6LP-7,Diodes Incorporated,TVS DIODE 5.5VWM 12V U-DFN1610-6,tvs-diodes,16975,0.37,6-UFDFN,Surface Mount,Active,https://www.diodes.com/assets/Datasheets/D5V0F2U6LP.pdf,https://www.digikey.com/en/products/detail/diodes-incorporated/D5V0F2U6LP-7/4868986,General Purpose,,0.5pF @ 1MHz,1.5A (8/20µs),,-55°C ~ 150°C (TJ),,Yes,,,Steering (Rail to Rail),2,6V,12V,5.5V (Max)
D5V0F4U10LP-7,Diodes Incorporated,TVS DIODE 5.5VWM 12VC UDFN251010,tvs-diodes,106109,0.65,10-UFDFN,Surface Mount,Active,https://www.diodes.com/assets/Datasheets/D5V0F4U10LP.pdf,https://www.digikey.com/en/products/detail/diodes-incorporated/D5V0F4U10LP-7/5306120,HDMI,,0.5pF @ 1MHz,1A (8/20µs),,-55°C ~ 150°C (TJ),,Yes,,,Steering (Rail to Rail),4,6V,12V,5.5V (Max)
D5V0H1U2LP-7B,Diodes Incorporated,TVS DIODE 5.5VWM 14VC X1DFN10062,tvs-diodes,39857,0.42,0402 (1006 Metric),Surface Mount,Active,https://www.diodes.com/assets/Datasheets/D5V0H1U2LP.pdf,https://www.digikey.com/en/products/detail/diodes-incorporated/D5V0H1U2LP-7B/7352857,General Purpose,,190pF @ 1MHz,30A (8/20µs),,-65°C ~ 150°C (TJ),420W,No,,,Zener,1,6.2V,14V,5.5V (Max)
D5V0H1U2LP1610-7,Diodes Incorporated,TVS DIODE 5VWM 11.5VC UDFN16102,tvs-diodes,8817,0.45,0603 (1610 Metric),Surface Mount,Active,https://www.diodes.com/assets/Datasheets/D5V0H1U2LP1610.pdf,https://www.digikey.com/en/products/detail/diodes-incorporated/D5V0H1U2LP1610-7/7930774,,,800pF @ 1MHz,90A (8/20µs),,-55°C ~ 150°C (TJ),,No,,,Zener,1,5.5V,11.5V,5V (Max)
D5V0L1B2LP-7B,Diodes Incorporated,TVS DIODE 5VWM 14VC X2DFN10062,tvs-diodes,17150,0.29,0402 (1006 Metric),Surface Mount,Active,https://www.diodes.com/assets/Datasheets/D5V0L1B2LP.pdf,https://www.digikey.com/en/products/detail/diodes-incorporated/D5V0L1B2LP-7B/2918764,General Purpose,1,15pF @ 1MHz,6A (8/20µs),,-65°C ~ 150°C (TJ),84W,No,,,Zener,,6V,14V,5V (Max)
D5V0L1B2LP3-7,Diodes Incorporated,TVS DIODE 5VWM 14VC X3DFN06032,tvs-diodes,41020,0.38,0201 (0603 Metric),Surface Mount,Active,https://www.diodes.com/assets/Datasheets/D5V0L1B2LP3.pdf,https://www.digikey.com/en/products/detail/diodes-incorporated/D5V0L1B2LP3-7/3193403,General Purpose,1,15pF @ 1MHz,6A (8/20µs),,-65°C ~ 150°C (TJ),84W,No,,,Zener,,6V,14V,5V (Max)
D5V0L1B2LP4-7B,Diodes Incorporated,TVS DIODE 5VWM 14VC X2DFN10062,tvs-diodes,8981,0.3,0402 (1006 Metric),Surface Mount,Active,https://www.diodes.com/assets/Datasheets/D5V0L1B2LP4.pdf,https://www.digikey.com/en/products/detail/diodes-incorporated/D5V0L1B2LP4-7B/2918770,General Purpose,1,15pF @ 1MHz,6A (8/20µs),,-65°C ~ 150°C (TJ),84W,No,,,Zener,,6V,14V,5V (Max)
D5V0L1B2S9-7,Diodes Incorporated,TVS DIODE 5VWM 14VC SOD923,tvs-diodes,101081,0.26,SOD-923,Surface Mount,Active,https://www.diodes.com/assets/Datasheets/D5V0L1B2S9.pdf,https://www.digikey.com/en/products/detail/diodes-incorporated/D5V0L1B2S9-7/4810930,General Purpose,1,15pF @ 1MHz,6A (8/20µs),,-65°C ~ 150°C (TJ),84W,No,,,Zener,,6V,14V,5V (Max)
D5V0L1B2WS-7,Diodes Incorporated,TVS DIODE 5VWM 14VC SOD323,tvs-diodes,527393,0.26,"SC-76, SOD-323",Surface Mount,Active,https://www.diodes.com/assets/Datasheets/D5V0L1B2WS.pdf,https://www.digikey.com/en/products/detail/diodes-incorporated/D5V0L1B2WS-7/2918767,General Purpose,1,15pF @ 1MHz,6A (8/20µs),,-65°C ~ 150°C (TJ),84W,No,,,Zener,,6V,14V,5V (Max)
D5V0L2B3SO-7,Diodes Incorporated,TVS DIODE 5VWM 14VC SOT233,tvs-diodes,55165,0.31,"TO-236-3, SC-59, SOT-23-3",Surface Mount,Active,https://www.diodes.com/assets/Datasheets/D5V0L2B3SO.pdf,https://www.digikey.com/en/products/detail/diodes-incorporated/D5V0L2B3SO-7/2918772,General Purpose,2,15pF @ 1MHz,6A (8/20µs),,-65°C ~ 150°C (TJ),84W,No,,,Zener,,6V,14V,5V (Max)
D5V0L2B3T-7,Diodes Incorporated,TVS DIODE 5VWM 14VC SOT523,tvs-diodes,62230,0.34,SOT-523,Surface Mount,Active,https://www.diodes.com/assets/Datasheets/D5V0L2B3T.pdf,https://www.digikey.com/en/products/detail/diodes-incorporated/D5V0L2B3T-7/2918773,General Purpose,2,15pF @ 1MHz,6A (8/20µs),,-65°C ~ 150°C (TJ),84W,No,,,Zener,,6V,14V,5V (Max)
D5V0M1U2S9-7,Diodes Incorporated,TVS DIODE 5.5VWM 12VC SOD923,tvs-diodes,218771,0.25,SOD-923,Surface Mount,Active,https://www.diodes.com/assets/Datasheets/D5V0M1U2S9.pdf,https://www.digikey.com/en/products/detail/diodes-incorporated/D5V0M1U2S9-7/5371895,General Purpose,,54pF @ 1MHz,9A (8/20µs),,-65°C ~ 150°C (TJ),108W,No,,,Zener,1,6.2V,12V,5.5V (Max)
D5V0M1U2S9Q-7,Diodes Incorporated,TVS DIODE 5.5VWM 12VC SOD923,tvs-diodes,33665,0.35,SOD-923,Surface Mount,Active,https://www.diodes.com/assets/Datasheets/D5V0M1U2S9Q.pdf,https://www.digikey.com/en/products/detail/diodes-incorporated/D5V0M1U2S9Q-7/10491660,"HDMI, USB",,54pF @ 1MHz,9A (8/20µs),Automotive,-65°C ~ 150°C (TJ),108W,No,AEC-Q101,,,1,6.2V,12V,5.5V (Max)
D5V0P4UR6SO-7,Diodes Incorporated,TVS DIODE 3.3VWM 6VC SOT26,tvs-diodes,1802,0.55,SOT-23-6,Surface Mount,Active,https://www.diodes.com/assets/Datasheets/D5V0P4UR6SO.pdf,https://www.digikey.com/en/products/detail/diodes-incorporated/D5V0P4UR6SO-7/6052565,HDMI,,,5A (8/20µs),,-55°C ~ 150°C (TJ),180W,Yes,,,Steering (Rail to Rail),4,4.5V,6V (Typ),3.3V (Max)
D5V0X1B2LP3-7,Diodes Incorporated,TVS DIODE 5.5VWM 14VC X3DFN06032,tvs-diodes,38629,0.55,0201 (0603 Metric),Surface Mount,Active,https://www.diodes.com/assets/Datasheets/D5V0X1B2LP3.pdf,https://www.digikey.com/en/products/detail/diodes-incorporated/D5V0X1B2LP3-7/4868989,General Purpose,1,0.3pF @ 1MHz,1.5A (8/20µs),,-65°C ~ 150°C (TJ),,No,,,Zener,,7V,14V,5.5V (Max)
D5V0X1B2LPQ-7B,Diodes Incorporated,TVS DIODE 5.5VWM 14VC X1DFN10062,tvs-diodes,9370,0.33,0402 (1006 Metric),Surface Mount,Active,https://www.diodes.com/assets/Datasheets/D5V0X1B2LPQ.pdf,https://www.digikey.com/en/products/detail/diodes-incorporated/D5V0X1B2LPQ-7B/16548922,"HDMI, USB",1,0.3pF @ 1MHz,1.5A (8/20µs),Automotive,-55°C ~ 150°C (TJ),,No,AEC-Q101,,Zener,,7V,14V,5.5V (Max)
D5V0X1BA2LPQ-7B,Diodes Incorporated,TVS DIODE 5.5VWM 16VC X1DFN10062,tvs-diodes,7366,0.49,0402 (1006 Metric),Surface Mount,Active,https://www.diodes.com/assets/Datasheets/D5V0X1BA2LPQ.pdf,https://www.digikey.com/en/products/detail/diodes-incorporated/D5V0X1BA2LPQ-7B/16547907,"HDMI, USB",1,0.48pF @ 1MHz,4A (8/20µs),Automotive,-55°C ~ 150°C (TJ),,No,AEC-Q101,,Zener,,7V,16V,5.5V (Max)
D6V3E1U2LP-7B,Diodes Incorporated,TVS DIODE 6.3VWM X1DFN10062,tvs-diodes,39795,0.26,0402 (1006 Metric),Surface Mount,Active,https://www.diodes.com/assets/Datasheets/D6V3E1U2LP.pdf,https://www.digikey.com/en/products/detail/diodes-incorporated/D6V3E1U2LP-7B/9765711,General Purpose,,200pF @ 1MHz,25A,,-65°C ~ 150°C (TJ),300W,No,,,Zener,1,6.5V,10.5V,6.3V (Max)
D6V3H1U2LP-7B,Diodes Incorporated,TVS DIODE 6.3VWM X1DFN10062,tvs-diodes,19999,0.32,0402 (1006 Metric),Surface Mount,Active,https://www.diodes.com/assets/Datasheets/D6V3H1U2LP.pdf,https://www.digikey.com/en/products/detail/diodes-incorporated/D6V3H1U2LP-7B/7802349,General Purpose,,200pF @ 1MHz,30A (8/20µs),,-65°C ~ 150°C (TJ),375W,No,,,Zener,1,6.5V,12.5V,6.3V (Max)
D6V3H1U2LP16-7,Diodes Incorporated,TVS DIODE 6.3VWM UDFN16102,tvs-diodes,202183,0.38,0603 (1610 Metric),Surface Mount,Active,https://www.diodes.com/assets/Datasheets/D6V3H1U2LP16.pdf,https://www.digikey.com/en/products/detail/diodes-incorporated/D6V3H1U2LP16-7/6187238,General Purpose,,800pF @ 1MHz,90A (8/20µs),,-55°C ~ 150°C (TJ),,No,,,Zener,1,6.5V,11.5V,6.3V (Max)
D7V0M1U2S9-7,Diodes Incorporated,TVS DIODE 7VWM 13VC SOD923,tvs-diodes,2381,0.26,SOD-923,Surface Mount,Active,https://www.diodes.com/assets/Datasheets/D7V0M1U2S9.pdf,https://www.digikey.com/en/products/detail/diodes-incorporated/D7V0M1U2S9-7/7352860,,,45pF @ 1MHz,7A (8/20µs),Automotive,-65°C ~ 150°C (TJ),90W,No,AEC-Q101,,Zener,1,7.5V,13V,7V (Max)
DALC208SC6,STMicroelectronics,TVS DIODE 5VWM SOT23-6,tvs-diodes,3944,0.68,SOT-23-6,Surface Mount,Active,https://www.st.com/resource/en/datasheet/cd00001734.pdf,https://www.digikey.com/en/products/detail/stmicroelectronics/DALC208SC6/603550,General Purpose,,,,,,,No,,,Steering (Rail to Rail),4,,,5V
DESD1CAN2SOQ-7,Diodes Incorporated,TVS DIODE 24VWM 70VC SOT233,tvs-diodes,1782,0.59,"TO-236-3, SC-59, SOT-23-3",Surface Mount,Active,https://www.diodes.com/assets/Datasheets/DESD1CAN2SOQ.pdf,https://www.digikey.com/en/products/detail/diodes-incorporated/DESD1CAN2SOQ-7/5080325,CAN,2,11pF @ 1MHz,3A (8/20µs),Automotive,-65°C ~ 150°C (TJ),200W,No,AEC-Q101,,Zener,,25.4V,70V,24V (Max)
DESD1CAN2WQ-7,Diodes Incorporated,TVS DIODE 24VWM 50VC SOT323,tvs-diodes,3004,0.4,"SC-70, SOT-323",Surface Mount,Active,https://www.diodes.com/assets/Datasheets/DESD1CAN2WQ.pdf,https://www.digikey.com/en/products/detail/diodes-incorporated/DESD1CAN2WQ-7/16547342,CAN,2,9.3pF @ 1MHz,3A (8/20µs),Automotive,-55°C ~ 150°C (TJ),150W,No,AEC-Q101,,Zener,,25.4V,50V,24V (Max)
DESD1V5ZS1BLP3-7,Diodes Incorporated,TVS DIODE 1.5VWM 4.5V X3DFN06032,tvs-diodes,1417,0.16,0201 (0603 Metric),Surface Mount,Active,https://www.diodes.com/assets/Datasheets/DESD1V5ZS1BLP3.pdf,https://www.digikey.com/en/products/detail/diodes-incorporated/DESD1V5ZS1BLP3-7/21823660,"HDMI, USB",1,0.15pF @ 1MHz,4A (8/20µs),,-65°C ~ 150°C (TJ),,No,,,Zener,,4V,4.5V (Typ),1.5V (Max)
DESD3V3Z1BCSF-7,Diodes Incorporated,TVS DIODE 3.3VWM X2DSN06032,tvs-diodes,10077,0.36,0201 (0603 Metric),Surface Mount,Active,https://www.diodes.com/assets/Datasheets/DESD3V3Z1BCSF.pdf,https://www.digikey.com/en/products/detail/diodes-incorporated/DESD3V3Z1BCSF-7/7666811,General Purpose,1,0.17pF @ 1MHz,3A (8/20µs),,-65°C ~ 150°C (TJ),25W,No,,,Zener,,5V,11.5V (Typ),3.3V (Max)
DESD5V0S1BLD-7B,Diodes Incorporated,TVS DIODE 5VWM 14VC X2DFN10062,tvs-diodes,99941,0.38,0402 (1006 Metric),Surface Mount,Active,https://www.diodes.com/assets/Datasheets/DESD5V0S1BLD.pdf,https://www.digikey.com/en/products/detail/diodes-incorporated/DESD5V0S1BLD-7B/3451479,General Purpose,1,35pF @ 1MHz,12A (8/20µs),,-65°C ~ 150°C (TJ),130W,No,,,Zener,,5.5V,14V,5V (Max)
DESD5V0U1BL-7B,Diodes Incorporated,TVS DIODE 5VWM 7.2V X1DFN10062,tvs-diodes,95860,0.24,0402 (1006 Metric),Surface Mount,Active,https://www.diodes.com/assets/Datasheets/DESD5V0U1BL.pdf,https://www.digikey.com/en/products/detail/diodes-incorporated/DESD5V0U1BL-7B/5306127,General Purpose,1,2.9pF @ 1MHz,3A (8/20µs),,-65°C ~ 150°C (TJ),,No,,,Zener,,5.5V,7.2V (Typ),5V (Max)
"DF2B12M4SL,L3F",Toshiba Semiconductor and Storage,TVS DIODE 11VWM 22VC SL2,tvs-diodes,16229,0.3,"2-SMD, No Lead",Surface Mount,Active,,https://www.digikey.com/en/products/detail/toshiba-semiconductor-and-storage/DF2B12M4SL-L3F/9450959,General Purpose,1,0.2pF @ 1MHz,1A (8/20µs),,150°C (TJ),22W,No,,,Zener,,11.5V,22V,11V (Max)
"DF2B18FU,H3F",Toshiba Semiconductor and Storage,TVS DIODE 12VWM 33VC USC,tvs-diodes,85048,0.36,"SC-76, SOD-323",Surface Mount,Active,,https://www.digikey.com/en/products/detail/toshiba-semiconductor-and-storage/DF2B18FU-H3F/5810206,,1,9pF @ 1MHz,2.5A (8/20µs),,,80W,No,,,Zener,,16.2V,33V,12V
"DF2B26M4SL,L3F",Toshiba Semiconductor and Storage,TVS DIODE 24VWM 31.5VC SL2,tvs-diodes,33388,0.3,"2-SMD, No Lead",Surface Mount,Active,,https://www.digikey.com/en/products/detail/toshiba-semiconductor-and-storage/DF2B26M4SL-L3F/10131120,General Purpose,1,0.2pF @ 1MHz,500mA (8/20µs),,150°C (TJ),19W,No,,,Zener,,21V,31.5V (Typ),24V (Max)
"DF2B29FU,H3F",Toshiba Semiconductor and Storage,TVS DIODE 24VWM 47VC USC,tvs-diodes,31688,0.36,"SC-76, SOD-323",Surface Mount,Active,,https://www.digikey.com/en/products/detail/toshiba-semiconductor-and-storage/DF2B29FU-H3F/5810207,,1,9pF @ 1MHz,3A (8/20µs),,,140W,No,,,Zener,,26V,47V,24V
"DF2B29FU,H3XHF",Toshiba Semiconductor and Storage,TVS DIODE 24VWM 47VC USC,tvs-diodes,1970,0.36,"SC-76, SOD-323",Surface Mount,Active,,https://www.digikey.com/en/products/detail/toshiba-semiconductor-and-storage/DF2B29FU-H3XHF/15296717,,1,9pF @ 1MHz,3A (8/20µs),Automotive,150°C (TJ),140W,No,AEC-Q101,,Zener,,26V,47V,24V (Max)
"DF2B36FU,H3F",Toshiba Semiconductor and Storage,TVS DIODE 28VWM 40VC USC,tvs-diodes,74901,0.36,"SC-76, SOD-323",Surface Mount,Active,,https://www.digikey.com/en/products/detail/toshiba-semiconductor-and-storage/DF2B36FU-H3F/5977720,,1,6.5pF @ 1MHz,1A (8/20µs),,,150W,No,,,Zener,,32V,40V,28V
"DF2B36FU,H3XHF",Toshiba Semiconductor and Storage,TVS DIODE 28VWM 60VC USC,tvs-diodes,1732,0.36,"SC-76, SOD-323",Surface Mount,Active,,https://www.digikey.com/en/products/detail/toshiba-semiconductor-and-storage/DF2B36FU-H3XHF/15296710,,1,6.5pF @ 1MHz,2.5A (8/20µs),Automotive,150°C (TJ),150W,No,AEC-Q101,,Zener,,32V,60V,28V (Max)
"DF2B5M4ASL,L3F",Toshiba Semiconductor and Storage,TVS DIODE 3.6VWM 15VC SL2,tvs-diodes,40503,0.36,"2-SMD, No Lead",Surface Mount,Active,,https://www.digikey.com/en/products/detail/toshiba-semiconductor-and-storage/DF2B5M4ASL-L3F/10491812,General Purpose,1,0.15pF @ 1MHz,2A (8/20µs),,150°C (TJ),30W,No,,,Zener,,4V,15V,3.6V (Max)
"DF2B5M4CT,L3F",Toshiba Semiconductor and Storage,TVS DIODE 3.6VWM 15VC CST2,tvs-diodes,73275,0.29,SOD-882,Surface Mount,Active,,https://www.digikey.com/en/products/detail/toshiba-semiconductor-and-storage/DF2B5M4CT-L3F/7394043,,1,0.2pF @ 1MHz,2A (8/20µs),,150°C (TJ),30W,No,,,Zener,,4V,15V,3.6V (Max)
"DF2B5M4SL,L3F",Toshiba Semiconductor and Storage,TVS DIODE 3.6VWM 24VC SL2,tvs-diodes,69834,0.35,"2-SMD, No Lead",Surface Mount,Active,,https://www.digikey.com/en/products/detail/toshiba-semiconductor-and-storage/DF2B5M4SL-L3F/5415954,General Purpose,1,0.2pF @ 1MHz,2A (8/20µs),,,30W,No,,,Zener,,4V,24V,3.6V (Max)
"DF2B5M5CT,L3F",Toshiba Semiconductor and Storage,TVS DIODE 3.3VWM 15VC CST2,tvs-diodes,9940,0.45,SOD-882,Surface Mount,Active,,https://www.digikey.com/en/products/detail/toshiba-semiconductor-and-storage/DF2B5M5CT-L3F/15857840,General Purpose,1,0.3pF @ 1MHz,2.5A (8/20µs),,150°C (TJ),37W,No,,,Zener,,3.6V,15V,3.3V (Max)
"DF2B5PCT,L3F",Toshiba Semiconductor and Storage,TVS DIODE 3.6VWM 22VC CST2,tvs-diodes,9900,0.29,SOD-882,Surface Mount,Active,,https://www.digikey.com/en/products/detail/toshiba-semiconductor-and-storage/DF2B5PCT-L3F/15213028,General Purpose,1,41pF @ 1MHz,27A (8/20µs),,150°C (TJ),590W,No,,,Zener,,3.7V,22V,3.6V (Max)
"DF2B6.8E,L3F",Toshiba Semiconductor and Storage,TVS DIODE 5VWM ESC,tvs-diodes,11907,0.21,"SC-79, SOD-523",Surface Mount,Active,,https://www.digikey.com/en/products/detail/toshiba-semiconductor-and-storage/DF2B6-8E-L3F/4780937,General Purpose,1,15pF @ 1MHz,,,,,No,,,Zener,,5.8V,,5V (Max)
"DF2B6M4BSL,L3F",Toshiba Semiconductor and Storage,TVS DIODE 5.5VWM 15VC SL2,tvs-diodes,3688,0.38,"2-SMD, No Lead",Surface Mount,Active,,https://www.digikey.com/en/products/detail/toshiba-semiconductor-and-storage/DF2B6M4BSL-L3F/15963586,"HDMI, USB",1,0.12pF @ 1MHz,2A (8/20µs),,150°C (TJ),30W,No,,,Zener,,5.6V,15V,5.5V (Max)
"DF2B6M4CT,L3F",Toshiba Semiconductor and Storage,TVS DIODE 5.5VWM 15VC CST2,tvs-diodes,113600,0.29,SOD-882,Surface Mount,Active,,https://www.digikey.com/en/products/detail/toshiba-semiconductor-and-storage/DF2B6M4CT-L3F/7394044,,1,0.2pF @ 1MHz,2A (8/20µs),,150°C (TJ),30W,No,,,Zener,,5.6V,15V,5.5V (Max)
"DF2B7AE,H3F",Toshiba Semiconductor and Storage,TVS DIODE 5.5VWM 20VC ESC,tvs-diodes,81149,0.22,"SC-79, SOD-523",Surface Mount,Active,https://toshiba.semicon-storage.com/info/DF2B7AE_datasheet_en_20220907.pdf?did=55583&prodName=DF2B7AE,https://www.digikey.com/en/products/detail/toshiba-semiconductor-and-storage/DF2B7AE-H3F/7394047,,1,8.5pF @ 1MHz,4A (8/20µs),,150°C (TJ),80W,No,,,Zener,,5.8V,20V,5.5V (Max)
"DF2B7AE,L3F",Toshiba Semiconductor and Storage,TVS DIODE 5.5VWM 20VC ESC,tvs-diodes,4577,0.22,"SC-79, SOD-523",Surface Mount,Active,,https://www.digikey.com/en/products/detail/toshiba-semiconductor-and-storage/DF2B7AE-L3F/7669719,General Purpose,1,8.5pF @ 1MHz,4A (8/20µs),,150°C (TJ),80W,No,,,Zener,,5.8V,20V,5.5V (Max)
"DF2B7AFS,L3M",Toshiba Semiconductor and Storage,TVS DIODE 5.5VWM 20VC SOD923,tvs-diodes,485873,0.19,SOD-923,Surface Mount,Active,,https://www.digikey.com/en/products/detail/toshiba-semiconductor-and-storage/DF2B7AFS-L3M/7394048,,1,8.5pF @ 1MHz,4A (8/20µs),,150°C (TJ),80W,No,,,Zener,,5.8V,20V,5.5V (Max)
"DF2B7ASL,L3F",Toshiba Semiconductor and Storage,TVS DIODE 5.5VWM 20VC SL2,tvs-diodes,19381,0.19,0201 (0603 Metric),Surface Mount,Active,,https://www.digikey.com/en/products/detail/toshiba-semiconductor-and-storage/DF2B7ASL-L3F/6593141,General Purpose,1,8.5pF @ 1MHz,4A (8/20µs),,150°C (TJ),80W,No,,,Zener,,5.8V,20V,5.5V
"DF2B7BSL,L3F",Toshiba Semiconductor and Storage,TVS DIODE 5.5VWM 16VC SL2,tvs-diodes,46598,0.21,"2-SMD, No Lead",Surface Mount,Active,,https://www.digikey.com/en/products/detail/toshiba-semiconductor-and-storage/DF2B7BSL-L3F/10663155,General Purpose,1,12pF @ 1MHz,7.3A (8/20µs),,150°C (TJ),115W,No,,,Zener,,5.6V,16V,5.5V (Max)
"DF2B7PCT,L3F",Toshiba Semiconductor and Storage,TVS DIODE 5.5VWM 22VC CST2,tvs-diodes,43216,0.29,SOD-882,Surface Mount,Active,,https://www.digikey.com/en/products/detail/toshiba-semiconductor-and-storage/DF2B7PCT-L3F/15213031,General Purpose,1,45pF @ 1MHz,27A (8/20µs),,150°C (TJ),590W,No,,,Zener,,5.6V,22V,5.5V (Max)
"DF2S12FS,L3M",Toshiba Semiconductor and Storage,TVS DIODE 9VWM 18.5VC SOD923,tvs-diodes,56374,0.18,SOD-923,Surface Mount,Active,,https://www.digikey.com/en/products/detail/toshiba-semiconductor-and-storage/DF2S12FS-L3M/5810209,General Purpose,,15pF @ 1MHz,,,,,No,,,Zener,1,11.4V,18.5V,9V (Max)
"DF2S12FU,H3F",Toshiba Semiconductor and Storage,TVS DIODE 9VWM USC,tvs-diodes,28866,0.18,"SC-76, SOD-323",Surface Mount,Active,,https://www.digikey.com/en/products/detail/toshiba-semiconductor-and-storage/DF2S12FU-H3F/4305060,General Purpose,,15pF @ 1MHz,,,,,No,,,Zener,1,11.4V,,9V
"DF2S16FS,L3M",Toshiba Semiconductor and Storage,TVS DIODE 12VWM SOD923,tvs-diodes,27674,0.18,SOD-923,Surface Mount,Active,,https://www.digikey.com/en/products/detail/toshiba-semiconductor-and-storage/DF2S16FS-L3M/5810211,General Purpose,,10pF @ 1MHz,,,,,No,,,Zener,1,15.3V,,12V (Max)
"DF2S20FS,L3M",Toshiba Semiconductor and Storage,TVS DIODE 15VWM SOD923,tvs-diodes,22829,0.18,SOD-923,Surface Mount,Active,,https://www.digikey.com/en/products/detail/toshiba-semiconductor-and-storage/DF2S20FS-L3M/5810213,General Purpose,,9pF @ 1MHz,,,,,No,,,Zener,1,18.8V,,15V (Max)
"DF2S23P2CTC,L3F",Toshiba Semiconductor and Storage,TVS DIODE 21VWM 35.7VC CST2C,tvs-diodes,15542,0.5,"2-SMD, No Lead",Surface Mount,Active,https://toshiba.semicon-storage.com/info/DF2S23P2CTC_datasheet_en_20180509.pdf?did=58600&prodName=DF2S23P2CTC,https://www.digikey.com/en/products/detail/toshiba-semiconductor-and-storage/DF2S23P2CTC-L3F/10313036,General Purpose,,160pF @ 1MHz,14A (8/20µs),,150°C (TJ),500W,No,,,Zener,1,21.5V,35.7V,21V (Max)
"DF2S23P2FU,H3F",Toshiba Semiconductor and Storage,TVS DIODE 21VWM 27.3VC USC,tvs-diodes,18000,0.46,"SC-76, SOD-323",Surface Mount,Active,,https://www.digikey.com/en/products/detail/toshiba-semiconductor-and-storage/DF2S23P2FU-H3F/10131118,General Purpose,,160pF @ 1MHz,14A (8/20µs),,150°C (TJ),500W,No,,,Zener,1,21.5V,27.3V (Typ),21V (Max)
"DF2S24FS,L3M",Toshiba Semiconductor and Storage,TVS DIODE 19VWM SOD923,tvs-diodes,27469,0.18,SOD-923,Surface Mount,Active,,https://www.digikey.com/en/products/detail/toshiba-semiconductor-and-storage/DF2S24FS-L3M/5810214,General Purpose,,8.5pF @ 1MHz,,,,,No,,,Zener,1,22.8V,,19V (Max)
"DF2S30FS,L3M",Toshiba Semiconductor and Storage,TVS DIODE 23VWM SOD923,tvs-diodes,33517,0.18,SOD-923,Surface Mount,Active,,https://www.digikey.com/en/products/detail/toshiba-semiconductor-and-storage/DF2S30FS-L3M/5810216,General Purpose,,7pF @ 1MHz,,,,,No,,,Zener,1,28V,,23V (Max)
"DF2S5.1FS,L3M",Toshiba Semiconductor and Storage,TVS DIODE 1.5VWM SOD923,tvs-diodes,22239,0.18,SOD-923,Surface Mount,Active,,https://www.digikey.com/en/products/detail/toshiba-semiconductor-and-storage/DF2S5-1FS-L3M/5810217,General Purpose,,45pF @ 1MHz,,,,,No,,,Zener,1,4.8V,,1.5V (Max)
"DF2S5.6ASL,L3F",Toshiba Semiconductor and Storage,TVS DIODE 3.5VWM SL2,tvs-diodes,34713,0.21,"2-SMD, No Lead",Surface Mount,Active,,https://www.digikey.com/en/products/detail/toshiba-semiconductor-and-storage/DF2S5-6ASL-L3F/5415958,General Purpose,,40pF @ 1MHz,,,,,No,,,Zener,1,5.3V,,3.5V (Max)
"DF2S5.6CT,L3F",Toshiba Semiconductor and Storage,TVS DIODE 3.5VWM CST2,tvs-diodes,24601,0.19,SOD-882,Surface Mount,Active,,https://www.digikey.com/en/products/detail/toshiba-semiconductor-and-storage/DF2S5-6CT-L3F/5810218,General Purpose,,40pF @ 1MHz,,,,,No,,,Zener,1,5.3V,,3.5V
"DF2S5.6FS,L3M",Toshiba Semiconductor and Storage,TVS DIODE 3.5VWM SOD923,tvs-diodes,1446,0.18,SOD-923,Surface Mount,Active,,https://www.digikey.com/en/products/detail/toshiba-semiconductor-and-storage/DF2S5-6FS-L3M/5810219,General Purpose,,40pF @ 1MHz,,,,,No,,,Zener,1,5.3V,,3.5V (Max)
"DF2S5M4CT,L3F",Toshiba Semiconductor and Storage,TVS DIODE 3.6VWM 15VC CST2,tvs-diodes,21814,0.27,SOD-882,Surface Mount,Active,,https://www.digikey.com/en/products/detail/toshiba-semiconductor-and-storage/DF2S5M4CT-L3F/7394049,,,0.35pF @ 1MHz,2A (8/20µs),,150°C (TJ),30W,No,,,Zener,1,3.7V,15V,3.6V (Max)
"DF2S5M5CT,L3F",Toshiba Semiconductor and Storage,TVS DIODE 3.3VWM 15VC CST2,tvs-diodes,9810,0.39,SOD-882,Surface Mount,Active,,https://www.digikey.com/en/products/detail/toshiba-semiconductor-and-storage/DF2S5M5CT-L3F/15857760,General Purpose,,0.6pF @ 1MHz,2.5A (8/20µs),,150°C (TJ),37W,No,,,Zener,1,3.6V,15V,3.3V (Max)
"DF2S6.2CT,L3F",Toshiba Semiconductor and Storage,TVS DIODE 5VWM CST2,tvs-diodes,98449,0.19,SOD-882,Surface Mount,Active,,https://www.digikey.com/en/products/detail/toshiba-semiconductor-and-storage/DF2S6-2CT-L3F/5810220,General Purpose,,32pF @ 1MHz,,,,,No,,,Zener,1,5.8V,,5V
"DF2S6.8FS,L3M",Toshiba Semiconductor and Storage,TVS DIODE 5VWM 9VC SOD923,tvs-diodes,167980,0.18,SOD-923,Surface Mount,Active,,https://www.digikey.com/en/products/detail/toshiba-semiconductor-and-storage/DF2S6-8FS-L3M/3191286,General Purpose,,25pF @ 1MHz,,,,,No,,,Zener,1,6.4V,9V (Typ),5V (Max)
"DF2S6.8MFS,L3M",Toshiba Semiconductor and Storage,TVS DIODE 5VWM 15VC SOD923,tvs-diodes,7095,0.33,SOD-923,Surface Mount,Active,,https://www.digikey.com/en/products/detail/toshiba-semiconductor-and-storage/DF2S6-8MFS-L3M/7394051,,,0.45pF @ 1MHz,3A,,150°C (TJ),45W,No,,,Zener,1,6V,15V,5V (Max)
"DF2S6M4SL,L3F",Toshiba Semiconductor and Storage,TVS DIODE 5.5VWM 15VC SL2,tvs-diodes,38395,0.28,"2-SMD, No Lead",Surface Mount,Active,,https://www.digikey.com/en/products/detail/toshiba-semiconductor-and-storage/DF2S6M4SL-L3F/6596402,General Purpose,,0.35pF @ 1MHz,2A,,150°C (TJ),30W,No,,,Zener,1,5.6V,15V,5.5V (Max)
"DF2S6P2CTC,L3F",Toshiba Semiconductor and Storage,TVS DIODE 5.5VWM CST2C,tvs-diodes,91651,0.49,"2-SMD, No Lead",Surface Mount,Active,https://toshiba.semicon-storage.com/info/DF2S6P2CTC_datasheet_en_20180509.pdf?did=58602&prodName=DF2S6P2CTC,https://www.digikey.com/en/products/detail/toshiba-semiconductor-and-storage/DF2S6P2CTC-L3F/8611144,USB,,600pF @ 1MHz,80A,,150°C (TJ),,No,,,Zener,1,5.6V,,5.5V (Max)
"DF2S8.2FS,L3M",Toshiba Semiconductor and Storage,TVS DIODE 6.5VWM SOD923,tvs-diodes,30981,0.18,SOD-923,Surface Mount,Active,,https://www.digikey.com/en/products/detail/toshiba-semiconductor-and-storage/DF2S8-2FS-L3M/6198760,General Purpose,,20pF @ 1MHz,,,,,No,,,Zener,1,7.7V,,6.5V (Max)
"DF3A5.6LFU,LF",Toshiba Semiconductor and Storage,TVS DIODE 3.5VWM USM,tvs-diodes,30661,0.28,"SC-70, SOT-323",Surface Mount,Active,,https://www.digikey.com/en/products/detail/toshiba-semiconductor-and-storage/DF3A5-6LFU-LF/5403438,General Purpose,,8pF @ 1MHz,,,,,No,,,Zener,2,5.3V,,3.5V
DF3A6.8FUT1G,onsemi,TVS DIODE 5VWM 16VC SC703,tvs-diodes,33476,0.48,"SC-70, SOT-323",Surface Mount,Active,,https://www.digikey.com/en/products/detail/onsemi/DF3A6-8FUT1G/918455,,,,9.37A (8/20µs),,-55°C ~ 150°C (TJ),150W,No,,,Zener,2,6.4V,16V,5V
"DF3A6.8LFV,L3F",Toshiba Semiconductor and Storage,TVS DIODE 5VWM VESM,tvs-diodes,13525,0.24,SOT-723,Surface Mount,Active,,https://www.digikey.com/en/products/detail/toshiba-semiconductor-and-storage/DF3A6-8LFV-L3F/4305070,General Purpose,,6pF @ 1MHz,,,,,No,,,Zener,2,6.5V,,5V
"DF3D18FU,LXHF",Toshiba Semiconductor and Storage,TVS DIODE 12VWM 33VC USM,tvs-diodes,59580,0.36,"SC-70, SOT-323",Surface Mount,Active,,https://www.digikey.com/en/products/detail/toshiba-semiconductor-and-storage/DF3D18FU-LXHF/15296698,,2,9pF @ 1MHz,2.5A (8/20µs),Automotive,150°C (TJ),80W,No,AEC-Q101,,Zener,,16.2V,33V,12V (Max)
"DF3D6.8MS,LF",Toshiba Semiconductor and Storage,TVS DIODE 5VWM 11VC SSM,tvs-diodes,18222,0.28,"SC-75, SOT-416",Surface Mount,Active,,https://www.digikey.com/en/products/detail/toshiba-semiconductor-and-storage/DF3D6-8MS-LF/5810224,General Purpose,,0.5pF @ 1MHz,,,,,Yes,,,Steering (Rail to Rail),2,6V,11V (Typ),5V (Max)
"DF5A5.6CJE,LM",Toshiba Semiconductor and Storage,TVS DIODE 3.5VWM ESV,tvs-diodes,34816,0.3,SOT-553,Surface Mount,Active,,https://www.digikey.com/en/products/detail/toshiba-semiconductor-and-storage/DF5A5-6CJE-LM/4305072,General Purpose,,29pF @ 1MHz,,,,,No,,,Zener,4,5.3V,,3.5V
"DF5A5.6LFU(TE85L,F",Toshiba Semiconductor and Storage,TVS DIODE 3.5VWM USV,tvs-diodes,20451,0.45,"5-TSSOP, SC-70-5, SOT-353",Surface Mount,Active,,https://www.digikey.com/en/products/detail/toshiba-semiconductor-and-storage/DF5A5-6LFU-TE85L-F/4781009,General Purpose,,8pF @ 1MHz,,,,,No,,,Zener,4,5.3V,,3.5V
"DF5A6.2CJE,LM",Toshiba Semiconductor and Storage,TVS DIODE 5VWM ESV PAC,tvs-diodes,129366,0.29,SOT-553,Surface Mount,Active,,https://www.digikey.com/en/products/detail/toshiba-semiconductor-and-storage/DF5A6-2CJE-LM/5765601,General Purpose,,25pF @ 1MHz,,,,,No,,,Zener,4,5.8V,,5V
DLP05LC-7-F,Diodes Incorporated,TVS DIODE 5VWM 11VC SOT23-3,tvs-diodes,193785,0.66,"TO-236-3, SC-59, SOT-23-3",Surface Mount,Active,https://www.diodes.com/assets/Datasheets/ds30283.pdf,https://www.digikey.com/en/products/detail/diodes-incorporated/DLP05LC-7-F/806547,General Purpose,,1.6pF @ 1MHz,17A (8/20µs),,-55°C ~ 150°C (TJ),300W,No,,,Zener,1,6V,11V,5V
DLPT05WA-7,Diodes Incorporated,TVS DIODE 5VWM 9.8VC SOT323,tvs-diodes,10648,0.35,"SC-70, SOT-323",Surface Mount,Active,https://www.diodes.com/assets/Datasheets/DLPT05WA.pdf,https://www.digikey.com/en/products/detail/diodes-incorporated/DLPT05WA-7/17050635,,,1.9pF @ 1MHz,17A (8/20µs),Automotive,-55°C ~ 150°C (TJ),300W,No,AEC-Q101,,Zener,1,6V,9.8V,5V
DRTR5V0U1LPQ-7B,Diodes Incorporated,TVS DIODE 5.5VWM 10VC X1DFN10062,tvs-diodes,21485,0.34,0402 (1006 Metric),Surface Mount,Active,https://www.diodes.com/assets/Datasheets/DRTR5V0U1LPQ.pdf,https://www.digikey.com/en/products/detail/diodes-incorporated/DRTR5V0U1LPQ-7B/10674146,,,1pF @ 1MHz,5A (8/20µs),Automotive,-55°C ~ 150°C (TJ),,No,AEC-Q101,,Zener,1,6V,10V,5.5V (Max)
DRTR5V0U1SO-7,Diodes Incorporated,TVS DIODE 5.5VWM SOT233,tvs-diodes,2204,0.34,"TO-236-3, SC-59, SOT-23-3",Surface Mount,Active,https://www.diodes.com/assets/Datasheets/DRTR5V0U1SO.pdf,https://www.digikey.com/en/products/detail/diodes-incorporated/DRTR5V0U1SO-7/4457873,HDMI,,1pF @ 1MHz,,Automotive,-65°C ~ 150°C (TJ),,Yes,AEC-Q101,,Steering (Rail to Rail),1,6V,,5.5V (Max)
DRTR5V0U4LP16-7,Diodes Incorporated,TVS DIODE 5.5VWM 12V U-DFN1616-6,tvs-diodes,33144,0.57,6-UFDFN Exposed Pad,Surface Mount,Active,https://www.diodes.com/assets/Datasheets/DRTR5V0U4LP16.pdf,https://www.digikey.com/en/products/detail/diodes-incorporated/DRTR5V0U4LP16-7/6010154,General Purpose,,1pF @ 1MHz,1A (8/20µs),,-55°C ~ 150°C (TJ),,Yes,,,Steering (Rail to Rail),4,6V,12V,5.5V (Max)
DS9503P+,Analog Devices Inc./Maxim Integrated,TVS DIODE 7.5VWM 6TSOC,tvs-diodes,6785,3.17,"6-SMD, J-Lead",Surface Mount,Active,https://www.analog.com/media/en/technical-documentation/data-sheets/ds9503.pdf,https://www.digikey.com/en/products/detail/analog-devices-inc-maxim-integrated/DS9503P/957021,General Purpose,,,,,-40°C ~ 85°C (TA),,No,,,Zener,1,,,7.5V
DS9503P+T&R,Analog Devices Inc./Maxim Integrated,TVS DIODE 7.5VWM 6TSOC,tvs-diodes,30286,2.93,"6-SMD, J-Lead",Surface Mount,Active,https://www.analog.com/media/en/technical-documentation/data-sheets/ds9503.pdf,https://www.digikey.com/en/products/detail/analog-devices-inc-maxim-integrated/DS9503P-T-R/1018094,General Purpose,,,,,-40°C ~ 85°C (TA),,No,,,Zener,1,,,7.5V
DT1140-04LP-7,Diodes Incorporated,TVS DIODE 5.5VWM 10VC UDFN251010,tvs-diodes,125706,0.73,10-UFDFN,Surface Mount,Active,https://www.diodes.com/assets/Datasheets/DT1140-04LP.pdf,https://www.digikey.com/en/products/detail/diodes-incorporated/DT1140-04LP-7/4457878,"Ethernet, HDMI",,,6A (8/20µs),,-55°C ~ 85°C (TA),60W,Yes,,,Steering (Rail to Rail),4,6V,10V,5.5V (Max)
DT1140-04LPQ-7,Diodes Incorporated,TVS DIODE 5.5VWM 10VC UDFN251010,tvs-diodes,2985,0.51,10-UFDFN,Surface Mount,Active,https://www.diodes.com/assets/Datasheets/DT1140-04LPQ.pdf,https://www.digikey.com/en/products/detail/diodes-incorporated/DT1140-04LPQ-7/16547753,"Ethernet, HDMI, USB",,0.5pF @ 1MHz,6A (8/20µs),Automotive,-55°C ~ 85°C (TA),60W,No,AEC-Q101,,Steering (Rail to Rail),4,6V,10V,5.5V (Max)
DT1240-04LP-7,Diodes Incorporated,TVS DIODE 5.5VWM 11VC UDFN251010,tvs-diodes,103589,0.45,10-UFDFN,Surface Mount,Active,https://www.diodes.com/assets/Datasheets/DT1240-04LP.pdf,https://www.digikey.com/en/products/detail/diodes-incorporated/DT1240-04LP-7/4457879,"Ethernet, HDMI",,,5.5A (8/20µs),,-55°C ~ 85°C (TA),60W,Yes,,,Steering (Rail to Rail),4,6V,11V,5.5V (Max)
DT1240-08LP3810-7,Diodes Incorporated,TVS DIODE 5.5VWM 11VC UDFN38109,tvs-diodes,11102,0.53,9-UDFN,Surface Mount,Active,https://www.diodes.com/assets/Datasheets/DT1240-08LP3810.pdf,https://www.digikey.com/en/products/detail/diodes-incorporated/DT1240-08LP3810-7/9765739,"DVI, HDMI, VGA, USB",,0.6pF @ 1MHz,5.5A,,-55°C ~ 85°C (TA),60W,Yes,,,Steering (Rail to Rail),8,6V,11V,5.5V (Max)
DT1240A-08LP3810-7,Diodes Incorporated,TVS DIODE 3.3VWM 10VC UDFN38109,tvs-diodes,123706,0.66,9-UDFN,Surface Mount,Active,https://www.diodes.com/assets/Datasheets/DT1240A-08LP3810.pdf,https://www.digikey.com/en/products/detail/diodes-incorporated/DT1240A-08LP3810-7/8255867,"DVI, HDMI, USB",,0.6pF @ 1MHz,5.5A (8/20µs),,-55°C ~ 85°C (TA),55W,No,,,Steering (Rail to Rail),8,5V,10V,3.3V (Max)
DT1452-02SO-7,Diodes Incorporated,TVS DIODE 5.5VWM 11VC SOT233,tvs-diodes,50384,0.47,"TO-236-3, SC-59, SOT-23-3",Surface Mount,Active,https://www.diodes.com/assets/Datasheets/DT1452-02SO.pdf,https://www.digikey.com/en/products/detail/diodes-incorporated/DT1452-02SO-7/4747651,HDMI,,1.2pF @ 1MHz,5A (8/20µs),,-55°C ~ 150°C (TJ),,Yes,,,Zener,2,7V,11V,5.5V (Max)
DT2042-04TS-7,Diodes Incorporated,TVS DIODE 5.5VWM 10.5VC TSOT26,tvs-diodes,114434,0.44,"SOT-23-6 Thin, TSOT-23-6",Surface Mount,Active,https://www.diodes.com/assets/Datasheets/DT2042-04TS.pdf,https://www.digikey.com/en/products/detail/diodes-incorporated/DT2042-04TS-7/4934987,HDMI,,,10A (8/20µs),,-55°C ~ 85°C (TA),105W,Yes,,,Steering (Rail to Rail),4,6V,10.5V,5.5V (Max)
DT2636-04S-7,Diodes Incorporated,TVS DIODE 5.5VWM 9VC SOT363,tvs-diodes,27239,0.44,"6-TSSOP, SC-88, SOT-363",Surface Mount,Active,https://www.diodes.com/assets/Datasheets/DT2636-04S.pdf,https://www.digikey.com/en/products/detail/diodes-incorporated/DT2636-04S-7/4563483,HDMI,,0.75pF @ 1MHz,5A (8/20µs),,-55°C ~ 85°C (TA),60W,No,,,Steering (Rail to Rail),4,7V,9V (Typ),5.5V (Max)
DT6250-06MR-13,Diodes Incorporated,TVS DIODE 5VWM 10VC 8-MSOP,tvs-diodes,105872,0.79,"8-TSSOP, 8-MSOP (0.118"", 3.00mm Width)",Surface Mount,Active,https://www.diodes.com/assets/Datasheets/DT6250-06MR.pdf,https://www.digikey.com/en/products/detail/diodes-incorporated/DT6250-06MR-13/5371872,General Purpose,,,4A (8/20µs),,-40°C ~ 85°C (TA),,Yes,,,Steering (Rail to Rail),6,6V,10V (Typ),5V (Max)
DUP2105SOQ-7,Diodes Incorporated,TVS DIODE 24VWM 44VC SOT233,tvs-diodes,26273,0.54,"TO-236-3, SC-59, SOT-23-3",Surface Mount,Active,https://www.diodes.com/assets/Datasheets/DUP2105SOQ.pdf,https://www.digikey.com/en/products/detail/diodes-incorporated/DUP2105SOQ-7/9765742,,2,30pF @ 1MHz (Max),8A,Automotive,-65°C ~ 150°C (TJ),350W,No,AEC-Q101,,Zener,,26.2V,44V,24V (Max)
DZQA5V6AXV5-7,Diodes Incorporated,TVS DIODE 3VWM 13VC SOT553,tvs-diodes,24810,0.4,SOT-553,Surface Mount,Active,https://www.diodes.com/assets/Datasheets/ds31557.pdf,https://www.digikey.com/en/products/detail/diodes-incorporated/DZQA5V6AXV5-7/2052784,,,,,Automotive,-55°C ~ 150°C (TJ),20W,No,AEC-Q101,,Zener,4,5.3V,13V,3V
ESD051-1BF4,STMicroelectronics,TVS DIODE 5VWM 11VC ST0201,tvs-diodes,54863,0.2,0201 (0603 Metric),Surface Mount,Active,https://www.st.com/resource/en/datasheet/dm00516248.pdf,https://www.digikey.com/en/products/detail/stmicroelectronics/ESD051-1BF4/9608518,General Purpose,1,45pF @ 1MHz,10A (8/20µs),,-55°C ~ 150°C (TJ),110W,No,,ESD,Zener,,5.8V,11V (Typ),5V (Max)
ESD101B102ELE6327XTMA1,Infineon Technologies,TVS DIODE 5.5VWM 30VC PGTSLP220,tvs-diodes,306432,0.52,0402 (1006 Metric),Surface Mount,Not For New Designs,https://www.infineon.com/dgdl/ESD101_B1_02series_rev_1_2.pdf?folderId=db3a30431f848401011fcbf2ab4c04c4&fileId=db3a30433e9d5d11013e9d6619a20002,https://www.digikey.com/en/products/detail/infineon-technologies/ESD101B102ELE6327XTMA1/4759559,RF Antenna,1,0.2pF @ 1MHz,2A (8/20µs),,-55°C ~ 125°C (TJ),,No,,,Zener,,7.3V (Typ),30V,5.5V (Max)
ESD101B102ELSE6327XTSA1,Infineon Technologies,TVS DIODE 5.5VWM 30VC PGTSSLP24,tvs-diodes,119731,0.43,0201 (0603 Metric),Surface Mount,Not For New Designs,https://www.infineon.com/dgdl/ESD101_B1_02series_rev_1_0.pdf?folderId=db3a30431f848401011fcbf2ab4c04c4&fileId=db3a30433e9d5d11013e9d6619a20002,https://www.digikey.com/en/products/detail/infineon-technologies/ESD101B102ELSE6327XTSA1/4336992,RF Antenna,1,0.2pF @ 1MHz,2A (8/20µs),,-55°C ~ 125°C (TJ),,No,,,Zener,,7.3V (Typ),30V,5.5V (Max)
ESD102U102ELSE6327XTSA1,Infineon Technologies,TVS DIODE 3.3VWM 11VC PGTSSLP23,tvs-diodes,231747,0.54,0201 (0603 Metric),Surface Mount,Not For New Designs,https://www.infineon.com/dgdl/ESD102-U1-02ELS_rev_1_0.pdf?folderId=db3a30431f848401011fcbf2ab4c04c4&fileId=db3a30433d346a2d013d3a9e3c1b38ec,https://www.digikey.com/en/products/detail/infineon-technologies/ESD102U102ELSE6327XTSA1/4336993,"Ethernet, HDMI",,0.4pF @ 1MHz,3A (8/20µs),,-40°C ~ 125°C (TA),,No,,,Zener,1,6.5V (Typ),11V (Typ),3.3V (Max)
ESD103B102ELE6327XTMA1,Infineon Technologies,TVS DIODE 15VWM 48V PGTSLP220,tvs-diodes,121706,0.52,0402 (1006 Metric),Surface Mount,Not For New Designs,https://www.digikey.com//mm.digikey.com/Volume0/opasdata/d220001/medias/docus/8940/ESD103B102EL.pdf,https://www.digikey.com/en/products/detail/infineon-technologies/ESD103B102ELE6327XTMA1/4759560,RF Antenna,1,0.13pF @ 1MHz,16A (100ns),,-55°C ~ 125°C (TJ),,No,,,Zener,,21V (Typ),48V (Typ),15V (Max)
ESD103B102ELSE6327XTSA1,Infineon Technologies,TVS DIODE 15VWM 48V PGTSSLP24,tvs-diodes,152755,0.45,0201 (0603 Metric),Surface Mount,Not For New Designs,https://www.infineon.com/dgdl/ESD103-B1-02series_2.pdf?folderId=db3a30431f848401011fcbf2ab4c04c4&fileId=db3a30433ee50ba8013eea95d0b1150b,https://www.digikey.com/en/products/detail/infineon-technologies/ESD103B102ELSE6327XTSA1/4336994,RF Antenna,1,0.13pF @ 1MHz,16A (100ns),,-55°C ~ 125°C (TJ),,No,,,Zener,,21V (Typ),48V (Typ),15V (Max)
ESD105B102ELE6327XTMA1,Infineon Technologies,TVS DIODE 5.5VWM 14VC PGTSLP220,tvs-diodes,154685,0.52,0402 (1006 Metric),Surface Mount,Not For New Designs,https://www.infineon.com/dgdl/ESD105_B1_02series_rev_1_0.pdf?folderId=db3a30431f848401011fcbf2ab4c04c4&fileId=db3a30434358307d01437c468ff01c72,https://www.digikey.com/en/products/detail/infineon-technologies/ESD105B102ELE6327XTMA1/4759561,"Ethernet, HDMI",1,0.3pF @ 1MHz,5A (8/20µs),,-55°C ~ 125°C (TJ),70W,No,,,Zener,,6.1V,14V,5.5V (Max)
ESD108B1CSP0201XTSA1,Infineon Technologies,TVS DIODE 5.5VWM 41VC WLL-2-1,tvs-diodes,392097,0.22,0201 (0603 Metric),Surface Mount,Active,https://www.infineon.com/dgdl/Infineon-ESD108-B1-CSP0201-DS-v01_00-EN.pdf?fileId=5546d4624b0b249c014b1746e4d05aa8,https://www.digikey.com/en/products/detail/infineon-technologies/ESD108B1CSP0201XTSA1/5413670,HDMI,1,0.28pF @ 1MHz,3A (8/20µs),,-40°C ~ 125°C (TA),27.5W,No,,,Zener,,9.5V (Typ),41V,5.5V (Max)
ESD110B102ELE6327XTMA1,Infineon Technologies,TVS DIODE 18.5VWM 29VC PGTSLP220,tvs-diodes,15000,0.55,0402 (1006 Metric),Surface Mount,Not For New Designs,,https://www.digikey.com/en/products/detail/infineon-technologies/ESD110B102ELE6327XTMA1/5031718,RF Antenna,1,0.3pF @ 1MHz,2A (8/20µs),,-40°C ~ 85°C (TA),58W,No,,,Zener,,20V,29V,18.5V (Max)
ESD112B102ELE6327XTMA1,Infineon Technologies,TVS DIODE 5.3VWM 21VC PGTSLP220,tvs-diodes,248143,0.5,0402 (1006 Metric),Surface Mount,Not For New Designs,https://www.infineon.com/dgdl/ESD112-B1-02series_rev_1_3.pdf?folderId=db3a30431f848401011fcbf2ab4c04c4&fileId=db3a30433d346a2d013d3aa400953906,https://www.digikey.com/en/products/detail/infineon-technologies/ESD112B102ELE6327XTMA1/4759564,RF Antenna,1,0.23pF @ 1MHz,3A (8/20µs),,-55°C ~ 125°C (TJ),,No,,,Zener,,7V,21V,5.3V (Max)
ESD113B102ELSE6327XTSA1,Infineon Technologies,TVS DIODE 3.6VWM 8V PGTSSLP24,tvs-diodes,168960,0.5,0201 (0603 Metric),Surface Mount,Not For New Designs,https://www.infineon.com/dgdl/Infineon-ESD113-B1Series-DS-v01_02-EN.pdf?fileId=5546d4614815da88014864b5329e1de7,https://www.digikey.com/en/products/detail/infineon-technologies/ESD113B102ELSE6327XTSA1/4759565,HDMI,1,0.22pF @ 1MHz,3A (8/20µs),,-40°C ~ 125°C (TA),,No,,,Zener,,,8V,3.6V (Max)
ESD114U102ELE6327XTMA1,Infineon Technologies,TVS DIODE 5.3VWM 28VC PGTSLP219,tvs-diodes,262544,0.46,0402 (1006 Metric),Surface Mount,Not For New Designs,https://www.infineon.com/dgdl/Infineon-ESD114-U1-02series-DS-v01_00-EN.pdf?folderId=5546d4694909da4801490a07012f053b&fileId=5546d4624933b8750149767559a90f5a,https://www.digikey.com/en/products/detail/infineon-technologies/ESD114U102ELE6327XTMA1/5031719,HDMI,,0.4pF @ 1MHz,3A (8/20µs),,-55°C ~ 125°C (TJ),,No,,,Zener,1,6V,28V (Typ),5.3V (Max)
ESD119B1W01005E6327XTSA1,Infineon Technologies,TVS DIODE 5.5VWM 14VC P/PGWLL22,tvs-diodes,15850,0.19,01005 (0402 Metric),Surface Mount,Active,https://www.infineon.com/dgdl/Infineon-ESD119-B1-W01005-DS-v01_02-EN.pdf?fileId=5546d462503812bb0150854d53764ca0,https://www.digikey.com/en/products/detail/infineon-technologies/ESD119B1W01005E6327XTSA1/6131380,HDMI,1,0.2pF @ 1MHz,2.5A (8/20µs),,-55°C ~ 125°C (TJ),35W,No,,,Zener,,6.1V,14V,5.5V (Max)
ESD122DMXR,Texas Instruments,TVS DIODE 3.6VWM 8.4VC 3X2SON,tvs-diodes,55088,1.18,3-XFDFN,Surface Mount,Active,,https://www.digikey.com/en/products/detail/texas-instruments/ESD122DMXR/7400096,"HDMI, USB",2,0.2pF @ 1MHz,2.5A (8/20µs),,-40°C ~ 125°C (TA),20W,No,,,Zener,,5.1V,8.4V (Typ),3.6V (Max)
ESD122DMYR,Texas Instruments,TVS DIODE 3.6VWM 8.4VC 3X2SON,tvs-diodes,25597,1.29,3-XFDFN,Surface Mount,Active,,https://www.digikey.com/en/products/detail/texas-instruments/ESD122DMYR/7400097,"HDMI, USB",2,0.2pF @ 1MHz,2.5A (8/20µs),,-40°C ~ 125°C (TA),20W,No,,,Zener,,5.1V,8.4V (Typ),3.6V (Max)
ESD127U1W0201E6327XTSA1,Infineon Technologies,TVS DIODE 3.3VWM 2.5V SGWLL25,tvs-diodes,20966,0.22,0201 (0603 Metric),Surface Mount,Active,https://www.infineon.com/dgdl/Infineon-ESD127-U1-W0201-DataSheet-v01_02-EN.pdf?fileId=8ac78c8c85ecb3470185ee8edf4e0096,https://www.digikey.com/en/products/detail/infineon-technologies/ESD127U1W0201E6327XTSA1/21675867,General Purpose,,0.7pF @ 1GHz,1A (8/20µs),,-55°C ~ 125°C (TA),2.5W,No,,,Zener,1,6V,2.5V (Typ),3.3V (Max)
ESD128B1W0201E6327XTSA1,Infineon Technologies,TVS DIODE 13VWM 18.5VC WLL-2-1,tvs-diodes,21791,0.23,0201 (0603 Metric),Surface Mount,Active,https://www.infineon.com/dgdl/Infineon-ESD128-B1-W0201-DS-v01_03-EN.pdf?fileId=5546d462503812bb0150854d5b4e4ca3,https://www.digikey.com/en/products/detail/infineon-technologies/ESD128B1W0201E6327XTSA1/6131381,RF Antenna,1,0.3pF @ 1MHz,2A (8/20µs),,-55°C ~ 125°C (TJ),53W,No,,,Zener,,20V,18.5V,13V (Max)
ESD12VD3-TP,MCC (Micro Commercial Components),TVS DIODE 12VWM 33VC SOD323,tvs-diodes,51503,0.46,"SC-76, SOD-323",Surface Mount,Active,https://www.mccsemi.com/pdf/Products/ESD5V0D3_ESD12VD3(SOD-323).pdf,https://www.digikey.com/en/products/detail/mcc-micro-commercial-components/ESD12VD3-TP/1923280,General Purpose,,150pF @ 1MHz,15A (8/20µs),,-55°C ~ 150°C (TJ),350W,No,,,Zener,1,13.3V,33V,12V (Max)
ESD12VD3B-TP,MCC (Micro Commercial Components),TVS DIODE 12VWM 15.5VC SOD323,tvs-diodes,16300,0.57,"SC-76, SOD-323",Surface Mount,Active,https://www.mccsemi.com/pdf/Products/ESD12VD3B(SOD-323).pdf,https://www.digikey.com/en/products/detail/mcc-micro-commercial-components/ESD12VD3B-TP/2783860,General Purpose,1,80pF @ 1MHz,1A (8/20µs),,-55°C ~ 150°C (TJ),350W,No,,,Zener,,13.5V,15.5V,12V (Max)
ESD12VD5-TP,MCC (Micro Commercial Components),TVS DIODE 12VWM 25VC SOD523,tvs-diodes,347650,0.26,"SC-79, SOD-523",Surface Mount,Active,https://www.mccsemi.com/pdf/Products/ESD3V3D5_ESD12VD5(SOD-523).pdf,https://www.digikey.com/en/products/detail/mcc-micro-commercial-components/ESD12VD5-TP/1776997,General Purpose,,55pF @ 1MHz,9.6A (8/20µs),,-55°C ~ 150°C (TJ),240W,No,,,Zener,1,14.1V,25V,12V (Max)
ESD130B1W0201E6327XTSA1,Infineon Technologies,TVS DIODE 5.5VWM 18.5VC WLL-2-1,tvs-diodes,173513,0.21,0201 (0603 Metric),Surface Mount,Active,https://www.infineon.com/dgdl/Infineon-ESD130-B1-W0201-DS-v01_00-EN.pdf?fileId=5546d46255a50e820155c02811e9592e,https://www.digikey.com/en/products/detail/infineon-technologies/ESD130B1W0201E6327XTSA1/6599713,General Purpose,1,0.3pF @ 1MHz,2.5A (8/20µs),,-55°C ~ 125°C (TA),27.5W,No,,,Zener,,5.5V,18.5V,5.5V
ESD131B1W0201E6327XTSA1,Infineon Technologies,TVS DIODE 5.5VWM 13VC WLL-2-3,tvs-diodes,106251,0.28,0201 (0603 Metric),Surface Mount,Active,https://www.infineon.com/dgdl/Infineon-ESD131-B1-W0201-DS-v01_00-EN.pdf?fileId=5546d4625cc9456a015ce94850964889,https://www.digikey.com/en/products/detail/infineon-technologies/ESD131B1W0201E6327XTSA1/7428077,"HDMI, USB",1,0.2pF @ 2.5GHz,3.5A (8/20µs),,-55°C ~ 125°C,26W,No,,,Zener,,6V,13V,5.5V
ESD133C,SMC Diode Solutions,TVS DIODE 33VWM 60VC DFN1006-2L,tvs-diodes,8587,0.29,0402 (1006 Metric),Surface Mount,Active,https://www.smc-diodes.com/propdf/ESD133C%20N2233%20REV.B.pdf,https://www.digikey.com/en/products/detail/smc-diode-solutions/ESD133C/12173922,General Purpose,1,12pF @ 1MHz,4A (8/20µs),,-55°C ~ 85°C (TA),,No,,ESD133C,Zener,,35V,60V,33V (Max)
ESD144B1W0201E6327XTSA1,Infineon Technologies,TVS DIODE 18VWM 20VC WLL-2-2,tvs-diodes,62142,0.24,0201 (0603 Metric),Surface Mount,Active,https://www.infineon.com/dgdl/Infineon-New+generation+ESD+protection+diodes-PB-v01_00-EN.pdf?fileId=5546d4625cc9456a015d0ccb7b9a57e3,https://www.digikey.com/en/products/detail/infineon-technologies/ESD144B1W0201E6327XTSA1/7652692,"HDMI, USB",1,0.2pF @ 1MHz,3.5A (8/20µs),,-55°C ~ 125°C (TA),21W,Yes,,,Zener,,18.5V,20V,18V
ESD150B1W0201E6327XTSA1,Infineon Technologies,TVS DIODE 3.3VWM 3.8V PGWLL23,tvs-diodes,85346,0.2,0201 (0603 Metric),Surface Mount,Active,https://www.infineon.com/dgdl/Infineon-ESD150-B1-W0201-DataSheet-v01_00-EN.pdf?fileId=5546d46278d64ffd01790dcd03eb4818,https://www.digikey.com/en/products/detail/infineon-technologies/ESD150B1W0201E6327XTSA1/15776257,"HDMI, USB",1,0.15pF @ 10GHz,3A (8/20µs),,-55°C ~ 125°C (TA),12W,No,,,Zener,,5.9V,3.8V (Typ),3.3V (Max)
ESD156B1W0201E6327XTSA1,Infineon Technologies,TVS DIODE 3.6VWM 3.5V SGWLL23,tvs-diodes,6800,0.21,0201 (0603 Metric),Surface Mount,Active,https://www.infineon.com/dgdl/Infineon-ESD156-B1-W0201-DataSheet-v01_02-EN.pdf?fileId=8ac78c8c85ecb3470185eea129d200a0,https://www.digikey.com/en/products/detail/infineon-technologies/ESD156B1W0201E6327XTSA1/21676129,"HDMI, USB",1,0.19pF @ 10GHz,2A (8/20µs),,-55°C ~ 125°C (TA),7W,No,,,Zener,,5.9V,3.5V (Typ),3.6V (Max)
ESD157B1W01005E6327XTSA1,Infineon Technologies,TVS DIODE 3.3VWM 3.6V SGWLL22,tvs-diodes,14809,0.16,01005 (0402 Metric),Surface Mount,Active,https://www.infineon.com/dgdl/Infineon-ESD157-B1-W01005-DataSheet-v01_02-EN.pdf?fileId=8ac78c8c85ecb3470185eea133f700a3,https://www.digikey.com/en/products/detail/infineon-technologies/ESD157B1W01005E6327XTSA1/21675629,"HDMI, USB",1,0.17pF @ 10GHz,2A (8/20µs),,-55°C ~ 125°C (TA),7.2W,No,,,Zener,,5.9V,3.6V (Typ),3.3V (Max)
ESD188B1W0201E6327XTSA1,Infineon Technologies,ESD188B1W0201E6327XTSA1,tvs-diodes,3664,0.23,0201 (0603 Metric),Surface Mount,Active,https://www.infineon.com/dgdl/Infineon-ESD188-B1-W0201%20E6327-DataSheet-v01_00-EN.pdf?fileId=8ac78c8c93dda25b019541d7f7a2053f,https://www.digikey.com/en/products/detail/infineon-technologies/ESD188B1W0201E6327XTSA1/26424552,USB,1,0.06pF @ 12.8GHz,5A (8/20µs),,-55°C ~ 125°C (TA),22.5W,No,,,Zener,,,4.5V (Typ),1V (Max)
ESD1LIN24DYFRQ1,Texas Instruments,TVS DIODE 24VWM 37VC SOD323,tvs-diodes,1969,0.28,"SC-76, SOD-323",Surface Mount,Active,https://www.ti.com/lit/ds/symlink/esd1lin24-q1.pdf,https://www.digikey.com/en/products/detail/texas-instruments/ESD1LIN24DYFRQ1/17748501,CAN,1,2.3pF @ 1MHz,4.3A (8/20µs),Automotive,-55°C ~ 150°C (TA),159W,No,AEC-Q101,,Zener,,35.5V,37V (Typ),24V (Max)
ESD1V8AE2-TP,MCC (Micro Commercial Components),TVS DIODE 1.8VWM 8.5VC 0201A,tvs-diodes,13288,0.22,0201 (0603 Metric),Surface Mount,Active,https://www.mccsemi.com/pdf/Products/ESD1V8AE2(0201-A).pdf,https://www.digikey.com/en/products/detail/mcc-micro-commercial-components/ESD1V8AE2-TP/21357471,General Purpose,1,30pF @ 1MHz (Max),12A (8/20µs),,-55°C ~ 125°C (TJ),100W,No,,,Zener,,2.5V,8.5V,1.8V
ESD1V8WT,Diotec Semiconductor,TVS DIODE 1.8VWM 7.5VC SOD523,tvs-diodes,3114,0.18,"SC-79, SOD-523",Surface Mount,Active,https://diotec.com/request/datasheet/esd1v8wt.pdf,https://www.digikey.com/en/products/detail/diotec-semiconductor/ESD1V8WT/22191737,General Purpose,,,11A (8/20µs),,-50°C ~ 125°C (TJ),80W,No,,,Zener,1,2.7V,7.5V,1.8V (Max)
ESD203B102ELE6327XTMA1,Infineon Technologies,TVS DIODE 13.2VWM 23VC PGTSLP220,tvs-diodes,72489,0.49,0402 (1006 Metric),Surface Mount,Not For New Designs,https://www.infineon.com/dgdl/ESD203-B1-02series_rev_1_3.pdf?folderId=db3a30431f848401011fcbf2ab4c04c4&fileId=db3a30433fcce646013fe718d01a6811,https://www.digikey.com/en/products/detail/infineon-technologies/ESD203B102ELE6327XTMA1/4572508,General Purpose,1,6pF @ 1MHz,5A (8/20µs),,-55°C ~ 125°C (TJ),115W,No,,,Zener,,13.7V,23V,13.2V (Max)
ESD204DQAR,Texas Instruments,TVS DIODE 3.6VWM 11.5VC 10USON,tvs-diodes,107615,0.72,10-UFDFN,Surface Mount,Active,,https://www.digikey.com/en/products/detail/texas-instruments/ESD204DQAR/9383846,General Purpose,4,0.65pF @ 1MHz,5.5A (8/20µs),,-40°C ~ 125°C (TA),50W,No,,,Zener,,5V,11.5V (Typ),3.6V (Max)
ESD207B102ELE6327XTMA1,Infineon Technologies,TVS DIODE 3.3VWM 8.1VC PGTSLP219,tvs-diodes,101736,0.4,0402 (1006 Metric),Surface Mount,Not For New Designs,https://www.infineon.com/dgdl/ESD207-B1-02Eseries_rev_1_2.pdf?folderId=db3a30431f848401011fcbf2ab4c04c4&fileId=db3a30433fcce646013fe73388cf685b,https://www.digikey.com/en/products/detail/infineon-technologies/ESD207B102ELE6327XTMA1/4572510,General Purpose,1,14pF @ 1MHz,8A (8/20µs),,-40°C ~ 125°C (TJ),,No,,,Zener,,3.65V,8.1V,3.3V (Max)
ESD208B102ELE6327XTMA1,Infineon Technologies,TVS DIODE 3.3VWM 8.1VC PGTSLP219,tvs-diodes,147846,0.4,0402 (1006 Metric),Surface Mount,Not For New Designs,https://www.infineon.com/dgdl/ESD208-B1-02+Series_rev_1_3.pdf?folderId=db3a30431f848401011fcbf2ab4c04c4&fileId=db3a3043429a38690142c241d4cb2c0f,https://www.digikey.com/en/products/detail/infineon-technologies/ESD208B102ELE6327XTMA1/4759571,General Purpose,1,6pF @ 1MHz,4A (8/20µs),,-55°C ~ 125°C (TJ),30W,No,,,Zener,,3.65V,8.1V,3.3V (Max)
ESD231B1W0201E6327XTSA1,Infineon Technologies,TVS DIODE 5.5VWM 10VC WLL-2-1,tvs-diodes,164767,0.22,0201 (0603 Metric),Surface Mount,Active,https://www.infineon.com/dgdl/Infineon-ESD231-B1-W0201-DS-v01_01-EN.pdf?fileId=5546d462503812bb0150854d4bac4c9d,https://www.digikey.com/en/products/detail/infineon-technologies/ESD231B1W0201E6327XTSA1/6131382,HDMI,1,3.5pF @ 1MHz,9A (8/20µs),,-55°C ~ 125°C (TJ),132W,No,,,Zener,,6.1V,10V (Typ),5.5V (Max)
ESD239B1W0201E6327XTSA1,Infineon Technologies,TVS DIODE 22VWM 26.5VC WLL-2-3,tvs-diodes,36989,0.24,0201 (0603 Metric),Surface Mount,Active,https://www.infineon.com/dgdl/Infineon-ESD239-B1-W0201-DS-v01_00-EN.pdf?fileId=5546d4625cc9456a015ce93613b14885,https://www.digikey.com/en/products/detail/infineon-technologies/ESD239B1W0201E6327XTSA1/7428078,General Purpose,1,3.2pF @ 1GHz,3A (8/20µs),,-55°C ~ 125°C,80W,No,,,Zener,,,26.5V,22V
ESD241B1W0201E6327XTSA1,Infineon Technologies,TVS DIODE 3.3VWM 6VC PGWLL23,tvs-diodes,3227,0.18,0201 (0603 Metric),Surface Mount,Active,https://www.infineon.com/dgdl/Infineon-ESD241-B1-W0201-DS-v01_00-EN.pdf?fileId=5546d4625cc9456a015d1228d9c44cad,https://www.digikey.com/en/products/detail/infineon-technologies/ESD241B1W0201E6327XTSA1/7428079,General Purpose,1,6.5pF @ 1GHz,4.5A (8/20µs),,-55°C ~ 125°C,25W,No,,,Zener,,,6V,3.3V
ESD242B1W01005E6327XTSA1,Infineon Technologies,TVS DIODE 3.3VWM 6V P/PGWLL22,tvs-diodes,24978,0.17,01005 (0402 Metric),Surface Mount,Active,https://www.infineon.com/dgdl/Infineon-ESD242-B1-W01005-DS-v01_00-EN.pdf?fileId=5546d4625cc9456a015cf395286e60e9,https://www.digikey.com/en/products/detail/infineon-technologies/ESD242B1W01005E6327XTSA1/7428080,General Purpose,1,6pF @ 1GHz,4.5A (8/20µs),,-55°C ~ 125°C,25W,No,,,Zener,,,6V,3.3V
ESD245B1W0201E6327XTSA1,Infineon Technologies,TVS DIODE 5.5VWM 7.5VC WLL-2-3,tvs-diodes,38910,0.18,0201 (0603 Metric),Surface Mount,Active,https://www.infineon.com/dgdl/Infineon-ESD245-B1-W0201-DS-v01_00-EN.pdf?fileId=5546d4625cc9456a015cf395340a60ec,https://www.digikey.com/en/products/detail/infineon-technologies/ESD245B1W0201E6327XTSA1/7428081,General Purpose,1,5.8pF @ 1GHz,5.5A (8/20µs),,-55°C ~ 125°C,44W,No,,,Zener,,,7.5V,5.5V
ESD246B1W01005E6327XTSA1,Infineon Technologies,TVS DIODE 5.5VWM 7.5V SGWLL22,tvs-diodes,36911,0.17,01005 (0402 Metric),Surface Mount,Active,https://www.infineon.com/dgdl/Infineon-ESD246-B1-W01005-DS-v01_00-EN.pdf?fileId=5546d4625cc9456a015cf3950edd60e5,https://www.digikey.com/en/products/detail/infineon-technologies/ESD246B1W01005E6327XTSA1/7428082,General Purpose,1,5.5pF @ 1GHz,5.5A (8/20µs),,-55°C ~ 125°C,44W,No,,,Zener,,,7.5V,5.5V
ESD24VD3BHE3-TP,MCC (Micro Commercial Components),TVS DIODE 24VWM 44VC SOD323,tvs-diodes,6000,0.27,"SC-76, SOD-323",Surface Mount,Active,https://www.mccsemi.com/pdf/Products/ESD24VD3BHE3(SOD-323).pdf,https://www.digikey.com/en/products/detail/mcc-micro-commercial-components/ESD24VD3BHE3-TP/18715669,,1,20pF @ 1MHz,7A (8/20µs),Automotive,-55°C ~ 150°C (TJ),300W,No,AEC-Q101,,Zener,,26.7V,44V,24V (Max)
ESD24VLB-TP,MCC (Micro Commercial Components),TVS DIODE 24VWM 40VC 2DFN1006,tvs-diodes,104197,0.33,0402 (1006 Metric),Surface Mount,Active,https://www.mccsemi.com/pdf/Products/ESD24VLB(DFN1006-2).pdf,https://www.digikey.com/en/products/detail/mcc-micro-commercial-components/ESD24VLB-TP/9749528,General Purpose,1,20pF @ 1MHz (Max),5A (8/20µs),,-55°C ~ 125°C (TJ),300W,No,,,Zener,,27V,40V,24V (Max)
ESD24VS2UE6327HTSA1,Infineon Technologies,TVS DIODE 24VWM 41VC PGSOT23,tvs-diodes,2300,0.57,"TO-236-3, SC-59, SOT-23-3",Surface Mount,Last Time Buy,https://www.infineon.com/dgdl/Infineon-ESD24VS2U-DS-v01_01-en.pdf?fileId=db3a3043340fff53013413a2249d2ff3,https://www.digikey.com/en/products/detail/infineon-technologies/ESD24VS2UE6327HTSA1/1785595,General Purpose,,,5A (8/20µs),,-55°C ~ 150°C (TJ),230W,No,,,Zener,2,26V,41V,24V (Max)
ESD2CAN24DBZRQ1,Texas Instruments,TVS DIODE 24VWM 37VC SOT233,tvs-diodes,301043,0.41,"TO-236-3, SC-59, SOT-23-3",Surface Mount,Active,https://www.ti.com/lit/ds/symlink/esd2can24-q1.pdf,https://www.digikey.com/en/products/detail/texas-instruments/ESD2CAN24DBZRQ1/16982061,CAN,2,3pF @ 1MHz,5.7A (8/20µs),Automotive,-55°C ~ 150°C (TA),210W,No,AEC-Q101,,Zener,,35.5V,37V (Typ),24V (Max)
ESD2CAN24DCKRQ1,Texas Instruments,TVS DIODE 24VWM 37VC SC703,tvs-diodes,31235,0.4,"SC-70, SOT-323",Surface Mount,Active,https://www.ti.com/lit/ds/symlink/esd2can24-q1.pdf,https://www.digikey.com/en/products/detail/texas-instruments/ESD2CAN24DCKRQ1/16982070,CAN,2,3pF @ 1MHz,5.7A (8/20µs),Automotive,-55°C ~ 150°C (TA),210W,No,AEC-Q101,,Zener,,35.5V,37V (Typ),24V (Max)
ESD2CANFD24DBZR,Texas Instruments,TVS DIODE 24VWM 37VC SOT233,tvs-diodes,4592,0.27,"TO-236-3, SC-59, SOT-23-3",Surface Mount,Active,https://www.ti.com/lit/ds/symlink/esd2canfd24.pdf,https://www.digikey.com/en/products/detail/texas-instruments/ESD2CANFD24DBZR/17394949,CAN,2,2.5pF @ 1MHz,3.5A (8/20µs),,-55°C ~ 150°C (TJ),133W,No,,,Zener,,35.5V,37V (Typ),24V (Max)
ESD2CANXL24DBZRQ1,Texas Instruments,TVS DIODE 24VWM 36VC SOT233,tvs-diodes,3404,0.37,"TO-236-3, SC-59, SOT-23-3",Surface Mount,Active,https://www.ti.com/lit/ds/symlink/esd2canfd24-q1.pdf,https://www.digikey.com/en/products/detail/texas-instruments/ESD2CANXL24DBZRQ1/17394941,CAN,2,1.7pF @ 1MHz,2.5A (8/20µs),Automotive,-50°C ~ 150°C (TA),90W,No,AEC-Q101,,Zener,,35.5V,36V (Typ),24V (Max)
ESD2V5L-TP,MCC (Micro Commercial Components),TVS DIODE 2.5VWM 6.4VC 2-DFN1006,tvs-diodes,13980,0.19,0402 (1006 Metric),Surface Mount,Active,https://www.mccsemi.com/pdf/Products/ESD2V5L(DFN1006-2).pdf,https://www.digikey.com/en/products/detail/mcc-micro-commercial-components/ESD2V5L-TP/24393921,General Purpose,,40pF @ 1MHz,13A (8/20µs),,-40°C ~ 125°C (TJ),90W,No,,,Zener,1,3V,6.4V (Typ),2.5V (Max)
ESD321DPYR,Texas Instruments,TVS DIODE 3.6VWM 6.8VC 2X1SON,tvs-diodes,733570,0.65,0402 (1006 Metric),Surface Mount,Active,,https://www.digikey.com/en/products/detail/texas-instruments/ESD321DPYR/9559035,General Purpose,,0.9pF @ 1MHz,6A (8/20µs),,-40°C ~ 125°C (TA),40W,No,,,Zener,1,4.5V,6.8V (Typ),3.6V (Max)
ESD321DYAR,Texas Instruments,TVS DIODE 3.6VWM 6.3VC SOT5X3,tvs-diodes,386580,0.33,"SC-79, SOD-523",Surface Mount,Active,https://www.ti.com/lit/ds/symlink/esd321.pdf,https://www.digikey.com/en/products/detail/texas-instruments/ESD321DYAR/17394968,USB,,0.9pF @ 1MHz,6A (8/20µs),,-55°C ~ 150°C (TA),40W,No,,,Zener,1,4.5V,6.3V (Typ),3.6V (Max)
ESD341DPLR,Texas Instruments,TVS DIODE 3.6VWM 8.8VC 2X2SON,tvs-diodes,24383,0.12,0201 (0603 Metric),Surface Mount,Active,https://www.ti.com/lit/ds/symlink/esd341.pdf,https://www.digikey.com/en/products/detail/texas-instruments/ESD341DPLR/16692333,"HDMI, USB",1,0.66pF @ 1MHz,5.4A (8/20µs),,-40°C ~ 125°C (TA),54W,No,,,Zener,,"5V, 7.2V",8.8V (Typ),3.6V (Max)
ESD351DPYR,Texas Instruments,TVS DIODE 3.6VWM 6.5VC 2X1SON,tvs-diodes,684258,0.48,0402 (1006 Metric),Surface Mount,Active,,https://www.digikey.com/en/products/detail/texas-instruments/ESD351DPYR/9597828,General Purpose,,1.8pF @ 1MHz,16A,,-40°C ~ 125°C,36W,No,,,Zener,1,4.5V,6.5V,3.6V
ESD3V3D5-TP,MCC (Micro Commercial Components),TVS DIODE 3.3VWM 14.1VC SOD523,tvs-diodes,32000,0.32,"SC-79, SOD-523",Surface Mount,Active,https://www.mccsemi.com/pdf/Products/ESD3V3D5_ESD12VD5(SOD-523).pdf,https://www.digikey.com/en/products/detail/mcc-micro-commercial-components/ESD3V3D5-TP/1776989,General Purpose,,105pF @ 1MHz,16A (8/20µs),,-55°C ~ 150°C (TJ),158W,No,,,Zener,1,5V,14.1V,3.3V (Max)
ESD3V3D5B-TP,MCC (Micro Commercial Components),TVS DIODE 3.3VWM 12VC SOD523,tvs-diodes,10740,0.56,"SC-79, SOD-523",Surface Mount,Active,https://www.mccsemi.com/pdf/Products/ESD3V3D5B(SOD-523).pdf,https://www.digikey.com/en/products/detail/mcc-micro-commercial-components/ESD3V3D5B-TP/7681821,General Purpose,1,16pF @ 1MHz,8A (8/20µs),,-55°C ~ 125°C (TJ),96W,No,,,Zener,,4.2V,12V,3.3V (Max)
ESD3V3D9-TP,MCC (Micro Commercial Components),TVS DIODE 3.3VWM 8.8VC SOD923,tvs-diodes,45590,0.33,SOD-923,Surface Mount,Active,https://www.mccsemi.com/pdf/Products/ESD3V3D9(SOD-923).pdf,https://www.digikey.com/en/products/detail/mcc-micro-commercial-components/ESD3V3D9-TP/2783852,General Purpose,,35pF @ 1MHz,5A (8/20µs),,-55°C ~ 150°C (TJ),100W,No,,,Zener,1,5V,8.8V,3.3V (Max)
ESD401DPYR,Texas Instruments,TVS DIODE 5.5VWM 24VC 2X1SON,tvs-diodes,84575,0.57,0402 (1006 Metric),Surface Mount,Active,,https://www.digikey.com/en/products/detail/texas-instruments/ESD401DPYR/7593913,General Purpose,1,,4.5A (8/20µs),,-40°C ~ 125°C (TA),67W,No,,,Zener,,7.5V,24V (Typ),5.5V (Max)
ESD441DPLR,Texas Instruments,TVS DIODE 5.5VWM 7.6VC 2X2SON,tvs-diodes,83134,0.36,0201 (0603 Metric),Surface Mount,Active,https://www.ti.com/lit/ds/symlink/esd441.pdf?ts=1698682619386&ref_url=https%253A%252F%252Fwww.ti.com%252Fsitesearch%252Fen-us%252Fdocs%252Funiversalsearch.tsp%253FlangPref%253Den-US%2526searchTerm%253DESD441DPLR%2526nr%253D6,https://www.digikey.com/en/products/detail/texas-instruments/ESD441DPLR/21298753,"HDMI, USB",,1pF @ 1MHz,6A (8/20µs),,-40°C ~ 125°C (TA),45W,No,,,Zener,1,6V,7.6V (Typ),5.5V (Max)
ESD451DPLR,Texas Instruments,TVS DIODE 5.5VWM 9.5VC 2X2SON,tvs-diodes,6399,0.36,0201 (0603 Metric),Surface Mount,Active,https://www.ti.com/lit/ds/symlink/esd451.pdf?ts=1698649446294,https://www.digikey.com/en/products/detail/texas-instruments/ESD451DPLR/21298798,"HDMI, USB",1,0.5pF @ 1MHz,6A (8/20µs),,-40°C ~ 150°C (TA),57W,No,,,Zener,,7V,9.5V (Typ),5.5V (Max)
ESD5481MUT5G,onsemi,TVS DIODE 5VWM 12.4VC 2X3DFN,tvs-diodes,52615,0.23,0201 (0603 Metric),Surface Mount,Active,,https://www.digikey.com/en/products/detail/onsemi/ESD5481MUT5G/4847665,General Purpose,1,12pF @ 1MHz,2A (8/20µs),,-55°C ~ 150°C (TJ),,No,,,Zener,,5.7V,12.4V,5V (Max)
ESD562DBZR,Texas Instruments,TVS DIODE 12VWM 21VC SOT233,tvs-diodes,7030,0.52,"TO-236-3, SC-59, SOT-23-3",Surface Mount,Active,https://www.ti.com/lit/ds/symlink/esd562.pdf?ts=1710267978870&ref_url=https%253A%252F%252Fwww.ti.com%252Fsitesearch%252Fen-us%252Fdocs%252Funiversalsearch.tsp%253FlangPref%253Den-US%2526searchTerm%253DESD562DBZR%2526nr%253D2,https://www.digikey.com/en/products/detail/texas-instruments/ESD562DBZR/22474895,General Purpose,2,1.5pF @ 1MHz,3.5A (8/20µs),,-40°C ~ 125°C (TA),84W,No,,,Zener,,13.2V,21V,12V (Max)
ESD5B5.0ST5G,onsemi,TVS DIODE 5VWM SOD523,tvs-diodes,4300,0.23,"SC-79, SOD-523",Surface Mount,Active,,https://www.digikey.com/en/products/detail/onsemi/ESD5B5-0ST5G/5404299,General Purpose,1,32pF @ 1MHz,,,-55°C ~ 150°C (TJ),50W,No,,,Zener,,5.8V,,5V (Max)
ESD5V0D3-TP,MCC (Micro Commercial Components),TVS DIODE 5VWM 15.5VC SOD323,tvs-diodes,286082,0.35,"SC-76, SOD-323",Surface Mount,Active,https://www.mccsemi.com/pdf/Products/ESD5V0D3_ESD12VD3(SOD-323).pdf,https://www.digikey.com/en/products/detail/mcc-micro-commercial-components/ESD5V0D3-TP/1923279,General Purpose,,350pF @ 1MHz,12A (8/20µs),,-55°C ~ 150°C (TJ),350W,No,,,Zener,1,6.2V,15.5V,5V (Max)
ESD5V0D3B-TP,MCC (Micro Commercial Components),TVS DIODE 5VWM 13.5VC SOD323,tvs-diodes,43911,0.56,"SC-76, SOD-323",Surface Mount,Active,https://www.mccsemi.com/pdf/Products/ESD5V0D3B(SOD-323).pdf,https://www.digikey.com/en/products/detail/mcc-micro-commercial-components/ESD5V0D3B-TP/2213549,General Purpose,1,35pF @ 1MHz,8A (8/20µs),,-55°C ~ 150°C (TJ),500W,No,,,Zener,,5.8V,13.5V,5V (Max)
ESD5V0D5-TP,MCC (Micro Commercial Components),TVS DIODE 5VWM 18.6VC SOD523,tvs-diodes,300340,0.32,"SC-79, SOD-523",Surface Mount,Active,https://www.mccsemi.com/pdf/Products/ESD3V3D5_ESD12VD5(SOD-523).pdf,https://www.digikey.com/en/products/detail/mcc-micro-commercial-components/ESD5V0D5-TP/1776992,General Purpose,,80pF @ 1MHz,11.6A (8/20µs),,-55°C ~ 150°C (TJ),174W,No,,,Zener,1,6.2V,18.6V,5V (Max)
ESD5V0LB-TP,MCC (Micro Commercial Components),TVS DIODE 5VWM 16VC 2DFN1006,tvs-diodes,170000,0.29,0402 (1006 Metric),Surface Mount,Active,https://www.mccsemi.com/pdf/Products/ESD5V0LB(DFN1006-2).pdf,https://www.digikey.com/en/products/detail/mcc-micro-commercial-components/ESD5V0LB-TP/6004758,General Purpose,1,80pF @ 1MHz,25A (8/20µs),,-55°C ~ 125°C (TJ),400W,No,,,Zener,,6V,16V,5V (Max)
ESD5V0S1U02VH6327XTSA1,Infineon Technologies,TVS DIODE 5VWM 14.5V PGSC7921,tvs-diodes,125865,0.49,"SC-79, SOD-523",Surface Mount,Last Time Buy,https://www.digikey.com//mm.digikey.com/Volume0/opasdata/d220001/medias/docus/417/ESD5V0S1U-02V.pdf,https://www.digikey.com/en/products/detail/infineon-technologies/ESD5V0S1U02VH6327XTSA1/2783479,General Purpose,,35pF @ 1MHz,5.5A (8/20µs),,-55°C ~ 125°C (TJ),66W,No,,,Zener,1,5.7V,14.5V (Typ),5V (Max)
ESD5V3U2U03FH6327XTSA1,Infineon Technologies,TVS DIODE 5.3VWM 15VC PGTSFP3,tvs-diodes,67329,0.8,SOT-723,Surface Mount,Not For New Designs,https://www.infineon.com/dgdl/esd5v3u2useries.pdf?folderId=db3a30431441fb5d011488a9e66f0ded&fileId=db3a30431b0626df011b0d3e3ca97dc0,https://www.digikey.com/en/products/detail/infineon-technologies/ESD5V3U2U03FH6327XTSA1/2337905,General Purpose,,0.4pF @ 1MHz,3A (8/20µs),,-40°C ~ 125°C (TJ),,No,,,Zener,2,6V,15V,5.3V (Max)
ESD5V5U5ULCE6327HTSA1,Infineon Technologies,TVS DIODE 5.5VWM 12VC PGSC746,tvs-diodes,22925,0.94,"SC-74, SOT-457",Surface Mount,Not For New Designs,https://www.infineon.com/dgdl/ESD5V5U5ULC_ESD_Transient_Protection_Diode_Infineon.pdf?folderId=db3a30431f848401011fcbf2ab4c04c4&fileId=db3a304331a821aa0131b36e85a20560,https://www.digikey.com/en/products/detail/infineon-technologies/ESD5V5U5ULCE6327HTSA1/2783482,Ethernet,,0.45pF @ 1MHz,3A (8/20µs),,-40°C ~ 125°C (TJ),,No,,,Zener,5,,12V (Typ),5.5V (Max)
ESD5Z12T1G,onsemi,TVS DIODE 12VWM 25VC SOD523,tvs-diodes,1689,0.21,"SC-79, SOD-523",Surface Mount,Active,,https://www.digikey.com/en/products/detail/onsemi/ESD5Z12T1G/1202914,General Purpose,,55pF @ 1MHz,9.6A (8/20µs),,-55°C ~ 150°C (TJ),240W,No,,,Zener,1,14.1V,25V,12V (Max)
ESD5Z2.5T1G,onsemi,TVS DIODE 2.5VWM 10.9VC SOD523,tvs-diodes,2717,0.21,"SC-79, SOD-523",Surface Mount,Active,,https://www.digikey.com/en/products/detail/onsemi/ESD5Z2-5T1G/1476605,General Purpose,,145pF @ 1MHz,11A (8/20µs),,-55°C ~ 150°C (TJ),120W,No,,,Zener,1,4V,10.9V,2.5V (Max)
ESD5Z3.3T1G,onsemi,TVS DIODE 3.3VWM 14.1VC SOD523,tvs-diodes,0,0.21,"SC-79, SOD-523",Surface Mount,Active,,https://www.digikey.com/en/products/detail/onsemi/ESD5Z3-3T1G/1476607,General Purpose,,105pF @ 1MHz,11.2A (8/20µs),,-55°C ~ 150°C (TJ),158W,No,,,Zener,1,5V,14.1V,3.3V (Max)
ESD5Z3V3,Diotec Semiconductor,TVS DIODE 3.3VWM 8.4VC SOD523,tvs-diodes,11393,0.22,"SC-79, SOD-523",Surface Mount,Active,https://diotec.com/request/datasheet/esd5z2v5.pdf,https://www.digikey.com/en/products/detail/diotec-semiconductor/ESD5Z3V3/13155540,General Purpose,,105pF @ 1MHz,5A (8/20µs),,-50°C ~ 150°C (TJ),134W,No,,,Zener,1,5V,8.4V,3.3V
ESD5Z5V0,Diotec Semiconductor,TVS DIODE 5VWM 11.6VC SOD523,tvs-diodes,2777,0.22,"SC-79, SOD-523",Surface Mount,Active,https://diotec.com/request/datasheet/esd5z2v5.pdf,https://www.digikey.com/en/products/detail/diotec-semiconductor/ESD5Z5V0/22190414,,,80pF @ 1MHz,5A (8/20µs),,-50°C ~ 150°C (TJ),148W,No,,,Zener,1,6.2V,11.6V,5V
ESD5Z7.0T1G,onsemi,TVS DIODE 7VWM 22.7VC SOD523,tvs-diodes,14975,0.21,"SC-79, SOD-523",Surface Mount,Active,,https://www.digikey.com/en/products/detail/onsemi/ESD5Z7-0T1G/1476613,General Purpose,,65pF @ 1MHz,8.8A (8/20µs),,-55°C ~ 150°C (TJ),200W,No,,,Zener,1,7.5V,22.7V,7V (Max)
ESD5Z7.0T5G,onsemi,TVS DIODE 7VWM 22.7VC SOD523,tvs-diodes,1945,0.21,"SC-79, SOD-523",Surface Mount,Active,,https://www.digikey.com/en/products/detail/onsemi/ESD5Z7-0T5G/2194373,General Purpose,,65pF @ 1MHz,8.8A (8/20µs),,-55°C ~ 150°C (TJ),200W,No,,,Zener,1,7.5V,22.7V,7V (Max)
ESD601DPYR,Texas Instruments,TVS DIODE 18VWM 33VC 2X1SON,tvs-diodes,12776,0.34,0402 (1005 Metric),Surface Mount,Active,https://www.ti.com/lit/ds/symlink/esd601.pdf?ts=1730199608550,https://www.digikey.com/en/products/detail/texas-instruments/ESD601DPYR/25603721,"Telecom, USB",1,0.3pF @ 1MHz,2.7A (8/20µs),,-55°C ~ 150°C (TA),75W,No,,,Zener,,19V,33V (Typ),18V (Max)
ESD601DPYRQ1,Texas Instruments,TVS DIODE 18VWM 33VC 2X1SON,tvs-diodes,35730,0.4,0402 (1005 Metric),Surface Mount,Active,https://www.ti.com/lit/ds/symlink/esd601-q1.pdf?ts=1731602930370,https://www.digikey.com/en/products/detail/texas-instruments/ESD601DPYRQ1/25323360,"Telecom, USB",1,0.3pF @ 1MHz,2.7A (8/20µs),Automotive,-55°C ~ 150°C (TA),75W,No,AEC-Q101,,Zener,,19V,33V (Typ),18V (Max)
ESD7181MUT5G,onsemi,TVS DIODE 18.5VWM 35VC 2X3DFN,tvs-diodes,9497,0.43,0201 (0603 Metric),Surface Mount,Active,,https://www.digikey.com/en/products/detail/onsemi/ESD7181MUT5G/4847668,RF Antenna,1,0.3pF @ 1MHz,16A,,-55°C ~ 150°C (TJ),,No,,,Zener,,20.5V,35V (Typ),18.5V (Max)
ESD7241N2T5G,onsemi,TVS DIODE 24VWM 48VC 2X2DFN,tvs-diodes,37843,0.54,2-XDFN,Surface Mount,Active,,https://www.digikey.com/en/products/detail/onsemi/ESD7241N2T5G/7220687,RF Antenna,1,1pF @ 1MHz (Max),,,-55°C ~ 150°C (TJ),,No,,,Zener,,24.3V,48V (Typ),24V (Max)
ESD7351HT1G,onsemi,TVS DIODE 3.3VWM SOD323,tvs-diodes,71338,0.48,"SC-76, SOD-323",Surface Mount,Active,,https://www.digikey.com/en/products/detail/onsemi/ESD7351HT1G/5257563,RF Antenna,,0.43pF @ 1MHz,,,-55°C ~ 150°C (TJ),,No,,,Zener,1,5V,,3.3V (Max)
ESD7381MUT5G,onsemi,TVS DIODE 3.3VWM 10VC 2X3DFN,tvs-diodes,14819,0.28,0201 (0603 Metric),Surface Mount,Active,,https://www.digikey.com/en/products/detail/onsemi/ESD7381MUT5G/4847669,RF Antenna,,0.37pF @ 1MHz,3A (8/20µs),,-40°C ~ 125°C (TJ),,No,,,Zener,1,5V,10V,3.3V (Max)
ESD7504MUTAG,onsemi,TVS DIODE 3.3VWM 10UDFN,tvs-diodes,4344,0.55,10-UFDFN,Surface Mount,Active,,https://www.digikey.com/en/products/detail/onsemi/ESD7504MUTAG/5267866,HDMI,,0.55pF @ 1MHz,,,-55°C ~ 125°C (TJ),,No,,,Steering (Rail to Rail),4,4V,,3.3V (Max)
ESD751DYAR,Texas Instruments,TVS DIODE 24VWM 36.5VC SOT5X3,tvs-diodes,2121,0.23,"SC-79, SOD-523",Surface Mount,Active,https://www.ti.com/lit/ds/symlink/esd751.pdf,https://www.digikey.com/en/products/detail/texas-instruments/ESD751DYAR/17394969,USB,1,1.6pF @ 1MHz,2.8A (8/20µs),,-55°C ~ 150°C (TA),102W,No,,,Zener,,35.5V,36.5V (Typ),24V (Max)
ESD751DYARQ1,Texas Instruments,TVS DIODE 24VWM 36.5VC SOT5X3,tvs-diodes,9863,0.26,"SC-79, SOD-523",Surface Mount,Active,https://www.ti.com/lit/ds/symlink/esd751.pdf,https://www.digikey.com/en/products/detail/texas-instruments/ESD751DYARQ1/17394961,CAN,1,1.6pF @ 1MHz,2.8A (8/20µs),Automotive,-55°C ~ 150°C (TA),102W,No,AEC-Q101,,Zener,,25.5V,36.5V (Typ),24V (Max)
ESD752DCKR,Texas Instruments,TVS DIODE 24VWM 37VC SC703,tvs-diodes,9860,0.32,"SC-70, SOT-323",Surface Mount,Active,https://www.ti.com/lit/ds/symlink/esd752.pdf,https://www.digikey.com/en/products/detail/texas-instruments/ESD752DCKR/16982039,"CAN, USB",2,3pF @ 1MHz,5.7A (8/20µs),,-55°C ~ 150°C (TA),210W,No,,,Zener,,35.5V,37V (Typ),24V (Max)
ESD761DPYR,Texas Instruments,TVS DIODE 24VWM 36.3VC 2X1SON,tvs-diodes,23834,0.19,0402 (1006 Metric),Surface Mount,Active,https://www.ti.com/lit/ds/symlink/esd751.pdf,https://www.digikey.com/en/products/detail/texas-instruments/ESD761DPYR/17395004,USB,1,1.1pF @ 1MHz,1.8A (8/20µs),,-50°C ~ 150°C (TA),65W,No,,,Zener,,35.5V,36.3V (Typ),24V (Max)
ESD761DPYRQ1,Texas Instruments,TVS DIODE 24VWM 36.3VC 2X1SON,tvs-diodes,28388,0.24,0402 (1006 Metric),Surface Mount,Active,https://www.ti.com/lit/ds/symlink/esd1lin24-q1.pdf,https://www.digikey.com/en/products/detail/texas-instruments/ESD761DPYRQ1/17748460,CAN,1,1.1pF @ 1MHz,1.8A (8/20µs),Automotive,-55°C ~ 150°C (TA),65W,No,AEC-Q101,,Zener,,35.5V,36.3V (Typ),24V (Max)
ESD762DBZR,Texas Instruments,TVS DIODE 24VWM 36VC SOT233,tvs-diodes,7910,0.3,"TO-236-3, SC-59, SOT-23-3",Surface Mount,Active,https://www.ti.com/lit/ds/symlink/esd762.pdf,https://www.digikey.com/en/products/detail/texas-instruments/ESD762DBZR/17395034,"CAN, USB",2,1.7pF @ 1MHz,2.5A (8/20µs),,-50°C ~ 150°C (TA),90W,No,,,Zener,,25.5V,36V (Typ),24V (Max)
ESD7C3.3DT5G,onsemi,TVS DIODE 3.3VWM SOT723,tvs-diodes,31300,0.48,SOT-723,Surface Mount,Active,,https://www.digikey.com/en/products/detail/onsemi/ESD7C3-3DT5G/1646447,General Purpose,,13pF @ 1MHz,,,-55°C ~ 150°C (TJ),,No,,,Zener,2,5V,,3.3V (Max)
ESD7C5.0DT5G,onsemi,TVS DIODE 5VWM SOT723,tvs-diodes,171018,0.48,SOT-723,Surface Mount,Active,,https://www.digikey.com/en/products/detail/onsemi/ESD7C5-0DT5G/1646448,General Purpose,,6.2pF @ 1MHz,,,-55°C ~ 150°C (TJ),,No,,,Zener,2,11V,,5V (Max)
ESD7V0D5-TP,MCC (Micro Commercial Components),TVS DIODE 7VWM 22.7VC SOD523,tvs-diodes,65057,0.3,"SC-79, SOD-523",Surface Mount,Active,https://www.mccsemi.com/pdf/Products/ESD3V3D5_ESD12VD5(SOD-523).pdf,https://www.digikey.com/en/products/detail/mcc-micro-commercial-components/ESD7V0D5-TP/1776994,General Purpose,,65pF @ 1MHz,8.8A (8/20µs),,-55°C ~ 150°C (TJ),200W,No,,,Zener,1,7.5V,22.7V,7V (Max)
ESD7V0T2B-TP,MCC (Micro Commercial Components),TVS DIODE 7VWM 15VC SOT-23,tvs-diodes,29521,0.28,"TO-236-3, SC-59, SOT-23-3",Surface Mount,Active,https://www.mccsemi.com/pdf/Products/ESD3V3T2B_ESD36VT2B(SOT-23).pdf,https://www.digikey.com/en/products/detail/mcc-micro-commercial-components/ESD7V0T2B-TP/24393928,General Purpose,2,65pF @ 1MHz,17A (8/20µs),,-55°C ~ 150°C (TJ),250W,No,,,Zener,,7V,15V,7V (Max)
ESD8006MUTAG,onsemi,TVS DIODE 3.3VWM 8.4VC 8UDFN,tvs-diodes,97090,1.59,10-UFDFN,Surface Mount,Active,,https://www.digikey.com/en/products/detail/onsemi/ESD8006MUTAG/4810860,USB,,0.32pF @ 1MHz,16A,,-55°C ~ 125°C (TJ),,No,,,Zener,6,5.5V,8.4V (Typ),3.3V (Max)
ESD8011MUT5G,onsemi,TVS DIODE 5.5VWM 19VC 2X3DFN,tvs-diodes,265184,0.54,0201 (0603 Metric),Surface Mount,Active,,https://www.digikey.com/en/products/detail/onsemi/ESD8011MUT5G/5131367,General Purpose,1,0.1pF @ 1MHz,3.6A (8/20µs),,-55°C ~ 125°C (TJ),34W,No,,,Zener,,6.5V,19V,5.5V (Max)
ESD801DPYRQ1,Texas Instruments,"AUTOMOTIVE, 36V BIDIRECTIONAL UL",tvs-diodes,6922,0.41,0402 (1005 Metric),Surface Mount,Active,https://www.ti.com/lit/ds/symlink/esd801-q1.pdf,https://www.digikey.com/en/products/detail/texas-instruments/ESD801DPYRQ1/26251111,"Telecom, USB",1,0.3pF @ 1MHz,3A (8/20µs),Automotive,-55°C ~ 150°C (TA),183W,No,AEC-Q101,,Zener,,37.8V,61V (Typ),36V (Max)
ESD8104MUTAG,onsemi,TVS DIODE 3.3VWM 11.4VC 10UDFN,tvs-diodes,173265,0.95,10-UFDFN,Surface Mount,Active,,https://www.digikey.com/en/products/detail/onsemi/ESD8104MUTAG/4810862,"HDMI, USB",,0.3pF @ 1MHz,16A (100ns),,-55°C ~ 125°C (TJ),,No,,,Zener,4,4V,11.4V (Typ),3.3V (Max)
ESD8351MUT5G,onsemi,TVS DIODE 3.3VWM 11.2VC 2X3DFN,tvs-diodes,13290,0.44,0201 (0603 Metric),Surface Mount,Active,,https://www.digikey.com/en/products/detail/onsemi/ESD8351MUT5G/5256977,General Purpose,,0.37pF @ 1MHz,5A (8/20µs),,-55°C ~ 125°C (TJ),,No,,,Zener,1,5.5V,11.2V,3.3V (Max)
ESD8351XV2T1G,onsemi,TVS DIODE 3.3VWM 11.2VC SOD523,tvs-diodes,3450,0.32,"SC-79, SOD-523",Surface Mount,Active,,https://www.digikey.com/en/products/detail/onsemi/ESD8351XV2T1G/5257579,General Purpose,,0.4pF @ 1MHz,5A (8/20µs),,-55°C ~ 125°C (TJ),,No,,ESD8351,Zener,1,5.5V,11.2V,3.3V (Max)
ESD8472MUT3G,onsemi,TVS DIODE 5.3VWM 20VC 2X3DFN,tvs-diodes,32414,0.57,0201 (0603 Metric),Surface Mount,Active,https://www.onsemi.com/pdf/datasheet/esd8472-d.pdf,https://www.digikey.com/en/products/detail/onsemi/ESD8472MUT3G/5817199,RF Antenna,1,0.2pF @ 1MHz,3A (8/20µs),,-55°C ~ 150°C (TJ),,No,,,Zener,,7V,20V,5.3V (Max)
ESD8472MUT5G,onsemi,TVS DIODE 5.3VWM 14VC 2X3DFN,tvs-diodes,332668,0.28,0201 (0603 Metric),Surface Mount,Active,,https://www.digikey.com/en/products/detail/onsemi/ESD8472MUT5G/5257582,RF Antenna,1,0.2pF @ 1MHz,3A (8/20µs),,-55°C ~ 150°C (TJ),,No,,,Zener,,7V,14V,5.3V (Max)
ESD851DYFR,Texas Instruments,TVS DIODE 36VWM 71VC SOD323,tvs-diodes,2490,0.25,"SC-76, SOD-323",Surface Mount,Active,https://www.ti.com/lit/ds/symlink/esd851.pdf?ts=1731602948832,https://www.digikey.com/en/products/detail/texas-instruments/ESD851DYFR/25323370,General Purpose,1,4.3pF @ 1MHz,6.5A (8/20µs),,-55°C ~ 150°C (TA),400W,No,,,Zener,,37.8V,71V,36V (Max)
ESD851DYFRQ1,Texas Instruments,AUTOMOTIVE 36V BIDIRECTIONAL ESD,tvs-diodes,3025,0.28,"SC-76, SOD-323",Surface Mount,Active,https://www.ti.com/lit/ds/symlink/esd851-q1.pdf?ts=1749226960042,https://www.digikey.com/en/products/detail/texas-instruments/ESD851DYFRQ1/26251050,,1,4.3pF @ 1MHz,6.5A (8/20µs),Automotive,-55°C ~ 150°C (TA),400W,No,AEC-Q100,,Zener,,37.8V,71V,36V (Max)
ESD8704MUTAG,onsemi,TVS DIODE 3.3VWM 10UDFN,tvs-diodes,0,0.62,10-UFDFN,Surface Mount,Active,,https://www.digikey.com/en/products/detail/onsemi/ESD8704MUTAG/5817202,General Purpose,,0.3pF @ 1MHz,,,-55°C ~ 125°C (TJ),,No,,,Zener,4,5V (Typ),,3.3V (Max)
ESD9101P2T5G,onsemi,TVS DIODE 5VWM 7VC SOD923,tvs-diodes,1190989,0.35,SOD-923,Surface Mount,Active,,https://www.digikey.com/en/products/detail/onsemi/ESD9101P2T5G/7066747,General Purpose,,0.36pF @ 1MHz,16A,,-55°C ~ 150°C (TJ),,No,,,Zener,1,5.3V,7V (Typ),5V (Max)
ESD9B3.3ST5G,onsemi,TVS DIODE 3.3VWM 11.5VC SOD923,tvs-diodes,214177,0.22,SOD-923,Surface Mount,Active,,https://www.digikey.com/en/products/detail/onsemi/ESD9B3-3ST5G/1973669,General Purpose,1,15pF @ 1MHz,2A (8/20µs),,-55°C ~ 150°C (TJ),,No,,,Zener,,5V,11.5V,3.3V (Max)
ESD9C3.3ST5G,onsemi,TVS DIODE 3.3VWM SOD923,tvs-diodes,216966,0.28,SOD-923,Surface Mount,Active,,https://www.digikey.com/en/products/detail/onsemi/ESD9C3-3ST5G/1646450,,,12.8pF @ 1MHz,,,-55°C ~ 150°C (TJ),,No,,,Zener,1,5V,,3.3V (Max)
ESD9L3.3ST5G,onsemi,TVS DIODE 3.3VWM 9VC SOD923,tvs-diodes,11111,0.33,SOD-923,Surface Mount,Active,,https://www.digikey.com/en/products/detail/onsemi/ESD9L3-3ST5G/1961066,General Purpose,,0.5pF @ 1MHz,,,-55°C ~ 150°C (TJ),,No,,,Zener,1,4.8V,9V,3.3V (Max)
ESD9L5.0ST5G,onsemi,TVS DIODE 5VWM 9.8VC SOD923,tvs-diodes,935886,0.33,SOD-923,Surface Mount,Active,,https://www.digikey.com/en/products/detail/onsemi/ESD9L5-0ST5G/1693175,General Purpose,,0.5pF @ 1MHz,1A (8/20µs),,-55°C ~ 150°C (TJ),,No,,,Zener,1,5.4V,9.8V,5V (Max)
ESD9M5.0ST5G,onsemi,TVS DIODE 5VWM 9.8VC SOD923,tvs-diodes,56574,0.36,SOD-923,Surface Mount,Active,,https://www.digikey.com/en/products/detail/onsemi/ESD9M5-0ST5G/1853460,,,2.5pF @ 1MHz,1A (8/20µs),,-55°C ~ 150°C (TJ),,No,,,Zener,1,5.8V,9.8V,5V (Max)
ESD9X12ST5G,onsemi,TVS DIODE 12VWM 23.7VC SOD923,tvs-diodes,0,0.23,SOD-923,Surface Mount,Active,,https://www.digikey.com/en/products/detail/onsemi/ESD9X12ST5G/1476614,General Purpose,,30pF @ 1MHz,5.9A (8/20µs),,-55°C ~ 150°C (TJ),140W,No,,,Zener,1,13.5V,23.7V,12V (Max)
ESD9X3.3ST5G,onsemi,TVS DIODE 3.3VWM 10.4VC SOD923,tvs-diodes,46208,0.26,SOD-923,Surface Mount,Active,,https://www.digikey.com/en/products/detail/onsemi/ESD9X3-3ST5G/1476615,General Purpose,,80pF @ 1MHz,9.8A (8/20µs),,-55°C ~ 150°C (TJ),102W,No,,,Zener,1,5V,10.4V,3.3V (Max)
ESD9X5.0ST5G,onsemi,TVS DIODE 5VWM 12.3VC SOD923,tvs-diodes,1581,0.17,SOD-923,Surface Mount,Active,,https://www.digikey.com/en/products/detail/onsemi/ESD9X5-0ST5G/1476616,General Purpose,,65pF @ 1MHz,8.7A (8/20µs),,-55°C ~ 150°C (TJ),107W,No,,,Zener,1,6.2V,12.3V,5V (Max)
ESD9X7.0ST5G,onsemi,TVS DIODE 7VWM 25VC SOD923,tvs-diodes,43284,0.22,SOD-923,Surface Mount,Active,,https://www.digikey.com/en/products/detail/onsemi/ESD9X7-0ST5G/1961068,General Purpose,,65pF @ 1MHz,4A (8/20µs),,-55°C ~ 150°C (TJ),100W,No,,,Zener,1,7.5V,25V,7V (Max)
ESDA051-1JY,STMicroelectronics,TVS DIODE 5VWM 12.8VC SOD323,tvs-diodes,72959,0.33,"SC-76, SOD-323",Surface Mount,Active,https://www.st.com/resource/en/datasheet/esda051-1jy.pdf,https://www.digikey.com/en/products/detail/stmicroelectronics/ESDA051-1JY/11686344,,,,20A (8/20µs),Automotive,-55°C ~ 150°C (TJ),,No,AEC-Q101,ESDA,Zener,1,6.2V,12.8V,5V (Max)
ESDA13P70-1U1M,STMicroelectronics,TVS DIODE 12VWM 20VC 1610,tvs-diodes,4716,0.54,2-UDFN,Surface Mount,Active,https://www.st.com/resource/en/datasheet/dm00218249.pdf,https://www.digikey.com/en/products/detail/stmicroelectronics/ESDA13P70-1U1M/5805503,General Purpose,,,60A (8/20µs),,-55°C ~ 150°C (TJ),1300W (1.3kW),No,,,Zener,1,12.5V,20V,12V
ESDA14V2L,STMicroelectronics,TVS DIODE 12VWM SOT23-3,tvs-diodes,14348,0.33,"TO-236-3, SC-59, SOT-23-3",Surface Mount,Active,https://www.st.com/resource/en/datasheet/cd00002057.pdf,https://www.digikey.com/en/products/detail/stmicroelectronics/ESDA14V2L/1037969,General Purpose,,,14A (8/20µs),,-40°C ~ 150°C (TJ),300W,No,,"ESDA, TRANSIL™",Zener,2,14.2V,,12V
ESDA14V2LY,STMicroelectronics,TVS DIODE 12VWM 21VC SOT23-3,tvs-diodes,6894,0.54,"TO-236-3, SC-59, SOT-23-3",Surface Mount,Active,https://www.st.com/resource/en/datasheet/dm00035279.pdf,https://www.digikey.com/en/products/detail/stmicroelectronics/ESDA14V2LY/3661700,,,,14A (8/20µs),Automotive,-40°C ~ 150°C (TJ),300W,No,AEC-Q101,"ESDAY, TRANSIL™",Zener,2,14.2V,21V,12V
ESDA14V2SC6,STMicroelectronics,TVS DIODE 12VWM SOT23-6,tvs-diodes,6087,0.56,SOT-23-6,Surface Mount,Active,https://www.st.com/resource/en/datasheet/cd00002055.pdf,https://www.digikey.com/en/products/detail/stmicroelectronics/ESDA14V2SC6/1037971,General Purpose,,,,,-40°C ~ 125°C (TA),300W,No,,"ESDA, TRANSIL™",Zener,4,14.2V,,12V
ESDA25L,STMicroelectronics,TVS DIODE 24VWM SOT23-3,tvs-diodes,41750,0.36,"TO-236-3, SC-59, SOT-23-3",Surface Mount,Active,https://www.st.com/resource/en/datasheet/cd00002057.pdf,https://www.digikey.com/en/products/detail/stmicroelectronics/ESDA25L/810921,General Purpose,,,7A (8/20µs),,-40°C ~ 150°C (TJ),300W,No,,"ESDA, TRANSIL™",Zener,2,25V,,24V
ESDA25LY,STMicroelectronics,TVS DIODE 24VWM 43VC SOT23-3,tvs-diodes,10280,0.4,"TO-236-3, SC-59, SOT-23-3",Surface Mount,Active,https://www.st.com/resource/en/datasheet/dm00035279.pdf,https://www.digikey.com/en/products/detail/stmicroelectronics/ESDA25LY/2442900,,,,7A (8/20µs),Automotive,-40°C ~ 150°C (TJ),300W,No,AEC-Q101,"ESDAY, TRANSIL™",Zener,2,25V,43V,24V
ESDA25P35-1U1M,STMicroelectronics,TVS DIODE 22VWM 41VC 1610,tvs-diodes,84763,0.54,2-UDFN,Surface Mount,Active,https://www.digikey.com//mm.digikey.com/Volume0/opasdata/d220001/medias/docus/6464/ESDA7P60-1U1M.pdf,https://www.digikey.com/en/products/detail/stmicroelectronics/ESDA25P35-1U1M/6230124,General Purpose,,,35A (8/20µs),,-55°C ~ 150°C (TJ),1400W (1.4kW),No,,ESDA,Zener,1,23.3V,41V,22V
ESDA25W,STMicroelectronics,TVS DIODE 24VWM SOT323,tvs-diodes,164573,0.45,"SC-70, SOT-323",Surface Mount,Active,https://www.st.com/resource/en/datasheet/cd00064033.pdf,https://www.digikey.com/en/products/detail/stmicroelectronics/ESDA25W/1037976,General Purpose,,,,,-40°C ~ 125°C (TJ),400W,No,,"ESDA, TRANSIL™",Zener,2,25V,,24V
ESDA37LY,STMicroelectronics,TVS DIODE 36VWM SOT233,tvs-diodes,19896,0.44,"TO-236-3, SC-59, SOT-23-3",Surface Mount,Active,https://www.st.com/resource/en/datasheet/dm00035279.pdf,https://www.digikey.com/en/products/detail/stmicroelectronics/ESDA37LY/9487326,,,,6.3A (8/20µs),Automotive,-40°C ~ 150°C (TJ),300W,No,AEC-Q101,"ESDAY, TRANSIL™",Zener,2,37V,,36V
ESDA5-1BF4,STMicroelectronics,TVS DIODE 5VWM 11VC 0201,tvs-diodes,15901,0.22,0201 (0603 Metric),Surface Mount,Active,https://www.digikey.com//mm.digikey.com/Volume0/opasdata/d220001/medias/docus/2218/ESDA5-1BF4_DS.pdf,https://www.digikey.com/en/products/detail/stmicroelectronics/ESDA5-1BF4/5210302,General Purpose,1,45pF @ 1MHz,10A (8/20µs),,-40°C ~ 150°C (TJ),110W,No,,,Zener,,5.8V,11V,5V
ESDA5-1F4,STMicroelectronics,TVS DIODE 5.5VWM 9VC 0201,tvs-diodes,5641,0.22,0201 (0603 Metric),Surface Mount,Active,https://www.digikey.com//mm.digikey.com/Volume0/opasdata/d220001/medias/docus/2149/ESDA5-1F4_DS.pdf,https://www.digikey.com/en/products/detail/stmicroelectronics/ESDA5-1F4/7313246,General Purpose,,110pF @ 1MHz,11A,,-55°C ~ 150°C (TJ),110W,No,,,Zener,1,5.8V,9V,5.5V
ESDA5V3L,STMicroelectronics,TVS DIODE 3VWM SOT23-3,tvs-diodes,256345,0.36,"TO-236-3, SC-59, SOT-23-3",Surface Mount,Active,https://www.st.com/resource/en/datasheet/cd00002057.pdf,https://www.digikey.com/en/products/detail/stmicroelectronics/ESDA5V3L/1037978,General Purpose,,,25A (8/20µs),,-40°C ~ 150°C (TJ),300W,No,,"ESDA, TRANSIL™",Zener,2,5.3V,,3V
ESDA5V3SC6,STMicroelectronics,TVS DIODE 3VWM SOT23-6,tvs-diodes,33977,0.53,SOT-23-6,Surface Mount,Active,https://www.st.com/resource/en/datasheet/cd00002055.pdf,https://www.digikey.com/en/products/detail/stmicroelectronics/ESDA5V3SC6/1037980,General Purpose,,,,,-40°C ~ 125°C (TA),500W,No,,"ESDA, TRANSIL™",Zener,4,5.3V,,3V
ESDA5WY,STMicroelectronics,TVS DIODE 5.5VWM 14.5V SOT3233,tvs-diodes,14640,0.14,"SC-70, SOT-323",Surface Mount,Active,https://www.st.com/resource/en/datasheet/esda5wy.pdf,https://www.digikey.com/en/products/detail/stmicroelectronics/ESDA5WY/24788152,Telecom,,4pF @ 1MHz,12A (8/20µs),Automotive,-55°C ~ 175°C (TJ),175W,No,AEC-Q101,,Zener,2,6V,14.5V,5.5V (Max)
ESDA6V1-5SC6,STMicroelectronics,TVS DIODE 3VWM SOT23-6,tvs-diodes,8734,0.56,SOT-23-6,Surface Mount,Active,https://www.st.com/resource/en/datasheet/cd00005102.pdf,https://www.digikey.com/en/products/detail/stmicroelectronics/ESDA6V1-5SC6/1037983,General Purpose,,,,,-40°C ~ 125°C (TA),100W,No,,"ESDA, TRANSIL™",Zener,5,6.1V,,3V
ESDA6V1-5SC6Y,STMicroelectronics,TVS DIODE 5.2VWM 11.4VC SOT23-6,tvs-diodes,36779,0.57,SOT-23-6,Surface Mount,Active,https://www.st.com/content/ccc/resource/technical/document/datasheet/group3/cf/58/f6/44/dc/90/4f/72/DM00342426/files/DM00342426.pdf/jcr:content/translations/en.DM00342426.pdf,https://www.digikey.com/en/products/detail/stmicroelectronics/ESDA6V1-5SC6Y/7348312,,,,7A (8/20µs),Automotive,-40°C ~ 150°C (TJ),80W,No,AEC-Q101,ESDA,Zener,5,6.1V,11.4V,5.2V
ESDA6V1-5W6,STMicroelectronics,TVS DIODE 3VWM SOT3236L,tvs-diodes,2604,0.6,"6-TSSOP, SC-88, SOT-363",Surface Mount,Active,https://www.st.com/resource/en/datasheet/cd00064033.pdf,https://www.digikey.com/en/products/detail/stmicroelectronics/ESDA6V1-5W6/1037984,General Purpose,,,,,-40°C ~ 125°C (TJ),100W,No,,"ESDA, TRANSIL™",Zener,5,6.1V,,3V
ESDA6V1BC6,STMicroelectronics,TVS DIODE 5VWM SOT23-6,tvs-diodes,16420,0.52,SOT-23-6,Surface Mount,Active,https://www.st.com/resource/en/datasheet/cd00001906.pdf,https://www.digikey.com/en/products/detail/stmicroelectronics/ESDA6V1BC6/1037985,General Purpose,4,,,,-40°C ~ 125°C (TA),80W,No,,"ESDA, TRANSIL™",Zener,,6.1V,,5V
ESDA6V1L,STMicroelectronics,TVS DIODE 5.25VWM SOT23-3,tvs-diodes,68849,0.36,"TO-236-3, SC-59, SOT-23-3",Surface Mount,Active,https://www.st.com/resource/en/datasheet/cd00002057.pdf,https://www.digikey.com/en/products/detail/stmicroelectronics/ESDA6V1L/634694,General Purpose,,,18A (8/20µs),,-40°C ~ 150°C (TJ),300W,No,,"ESDA, TRANSIL™",Zener,2,6.1V,,5.25V
ESDA6V1LY,STMicroelectronics,TVS DIODE 5.2VWM 16VC SOT23-3,tvs-diodes,53813,0.54,"TO-236-3, SC-59, SOT-23-3",Surface Mount,Active,https://www.st.com/resource/en/datasheet/dm00035279.pdf,https://www.digikey.com/en/products/detail/stmicroelectronics/ESDA6V1LY/3661705,,,,18A (8/20µs),Automotive,-40°C ~ 150°C (TJ),300W,No,AEC-Q101,"ESDAY, TRANSIL™",Zener,2,6.1V,16V,5.2V
ESDA6V1SC6,STMicroelectronics,TVS DIODE 5.25VWM SOT23-6,tvs-diodes,2578,0.56,SOT-23-6,Surface Mount,Active,https://www.st.com/resource/en/datasheet/cd00002055.pdf,https://www.digikey.com/en/products/detail/stmicroelectronics/ESDA6V1SC6/1037991,General Purpose,,,,,-40°C ~ 125°C (TA),400W,No,,"ESDA, TRANSIL™",Zener,4,6.1V,,5.25V
ESDA6V1W5,STMicroelectronics,TVS DIODE 3VWM SOT3235,tvs-diodes,2268,0.41,"5-TSSOP, SC-70-5, SOT-353",Surface Mount,Active,https://www.st.com/resource/en/datasheet/cd00064033.pdf,https://www.digikey.com/en/products/detail/stmicroelectronics/ESDA6V1W5/1037992,General Purpose,,,,,-40°C ~ 125°C (TJ),150W,No,,"ESDA, TRANSIL™",Zener,4,6.1V,,3V
ESDA7P120-1U1M,STMicroelectronics,TVS DIODE 5.5VWM 11.5VC 1610,tvs-diodes,71943,0.62,2-UDFN,Surface Mount,Active,https://www.digikey.com//mm.digikey.com/Volume0/opasdata/d220001/medias/docus/6464/ESDA7P60-1U1M.pdf,https://www.digikey.com/en/products/detail/stmicroelectronics/ESDA7P120-1U1M/6709858,General Purpose,,,120A (8/20µs),,-55°C ~ 150°C (TJ),1400W (1.4kW),No,,ESDA,Zener,1,6.4V,11.5V,5.5V
ESDA7P60-1U1M,STMicroelectronics,TVS DIODE 5VWM 11.6VC 1610,tvs-diodes,73375,0.54,2-UDFN,Surface Mount,Active,https://www.digikey.com//mm.digikey.com/Volume0/opasdata/d220001/medias/docus/6464/ESDA7P60-1U1M.pdf,https://www.digikey.com/en/products/detail/stmicroelectronics/ESDA7P60-1U1M/5768408,General Purpose,,,60A (8/20µs),,-55°C ~ 150°C (TJ),700W,No,,ESDA,Zener,1,6.4V,11.6V,5V
ESDA8P30-1T2,STMicroelectronics,TVS DIODE 6.3VWM 12VC SOD882T,tvs-diodes,70452,0.4,SOD-882,Surface Mount,Active,https://www.st.com/resource/en/datasheet/dm00491018.pdf,https://www.digikey.com/en/products/detail/stmicroelectronics/ESDA8P30-1T2/8593721,General Purpose,,,30A (8/20µs),,-55°C ~ 150°C (TJ),300W,No,,ESDA,Zener,1,6.9V,12V,6.3V
ESDALC6V1P5,STMicroelectronics,TVS DIODE 3VWM SOT665,tvs-diodes,70402,0.67,SOT-665,Surface Mount,Active,https://www.st.com/resource/en/datasheet/cd00130231.pdf,https://www.digikey.com/en/products/detail/stmicroelectronics/ESDALC6V1P5/691883,General Purpose,,,,,-40°C ~ 150°C (TJ),30W,No,,"ESDA, TRANSIL™",Zener,4,6.1V,,3V
ESDALC6V1W5,STMicroelectronics,TVS DIODE 3VWM SOT3235,tvs-diodes,25723,0.55,"5-TSSOP, SC-70-5, SOT-353",Surface Mount,Active,https://www.st.com/resource/en/datasheet/cd00002946.pdf,https://www.digikey.com/en/products/detail/stmicroelectronics/ESDALC6V1W5/1037997,General Purpose,,,,,-40°C ~ 150°C (TJ),25W,No,,"ESDA, TRANSIL™",Zener,4,6.1V,,3V
ESDALD05UD4X,WeEn Semiconductors,TVS DIODE 5VWM 16VC SOT236L,tvs-diodes,109150,0.3,SOT-23-6,Surface Mount,Active,https://www.ween-semi.com/datasheet/ESDALD05UD4.pdf,https://www.digikey.com/en/products/detail/ween-semiconductors/ESDALD05UD4X/15775768,"DVI, USB",,0.6pF @ 1MHz,5.5A (8/20µs),,-55°C ~ 150°C (TJ),88W,Yes,,,Steering (Rail to Rail),4,6V,16V,5V (Max)
ESDAVLC6-2BLY,STMicroelectronics,TVS DIODE 5VWM 17VC SOT23-3,tvs-diodes,19201,0.47,"TO-236-3, SC-59, SOT-23-3",Surface Mount,Active,https://www.st.com/resource/en/datasheet/esdavlc6-2bly.pdf,https://www.digikey.com/en/products/detail/stmicroelectronics/ESDAVLC6-2BLY/9866824,,2,0.95pF @ 1MHz,5.5A (8/20µs),Automotive,-55°C ~ 150°C (TJ),140W,No,AEC-Q101,ESDA,Zener,,6V,17V,5V
ESDCAN01-2BLY,STMicroelectronics,TVS DIODE 24VWM 40VC SOT23-3,tvs-diodes,15134,0.41,"TO-236-3, SC-59, SOT-23-3",Surface Mount,Active,,https://www.digikey.com/en/products/detail/stmicroelectronics/ESDCAN01-2BLY/5170751,CAN,2,30pF @ 1MHz,5.5A (8/20µs),Automotive,-55°C ~ 150°C (TJ),230W,No,AEC-Q101,,Zener,,25V,40V,24V (Max)
ESDCAN02-2BWY,STMicroelectronics,TVS DIODE 26.5VWM 44VC SOT3233,tvs-diodes,30474,0.45,"SC-70, SOT-323",Surface Mount,Active,https://www.st.com/resource/en/datasheet/esdcan06-2bwy.pdf,https://www.digikey.com/en/products/detail/stmicroelectronics/ESDCAN02-2BWY/5305265,CAN,2,3pF @ 1MHz,3A (8/20µs),Automotive,-55°C ~ 175°C (TJ),250W,No,AEC-Q101,,Zener,,28.5V,44V,26.5V (Max)
ESDCAN03-2BWY,STMicroelectronics,TVS DIODE 24VWM 41VC SOT3233,tvs-diodes,31745,0.47,"SC-70, SOT-323",Surface Mount,Active,https://www.st.com/resource/en/datasheet/esdcan06-2bwy.pdf,https://www.digikey.com/en/products/detail/stmicroelectronics/ESDCAN03-2BWY/5305266,CAN,2,3pF @ 1MHz,3A (8/20µs),Automotive,-55°C ~ 175°C (TJ),250W,No,AEC-Q101,,Zener,,26.5V,41V,24V (Max)
ESDCAN04-2BWY,STMicroelectronics,TVS DIODE 25.5VWM 43VC SOT3233,tvs-diodes,18271,0.35,"SC-70, SOT-323",Surface Mount,Active,https://www.st.com/resource/en/datasheet/esdcan03-2bwy.pdf,https://www.digikey.com/en/products/detail/stmicroelectronics/ESDCAN04-2BWY/9866887,CAN,2,,3.7A (8/20µs),Automotive,-55°C ~ 175°C (TJ),170W,No,AEC-Q101,,Zener,,27.5V,43V,25.5V
ESDCAN05-2BWY,STMicroelectronics,TVS DIODE 36VWM 61VC SOT3233,tvs-diodes,27758,0.47,"SC-70, SOT-323",Surface Mount,Active,https://www.st.com/resource/en/datasheet/esdcan06-2bwy.pdf,https://www.digikey.com/en/products/detail/stmicroelectronics/ESDCAN05-2BWY/7327798,CAN,2,,3A (8/20µs),Automotive,-55°C ~ 175°C (TJ),170W,No,AEC-Q101,,Zener,,39V,61V,36V
ESDCAN06-2BLY,STMicroelectronics,TVS DIODE 35VWM 59VC SOT23-3,tvs-diodes,41260,0.46,"TO-236-3, SC-59, SOT-23-3",Surface Mount,Active,,https://www.digikey.com/en/products/detail/stmicroelectronics/ESDCAN06-2BLY/10057117,CAN,2,13pF @ 1MHz,3A (8/20µs),Automotive,-40°C ~ 150°C (TJ),230W,No,AEC-Q101,,Zener,,38V,59V,35V
ESDCAN06-2BWY,STMicroelectronics,TVS DIODE 35VWM 59VC SOT3233,tvs-diodes,29005,0.43,"SC-70, SOT-323",Surface Mount,Active,https://www.st.com/resource/en/datasheet/esdcan06-2bwy.pdf,https://www.digikey.com/en/products/detail/stmicroelectronics/ESDCAN06-2BWY/7327799,CAN,2,,3A (8/20µs),Automotive,-55°C ~ 175°C (TJ),170W,No,AEC-Q101,,Zener,,38V,59V,35V
ESDCAN24-2BLY,STMicroelectronics,TVS DIODE 24VWM 40VC SOT23-3,tvs-diodes,220790,0.47,"TO-236-3, SC-59, SOT-23-3",Surface Mount,Active,https://www.st.com/resource/en/datasheet/esdcan24-2bly.pdf,https://www.digikey.com/en/products/detail/stmicroelectronics/ESDCAN24-2BLY/3661709,CAN,2,30pF @ 1MHz,5.5A (8/20µs),Automotive,-40°C ~ 150°C (TJ),230W,No,AEC-Q101,,Zener,,26.2V,40V,24V (Max)
ESDHSB3V3LBHE3-TP,MCC (Micro Commercial Components),TVS DIODE 3.3VWM 10VC DFN1006-2L,tvs-diodes,29980,0.37,0402 (1006 Metric),Surface Mount,Active,https://www.mccsemi.com/pdf/Products/ESDHSB3V3LBHE3(DFN1006-2L).pdf,https://www.digikey.com/en/products/detail/mcc-micro-commercial-components/ESDHSB3V3LBHE3-TP/24393946,General Purpose,1,29pF @ 1MHz,14A (8/20µs),Automotive,-55°C ~ 150°C (TJ),140W,No,AEC-Q101,,Zener,,3.7V,10V,3.3V (Max)
ESDHSBSLC3V3AE2-TP,MCC (Micro Commercial Components),TVS DIODE 3.3VWM 5VC 0201-A,tvs-diodes,10000,0.29,0201 (0603 Metric),Surface Mount,Active,https://www.mccsemi.com/pdf/Products/ESDHSBSLC3V3AE2(0201-A).pdf,https://www.digikey.com/en/products/detail/mcc-micro-commercial-components/ESDHSBSLC3V3AE2-TP/24393895,General Purpose,1,0.6pF @ 1MHz,10A (8/20µs),,-55°C ~ 125°C (TJ),50W,No,,,Zener,,3.5V,5V (Typ),3.3V (Max)
ESDL031-1BF4,STMicroelectronics,TVS DIODE 3.3VWM 7VC ST0201,tvs-diodes,19138,0.17,0201 (0603 Metric),Surface Mount,Active,https://www.st.com/resource/en/datasheet/dm00648694.pdf,https://www.digikey.com/en/products/detail/stmicroelectronics/ESDL031-1BF4/11591247,,1,10pF @ 1MHz,7A (8/20µs),Automotive,-55°C ~ 150°C (TJ),45W,No,,ESDL,Zener,,5V,7V,3.3V (Max)
ESDL2012MX4T5G,onsemi,TVS DIODE 1VWM 5.2VC 2DFN,tvs-diodes,200639,0.27,0201 (0603 Metric),Surface Mount,Active,,https://www.digikey.com/en/products/detail/onsemi/ESDL2012MX4T5G/12528455,USB,1,0.18pF @ 1MHz,8A,,-55°C ~ 150°C (TJ),,No,,,Zener,,1.4V,5.2V,1V (Max)
ESDL2031MX4T5G,onsemi,TVS DIODE 4VWM 8VC 2DFN,tvs-diodes,46404,0.32,0201 (0603 Metric),Surface Mount,Active,,https://www.digikey.com/en/products/detail/onsemi/ESDL2031MX4T5G/9695418,"HDMI, USB",1,0.4pF @ 1MHz,9.75A (8/20µs),,-55°C ~ 125°C (TJ),72W,No,,,Zener,,5.1V,8V,4V (Max)
ESDLC12VLB-TP,MCC (Micro Commercial Components),TVS DIODE 12VWM 20VC 2DFN1006,tvs-diodes,6297,0.26,0402 (1006 Metric),Surface Mount,Active,https://www.mccsemi.com/pdf/Products/ESDLC12VLB(DFN1006-2).pdf,https://www.digikey.com/en/products/detail/mcc-micro-commercial-components/ESDLC12VLB-TP/12177183,General Purpose,1,7pF @ 1MHz (Max),5A (8/20µs),,-55°C ~ 125°C (TJ),100W,No,,,Zener,,13.3V,20V,12V (Max)
ESDLC15VLB-TP,MCC (Micro Commercial Components),TVS DIODE 15VWM 25VC 2DFN1006,tvs-diodes,6119,0.38,0402 (1006 Metric),Surface Mount,Active,https://www.mccsemi.com/pdf/Products/ESDLC15VLB(DFN1006-2).pdf,https://www.digikey.com/en/products/detail/mcc-micro-commercial-components/ESDLC15VLB-TP/16032672,General Purpose,1,5pF @ 1MHz,6A (8/20µs),,-55°C ~ 125°C (TJ),150W,No,,,Zener,,16.2V,25V,15V (Max)
ESDLC3V3D3B-TP,MCC (Micro Commercial Components),TVS DIODE 3.3VWM 36VC SOD323,tvs-diodes,30314,1.25,"SC-76, SOD-323",Surface Mount,Active,https://www.mccsemi.com/pdf/Products/ESDLC3V3D3B~ESDLC12VD3B(SOD-323).pdf,https://www.digikey.com/en/products/detail/mcc-micro-commercial-components/ESDLC3V3D3B-TP/2512798,General Purpose,1,4.5pF @ 1MHz,28A (8/20µs),,-55°C ~ 150°C (TJ),350W,No,,,Zener,,4V,36V,3.3V
ESDLC5V0D3-TP,MCC (Micro Commercial Components),TVS DIODE 5VWM 32VC SOD323,tvs-diodes,152783,1.25,"SC-76, SOD-323",Surface Mount,Active,https://www.mccsemi.com/pdf/Products/ESDLC5V0D3(SOD-323).pdf,https://www.digikey.com/en/products/detail/mcc-micro-commercial-components/ESDLC5V0D3-TP/2512799,General Purpose,,5pF @ 1MHz,21A (8/20µs),,-55°C ~ 150°C (TJ),350W,No,,,Zener,1,6V,32V,5V
ESDLC5V0D9-TP,MCC (Micro Commercial Components),TVS DIODE 5VWM 9.8VC SOD923,tvs-diodes,9654,0.56,SOD-923,Surface Mount,Active,https://www.mccsemi.com/pdf/Products/ESDLC5V0D9(SOD-923).pdf,https://www.digikey.com/en/products/detail/mcc-micro-commercial-components/ESDLC5V0D9-TP/2783857,General Purpose,,0.5pF @ 1MHz,1A (8/20µs),,-55°C ~ 150°C (TJ),100W,No,,,Zener,1,5.4V,9.8V,5V (Max)
ESDM2033MX4T5G,onsemi,TVS DIODE 3.3VWM 6.5VC 2DFN,tvs-diodes,26960,0.31,0201 (0603 Metric),Surface Mount,Active,,https://www.digikey.com/en/products/detail/onsemi/ESDM2033MX4T5G/12528459,General Purpose,1,5.5pF @ 1MHz (Max),16A,,-55°C ~ 125°C (TJ),,Yes,,,Zener,,3.68V,6.5V (Typ),3.3V (Max)
ESDONCAN1LT1G,onsemi,TVS DIODE 24VWM 50VC SOT233,tvs-diodes,72592,0.56,"TO-236-3, SC-59, SOT-23-3",Surface Mount,Active,,https://www.digikey.com/en/products/detail/onsemi/ESDONCAN1LT1G/4847673,CAN,2,10pF @ 1MHz,3A (8/20µs),,-55°C ~ 150°C (TJ),,No,,,Zener,,26.2V,50V,24V (Min)
ESDONCAN1LT3G,onsemi,TVS DIODE 24VWM 50VC SOT233,tvs-diodes,7120,0.55,"TO-236-3, SC-59, SOT-23-3",Surface Mount,Active,,https://www.digikey.com/en/products/detail/onsemi/ESDONCAN1LT3G/4847674,CAN,2,10pF @ 1MHz,3A (8/20µs),,-55°C ~ 150°C (TJ),,No,,,Zener,,26.2V,50V,24V (Min)
ESDR0502BT1G,onsemi,TVS DIODE 5VWM 15V SC75 SOT416,tvs-diodes,1348,0.47,"SC-75, SOT-416",Surface Mount,Active,,https://www.digikey.com/en/products/detail/onsemi/ESDR0502BT1G/2401300,General Purpose,,"0.5pF @ 1MHz, 0.25pF @ 1MHz",2A (8/20µs),,-55°C ~ 150°C (TJ),20W,No,,,Zener,2,5.8V,15V,5V (Max)
ESDR0502NMUTAG,onsemi,TVS DIODE 5.5VWM 6UDFN,tvs-diodes,2228,0.42,6-UFDFN,Surface Mount,Active,,https://www.digikey.com/en/products/detail/onsemi/ESDR0502NMUTAG/5404305,Ethernet,,0.3pF @ 1MHz,,,-40°C ~ 125°C (TJ),100W,Yes,,,Steering (Rail to Rail),3,6V,,5.5V (Max)
ESDR0502NMUTBG,onsemi,TVS DIODE 5.5VWM 6UDFN,tvs-diodes,49452,0.41,6-UFDFN,Surface Mount,Active,,https://www.digikey.com/en/products/detail/onsemi/ESDR0502NMUTBG/2271457,Ethernet,,0.3pF @ 1MHz,,,-40°C ~ 125°C (TJ),100W,Yes,,,Steering (Rail to Rail),3,6V,,5.5V (Max)
ESDS302DBVR,Texas Instruments,TVS DIODE 3.6VWM 6VC SOT23-5,tvs-diodes,14942,0.86,"SC-74A, SOT-753",Surface Mount,Active,,https://www.digikey.com/en/products/detail/texas-instruments/ESDS302DBVR/9659606,General Purpose,,2.3pF @ 1MHz,12A (8/20µs),,-40°C ~ 125°C (TA),85W,No,,,Zener,2,4.5V,6V (Typ),3.6V (Max)
ESDS304DBVR,Texas Instruments,TVS DIODE 3.6VWM 6VC SOT23-5,tvs-diodes,39586,0.94,"SC-74A, SOT-753",Surface Mount,Active,,https://www.digikey.com/en/products/detail/texas-instruments/ESDS304DBVR/9659607,General Purpose,,2.3pF @ 1MHz,12A (8/20µs),,-40°C ~ 125°C (TA),85W,No,,,Zener,4,4.5V,6V (Typ),3.6V (Max)
ESDS312DBVR,Texas Instruments,TVS DIODE 3.6VWM 6.5VC SOT23-5,tvs-diodes,16336,0.79,"SC-74A, SOT-753",Surface Mount,Active,,https://www.digikey.com/en/products/detail/texas-instruments/ESDS312DBVR/9655797,General Purpose,,4.5pF @ 1MHz,25A (8/20µs),,-40°C ~ 125°C (TA),170W,No,,,Zener,2,4.5V,6.5V (Typ),3.6V (Max)
ESDS314DBVR,Texas Instruments,TVS DIODE 3.6VWM 6.5VC SOT23-5,tvs-diodes,193216,1.08,"SC-74A, SOT-753",Surface Mount,Active,,https://www.digikey.com/en/products/detail/texas-instruments/ESDS314DBVR/9655798,General Purpose,,4.5pF @ 1MHz,25A (8/20µs),,-40°C ~ 125°C (TA),170W,No,,,Zener,4,4.5V,6.5V (Typ),3.6V (Max)
ESDSB5V0T2BHE3-TP,MCC (Micro Commercial Components),TVS DIODE 5VWM 17VC SOT23,tvs-diodes,1828,0.42,"TO-236-3, SC-59, SOT-23-3",Surface Mount,Active,https://www.mccsemi.com/pdf/Products/ESDSB5V0T2BHE3(SOT-23).pdf,https://www.digikey.com/en/products/detail/mcc-micro-commercial-components/ESDSB5V0T2BHE3-TP/21357476,General Purpose,2,50pF @ 1MHz,24A (8/20µs),Automotive,-55°C ~ 150°C (TJ),400W,No,AEC-Q101,,Zener,,6V,17V,5V (Max)
ESDSB5V5LB-TP,MCC (Micro Commercial Components),TVS DIODE 5.5VWM 12VC 2DFN1006,tvs-diodes,6851,0.18,0402 (1006 Metric),Surface Mount,Active,https://www.mccsemi.com/pdf/Products/ESDSB5V5LB(DFN1006-2).pdf,https://www.digikey.com/en/products/detail/mcc-micro-commercial-components/ESDSB5V5LB-TP/17951322,General Purpose,1,10pF @ 1MHz,6A (8/20µs),,-55°C ~ 125°C (TJ),72W,No,,,Zener,,6.1V,12V,5.5V (Max)
ESDSBLC15VLB-TP,MCC (Micro Commercial Components),TVS DIODE 15VWM 23VC 2-DFN1006,tvs-diodes,10341,0.27,0402 (1006 Metric),Surface Mount,Active,https://www.mccsemi.com/pdf/Products/ESDSBLC15VLB(DFN1006-2).pdf,https://www.digikey.com/en/products/detail/mcc-micro-commercial-components/ESDSBLC15VLB-TP/24393923,General Purpose,1,5pF @ 1MHz,6A (8/20µs),,-40°C ~ 125°C (TJ),140W,No,,,Zener,,15.5V,23V,15V (Max)
ESDSBLC24VD5B-TP,MCC (Micro Commercial Components),"ESD,24V,SOD-523",tvs-diodes,38575,0.28,"SC-79, SOD-523",Surface Mount,Active,https://www.mccsemi.com/pdf/Products/ESDSBLC24VD5B(SOD-523).pdf,https://www.digikey.com/en/products/detail/mcc-micro-commercial-components/ESDSBLC24VD5B-TP/25889055,General Purpose,1,5pF @ 1MHz,5A (8/20µs),,-55°C ~ 125°C (TJ),160W,No,,,Zener,,25V,32V,24V (Max)
ESDSBLC48VLB-TP,MCC (Micro Commercial Components),"ESD 48V,DFN1006-2",tvs-diodes,17984,0.47,0402 (1006 Metric),Surface Mount,Active,https://www.mccsemi.com/pdf/Products/ESDSBLC48VLB(DFN1006-2).pdf,https://www.digikey.com/en/products/detail/mcc-micro-commercial-components/ESDSBLC48VLB-TP/26858644,General Purpose,1,2.5pF @ 1MHz,4A (8/20µs),,-55°C ~ 125°C (TJ),240W,No,,,Zener,,50V,60V,48V (Max)
ESDSBSLC3V3LT-TP,MCC (Micro Commercial Components),TVS DIODE 3.3VWM 5VC DFN10063,tvs-diodes,5488,0.25,"SC-101, SOT-883",Surface Mount,Active,https://www.mccsemi.com/pdf/Products/ESDSBSLC3V3LT(DFN1006-3B).pdf,https://www.digikey.com/en/products/detail/mcc-micro-commercial-components/ESDSBSLC3V3LT-TP/25618851,General Purpose,,1pF @ 1MHz,13A (8/20µs),,-55°C ~ 125°C (TJ),65W,Yes,,,Steering (Rail to Rail),2,3.5V,5V,3.3V (Max)
ESDSBSLC5V0LT-TP,MCC (Micro Commercial Components),TVS DIODE 5VWM 5VC DFN10063,tvs-diodes,1655,0.25,"SC-101, SOT-883",Surface Mount,Active,https://www.mccsemi.com/pdf/Products/ESDSBSLC5V0LT(DFN1006-3B).pdf,https://www.digikey.com/en/products/detail/mcc-micro-commercial-components/ESDSBSLC5V0LT-TP/25618801,General Purpose,,0.65pF @ 1MHz,13A (8/20µs),,-55°C ~ 125°C (TJ),65W,No,,,Steering (Rail to Rail),2,6V,5V,5V (Max)
ESDSLC16VLB-TP,MCC (Micro Commercial Components),TVS DIODE 16VWM 30VC 2DFN1006,tvs-diodes,138935,0.31,0402 (1006 Metric),Surface Mount,Active,https://www.mccsemi.com/pdf/Products/ESDSLC16VLB(DFN1006-2).pdf,https://www.digikey.com/en/products/detail/mcc-micro-commercial-components/ESDSLC16VLB-TP/6004765,General Purpose,1,0.7pF @ 1MHz,1A (8/20µs),,-55°C ~ 125°C (TJ),30W,No,,,Zener,,18V,30V,16V (Max)
ESDSLC3V3D3B-TP,MCC (Micro Commercial Components),TVS DIODE 3.3VWM 8VC SOD323,tvs-diodes,1196,0.49,"SC-76, SOD-323",Surface Mount,Active,https://www.mccsemi.com/pdf/Products/ESDSLC3V3D3B(SOD-323).pdf,https://www.digikey.com/en/products/detail/mcc-micro-commercial-components/ESDSLC3V3D3B-TP/17945761,General Purpose,1,0.8pF @ 1MHz,20A (8/20µs),,-55°C ~ 150°C (TJ),350W,No,,,Zener,,4V,8V,3.3V (Max)
ESDSLC3V3LB-TP,MCC (Micro Commercial Components),TVS DIODE 3.3VWM 20VC 2DFN1006,tvs-diodes,2438,0.33,0402 (1006 Metric),Surface Mount,Active,https://www.mccsemi.com/pdf/Products/ESDSLC3V3LB(DFN1006-2).pdf,https://www.digikey.com/en/products/detail/mcc-micro-commercial-components/ESDSLC3V3LB-TP/7681829,General Purpose,1,0.25pF @ 1MHz,5A (8/20µs),,-55°C ~ 125°C (TJ),100W,No,,,Zener,,5V,20V,3.3V (Max)
ESDSLC5V0D5-TP,MCC (Micro Commercial Components),TVS DIODE 5VWM 16VC SOD523,tvs-diodes,72272,0.29,"SC-79, SOD-523",Surface Mount,Active,https://www.mccsemi.com/pdf/Products/ESDSLC5V0D5(SOD-523).pdf,https://www.digikey.com/en/products/detail/mcc-micro-commercial-components/ESDSLC5V0D5-TP/10054646,General Purpose,,0.5pF @ 1MHz,5A (8/20µs),,-55°C ~ 125°C (TJ),80W,No,,,Zener,1,6V,16V,5V (Max)
ESDSLC5V0LB-TP,MCC (Micro Commercial Components),TVS DIODE 5VWM 20VC 2DFN1006,tvs-diodes,77614,0.26,0402 (1006 Metric),Surface Mount,Active,https://www.mccsemi.com/pdf/Products/ESDSLC5V0LB(DFN1006-2).pdf,https://www.digikey.com/en/products/detail/mcc-micro-commercial-components/ESDSLC5V0LB-TP/6004766,General Purpose,1,0.26pF @ 1MHz,4A (8/20µs),,-55°C ~ 125°C (TJ),80W,No,,,Zener,,6V,20V,5V (Max)
ESDSLC5V0T1-TP,MCC (Micro Commercial Components),TVS DIODE 5VWM 16VC SOT143,tvs-diodes,2964,0.5,"TO-253-4, TO-253AA",Surface Mount,Active,https://www.mccsemi.com/pdf/Products/ESDSLC5V0T1(SOT-143).pdf,https://www.digikey.com/en/products/detail/mcc-micro-commercial-components/ESDSLC5V0T1-TP/22556939,General Purpose,,0.6pF @ 1MHz,4A (8/20µs),,-55°C ~ 150°C (TJ),50W,Yes,,,Steering (Rail to Rail),2,6V,16V,5V (Max)
ESDSLC8V0D3B-TP,MCC (Micro Commercial Components),TVS DIODE 8VWM 19.5VC SOD323,tvs-diodes,3934,0.49,"SC-76, SOD-323",Surface Mount,Active,https://www.mccsemi.com/pdf/Products/ESDSLC8V0D3B(SOD-323).pdf,https://www.digikey.com/en/products/detail/mcc-micro-commercial-components/ESDSLC8V0D3B-TP/10054647,General Purpose,1,1pF @ 1MHz,18A (8/20µs),,-55°C ~ 150°C (TJ),350W,No,,,Zener,,8.5V,19.5V,8V (Max)
ESDULC3V3D5B-TP,MCC (Micro Commercial Components),TVS DIODE 3.3VWM 25VC SOD523,tvs-diodes,3805,0.29,"SC-79, SOD-523",Surface Mount,Active,https://www.mccsemi.com/pdf/Products/ESDULC3V3D5B(SOD-523).pdf,https://www.digikey.com/en/products/detail/mcc-micro-commercial-components/ESDULC3V3D5B-TP/24713549,General Purpose,1,0.3pF @ 1MHz,4A (8/20µs),,-55°C ~ 125°C (TJ),100W,No,,,Zener,,5V,25V,3.3V (Max)
ESDZL5-1F4,STMicroelectronics,TVS DIODE 5.5VWM 10VC 0201,tvs-diodes,52061,0.14,0201 (0603 Metric),Surface Mount,Active,https://www.st.com/resource/en/datasheet/dm00360302.pdf,https://www.digikey.com/en/products/detail/stmicroelectronics/ESDZL5-1F4/7400399,General Purpose,,7.5pF @ 1MHz,7A (8/20µs),,-55°C ~ 150°C (TJ),60W,No,,ESDZ,Zener,1,,10V,5.5V (Max)
ESDZV5-1BF4,STMicroelectronics,TVS DIODE 5.5VWM 10VC 0201,tvs-diodes,81680,0.14,0201 (0603 Metric),Surface Mount,Active,https://www.st.com/resource/en/datasheet/dm00344091.pdf,https://www.digikey.com/en/products/detail/stmicroelectronics/ESDZV5-1BF4/7360920,General Purpose,1,6pF @ 1MHz,7A (8/20µs),,-55°C ~ 150°C (TJ),70W,No,,ESDZ,Zener,,,10V,5.5V (Max)
ESDZV5-1BV2,STMicroelectronics,TVS DIODE 5.5VWM 7VC ST01005,tvs-diodes,78150,0.17,01005 (0402 Metric),Surface Mount,Active,https://www.st.com/resource/en/datasheet/dm00409560.pdf,https://www.digikey.com/en/products/detail/stmicroelectronics/ESDZV5-1BV2/7348313,General Purpose,1,5pF @ 1MHz,5A (8/20µs),,-40°C ~ 150°C (TJ),45W,No,,,Zener,,5.8V,7V (Typ),5.5V
ESDZV5H-1BU2,STMicroelectronics,TVS DIODE 5.5VWM 11VC 0201,tvs-diodes,13163,0.19,0201 (0603 Metric),Surface Mount,Active,https://www.st.com/resource/en/datasheet/dm00415453.pdf,https://www.digikey.com/en/products/detail/stmicroelectronics/ESDZV5H-1BU2/10414282,General Purpose,1,4pF @ 1MHz,4A (8/20µs),,-55°C ~ 150°C (TJ),40W,No,,ESDZ,Zener,,6.5V,11V,5.5V (Max)
ESDZV5HS-1BF4,STMicroelectronics,TVS DIODE 5.5VWM 0201,tvs-diodes,3563,0.14,0201 (0603 Metric),Surface Mount,Active,https://www.st.com/resource/en/datasheet/dm00447833.pdf,https://www.digikey.com/en/products/detail/stmicroelectronics/ESDZV5HS-1BF4/9866828,General Purpose,1,7pF @ 1GHz,,,150°C (TJ),,No,,ESDZ,Zener,,7V,,5.5V
GG0201050R3C2P,KYOCERA AVX,TVS DIODE 5VWM 30VC 0201,tvs-diodes,22710,0.26,0201 (0603 Metric),Surface Mount,Active,https://datasheets.kyocera-avx.com/AVX-GiGuard.pdf,https://www.digikey.com/en/products/detail/kyocera-avx/GG0201050R3C2P/14552128,"Ethernet, HDMI, USB",1,,3A,,-55°C ~ 125°C (TA),60W,No,,GiGUARD,Zener,,8V,30V,5V
GG020105100N2P,KYOCERA AVX,TVS DIODE 5VWM 12VC 201,tvs-diodes,346280,0.31,0201 (0603 Metric),Surface Mount,Active,https://datasheets.kyocera-avx.com/AVX-GiGuard.pdf,https://www.digikey.com/en/products/detail/kyocera-avx/GG020105100N2P/6826542,General Purpose,1,10pF @ 1MHz,6A (8/20µs),,-55°C ~ 125°C,60W,No,,GiGUARD,Zener,,5.5V,12V,5V
GG0201052R542P,KYOCERA AVX,TVS DIODE 5VWM 16VC 0201,tvs-diodes,106657,0.18,0201 (0603 Metric),Surface Mount,Active,https://datasheets.kyocera-avx.com/AVX-GiGuard.pdf,https://www.digikey.com/en/products/detail/kyocera-avx/GG0201052R542P/14552138,"Ethernet, HDMI, USB",1,,3A,,-55°C ~ 125°C (TA),46W,No,,GiGUARD,Zener,,6.7V,16V,5V
GG040203100N2P,KYOCERA AVX,TVS DIODE 3.3VWM 10VC 0402,tvs-diodes,56357,0.1,0402 (1006 Metric),Surface Mount,Active,https://datasheets.kyocera-avx.com/AVX-GiGuard.pdf,https://www.digikey.com/en/products/detail/kyocera-avx/GG040203100N2P/22244972,"Ethernet, HDMI, Telecom, USB",1,10pF @ 1MHz,8A (8/20µs),,-55°C ~ 125°C (TA),80W,No,,GiGuard®,Zener,,4V (Typ),10V,3.3V
GG0402050R3C2P,KYOCERA AVX,TVS DIODE 5VWM 15.5VC 402,tvs-diodes,437477,0.4,0402 (1005 Metric),Surface Mount,Active,https://datasheets.kyocera-avx.com/AVX-GiGuard.pdf,https://www.digikey.com/en/products/detail/kyocera-avx/GG0402050R3C2P/6826543,General Purpose,1,0.3pF @ 1MHz,3A (8/20µs),,-55°C ~ 125°C,46W,No,,GiGUARD,Zener,,7V,15.5V,5V
GG0402050R8L2P,KYOCERA AVX,TVS DIODE 5VWM 13VC 0402,tvs-diodes,52044,0.38,0402 (1005 Metric),Surface Mount,Active,https://datasheets.kyocera-avx.com/AVX-GiGuard.pdf,https://www.digikey.com/en/products/detail/kyocera-avx/GG0402050R8L2P/14552127,"Ethernet, HDMI, USB",1,,7A,,-55°C ~ 125°C (TA),100W,No,,GiGUARD,Zener,,8V,13V,5V
GG040205100N2P,KYOCERA AVX,TVS DIODE 5VWM 12VC 402,tvs-diodes,491696,0.29,0402 (1005 Metric),Surface Mount,Active,https://datasheets.kyocera-avx.com/AVX-GiGuard.pdf,https://www.digikey.com/en/products/detail/kyocera-avx/GG040205100N2P/6826546,General Purpose,1,10pF @ 1MHz,8A (8/20µs),,-55°C ~ 125°C,96W,No,,GiGUARD,Zener,,5.5V,12V,5V
GG040205170N2P,KYOCERA AVX,TVS DIODE 5VWM 10VC 402,tvs-diodes,618222,0.28,0402 (1005 Metric),Surface Mount,Active,https://datasheets.kyocera-avx.com/AVX-GiGuard.pdf,https://www.digikey.com/en/products/detail/kyocera-avx/GG040205170N2P/6826547,General Purpose,1,17pF @ 1MHz,8A (8/20µs),,-55°C ~ 125°C,80W,No,,GiGUARD,Zener,,5.1V,10V,5V
GG0402051R5L2P,KYOCERA AVX,TVS DIODE 5VWM 12VC 0402,tvs-diodes,4006,0.42,0402 (1005 Metric),Surface Mount,Active,https://datasheets.kyocera-avx.com/AVX-GiGuard.pdf,https://www.digikey.com/en/products/detail/kyocera-avx/GG0402051R5L2P/14552116,"Ethernet, HDMI, USB",1,,15A,,-55°C ~ 125°C (TA),300W,No,,GiGUARD,Zener,,8V,12V,5V
GG0402055R042P,KYOCERA AVX,TVS DIODE 5VWM 16VC 402,tvs-diodes,120457,0.34,0402 (1005 Metric),Surface Mount,Active,https://datasheets.kyocera-avx.com/AVX-GiGuard.pdf,https://www.digikey.com/en/products/detail/kyocera-avx/GG0402055R042P/6826545,General Purpose,1,5pF @ 1MHz,4A (8/20µs),,-55°C ~ 125°C,60W,No,,GiGUARD,Zener,,5.2V,16V,5V
GG040207100N2P,KYOCERA AVX,TVS DIODE 7VWM 13VC 0402,tvs-diodes,195830,0.21,0402 (1005 Metric),Surface Mount,Active,https://datasheets.kyocera-avx.com/AVX-GiGuard.pdf,https://www.digikey.com/en/products/detail/kyocera-avx/GG040207100N2P/14552143,"Ethernet, HDMI, USB",1,,6A,,-55°C ~ 125°C (TA),72W,No,,GiGUARD,Zener,,9V,13V,7V
GG0402126R042P,KYOCERA AVX,TVS DIODE 12VWM 22VC 0402,tvs-diodes,138072,0.3,0402 (1005 Metric),Surface Mount,Active,https://datasheets.kyocera-avx.com/AVX-GiGuard.pdf,https://www.digikey.com/en/products/detail/kyocera-avx/GG0402126R042P/14552129,"Ethernet, HDMI, USB",1,,6A,,-55°C ~ 125°C (TA),130W,No,,GiGUARD,Zener,,18V,22V,12V
GG060303100N2P,KYOCERA AVX,TVS DIODE 3.3VWM 10VC 0603,tvs-diodes,9652,0.1,0603 (1608 Metric),Surface Mount,Active,https://datasheets.kyocera-avx.com/AVX-GiGuard.pdf,https://www.digikey.com/en/products/detail/kyocera-avx/GG060303100N2P/22245452,"Ethernet, HDMI, Telecom, USB",1,10pF @ 1MHz,8A (8/20µs),,-55°C ~ 125°C (TA),80W,No,,GiGuard®,Zener,,3.4V (Typ),10V,3.3V
GG060305100N2P,KYOCERA AVX,TVS DIODE 5VWM 12VC 0603,tvs-diodes,190202,0.28,0603 (1608 Metric),Surface Mount,Active,https://datasheets.kyocera-avx.com/AVX-GiGuard.pdf,https://www.digikey.com/en/products/detail/kyocera-avx/GG060305100N2P/14552130,"Ethernet, HDMI, USB",1,,8A,,-55°C ~ 125°C (TA),96W,No,,GiGUARD,Zener,,7.5V,12V,5V
GG0603052R542P,KYOCERA AVX,TVS DIODE 5VWM 16VC 0603,tvs-diodes,292324,0.22,0603 (1608 Metric),Surface Mount,Active,https://datasheets.kyocera-avx.com/AVX-GiGuard.pdf,https://www.digikey.com/en/products/detail/kyocera-avx/GG0603052R542P/14552136,"Ethernet, HDMI, USB",1,,3A,,-55°C ~ 125°C (TA),45W,No,,GiGUARD,Zener,,6.7V,16V,5V
HSP053-4M5,STMicroelectronics,TVS DIODE 5VWM 5UQFN,tvs-diodes,3578,0.39,5-XFDFN,Surface Mount,Active,https://www.st.com/resource/en/datasheet/hsp051-4m5.pdf,https://www.digikey.com/en/products/detail/stmicroelectronics/HSP053-4M5/8570685,"HDMI, USB",,0.35pF @ 200MHz ~ 2.5GHz,,,-40°C ~ 150°C (TJ),,Yes,,HSP,Steering (Rail to Rail),4,5.3V,,5V (Max)
"IP4234CZ6,115",Nexperia USA Inc.,TVS DIODE 5.5VWM 6TSOP,tvs-diodes,26961,0.66,"SC-74, SOT-457",Surface Mount,Active,https://assets.nexperia.com/documents/data-sheet/IP4234CZ6.pdf,https://www.digikey.com/en/products/detail/nexperia-usa-inc/IP4234CZ6-115/4020885,General Purpose,,2.5pF @ 1MHz,,,-40°C ~ 85°C (TA),100W,Yes,,,Steering (Rail to Rail),4,6V,,5.5V
"IP4234CZ6,125",Nexperia USA Inc.,TVS DIODE 5.5VWM 6TSOP,tvs-diodes,73371,0.66,"SC-74, SOT-457",Surface Mount,Active,https://assets.nexperia.com/documents/data-sheet/IP4234CZ6.pdf,https://www.digikey.com/en/products/detail/nexperia-usa-inc/IP4234CZ6-125/2296236,General Purpose,,2.5pF @ 1MHz,,,-40°C ~ 85°C (TA),100W,Yes,,,Steering (Rail to Rail),4,6V,,5.5V
"IP4283CZ10-TBR,115",Nexperia USA Inc.,TVS DIODE 5.5VWM 9.5V DFN2510A10,tvs-diodes,71172,0.65,10-XFDFN,Surface Mount,Active,https://assets.nexperia.com/documents/data-sheet/IP4283CZ10_SER.pdf,https://www.digikey.com/en/products/detail/nexperia-usa-inc/IP4283CZ10-TBR-115/3430685,HDMI,,,3.8A (8/20µs),,-40°C ~ 85°C (TA),,Yes,,,Steering (Rail to Rail),4,6V,9.5V (Typ),5.5V
LAD52C03L01,YAGEO,TVS DIODE 3.3VWM 7VC SOD523,tvs-diodes,8197,0.27,"SC-79, SOD-523",Surface Mount,Active,https://www.yageo.com/upload/media/product/products/datasheet/cpc/esd/LAD52CXXL01_1.pdf,https://www.digikey.com/en/products/detail/yageo/LAD52C03L01/15855310,General Purpose,1,10pF @ 1MHz,6A (8/20µs),,-55°C ~ 150°C (TJ),,No,,LAD52CXXL01,Zener,,4V,7V,3.3V (Max)
LC03-3.3.TBT,Semtech Corporation,TVS DIODE 3.3VWM 18VC 8-SO,tvs-diodes,3307,5.47,"8-SOIC (0.154"", 3.90mm Width)",Surface Mount,Active,,https://www.digikey.com/en/products/detail/semtech-corporation/LC03-3-3-TBT/1000914,"Ethernet, Telecom",,16pF @ 1MHz,100A (8/20µs),,-55°C ~ 125°C (TJ),1800W (1.8kW),Yes,,,Steering (Rail to Rail),2,,18V,3.3V (Max)
LC03-6.TBT,Semtech Corporation,TVS DIODE 6VWM 20VC 8-SO,tvs-diodes,4273,4.87,"8-SOIC (0.154"", 3.90mm Width)",Surface Mount,Active,,https://www.digikey.com/en/products/detail/semtech-corporation/LC03-6-TBT/1000915,Ethernet,,16pF @ 1MHz,100A (8/20µs),,-55°C ~ 125°C (TJ),2000W (2kW),Yes,,,Steering (Rail to Rail),2,6.8V,20V,6V (Max)
LC03-6R2G,onsemi,TVS DIODE 5VWM 20VC 8-SOIC,tvs-diodes,183,1.92,"8-SOIC (0.154"", 3.90mm Width)",Surface Mount,Active,https://www.onsemi.com/pdf/datasheet/lc03-6r2-d.pdf,https://www.digikey.com/en/products/detail/onsemi/LC03-6R2G/1792207,General Purpose,,16pF @ 1MHz,100A (8/20µs),,-55°C ~ 150°C (TJ),2000W (2kW),No,,,Steering (Rail to Rail),2,6.8V,20V,5V
LCDA05.TBT,Semtech Corporation,TVS DIODE 5VWM 11VC 8-SO,tvs-diodes,2976,5.38,"8-SOIC (0.154"", 3.90mm Width)",Surface Mount,Active,,https://www.digikey.com/en/products/detail/semtech-corporation/LCDA05-TBT/5113621,General Purpose,2,5pF @ 1MHz,5A (8/20µs),,-55°C ~ 125°C (TJ),300W,No,,,Zener,,6V,11V,5V (Max)
LCDA12.TBT,Semtech Corporation,TVS DIODE 12VWM 24VC 8-SO,tvs-diodes,956,5.38,"8-SOIC (0.154"", 3.90mm Width)",Surface Mount,Active,,https://www.digikey.com/en/products/detail/semtech-corporation/LCDA12-TBT/5113622,General Purpose,2,5pF @ 1MHz,5A (8/20µs),,-55°C ~ 125°C (TJ),300W,No,,,Zener,,13.3V,24V,12V (Max)
LCDA12C-1.TCT,Semtech Corporation,TVS DIODE 12VWM 26.6VC SOT143,tvs-diodes,1631,3.62,"TO-253-4, TO-253AA",Surface Mount,Active,,https://www.digikey.com/en/products/detail/semtech-corporation/LCDA12C-1-TCT/1249478,General Purpose,,8pF @ 1MHz,20A (8/20µs),,-55°C ~ 125°C (TJ),500W,No,,,Zener,2,13.3V,26.6V,12V (Max)
LCDA12C-8.TBT,Semtech Corporation,TVS DIODE 12VWM 26.6VC 16SO,tvs-diodes,2655,8.77,"16-SOIC (0.154"", 3.90mm Width)",Surface Mount,Active,,https://www.digikey.com/en/products/detail/semtech-corporation/LCDA12C-8-TBT/5113623,General Purpose,8,8pF @ 1MHz,20A (8/20µs),,-55°C ~ 125°C (TJ),500W,No,,,Zener,,13.3V,26.6V,12V (Max)
LCDA15C-1.TCT,Semtech Corporation,TVS DIODE 15VWM 33VC SOT143,tvs-diodes,6023,4.4,"TO-253-4, TO-253AA",Surface Mount,Active,,https://www.digikey.com/en/products/detail/semtech-corporation/LCDA15C-1-TCT/5113625,General Purpose,1,8pF @ 1MHz,15A (8/20µs),,-55°C ~ 125°C (TJ),500W,No,,,Zener,,16.7V,33V,15V (Max)
LDP01-39AY,STMicroelectronics,TVS DIODE 33VWM 51.5VC D2PAK,tvs-diodes,8458,4.23,"TO-263-3, D2PAK (2 Leads + Tab), TO-263AB",Surface Mount,Active,https://www.st.com/content/ccc/resource/technical/document/datasheet/67/34/b5/f8/23/2c/46/6e/DM00122355.pdf/files/DM00122355.pdf/jcr:content/translations/en.DM00122355.pdf,https://www.digikey.com/en/products/detail/stmicroelectronics/LDP01-39AY/5170777,,,,85A,Automotive,-55°C ~ 175°C (TJ),,No,AEC-Q101,"LDP01Y, TRANSIL™",Zener,1,36.7V,51.5V,33V
LXES03TAA1-142,Murata Electronics,TVS DIODE 5.5VWM 2CSP,tvs-diodes,10232,0.25,0201 (0603 Metric),Surface Mount,Active,,https://www.digikey.com/en/products/detail/murata-electronics/LXES03TAA1-142/5957542,"Ethernet, HDMI",1,5pF @ 1MHz,,,-40°C ~ 85°C (TA),,No,,LXESxxT,Zener,,7V,,5.5V (Max)
LXES1UTAA1-157,Murata Electronics,TVS DIODE 6VWM 2DFN,tvs-diodes,80585,0.38,2-XDFN,Surface Mount,Active,,https://www.digikey.com/en/products/detail/murata-electronics/LXES1UTAA1-157/5051474,General Purpose,1,0.5pF @ 1MHz,,,-40°C ~ 85°C (TA),,No,,LXESxxT,Zener,,7V,,6V
MA3075WALT1G,onsemi,TVS DIODE 6.5VWM SOT233,tvs-diodes,17124,0.54,"TO-236-3, SC-59, SOT-23-3",Surface Mount,Active,https://www.onsemi.com/pdf/datasheet/ma3075walt1-d.pdf,https://www.digikey.com/en/products/detail/onsemi/MA3075WALT1G/920589,,,80pF @ 1MHz,,Automotive,-55°C ~ 150°C (TJ),15W,No,AEC-Q101,,Zener,2,7.2V,,6.5V
MAX13202EALT+T,Analog Devices Inc./Maxim Integrated,TVS DIODE 6UDFN,tvs-diodes,2870,4.13,6-WFDFN,Surface Mount,Active,https://www.analog.com/media/en/technical-documentation/data-sheets/MAX13202E-MAX13208E.pdf,https://www.digikey.com/en/products/detail/analog-devices-inc-maxim-integrated/MAX13202EALT-T/1475954,General Purpose,,,,,-40°C ~ 125°C (TA),,No,,,Steering (Rail to Rail),2,,,
MAX3207EAUT+T,Analog Devices Inc./Maxim Integrated,TVS DIODE SOT23-6,tvs-diodes,9718,3.49,SOT-23-6,Surface Mount,Active,https://www.analog.com/media/en/technical-documentation/data-sheets/max3205e-max3208e.pdf,https://www.digikey.com/en/products/detail/analog-devices-inc-maxim-integrated/MAX3207EAUT-T/1517177,USB OTG,,,,,-40°C ~ 125°C (TA),,Yes,,,Steering (Rail to Rail),2,,,
MMBZ15VDLT1G,onsemi,TVS DIODE 12.8VWM 21.2VC SOT233,tvs-diodes,21044,0.22,"TO-236-3, SC-59, SOT-23-3",Surface Mount,Active,https://www.onsemi.com/pdf/datasheet/mmbz15vdlt1-d.pdf,https://www.digikey.com/en/products/detail/onsemi/MMBZ15VDLT1G/919646,General Purpose,,,1.9A,,-55°C ~ 150°C (TJ),40W,No,,,Zener,2,14.3V,21.2V,12.8V
MMBZ27VAL-7-F,Diodes Incorporated,TVS DIODE 22VWM 40VC SOT233,tvs-diodes,21019,0.27,"TO-236-3, SC-59, SOT-23-3",Surface Mount,Last Time Buy,https://www.diodes.com/assets/Datasheets/products_inactive_data/MMBZ27VAL.pdf,https://www.digikey.com/en/products/detail/diodes-incorporated/MMBZ27VAL-7-F/814509,General Purpose,,,1A,,-65°C ~ 150°C (TJ),40W,No,,,Zener,2,25.65V,40V,22V
MMBZ27VCL-7-F,Diodes Incorporated,TVS DIODE 22VWM 38VC SOT23-3,tvs-diodes,709910,0.33,"TO-236-3, SC-59, SOT-23-3",Surface Mount,Last Time Buy,https://www.diodes.com/assets/Datasheets/MMBZ27VCL.pdf,https://www.digikey.com/en/products/detail/diodes-incorporated/MMBZ27VCL-7-F/814513,General Purpose,,,1A,,-65°C ~ 150°C (TJ),40W,No,,,Zener,2,25.65V,38V,22V
MMBZ27VCLT1G,onsemi,TVS DIODE 22VWM 38VC SOT233,tvs-diodes,87502,0.2,"TO-236-3, SC-59, SOT-23-3",Surface Mount,Active,https://www.onsemi.com/pdf/datasheet/mmbz15vdlt1-d.pdf,https://www.digikey.com/en/products/detail/onsemi/MMBZ27VCLT1G/919648,General Purpose,,,1A,,-55°C ~ 150°C (TJ),40W,No,,,Zener,2,25.65V,38V,22V
"MMBZ33VAL,215",Nexperia USA Inc.,TVS DIODE 26VWM 46VC TO236AB,tvs-diodes,2901,0.27,"TO-236-3, SC-59, SOT-23-3",Surface Mount,Active,https://assets.nexperia.com/documents/data-sheet/MMBZ33VAL.pdf,https://www.digikey.com/en/products/detail/nexperia-usa-inc/MMBZ33VAL-215/2119709,,,45pF @ 1MHz,870mA,,-55°C ~ 150°C (TA),40W,No,,,Zener,2,31.35V,46V,26V (Max)
MMQA12VT1G,onsemi,TVS DIODE 9.1VWM 17.3VC SC74,tvs-diodes,47646,0.44,"SC-74, SOT-457",Surface Mount,Active,https://www.onsemi.com/pdf/datasheet/mmqa-d.pdf,https://www.digikey.com/en/products/detail/onsemi/MMQA12VT1G/1482109,General Purpose,,,1.39A (8/20µs),,-55°C ~ 150°C (TJ),150W,No,,MMQA,Zener,4,11.4V,17.3V,9.1V (Max)
MMQA27VT1G,onsemi,TVS DIODE 21VWM 39VC SC74,tvs-diodes,6762,0.54,"SC-74, SOT-457",Surface Mount,Active,https://www.onsemi.com/pdf/datasheet/mmqa-d.pdf,https://www.digikey.com/en/products/detail/onsemi/MMQA27VT1G/921150,General Purpose,,,615mA (8/20µs),,-55°C ~ 150°C (TJ),150W,No,,MMQA,Zener,4,25.7V,39V,21V (Max)
MMQA5V6T1G,onsemi,TVS DIODE 3VWM 8VC SC74,tvs-diodes,2968,0.45,"SC-74, SOT-457",Surface Mount,Active,https://www.onsemi.com/pdf/datasheet/mmqa-d.pdf,https://www.digikey.com/en/products/detail/onsemi/MMQA5V6T1G/919702,General Purpose,,,3A (8/20µs),,-55°C ~ 150°C (TJ),150W,No,,MMQA,Zener,4,5.32V,8V,3V (Max)
MMQA5V6T3G,onsemi,TVS DIODE 3VWM 8VC SC74,tvs-diodes,23178,0.54,"SC-74, SOT-457",Surface Mount,Active,https://www.digikey.com//mm.digikey.com/Volume0/opasdata/d220001/medias/docus/2883/MMQA%20Series%20Rev4.pdf,https://www.digikey.com/en/products/detail/onsemi/MMQA5V6T3G/1792340,General Purpose,,,3A (8/20µs),,-55°C ~ 150°C (TJ),150W,No,,MMQA,Zener,4,5.32V,8V,3V (Max)
MMQA6V2T1G,onsemi,TVS DIODE 4VWM 9VC SC74,tvs-diodes,5294,0.45,"SC-74, SOT-457",Surface Mount,Active,https://www.onsemi.com/pdf/datasheet/mmqa-d.pdf,https://www.digikey.com/en/products/detail/onsemi/MMQA6V2T1G/919703,General Purpose,,,2.66A (8/20µs),,-55°C ~ 150°C (TJ),150W,No,,MMQA,Zener,4,5.89V,9V,4V (Max)
MSMP15A-M3/89A,Vishay General Semiconductor - Diodes Division,TVS DIODE 15VWM 24.4VC DO219AD,tvs-diodes,8425,0.35,DO-219AD,Surface Mount,Active,https://www.vishay.com/docs/89457/msmp6a.pdf,https://www.digikey.com/en/products/detail/vishay-general-semiconductor-diodes-division/MSMP15A-M3-89A/4832598,General Purpose,,,6.2A,,-55°C ~ 150°C (TJ),150W,No,,TransZorb®,Zener,1,16.7V,24.4V,15V
MSMP20A-M3/89A,Vishay General Semiconductor - Diodes Division,TVS DIODE 20VWM 32.4VC DO219AD,tvs-diodes,188674,0.35,DO-219AD,Surface Mount,Active,https://www.vishay.com/docs/89457/msmp6a.pdf,https://www.digikey.com/en/products/detail/vishay-general-semiconductor-diodes-division/MSMP20A-M3-89A/4832602,General Purpose,,,4.6A,,-55°C ~ 150°C (TJ),150W,No,,TransZorb®,Zener,1,22.2V,32.4V,20V
MSMP6.0A-M3/89A,Vishay General Semiconductor - Diodes Division,TVS DIODE 6VWM 10.3VC DO219AD,tvs-diodes,13009,0.31,DO-219AD,Surface Mount,Active,https://www.vishay.com/docs/89457/msmp6a.pdf,https://www.digikey.com/en/products/detail/vishay-general-semiconductor-diodes-division/MSMP6-0A-M3-89A/4832603,General Purpose,,,14.6A,,-55°C ~ 150°C (TJ),150W,No,,TransZorb®,Zener,1,6.67V,10.3V,6V
MSP3V3-M3/89A,Vishay General Semiconductor - Diodes Division,TVS DIODE 3.3VWM 11.5V DO219AD,tvs-diodes,213277,0.31,DO-219AD,Surface Mount,Active,https://www.vishay.com/docs/88486/msp3v3.pdf,https://www.digikey.com/en/products/detail/vishay-general-semiconductor-diodes-division/MSP3V3-M3-89A/2071748,General Purpose,,,87A (8/20µs),,-55°C ~ 150°C (TJ),150W,No,,"TransZorb®, eSMP®",Zener,1,4.1V,11.5V,3.3V
MSP3V3HM3/89A,Vishay General Semiconductor - Diodes Division,TVS DIODE 3.3VWM 11.5V DO219AD,tvs-diodes,20726,0.41,DO-219AD,Surface Mount,Active,https://www.vishay.com/docs/88486/msp3v3.pdf,https://www.digikey.com/en/products/detail/vishay-general-semiconductor-diodes-division/MSP3V3HM3-89A/2149921,,,,87A (8/20µs),Automotive,-55°C ~ 150°C (TJ),150W,No,AEC-Q101,"TransZorb®, eSMP™",Zener,1,4.1V,11.5V,3.3V
MSP5.0A-M3/89A,Vishay General Semiconductor - Diodes Division,TVS DIODE 5VWM 9.2VC DO219AD,tvs-diodes,93685,0.32,DO-219AD,Surface Mount,Active,https://www.vishay.com/docs/88486/msp3v3.pdf,https://www.digikey.com/en/products/detail/vishay-general-semiconductor-diodes-division/MSP5-0A-M3-89A/2071749,General Purpose,,,10.9A,,-55°C ~ 150°C (TJ),100W,No,,"TransZorb®, eSMP®",Zener,1,6.4V,9.2V,5V
MSQA6V1W5T2G,onsemi,TVS DIODE 3VWM SC88A,tvs-diodes,0,0.33,"5-TSSOP, SC-70-5, SOT-353",Surface Mount,Active,https://www.onsemi.com/pdf/datasheet/msqa6v1w5t2-d.pdf,https://www.digikey.com/en/products/detail/onsemi/MSQA6V1W5T2G/919871,General Purpose,,90pF @ 1MHz,,,-55°C ~ 150°C (TJ),150W,No,,,Zener,4,6.1V,,3V
NSQA6V8AW5T2G,onsemi,TVS DIODE 5VWM 13VC SC88A,tvs-diodes,97914,0.82,"5-TSSOP, SC-70-5, SOT-353",Surface Mount,Active,https://www.onsemi.com/pdf/datasheet/nsqa6v8aw5t2-d.pdf,https://www.digikey.com/en/products/detail/onsemi/NSQA6V8AW5T2G/921521,General Purpose,,12pF @ 1MHz,1.6A (8/20µs),,-40°C ~ 125°C (TJ),20W,No,,,Zener,4,6.4V,13V,5V
NUP1105LT1G,onsemi,TVS DIODE 24VWM 44VC SOT233,tvs-diodes,27000,0.55,"TO-236-3, SC-59, SOT-23-3",Surface Mount,Active,https://www.onsemi.com/pdf/datasheet/nup1105l-d.pdf,https://www.digikey.com/en/products/detail/onsemi/NUP1105LT1G/1484998,CAN,1,60pF @ 1MHz,8A (8/20µs),,-55°C ~ 150°C (TJ),350W,No,,,Zener,,25.7V,44V,24V (Min)
NUP1301ML3T1G,onsemi,TVS DIODE 70VWM SOT233,tvs-diodes,60709,0.44,"TO-236-3, SC-59, SOT-23-3",Surface Mount,Active,https://www.onsemi.com/pdf/datasheet/nup1301ml3t1-d.pdf,https://www.digikey.com/en/products/detail/onsemi/NUP1301ML3T1G/1484999,,,0.9pF @ 1MHz,,Automotive,-65°C ~ 150°C (TJ),,No,AEC-Q101,,Steering (Rail to Rail),1,70V,,70V
NUP2105L,Diotec Semiconductor,TVS DIODE 24VWM 44VC SOT233,tvs-diodes,35687,0.39,"TO-236-3, SC-59, SOT-23-3",Surface Mount,Active,https://diotec.com/request/datasheet/nup2105l.pdf,https://www.digikey.com/en/products/detail/diotec-semiconductor/NUP2105L/13156470,General Purpose,2,30pF @ 1MHz,8A (8/20µs),,-55°C ~ 150°C (TJ),350W,No,,,Zener,,26.2V,44V,24V
NUP2105L-AQ,Diotec Semiconductor,TVS DIODE 24VWM 44VC SOT233,tvs-diodes,1407,0.44,"TO-236-3, SC-59, SOT-23-3",Surface Mount,Active,https://diotec.com/request/datasheet/nup2105l.pdf,https://www.digikey.com/en/products/detail/diotec-semiconductor/NUP2105L-AQ/22189553,,2,30pF @ 1MHz,8A (8/20µs),Automotive,-55°C ~ 150°C (TJ),350W,No,AEC-Q101,,Zener,,26.2V,44V,24V
NUP2105LT1G,onsemi,TVS DIODE 24VWM 44VC SOT23-3,tvs-diodes,133111,0.44,"TO-236-3, SC-59, SOT-23-3",Surface Mount,Active,https://www.onsemi.com/pdf/datasheet/nup2105l-d.pdf,https://www.digikey.com/en/products/detail/onsemi/NUP2105LT1G/1749081,General Purpose,2,30pF @ 1MHz,8A (8/20µs),,-55°C ~ 150°C (TJ),350W,No,,,Zener,,26.2V,44V,24V (Min)
NUP2114UCMR6T1G,onsemi,TVS DIODE 5VWM 10VC 6TSOP,tvs-diodes,15108,0.87,"SOT-23-6 Thin, TSOT-23-6",Surface Mount,Active,https://www.onsemi.com/pdf/datasheet/nup2114-d.pdf,https://www.digikey.com/en/products/detail/onsemi/NUP2114UCMR6T1G/1961288,General Purpose,,0.8pF @ 1MHz,8A (8/20µs),,-40°C ~ 125°C (TJ),,Yes,,,Steering (Rail to Rail),2,5.5V,10V (Typ),5V (Max)
NUP4106DR2G,onsemi,TVS DIODE 3.3VWM 15VC 8-SOIC,tvs-diodes,6333,4.01,"8-SOIC (0.154"", 3.90mm Width)",Surface Mount,Active,https://www.onsemi.com/pdf/datasheet/nup4106-d.pdf,https://www.digikey.com/en/products/detail/onsemi/NUP4106DR2G/2050568,General Purpose,,8pF @ 1MHz,25A (8/20µs),,-55°C ~ 150°C (TJ),500W,Yes,,,Steering (Rail to Rail),4,5V,15V,3.3V
NUP4114HMR6T1G,onsemi,TVS DIODE 5.5VWM 10VC 6TSOP,tvs-diodes,2949,0.97,"SOT-23-6 Thin, TSOT-23-6",Surface Mount,Active,https://www.onsemi.com/pdf/datasheet/nup4114-d.pdf,https://www.digikey.com/en/products/detail/onsemi/NUP4114HMR6T1G/1961292,"Ethernet, HDMI",,0.6pF @ 1MHz,8A (8/20µs),,-40°C ~ 125°C (TJ),,Yes,,,Steering (Rail to Rail),4,5.5V,10V,5.5V (Max)
NUP4114UCW1T2G,onsemi,TVS DIODE 5.5VWM 10VC SC88,tvs-diodes,2886,0.57,"6-TSSOP, SC-88, SOT-363",Surface Mount,Active,https://www.onsemi.com/pdf/datasheet/nup4114-d.pdf,https://www.digikey.com/en/products/detail/onsemi/NUP4114UCW1T2G/2194294,General Purpose,,0.6pF @ 1MHz,8A (8/20µs),,-40°C ~ 125°C (TJ),,Yes,,,Steering (Rail to Rail),4,5.5V,10V,5.5V (Max)
NUP4114UPXV6T1G,onsemi,TVS DIODE 5.5VWM 10VC SOT563,tvs-diodes,0,0.95,"SOT-563, SOT-666",Surface Mount,Active,https://www.onsemi.com/pdf/datasheet/nup4114-d.pdf,https://www.digikey.com/en/products/detail/onsemi/NUP4114UPXV6T1G/1961293,General Purpose,,0.6pF @ 1MHz,8A (8/20µs),,-40°C ~ 125°C (TJ),,Yes,,,Steering (Rail to Rail),4,5.5V,10V,5.5V (Max)
NUP4302MR6T1G,onsemi,TVS DIODE 25VWM 6TSOP,tvs-diodes,76809,1.91,"SOT-23-6 Thin, TSOT-23-6",Surface Mount,Active,https://www.onsemi.com/pdf/datasheet/nup4302mr6.pdf,https://www.digikey.com/en/products/detail/onsemi/NUP4302MR6T1G/1485008,General Purpose,,28pF @ 1MHz,,,-55°C ~ 125°C (TJ),,No,,,Steering (Rail to Rail),4,30V,,25V (Max)
NUP5120X6T1G,onsemi,TVS DIODE 5VWM SOT563,tvs-diodes,12769,0.42,"SOT-563, SOT-666",Surface Mount,Active,https://www.onsemi.com/pdf/datasheet/nup5120-d.pdf,https://www.digikey.com/en/products/detail/onsemi/NUP5120X6T1G/1485012,General Purpose,,54pF @ 1MHz,,,-40°C ~ 125°C (TJ),90W,No,,,Zener,5,6.2V,,5V (Max)
NZL5V6AXV3T1G,onsemi,TVS DIODE 3VWM 7VC SC893,tvs-diodes,32162,0.47,"SC-89, SOT-490",Surface Mount,Active,https://www.onsemi.com/pdf/datasheet/nzl5v6axv3t1-d.pdf,https://www.digikey.com/en/products/detail/onsemi/NZL5V6AXV3T1G/920241,,,,10.1A (8/20µs),Automotive,-55°C ~ 150°C (TJ),50W,No,AEC-Q101,,Zener,2,5.32V,7V,3V
NZL6V8AXV3T1G,onsemi,TVS DIODE 4.5VWM 7.9VC SC893,tvs-diodes,20809,0.46,"SC-89, SOT-490",Surface Mount,Active,https://www.onsemi.com/pdf/datasheet/nzl5v6axv3t1-d.pdf,https://www.digikey.com/en/products/detail/onsemi/NZL6V8AXV3T1G/920242,,,,11.9A (8/20µs),Automotive,-55°C ~ 150°C (TJ),73W,No,AEC-Q101,,Zener,2,6.46V,7.9V,4.5V
NZL7V5AXV3T1G,onsemi,TVS DIODE 5VWM 8.8VC SC893,tvs-diodes,6535,0.58,"SC-89, SOT-490",Surface Mount,Active,https://www.onsemi.com/pdf/datasheet/nzl5v6axv3t1-d.pdf,https://www.digikey.com/en/products/detail/onsemi/NZL7V5AXV3T1G/920243,,,,13.5A (8/20µs),Automotive,-55°C ~ 150°C (TJ),75W,No,AEC-Q101,,Zener,2,7.12V,8.8V,5V
P4FL3.3A_R1_00001,Panjit International Inc.,TVS DIODE 3.3VWM 8.5VC SOD123FL,tvs-diodes,12097,0.34,SOD-123F,Surface Mount,Active,https://www.panjit.com.tw/upload/datasheet/P4FL3.3A_SERIES.pdf,https://www.digikey.com/en/products/detail/panjit-international-inc/P4FL3-3A-R1-00001/14660421,General Purpose,,,47A,,-55°C ~ 150°C (TJ),400W,No,,P4FL3.3A,Zener,1,5.2V,8.5V,3.3V
P4SMA15A,Bourns Inc.,TVS DIODE 12.8VWM 21.2V DO214AC,tvs-diodes,13701,0.52,"DO-214AC, SMA",Surface Mount,Active,https://www.bourns.com/docs/Product-Datasheets/P4SMA.pdf,https://www.digikey.com/en/products/detail/bourns-inc/P4SMA15A/5320186,General Purpose,,,19.3A,,-55°C ~ 150°C (TJ),400W,No,,,Zener,1,14.3V,21.2V,12.8V
P4SMA27A,Bourns Inc.,TVS DIODE 23.1VWM 37.5V DO214AC,tvs-diodes,14640,0.52,"DO-214AC, SMA",Surface Mount,Active,https://www.bourns.com/docs/Product-Datasheets/P4SMA.pdf,https://www.digikey.com/en/products/detail/bourns-inc/P4SMA27A/5320192,General Purpose,,,10.9A,,-55°C ~ 150°C (TJ),400W,No,,,Zener,1,25.7V,37.5V,23.1V
P4SMA30A,Bourns Inc.,TVS DIODE 25.6VWM 41.4V DO214AC,tvs-diodes,4775,0.52,"DO-214AC, SMA",Surface Mount,Active,https://www.bourns.com/docs/Product-Datasheets/P4SMA.pdf,https://www.digikey.com/en/products/detail/bourns-inc/P4SMA30A/5320193,General Purpose,,,9.9A,,-55°C ~ 150°C (TJ),400W,No,,,Zener,1,28.5V,41.4V,25.6V
P4SMA30CA,Bourns Inc.,TVS DIODE 25.6VWM 41.4V DO214AC,tvs-diodes,12820,0.58,"DO-214AC, SMA",Surface Mount,Active,https://www.bourns.com/docs/Product-Datasheets/P4SMA.pdf,https://www.digikey.com/en/products/detail/bourns-inc/P4SMA30CA/5320239,General Purpose,1,,9.9A,,-55°C ~ 150°C (TJ),400W,No,,,Zener,,28.5V,41.4V,25.6V
P4SMA47A,Taiwan Semiconductor Corporation,TVS DIODE 40.2VWM 64.8V DO214AC,tvs-diodes,3255,0.47,"DO-214AC, SMA",Surface Mount,Active,https://services.taiwansemi.com/storage/resources/datasheet/P4SMA SERIES_S2102.pdf,https://www.digikey.com/en/products/detail/taiwan-semiconductor-corporation/P4SMA47A/7368375,General Purpose,,,6.4A,,-55°C ~ 150°C (TJ),400W,No,,P4SMA,Zener,1,44.7V,64.8V,40.2V
P4SMA6.8CA,Bourns Inc.,TVS DIODE 5.8VWM 10.5V DO214AC,tvs-diodes,22747,0.58,"DO-214AC, SMA",Surface Mount,Active,https://www.bourns.com/docs/Product-Datasheets/P4SMA.pdf,https://www.digikey.com/en/products/detail/bourns-inc/P4SMA6-8CA/5320224,General Purpose,1,,39A,,-55°C ~ 150°C (TJ),400W,No,,,Zener,,6.45V,10.5V,5.8V
P4SMAJ12A,Diotec Semiconductor,TVS DIODE 12VWM 19.9VC DO214AC,tvs-diodes,10805,0.36,"DO-214AC, SMA",Surface Mount,Active,https://diotec.com/request/datasheet/p4smaj65.pdf,https://www.digikey.com/en/products/detail/diotec-semiconductor/P4SMAJ12A/13155892,General Purpose,,,20.1A,,-50°C ~ 150°C (TJ),400W,No,,,Zener,1,13.3V,19.9V,12V
P4SMAJ12CA,Diotec Semiconductor,TVS DIODE 12VWM 19.9VC DO214AC,tvs-diodes,5819,0.37,"DO-214AC, SMA",Surface Mount,Active,https://diotec.com/request/datasheet/p4smaj65.pdf,https://www.digikey.com/en/products/detail/diotec-semiconductor/P4SMAJ12CA/13154784,General Purpose,1,,20.1A,,-50°C ~ 150°C (TJ),400W,No,,,Zener,,13.3V,19.9V,12V
P4SMAJ15A,Diotec Semiconductor,TVS DIODE 15VWM 24.4VC DO214AC,tvs-diodes,4742,0.36,"DO-214AC, SMA",Surface Mount,Active,https://diotec.com/request/datasheet/p4smaj65.pdf,https://www.digikey.com/en/products/detail/diotec-semiconductor/P4SMAJ15A/13155141,General Purpose,,,16.4A,,-50°C ~ 150°C (TJ),400W,No,,,Zener,1,16.7V,24.4V,15V
P4SMAJ15CA,Diotec Semiconductor,TVS DIODE 15VWM 24.4VC DO214AC,tvs-diodes,3955,0.37,"DO-214AC, SMA",Surface Mount,Active,https://diotec.com/request/datasheet/p4smaj65.pdf,https://www.digikey.com/en/products/detail/diotec-semiconductor/P4SMAJ15CA/13155627,General Purpose,1,,16.4A,,-50°C ~ 150°C (TJ),400W,No,,,Zener,,16.7V,24.4V,15V
P4SMAJ5.0A,Diotec Semiconductor,TVS DIODE 5VWM 9.2VC DO214AC,tvs-diodes,6024,0.36,"DO-214AC, SMA",Surface Mount,Active,https://diotec.com/request/datasheet/p4smaj65.pdf,https://www.digikey.com/en/products/detail/diotec-semiconductor/P4SMAJ5-0A/13154895,General Purpose,,,43.5A,,-50°C ~ 150°C (TJ),400W,No,,,Zener,1,6.4V,9.2V,5V
P4SMF12A,SMC Diode Solutions,TVS DIODE 12VWM 19.9VC SOD123FL,tvs-diodes,18665,0.25,SOD-123F,Surface Mount,Active,https://www.smc-diodes.com/propdf/P4SMF%20series%20N2271%20REV.C.pdf,https://www.digikey.com/en/products/detail/smc-diode-solutions/P4SMF12A/16188293,General Purpose,,,20.1A,,-55°C ~ 150°C (TJ),400W,No,,P4SMF,Zener,1,13.3V,19.9V,12V
P4SMF24A,SMC Diode Solutions,TVS DIODE 24VWM 38.9VC SOD123FL,tvs-diodes,12608,0.25,SOD-123F,Surface Mount,Active,https://www.smc-diodes.com/propdf/P4SMF%20series%20N2271%20REV.C.pdf,https://www.digikey.com/en/products/detail/smc-diode-solutions/P4SMF24A/16188291,General Purpose,,,10.3A,,-55°C ~ 150°C (TJ),400W,No,,P4SMF,Zener,1,26.7V,38.9V,24V
P4SMF26A,SMC Diode Solutions,TVS DIODE 26VWM 42.1VC SOD123FL,tvs-diodes,5909,0.25,SOD-123F,Surface Mount,Active,https://www.smc-diodes.com/propdf/P4SMF%20series%20N2271%20REV.C.pdf,https://www.digikey.com/en/products/detail/smc-diode-solutions/P4SMF26A/16188288,General Purpose,,,9.5A,,-55°C ~ 150°C (TJ),400W,No,,P4SMF,Zener,1,28.9V,42.1V,26V
P4SMF30A,SMC Diode Solutions,TVS DIODE 30VWM 48.4VC SOD123FL,tvs-diodes,9524,0.25,SOD-123F,Surface Mount,Active,https://www.smc-diodes.com/propdf/P4SMF%20series%20N2271%20REV.C.pdf,https://www.digikey.com/en/products/detail/smc-diode-solutions/P4SMF30A/16188282,General Purpose,,,8.3A,,-55°C ~ 150°C (TJ),400W,No,,P4SMF,Zener,1,33.3V,48.4V,30V
P4SMF5.0A,SMC Diode Solutions,TVS DIODE 5VWM 9.2VC SOD123FL,tvs-diodes,21881,0.28,SOD-123F,Surface Mount,Active,https://www.smc-diodes.com/propdf/P4SMF%20series%20N2271%20REV.C.pdf,https://www.digikey.com/en/products/detail/smc-diode-solutions/P4SMF5-0A/16188287,General Purpose,,,40.1A,,-55°C ~ 150°C (TJ),400W,No,,P4SMF,Zener,1,6.4V,9.2V,5V
P4SMF5.0CA,SMC Diode Solutions,TVS DIODE 5VWM 9.2VC SOD123FL,tvs-diodes,13480,0.3,SOD-123F,Surface Mount,Active,https://www.smc-diodes.com/propdf/P4SMF%20series%20N2271%20REV.C.pdf,https://www.digikey.com/en/products/detail/smc-diode-solutions/P4SMF5-0CA/16188297,General Purpose,1,,40.1A,,-55°C ~ 150°C (TJ),400W,No,,P4SMF,Zener,,6.4V,9.2V,5V
P4SMF6.0CA,SMC Diode Solutions,TVS DIODE 6VWM 10.3VC SOD123FL,tvs-diodes,5557,0.3,SOD-123F,Surface Mount,Active,https://www.smc-diodes.com/propdf/P4SMF%20series%20N2271%20REV.C.pdf,https://www.digikey.com/en/products/detail/smc-diode-solutions/P4SMF6-0CA/16188295,General Purpose,1,,35.9A,,-55°C ~ 150°C (TJ),400W,No,,P4SMF,Zener,,6.67V,10.3V,6V
P6KE18A,Taiwan Semiconductor Corporation,TVS DIODE 15.3VWM 25.2VC DO15,tvs-diodes,7188,0.58,"DO-204AC, DO-15, Axial",Through Hole,Active,https://services.taiwansemi.com/storage/resources/datasheet/P6KE SERIES_P2203.pdf,https://www.digikey.com/en/products/detail/taiwan-semiconductor-corporation/P6KE18A/1050317,General Purpose,,,24A,,,600W,No,,,Zener,1,17.1V,25.2V,15.3V
P6KE200A,Diotec Semiconductor,TVS DIODE 171VWM 274VC DO204AC,tvs-diodes,4681,0.51,"DO-204AC, DO-15, Axial",Through Hole,Active,https://diotec.com/request/datasheet/p6ke68.pdf,https://www.digikey.com/en/products/detail/diotec-semiconductor/P6KE200A/13164288,General Purpose,,,2.2A,,-50°C ~ 175°C (TJ),600W,No,,,Zener,1,190V,274V,171V
P6KE24A,Diotec Semiconductor,TVS DIODE 20.5VWM 33.2V DO204AC,tvs-diodes,1143,0.51,"DO-204AC, DO-15, Axial",Through Hole,Active,https://diotec.com/request/datasheet/p6ke68.pdf,https://www.digikey.com/en/products/detail/diotec-semiconductor/P6KE24A/22189535,General Purpose,,,19A,,-50°C ~ 175°C (TJ),600W,No,,,Zener,1,22.8V,33.2V,20.5V
P6KE6.8A,Littelfuse Inc.,TVS DIODE 5.8VWM 10.5V DO204AC,tvs-diodes,45145,0.57,"DO-204AC, DO-15, Axial",Through Hole,Active,https://www.littelfuse.com/assetdocs/littelfuse_tvs_diode_p6ke_datasheet.pdf?assetguid=620a3cb5-3282-4670-8b03-66f21bc75523,https://www.digikey.com/en/products/detail/littelfuse-inc/P6KE6-8A/285914,General Purpose,,,58.1A,,-55°C ~ 175°C (TJ),600W,No,,P6KE,Zener,1,6.45V,10.5V,5.8V
P6SMB110A,Bourns Inc.,TVS DIODE 94VWM 152VC DO214AA,tvs-diodes,10375,0.55,"DO-214AA, SMB",Surface Mount,Active,https://www.bourns.com/docs/Product-Datasheets/P6SMB.pdf,https://www.digikey.com/en/products/detail/bourns-inc/P6SMB110A/5320299,General Purpose,,,4A,,-55°C ~ 150°C (TJ),600W,No,,,Zener,1,105V,152V,94V
P6SMB13A,Bourns Inc.,TVS DIODE 11.1VWM 18.2V DO214AA,tvs-diodes,13532,0.55,"DO-214AA, SMB",Surface Mount,Active,https://www.bourns.com/docs/Product-Datasheets/P6SMB.pdf,https://www.digikey.com/en/products/detail/bourns-inc/P6SMB13A/5320277,General Purpose,,,33.5A,,-55°C ~ 150°C (TJ),600W,No,,,Zener,1,12.4V,18.2V,11.1V
P6SMB150A,Littelfuse Inc.,TVS DIODE 128VWM 207VC DO214AA,tvs-diodes,12410,0.58,"DO-214AA, SMB",Surface Mount,Active,https://www.littelfuse.com/assetdocs/tvs-diodes-p6smb-series-datasheet?assetguid=f5388c46-7505-4228-a009-0af00fd10435,https://www.digikey.com/en/products/detail/littelfuse-inc/P6SMB150A/1766578,General Purpose,,,2.9A,,-55°C ~ 150°C (TJ),600W,No,,P6SMB,Zener,1,143V,207V,128V
P6SMB15A,Littelfuse Inc.,TVS DIODE 12.8VWM 21.2V DO214AA,tvs-diodes,21913,0.54,"DO-214AA, SMB",Surface Mount,Active,https://www.littelfuse.com/assetdocs/tvs-diodes-p6smb-series-datasheet?assetguid=f5388c46-7505-4228-a009-0af00fd10435,https://www.digikey.com/en/products/detail/littelfuse-inc/P6SMB15A/1766580,General Purpose,,,28.8A,,-55°C ~ 150°C (TJ),600W,No,,P6SMB,Zener,1,14.3V,21.2V,12.8V
P6SMB160A-E3/52,Vishay General Semiconductor - Diodes Division,TVS DIODE 136VWM 219VC DO214AA,tvs-diodes,2329,0.56,"DO-214AA, SMB",Surface Mount,Active,https://www.vishay.com/docs/88370/p6smb.pdf,https://www.digikey.com/en/products/detail/vishay-general-semiconductor-diodes-division/P6SMB160A-E3-52/2150127,General Purpose,,,2.7A,,-65°C ~ 150°C (TJ),600W,No,,"P6SMB, TransZorb®",Zener,1,152V,219V,136V
P6SMB16A,Bourns Inc.,TVS DIODE 13.6VWM 22.5V DO214AA,tvs-diodes,44685,0.55,"DO-214AA, SMB",Surface Mount,Active,https://www.bourns.com/docs/Product-Datasheets/P6SMB.pdf,https://www.digikey.com/en/products/detail/bourns-inc/P6SMB16A/5320279,General Purpose,,,27.1A,,-55°C ~ 150°C (TJ),600W,No,,,Zener,1,15.2V,22.5V,13.6V
P6SMB18A,Bourns Inc.,TVS DIODE 15.3VWM 25.5V DO214AA,tvs-diodes,19607,0.55,"DO-214AA, SMB",Surface Mount,Active,https://www.bourns.com/docs/Product-Datasheets/P6SMB.pdf,https://www.digikey.com/en/products/detail/bourns-inc/P6SMB18A/5320280,General Purpose,,,24.2A,,-55°C ~ 150°C (TJ),600W,No,,,Zener,1,17.1V,25.5V,15.3V
P6SMB200A,Littelfuse Inc.,TVS DIODE 171VWM 274VC DO214AA,tvs-diodes,13328,0.54,"DO-214AA, SMB",Surface Mount,Active,https://www.littelfuse.com/assetdocs/tvs-diodes-p6smb-series-datasheet?assetguid=f5388c46-7505-4228-a009-0af00fd10435,https://www.digikey.com/en/products/detail/littelfuse-inc/P6SMB200A/1766588,General Purpose,,,2.2A,,-55°C ~ 150°C (TJ),600W,No,,P6SMB,Zener,1,190V,274V,171V
P6SMB20A,Littelfuse Inc.,TVS DIODE 17.1VWM 27.7V DO214AA,tvs-diodes,3290,0.55,"DO-214AA, SMB",Surface Mount,Active,https://www.littelfuse.com/assetdocs/tvs-diodes-p6smb-series-datasheet?assetguid=f5388c46-7505-4228-a009-0af00fd10435,https://www.digikey.com/en/products/detail/littelfuse-inc/P6SMB20A/1766590,General Purpose,,,22A,,-55°C ~ 150°C (TJ),600W,No,,P6SMB,Zener,1,19V,27.7V,17.1V
P6SMB27A,Littelfuse Inc.,TVS DIODE 23.1VWM 37.5V DO214AA,tvs-diodes,5276,0.55,"DO-214AA, SMB",Surface Mount,Active,https://www.littelfuse.com/assetdocs/tvs-diodes-p6smb-series-datasheet?assetguid=f5388c46-7505-4228-a009-0af00fd10435,https://www.digikey.com/en/products/detail/littelfuse-inc/P6SMB27A/1766600,General Purpose,,,16.3A,,-55°C ~ 150°C (TJ),600W,No,,P6SMB,Zener,1,25.7V,37.5V,23.1V
P6SMB27CA,Littelfuse Inc.,TVS DIODE 23.1VWM 37.5V DO214AA,tvs-diodes,4410,0.57,"DO-214AA, SMB",Surface Mount,Active,https://www.littelfuse.com/assetdocs/tvs-diodes-p6smb-series-datasheet?assetguid=f5388c46-7505-4228-a009-0af00fd10435,https://www.digikey.com/en/products/detail/littelfuse-inc/P6SMB27CA/1766601,General Purpose,1,,16.3A,,-55°C ~ 150°C (TJ),600W,No,,P6SMB,Zener,,25.7V,37.5V,23.1V
P6SMB30A,Littelfuse Inc.,TVS DIODE 25.6VWM 41.4V DO214AA,tvs-diodes,8631,0.5,"DO-214AA, SMB",Surface Mount,Active,https://www.littelfuse.com/assetdocs/tvs-diodes-p6smb-series-datasheet?assetguid=f5388c46-7505-4228-a009-0af00fd10435,https://www.digikey.com/en/products/detail/littelfuse-inc/P6SMB30A/1766604,General Purpose,,,14.7A,,-55°C ~ 150°C (TJ),600W,No,,P6SMB,Zener,1,28.5V,41.4V,25.6V
P6SMB33A,Littelfuse Inc.,TVS DIODE 28.2VWM 45.7V DO214AA,tvs-diodes,70941,0.5,"DO-214AA, SMB",Surface Mount,Active,https://www.littelfuse.com/assetdocs/tvs-diodes-p6smb-series-datasheet?assetguid=f5388c46-7505-4228-a009-0af00fd10435,https://www.digikey.com/en/products/detail/littelfuse-inc/P6SMB33A/1766605,General Purpose,,,13.3A,,-55°C ~ 150°C (TJ),600W,No,,P6SMB,Zener,1,31.4V,45.7V,28.2V
P6SMB36A,Littelfuse Inc.,TVS DIODE 30.8VWM DO214AA,tvs-diodes,15456,0.5,"DO-214AA, SMB",Surface Mount,Active,https://www.littelfuse.com/assetdocs/tvs-diodes-p6smb-series-datasheet?assetguid=f5388c46-7505-4228-a009-0af00fd10435,https://www.digikey.com/en/products/detail/littelfuse-inc/P6SMB36A/1766609,General Purpose,,,12.2A,,-55°C ~ 150°C (TJ),600W,No,,P6SMB,Zener,1,34.2V,49.9V,30.8V
P6SMB36CA-AT/TR13,YAGEO,TVS DIODE 30.8VWM DO214AA,tvs-diodes,18,0.38,"DO-214AA, SMB",Surface Mount,Active,https://yageogroup.com/content/datasheet/asset/file/P6SMB-AT_1,https://www.digikey.com/en/products/detail/yageo/P6SMB36CA-AT-TR13/16265959,,1,,12.2A,Automotive,-55°C ~ 150°C (TJ),600W,No,AEC-Q101,P6SMB-AT,Zener,,34.2V,49.9V,30.8V
P6SMB36CAH,Taiwan Semiconductor Corporation,TVS DIODE 30.8VWM DO214AA,tvs-diodes,13534,0.71,"DO-214AA, SMB",Surface Mount,Active,https://services.taiwansemi.com/storage/resources/datasheet/P6SMBH SERIES_A2102.pdf,https://www.digikey.com/en/products/detail/taiwan-semiconductor-corporation/P6SMB36CAH/7368518,,1,,12.6A,Automotive,-55°C ~ 150°C (TJ),600W,No,AEC-Q101,P6SMB,Zener,,34.2V,49.9V,30.8V
P6SMB39A,Littelfuse Inc.,TVS DIODE 33.3VWM 53.9V DO214AA,tvs-diodes,9738,0.54,"DO-214AA, SMB",Surface Mount,Active,https://www.littelfuse.com/assetdocs/tvs-diodes-p6smb-series-datasheet?assetguid=f5388c46-7505-4228-a009-0af00fd10435,https://www.digikey.com/en/products/detail/littelfuse-inc/P6SMB39A/1766611,General Purpose,,,11.3A,,-55°C ~ 150°C (TJ),600W,No,,P6SMB,Zener,1,37.1V,53.9V,33.3V
P6SMB43A,Littelfuse Inc.,TVS DIODE 36.8VWM 59.3V DO214AA,tvs-diodes,4772,0.55,"DO-214AA, SMB",Surface Mount,Active,https://www.littelfuse.com/assetdocs/tvs-diodes-p6smb-series-datasheet?assetguid=f5388c46-7505-4228-a009-0af00fd10435,https://www.digikey.com/en/products/detail/littelfuse-inc/P6SMB43A/1766615,General Purpose,,,10.3A,,-55°C ~ 150°C (TJ),600W,No,,P6SMB,Zener,1,40.9V,59.3V,36.8V
P6SMB43CA,Littelfuse Inc.,TVS DIODE 36.8VWM 59.3V DO214AA,tvs-diodes,15378,0.61,"DO-214AA, SMB",Surface Mount,Active,https://www.littelfuse.com/assetdocs/tvs-diodes-p6smb-series-datasheet?assetguid=f5388c46-7505-4228-a009-0af00fd10435,https://www.digikey.com/en/products/detail/littelfuse-inc/P6SMB43CA/1766616,General Purpose,1,,10.3A,,-55°C ~ 150°C (TJ),600W,No,,P6SMB,Zener,,40.9V,59.3V,36.8V
P6SMB440CA,Bourns Inc.,TVS DIODE 376VWM 602VC DO214AA,tvs-diodes,57914,0.94,"DO-214AA, SMB",Surface Mount,Active,https://www.bourns.com/docs/Product-Datasheets/P6SMB.pdf,https://www.digikey.com/en/products/detail/bourns-inc/P6SMB440CA/5313716,General Purpose,1,,1A,,-55°C ~ 150°C (TJ),600W,No,,P6SMB,Zener,,418V,602V,376V
P6SMB47CA,Littelfuse Inc.,TVS DIODE 40.2VWM 64.8V DO214AA,tvs-diodes,18465,0.57,"DO-214AA, SMB",Surface Mount,Active,https://www.littelfuse.com/assetdocs/tvs-diodes-p6smb-series-datasheet?assetguid=f5388c46-7505-4228-a009-0af00fd10435,https://www.digikey.com/en/products/detail/littelfuse-inc/P6SMB47CA/1766620,General Purpose,1,,9.4A,,-55°C ~ 150°C (TJ),600W,No,,P6SMB,Zener,,44.7V,64.8V,40.2V
P6SMB56A,Bourns Inc.,TVS DIODE 47.8VWM 77VC DO214AA,tvs-diodes,22548,0.55,"DO-214AA, SMB",Surface Mount,Active,https://www.bourns.com/docs/Product-Datasheets/P6SMB.pdf,https://www.digikey.com/en/products/detail/bourns-inc/P6SMB56A/5320292,General Purpose,,,7.9A,,-55°C ~ 150°C (TJ),600W,No,,P6SMB,Zener,1,53.2V,77V,47.8V
P6SMB6.8A,Littelfuse Inc.,TVS DIODE 5.8VWM 10.5V DO214AA,tvs-diodes,18767,0.54,"DO-214AA, SMB",Surface Mount,Active,https://www.littelfuse.com/assetdocs/tvs-diodes-p6smb-series-datasheet?assetguid=f5388c46-7505-4228-a009-0af00fd10435,https://www.digikey.com/en/products/detail/littelfuse-inc/P6SMB6-8A/1766631,General Purpose,,,58.1A,,-55°C ~ 150°C (TJ),600W,No,,P6SMB,Zener,1,6.45V,10.5V,5.8V
P6SMBJ15A,Diotec Semiconductor,TVS DIODE 15VWM 24.4VC DO214AA,tvs-diodes,3172,0.38,"DO-214AA, SMB",Surface Mount,Active,https://diotec.com/request/datasheet/p6smbj65.pdf,https://www.digikey.com/en/products/detail/diotec-semiconductor/P6SMBJ15A/13163228,General Purpose,,,24.6A,,-50°C ~ 150°C (TJ),600W,No,,,Zener,1,16.7V,24.4V,15V
P6SMBJ24A,Diotec Semiconductor,TVS DIODE 24VWM 38.9VC DO214AA,tvs-diodes,2523,0.38,"DO-214AA, SMB",Surface Mount,Active,https://diotec.com/request/datasheet/p6smbj65.pdf,https://www.digikey.com/en/products/detail/diotec-semiconductor/P6SMBJ24A/13164143,General Purpose,,,15.4A,,-50°C ~ 150°C (TJ),600W,No,,,Zener,1,26.7V,38.9V,24V
P6SMBJ5.0A,Diotec Semiconductor,TVS DIODE 5VWM 9.2VC DO214AA,tvs-diodes,1241,0.38,"DO-214AA, SMB",Surface Mount,Active,https://diotec.com/request/datasheet/p6smbj65.pdf,https://www.digikey.com/en/products/detail/diotec-semiconductor/P6SMBJ5-0A/13154953,General Purpose,,,65.2A,,-50°C ~ 150°C (TJ),600W,No,,,Zener,1,6.4V,9.2V,5V
P6SMBJ5.0CA,Diotec Semiconductor,TVS DIODE 5VWM 9.2VC DO214AA,tvs-diodes,4662,0.38,"DO-214AA, SMB",Surface Mount,Active,https://diotec.com/request/datasheet/p6smbj65.pdf,https://www.digikey.com/en/products/detail/diotec-semiconductor/P6SMBJ5-0CA/13155144,General Purpose,1,,65.2A,,-50°C ~ 150°C (TJ),600W,No,,,Zener,,6.4V,9.2V,5V
PACDN042Y3R,onsemi,TVS DIODE 5.5VWM 8VC SOT233,tvs-diodes,46742,0.44,"TO-236-3, SC-59, SOT-23-3",Surface Mount,Active,https://www.onsemi.com/pdf/datasheet/pacdn042-d.pdf,https://www.digikey.com/en/products/detail/onsemi/PACDN042Y3R/2401436,,,,,Automotive,-40°C ~ 85°C (TA),,No,AEC-Q101,,Zener,2,6.2V,8V,5.5V
PE1403M1Q_R1_00501,Panjit International Inc.,TVS DIODE 3.3VWM 13VC DFN10062L,tvs-diodes,9260,0.23,0402 (1006 Metric),Surface Mount,Active,https://www.panjit.com.tw/upload/datasheet/PE1403M1Q.pdf,https://www.digikey.com/en/products/detail/panjit-international-inc/PE1403M1Q-R1-00501/23024958,General Purpose,,0.3pF @ 1MHz,3A (8/20µs),,-55°C ~ 150°C (TJ),,No,,,Zener,1,4V,13V,3.3V (Max)
PE1805C4A6_R1_00001,Panjit International Inc.,TVS DIODE 5VWM 20VC SOT236,tvs-diodes,19922,0.3,SOT-23-6,Surface Mount,Active,https://www.digikey.com//mm.digikey.com/Volume0/opasdata/d220001/medias/docus/6563/PE1805C4A6_R1_00001.pdf,https://www.digikey.com/en/products/detail/panjit-international-inc/PE1805C4A6-R1-00001/14660037,"DVI, Ethernet, USB",,0.8pF @ 1MHz (Max),5A (8/20µs),,-55°C ~ 150°C (TJ),,Yes,,,Zener,4,6V,20V,5V (Max)
PEC2605C1ES_R1_00001,Panjit International Inc.,TVS DIODE 5VWM 12.5VC SOD523,tvs-diodes,8719,0.22,"SC-79, SOD-523",Surface Mount,Active,https://www.digikey.com//mm.digikey.com/Volume0/opasdata/d220001/medias/docus/7319/PPEC2605C1ES.pdf,https://www.digikey.com/en/products/detail/panjit-international-inc/PEC2605C1ES-R1-00001/15801854,General Purpose,1,6pF @ 1MHz (Max),3.5A (8/20µs),,-55°C ~ 150°C (TJ),,No,,,Zener,,5V,12.5V,5V (Max)
PEC2605C2A_R1_00001,Panjit International Inc.,TVS DIODE 5VWM 12.5VC SOT23,tvs-diodes,4376,0.28,"TO-236-3, SC-59, SOT-23-3",Surface Mount,Active,https://www.panjit.com.tw/upload/datasheet/PEC2605C2A.pdf,https://www.digikey.com/en/products/detail/panjit-international-inc/PEC2605C2A-R1-00001/15798725,General Purpose,2,6pF @ 1MHz (Max),3.5A (8/20µs),,-55°C ~ 150°C (TJ),,No,,,Zener,,5V,12.5V,5V (Max)
PEC3124C2A-AU_R1_000A1,Panjit International Inc.,TVS DIODE 24VWM 60VC SOT23,tvs-diodes,7601,0.36,"TO-236-3, SC-59, SOT-23-3",Surface Mount,Active,,https://www.digikey.com/en/products/detail/panjit-international-inc/PEC3124C2A-AU-R1-000A1/15800858,CAN,2,11pF @ 1MHz,3A (8/20µs),Automotive,-55°C ~ 150°C (TJ),,No,AEC-Q101,,Zener,,25.4V,60V,24V (Max)
PEC3324C2A-AU_R1_000A1,Panjit International Inc.,TVS DIODE 24VWM 43VC SOT23,tvs-diodes,2500,0.4,"TO-236-3, SC-59, SOT-23-3",Surface Mount,Active,,https://www.digikey.com/en/products/detail/panjit-international-inc/PEC3324C2A-AU-R1-000A1/15797585,General Purpose,2,25pF @ 1MHz,7A (8/20µs),Automotive,-55°C ~ 150°C (TJ),,No,AEC-Q101,,Zener,,26.2V,43V,24V (Max)
PESD0402-140,Littelfuse Inc.,TVS DIODE 14VWM 40VC 0402,tvs-diodes,596795,0.38,0402 (1005 Metric),Surface Mount,Active,https://www.littelfuse.com/assetdocs/littelfuse-polymer-esd-suppressor-pesd-catalog-datasheet?assetguid=5186ff3a-844f-4b9e-926a-f506c7d3d551,https://www.digikey.com/en/products/detail/littelfuse-inc/PESD0402-140/1968525,"Ethernet, HDMI",1,,,,-55°C ~ 125°C (TJ),,No,,,,,,40V,14V (Max)
PESD0402-240,Littelfuse Inc.,TVS DIODE 24VWM 40VC 0402,tvs-diodes,36445,0.38,0402 (1005 Metric),Surface Mount,Active,https://www.littelfuse.com/assetdocs/littelfuse-polymer-esd-suppressor-pesd-catalog-datasheet?assetguid=5186ff3a-844f-4b9e-926a-f506c7d3d551,https://www.digikey.com/en/products/detail/littelfuse-inc/PESD0402-240/6348143,"Ethernet, HDMI",1,0.25pF @ 1MHz,,,-55°C ~ 125°C,,,,,Zener,,,40V (Typ),24V
PESD0603-240,Littelfuse Inc.,TVS DIODE 24VWM 45VC 603,tvs-diodes,141273,0.38,0603 (1608 Metric),Surface Mount,Active,https://www.littelfuse.com/assetdocs/littelfuse-polymer-esd-suppressor-pesd-catalog-datasheet?assetguid=5186ff3a-844f-4b9e-926a-f506c7d3d551,https://www.digikey.com/en/products/detail/littelfuse-inc/PESD0603-240/1813512,"Ethernet, HDMI",1,,,,-55°C ~ 125°C (TJ),,No,,,Zener,,,45V,24V
PESD1206Q-240,Littelfuse Inc.,TVS DIODE 24VWM 45VC 1206,tvs-diodes,32735,0.72,1206 (3216 Metric),Surface Mount,Active,https://www.littelfuse.com/assetdocs/littelfuse-polymer-esd-suppressor-pesd-catalog-datasheet?assetguid=5186ff3a-844f-4b9e-926a-f506c7d3d551,https://www.digikey.com/en/products/detail/littelfuse-inc/PESD1206Q-240/1991867,General Purpose,4,,,,-55°C ~ 125°C (TJ),,No,,,Zener,,,45V,24V
PESD12VL2BT-QR,Nexperia USA Inc.,TVS DIODE 12VWM 37VC TO236AB,tvs-diodes,3586,0.57,"TO-236-3, SC-59, SOT-23-3",Surface Mount,Active,,https://www.digikey.com/en/products/detail/nexperia-usa-inc/PESD12VL2BT-QR/17295620,Telecom,2,19pF @ 1MHz,5A (8/20µs),,-65°C ~ 150°C (TA),200W,No,,PESDxL2BT,Zener,,14.2V,37V,12V (Max)
"PESD12VS2UQ,115",Nexperia USA Inc.,TVS DIODE 12VWM 35VC SOT663,tvs-diodes,12378,0.44,SOT-663,Surface Mount,Active,https://assets.nexperia.com/documents/data-sheet/PESDXS2UQ_SER.pdf,https://www.digikey.com/en/products/detail/nexperia-usa-inc/PESD12VS2UQ-115/1157417,General Purpose,,38pF @ 1MHz,5A (8/20µs),,-65°C ~ 150°C (TA),150W,No,,,Zener,2,14.7V,35V,12V (Max)
"PESD12VS5UD,115",Nexperia USA Inc.,TVS DIODE 12VWM 24VC 6TSOP,tvs-diodes,50567,0.75,"SC-74, SOT-457",Surface Mount,Active,https://assets.nexperia.com/documents/data-sheet/PESDXS5UD_SER.pdf,https://www.digikey.com/en/products/detail/nexperia-usa-inc/PESD12VS5UD-115/1301015,General Purpose,,73pF @ 1MHz,10A (8/20µs),Automotive,-65°C ~ 150°C (TA),200W,No,AEC-Q100,,Zener,5,12.5V,24V,12V (Max)
"PESD12VU1UT,215",Nexperia USA Inc.,TVS DIODE 12VWM 39VC TO236AB,tvs-diodes,3000,0.37,"TO-236-3, SC-59, SOT-23-3",Surface Mount,Active,https://assets.nexperia.com/documents/data-sheet/PESDXU1UT_SER.pdf,https://www.digikey.com/en/products/detail/nexperia-usa-inc/PESD12VU1UT-215/1157419,General Purpose,,0.6pF @ 1MHz,5A (8/20µs),Automotive,-65°C ~ 150°C (TA),200W,No,AEC-Q100,,Zener,1,14.2V,39V,12V (Max)
"PESD15VL2BT,215",Nexperia USA Inc.,TVS DIODE 15VWM 44VC TO236AB,tvs-diodes,104394,0.55,"TO-236-3, SC-59, SOT-23-3",Surface Mount,Active,https://assets.nexperia.com/documents/data-sheet/PESD15VL2BT.pdf,https://www.digikey.com/en/products/detail/nexperia-usa-inc/PESD15VL2BT-215/1157421,General Purpose,2,16pF @ 1MHz,5A (8/20µs),,-65°C ~ 150°C (TA),200W,No,,,Zener,,17.1V,44V,15V (Max)
PESD15VL2BT-QR,Nexperia USA Inc.,TVS DIODE 15VWM 44VC TO236AB,tvs-diodes,6203,0.57,"TO-236-3, SC-59, SOT-23-3",Surface Mount,Active,https://assets.nexperia.com/documents/data-sheet/PESD15VL2BT-Q.pdf,https://www.digikey.com/en/products/detail/nexperia-usa-inc/PESD15VL2BT-QR/17295377,Telecom,2,16pF @ 1MHz,5A (8/20µs),Automotive,-65°C ~ 150°C (TA),200W,No,AEC-Q101,,Zener,,17.1V,44V,15V (Max)
PESD15VS1ULSYL,Nexperia USA Inc.,TVS DIODE 15VWM 40VC DFN1006BD-2,tvs-diodes,8478,0.27,SOD-882,Surface Mount,Active,https://assets.nexperia.com/documents/data-sheet/PESD15VS1ULS.pdf,https://www.digikey.com/en/products/detail/nexperia-usa-inc/PESD15VS1ULSYL/16368639,,,32pF @ 1MHz,5A (8/20µs),Automotive,-55°C ~ 150°C (TA),,No,AEC-Q101,,Zener,1,17.6V,40V,15V (Max)
"PESD1CAN,215",Nexperia USA Inc.,TVS DIODE 24VWM 70VC TO236AB,tvs-diodes,353230,0.47,"TO-236-3, SC-59, SOT-23-3",Surface Mount,Not For New Designs,https://assets.nexperia.com/documents/data-sheet/PESD1CAN.pdf,https://www.digikey.com/en/products/detail/nexperia-usa-inc/PESD1CAN-215/1157428,CAN,2,11pF @ 1MHz,3A (8/20µs),Automotive,-65°C ~ 150°C (TA),200W,No,AEC-Q101,,Zener,,25.4V,70V,24V (Max)
PESD1CAN-UX,Nexperia USA Inc.,TVS DIODE 24VWM 50VC SOT323,tvs-diodes,1494,0.55,"SC-70, SOT-323",Surface Mount,Not For New Designs,https://assets.nexperia.com/documents/data-sheet/PESD1CAN-U.pdf,https://www.digikey.com/en/products/detail/nexperia-usa-inc/PESD1CAN-UX/4289722,CAN,2,9.3pF @ 1MHz,3A (8/20µs),Automotive,-55°C ~ 150°C (TA),150W,No,AEC-Q101,,Zener,,25.4V,50V,24V (Max)
PESD1CANFD36LS-QYL,Nexperia USA Inc.,TVS DIODE 36VWM 52VC DFN1006BD2,tvs-diodes,1248,0.34,SOD-882,Surface Mount,Active,https://assets.nexperia.com/documents/data-sheet/PESD1CANFD36LS-Q.pdf,https://www.digikey.com/en/products/detail/nexperia-usa-inc/PESD1CANFD36LS-QYL/25577798,CAN,1,8.7pF @ 1MHz,2.9A (8/20µs),Automotive,-55°C ~ 150°C (TA),,No,AEC-Q101,,Zener,,37V,52V (Typ),36V (Max)
PESD1CANVL,Nexperia USA Inc.,TVS DIODE 24VWM 70VC TO236AB,tvs-diodes,4351,0.47,"TO-236-3, SC-59, SOT-23-3",Surface Mount,Not For New Designs,https://assets.nexperia.com/documents/data-sheet/PESD1CAN.pdf,https://www.digikey.com/en/products/detail/nexperia-usa-inc/PESD1CANVL/4843311,CAN,2,11pF @ 1MHz,3A (8/20µs),Automotive,-65°C ~ 150°C (TA),200W,No,AEC-Q100,,Zener,,25.4V,70V,24V (Max)
"PESD1FLEX,215",Nexperia USA Inc.,TVS DIODE 24VWM 70VC TO236AB,tvs-diodes,35398,0.49,"TO-236-3, SC-59, SOT-23-3",Surface Mount,Not For New Designs,https://assets.nexperia.com/documents/data-sheet/PESD1FLEX.pdf,https://www.digikey.com/en/products/detail/nexperia-usa-inc/PESD1FLEX-215/1770371,General Purpose,2,11pF @ 5MHz,3A (8/20µs),Automotive,-65°C ~ 150°C (TA),200W,No,AEC-Q100,,Zener,,25.4V,70V,24V (Max)
PESD1IVN24-LSYL,Nexperia USA Inc.,TVS DIODE 24VWM 42VC DFN1006BD-2,tvs-diodes,10558,0.32,SOD-882,Surface Mount,Active,https://assets.nexperia.com/documents/data-sheet/PESD1IVN24-LS.pdf,https://www.digikey.com/en/products/detail/nexperia-usa-inc/PESD1IVN24-LSYL/15778409,CAN,1,14pF @ 1MHz,3.5A (8/20µs),Automotive,-55°C ~ 150°C (TA),,No,AEC-Q101,,Zener,,25.5V,42V,24V (Max)
PESD1IVN24A-QX,Nexperia USA Inc.,TVS DIODE 24VWM 42VC SOT323,tvs-diodes,21000,0.32,"SC-76, SOD-323",Surface Mount,Active,https://assets.nexperia.com/documents/data-sheet/PESD1IVN24A-Q.pdf,https://www.digikey.com/en/products/detail/nexperia-usa-inc/PESD1IVN24A-QX/16681676,CAN,1,14pF @ 1MHz,3.5A (8/20µs),Automotive,-55°C ~ 150°C (TA),,No,AEC-Q101,,Zener,,25.5V,42V,24V (Max)
"PESD1LVDS,115",Nexperia USA Inc.,TVS DIODE 5.5VWM DFN2510-10,tvs-diodes,34064,1.26,10-XFDFN,Surface Mount,Active,https://assets.nexperia.com/documents/data-sheet/PESD1LVDS.pdf,https://www.digikey.com/en/products/detail/nexperia-usa-inc/PESD1LVDS-115/4020952,,,,,Automotive,-40°C ~ 125°C (TA),,Yes,AEC-Q101,,Steering (Rail to Rail),4,6V,,5.5V (Max)
"PESD24VL2BT,215",Nexperia USA Inc.,TVS DIODE 24VWM 70VC TO236AB,tvs-diodes,5791,0.55,"TO-236-3, SC-59, SOT-23-3",Surface Mount,Not For New Designs,https://assets.nexperia.com/documents/data-sheet/PESD24VL2BT.pdf,https://www.digikey.com/en/products/detail/nexperia-usa-inc/PESD24VL2BT-215/1157431,General Purpose,2,11pF @ 1MHz,3A (8/20µs),Automotive,-65°C ~ 150°C (TA),200W,No,AEC-Q100,,Zener,,25.4V,70V,24V (Max)
"PESD24VS1UL,315",Nexperia USA Inc.,TVS DIODE 24VWM 70VC DFN1006-2,tvs-diodes,0,0.22,SOD-882,Surface Mount,Active,https://assets.nexperia.com/documents/data-sheet/PESD24VS1UL.pdf,https://www.digikey.com/en/products/detail/nexperia-usa-inc/PESD24VS1UL-315/1157433,,,23pF @ 1MHz,3A (8/20µs),Automotive,-65°C ~ 150°C (TA),150W,No,AEC-Q101,,Zener,1,26.5V,70V,24V (Max)
"PESD24VS2UT,215",Nexperia USA Inc.,TVS DIODE 24VWM 70VC TO236AB,tvs-diodes,22301,0.52,"TO-236-3, SC-59, SOT-23-3",Surface Mount,Active,https://assets.nexperia.com/documents/data-sheet/PESD24VS2UT.pdf,https://www.digikey.com/en/products/detail/nexperia-usa-inc/PESD24VS2UT-215/1157436,General Purpose,,23pF @ 1MHz,3A (8/20µs),Automotive,-65°C ~ 150°C (TA),160W,No,AEC-Q100,,Zener,2,26.5V,70V,24V (Max)
PESD24VV2BTR,Nexperia USA Inc.,TVS DIODE 24VWM 42VC TO236AB,tvs-diodes,0,0.54,"TO-236-3, SC-59, SOT-23-3",Surface Mount,Active,https://assets.nexperia.com/documents/data-sheet/PESD24VV2BT.pdf,https://www.digikey.com/en/products/detail/nexperia-usa-inc/PESD24VV2BTR/10418653,Telecom,1,14pF @ 1MHz,3.5A (8/20µs),Automotive,-55°C ~ 150°C (TA),,No,AEC-Q101,,Zener,,25.5V,42V,24V (Max)
PESD27VV2BTR,Nexperia USA Inc.,TVS DIODE 27VWM 45VC TO236AB,tvs-diodes,3000,0.15,"TO-236-3, SC-59, SOT-23-3",Surface Mount,Active,https://assets.nexperia.com/documents/data-sheet/PESD27VV2BT.pdf,https://www.digikey.com/en/products/detail/nexperia-usa-inc/PESD27VV2BTR/10260973,Telecom,2,13pF @ 1MHz,3A (8/20µs),Automotive,-55°C ~ 150°C (TA),,No,AEC-Q101,,Zener,,28V,45V,27V (Max)
"PESD2CAN,215",Nexperia USA Inc.,TVS DIODE 24VWM 41VC TO236AB,tvs-diodes,80880,0.55,"TO-236-3, SC-59, SOT-23-3",Surface Mount,Not For New Designs,https://assets.nexperia.com/documents/data-sheet/PESD2CAN.pdf,https://www.digikey.com/en/products/detail/nexperia-usa-inc/PESD2CAN-215/1589994,CAN,2,25pF @ 1MHz,5A (8/20µs),Automotive,-55°C ~ 150°C (TA),230W,No,AEC-Q101,,Zener,,26.2V,41V,24V (Max)
PESD2CAN24XLT-QR,Nexperia USA Inc.,PESD2CAN24XLT-Q/SOT23/TO-236AB,tvs-diodes,2800,0.42,"TO-236-3, SC-59, SOT-23-3",Surface Mount,Active,https://assets.nexperia.com/documents/data-sheet/PESD2CAN24XLT-Q.pdf,https://www.digikey.com/en/products/detail/nexperia-usa-inc/PESD2CAN24XLT-QR/25021179,CAN,2,31pF @ 1MHz,12A (8/20µs),Automotive,-55°C ~ 150°C (TA),,No,AEC-Q101,,Zener,,25.5V,33V (Typ),24V (Max)
PESD2CANFD27LU-QX,Nexperia USA Inc.,TVS DIODE 24VWM 41VC SOT23,tvs-diodes,5269,0.36,"TO-236-3, SC-59, SOT-23-3",Surface Mount,Active,https://assets.nexperia.com/documents/data-sheet/PESD2CANFD27LU-Q.pdf,https://www.digikey.com/en/products/detail/nexperia-usa-inc/PESD2CANFD27LU-QX/18101508,CAN,2,25pF @ 1MHz,5A (8/20µs),Automotive,-55°C ~ 150°C (TA),230W,No,AEC-Q101,,Zener,,26.2V,41V,24V (Max)
PESD2CANFD27U-UX,Nexperia USA Inc.,TVS DIODE 27VWM 45VC SC70,tvs-diodes,16567,0.36,"SC-70, SOT-323",Surface Mount,Active,https://assets.nexperia.com/documents/data-sheet/PESD2CANFD27U-U.pdf,https://www.digikey.com/en/products/detail/nexperia-usa-inc/PESD2CANFD27U-UX/12325047,,2,3.1pF @ 1MHz,1.8A (8/20µs),Automotive,-55°C ~ 175°C (TA),,No,AEC-Q101,,Zener,,28V,45V,27V (Max)
PESD2CANFD36LT-QR,Nexperia USA Inc.,TVS DIODE 36VWM 45VC TO236AB,tvs-diodes,2641,0.32,"TO-236-3, SC-59, SOT-23-3",Surface Mount,Active,https://assets.nexperia.com/documents/data-sheet/PESD2CANFD36LT-Q.pdf,https://www.digikey.com/en/products/detail/nexperia-usa-inc/PESD2CANFD36LT-QR/16681650,,2,,2A (8/20µs),Automotive,,,No,AEC-Q101,,Zener,,,45V,36V
PESD2CANFD36UU-QF,Nexperia USA Inc.,TVS DIODE 36VWM 45VC SOT323,tvs-diodes,1797,0.36,"SC-70, SOT-323",Surface Mount,Active,https://assets.nexperia.com/documents/data-sheet/PESD2CANFD36UU-Q.pdf,https://www.digikey.com/en/products/detail/nexperia-usa-inc/PESD2CANFD36UU-QF/16681645,,2,,2A (8/20µs),Automotive,,,No,AEC-Q101,,Zener,,,45V,36V
PESD2CANFD54LT-QR,Nexperia USA Inc.,PESD2CANFD54LT-Q/SOT23/TO-236A,tvs-diodes,3885,0.48,"TO-236-3, SC-59, SOT-23-3",Surface Mount,Active,https://assets.nexperia.com/documents/data-sheet/PESD2CANFD54LT-Q.pdf,https://www.digikey.com/en/products/detail/nexperia-usa-inc/PESD2CANFD54LT-QR/26224072,CAN,2,5.1pF @ 1MHz,4A (8/20µs),Automotive,-55°C ~ 150°C (TA),,No,AEC-Q101,,Zener,,56V,73V (Typ),54V (Max)
PESD2CANFD54VT-QR,Nexperia USA Inc.,PESD2CANFD54VT-Q/SOT23/TO-236A,tvs-diodes,2920,0.46,"TO-236-3, SC-59, SOT-23-3",Surface Mount,Active,https://assets.nexperia.com/documents/data-sheet/PESD2CANFD54VT-Q.pdf,https://www.digikey.com/en/products/detail/nexperia-usa-inc/PESD2CANFD54VT-QR/26224075,CAN,2,3.1pF @ 1MHz,2.8A (8/20µs),Automotive,-55°C ~ 150°C (TA),,No,AEC-Q101,,Zener,,56V,74V (Typ),54V (Max)
PESD2ETH100-TR,Nexperia USA Inc.,TVS DIODE 24VWM TO236AB,tvs-diodes,8689,0.54,"TO-236-3, SC-59, SOT-23-3",Surface Mount,Active,https://assets.nexperia.com/documents/data-sheet/PESD2ETH100-T.pdf,https://www.digikey.com/en/products/detail/nexperia-usa-inc/PESD2ETH100-TR/11205897,,2,2.5pF @ 1MHz,3.2A (8/20µs),Automotive,-55°C ~ 150°C (TA),,No,AEC-Q101,,Zener,,,,24V (Max)
PESD2ETH1G-TR,Nexperia USA Inc.,TVS DIODE TO236AB,tvs-diodes,21934,0.57,"TO-236-3, SC-59, SOT-23-3",Surface Mount,Active,https://assets.nexperia.com/documents/data-sheet/PESD2ETH1G-T.pdf,https://www.digikey.com/en/products/detail/nexperia-usa-inc/PESD2ETH1G-TR/11487055,Ethernet,,,,Automotive,,,No,AEC-Q101,,Zener,1,100V,,
PESD2IVN-UX,Nexperia USA Inc.,TVS DIODE 26.5VWM 53VC SOT323,tvs-diodes,5377,0.49,"SC-70, SOT-323",Surface Mount,Not For New Designs,https://assets.nexperia.com/documents/data-sheet/PESD2IVN-U.pdf,https://www.digikey.com/en/products/detail/nexperia-usa-inc/PESD2IVN-UX/5981332,CAN,2,8.5pF @ 1MHz,3A (8/20µs),Automotive,-55°C ~ 150°C (TA),150W,No,AEC-Q101,,Zener,,28V,53V,26.5V (Max)
PESD2IVN27-TR,Nexperia USA Inc.,TVS DIODE 27VWM 45VC TO236AB,tvs-diodes,3013,0.37,"TO-236-3, SC-59, SOT-23-3",Surface Mount,Active,https://assets.nexperia.com/documents/data-sheet/PESD2IVN27-T.pdf,https://www.digikey.com/en/products/detail/nexperia-usa-inc/PESD2IVN27-TR/9086229,CAN,2,13pF @ 1MHz,3A (8/20µs),Automotive,-55°C ~ 150°C (TA),,No,AEC-Q101,,Zener,,28V,45V,27V (Max)
PESD3V3L1BSLZ,Nexperia USA Inc.,TVS DIODE 3.3VWM 11.3V DFN10062,tvs-diodes,7616,0.14,SOD-882,Surface Mount,Active,https://assets.nexperia.com/documents/data-sheet/PESD3V3L1BSL.pdf,https://www.digikey.com/en/products/detail/nexperia-usa-inc/PESD3V3L1BSLZ/16021600,Telecom,1,15.5pF @ 1MHz,7.5A (8/20µs),,-55°C ~ 125°C (TA),,No,,,Zener,,5.2V,11.3V,3.3V (Max)
"PESD3V3L2BT,215",Nexperia USA Inc.,TVS DIODE 3.3VWM 26VC TO236AB,tvs-diodes,35977,0.69,"TO-236-3, SC-59, SOT-23-3",Surface Mount,Active,https://assets.nexperia.com/documents/data-sheet/PESD3V3L2BT.pdf,https://www.digikey.com/en/products/detail/nexperia-usa-inc/PESD3V3L2BT-215/1157439,General Purpose,2,101pF @ 1MHz,15A (8/20µs),Automotive,-65°C ~ 150°C (TA),350W,No,AEC-Q100,,Zener,,5.8V,26V,3.3V (Max)
PESD3V3L2BT-QR,Nexperia USA Inc.,TVS DIODE 3.3VWM 26VC TO236AB,tvs-diodes,9273,0.57,"TO-236-3, SC-59, SOT-23-3",Surface Mount,Active,https://assets.nexperia.com/documents/data-sheet/PESD3V3L2BT-Q.pdf,https://www.digikey.com/en/products/detail/nexperia-usa-inc/PESD3V3L2BT-QR/17295779,Telecom,2,101pF @ 1MHz,15A (8/20µs),,-65°C ~ 150°C (TA),350W,No,,PESDxL2BT,Zener,,5.8V,26V,3.3V (Max)
PESD3V3L4BHCYL,Nexperia USA Inc.,TVS DIODE 3.3VWM 8.5VC DFN1308-6,tvs-diodes,12463,0.24,6-XFDFN,Surface Mount,Active,https://assets.nexperia.com/documents/data-sheet/PESD3V3L4BHC.pdf,https://www.digikey.com/en/products/detail/nexperia-usa-inc/PESD3V3L4BHCYL/10260974,Telecom,4,7.2pF @ 1MHz,6A (8/20µs),,-55°C ~ 150°C (TA),,No,,,Zener,,6.7V (Typ),8.5V,3.3V (Max)
"PESD3V3L4UF,115",Nexperia USA Inc.,TVS DIODE 18VWM DO214AA SMB,tvs-diodes,1142,0.42,6-XFDFN,Surface Mount,Active,https://assets.nexperia.com/documents/data-sheet/PESDXL4UF_G_W.pdf,https://www.digikey.com/en/products/detail/nexperia-usa-inc/PESD3V3L4UF-115/1966266,General Purpose,,,3A (8/20µs),Automotive,-65°C ~ 150°C (TA),30W,No,AEC-Q100,,Zener,4,,12V,3.3V (Max)
"PESD3V3L4UG,115",Nexperia USA Inc.,TVS DIODE 3.3VWM 12VC 5TSSOP,tvs-diodes,58147,0.61,"5-TSSOP, SC-70-5, SOT-353",Surface Mount,Active,https://assets.nexperia.com/documents/data-sheet/PESDXL4UF_G_W.pdf,https://www.digikey.com/en/products/detail/nexperia-usa-inc/PESD3V3L4UG-115/1157441,General Purpose,,22pF @ 1MHz,3A (8/20µs),Automotive,-65°C ~ 150°C (TA),30W,No,AEC-Q100,,Zener,4,5.32V,12V,3.3V (Max)
"PESD3V3L4UW,115",Nexperia USA Inc.,TVS DIODE 3.3VWM 12VC SOT665,tvs-diodes,42438,0.37,SOT-665,Surface Mount,Active,https://assets.nexperia.com/documents/data-sheet/PESDXL4UF_G_W.pdf,https://www.digikey.com/en/products/detail/nexperia-usa-inc/PESD3V3L4UW-115/1157442,General Purpose,,22pF @ 1MHz,3A (8/20µs),,-65°C ~ 150°C (TA),30W,No,,,Zener,4,5.32V,12V,3.3V (Max)
"PESD3V3S2UAT,215",Nexperia USA Inc.,TVS DIODE 3.3VWM 20VC TO236AB,tvs-diodes,4477,0.41,"TO-236-3, SC-59, SOT-23-3",Surface Mount,Active,https://assets.nexperia.com/documents/data-sheet/PESD3V3S2UAT.pdf,https://www.digikey.com/en/products/detail/nexperia-usa-inc/PESD3V3S2UAT-215/1157447,General Purpose,,207pF @ 1MHz,18A (8/20µs),Automotive,-65°C ~ 150°C (TA),330W,No,AEC-Q100,,Zener,2,5.2V,20V,3.3V (Max)
"PESD3V3S4UD,115",Nexperia USA Inc.,TVS DIODE 3.3VWM 12VC 6TSOP,tvs-diodes,1846,0.65,"SC-74, SOT-457",Surface Mount,Active,https://assets.nexperia.com/documents/data-sheet/PESD3V3S4UD.pdf,https://www.digikey.com/en/products/detail/nexperia-usa-inc/PESD3V3S4UD-115/1644626,General Purpose,,215pF @ 1MHz,20A (8/20µs),Automotive,-65°C ~ 150°C (TA),200W,No,AEC-Q100,,Zener,4,5.3V,12V,3.3V (Max)
"PESD3V3S5UD,115",Nexperia USA Inc.,TVS DIODE 3.3VWM 12VC 6TSOP,tvs-diodes,14876,0.75,"SC-74, SOT-457",Surface Mount,Active,https://assets.nexperia.com/documents/data-sheet/PESDXS5UD_SER.pdf,https://www.digikey.com/en/products/detail/nexperia-usa-inc/PESD3V3S5UD-115/1301018,General Purpose,,215pF @ 1MHz,20A (8/20µs),Automotive,-65°C ~ 150°C (TA),200W,No,AEC-Q100,,Zener,5,5.3V,12V,3.3V (Max)
PESD3V3T1BLYL,Nexperia USA Inc.,TVS DIODE 3.3VWM 11VC DFN1006-2,tvs-diodes,11679,0.38,SOD-882,Surface Mount,Active,https://assets.nexperia.com/documents/data-sheet/PESD3V3T1BL.pdf,https://www.digikey.com/en/products/detail/nexperia-usa-inc/PESD3V3T1BLYL/10418657,General Purpose,1,20pF @ 1MHz,10A (8/20µs),Automotive,-55°C ~ 150°C (TA),,No,AEC-Q101,,Zener,,4.7V,11V,3.3V (Max)
PESD3V3X4UHCYL,Nexperia USA Inc.,TVS DIODE 3.3VWM 4.5VC DFN1308-6,tvs-diodes,10152,0.24,6-XFDFN,Surface Mount,Active,https://assets.nexperia.com/documents/data-sheet/PESD3V3X4UHC.pdf,https://www.digikey.com/en/products/detail/nexperia-usa-inc/PESD3V3X4UHCYL/10260975,Telecom,,0.8pF @ 1MHz,11A (8/20µs),,-55°C ~ 150°C (TA),,No,,,Zener,4,5V,4.5V,3.3V (Max)
PESD4USB3B-TBSX,Nexperia USA Inc.,TVS DIODE 3.3VWM 5.5V DFN2510D10,tvs-diodes,27568,0.71,10-WFDFN,"Surface Mount, Wettable Flank",Active,https://assets.nexperia.com/documents/data-sheet/PESD4USB3B-TBS.pdf,https://www.digikey.com/en/products/detail/nexperia-usa-inc/PESD4USB3B-TBSX/15778041,"HDMI, USB",,0.24pF @ 1MHz,7A (8/20µs),Automotive,-55°C ~ 150°C (TA),,No,AEC-Q101,,Zener,4,6V,5.5V (Typ),3.3V (Max)
PESD4USB5U-TBSX,Nexperia USA Inc.,TVS DIODE 5VWM 3.5VC DFN2510D-10,tvs-diodes,24083,0.69,10-WFDFN,"Surface Mount, Wettable Flank",Active,https://assets.nexperia.com/documents/data-sheet/PESD4USB5U-TBS.pdf,https://www.digikey.com/en/products/detail/nexperia-usa-inc/PESD4USB5U-TBSX/15778402,"HDMI, USB",,0.4pF @ 1MHz,7A (8/20µs),Automotive,-55°C ~ 150°C (TA),,No,AEC-Q101,,Zener,4,6V,3.5V (Typ),5V (Max)
PESD4V0X2UMZ,Nexperia USA Inc.,TVS DIODE 4VWM 4VC SOT883,tvs-diodes,3800,0.43,"SC-101, SOT-883",Surface Mount,Active,https://assets.nexperia.com/documents/data-sheet/PESD4V0X2UM.pdf,https://www.digikey.com/en/products/detail/nexperia-usa-inc/PESD4V0X2UMZ/16021614,"Telecom, USB",,0.82pF @ 1MHz,11.5A (8/20µs),,-40°C ~ 125°C (TA),,No,,,Zener,2,6.8V (Typ),4V (Typ),4V (Max)
PESD5V0C2BDFZ,Nexperia USA Inc.,TVS DIODE 5VWM 6.5VC DFN06033,tvs-diodes,29413,0.33,0201 (0603 Metric),Surface Mount,Active,https://assets.nexperia.com/documents/data-sheet/PESD5V0C2BDF.pdf,https://www.digikey.com/en/products/detail/nexperia-usa-inc/PESD5V0C2BDFZ/13160016,"HDMI, Telecom, USB",1,0.21pF @ 1MHz,8.5A (8/20µs),,-40°C ~ 125°C (TA),,No,,,Zener,,9.6V (Typ),6.5V (Typ),5V (Max)
"PESD5V0F1BLD,315",Nexperia USA Inc.,TVS DIODE 5.5VWM 15VC DFN1006D-2,tvs-diodes,0,0.73,2-XDFN,"Surface Mount, Wettable Flank",Active,https://assets.nexperia.com/documents/data-sheet/PESD5V0F1BLD.pdf,https://www.digikey.com/en/products/detail/nexperia-usa-inc/PESD5V0F1BLD-315/3679473,,1,0.4pF @ 1MHz,2.5A (8/20µs),,-40°C ~ 125°C (TA),,No,,,Zener,,6V,15V,5.5V (Max)
PESD5V0L1BSLAZ,Nexperia USA Inc.,TVS DIODE 5VWM 11.3VC DFN1006-2,tvs-diodes,7154,0.14,SOD-882,Surface Mount,Active,https://assets.nexperia.com/documents/data-sheet/PESD5V0L1BSL.pdf,https://www.digikey.com/en/products/detail/nexperia-usa-inc/PESD5V0L1BSLAZ/16021613,General Purpose,1,15.5pF @ 1MHz,7.5A (8/20µs),,125°C (TJ),,No,,,Zener,,5.6V,11.3V,5V (Max)
"PESD5V0L2BT,215",Nexperia USA Inc.,TVS DIODE 5VWM 28VC TO236AB,tvs-diodes,26587,0.58,"TO-236-3, SC-59, SOT-23-3",Surface Mount,Not For New Designs,https://assets.nexperia.com/documents/data-sheet/PESD5V0L2BT.pdf,https://www.digikey.com/en/products/detail/nexperia-usa-inc/PESD5V0L2BT-215/1157454,General Purpose,2,75pF @ 1MHz,13A (8/20µs),Automotive,-65°C ~ 150°C (TA),350W,No,AEC-Q100,,Zener,,7V,28V,5V (Max)
"PESD5V0L4UG,115",Nexperia USA Inc.,TVS DIODE 5VWM 13VC 5TSSOP,tvs-diodes,17105,0.43,"5-TSSOP, SC-70-5, SOT-353",Surface Mount,Active,https://assets.nexperia.com/documents/data-sheet/PESDXL4UF_G_W.pdf,https://www.digikey.com/en/products/detail/nexperia-usa-inc/PESD5V0L4UG-115/1157456,General Purpose,,16pF @ 1MHz,2.5A (8/20µs),Automotive,-65°C ~ 150°C (TA),30W,No,AEC-Q100,,Zener,4,6.46V,13V,5V (Max)
"PESD5V0L4UW,115",Nexperia USA Inc.,TVS DIODE 5VWM 13VC SOT665,tvs-diodes,2943,0.34,SOT-665,Surface Mount,Active,https://assets.nexperia.com/documents/data-sheet/PESDXL4UF_G_W.pdf,https://www.digikey.com/en/products/detail/nexperia-usa-inc/PESD5V0L4UW-115/1157457,General Purpose,,16pF @ 1MHz,2.5A (8/20µs),,-65°C ~ 150°C (TA),30W,No,,,Zener,4,6.46V,13V,5V (Max)
"PESD5V0L5UV,115",Nexperia USA Inc.,TVS DIODE 5VWM 12VC SOT666,tvs-diodes,20035,0.48,"SOT-563, SOT-666",Surface Mount,Not For New Designs,https://assets.nexperia.com/documents/data-sheet/PESDXL5UF_V_Y.pdf,https://www.digikey.com/en/products/detail/nexperia-usa-inc/PESD5V0L5UV-115/1157458,General Purpose,,16pF @ 1MHz,2.5A (8/20µs),,-65°C ~ 150°C (TA),25W,No,,,Zener,5,6.4V,12V,5V (Max)
"PESD5V0L5UV,125",Nexperia USA Inc.,TVS DIODE 5VWM 12VC SOT666,tvs-diodes,16019,0.48,"SOT-563, SOT-666",Surface Mount,Not For New Designs,https://assets.nexperia.com/documents/data-sheet/PESDXL5UF_V_Y.pdf,https://www.digikey.com/en/products/detail/nexperia-usa-inc/PESD5V0L5UV-125/2119840,General Purpose,,16pF @ 1MHz,2.5A (8/20µs),,-65°C ~ 150°C (TA),25W,No,,,Zener,5,6.4V,12V,5V (Max)
"PESD5V0L5UY,115",Nexperia USA Inc.,TVS DIODE 5VWM 12VC 6TSSOP,tvs-diodes,2232,0.47,"6-TSSOP, SC-88, SOT-363",Surface Mount,Active,https://assets.nexperia.com/documents/data-sheet/PESDXL5UF_V_Y.pdf,https://www.digikey.com/en/products/detail/nexperia-usa-inc/PESD5V0L5UY-115/1157459,General Purpose,,16pF @ 1MHz,2.5A (8/20µs),Automotive,-65°C ~ 150°C (TA),25W,No,AEC-Q100,,Zener,5,6.4V,12V,5V (Max)
"PESD5V0L5UY,125",Nexperia USA Inc.,TVS DIODE 5VWM 12VC 6TSSOP,tvs-diodes,17440,0.47,"6-TSSOP, SC-88, SOT-363",Surface Mount,Active,https://assets.nexperia.com/documents/data-sheet/PESDXL5UF_V_Y.pdf,https://www.digikey.com/en/products/detail/nexperia-usa-inc/PESD5V0L5UY-125/2119841,General Purpose,,16pF @ 1MHz,2.5A (8/20µs),Automotive,-65°C ~ 150°C (TA),25W,No,AEC-Q100,,Zener,5,6.4V,12V,5V (Max)
PESD5V0L5UYF,Nexperia USA Inc.,TVS DIODE 5VWM 12VC 6TSSOP,tvs-diodes,11936,0.47,"6-TSSOP, SC-88, SOT-363",Surface Mount,Active,https://assets.nexperia.com/documents/data-sheet/PESDXL5UF_V_Y.pdf,https://www.digikey.com/en/products/detail/nexperia-usa-inc/PESD5V0L5UYF/7495730,General Purpose,,160pF @ 1MHz,2.5A (8/20µs),Automotive,150°C (TJ),25W,No,AEC-Q100,,Zener,5,6.4V,12V,5V (Max)
"PESD5V0S1BSF,315",Nexperia USA Inc.,TVS DIODE 5VWM 15.5VC DSN0603-2,tvs-diodes,4625,0.38,0201 (0603 Metric),Surface Mount,Active,https://assets.nexperia.com/documents/data-sheet/PESD5V0S1BSF.pdf,https://www.digikey.com/en/products/detail/nexperia-usa-inc/PESD5V0S1BSF-315/2677624,General Purpose,1,35pF @ 1MHz,8A (8/20µs),,-55°C ~ 150°C (TA),100W,No,,,Zener,,6V,15.5V,5V (Max)
"PESD5V0S1ULD,315",Nexperia USA Inc.,TVS DIODE 5VWM 20VC DFN1006D-2,tvs-diodes,0,0.26,2-XDFN,"Surface Mount, Wettable Flank",Active,https://assets.nexperia.com/documents/data-sheet/PESD5V0S1ULD.pdf,https://www.digikey.com/en/products/detail/nexperia-usa-inc/PESD5V0S1ULD-315/2780227,,,152pF @ 1MHz,15A (8/20µs),Automotive,-55°C ~ 150°C (TA),150W,No,AEC-Q101,,Zener,1,6.4V,20V,5V (Max)
"PESD5V0S2UQ,115",Nexperia USA Inc.,TVS DIODE 5VWM 20VC SOT663,tvs-diodes,35164,0.44,SOT-663,Surface Mount,Active,https://assets.nexperia.com/documents/data-sheet/PESDXS2UQ_SER.pdf,https://www.digikey.com/en/products/detail/nexperia-usa-inc/PESD5V0S2UQ-115/1157470,General Purpose,,150pF @ 1MHz,15A (8/20µs),,-65°C ~ 150°C (TA),150W,No,,,Zener,2,6.4V,20V,5V (Max)
"PESD5V0S4UD,115",Nexperia USA Inc.,TVS DIODE 5VWM 13VC 6TSOP,tvs-diodes,23464,0.65,"SC-74, SOT-457",Surface Mount,Active,https://assets.nexperia.com/documents/data-sheet/PESD5V0S4UD.pdf,https://www.digikey.com/en/products/detail/nexperia-usa-inc/PESD5V0S4UD-115/1644627,General Purpose,,165pF @ 1MHz,20A (8/20µs),Automotive,-65°C ~ 150°C (TA),200W,No,AEC-Q100,,Zener,4,6.4V,13V,5V (Max)
"PESD5V0U4BW,115",Nexperia USA Inc.,TVS DIODE 5VWM SOT665,tvs-diodes,15780,0.54,SOT-665,Surface Mount,Active,https://assets.nexperia.com/documents/data-sheet/PESD5V0U4BW.pdf,https://www.digikey.com/en/products/detail/nexperia-usa-inc/PESD5V0U4BW-115/2119845,,4,2.9pF @ 1MHz,,Automotive,-55°C ~ 150°C (TA),,No,AEC-Q101,,Zener,,5.5V,,5V (Max)
"PESD5V0U5BV,115",Nexperia USA Inc.,TVS DIODE 5VWM SOT666,tvs-diodes,6343,0.58,"SOT-563, SOT-666",Surface Mount,Not For New Designs,https://assets.nexperia.com/documents/data-sheet/PESD5V0U5BV.pdf,https://www.digikey.com/en/products/detail/nexperia-usa-inc/PESD5V0U5BV-115/2119847,,5,2.9pF @ 1MHz,,Automotive,-55°C ~ 150°C (TA),,No,AEC-Q101,,Zener,,5.5V,,5V (Max)
PESD5V0X1BCSFYL,Nexperia USA Inc.,TVS DIODE 5VWM 5.5VC DSN0603-2,tvs-diodes,0,0.32,0201 (0603 Metric),Surface Mount,Active,https://assets.nexperia.com/documents/data-sheet/PESD5V0X1BCSF.pdf,https://www.digikey.com/en/products/detail/nexperia-usa-inc/PESD5V0X1BCSFYL/5981345,General Purpose,1,1.1pF @ 1MHz,7A (8/20µs),,-40°C ~ 125°C (TA),,No,,,Zener,,6V,5.5V,5V (Max)
"PESD5V0X1BQ,115",Nexperia USA Inc.,TVS DIODE 5VWM SOT663,tvs-diodes,7242,0.58,SOT-663,Surface Mount,Active,https://assets.nexperia.com/documents/data-sheet/PESD5V0X1BQ.pdf,https://www.digikey.com/en/products/detail/nexperia-usa-inc/PESD5V0X1BQ-115/1992980,,,0.9pF @ 1MHz,,Automotive,-65°C ~ 150°C (TA),,No,AEC-Q101,,Zener,2,5.8V,,5V (Max)
"PESD5V0X1BT,215",Nexperia USA Inc.,TVS DIODE 5VWM TO236AB,tvs-diodes,0,0.4,"TO-236-3, SC-59, SOT-23-3",Surface Mount,Active,https://assets.nexperia.com/documents/data-sheet/PESD5V0X1BT.pdf,https://www.digikey.com/en/products/detail/nexperia-usa-inc/PESD5V0X1BT-215/1992981,,,0.9pF @ 1MHz,,Automotive,-55°C ~ 150°C (TA),,No,AEC-Q101,,Zener,2,5.8V,,5V (Max)
PESD6V5C1USFYL,Nexperia USA Inc.,TVS DIODE 6.5VWM 3VC DSN0603-2,tvs-diodes,0,0.3,0201 (0603 Metric),Surface Mount,Active,https://assets.nexperia.com/documents/data-sheet/PESD6V5C1USF.pdf,https://www.digikey.com/en/products/detail/nexperia-usa-inc/PESD6V5C1USFYL/8131029,General Purpose,,0.45pF @ 1MHz,9A (8/20µs),,-40°C ~ 125°C (TA),,No,,TrEOS,Zener,1,7V,3V,6.5V (Max)
PESD7V0L1BSLAZ,Nexperia USA Inc.,TVS DIODE 7VWM 9.6VC DFN1006-2,tvs-diodes,9834,0.12,SOD-882,Surface Mount,Active,https://assets.nexperia.com/documents/data-sheet/PESD7V0L1BSL.pdf,https://www.digikey.com/en/products/detail/nexperia-usa-inc/PESD7V0L1BSLAZ/16021609,Telecom,1,15pF @ 1MHz,7A (8/20µs),,-55°C ~ 125°C (TA),,No,,,Zener,,7.5V,9.6V (Typ),7V (Max)
PGB1010402KR,Littelfuse Inc.,TVS DIODE 12VWM 250VC 0402,tvs-diodes,74060,0.6,0402 (1005 Metric),Surface Mount,Active,https://www.littelfuse.com/assetdocs/pulseguard-esd-suppressors-pgb1-datasheet?assetguid=8a337998-d54d-466b-be4e-dc5bcd1f9321,https://www.digikey.com/en/products/detail/littelfuse-inc/PGB1010402KR/1775285,General Purpose,1,,,,-65°C ~ 125°C (TJ),,No,,PulseGuard® PGB,Zener,,,250V (Typ),12V
PGB1010603MR,Littelfuse Inc.,TVS DIODE 24VWM 150VC 603,tvs-diodes,558238,0.62,0603 (1608 Metric),Surface Mount,Active,https://www.littelfuse.com/assetdocs/pulseguard-esd-suppressors-pgb1-datasheet?assetguid=8a337998-d54d-466b-be4e-dc5bcd1f9321,https://www.digikey.com/en/products/detail/littelfuse-inc/PGB1010603MR/715755,General Purpose,1,,,,-65°C ~ 125°C (TJ),,No,,PulseGuard® PGB,Zener,,,150V (Typ),24V
PGB1010603MRHF,Littelfuse Inc.,TVS DIODE 24VWM 150VC 603,tvs-diodes,53150,0.62,0603 (1608 Metric),Surface Mount,Active,https://www.littelfuse.com/assetdocs/pulseguard-esd-suppressors-pgb1-datasheet?assetguid=8a337998-d54d-466b-be4e-dc5bcd1f9321,https://www.digikey.com/en/products/detail/littelfuse-inc/PGB1010603MRHF/2501857,General Purpose,1,,,,-65°C ~ 125°C (TJ),,No,,PulseGuard® PGB,Zener,,,150V (Typ),24V
PGB1010603NR,Littelfuse Inc.,TVS DIODE 24VWM 150VC 603,tvs-diodes,92053,0.62,0603 (1608 Metric),Surface Mount,Active,https://www.littelfuse.com/assetdocs/pulseguard-esd-suppressors-pgb1-datasheet?assetguid=8a337998-d54d-466b-be4e-dc5bcd1f9321,https://www.digikey.com/en/products/detail/littelfuse-inc/PGB1010603NR/715756,General Purpose,1,,,,-65°C ~ 125°C (TJ),,No,,PulseGuard® PGB,Zener,,,150V (Typ),24V
PGB1010603NRHF,Littelfuse Inc.,TVS DIODE 24VWM 150VC 603,tvs-diodes,27130,0.62,0603 (1608 Metric),Surface Mount,Active,https://www.littelfuse.com/assetdocs/pulseguard-esd-suppressors-pgb1-datasheet?assetguid=8a337998-d54d-466b-be4e-dc5bcd1f9321,https://www.digikey.com/en/products/detail/littelfuse-inc/PGB1010603NRHF/3305613,General Purpose,1,,,,-65°C ~ 125°C (TJ),,No,,PulseGuard® PGB,Zener,,,150V (Typ),24V
PGB102ST23WR,Littelfuse Inc.,TVS DIODE 24VWM 150VC SOT23-3,tvs-diodes,75125,0.98,"3-SMD, SOT-23-3 Variant",Surface Mount,Active,https://www.littelfuse.com/assetdocs/pulseguard-esd-suppressors-pgb1-datasheet?assetguid=8a337998-d54d-466b-be4e-dc5bcd1f9321,https://www.digikey.com/en/products/detail/littelfuse-inc/PGB102ST23WR/715757,General Purpose,2,,,,-65°C ~ 125°C (TJ),,No,,PulseGuard® PGB,Zener,,,150V (Typ),24V
PGB2010402KRHF,Littelfuse Inc.,TVS DIODE 12VWM 40VC 0402,tvs-diodes,103957,0.95,0402 (1005 Metric),Surface Mount,Active,https://www.littelfuse.com/assetdocs/pulseguard-esd-suppressors-pgb2-datasheet?assetguid=1cf7e392-caf0-4fab-b036-960455903eff,https://www.digikey.com/en/products/detail/littelfuse-inc/PGB2010402KRHF/2038152,General Purpose,1,,,,-65°C ~ 125°C (TJ),,No,,PulseGuard® PGB2,Zener,,,40V (Typ),12V (Max)
PHDMI2AB4Z,Nexperia USA Inc.,TVS DIODE 5VC DFN2510A-10,tvs-diodes,12448,0.33,10-XFDFN,Surface Mount,Active,https://assets.nexperia.com/documents/data-sheet/PHDMI2AB4.pdf,https://www.digikey.com/en/products/detail/nexperia-usa-inc/PHDMI2AB4Z/7794673,General Purpose,,0.2pF @ 1MHz,7A (8/20µs),,-40°C ~ 85°C (TA),,No,,,Zener,4,6V,5V (Typ),
PHDMI2FR4Z,Nexperia USA Inc.,TVS DIODE 3VC DFN2510A-10,tvs-diodes,9975,0.33,10-XFDFN,Surface Mount,Active,https://assets.nexperia.com/documents/data-sheet/PHDMI2FR4.pdf,https://www.digikey.com/en/products/detail/nexperia-usa-inc/PHDMI2FR4Z/7794674,General Purpose,,0.34pF @ 1MHz,7A (8/20µs),,-40°C ~ 85°C (TA),,No,,,Steering (Rail to Rail),4,6V,3V (Typ),
PJE5UFN10A_R1_00001,Panjit International Inc.,TVS DIODE 5VWM 13VC DFN251010L,tvs-diodes,2140,0.32,10-UFDFN,Surface Mount,Active,https://www.panjit.com.tw/upload/datasheet/PJE5UFN10A.pdf,https://www.digikey.com/en/products/detail/panjit-international-inc/PJE5UFN10A-R1-00001/14660188,"Ethernet, USB",,0.6pF @ 1MHz,2.5A (8/20µs),,-55°C ~ 150°C (TJ),,No,,,Zener,4,6V,13V,5V (Max)
PJGBLC03C-AU_R1_000A1,Panjit International Inc.,TVS DIODE 3.3VWM 7.5VC SOD323,tvs-diodes,8824,0.26,"SC-90, SOD-323F",Surface Mount,Active,,https://www.digikey.com/en/products/detail/panjit-international-inc/PJGBLC03C-AU-R1-000A1/15797697,,1,3pF @ 1MHz (Max),1A (8/20µs),Automotive,-55°C ~ 150°C (TJ),350W,No,AEC-Q101,,Zener,,4.75V,7.5V,3.3V (Max)
PJGBLC03C_R1_00001,Panjit International Inc.,TVS DIODE 3.3VWM 7.5VC SOD323,tvs-diodes,4400,0.26,"SC-90, SOD-323F",Surface Mount,Active,https://www.panjit.com.tw/upload/datasheet/PJGBLC03_C24C_SERIES.pdf,https://www.digikey.com/en/products/detail/panjit-international-inc/PJGBLC03C-R1-00001/15799203,General Purpose,1,3pF @ 1MHz (Max),1A (8/20µs),,-55°C ~ 150°C (TJ),350W,No,,,Zener,,4.75V,7.5V,3.3V (Max)
PJGBLC03_R1_00001,Panjit International Inc.,TVS DIODE 3.3VWM 7.5VC SOD323,tvs-diodes,4460,0.33,"SC-90, SOD-323F",Surface Mount,Active,https://www.panjit.com.tw/upload/datasheet/PJGBLC03_C24C_SERIES.pdf,https://www.digikey.com/en/products/detail/panjit-international-inc/PJGBLC03-R1-00001/15801429,General Purpose,,3pF @ 1MHz (Max),1A (8/20µs),,-55°C ~ 150°C (TJ),350W,No,,,Zener,1,4.75V,7.5V,3.3V (Max)
PJGBLC05C-AU_R1_000A1,Panjit International Inc.,TVS DIODE 5VWM 9.8VC SOD323,tvs-diodes,4203,0.26,"SC-90, SOD-323F",Surface Mount,Active,https://www.panjit.com.tw/upload/datasheet/PJGBLC03_C24C_SERIES.pdf,https://www.digikey.com/en/products/detail/panjit-international-inc/PJGBLC05C-AU-R1-000A1/15796727,,1,3pF @ 1MHz (Max),1A (8/20µs),Automotive,-55°C ~ 150°C (TJ),350W,No,AEC-Q101,,Zener,,7.03V,9.8V,5V (Max)
PJGBLC08C_R1_00001,Panjit International Inc.,TVS DIODE 8VWM 13.4VC SOD323,tvs-diodes,6601,0.26,"SC-90, SOD-323F",Surface Mount,Active,https://www.panjit.com.tw/upload/datasheet/PJGBLC03_C24C_SERIES.pdf,https://www.digikey.com/en/products/detail/panjit-international-inc/PJGBLC08C-R1-00001/14660226,General Purpose,1,3pF @ 1MHz (Max),1A (8/20µs),,-55°C ~ 150°C (TJ),350W,No,,PJGBLC08C,Zener,,8.93V,13.4V,8V (Max)
PJSD03TS_R1_00001,Panjit International Inc.,TVS DIODE 3.3VWM 6.5VC SOD523,tvs-diodes,9874,0.16,"SC-79, SOD-523",Surface Mount,Active,https://www.panjit.com.tw/upload/datasheet/PJSD03TS_SERIES.pdf,https://www.digikey.com/en/products/detail/panjit-international-inc/PJSD03TS-R1-00001/15796180,General Purpose,,200pF @ 1MHz (Max),5A (8/20µs),,-50°C ~ 150°C (TJ),120W,No,,,Zener,1,4V,6.5V,3.3V (Max)
PJSD05TS_R1_00001,Panjit International Inc.,TVS DIODE 5VWM 9VC SOD523,tvs-diodes,3994,0.16,"SC-79, SOD-523",Surface Mount,Active,https://www.panjit.com.tw/upload/datasheet/PJSD03TS_SERIES.pdf,https://www.digikey.com/en/products/detail/panjit-international-inc/PJSD05TS-R1-00001/14661088,General Purpose,,110pF @ 1MHz (Max),5A (8/20µs),,-50°C ~ 150°C (TJ),120W,No,,,Zener,1,6V,9V,5V (Max)
PJSD05W_R1_00001,Panjit International Inc.,TVS DIODE 5VWM 9.8VC SOD323,tvs-diodes,15322,0.19,"SC-90, SOD-323F",Surface Mount,Active,https://www.panjit.com.tw/upload/datasheet/PJSD03W_SERIES.pdf,https://www.digikey.com/en/products/detail/panjit-international-inc/PJSD05W-R1-00001/14661117,General Purpose,,300pF @ 1MHz,1A (8/20µs),,-50°C ~ 150°C (TJ),350W,No,,,Zener,1,6V,9.8V,5V (Max)
PJSD15TS-AU_R1_000A1,Panjit International Inc.,TVS DIODE 15VWM 22VC SOD523,tvs-diodes,2179,0.16,"SC-79, SOD-523",Surface Mount,Active,,https://www.digikey.com/en/products/detail/panjit-international-inc/PJSD15TS-AU-R1-000A1/15797015,,,50pF @ 1MHz (Max),5A (8/20µs),Automotive,-50°C ~ 150°C (TJ),120W,No,AEC-Q101,,Zener,1,16.6V,22V,15V (Max)
PJSD24TS-AU_R1_000A1,Panjit International Inc.,TVS DIODE 24VWM 32VC SOD523,tvs-diodes,3932,0.16,"SC-79, SOD-523",Surface Mount,Active,,https://www.digikey.com/en/products/detail/panjit-international-inc/PJSD24TS-AU-R1-000A1/15801304,,,25pF @ 1MHz (Max),3A (8/20µs),Automotive,-50°C ~ 150°C (TJ),120W,No,AEC-Q101,,Zener,1,26.7V,32V,24V (Max)
PJSD24TS_R1_00001,Panjit International Inc.,TVS DIODE 24VWM 32VC SOD523,tvs-diodes,2494,0.17,"SC-79, SOD-523",Surface Mount,Active,https://www.panjit.com.tw/upload/datasheet/PJSD03TS_SERIES.pdf,https://www.digikey.com/en/products/detail/panjit-international-inc/PJSD24TS-R1-00001/14660962,General Purpose,,25pF @ 1MHz (Max),3A (8/20µs),,-50°C ~ 150°C (TJ),120W,No,,,Zener,1,26.7V,32V,24V (Max)
PJSD24_R1_00001,Panjit International Inc.,TVS DIODE 24VWM 37VC SOD123,tvs-diodes,2117,0.41,SOD-123,Surface Mount,Active,,https://www.digikey.com/en/products/detail/panjit-international-inc/PJSD24-R1-00001/15800779,General Purpose,,120pF @ 1MHz (Max),11A (8/20µs),,-55°C ~ 125°C (TJ),400W,No,,PJSD05,Zener,1,26.7V,37V,24V (Max)
PJSD36CW-AU_R1_000A1,Panjit International Inc.,TVS DIODE 36VWM 71VC SOD323,tvs-diodes,2421,0.33,"SC-90, SOD-323F",Surface Mount,Active,https://www.panjit.com.tw/upload/datasheet/PJSD05CW-AU_SERIES.pdf,https://www.digikey.com/en/products/detail/panjit-international-inc/PJSD36CW-AU-R1-000A1/15797128,,1,45pF @ 1MHz (Max),3A (8/20µs),Automotive,-55°C ~ 125°C (TJ),350W,No,AEC-Q101,,Zener,,40.57V,71V,36V (Max)
"PRTR5V0U4D,125",Nexperia USA Inc.,TVS DIODE 6TSOP,tvs-diodes,19273,0.72,"SC-74, SOT-457",Surface Mount,Active,https://assets.nexperia.com/documents/data-sheet/PRTR5V0U4D.pdf,https://www.digikey.com/en/products/detail/nexperia-usa-inc/PRTR5V0U4D-125/1589993,,,1pF @ 1MHz,,Automotive,-55°C ~ 150°C (TA),,Yes,AEC-Q101,,Steering (Rail to Rail),4,6V,,
PS1203-D32_R1_00301,Panjit International Inc.,LOW CAPACITANCE ESD PROTECTION,tvs-diodes,4571,0.21,0201 (0603 Metric),Surface Mount,Active,,https://www.digikey.com/en/products/detail/panjit-international-inc/PS1203-D32-R1-00301/25319825,USB,1,0.19pF @ 1MHz,5A (8/20µs),,-55°C ~ 125°C,,No,,,Zener,,5V,3.5V,3.3V (Max)
PTVS1-029C-H,Bourns Inc.,TVS DIODE 29VWM 34VC 2DFN,tvs-diodes,4979,4.37,"2-SMD, No Lead",Surface Mount,Active,http://www.bourns.com/docs/Product-Datasheets/PTVS1-xxxC-H.pdf,https://www.digikey.com/en/products/detail/bourns-inc/PTVS1-029C-H/16642570,General Purpose,1,1500pF @ 10kHz,1000A (1kA) (8/20µs),,-55°C ~ 125°C (TA),,No,,PTVS,Zener,,32V,34V (Typ),29V
PTVS1-066C-H,Bourns Inc.,TVS DIODE 66VWM 86VC 2DFN,tvs-diodes,2369,5.42,"2-SMD, No Lead",Surface Mount,Active,http://www.bourns.com/docs/Product-Datasheets/PTVS1-xxxC-H.pdf,https://www.digikey.com/en/products/detail/bourns-inc/PTVS1-066C-H/16642575,General Purpose,1,,1000A (1kA) (8/20µs),,-55°C ~ 125°C (TA),,No,,PTVS,Zener,,72V,86V (Typ),66V
"PTVS10VS1UR,115",Nexperia USA Inc.,TVS DIODE 10VWM 17VC SOD123W,tvs-diodes,51308,0.58,SOD-123W,Surface Mount,Active,https://assets.nexperia.com/documents/data-sheet/PTVSXS1UR_SER.pdf,https://www.digikey.com/en/products/detail/nexperia-usa-inc/PTVS10VS1UR-115/2119890,,,,23.5A,Automotive,-55°C ~ 150°C (TA),400W,No,AEC-Q101,,Zener,1,11.1V,17V,10V
"PTVS13VP1UP,115",Nexperia USA Inc.,TVS DIODE 13VWM 21.5VC SOD1285,tvs-diodes,29816,0.7,SOD-128,Surface Mount,Active,https://assets.nexperia.com/documents/data-sheet/PTVSXP1UP_SER.pdf,https://www.digikey.com/en/products/detail/nexperia-usa-inc/PTVS13VP1UP-115/2530429,,,,27.9A,Automotive,-55°C ~ 150°C (TA),600W,No,AEC-Q101,,Zener,1,14.4V,21.5V,13V
"PTVS14VS1UR,115",Nexperia USA Inc.,TVS DIODE 14VWM 23.2VC SOD123W,tvs-diodes,9832,0.58,SOD-123W,Surface Mount,Active,https://assets.nexperia.com/documents/data-sheet/PTVSXS1UR_SER.pdf,https://www.digikey.com/en/products/detail/nexperia-usa-inc/PTVS14VS1UR-115/2119894,,,,17.2A,Automotive,-55°C ~ 150°C (TA),400W,No,AEC-Q101,,Zener,1,15.6V,23.2V,14V
"PTVS15VS1UR,115",Nexperia USA Inc.,TVS DIODE 15VWM 24.4VC SOD123W,tvs-diodes,8960,0.58,SOD-123W,Surface Mount,Active,https://assets.nexperia.com/documents/data-sheet/PTVSXS1UR_SER.pdf,https://www.digikey.com/en/products/detail/nexperia-usa-inc/PTVS15VS1UR-115/2119895,,,,16.4A,Automotive,-55°C ~ 150°C (TA),400W,No,AEC-Q101,,Zener,1,16.7V,24.4V,15V
"PTVS16VS1UR,115",Nexperia USA Inc.,TVS DIODE 16VWM 26VC SOD123W,tvs-diodes,43412,0.58,SOD-123W,Surface Mount,Active,https://assets.nexperia.com/documents/data-sheet/PTVSXS1UR_SER.pdf,https://www.digikey.com/en/products/detail/nexperia-usa-inc/PTVS16VS1UR-115/2119896,,,,15.4A,Automotive,-55°C ~ 150°C (TA),400W,No,AEC-Q101,,Zener,1,17.8V,26V,16V
"PTVS18VS1UR,115",Nexperia USA Inc.,TVS DIODE 18VWM 29.2VC SOD123W,tvs-diodes,215742,0.58,SOD-123W,Surface Mount,Active,https://assets.nexperia.com/documents/data-sheet/PTVSXS1UR_SER.pdf,https://www.digikey.com/en/products/detail/nexperia-usa-inc/PTVS18VS1UR-115/2119898,,,,13.7A,Automotive,-55°C ~ 150°C (TA),400W,No,AEC-Q101,,Zener,1,20V,29.2V,18V
PTVS2-029C-H,Bourns Inc.,TVS DIODE 29VWM 34VC 2DFN,tvs-diodes,8797,4.48,"2-SMD, No Lead",Surface Mount,Active,https://www.digikey.com//mm.digikey.com/Volume0/opasdata/d220001/medias/docus/5344/PTVS2-yyyC-H_Series_DS.pdf,https://www.digikey.com/en/products/detail/bourns-inc/PTVS2-029C-H/16642579,General Purpose,1,3000pF @ 10kHz,2000A (2kA) (8/20µs),,-55°C ~ 125°C (TA),,No,,PTVS,Zener,,32V,34V (Typ),29V
PTVS2-043C-H,Bourns Inc.,TVS DIODE 43VWM 56VC 2DFN,tvs-diodes,13408,5.89,"2-SMD, No Lead",Surface Mount,Active,https://www.digikey.com//mm.digikey.com/Volume0/opasdata/d220001/medias/docus/5344/PTVS2-yyyC-H_Series_DS.pdf,https://www.digikey.com/en/products/detail/bourns-inc/PTVS2-043C-H/16642568,General Purpose,1,2000pF @ 10kHz,2000A (2kA) (8/20µs),,-55°C ~ 125°C (TA),,No,,PTVS,Zener,,48V,56V (Typ),43V
PTVS2-058C-H,Bourns Inc.,TVS DIODE 58VWM 67VC 2DFN,tvs-diodes,5351,5.89,"2-SMD, No Lead",Surface Mount,Active,https://www.digikey.com//mm.digikey.com/Volume0/opasdata/d220001/medias/docus/5344/PTVS2-yyyC-H_Series_DS.pdf,https://www.digikey.com/en/products/detail/bourns-inc/PTVS2-058C-H/16642566,General Purpose,1,1500pF @ 10kHz,2000A (2kA) (8/20µs),,-55°C ~ 125°C (TA),,No,,PTVS,Zener,,64V,67V (Typ),58V
PTVS2-066C-H,Bourns Inc.,TVS DIODE 66VWM 86VC 2DFN,tvs-diodes,20685,7.37,"2-SMD, No Lead",Surface Mount,Active,https://www.digikey.com//mm.digikey.com/Volume0/opasdata/d220001/medias/docus/5344/PTVS2-yyyC-H_Series_DS.pdf,https://www.digikey.com/en/products/detail/bourns-inc/PTVS2-066C-H/16642577,General Purpose,1,1300pF @ 10kHz,2000A (2kA) (8/20µs),,-55°C ~ 125°C (TA),,No,,PTVS,Zener,,72V,86V (Typ),66V
"PTVS20VS1UR,115",Nexperia USA Inc.,TVS DIODE 20VWM 32.4VC SOD123W,tvs-diodes,2890,0.58,SOD-123W,Surface Mount,Active,https://assets.nexperia.com/documents/data-sheet/PTVSXS1UR_SER.pdf,https://www.digikey.com/en/products/detail/nexperia-usa-inc/PTVS20VS1UR-115/2228712,,,,12.3A,Automotive,-55°C ~ 150°C (TA),400W,No,AEC-Q101,,Zener,1,22.2V,32.4V,20V
"PTVS24VS1UR,115",Nexperia USA Inc.,TVS DIODE 24VWM 38.9VC SOD123W,tvs-diodes,28654,0.58,SOD-123W,Surface Mount,Active,https://assets.nexperia.com/documents/data-sheet/PTVSXS1UR_SER.pdf,https://www.digikey.com/en/products/detail/nexperia-usa-inc/PTVS24VS1UR-115/2228716,,,,10.3A,Automotive,-55°C ~ 150°C (TA),400W,No,AEC-Q101,,Zener,1,26.7V,38.9V,24V
PTVS24VZ1UPAZ,Nexperia USA Inc.,TVS DIODE 24VWM 31VC 3HUSON,tvs-diodes,2660,0.55,3-PowerUDFN,Surface Mount,Active,https://assets.nexperia.com/documents/data-sheet/PTVS24VZ1UPA.pdf,https://www.digikey.com/en/products/detail/nexperia-usa-inc/PTVS24VZ1UPAZ/18634522,General Purpose,,620pF @ 1MHz,150A (8/20µs),Automotive,-40°C ~ 125°C (TA),,No,AEC-Q100,,Zener,1,25V,31V,24V (Max)
"PTVS26VS1UR,115",Nexperia USA Inc.,TVS DIODE 26VWM 42.1VC SOD123W,tvs-diodes,37935,0.58,SOD-123W,Surface Mount,Active,https://assets.nexperia.com/documents/data-sheet/PTVSXS1UR_SER.pdf,https://www.digikey.com/en/products/detail/nexperia-usa-inc/PTVS26VS1UR-115/2228718,,,,9.5A,Automotive,-55°C ~ 150°C (TA),400W,No,AEC-Q101,,Zener,1,28.9V,42.1V,26V
"PTVS28VS1UR,115",Nexperia USA Inc.,TVS DIODE 28VWM 45.4VC SOD123W,tvs-diodes,22775,0.58,SOD-123W,Surface Mount,Active,https://assets.nexperia.com/documents/data-sheet/PTVSXS1UR_SER.pdf,https://www.digikey.com/en/products/detail/nexperia-usa-inc/PTVS28VS1UR-115/2228720,,,,8.8A,Automotive,-55°C ~ 150°C (TA),400W,No,AEC-Q101,,Zener,1,31.1V,45.4V,28V
"PTVS30VS1UR,115",Nexperia USA Inc.,TVS DIODE 30VWM 48.4VC SOD123W,tvs-diodes,8517,0.58,SOD-123W,Surface Mount,Active,https://assets.nexperia.com/documents/data-sheet/PTVSXS1UR_SER.pdf,https://www.digikey.com/en/products/detail/nexperia-usa-inc/PTVS30VS1UR-115/2228722,,,,8.3A,Automotive,-55°C ~ 150°C (TA),400W,No,AEC-Q101,,Zener,1,33.3V,48.4V,30V
PTVS30VZ1UPAZ,Nexperia USA Inc.,TVS DIODE 30VWM 37VC 3HUSON,tvs-diodes,3000,0.55,3-PowerUDFN,Surface Mount,Active,https://assets.nexperia.com/documents/data-sheet/PTVS30VZ1UPA.pdf,https://www.digikey.com/en/products/detail/nexperia-usa-inc/PTVS30VZ1UPAZ/21528682,General Purpose,,540pF @ 1MHz,150A (8/20µs),,-40°C ~ 125°C (TA),,No,,,Zener,1,31V,37V,30V (Max)
"PTVS33VP1UP,115",Nexperia USA Inc.,TVS DIODE 33VWM 53.3VC SOD1285,tvs-diodes,11810,0.7,SOD-128,Surface Mount,Active,https://assets.nexperia.com/documents/data-sheet/PTVSXP1UP_SER.pdf,https://www.digikey.com/en/products/detail/nexperia-usa-inc/PTVS33VP1UP-115/2530441,,,,11.3A,Automotive,-55°C ~ 150°C (TA),600W,No,AEC-Q101,,Zener,1,36.7V,53.3V,33V
"PTVS33VS1UR,115",Nexperia USA Inc.,TVS DIODE 33VWM 53.3VC SOD123W,tvs-diodes,40799,0.58,SOD-123W,Surface Mount,Active,https://assets.nexperia.com/documents/data-sheet/PTVSXS1UR_SER.pdf,https://www.digikey.com/en/products/detail/nexperia-usa-inc/PTVS33VS1UR-115/2228724,,,,7.5A,Automotive,-55°C ~ 150°C (TA),400W,No,AEC-Q101,,Zener,1,36.7V,53.3V,33V
"PTVS36VP1UP,115",Nexperia USA Inc.,TVS DIODE 36VWM 58.1VC SOD1285,tvs-diodes,9432,0.7,SOD-128,Surface Mount,Active,https://assets.nexperia.com/documents/data-sheet/PTVSXP1UP_SER.pdf,https://www.digikey.com/en/products/detail/nexperia-usa-inc/PTVS36VP1UP-115/2530442,,,,10.3A,Automotive,-55°C ~ 150°C (TA),600W,No,AEC-Q101,,Zener,1,40V,58.1V,36V
"PTVS36VS1UR,115",Nexperia USA Inc.,TVS DIODE 36VWM 58.1VC SOD123W,tvs-diodes,17965,0.58,SOD-123W,Surface Mount,Active,https://assets.nexperia.com/documents/data-sheet/PTVSXS1UR_SER.pdf,https://www.digikey.com/en/products/detail/nexperia-usa-inc/PTVS36VS1UR-115/2228726,,,,6.9A,Automotive,-55°C ~ 150°C (TA),400W,No,AEC-Q101,,Zener,1,40V,58.1V,36V
"PTVS3V3S1UR,115",Nexperia USA Inc.,TVS DIODE 3.3VWM 8VC SOD123W,tvs-diodes,22343,0.58,SOD-123W,Surface Mount,Active,https://assets.nexperia.com/documents/data-sheet/PTVSXS1UR_SER.pdf,https://www.digikey.com/en/products/detail/nexperia-usa-inc/PTVS3V3S1UR-115/2119899,,,,43.8A,Automotive,-55°C ~ 150°C (TA),350W,No,AEC-Q101,,Zener,1,5.2V,8V,3.3V
"PTVS3V3S1UTR,115",Nexperia USA Inc.,TVS DIODE 3.3VWM 8VC SOD123W,tvs-diodes,20370,0.6,SOD-123W,Surface Mount,Active,https://assets.nexperia.com/documents/data-sheet/PTVSXS1UTR_SER.pdf,https://www.digikey.com/en/products/detail/nexperia-usa-inc/PTVS3V3S1UTR-115/2780299,,,,43.8A,Automotive,-55°C ~ 185°C (TA),400W,No,AEC-Q101,,Zener,1,5.2V,8V,3.3V
"PTVS54VS1UR,115",Nexperia USA Inc.,TVS DIODE 54VWM 87.1VC SOD123W,tvs-diodes,27945,0.58,SOD-123W,Surface Mount,Active,https://assets.nexperia.com/documents/data-sheet/PTVSXS1UR_SER.pdf,https://www.digikey.com/en/products/detail/nexperia-usa-inc/PTVS54VS1UR-115/2228738,,,,4.6A,Automotive,-55°C ~ 150°C (TA),400W,No,AEC-Q101,,Zener,1,60V,87.1V,54V
"PTVS58VP1UP,115",Nexperia USA Inc.,TVS DIODE 58VWM 93.6VC SOD1285,tvs-diodes,32236,0.7,SOD-128,Surface Mount,Active,https://assets.nexperia.com/documents/data-sheet/PTVSXP1UP_SER.pdf,https://www.digikey.com/en/products/detail/nexperia-usa-inc/PTVS58VP1UP-115/2530449,,,,6.4A,Automotive,-55°C ~ 150°C (TA),600W,No,AEC-Q101,,Zener,1,64.4V,93.6V,58V
"PTVS58VS1UR,115",Nexperia USA Inc.,TVS DIODE 58VWM 93.6VC SOD123W,tvs-diodes,121490,0.58,SOD-123W,Surface Mount,Active,https://assets.nexperia.com/documents/data-sheet/PTVSXS1UR_SER.pdf,https://www.digikey.com/en/products/detail/nexperia-usa-inc/PTVS58VS1UR-115/2228740,,,,4.3A,Automotive,-55°C ~ 150°C (TA),400W,No,AEC-Q101,,Zener,1,64.4V,93.6V,58V
"PTVS5V0S1UR,115",Nexperia USA Inc.,TVS DIODE 5VWM 9.2VC SOD123W,tvs-diodes,9278,0.58,SOD-123W,Surface Mount,Active,https://assets.nexperia.com/documents/data-sheet/PTVSXS1UR_SER.pdf,https://www.digikey.com/en/products/detail/nexperia-usa-inc/PTVS5V0S1UR-115/2119900,,,,43.5A,Automotive,-55°C ~ 150°C (TA),400W,No,AEC-Q101,,Zener,1,6.4V,9.2V,5V
"PTVS60VS1UR,115",Nexperia USA Inc.,TVS DIODE 60VWM 96.8VC SOD123W,tvs-diodes,13356,0.58,SOD-123W,Surface Mount,Active,https://assets.nexperia.com/documents/data-sheet/PTVSXS1UR_SER.pdf,https://www.digikey.com/en/products/detail/nexperia-usa-inc/PTVS60VS1UR-115/2228742,,,,4.1A,Automotive,-55°C ~ 150°C (TA),400W,No,AEC-Q101,,Zener,1,66.7V,96.8V,60V
"PTVS64VS1UR,115",Nexperia USA Inc.,TVS DIODE 64VWM 103VC SOD123W,tvs-diodes,32697,0.58,SOD-123W,Surface Mount,Active,https://assets.nexperia.com/documents/data-sheet/PTVSXS1UR_SER.pdf,https://www.digikey.com/en/products/detail/nexperia-usa-inc/PTVS64VS1UR-115/2228743,,,,3.9A,Automotive,-55°C ~ 150°C (TA),400W,No,AEC-Q101,,Zener,1,71.1V,103V,64V
"PTVS6V0S1UR,115",Nexperia USA Inc.,TVS DIODE 6VWM 10.3VC SOD123W,tvs-diodes,9783,0.58,SOD-123W,Surface Mount,Active,https://assets.nexperia.com/documents/data-sheet/PTVSXS1UR_SER.pdf,https://www.digikey.com/en/products/detail/nexperia-usa-inc/PTVS6V0S1UR-115/2119901,,,,38.8A,Automotive,-55°C ~ 150°C (TA),400W,No,AEC-Q101,,Zener,1,6.67V,10.3V,6V
"PTVS6V5S1UR,115",Nexperia USA Inc.,TVS DIODE 6.5VWM 11.2VC SOD123W,tvs-diodes,15341,0.58,SOD-123W,Surface Mount,Active,https://assets.nexperia.com/documents/data-sheet/PTVSXS1UR_SER.pdf,https://www.digikey.com/en/products/detail/nexperia-usa-inc/PTVS6V5S1UR-115/2119902,,,,35.7A,Automotive,-55°C ~ 150°C (TA),400W,No,AEC-Q101,,Zener,1,7.22V,11.2V,6.5V
"PTVS7V0S1UR,115",Nexperia USA Inc.,TVS DIODE 7VWM 12VC SOD123W,tvs-diodes,8821,0.58,SOD-123W,Surface Mount,Active,https://assets.nexperia.com/documents/data-sheet/PTVSXS1UR_SER.pdf,https://www.digikey.com/en/products/detail/nexperia-usa-inc/PTVS7V0S1UR-115/2119903,,,,33.3A,Automotive,-55°C ~ 150°C (TA),400W,No,AEC-Q101,,Zener,1,7.78V,12V,7V
"PTVS7V5S1UR,115",Nexperia USA Inc.,TVS DIODE 7.5VWM 12.9VC SOD123W,tvs-diodes,24090,0.58,SOD-123W,Surface Mount,Active,https://assets.nexperia.com/documents/data-sheet/PTVSXS1UR_SER.pdf,https://www.digikey.com/en/products/detail/nexperia-usa-inc/PTVS7V5S1UR-115/2119904,,,,31A,Automotive,-55°C ~ 150°C (TA),400W,No,AEC-Q101,,Zener,1,8.33V,12.9V,7.5V
"PTVS8V5S1UR,115",Nexperia USA Inc.,TVS DIODE 8.5VWM 14.4VC SOD123W,tvs-diodes,27753,0.58,SOD-123W,Surface Mount,Active,https://assets.nexperia.com/documents/data-sheet/PTVSXS1UR_SER.pdf,https://www.digikey.com/en/products/detail/nexperia-usa-inc/PTVS8V5S1UR-115/2119906,,,,27.8A,Automotive,-55°C ~ 150°C (TA),400W,No,AEC-Q101,,Zener,1,9.44V,14.4V,8.5V
"PTVS9V0S1UR,115",Nexperia USA Inc.,TVS DIODE 9VWM 15.4VC SOD123W,tvs-diodes,3419,0.54,SOD-123W,Surface Mount,Active,https://assets.nexperia.com/documents/data-sheet/PTVSXS1UR_SER.pdf,https://www.digikey.com/en/products/detail/nexperia-usa-inc/PTVS9V0S1UR-115/2119907,,,,26A,Automotive,-55°C ~ 150°C (TA),400W,No,AEC-Q101,,Zener,1,10V,15.4V,9V
PUSB3AB4Z,Nexperia USA Inc.,TVS DIODE 3.3VWM 5VC DFN2510A-10,tvs-diodes,217647,0.62,10-XFDFN,Surface Mount,Active,https://assets.nexperia.com/documents/data-sheet/PUSB3AB4.pdf,https://www.digikey.com/en/products/detail/nexperia-usa-inc/PUSB3AB4Z/6575997,General Purpose,4,0.17pF @ 1MHz,7A (8/20µs),,-40°C ~ 85°C (TA),,No,,,Zener,,5.5V,5V (Typ),3.3V (Max)
PUSB3BB2DFZ,Nexperia USA Inc.,TVS DIODE 4VWM 6.2VC DFN06033,tvs-diodes,7733,0.19,0201 (0603 Metric),Surface Mount,Active,https://assets.nexperia.com/documents/data-sheet/PUSB3BB2DF.pdf,https://www.digikey.com/en/products/detail/nexperia-usa-inc/PUSB3BB2DFZ/12325033,General Purpose,1,0.26pF @ 1MHz,8A (8/20µs),,-40°C ~ 125°C (TA),,No,,TrEOS,Zener,,7.4V (Typ),6.2V (Typ),4V (Max)
PUSB3F96X,Nexperia USA Inc.,TVS DIODE 5.5VWM 4.6V DFN2510A10,tvs-diodes,11185,0.39,10-XFDFN,Surface Mount,Active,https://assets.nexperia.com/documents/data-sheet/PUSB3F96.pdf,https://www.digikey.com/en/products/detail/nexperia-usa-inc/PUSB3F96X/4843357,HDMI,,,5.2A (8/20µs),,-40°C ~ 85°C (TA),,Yes,,,Steering (Rail to Rail),4,6V,4.6V (Typ),5.5V (Max)
PUSB3F97X,Nexperia USA Inc.,TVS DIODE 4.2VC DFN2510A-10,tvs-diodes,10824,0.31,10-XFDFN,Surface Mount,Active,https://assets.nexperia.com/documents/data-sheet/PUSB3F97.pdf,https://www.digikey.com/en/products/detail/nexperia-usa-inc/PUSB3F97X/7495795,General Purpose,,0.5pF @ 1MHz,,,-40°C ~ 85°C (TA),,No,,,Zener,4,6V,4.2V (Typ),
PUSB3F99X,Nexperia USA Inc.,TVS DIODE 4.6VC DFN2510A-10,tvs-diodes,4470,0.68,10-XFDFN,Surface Mount,Active,https://assets.nexperia.com/documents/data-sheet/PUSB3F99.pdf,https://www.digikey.com/en/products/detail/nexperia-usa-inc/PUSB3F99X/8276734,"HDMI, USB",,0.5pF @ 1MHz,5.2A (8/20µs),,-40°C ~ 85°C (TA),,No,,,Steering (Rail to Rail),4,6V,4.6V (Typ),
PUSB3FA1Z,Nexperia USA Inc.,TVS DIODE 3VC DFN2510A-10,tvs-diodes,9145,0.55,10-XFDFN,Surface Mount,Active,https://assets.nexperia.com/documents/data-sheet/PUSB3FA1.pdf,https://www.digikey.com/en/products/detail/nexperia-usa-inc/PUSB3FA1Z/9086231,General Purpose,,0.29pF @ 1MHz,7A (8/20µs),,-40°C ~ 85°C (TA),,No,,,Steering (Rail to Rail),4,5.5V,3V (Typ),
PUSB3FA2Z,Nexperia USA Inc.,TVS DIODE 5VC DFN2510A-10,tvs-diodes,7980,0.55,10-XFDFN,Surface Mount,Active,https://assets.nexperia.com/documents/data-sheet/PUSB3FA2.pdf,https://www.digikey.com/en/products/detail/nexperia-usa-inc/PUSB3FA2Z/9086230,General Purpose,4,0.17pF @ 1MHz,7A (8/20µs),,-40°C ~ 85°C (TA),,No,,,Zener,,5.5V,5V (Typ),
PUSB3FR4Z,Nexperia USA Inc.,TVS DIODE 3.3VWM 3VC DFN2510A-10,tvs-diodes,61165,0.14,10-XFDFN,Surface Mount,Active,https://assets.nexperia.com/documents/data-sheet/PUSB3FR4.pdf,https://www.digikey.com/en/products/detail/nexperia-usa-inc/PUSB3FR4Z/5216193,HDMI,,,5A (8/20µs),,-40°C ~ 85°C (TA),,No,,,Zener,4,5.5V,3V (Typ),3.3V (Max)
PUSB3FR6Z,Nexperia USA Inc.,TVS DIODE 3.3VWM 3VC 7XSON,tvs-diodes,58328,0.28,7-XFDFN,Surface Mount,Active,https://assets.nexperia.com/documents/data-sheet/PUSB3FR6.pdf,https://www.digikey.com/en/products/detail/nexperia-usa-inc/PUSB3FR6Z/5216194,General Purpose,,,5A (8/20µs),,-40°C ~ 85°C (TA),,No,,,Zener,6,6V,3V (Typ),3.3V (Max)
PUSB3FS4Z,Nexperia USA Inc.,TVS DIODE 3.3VWM DFN2510A10,tvs-diodes,9855,0.33,10-XFDFN,Surface Mount,Active,https://assets.nexperia.com/documents/short-data-sheet/PUSB3FS4_SDS.pdf,https://www.digikey.com/en/products/detail/nexperia-usa-inc/PUSB3FS4Z/21286481,"HDMI, Telecom, USB",,0.29pF @ 1MHz,8.2A,,,,No,,,Zener,4,,,3.3V (Max)
QSBT40-7-F,Diodes Incorporated,TVS DIODE 30VWM SOT363,tvs-diodes,68747,1.6,"6-TSSOP, SC-88, SOT-363",Surface Mount,Active,https://www.diodes.com/assets/Datasheets/ds30195.pdf,https://www.digikey.com/en/products/detail/diodes-incorporated/QSBT40-7-F/775741,General Purpose,,10pF @ 1MHz,,,-55°C ~ 125°C (TJ),,No,,,Steering (Rail to Rail),4,,,30V
RCLAMP01811PW.C,Semtech Corporation,TVS DIODE 1.8VWM 2DFN,tvs-diodes,19570,0.63,0402 (1006 Metric),Surface Mount,Active,,https://www.digikey.com/en/products/detail/semtech-corporation/RCLAMP01811PW-C/21371829,General Purpose,,1.2pF @ 1MHz,8A (8/20µs),,-40°C ~ 85°C,45W,No,,RailClamp®,Zener,1,2.2V,5.8V,1.8V (Max)
RCLAMP0501T.TNT,Semtech Corporation,TVS DIODE 5VWM 15VC SLP1006P2T,tvs-diodes,38510,1.26,0402 (1006 Metric),Surface Mount,Active,,https://www.digikey.com/en/products/detail/semtech-corporation/RCLAMP0501T-TNT/5226758,General Purpose,,1.7pF @ 1MHz,10A (8/20µs),,-55°C ~ 125°C (TJ),150W,No,,RailClamp®,Zener,1,6.9V,15V,5V (Max)
RCLAMP0502A.TCT,Semtech Corporation,TVS DIODE 5VWM 18VC SC89,tvs-diodes,181155,1.43,"SOT-563, SOT-666",Surface Mount,Active,,https://www.digikey.com/en/products/detail/semtech-corporation/RCLAMP0502A-TCT/2272316,"Ethernet, HDMI",,0.9pF @ 1MHz,3A (8/20µs),,-55°C ~ 125°C (TJ),50W,Yes,,RailClamp®,Steering (Rail to Rail),2,6V,18V,5V (Max)
RCLAMP0502BATCT,Semtech Corporation,TVS DIODE 5VWM 25VC SC75,tvs-diodes,13341,1.35,"SC-75, SOT-416",Surface Mount,Active,,https://www.digikey.com/en/products/detail/semtech-corporation/RCLAMP0502BATCT/2603604,General Purpose,,1.2pF @ 1MHz,5A (8/20µs),,-55°C ~ 125°C (TJ),125W,No,,RailClamp®,Zener,2,6V,25V,5V (Max)
RCLAMP0504F.TCT,Semtech Corporation,TVS DIODE 5VWM 23VC SC706,tvs-diodes,17433,1.85,"6-TSSOP, SC-88, SOT-363",Surface Mount,Not For New Designs,,https://www.digikey.com/en/products/detail/semtech-corporation/RCLAMP0504F-TCT/1000916,"Ethernet, HDMI, USB OTG",,3pF @ 1MHz,6A (8/20µs),,-55°C ~ 125°C (TJ),150W,Yes,,RailClamp®,Steering (Rail to Rail),4,6V,23V,5V (Max)
RCLAMP0504FATCT,Semtech Corporation,TVS DIODE 5VWM 25VC SC706,tvs-diodes,21936,1.96,"6-TSSOP, SC-88, SOT-363",Surface Mount,Active,,https://www.digikey.com/en/products/detail/semtech-corporation/RCLAMP0504FATCT/2603598,USB OTG,,3pF @ 1MHz,6A (8/20µs),,-55°C ~ 125°C (TJ),150W,Yes,,RailClamp®,Steering (Rail to Rail),4,6V,25V,5V (Max)
RCLAMP0504FBTCT,Semtech Corporation,TVS DIODE 5VWM 17.5VC SC706,tvs-diodes,7161,1.83,"6-TSSOP, SC-88, SOT-363",Surface Mount,Active,,https://www.digikey.com/en/products/detail/semtech-corporation/RCLAMP0504FBTCT/7806967,USB,,1.1pF @ 1MHz,28A (8/20µs),,-55°C ~ 125°C (TJ),500W,Yes,,RailClamp®,Steering (Rail to Rail),4,6V,17.5V,5V (Max)
RCLAMP0504M.TBT,Semtech Corporation,TVS DIODE 5VWM 25VC 10MSOP,tvs-diodes,13970,2.52,"10-TFSOP, 10-MSOP (0.118"", 3.00mm Width)",Surface Mount,Active,,https://www.digikey.com/en/products/detail/semtech-corporation/RCLAMP0504M-TBT/1000917,General Purpose,,3pF @ 1MHz,12A (8/20µs),,-55°C ~ 125°C (TJ),300W,Yes,,RailClamp®,Steering (Rail to Rail),4,6V,25V,5V (Max)
RCLAMP0504N.TCT,Semtech Corporation,TVS DIODE 5VWM 17.5VC SLP2020P6,tvs-diodes,14006,2.28,6-UDFN Exposed Pad,Surface Mount,Active,,https://www.digikey.com/en/products/detail/semtech-corporation/RCLAMP0504N-TCT/1249466,General Purpose,,3pF @ 1MHz,12A (8/20µs),,-55°C ~ 125°C (TJ),300W,Yes,,RailClamp®,Steering (Rail to Rail),4,6V,17.5V,5V (Max)
RCLAMP0504PATCT,Semtech Corporation,TVS DIODE 5VWM 18VC SLP1616P6,tvs-diodes,17657,1.88,6-UFDFN Exposed Pad,Surface Mount,Active,,https://www.digikey.com/en/products/detail/semtech-corporation/RCLAMP0504PATCT/2603602,"Ethernet, Multimedia Card Interface, USB OTG",,1.9pF @ 1MHz,6A (8/20µs),,-55°C ~ 125°C (TJ),150W,Yes,,RailClamp®,Steering (Rail to Rail),4,6V,18V,5V (Max)
RCLAMP0504S.TCT,Semtech Corporation,TVS DIODE 5VWM 25VC SOT23-6,tvs-diodes,95036,1.61,SOT-23-6,Surface Mount,Active,,https://www.digikey.com/en/products/detail/semtech-corporation/RCLAMP0504S-TCT/1000918,"Ethernet, USB OTG",,3pF @ 1MHz,6A (8/20µs),,-55°C ~ 125°C (TJ),150W,Yes,,RailClamp®,Steering (Rail to Rail),4,6V,25V,5V
RCLAMP0512TQTCT,Semtech Corporation,TVS DIODE 5VWM 8.5VC SGP1006N3T,tvs-diodes,33067,1.53,0402 (1006 Metric),Surface Mount,Active,https://www.digikey.com//mm.digikey.com/Volume0/opasdata/d220001/medias/docus/958/RCLAMP0512TQ_Rev6_12-17-15.pdf,https://www.digikey.com/en/products/detail/semtech-corporation/RCLAMP0512TQTCT/5423782,Ethernet,,2pF @ 1MHz,20A (1.2/50µs),Automotive,-40°C ~ 125°C (TJ),170W,Yes,AEC-Q100,RailClamp®,Zener,2,6.5V,8.5V,5V (Max)
RCLAMP0512TQTNT,Semtech Corporation,TVS DIODE 5VWM 8.5VC SGP1006N3T,tvs-diodes,29421,1.53,0402 (1006 Metric),Surface Mount,Active,https://www.digikey.com//mm.digikey.com/Volume0/opasdata/d220001/medias/docus/958/RCLAMP0512TQ_Rev6_12-17-15.pdf,https://www.digikey.com/en/products/detail/semtech-corporation/RCLAMP0512TQTNT/5642185,Ethernet,,2pF @ 1MHz,20A (1.2/50µs),Automotive,-40°C ~ 125°C (TJ),170W,Yes,AEC-Q100,RailClamp®,Zener,2,6.5V,8.5V,5V (Max)
RCLAMP0521P.TCT,Semtech Corporation,TVS DIODE 5VWM 25VC SLP1006P2,tvs-diodes,16300,1.29,0402 (1006 Metric),Surface Mount,Not For New Designs,,https://www.digikey.com/en/products/detail/semtech-corporation/RCLAMP0521P-TCT/1833954,General Purpose,1,0.3pF @ 1MHz,4A (8/20µs),,-55°C ~ 125°C (TJ),100W,No,,RailClamp®,Zener,,6V,25V,5V (Max)
RCLAMP0521Z.TFT,Semtech Corporation,TVS DIODE 5VWM 15VC SLP0603P2X3,tvs-diodes,18571,1.08,0201 (0603 Metric),Surface Mount,Active,https://www.digikey.com//mm.digikey.com/Volume0/opasdata/d220001/medias/docus/6350/RCLAMP0521Z.TFT.pdf,https://www.digikey.com/en/products/detail/semtech-corporation/RCLAMP0521Z-TFT/9646045,General Purpose,1,0.35pF @ 1MHz,4A (8/20µs),,-55°C ~ 125°C (TJ),100W,No,,RailClamp®,Zener,,6V,15V,5V (Max)
RCLAMP0522P.TCT,Semtech Corporation,TVS DIODE 5VWM 15VC SLP1610P4,tvs-diodes,6992,1.14,6-UFDFN,Surface Mount,Active,,https://www.digikey.com/en/products/detail/semtech-corporation/RCLAMP0522P-TCT/5113632,HDMI,,0.8pF @ 1MHz,5A (8/20µs),,-55°C ~ 125°C (TJ),150W,Yes,,RailClamp®,Steering (Rail to Rail),2,6V,15V,5V (Max)
RCLAMP0524PATCT,Semtech Corporation,TVS DIODE 5VWM 15VC SLP2510P8,tvs-diodes,117382,1.81,10-UFDFN,Surface Mount,Active,,https://www.digikey.com/en/products/detail/semtech-corporation/RCLAMP0524PATCT/2603579,HDMI,,0.8pF @ 1MHz,5A (8/20µs),,-55°C ~ 125°C (TJ),150W,Yes,,RailClamp®,Steering (Rail to Rail),4,6V,15V,5V (Max)
RCLAMP0531T.TCT,Semtech Corporation,TVS DIODE 5VWM 20VC SLP1006P2T,tvs-diodes,5521,1.48,0402 (1006 Metric),Surface Mount,Active,,https://www.digikey.com/en/products/detail/semtech-corporation/RCLAMP0531T-TCT/2236834,General Purpose,1,0.5pF @ 1MHz,4A (8/20µs),,-55°C ~ 125°C (TJ),80W,No,,RailClamp®,Zener,,6V,20V,5V (Max)
RCLAMP0531TQTCT,Semtech Corporation,TVS DIODE 5VWM 20VC SLP1006P2T,tvs-diodes,7370,1.81,0402 (1006 Metric),Surface Mount,Active,,https://www.digikey.com/en/products/detail/semtech-corporation/RCLAMP0531TQTCT/4501981,,1,0.85pF @ 1MHz,4A (8/20µs),Automotive,-40°C ~ 125°C (TJ),80W,No,AEC-Q100,RailClamp®,Zener,,6V,20V,5V (Max)
RCLAMP0532T.TCT,Semtech Corporation,TVS DIODE 5VWM 10VC SLP1610P4T,tvs-diodes,6940,0.92,6-UFDFN,Surface Mount,Active,,https://www.digikey.com/en/products/detail/semtech-corporation/RCLAMP0532T-TCT/7392841,General Purpose,,1pF @ 1MHz,10A (8/20µs),,-40°C ~ 125°C (TJ),100W,No,,RailClamp®,Steering (Rail to Rail),2,6.5V,10V,5V (Max)
RCLAMP0542T.TCT,Semtech Corporation,TVS DIODE 5VWM 15VC SLP1610P4T,tvs-diodes,58189,1.38,6-UFDFN,Surface Mount,Active,,https://www.digikey.com/en/products/detail/semtech-corporation/RCLAMP0542T-TCT/4626642,"Ethernet, HDMI",,0.45pF @ 1MHz,5A (8/20µs),,-55°C ~ 125°C (TJ),75W,Yes,,RailClamp®,Steering (Rail to Rail),2,6.5V,15V,5V (Max)
RCLAMP0544M.TBT,Semtech Corporation,TVS DIODE 5VWM 20VC 10MSOP,tvs-diodes,16118,2.36,"10-TFSOP, 10-MSOP (0.118"", 3.00mm Width)",Surface Mount,Active,,https://www.digikey.com/en/products/detail/semtech-corporation/RCLAMP0544M-TBT/1618170,General Purpose,,0.7pF @ 1MHz,5A (8/20µs),,-55°C ~ 125°C (TJ),125W,Yes,,RailClamp®,Steering (Rail to Rail),4,6V,20V,5V (Max)
RCLAMP0554S.TCT,Semtech Corporation,TVS DIODE 5VWM 15VC SOT23-6,tvs-diodes,1934,1.96,SOT-23-6,Surface Mount,Active,,https://www.digikey.com/en/products/detail/semtech-corporation/RCLAMP0554S-TCT/2665760,General Purpose,,5pF @ 1MHz,25A (8/20µs),,-55°C ~ 125°C (TJ),375W,Yes,,RailClamp®,Steering (Rail to Rail),4,6V,15V,5V (Max)
RCLAMP0564P.TNT,Semtech Corporation,TVS DIODE 5VWM 4VC SGP2010N5,tvs-diodes,34038,1.85,5-UFDFN,Surface Mount,Active,,https://www.digikey.com/en/products/detail/semtech-corporation/RCLAMP0564P-TNT/6009886,HDMI,,0.17pF @ 1MHz,3A (8/20µs),,-40°C ~ 85°C (TJ),,Yes,,RailClamp®,Steering (Rail to Rail),4,6.5V,4V,5V (Max)
RCLAMP0582B.TCT,Semtech Corporation,TVS DIODE 5VWM 20VC SC75,tvs-diodes,81652,1.61,"SC-75, SOT-416",Surface Mount,Active,,https://www.digikey.com/en/products/detail/semtech-corporation/RCLAMP0582B-TCT/4626644,General Purpose,,1.2pF @ 1MHz,15A (8/20µs),,-40°C ~ 105°C (TJ),300W,No,,RailClamp®,Zener,2,6V,20V,5V (Max)
RCLAMP0582BQTCT,Semtech Corporation,TVS DIODE 5VWM 20VC SC75,tvs-diodes,37852,1.93,"SC-75, SOT-416",Surface Mount,Active,,https://www.digikey.com/en/products/detail/semtech-corporation/RCLAMP0582BQTCT/4626645,,,1.2pF @ 1MHz,15A (8/20µs),Automotive,-40°C ~ 105°C (TJ),300W,No,AEC-Q100,RailClamp®,Zener,2,6V,20V,5V (Max)
RCLAMP0582N.TCT,Semtech Corporation,TVS DIODE 6.5VWM 25VC SLP1210N6,tvs-diodes,13641,1.61,6-UFDFN,Surface Mount,Active,,https://www.digikey.com/en/products/detail/semtech-corporation/RCLAMP0582N-TCT/4215549,,,0.2pF @ 1MHz,5A (8/20µs),Automotive,-55°C ~ 125°C (TJ),125W,Yes,AEC-Q100,RailClamp®,Steering (Rail to Rail),3,7V,25V,6.5V (Max)
RCLAMP0584J.TCT,Semtech Corporation,TVS DIODE 5VWM 15VC SLP2710P8,tvs-diodes,62843,1.92,10-UFDFN,Surface Mount,Active,,https://www.digikey.com/en/products/detail/semtech-corporation/RCLAMP0584J-TCT/4626646,HDMI,,0.45pF @ 1MHz,5A (8/20µs),,-55°C ~ 125°C (TJ),75W,Yes,,RailClamp®,Steering (Rail to Rail),4,6.5V,15V,5V (Max)
RCLAMP1011ZCTFT,Semtech Corporation,1-LINE 1.0V 2.5A 0.20PF ESD SLP0,tvs-diodes,18502,0.77,0201 (0603 Metric),Surface Mount,Active,https://www.digikey.com//mm.digikey.com/Volume0/opasdata/d220001/medias/docus/6350/RCLAMP1011ZCTFT.pdf,https://www.digikey.com/en/products/detail/semtech-corporation/RCLAMP1011ZCTFT/20370667,USB,1,0.17pF @ 1MHz,2.5A (8/20µs),,-40°C ~ 85°C,,No,,RailClamp®,Zener,,1.3V,4V,1V (Max)
RCLAMP1255P.TGT,Semtech Corporation,TVS DIODE 4VWM 12.5VC SLP2018P6,tvs-diodes,14113,2.08,6-UFDFN Exposed Pad,Surface Mount,Active,,https://www.digikey.com/en/products/detail/semtech-corporation/RCLAMP1255P-TGT/5113636,USB OTG,,0.35pF @ 1MHz,3A (8/20µs),,-55°C ~ 125°C (TJ),40W,Yes,,RailClamp®,Steering (Rail to Rail),3,4.5V,12.5V,4V (Max)
RCLAMP1521P.TCT,Semtech Corporation,TVS DIODE 15VWM 30VC SLP1006P2,tvs-diodes,29213,1.43,0402 (1006 Metric),Surface Mount,Active,,https://www.digikey.com/en/products/detail/semtech-corporation/RCLAMP1521P-TCT/5113638,General Purpose,1,0.3pF @ 1MHz,4A (8/20µs),,-55°C ~ 125°C (TJ),120W,No,,RailClamp®,Zener,,16.7V,30V,15V (Max)
RCLAMP1521PQTCT,Semtech Corporation,TVS DIODE 15VWM 35VC SLP1006P2,tvs-diodes,14662,1.61,0402 (1006 Metric),Surface Mount,Active,,https://www.digikey.com/en/products/detail/semtech-corporation/RCLAMP1521PQTCT/4626648,,1,0.3pF @ 1MHz,4A (8/20µs),Automotive,-40°C ~ 125°C (TJ),120W,No,AEC-Q100,RailClamp®,Zener,,16.7V,35V,15V (Max)
RCLAMP2271ZC.F,Semtech Corporation,1-LINE 22V 0.15PF TVS EOS SLP060,tvs-diodes,8426,0.52,0201 (0603 Metric),Surface Mount,Active,https://www.digikey.com//mm.digikey.com/Volume0/opasdata/d220001/medias/docus/7139/RClamp2271ZC.pdf,https://www.digikey.com/en/products/detail/semtech-corporation/RCLAMP2271ZC-F/26475263,"Telecom, USB",1,0.15pF @ 1MHz,2A (8/20µs),,-40°C ~ 85°C (TA),12W,No,,RailClamp®,Zener,,24V,6V,22V (Max)
RCLAMP2431T.TCT,Semtech Corporation,TVS DIODE 24VWM 50VC SLP1006P2T,tvs-diodes,16127,1.48,0402 (1006 Metric),Surface Mount,Active,,https://www.digikey.com/en/products/detail/semtech-corporation/RCLAMP2431T-TCT/4626650,General Purpose,1,0.35pF @ 1MHz,2A (8/20µs),,-40°C ~ 85°C (TJ),100W,No,,RailClamp®,Zener,,26.7V,50V,24V (Max)
RCLAMP2431TQTCT,Semtech Corporation,TVS DIODE 24VWM 50VC SLP1006P2T,tvs-diodes,9515,1.81,0402 (1006 Metric),Surface Mount,Active,,https://www.digikey.com/en/products/detail/semtech-corporation/RCLAMP2431TQTCT/4626651,,1,0.35pF @ 1MHz,2A (8/20µs),Automotive,-40°C ~ 125°C (TJ),100W,No,AEC-Q100,RailClamp®,Zener,,26.7V,50V,24V (Max)
RCLAMP2451ZATFT,Semtech Corporation,TVS DIODE 24VWM 7VC SLP0603P2X3F,tvs-diodes,7084,0.93,0201 (0603 Metric),Surface Mount,Active,https://www.digikey.com//mm.digikey.com/Volume0/opasdata/d220001/medias/docus/6350/RCLAMP2451ZATFT.pdf,https://www.digikey.com/en/products/detail/semtech-corporation/RCLAMP2451ZATFT/5321774,General Purpose,1,0.35pF @ 1MHz,3A (8/20µs),,-40°C ~ 85°C (TJ),60W,No,,RailClamp®,Zener,,25.5V,7V,24V (Max)
RCLAMP2451ZATNT,Semtech Corporation,TVS DIODE 24VWM 8VC SLP0603P2X3F,tvs-diodes,7651,0.5,0201 (0603 Metric),Surface Mount,Active,https://www.digikey.com//mm.digikey.com/Volume0/opasdata/d220001/medias/docus/6350/RCLAMP2451ZATNT.pdf,https://www.digikey.com/en/products/detail/semtech-corporation/RCLAMP2451ZATNT/20370722,Telecom,1,0.35pF @ 1MHz,4A (8/20µs),,-40°C ~ 85°C (TJ),32W,No,,RailClamp®,Zener,,25.5V,8V,24V (Max)
RCLAMP2504N.TCT,Semtech Corporation,TVS DIODE 2.5VWM 15V SLP2626P10,tvs-diodes,3874,3.49,10-UFDFN Exposed Pad,Surface Mount,Active,,https://www.digikey.com/en/products/detail/semtech-corporation/RCLAMP2504N-TCT/1833956,Ethernet,,3.8pF @ 1MHz,25A (8/20µs),,-55°C ~ 125°C (TJ),450W,Yes,,RailClamp®,Steering (Rail to Rail),4,2.7V,15V,2.5V (Max)
RCLAMP2504P.TCT,Semtech Corporation,TVS DIODE 2.5VWM 13VC SLP1616P6,tvs-diodes,8527,1.7,6-UFDFN Exposed Pad,Surface Mount,Active,,https://www.digikey.com/en/products/detail/semtech-corporation/RCLAMP2504P-TCT/1833957,Multimedia Card Interface,,0.8pF @ 1MHz,5A (8/20µs),,-40°C ~ 85°C (TJ),80W,Yes,,RailClamp®,Steering (Rail to Rail),4,2.7V,13V,2.5V (Max)
RCLAMP2574N.TCT,Semtech Corporation,TVS DIODE 2.5VWM 20VC SLP3020N10,tvs-diodes,5062,3.14,10-UDFN Exposed Pad,Surface Mount,Active,,https://www.digikey.com/en/products/detail/semtech-corporation/RCLAMP2574N-TCT/2684962,General Purpose,,3.75pF @ 1MHz,40A (8/20µs),,-55°C ~ 85°C (TA),1000W (1kW),Yes,,RailClamp®,Steering (Rail to Rail),8,2.7V,20V,2.5V (Max)
RCLAMP2574NQTCT,Semtech Corporation,TVS DIODE 2.5VWM 20VC SLP3020N10,tvs-diodes,9934,3.3,10-UDFN Exposed Pad,Surface Mount,Active,,https://www.digikey.com/en/products/detail/semtech-corporation/RCLAMP2574NQTCT/4626652,Ethernet,,3.75pF @ 1MHz,40A (8/20µs),Automotive,-40°C ~ 125°C (TJ),1000W (1kW),Yes,AEC-Q100,RailClamp®,Steering (Rail to Rail),8,2.7V,20V,2.5V (Max)
RCLAMP3304N.TCT,Semtech Corporation,TVS DIODE 3.3VWM 18V SLP2626P10,tvs-diodes,19615,2.89,10-UFDFN Exposed Pad,Surface Mount,Not For New Designs,,https://www.digikey.com/en/products/detail/semtech-corporation/RCLAMP3304N-TCT/1249463,General Purpose,,3.8pF @ 1MHz,25A (8/20µs),,-55°C ~ 125°C (TJ),450W,Yes,,RailClamp®,Steering (Rail to Rail),4,3.5V,18V,3.3V (Max)
RCLAMP3304NATCT,Semtech Corporation,TVS DIODE 3.3VWM 18V SLP2626P10,tvs-diodes,2091,2.52,10-UFDFN Exposed Pad,Surface Mount,Active,,https://www.digikey.com/en/products/detail/semtech-corporation/RCLAMP3304NATCT/4120057,General Purpose,,3.8pF @ 1MHz,25A (8/20µs),,-55°C ~ 125°C (TJ),450W,Yes,,RailClamp®,Steering (Rail to Rail),4,3.5V,18V,3.3V (Max)
RCLAMP3304P.TCT,Semtech Corporation,TVS DIODE 3.3VWM 16VC SLP1616P6,tvs-diodes,33546,1.66,6-UFDFN Exposed Pad,Surface Mount,Active,,https://www.digikey.com/en/products/detail/semtech-corporation/RCLAMP3304P-TCT/1833958,Multimedia Card Interface,,0.8pF @ 1MHz,5A (8/20µs),,-40°C ~ 85°C (TJ),80W,Yes,,RailClamp®,Steering (Rail to Rail),4,3.5V,16V,3.3V (Max)
RCLAMP3321P.TNT,Semtech Corporation,TVS DIODE 3.3VWM 13VC SLP1006P2,tvs-diodes,24258,1.34,0402 (1006 Metric),Surface Mount,Active,,https://www.digikey.com/en/products/detail/semtech-corporation/RCLAMP3321P-TNT/5067282,HDMI,1,0.22pF @ 1MHz,4A (8/20µs),,-55°C ~ 125°C (TJ),25W,No,,RailClamp®,Zener,,5.5V,13V,3.3V (Max)
RCLAMP3324P.TNT,Semtech Corporation,TVS DIODE 3.3VWM 4.5VC SGP2510P8,tvs-diodes,12469,1.44,10-UFDFN,Surface Mount,Active,,https://www.digikey.com/en/products/detail/semtech-corporation/RCLAMP3324P-TNT/5118680,,,0.6pF @ 1MHz,4.5A (8/20µs),Automotive,-55°C ~ 125°C (TJ),,Yes,AEC-Q100,RailClamp®,Steering (Rail to Rail),4,8V (Typ),4.5V,3.3V (Max)
RCLAMP3324T.TCT,Semtech Corporation,TVS DIODE 3.3VWM SLP1710P4T,tvs-diodes,15571,1.96,6-XFDFN,Surface Mount,Active,,https://www.digikey.com/en/products/detail/semtech-corporation/RCLAMP3324T-TCT/4626653,HDMI,,0.4pF @ 1MHz,5A (8/20µs),,-40°C ~ 125°C (TJ),75W,Yes,,RailClamp®,Steering (Rail to Rail),4,3.8V,10.5V,3.3V (Max)
RCLAMP3328P.TZT,Semtech Corporation,TVS DIODE 3.3VWM 10.5V SGP3810N9,tvs-diodes,12865,1.7,9-UDFN,Surface Mount,Active,https://www.digikey.com//mm.digikey.com/Volume0/opasdata/d220001/medias/docus/1170/RCLAMP3328P.pdf,https://www.digikey.com/en/products/detail/semtech-corporation/RCLAMP3328P-TZT/5118688,HDMI,,0.4pF @ 1MHz,5A (8/20µs),,-55°C ~ 125°C (TJ),75W,Yes,,RailClamp®,Steering (Rail to Rail),8,3.8V,10.5V,3.3V (Max)
RCLAMP3331PQTCT,Semtech Corporation,TVS DIODE 3.3VWM 8VC SLP1006P2,tvs-diodes,11737,1.89,0402 (1006 Metric),Surface Mount,Active,,https://www.digikey.com/en/products/detail/semtech-corporation/RCLAMP3331PQTCT/16212717,USB,1,0.35pF @ 1MHz,10A (8/20µs),Automotive,-40°C ~ 125°C (TJ),30W,No,,,Zener,,6V,8V,3.3V (Max)
RCLAMP3331ZATFT,Semtech Corporation,TVS DIODE 3.3VWM SLP0603P2X3F,tvs-diodes,142239,1.17,0201 (0603 Metric),Surface Mount,Active,https://www.digikey.com//mm.digikey.com/Volume0/opasdata/d220001/medias/docus/6350/RCLAMP3331ZATFT.pdf,https://www.digikey.com/en/products/detail/semtech-corporation/RCLAMP3331ZATFT/5321776,General Purpose,1,0.35pF @ 1MHz,4A (8/20µs),,-40°C ~ 85°C (TJ),30W,No,,RailClamp®,Zener,,5.5V,7.5V,3.3V (Max)
RCLAMP3346P.TNT,Semtech Corporation,TVS DIODE 3.3VWM 4.5VC SGP2708N7,tvs-diodes,19341,1.97,7-UDFN,Surface Mount,Active,,https://www.digikey.com/en/products/detail/semtech-corporation/RCLAMP3346P-TNT/5118681,USB,,0.6pF @ 1MHz,4.5A (8/20µs),,-40°C ~ 125°C (TJ),,No,,RailClamp®,Steering (Rail to Rail),6,7V,4.5V,3.3V (Max)
RCLAMP3354S.TCT,Semtech Corporation,TVS DIODE 3.3VWM 16VC SOT23-5,tvs-diodes,40148,1.96,"SC-74A, SOT-753",Surface Mount,Active,,https://www.digikey.com/en/products/detail/semtech-corporation/RCLAMP3354S-TCT/4626655,Ethernet,,3.8pF @ 1MHz,25A (8/20µs),,-55°C ~ 85°C (TA),400W,Yes,,RailClamp®,Steering (Rail to Rail),4,3.5V,16V,3.3V (Max)
RCLAMP3361P.TFT,Semtech Corporation,TVS DIODE 3.3VWM SLP1006P2,tvs-diodes,51985,0.47,0402 (1006 Metric),Surface Mount,Active,,https://www.digikey.com/en/products/detail/semtech-corporation/RCLAMP3361P-TFT/20370724,USB,1,0.25pF @ 1MHz,7A (8/20µs),,-40°C ~ 85°C,60W,No,,RailClamp®,Zener,,5.5V,8.5V,3.3V (Max)
RCLAMP3361Z.TFT,Semtech Corporation,TVS DIODE 3.3VWM 8.5VC,tvs-diodes,17624,0.45,0201 (0603 Metric),Surface Mount,Active,,https://www.digikey.com/en/products/detail/semtech-corporation/RCLAMP3361Z-TFT/7392842,General Purpose,1,0.2pF @ 1MHz,7A (8/20µs),,,60W,No,,RailClamp®,Zener,,5.5V,8.5V,3.3V (Max)
RCLAMP3374N.TCT,Semtech Corporation,TVS DIODE 3.3VWM 18VC SLP3020N10,tvs-diodes,35165,3.14,10-UDFN Exposed Pad,Surface Mount,Active,,https://www.digikey.com/en/products/detail/semtech-corporation/RCLAMP3374N-TCT/4626656,Ethernet,,3.6pF @ 1MHz,25A (8/20µs),Automotive,-40°C ~ 125°C (TJ),1000W (1kW),Yes,AEC-Q100,RailClamp®,Steering (Rail to Rail),4,3.5V,18V,3.3V (Max)
RCLAMP3391ZCTFT,Semtech Corporation,TVS DIODE 3.3VWM SLP0603P2X3J,tvs-diodes,13073,0.21,0201 (0603 Metric),Surface Mount,Active,https://www.digikey.com//mm.digikey.com/Volume0/opasdata/d220001/medias/docus/6350/RCLAMP3391ZCTFT.pdf,https://www.digikey.com/en/products/detail/semtech-corporation/RCLAMP3391ZCTFT/16212730,"HDMI, USB",1,0.17pF @ 1MHz,7A (8/20µs),,-40°C ~ 85°C (TJ),45W,No,,,Zener,,5.5V,6.5V,3.3V (Max)
RCLAMP3521P.TNT,Semtech Corporation,TVS DIODE 3.5VWM 13VC SLP1006P2,tvs-diodes,15614,1.34,0402 (1006 Metric),Surface Mount,Active,,https://www.digikey.com/en/products/detail/semtech-corporation/RCLAMP3521P-TNT/5118670,General Purpose,1,0.33pF @ 1MHz,4A (8/20µs),,-40°C ~ 125°C (TJ),50W,No,,RailClamp®,Zener,,4.5V,13V,3.5V (Max)
RCLAMP3521ZATFT,Semtech Corporation,TVS DIODE 3.5VWM 5V SLP0603P2X3F,tvs-diodes,7198,0.58,0201 (0603 Metric),Surface Mount,Active,https://www.digikey.com//mm.digikey.com/Volume0/opasdata/d220001/medias/docus/6350/RCLAMP3521ZATFT.pdf,https://www.digikey.com/en/products/detail/semtech-corporation/RCLAMP3521ZATFT/7392843,General Purpose,1,0.45pF @ 1MHz,6A,,-40°C ~ 125°C (TJ),30W,No,,,Zener,,5.5V,5V (Typ),3.5V (Max)
RCLAMP3552T.TNT,Semtech Corporation,TVS DIODE 3.5VWM 6.5V SLP1006N3T,tvs-diodes,17612,0.87,3-XDFN,Surface Mount,Active,,https://www.digikey.com/en/products/detail/semtech-corporation/RCLAMP3552T-TNT/5118675,General Purpose,2,0.3pF @ 1MHz,4A (8/20µs),,-40°C ~ 125°C (TJ),,No,,RailClamp®,Zener,,7.5V,6.5V,3.5V (Max)
RCLAMP3552TQTNT,Semtech Corporation,TVS DIODE 3.5VWM 6.5V SLP1006N3T,tvs-diodes,6822,1.21,0402 (1006 Metric),Surface Mount,Active,,https://www.digikey.com/en/products/detail/semtech-corporation/RCLAMP3552TQTNT/9384933,USB,2,0.4pF @ 1MHz,4A (8/20µs),Automotive,-40°C ~ 125°C (TJ),,No,AEC-Q100,RailClamp®,Zener,,7.5V,6.5V,3.5V (Max)
RCLAMP3654PATCT,Semtech Corporation,TVS DIODE 5.5VWM 30VC SLP1616P6,tvs-diodes,2163,1.96,6-UFDFN Exposed Pad,Surface Mount,Active,,https://www.digikey.com/en/products/detail/semtech-corporation/RCLAMP3654PATCT/2603582,USB OTG,,0.8pF @ 1MHz,3A (8/20µs),,-55°C ~ 125°C (TJ),100W,Yes,,RailClamp®,Steering (Rail to Rail),3,6.5V,30V,5.5V (Max)
RCLAMP4021ZATFT,Semtech Corporation,TVS DIODE 4VWM SLP0603P2X3F,tvs-diodes,7062,0.31,0201 (0603 Metric),Surface Mount,Active,,https://www.digikey.com/en/products/detail/semtech-corporation/RCLAMP4021ZATFT/16212724,USB,1,0.55pF @ 1MHz,,,-40°C ~ 125°C (TJ),30W,No,,RailClamp®,Zener,,5.5V,8V,4V (Max)
RCLAMP4041ZATFT,Semtech Corporation,TVS DIODE 4VWM 8VC SLP0603P2X3F,tvs-diodes,40047,0.16,0201 (0603 Metric),Surface Mount,Active,https://www.digikey.com//mm.digikey.com/Volume0/opasdata/d220001/medias/docus/8935/RCLAMP4041ZATFT.pdf,https://www.digikey.com/en/products/detail/semtech-corporation/RCLAMP4041ZATFT/16212720,USB,1,0.65pF @ 1MHz,20A (8/20µs),,,160W,No,,,Zener,,6V,8V,4V
RCLAMP7534P.TNT,Semtech Corporation,TVS DIODE 5VWM 25VC SGP2010N5,tvs-diodes,27780,1.85,5-UFDFN,Surface Mount,Active,,https://www.digikey.com/en/products/detail/semtech-corporation/RCLAMP7534P-TNT/5118679,"Ethernet, HDMI",,0.19pF @ 1MHz,4A (8/20µs),,-40°C ~ 85°C (TJ),,Yes,,RailClamp®,Steering (Rail to Rail),4,6.5V,25V,5V (Max)
RSBC6.8CMT2N,Rohm Semiconductor,TVS DIODE 5VWM VMN2M,tvs-diodes,8000,0.55,"2-SMD, Flat Leads",Surface Mount,Active,https://www.rohm.com/datasheet?p=RSBC6.8CM&dist=Digi-key&media=referral&source=digi-key.com&campaign=Digi-key,https://www.digikey.com/en/products/detail/rohm-semiconductor/RSBC6-8CMT2N/10709371,General Purpose,1,,,,150°C (TJ),,No,,,Zener,,6.62V,,5V (Max)
S2303,SMC Diode Solutions,TVS DIODE 3.3VWM 8VC SOT233,tvs-diodes,4214,0.33,"TO-236-3, SC-59, SOT-23-3",Surface Mount,Active,https://www.smc-diodes.com/propdf/S2303%20THRU%20S2336%20N0291%20REV.B.pdf,https://www.digikey.com/en/products/detail/smc-diode-solutions/S2303/8019642,USB,1,600pF @ 1MHz,1A,,-55°C ~ 125°C (TJ),300W,No,,,Zener,,4V,8V,3.3V (Max)
SA5.0A,Littelfuse Inc.,TVS DIODE 5VWM 9.2VC DO204AC,tvs-diodes,49040,0.64,"DO-204AC, DO-15, Axial",Through Hole,Active,https://www.littelfuse.com/assetdocs/tvs-diodes-sa-datasheet?assetguid=93214550-6aff-4192-8ecd-8094a6f7cc98,https://www.digikey.com/en/products/detail/littelfuse-inc/SA5-0A/407714,General Purpose,,,55.4A,,-55°C ~ 175°C (TJ),500W,No,,SA,Zener,1,6.4V,9.2V,5V
SA5.0A/B,YAGEO,TVS DIODE 5VWM 9.2VC DO204AC,tvs-diodes,1904,0.16,"DO-204AC, DO-15, Axial",Through Hole,Active,https://yageogroup.com/content/datasheet/asset/file/SA_1,https://www.digikey.com/en/products/detail/yageo/SA5-0A-B/15856299,General Purpose,,,55.4A,,-55°C ~ 150°C (TJ),500W,No,,SA,Zener,1,6.4V,9.2V,5V
SA5.0CA/B,YAGEO,TVS DIODE 5VWM 9.2VC DO204AC,tvs-diodes,1206,0.16,"DO-204AC, DO-15, Axial",Through Hole,Active,https://yageogroup.com/content/datasheet/asset/file/SA_1,https://www.digikey.com/en/products/detail/yageo/SA5-0CA-B/15855974,General Purpose,1,,55.4A,,-55°C ~ 150°C (TJ),500W,No,,SA,Zener,,6.4V,9.2V,5V
SBD52C05L01,YAGEO,TVS DIODE 5VWM 9.8VC SOD523,tvs-diodes,11181,0.22,"SC-79, SOD-523",Surface Mount,Active,https://www.yageo.com/upload/media/product/productsearch/datasheet/cpc/esd/SBD52C05L01_1.pdf,https://www.digikey.com/en/products/detail/yageo/SBD52C05L01/13689557,General Purpose,1,30pF @ 1MHz,6A (8/20µs),,-55°C ~ 150°C (TJ),200W,No,,SBD52C05L01,Zener,,5.6V,9.8V,5V (Max)
SC1105-01UTG,Littelfuse Inc.,TVS DIODE 5VWM 11.8VC 2DFN,tvs-diodes,1417,0.54,0603 (1610 Metric),Surface Mount,Active,https://www.littelfuse.com/assetdocs/littelfuse_tvs_diode_array_sc11xx_datasheet.pdf?assetguid=236d2d61-da5f-4ddd-966b-92f13e86f01e,https://www.digikey.com/en/products/detail/littelfuse-inc/SC1105-01UTG/13550015,General Purpose,,660pF @ 1MHz,80A (8/20µs),,-40°C ~ 125°C (TA),,No,,SC11xx,Zener,1,6V,11.8V (Typ),5V (Max)
SC1205-01UTG,Littelfuse Inc.,TVS DIODE 4.5VWM 10VC 2UDFN,tvs-diodes,27862,0.55,0201 (0603 Metric),Surface Mount,Active,https://www.littelfuse.com/assetdocs/littelfuse_tvs_diode_array_sc1205-01utg_datasheet.pdf?assetguid=b84d6518-ae94-4bb5-88c0-edce6d6b7295,https://www.digikey.com/en/products/detail/littelfuse-inc/SC1205-01UTG/15849685,General Purpose,1,7pF @ 1MHz,7A (8/20µs),,-40°C ~ 125°C (TA),,No,,SPA®,Zener,,5.3V,10V (Typ),4.5V (Max)
SC1333-01ETG,Littelfuse Inc.,TVS DIODE 3.3VWM 9VC SOD882,tvs-diodes,1670,0.47,SOD-882,Surface Mount,Active,https://www.littelfuse.com/assetdocs/littelfuse-tvs-diode-array-sc1333-01etg-datasheet?assetguid=3f42833b-e7fb-4dbd-925d-18e1fde6e51d,https://www.digikey.com/en/products/detail/littelfuse-inc/SC1333-01ETG/13592626,General Purpose,1,8pF @ 1MHz,5A (8/20µs),,-40°C ~ 125°C,,No,,SPA®,Zener,,3.5V,9V,3.3V (Max)
SC3051-04HTG,Littelfuse Inc.,TVS DIODE 6VWM 17VC SOT236,tvs-diodes,16234,1.71,SOT-23-6,Surface Mount,Active,https://www.littelfuse.com/assetdocs/littelfuse-tvs-diode-array-sc3051-04htg-datasheet?assetguid=fb078e0e-2a7c-4e97-8ee1-3461fbf3bbf7,https://www.digikey.com/en/products/detail/littelfuse-inc/SC3051-04HTG/24391819,"Ethernet, USB",,2pF @ 1MHz,22A (8/20µs),,-40°C ~ 125°C (TA),,Yes,,"SC3051, SPA®",Steering (Rail to Rail),4,7V,17V,6V (Max)
SC3530-01LTG,Littelfuse Inc.,TVS DIODE 7VWM 12.8VC SOD523,tvs-diodes,3550,0.54,"SC-79, SOD-523",Surface Mount,Active,https://www.littelfuse.com/assetdocs/littelfuse-tvs-diode-array-sc3530-01ltg-datasheet?assetguid=3e8e9344-93af-4d56-94b1-2f569913df53,https://www.digikey.com/en/products/detail/littelfuse-inc/SC3530-01LTG/16902292,"HDMI, USB",,1pF @ 1MHz,2.5A (8/20µs),,-40°C ~ 125°C (TA),,No,,SPA®,Zener,1,8.2V (Typ),12.8V (Typ),7V (Max)
SD03LC,SMC Diode Solutions,TVS DIODE 3.3VWM 19VC SOD323,tvs-diodes,3182,0.32,"SC-76, SOD-323",Surface Mount,Active,https://www.smc-diodes.com/propdf/SD03LC%20THRU%20SD24LC%20N2248%20REV.A.pdf,https://www.digikey.com/en/products/detail/smc-diode-solutions/SD03LC/15822296,"Ethernet, USB",,5pF @ 1MHz (Max),20A (8/20µs),,-55°C ~ 150°C (TJ),350W,No,,SDxxLC,Zener,1,4V,19V,3.3V (Max)
SD05,SMC Diode Solutions,TVS DIODE 5VWM 14.5VC SOD323,tvs-diodes,12633,0.27,"SC-76, SOD-323",Surface Mount,Active,https://www.smc-diodes.com/propdf/SD03%20THRU%20SD36%20N1787%20REV.E.pdf?833,https://www.digikey.com/en/products/detail/smc-diode-solutions/SD05/15822305,General Purpose,,350pF @ 1MHz (Max),24A (8/20µs),,-55°C ~ 125°C (TJ),350W,No,,SDxx,Zener,1,6V,14.5V,5V (Max)
SD05.TCT,Semtech Corporation,TVS DIODE 5VWM 14.5VC SOD323,tvs-diodes,3602,1.24,"SC-76, SOD-323",Surface Mount,Active,,https://www.digikey.com/en/products/detail/semtech-corporation/SD05-TCT/1000922,General Purpose,,350pF @ 1MHz,24A (8/20µs),,-55°C ~ 125°C (TJ),350W,No,,,Zener,1,6V,14.5V,5V (Max)
SD05C-01FTG,Littelfuse Inc.,TVS DIODE 5VWM 18VC SOD323,tvs-diodes,44574,0.66,"SC-76, SOD-323",Surface Mount,Active,https://www.littelfuse.com/assetdocs/littelfuse_tvs_diode_array_sd_c_datasheet.pdf?assetguid=b682d4fa-3733-4cd6-9f7f-7cf1a490030b,https://www.digikey.com/en/products/detail/littelfuse-inc/SD05C-01FTG/4251952,General Purpose,1,200pF @ 1MHz,30A (8/20µs),,-40°C ~ 125°C (TJ),450W,No,,"SD-C, SPA®",Zener,,,18V,5V (Max)
SD05C-7,Diodes Incorporated,TVS DIODE 5.5VWM 16VC SOD323,tvs-diodes,22287,0.25,"SC-76, SOD-323",Surface Mount,Active,https://www.diodes.com/assets/Datasheets/SD05C.pdf,https://www.digikey.com/en/products/detail/diodes-incorporated/SD05C-7/7354175,,1,200pF @ 1MHz,40A (8/20µs),,-65°C ~ 150°C (TJ),640W,No,,,Zener,,6V,16V,5.5V (Max)
SD05C.TCT,Semtech Corporation,TVS DIODE 5VWM 14.5VC SOD323,tvs-diodes,39950,1.52,"SC-76, SOD-323",Surface Mount,Active,,https://www.digikey.com/en/products/detail/semtech-corporation/SD05C-TCT/1000923,General Purpose,1,200pF @ 1MHz,24A (8/20µs),,-55°C ~ 125°C (TJ),350W,No,,,Zener,,6V,14.5V,5V (Max)
SD09C-7,Diodes Incorporated,TVS DIODE 9VWM 20VC SOD323,tvs-diodes,6000,0.23,"SC-76, SOD-323",Surface Mount,Active,https://www.diodes.com/assets/Datasheets/SD09C.pdf,https://www.digikey.com/en/products/detail/diodes-incorporated/SD09C-7/10295727,General Purpose,1,68pF @ 1MHz,20A (8/20µs),,-65°C ~ 150°C (TJ),400W,No,,,Zener,,10V,20V,9V (Max)
SD09CQ-7,Diodes Incorporated,TVS DIODE 9VWM 20VC SOD323,tvs-diodes,4380,0.31,"SC-76, SOD-323",Surface Mount,Active,https://www.diodes.com/assets/Datasheets/SD09CQ.pdf,https://www.digikey.com/en/products/detail/diodes-incorporated/SD09CQ-7/16547529,,1,68pF @ 1MHz,20A (8/20µs),Automotive,-65°C ~ 150°C (TJ),400W,No,AEC-Q101,,Zener,,10V,20V,9V (Max)
SD12,SMC Diode Solutions,TVS DIODE 12VWM 25VC SOD323,tvs-diodes,12569,0.27,"SC-76, SOD-323",Surface Mount,Active,https://www.smc-diodes.com/propdf/SD03%20THRU%20SD36%20N1787%20REV.E.pdf?833,https://www.digikey.com/en/products/detail/smc-diode-solutions/SD12/15822297,General Purpose,,150pF @ 1MHz (Max),15A (8/20µs),,-55°C ~ 125°C (TJ),350W,No,,SDxx,Zener,1,13.3V,25V,12V (Max)
SD12C.TCT,Semtech Corporation,TVS DIODE 12VWM 24VC SOD323,tvs-diodes,5432,1.52,"SC-76, SOD-323",Surface Mount,Active,,https://www.digikey.com/en/products/detail/semtech-corporation/SD12C-TCT/5113647,General Purpose,1,100pF @ 1MHz,15A (8/20µs),,-55°C ~ 125°C (TJ),350W,No,,,Zener,,13.3V,24V,12V (Max)
SD12CT1G,onsemi,TVS DIODE 12VWM 19VC SOD323,tvs-diodes,31425,0.59,"SC-76, SOD-323",Surface Mount,Not For New Designs,https://www.onsemi.com/pdf/datasheet/sd12ct1-d.pdf,https://www.digikey.com/en/products/detail/onsemi/SD12CT1G/725762,,1,64pF @ 1MHz,5A (8/20µs),,-65°C ~ 150°C (TJ),350W,No,,,Zener,,13.3V,19V,12V (Max)
SD15-01FTG,Littelfuse Inc.,TVS DIODE 15VWM 30VC SOD323,tvs-diodes,3827,0.61,"SC-76, SOD-323",Surface Mount,Active,https://www.littelfuse.com/assetdocs/littelfuse_tvs_diode_array_sd_datasheet.pdf?assetguid=29052267-c8b0-44bb-a4b5-aff4938da06c,https://www.digikey.com/en/products/detail/littelfuse-inc/SD15-01FTG/5019597,General Purpose,,100pF @ 1MHz,12A (8/20µs),Automotive,-40°C ~ 125°C (TJ),450W,No,AEC-Q101,"SD, SPA®",Zener,1,,30V,15V (Max)
SD15C-01FTG,Littelfuse Inc.,TVS DIODE 15VWM 31VC SOD323,tvs-diodes,25057,0.66,"SC-76, SOD-323",Surface Mount,Active,https://www.littelfuse.com/assetdocs/littelfuse_tvs_diode_array_sd_c_datasheet.pdf?assetguid=b682d4fa-3733-4cd6-9f7f-7cf1a490030b,https://www.digikey.com/en/products/detail/littelfuse-inc/SD15C-01FTG/5019599,,1,75pF @ 1MHz,12A (8/20µs),Automotive,-40°C ~ 125°C (TJ),450W,No,AEC-Q101,"SD-C, SPA®",Zener,,,31V,15V (Max)
SD15C.TCT,Semtech Corporation,TVS DIODE 15VWM 29VC SOD323,tvs-diodes,13194,1.52,"SC-76, SOD-323",Surface Mount,Active,,https://www.digikey.com/en/products/detail/semtech-corporation/SD15C-TCT/5113648,General Purpose,1,75pF @ 1MHz,12A (8/20µs),,-55°C ~ 125°C (TJ),350W,No,,,Zener,,16.7V,29V,15V (Max)
SD15Q-7,Diodes Incorporated,TVS DIODE 15VWM 27VC SOD323,tvs-diodes,4002,0.27,"SC-76, SOD-323",Surface Mount,Active,https://www.diodes.com/assets/Datasheets/SD15Q.pdf,https://www.digikey.com/en/products/detail/diodes-incorporated/SD15Q-7/17840289,,,88pF @ 1MHz,12A (8/20µs),Automotive,-65°C ~ 150°C (TJ),320W,No,AEC-Q101,,Zener,1,16V,27V,15V (Max)
SD24,SMC Diode Solutions,TVS DIODE 24VWM 44VC SOD323,tvs-diodes,2592,0.27,"SC-76, SOD-323",Surface Mount,Active,https://www.smc-diodes.com/propdf/SD03%20THRU%20SD36%20N1787%20REV.E.pdf?833,https://www.digikey.com/en/products/detail/smc-diode-solutions/SD24/15822303,General Purpose,,100pF @ 1MHz (Max),24A (8/20µs),,-55°C ~ 125°C (TJ),350W,No,,SDxx,Zener,1,26.7V,44V,24V (Max)
SD24-01FTG,Littelfuse Inc.,TVS DIODE 24VWM 42VC SOD323,tvs-diodes,1514,0.61,"SC-76, SOD-323",Surface Mount,Active,https://www.littelfuse.com/assetdocs/littelfuse_tvs_diode_array_sd_datasheet.pdf?assetguid=29052267-c8b0-44bb-a4b5-aff4938da06c,https://www.digikey.com/en/products/detail/littelfuse-inc/SD24-01FTG/5019601,General Purpose,,65pF @ 1MHz,7A (8/20µs),Automotive,-40°C ~ 125°C (TJ),450W,No,AEC-Q101,"SD, SPA®",Zener,1,,42V,24V (Max)
SD24C-01FTG,Littelfuse Inc.,TVS DIODE 24VWM 42VC SOD323,tvs-diodes,15064,0.66,"SC-76, SOD-323",Surface Mount,Active,https://www.littelfuse.com/assetdocs/littelfuse_tvs_diode_array_sd_c_datasheet.pdf?assetguid=b682d4fa-3733-4cd6-9f7f-7cf1a490030b,https://www.digikey.com/en/products/detail/littelfuse-inc/SD24C-01FTG/5019603,,1,50pF @ 1MHz,7A (8/20µs),Automotive,-40°C ~ 125°C (TJ),450W,No,AEC-Q101,"SD-C, SPA®",Zener,,,42V,24V (Max)
SD24C.TCT,Semtech Corporation,TVS DIODE 24VWM 44VC SOD323,tvs-diodes,9841,1.43,"SC-76, SOD-323",Surface Mount,Active,,https://www.digikey.com/en/products/detail/semtech-corporation/SD24C-TCT/1000924,General Purpose,1,50pF @ 1MHz,8A (8/20µs),,-55°C ~ 125°C (TJ),350W,No,,,Zener,,26.7V,44V,24V (Max)
SD32305,SMC Diode Solutions,TVS DIODE 5VWM 9.8VC SOD323,tvs-diodes,3947,0.39,"SC-76, SOD-323",Surface Mount,Active,https://www.smc-diodes.com/propdf/SD32303%20THRU%20SD32324%20N0428%20REV.B.pdf,https://www.digikey.com/en/products/detail/smc-diode-solutions/SD32305/6022618,General Purpose,,600pF @ 1MHz,1A (8/20µs),,-55°C ~ 125°C (TJ),300W,No,,,Zener,1,6V,9.8V,5V (Max)
SDA4AK,Diotec Semiconductor,TVS DIODE 1VWM 4VC DO213AB,tvs-diodes,4295,0.55,"DO-213AB, MELF",Surface Mount,Active,https://diotec.com/request/datasheet/sda2ak.pdf,https://www.digikey.com/en/products/detail/diotec-semiconductor/SDA4AK/22190661,General Purpose,,,40A,,-50°C ~ 150°C (TJ),300W,No,,,Zener,2,1.6V,4V,1V
SESD0201X1BN-0010-098,Littelfuse Inc.,TVS DIODE 7VWM 10VC 0201,tvs-diodes,252802,1.1,0201 (0603 Metric),Surface Mount,Active,https://www.littelfuse.com/assetdocs/littelfuse-tvs-diode-array-sesd-ultra-low-capacitance-discrete-tvs-datasheet?assetguid=645e7b6b-8305-497f-b62b-24df676c444e,https://www.digikey.com/en/products/detail/littelfuse-inc/SESD0201X1BN-0010-098/5233511,HDMI,1,0.1pF @ 3GHz,2A (8/20µs),Automotive,-55°C ~ 125°C (TJ),,No,AEC-Q101,"SESD, SPA®",Zener,,9.8V (Typ),10V (Typ),7V (Max)
SESD0402X1BN-0010-098,Littelfuse Inc.,TVS DIODE 7VWM 10VC 0402,tvs-diodes,228174,1.05,2-XDFN,Surface Mount,Active,https://www.digikey.com//mm.digikey.com/Volume0/opasdata/d220001/medias/docus/375/SESD0402X1BN-0010-098_Spec.pdf,https://www.digikey.com/en/products/detail/littelfuse-inc/SESD0402X1BN-0010-098/5233544,HDMI,1,0.1pF @ 3GHz,2A (8/20µs),Automotive,-55°C ~ 125°C (TJ),,No,AEC-Q101,"SESD, SPA®",Zener,,9.8V (Typ),10V (Typ),7V (Max)
SESD0402X1BN-0015-096,Littelfuse Inc.,TVS DIODE 7VWM 14VC 0402,tvs-diodes,15750,0.94,2-XDFN,Surface Mount,Active,https://www.littelfuse.com/assetdocs/littelfuse-tvs-diode-array-sesd-enhanced-esd-discrete-tvs-datasheet?assetguid=09000f99-6237-42d5-99eb-c8beabec16ab,https://www.digikey.com/en/products/detail/littelfuse-inc/SESD0402X1BN-0015-096/5233518,HDMI,1,0.15pF @ 3GHz,2.5A (8/20µs),Automotive,-55°C ~ 125°C (TA),,No,AEC-Q101,"SESD, SPA®",Zener,,9.6V (Typ),14V (Typ),7V (Max)
SESD0402X1UN-0020-090,Littelfuse Inc.,TVS DIODE 7VWM 9.2VC 0402/2DFN,tvs-diodes,61714,0.94,0402 (1006 Metric),Surface Mount,Active,https://www.littelfuse.com/assetdocs/littelfuse-tvs-diode-array-sesd-ultra-low-capacitance-discrete-tvs-datasheet?assetguid=645e7b6b-8305-497f-b62b-24df676c444e,https://www.digikey.com/en/products/detail/littelfuse-inc/SESD0402X1UN-0020-090/5233545,HDMI,,0.2pF @ 3GHz,2A (8/20µs),Automotive,-55°C ~ 125°C (TJ),,No,AEC-Q101,"SESD, SPA®",Zener,1,9V (Typ),9.2V (Typ),7V (Max)
SESD7L5.0DT5G,onsemi,TVS DIODE 5VWM 10.4VC SOT723,tvs-diodes,26474,1.26,SOT-723,Surface Mount,Active,https://www.onsemi.com/pdf/datasheet/esd7l-d.pdf,https://www.digikey.com/en/products/detail/onsemi/SESD7L5-0DT5G/3062711,USB,,0.25pF @ 1MHz,,Automotive,-55°C ~ 150°C (TJ),,No,AEC-Q101,,Zener,2,5.4V,10.4V,5V (Max)
SESD9L5.0ST5G,onsemi,TVS DIODE 5VWM 9.8VC SOD923,tvs-diodes,6162,0.35,SOD-923,Surface Mount,Active,https://www.digikey.com//mm.digikey.com/Volume0/opasdata/d220001/medias/docus/778/ESD9L_SESD9L_Series_Rev5_Oct2012.pdf,https://www.digikey.com/en/products/detail/onsemi/SESD9L5-0ST5G/3198061,General Purpose,,0.5pF @ 1MHz,1A (8/20µs),,-55°C ~ 150°C (TJ),,No,,,Zener,1,5.4V,9.8V,5V (Max)
SESDONCAN1LT1G,onsemi,TVS DIODE 24VWM 50VC SOT233,tvs-diodes,39230,0.66,"TO-236-3, SC-59, SOT-23-3",Surface Mount,Active,https://www.onsemi.com/pdf/datasheet/esdoncan1-d.pdf,https://www.digikey.com/en/products/detail/onsemi/SESDONCAN1LT1G/5258165,CAN,2,10pF @ 1MHz,3A (8/20µs),Automotive,-55°C ~ 150°C (TJ),,No,AEC-Q101,,Zener,,26.2V,50V,24V (Min)
SESDONCAN1LT3G,onsemi,TVS DIODE 24VWM 50VC SOT233,tvs-diodes,8972,0.66,"TO-236-3, SC-59, SOT-23-3",Surface Mount,Active,https://www.onsemi.com/pdf/datasheet/esdoncan1-d.pdf,https://www.digikey.com/en/products/detail/onsemi/SESDONCAN1LT3G/5257449,CAN,2,10pF @ 1MHz,3A (8/20µs),Automotive,-55°C ~ 150°C (TJ),,No,AEC-Q101,,Zener,,26.2V,50V,24V (Min)
SL05.TCT,Semtech Corporation,TVS DIODE 5VWM 11VC SOT23-3,tvs-diodes,17150,1.66,"TO-236-3, SC-59, SOT-23-3",Surface Mount,Active,,https://www.digikey.com/en/products/detail/semtech-corporation/SL05-TCT/1833989,General Purpose,,5pF @ 1MHz,5A (8/20µs),,-55°C ~ 125°C (TJ),300W,No,,SL,Zener,1,6V,11V,5V (Max)
SLD16-018,Littelfuse Inc.,TVS DIODE 16VWM 26VC P600,tvs-diodes,3545,3.83,"P600, Axial",Through Hole,Active,https://www.littelfuse.com/assetdocs/littelfuse_tvs_diode_sld_datasheet.pdf?assetguid=fce36256-f340-4c99-9aec-ae774cb2d1d8,https://www.digikey.com/en/products/detail/littelfuse-inc/SLD16-018/688263,,1,,196.2A,Automotive,-55°C ~ 175°C (TJ),5000W (5kW),No,AEC-Q101,SLD,Zener,,18V,26V,16V
SLD33-018,Littelfuse Inc.,TVS DIODE 33VWM 53.3VC P600,tvs-diodes,13073,3.83,"P600, Axial",Through Hole,Active,https://www.littelfuse.com/assetdocs/littelfuse_tvs_diode_sld_datasheet.pdf?assetguid=fce36256-f340-4c99-9aec-ae774cb2d1d8,https://www.digikey.com/en/products/detail/littelfuse-inc/SLD33-018/4556577,,1,,95.7A,Automotive,-55°C ~ 175°C (TJ),5000W (5kW),No,AEC-Q101,SLD,Zener,,36.7V,53.3V,33V
SLD8S28A,Littelfuse Inc.,TVS DIODE 28VWM 45.4VC SMTO-263,tvs-diodes,619,4.53,Nonstandard SMD,Surface Mount,Active,https://www.littelfuse.com/assetdocs/tvs-diodes-sld8s-datasheet?assetguid=e72d4532-03e6-43ae-af1e-73b2cd0bb1ff,https://www.digikey.com/en/products/detail/littelfuse-inc/SLD8S28A/6235048,,,,154A,Automotive,-55°C ~ 175°C (TJ),7000W (7kW),No,AEC-Q101,SLD8S,Zener,1,31.1V,45.4V,28V
SLD8S33A,Littelfuse Inc.,TVS DIODE 33VWM 53.3VC SMTO-263,tvs-diodes,4662,4.53,Nonstandard SMD,Surface Mount,Active,https://www.littelfuse.com/assetdocs/tvs-diodes-sld8s-datasheet?assetguid=e72d4532-03e6-43ae-af1e-73b2cd0bb1ff,https://www.digikey.com/en/products/detail/littelfuse-inc/SLD8S33A/6235034,,,,132A,Automotive,-55°C ~ 175°C (TJ),7000W (7kW),No,AEC-Q101,SLD8S,Zener,1,36.7V,53.3V,33V
SLD8S36A,Littelfuse Inc.,TVS DIODE 36.5VWM 58.1V SMTO-263,tvs-diodes,1736,4.53,Nonstandard SMD,Surface Mount,Active,https://www.littelfuse.com/assetdocs/tvs-diodes-sld8s-datasheet?assetguid=e72d4532-03e6-43ae-af1e-73b2cd0bb1ff,https://www.digikey.com/en/products/detail/littelfuse-inc/SLD8S36A/6235035,,,,121A,Automotive,-55°C ~ 175°C (TJ),7000W (7kW),No,AEC-Q101,SLD8S,Zener,1,40V,58.1V,36.5V
SLVU2.8-4.TBT,Semtech Corporation,TVS DIODE 2.8VWM 15VC 8-SO,tvs-diodes,3056,5.38,"8-SOIC (0.154"", 3.90mm Width)",Surface Mount,Active,,https://www.digikey.com/en/products/detail/semtech-corporation/SLVU2-8-4-TBT/1000926,General Purpose,,5pF @ 1MHz,24A (8/20µs),,-55°C ~ 125°C (TJ),400W,No,,SLV,Zener,4,3V,15V,2.8V (Max)
SLVU2.8.TCT,Semtech Corporation,TVS DIODE 2.8VWM 12.5VC SOT23-3,tvs-diodes,6572,2.74,"TO-236-3, SC-59, SOT-23-3",Surface Mount,Active,,https://www.digikey.com/en/products/detail/semtech-corporation/SLVU2-8-TCT/5113653,Ethernet,,5pF @ 1MHz,24A (8/20µs),,-55°C ~ 125°C (TJ),400W,No,,SLV,Zener,1,3V,12.5V,2.8V (Max)
SLVU2.8HTG,Littelfuse Inc.,TVS DIODE 2.8VWM 15VC SOT23-3,tvs-diodes,2332,1.82,"TO-236-3, SC-59, SOT-23-3",Surface Mount,Active,,https://www.digikey.com/en/products/detail/littelfuse-inc/SLVU2-8HTG/3130463,General Purpose,1,2pF @ 1MHz,40A (8/20µs),,-40°C ~ 125°C (TJ),600W,No,,"SLVU2.8, SPA®",Zener,,3V,15V,2.8V (Max)
SM05-TP,MCC (Micro Commercial Components),TVS DIODE 5VWM 9.8VC SOT23,tvs-diodes,4031,0.31,"TO-236-3, SC-59, SOT-23-3",Surface Mount,Active,https://www.mccsemi.com/pdf/Products/SM05_SM12(SOT-23).pdf,https://www.digikey.com/en/products/detail/mcc-micro-commercial-components/SM05-TP/1777002,General Purpose,,110pF @ 1MHz,12A (8/20µs),,-55°C ~ 150°C (TJ),300W,No,,,Zener,2,6.2V,9.8V,5V (Max)
SM05.TCT,Semtech Corporation,TVS DIODE 5VWM 9.8VC SOT23-3,tvs-diodes,9474,1.09,"TO-236-3, SC-59, SOT-23-3",Surface Mount,Active,,https://www.digikey.com/en/products/detail/semtech-corporation/SM05-TCT/1000928,General Purpose,,400pF @ 1MHz,17A (8/20µs),,-55°C ~ 125°C (TJ),300W,No,,,Zener,2,6V,9.8V,5V (Max)
SM05T1G,onsemi,TVS DIODE 5VWM 9.8VC SOT23-3,tvs-diodes,7899,0.36,"TO-236-3, SC-59, SOT-23-3",Surface Mount,Active,https://www.onsemi.com/pdf/datasheet/sm05t1-d.pdf,https://www.digikey.com/en/products/detail/onsemi/SM05T1G/920305,General Purpose,,,17A (8/20µs),,-55°C ~ 150°C (TJ),300W,No,,,Zener,2,6.2V,9.8V,5V
SM12-7,Diodes Incorporated,TVS DIODE 12VWM 19VC SOT233,tvs-diodes,3148,0.31,"TO-236-3, SC-59, SOT-23-3",Surface Mount,Active,https://www.diodes.com/assets/Datasheets/SM12.pdf,https://www.digikey.com/en/products/detail/diodes-incorporated/SM12-7/3829353,,,95pF @ 1MHz,12A (8/20µs),Automotive,-65°C ~ 150°C (TJ),300W,No,AEC-Q101,,Zener,2,13.3V,19V,12V (Max)
SM12.TCT,Semtech Corporation,TVS DIODE 12VWM 19VC SOT23-3,tvs-diodes,10382,1.09,"TO-236-3, SC-59, SOT-23-3",Surface Mount,Active,,https://www.digikey.com/en/products/detail/semtech-corporation/SM12-TCT/1000929,General Purpose,,150pF @ 1MHz,12A (8/20µs),,-55°C ~ 125°C (TJ),300W,No,,,Zener,2,13.3V,19V,12V (Max)
SM12T1G,onsemi,TVS DIODE 12VWM 19VC SOT233,tvs-diodes,23500,0.28,"TO-236-3, SC-59, SOT-23-3",Surface Mount,Active,https://www.onsemi.com/pdf/datasheet/sm05t1-d.pdf,https://www.digikey.com/en/products/detail/onsemi/SM12T1G/920306,General Purpose,,,12A (8/20µs),,-55°C ~ 150°C (TJ),300W,No,,,Zener,2,13.3V,19V,12V
SM24.TCT,Semtech Corporation,TVS DIODE 24VWM 43VC SOT23-3,tvs-diodes,58493,1.09,"TO-236-3, SC-59, SOT-23-3",Surface Mount,Active,,https://www.digikey.com/en/products/detail/semtech-corporation/SM24-TCT/1000931,General Purpose,,60pF @ 1MHz,5A (8/20µs),,-55°C ~ 125°C (TJ),300W,No,,,Zener,2,26.7V,43V,24V (Max)
SM24CANA-02HTG,Littelfuse Inc.,TVS DIODE 24VWM 50VC SOT23-3,tvs-diodes,8035,1.07,"TO-236-3, SC-59, SOT-23-3",Surface Mount,Active,https://www.littelfuse.com/assetdocs/littelfuse_tvs_diode_array_sm24cana_datasheet.pdf?assetguid=05f33b44-d017-48d5-acc4-a497e0fcdbe2,https://www.digikey.com/en/products/detail/littelfuse-inc/SM24CANA-02HTG/5019609,CAN,2,11pF @ 1MHz,3A (8/20µs),Automotive,-40°C ~ 125°C (TJ),200W,No,AEC-Q101,"SM24CANA, SPA®",Zener,,26.7V,50V,24V (Max)
SM24CANB-02HTG,Littelfuse Inc.,TVS DIODE 24VWM 50VC SOT23-3,tvs-diodes,813,1.26,"TO-236-3, SC-59, SOT-23-3",Surface Mount,Active,https://www.littelfuse.com/assetdocs/littelfuse_tvs_diode_array_sm24canb_datasheet.pdf?assetguid=09dc84a6-1ff8-409f-a80f-5e92aedec8fe,https://www.digikey.com/en/products/detail/littelfuse-inc/SM24CANB-02HTG/5048174,CAN,2,30pF @ 1MHz,10A (8/20µs),Automotive,-40°C ~ 125°C (TJ),500W,No,AEC-Q101,"SM24CANB, SPA®",Zener,,26.7V,50V,24V (Max)
SM24T1G,onsemi,TVS DIODE 24VWM 43VC SOT233,tvs-diodes,17658,0.36,"TO-236-3, SC-59, SOT-23-3",Surface Mount,Active,https://www.onsemi.com/pdf/datasheet/sm05t1-d.pdf,https://www.digikey.com/en/products/detail/onsemi/SM24T1G/2512613,General Purpose,,,5A (8/20µs),,-55°C ~ 150°C (TJ),300W,No,,,Zener,2,26.7V,43V,24V
SM2T3V3A,STMicroelectronics,TVS DIODE 3.3VWM 6.8VC DO216AA,tvs-diodes,49495,0.88,DO-216AA,Surface Mount,Active,https://www.st.com/resource/en/datasheet/cd00070945.pdf,https://www.digikey.com/en/products/detail/stmicroelectronics/SM2T3V3A/1039060,General Purpose,,2500pF @ 1MHz,30A,,,200W,No,,"SM2T, TRANSIL™",Zener,1,3.6V,6.8V,3.3V
SM2T6V8A,STMicroelectronics,TVS DIODE 5VWM 9.2VC DO216AA,tvs-diodes,41562,0.88,DO-216AA,Surface Mount,Active,https://www.st.com/resource/en/datasheet/cd00002910.pdf,https://www.digikey.com/en/products/detail/stmicroelectronics/SM2T6V8A/1039061,General Purpose,,,19.6A,,,200W,No,,"SM2T, TRANSIL™",Zener,1,6.4V,9.2V,5V
SM3.3H-TP,MCC (Micro Commercial Components),TVS DIODE 3.3VWM 12.5VC SOT23,tvs-diodes,6179,0.49,"TO-236-3, SC-59, SOT-23-3",Surface Mount,Active,https://www.mccsemi.com/pdf/Products/SM3.3H(SOT-23).pdf,https://www.digikey.com/en/products/detail/mcc-micro-commercial-components/SM3-3H-TP/12177181,General Purpose,,260pF @ 1MHz,40A (8/20µs),,-55°C ~ 125°C (TJ),500W,No,,,Zener,2,3.5V,12.5V,3.3V (Max)
SM30T30CAY,STMicroelectronics,TVS DIODE 26VWM 42.1VC SMC,tvs-diodes,7165,2.11,"DO-214AB, SMC",Surface Mount,Active,https://www.st.com/content/ccc/resource/technical/document/datasheet/90/0c/ab/be/9d/d1/49/bd/DM00035136.pdf/files/DM00035136.pdf/jcr:content/translations/en.DM00035136.pdf,https://www.digikey.com/en/products/detail/stmicroelectronics/SM30T30CAY/2826949,,1,,71.3A,Automotive,-55°C ~ 175°C (TJ),3000W (3kW),No,AEC-Q101,"SM30TY, TRANSIL™",Zener,,28.9V,42.1V,26V
SM30T42CAY,STMicroelectronics,TVS DIODE 36VWM 58.1VC SMC,tvs-diodes,4993,2.11,"DO-214AB, SMC",Surface Mount,Active,https://www.st.com/content/ccc/resource/technical/document/datasheet/90/0c/ab/be/9d/d1/49/bd/DM00035136.pdf/files/DM00035136.pdf/jcr:content/translations/en.DM00035136.pdf,https://www.digikey.com/en/products/detail/stmicroelectronics/SM30T42CAY/5848367,,1,,48.4A,Automotive,-55°C ~ 175°C (TJ),3000W (3kW),No,AEC-Q101,"SM30TY, TRANSIL™",Zener,,40V,58.1V,36V
SM36.TCT,Semtech Corporation,TVS DIODE 36VWM 60VC SOT23-3,tvs-diodes,32945,1.09,"TO-236-3, SC-59, SOT-23-3",Surface Mount,Active,,https://www.digikey.com/en/products/detail/semtech-corporation/SM36-TCT/1000932,General Purpose,,45pF @ 1MHz,4A (8/20µs),,-55°C ~ 125°C (TJ),300W,No,,,Zener,2,40V,60V,36V (Max)
SM36T1G,onsemi,TVS DIODE 36VWM 60VC SOT23-3,tvs-diodes,24725,0.48,"TO-236-3, SC-59, SOT-23-3",Surface Mount,Active,https://www.onsemi.com/pdf/datasheet/sm05t1-d.pdf,https://www.digikey.com/en/products/detail/onsemi/SM36T1G/2797334,General Purpose,,,4A (8/20µs),,-55°C ~ 150°C (TJ),300W,No,,,Zener,2,40V,60V,36V
SM6T6V8A,STMicroelectronics,TVS DIODE 5.8VWM 10.5VC SMB,tvs-diodes,27463,0.52,"DO-214AA, SMB",Surface Mount,Active,https://www.st.com/resource/en/datasheet/cd00000725.pdf,https://www.digikey.com/en/products/detail/stmicroelectronics/SM6T6V8A/1039097,General Purpose,,,57A,,-55°C ~ 150°C (TJ),600W,No,,"SM6T, TRANSIL™",Zener,1,6.45V,10.5V,5.8V
SM6T6V8CA,STMicroelectronics,TVS DIODE 5.8VWM 10.5VC SMB,tvs-diodes,27829,0.56,"DO-214AA, SMB",Surface Mount,Active,https://www.st.com/resource/en/datasheet/cd00000725.pdf,https://www.digikey.com/en/products/detail/stmicroelectronics/SM6T6V8CA/634759,General Purpose,1,,57A,,-55°C ~ 150°C (TJ),600W,No,,"SM6T, TRANSIL™",Zener,,6.45V,10.5V,5.8V
SM712,SMC Diode Solutions,TVS DIODE 12VWM 7VWM SOT23-3,tvs-diodes,76180,0.3,"TO-236-3, SC-59, SOT-23-3",Surface Mount,Active,https://www.smc-diodes.com/propdf/SM712%20N2270%20REV.A.pdf,https://www.digikey.com/en/products/detail/smc-diode-solutions/SM712/16584910,General Purpose,2,75pF @ 1MHz,17A (8/20µs),,-55°C ~ 125°C (TJ),400W,No,,,Zener,,"13.3V, 7.5V","26V, 12V","12V (Max), 7V (Max)"
SM712-TP,MCC (Micro Commercial Components),TVS DIODE 12VWM 21VC SOT23,tvs-diodes,80365,0.69,"TO-236-3, SC-59, SOT-23-3",Surface Mount,Active,https://www.mccsemi.com/pdf/Products/SM712(SOT-23).pdf,https://www.digikey.com/en/products/detail/mcc-micro-commercial-components/SM712-TP/2783868,General Purpose,2,45pF @ 1MHz,5A (8/20µs),,-55°C ~ 150°C (TJ),400W,No,,,Zener,,13.3V,21V,12V (Max)
SM712.TCT,Semtech Corporation,TVS DIODE 12VWM 7VWM SOT233,tvs-diodes,76620,2.66,"TO-236-3, SC-59, SOT-23-3",Surface Mount,Active,,https://www.digikey.com/en/products/detail/semtech-corporation/SM712-TCT/1000933,RS-485,2,75pF @ 1MHz,17A (8/20µs),,-55°C ~ 125°C (TJ),400W,No,,,Zener,,"13.3V, 7.5V","26V, 12V","12V (Max), 7V (Max)"
SM712H-TP,MCC (Micro Commercial Components),TVS DIODE 12VWM 28VC SOT23,tvs-diodes,40793,0.87,"TO-236-3, SC-59, SOT-23-3",Surface Mount,Active,https://www.mccsemi.com/pdf/Products/SM712H(SOT-23).pdf,https://www.digikey.com/en/products/detail/mcc-micro-commercial-components/SM712H-TP/12177158,General Purpose,2,75pF @ 1MHz (Max),36A (8/20µs),,-55°C ~ 125°C (TJ),1000W (1kW),No,,,Zener,,13.3V,28V,12V (Max)
SM8S24AHE3_A/I,Vishay General Semiconductor - Diodes Division,TVS DIODE 24VWM 38.9VC DO218AB,tvs-diodes,13931,5.13,DO-218AB,Surface Mount,Active,https://www.vishay.com/docs/88387/sm8s.pdf,https://www.digikey.com/en/products/detail/vishay-general-semiconductor-diodes-division/SM8S24AHE3-A-I/6709961,,,,170A,Automotive,-55°C ~ 175°C (TJ),6600W (6.6kW),No,AEC-Q101,PAR®,Zener,1,26.7V,38.9V,24V
SM8S30AHE3_A/I,Vishay General Semiconductor - Diodes Division,TVS DIODE 30VWM 48.4VC DO218AB,tvs-diodes,6074,5.13,DO-218AB,Surface Mount,Active,https://www.vishay.com/docs/88387/sm8s.pdf,https://www.digikey.com/en/products/detail/vishay-general-semiconductor-diodes-division/SM8S30AHE3-A-I/6709962,,,,136A,Automotive,-55°C ~ 175°C (TJ),6600W (6.6kW),No,AEC-Q101,PAR®,Zener,1,33.3V,48.4V,30V
SM8S33AHE3_A/I,Vishay General Semiconductor - Diodes Division,TVS DIODE 33VWM 53.3VC DO218AB,tvs-diodes,3182,5.13,DO-218AB,Surface Mount,Active,https://www.vishay.com/docs/88387/sm8s.pdf,https://www.digikey.com/en/products/detail/vishay-general-semiconductor-diodes-division/SM8S33AHE3-A-I/6709963,,,,124A,Automotive,-55°C ~ 175°C (TJ),6600W (6.6kW),No,AEC-Q101,PAR®,Zener,1,36.7V,53.3V,33V
SM8S33CA-Q,Bourns Inc.,TVS DIODE 33VWM 53.3VC DO218,tvs-diodes,2188,4.04,DO-218AB,Surface Mount,Active,https://www.bourns.com/docs/product-datasheets/sm8s-q.pdf,https://www.digikey.com/en/products/detail/bourns-inc/SM8S33CA-Q/9920517,,1,,124A,Automotive,-55°C ~ 175°C (TJ),6600W (6.6kW),No,AEC-Q101,SM8S-Q,Zener,,36.7V,53.3V,33V
SM8S36AHE3_A/I,Vishay General Semiconductor - Diodes Division,TVS DIODE 36VWM 58.1VC DO218AB,tvs-diodes,27014,5.13,DO-218AB,Surface Mount,Active,https://www.vishay.com/docs/88387/sm8s.pdf,https://www.digikey.com/en/products/detail/vishay-general-semiconductor-diodes-division/SM8S36AHE3-A-I/6709964,,,,114A,Automotive,-55°C ~ 175°C (TJ),6600W (6.6kW),No,AEC-Q101,PAR®,Zener,1,40V,58.1V,36V
SM8S36CA-Q,Bourns Inc.,TVS DIODE 36VWM 58.1VC DO218,tvs-diodes,3580,4.04,DO-218AB,Surface Mount,Active,https://www.bourns.com/docs/product-datasheets/sm8s-q.pdf,https://www.digikey.com/en/products/detail/bourns-inc/SM8S36CA-Q/9920518,,1,,114A,Automotive,-55°C ~ 175°C (TJ),6600W (6.6kW),No,AEC-Q101,SM8S-Q,Zener,,40V,58.1V,36V
SM8SF36CA-Q,Bourns Inc.,TVS DIODE 36VWM 58.1VC 2DFN,tvs-diodes,806,3.92,2-LDFN,Surface Mount,Active,https://www.bourns.com/docs/Product-Datasheets/SM8SF-Q.pdf,https://www.digikey.com/en/products/detail/bourns-inc/SM8SF36CA-Q/9922755,,1,,120A,Automotive,-55°C ~ 175°C (TJ),7000W (7kW),No,AEC-Q101,SM8SF-Q,Zener,,40V,58.1V,36V
SMA6J12A,Littelfuse Inc.,TVS DIODE 12VWM 19.9VC DO214AC,tvs-diodes,12731,0.55,"DO-214AC, SMA",Surface Mount,Active,https://www.littelfuse.com/assetdocs/tvs-diodes-sma6j-datasheet?assetguid=1bf347a3-17d1-4456-ac34-423c2a51943b,https://www.digikey.com/en/products/detail/littelfuse-inc/SMA6J12A/3997484,General Purpose,,,30.2A,,-65°C ~ 150°C (TJ),600W,No,,SMA6J,Zener,1,13.3V,19.9V,12V
SMA6J15A,Littelfuse Inc.,TVS DIODE 15VWM 24.4VC DO214AC,tvs-diodes,11970,0.55,"DO-214AC, SMA",Surface Mount,Active,https://www.littelfuse.com/assetdocs/tvs-diodes-sma6j-datasheet?assetguid=1bf347a3-17d1-4456-ac34-423c2a51943b,https://www.digikey.com/en/products/detail/littelfuse-inc/SMA6J15A/8552482,General Purpose,,,25.1A,,-65°C ~ 150°C (TJ),600W,No,,SMA6J,Zener,1,16.7V,24.4V,15V
SMA6J24A,Bourns Inc.,TVS DIODE 24VWM 38.9VC DO214AC,tvs-diodes,8135,0.54,"DO-214AC, SMA",Surface Mount,Active,https://www.bourns.com/docs/Product-Datasheets/SMA6J-Q.pdf,https://www.digikey.com/en/products/detail/bourns-inc/SMA6J24A/10511920,Telecom,,,15.5A,,-55°C ~ 150°C (TJ),600W,No,,SMA6J,Zener,1,26.7V,38.9V,24V
SMA6J24A-TP,MCC (Micro Commercial Components),TVS DIODE 24VWM 38.9VC DO214AC,tvs-diodes,1980,0.41,"DO-214AC, SMA",Surface Mount,Active,https://www.mccsemi.com/pdf/Products/SMA6J5.0A-SMA6J58CA(SMA).pdf,https://www.digikey.com/en/products/detail/mcc-micro-commercial-components/SMA6J24A-TP/2625085,General Purpose,,,15.4A,,-55°C ~ 175°C (TA),600W,No,,,Zener,1,26.7V,38.9V,24V
SMA6J5.0A,Littelfuse Inc.,TVS DIODE 5VWM 9.2VC DO214AC,tvs-diodes,2204,0.55,"DO-214AC, SMA",Surface Mount,Active,https://www.littelfuse.com/assetdocs/tvs-diodes-sma6j-datasheet?assetguid=1bf347a3-17d1-4456-ac34-423c2a51943b,https://www.digikey.com/en/products/detail/littelfuse-inc/SMA6J5-0A/5234955,General Purpose,,,65.3A,,-65°C ~ 150°C (TJ),600W,No,,SMA6J,Zener,1,6.4V,9.2V,5V
SMA6J5.0A-TR,STMicroelectronics,TVS DIODE 5VWM 13.4VC DO214AC,tvs-diodes,54514,0.58,"DO-214AC, SMA",Surface Mount,Active,https://www.st.com/resource/en/datasheet/cd00152688.pdf,https://www.digikey.com/en/products/detail/stmicroelectronics/SMA6J5-0A-TR/1578342,General Purpose,,,298A (8/20µs),,-55°C ~ 175°C (TJ),600W,No,,"SMA6J, TRANSIL™",Zener,1,6.4V,13.4V,5V
SMA6J6.0A,Bourns Inc.,TVS DIODE 6VWM 10.3VC DO214AC,tvs-diodes,2919,0.54,"DO-214AC, SMA",Surface Mount,Active,https://www.bourns.com/docs/Product-Datasheets/SMA6J-Q.pdf,https://www.digikey.com/en/products/detail/bourns-inc/SMA6J6-0A/10511995,Telecom,,,58.3A,,-55°C ~ 150°C (TJ),600W,No,,SMA6J,Zener,1,6.67V,10.3V,6V
SMAJ100A,Littelfuse Inc.,TVS DIODE 100VWM 162VC DO214AC,tvs-diodes,13005,0.5,"DO-214AC, SMA",Surface Mount,Active,https://www.littelfuse.com/assetdocs/tvs-diodes-smaj-datasheet?assetguid=13c2a823-03b8-4d1f-9ddc-9b44670aed9d,https://www.digikey.com/en/products/detail/littelfuse-inc/SMAJ100A/762326,General Purpose,,,2.5A,,-65°C ~ 150°C (TJ),400W,No,,SMAJ,Zener,1,111V,162V,100V
SMAJ100CA,Littelfuse Inc.,TVS DIODE 100VWM 162VC DO214AC,tvs-diodes,7428,0.5,"DO-214AC, SMA",Surface Mount,Active,https://www.littelfuse.com/assetdocs/tvs-diodes-smaj-datasheet?assetguid=13c2a823-03b8-4d1f-9ddc-9b44670aed9d,https://www.digikey.com/en/products/detail/littelfuse-inc/SMAJ100CA/762327,General Purpose,1,,2.5A,,-55°C ~ 150°C,400W,Yes,,SMAJ,Zener,,111V,162V,100V
SMAJ100CA-13-F,Diodes Incorporated,TVS DIODE 100VWM 162VC SMA,tvs-diodes,2332,0.49,"DO-214AC, SMA",Surface Mount,Active,https://www.diodes.com/assets/Datasheets/SMAJ5.0CA-SMAJ200CA.pdf,https://www.digikey.com/en/products/detail/diodes-incorporated/SMAJ100CA-13-F/814711,General Purpose,1,,2.5A,,-55°C ~ 150°C (TJ),400W,No,,,Zener,,111V,162V,100V
SMAJ10A,Littelfuse Inc.,TVS DIODE 10VWM 17VC DO214AC,tvs-diodes,26710,0.48,"DO-214AC, SMA",Surface Mount,Active,https://www.littelfuse.com/assetdocs/tvs-diodes-smaj-datasheet?assetguid=13c2a823-03b8-4d1f-9ddc-9b44670aed9d,https://www.digikey.com/en/products/detail/littelfuse-inc/SMAJ10A/762266,General Purpose,,,23.5A,,-65°C ~ 150°C (TJ),400W,No,,SMAJ,Zener,1,11.1V,17V,10V
SMAJ10A-13-F,Diodes Incorporated,TVS DIODE 10VWM 17VC SMA,tvs-diodes,4712,0.5,"DO-214AC, SMA",Surface Mount,Active,https://www.diodes.com/assets/Datasheets/SMAJ5.0CA-SMAJ200CA.pdf,https://www.digikey.com/en/products/detail/diodes-incorporated/SMAJ10A-13-F/725032,General Purpose,,,23.5A,,-55°C ~ 150°C (TJ),400W,No,,,Zener,1,11.1V,17V,10V
SMAJ10A-E3/61,Vishay General Semiconductor - Diodes Division,TVS DIODE 10VWM 17VC DO214AC,tvs-diodes,9708,0.52,"DO-214AC, SMA",Surface Mount,Active,https://www.vishay.com/docs/88390/smaj50a.pdf,https://www.digikey.com/en/products/detail/vishay-general-semiconductor-diodes-division/SMAJ10A-E3-61/1091494,General Purpose,,,23.5A,,-55°C ~ 150°C (TJ),400W,No,,TransZorb®,Zener,1,11.1V,17V,10V
SMAJ10CA,Littelfuse Inc.,TVS DIODE 10VWM 17VC DO214AC,tvs-diodes,1745,0.48,"DO-214AC, SMA",Surface Mount,Active,https://www.littelfuse.com/assetdocs/tvs-diodes-smaj-datasheet?assetguid=13c2a823-03b8-4d1f-9ddc-9b44670aed9d,https://www.digikey.com/en/products/detail/littelfuse-inc/SMAJ10CA/762267,General Purpose,1,,23.5A,,-65°C ~ 150°C (TJ),400W,No,,SMAJ,Zener,,11.1V,17V,10V
SMAJ10CA-13-F,Diodes Incorporated,TVS DIODE 10VWM 17VC SMA,tvs-diodes,37119,0.53,"DO-214AC, SMA",Surface Mount,Active,https://www.diodes.com/assets/Datasheets/SMAJ5.0CA-SMAJ200CA.pdf,https://www.digikey.com/en/products/detail/diodes-incorporated/SMAJ10CA-13-F/755483,General Purpose,1,,23.5A,,-55°C ~ 150°C (TJ),400W,No,,,Zener,,11.1V,17V,10V
SMAJ10CA-E3/61,Vishay General Semiconductor - Diodes Division,TVS DIODE 10VWM 17VC DO214AC,tvs-diodes,34310,0.56,"DO-214AC, SMA",Surface Mount,Active,https://www.vishay.com/docs/88390/smaj50a.pdf,https://www.digikey.com/en/products/detail/vishay-general-semiconductor-diodes-division/SMAJ10CA-E3-61/1091495,General Purpose,1,,23.5A,,-55°C ~ 150°C (TJ),400W,No,,TransZorb®,Zener,,11.1V,17V,10V
SMAJ110A,Littelfuse Inc.,TVS DIODE 110VWM 177VC DO214AC,tvs-diodes,6099,0.5,"DO-214AC, SMA",Surface Mount,Active,https://www.littelfuse.com/assetdocs/tvs-diodes-smaj-datasheet?assetguid=13c2a823-03b8-4d1f-9ddc-9b44670aed9d,https://www.digikey.com/en/products/detail/littelfuse-inc/SMAJ110A/762328,General Purpose,,,2.3A,,-65°C ~ 150°C (TJ),400W,No,,SMAJ,Zener,1,122V,177V,110V
SMAJ110CA,Littelfuse Inc.,TVS DIODE 110VWM 177VC DO214AC,tvs-diodes,3320,0.5,"DO-214AC, SMA",Surface Mount,Active,https://www.littelfuse.com/assetdocs/tvs-diodes-smaj-datasheet?assetguid=13c2a823-03b8-4d1f-9ddc-9b44670aed9d,https://www.digikey.com/en/products/detail/littelfuse-inc/SMAJ110CA/762329,General Purpose,1,,2.3A,,-55°C ~ 150°C,400W,Yes,,SMAJ,Zener,,122V,177V,110V
SMAJ11A,Littelfuse Inc.,TVS DIODE 11VWM 18.2VC DO214AC,tvs-diodes,32408,0.48,"DO-214AC, SMA",Surface Mount,Active,https://www.littelfuse.com/assetdocs/tvs-diodes-smaj-datasheet?assetguid=13c2a823-03b8-4d1f-9ddc-9b44670aed9d,https://www.digikey.com/en/products/detail/littelfuse-inc/SMAJ11A/762268,General Purpose,,,22A,,-65°C ~ 150°C (TJ),400W,No,,SMAJ,Zener,1,12.2V,18.2V,11V
SMAJ11CA,Littelfuse Inc.,TVS DIODE 11VWM 18.2VC DO214AC,tvs-diodes,45662,0.48,"DO-214AC, SMA",Surface Mount,Active,https://www.littelfuse.com/assetdocs/tvs-diodes-smaj-datasheet?assetguid=13c2a823-03b8-4d1f-9ddc-9b44670aed9d,https://www.digikey.com/en/products/detail/littelfuse-inc/SMAJ11CA/762269,General Purpose,1,,22A,,-65°C ~ 150°C (TJ),400W,No,,SMAJ,Zener,,12.2V,18.2V,11V
SMAJ120A,Littelfuse Inc.,TVS DIODE 120VWM 193VC DO214AC,tvs-diodes,13383,0.5,"DO-214AC, SMA",Surface Mount,Active,https://www.littelfuse.com/assetdocs/tvs-diodes-smaj-datasheet?assetguid=13c2a823-03b8-4d1f-9ddc-9b44670aed9d,https://www.digikey.com/en/products/detail/littelfuse-inc/SMAJ120A/762330,General Purpose,,,2.1A,,-65°C ~ 150°C (TJ),400W,No,,SMAJ,Zener,1,133V,193V,120V
SMAJ12A,Littelfuse Inc.,TVS DIODE 12VWM 19.9VC DO214AC,tvs-diodes,167578,0.47,"DO-214AC, SMA",Surface Mount,Active,https://www.littelfuse.com/assetdocs/tvs-diodes-smaj-datasheet?assetguid=13c2a823-03b8-4d1f-9ddc-9b44670aed9d,https://www.digikey.com/en/products/detail/littelfuse-inc/SMAJ12A/762270,General Purpose,,,20.1A,,-65°C ~ 150°C (TJ),400W,No,,SMAJ,Zener,1,13.3V,19.9V,12V
SMAJ12A-13-F,Diodes Incorporated,TVS DIODE 12VWM 19.9VC SMA,tvs-diodes,30029,0.5,"DO-214AC, SMA",Surface Mount,Active,https://www.diodes.com/assets/Datasheets/SMAJ5.0CA-SMAJ200CA.pdf,https://www.digikey.com/en/products/detail/diodes-incorporated/SMAJ12A-13-F/749985,General Purpose,,,20.1A,,-55°C ~ 150°C (TJ),400W,No,,,Zener,1,13.3V,19.9V,12V
SMAJ12A-E3/5A,Vishay General Semiconductor - Diodes Division,TVS DIODE 12VWM 19.9VC DO214AC,tvs-diodes,4003,0.52,"DO-214AC, SMA",Surface Mount,Active,https://www.vishay.com/docs/88390/smaj50a.pdf,https://www.digikey.com/en/products/detail/vishay-general-semiconductor-diodes-division/SMAJ12A-E3-5A/2146889,General Purpose,,,20.1A,,-55°C ~ 150°C (TJ),400W,No,,TransZorb®,Zener,1,13.3V,19.9V,12V
SMAJ12A-E3/61,Vishay General Semiconductor - Diodes Division,TVS DIODE 12VWM 19.9VC DO214AC,tvs-diodes,32401,0.47,"DO-214AC, SMA",Surface Mount,Active,https://www.vishay.com/docs/88390/smaj50a.pdf,https://www.digikey.com/en/products/detail/vishay-general-semiconductor-diodes-division/SMAJ12A-E3-61/1091496,General Purpose,,,20.1A,,-55°C ~ 150°C (TJ),400W,No,,TransZorb®,Zener,1,13.3V,19.9V,12V
SMAJ12A-Q,Bourns Inc.,TVS DIODE 12VWM 19.9VC DO214AC,tvs-diodes,9604,0.58,"DO-214AC, SMA",Surface Mount,Active,https://www.bourns.com/docs/Product-Datasheets/SMAJ-Q.pdf,https://www.digikey.com/en/products/detail/bourns-inc/SMAJ12A-Q/8275969,Telecom,,,20.1A,Automotive,-55°C ~ 150°C (TJ),400W,No,AEC-Q101,SMAJ-Q,Zener,1,13.3V,19.9V,12V
SMAJ12CA,Littelfuse Inc.,TVS DIODE 12VWM 19.9VC DO214AC,tvs-diodes,4387,0.48,"DO-214AC, SMA",Surface Mount,Active,https://www.littelfuse.com/assetdocs/tvs-diodes-smaj-datasheet?assetguid=13c2a823-03b8-4d1f-9ddc-9b44670aed9d,https://www.digikey.com/en/products/detail/littelfuse-inc/SMAJ12CA/762271,General Purpose,1,,20.1A,,-65°C ~ 150°C (TJ),400W,No,,SMAJ,Zener,,13.3V,19.9V,12V
SMAJ12CA-13-F,Diodes Incorporated,TVS DIODE 12VWM 19.9VC SMA,tvs-diodes,274549,0.56,"DO-214AC, SMA",Surface Mount,Active,https://www.diodes.com/assets/Datasheets/SMAJ5.0CA-SMAJ200CA.pdf,https://www.digikey.com/en/products/detail/diodes-incorporated/SMAJ12CA-13-F/814720,General Purpose,1,,20.1A,,-55°C ~ 150°C (TJ),400W,No,,,Zener,,13.3V,19.9V,12V
SMAJ12CA-E3/61,Vishay General Semiconductor - Diodes Division,TVS DIODE 12VWM 19.9VC DO214AC,tvs-diodes,3717,0.56,"DO-214AC, SMA",Surface Mount,Active,https://www.vishay.com/docs/88390/smaj50a.pdf,https://www.digikey.com/en/products/detail/vishay-general-semiconductor-diodes-division/SMAJ12CA-E3-61/1091497,General Purpose,1,,20.1A,,-55°C ~ 150°C (TJ),400W,No,,TransZorb®,Zener,,13.3V,19.9V,12V
SMAJ12CA-TP,MCC (Micro Commercial Components),TVS DIODE 12VWM 19.9VC DO214AC,tvs-diodes,7131,0.37,"DO-214AC, SMA",Surface Mount,Active,https://www.mccsemi.com/pdf/Products/SMAJ5.0A-SMAJ440CA(SMA).pdf,https://www.digikey.com/en/products/detail/mcc-micro-commercial-components/SMAJ12CA-TP/1200261,General Purpose,1,,20.1A,,-55°C ~ 175°C (TA),400W,No,,,Zener,,13.3V,19.9V,12V
SMAJ130A,Littelfuse Inc.,TVS DIODE 130VWM 209VC DO214AC,tvs-diodes,4303,0.5,"DO-214AC, SMA",Surface Mount,Active,https://www.littelfuse.com/assetdocs/tvs-diodes-smaj-datasheet?assetguid=13c2a823-03b8-4d1f-9ddc-9b44670aed9d,https://www.digikey.com/en/products/detail/littelfuse-inc/SMAJ130A/762332,General Purpose,,,1.9A,,-55°C ~ 150°C,400W,Yes,,SMAJ,Zener,1,144V,209V,130V
SMAJ13A,Littelfuse Inc.,TVS DIODE 13VWM 21.5VC DO214AC,tvs-diodes,42314,0.48,"DO-214AC, SMA",Surface Mount,Active,https://www.littelfuse.com/assetdocs/tvs-diodes-smaj-datasheet?assetguid=13c2a823-03b8-4d1f-9ddc-9b44670aed9d,https://www.digikey.com/en/products/detail/littelfuse-inc/SMAJ13A/762272,General Purpose,,,18.6A,,-55°C ~ 150°C,400W,Yes,,SMAJ,Zener,1,14.4V,21.5V,13V
SMAJ13A-E3/61,Vishay General Semiconductor - Diodes Division,TVS DIODE 13VWM 21.5VC DO214AC,tvs-diodes,7975,0.52,"DO-214AC, SMA",Surface Mount,Active,https://www.vishay.com/docs/88392/smbj.pdf,https://www.digikey.com/en/products/detail/vishay-general-semiconductor-diodes-division/SMAJ13A-E3-61/2150853,General Purpose,,,18.6A,,-55°C ~ 150°C (TJ),400W,No,,TransZorb®,Zener,1,14.4V,21.5V,13V
SMAJ13A-Q,Bourns Inc.,TVS DIODE 13VWM 21.5VC DO214AC,tvs-diodes,12107,0.58,"DO-214AC, SMA",Surface Mount,Active,https://www.bourns.com/docs/Product-Datasheets/SMAJ-Q.pdf,https://www.digikey.com/en/products/detail/bourns-inc/SMAJ13A-Q/8275970,Telecom,,,18.6A,Automotive,-55°C ~ 150°C (TJ),400W,No,AEC-Q101,SMAJ-Q,Zener,1,14.4V,21.5V,13V
SMAJ13CA,Würth Elektronik,TVS DIODE 13VWM 21.5VC DO214AC,tvs-diodes,2623,0.29,"DO-214AC, SMA",Surface Mount,Active,https://www.we-online.com/katalog/datasheet/824501131.pdf,https://www.digikey.com/en/products/detail/w%C3%BCrth-elektronik/SMAJ13CA/5870756,General Purpose,1,,18.6A,,-65°C ~ 150°C (TJ),400W,No,,WE-TVSP,Zener,,15.15V (Typ),21.5V,13V (Max)
SMAJ13CA-E3/61,Vishay General Semiconductor - Diodes Division,TVS DIODE 13VWM 21.5VC DO214AC,tvs-diodes,3030,0.56,"DO-214AC, SMA",Surface Mount,Active,https://www.vishay.com/docs/88390/smaj50a.pdf,https://www.digikey.com/en/products/detail/vishay-general-semiconductor-diodes-division/SMAJ13CA-E3-61/2150857,General Purpose,1,,18.6A,,-55°C ~ 150°C (TJ),400W,No,,TransZorb®,Zener,,14.4V,21.5V,13V
SMAJ14A,Bourns Inc.,TVS DIODE 14VWM 23.2VC DO214AC,tvs-diodes,16364,0.52,"DO-214AC, SMA",Surface Mount,Active,https://www.bourns.com/docs/Product-Datasheets/SMAJ.pdf,https://www.digikey.com/en/products/detail/bourns-inc/SMAJ14A/2254680,General Purpose,,,17.2A,,-55°C ~ 150°C (TJ),400W,No,,SMAJ,Zener,1,15.6V,23.2V,14V
SMAJ14A-13-F,Diodes Incorporated,TVS DIODE 14VWM 23.2VC SMA,tvs-diodes,56010,0.5,"DO-214AC, SMA",Surface Mount,Active,https://www.diodes.com/assets/Datasheets/SMAJ5.0CA-SMAJ200CA.pdf,https://www.digikey.com/en/products/detail/diodes-incorporated/SMAJ14A-13-F/768796,General Purpose,,,17.2A,,-55°C ~ 150°C (TJ),400W,No,,,Zener,1,15.6V,23.2V,14V
SMAJ14CA,Littelfuse Inc.,TVS DIODE 14VWM 23.2VC DO214AC,tvs-diodes,27940,0.48,"DO-214AC, SMA",Surface Mount,Active,https://www.littelfuse.com/assetdocs/tvs-diodes-smaj-datasheet?assetguid=13c2a823-03b8-4d1f-9ddc-9b44670aed9d,https://www.digikey.com/en/products/detail/littelfuse-inc/SMAJ14CA/762275,General Purpose,1,,17.2A,,-65°C ~ 150°C (TJ),400W,No,,SMAJ,Zener,,15.6V,23.2V,14V
SMAJ14CA-13-F,Diodes Incorporated,TVS DIODE 14VWM 23.2VC SMA,tvs-diodes,120892,0.57,"DO-214AC, SMA",Surface Mount,Active,https://www.diodes.com/assets/Datasheets/SMAJ5.0CA-SMAJ200CA.pdf,https://www.digikey.com/en/products/detail/diodes-incorporated/SMAJ14CA-13-F/749986,General Purpose,1,,17.2A,,-55°C ~ 150°C (TJ),400W,No,,,Zener,,15.6V,23.2V,14V
SMAJ14CA-E3/61,Vishay General Semiconductor - Diodes Division,TVS DIODE 14VWM 23.2VC DO214AC,tvs-diodes,8155,0.56,"DO-214AC, SMA",Surface Mount,Active,https://www.vishay.com/docs/88390/smaj50a.pdf,https://www.digikey.com/en/products/detail/vishay-general-semiconductor-diodes-division/SMAJ14CA-E3-61/1119100,General Purpose,1,,17.2A,,-55°C ~ 150°C (TJ),400W,No,,TransZorb®,Zener,,15.6V,23.2V,14V
SMAJ150A,Littelfuse Inc.,TVS DIODE 150VWM 243VC DO214AC,tvs-diodes,18039,0.5,"DO-214AC, SMA",Surface Mount,Active,https://www.littelfuse.com/assetdocs/tvs-diodes-smaj-datasheet?assetguid=13c2a823-03b8-4d1f-9ddc-9b44670aed9d,https://www.digikey.com/en/products/detail/littelfuse-inc/SMAJ150A/762334,General Purpose,,,1.6A,,-65°C ~ 150°C (TJ),400W,No,,SMAJ,Zener,1,167V,243V,150V
SMAJ150CA,Littelfuse Inc.,TVS DIODE 150VWM 243VC DO214AC,tvs-diodes,13550,0.5,"DO-214AC, SMA",Surface Mount,Active,https://www.littelfuse.com/assetdocs/tvs-diodes-smaj-datasheet?assetguid=13c2a823-03b8-4d1f-9ddc-9b44670aed9d,https://www.digikey.com/en/products/detail/littelfuse-inc/SMAJ150CA/762335,General Purpose,1,,1.6A,,-55°C ~ 150°C,400W,Yes,,SMAJ,Zener,,167V,243V,150V
SMAJ150CA-TP,MCC (Micro Commercial Components),TVS DIODE 150VWM 243VC DO214AC,tvs-diodes,4990,0.37,"DO-214AC, SMA",Surface Mount,Active,https://www.mccsemi.com/pdf/Products/SMAJ5.0A-SMAJ440CA(SMA).pdf,https://www.digikey.com/en/products/detail/mcc-micro-commercial-components/SMAJ150CA-TP/1200320,General Purpose,1,,1.6A,,-55°C ~ 175°C (TA),400W,No,,,Zener,,167V,243V,150V
SMAJ15A,Littelfuse Inc.,TVS DIODE 15VWM 24.4VC DO214AC,tvs-diodes,27108,0.48,"DO-214AC, SMA",Surface Mount,Active,https://www.littelfuse.com/assetdocs/tvs-diodes-smaj-datasheet?assetguid=13c2a823-03b8-4d1f-9ddc-9b44670aed9d,https://www.digikey.com/en/products/detail/littelfuse-inc/SMAJ15A/762276,General Purpose,,,16.4A,,-65°C ~ 150°C (TJ),400W,No,,SMAJ,Zener,1,16.7V,24.4V,15V
SMAJ15A-13-F,Diodes Incorporated,TVS DIODE 15VWM 24.4VC SMA,tvs-diodes,64420,0.5,"DO-214AC, SMA",Surface Mount,Active,https://www.diodes.com/assets/Datasheets/SMAJ5.0CA-SMAJ200CA.pdf,https://www.digikey.com/en/products/detail/diodes-incorporated/SMAJ15A-13-F/755485,General Purpose,,,16.4A,,-55°C ~ 150°C (TJ),400W,No,,,Zener,1,16.7V,24.4V,15V
SMAJ15A-E3/61,Vishay General Semiconductor - Diodes Division,TVS DIODE 15VWM 24.4VC DO214AC,tvs-diodes,59431,0.51,"DO-214AC, SMA",Surface Mount,Active,https://www.vishay.com/docs/88390/smaj50a.pdf,https://www.digikey.com/en/products/detail/vishay-general-semiconductor-diodes-division/SMAJ15A-E3-61/1091499,General Purpose,,,16.4A,,-55°C ~ 150°C (TJ),400W,No,,TransZorb®,Zener,1,16.7V,24.4V,15V
SMAJ15AQ-13-F,Diodes Incorporated,TVS DIODE 15VWM 24.4VC SMA,tvs-diodes,21309,0.57,"DO-214AC, SMA",Surface Mount,Active,https://www.diodes.com/assets/Datasheets/SMAJ5.0CAQ-SMAJ200CAQ.pdf,https://www.digikey.com/en/products/detail/diodes-incorporated/SMAJ15AQ-13-F/9738884,,,,16.4A,Automotive,-55°C ~ 150°C (TJ),400W,No,AEC-Q101,,Zener,1,16.7V,24.4V,15V
SMAJ15CA,Littelfuse Inc.,TVS DIODE 15VWM 24.4VC DO214AC,tvs-diodes,118772,0.48,"DO-214AC, SMA",Surface Mount,Active,https://www.littelfuse.com/assetdocs/tvs-diodes-smaj-datasheet?assetguid=13c2a823-03b8-4d1f-9ddc-9b44670aed9d,https://www.digikey.com/en/products/detail/littelfuse-inc/SMAJ15CA/762277,General Purpose,1,,16.4A,,-65°C ~ 150°C (TJ),400W,No,,SMAJ,Zener,,16.7V,24.4V,15V
SMAJ15CA-13-F,Diodes Incorporated,TVS DIODE 15VWM 24.4VC SMA,tvs-diodes,80038,0.55,"DO-214AC, SMA",Surface Mount,Active,https://www.diodes.com/assets/Datasheets/SMAJ5.0CA-SMAJ200CA.pdf,https://www.digikey.com/en/products/detail/diodes-incorporated/SMAJ15CA-13-F/725033,General Purpose,1,,16.4A,,-55°C ~ 150°C (TJ),400W,No,,,Zener,,16.7V,24.4V,15V
SMAJ15CA-E3/61,Vishay General Semiconductor - Diodes Division,TVS DIODE 15VWM 24.4VC DO214AC,tvs-diodes,36414,0.52,"DO-214AC, SMA",Surface Mount,Active,https://www.vishay.com/docs/88390/smaj50a.pdf,https://www.digikey.com/en/products/detail/vishay-general-semiconductor-diodes-division/SMAJ15CA-E3-61/1119104,General Purpose,1,,16.4A,,-55°C ~ 150°C (TJ),400W,No,,TransZorb®,Zener,,16.7V,24.4V,15V
SMAJ15CA-TP,MCC (Micro Commercial Components),TVS DIODE 15VWM 24.4VC DO214AC,tvs-diodes,10945,0.37,"DO-214AC, SMA",Surface Mount,Active,https://www.mccsemi.com/pdf/Products/SMAJ5.0A-SMAJ440CA(SMA).pdf,https://www.digikey.com/en/products/detail/mcc-micro-commercial-components/SMAJ15CA-TP/1200266,General Purpose,1,,16.4A,,-55°C ~ 175°C (TA),400W,No,,,Zener,,16.7V,24.4V,15V
SMAJ160CA,Littelfuse Inc.,TVS DIODE 160VWM 259VC DO214AC,tvs-diodes,6863,0.5,"DO-214AC, SMA",Surface Mount,Active,https://www.littelfuse.com/assetdocs/tvs-diodes-smaj-datasheet?assetguid=13c2a823-03b8-4d1f-9ddc-9b44670aed9d,https://www.digikey.com/en/products/detail/littelfuse-inc/SMAJ160CA/762337,General Purpose,1,,1.5A,,-55°C ~ 150°C,400W,Yes,,SMAJ,Zener,,178V,259V,160V
SMAJ16A-13-F,Diodes Incorporated,TVS DIODE 16VWM 26VC SMA,tvs-diodes,10863,0.45,"DO-214AC, SMA",Surface Mount,Active,https://www.diodes.com/assets/Datasheets/SMAJ5.0CA-SMAJ200CA.pdf,https://www.digikey.com/en/products/detail/diodes-incorporated/SMAJ16A-13-F/814726,General Purpose,,,15.3A,,-55°C ~ 150°C (TJ),400W,No,,,Zener,1,17.8V,26V,16V
SMAJ16A-E3/61,Vishay General Semiconductor - Diodes Division,TVS DIODE 16VWM 26VC DO214AC,tvs-diodes,6094,0.52,"DO-214AC, SMA",Surface Mount,Active,https://www.vishay.com/docs/88390/smaj50a.pdf,https://www.digikey.com/en/products/detail/vishay-general-semiconductor-diodes-division/SMAJ16A-E3-61/1119107,General Purpose,,,15.4A,,-55°C ~ 150°C (TJ),400W,No,,TransZorb®,Zener,1,17.8V,26V,16V
SMAJ16A-Q,Bourns Inc.,TVS DIODE 16VWM 26VC DO214AC,tvs-diodes,11814,0.58,"DO-214AC, SMA",Surface Mount,Active,https://www.bourns.com/docs/Product-Datasheets/SMAJ-Q.pdf,https://www.digikey.com/en/products/detail/bourns-inc/SMAJ16A-Q/8275973,Telecom,,,15.3A,Automotive,-55°C ~ 150°C (TJ),400W,No,AEC-Q101,SMAJ-Q,Zener,1,17.8V,26V,16V
SMAJ16CA,Bourns Inc.,TVS DIODE 16VWM 26VC DO214AC,tvs-diodes,20357,0.58,"DO-214AC, SMA",Surface Mount,Active,https://www.bourns.com/docs/Product-Datasheets/SMAJ.pdf,https://www.digikey.com/en/products/detail/bourns-inc/SMAJ16CA/2254624,General Purpose,1,,15.3A,,-55°C ~ 150°C (TJ),400W,No,,SMAJ,Zener,,17.8V,26V,16V
SMAJ16CA-13-F,Diodes Incorporated,TVS DIODE 16VWM 26VC SMA,tvs-diodes,77279,0.55,"DO-214AC, SMA",Surface Mount,Active,https://www.diodes.com/assets/Datasheets/SMAJ5.0CA-SMAJ200CA.pdf,https://www.digikey.com/en/products/detail/diodes-incorporated/SMAJ16CA-13-F/724966,General Purpose,1,,15.3A,,-55°C ~ 150°C (TJ),400W,No,,,Zener,,17.8V,26V,16V
SMAJ16CA-E3/61,Vishay General Semiconductor - Diodes Division,TVS DIODE 16VWM 26VC DO214AC,tvs-diodes,12581,0.56,"DO-214AC, SMA",Surface Mount,Active,https://www.vishay.com/docs/88390/smaj50a.pdf,https://www.digikey.com/en/products/detail/vishay-general-semiconductor-diodes-division/SMAJ16CA-E3-61/1119108,General Purpose,1,,15.4A,,-55°C ~ 150°C (TJ),400W,No,,TransZorb®,Zener,,17.8V,26V,16V
SMAJ17A,Littelfuse Inc.,TVS DIODE 17VWM 27.6VC DO214AC,tvs-diodes,3763,0.48,"DO-214AC, SMA",Surface Mount,Active,https://www.littelfuse.com/assetdocs/tvs-diodes-smaj-datasheet?assetguid=13c2a823-03b8-4d1f-9ddc-9b44670aed9d,https://www.digikey.com/en/products/detail/littelfuse-inc/SMAJ17A/762280,General Purpose,,,14.5A,,-65°C ~ 150°C (TJ),400W,No,,SMAJ,Zener,1,18.9V,27.6V,17V
SMAJ17A-13-F,Diodes Incorporated,TVS DIODE 17VWM 27.6VC SMA,tvs-diodes,109782,0.45,"DO-214AC, SMA",Surface Mount,Active,https://www.diodes.com/assets/Datasheets/SMAJ5.0CA-SMAJ200CA.pdf,https://www.digikey.com/en/products/detail/diodes-incorporated/SMAJ17A-13-F/806554,General Purpose,,,14.5A,,-55°C ~ 150°C (TJ),400W,No,,,Zener,1,18.9V,27.6V,17V
SMAJ17A-E3/61,Vishay General Semiconductor - Diodes Division,TVS DIODE 17VWM 27.6VC DO214AC,tvs-diodes,3144,0.52,"DO-214AC, SMA",Surface Mount,Active,https://www.vishay.com/docs/88390/smaj50a.pdf,https://www.digikey.com/en/products/detail/vishay-general-semiconductor-diodes-division/SMAJ17A-E3-61/2150889,General Purpose,,,14.5A,,-55°C ~ 150°C (TJ),400W,No,,TransZorb®,Zener,1,18.9V,27.6V,17V
SMAJ17CA,Littelfuse Inc.,TVS DIODE 17VWM 27.6VC DO214AC,tvs-diodes,15671,0.48,"DO-214AC, SMA",Surface Mount,Active,https://www.littelfuse.com/assetdocs/tvs-diodes-smaj-datasheet?assetguid=13c2a823-03b8-4d1f-9ddc-9b44670aed9d,https://www.digikey.com/en/products/detail/littelfuse-inc/SMAJ17CA/762281,General Purpose,1,,14.5A,,-65°C ~ 150°C (TJ),400W,No,,SMAJ,Zener,,18.9V,27.6V,17V
SMAJ17CA-13-F,Diodes Incorporated,TVS DIODE 17VWM 27.6VC SMA,tvs-diodes,51606,0.49,"DO-214AC, SMA",Surface Mount,Active,https://www.diodes.com/assets/Datasheets/SMAJ5.0CA-SMAJ200CA.pdf,https://www.digikey.com/en/products/detail/diodes-incorporated/SMAJ17CA-13-F/814785,General Purpose,1,,14.5A,,-55°C ~ 150°C (TJ),400W,No,,,Zener,,18.9V,27.6V,17V
SMAJ18A,Littelfuse Inc.,TVS DIODE 18VWM 29.2VC DO214AC,tvs-diodes,1241,0.48,"DO-214AC, SMA",Surface Mount,Active,https://www.littelfuse.com/assetdocs/tvs-diodes-smaj-datasheet?assetguid=13c2a823-03b8-4d1f-9ddc-9b44670aed9d,https://www.digikey.com/en/products/detail/littelfuse-inc/SMAJ18A/762282,General Purpose,,,13.7A,,-65°C ~ 150°C (TJ),400W,No,,SMAJ,Zener,1,20V,29.2V,18V
SMAJ18A-13-F,Diodes Incorporated,TVS DIODE 18VWM 29.2VC SMA,tvs-diodes,109312,0.5,"DO-214AC, SMA",Surface Mount,Active,https://www.diodes.com/assets/Datasheets/SMAJ5.0CA-SMAJ200CA.pdf,https://www.digikey.com/en/products/detail/diodes-incorporated/SMAJ18A-13-F/814796,General Purpose,,,13.7A,,-55°C ~ 150°C (TJ),400W,No,,,Zener,1,20V,29.2V,18V
SMAJ18A-E3/61,Vishay General Semiconductor - Diodes Division,TVS DIODE 18VWM 29.2VC DO214AC,tvs-diodes,20870,0.52,"DO-214AC, SMA",Surface Mount,Active,https://www.vishay.com/docs/88390/smaj50a.pdf,https://www.digikey.com/en/products/detail/vishay-general-semiconductor-diodes-division/SMAJ18A-E3-61/1091501,General Purpose,,,13.7A,,-55°C ~ 150°C (TJ),400W,No,,TransZorb®,Zener,1,20V,29.2V,18V
SMAJ18A-Q,Bourns Inc.,TVS DIODE 18VWM 29.2VC DO214AC,tvs-diodes,11573,0.58,"DO-214AC, SMA",Surface Mount,Active,https://www.bourns.com/docs/Product-Datasheets/SMAJ-Q.pdf,https://www.digikey.com/en/products/detail/bourns-inc/SMAJ18A-Q/8275975,Telecom,,,13.7A,Automotive,-55°C ~ 150°C (TJ),400W,No,AEC-Q101,SMAJ-Q,Zener,1,20V,29.2V,18V
SMAJ18CA,Littelfuse Inc.,TVS DIODE 18VWM 29.2VC DO214AC,tvs-diodes,70744,0.48,"DO-214AC, SMA",Surface Mount,Active,https://www.littelfuse.com/assetdocs/tvs-diodes-smaj-datasheet?assetguid=13c2a823-03b8-4d1f-9ddc-9b44670aed9d,https://www.digikey.com/en/products/detail/littelfuse-inc/SMAJ18CA/762283,General Purpose,1,,13.7A,,-65°C ~ 150°C (TJ),400W,No,,SMAJ,Zener,,20V,29.2V,18V
SMAJ18CA-13-F,Diodes Incorporated,TVS DIODE 18VWM 29.2VC SMA,tvs-diodes,80887,0.53,"DO-214AC, SMA",Surface Mount,Active,https://www.diodes.com/assets/Datasheets/SMAJ5.0CA-SMAJ200CA.pdf,https://www.digikey.com/en/products/detail/diodes-incorporated/SMAJ18CA-13-F/814795,General Purpose,1,,13.7A,,-55°C ~ 150°C (TJ),400W,No,,,Zener,,20V,29.2V,18V
SMAJ18CA-E3/61,Vishay General Semiconductor - Diodes Division,TVS DIODE 18VWM 29.2VC DO214AC,tvs-diodes,22848,0.56,"DO-214AC, SMA",Surface Mount,Active,https://www.vishay.com/docs/88390/smaj50a.pdf,https://www.digikey.com/en/products/detail/vishay-general-semiconductor-diodes-division/SMAJ18CA-E3-61/1091502,General Purpose,1,,13.7A,,-55°C ~ 150°C (TJ),400W,No,,TransZorb®,Zener,,20V,29.2V,18V
SMAJ200A,Littelfuse Inc.,TVS DIODE 200VWM 324VC DO214AC,tvs-diodes,7456,0.5,"DO-214AC, SMA",Surface Mount,Active,https://www.littelfuse.com/assetdocs/tvs-diodes-smaj-datasheet?assetguid=13c2a823-03b8-4d1f-9ddc-9b44670aed9d,https://www.digikey.com/en/products/detail/littelfuse-inc/SMAJ200A/762342,General Purpose,,,1.2A,,-55°C ~ 150°C,400W,Yes,,SMAJ,Zener,1,224V,324V,200V
SMAJ200CA,Littelfuse Inc.,TVS DIODE 200VWM 324VC DO214AC,tvs-diodes,113300,0.5,"DO-214AC, SMA",Surface Mount,Active,https://www.littelfuse.com/assetdocs/tvs-diodes-smaj-datasheet?assetguid=13c2a823-03b8-4d1f-9ddc-9b44670aed9d,https://www.digikey.com/en/products/detail/littelfuse-inc/SMAJ200CA/762343,General Purpose,1,,1.2A,,-55°C ~ 150°C,400W,Yes,,SMAJ,Zener,,224V,324V,200V
SMAJ20A,Littelfuse Inc.,TVS DIODE 20VWM 32.4VC DO214AC,tvs-diodes,19115,0.48,"DO-214AC, SMA",Surface Mount,Active,https://www.littelfuse.com/assetdocs/tvs-diodes-smaj-datasheet?assetguid=13c2a823-03b8-4d1f-9ddc-9b44670aed9d,https://www.digikey.com/en/products/detail/littelfuse-inc/SMAJ20A/762284,General Purpose,,,12.3A,,-65°C ~ 150°C (TJ),400W,No,,SMAJ,Zener,1,22.2V,32.4V,20V
SMAJ20A-13-F,Diodes Incorporated,TVS DIODE 20VWM 32.4VC SMA,tvs-diodes,14517,0.45,"DO-214AC, SMA",Surface Mount,Active,https://www.diodes.com/assets/Datasheets/SMAJ5.0CA-SMAJ200CA.pdf,https://www.digikey.com/en/products/detail/diodes-incorporated/SMAJ20A-13-F/725034,General Purpose,,,12.3A,,-55°C ~ 150°C (TJ),400W,No,,,Zener,1,22.2V,32.4V,20V
SMAJ20A-E3/61,Vishay General Semiconductor - Diodes Division,TVS DIODE 20VWM 32.4VC DO214AC,tvs-diodes,1331,0.52,"DO-214AC, SMA",Surface Mount,Active,https://www.vishay.com/docs/88390/smaj50a.pdf,https://www.digikey.com/en/products/detail/vishay-general-semiconductor-diodes-division/SMAJ20A-E3-61/1119118,General Purpose,,,12.3A,,-55°C ~ 150°C (TJ),400W,No,,TransZorb®,Zener,1,22.2V,32.4V,20V
SMAJ20CA,Littelfuse Inc.,TVS DIODE 20VWM 32.4VC DO214AC,tvs-diodes,11648,0.48,"DO-214AC, SMA",Surface Mount,Active,https://www.littelfuse.com/assetdocs/tvs-diodes-smaj-datasheet?assetguid=13c2a823-03b8-4d1f-9ddc-9b44670aed9d,https://www.digikey.com/en/products/detail/littelfuse-inc/SMAJ20CA/762285,General Purpose,1,,12.3A,,-65°C ~ 150°C (TJ),400W,No,,SMAJ,Zener,,22.2V,32.4V,20V
SMAJ20CA-13-F,Diodes Incorporated,TVS DIODE 20VWM 32.4VC SMA,tvs-diodes,195266,0.49,"DO-214AC, SMA",Surface Mount,Active,https://www.diodes.com/assets/Datasheets/SMAJ5.0CA-SMAJ200CA.pdf,https://www.digikey.com/en/products/detail/diodes-incorporated/SMAJ20CA-13-F/775747,General Purpose,1,,12.3A,,-55°C ~ 150°C (TJ),400W,No,,,Zener,,22.2V,32.4V,20V
SMAJ22A,Littelfuse Inc.,TVS DIODE 22VWM 35.5VC DO214AC,tvs-diodes,5259,0.48,"DO-214AC, SMA",Surface Mount,Active,https://www.littelfuse.com/assetdocs/tvs-diodes-smaj-datasheet?assetguid=13c2a823-03b8-4d1f-9ddc-9b44670aed9d,https://www.digikey.com/en/products/detail/littelfuse-inc/SMAJ22A/762286,General Purpose,,,11.3A,,-65°C ~ 150°C (TJ),400W,No,,SMAJ,Zener,1,24.4V,35.5V,22V
SMAJ22A-13-F,Diodes Incorporated,TVS DIODE 22VWM 35.5VC SMA,tvs-diodes,111524,0.5,"DO-214AC, SMA",Surface Mount,Active,https://www.diodes.com/assets/Datasheets/SMAJ5.0CA-SMAJ200CA.pdf,https://www.digikey.com/en/products/detail/diodes-incorporated/SMAJ22A-13-F/814794,General Purpose,,,11.2A,,-55°C ~ 150°C (TJ),400W,No,,,Zener,1,24.4V,35.5V,22V
SMAJ22A-E3/61,Vishay General Semiconductor - Diodes Division,TVS DIODE 22VWM 35.5VC DO214AC,tvs-diodes,11490,0.52,"DO-214AC, SMA",Surface Mount,Active,https://www.vishay.com/docs/88390/smaj50a.pdf,https://www.digikey.com/en/products/detail/vishay-general-semiconductor-diodes-division/SMAJ22A-E3-61/1091503,General Purpose,,,11.3A,,-55°C ~ 150°C (TJ),400W,No,,TransZorb®,Zener,1,24.4V,35.5V,22V
SMAJ22CA,Littelfuse Inc.,TVS DIODE 22VWM 35.5VC DO214AC,tvs-diodes,10236,0.48,"DO-214AC, SMA",Surface Mount,Active,https://www.littelfuse.com/assetdocs/tvs-diodes-smaj-datasheet?assetguid=13c2a823-03b8-4d1f-9ddc-9b44670aed9d,https://www.digikey.com/en/products/detail/littelfuse-inc/SMAJ22CA/762287,General Purpose,1,,11.3A,,-65°C ~ 150°C (TJ),400W,No,,SMAJ,Zener,,24.4V,35.5V,22V
SMAJ22CA-E3/61,Vishay General Semiconductor - Diodes Division,TVS DIODE 22VWM 35.5VC DO214AC,tvs-diodes,25968,0.56,"DO-214AC, SMA",Surface Mount,Active,https://www.vishay.com/docs/88390/smaj50a.pdf,https://www.digikey.com/en/products/detail/vishay-general-semiconductor-diodes-division/SMAJ22CA-E3-61/1091504,General Purpose,1,,11.3A,,-55°C ~ 150°C (TJ),400W,No,,TransZorb®,Zener,,24.4V,35.5V,22V
SMAJ24A,Littelfuse Inc.,TVS DIODE 24VWM 38.9VC DO214AC,tvs-diodes,19314,0.45,"DO-214AC, SMA",Surface Mount,Active,https://www.littelfuse.com/assetdocs/tvs-diodes-smaj-datasheet?assetguid=13c2a823-03b8-4d1f-9ddc-9b44670aed9d,https://www.digikey.com/en/products/detail/littelfuse-inc/SMAJ24A/762288,General Purpose,,,10.3A,,-65°C ~ 150°C (TJ),400W,No,,SMAJ,Zener,1,26.7V,38.9V,24V
SMAJ24A-13-F,Diodes Incorporated,TVS DIODE 24VWM 38.9VC SMA,tvs-diodes,24750,0.5,"DO-214AC, SMA",Surface Mount,Active,https://www.diodes.com/assets/Datasheets/SMAJ5.0CA-SMAJ200CA.pdf,https://www.digikey.com/en/products/detail/diodes-incorporated/SMAJ24A-13-F/724967,General Purpose,,,10.3A,,-55°C ~ 150°C (TJ),400W,No,,,Zener,1,26.7V,38.9V,24V
SMAJ24A-E3/5A,Vishay General Semiconductor - Diodes Division,TVS DIODE 24VWM 38.9VC DO214AC,tvs-diodes,3840,0.52,"DO-214AC, SMA",Surface Mount,Active,https://www.vishay.com/docs/88390/smaj50a.pdf,https://www.digikey.com/en/products/detail/vishay-general-semiconductor-diodes-division/SMAJ24A-E3-5A/2146988,General Purpose,,,10.3A,,-55°C ~ 150°C (TJ),400W,No,,TransZorb®,Zener,1,26.7V,38.9V,24V
SMAJ24A-E3/61,Vishay General Semiconductor - Diodes Division,TVS DIODE 24VWM 38.9VC DO214AC,tvs-diodes,22278,0.46,"DO-214AC, SMA",Surface Mount,Active,https://www.vishay.com/docs/88390/smaj50a.pdf,https://www.digikey.com/en/products/detail/vishay-general-semiconductor-diodes-division/SMAJ24A-E3-61/2150912,General Purpose,,,10.3A,,-55°C ~ 150°C (TJ),400W,No,,TransZorb®,Zener,1,26.7V,38.9V,24V
SMAJ24A-Q,Bourns Inc.,TVS DIODE 24VWM 38.9VC DO214AC,tvs-diodes,12123,0.58,"DO-214AC, SMA",Surface Mount,Active,https://www.bourns.com/docs/Product-Datasheets/SMAJ-Q.pdf,https://www.digikey.com/en/products/detail/bourns-inc/SMAJ24A-Q/8275789,Telecom,,,10.3A,Automotive,-55°C ~ 150°C (TJ),400W,No,AEC-Q101,SMAJ-Q,Zener,1,26.7V,38.9V,24V
SMAJ24A-TP,MCC (Micro Commercial Components),TVS DIODE 24VWM 38.9VC DO214AC,tvs-diodes,33384,0.37,"DO-214AC, SMA",Surface Mount,Active,https://www.mccsemi.com/pdf/Products/SMAJ5.0A-SMAJ440CA(SMA).pdf,https://www.digikey.com/en/products/detail/mcc-micro-commercial-components/SMAJ24A-TP/1200277,General Purpose,,,10.3A,,-55°C ~ 175°C (TA),400W,No,,,Zener,1,26.7V,38.9V,24V
SMAJ24A/TR13,YAGEO,TVS DIODE 24VWM 38.9VC DO214AC,tvs-diodes,2772,0.15,"DO-214AC, SMA",Surface Mount,Active,https://yageogroup.com/content/datasheet/asset/file/SMAJ_1,https://www.digikey.com/en/products/detail/yageo/SMAJ24A-TR13/15855534,General Purpose,,,10.3A,,-55°C ~ 150°C (TJ),400W,No,,SMAJ,Zener,1,26.7V,38.9V,24V
SMAJ24CA,Littelfuse Inc.,TVS DIODE 24VWM 38.9VC DO214AC,tvs-diodes,76384,0.48,"DO-214AC, SMA",Surface Mount,Active,https://www.littelfuse.com/assetdocs/tvs-diodes-smaj-datasheet?assetguid=13c2a823-03b8-4d1f-9ddc-9b44670aed9d,https://www.digikey.com/en/products/detail/littelfuse-inc/SMAJ24CA/762289,General Purpose,1,,10.3A,,-65°C ~ 150°C (TJ),400W,No,,SMAJ,Zener,,26.7V,38.9V,24V
SMAJ24CA-13-F,Diodes Incorporated,TVS DIODE 24VWM 38.9VC SMA,tvs-diodes,42496,0.55,"DO-214AC, SMA",Surface Mount,Active,https://www.diodes.com/assets/Datasheets/SMAJ5.0CA-SMAJ200CA.pdf,https://www.digikey.com/en/products/detail/diodes-incorporated/SMAJ24CA-13-F/775748,General Purpose,1,,10.3A,,-55°C ~ 150°C (TJ),400W,No,,,Zener,,26.7V,38.9V,24V
SMAJ24CA-AT/TR13,YAGEO,TVS DIODE 24VWM 38.9VC DO214AC,tvs-diodes,3652,0.17,"DO-214AC, SMA",Surface Mount,Active,https://yageogroup.com/content/datasheet/asset/file/SMAJ-AT_1,https://www.digikey.com/en/products/detail/yageo/SMAJ24CA-AT-TR13/15855391,,1,,10.3A,Automotive,-55°C ~ 150°C (TJ),400W,No,AEC-Q101,SMAJ-AT,Zener,,26.7V,38.9V,24V
SMAJ24CA-E3/61,Vishay General Semiconductor - Diodes Division,TVS DIODE 24VWM 38.9VC DO214AC,tvs-diodes,13321,0.52,"DO-214AC, SMA",Surface Mount,Active,https://www.vishay.com/docs/88390/smaj50a.pdf,https://www.digikey.com/en/products/detail/vishay-general-semiconductor-diodes-division/SMAJ24CA-E3-61/1091505,General Purpose,1,,10.3A,,-55°C ~ 150°C (TJ),400W,No,,TransZorb®,Zener,,26.7V,38.9V,24V
SMAJ250CA,Littelfuse Inc.,TVS DIODE 250VWM 405VC DO214AC,tvs-diodes,60483,0.91,"DO-214AC, SMA",Surface Mount,Active,https://www.littelfuse.com/assetdocs/tvs-diodes-smaj-datasheet?assetguid=13c2a823-03b8-4d1f-9ddc-9b44670aed9d,https://www.digikey.com/en/products/detail/littelfuse-inc/SMAJ250CA/762347,General Purpose,1,,1A,,-55°C ~ 150°C,400W,Yes,,SMAJ,Zener,,279V,405V,250V
SMAJ26A,Littelfuse Inc.,TVS DIODE 26VWM 42.1VC DO214AC,tvs-diodes,115763,0.47,"DO-214AC, SMA",Surface Mount,Active,https://www.littelfuse.com/assetdocs/tvs-diodes-smaj-datasheet?assetguid=13c2a823-03b8-4d1f-9ddc-9b44670aed9d,https://www.digikey.com/en/products/detail/littelfuse-inc/SMAJ26A/762290,General Purpose,,,9.5A,,-65°C ~ 150°C (TJ),400W,No,,SMAJ,Zener,1,28.9V,42.1V,26V
SMAJ26A-13-F,Diodes Incorporated,TVS DIODE 26VWM 42.1VC SMA,tvs-diodes,674893,0.5,"DO-214AC, SMA",Surface Mount,Active,https://www.diodes.com/assets/Datasheets/SMAJ5.0CA-SMAJ200CA.pdf,https://www.digikey.com/en/products/detail/diodes-incorporated/SMAJ26A-13-F/806555,General Purpose,,,9.5A,,-55°C ~ 150°C (TJ),400W,No,,,Zener,1,28.9V,42.1V,26V
SMAJ26A-E3/61,Vishay General Semiconductor - Diodes Division,TVS DIODE 26VWM 42.1VC DO214AC,tvs-diodes,13996,0.52,"DO-214AC, SMA",Surface Mount,Active,https://www.vishay.com/docs/88390/smaj50a.pdf,https://www.digikey.com/en/products/detail/vishay-general-semiconductor-diodes-division/SMAJ26A-E3-61/1119122,General Purpose,,,9.5A,,-55°C ~ 150°C (TJ),400W,No,,TransZorb®,Zener,1,28.9V,42.1V,26V
SMAJ26A-Q,Bourns Inc.,TVS DIODE 26VWM 42.1VC DO214AC,tvs-diodes,11377,0.58,"DO-214AC, SMA",Surface Mount,Active,https://www.bourns.com/docs/Product-Datasheets/SMAJ-Q.pdf,https://www.digikey.com/en/products/detail/bourns-inc/SMAJ26A-Q/8275790,Telecom,,,9.5A,Automotive,-55°C ~ 150°C (TJ),400W,No,AEC-Q101,SMAJ-Q,Zener,1,28.9V,42.1V,26V
SMAJ26A/TR13,YAGEO,TVS DIODE 26VWM 42.1VC DO214AC,tvs-diodes,9349,0.13,"DO-214AC, SMA",Surface Mount,Active,https://yageogroup.com/content/datasheet/asset/file/SMAJ_1,https://www.digikey.com/en/products/detail/yageo/SMAJ26A-TR13/15855927,General Purpose,,,9.5A,,-55°C ~ 150°C (TJ),400W,No,,SMAJ,Zener,1,28.9V,42.1V,26V
SMAJ26AQ-13-F,Diodes Incorporated,TVS DIODE 26VWM 42.1VC SMA,tvs-diodes,3817,0.57,"DO-214AC, SMA",Surface Mount,Active,https://www.diodes.com/assets/Datasheets/SMAJ5.0CAQ-SMAJ200CAQ.pdf,https://www.digikey.com/en/products/detail/diodes-incorporated/SMAJ26AQ-13-F/9738891,,,,9.5A,Automotive,-55°C ~ 150°C (TJ),400W,No,AEC-Q101,,Zener,1,28.9V,42.1V,26V
SMAJ26CA,Littelfuse Inc.,TVS DIODE 26VWM 42.1VC DO214AC,tvs-diodes,40275,0.48,"DO-214AC, SMA",Surface Mount,Active,https://www.littelfuse.com/assetdocs/tvs-diodes-smaj-datasheet?assetguid=13c2a823-03b8-4d1f-9ddc-9b44670aed9d,https://www.digikey.com/en/products/detail/littelfuse-inc/SMAJ26CA/762291,General Purpose,1,,9.5A,,-65°C ~ 150°C (TJ),400W,No,,SMAJ,Zener,,28.9V,42.1V,26V
SMAJ26CA-TP,MCC (Micro Commercial Components),TVS DIODE 26VWM 42.1VC DO214AC,tvs-diodes,26159,0.37,"DO-214AC, SMA",Surface Mount,Active,https://www.mccsemi.com/pdf/Products/SMAJ5.0A-SMAJ440CA(SMA).pdf,https://www.digikey.com/en/products/detail/mcc-micro-commercial-components/SMAJ26CA-TP/1200280,General Purpose,1,,9.5A,,-55°C ~ 175°C (TA),400W,No,,,Zener,,28.9V,42.1V,26V
SMAJ28A,Bourns Inc.,TVS DIODE 28VWM 45.4VC DO214AC,tvs-diodes,1491,0.52,"DO-214AC, SMA",Surface Mount,Active,https://www.bourns.com/docs/Product-Datasheets/SMAJ.pdf,https://www.digikey.com/en/products/detail/bourns-inc/SMAJ28A/2254580,General Purpose,,,8.8A,,-55°C ~ 150°C (TJ),400W,No,,SMAJ,Zener,1,31.1V,45.4V,28V
SMAJ28A-13-F,Diodes Incorporated,TVS DIODE 28VWM 45.4VC SMA,tvs-diodes,506250,0.5,"DO-214AC, SMA",Surface Mount,Active,https://www.diodes.com/assets/Datasheets/SMAJ5.0CA-SMAJ200CA.pdf,https://www.digikey.com/en/products/detail/diodes-incorporated/SMAJ28A-13-F/775749,General Purpose,,,8.8A,,-55°C ~ 150°C (TJ),400W,No,,,Zener,1,31.1V,45.4V,28V
SMAJ28A-E3/5A,Vishay General Semiconductor - Diodes Division,TVS DIODE 28VWM 45.4VC DO214AC,tvs-diodes,19607,0.52,"DO-214AC, SMA",Surface Mount,Active,https://www.vishay.com/docs/88390/smaj50a.pdf,https://www.digikey.com/en/products/detail/vishay-general-semiconductor-diodes-division/SMAJ28A-E3-5A/2147002,General Purpose,,,8.8A,,-55°C ~ 150°C (TJ),400W,No,,TransZorb®,Zener,1,31.1V,45.4V,28V
SMAJ28A-E3/61,Vishay General Semiconductor - Diodes Division,TVS DIODE 28VWM 45.4VC DO214AC,tvs-diodes,33421,0.52,"DO-214AC, SMA",Surface Mount,Active,https://www.vishay.com/docs/88390/smaj50a.pdf,https://www.digikey.com/en/products/detail/vishay-general-semiconductor-diodes-division/SMAJ28A-E3-61/1119125,General Purpose,,,8.8A,,-55°C ~ 150°C (TJ),400W,No,,TransZorb®,Zener,1,31.1V,45.4V,28V
SMAJ28A-Q,Bourns Inc.,TVS DIODE 28VWM 45.4VC DO214AC,tvs-diodes,12753,0.58,"DO-214AC, SMA",Surface Mount,Active,https://www.bourns.com/docs/Product-Datasheets/SMAJ-Q.pdf,https://www.digikey.com/en/products/detail/bourns-inc/SMAJ28A-Q/8275978,Telecom,,,8.8A,Automotive,-55°C ~ 150°C (TJ),400W,No,AEC-Q101,SMAJ-Q,Zener,1,31.1V,45.4V,28V
SMAJ28AQ-13-F,Diodes Incorporated,TVS DIODE 28VWM 45.4VC SMA,tvs-diodes,10779,0.57,"DO-214AC, SMA",Surface Mount,Active,https://www.diodes.com/assets/Datasheets/SMAJ5.0CAQ-SMAJ200CAQ.pdf,https://www.digikey.com/en/products/detail/diodes-incorporated/SMAJ28AQ-13-F/9738892,,,,8.8A,Automotive,-55°C ~ 150°C (TJ),400W,No,AEC-Q101,,Zener,1,31.1V,45.4V,28V
SMAJ28CA,Littelfuse Inc.,TVS DIODE 28VWM 45.4VC DO214AC,tvs-diodes,59234,0.48,"DO-214AC, SMA",Surface Mount,Active,https://www.littelfuse.com/assetdocs/tvs-diodes-smaj-datasheet?assetguid=13c2a823-03b8-4d1f-9ddc-9b44670aed9d,https://www.digikey.com/en/products/detail/littelfuse-inc/SMAJ28CA/762293,General Purpose,1,,8.8A,,-65°C ~ 150°C (TJ),400W,No,,SMAJ,Zener,,31.1V,45.4V,28V
SMAJ28CA-13-F,Diodes Incorporated,TVS DIODE 28VWM 45.4VC SMA,tvs-diodes,75692,0.55,"DO-214AC, SMA",Surface Mount,Active,https://www.diodes.com/assets/Datasheets/SMAJ5.0CA-SMAJ200CA.pdf,https://www.digikey.com/en/products/detail/diodes-incorporated/SMAJ28CA-13-F/765424,General Purpose,1,,8.8A,,-55°C ~ 150°C (TJ),400W,No,,,Zener,,31.1V,45.4V,28V
SMAJ28CA-E3/61,Vishay General Semiconductor - Diodes Division,TVS DIODE 28VWM 45.4VC DO214AC,tvs-diodes,41763,0.56,"DO-214AC, SMA",Surface Mount,Active,https://www.vishay.com/docs/88390/smaj50a.pdf,https://www.digikey.com/en/products/detail/vishay-general-semiconductor-diodes-division/SMAJ28CA-E3-61/1119126,General Purpose,1,,8.8A,,-55°C ~ 150°C (TJ),400W,No,,TransZorb®,Zener,,31.1V,45.4V,28V
SMAJ300CA,Littelfuse Inc.,TVS DIODE 300VWM 486VC DO214AC,tvs-diodes,19240,0.91,"DO-214AC, SMA",Surface Mount,Active,https://www.littelfuse.com/assetdocs/tvs-diodes-smaj-datasheet?assetguid=13c2a823-03b8-4d1f-9ddc-9b44670aed9d,https://www.digikey.com/en/products/detail/littelfuse-inc/SMAJ300CA/762349,General Purpose,1,,1.3A,,-55°C ~ 150°C,400W,Yes,,SMAJ,Zener,,335V,486V,300V
SMAJ30A,Littelfuse Inc.,TVS DIODE 30VWM 48.4VC DO214AC,tvs-diodes,137462,0.47,"DO-214AC, SMA",Surface Mount,Active,https://www.littelfuse.com/assetdocs/tvs-diodes-smaj-datasheet?assetguid=13c2a823-03b8-4d1f-9ddc-9b44670aed9d,https://www.digikey.com/en/products/detail/littelfuse-inc/SMAJ30A/762294,General Purpose,,,8.3A,,-65°C ~ 150°C (TJ),400W,No,,SMAJ,Zener,1,33.3V,48.4V,30V
SMAJ30A-13-F,Diodes Incorporated,TVS DIODE 30VWM 48.4VC SMA,tvs-diodes,496175,0.5,"DO-214AC, SMA",Surface Mount,Active,https://www.diodes.com/assets/Datasheets/SMAJ5.0CA-SMAJ200CA.pdf,https://www.digikey.com/en/products/detail/diodes-incorporated/SMAJ30A-13-F/765425,General Purpose,,,8.3A,,-55°C ~ 150°C (TJ),400W,No,,,Zener,1,33.3V,48.4V,30V
SMAJ30A-E3/5A,Vishay General Semiconductor - Diodes Division,TVS DIODE 30VWM 48.4VC DO214AC,tvs-diodes,1371,0.52,"DO-214AC, SMA",Surface Mount,Active,https://www.waldom.com/upload/parts/datasheets/mf-vis/vis-smaj30a-e3-5a.pdf,https://www.digikey.com/en/products/detail/vishay-general-semiconductor-diodes-division/SMAJ30A-E3-5A/2147010,General Purpose,,,8.3A,,-55°C ~ 150°C (TJ),400W,No,,TransZorb®,Zener,1,33.3V,48.4V,30V
SMAJ30A-E3/61,Vishay General Semiconductor - Diodes Division,TVS DIODE 30VWM 48.4VC DO214AC,tvs-diodes,644594,0.48,"DO-214AC, SMA",Surface Mount,Active,https://www.vishay.com/docs/88390/smaj50a.pdf,https://www.digikey.com/en/products/detail/vishay-general-semiconductor-diodes-division/SMAJ30A-E3-61/1119128,General Purpose,,,8.3A,,-55°C ~ 150°C (TJ),400W,No,,TransZorb®,Zener,1,33.3V,48.4V,30V
SMAJ30A-TP,MCC (Micro Commercial Components),TVS DIODE 30VWM 48.4VC DO214AC,tvs-diodes,55686,0.37,"DO-214AC, SMA",Surface Mount,Active,https://www.mccsemi.com/pdf/Products/SMAJ5.0A-SMAJ440CA(SMA).pdf,https://www.digikey.com/en/products/detail/mcc-micro-commercial-components/SMAJ30A-TP/1200283,General Purpose,,,8.3A,,-55°C ~ 175°C (TA),400W,No,,,Zener,1,33.3V,48.4V,30V
SMAJ30CA,Littelfuse Inc.,TVS DIODE 30VWM 48.4VC DO214AC,tvs-diodes,105077,0.48,"DO-214AC, SMA",Surface Mount,Active,https://www.littelfuse.com/assetdocs/tvs-diodes-smaj-datasheet?assetguid=13c2a823-03b8-4d1f-9ddc-9b44670aed9d,https://www.digikey.com/en/products/detail/littelfuse-inc/SMAJ30CA/762295,General Purpose,1,,8.3A,,-65°C ~ 150°C (TJ),400W,No,,SMAJ,Zener,,33.3V,48.4V,30V
SMAJ30CA-13-F,Diodes Incorporated,TVS DIODE 30VWM 48.4VC SMA,tvs-diodes,50991,0.55,"DO-214AC, SMA",Surface Mount,Active,https://www.diodes.com/assets/Datasheets/SMAJ5.0CA-SMAJ200CA.pdf,https://www.digikey.com/en/products/detail/diodes-incorporated/SMAJ30CA-13-F/768797,General Purpose,1,,8.3A,,-55°C ~ 150°C (TJ),400W,No,,,Zener,,33.3V,48.4V,30V
SMAJ30CA-E3/61,Vishay General Semiconductor - Diodes Division,TVS DIODE 30VWM 48.4VC DO214AC,tvs-diodes,23619,0.51,"DO-214AC, SMA",Surface Mount,Active,https://www.vishay.com/docs/88390/smaj50a.pdf,https://www.digikey.com/en/products/detail/vishay-general-semiconductor-diodes-division/SMAJ30CA-E3-61/1119129,General Purpose,1,,8.3A,,-55°C ~ 150°C (TJ),400W,No,,TransZorb®,Zener,,33.3V,48.4V,30V
SMAJ30CA-TP,MCC (Micro Commercial Components),TVS DIODE 30VWM 48.4VC DO214AC,tvs-diodes,6902,0.37,"DO-214AC, SMA",Surface Mount,Active,https://www.mccsemi.com/pdf/Products/SMAJ5.0A-SMAJ440CA(SMA).pdf,https://www.digikey.com/en/products/detail/mcc-micro-commercial-components/SMAJ30CA-TP/1200284,General Purpose,1,,8.3A,,-55°C ~ 175°C (TA),400W,No,,,Zener,,33.3V,48.4V,30V
SMAJ30CAQ-13-F,Diodes Incorporated,TVS DIODE 30VWM 48.4VC SMA,tvs-diodes,2966,0.61,"DO-214AC, SMA",Surface Mount,Active,https://www.diodes.com/assets/Datasheets/SMAJ5.0CAQ-SMAJ200CAQ.pdf,https://www.digikey.com/en/products/detail/diodes-incorporated/SMAJ30CAQ-13-F/9738904,,1,,8.3A,Automotive,-55°C ~ 150°C (TJ),400W,No,AEC-Q101,,Zener,,33.3V,48.4V,30V
SMAJ33A,Littelfuse Inc.,TVS DIODE 33VWM 53.3VC DO214AC,tvs-diodes,12791,0.47,"DO-214AC, SMA",Surface Mount,Active,https://www.littelfuse.com/assetdocs/tvs-diodes-smaj-datasheet?assetguid=13c2a823-03b8-4d1f-9ddc-9b44670aed9d,https://www.digikey.com/en/products/detail/littelfuse-inc/SMAJ33A/762296,General Purpose,,,7.5A,,-65°C ~ 150°C (TJ),400W,No,,SMAJ,Zener,1,36.7V,53.3V,33V
SMAJ33A-E3/61,Vishay General Semiconductor - Diodes Division,TVS DIODE 33VWM 53.3VC DO214AC,tvs-diodes,13156,0.52,"DO-214AC, SMA",Surface Mount,Active,https://www.vishay.com/docs/88390/smaj50a.pdf,https://www.digikey.com/en/products/detail/vishay-general-semiconductor-diodes-division/SMAJ33A-E3-61/1091506,General Purpose,,,7.5A,,-55°C ~ 150°C (TJ),400W,No,,TransZorb®,Zener,1,36.7V,53.3V,33V
SMAJ33A-Q,Bourns Inc.,TVS DIODE 33VWM 53.3VC DO214AC,tvs-diodes,13491,0.58,"DO-214AC, SMA",Surface Mount,Active,https://www.bourns.com/docs/Product-Datasheets/SMAJ-Q.pdf,https://www.digikey.com/en/products/detail/bourns-inc/SMAJ33A-Q/8275791,Telecom,,,7.5A,Automotive,-55°C ~ 150°C (TJ),400W,No,AEC-Q101,SMAJ-Q,Zener,1,36.7V,53.3V,33V
SMAJ33CA,Littelfuse Inc.,TVS DIODE 33VWM 53.3VC DO214AC,tvs-diodes,57645,0.48,"DO-214AC, SMA",Surface Mount,Active,https://www.littelfuse.com/assetdocs/tvs-diodes-smaj-datasheet?assetguid=13c2a823-03b8-4d1f-9ddc-9b44670aed9d,https://www.digikey.com/en/products/detail/littelfuse-inc/SMAJ33CA/762297,General Purpose,1,,7.5A,,-65°C ~ 150°C (TJ),400W,No,,SMAJ,Zener,,36.7V,53.3V,33V
SMAJ33CA-13-F,Diodes Incorporated,TVS DIODE 33VWM 53.3VC SMA,tvs-diodes,311754,0.55,"DO-214AC, SMA",Surface Mount,Active,https://www.diodes.com/assets/Datasheets/SMAJ5.0CA-SMAJ200CA.pdf,https://www.digikey.com/en/products/detail/diodes-incorporated/SMAJ33CA-13-F/814791,General Purpose,1,,7.5A,,-55°C ~ 150°C (TJ),400W,No,,,Zener,,36.7V,53.3V,33V
SMAJ33CA-E3/61,Vishay General Semiconductor - Diodes Division,TVS DIODE 33VWM 53.3VC DO214AC,tvs-diodes,67191,0.56,"DO-214AC, SMA",Surface Mount,Active,https://www.vishay.com/docs/88390/smaj50a.pdf,https://www.digikey.com/en/products/detail/vishay-general-semiconductor-diodes-division/SMAJ33CA-E3-61/1091507,General Purpose,1,,7.5A,,-55°C ~ 150°C (TJ),400W,No,,TransZorb®,Zener,,36.7V,53.3V,33V
SMAJ33CA-TP,MCC (Micro Commercial Components),TVS DIODE 33VWM 53.3VC DO214AC,tvs-diodes,10363,0.37,"DO-214AC, SMA",Surface Mount,Active,https://www.mccsemi.com/pdf/Products/SMAJ5.0A-SMAJ440CA(SMA).pdf,https://www.digikey.com/en/products/detail/mcc-micro-commercial-components/SMAJ33CA-TP/1200286,General Purpose,1,,7.5A,,-55°C ~ 175°C (TA),400W,No,,,Zener,,36.7V,53.3V,33V
SMAJ36A,Littelfuse Inc.,TVS DIODE 36VWM 58.1VC DO214AC,tvs-diodes,61243,0.48,"DO-214AC, SMA",Surface Mount,Active,https://www.littelfuse.com/assetdocs/tvs-diodes-smaj-datasheet?assetguid=13c2a823-03b8-4d1f-9ddc-9b44670aed9d,https://www.digikey.com/en/products/detail/littelfuse-inc/SMAJ36A/762298,General Purpose,,,6.9A,,-65°C ~ 150°C (TJ),400W,No,,SMAJ,Zener,1,40V,58.1V,36V
SMAJ36A-13-F,Diodes Incorporated,TVS DIODE 36VWM 58.1VC SMA,tvs-diodes,284949,0.45,"DO-214AC, SMA",Surface Mount,Active,https://www.diodes.com/assets/Datasheets/SMAJ5.0CA-SMAJ200CA.pdf,https://www.digikey.com/en/products/detail/diodes-incorporated/SMAJ36A-13-F/765426,General Purpose,,,6.9A,,-55°C ~ 150°C (TJ),400W,No,,,Zener,1,40V,58.1V,36V
SMAJ36A-E3/61,Vishay General Semiconductor - Diodes Division,TVS DIODE 36VWM 58.1VC DO214AC,tvs-diodes,29747,0.52,"DO-214AC, SMA",Surface Mount,Active,https://www.vishay.com/docs/88390/smaj50a.pdf,https://www.digikey.com/en/products/detail/vishay-general-semiconductor-diodes-division/SMAJ36A-E3-61/1091508,General Purpose,,,6.9A,,-55°C ~ 150°C (TJ),400W,No,,TransZorb®,Zener,1,40V,58.1V,36V
SMAJ36AQ-13-F,Diodes Incorporated,TVS DIODE 36VWM 58.1VC SMA,tvs-diodes,3878,0.57,"DO-214AC, SMA",Surface Mount,Active,https://www.diodes.com/assets/Datasheets/SMAJ5.0CAQ-SMAJ200CAQ.pdf,https://www.digikey.com/en/products/detail/diodes-incorporated/SMAJ36AQ-13-F/9769545,,,,6.9A,Automotive,-55°C ~ 150°C (TJ),400W,No,AEC-Q101,,Zener,1,40V,58.1V,36V
SMAJ36CA,Littelfuse Inc.,TVS DIODE 36VWM 58.1VC DO214AC,tvs-diodes,4837,0.48,"DO-214AC, SMA",Surface Mount,Active,https://www.littelfuse.com/assetdocs/tvs-diodes-smaj-datasheet?assetguid=13c2a823-03b8-4d1f-9ddc-9b44670aed9d,https://www.digikey.com/en/products/detail/littelfuse-inc/SMAJ36CA/762299,General Purpose,1,,6.9A,,-65°C ~ 150°C (TJ),400W,No,,SMAJ,Zener,,40V,58.1V,36V
SMAJ36CA-13-F,Diodes Incorporated,TVS DIODE 36VWM 58.1VC SMA,tvs-diodes,54571,0.55,"DO-214AC, SMA",Surface Mount,Active,https://www.diodes.com/assets/Datasheets/SMAJ5.0CA-SMAJ200CA.pdf,https://www.digikey.com/en/products/detail/diodes-incorporated/SMAJ36CA-13-F/768798,General Purpose,1,,6.9A,,-55°C ~ 150°C (TJ),400W,No,,,Zener,,40V,58.1V,36V
SMAJ36CA-E3/5A,Vishay General Semiconductor - Diodes Division,TVS DIODE 36VWM 58.1VC DO214AC,tvs-diodes,25501,0.56,"DO-214AC, SMA",Surface Mount,Active,https://www.vishay.com/docs/88390/smaj50a.pdf,https://www.digikey.com/en/products/detail/vishay-general-semiconductor-diodes-division/SMAJ36CA-E3-5A/2147026,General Purpose,1,,6.9A,,-55°C ~ 150°C (TJ),400W,No,,TransZorb®,Zener,,40V,58.1V,36V
SMAJ36CA-E3/61,Vishay General Semiconductor - Diodes Division,TVS DIODE 36VWM 58.1VC DO214AC,tvs-diodes,64670,0.56,"DO-214AC, SMA",Surface Mount,Active,https://www.vishay.com/docs/88390/smaj50a.pdf,https://www.digikey.com/en/products/detail/vishay-general-semiconductor-diodes-division/SMAJ36CA-E3-61/1119133,General Purpose,1,,6.9A,,-55°C ~ 150°C (TJ),400W,No,,TransZorb®,Zener,,40V,58.1V,36V
SMAJ36CA-TP,MCC (Micro Commercial Components),TVS DIODE 36VWM 58.1VC DO214AC,tvs-diodes,4842,0.37,"DO-214AC, SMA",Surface Mount,Active,https://www.mccsemi.com/pdf/Products/SMAJ5.0A-SMAJ440CA(SMA).pdf,https://www.digikey.com/en/products/detail/mcc-micro-commercial-components/SMAJ36CA-TP/1200288,General Purpose,1,,6.9A,,-55°C ~ 175°C (TA),400W,No,,,Zener,,40V,58.1V,36V
SMAJ400CA,Littelfuse Inc.,TVS DIODE 400VWM 648VC DO214AC,tvs-diodes,2180,0.91,"DO-214AC, SMA",Surface Mount,Active,https://www.littelfuse.com/assetdocs/tvs-diodes-smaj-datasheet?assetguid=13c2a823-03b8-4d1f-9ddc-9b44670aed9d,https://www.digikey.com/en/products/detail/littelfuse-inc/SMAJ400CA/762353,General Purpose,1,,1A,,-55°C ~ 150°C,400W,Yes,,SMAJ,Zener,,447V,648V,400V
SMAJ40A,Littelfuse Inc.,TVS DIODE 40VWM 64.5VC DO214AC,tvs-diodes,89341,0.47,"DO-214AC, SMA",Surface Mount,Active,https://www.littelfuse.com/assetdocs/tvs-diodes-smaj-datasheet?assetguid=13c2a823-03b8-4d1f-9ddc-9b44670aed9d,https://www.digikey.com/en/products/detail/littelfuse-inc/SMAJ40A/762300,General Purpose,,,6.2A,,-65°C ~ 150°C (TJ),400W,No,,SMAJ,Zener,1,44.4V,64.5V,40V
SMAJ40A-13-F,Diodes Incorporated,TVS DIODE 40VWM 64.5VC SMA,tvs-diodes,20000,0.45,"DO-214AC, SMA",Surface Mount,Active,https://www.diodes.com/assets/Datasheets/SMAJ5.0CA-SMAJ200CA.pdf,https://www.digikey.com/en/products/detail/diodes-incorporated/SMAJ40A-13-F/814786,General Purpose,,,6.2A,,-55°C ~ 150°C (TJ),400W,No,,,Zener,1,44.4V,64.5V,40V
SMAJ40A-E3/61,Vishay General Semiconductor - Diodes Division,TVS DIODE 40VWM 64.5VC DO214AC,tvs-diodes,9452,0.47,"DO-214AC, SMA",Surface Mount,Active,https://www.vishay.com/docs/88390/smaj50a.pdf,https://www.digikey.com/en/products/detail/vishay-general-semiconductor-diodes-division/SMAJ40A-E3-61/1091509,General Purpose,,,6.2A,,-55°C ~ 150°C (TJ),400W,No,,TransZorb®,Zener,1,44.4V,64.5V,40V
SMAJ40CA,Littelfuse Inc.,TVS DIODE 40VWM 64.5VC DO214AC,tvs-diodes,55319,0.48,"DO-214AC, SMA",Surface Mount,Active,https://www.littelfuse.com/assetdocs/tvs-diodes-smaj-datasheet?assetguid=13c2a823-03b8-4d1f-9ddc-9b44670aed9d,https://www.digikey.com/en/products/detail/littelfuse-inc/SMAJ40CA/762301,General Purpose,1,,6.2A,,-65°C ~ 150°C (TJ),400W,No,,SMAJ,Zener,,44.4V,64.5V,40V
SMAJ40CA-13-F,Diodes Incorporated,TVS DIODE 40VWM 64.5VC SMA,tvs-diodes,85444,0.55,"DO-214AC, SMA",Surface Mount,Active,https://www.diodes.com/assets/Datasheets/SMAJ5.0CA-SMAJ200CA.pdf,https://www.digikey.com/en/products/detail/diodes-incorporated/SMAJ40CA-13-F/814790,General Purpose,1,,6.2A,,-55°C ~ 150°C (TJ),400W,No,,,Zener,,44.4V,64.5V,40V
SMAJ40CA-E3/61,Vishay General Semiconductor - Diodes Division,TVS DIODE 40VWM 64.5VC DO214AC,tvs-diodes,40962,0.56,"DO-214AC, SMA",Surface Mount,Active,https://www.vishay.com/docs/88390/smaj50a.pdf,https://www.digikey.com/en/products/detail/vishay-general-semiconductor-diodes-division/SMAJ40CA-E3-61/1091510,General Purpose,1,,6.2A,,-55°C ~ 150°C (TJ),400W,No,,TransZorb®,Zener,,44.4V,64.5V,40V
SMAJ40CA-TP,MCC (Micro Commercial Components),TVS DIODE 40VWM 64.5VC DO214AC,tvs-diodes,38825,0.37,"DO-214AC, SMA",Surface Mount,Active,https://www.mccsemi.com/pdf/Products/SMAJ5.0A-SMAJ440CA(SMA).pdf,https://www.digikey.com/en/products/detail/mcc-micro-commercial-components/SMAJ40CA-TP/1200290,General Purpose,1,,6.2A,,-55°C ~ 175°C (TA),400W,No,,,Zener,,44.4V,64.5V,40V
SMAJ43A,Littelfuse Inc.,TVS DIODE 43VWM 69.4VC DO214AC,tvs-diodes,168039,0.48,"DO-214AC, SMA",Surface Mount,Active,https://www.littelfuse.com/assetdocs/tvs-diodes-smaj-datasheet?assetguid=13c2a823-03b8-4d1f-9ddc-9b44670aed9d,https://www.digikey.com/en/products/detail/littelfuse-inc/SMAJ43A/2024449,General Purpose,,,5.8A,,-65°C ~ 150°C (TJ),400W,No,,SMAJ,Zener,1,47.8V,69.4V,43V
SMAJ43CA,Bourns Inc.,TVS DIODE 43VWM 69.4VC DO214AC,tvs-diodes,21175,0.58,"DO-214AC, SMA",Surface Mount,Active,https://www.bourns.com/docs/Product-Datasheets/SMAJ.pdf,https://www.digikey.com/en/products/detail/bourns-inc/SMAJ43CA/2254755,General Purpose,1,,5.8A,,-55°C ~ 150°C (TJ),400W,No,,SMAJ,Zener,,47.8V,69.4V,43V
SMAJ43CA-13-F,Diodes Incorporated,TVS DIODE 43VWM 69.4VC SMA,tvs-diodes,32124,0.55,"DO-214AC, SMA",Surface Mount,Active,https://www.diodes.com/assets/Datasheets/SMAJ5.0CA-SMAJ200CA.pdf,https://www.digikey.com/en/products/detail/diodes-incorporated/SMAJ43CA-13-F/814788,General Purpose,1,,5.7A,,-55°C ~ 150°C (TJ),400W,No,,,Zener,,47.8V,69.4V,43V
SMAJ43CA-E3/61,Vishay General Semiconductor - Diodes Division,TVS DIODE 43VWM 69.4VC DO214AC,tvs-diodes,9705,0.56,"DO-214AC, SMA",Surface Mount,Active,https://www.vishay.com/docs/88390/smaj50a.pdf,https://www.digikey.com/en/products/detail/vishay-general-semiconductor-diodes-division/SMAJ43CA-E3-61/1119137,General Purpose,1,,5.8A,,-55°C ~ 150°C (TJ),400W,No,,TransZorb®,Zener,,47.8V,69.4V,43V
SMAJ45A,Littelfuse Inc.,TVS DIODE 45VWM 72.7VC DO214AC,tvs-diodes,37255,0.48,"DO-214AC, SMA",Surface Mount,Active,https://www.littelfuse.com/assetdocs/tvs-diodes-smaj-datasheet?assetguid=13c2a823-03b8-4d1f-9ddc-9b44670aed9d,https://www.digikey.com/en/products/detail/littelfuse-inc/SMAJ45A/762302,General Purpose,,,5.5A,,-65°C ~ 150°C (TJ),400W,No,,SMAJ,Zener,1,50V,72.7V,45V
SMAJ45CA,Littelfuse Inc.,TVS DIODE 45VWM 72.7VC DO214AC,tvs-diodes,14350,0.48,"DO-214AC, SMA",Surface Mount,Active,https://www.littelfuse.com/assetdocs/tvs-diodes-smaj-datasheet?assetguid=13c2a823-03b8-4d1f-9ddc-9b44670aed9d,https://www.digikey.com/en/products/detail/littelfuse-inc/SMAJ45CA/762303,General Purpose,1,,5.5A,,-65°C ~ 150°C (TJ),400W,No,,SMAJ,Zener,,50V,72.7V,45V
SMAJ45CA-13-F,Diodes Incorporated,TVS DIODE 45VWM 72.7VC SMA,tvs-diodes,74420,0.55,"DO-214AC, SMA",Surface Mount,Active,https://www.diodes.com/assets/Datasheets/SMAJ5.0CA-SMAJ200CA.pdf,https://www.digikey.com/en/products/detail/diodes-incorporated/SMAJ45CA-13-F/814797,General Purpose,1,,5.5A,,-55°C ~ 150°C (TJ),400W,No,,,Zener,,50V,72.7V,45V
SMAJ48A,Littelfuse Inc.,TVS DIODE 48VWM 77.4VC DO214AC,tvs-diodes,24550,0.47,"DO-214AC, SMA",Surface Mount,Active,https://www.littelfuse.com/assetdocs/tvs-diodes-smaj-datasheet?assetguid=13c2a823-03b8-4d1f-9ddc-9b44670aed9d,https://www.digikey.com/en/products/detail/littelfuse-inc/SMAJ48A/762304,General Purpose,,,5.2A,,-65°C ~ 150°C (TJ),400W,No,,SMAJ,Zener,1,53.3V,77.4V,48V
SMAJ48A-13-F,Diodes Incorporated,TVS DIODE 48VWM 77.4VC SMA,tvs-diodes,14792,0.5,"DO-214AC, SMA",Surface Mount,Active,https://www.diodes.com/assets/Datasheets/SMAJ5.0CA-SMAJ200CA.pdf,https://www.digikey.com/en/products/detail/diodes-incorporated/SMAJ48A-13-F/814792,General Purpose,,,5.2A,,-55°C ~ 150°C (TJ),400W,No,,,Zener,1,53.3V,77.4V,48V
SMAJ48A-E3/61,Vishay General Semiconductor - Diodes Division,TVS DIODE 48VWM 77.4VC DO214AC,tvs-diodes,14963,0.52,"DO-214AC, SMA",Surface Mount,Active,https://www.vishay.com/docs/88390/smaj50a.pdf,https://www.digikey.com/en/products/detail/vishay-general-semiconductor-diodes-division/SMAJ48A-E3-61/1119143,General Purpose,,,5.2A,,-55°C ~ 150°C (TJ),400W,No,,TransZorb®,Zener,1,53.3V,77.4V,48V
SMAJ48CA,Littelfuse Inc.,TVS DIODE 48VWM 77.4VC DO214AC,tvs-diodes,33346,0.48,"DO-214AC, SMA",Surface Mount,Active,https://www.littelfuse.com/assetdocs/tvs-diodes-smaj-datasheet?assetguid=13c2a823-03b8-4d1f-9ddc-9b44670aed9d,https://www.digikey.com/en/products/detail/littelfuse-inc/SMAJ48CA/762305,General Purpose,1,,5.2A,,-65°C ~ 150°C (TJ),400W,No,,SMAJ,Zener,,53.3V,77.4V,48V
SMAJ48CA-13-F,Diodes Incorporated,TVS DIODE 48VWM 77.4VC SMA,tvs-diodes,240282,0.55,"DO-214AC, SMA",Surface Mount,Active,https://www.diodes.com/assets/Datasheets/SMAJ5.0CA-SMAJ200CA.pdf,https://www.digikey.com/en/products/detail/diodes-incorporated/SMAJ48CA-13-F/814799,General Purpose,1,,5.2A,,-55°C ~ 150°C (TJ),400W,No,,,Zener,,53.3V,77.4V,48V
SMAJ48CA-E3/61,Vishay General Semiconductor - Diodes Division,TVS DIODE 48VWM 77.4VC DO214AC,tvs-diodes,25841,0.56,"DO-214AC, SMA",Surface Mount,Active,https://www.vishay.com/docs/88390/smaj50a.pdf,https://www.digikey.com/en/products/detail/vishay-general-semiconductor-diodes-division/SMAJ48CA-E3-61/1119144,General Purpose,1,,5.2A,,-55°C ~ 150°C (TJ),400W,No,,TransZorb®,Zener,,53.3V,77.4V,48V
SMAJ5.0A,Littelfuse Inc.,TVS DIODE 5VWM 9.2VC DO214AC,tvs-diodes,130218,0.47,"DO-214AC, SMA",Surface Mount,Active,https://www.littelfuse.com/assetdocs/tvs-diodes-smaj-datasheet?assetguid=13c2a823-03b8-4d1f-9ddc-9b44670aed9d,https://www.digikey.com/en/products/detail/littelfuse-inc/SMAJ5-0A/762250,General Purpose,,,43.5A,,-65°C ~ 150°C (TJ),400W,No,,SMAJ,Zener,1,6.4V,9.2V,5V
SMAJ5.0A-E3/5A,Vishay General Semiconductor - Diodes Division,TVS DIODE 5VWM 9.2VC DO214AC,tvs-diodes,5816,0.52,"DO-214AC, SMA",Surface Mount,Active,https://www.vishay.com/docs/88390/smaj50a.pdf,https://www.digikey.com/en/products/detail/vishay-general-semiconductor-diodes-division/SMAJ5-0A-E3-5A/2147080,General Purpose,,,43.5A,,-55°C ~ 150°C (TJ),400W,No,,TransZorb®,Zener,1,6.4V,9.2V,5V
SMAJ5.0A-E3/61,Vishay General Semiconductor - Diodes Division,TVS DIODE 5VWM 9.2VC DO214AC,tvs-diodes,285853,0.47,"DO-214AC, SMA",Surface Mount,Active,https://www.vishay.com/docs/88390/smaj50a.pdf,https://www.digikey.com/en/products/detail/vishay-general-semiconductor-diodes-division/SMAJ5-0A-E3-61/1091511,General Purpose,,,43.5A,,-55°C ~ 150°C (TJ),400W,No,,TransZorb®,Zener,1,6.4V,9.2V,5V
SMAJ5.0A-TR,STMicroelectronics,TVS DIODE 5VWM 13.4VC DO214AC,tvs-diodes,41417,0.62,"DO-214AC, SMA",Surface Mount,Active,https://www.st.com/resource/en/datasheet/cd00001333.pdf,https://www.digikey.com/en/products/detail/stmicroelectronics/SMAJ5-0A-TR/634763,General Purpose,,,174A (8/20µs),,-55°C ~ 150°C (TJ),400W,No,,"SMAJ, TRANSIL™",Zener,1,6.4V,13.4V,5V
SMAJ5.0A/TR13,YAGEO,TVS DIODE 5VWM 9.2VC DO214AC,tvs-diodes,9724,0.37,"DO-214AC, SMA",Surface Mount,Active,https://yageogroup.com/content/datasheet/asset/file/SMAJ_1,https://www.digikey.com/en/products/detail/yageo/SMAJ5-0A-TR13/13689592,General Purpose,,,43.5A,,-55°C ~ 150°C (TJ),400W,No,,SMAJ,Zener,1,6.4V,9.2V,5V
SMAJ5.0CA,Littelfuse Inc.,TVS DIODE 5VWM 9.2VC DO214AC,tvs-diodes,14965,0.48,"DO-214AC, SMA",Surface Mount,Active,https://www.littelfuse.com/assetdocs/tvs-diodes-smaj-datasheet?assetguid=13c2a823-03b8-4d1f-9ddc-9b44670aed9d,https://www.digikey.com/en/products/detail/littelfuse-inc/SMAJ5-0CA/762251,General Purpose,1,,43.5A,,-65°C ~ 150°C (TJ),400W,No,,SMAJ,Zener,,6.4V,9.2V,5V
SMAJ5.0CA-13-F,Diodes Incorporated,TVS DIODE 5VWM 9.2VC SMA,tvs-diodes,79491,0.55,"DO-214AC, SMA",Surface Mount,Active,https://www.diodes.com/assets/Datasheets/SMAJ5.0CA-SMAJ200CA.pdf,https://www.digikey.com/en/products/detail/diodes-incorporated/SMAJ5-0CA-13-F/814798,General Purpose,1,,43.5A,,-55°C ~ 150°C (TJ),400W,No,,,Zener,,6.4V,9.2V,5V
SMAJ5.0CA-E3/5A,Vishay General Semiconductor - Diodes Division,TVS DIODE 5VWM 9.2VC DO214AC,tvs-diodes,8945,0.56,"DO-214AC, SMA",Surface Mount,Active,https://www.vishay.com/docs/88390/smaj50a.pdf,https://www.digikey.com/en/products/detail/vishay-general-semiconductor-diodes-division/SMAJ5-0CA-E3-5A/2147083,General Purpose,1,,43.5A,,-55°C ~ 150°C (TJ),400W,No,,TransZorb®,Zener,,6.4V,9.2V,5V
SMAJ5.0CA-E3/61,Vishay General Semiconductor - Diodes Division,TVS DIODE 5VWM 9.2VC DO214AC,tvs-diodes,143416,0.51,"DO-214AC, SMA",Surface Mount,Active,https://www.vishay.com/docs/88390/smaj50a.pdf,https://www.digikey.com/en/products/detail/vishay-general-semiconductor-diodes-division/SMAJ5-0CA-E3-61/1091512,General Purpose,1,,43.5A,,-55°C ~ 150°C (TJ),400W,No,,TransZorb®,Zener,,6.4V,9.2V,5V
SMAJ5.0CA/TR13,YAGEO,TVS DIODE 5VWM 9.2VC DO214AC,tvs-diodes,2467,0.37,"DO-214AC, SMA",Surface Mount,Active,https://yageogroup.com/content/datasheet/asset/file/SMAJ_1,https://www.digikey.com/en/products/detail/yageo/SMAJ5-0CA-TR13/13689501,General Purpose,1,,43.5A,,-55°C ~ 150°C (TJ),400W,No,,SMAJ,Zener,,6.4V,9.2V,5V
SMAJ51A,Littelfuse Inc.,TVS DIODE 51VWM 82.4VC DO214AC,tvs-diodes,48381,0.47,"DO-214AC, SMA",Surface Mount,Active,https://www.littelfuse.com/assetdocs/tvs-diodes-smaj-datasheet?assetguid=13c2a823-03b8-4d1f-9ddc-9b44670aed9d,https://www.digikey.com/en/products/detail/littelfuse-inc/SMAJ51A/762306,General Purpose,,,4.9A,,-55°C ~ 150°C,400W,Yes,,SMAJ,Zener,1,56.7V,82.4V,51V
SMAJ51A-13-F,Diodes Incorporated,TVS DIODE 51VWM 82.4VC SMA,tvs-diodes,25764,0.45,"DO-214AC, SMA",Surface Mount,Active,https://www.diodes.com/assets/Datasheets/SMAJ5.0CA-SMAJ200CA.pdf,https://www.digikey.com/en/products/detail/diodes-incorporated/SMAJ51A-13-F/1934269,General Purpose,,,4.9A,,-55°C ~ 150°C (TJ),400W,No,,,Zener,1,56.7V,82.4V,51V
SMAJ51CA,Littelfuse Inc.,TVS DIODE 51VWM 82.4VC DO214AC,tvs-diodes,10527,0.48,"DO-214AC, SMA",Surface Mount,Active,https://www.littelfuse.com/assetdocs/tvs-diodes-smaj-datasheet?assetguid=13c2a823-03b8-4d1f-9ddc-9b44670aed9d,https://www.digikey.com/en/products/detail/littelfuse-inc/SMAJ51CA/762307,General Purpose,1,,4.9A,,-55°C ~ 150°C,400W,Yes,,SMAJ,Zener,,56.7V,82.4V,51V
SMAJ51CA-E3/61,Vishay General Semiconductor - Diodes Division,TVS DIODE 51VWM 82.4VC DO214AC,tvs-diodes,7615,0.56,"DO-214AC, SMA",Surface Mount,Active,https://www.vishay.com/docs/88390/smaj50a.pdf,https://www.digikey.com/en/products/detail/vishay-general-semiconductor-diodes-division/SMAJ51CA-E3-61/1119149,General Purpose,1,,4.9A,,-55°C ~ 150°C (TJ),400W,No,,TransZorb®,Zener,,56.7V,82.4V,51V
SMAJ54A,Littelfuse Inc.,TVS DIODE 54VWM 87.1VC DO214AC,tvs-diodes,60896,0.48,"DO-214AC, SMA",Surface Mount,Active,https://www.littelfuse.com/assetdocs/tvs-diodes-smaj-datasheet?assetguid=13c2a823-03b8-4d1f-9ddc-9b44670aed9d,https://www.digikey.com/en/products/detail/littelfuse-inc/SMAJ54A/762308,General Purpose,,,4.6A,,-55°C ~ 150°C,400W,Yes,,SMAJ,Zener,1,60V,87.1V,54V
SMAJ54CA,Bourns Inc.,TVS DIODE 54VWM 87.1VC DO214AC,tvs-diodes,15045,0.58,"DO-214AC, SMA",Surface Mount,Active,https://www.bourns.com/docs/Product-Datasheets/SMAJ.pdf,https://www.digikey.com/en/products/detail/bourns-inc/SMAJ54CA/2254694,General Purpose,1,,4.6A,,-55°C ~ 150°C (TJ),400W,No,,SMAJ,Zener,,60V,87.1V,54V
SMAJ54CA-E3/61,Vishay General Semiconductor - Diodes Division,TVS DIODE 54VWM 87.1VC DO214AC,tvs-diodes,4989,0.56,"DO-214AC, SMA",Surface Mount,Active,https://www.vishay.com/docs/88390/smaj50a.pdf,https://www.digikey.com/en/products/detail/vishay-general-semiconductor-diodes-division/SMAJ54CA-E3-61/1119153,General Purpose,1,,4.6A,,-55°C ~ 150°C (TJ),400W,No,,TransZorb®,Zener,,60V,87.1V,54V
SMAJ58A,Littelfuse Inc.,TVS DIODE 58VWM 93.6VC DO214AC,tvs-diodes,6123,0.47,"DO-214AC, SMA",Surface Mount,Active,https://www.littelfuse.com/assetdocs/tvs-diodes-smaj-datasheet?assetguid=13c2a823-03b8-4d1f-9ddc-9b44670aed9d,https://www.digikey.com/en/products/detail/littelfuse-inc/SMAJ58A/762310,General Purpose,,,4.3A,,-55°C ~ 150°C,400W,Yes,,SMAJ,Zener,1,64.4V,93.6V,58V
SMAJ58A-13-F,Diodes Incorporated,TVS DIODE 58VWM 93.6VC SMA,tvs-diodes,146278,0.5,"DO-214AC, SMA",Surface Mount,Active,https://www.diodes.com/assets/Datasheets/SMAJ5.0CA-SMAJ200CA.pdf,https://www.digikey.com/en/products/detail/diodes-incorporated/SMAJ58A-13-F/1934273,General Purpose,,,4.3A,,-55°C ~ 150°C (TJ),400W,No,,,Zener,1,64.4V,93.6V,58V
SMAJ58A-E3/61,Vishay General Semiconductor - Diodes Division,TVS DIODE 58VWM 93.6VC DO214AC,tvs-diodes,66403,0.48,"DO-214AC, SMA",Surface Mount,Active,https://www.vishay.com/docs/88390/smaj50a.pdf,https://www.digikey.com/en/products/detail/vishay-general-semiconductor-diodes-division/SMAJ58A-E3-61/1119156,General Purpose,,,4.3A,,-55°C ~ 150°C (TJ),400W,No,,TransZorb®,Zener,1,64.4V,93.6V,58V
SMAJ58A-TP,MCC (Micro Commercial Components),TVS DIODE 58VWM 93.6VC DO214AC,tvs-diodes,15505,0.37,"DO-214AC, SMA",Surface Mount,Active,https://www.mccsemi.com/pdf/Products/SMAJ5.0A-SMAJ440CA(SMA).pdf,https://www.digikey.com/en/products/detail/mcc-micro-commercial-components/SMAJ58A-TP/1959196,General Purpose,,,4.3A,,-55°C ~ 175°C (TA),400W,No,,,Zener,1,64.4V,93.6V,58V
SMAJ58A/TR13,YAGEO,TVS DIODE 58VWM 93.6VC DO214AC,tvs-diodes,2367,0.13,"DO-214AC, SMA",Surface Mount,Active,https://yageogroup.com/content/datasheet/asset/file/SMAJ_1,https://www.digikey.com/en/products/detail/yageo/SMAJ58A-TR13/15855767,General Purpose,,,4.3A,,-55°C ~ 150°C (TJ),400W,No,,SMAJ,Zener,1,64.4V,93.6V,58V
SMAJ58CA,Littelfuse Inc.,TVS DIODE 58VWM 93.6VC DO214AC,tvs-diodes,63956,0.48,"DO-214AC, SMA",Surface Mount,Active,https://www.littelfuse.com/assetdocs/tvs-diodes-smaj-datasheet?assetguid=13c2a823-03b8-4d1f-9ddc-9b44670aed9d,https://www.digikey.com/en/products/detail/littelfuse-inc/SMAJ58CA/762311,General Purpose,1,,4.3A,,-55°C ~ 150°C,400W,Yes,,SMAJ,Zener,,64.4V,93.6V,58V
SMAJ58CA-13-F,Diodes Incorporated,TVS DIODE 58VWM 93.6VC SMA,tvs-diodes,92544,0.55,"DO-214AC, SMA",Surface Mount,Active,https://www.diodes.com/assets/Datasheets/SMAJ5.0CA-SMAJ200CA.pdf,https://www.digikey.com/en/products/detail/diodes-incorporated/SMAJ58CA-13-F/1934274,General Purpose,1,,4.3A,,-55°C ~ 150°C (TJ),400W,No,,,Zener,,64.4V,93.6V,58V
SMAJ58CA-E3/61,Vishay General Semiconductor - Diodes Division,TVS DIODE 58VWM 93.6VC DO214AC,tvs-diodes,1453,0.56,"DO-214AC, SMA",Surface Mount,Active,https://www.vishay.com/docs/88390/smaj50a.pdf,https://www.digikey.com/en/products/detail/vishay-general-semiconductor-diodes-division/SMAJ58CA-E3-61/1119157,General Purpose,1,,4.3A,,-55°C ~ 150°C (TJ),400W,No,,TransZorb®,Zener,,64.4V,93.6V,58V
SMAJ6.0A,Littelfuse Inc.,TVS DIODE 6VWM 10.3VC DO214AC,tvs-diodes,65048,0.47,"DO-214AC, SMA",Surface Mount,Active,https://www.littelfuse.com/assetdocs/tvs-diodes-smaj-datasheet?assetguid=13c2a823-03b8-4d1f-9ddc-9b44670aed9d,https://www.digikey.com/en/products/detail/littelfuse-inc/SMAJ6-0A/762252,General Purpose,,,38.8A,,-65°C ~ 150°C (TJ),400W,No,,SMAJ,Zener,1,6.67V,10.3V,6V
SMAJ6.0A-13-F,Diodes Incorporated,TVS DIODE 6VWM 10.3VC SMA,tvs-diodes,214704,0.5,"DO-214AC, SMA",Surface Mount,Active,https://www.diodes.com/assets/Datasheets/SMAJ5.0CA-SMAJ200CA.pdf,https://www.digikey.com/en/products/detail/diodes-incorporated/SMAJ6-0A-13-F/768799,General Purpose,,,38.8A,,-55°C ~ 150°C (TJ),400W,No,,,Zener,1,6.67V,10.3V,6V
SMAJ6.0A-E3/61,Vishay General Semiconductor - Diodes Division,TVS DIODE 6VWM 10.3VC DO214AC,tvs-diodes,14942,0.47,"DO-214AC, SMA",Surface Mount,Active,https://www.vishay.com/docs/88390/smaj50a.pdf,https://www.digikey.com/en/products/detail/vishay-general-semiconductor-diodes-division/SMAJ6-0A-E3-61/1119158,General Purpose,,,38.8A,,-55°C ~ 150°C (TJ),400W,No,,TransZorb®,Zener,1,6.67V,10.3V,6V
SMAJ6.0CA,Littelfuse Inc.,TVS DIODE 6VWM 10.3VC DO214AC,tvs-diodes,4613,0.48,"DO-214AC, SMA",Surface Mount,Active,https://www.littelfuse.com/assetdocs/tvs-diodes-smaj-datasheet?assetguid=13c2a823-03b8-4d1f-9ddc-9b44670aed9d,https://www.digikey.com/en/products/detail/littelfuse-inc/SMAJ6-0CA/762253,General Purpose,1,,38.8A,,-65°C ~ 150°C (TJ),400W,No,,SMAJ,Zener,,6.67V,10.3V,6V
SMAJ6.0CA-13-F,Diodes Incorporated,TVS DIODE 6VWM 10.3VC SMA,tvs-diodes,143323,0.55,"DO-214AC, SMA",Surface Mount,Active,https://www.diodes.com/assets/Datasheets/SMAJ5.0CA-SMAJ200CA.pdf,https://www.digikey.com/en/products/detail/diodes-incorporated/SMAJ6-0CA-13-F/724968,General Purpose,1,,38.8A,,-55°C ~ 150°C (TJ),400W,No,,,Zener,,6.67V,10.3V,6V
SMAJ6.0CA-E3/61,Vishay General Semiconductor - Diodes Division,TVS DIODE 6VWM 10.3VC DO214AC,tvs-diodes,5340,0.56,"DO-214AC, SMA",Surface Mount,Active,https://www.vishay.com/docs/88390/smaj50a.pdf,https://www.digikey.com/en/products/detail/vishay-general-semiconductor-diodes-division/SMAJ6-0CA-E3-61/1119159,General Purpose,1,,38.8A,,-55°C ~ 150°C (TJ),400W,No,,TransZorb®,Zener,,6.67V,10.3V,6V
SMAJ6.5A,Littelfuse Inc.,TVS DIODE 6.5VWM 11.2V DO214AC,tvs-diodes,24553,0.49,"DO-214AC, SMA",Surface Mount,Active,https://www.littelfuse.com/assetdocs/tvs-diodes-smaj-datasheet?assetguid=13c2a823-03b8-4d1f-9ddc-9b44670aed9d,https://www.digikey.com/en/products/detail/littelfuse-inc/SMAJ6-5A/762254,General Purpose,,,35.7A,,-65°C ~ 150°C (TJ),400W,No,,SMAJ,Zener,1,7.22V,11.2V,6.5V
SMAJ6.5A-13-F,Diodes Incorporated,TVS DIODE 6.5VWM 11.2VC SMA,tvs-diodes,180699,0.5,"DO-214AC, SMA",Surface Mount,Active,https://www.diodes.com/assets/Datasheets/SMAJ5.0CA-SMAJ200CA.pdf,https://www.digikey.com/en/products/detail/diodes-incorporated/SMAJ6-5A-13-F/814810,General Purpose,,,35.7A,,-55°C ~ 150°C (TJ),400W,No,,,Zener,1,7.22V,11.2V,6.5V
SMAJ6.5CA,Littelfuse Inc.,TVS DIODE 6.5VWM 11.2V DO214AC,tvs-diodes,38974,0.48,"DO-214AC, SMA",Surface Mount,Active,https://www.littelfuse.com/assetdocs/tvs-diodes-smaj-datasheet?assetguid=13c2a823-03b8-4d1f-9ddc-9b44670aed9d,https://www.digikey.com/en/products/detail/littelfuse-inc/SMAJ6-5CA/762255,General Purpose,1,,35.7A,,-65°C ~ 150°C (TJ),400W,No,,SMAJ,Zener,,7.22V,11.2V,6.5V
SMAJ6.5CA-13-F,Diodes Incorporated,TVS DIODE 6.5VWM 11.2VC SMA,tvs-diodes,20662,0.49,"DO-214AC, SMA",Surface Mount,Active,https://www.diodes.com/assets/Datasheets/SMAJ5.0CA-SMAJ200CA.pdf,https://www.digikey.com/en/products/detail/diodes-incorporated/SMAJ6-5CA-13-F/814809,General Purpose,1,,35.7A,,-55°C ~ 150°C (TJ),400W,No,,,Zener,,7.22V,11.2V,6.5V
SMAJ60A,Bourns Inc.,TVS DIODE 60VWM 96.8VC DO214AC,tvs-diodes,7873,0.52,"DO-214AC, SMA",Surface Mount,Active,https://www.bourns.com/docs/Product-Datasheets/SMAJ.pdf,https://www.digikey.com/en/products/detail/bourns-inc/SMAJ60A/2253429,General Purpose,,,4.1A,,-55°C ~ 150°C,400W,Yes,,SMAJ,Zener,1,66.7V,96.8V,60V
SMAJ60A-13-F,Diodes Incorporated,TVS DIODE 60VWM 96.8VC SMA,tvs-diodes,18003,0.5,"DO-214AC, SMA",Surface Mount,Active,https://www.diodes.com/assets/Datasheets/SMAJ5.0CA-SMAJ200CA.pdf,https://www.digikey.com/en/products/detail/diodes-incorporated/SMAJ60A-13-F/775846,General Purpose,,,4.1A,,-55°C ~ 150°C (TJ),400W,No,,,Zener,1,66.7V,96.8V,60V
SMAJ60A-E3/61,Vishay General Semiconductor - Diodes Division,TVS DIODE 60VWM 96.8VC DO214AC,tvs-diodes,9031,0.52,"DO-214AC, SMA",Surface Mount,Active,https://www.vishay.com/docs/88390/smaj50a.pdf,https://www.digikey.com/en/products/detail/vishay-general-semiconductor-diodes-division/SMAJ60A-E3-61/1119165,General Purpose,,,4.1A,,-55°C ~ 150°C (TJ),400W,No,,TransZorb®,Zener,1,66.7V,96.8V,60V
SMAJ60CA,Littelfuse Inc.,TVS DIODE 60VWM 96.8VC DO214AC,tvs-diodes,319108,0.48,"DO-214AC, SMA",Surface Mount,Active,https://www.littelfuse.com/assetdocs/tvs-diodes-smaj-datasheet?assetguid=13c2a823-03b8-4d1f-9ddc-9b44670aed9d,https://www.digikey.com/en/products/detail/littelfuse-inc/SMAJ60CA/762313,General Purpose,1,,4.1A,,-65°C ~ 150°C (TJ),400W,No,,SMAJ,Zener,,66.7V,96.8V,60V
SMAJ60CA-13-F,Diodes Incorporated,TVS DIODE 60VWM 96.8VC SMA,tvs-diodes,9928,0.55,"DO-214AC, SMA",Surface Mount,Active,https://www.diodes.com/assets/Datasheets/SMAJ5.0CA-SMAJ200CA.pdf,https://www.digikey.com/en/products/detail/diodes-incorporated/SMAJ60CA-13-F/765427,General Purpose,1,,4.1A,,-55°C ~ 150°C (TJ),400W,No,,,Zener,,66.7V,96.8V,60V
SMAJ60CA-E3/61,Vishay General Semiconductor - Diodes Division,TVS DIODE 60VWM 96.8VC DO214AC,tvs-diodes,5780,0.56,"DO-214AC, SMA",Surface Mount,Active,https://www.vishay.com/docs/88390/smaj50a.pdf,https://www.digikey.com/en/products/detail/vishay-general-semiconductor-diodes-division/SMAJ60CA-E3-61/1119166,General Purpose,1,,4.1A,,-55°C ~ 150°C (TJ),400W,No,,TransZorb®,Zener,,66.7V,96.8V,60V
SMAJ64A,Littelfuse Inc.,TVS DIODE 64VWM 103VC DO214AC,tvs-diodes,23312,0.48,"DO-214AC, SMA",Surface Mount,Active,https://www.littelfuse.com/assetdocs/tvs-diodes-smaj-datasheet?assetguid=13c2a823-03b8-4d1f-9ddc-9b44670aed9d,https://www.digikey.com/en/products/detail/littelfuse-inc/SMAJ64A/762314,General Purpose,,,3.9A,,-55°C ~ 150°C,400W,Yes,,SMAJ,Zener,1,71.1V,103V,64V
SMAJ64CA,Littelfuse Inc.,TVS DIODE 64VWM 103VC DO214AC,tvs-diodes,10049,0.48,"DO-214AC, SMA",Surface Mount,Active,https://www.littelfuse.com/assetdocs/tvs-diodes-smaj-datasheet?assetguid=13c2a823-03b8-4d1f-9ddc-9b44670aed9d,https://www.digikey.com/en/products/detail/littelfuse-inc/SMAJ64CA/762315,General Purpose,1,,3.9A,,-55°C ~ 150°C,400W,Yes,,SMAJ,Zener,,71.1V,103V,64V
SMAJ7.0A,Littelfuse Inc.,TVS DIODE 7VWM 12VC DO214AC,tvs-diodes,29220,0.47,"DO-214AC, SMA",Surface Mount,Active,https://www.littelfuse.com/assetdocs/tvs-diodes-smaj-datasheet?assetguid=13c2a823-03b8-4d1f-9ddc-9b44670aed9d,https://www.digikey.com/en/products/detail/littelfuse-inc/SMAJ7-0A/762256,General Purpose,,,33.3A,,-65°C ~ 150°C (TJ),400W,No,,SMAJ,Zener,1,7.78V,12V,7V
SMAJ7.0A-13-F,Diodes Incorporated,TVS DIODE 7VWM 12VC SMA,tvs-diodes,56914,0.45,"DO-214AC, SMA",Surface Mount,Active,https://www.diodes.com/assets/Datasheets/SMAJ5.0CA-SMAJ200CA.pdf,https://www.digikey.com/en/products/detail/diodes-incorporated/SMAJ7-0A-13-F/724970,General Purpose,,,33.3A,,-55°C ~ 150°C (TJ),400W,No,,,Zener,1,7.78V,12V,7V
SMAJ7.0A-E3/61,Vishay General Semiconductor - Diodes Division,TVS DIODE 7VWM 12VC DO214AC,tvs-diodes,1097,0.52,"DO-214AC, SMA",Surface Mount,Active,https://www.vishay.com/docs/88390/smaj50a.pdf,https://www.digikey.com/en/products/detail/vishay-general-semiconductor-diodes-division/SMAJ7-0A-E3-61/1119171,General Purpose,,,33.3A,,-55°C ~ 150°C (TJ),400W,No,,TransZorb®,Zener,1,7.78V,12V,7V
SMAJ7.0CA,Littelfuse Inc.,TVS DIODE 7VWM 12VC DO214AC,tvs-diodes,110993,0.48,"DO-214AC, SMA",Surface Mount,Active,https://www.littelfuse.com/assetdocs/tvs-diodes-smaj-datasheet?assetguid=13c2a823-03b8-4d1f-9ddc-9b44670aed9d,https://www.digikey.com/en/products/detail/littelfuse-inc/SMAJ7-0CA/762257,General Purpose,1,,33.3A,,-65°C ~ 150°C (TJ),400W,No,,SMAJ,Zener,,7.78V,12V,7V
SMAJ7.0CA-13-F,Diodes Incorporated,TVS DIODE 7VWM 12VC SMA,tvs-diodes,71005,0.49,"DO-214AC, SMA",Surface Mount,Active,https://www.diodes.com/assets/Datasheets/SMAJ5.0CA-SMAJ200CA.pdf,https://www.digikey.com/en/products/detail/diodes-incorporated/SMAJ7-0CA-13-F/775847,General Purpose,1,,33.3A,,-55°C ~ 150°C (TJ),400W,No,,,Zener,,7.78V,12V,7V
SMAJ7.5A,Littelfuse Inc.,TVS DIODE 7.5VWM 12.9V DO214AC,tvs-diodes,8706,0.49,"DO-214AC, SMA",Surface Mount,Active,https://www.littelfuse.com/assetdocs/tvs-diodes-smaj-datasheet?assetguid=13c2a823-03b8-4d1f-9ddc-9b44670aed9d,https://www.digikey.com/en/products/detail/littelfuse-inc/SMAJ7-5A/762258,General Purpose,,,31A,,-65°C ~ 150°C (TJ),400W,No,,SMAJ,Zener,1,8.33V,12.9V,7.5V
SMAJ70A,Littelfuse Inc.,TVS DIODE 70VWM 113VC DO214AC,tvs-diodes,7958,0.48,"DO-214AC, SMA",Surface Mount,Active,https://www.littelfuse.com/assetdocs/tvs-diodes-smaj-datasheet?assetguid=13c2a823-03b8-4d1f-9ddc-9b44670aed9d,https://www.digikey.com/en/products/detail/littelfuse-inc/SMAJ70A/762316,General Purpose,,,3.5A,,-65°C ~ 150°C (TJ),400W,No,,SMAJ,Zener,1,77.8V,113V,70V
SMAJ70A-13-F,Diodes Incorporated,TVS DIODE 70VWM 113VC SMA,tvs-diodes,168663,0.45,"DO-214AC, SMA",Surface Mount,Active,https://www.diodes.com/assets/Datasheets/SMAJ5.0CA-SMAJ200CA.pdf,https://www.digikey.com/en/products/detail/diodes-incorporated/SMAJ70A-13-F/724969,General Purpose,,,3.5A,,-55°C ~ 150°C (TJ),400W,No,,,Zener,1,77.8V,113V,70V
SMAJ70CA,Littelfuse Inc.,TVS DIODE 70VWM 113VC DO214AC,tvs-diodes,11842,0.48,"DO-214AC, SMA",Surface Mount,Active,https://www.littelfuse.com/assetdocs/tvs-diodes-smaj-datasheet?assetguid=13c2a823-03b8-4d1f-9ddc-9b44670aed9d,https://www.digikey.com/en/products/detail/littelfuse-inc/SMAJ70CA/762317,General Purpose,1,,3.5A,,-55°C ~ 150°C,400W,Yes,,SMAJ,Zener,,77.8V,113V,70V
SMAJ70CA-13-F,Diodes Incorporated,TVS DIODE 70VWM 113VC SMA,tvs-diodes,9900,0.57,"DO-214AC, SMA",Surface Mount,Active,https://www.diodes.com/assets/Datasheets/SMAJ5.0CA-SMAJ200CA.pdf,https://www.digikey.com/en/products/detail/diodes-incorporated/SMAJ70CA-13-F/814808,General Purpose,1,,3.5A,,-55°C ~ 150°C (TJ),400W,No,,,Zener,,77.8V,113V,70V
SMAJ75A,Littelfuse Inc.,TVS DIODE 75VWM 121VC DO214AC,tvs-diodes,4488,0.48,"DO-214AC, SMA",Surface Mount,Active,https://www.littelfuse.com/assetdocs/tvs-diodes-smaj-datasheet?assetguid=13c2a823-03b8-4d1f-9ddc-9b44670aed9d,https://www.digikey.com/en/products/detail/littelfuse-inc/SMAJ75A/762318,General Purpose,,,3.3A,,-55°C ~ 150°C,400W,Yes,,SMAJ,Zener,1,83.3V,121V,75V
SMAJ75CA-13-F,Diodes Incorporated,TVS DIODE 75VWM 121VC SMA,tvs-diodes,31495,0.57,"DO-214AC, SMA",Surface Mount,Active,https://www.diodes.com/assets/Datasheets/SMAJ5.0CA-SMAJ200CA.pdf,https://www.digikey.com/en/products/detail/diodes-incorporated/SMAJ75CA-13-F/765428,General Purpose,1,,3.3A,,-55°C ~ 150°C (TJ),400W,No,,,Zener,,83.3V,121V,75V
SMAJ78A,Littelfuse Inc.,TVS DIODE 78VWM 126VC DO214AC,tvs-diodes,2209,0.48,"DO-214AC, SMA",Surface Mount,Active,https://www.littelfuse.com/assetdocs/tvs-diodes-smaj-datasheet?assetguid=13c2a823-03b8-4d1f-9ddc-9b44670aed9d,https://www.digikey.com/en/products/detail/littelfuse-inc/SMAJ78A/762320,General Purpose,,,3.2A,,-55°C ~ 150°C,400W,Yes,,SMAJ,Zener,1,86.7V,126V,78V
SMAJ78CA,Littelfuse Inc.,TVS DIODE 78VWM 126VC DO214AC,tvs-diodes,3823,0.48,"DO-214AC, SMA",Surface Mount,Active,https://www.littelfuse.com/assetdocs/tvs-diodes-smaj-datasheet?assetguid=13c2a823-03b8-4d1f-9ddc-9b44670aed9d,https://www.digikey.com/en/products/detail/littelfuse-inc/SMAJ78CA/762321,General Purpose,1,,3.2A,,-65°C ~ 150°C (TJ),400W,No,,SMAJ,Zener,,86.7V,126V,78V
SMAJ8.0A,Littelfuse Inc.,TVS DIODE 8VWM 13.6VC DO214AC,tvs-diodes,16058,0.49,"DO-214AC, SMA",Surface Mount,Active,https://www.littelfuse.com/assetdocs/tvs-diodes-smaj-datasheet?assetguid=13c2a823-03b8-4d1f-9ddc-9b44670aed9d,https://www.digikey.com/en/products/detail/littelfuse-inc/SMAJ8-0A/762260,General Purpose,,,29.4A,,-65°C ~ 150°C (TJ),400W,No,,SMAJ,Zener,1,8.89V,13.6V,8V
SMAJ8.0CA,Littelfuse Inc.,TVS DIODE 8VWM 13.6VC DO214AC,tvs-diodes,1978,0.48,"DO-214AC, SMA",Surface Mount,Active,https://www.littelfuse.com/assetdocs/tvs-diodes-smaj-datasheet?assetguid=13c2a823-03b8-4d1f-9ddc-9b44670aed9d,https://www.digikey.com/en/products/detail/littelfuse-inc/SMAJ8-0CA/762261,General Purpose,1,,29.4A,,-65°C ~ 150°C (TJ),400W,No,,SMAJ,Zener,,8.89V,13.6V,8V
SMAJ8.5A-13-F,Diodes Incorporated,TVS DIODE 8.5VWM 14.4VC SMA,tvs-diodes,8184,0.5,"DO-214AC, SMA",Surface Mount,Active,https://www.diodes.com/assets/Datasheets/SMAJ5.0CA-SMAJ200CA.pdf,https://www.digikey.com/en/products/detail/diodes-incorporated/SMAJ8-5A-13-F/775751,General Purpose,,,27.7A,,-55°C ~ 150°C (TJ),400W,No,,,Zener,1,9.44V,14.4V,8.5V
SMAJ8.5CA,Littelfuse Inc.,TVS DIODE 8.5VWM 14.4V DO214AC,tvs-diodes,12188,0.48,"DO-214AC, SMA",Surface Mount,Active,https://www.littelfuse.com/assetdocs/tvs-diodes-smaj-datasheet?assetguid=13c2a823-03b8-4d1f-9ddc-9b44670aed9d,https://www.digikey.com/en/products/detail/littelfuse-inc/SMAJ8-5CA/762263,General Purpose,1,,27.8A,,-65°C ~ 150°C (TJ),400W,No,,SMAJ,Zener,,9.44V,14.4V,8.5V
SMAJ85A,Littelfuse Inc.,TVS DIODE 85VWM 137VC DO214AC,tvs-diodes,7501,0.48,"DO-214AC, SMA",Surface Mount,Active,https://www.littelfuse.com/assetdocs/tvs-diodes-smaj-datasheet?assetguid=13c2a823-03b8-4d1f-9ddc-9b44670aed9d,https://www.digikey.com/en/products/detail/littelfuse-inc/SMAJ85A/762322,General Purpose,,,2.9A,,-65°C ~ 150°C (TJ),400W,No,,SMAJ,Zener,1,94.4V,137V,85V
SMAJ9.0A,Bourns Inc.,TVS DIODE 9VWM 15.4VC DO214AC,tvs-diodes,13205,0.52,"DO-214AC, SMA",Surface Mount,Active,https://www.bourns.com/docs/Product-Datasheets/SMAJ.pdf,https://www.digikey.com/en/products/detail/bourns-inc/SMAJ9-0A/2254752,General Purpose,,,26A,,-55°C ~ 150°C (TJ),400W,No,,SMAJ,Zener,1,10V,15.4V,9V
SMAJ9.0A-13-F,Diodes Incorporated,TVS DIODE 9VWM 15.4VC SMA,tvs-diodes,25480,0.5,"DO-214AC, SMA",Surface Mount,Active,https://www.diodes.com/assets/Datasheets/SMAJ5.0CA-SMAJ200CA.pdf,https://www.digikey.com/en/products/detail/diodes-incorporated/SMAJ9-0A-13-F/775752,General Purpose,,,26A,,-55°C ~ 150°C (TJ),400W,No,,,Zener,1,10V,15.4V,9V
SMAJ9.0CA,Littelfuse Inc.,TVS DIODE 9VWM 15.4VC DO214AC,tvs-diodes,22612,0.48,"DO-214AC, SMA",Surface Mount,Active,https://www.littelfuse.com/assetdocs/tvs-diodes-smaj-datasheet?assetguid=13c2a823-03b8-4d1f-9ddc-9b44670aed9d,https://www.digikey.com/en/products/detail/littelfuse-inc/SMAJ9-0CA/762265,General Purpose,1,,26A,,-65°C ~ 150°C (TJ),400W,No,,SMAJ,Zener,,10V,15.4V,9V
SMAJ90A,Littelfuse Inc.,TVS DIODE 90VWM 146VC DO214AC,tvs-diodes,86390,0.48,"DO-214AC, SMA",Surface Mount,Active,https://www.littelfuse.com/assetdocs/tvs-diodes-smaj-datasheet?assetguid=13c2a823-03b8-4d1f-9ddc-9b44670aed9d,https://www.digikey.com/en/products/detail/littelfuse-inc/SMAJ90A/762324,General Purpose,,,2.7A,,-55°C ~ 150°C,400W,Yes,,SMAJ,Zener,1,100V,146V,90V
SMAJ90CA,Littelfuse Inc.,TVS DIODE 90VWM 146VC DO214AC,tvs-diodes,3936,0.48,"DO-214AC, SMA",Surface Mount,Active,https://www.littelfuse.com/assetdocs/tvs-diodes-smaj-datasheet?assetguid=13c2a823-03b8-4d1f-9ddc-9b44670aed9d,https://www.digikey.com/en/products/detail/littelfuse-inc/SMAJ90CA/762325,General Purpose,1,,2.7A,,-65°C ~ 150°C (TJ),400W,No,,SMAJ,Zener,,100V,146V,90V
SMAT70A-13-F,Diodes Incorporated,TVS DIODE 70VWM 100VC SMA,tvs-diodes,29633,1.12,"DO-214AC, SMA",Surface Mount,Active,https://www.diodes.com/assets/Datasheets/ds30213.pdf,https://www.digikey.com/en/products/detail/diodes-incorporated/SMAT70A-13-F/804884,General Purpose,,140pF @ 1MHz,3.5A,,-55°C ~ 150°C (TJ),400W,No,,,Zener,1,77.8V,100V,70V
SMBJ100A,Littelfuse Inc.,TVS DIODE 100VWM 162VC DO214AA,tvs-diodes,7115,0.54,"DO-214AA, SMB",Surface Mount,Active,https://www.littelfuse.com/assetdocs/tvs-diodes-smbj-series-datasheet?assetguid=ba555e99-a12d-4f72-a0b6-86b06c67171e,https://www.digikey.com/en/products/detail/littelfuse-inc/SMBJ100A/688299,General Purpose,,,3.7A,,-65°C ~ 150°C (TJ),600W,No,,SMBJ,Zener,1,111V,162V,100V
SMBJ100CA,Littelfuse Inc.,TVS DIODE 100VWM 162VC DO214AA,tvs-diodes,12083,0.58,"DO-214AA, SMB",Surface Mount,Active,https://www.littelfuse.com/assetdocs/tvs-diodes-smbj-series-datasheet?assetguid=ba555e99-a12d-4f72-a0b6-86b06c67171e,https://www.digikey.com/en/products/detail/littelfuse-inc/SMBJ100CA/688300,General Purpose,1,,3.7A,,-65°C ~ 150°C (TJ),600W,No,,SMBJ,Zener,,111V,162V,100V
SMBJ10A,Littelfuse Inc.,TVS DIODE 10VWM 17VC DO214AA,tvs-diodes,19781,0.5,"DO-214AA, SMB",Surface Mount,Active,https://www.littelfuse.com/assetdocs/tvs-diodes-smbj-series-datasheet?assetguid=ba555e99-a12d-4f72-a0b6-86b06c67171e,https://www.digikey.com/en/products/detail/littelfuse-inc/SMBJ10A/285966,General Purpose,,,35.3A,,-65°C ~ 150°C (TJ),600W,No,,SMBJ,Zener,1,11.1V,17V,10V
SMBJ10A-13-F,Diodes Incorporated,TVS DIODE 10VWM 17VC SMB,tvs-diodes,147050,0.57,"DO-214AA, SMB",Surface Mount,Active,https://www.diodes.com/assets/Datasheets/ds19002.pdf,https://www.digikey.com/en/products/detail/diodes-incorporated/SMBJ10A-13-F/814765,General Purpose,,,35.3A,,-55°C ~ 150°C (TJ),600W,No,,SMBJ,Zener,1,11.1V,17V,10V
SMBJ10A-E3/52,Vishay General Semiconductor - Diodes Division,TVS DIODE 10VWM 17VC DO214AA,tvs-diodes,6557,0.56,"DO-214AA, SMB",Surface Mount,Active,https://www.vishay.com/docs/88392/smbj.pdf,https://www.digikey.com/en/products/detail/vishay-general-semiconductor-diodes-division/SMBJ10A-E3-52/1119202,General Purpose,,,35.3A,,-55°C ~ 150°C (TJ),600W,No,,TransZorb®,Zener,1,11.1V,17V,10V
SMBJ10CA,Littelfuse Inc.,TVS DIODE 10VWM 17VC DO214AA,tvs-diodes,26499,0.54,"DO-214AA, SMB",Surface Mount,Active,https://www.littelfuse.com/assetdocs/tvs-diodes-smbj-series-datasheet?assetguid=ba555e99-a12d-4f72-a0b6-86b06c67171e,https://www.digikey.com/en/products/detail/littelfuse-inc/SMBJ10CA/285968,General Purpose,1,,35.3A,,-65°C ~ 150°C (TJ),600W,No,,SMBJ,Zener,,11.1V,17V,10V
SMBJ110A,Bourns Inc.,TVS DIODE 110VWM 177VC DO214AA,tvs-diodes,28304,0.58,"DO-214AA, SMB",Surface Mount,Active,https://www.bourns.com/docs/Product-Datasheets/SMBJ.pdf,https://www.digikey.com/en/products/detail/bourns-inc/SMBJ110A/2254634,General Purpose,,,3.4A,,-55°C ~ 150°C (TJ),600W,No,,SMBJ,Zener,1,122V,177V,110V
SMBJ11A,Littelfuse Inc.,TVS DIODE 11VWM 18.2VC DO214AA,tvs-diodes,29226,0.5,"DO-214AA, SMB",Surface Mount,Active,https://www.littelfuse.com/assetdocs/tvs-diodes-smbj-series-datasheet?assetguid=ba555e99-a12d-4f72-a0b6-86b06c67171e,https://www.digikey.com/en/products/detail/littelfuse-inc/SMBJ11A/688272,General Purpose,,,33A,,-65°C ~ 150°C (TJ),600W,No,,SMBJ,Zener,1,12.2V,18.2V,11V
SMBJ11CA,Littelfuse Inc.,TVS DIODE 11VWM 18.2VC DO214AA,tvs-diodes,21509,0.54,"DO-214AA, SMB",Surface Mount,Active,https://www.littelfuse.com/assetdocs/tvs-diodes-smbj-series-datasheet?assetguid=ba555e99-a12d-4f72-a0b6-86b06c67171e,https://www.digikey.com/en/products/detail/littelfuse-inc/SMBJ11CA/688273,General Purpose,1,,33A,,-65°C ~ 150°C (TJ),600W,No,,SMBJ,Zener,,12.2V,18.2V,11V
SMBJ120A,Littelfuse Inc.,TVS DIODE 120VWM 193VC DO214AA,tvs-diodes,13770,0.54,"DO-214AA, SMB",Surface Mount,Active,https://www.littelfuse.com/assetdocs/tvs-diodes-smbj-series-datasheet?assetguid=ba555e99-a12d-4f72-a0b6-86b06c67171e,https://www.digikey.com/en/products/detail/littelfuse-inc/SMBJ120A/688303,General Purpose,,,3.1A,,-65°C ~ 150°C (TJ),600W,No,,SMBJ,Zener,1,133V,193V,120V
SMBJ120A-13-F,Diodes Incorporated,TVS DIODE 120VWM 193VC SMB,tvs-diodes,71960,0.53,"DO-214AA, SMB",Surface Mount,Active,https://www.diodes.com/assets/Datasheets/ds19002.pdf,https://www.digikey.com/en/products/detail/diodes-incorporated/SMBJ120A-13-F/814761,General Purpose,,,3.1A,,-55°C ~ 150°C (TJ),600W,No,,SMBJ,Zener,1,133V,193V,120V
SMBJ120CA,Littelfuse Inc.,TVS DIODE 120VWM 193VC DO214AA,tvs-diodes,15145,0.58,"DO-214AA, SMB",Surface Mount,Active,https://www.littelfuse.com/assetdocs/tvs-diodes-smbj-series-datasheet?assetguid=ba555e99-a12d-4f72-a0b6-86b06c67171e,https://www.digikey.com/en/products/detail/littelfuse-inc/SMBJ120CA/557345,General Purpose,1,,3.1A,,-65°C ~ 150°C (TJ),600W,No,,SMBJ,Zener,,133V,193V,120V
SMBJ12A,Littelfuse Inc.,TVS DIODE 12VWM 19.9VC DO214AA,tvs-diodes,55199,0.49,"DO-214AA, SMB",Surface Mount,Active,https://www.littelfuse.com/assetdocs/tvs-diodes-smbj-series-datasheet?assetguid=ba555e99-a12d-4f72-a0b6-86b06c67171e,https://www.digikey.com/en/products/detail/littelfuse-inc/SMBJ12A/285970,General Purpose,,,30.2A,,-65°C ~ 150°C (TJ),600W,No,,SMBJ,Zener,1,13.3V,19.9V,12V
SMBJ12A-13-F,Diodes Incorporated,TVS DIODE 12VWM 19.9VC SMB,tvs-diodes,56446,0.52,"DO-214AA, SMB",Surface Mount,Active,https://www.diodes.com/assets/Datasheets/ds19002.pdf,https://www.digikey.com/en/products/detail/diodes-incorporated/SMBJ12A-13-F/814759,General Purpose,,,30.2A,,-55°C ~ 150°C (TJ),600W,No,,SMBJ,Zener,1,13.3V,19.9V,12V
SMBJ12A-E3/52,Vishay General Semiconductor - Diodes Division,TVS DIODE 12VWM 19.9VC DO214AA,tvs-diodes,40170,0.5,"DO-214AA, SMB",Surface Mount,Active,https://www.vishay.com/docs/88392/smbj.pdf,https://www.digikey.com/en/products/detail/vishay-general-semiconductor-diodes-division/SMBJ12A-E3-52/1091513,General Purpose,,,30.2A,,-55°C ~ 150°C (TJ),600W,No,,TransZorb®,Zener,1,13.3V,19.9V,12V
SMBJ12CA,Littelfuse Inc.,TVS DIODE 12VWM 19.9VC DO214AA,tvs-diodes,9974,0.54,"DO-214AA, SMB",Surface Mount,Active,https://www.littelfuse.com/assetdocs/tvs-diodes-smbj-series-datasheet?assetguid=ba555e99-a12d-4f72-a0b6-86b06c67171e,https://www.digikey.com/en/products/detail/littelfuse-inc/SMBJ12CA/285972,General Purpose,1,,30.2A,,-65°C ~ 150°C (TJ),600W,No,,SMBJ,Zener,,13.3V,19.9V,12V
SMBJ12CA-13-F,Diodes Incorporated,TVS DIODE 12VWM 19.9VC SMB,tvs-diodes,46706,0.62,"DO-214AA, SMB",Surface Mount,Active,https://www.diodes.com/assets/Datasheets/ds19002.pdf,https://www.digikey.com/en/products/detail/diodes-incorporated/SMBJ12CA-13-F/814758,General Purpose,1,,30.2A,,-55°C ~ 150°C (TJ),600W,No,,SMBJ,Zener,,13.3V,19.9V,12V
SMBJ12CA-E3/52,Vishay General Semiconductor - Diodes Division,TVS DIODE 12VWM 19.9VC DO214AA,tvs-diodes,70512,0.51,"DO-214AA, SMB",Surface Mount,Active,https://www.vishay.com/docs/88392/smbj.pdf,https://www.digikey.com/en/products/detail/vishay-general-semiconductor-diodes-division/SMBJ12CA-E3-52/1091514,General Purpose,1,,30.2A,,-55°C ~ 150°C (TJ),600W,No,,TransZorb®,Zener,,13.3V,19.9V,12V
SMBJ130A-13-F,Diodes Incorporated,TVS DIODE 130VWM 209VC SMB,tvs-diodes,1356,0.53,"DO-214AA, SMB",Surface Mount,Active,https://www.diodes.com/assets/Datasheets/ds19002.pdf,https://www.digikey.com/en/products/detail/diodes-incorporated/SMBJ130A-13-F/814768,General Purpose,,,2.9A,,-55°C ~ 150°C (TJ),600W,No,,SMBJ,Zener,1,144V,209V,130V
SMBJ130A-E3/52,Vishay General Semiconductor - Diodes Division,TVS DIODE 130VWM 209VC DO214AA,tvs-diodes,6741,0.56,"DO-214AA, SMB",Surface Mount,Active,https://www.vishay.com/docs/88392/smbj.pdf,https://www.digikey.com/en/products/detail/vishay-general-semiconductor-diodes-division/SMBJ130A-E3-52/1119218,General Purpose,,,2.9A,,-55°C ~ 150°C (TJ),600W,No,,TransZorb®,Zener,1,144V,209V,130V
SMBJ130CA,Littelfuse Inc.,TVS DIODE 130VWM 209VC DO214AA,tvs-diodes,15388,0.58,"DO-214AA, SMB",Surface Mount,Active,https://www.littelfuse.com/assetdocs/tvs-diodes-smbj-series-datasheet?assetguid=ba555e99-a12d-4f72-a0b6-86b06c67171e,https://www.digikey.com/en/products/detail/littelfuse-inc/SMBJ130CA/557350,General Purpose,1,,2.9A,,-65°C ~ 150°C (TJ),600W,No,,SMBJ,Zener,,144V,209V,130V
SMBJ13A,Littelfuse Inc.,TVS DIODE 13VWM 21.5VC DO214AA,tvs-diodes,28102,0.5,"DO-214AA, SMB",Surface Mount,Active,https://www.littelfuse.com/assetdocs/tvs-diodes-smbj-series-datasheet?assetguid=ba555e99-a12d-4f72-a0b6-86b06c67171e,https://www.digikey.com/en/products/detail/littelfuse-inc/SMBJ13A/285974,General Purpose,,,28A,,-65°C ~ 150°C (TJ),600W,No,,SMBJ,Zener,1,14.4V,21.5V,13V
SMBJ13A-13-F,Diodes Incorporated,TVS DIODE 13VWM 21.5VC SMB,tvs-diodes,109213,0.57,"DO-214AA, SMB",Surface Mount,Active,https://www.diodes.com/assets/Datasheets/ds19002.pdf,https://www.digikey.com/en/products/detail/diodes-incorporated/SMBJ13A-13-F/768876,General Purpose,,,27.9A,,-55°C ~ 150°C (TJ),600W,No,,SMBJ,Zener,1,14.4V,21.5V,13V
SMBJ13A-TP,MCC (Micro Commercial Components),TVS DIODE 13VWM 21.5VC DO214AA,tvs-diodes,2185,0.49,"DO-214AA, SMB",Surface Mount,Active,https://www.mccsemi.com/pdf/Products/SMBJ5.0-SMBJ440CA(DO-214AA).pdf,https://www.digikey.com/en/products/detail/mcc-micro-commercial-components/SMBJ13A-TP/1200345,General Purpose,,,27.9A,,-55°C ~ 175°C (TJ),600W,No,,,Zener,1,14.4V,21.5V,13V
SMBJ13CA,Littelfuse Inc.,TVS DIODE 13VWM 21.5VC DO214AA,tvs-diodes,6024,0.57,"DO-214AA, SMB",Surface Mount,Active,https://www.littelfuse.com/assetdocs/tvs-diodes-smbj-series-datasheet?assetguid=ba555e99-a12d-4f72-a0b6-86b06c67171e,https://www.digikey.com/en/products/detail/littelfuse-inc/SMBJ13CA/285976,General Purpose,1,,28A,,-65°C ~ 150°C (TJ),600W,No,,SMBJ,Zener,,14.4V,21.5V,13V
SMBJ14A,Littelfuse Inc.,TVS DIODE 14VWM 23.2VC DO214AA,tvs-diodes,19162,0.5,"DO-214AA, SMB",Surface Mount,Active,https://www.littelfuse.com/assetdocs/tvs-diodes-smbj-series-datasheet?assetguid=ba555e99-a12d-4f72-a0b6-86b06c67171e,https://www.digikey.com/en/products/detail/littelfuse-inc/SMBJ14A/285978,General Purpose,,,25.9A,,-65°C ~ 150°C (TJ),600W,No,,SMBJ,Zener,1,15.6V,23.2V,14V
SMBJ14A-13-F,Diodes Incorporated,TVS DIODE 14VWM 23.2VC SMB,tvs-diodes,9476,0.53,"DO-214AA, SMB",Surface Mount,Active,https://www.diodes.com/assets/Datasheets/ds19002.pdf,https://www.digikey.com/en/products/detail/diodes-incorporated/SMBJ14A-13-F/814769,General Purpose,,,25.8A,,-55°C ~ 150°C (TJ),600W,No,,SMBJ,Zener,1,15.6V,23.2V,14V
SMBJ14A-E3/52,Vishay General Semiconductor - Diodes Division,TVS DIODE 14VWM 23.2VC DO214AA,tvs-diodes,2995,0.56,"DO-214AA, SMB",Surface Mount,Active,https://www.vishay.com/docs/88392/smbj.pdf,https://www.digikey.com/en/products/detail/vishay-general-semiconductor-diodes-division/SMBJ14A-E3-52/1119225,General Purpose,,,25.9A,,-55°C ~ 150°C (TJ),600W,No,,TransZorb®,Zener,1,15.6V,23.2V,14V
SMBJ14CA,Littelfuse Inc.,TVS DIODE 14VWM 23.2VC DO214AA,tvs-diodes,7190,0.54,"DO-214AA, SMB",Surface Mount,Active,https://www.littelfuse.com/assetdocs/tvs-diodes-smbj-series-datasheet?assetguid=ba555e99-a12d-4f72-a0b6-86b06c67171e,https://www.digikey.com/en/products/detail/littelfuse-inc/SMBJ14CA/285979,General Purpose,1,,25.9A,,-65°C ~ 150°C (TJ),600W,No,,SMBJ,Zener,,15.6V,23.2V,14V
SMBJ150A,Littelfuse Inc.,TVS DIODE 150VWM 243VC DO214AA,tvs-diodes,17443,0.54,"DO-214AA, SMB",Surface Mount,Active,https://www.littelfuse.com/assetdocs/tvs-diodes-smbj-series-datasheet?assetguid=ba555e99-a12d-4f72-a0b6-86b06c67171e,https://www.digikey.com/en/products/detail/littelfuse-inc/SMBJ150A/688305,General Purpose,,,2.5A,,-65°C ~ 150°C (TJ),600W,No,,SMBJ,Zener,1,167V,243V,150V
SMBJ150A-13-F,Diodes Incorporated,TVS DIODE 150VWM 243VC SMB,tvs-diodes,29074,0.53,"DO-214AA, SMB",Surface Mount,Active,https://www.diodes.com/assets/Datasheets/ds19002.pdf,https://www.digikey.com/en/products/detail/diodes-incorporated/SMBJ150A-13-F/814778,General Purpose,,,2.5A,,-55°C ~ 150°C (TJ),600W,No,,SMBJ,Zener,1,167V,243V,150V
SMBJ15A,Littelfuse Inc.,TVS DIODE 15VWM 24.4VC DO214AA,tvs-diodes,63260,0.49,"DO-214AA, SMB",Surface Mount,Active,https://www.littelfuse.com/assetdocs/tvs-diodes-smbj-series-datasheet?assetguid=ba555e99-a12d-4f72-a0b6-86b06c67171e,https://www.digikey.com/en/products/detail/littelfuse-inc/SMBJ15A/285980,General Purpose,,,24.6A,,-65°C ~ 150°C (TJ),600W,No,,SMBJ,Zener,1,16.7V,24.4V,15V
SMBJ15A-13-F,Diodes Incorporated,TVS DIODE 15VWM 24.4VC SMB,tvs-diodes,289250,0.57,"DO-214AA, SMB",Surface Mount,Active,https://www.diodes.com/assets/Datasheets/ds19002.pdf,https://www.digikey.com/en/products/detail/diodes-incorporated/SMBJ15A-13-F/814781,General Purpose,,,24A,,-55°C ~ 150°C (TJ),600W,No,,SMBJ,Zener,1,16.7V,24.4V,15V
SMBJ15A-E3/52,Vishay General Semiconductor - Diodes Division,TVS DIODE 15VWM 24.4VC DO214AA,tvs-diodes,74950,0.52,"DO-214AA, SMB",Surface Mount,Active,https://www.vishay.com/docs/88392/smbj.pdf,https://www.digikey.com/en/products/detail/vishay-general-semiconductor-diodes-division/SMBJ15A-E3-52/1091515,General Purpose,,,24.6A,,-55°C ~ 150°C (TJ),600W,No,,TransZorb®,Zener,1,16.7V,24.4V,15V
SMBJ15CA,Littelfuse Inc.,TVS DIODE 15VWM 24.4VC DO214AA,tvs-diodes,62689,0.54,"DO-214AA, SMB",Surface Mount,Active,https://www.littelfuse.com/assetdocs/tvs-diodes-smbj-series-datasheet?assetguid=ba555e99-a12d-4f72-a0b6-86b06c67171e,https://www.digikey.com/en/products/detail/littelfuse-inc/SMBJ15CA/285982,General Purpose,1,,24.6A,,-65°C ~ 150°C (TJ),600W,No,,SMBJ,Zener,,16.7V,24.4V,15V
SMBJ15CA-E3/52,Vishay General Semiconductor - Diodes Division,TVS DIODE 15VWM 24.4VC DO214AA,tvs-diodes,60402,0.55,"DO-214AA, SMB",Surface Mount,Active,https://www.vishay.com/docs/88392/smbj.pdf,https://www.digikey.com/en/products/detail/vishay-general-semiconductor-diodes-division/SMBJ15CA-E3-52/1091516,General Purpose,1,,24.6A,,-55°C ~ 150°C (TJ),600W,No,,TransZorb®,Zener,,16.7V,24.4V,15V
SMBJ160A,Littelfuse Inc.,TVS DIODE 160VWM 259VC DO214AA,tvs-diodes,1380,0.54,"DO-214AA, SMB",Surface Mount,Active,https://www.littelfuse.com/assetdocs/tvs-diodes-smbj-series-datasheet?assetguid=ba555e99-a12d-4f72-a0b6-86b06c67171e,https://www.digikey.com/en/products/detail/littelfuse-inc/SMBJ160A/688307,General Purpose,,,2.3A,,-65°C ~ 150°C (TJ),600W,No,,SMBJ,Zener,1,178V,259V,160V
SMBJ16A,Littelfuse Inc.,TVS DIODE 16VWM 26VC DO214AA,tvs-diodes,61822,0.5,"DO-214AA, SMB",Surface Mount,Active,https://www.littelfuse.com/assetdocs/tvs-diodes-smbj-series-datasheet?assetguid=ba555e99-a12d-4f72-a0b6-86b06c67171e,https://www.digikey.com/en/products/detail/littelfuse-inc/SMBJ16A/688274,General Purpose,,,23.1A,,-65°C ~ 150°C (TJ),600W,No,,SMBJ,Zener,1,17.8V,26V,16V
SMBJ16A-13-F,Diodes Incorporated,TVS DIODE 16VWM 26VC SMB,tvs-diodes,89710,0.53,"DO-214AA, SMB",Surface Mount,Active,https://www.diodes.com/assets/Datasheets/ds19002.pdf,https://www.digikey.com/en/products/detail/diodes-incorporated/SMBJ16A-13-F/814772,General Purpose,,,23.1A,,-55°C ~ 150°C (TJ),600W,No,,SMBJ,Zener,1,17.8V,26V,16V
SMBJ16A-E3/52,Vishay General Semiconductor - Diodes Division,TVS DIODE 16VWM 26VC DO214AA,tvs-diodes,13269,0.56,"DO-214AA, SMB",Surface Mount,Active,https://www.vishay.com/docs/88392/smbj.pdf,https://www.digikey.com/en/products/detail/vishay-general-semiconductor-diodes-division/SMBJ16A-E3-52/1119238,General Purpose,,,23.1A,,-55°C ~ 150°C (TJ),600W,No,,TransZorb®,Zener,1,17.8V,26V,16V
SMBJ16CA,Littelfuse Inc.,TVS DIODE 16VWM 26VC DO214AA,tvs-diodes,33425,0.57,"DO-214AA, SMB",Surface Mount,Active,https://www.littelfuse.com/assetdocs/tvs-diodes-smbj-series-datasheet?assetguid=ba555e99-a12d-4f72-a0b6-86b06c67171e,https://www.digikey.com/en/products/detail/littelfuse-inc/SMBJ16CA/688275,General Purpose,1,,23.1A,,-65°C ~ 150°C (TJ),600W,No,,SMBJ,Zener,,17.8V,26V,16V
SMBJ170A,Littelfuse Inc.,TVS DIODE 170VWM 275VC DO214AA,tvs-diodes,10669,0.54,"DO-214AA, SMB",Surface Mount,Active,https://www.littelfuse.com/assetdocs/tvs-diodes-smbj-series-datasheet?assetguid=ba555e99-a12d-4f72-a0b6-86b06c67171e,https://www.digikey.com/en/products/detail/littelfuse-inc/SMBJ170A/688309,General Purpose,,,2.2A,,-65°C ~ 150°C (TJ),600W,No,,SMBJ,Zener,1,189V,275V,170V
SMBJ170CA,Littelfuse Inc.,TVS DIODE 170VWM 275VC DO214AA,tvs-diodes,23083,0.58,"DO-214AA, SMB",Surface Mount,Active,https://www.littelfuse.com/assetdocs/tvs-diodes-smbj-series-datasheet?assetguid=ba555e99-a12d-4f72-a0b6-86b06c67171e,https://www.digikey.com/en/products/detail/littelfuse-inc/SMBJ170CA/688310,General Purpose,1,,2.2A,,-65°C ~ 150°C (TJ),600W,No,,SMBJ,Zener,,189V,275V,170V
SMBJ17A,Littelfuse Inc.,TVS DIODE 17VWM 27.6VC DO214AA,tvs-diodes,315892,0.5,"DO-214AA, SMB",Surface Mount,Active,https://www.littelfuse.com/assetdocs/tvs-diodes-smbj-series-datasheet?assetguid=ba555e99-a12d-4f72-a0b6-86b06c67171e,https://www.digikey.com/en/products/detail/littelfuse-inc/SMBJ17A/688276,General Purpose,,,21.8A,,-65°C ~ 150°C (TJ),600W,No,,SMBJ,Zener,1,18.9V,27.6V,17V
SMBJ180A,Littelfuse Inc.,TVS DIODE 180VWM 292VC DO214AA,tvs-diodes,17214,0.54,"DO-214AA, SMB",Surface Mount,Active,https://www.littelfuse.com/assetdocs/tvs-diodes-smbj-series-datasheet?assetguid=ba555e99-a12d-4f72-a0b6-86b06c67171e,https://www.digikey.com/en/products/detail/littelfuse-inc/SMBJ180A/825039,General Purpose,,,2.1A,,-65°C ~ 150°C (TJ),600W,No,,SMBJ,Zener,1,201V,292V,180V
SMBJ188A-E3/52,Vishay General Semiconductor - Diodes Division,TVS DIODE 188VWM 328VC DO214AA,tvs-diodes,5100,0.56,"DO-214AA, SMB",Surface Mount,Active,https://www.vishay.com/docs/88392/smbj.pdf,https://www.digikey.com/en/products/detail/vishay-general-semiconductor-diodes-division/SMBJ188A-E3-52/1119250,General Purpose,,,2A,,-55°C ~ 150°C (TJ),600W,No,,TransZorb®,Zener,1,209V,328V,188V
SMBJ18A,Littelfuse Inc.,TVS DIODE 18VWM 29.2VC DO214AA,tvs-diodes,18027,0.5,"DO-214AA, SMB",Surface Mount,Active,https://www.littelfuse.com/assetdocs/tvs-diodes-smbj-series-datasheet?assetguid=ba555e99-a12d-4f72-a0b6-86b06c67171e,https://www.digikey.com/en/products/detail/littelfuse-inc/SMBJ18A/285984,General Purpose,,,20.6A,,-65°C ~ 150°C (TJ),600W,No,,SMBJ,Zener,1,20V,29.2V,18V
SMBJ18A-13-F,Diodes Incorporated,TVS DIODE 18VWM 29.2VC SMB,tvs-diodes,75709,0.53,"DO-214AA, SMB",Surface Mount,Active,https://www.diodes.com/assets/Datasheets/ds19002.pdf,https://www.digikey.com/en/products/detail/diodes-incorporated/SMBJ18A-13-F/814756,General Purpose,,,20.5A,,-55°C ~ 150°C (TJ),600W,No,,SMBJ,Zener,1,20V,29.2V,18V
SMBJ18A-E3/52,Vishay General Semiconductor - Diodes Division,TVS DIODE 18VWM 29.2VC DO214AA,tvs-diodes,40947,0.51,"DO-214AA, SMB",Surface Mount,Active,https://www.vishay.com/docs/88392/smbj.pdf,https://www.digikey.com/en/products/detail/vishay-general-semiconductor-diodes-division/SMBJ18A-E3-52/1119252,General Purpose,,,20.5A,,-55°C ~ 150°C (TJ),600W,No,,TransZorb®,Zener,1,20V,29.2V,18V
SMBJ18CA,Littelfuse Inc.,TVS DIODE 18VWM 29.2VC DO214AA,tvs-diodes,2447,0.57,"DO-214AA, SMB",Surface Mount,Active,https://www.littelfuse.com/assetdocs/tvs-diodes-smbj-series-datasheet?assetguid=ba555e99-a12d-4f72-a0b6-86b06c67171e,https://www.digikey.com/en/products/detail/littelfuse-inc/SMBJ18CA/285986,General Purpose,1,,20.6A,,-65°C ~ 150°C (TJ),600W,No,,SMBJ,Zener,,20V,29.2V,18V
SMBJ20A,Littelfuse Inc.,TVS DIODE 20VWM 32.4VC DO214AA,tvs-diodes,2929,0.5,"DO-214AA, SMB",Surface Mount,Active,https://www.littelfuse.com/assetdocs/tvs-diodes-smbj-series-datasheet?assetguid=ba555e99-a12d-4f72-a0b6-86b06c67171e,https://www.digikey.com/en/products/detail/littelfuse-inc/SMBJ20A/285988,General Purpose,,,18.6A,,-65°C ~ 150°C (TJ),600W,No,,SMBJ,Zener,1,22.2V,32.4V,20V
SMBJ20A-13-F,Diodes Incorporated,TVS DIODE 20VWM 32.4VC SMB,tvs-diodes,170694,0.56,"DO-214AA, SMB",Surface Mount,Active,https://www.diodes.com/assets/Datasheets/ds19002.pdf,https://www.digikey.com/en/products/detail/diodes-incorporated/SMBJ20A-13-F/814696,General Purpose,,,18.5A,,-55°C ~ 150°C (TJ),600W,No,,SMBJ,Zener,1,22.2V,32.4V,20V
SMBJ20A-E3/52,Vishay General Semiconductor - Diodes Division,TVS DIODE 20VWM 32.4VC DO214AA,tvs-diodes,7332,0.51,"DO-214AA, SMB",Surface Mount,Active,https://www.vishay.com/docs/88392/smbj.pdf,https://www.digikey.com/en/products/detail/vishay-general-semiconductor-diodes-division/SMBJ20A-E3-52/1119256,General Purpose,,,18.5A,,-55°C ~ 150°C (TJ),600W,No,,TransZorb®,Zener,1,22.2V,32.4V,20V
SMBJ20CA,Littelfuse Inc.,TVS DIODE 20VWM 32.4VC DO214AA,tvs-diodes,73321,0.57,"DO-214AA, SMB",Surface Mount,Active,https://www.littelfuse.com/assetdocs/tvs-diodes-smbj-series-datasheet?assetguid=ba555e99-a12d-4f72-a0b6-86b06c67171e,https://www.digikey.com/en/products/detail/littelfuse-inc/SMBJ20CA/285990,General Purpose,1,,18.6A,,-65°C ~ 150°C (TJ),600W,No,,SMBJ,Zener,,22.2V,32.4V,20V
SMBJ20CA-13-F,Diodes Incorporated,TVS DIODE 20VWM 32.4VC SMB,tvs-diodes,20215,0.62,"DO-214AA, SMB",Surface Mount,Active,https://www.diodes.com/assets/Datasheets/ds19002.pdf,https://www.digikey.com/en/products/detail/diodes-incorporated/SMBJ20CA-13-F/814639,General Purpose,1,,18.5A,,-55°C ~ 150°C (TJ),600W,No,,SMBJ,Zener,,22.2V,32.4V,20V
SMBJ220CA,Littelfuse Inc.,TVS DIODE 220VWM 356VC DO214AA,tvs-diodes,2210,1.03,"DO-214AA, SMB",Surface Mount,Active,https://www.littelfuse.com/assetdocs/tvs-diodes-smbj-series-datasheet?assetguid=ba555e99-a12d-4f72-a0b6-86b06c67171e,https://www.digikey.com/en/products/detail/littelfuse-inc/SMBJ220CA/825044,General Purpose,1,,1.7A,,-65°C ~ 150°C (TJ),600W,No,,SMBJ,Zener,,246V,356V,220V
SMBJ22A,Littelfuse Inc.,TVS DIODE 22VWM 35.5VC DO214AA,tvs-diodes,17066,0.5,"DO-214AA, SMB",Surface Mount,Active,https://www.littelfuse.com/assetdocs/tvs-diodes-smbj-series-datasheet?assetguid=ba555e99-a12d-4f72-a0b6-86b06c67171e,https://www.digikey.com/en/products/detail/littelfuse-inc/SMBJ22A/285992,General Purpose,,,16.9A,,-65°C ~ 150°C (TJ),600W,No,,SMBJ,Zener,1,24.4V,35.5V,22V
SMBJ22A-13-F,Diodes Incorporated,TVS DIODE 22VWM 35.5VC SMB,tvs-diodes,11993,0.53,"DO-214AA, SMB",Surface Mount,Active,https://www.diodes.com/assets/Datasheets/ds19002.pdf,https://www.digikey.com/en/products/detail/diodes-incorporated/SMBJ22A-13-F/814695,General Purpose,,,16.9A,,-55°C ~ 150°C (TJ),600W,No,,SMBJ,Zener,1,24.4V,35.5V,22V
SMBJ22CA,Littelfuse Inc.,TVS DIODE 22VWM 35.5VC DO214AA,tvs-diodes,16665,0.57,"DO-214AA, SMB",Surface Mount,Active,https://www.littelfuse.com/assetdocs/tvs-diodes-smbj-series-datasheet?assetguid=ba555e99-a12d-4f72-a0b6-86b06c67171e,https://www.digikey.com/en/products/detail/littelfuse-inc/SMBJ22CA/285993,General Purpose,1,,16.9A,,-65°C ~ 150°C (TJ),600W,No,,SMBJ,Zener,,24.4V,35.5V,22V
SMBJ24A,Littelfuse Inc.,TVS DIODE 24VWM 38.9VC DO214AA,tvs-diodes,72357,0.5,"DO-214AA, SMB",Surface Mount,Active,https://www.littelfuse.com/assetdocs/tvs-diodes-smbj-series-datasheet?assetguid=ba555e99-a12d-4f72-a0b6-86b06c67171e,https://www.digikey.com/en/products/detail/littelfuse-inc/SMBJ24A/285994,General Purpose,,,15.5A,,-65°C ~ 150°C (TJ),600W,No,,SMBJ,Zener,1,26.7V,38.9V,24V
SMBJ24A-13-F,Diodes Incorporated,TVS DIODE 24VWM 38.9VC SMB,tvs-diodes,13603,0.57,"DO-214AA, SMB",Surface Mount,Active,https://www.diodes.com/assets/Datasheets/ds19002.pdf,https://www.digikey.com/en/products/detail/diodes-incorporated/SMBJ24A-13-F/814619,General Purpose,,,15.4A,,-55°C ~ 150°C (TJ),600W,No,,SMBJ,Zener,1,26.7V,38.9V,24V
SMBJ24A-E3/52,Vishay General Semiconductor - Diodes Division,TVS DIODE 24VWM 38.9VC DO214AA,tvs-diodes,31476,0.51,"DO-214AA, SMB",Surface Mount,Active,https://www.vishay.com/docs/88392/smbj.pdf,https://www.digikey.com/en/products/detail/vishay-general-semiconductor-diodes-division/SMBJ24A-E3-52/1091517,General Purpose,,,15.4A,,-55°C ~ 150°C (TJ),600W,No,,TransZorb®,Zener,1,26.7V,38.9V,24V
SMBJ24A/TR13,YAGEO,TVS DIODE 24VWM 38.9VC DO214AA,tvs-diodes,3776,0.4,"DO-214AA, SMB",Surface Mount,Active,https://yageogroup.com/content/datasheet/asset/file/SMBJ_1,https://www.digikey.com/en/products/detail/yageo/SMBJ24A-TR13/13689628,General Purpose,,,15.5A,,-55°C ~ 150°C (TJ),600W,No,,SMBJ,Zener,1,26.7V,38.9V,24V
SMBJ24CA,Littelfuse Inc.,TVS DIODE 24VWM 38.9VC DO214AA,tvs-diodes,54957,0.57,"DO-214AA, SMB",Surface Mount,Active,https://www.littelfuse.com/assetdocs/tvs-diodes-smbj-series-datasheet?assetguid=ba555e99-a12d-4f72-a0b6-86b06c67171e,https://www.digikey.com/en/products/detail/littelfuse-inc/SMBJ24CA/285996,General Purpose,1,,15.5A,,-65°C ~ 150°C (TJ),600W,No,,SMBJ,Zener,,26.7V,38.9V,24V
SMBJ24CA-E3/52,Vishay General Semiconductor - Diodes Division,TVS DIODE 24VWM 38.9VC DO214AA,tvs-diodes,14382,0.58,"DO-214AA, SMB",Surface Mount,Active,https://www.vishay.com/docs/88392/smbj.pdf,https://www.digikey.com/en/products/detail/vishay-general-semiconductor-diodes-division/SMBJ24CA-E3-52/1091518,General Purpose,1,,15.4A,,-55°C ~ 150°C (TJ),600W,No,,TransZorb®,Zener,,26.7V,38.9V,24V
SMBJ26A,Littelfuse Inc.,TVS DIODE 26VWM 42.1VC DO214AA,tvs-diodes,9445,0.5,"DO-214AA, SMB",Surface Mount,Active,https://www.littelfuse.com/assetdocs/tvs-diodes-smbj-series-datasheet?assetguid=ba555e99-a12d-4f72-a0b6-86b06c67171e,https://www.digikey.com/en/products/detail/littelfuse-inc/SMBJ26A/285998,General Purpose,,,14.3A,,-65°C ~ 150°C (TJ),600W,No,,SMBJ,Zener,1,28.9V,42.1V,26V
SMBJ26A-13-F,Diodes Incorporated,TVS DIODE 26VWM 42.1VC SMB,tvs-diodes,44711,0.52,"DO-214AA, SMB",Surface Mount,Active,https://www.diodes.com/assets/Datasheets/ds19002.pdf,https://www.digikey.com/en/products/detail/diodes-incorporated/SMBJ26A-13-F/768803,General Purpose,,,14.2A,,-55°C ~ 150°C (TJ),600W,No,,SMBJ,Zener,1,28.9V,42.1V,26V
SMBJ26A-E3/52,Vishay General Semiconductor - Diodes Division,TVS DIODE 26VWM 42.1VC DO214AA,tvs-diodes,19836,0.51,"DO-214AA, SMB",Surface Mount,Active,https://www.vishay.com/docs/88392/smbj.pdf,https://www.digikey.com/en/products/detail/vishay-general-semiconductor-diodes-division/SMBJ26A-E3-52/1119266,General Purpose,,,14.3A,,-55°C ~ 150°C (TJ),600W,No,,TransZorb®,Zener,1,28.9V,42.1V,26V
SMBJ26CA,Littelfuse Inc.,TVS DIODE 26VWM 42.1VC DO214AA,tvs-diodes,13432,0.57,"DO-214AA, SMB",Surface Mount,Active,https://www.littelfuse.com/assetdocs/tvs-diodes-smbj-series-datasheet?assetguid=ba555e99-a12d-4f72-a0b6-86b06c67171e,https://www.digikey.com/en/products/detail/littelfuse-inc/SMBJ26CA/286000,General Purpose,1,,14.3A,,-65°C ~ 150°C (TJ),600W,No,,SMBJ,Zener,,28.9V,42.1V,26V
SMBJ28A,Littelfuse Inc.,TVS DIODE 28VWM 45.4VC DO214AA,tvs-diodes,83644,0.5,"DO-214AA, SMB",Surface Mount,Active,https://www.littelfuse.com/assetdocs/tvs-diodes-smbj-series-datasheet?assetguid=ba555e99-a12d-4f72-a0b6-86b06c67171e,https://www.digikey.com/en/products/detail/littelfuse-inc/SMBJ28A/286002,General Purpose,,,13.3A,,-65°C ~ 150°C (TJ),600W,No,,SMBJ,Zener,1,31.1V,45.4V,28V
SMBJ28A-E3/52,Vishay General Semiconductor - Diodes Division,TVS DIODE 28VWM 45.5VC DO214AA,tvs-diodes,37571,0.51,"DO-214AA, SMB",Surface Mount,Active,https://www.vishay.com/docs/88392/smbj.pdf,https://www.digikey.com/en/products/detail/vishay-general-semiconductor-diodes-division/SMBJ28A-E3-52/1119270,General Purpose,,,13.2A,,-55°C ~ 150°C (TJ),600W,No,,TransZorb®,Zener,1,31.1V,45.5V,28V
SMBJ28CA,Littelfuse Inc.,TVS DIODE 28VWM 45.4VC DO214AA,tvs-diodes,26200,0.54,"DO-214AA, SMB",Surface Mount,Active,https://www.littelfuse.com/assetdocs/tvs-diodes-smbj-series-datasheet?assetguid=ba555e99-a12d-4f72-a0b6-86b06c67171e,https://www.digikey.com/en/products/detail/littelfuse-inc/SMBJ28CA/286003,General Purpose,1,,13.3A,,-65°C ~ 150°C (TJ),600W,No,,SMBJ,Zener,,31.1V,45.4V,28V
SMBJ30A,Littelfuse Inc.,TVS DIODE 30VWM 48.4VC DO214AA,tvs-diodes,34643,0.5,"DO-214AA, SMB",Surface Mount,Active,https://www.littelfuse.com/assetdocs/tvs-diodes-smbj-series-datasheet?assetguid=ba555e99-a12d-4f72-a0b6-86b06c67171e,https://www.digikey.com/en/products/detail/littelfuse-inc/SMBJ30A/286004,General Purpose,,,12.4A,,-65°C ~ 150°C (TJ),600W,No,,SMBJ,Zener,1,33.3V,48.4V,5V
SMBJ30A-13-F,Diodes Incorporated,TVS DIODE 30VWM 48.4VC SMB,tvs-diodes,15259,0.52,"DO-214AA, SMB",Surface Mount,Active,https://www.diodes.com/assets/Datasheets/ds19002.pdf,https://www.digikey.com/en/products/detail/diodes-incorporated/SMBJ30A-13-F/814610,General Purpose,,,12.4A,,-55°C ~ 150°C (TJ),600W,No,,SMBJ,Zener,1,33.3V,48.4V,30V
SMBJ30A-E3/52,Vishay General Semiconductor - Diodes Division,TVS DIODE 30VWM 48.4VC DO214AA,tvs-diodes,37909,0.51,"DO-214AA, SMB",Surface Mount,Active,https://www.vishay.com/docs/88392/smbj.pdf,https://www.digikey.com/en/products/detail/vishay-general-semiconductor-diodes-division/SMBJ30A-E3-52/1119274,General Purpose,,,12.4A,,-55°C ~ 150°C (TJ),600W,No,,TransZorb®,Zener,1,33.3V,48.4V,30V
SMBJ30CA,Littelfuse Inc.,TVS DIODE 30VWM 48.4VC DO214AA,tvs-diodes,45047,0.57,"DO-214AA, SMB",Surface Mount,Active,https://www.littelfuse.com/assetdocs/tvs-diodes-smbj-series-datasheet?assetguid=ba555e99-a12d-4f72-a0b6-86b06c67171e,https://www.digikey.com/en/products/detail/littelfuse-inc/SMBJ30CA/286005,General Purpose,1,,12.4A,,-65°C ~ 150°C (TJ),600W,No,,SMBJ,Zener,,33.3V,48.4V,30V
SMBJ30CA-13-F,Diodes Incorporated,TVS DIODE 30VWM 48.4VC SMB,tvs-diodes,84088,0.6,"DO-214AA, SMB",Surface Mount,Active,https://www.diodes.com/assets/Datasheets/ds19002.pdf,https://www.digikey.com/en/products/detail/diodes-incorporated/SMBJ30CA-13-F/814614,General Purpose,1,,12.4A,,-55°C ~ 150°C (TJ),600W,No,,SMBJ,Zener,,33.3V,48.4V,30V
SMBJ30CA-TP,MCC (Micro Commercial Components),TVS DIODE 30VWM 48.4VC DO214AA,tvs-diodes,9327,0.49,"DO-214AA, SMB",Surface Mount,Active,https://www.mccsemi.com/pdf/Products/SMBJ5.0-SMBJ440CA(DO-214AA).pdf,https://www.digikey.com/en/products/detail/mcc-micro-commercial-components/SMBJ30CA-TP/1200368,General Purpose,1,,12.4A,,-55°C ~ 175°C (TJ),600W,No,,,Zener,,33.3V,48.4V,30V
SMBJ30CAQ-13-F,Diodes Incorporated,TVS DIODE 30VWM 48.4VC SMB,tvs-diodes,57964,0.78,"DO-214AA, SMB",Surface Mount,Active,https://www.diodes.com/assets/Datasheets/ds40740.pdf,https://www.digikey.com/en/products/detail/diodes-incorporated/SMBJ30CAQ-13-F/9738858,,1,,12.4A,Automotive,-55°C ~ 150°C (TJ),600W,No,AEC-Q101,,Zener,,33.3V,48.4V,30V
SMBJ33A,Littelfuse Inc.,TVS DIODE 33VWM 53.3VC DO214AA,tvs-diodes,4752,0.5,"DO-214AA, SMB",Surface Mount,Active,https://www.littelfuse.com/assetdocs/tvs-diodes-smbj-series-datasheet?assetguid=ba555e99-a12d-4f72-a0b6-86b06c67171e,https://www.digikey.com/en/products/detail/littelfuse-inc/SMBJ33A/286006,General Purpose,,,11.3A,,-65°C ~ 150°C (TJ),600W,No,,SMBJ,Zener,1,36.7V,53.3V,33V
SMBJ33A-13-F,Diodes Incorporated,TVS DIODE 33VWM 53.3VC SMB,tvs-diodes,85334,0.57,"DO-214AA, SMB",Surface Mount,Active,https://www.diodes.com/assets/Datasheets/ds19002.pdf,https://www.digikey.com/en/products/detail/diodes-incorporated/SMBJ33A-13-F/775754,General Purpose,,,11.3A,,-55°C ~ 150°C (TJ),600W,No,,SMBJ,Zener,1,36.7V,53.3V,33V
SMBJ33A-E3/52,Vishay General Semiconductor - Diodes Division,TVS DIODE 33VWM 53.3VC DO214AA,tvs-diodes,9559,0.52,"DO-214AA, SMB",Surface Mount,Active,https://www.vishay.com/docs/88392/smbj.pdf,https://www.digikey.com/en/products/detail/vishay-general-semiconductor-diodes-division/SMBJ33A-E3-52/1119278,General Purpose,,,11.3A,,-55°C ~ 150°C (TJ),600W,No,,TransZorb®,Zener,1,36.7V,53.3V,33V
SMBJ33A-E3/5B,Vishay General Semiconductor - Diodes Division,TVS DIODE 33VWM 53.3VC DO214AA,tvs-diodes,4831,0.56,"DO-214AA, SMB",Surface Mount,Active,https://www.vishay.com/docs/88392/smbj.pdf,https://www.digikey.com/en/products/detail/vishay-general-semiconductor-diodes-division/SMBJ33A-E3-5B/2147819,General Purpose,,,11.3A,,-55°C ~ 150°C (TJ),600W,No,,TransZorb®,Zener,1,36.7V,53.3V,33V
SMBJ33CA,Littelfuse Inc.,TVS DIODE 33VWM 53.3VC DO214AA,tvs-diodes,57014,0.54,"DO-214AA, SMB",Surface Mount,Active,https://www.littelfuse.com/assetdocs/tvs-diodes-smbj-series-datasheet?assetguid=ba555e99-a12d-4f72-a0b6-86b06c67171e,https://www.digikey.com/en/products/detail/littelfuse-inc/SMBJ33CA/286008,General Purpose,1,,11.3A,,-65°C ~ 150°C (TJ),600W,No,,SMBJ,Zener,,36.7V,53.3V,33V
SMBJ33CA-E3/52,Vishay General Semiconductor - Diodes Division,TVS DIODE 33VWM 53.3VC DO214AA,tvs-diodes,8647,0.55,"DO-214AA, SMB",Surface Mount,Active,https://www.vishay.com/docs/88392/smbj.pdf,https://www.digikey.com/en/products/detail/vishay-general-semiconductor-diodes-division/SMBJ33CA-E3-52/1119279,General Purpose,1,,11.3A,,-55°C ~ 150°C (TJ),600W,No,,TransZorb®,Zener,,36.7V,53.3V,33V
SMBJ33CA-TP,MCC (Micro Commercial Components),TVS DIODE 33VWM 53.3VC DO214AA,tvs-diodes,11876,0.49,"DO-214AA, SMB",Surface Mount,Active,https://www.mccsemi.com/pdf/Products/SMBJ5.0-SMBJ440CA(DO-214AA).pdf,https://www.digikey.com/en/products/detail/mcc-micro-commercial-components/SMBJ33CA-TP/1200370,General Purpose,1,,11.3A,,-55°C ~ 175°C (TJ),600W,No,,,Zener,,36.7V,53.3V,33V
SMBJ33CAQ-13-F,Diodes Incorporated,TVS DIODE 33VWM 53.3VC SMB,tvs-diodes,2681,0.78,"DO-214AA, SMB",Surface Mount,Active,https://www.diodes.com/assets/Datasheets/ds40740.pdf,https://www.digikey.com/en/products/detail/diodes-incorporated/SMBJ33CAQ-13-F/9738859,,1,,11.3A,Automotive,-55°C ~ 150°C (TJ),600W,No,AEC-Q101,,Zener,,36.7V,53.3V,33V
SMBJ36A,Littelfuse Inc.,TVS DIODE 36VWM 58.1VC DO214AA,tvs-diodes,1342,0.5,"DO-214AA, SMB",Surface Mount,Active,https://www.littelfuse.com/assetdocs/tvs-diodes-smbj-series-datasheet?assetguid=ba555e99-a12d-4f72-a0b6-86b06c67171e,https://www.digikey.com/en/products/detail/littelfuse-inc/SMBJ36A/286010,General Purpose,,,10.4A,,-65°C ~ 150°C (TJ),600W,No,,SMBJ,Zener,1,40V,58.1V,36V
SMBJ36A-13-F,Diodes Incorporated,TVS DIODE 36VWM 58.1VC SMB,tvs-diodes,29582,0.56,"DO-214AA, SMB",Surface Mount,Active,https://www.diodes.com/assets/Datasheets/ds19002.pdf,https://www.digikey.com/en/products/detail/diodes-incorporated/SMBJ36A-13-F/765431,General Purpose,,,10.3A,,-55°C ~ 150°C (TJ),600W,No,,SMBJ,Zener,1,40V,58.1V,36V
SMBJ36A-E3/52,Vishay General Semiconductor - Diodes Division,TVS DIODE 36VWM 58.1VC DO214AA,tvs-diodes,20565,0.51,"DO-214AA, SMB",Surface Mount,Active,https://www.vishay.com/docs/88392/smbj.pdf,https://www.digikey.com/en/products/detail/vishay-general-semiconductor-diodes-division/SMBJ36A-E3-52/1119282,General Purpose,,,10.3A,,-55°C ~ 150°C (TJ),600W,No,,TransZorb®,Zener,1,40V,58.1V,36V
SMBJ36CA,Littelfuse Inc.,TVS DIODE 36VWM 58.1VC DO214AA,tvs-diodes,63611,0.57,"DO-214AA, SMB",Surface Mount,Active,https://www.littelfuse.com/assetdocs/tvs-diodes-smbj-series-datasheet?assetguid=ba555e99-a12d-4f72-a0b6-86b06c67171e,https://www.digikey.com/en/products/detail/littelfuse-inc/SMBJ36CA/286011,General Purpose,1,,10.4A,,-65°C ~ 150°C (TJ),600W,No,,SMBJ,Zener,,40V,58.1V,36V
SMBJ36CA-13-F,Diodes Incorporated,TVS DIODE 36VWM 58.1VC SMB,tvs-diodes,5964,0.6,"DO-214AA, SMB",Surface Mount,Active,https://www.diodes.com/assets/Datasheets/ds19002.pdf,https://www.digikey.com/en/products/detail/diodes-incorporated/SMBJ36CA-13-F/765927,General Purpose,1,,10.3A,,-55°C ~ 150°C (TJ),600W,No,,SMBJ,Zener,,40V,58.1V,36V
SMBJ3V3-E3/52,Vishay General Semiconductor - Diodes Division,TVS DIODE 3.3VWM 10.3V DO214AA,tvs-diodes,50463,0.75,"DO-214AA, SMB",Surface Mount,Active,https://www.vishay.com/docs/88940/smbj3v3.pdf,https://www.digikey.com/en/products/detail/vishay-general-semiconductor-diodes-division/SMBJ3V3-E3-52/1147817,General Purpose,,5200pF @ 1MHz,200A (8/20µs),,-65°C ~ 175°C (TJ),600W,No,,TransZorb®,Zener,1,4.1V,10.3V,3.3V
SMBJ40A,Littelfuse Inc.,TVS DIODE 40VWM 64.5VC DO214AA,tvs-diodes,413800,0.5,"DO-214AA, SMB",Surface Mount,Active,https://www.littelfuse.com/assetdocs/tvs-diodes-smbj-series-datasheet?assetguid=ba555e99-a12d-4f72-a0b6-86b06c67171e,https://www.digikey.com/en/products/detail/littelfuse-inc/SMBJ40A/688278,General Purpose,,,9.3A,,-65°C ~ 150°C (TJ),600W,No,,SMBJ,Zener,1,44.4V,64.5V,40V
SMBJ40A-13-F,Diodes Incorporated,TVS DIODE 40VWM 64.5VC SMB,tvs-diodes,174614,0.57,"DO-214AA, SMB",Surface Mount,Active,https://www.diodes.com/assets/Datasheets/ds19002.pdf,https://www.digikey.com/en/products/detail/diodes-incorporated/SMBJ40A-13-F/814612,General Purpose,,,9.3A,,-55°C ~ 150°C (TJ),600W,No,,SMBJ,Zener,1,44.4V,64.5V,40V
SMBJ40A-E3/52,Vishay General Semiconductor - Diodes Division,TVS DIODE 40VWM 64.5VC DO214AA,tvs-diodes,117536,0.52,"DO-214AA, SMB",Surface Mount,Active,https://www.vishay.com/docs/88392/smbj.pdf,https://www.digikey.com/en/products/detail/vishay-general-semiconductor-diodes-division/SMBJ40A-E3-52/1091519,General Purpose,,,9.3A,,-55°C ~ 150°C (TJ),600W,No,,TransZorb®,Zener,1,44.4V,64.5V,40V
SMBJ40CA,Littelfuse Inc.,TVS DIODE 40VWM 64.5VC DO214AA,tvs-diodes,17306,0.57,"DO-214AA, SMB",Surface Mount,Active,https://www.littelfuse.com/assetdocs/tvs-diodes-smbj-series-datasheet?assetguid=ba555e99-a12d-4f72-a0b6-86b06c67171e,https://www.digikey.com/en/products/detail/littelfuse-inc/SMBJ40CA/688279,General Purpose,1,,9.3A,,-65°C ~ 150°C (TJ),600W,No,,SMBJ,Zener,,44.4V,64.5V,40V
SMBJ40CA-13-F,Diodes Incorporated,TVS DIODE 40VWM 64.5VC SMB,tvs-diodes,327073,0.55,"DO-214AA, SMB",Surface Mount,Active,https://www.diodes.com/assets/Datasheets/ds19002.pdf,https://www.digikey.com/en/products/detail/diodes-incorporated/SMBJ40CA-13-F/814611,General Purpose,1,,9.3A,,-55°C ~ 150°C (TJ),600W,No,,SMBJ,Zener,,44.4V,64.5V,40V
SMBJ40CA-E3/52,Vishay General Semiconductor - Diodes Division,TVS DIODE 40VWM 64.5VC DO214AA,tvs-diodes,63410,0.58,"DO-214AA, SMB",Surface Mount,Active,https://www.vishay.com/docs/88392/smbj.pdf,https://www.digikey.com/en/products/detail/vishay-general-semiconductor-diodes-division/SMBJ40CA-E3-52/1091520,General Purpose,1,,9.3A,,-55°C ~ 150°C (TJ),600W,No,,TransZorb®,Zener,,44.4V,64.5V,40V
SMBJ43A,Littelfuse Inc.,TVS DIODE 43VWM 69.4VC DO214AA,tvs-diodes,8618,0.5,"DO-214AA, SMB",Surface Mount,Active,https://www.littelfuse.com/assetdocs/tvs-diodes-smbj-series-datasheet?assetguid=ba555e99-a12d-4f72-a0b6-86b06c67171e,https://www.digikey.com/en/products/detail/littelfuse-inc/SMBJ43A/688280,General Purpose,,,8.7A,,-65°C ~ 150°C (TJ),600W,No,,SMBJ,Zener,1,47.8V,69.4V,43V
SMBJ43A-13-F,Diodes Incorporated,TVS DIODE 43VWM 69.4VC SMB,tvs-diodes,1197,0.57,"DO-214AA, SMB",Surface Mount,Active,https://www.diodes.com/assets/Datasheets/ds19002.pdf,https://www.digikey.com/en/products/detail/diodes-incorporated/SMBJ43A-13-F/775755,General Purpose,,,8.6A,,-55°C ~ 150°C (TJ),600W,No,,SMBJ,Zener,1,47.8V,69.4V,43V
SMBJ43CA,Littelfuse Inc.,TVS DIODE 43VWM 69.4VC DO214AA,tvs-diodes,31277,0.57,"DO-214AA, SMB",Surface Mount,Active,https://www.littelfuse.com/assetdocs/tvs-diodes-smbj-series-datasheet?assetguid=ba555e99-a12d-4f72-a0b6-86b06c67171e,https://www.digikey.com/en/products/detail/littelfuse-inc/SMBJ43CA/557390,General Purpose,1,,8.7A,,-65°C ~ 150°C (TJ),600W,No,,SMBJ,Zener,,47.8V,69.4V,43V
SMBJ45A,Littelfuse Inc.,TVS DIODE 45VWM 72.7VC DO214AA,tvs-diodes,13932,0.5,"DO-214AA, SMB",Surface Mount,Active,https://www.littelfuse.com/assetdocs/tvs-diodes-smbj-series-datasheet?assetguid=ba555e99-a12d-4f72-a0b6-86b06c67171e,https://www.digikey.com/en/products/detail/littelfuse-inc/SMBJ45A/557392,General Purpose,,,8.3A,,-65°C ~ 150°C (TJ),600W,No,,SMBJ,Zener,1,50V,72.7V,45V
SMBJ45CA,Littelfuse Inc.,TVS DIODE 45VWM 72.7VC DO214AA,tvs-diodes,10936,0.57,"DO-214AA, SMB",Surface Mount,Active,https://www.littelfuse.com/assetdocs/tvs-diodes-smbj-series-datasheet?assetguid=ba555e99-a12d-4f72-a0b6-86b06c67171e,https://www.digikey.com/en/products/detail/littelfuse-inc/SMBJ45CA/688281,General Purpose,1,,8.3A,,-65°C ~ 150°C (TJ),600W,No,,SMBJ,Zener,,50V,72.7V,45V
SMBJ48A-13-F,Diodes Incorporated,TVS DIODE 48VWM 77.4VC SMB,tvs-diodes,1884,0.49,"DO-214AA, SMB",Surface Mount,Active,https://www.diodes.com/assets/Datasheets/ds19002.pdf,https://www.digikey.com/en/products/detail/diodes-incorporated/SMBJ48A-13-F/749990,General Purpose,,,7.7A,,-55°C ~ 150°C (TJ),600W,No,,SMBJ,Zener,1,53.3V,77.4V,48V
SMBJ48A-E3/52,Vishay General Semiconductor - Diodes Division,TVS DIODE 48VWM 77.4VC DO214AA,tvs-diodes,3623,0.56,"DO-214AA, SMB",Surface Mount,Active,https://www.vishay.com/docs/88392/smbj.pdf,https://www.digikey.com/en/products/detail/vishay-general-semiconductor-diodes-division/SMBJ48A-E3-52/1119296,General Purpose,,,7.8A,,-55°C ~ 150°C (TJ),600W,No,,TransZorb®,Zener,1,53.3V,77.4V,48V
SMBJ48CA,Littelfuse Inc.,TVS DIODE 48VWM 77.4VC DO214AA,tvs-diodes,18615,0.57,"DO-214AA, SMB",Surface Mount,Active,https://www.littelfuse.com/assetdocs/tvs-diodes-smbj-series-datasheet?assetguid=ba555e99-a12d-4f72-a0b6-86b06c67171e,https://www.digikey.com/en/products/detail/littelfuse-inc/SMBJ48CA/557396,General Purpose,1,,7.8A,,-65°C ~ 150°C (TJ),600W,No,,SMBJ,Zener,,53.3V,77.4V,48V
SMBJ5.0A,Littelfuse Inc.,TVS DIODE 5VWM 9.2VC DO214AA,tvs-diodes,155849,0.5,"DO-214AA, SMB",Surface Mount,Active,https://www.littelfuse.com/assetdocs/tvs-diodes-smbj-series-datasheet?assetguid=ba555e99-a12d-4f72-a0b6-86b06c67171e,https://www.digikey.com/en/products/detail/littelfuse-inc/SMBJ5-0A/285950,General Purpose,,,65.3A,,-65°C ~ 150°C (TJ),600W,No,,SMBJ,Zener,1,6.4V,9.2V,5V
SMBJ5.0A-E3/52,Vishay General Semiconductor - Diodes Division,TVS DIODE 5VWM 9.2VC DO214AA,tvs-diodes,103446,0.51,"DO-214AA, SMB",Surface Mount,Active,https://www.vishay.com/docs/88392/smbj.pdf,https://www.digikey.com/en/products/detail/vishay-general-semiconductor-diodes-division/SMBJ5-0A-E3-52/1091521,General Purpose,,,65.2A,,-55°C ~ 150°C (TJ),600W,No,,TransZorb®,Zener,1,6.4V,9.2V,5V
SMBJ5.0A-E3/5B,Vishay General Semiconductor - Diodes Division,TVS DIODE 5VWM 9.2VC DO214AA,tvs-diodes,10444,0.56,"DO-214AA, SMB",Surface Mount,Active,https://www.vishay.com/docs/88392/smbj.pdf,https://www.digikey.com/en/products/detail/vishay-general-semiconductor-diodes-division/SMBJ5-0A-E3-5B/2147889,General Purpose,,,65.2A,,-55°C ~ 150°C (TJ),600W,No,,TransZorb®,Zener,1,6.4V,9.2V,5V
SMBJ5.0A-TP,MCC (Micro Commercial Components),TVS DIODE 5VWM 9.2VC DO214AA,tvs-diodes,5547,0.49,"DO-214AA, SMB",Surface Mount,Active,https://www.mccsemi.com/pdf/Products/SMBJ5.0-SMBJ440CA(DO-214AA).pdf,https://www.digikey.com/en/products/detail/mcc-micro-commercial-components/SMBJ5-0A-TP/1200325,General Purpose,,,65.2A,,-55°C ~ 175°C (TJ),600W,No,,,Zener,1,6.4V,9.2V,5V
SMBJ5.0A-TR,STMicroelectronics,TVS DIODE 5VWM 9.2VC SMB,tvs-diodes,10513,0.66,"DO-214AA, SMB",Surface Mount,Active,https://www.st.com/resource/en/datasheet/cd00001366.pdf,https://www.digikey.com/en/products/detail/stmicroelectronics/SMBJ5-0A-TR/654463,General Purpose,,,68A,,-55°C ~ 150°C (TJ),600W,No,,"SMBJ, TRANSIL™",Zener,1,6.4V,9.2V,5V
SMBJ5.0A/TR13,YAGEO,TVS DIODE 5VWM 9.2VC DO214AA,tvs-diodes,1983,0.4,"DO-214AA, SMB",Surface Mount,Active,https://yageogroup.com/content/datasheet/asset/file/SMBJ_1,https://www.digikey.com/en/products/detail/yageo/SMBJ5-0A-TR13/13689559,General Purpose,,,65.3A,,-55°C ~ 150°C (TJ),600W,No,,SMBJ,Zener,1,6.4V,9.2V,5V
SMBJ5.0CA,Littelfuse Inc.,TVS DIODE 5VWM 9.2VC DO214AA,tvs-diodes,19145,0.57,"DO-214AA, SMB",Surface Mount,Active,https://www.littelfuse.com/assetdocs/tvs-diodes-smbj-series-datasheet?assetguid=ba555e99-a12d-4f72-a0b6-86b06c67171e,https://www.digikey.com/en/products/detail/littelfuse-inc/SMBJ5-0CA/285952,General Purpose,1,,65.3A,,-65°C ~ 150°C (TJ),600W,No,,SMBJ,Zener,,6.4V,9.2V,5V
SMBJ5.0CA-13-F,Diodes Incorporated,TVS DIODE 5VWM 9.2VC SMB,tvs-diodes,87538,0.6,"DO-214AA, SMB",Surface Mount,Active,https://www.diodes.com/assets/Datasheets/ds19002.pdf,https://www.digikey.com/en/products/detail/diodes-incorporated/SMBJ5-0CA-13-F/749991,General Purpose,1,,65.2A,,-55°C ~ 150°C (TJ),600W,No,,SMBJ,Zener,,6.4V,9.2V,5V
SMBJ51A,Littelfuse Inc.,TVS DIODE 51VWM 82.4VC DO214AA,tvs-diodes,6048,0.5,"DO-214AA, SMB",Surface Mount,Active,https://www.littelfuse.com/assetdocs/tvs-diodes-smbj-series-datasheet?assetguid=ba555e99-a12d-4f72-a0b6-86b06c67171e,https://www.digikey.com/en/products/detail/littelfuse-inc/SMBJ51A/557398,General Purpose,,,7.3A,,-65°C ~ 150°C (TJ),600W,No,,SMBJ,Zener,1,56.7V,82.4V,51V
SMBJ51A-13-F,Diodes Incorporated,TVS DIODE 51VWM 82.4VC SMB,tvs-diodes,7203,0.57,"DO-214AA, SMB",Surface Mount,Active,https://www.diodes.com/assets/Datasheets/ds19002.pdf,https://www.digikey.com/en/products/detail/diodes-incorporated/SMBJ51A-13-F/814623,General Purpose,,,7.3A,,-55°C ~ 150°C (TJ),600W,No,,SMBJ,Zener,1,56.7V,82.4V,51V
SMBJ51CA,Littelfuse Inc.,TVS DIODE 51VWM 82.4VC DO214AA,tvs-diodes,29083,0.57,"DO-214AA, SMB",Surface Mount,Active,https://www.littelfuse.com/assetdocs/tvs-diodes-smbj-series-datasheet?assetguid=ba555e99-a12d-4f72-a0b6-86b06c67171e,https://www.digikey.com/en/products/detail/littelfuse-inc/SMBJ51CA/688283,General Purpose,1,,7.3A,,-65°C ~ 150°C (TJ),600W,No,,SMBJ,Zener,,56.7V,82.4V,51V
SMBJ54A,Littelfuse Inc.,TVS DIODE 54VWM 87.1VC DO214AA,tvs-diodes,8928,0.5,"DO-214AA, SMB",Surface Mount,Active,https://www.littelfuse.com/assetdocs/tvs-diodes-smbj-series-datasheet?assetguid=ba555e99-a12d-4f72-a0b6-86b06c67171e,https://www.digikey.com/en/products/detail/littelfuse-inc/SMBJ54A/688284,General Purpose,,,6.9A,,-65°C ~ 150°C (TJ),600W,No,,SMBJ,Zener,1,60V,87.1V,54V
SMBJ54A-13-F,Diodes Incorporated,TVS DIODE 54VWM 87.1VC SMB,tvs-diodes,7010,0.53,"DO-214AA, SMB",Surface Mount,Active,https://www.diodes.com/assets/Datasheets/ds19002.pdf,https://www.digikey.com/en/products/detail/diodes-incorporated/SMBJ54A-13-F/768804,General Purpose,,,6.9A,,-55°C ~ 150°C (TJ),600W,No,,SMBJ,Zener,1,60V,87.1V,54V
SMBJ54CA,Littelfuse Inc.,TVS DIODE 54VWM 87.1VC DO214AA,tvs-diodes,20307,0.57,"DO-214AA, SMB",Surface Mount,Active,https://www.littelfuse.com/assetdocs/tvs-diodes-smbj-series-datasheet?assetguid=ba555e99-a12d-4f72-a0b6-86b06c67171e,https://www.digikey.com/en/products/detail/littelfuse-inc/SMBJ54CA/688285,General Purpose,1,,6.9A,,-65°C ~ 150°C (TJ),600W,No,,SMBJ,Zener,,60V,87.1V,54V
SMBJ58A,Littelfuse Inc.,TVS DIODE 58VWM 93.6VC DO214AA,tvs-diodes,20117,0.5,"DO-214AA, SMB",Surface Mount,Active,https://www.littelfuse.com/assetdocs/tvs-diodes-smbj-series-datasheet?assetguid=ba555e99-a12d-4f72-a0b6-86b06c67171e,https://www.digikey.com/en/products/detail/littelfuse-inc/SMBJ58A/688286,General Purpose,,,6.5A,,-65°C ~ 150°C (TJ),600W,No,,SMBJ,Zener,1,64.4V,93.6V,58V
SMBJ58A-13-F,Diodes Incorporated,TVS DIODE 58VWM 93.6VC SMB,tvs-diodes,95842,0.53,"DO-214AA, SMB",Surface Mount,Active,https://www.diodes.com/assets/Datasheets/ds19002.pdf,https://www.digikey.com/en/products/detail/diodes-incorporated/SMBJ58A-13-F/814635,General Purpose,,,6.4A,,-55°C ~ 150°C (TJ),600W,No,,SMBJ,Zener,1,64.4V,93.6V,58V
SMBJ58A-E3/52,Vishay General Semiconductor - Diodes Division,TVS DIODE 58VWM 93.6VC DO214AA,tvs-diodes,9362,0.56,"DO-214AA, SMB",Surface Mount,Active,https://www.vishay.com/docs/88392/smbj.pdf,https://www.digikey.com/en/products/detail/vishay-general-semiconductor-diodes-division/SMBJ58A-E3-52/1119308,General Purpose,,,6.4A,,-55°C ~ 150°C (TJ),600W,No,,TransZorb®,Zener,1,64.4V,93.6V,58V
SMBJ58CA,Littelfuse Inc.,TVS DIODE 58VWM 93.6VC DO214AA,tvs-diodes,24027,0.57,"DO-214AA, SMB",Surface Mount,Active,https://www.littelfuse.com/assetdocs/tvs-diodes-smbj-series-datasheet?assetguid=ba555e99-a12d-4f72-a0b6-86b06c67171e,https://www.digikey.com/en/products/detail/littelfuse-inc/SMBJ58CA/688287,General Purpose,1,,6.5A,,-65°C ~ 150°C (TJ),600W,No,,SMBJ,Zener,,64.4V,93.6V,58V
SMBJ58CA-13-F,Diodes Incorporated,TVS DIODE 58VWM 93.6VC SMB,tvs-diodes,22517,0.6,"DO-214AA, SMB",Surface Mount,Active,https://www.diodes.com/assets/Datasheets/ds19002.pdf,https://www.digikey.com/en/products/detail/diodes-incorporated/SMBJ58CA-13-F/814634,General Purpose,1,,6.4A,,-55°C ~ 150°C (TJ),600W,No,,SMBJ,Zener,,64.4V,93.6V,58V
SMBJ6.0A,Littelfuse Inc.,TVS DIODE 6VWM 10.3VC DO214AA,tvs-diodes,31812,0.5,"DO-214AA, SMB",Surface Mount,Active,https://www.littelfuse.com/assetdocs/tvs-diodes-smbj-series-datasheet?assetguid=ba555e99-a12d-4f72-a0b6-86b06c67171e,https://www.digikey.com/en/products/detail/littelfuse-inc/SMBJ6-0A/285954,General Purpose,,,58.3A,,-65°C ~ 150°C (TJ),600W,No,,SMBJ,Zener,1,6.67V,10.3V,6V
SMBJ6.0A-13-F,Diodes Incorporated,TVS DIODE 6VWM 10.3VC SMB,tvs-diodes,149366,0.57,"DO-214AA, SMB",Surface Mount,Active,https://www.diodes.com/assets/Datasheets/ds19002.pdf,https://www.digikey.com/en/products/detail/diodes-incorporated/SMBJ6-0A-13-F/814625,General Purpose,,,58.3A,,-55°C ~ 150°C (TJ),600W,No,,SMBJ,Zener,1,6.67V,10.3V,6V
SMBJ6.0A-E3/52,Vishay General Semiconductor - Diodes Division,TVS DIODE 6VWM 10.3VC DO214AA,tvs-diodes,14209,0.56,"DO-214AA, SMB",Surface Mount,Active,https://www.vishay.com/docs/88392/smbj.pdf,https://www.digikey.com/en/products/detail/vishay-general-semiconductor-diodes-division/SMBJ6-0A-E3-52/1119312,General Purpose,,,58.3A,,-55°C ~ 150°C (TJ),600W,No,,TransZorb®,Zener,1,6.67V,10.3V,6V
SMBJ6.0CA,Littelfuse Inc.,TVS DIODE 6VWM 10.3VC DO214AA,tvs-diodes,27980,0.57,"DO-214AA, SMB",Surface Mount,Active,https://www.littelfuse.com/assetdocs/tvs-diodes-smbj-series-datasheet?assetguid=ba555e99-a12d-4f72-a0b6-86b06c67171e,https://www.digikey.com/en/products/detail/littelfuse-inc/SMBJ6-0CA/285955,General Purpose,1,,58.3A,,-65°C ~ 150°C (TJ),600W,No,,SMBJ,Zener,,6.67V,10.3V,6V
SMBJ6.0CA-13-F,Diodes Incorporated,TVS DIODE 6VWM 10.3VC SMB,tvs-diodes,2124,0.6,"DO-214AA, SMB",Surface Mount,Active,https://www.diodes.com/assets/Datasheets/ds19002.pdf,https://www.digikey.com/en/products/detail/diodes-incorporated/SMBJ6-0CA-13-F/806557,General Purpose,1,,58.3A,,-55°C ~ 150°C (TJ),600W,No,,SMBJ,Zener,,6.67V,10.3V,6V
SMBJ6.5A,Littelfuse Inc.,TVS DIODE 6.5VWM 11.2V DO214AA,tvs-diodes,10773,0.5,"DO-214AA, SMB",Surface Mount,Active,https://www.littelfuse.com/assetdocs/tvs-diodes-smbj-series-datasheet?assetguid=ba555e99-a12d-4f72-a0b6-86b06c67171e,https://www.digikey.com/en/products/detail/littelfuse-inc/SMBJ6-5A/285956,General Purpose,,,53.6A,,-65°C ~ 150°C (TJ),600W,No,,SMBJ,Zener,1,7.22V,11.2V,6.5V
SMBJ6.5A-13-F,Diodes Incorporated,TVS DIODE 6.5VWM 11.2VC SMB,tvs-diodes,42439,0.49,"DO-214AA, SMB",Surface Mount,Active,https://www.diodes.com/assets/Datasheets/ds19002.pdf,https://www.digikey.com/en/products/detail/diodes-incorporated/SMBJ6-5A-13-F/768805,General Purpose,,,53.6A,,-55°C ~ 150°C (TJ),600W,No,,SMBJ,Zener,1,7.22V,11.2V,6.5V
SMBJ6.5CA,Littelfuse Inc.,TVS DIODE 6.5VWM 11.2V DO214AA,tvs-diodes,35421,0.57,"DO-214AA, SMB",Surface Mount,Active,https://www.littelfuse.com/assetdocs/tvs-diodes-smbj-series-datasheet?assetguid=ba555e99-a12d-4f72-a0b6-86b06c67171e,https://www.digikey.com/en/products/detail/littelfuse-inc/SMBJ6-5CA/285958,General Purpose,1,,53.6A,,-65°C ~ 150°C (TJ),600W,No,,SMBJ,Zener,,7.22V,11.2V,6.5V
SMBJ60A-13-F,Diodes Incorporated,TVS DIODE 60VWM 96.8VC SMB,tvs-diodes,1975,0.53,"DO-214AA, SMB",Surface Mount,Active,https://www.diodes.com/assets/Datasheets/ds19002.pdf,https://www.digikey.com/en/products/detail/diodes-incorporated/SMBJ60A-13-F/814633,General Purpose,,,6.2A,,-55°C ~ 150°C (TJ),600W,No,,SMBJ,Zener,1,66.7V,96.8V,60V
SMBJ60A-E3/52,Vishay General Semiconductor - Diodes Division,TVS DIODE 60VWM 96.8VC DO214AA,tvs-diodes,8482,0.51,"DO-214AA, SMB",Surface Mount,Active,https://www.vishay.com/docs/88392/smbj.pdf,https://www.digikey.com/en/products/detail/vishay-general-semiconductor-diodes-division/SMBJ60A-E3-52/1119320,General Purpose,,,6.2A,,-55°C ~ 150°C (TJ),600W,No,,TransZorb®,Zener,1,66.7V,96.8V,60V
SMBJ64A,Littelfuse Inc.,TVS DIODE 64VWM 103VC DO214AA,tvs-diodes,4379,0.5,"DO-214AA, SMB",Surface Mount,Active,https://www.littelfuse.com/assetdocs/tvs-diodes-smbj-series-datasheet?assetguid=ba555e99-a12d-4f72-a0b6-86b06c67171e,https://www.digikey.com/en/products/detail/littelfuse-inc/SMBJ64A/688289,General Purpose,,,5.9A,,-65°C ~ 150°C (TJ),600W,No,,SMBJ,Zener,1,71.1V,103V,64V
SMBJ64CA,Littelfuse Inc.,TVS DIODE 64VWM 103VC DO214AA,tvs-diodes,51547,0.57,"DO-214AA, SMB",Surface Mount,Active,https://www.littelfuse.com/assetdocs/tvs-diodes-smbj-series-datasheet?assetguid=ba555e99-a12d-4f72-a0b6-86b06c67171e,https://www.digikey.com/en/products/detail/littelfuse-inc/SMBJ64CA/688290,General Purpose,1,,5.9A,,-65°C ~ 150°C (TJ),600W,No,,SMBJ,Zener,,71.1V,103V,64V
SMBJ64CA-13-F,Diodes Incorporated,TVS DIODE 64VWM 103VC SMB,tvs-diodes,9915,0.55,"DO-214AA, SMB",Surface Mount,Active,https://www.diodes.com/assets/Datasheets/ds19002.pdf,https://www.digikey.com/en/products/detail/diodes-incorporated/SMBJ64CA-13-F/814630,General Purpose,1,,5.8A,,-55°C ~ 150°C (TJ),600W,No,,SMBJ,Zener,,71.1V,103V,64V
SMBJ7.0A,Bourns Inc.,TVS DIODE 7VWM 12VC DO214AA,tvs-diodes,23762,0.58,"DO-214AA, SMB",Surface Mount,Active,https://www.bourns.com/docs/Product-Datasheets/SMBJ.pdf,https://www.digikey.com/en/products/detail/bourns-inc/SMBJ7-0A/2254167,General Purpose,,,50A,,-55°C ~ 150°C,600W,Yes,,SMBJ,Zener,1,7.78V,12V,7V
SMBJ7.0A-13-F,Diodes Incorporated,TVS DIODE 7VWM 12VC SMB,tvs-diodes,4453,0.53,"DO-214AA, SMB",Surface Mount,Active,https://www.diodes.com/assets/Datasheets/ds19002.pdf,https://www.digikey.com/en/products/detail/diodes-incorporated/SMBJ7-0A-13-F/765432,General Purpose,,,50A,,-55°C ~ 150°C (TJ),600W,No,,SMBJ,Zener,1,7.78V,12V,7V
SMBJ7.0CA,Littelfuse Inc.,TVS DIODE 7VWM 12VC DO214AA,tvs-diodes,2649,0.57,"DO-214AA, SMB",Surface Mount,Active,https://www.littelfuse.com/assetdocs/tvs-diodes-smbj-series-datasheet?assetguid=ba555e99-a12d-4f72-a0b6-86b06c67171e,https://www.digikey.com/en/products/detail/littelfuse-inc/SMBJ7-0CA/285961,General Purpose,1,,50A,,-65°C ~ 150°C (TJ),600W,No,,SMBJ,Zener,,7.78V,12V,7V
SMBJ7.0CA-13-F,Diodes Incorporated,TVS DIODE 7VWM 12VC SMB,tvs-diodes,103101,0.6,"DO-214AA, SMB",Surface Mount,Active,https://www.diodes.com/assets/Datasheets/ds19002.pdf,https://www.digikey.com/en/products/detail/diodes-incorporated/SMBJ7-0CA-13-F/814609,General Purpose,1,,50A,,-55°C ~ 150°C (TJ),600W,No,,SMBJ,Zener,,7.78V,12V,7V
SMBJ7.5A,Littelfuse Inc.,TVS DIODE 7.5VWM 12.9V DO214AA,tvs-diodes,15174,0.5,"DO-214AA, SMB",Surface Mount,Active,https://www.littelfuse.com/assetdocs/tvs-diodes-smbj-series-datasheet?assetguid=ba555e99-a12d-4f72-a0b6-86b06c67171e,https://www.digikey.com/en/products/detail/littelfuse-inc/SMBJ7-5A/285962,General Purpose,,,46.6A,,-65°C ~ 150°C (TJ),600W,No,,SMBJ,Zener,1,8.33V,12.9V,7.5V
SMBJ7.5A-13-F,Diodes Incorporated,TVS DIODE 7.5VWM 12.9VC SMB,tvs-diodes,25020,0.57,"DO-214AA, SMB",Surface Mount,Active,https://www.diodes.com/assets/Datasheets/ds19002.pdf,https://www.digikey.com/en/products/detail/diodes-incorporated/SMBJ7-5A-13-F/749992,General Purpose,,,46.5A,,-55°C ~ 150°C (TJ),600W,No,,SMBJ,Zener,1,8.33V,12.9V,7.5V
SMBJ7.5CA,Littelfuse Inc.,TVS DIODE 7.5VWM 12.9V DO214AA,tvs-diodes,13280,0.57,"DO-214AA, SMB",Surface Mount,Active,https://www.littelfuse.com/assetdocs/tvs-diodes-smbj-series-datasheet?assetguid=ba555e99-a12d-4f72-a0b6-86b06c67171e,https://www.digikey.com/en/products/detail/littelfuse-inc/SMBJ7-5CA/285964,General Purpose,1,,46.6A,,-65°C ~ 150°C (TJ),600W,No,,SMBJ,Zener,,8.33V,12.9V,7.5V
SMBJ70A,Littelfuse Inc.,TVS DIODE 70VWM 113VC DO214AA,tvs-diodes,23522,0.5,"DO-214AA, SMB",Surface Mount,Active,https://www.littelfuse.com/assetdocs/tvs-diodes-smbj-series-datasheet?assetguid=ba555e99-a12d-4f72-a0b6-86b06c67171e,https://www.digikey.com/en/products/detail/littelfuse-inc/SMBJ70A/688291,General Purpose,,,5.3A,,-65°C ~ 150°C (TJ),600W,No,,SMBJ,Zener,1,77.8V,113V,70V
SMBJ70A-13-F,Diodes Incorporated,TVS DIODE 70VWM 113VC SMB,tvs-diodes,1896,0.57,"DO-214AA, SMB",Surface Mount,Active,https://www.diodes.com/assets/Datasheets/ds19002.pdf,https://www.digikey.com/en/products/detail/diodes-incorporated/SMBJ70A-13-F/814628,General Purpose,,,5.3A,,-55°C ~ 150°C (TJ),600W,No,,SMBJ,Zener,1,77.8V,113V,70V
SMBJ70CA,Littelfuse Inc.,TVS DIODE 70VWM 113VC DO214AA,tvs-diodes,36484,0.57,"DO-214AA, SMB",Surface Mount,Active,https://www.littelfuse.com/assetdocs/tvs-diodes-smbj-series-datasheet?assetguid=ba555e99-a12d-4f72-a0b6-86b06c67171e,https://www.digikey.com/en/products/detail/littelfuse-inc/SMBJ70CA/688292,General Purpose,1,,5.3A,,-65°C ~ 150°C (TJ),600W,No,,SMBJ,Zener,,77.8V,113V,70V
SMBJ75A,Littelfuse Inc.,TVS DIODE 75VWM 121VC DO214AA,tvs-diodes,6144,0.5,"DO-214AA, SMB",Surface Mount,Active,https://www.littelfuse.com/assetdocs/tvs-diodes-smbj-series-datasheet?assetguid=ba555e99-a12d-4f72-a0b6-86b06c67171e,https://www.digikey.com/en/products/detail/littelfuse-inc/SMBJ75A/557418,General Purpose,,,5A,,-65°C ~ 150°C (TJ),600W,No,,SMBJ,Zener,1,83.3V,121V,75V
SMBJ75A-13-F,Diodes Incorporated,TVS DIODE 75VWM 121VC SMB,tvs-diodes,10071,0.53,"DO-214AA, SMB",Surface Mount,Active,https://www.diodes.com/assets/Datasheets/ds19002.pdf,https://www.digikey.com/en/products/detail/diodes-incorporated/SMBJ75A-13-F/814626,General Purpose,,,4.9A,,-55°C ~ 150°C (TJ),600W,No,,SMBJ,Zener,1,83.3V,121V,75V
SMBJ75CA,Littelfuse Inc.,TVS DIODE 75VWM 121VC DO214AA,tvs-diodes,4063,0.57,"DO-214AA, SMB",Surface Mount,Active,https://www.littelfuse.com/assetdocs/tvs-diodes-smbj-series-datasheet?assetguid=ba555e99-a12d-4f72-a0b6-86b06c67171e,https://www.digikey.com/en/products/detail/littelfuse-inc/SMBJ75CA/688293,General Purpose,1,,5A,,-65°C ~ 150°C (TJ),600W,No,,SMBJ,Zener,,83.3V,121V,75V
SMBJ78A,Littelfuse Inc.,TVS DIODE 78VWM 126VC DO214AA,tvs-diodes,4543,0.5,"DO-214AA, SMB",Surface Mount,Active,https://www.littelfuse.com/assetdocs/tvs-diodes-smbj-series-datasheet?assetguid=ba555e99-a12d-4f72-a0b6-86b06c67171e,https://www.digikey.com/en/products/detail/littelfuse-inc/SMBJ78A/688294,General Purpose,,,4.8A,,-65°C ~ 150°C (TJ),600W,No,,SMBJ,Zener,1,86.7V,126V,78V
SMBJ8.0A,Littelfuse Inc.,TVS DIODE 8VWM 13.6VC DO214AA,tvs-diodes,7657,0.5,"DO-214AA, SMB",Surface Mount,Active,https://www.littelfuse.com/assetdocs/tvs-diodes-smbj-series-datasheet?assetguid=ba555e99-a12d-4f72-a0b6-86b06c67171e,https://www.digikey.com/en/products/detail/littelfuse-inc/SMBJ8-0A/557429,General Purpose,,,44.2A,,-65°C ~ 150°C (TJ),600W,No,,SMBJ,Zener,1,8.89V,13.6V,8V
SMBJ8.0CA,Littelfuse Inc.,TVS DIODE 8VWM 13.6VC DO214AA,tvs-diodes,30261,0.57,"DO-214AA, SMB",Surface Mount,Active,https://www.littelfuse.com/assetdocs/tvs-diodes-smbj-series-datasheet?assetguid=ba555e99-a12d-4f72-a0b6-86b06c67171e,https://www.digikey.com/en/products/detail/littelfuse-inc/SMBJ8-0CA/688267,General Purpose,1,,44.2A,,-65°C ~ 150°C (TJ),600W,No,,SMBJ,Zener,,8.89V,13.6V,8V
SMBJ8.5A,Littelfuse Inc.,TVS DIODE 8.5VWM 14.4V DO214AA,tvs-diodes,18270,0.5,"DO-214AA, SMB",Surface Mount,Active,https://www.littelfuse.com/assetdocs/tvs-diodes-smbj-series-datasheet?assetguid=ba555e99-a12d-4f72-a0b6-86b06c67171e,https://www.digikey.com/en/products/detail/littelfuse-inc/SMBJ8-5A/688268,General Purpose,,,41.7A,,-65°C ~ 150°C (TJ),600W,No,,SMBJ,Zener,1,9.44V,14.4V,8.5V
SMBJ85CA,Littelfuse Inc.,TVS DIODE 85VWM 137VC DO214AA,tvs-diodes,9710,0.57,"DO-214AA, SMB",Surface Mount,Active,https://www.littelfuse.com/assetdocs/tvs-diodes-smbj-series-datasheet?assetguid=ba555e99-a12d-4f72-a0b6-86b06c67171e,https://www.digikey.com/en/products/detail/littelfuse-inc/SMBJ85CA/688297,General Purpose,1,,4.4A,,-65°C ~ 150°C (TJ),600W,No,,SMBJ,Zener,,94.4V,137V,85V
SMBJ9.0A,Littelfuse Inc.,TVS DIODE 9VWM 15.4VC DO214AA,tvs-diodes,7067,0.5,"DO-214AA, SMB",Surface Mount,Active,https://www.littelfuse.com/assetdocs/tvs-diodes-smbj-series-datasheet?assetguid=ba555e99-a12d-4f72-a0b6-86b06c67171e,https://www.digikey.com/en/products/detail/littelfuse-inc/SMBJ9-0A/688270,General Purpose,,,39A,,-65°C ~ 150°C (TJ),600W,No,,SMBJ,Zener,1,10V,15.4V,9V
SMBJ9.0A-13-F,Diodes Incorporated,TVS DIODE 9VWM 15.4VC SMB,tvs-diodes,149448,0.53,"DO-214AA, SMB",Surface Mount,Active,https://www.diodes.com/assets/Datasheets/ds19002.pdf,https://www.digikey.com/en/products/detail/diodes-incorporated/SMBJ9-0A-13-F/775756,General Purpose,,,39A,,-55°C ~ 150°C (TJ),600W,No,,SMBJ,Zener,1,10V,15.4V,9V
SMBJ9.0CA,Littelfuse Inc.,TVS DIODE 9VWM 15.4VC DO214AA,tvs-diodes,17359,0.57,"DO-214AA, SMB",Surface Mount,Active,https://www.littelfuse.com/assetdocs/tvs-diodes-smbj-series-datasheet?assetguid=ba555e99-a12d-4f72-a0b6-86b06c67171e,https://www.digikey.com/en/products/detail/littelfuse-inc/SMBJ9-0CA/688271,General Purpose,1,,39A,,-65°C ~ 150°C (TJ),600W,No,,SMBJ,Zener,,10V,15.4V,9V
SMBJ90A,Littelfuse Inc.,TVS DIODE 90VWM 146VC DO214AA,tvs-diodes,10078,0.5,"DO-214AA, SMB",Surface Mount,Active,https://www.littelfuse.com/assetdocs/tvs-diodes-smbj-series-datasheet?assetguid=ba555e99-a12d-4f72-a0b6-86b06c67171e,https://www.digikey.com/en/products/detail/littelfuse-inc/SMBJ90A/557434,General Purpose,,,4.1A,,-65°C ~ 150°C (TJ),600W,No,,SMBJ,Zener,1,100V,146V,90V
SMBJ90CA,Littelfuse Inc.,TVS DIODE 90VWM 146VC DO214AA,tvs-diodes,19514,0.57,"DO-214AA, SMB",Surface Mount,Active,https://www.littelfuse.com/assetdocs/tvs-diodes-smbj-series-datasheet?assetguid=ba555e99-a12d-4f72-a0b6-86b06c67171e,https://www.digikey.com/en/products/detail/littelfuse-inc/SMBJ90CA/688298,General Purpose,1,,4.1A,,-65°C ~ 150°C (TJ),600W,No,,SMBJ,Zener,,100V,146V,90V
SMBJP6KE15A-TP,MCC (Micro Commercial Components),TVS DIODE 12.8VWM 21.2V DO214AA,tvs-diodes,34609,0.49,"DO-214AA, SMB",Surface Mount,Active,https://www.mccsemi.com/pdf/Products/SMBJP6KE6.8(C)A-SMBJP6KE550(C)A(SMB).pdf,https://www.digikey.com/en/products/detail/mcc-micro-commercial-components/SMBJP6KE15A-TP/2345560,General Purpose,,,28.8A,,-55°C ~ 175°C (TJ),600W,No,,SMBJ,Zener,1,14.3V,21.2V,12.8V
SMBJP6KE15CA-TP,MCC (Micro Commercial Components),TVS DIODE 12.8VWM 21.2V DO214AA,tvs-diodes,5445,0.49,"DO-214AA, SMB",Surface Mount,Active,https://www.mccsemi.com/pdf/Products/SMBJP6KE6.8(C)A-SMBJP6KE550(C)A(SMB).pdf,https://www.digikey.com/en/products/detail/mcc-micro-commercial-components/SMBJP6KE15CA-TP/2345561,General Purpose,1,,28.8A,,-55°C ~ 175°C (TJ),600W,No,,SMBJ,Zener,,14.3V,21.2V,12.8V
SMBJP6KE200A-TP,MCC (Micro Commercial Components),TVS DIODE 171VWM 274VC DO214AA,tvs-diodes,85855,0.49,"DO-214AA, SMB",Surface Mount,Active,https://www.mccsemi.com/pdf/Products/SMBJP6KE6.8(C)A-SMBJP6KE550(C)A(SMB).pdf,https://www.digikey.com/en/products/detail/mcc-micro-commercial-components/SMBJP6KE200A-TP/2345566,General Purpose,,,2.2A,,-55°C ~ 175°C (TJ),600W,No,,SMBJ,Zener,1,190V,274V,171V
SMBJP6KE30A-TP,MCC (Micro Commercial Components),TVS DIODE 25.6VWM 41.4V DO214AA,tvs-diodes,5922,0.49,"DO-214AA, SMB",Surface Mount,Active,https://www.mccsemi.com/pdf/Products/SMBJP6KE6.8(C)A-SMBJP6KE550(C)A(SMB).pdf,https://www.digikey.com/en/products/detail/mcc-micro-commercial-components/SMBJP6KE30A-TP/2345580,General Purpose,,,14.7A,,-55°C ~ 175°C (TJ),600W,No,,SMBJ,Zener,1,28.5V,41.4V,25.6V
SMBJP6KE47CA-TP,MCC (Micro Commercial Components),TVS DIODE 40.2VWM 64.8V DO214AA,tvs-diodes,85819,0.49,"DO-214AA, SMB",Surface Mount,Active,https://www.mccsemi.com/pdf/Products/SMBJP6KE6.8(C)A-SMBJP6KE550(C)A(SMB).pdf,https://www.digikey.com/en/products/detail/mcc-micro-commercial-components/SMBJP6KE47CA-TP/2345596,General Purpose,1,,9.4A,,-55°C ~ 175°C (TJ),600W,No,,SMBJ,Zener,,44.7V,64.8V,40.2V
SMBJP6KE6.8A-TP,MCC (Micro Commercial Components),TVS DIODE 5.8VWM 10.5V DO214AA,tvs-diodes,76807,0.49,"DO-214AA, SMB",Surface Mount,Active,https://www.mccsemi.com/pdf/Products/SMBJP6KE6.8(C)A-SMBJP6KE550(C)A(SMB).pdf,https://www.digikey.com/en/products/detail/mcc-micro-commercial-components/SMBJP6KE6-8A-TP/2345608,General Purpose,,,58.1A,,-55°C ~ 175°C (TJ),600W,No,,SMBJ,Zener,1,6.45V,10.5V,5.8V
SMBJP6KE6.8CA-TP,MCC (Micro Commercial Components),TVS DIODE 5.8VWM 10.5V DO214AA,tvs-diodes,8327,0.49,"DO-214AA, SMB",Surface Mount,Active,https://www.mccsemi.com/pdf/Products/SMBJP6KE6.8(C)A-SMBJP6KE550(C)A(SMB).pdf,https://www.digikey.com/en/products/detail/mcc-micro-commercial-components/SMBJP6KE6-8CA-TP/2345609,General Purpose,1,,58.1A,,-55°C ~ 175°C (TJ),600W,No,,SMBJ,Zener,,6.45V,10.5V,5.8V
SMCJ10CA,Bourns Inc.,TVS DIODE 10VWM 17VC DO214AB,tvs-diodes,1262,1.09,"DO-214AB, SMC",Surface Mount,Active,https://www.bourns.com/docs/Product-Datasheets/SMCJ.pdf,https://www.digikey.com/en/products/detail/bourns-inc/SMCJ10CA/2254535,General Purpose,1,,88.3A,,-55°C ~ 150°C (TJ),1500W (1.5kW),No,,SMCJ,Zener,,11.1V,17V,10V
SMCJ12A,Littelfuse Inc.,TVS DIODE 12VWM 19.9VC DO214AB,tvs-diodes,28244,0.94,"DO-214AB, SMC",Surface Mount,Active,https://www.littelfuse.com/assetdocs/littelfuse_tvs_diode_smcj_datasheet.pdf?assetguid=37388813-0d6d-4329-969b-1aa8b7614ac1,https://www.digikey.com/en/products/detail/littelfuse-inc/SMCJ12A/762376,General Purpose,,,75.4A,,-55°C ~ 150°C (TJ),1500W (1.5kW),No,,SMCJ,Zener,1,13.3V,19.9V,12V
SMCJ12CA,Littelfuse Inc.,TVS DIODE 12VWM 19.9VC DO214AB,tvs-diodes,31645,0.97,"DO-214AB, SMC",Surface Mount,Active,https://www.littelfuse.com/assetdocs/littelfuse_tvs_diode_smcj_datasheet.pdf?assetguid=37388813-0d6d-4329-969b-1aa8b7614ac1,https://www.digikey.com/en/products/detail/littelfuse-inc/SMCJ12CA/762377,General Purpose,1,,75.4A,,-55°C ~ 150°C (TJ),1500W (1.5kW),No,,SMCJ,Zener,,13.3V,19.9V,12V
SMCJ150CA,Littelfuse Inc.,TVS DIODE 150VWM 243VC DO214AB,tvs-diodes,24036,1.05,"DO-214AB, SMC",Surface Mount,Active,https://www.littelfuse.com/assetdocs/littelfuse_tvs_diode_smcj_datasheet.pdf?assetguid=37388813-0d6d-4329-969b-1aa8b7614ac1,https://www.digikey.com/en/products/detail/littelfuse-inc/SMCJ150CA/762441,General Purpose,1,,6.2A,,-55°C ~ 150°C,1500W (1.5kW),Yes,,SMCJ,Zener,,167V,243V,150V
SMCJ15CA,Littelfuse Inc.,TVS DIODE 15VWM 24.4VC DO214AB,tvs-diodes,33022,0.97,"DO-214AB, SMC",Surface Mount,Active,https://www.littelfuse.com/assetdocs/littelfuse_tvs_diode_smcj_datasheet.pdf?assetguid=37388813-0d6d-4329-969b-1aa8b7614ac1,https://www.digikey.com/en/products/detail/littelfuse-inc/SMCJ15CA/762383,General Purpose,1,,61.5A,,-55°C ~ 150°C (TJ),1500W (1.5kW),No,,SMCJ,Zener,,16.7V,24.4V,15V
SMCJ16CA,Littelfuse Inc.,TVS DIODE 16VWM 26VC DO214AB,tvs-diodes,17208,0.97,"DO-214AB, SMC",Surface Mount,Active,https://www.littelfuse.com/assetdocs/littelfuse_tvs_diode_smcj_datasheet.pdf?assetguid=37388813-0d6d-4329-969b-1aa8b7614ac1,https://www.digikey.com/en/products/detail/littelfuse-inc/SMCJ16CA/762385,General Purpose,1,,57.7A,,-55°C ~ 150°C (TJ),1500W (1.5kW),No,,SMCJ,Zener,,17.8V,26V,16V
SMCJ18A,Bourns Inc.,TVS DIODE 18VWM 29.2VC DO214AB,tvs-diodes,39542,0.93,"DO-214AB, SMC",Surface Mount,Active,https://www.bourns.com/docs/Product-Datasheets/SMCJ.pdf,https://www.digikey.com/en/products/detail/bourns-inc/SMCJ18A/2254663,General Purpose,,,51.4A,,-55°C ~ 150°C (TJ),1500W (1.5kW),No,,SMCJ,Zener,1,20V,29.2V,18V
SMCJ18CA,Bourns Inc.,TVS DIODE 18VWM 29.2VC DO214AB,tvs-diodes,3453,1.09,"DO-214AB, SMC",Surface Mount,Active,https://www.bourns.com/docs/Product-Datasheets/SMCJ.pdf,https://www.digikey.com/en/products/detail/bourns-inc/SMCJ18CA/2254635,General Purpose,1,,51.4A,,-55°C ~ 150°C (TJ),1500W (1.5kW),No,,SMCJ,Zener,,20V,29.2V,18V
SMCJ200CA,Littelfuse Inc.,TVS DIODE 200VWM 324VC DO214AB,tvs-diodes,7895,1.07,"DO-214AB, SMC",Surface Mount,Active,https://www.littelfuse.com/assetdocs/littelfuse_tvs_diode_smcj_datasheet.pdf?assetguid=37388813-0d6d-4329-969b-1aa8b7614ac1,https://www.digikey.com/en/products/detail/littelfuse-inc/SMCJ200CA/762449,General Purpose,1,,4.6A,,-55°C ~ 150°C,1500W (1.5kW),Yes,,SMCJ,Zener,,224V,324V,200V
SMCJ22CA,Littelfuse Inc.,TVS DIODE 22VWM 35.5VC DO214AB,tvs-diodes,12641,0.97,"DO-214AB, SMC",Surface Mount,Active,https://www.littelfuse.com/assetdocs/littelfuse_tvs_diode_smcj_datasheet.pdf?assetguid=37388813-0d6d-4329-969b-1aa8b7614ac1,https://www.digikey.com/en/products/detail/littelfuse-inc/SMCJ22CA/762393,General Purpose,1,,42.3A,,-55°C ~ 150°C,1500W (1.5kW),Yes,,SMCJ,Zener,,24.4V,35.5V,22V
SMCJ24A,Littelfuse Inc.,TVS DIODE 24VWM 38.9VC DO214AB,tvs-diodes,30500,0.94,"DO-214AB, SMC",Surface Mount,Active,https://www.littelfuse.com/assetdocs/littelfuse_tvs_diode_smcj_datasheet.pdf?assetguid=37388813-0d6d-4329-969b-1aa8b7614ac1,https://www.digikey.com/en/products/detail/littelfuse-inc/SMCJ24A/762394,General Purpose,,,38.6A,,-55°C ~ 150°C (TJ),1500W (1.5kW),No,,SMCJ,Zener,1,26.7V,38.9V,24V
SMCJ24CA,Littelfuse Inc.,TVS DIODE 24VWM 38.9VC DO214AB,tvs-diodes,11434,0.97,"DO-214AB, SMC",Surface Mount,Active,https://www.littelfuse.com/assetdocs/littelfuse_tvs_diode_smcj_datasheet.pdf?assetguid=37388813-0d6d-4329-969b-1aa8b7614ac1,https://www.digikey.com/en/products/detail/littelfuse-inc/SMCJ24CA/762395,General Purpose,1,,38.6A,,-55°C ~ 150°C (TJ),1500W (1.5kW),No,,SMCJ,Zener,,26.7V,38.9V,24V
SMCJ250CA,Littelfuse Inc.,TVS DIODE 250VWM 405VC DO214AB,tvs-diodes,6039,1.4,"DO-214AB, SMC",Surface Mount,Active,https://www.littelfuse.com/assetdocs/littelfuse_tvs_diode_smcj_datasheet.pdf?assetguid=37388813-0d6d-4329-969b-1aa8b7614ac1,https://www.digikey.com/en/products/detail/littelfuse-inc/SMCJ250CA/762453,General Purpose,1,,3.7A,,-55°C ~ 150°C,1500W (1.5kW),Yes,,SMCJ,Zener,,279V,405V,250V
SMCJ26A,Littelfuse Inc.,TVS DIODE 26VWM 42.1VC DO214AB,tvs-diodes,149902,0.94,"DO-214AB, SMC",Surface Mount,Active,https://www.littelfuse.com/assetdocs/littelfuse_tvs_diode_smcj_datasheet.pdf?assetguid=37388813-0d6d-4329-969b-1aa8b7614ac1,https://www.digikey.com/en/products/detail/littelfuse-inc/SMCJ26A/762396,General Purpose,,,35.7A,,-55°C ~ 150°C (TJ),1500W (1.5kW),No,,SMCJ,Zener,1,28.9V,42.1V,26V
SMCJ26CA,Littelfuse Inc.,TVS DIODE 26VWM 42.1VC DO214AB,tvs-diodes,36576,0.97,"DO-214AB, SMC",Surface Mount,Active,https://www.littelfuse.com/assetdocs/littelfuse_tvs_diode_smcj_datasheet.pdf?assetguid=37388813-0d6d-4329-969b-1aa8b7614ac1,https://www.digikey.com/en/products/detail/littelfuse-inc/SMCJ26CA/762397,General Purpose,1,,35.7A,,-55°C ~ 150°C (TJ),1500W (1.5kW),No,,SMCJ,Zener,,28.9V,42.1V,26V
SMCJ28A,Littelfuse Inc.,TVS DIODE 28VWM 45.4VC DO214AB,tvs-diodes,23945,0.94,"DO-214AB, SMC",Surface Mount,Active,https://www.littelfuse.com/assetdocs/littelfuse_tvs_diode_smcj_datasheet.pdf?assetguid=37388813-0d6d-4329-969b-1aa8b7614ac1,https://www.digikey.com/en/products/detail/littelfuse-inc/SMCJ28A/762398,General Purpose,,,33.1A,,-55°C ~ 150°C (TJ),1500W (1.5kW),No,,SMCJ,Zener,1,31.1V,45.4V,28V
SMCJ30A,Littelfuse Inc.,TVS DIODE 30VWM 48.4VC DO214AB,tvs-diodes,1382,0.94,"DO-214AB, SMC",Surface Mount,Active,https://www.littelfuse.com/assetdocs/littelfuse_tvs_diode_smcj_datasheet.pdf?assetguid=37388813-0d6d-4329-969b-1aa8b7614ac1,https://www.digikey.com/en/products/detail/littelfuse-inc/SMCJ30A/762400,General Purpose,,,31A,,-55°C ~ 150°C (TJ),1500W (1.5kW),No,,SMCJ,Zener,1,33.3V,48.4V,30V
SMCJ30CA,Littelfuse Inc.,TVS DIODE 30VWM 48.4VC DO214AB,tvs-diodes,31725,0.97,"DO-214AB, SMC",Surface Mount,Active,https://www.littelfuse.com/assetdocs/littelfuse_tvs_diode_smcj_datasheet.pdf?assetguid=37388813-0d6d-4329-969b-1aa8b7614ac1,https://www.digikey.com/en/products/detail/littelfuse-inc/SMCJ30CA/762401,General Purpose,1,,31A,,-55°C ~ 150°C (TJ),1500W (1.5kW),No,,SMCJ,Zener,,33.3V,48.4V,30V
SMCJ30CA-13-F,Diodes Incorporated,TVS DIODE 30VWM 48.4VC SMC,tvs-diodes,62895,1.29,"DO-214AB, SMC",Surface Mount,Active,,https://www.digikey.com/en/products/detail/diodes-incorporated/SMCJ30CA-13-F/775759,General Purpose,1,,31A,,-55°C ~ 150°C (TJ),1500W (1.5kW),No,,,Zener,,33.3V,48.4V,30V
SMCJ33A,Littelfuse Inc.,TVS DIODE 33VWM 53.3VC DO214AB,tvs-diodes,30915,0.94,"DO-214AB, SMC",Surface Mount,Active,https://www.littelfuse.com/assetdocs/littelfuse_tvs_diode_smcj_datasheet.pdf?assetguid=37388813-0d6d-4329-969b-1aa8b7614ac1,https://www.digikey.com/en/products/detail/littelfuse-inc/SMCJ33A/762402,General Purpose,,,28.2A,,-65°C ~ 150°C (TJ),1500W (1.5kW),No,,SMCJ,Zener,1,36.7V,53.3V,33V
SMCJ33CA,Littelfuse Inc.,TVS DIODE 33VWM 53.3VC DO214AB,tvs-diodes,79376,0.97,"DO-214AB, SMC",Surface Mount,Active,https://www.littelfuse.com/assetdocs/littelfuse_tvs_diode_smcj_datasheet.pdf?assetguid=37388813-0d6d-4329-969b-1aa8b7614ac1,https://www.digikey.com/en/products/detail/littelfuse-inc/SMCJ33CA/762403,General Purpose,1,,28.2A,,-55°C ~ 150°C (TJ),1500W (1.5kW),No,,SMCJ,Zener,,36.7V,53.3V,33V
SMCJ350A,Littelfuse Inc.,TVS DIODE 350VWM 567VC DO214AB,tvs-diodes,43818,1.4,"DO-214AB, SMC",Surface Mount,Active,https://www.littelfuse.com/assetdocs/littelfuse_tvs_diode_smcj_datasheet.pdf?assetguid=37388813-0d6d-4329-969b-1aa8b7614ac1,https://www.digikey.com/en/products/detail/littelfuse-inc/SMCJ350A/762456,General Purpose,,,2.6A,,-55°C ~ 150°C,1500W (1.5kW),Yes,,SMCJ,Zener,1,391V,567V,350V
SMCJ350CA,Littelfuse Inc.,TVS DIODE 350VWM 567VC DO214AB,tvs-diodes,1668,1.4,"DO-214AB, SMC",Surface Mount,Active,https://www.littelfuse.com/assetdocs/littelfuse_tvs_diode_smcj_datasheet.pdf?assetguid=37388813-0d6d-4329-969b-1aa8b7614ac1,https://www.digikey.com/en/products/detail/littelfuse-inc/SMCJ350CA/762457,General Purpose,1,,2.6A,,-55°C ~ 150°C,1500W (1.5kW),Yes,,SMCJ,Zener,,391V,567V,350V
SMCJ36A,Littelfuse Inc.,TVS DIODE 36VWM 58.1VC DO214AB,tvs-diodes,16445,0.94,"DO-214AB, SMC",Surface Mount,Active,https://www.littelfuse.com/assetdocs/littelfuse_tvs_diode_smcj_datasheet.pdf?assetguid=37388813-0d6d-4329-969b-1aa8b7614ac1,https://www.digikey.com/en/products/detail/littelfuse-inc/SMCJ36A/762404,General Purpose,,,25.9A,,-55°C ~ 150°C (TJ),1500W (1.5kW),No,,SMCJ,Zener,1,40V,58.1V,36V
SMCJ36CA,Littelfuse Inc.,TVS DIODE 36VWM 58.1VC DO214AB,tvs-diodes,1530,0.97,"DO-214AB, SMC",Surface Mount,Active,https://www.littelfuse.com/assetdocs/littelfuse_tvs_diode_smcj_datasheet.pdf?assetguid=37388813-0d6d-4329-969b-1aa8b7614ac1,https://www.digikey.com/en/products/detail/littelfuse-inc/SMCJ36CA/762405,General Purpose,1,,25.9A,,-55°C ~ 150°C (TJ),1500W (1.5kW),No,,SMCJ,Zener,,40V,58.1V,36V
SMCJ400A,Littelfuse Inc.,TVS DIODE 400VWM 648VC DO214AB,tvs-diodes,29734,1.4,"DO-214AB, SMC",Surface Mount,Active,https://www.littelfuse.com/assetdocs/littelfuse_tvs_diode_smcj_datasheet.pdf?assetguid=37388813-0d6d-4329-969b-1aa8b7614ac1,https://www.digikey.com/en/products/detail/littelfuse-inc/SMCJ400A/762458,General Purpose,,,2.3A,,-55°C ~ 150°C,1500W (1.5kW),Yes,,SMCJ,Zener,1,447V,648V,400V
SMCJ40CA,Littelfuse Inc.,TVS DIODE 40VWM 64.5VC DO214AB,tvs-diodes,31811,0.97,"DO-214AB, SMC",Surface Mount,Active,https://www.littelfuse.com/assetdocs/littelfuse_tvs_diode_smcj_datasheet.pdf?assetguid=37388813-0d6d-4329-969b-1aa8b7614ac1,https://www.digikey.com/en/products/detail/littelfuse-inc/SMCJ40CA/762407,General Purpose,1,,23.3A,,-55°C ~ 150°C (TJ),1500W (1.5kW),No,,SMCJ,Zener,,44.4V,64.5V,40V
SMCJ43CA,Littelfuse Inc.,TVS DIODE 43VWM 69.4VC DO214AB,tvs-diodes,10085,0.97,"DO-214AB, SMC",Surface Mount,Active,https://www.littelfuse.com/assetdocs/littelfuse_tvs_diode_smcj_datasheet.pdf?assetguid=37388813-0d6d-4329-969b-1aa8b7614ac1,https://www.digikey.com/en/products/detail/littelfuse-inc/SMCJ43CA/2024776,General Purpose,1,,21.7A,,-55°C ~ 150°C (TJ),1500W (1.5kW),No,,SMCJ,Zener,,47.8V,69.4V,43V
SMCJ440CA,Littelfuse Inc.,TVS DIODE 440VWM 713VC DO214AB,tvs-diodes,11746,1.49,"DO-214AB, SMC",Surface Mount,Active,https://www.littelfuse.com/assetdocs/littelfuse_tvs_diode_smcj_datasheet.pdf?assetguid=37388813-0d6d-4329-969b-1aa8b7614ac1,https://www.digikey.com/en/products/detail/littelfuse-inc/SMCJ440CA/762461,General Purpose,1,,2.1A,,-55°C ~ 150°C,1500W (1.5kW),Yes,,SMCJ,Zener,,492V,713V,440V
SMCJ48A,Littelfuse Inc.,TVS DIODE 48VWM 77.4VC DO214AB,tvs-diodes,12930,0.94,"DO-214AB, SMC",Surface Mount,Active,https://www.littelfuse.com/assetdocs/littelfuse_tvs_diode_smcj_datasheet.pdf?assetguid=37388813-0d6d-4329-969b-1aa8b7614ac1,https://www.digikey.com/en/products/detail/littelfuse-inc/SMCJ48A/762410,General Purpose,,,19.4A,,-55°C ~ 150°C,1500W (1.5kW),Yes,,SMCJ,Zener,1,53.3V,77.4V,48V
SMCJ48CA,Littelfuse Inc.,TVS DIODE 48VWM 77.4VC DO214AB,tvs-diodes,20351,0.97,"DO-214AB, SMC",Surface Mount,Active,https://www.littelfuse.com/assetdocs/littelfuse_tvs_diode_smcj_datasheet.pdf?assetguid=37388813-0d6d-4329-969b-1aa8b7614ac1,https://www.digikey.com/en/products/detail/littelfuse-inc/SMCJ48CA/762411,General Purpose,1,,19.4A,,-55°C ~ 150°C (TJ),1500W (1.5kW),No,,SMCJ,Zener,,53.3V,77.4V,48V
SMCJ5.0A,Littelfuse Inc.,TVS DIODE 5VWM 9.2VC DO214AB,tvs-diodes,76629,0.94,"DO-214AB, SMC",Surface Mount,Active,https://www.littelfuse.com/assetdocs/littelfuse_tvs_diode_smcj_datasheet.pdf?assetguid=37388813-0d6d-4329-969b-1aa8b7614ac1,https://www.digikey.com/en/products/detail/littelfuse-inc/SMCJ5-0A/762356,General Purpose,,,163A,,-55°C ~ 150°C (TJ),1500W (1.5kW),No,,SMCJ,Zener,1,6.4V,9.2V,5V
SMCJ5.0CA,Littelfuse Inc.,TVS DIODE 5VWM 9.2VC DO214AB,tvs-diodes,16883,1.01,"DO-214AB, SMC",Surface Mount,Active,https://www.littelfuse.com/assetdocs/littelfuse_tvs_diode_smcj_datasheet.pdf?assetguid=37388813-0d6d-4329-969b-1aa8b7614ac1,https://www.digikey.com/en/products/detail/littelfuse-inc/SMCJ5-0CA/762357,General Purpose,1,,163A,,-55°C ~ 150°C (TJ),1500W (1.5kW),No,,SMCJ,Zener,,6.4V,9.2V,5V
SMCJ58A,Littelfuse Inc.,TVS DIODE 58VWM 93.6VC DO214AB,tvs-diodes,568674,0.94,"DO-214AB, SMC",Surface Mount,Active,https://www.littelfuse.com/assetdocs/littelfuse_tvs_diode_smcj_datasheet.pdf?assetguid=37388813-0d6d-4329-969b-1aa8b7614ac1,https://www.digikey.com/en/products/detail/littelfuse-inc/SMCJ58A/762416,General Purpose,,,16.1A,,-55°C ~ 150°C (TJ),1500W (1.5kW),No,,SMCJ,Zener,1,64.4V,93.6V,58V
SMCJ58CA,Littelfuse Inc.,TVS DIODE 58VWM 93.6VC DO214AB,tvs-diodes,5049,0.97,"DO-214AB, SMC",Surface Mount,Active,https://www.littelfuse.com/assetdocs/littelfuse_tvs_diode_smcj_datasheet.pdf?assetguid=37388813-0d6d-4329-969b-1aa8b7614ac1,https://www.digikey.com/en/products/detail/littelfuse-inc/SMCJ58CA/762417,General Purpose,1,,16.1A,,-55°C ~ 150°C (TJ),1500W (1.5kW),No,,SMCJ,Zener,,64.4V,93.6V,58V
SMCJ6.0A,Littelfuse Inc.,TVS DIODE 6VWM 10.3VC DO214AB,tvs-diodes,36230,0.94,"DO-214AB, SMC",Surface Mount,Active,https://www.littelfuse.com/assetdocs/littelfuse_tvs_diode_smcj_datasheet.pdf?assetguid=37388813-0d6d-4329-969b-1aa8b7614ac1,https://www.digikey.com/en/products/detail/littelfuse-inc/SMCJ6-0A/762358,General Purpose,,,145.7A,,-55°C ~ 150°C (TJ),1500W (1.5kW),No,,SMCJ,Zener,1,6.67V,10.3V,6V
SMCJ60A,Littelfuse Inc.,TVS DIODE 60VWM 96.8VC DO214AB,tvs-diodes,30007,0.94,"DO-214AB, SMC",Surface Mount,Active,https://www.littelfuse.com/assetdocs/littelfuse_tvs_diode_smcj_datasheet.pdf?assetguid=37388813-0d6d-4329-969b-1aa8b7614ac1,https://www.digikey.com/en/products/detail/littelfuse-inc/SMCJ60A/762418,General Purpose,,,15.5A,,-55°C ~ 150°C (TJ),1500W (1.5kW),No,,SMCJ,Zener,1,66.7V,96.8V,60V
SMCJ64A,Littelfuse Inc.,TVS DIODE 64VWM 103VC DO214AB,tvs-diodes,5085,0.94,"DO-214AB, SMC",Surface Mount,Active,https://www.littelfuse.com/assetdocs/littelfuse_tvs_diode_smcj_datasheet.pdf?assetguid=37388813-0d6d-4329-969b-1aa8b7614ac1,https://www.digikey.com/en/products/detail/littelfuse-inc/SMCJ64A/762420,General Purpose,,,14.6A,,-55°C ~ 150°C (TJ),1500W (1.5kW),No,,SMCJ,Zener,1,71.1V,103V,64V
SMCJ70CA-TP,MCC (Micro Commercial Components),TVS DIODE 70VWM 113VC DO214AB,tvs-diodes,14322,0.82,"DO-214AB, SMC",Surface Mount,Active,https://www.mccsemi.com/pdf/Products/SMCJ5.0-SMCJ440CA(DO-214AB).pdf,https://www.digikey.com/en/products/detail/mcc-micro-commercial-components/SMCJ70CA-TP/1200481,General Purpose,1,,13.3A,,-55°C ~ 175°C (TJ),1500W (1.5kW),No,,,Zener,,77.8V,113V,70V
SMCJ75CA,Littelfuse Inc.,TVS DIODE 75VWM 121VC DO214AB,tvs-diodes,27010,0.97,"DO-214AB, SMC",Surface Mount,Active,https://www.littelfuse.com/assetdocs/littelfuse_tvs_diode_smcj_datasheet.pdf?assetguid=37388813-0d6d-4329-969b-1aa8b7614ac1,https://www.digikey.com/en/products/detail/littelfuse-inc/SMCJ75CA/762425,General Purpose,1,,12.4A,,-55°C ~ 150°C (TJ),1500W (1.5kW),No,,SMCJ,Zener,,83.3V,121V,75V
SMDA24C.TBT,Semtech Corporation,TVS DIODE 24VWM 55VC 8-SO,tvs-diodes,2321,5.73,"8-SOIC (0.154"", 3.90mm Width)",Surface Mount,Active,,https://www.digikey.com/en/products/detail/semtech-corporation/SMDA24C-TBT/5113672,General Purpose,4,50pF @ 1MHz,5A (8/20µs),,-55°C ~ 125°C (TJ),300W,No,,SMDAC,Zener,,26.7V,55V,24V (Max)
SMDJ12A,Littelfuse Inc.,TVS DIODE 12VWM 19.9VC DO214AB,tvs-diodes,4246,1.6,"DO-214AB, SMC",Surface Mount,Active,https://www.littelfuse.com/assetdocs/littelfuse-tvs-diode-smdj-datasheet?assetguid=2d9772b3-822b-4362-914d-b74e0a706638,https://www.digikey.com/en/products/detail/littelfuse-inc/SMDJ12A/1835309,General Purpose,,,150.8A,,-65°C ~ 150°C (TJ),3000W (3kW),No,,SMDJ,Zener,1,13.3V,19.9V,12V
SMDJ13A,Littelfuse Inc.,TVS DIODE 13VWM 21.5VC DO214AB,tvs-diodes,235,1.6,"DO-214AB, SMC",Surface Mount,Active,https://www.littelfuse.com/assetdocs/littelfuse-tvs-diode-smdj-datasheet?assetguid=2d9772b3-822b-4362-914d-b74e0a706638,https://www.digikey.com/en/products/detail/littelfuse-inc/SMDJ13A/2024476,General Purpose,,,139.5A,,-65°C ~ 150°C (TJ),3000W (3kW),No,,SMDJ,Zener,1,14.4V,21.5V,13V
SMDJ15CA,Littelfuse Inc.,TVS DIODE 15VWM 24.4VC DO214AB,tvs-diodes,3039,1.67,"DO-214AB, SMC",Surface Mount,Active,https://www.littelfuse.com/assetdocs/littelfuse-tvs-diode-smdj-datasheet?assetguid=2d9772b3-822b-4362-914d-b74e0a706638,https://www.digikey.com/en/products/detail/littelfuse-inc/SMDJ15CA/1835312,General Purpose,1,,123A,,-65°C ~ 150°C (TJ),3000W (3kW),No,,SMDJ,Zener,,16.7V,24.4V,15V
SMDJ160CA,Littelfuse Inc.,TVS DIODE 160VWM 259VC DO214AB,tvs-diodes,7613,2.44,"DO-214AB, SMC",Surface Mount,Active,https://www.littelfuse.com/assetdocs/littelfuse-tvs-diode-smdj-datasheet?assetguid=2d9772b3-822b-4362-914d-b74e0a706638,https://www.digikey.com/en/products/detail/littelfuse-inc/SMDJ160CA/2024493,General Purpose,1,,15.5A,,-65°C ~ 150°C (TJ),3000W (3kW),No,,SMDJ,Zener,,178V,259V,160V
SMDJ18CA,Littelfuse Inc.,TVS DIODE 18VWM 29.2VC DO214AB,tvs-diodes,1737,1.9,"DO-214AB, SMC",Surface Mount,Active,https://www.littelfuse.com/assetdocs/littelfuse-tvs-diode-smdj-datasheet?assetguid=2d9772b3-822b-4362-914d-b74e0a706638,https://www.digikey.com/en/products/detail/littelfuse-inc/SMDJ18CA/1835316,General Purpose,1,,102.7A,,-65°C ~ 150°C (TJ),3000W (3kW),No,,SMDJ,Zener,,20V,29.2V,18V
SMDJ28A,Littelfuse Inc.,TVS DIODE 28VWM 45.4VC DO214AB,tvs-diodes,14879,1.6,"DO-214AB, SMC",Surface Mount,Active,https://www.littelfuse.com/assetdocs/littelfuse-tvs-diode-smdj-datasheet?assetguid=2d9772b3-822b-4362-914d-b74e0a706638,https://www.digikey.com/en/products/detail/littelfuse-inc/SMDJ28A/1835321,General Purpose,,,66.1A,,-65°C ~ 150°C (TJ),3000W (3kW),No,,SMDJ,Zener,1,31.1V,45.4V,28V
SMDJ28CA,Littelfuse Inc.,TVS DIODE 28VWM 45.4VC DO214AB,tvs-diodes,16724,1.82,"DO-214AB, SMC",Surface Mount,Active,https://www.littelfuse.com/assetdocs/littelfuse-tvs-diode-smdj-datasheet?assetguid=2d9772b3-822b-4362-914d-b74e0a706638,https://www.digikey.com/en/products/detail/littelfuse-inc/SMDJ28CA/1835322,General Purpose,1,,66.1A,,-65°C ~ 150°C (TJ),3000W (3kW),No,,SMDJ,Zener,,31.1V,45.4V,28V
SMDJ30CA,Littelfuse Inc.,TVS DIODE 30VWM 48.4VC DO214AB,tvs-diodes,8176,1.86,"DO-214AB, SMC",Surface Mount,Active,https://www.littelfuse.com/assetdocs/littelfuse-tvs-diode-smdj-datasheet?assetguid=2d9772b3-822b-4362-914d-b74e0a706638,https://www.digikey.com/en/products/detail/littelfuse-inc/SMDJ30CA/1835324,General Purpose,1,,62A,,-65°C ~ 150°C (TJ),3000W (3kW),No,,SMDJ,Zener,,33.3V,48.4V,30V
SMDJ33A,Littelfuse Inc.,TVS DIODE 33VWM 53.3VC DO214AB,tvs-diodes,15119,1.6,"DO-214AB, SMC",Surface Mount,Active,https://www.littelfuse.com/assetdocs/littelfuse-tvs-diode-smdj-datasheet?assetguid=2d9772b3-822b-4362-914d-b74e0a706638,https://www.digikey.com/en/products/detail/littelfuse-inc/SMDJ33A/1835325,General Purpose,,,56.3A,,-65°C ~ 150°C (TJ),3000W (3kW),No,,SMDJ,Zener,1,36.7V,53.3V,33V
SMDJ33CA,Littelfuse Inc.,TVS DIODE 33VWM 53.3VC DO214AB,tvs-diodes,4926,1.86,"DO-214AB, SMC",Surface Mount,Active,https://www.littelfuse.com/assetdocs/littelfuse-tvs-diode-smdj-datasheet?assetguid=2d9772b3-822b-4362-914d-b74e0a706638,https://www.digikey.com/en/products/detail/littelfuse-inc/SMDJ33CA/1835326,General Purpose,1,,56.3A,,-65°C ~ 150°C (TJ),3000W (3kW),No,,SMDJ,Zener,,36.7V,53.3V,33V
SMDJ36A,Littelfuse Inc.,TVS DIODE 36VWM 58.1VC DO214AB,tvs-diodes,12199,1.6,"DO-214AB, SMC",Surface Mount,Active,https://www.littelfuse.com/assetdocs/littelfuse-tvs-diode-smdj-datasheet?assetguid=2d9772b3-822b-4362-914d-b74e0a706638,https://www.digikey.com/en/products/detail/littelfuse-inc/SMDJ36A/1835327,General Purpose,,,51.6A,,-65°C ~ 150°C (TJ),3000W (3kW),No,,SMDJ,Zener,1,40V,58.1V,36V
SMDJ36CA,Littelfuse Inc.,TVS DIODE 36VWM 58.1VC DO214AB,tvs-diodes,5546,1.86,"DO-214AB, SMC",Surface Mount,Active,https://www.littelfuse.com/assetdocs/littelfuse-tvs-diode-smdj-datasheet?assetguid=2d9772b3-822b-4362-914d-b74e0a706638,https://www.digikey.com/en/products/detail/littelfuse-inc/SMDJ36CA/1835328,General Purpose,1,,51.6A,,-65°C ~ 150°C (TJ),3000W (3kW),No,,SMDJ,Zener,,40V,58.1V,36V
SMDJ43A,Littelfuse Inc.,TVS DIODE 43VWM 69.4VC DO214AB,tvs-diodes,2100,1.6,"DO-214AB, SMC",Surface Mount,Active,https://www.littelfuse.com/assetdocs/littelfuse-tvs-diode-smdj-datasheet?assetguid=2d9772b3-822b-4362-914d-b74e0a706638,https://www.digikey.com/en/products/detail/littelfuse-inc/SMDJ43A/2024530,General Purpose,,,43.2A,,-65°C ~ 150°C (TJ),3000W (3kW),No,,SMDJ,Zener,1,47.8V,69.4V,43V
SMDJ58A,Littelfuse Inc.,TVS DIODE 58VWM 93.6VC DO214AB,tvs-diodes,383,1.6,"DO-214AB, SMC",Surface Mount,Active,https://www.littelfuse.com/assetdocs/littelfuse-tvs-diode-smdj-datasheet?assetguid=2d9772b3-822b-4362-914d-b74e0a706638,https://www.digikey.com/en/products/detail/littelfuse-inc/SMDJ58A/2024554,General Purpose,,,32.1A,,-65°C ~ 150°C (TJ),3000W (3kW),No,,SMDJ,Zener,1,64.4V,93.6V,58V
SMDJ58CA,Littelfuse Inc.,TVS DIODE 58VWM 93.6VC DO214AB,tvs-diodes,2253,2.0,"DO-214AB, SMC",Surface Mount,Active,https://www.littelfuse.com/assetdocs/littelfuse-tvs-diode-smdj-datasheet?assetguid=2d9772b3-822b-4362-914d-b74e0a706638,https://www.digikey.com/en/products/detail/littelfuse-inc/SMDJ58CA/2024556,General Purpose,1,,32.1A,,-65°C ~ 150°C (TJ),3000W (3kW),No,,SMDJ,Zener,,64.4V,93.6V,58V
SMDJ60A,Littelfuse Inc.,TVS DIODE 60VWM 96.8VC DO214AB,tvs-diodes,11106,1.6,"DO-214AB, SMC",Surface Mount,Active,https://www.littelfuse.com/assetdocs/littelfuse-tvs-diode-smdj-datasheet?assetguid=2d9772b3-822b-4362-914d-b74e0a706638,https://www.digikey.com/en/products/detail/littelfuse-inc/SMDJ60A/2024566,General Purpose,,,31A,,-65°C ~ 150°C (TJ),3000W (3kW),No,,SMDJ,Zener,1,66.7V,96.8V,60V
SMDJ64CA,Littelfuse Inc.,TVS DIODE 64VWM 103VC DO214AB,tvs-diodes,8186,2.0,"DO-214AB, SMC",Surface Mount,Active,https://www.littelfuse.com/assetdocs/littelfuse-tvs-diode-smdj-datasheet?assetguid=2d9772b3-822b-4362-914d-b74e0a706638,https://www.digikey.com/en/products/detail/littelfuse-inc/SMDJ64CA/2024572,General Purpose,1,,29.1A,,-65°C ~ 150°C (TJ),3000W (3kW),No,,SMDJ,Zener,,71.1V,103V,64V
SMF05C.TCT,Semtech Corporation,TVS DIODE 5VWM 12.5VC SC706,tvs-diodes,11693,1.38,"6-TSSOP, SC-88, SOT-363",Surface Mount,Active,,https://www.digikey.com/en/products/detail/semtech-corporation/SMF05C-TCT/1000934,General Purpose,,130pF @ 1MHz,8A (8/20µs),,-55°C ~ 125°C (TJ),100W,No,,SMF,Zener,5,6V,12.5V,5V (Max)
SMF100A,Littelfuse Inc.,TVS DIODE 100VWM 162VC SOD123F,tvs-diodes,6136,0.53,SOD-123F,Surface Mount,Active,https://www.littelfuse.com/assetdocs/tvs-diodes-smf-datasheet?assetguid=7eb8a5b6-bdd0-4561-8f19-0c3cc6f9b2af,https://www.digikey.com/en/products/detail/littelfuse-inc/SMF100A/8552552,General Purpose,,,1.1A,,-65°C ~ 150°C (TJ),200W,No,,SMF,Zener,1,111V,162V,100V
SMF11A,Littelfuse Inc.,TVS DIODE 11VWM 18.2VC SOD123F,tvs-diodes,6150,0.53,SOD-123F,Surface Mount,Active,https://www.littelfuse.com/assetdocs/tvs-diodes-smf-datasheet?assetguid=7eb8a5b6-bdd0-4561-8f19-0c3cc6f9b2af,https://www.digikey.com/en/products/detail/littelfuse-inc/SMF11A/3429602,General Purpose,,,11A,,-55°C ~ 150°C (TJ),200W,No,,SMF,Zener,1,12.2V,18.2V,11V
SMF14A,Littelfuse Inc.,TVS DIODE 14VWM 23.2VC SOD123F,tvs-diodes,5256,0.53,SOD-123F,Surface Mount,Active,https://www.littelfuse.com/assetdocs/tvs-diodes-smf-datasheet?assetguid=7eb8a5b6-bdd0-4561-8f19-0c3cc6f9b2af,https://www.digikey.com/en/products/detail/littelfuse-inc/SMF14A/3672396,General Purpose,,,8.6A,,-55°C ~ 150°C (TJ),200W,No,,SMF,Zener,1,15.6V,23.2V,14V
SMF15A-E3-08,Vishay General Semiconductor - Diodes Division,TVS DIODE 15VWM 24.4VC DO219AB,tvs-diodes,24806,0.52,DO-219AB,Surface Mount,Active,https://www.vishay.com/docs/85881/smf5v0atosmf58a.pdf,https://www.digikey.com/en/products/detail/vishay-general-semiconductor-diodes-division/SMF15A-E3-08/1680579,General Purpose,,367pF @ 1MHz,8.2A,,-65°C ~ 175°C (TJ),200W,No,,eSMP®,Zener,1,16.7V,24.4V,15V
SMF15A-TP,MCC (Micro Commercial Components),TVS DIODE 15VWM 24.4VC SOD123FL,tvs-diodes,7500,0.39,SOD-123F,Surface Mount,Active,https://www.mccsemi.com/pdf/Products/SMF5.0A_SMF200CA(SOD-123FL).pdf,https://www.digikey.com/en/products/detail/mcc-micro-commercial-components/SMF15A-TP/5114151,General Purpose,,,8.2A,,-65°C ~ 175°C (TA),200W,No,,,Zener,1,16.7V,24.4V,15V
SMF16A-TP,MCC (Micro Commercial Components),TVS DIODE 16VWM 26VC SOD123FL,tvs-diodes,95260,0.39,SOD-123F,Surface Mount,Active,https://www.mccsemi.com/pdf/Products/SMF5.0A_SMF200CA(SOD-123FL).pdf,https://www.digikey.com/en/products/detail/mcc-micro-commercial-components/SMF16A-TP/3191591,General Purpose,,,7.7A,,-65°C ~ 175°C (TA),200W,No,,,Zener,1,17.8V,26V,16V
SMF17A,Littelfuse Inc.,TVS DIODE 17VWM 27.6VC SOD123F,tvs-diodes,1097,0.53,SOD-123F,Surface Mount,Active,https://www.littelfuse.com/assetdocs/tvs-diodes-smf-datasheet?assetguid=7eb8a5b6-bdd0-4561-8f19-0c3cc6f9b2af,https://www.digikey.com/en/products/detail/littelfuse-inc/SMF17A/3672399,General Purpose,,,7.2A,,-55°C ~ 150°C (TJ),200W,No,,SMF,Zener,1,18.9V,27.6V,17V
SMF17A-E3-08,Vishay General Semiconductor - Diodes Division,TVS DIODE 17VWM 27.6VC DO219AB,tvs-diodes,113998,0.61,DO-219AB,Surface Mount,Active,https://www.vishay.com/docs/85881/smf5v0atosmf58a.pdf,https://www.digikey.com/en/products/detail/vishay-general-semiconductor-diodes-division/SMF17A-E3-08/1679797,General Purpose,,324pF @ 1MHz,7.2A,,-65°C ~ 175°C (TJ),200W,No,,eSMP®,Zener,1,18.9V,27.6V,17V
SMF17A-TP,MCC (Micro Commercial Components),TVS DIODE 17VWM 27.6VC SOD123FL,tvs-diodes,6575,0.39,SOD-123F,Surface Mount,Active,https://www.mccsemi.com/pdf/Products/SMF5.0A_SMF200CA(SOD-123FL).pdf,https://www.digikey.com/en/products/detail/mcc-micro-commercial-components/SMF17A-TP/5114152,General Purpose,,,7.2A,,-65°C ~ 175°C (TA),200W,No,,,Zener,1,18.9V,27.6V,17V
SMF22A,Littelfuse Inc.,TVS DIODE 22VWM 35.5VC SOD123F,tvs-diodes,1808,0.53,SOD-123F,Surface Mount,Active,https://www.littelfuse.com/assetdocs/tvs-diodes-smf-datasheet?assetguid=7eb8a5b6-bdd0-4561-8f19-0c3cc6f9b2af,https://www.digikey.com/en/products/detail/littelfuse-inc/SMF22A/3672402,General Purpose,,,5.6A,,-55°C ~ 150°C (TJ),200W,No,,SMF,Zener,1,24.4V,35.5V,22V
SMF24A,Diotec Semiconductor,TVS DIODE 24VWM 38.9VC SOD123F,tvs-diodes,16733,0.27,SOD-123F,Surface Mount,Active,https://diotec.com/request/datasheet/smf50a.pdf,https://www.digikey.com/en/products/detail/diotec-semiconductor/SMF24A/13163858,General Purpose,,,5.14A,,-50°C ~ 150°C (TJ),200W,No,,,Zener,1,26.7V,38.9V,24V
SMF24A-E3-08,Vishay General Semiconductor - Diodes Division,TVS DIODE 24VWM 38.9VC DO219AB,tvs-diodes,67914,0.5,DO-219AB,Surface Mount,Active,https://www.vishay.com/docs/85881/smf5v0atosmf58a.pdf,https://www.digikey.com/en/products/detail/vishay-general-semiconductor-diodes-division/SMF24A-E3-08/1680581,General Purpose,,244pF @ 1MHz,5.1A,,-65°C ~ 175°C (TJ),200W,No,,eSMP®,Zener,1,26.7V,38.9V,24V
SMF24A-T13,Littelfuse Inc.,TVS DIODE 24VWM 38.9VC SOD123F,tvs-diodes,12099,0.53,SOD-123F,Surface Mount,Active,https://www.littelfuse.com/assetdocs/tvs-diodes-smf-datasheet?assetguid=7eb8a5b6-bdd0-4561-8f19-0c3cc6f9b2af,https://www.digikey.com/en/products/detail/littelfuse-inc/SMF24A-T13/5235563,General Purpose,,,5.1A,,-55°C ~ 150°C (TJ),200W,No,,SMF,Zener,1,26.7V,38.9V,24V
SMF26A,Eaton - Electronics Division,TVS DIODE 26VWM 42.1VC SOD123FL,tvs-diodes,14045,0.45,SOD-123F,Surface Mount,Active,https://www.eaton.com/content/dam/eaton/products/electronic-components/resources/data-sheet/eaton-smfe-tvs-diode-power-esd-suppressor-data-sheet.pdf,https://www.digikey.com/en/products/detail/eaton-electronics-division/SMF26A/13620811,Telecom,,,4.8A,,-55°C ~ 150°C (TJ),200W,No,,SMF,Zener,1,28.9V,42.1V,26V
SMF26A-E3-18,Vishay General Semiconductor - Diodes Division,TVS DIODE 26VWM 42.1VC DO219AB,tvs-diodes,17410,0.52,DO-219AB,Surface Mount,Active,https://www.vishay.com/docs/85881/smf5v0atosmf58a.pdf,https://www.digikey.com/en/products/detail/vishay-general-semiconductor-diodes-division/SMF26A-E3-18/4872391,General Purpose,,230pF @ 1MHz,4.8A,,-65°C ~ 175°C (TJ),200W,No,,eSMP®,Zener,1,28.9V,42.1V,26V
SMF26A-TP,MCC (Micro Commercial Components),TVS DIODE 26VWM 42.1VC SOD123FL,tvs-diodes,124098,0.39,SOD-123F,Surface Mount,Active,https://www.mccsemi.com/pdf/Products/SMF5.0A_SMF200CA(SOD-123FL).pdf,https://www.digikey.com/en/products/detail/mcc-micro-commercial-components/SMF26A-TP/2268356,General Purpose,,,4.8A,,-65°C ~ 175°C (TA),200W,No,,,Zener,1,28.9V,42.1V,26V
SMF28CA-TP,MCC (Micro Commercial Components),TVS DIODE 28VWM 45.4VC SOD123FL,tvs-diodes,15221,0.39,SOD-123F,Surface Mount,Active,https://www.mccsemi.com/pdf/Products/SMF5.0A_SMF200CA(SOD-123FL).pdf,https://www.digikey.com/en/products/detail/mcc-micro-commercial-components/SMF28CA-TP/7681872,General Purpose,1,,4.4A,,-65°C ~ 175°C (TA),200W,No,,,Zener,,31.1V,45.4V,28V
SMF3.3.TCT,Semtech Corporation,TVS DIODE 3.3VWM 8VC SC705,tvs-diodes,102433,2.12,"5-TSSOP, SC-70-5, SOT-353",Surface Mount,Active,,https://www.digikey.com/en/products/detail/semtech-corporation/SMF3-3-TCT/5113676,General Purpose,,25pF @ 1MHz,5A (8/20µs),,-55°C ~ 125°C (TJ),40W,No,,SMF,Zener,4,3.5V,8V,3.3V (Max)
SMF30A,Taiwan Semiconductor Corporation,TVS DIODE 30VWM 48.4VC SOD123W,tvs-diodes,15690,0.42,SOD-123W,Surface Mount,Active,https://services.taiwansemi.com/storage/resources/datasheet/SMF5.0A SERIES_D2103.pdf,https://www.digikey.com/en/products/detail/taiwan-semiconductor-corporation/SMF30A/8599062,General Purpose,,,4.1A,,-55°C ~ 175°C (TJ),200W,No,,SMF,Zener,1,33.3V,48.4V,30V
SMF30A-TP,MCC (Micro Commercial Components),TVS DIODE 30VWM 48.4VC SOD123FL,tvs-diodes,14849,0.39,SOD-123F,Surface Mount,Active,https://www.mccsemi.com/pdf/Products/SMF5.0A_SMF200CA(SOD-123FL).pdf,https://www.digikey.com/en/products/detail/mcc-micro-commercial-components/SMF30A-TP/5114157,General Purpose,,,4.1A,,-65°C ~ 175°C (TA),200W,No,,,Zener,1,33.3V,48.4V,30V
SMF33A,Diotec Semiconductor,TVS DIODE 33VWM 53.3VC SOD123F,tvs-diodes,1780,0.27,SOD-123F,Surface Mount,Active,https://diotec.com/request/datasheet/smf50a.pdf,https://www.digikey.com/en/products/detail/diotec-semiconductor/SMF33A/13164278,General Purpose,,,3.75A,,-50°C ~ 150°C (TJ),200W,No,,,Zener,1,36.7V,53.3V,33V
SMF33A-TP,MCC (Micro Commercial Components),TVS DIODE 33VWM 53.3VC SOD123FL,tvs-diodes,47907,0.39,SOD-123F,Surface Mount,Active,https://www.mccsemi.com/pdf/Products/SMF5.0A_SMF200CA(SOD-123FL).pdf,https://www.digikey.com/en/products/detail/mcc-micro-commercial-components/SMF33A-TP/2404586,General Purpose,,,3.8A,,-65°C ~ 175°C (TA),200W,No,,,Zener,1,36.7V,53.3V,33V
SMF33CA-TP,MCC (Micro Commercial Components),TVS DIODE 33VWM 53.3VC SOD123FL,tvs-diodes,58020,0.39,SOD-123F,Surface Mount,Active,https://www.mccsemi.com/pdf/Products/SMF5.0A_SMF200CA(SOD-123FL).pdf,https://www.digikey.com/en/products/detail/mcc-micro-commercial-components/SMF33CA-TP/7320158,General Purpose,1,,3.8A,,-65°C ~ 175°C (TA),200W,No,,,Zener,,36.7V,53.3V,33V
SMF36A,Diotec Semiconductor,TVS DIODE 36VWM 58.1VC SOD123F,tvs-diodes,6989,0.27,SOD-123F,Surface Mount,Active,https://diotec.com/request/datasheet/smf50a.pdf,https://www.digikey.com/en/products/detail/diotec-semiconductor/SMF36A/13164595,General Purpose,,,3.44A,,-50°C ~ 150°C (TJ),200W,No,,,Zener,1,40V,58.1V,36V
SMF36CA,Diotec Semiconductor,TVS DIODE 36VWM 58.1VC SOD123FL,tvs-diodes,2688,0.27,SOD-123F,Surface Mount,Active,https://diotec.com/request/datasheet/smf50a.pdf,https://www.digikey.com/en/products/detail/diotec-semiconductor/SMF36CA/22193419,General Purpose,1,,3.44A,,-50°C ~ 150°C (TJ),200W,No,,,Zener,,40V,58.1V,36V
SMF40CA-TP,MCC (Micro Commercial Components),TVS DIODE 40VWM 64.5VC SOD123FL,tvs-diodes,4987,0.39,SOD-123F,Surface Mount,Active,https://www.mccsemi.com/pdf/Products/SMF5.0A_SMF200CA(SOD-123FL).pdf,https://www.digikey.com/en/products/detail/mcc-micro-commercial-components/SMF40CA-TP/5224329,General Purpose,1,,3.1A,,-65°C ~ 175°C (TA),200W,No,,,Zener,,44.4V,64.5V,40V
SMF45A,Littelfuse Inc.,TVS DIODE 45VWM 72.7VC SOD123F,tvs-diodes,12600,0.53,SOD-123F,Surface Mount,Active,https://www.littelfuse.com/assetdocs/tvs-diodes-smf-datasheet?assetguid=7eb8a5b6-bdd0-4561-8f19-0c3cc6f9b2af,https://www.digikey.com/en/products/detail/littelfuse-inc/SMF45A/3672411,General Purpose,,,2.8A,,-55°C ~ 150°C (TJ),200W,No,,SMF,Zener,1,50V,72.7V,45V
SMF48A-E3-08,Vishay General Semiconductor - Diodes Division,TVS DIODE 48VWM 77.4VC DO219AB,tvs-diodes,2595,0.52,DO-219AB,Surface Mount,Active,https://www.vishay.com/docs/85881/smf5v0atosmf58a.pdf,https://www.digikey.com/en/products/detail/vishay-general-semiconductor-diodes-division/SMF48A-E3-08/1679805,General Purpose,,161pF @ 1MHz,2.6A,,-65°C ~ 175°C (TJ),200W,No,,eSMP®,Zener,1,53.3V,77.4V,48V
SMF4L30CA,Littelfuse Inc.,TVS DIODE 30VWM 48.4VC SOD123F,tvs-diodes,6924,0.64,SOD-123F,Surface Mount,Active,https://www.littelfuse.com/assetdocs/tvs-diodes-smf4l-datasheet?assetguid=d2ba8fab-1de3-4176-8530-f36ecb0b8799,https://www.digikey.com/en/products/detail/littelfuse-inc/SMF4L30CA/10710140,General Purpose,1,,8.3A,,-55°C ~ 150°C (TJ),400W,No,,SMF4L,Zener,,33.3V,48.4V,30V
SMF4L33CA,Littelfuse Inc.,TVS DIODE 33VWM 53.3VC SOD123F,tvs-diodes,39267,0.64,SOD-123F,Surface Mount,Active,https://www.littelfuse.com/assetdocs/tvs-diodes-smf4l-datasheet?assetguid=d2ba8fab-1de3-4176-8530-f36ecb0b8799,https://www.digikey.com/en/products/detail/littelfuse-inc/SMF4L33CA/10710207,General Purpose,1,,7.5A,,-55°C ~ 150°C (TJ),400W,No,,SMF4L,Zener,,36.7V,53.3V,33V
SMF4L36CA,Littelfuse Inc.,TVS DIODE 36VWM 58.1VC SOD123F,tvs-diodes,41669,0.64,SOD-123F,Surface Mount,Active,https://www.littelfuse.com/assetdocs/tvs-diodes-smf4l-datasheet?assetguid=d2ba8fab-1de3-4176-8530-f36ecb0b8799,https://www.digikey.com/en/products/detail/littelfuse-inc/SMF4L36CA/10710256,General Purpose,1,,6.9A,,-55°C ~ 150°C (TJ),400W,No,,SMF4L,Zener,,40V,58.1V,36V
SMF5.0A,Diotec Semiconductor,TVS DIODE 5VWM 9.2VC SOD123F,tvs-diodes,4826,0.27,SOD-123F,Surface Mount,Active,https://diotec.com/request/datasheet/smf50a.pdf,https://www.digikey.com/en/products/detail/diotec-semiconductor/SMF5-0A/13163545,General Purpose,,,21.74A,,-50°C ~ 150°C (TJ),200W,No,,,Zener,1,6.4V,9.2V,5V
SMF5.0A-T13,Littelfuse Inc.,TVS DIODE 5VWM 9.2VC SOD123F,tvs-diodes,9732,0.53,SOD-123F,Surface Mount,Active,https://www.littelfuse.com/assetdocs/tvs-diodes-smf-datasheet?assetguid=7eb8a5b6-bdd0-4561-8f19-0c3cc6f9b2af,https://www.digikey.com/en/products/detail/littelfuse-inc/SMF5-0A-T13/5235573,General Purpose,,,21.7A,,-55°C ~ 150°C (TJ),200W,No,,SMF,Zener,1,6.4V,9.2V,5V
SMF5.0A-TP,MCC (Micro Commercial Components),TVS DIODE 5VWM 9.2VC SOD123FL,tvs-diodes,62497,0.39,SOD-123F,Surface Mount,Active,https://www.mccsemi.com/pdf/Products/SMF5.0A_SMF200CA(SOD-123FL).pdf,https://www.digikey.com/en/products/detail/mcc-micro-commercial-components/SMF5-0A-TP/2268353,General Purpose,,,21.7A,,-65°C ~ 175°C (TA),200W,No,,,Zener,1,6.4V,9.2V,5V
SMF5.0CA,Diotec Semiconductor,TVS DIODE 5VWM 9.2VC SOD123FL,tvs-diodes,2424,0.27,SOD-123F,Surface Mount,Active,https://diotec.com/request/datasheet/smf50a.pdf,https://www.digikey.com/en/products/detail/diotec-semiconductor/SMF5-0CA/22191079,General Purpose,1,,21.74A,,-50°C ~ 150°C (TJ),200W,No,,,Zener,,6.4V,9.2V,5V
SMF5.0CA-TP,MCC (Micro Commercial Components),TVS DIODE 5VWM 9.2VC SOD123FL,tvs-diodes,8021,0.39,SOD-123F,Surface Mount,Active,https://www.mccsemi.com/pdf/Products/SMF5.0A_SMF200CA(SOD-123FL).pdf,https://www.digikey.com/en/products/detail/mcc-micro-commercial-components/SMF5-0CA-TP/7320159,General Purpose,1,,21.7A,,-65°C ~ 175°C (TA),200W,No,,,Zener,,6.4V,9.2V,5V
SMF51A,Littelfuse Inc.,TVS DIODE 51VWM 82.4VC SOD123F,tvs-diodes,13754,0.53,SOD-123F,Surface Mount,Active,https://www.littelfuse.com/assetdocs/tvs-diodes-smf-datasheet?assetguid=7eb8a5b6-bdd0-4561-8f19-0c3cc6f9b2af,https://www.digikey.com/en/products/detail/littelfuse-inc/SMF51A/3672413,General Purpose,,,2.4A,,-55°C ~ 150°C (TJ),200W,No,,SMF,Zener,1,56.7V,82.4V,51V
SMF58A,Littelfuse Inc.,TVS DIODE 58VWM 93.6VC SOD123F,tvs-diodes,2630,0.53,SOD-123F,Surface Mount,Active,https://www.littelfuse.com/assetdocs/tvs-diodes-smf-datasheet?assetguid=7eb8a5b6-bdd0-4561-8f19-0c3cc6f9b2af,https://www.digikey.com/en/products/detail/littelfuse-inc/SMF58A/5235576,General Purpose,,,2.1A,,-55°C ~ 150°C (TJ),200W,No,,SMF,Zener,1,64.4V,93.6V,58V
SMF5V0A-E3-08,Vishay General Semiconductor - Diodes Division,TVS DIODE 5VWM 9.2VC DO219AB,tvs-diodes,174543,0.52,DO-219AB,Surface Mount,Active,https://www.vishay.com/docs/85881/smf5v0atosmf58a.pdf,https://www.digikey.com/en/products/detail/vishay-general-semiconductor-diodes-division/SMF5V0A-E3-08/1680585,General Purpose,,1120pF @ 1MHz,21.7A,,-65°C ~ 175°C (TJ),200W,No,,eSMP®,Zener,1,6.4V,9.2V,5V
SMF5V0A-M3-08,Vishay General Semiconductor - Diodes Division,TVS DIODE 5VWM 9.2VC DO219AB,tvs-diodes,20237,0.54,DO-219AB,Surface Mount,Active,https://www.vishay.com/docs/85881/smf5v0atosmf58a.pdf,https://www.digikey.com/en/products/detail/vishay-general-semiconductor-diodes-division/SMF5V0A-M3-08/4874358,General Purpose,,1120pF @ 1MHz,21.7A,,-65°C ~ 175°C (TJ),200W,No,,eSMP®,Zener,1,6.4V,9.2V,5V
SMF6.0A,Littelfuse Inc.,TVS DIODE 6VWM 10.3VC SOD123F,tvs-diodes,23219,0.52,SOD-123F,Surface Mount,Active,https://www.littelfuse.com/assetdocs/tvs-diodes-smf-datasheet?assetguid=7eb8a5b6-bdd0-4561-8f19-0c3cc6f9b2af,https://www.digikey.com/en/products/detail/littelfuse-inc/SMF6-0A/3429606,General Purpose,,,19.4A,,-55°C ~ 150°C (TJ),200W,No,,SMF,Zener,1,6.67V,10.3V,6V
SMF6.5A,Littelfuse Inc.,TVS DIODE 6.5VWM 11.2VC SOD123F,tvs-diodes,2504,0.53,SOD-123F,Surface Mount,Active,https://www.littelfuse.com/assetdocs/tvs-diodes-smf-datasheet?assetguid=7eb8a5b6-bdd0-4561-8f19-0c3cc6f9b2af,https://www.digikey.com/en/products/detail/littelfuse-inc/SMF6-5A/3429607,General Purpose,,,17.9A,,-55°C ~ 150°C (TJ),200W,No,,SMF,Zener,1,7.22V,11.2V,6.5V
SMF6.5A-TP,MCC (Micro Commercial Components),TVS DIODE 6.5VWM 11.2V SOD123FL,tvs-diodes,67996,0.39,SOD-123F,Surface Mount,Active,https://www.mccsemi.com/pdf/Products/SMF5.0A_SMF200CA(SOD-123FL).pdf,https://www.digikey.com/en/products/detail/mcc-micro-commercial-components/SMF6-5A-TP/5114165,General Purpose,,,17.9A,,-65°C ~ 175°C (TA),200W,No,,,Zener,1,7.22V,11.2V,6.5V
SMF6V0A-E3-08,Vishay General Semiconductor - Diodes Division,TVS DIODE 6VWM 10.3VC DO219AB,tvs-diodes,45525,0.52,DO-219AB,Surface Mount,Active,https://www.vishay.com/docs/85881/smf5v0atosmf58a.pdf,https://www.digikey.com/en/products/detail/vishay-general-semiconductor-diodes-division/SMF6V0A-E3-08/1679807,General Purpose,,1063pF @ 1MHz,19.4A,,-65°C ~ 175°C (TJ),200W,No,,eSMP®,Zener,1,6.67V,10.3V,6V
SMF6V5A-E3-08,Vishay General Semiconductor - Diodes Division,TVS DIODE 6.5VWM 11.2V DO219AB,tvs-diodes,66881,0.52,DO-219AB,Surface Mount,Active,https://www.vishay.com/docs/85881/smf5v0atosmf58a.pdf,https://www.digikey.com/en/products/detail/vishay-general-semiconductor-diodes-division/SMF6V5A-E3-08/1680586,General Purpose,,938pF @ 1MHz,17.9A,,-65°C ~ 175°C (TJ),200W,No,,eSMP®,Zener,1,7.22V,11.2V,6.5V
SMF8.0A,Littelfuse Inc.,TVS DIODE 8VWM 13.6VC SOD123F,tvs-diodes,4879,0.53,SOD-123F,Surface Mount,Active,https://www.littelfuse.com/assetdocs/tvs-diodes-smf-datasheet?assetguid=7eb8a5b6-bdd0-4561-8f19-0c3cc6f9b2af,https://www.digikey.com/en/products/detail/littelfuse-inc/SMF8-0A/3429599,General Purpose,,,14.7A,,-55°C ~ 150°C (TJ),200W,No,,SMF,Zener,1,8.89V,13.6V,8V
SMF9.0A,Littelfuse Inc.,TVS DIODE 9VWM 15.4VC SOD123F,tvs-diodes,4217,0.53,SOD-123F,Surface Mount,Active,https://www.littelfuse.com/assetdocs/tvs-diodes-smf-datasheet?assetguid=7eb8a5b6-bdd0-4561-8f19-0c3cc6f9b2af,https://www.digikey.com/en/products/detail/littelfuse-inc/SMF9-0A/3429595,General Purpose,,,13A,,-55°C ~ 150°C (TJ),200W,No,,SMF,Zener,1,10V,15.4V,9V
SMF90A-TP,MCC (Micro Commercial Components),TVS DIODE 90VWM 146VC SOD123FL,tvs-diodes,6041,0.39,SOD-123F,Surface Mount,Active,https://www.mccsemi.com/pdf/Products/SMF5.0A_SMF200CA(SOD-123FL).pdf,https://www.digikey.com/en/products/detail/mcc-micro-commercial-components/SMF90A-TP/5114170,General Purpose,,,1.2A,,-65°C ~ 175°C (TA),200W,No,,,Zener,1,100V,146V,90V
SMLJ150CA,Bourns Inc.,TVS DIODE 150VWM 243VC SMC,tvs-diodes,2172,1.98,"DO-214AB, SMC",Surface Mount,Active,https://www.bourns.com/docs/Product-Datasheets/SMLJ.pdf,https://www.digikey.com/en/products/detail/bourns-inc/SMLJ150CA/2253523,General Purpose,1,,12.4A,,-55°C ~ 150°C (TJ),3000W (3kW),No,,SMLJ,Zener,,167V,243V,150V
SMLJ170CA,Bourns Inc.,TVS DIODE 170VWM 275VC SMC,tvs-diodes,16577,1.98,"DO-214AB, SMC",Surface Mount,Active,https://www.bourns.com/docs/Product-Datasheets/SMLJ.pdf,https://www.digikey.com/en/products/detail/bourns-inc/SMLJ170CA/2254738,General Purpose,1,,11A,,-55°C ~ 150°C (TJ),3000W (3kW),No,,SMLJ,Zener,,189V,275V,170V
SMLJ30CA-TP,MCC (Micro Commercial Components),TVS DIODE 30VWM 48.4VC DO214AB,tvs-diodes,10008,1.72,"DO-214AB, SMC",Surface Mount,Active,https://www.mccsemi.com/pdf/Products/SMLJ5.0-SMLJ440CA(LSMC).pdf,https://www.digikey.com/en/products/detail/mcc-micro-commercial-components/SMLJ30CA-TP/1959870,General Purpose,1,,62A,,-55°C ~ 175°C (TJ),3000W (3kW),No,,,Zener,,33.3V,48.4V,30V
SMLJ33CA,Bourns Inc.,TVS DIODE 33VWM 53.3VC SMC,tvs-diodes,13891,1.85,"DO-214AB, SMC",Surface Mount,Active,https://www.bourns.com/docs/Product-Datasheets/SMLJ.pdf,https://www.digikey.com/en/products/detail/bourns-inc/SMLJ33CA/2253503,General Purpose,1,,56.2A,,-55°C ~ 150°C (TJ),3000W (3kW),No,,SMLJ,Zener,,36.7V,53.3V,33V
SMLJ36CA,Bourns Inc.,TVS DIODE 36VWM 58.1VC SMC,tvs-diodes,11261,1.85,"DO-214AB, SMC",Surface Mount,Active,https://www.bourns.com/docs/Product-Datasheets/SMLJ.pdf,https://www.digikey.com/en/products/detail/bourns-inc/SMLJ36CA/2253504,General Purpose,1,,51.6A,,-55°C ~ 150°C (TJ),3000W (3kW),No,,SMLJ,Zener,,40V,58.1V,36V
SMLJ40CA,Bourns Inc.,TVS DIODE 40VWM 64.5VC SMC,tvs-diodes,2120,1.85,"DO-214AB, SMC",Surface Mount,Active,https://www.bourns.com/docs/Product-Datasheets/SMLJ.pdf,https://www.digikey.com/en/products/detail/bourns-inc/SMLJ40CA/2253505,General Purpose,1,,46.4A,,-55°C ~ 150°C (TJ),3000W (3kW),No,,SMLJ,Zener,,44.4V,64.5V,40V
SMLJ58CA,Bourns Inc.,TVS DIODE 58VWM 93.6VC SMC,tvs-diodes,7626,1.98,"DO-214AB, SMC",Surface Mount,Active,https://www.bourns.com/docs/Product-Datasheets/SMLJ.pdf,https://www.digikey.com/en/products/detail/bourns-inc/SMLJ58CA/2253511,General Purpose,1,,32A,,-55°C ~ 150°C (TJ),3000W (3kW),No,,SMLJ,Zener,,64.4V,93.6V,58V
SMLVT3V3,STMicroelectronics,TVS DIODE 3.3VWM 10.3VC SMB,tvs-diodes,42800,1.26,"DO-214AA, SMB",Surface Mount,Active,https://www.st.com/resource/en/datasheet/cd00000923.pdf,https://www.digikey.com/en/products/detail/stmicroelectronics/SMLVT3V3/603521,General Purpose,,5200pF @ 1MHz,200A (8/20µs),,-25°C ~ 175°C (TJ),600W,No,,"SMLV, TRANSIL™",Zener,1,4.1V,10.3V,3.3V
SMS05.TCT,Semtech Corporation,TVS DIODE 5VWM 14.5VC SOT23-6,tvs-diodes,3019,2.36,SOT-23-6,Surface Mount,Active,,https://www.digikey.com/en/products/detail/semtech-corporation/SMS05-TCT/1833990,General Purpose,,325pF @ 1MHz,24A (8/20µs),,-55°C ~ 125°C (TJ),350W,No,,SMS,Zener,4,6V,14.5V,5V (Max)
SMS05CT1G,onsemi,TVS DIODE 5VWM 14.5VC 6TSOP,tvs-diodes,24856,0.61,"SOT-23-6 Thin, TSOT-23-6",Surface Mount,Active,https://www.onsemi.com/pdf/datasheet/sms05c-d.pdf,https://www.digikey.com/en/products/detail/onsemi/SMS05CT1G/921674,General Purpose,,260pF @ 1MHz,24A (8/20µs),,-40°C ~ 150°C (TJ),350W,No,,,Zener,5,6.2V,14.5V,5V (Max)
SMS3.3.TCT,Semtech Corporation,TVS DIODE 3.3VWM 8.7VC SOT23-6,tvs-diodes,201208,2.0,SOT-23-6,Surface Mount,Active,,https://www.digikey.com/en/products/detail/semtech-corporation/SMS3-3-TCT/5113681,General Purpose,,35pF @ 1MHz,12A (8/20µs),,-55°C ~ 125°C (TJ),200W,No,,SMS,Zener,4,3.5V,8.7V,3.3V (Max)
SP0201B-ULC-01UTG,Littelfuse Inc.,TVS DIODE 7VWM 10VC 0201,tvs-diodes,43013,0.65,0201 (0603 Metric),Surface Mount,Active,https://www.littelfuse.com/assetdocs/ultra-low-capacitance-discrete-tvs-series-datasheet?assetguid=54962f33-9d87-4d79-919d-dac7ef6a0067,https://www.digikey.com/en/products/detail/littelfuse-inc/SP0201B-ULC-01UTG/6250107,General Purpose,1,0.1pF @ 1MHz,2A (8/20µs),Automotive,-30°C ~ 85°C (TA),,No,AEC-Q101,SPA®,Zener,,9.8V (Typ),10V (Typ),7V (Max)
SP0201U-ULC-01UTG,Littelfuse Inc.,TVS DIODE 7VWM 9.2VC 0201,tvs-diodes,7257,0.56,0201 (0603 Metric),Surface Mount,Active,https://www.littelfuse.com/assetdocs/ultra-low-capacitance-discrete-tvs-series-datasheet?assetguid=54962f33-9d87-4d79-919d-dac7ef6a0067,https://www.digikey.com/en/products/detail/littelfuse-inc/SP0201U-ULC-01UTG/6250109,General Purpose,,0.2pF @ 1MHz,2A (8/20µs),Automotive,-30°C ~ 85°C (TA),,No,AEC-Q101,SPA®,Zener,1,9V (Typ),9.2V (Typ),7V (Max)
SP03-6BTG,Littelfuse Inc.,TVS DIODE 6VWM 20VC 8-SOIC,tvs-diodes,3996,3.33,"8-SOIC (0.154"", 3.90mm Width)",Surface Mount,Active,https://www.digikey.com//mm.digikey.com/Volume0/opasdata/d220001/medias/docus/7125/PdfFile237181.pdf,https://www.digikey.com/en/products/detail/littelfuse-inc/SP03-6BTG/1894622,Ethernet,,16pF @ 1MHz,150A (8/20µs),,-40°C ~ 125°C (TJ),2800W (2.8kW),Yes,,"SP03-6, SPA®",Steering (Rail to Rail),2,6.8V,20V,6V (Max)
SP0402B-ELC-01ETG,Littelfuse Inc.,TVS DIODE 7VWM 14VC 0402/2DFN,tvs-diodes,132839,0.69,0402 (1006 Metric),Surface Mount,Active,https://www.littelfuse.com/assetdocs/enhanced-esd-discrete-tvs-series-datasheet?assetguid=d3ef7f35-5bf2-4f45-af96-3fc6aefd5eac,https://www.digikey.com/en/products/detail/littelfuse-inc/SP0402B-ELC-01ETG/6348253,General Purpose,1,0.15pF @ 1MHz,2.5A (8/20µs),,-30°C ~ 85°C (TA),,No,,SPA®,Zener,,9.6V (Typ),14V (Typ),7V
SP0402B-ULC-01ETG,Littelfuse Inc.,TVS DIODE 5VWM 10VC 0402/2DFN,tvs-diodes,176355,0.61,0402 (1006 Metric),Surface Mount,Active,https://www.littelfuse.com/assetdocs/ultra-low-capacitance-discrete-tvs-series-datasheet?assetguid=54962f33-9d87-4d79-919d-dac7ef6a0067,https://www.digikey.com/en/products/detail/littelfuse-inc/SP0402B-ULC-01ETG/6348254,General Purpose,1,0.1pF @ 1MHz,2A (8/20µs),Automotive,-30°C ~ 85°C (TA),,No,AEC-Q101,SPA®,Zener,,9.8V (Typ),10V (Typ),5V
SP0402U-ULC-01ETG,Littelfuse Inc.,TVS DIODE 5VWM 9.2VC 0402/2DFN,tvs-diodes,160506,0.52,0402 (1006 Metric),Surface Mount,Active,https://www.littelfuse.com/assetdocs/ultra-low-capacitance-discrete-tvs-series-datasheet?assetguid=54962f33-9d87-4d79-919d-dac7ef6a0067,https://www.digikey.com/en/products/detail/littelfuse-inc/SP0402U-ULC-01ETG/6348257,General Purpose,,0.2pF @ 1MHz,2A (8/20µs),Automotive,-30°C ~ 85°C (TA),,No,AEC-Q101,SPA®,Zener,1,9V (Typ),9.2V (Typ),5V
SP0502BAJTG,Littelfuse Inc.,TVS DIODE 5.5VWM 8.5VC SC703,tvs-diodes,29231,1.34,"SC-70, SOT-323",Surface Mount,Active,https://www.littelfuse.com/assetdocs/tvs-diode-array-spasp050xba-lead-freegreen-datasheet?assetguid=15a03de1-f0c6-457a-95f1-55d449fdd756,https://www.digikey.com/en/products/detail/littelfuse-inc/SP0502BAJTG/1210793,General Purpose,,,,,-40°C ~ 125°C,,No,,"SP05, SPA®",Zener,2,,8.5V,5.5V (Max)
SP0504BAHTG,Littelfuse Inc.,TVS DIODE 5.5VWM 8.5VC SOT23-5,tvs-diodes,15894,1.59,"SC-74A, SOT-753",Surface Mount,Active,https://www.littelfuse.com/assetdocs/tvs-diode-array-spasp050xba-lead-freegreen-datasheet?assetguid=15a03de1-f0c6-457a-95f1-55d449fdd756,https://www.digikey.com/en/products/detail/littelfuse-inc/SP0504BAHTG/1154431,General Purpose,,,,,-40°C ~ 125°C,,No,,"SP05, SPA®",Zener,4,,8.5V,5.5V (Max)
SP0504BAJTG,Littelfuse Inc.,TVS DIODE 5.5VWM 8.5VC SC705,tvs-diodes,20160,1.71,"5-TSSOP, SC-70-5, SOT-353",Surface Mount,Active,https://www.littelfuse.com/assetdocs/tvs-diode-array-spasp050xba-lead-freegreen-datasheet?assetguid=15a03de1-f0c6-457a-95f1-55d449fdd756,https://www.digikey.com/en/products/detail/littelfuse-inc/SP0504BAJTG/1210776,General Purpose,,,,,-40°C ~ 125°C,,No,,"SP05, SPA®",Zener,4,,8.5V,5.5V (Max)
SP0504SHTG,Littelfuse Inc.,TVS DIODE 5.5VWM 8.5VC SOT23-6,tvs-diodes,125747,0.97,SOT-23-6,Surface Mount,Active,https://www.littelfuse.com/assetdocs/littelfuse-tvs-diode-array-sp0504s-datasheet?assetguid=ebbf6ff8-ff5c-47f4-a570-49f0193ecbbc,https://www.digikey.com/en/products/detail/littelfuse-inc/SP0504SHTG/3621560,General Purpose,,,,,-40°C ~ 125°C (TJ),,No,,"SP0504, SPA®",Zener,4,,8.5V,5.5V (Max)
SP0505BAHTG,Littelfuse Inc.,TVS DIODE 5.5VWM 8.5VC SOT23-6,tvs-diodes,3652,1.69,SOT-23-6,Surface Mount,Active,https://www.littelfuse.com/assetdocs/tvs-diode-array-spasp050xba-lead-freegreen-datasheet?assetguid=15a03de1-f0c6-457a-95f1-55d449fdd756,https://www.digikey.com/en/products/detail/littelfuse-inc/SP0505BAHTG/1154309,General Purpose,,,,,-40°C ~ 125°C,,No,,"SP05, SPA®",Zener,5,,8.5V,5.5V (Max)
SP0505BAJTG,Littelfuse Inc.,TVS DIODE 5.5VWM 8.5VC SC706,tvs-diodes,3740,1.86,"6-TSSOP, SC-88, SOT-363",Surface Mount,Active,https://www.littelfuse.com/assetdocs/tvs-diode-array-spasp050xba-lead-freegreen-datasheet?assetguid=15a03de1-f0c6-457a-95f1-55d449fdd756,https://www.digikey.com/en/products/detail/littelfuse-inc/SP0505BAJTG/1210667,General Purpose,,,,,-40°C ~ 125°C,,No,,"SP05, SPA®",Zener,5,,8.5V,5.5V (Max)
SP1001-02JTG,Littelfuse Inc.,TVS DIODE 5.5VWM 13VC SC703,tvs-diodes,183028,0.74,"SC-70, SOT-323",Surface Mount,Active,https://www.littelfuse.com/assetdocs/littelfuse-tvs-diode-array-sp1001-datasheet?assetguid=c793b6b1-660c-4ef5-90f0-f9e86b28aed9,https://www.digikey.com/en/products/detail/littelfuse-inc/SP1001-02JTG/1920176,,,,2A (8/20µs),Automotive,-40°C ~ 125°C (TJ),,No,AEC-Q101,"SP1001, SPA®",Zener,2,7V,13V,5.5V (Max)
SP1001-04JTG,Littelfuse Inc.,TVS DIODE 5.5VWM 13VC SC705,tvs-diodes,53120,0.94,"5-TSSOP, SC-70-5, SOT-353",Surface Mount,Active,https://www.littelfuse.com/assetdocs/littelfuse-tvs-diode-array-sp1001-datasheet?assetguid=c793b6b1-660c-4ef5-90f0-f9e86b28aed9,https://www.digikey.com/en/products/detail/littelfuse-inc/SP1001-04JTG/1920178,,,,2A (8/20µs),Automotive,-40°C ~ 125°C (TJ),,No,AEC-Q101,"SP1001, SPA®",Zener,4,7V,13V,5.5V (Max)
SP1001-04XTG,Littelfuse Inc.,TVS DIODE 5.5VWM 13VC SOT553,tvs-diodes,53724,0.97,SOT-553,Surface Mount,Active,https://www.littelfuse.com/assetdocs/littelfuse-tvs-diode-array-sp1001-datasheet?assetguid=c793b6b1-660c-4ef5-90f0-f9e86b28aed9,https://www.digikey.com/en/products/detail/littelfuse-inc/SP1001-04XTG/1920179,General Purpose,,,2A (8/20µs),,-40°C ~ 125°C (TJ),,No,,"SP1001, SPA®",Zener,4,7V,13V,5.5V (Max)
SP1001-05JTG,Littelfuse Inc.,TVS DIODE 5.5VWM 13VC SC706,tvs-diodes,15009,1.1,"6-TSSOP, SC-88, SOT-363",Surface Mount,Active,https://www.littelfuse.com/assetdocs/littelfuse-tvs-diode-array-sp1001-datasheet?assetguid=c793b6b1-660c-4ef5-90f0-f9e86b28aed9,https://www.digikey.com/en/products/detail/littelfuse-inc/SP1001-05JTG/1920180,,,,2A (8/20µs),Automotive,-40°C ~ 125°C (TJ),,No,AEC-Q101,"SP1001, SPA®",Zener,5,7V,13V,5.5V (Max)
SP1001-05XTG,Littelfuse Inc.,TVS DIODE 5.5VWM 13VC SOT563,tvs-diodes,32071,1.13,"SOT-563, SOT-666",Surface Mount,Active,https://www.littelfuse.com/assetdocs/littelfuse-tvs-diode-array-sp1001-datasheet?assetguid=c793b6b1-660c-4ef5-90f0-f9e86b28aed9,https://www.digikey.com/en/products/detail/littelfuse-inc/SP1001-05XTG/1920181,General Purpose,,,2A (8/20µs),,-40°C ~ 125°C (TJ),,No,,"SP1001, SPA®",Zener,5,7V,13V,5.5V (Max)
SP1002-02JTG,Littelfuse Inc.,TVS DIODE 6VWM 16VC SC705,tvs-diodes,61759,0.75,"5-TSSOP, SC-70-5, SOT-353",Surface Mount,Active,https://www.littelfuse.com/assetdocs/littelfuse_tvs_diode_array_sp1002_datasheet.pdf?assetguid=8f7ee289-fb27-4ba8-afad-c7d31fe3eeab,https://www.digikey.com/en/products/detail/littelfuse-inc/SP1002-02JTG/3305614,General Purpose,2,,2A (8/20µs),,-40°C ~ 125°C (TJ),,No,,"SP1002, SPA®",Zener,,8V,16V,6V (Max)
SP1003-01DTG,Littelfuse Inc.,TVS DIODE 5VWM 12VC SOD723,tvs-diodes,11101,0.74,SOD-723,Surface Mount,Active,https://www.littelfuse.com/assetdocs/littelfuse_tvs_diode_array_sp1003_datasheet.pdf?assetguid=12e91f0b-9a70-47f1-8c30-51aa42e84dd5,https://www.digikey.com/en/products/detail/littelfuse-inc/SP1003-01DTG/2093049,General Purpose,,,7A (8/20µs),,-40°C ~ 125°C (TJ),,No,,"SP1003, SPA®",Zener,1,6V,12V (Typ),5V (Max)
SP1003-01ETG,Littelfuse Inc.,TVS DIODE 5VWM 12VC SOD882,tvs-diodes,75018,0.64,SOD-882,Surface Mount,Active,https://www.littelfuse.com/assetdocs/littelfuse_tvs_diode_array_sp1003_datasheet.pdf?assetguid=12e91f0b-9a70-47f1-8c30-51aa42e84dd5,https://www.digikey.com/en/products/detail/littelfuse-inc/SP1003-01ETG/2741734,,,,7A (8/20µs),Automotive,-40°C ~ 125°C (TJ),,No,AEC-Q101,"SP1003, SPA®",Zener,1,6V,12V (Typ),5V (Max)
SP1004U-ULC-04UTG,Littelfuse Inc.,TVS DIODE 9.2VC 1004/10DFN,tvs-diodes,5493,1.03,10-XFDFN,Surface Mount,Active,https://www.littelfuse.com/assetdocs/littelfuse_tvs_diode_array_ultra_low_capacitance_diode_arrays_datasheet.pdf?assetguid=03876e90-1979-448e-b2ee-6071ef500868,https://www.digikey.com/en/products/detail/littelfuse-inc/SP1004U-ULC-04UTG/6348259,General Purpose,,0.2pF @ 1MHz,2A (8/20µs),,-40°C ~ 125°C,,No,,SPA®,Zener,4,9V (Typ),9.2V (Typ),
SP1005-01ETG,Littelfuse Inc.,TVS DIODE 6VWM 15.6VC SOD882,tvs-diodes,118439,0.47,SOD-882,Surface Mount,Active,https://www.littelfuse.com/assetdocs/littelfuse_tvs_diode_array_sp1005_datasheet.pdf?assetguid=52a245c3-fc07-42d4-9891-4cdd6cceab3f,https://www.digikey.com/en/products/detail/littelfuse-inc/SP1005-01ETG/4251947,,1,,10A (8/20µs),Automotive,-40°C ~ 125°C (TJ),,No,AEC-Q101,"SP1005, SPA®",Zener,,8.5V (Typ),15.6V,6V (Max)
SP1005-01WTG,Littelfuse Inc.,TVS DIODE 6VWM 1 0201 FLIPCHIP,tvs-diodes,28357,0.49,0201 (0603 Metric),Surface Mount,Active,https://www.littelfuse.com/assetdocs/littelfuse_tvs_diode_array_sp1005_datasheet.pdf?assetguid=52a245c3-fc07-42d4-9891-4cdd6cceab3f,https://www.digikey.com/en/products/detail/littelfuse-inc/SP1005-01WTG/2340661,General Purpose,1,,10A (8/20µs),,-40°C ~ 125°C (TJ),,No,,"SP1005, SPA®",Zener,,8.5V (Typ),15.6V,6V (Max)
SP1006-01UTG,Littelfuse Inc.,TVS DIODE 6VWM 9.2VC 2UDFN,tvs-diodes,13842,0.49,0201 (0603 Metric),Surface Mount,Active,https://www.littelfuse.com/assetdocs/littelfuse_tvs_diode_array_sp1006_datasheet.pdf?assetguid=4521d626-8152-467f-b112-22bc9db63fea,https://www.digikey.com/en/products/detail/littelfuse-inc/SP1006-01UTG/2665308,General Purpose,,,5A (8/20µs),,-40°C ~ 125°C (TJ),,No,,"SP1006, SPA®",Zener,1,7.8V (Typ),9.2V,6V (Max)
SP1007-01ETG,Littelfuse Inc.,TVS DIODE 6VWM 9.2VC SOD882,tvs-diodes,69922,0.47,SOD-882,Surface Mount,Active,https://www.littelfuse.com/assetdocs/littelfuse_tvs_diode_array_sp1007_datasheet.pdf?assetguid=fcbdfc8e-b10b-4d90-ad90-b7da1dfffcb8,https://www.digikey.com/en/products/detail/littelfuse-inc/SP1007-01ETG/4251948,General Purpose,1,,5A (8/20µs),,-40°C ~ 125°C (TJ),,No,,"SP1007, SPA®",Zener,,7.8V (Typ),9.2V,6V (Max)
SP12-01WTG-C-HV,Littelfuse Inc.,TVS DIODE 12VWM 19VC 2FLIPCHIP,tvs-diodes,131685,0.37,"2-XFDFN, FCDFN",Surface Mount,Active,https://www.littelfuse.com/assetdocs/littelfuse_tvs_diode_array_spxx_datasheet.pdf?assetguid=e9cafe84-0ea3-48c4-a781-23e22af3df74,https://www.digikey.com/en/products/detail/littelfuse-inc/SP12-01WTG-C-HV/5719300,General Purpose,1,26pF @ 1MHz,8A (8/20µs),,-40°C ~ 125°C (TJ),100W,No,,"SPXX, SPA®",Zener,,13.3V,19V,12V (Max)
SP1250-01ETG,Littelfuse Inc.,TVS DIODE 5VWM 10VC SOD882,tvs-diodes,28553,0.54,SOD-882,Surface Mount,Active,https://www.littelfuse.com/assetdocs/littelfuse_tvs_diode_array_sp1250_datasheet.pdf?assetguid=e52bbf49-0dd7-4706-9776-b2e12ebb5a3a,https://www.digikey.com/en/products/detail/littelfuse-inc/SP1250-01ETG/12759439,,,118pF @ 1MHz,50A (8/20µs),Automotive,-40°C ~ 125°C (TA),,No,,"SP1250, SPA®",Zener,1,5.5V,10V,5V (Max)
SP1326-01LTG,Littelfuse Inc.,TVS DIODE 6VWM 15.5VC SOD523,tvs-diodes,73212,0.5,"SC-79, SOD-523",Surface Mount,Active,https://www.littelfuse.com/assetdocs/littelfuse_tvs_diode_array_sp1326_datasheet.pdf?assetguid=17f9f407-938a-46e0-a6d1-feca398d00ef,https://www.digikey.com/en/products/detail/littelfuse-inc/SP1326-01LTG/8017923,General Purpose,1,15pF @ 1MHz,4A (8/20µs),,-40°C ~ 125°C (TA),,No,,"SP1326, SPA®",Zener,,7.8V (Typ),15.5V (Typ),6V (Max)
SP1333-01UTG,Littelfuse Inc.,TVS DIODE 3.3VWM 9V 0201/DFN0603,tvs-diodes,17896,0.47,0201 (0603 Metric),Surface Mount,Active,https://www.littelfuse.com/assetdocs/littelfuse_tvs_diode_array_sp1333_datasheet.pdf?assetguid=e4311bf4-1f4d-4a56-8382-01555c152246,https://www.digikey.com/en/products/detail/littelfuse-inc/SP1333-01UTG/9828986,General Purpose,1,,5A (8/20µs),,-40°C ~ 125°C (TA),,No,,"SP1333, SPA®",Zener,,3.5V,9V,3.3V (Max)
SP15-01WTG-C-HV,Littelfuse Inc.,TVS DIODE 15VWM 27VC 2FLIPCHIP,tvs-diodes,13195,0.37,"2-XFDFN, FCDFN",Surface Mount,Active,https://www.littelfuse.com/assetdocs/littelfuse_tvs_diode_array_spxx_datasheet.pdf?assetguid=e9cafe84-0ea3-48c4-a781-23e22af3df74,https://www.digikey.com/en/products/detail/littelfuse-inc/SP15-01WTG-C-HV/5719301,General Purpose,1,21pF @ 1MHz,5A (8/20µs),,-40°C ~ 125°C (TJ),100W,No,,"SPXX, SPA®",Zener,,16.7V,27V,15V (Max)
SP2555NUTG,Littelfuse Inc.,TVS DIODE 2.5VWM 19VC 10UDFN,tvs-diodes,13205,2.36,10-UDFN Exposed Pad,Surface Mount,Active,https://www.littelfuse.com/assetdocs/littelfuse_tvs_diode_array_sp2555nutg_datasheet.pdf?assetguid=1c8bd9cc-a5f3-4ac2-95f1-35da9fc667d1,https://www.digikey.com/en/products/detail/littelfuse-inc/SP2555NUTG/7019687,Ethernet,,2.5pF @ 1MHz,45A (8/20µs),Automotive,-40°C ~ 125°C (TA),1000W (1kW),Yes,AEC-Q101,"SP2555, SPA®",Steering (Rail to Rail),4,,19V,2.5V
SP3002-04JTG,Littelfuse Inc.,TVS DIODE 6VWM 13VC SC706,tvs-diodes,73960,1.26,"6-TSSOP, SC-88, SOT-363",Surface Mount,Active,https://www.littelfuse.com/assetdocs/tvs-diode-array-spa-sp3002-datasheet?assetguid=c8b2f2f8-79d8-4a9c-8435-7393b0361abe,https://www.digikey.com/en/products/detail/littelfuse-inc/SP3002-04JTG/1948832,General Purpose,,,4.5A (8/20µs),,-40°C ~ 125°C (TJ),,Yes,,"SP3002, SPA®",Steering (Rail to Rail),4,,13V,6V (Max)
SP3003-02JTG,Littelfuse Inc.,TVS DIODE 6VWM 15VC SC705,tvs-diodes,38754,1.58,"5-TSSOP, SC-70-5, SOT-353",Surface Mount,Active,https://www.littelfuse.com/assetdocs/littelfuse-tvs-diode-array-sp3003-datasheet?assetguid=217bd10c-e1c8-4a7b-a2f5-64d7294c8270,https://www.digikey.com/en/products/detail/littelfuse-inc/SP3003-02JTG/2024613,General Purpose,,,2.5A (8/20µs),,-40°C ~ 125°C (TJ),,Yes,,"SP3003, SPA®",Steering (Rail to Rail),2,,15V,6V (Max)
SP3003-02XTG,Littelfuse Inc.,TVS DIODE 6VWM 15VC SOT553,tvs-diodes,9491,1.7,SOT-553,Surface Mount,Active,https://www.littelfuse.com/assetdocs/littelfuse-tvs-diode-array-sp3003-datasheet?assetguid=217bd10c-e1c8-4a7b-a2f5-64d7294c8270,https://www.digikey.com/en/products/detail/littelfuse-inc/SP3003-02XTG/2024614,General Purpose,,,2.5A (8/20µs),,-40°C ~ 125°C (TJ),,Yes,,"SP3003, SPA®",Steering (Rail to Rail),2,,15V,6V (Max)
SP3003-04JTG,Littelfuse Inc.,TVS DIODE 6VWM 15VC SC706,tvs-diodes,6031,1.31,"6-TSSOP, SC-88, SOT-363",Surface Mount,Active,https://www.littelfuse.com/assetdocs/littelfuse-tvs-diode-array-sp3003-datasheet?assetguid=217bd10c-e1c8-4a7b-a2f5-64d7294c8270,https://www.digikey.com/en/products/detail/littelfuse-inc/SP3003-04JTG/1948833,General Purpose,,,2.5A (8/20µs),,-40°C ~ 125°C (TJ),,Yes,,"SP3003, SPA®",Steering (Rail to Rail),4,,15V,6V (Max)
SP3004-04XTG,Littelfuse Inc.,TVS DIODE 6VWM 15VC SOT563,tvs-diodes,114,1.28,"SOT-563, SOT-666",Surface Mount,Active,https://www.littelfuse.com/assetdocs/littelfuse_tvs_diode_array_sp3004_datasheet.pdf?assetguid=452dabe7-d17b-428c-929b-886a4e296b4f,https://www.digikey.com/en/products/detail/littelfuse-inc/SP3004-04XTG/2096785,General Purpose,,,4A (8/20µs),,-40°C ~ 125°C (TJ),,Yes,,"SP3004, SPA®",Steering (Rail to Rail),4,,15V,6V (Max)
SP3010-04UTG,Littelfuse Inc.,TVS DIODE 6VWM 12.3VC 10UDFN,tvs-diodes,29442,1.55,10-UFDFN,Surface Mount,Active,https://www.littelfuse.com/assetdocs/tvs-diode-arrays-spa-sp3010-datasheet?assetguid=45c5abf7-7fdd-437b-a47f-7ff9f7df8819,https://www.digikey.com/en/products/detail/littelfuse-inc/SP3010-04UTG/2297260,General Purpose,,,3A (8/20µs),,-40°C ~ 125°C (TJ),,Yes,,"SP3010, SPA®",Steering (Rail to Rail),4,,12.3V (Typ),6V (Max)
SP3011-06UTG,Littelfuse Inc.,TVS DIODE 6VWM 12.5VC 14UDFN,tvs-diodes,9414,1.82,14-UFDFN,Surface Mount,Active,https://www.littelfuse.com/assetdocs/tvs-diode-array-spa-sp3011-datasheet?assetguid=c9002a97-9994-449b-b722-f45ab5538c7f,https://www.digikey.com/en/products/detail/littelfuse-inc/SP3011-06UTG/2391373,General Purpose,,,3A (8/20µs),,-40°C ~ 125°C (TJ),,Yes,,"SP3011, SPA®",Steering (Rail to Rail),6,,12.5V,6V (Max)
SP3021-01ETG,Littelfuse Inc.,TVS DIODE 5VWM 14.7VC SOD882,tvs-diodes,65456,0.53,SOD-882,Surface Mount,Active,https://www.littelfuse.com/assetdocs/littelfuse_tvs_diode_array_sp3021_datasheet.pdf?assetguid=02714df5-d4f5-4e09-baec-2bc99a517824,https://www.digikey.com/en/products/detail/littelfuse-inc/SP3021-01ETG/3598389,HDMI,1,,2A (8/20µs),,-40°C ~ 125°C (TJ),,No,,"SP3021, SPA®",Zener,,7V,14.7V (Typ),5V (Max)
SP3022-01ETG,Littelfuse Inc.,TVS DIODE 5.3VWM 12VC SOD882,tvs-diodes,111415,0.67,SOD-882,Surface Mount,Active,https://www.littelfuse.com/assetdocs/littelfuse-tvs-diode-array-sp3022-datasheet?assetguid=a27ecccd-9fa4-4223-9a25-f0bb33be4303,https://www.digikey.com/en/products/detail/littelfuse-inc/SP3022-01ETG/5032247,General Purpose,1,,3A (8/20µs),Automotive,-40°C ~ 125°C (TJ),20W,No,AEC-Q101,"SP3022, SPA®",Zener,,6.8V,12V,5.3V (Max)
SP3205-01ETG,Littelfuse Inc.,TVS DIODE 3.3VWM 12VC SOD882,tvs-diodes,74114,0.57,SOD-882,Surface Mount,Active,https://www.digikey.com//mm.digikey.com/Volume0/opasdata/d220001/medias/docus/488/SP3205_Series_DS.pdf,https://www.digikey.com/en/products/detail/littelfuse-inc/SP3205-01ETG/12154656,,,0.3pF @ 1MHz,4A (8/20µs),Automotive,-40°C ~ 125°C (TA),,No,AEC-Q101,3205,Zener,1,3.6V,12V,3.3V (Max)
SP3213-01UTG,Littelfuse Inc.,TVS DIODE 5VWM 18VC 0201/DFN0603,tvs-diodes,67603,0.83,0201 (0603 Metric),Surface Mount,Active,https://www.littelfuse.com/assetdocs/littelfuse_tvs_diode_array_sp3213_datasheet.pdf?assetguid=29d20161-585f-4c30-a530-601bd163ef3a,https://www.digikey.com/en/products/detail/littelfuse-inc/SP3213-01UTG/9974427,General Purpose,1,0.09pF @ 1MHz,2A (8/20µs),Automotive,-40°C ~ 125°C,,No,AEC-Q101,SPA®,Zener,,6.2V,18V,5V (Max)
SP3222-02ETG,Littelfuse Inc.,TVS DIODE 3.3VWM 10VC SOD883,tvs-diodes,3835,0.64,3-UFDFN,Surface Mount,Active,https://www.littelfuse.com/assetdocs/tv-diode-array-spa-sp3222-datasheet?assetguid=cd261880-79a7-430a-aedd-288a3092c16f,https://www.digikey.com/en/products/detail/littelfuse-inc/SP3222-02ETG/7592841,USB,,,3A,,-40°C ~ 125°C (TA),30W,Yes,,"SP3222, SPA®",Zener,2,6.1V,10V (Typ),3.3V (Max)
SP3374NUTG,Littelfuse Inc.,TVS DIODE 3.3VWM 18VC 10UDFN,tvs-diodes,18564,2.47,10-UDFN Exposed Pad,Surface Mount,Active,https://www.littelfuse.com/assetdocs/littelfuse_tvs_diode_array_sp3374nutg_datasheet.pdf?assetguid=de8e8d6a-5ec0-49f3-b529-79d9e346d4f7,https://www.digikey.com/en/products/detail/littelfuse-inc/SP3374NUTG/6137766,Ethernet,,3.5pF @ 1MHz,25A (8/20µs),Automotive,-40°C ~ 125°C (TJ),1000W (1kW),Yes,AEC-Q101,SPA®,Steering (Rail to Rail),4,,18V,3.3V (Max)
SP3384NUTG,Littelfuse Inc.,TVS DIODE 3.3VWM 15VC 10UDFN,tvs-diodes,1374,2.63,10-UDFN Exposed Pad,Surface Mount,Active,https://www.littelfuse.com/assetdocs/littelfuse_tvs_diode_array_sp3384nutg_datasheet.pdf?assetguid=0dfe1e27-b446-4813-b787-5ddda2fe38f9,https://www.digikey.com/en/products/detail/littelfuse-inc/SP3384NUTG/10322611,,,0.7pF @ 1MHz,15A (8/20µs),Automotive,-40°C ~ 125°C,,,AEC-Q101,"SP3384N, SPA®",Zener,4,6.5V,15V,3.3V (Max)
SP3400-02UTG,Littelfuse Inc.,TVS DIODE 5VWM 16VC 6UDFN,tvs-diodes,47013,1.1,6-UFDFN,Surface Mount,Active,https://www.littelfuse.com/assetdocs/tvs-diode-array-spa-sp3400-datasheet?assetguid=d0f18fde-3235-4f61-a8cb-b71d4aa73d12,https://www.digikey.com/en/products/detail/littelfuse-inc/SP3400-02UTG/9843419,,,1pF @ 3GHz,8A (8/20µs),Automotive,-40°C ~ 125°C (TA),,Yes,,"SP3400, SPA®",Zener,2,6.5V,16V,5V (Max)
SP3401-02UTG,Littelfuse Inc.,TVS DIODE 3.3VWM 9VC 6UDFN,tvs-diodes,37014,1.26,6-UFDFN,Surface Mount,Active,https://www.littelfuse.com/assetdocs/littelfuse_tvs_diode_array_sp3401_datasheet.pdf?assetguid=722bcbd3-593a-42f4-a50d-d3b499b96ecc,https://www.digikey.com/en/products/detail/littelfuse-inc/SP3401-02UTG/10416527,"Ethernet, USB 3.1",,0.8pF @ 1MHz,10A (8/20µs),Automotive,-40°C ~ 125°C (TA),,No,AEC-Q101,,Zener,2,6.5V,9V,3.3V (Max)
SP3420-04UTG,Littelfuse Inc.,TVS DIODE 3.3VWM 6VC 10UDFN,tvs-diodes,23805,1.59,10-UFDFN,Surface Mount,Active,https://www.littelfuse.com/assetdocs/tvs-diode-array-sp3420-series-datasheet?assetguid=713df9ff-2097-4a23-9c42-4dbfecade1a9,https://www.digikey.com/en/products/detail/littelfuse-inc/SP3420-04UTG/10451855,General Purpose,,0.32pF @ 1MHz,6A (8/20µs),Automotive,-40°C ~ 125°C (TA),,No,AEC-Q101,,Zener,4,6.5V,6V,3.3V (Max)
SP3422-04UTG,Littelfuse Inc.,TVS DIODE 5VWM 16.7VC 5DFN,tvs-diodes,26272,0.57,5-XFDFN,Surface Mount,Active,https://www.digikey.com//mm.digikey.com/Volume0/opasdata/d220001/medias/docus/7082/littelfusetvsdiodearraysp3422datasheetpdfpd.pdf,https://www.digikey.com/en/products/detail/littelfuse-inc/SP3422-04UTG/7897437,USB,,0.2pF @ 3GHz,2A (8/20µs),,-40°C ~ 125°C (TA),,Yes,,"SP3422, SPA®",Steering (Rail to Rail),4,,16.7V (Typ),5V (Max)
SP3522-01ETG,Littelfuse Inc.,TVS DIODE 7VWM 14.5VC SOD882,tvs-diodes,121509,0.45,SOD-882,Surface Mount,Active,https://www.digikey.com//mm.digikey.com/Volume0/opasdata/d220001/medias/docus/2292/SP3522_Series.pdf,https://www.digikey.com/en/products/detail/littelfuse-inc/SP3522-01ETG/7689185,HDMI,1,0.15pF @ 3GHz,2.5A (8/20µs),Automotive,-40°C ~ 125°C (TA),,No,AEC-Q101,"SP3522, SPA®",Zener,,9.2V (Typ),14.5V (Typ),7V (Max)
SP3522-01UTG,Littelfuse Inc.,TVS DIODE 7VWM 14.5VC 0201,tvs-diodes,36248,0.39,0201 (0603 Metric),Surface Mount,Active,https://www.digikey.com//mm.digikey.com/Volume0/opasdata/d220001/medias/docus/2292/SP3522_Series.pdf,https://www.digikey.com/en/products/detail/littelfuse-inc/SP3522-01UTG/7689183,HDMI,1,0.15pF @ 3GHz,2.5A (8/20µs),Automotive,-40°C ~ 125°C (TA),,No,AEC-Q101,"SP3522, SPA®",Zener,,9.2V (Typ),14.5V (Typ),7V (Max)
SP3530-01ETG,Littelfuse Inc.,TVS DIODE 7VWM 11.8VC SOD882,tvs-diodes,66822,0.4,SOD-882,Surface Mount,Active,https://www.digikey.com//mm.digikey.com/Volume0/opasdata/d220001/medias/docus/2345/SP3530_Series.pdf,https://www.digikey.com/en/products/detail/littelfuse-inc/SP3530-01ETG/7689186,HDMI,,0.3pF @ 3GHz,2.5A (8/20µs),Automotive,-40°C ~ 125°C (TA),,No,AEC-Q101,"SP3530, SPA®",Zener,1,8.2V (Typ),11.8V (Typ),7V (Max)
SP36-01WTG-C-HV,Littelfuse Inc.,TVS DIODE 36VWM 48VC 2FLIPCHIP,tvs-diodes,10000,0.37,"2-XFDFN, FCDFN",Surface Mount,Active,https://www.littelfuse.com/assetdocs/littelfuse_tvs_diode_array_spxx_datasheet.pdf?assetguid=e9cafe84-0ea3-48c4-a781-23e22af3df74,https://www.digikey.com/en/products/detail/littelfuse-inc/SP36-01WTG-C-HV/5719303,General Purpose,1,10pF @ 1MHz,1.5A (8/20µs),,-40°C ~ 125°C (TJ),100W,No,,"SPXX, SPA®",Zener,,40V,48V,36V (Max)
SP4024-01FTG,Littelfuse Inc.,TVS DIODE 24VWM 50VC SOD323,tvs-diodes,6946,0.86,"SC-76, SOD-323",Surface Mount,Active,https://www.littelfuse.com/assetdocs/littelfuse-tvs-diode-array-sp4024-datasheet?assetguid=b2e5935e-b122-4fdf-baa5-1d77e2fca1c7,https://www.digikey.com/en/products/detail/littelfuse-inc/SP4024-01FTG/5119112,,,1.3pF @ 1MHz,7A (8/20µs),,-40°C ~ 125°C (TJ),350W,No,,"SP4024, SPA®",Steering (Rail to Rail),1,26V,50V,24V (Max)
SP4065-08ATG,Littelfuse Inc.,TVS DIODE 3.3VWM 13.5VC 10MSOP,tvs-diodes,4179,2.2,"10-TFSOP, 10-MSOP (0.118"", 3.00mm Width)",Surface Mount,Active,https://www.littelfuse.com/assetdocs/littelfuse_tvs_diode_array_sp4065_datasheet.pdf?assetguid=02cf8a31-09b6-4851-aa0e-24d9ba9c8923,https://www.digikey.com/en/products/detail/littelfuse-inc/SP4065-08ATG/5019613,,,,20A (8/20µs),Automotive,-40°C ~ 125°C (TJ),300W,Yes,AEC-Q101,"SP4065, SPA®",Steering (Rail to Rail),8,,13.5V (Typ),3.3V (Max)
SP4203-01FTG-C,Littelfuse Inc.,TVS DIODE 3.3VWM 20VC SOD323,tvs-diodes,8990,1.13,"SC-76, SOD-323",Surface Mount,Active,https://www.littelfuse.com/assetdocs/littelfuse-tvs-diode-array-sp4203-datasheet?assetguid=ad63926f-8f5b-409a-91f7-9875366fd3a5,https://www.digikey.com/en/products/detail/littelfuse-inc/SP4203-01FTG-C/9828985,General Purpose,1,0.5pF @ 1MHz,10A (8/20µs),Automotive,-40°C ~ 125°C (TA),,No,AEC-Q101,"SP4203, SPA®",Zener,,5.5V,20V,3.3V (Max)
SP7538PUTG,Littelfuse Inc.,TVS DIODE 5VWM 7VC 9UDFN,tvs-diodes,75465,1.59,9-UDFN,Surface Mount,Active,https://www.littelfuse.com/assetdocs/littelfuse_tvs_diode_array_sp7538p_datasheet.pdf?assetguid=11a24d36-a0a3-4734-9dae-f7c8e6b87282,https://www.digikey.com/en/products/detail/littelfuse-inc/SP7538PUTG/6005103,HDMI,,0.5pF @ 1MHz,2A (8/20µs),,-40°C ~ 150°C (TJ),,Yes,,SP7538P,Steering (Rail to Rail),8,,7V (Typ),5V (Max)
SPHV12-01ETG-C,Littelfuse Inc.,TVS DIODE 12VWM 25VC SOD882,tvs-diodes,100550,0.57,SOD-882,Surface Mount,Active,https://www.littelfuse.com/assetdocs/littelfuse_tvs_diode_array_sphv_c_datasheet.pdf?assetguid=f83cdf17-9378-42ad-b99c-735044a633b7,https://www.digikey.com/en/products/detail/littelfuse-inc/SPHV12-01ETG-C/5043995,,1,30pF @ 1MHz,8A (8/20µs),Automotive,-40°C ~ 125°C (TJ),200W,No,AEC-Q101,"SPHV-C, SPA®",Zener,,13.3V,25V,12V (Max)
SPHV24-01ETG,Littelfuse Inc.,TVS DIODE 24VWM 50VC SOD882,tvs-diodes,29212,0.5,SOD-882,Surface Mount,Active,https://www.littelfuse.com/assetdocs/littelfuse_tvs_diode_array_sphv_datasheet.pdf?assetguid=4bdc7e09-5dd4-4010-a86a-0008bb6e228c,https://www.digikey.com/en/products/detail/littelfuse-inc/SPHV24-01ETG/5044000,,,32pF @ 1MHz,3A (8/20µs),Automotive,-40°C ~ 125°C (TJ),200W,No,AEC-Q101,"SPHV, SPA®",Zener,1,26.7V,50V,24V (Max)
SPHV24-01ETG-C,Littelfuse Inc.,TVS DIODE 24VWM 50VC SOD882,tvs-diodes,4650,0.57,SOD-882,Surface Mount,Active,https://www.littelfuse.com/assetdocs/littelfuse_tvs_diode_array_sphv_c_datasheet.pdf?assetguid=f83cdf17-9378-42ad-b99c-735044a633b7,https://www.digikey.com/en/products/detail/littelfuse-inc/SPHV24-01ETG-C/5043999,,1,17pF @ 1MHz,3A (8/20µs),Automotive,-40°C ~ 125°C (TJ),200W,No,AEC-Q101,"SPHV-C, SPA®",Zener,,26.7V,50V,24V (Max)
SR05.TCT,Semtech Corporation,TVS DIODE 5VWM 20VC SOT143,tvs-diodes,49364,3.35,"TO-253-4, TO-253AA",Surface Mount,Active,,https://www.digikey.com/en/products/detail/semtech-corporation/SR05-TCT/1000938,General Purpose,,6pF @ 1MHz,25A (8/20µs),,-55°C ~ 125°C (TJ),500W,Yes,,"RailClamp®, SR",Steering (Rail to Rail),2,6V,20V,5V (Max)
SR12.TCT,Semtech Corporation,TVS DIODE 12VWM 31VC SOT143,tvs-diodes,8597,3.14,"TO-253-4, TO-253AA",Surface Mount,Active,,https://www.digikey.com/en/products/detail/semtech-corporation/SR12-TCT/1000939,General Purpose,,5pF @ 1MHz,16A (8/20µs),,-55°C ~ 125°C (TJ),500W,Yes,,"RailClamp®, SR",Steering (Rail to Rail),2,13.3V,31V,12V (Max)
SR2.8.TCT,Semtech Corporation,TVS DIODE 2.8VWM 8.5VC SOT143,tvs-diodes,6810,3.35,"TO-253-4, TO-253AA",Surface Mount,Active,,https://www.digikey.com/en/products/detail/semtech-corporation/SR2-8-TCT/5113682,General Purpose,,6pF @ 1MHz,14A (8/20µs),,-55°C ~ 125°C (TJ),200W,Yes,,"RailClamp®, SR",Steering (Rail to Rail),2,3V,8.5V,2.8V (Max)
SR3.3.TCT,Semtech Corporation,TVS DIODE 3.3VWM 15VC SOT143,tvs-diodes,1917,3.52,"TO-253-4, TO-253AA",Surface Mount,Active,,https://www.digikey.com/en/products/detail/semtech-corporation/SR3-3-TCT/1000940,General Purpose,,6pF @ 1MHz,10A (8/20µs),,-55°C ~ 125°C (TJ),150W,Yes,,"RailClamp®, SR",Steering (Rail to Rail),2,,15V,3.3V (Max)
SR70-02CTG,Littelfuse Inc.,TVS DIODE 70VWM 12VC SOT1434,tvs-diodes,5517,1.57,"TO-253-4, TO-253AA",Surface Mount,Active,https://www.littelfuse.com/assetdocs/tvs-diode-array-sr70-datasheet?assetguid=30503a1e-15b2-4b68-afd5-d29224ba75d8,https://www.digikey.com/en/products/detail/littelfuse-inc/SR70-02CTG/3911067,Ethernet,,2pF @ 1MHz,30A (8/20µs),,-40°C ~ 125°C (TJ),,No,,"SR70, SPA®",Steering (Rail to Rail),2,,12V (Typ),70V (Max)
SRDA05-6.TBT,Semtech Corporation,TVS DIODE 5VWM 20VC 8-SO,tvs-diodes,1161,4.37,"8-SOIC (0.154"", 3.90mm Width)",Surface Mount,Active,,https://www.digikey.com/en/products/detail/semtech-corporation/SRDA05-6-TBT/5113683,General Purpose,,8pF @ 1MHz,25A (8/20µs),,-55°C ~ 125°C (TJ),500W,Yes,,"RailClamp®, SRDA",Steering (Rail to Rail),6,6V,20V,5V (Max)
SRDA3.3-4DR2G,onsemi,TVS DIODE 3.3VWM 15VC 8-SOIC,tvs-diodes,6290,1.91,"8-SOIC (0.154"", 3.90mm Width)",Surface Mount,Active,https://www.onsemi.com/pdf/datasheet/srda3.3-4-d.pdf,https://www.digikey.com/en/products/detail/onsemi/SRDA3-3-4DR2G/2652019,General Purpose,,8pF @ 1MHz,25A (8/20µs),,-55°C ~ 150°C (TJ),500W,Yes,,,Steering (Rail to Rail),4,5V,15V,3.3V (Max)
SRL05-TP,MCC (Micro Commercial Components),TVS DIODE 5VWM 17VC SOT23-6L,tvs-diodes,3003,0.57,SOT-23-6,Surface Mount,Active,https://www.mccsemi.com/pdf/Products/SRL05(SOT23-6L).pdf,https://www.digikey.com/en/products/detail/mcc-micro-commercial-components/SRL05-TP/12177177,General Purpose,,0.6pF @ 1MHz,5A (8/20µs),,-55°C ~ 150°C (TJ),90W,Yes,,,Steering (Rail to Rail),2,6.1V,17V,5V (Max)
SRV05-4.TCT,Semtech Corporation,TVS DIODE 5VWM 17.5VC SOT23-6,tvs-diodes,174341,1.81,SOT-23-6,Surface Mount,Active,,https://www.digikey.com/en/products/detail/semtech-corporation/SRV05-4-TCT/1000944,General Purpose,,3pF @ 1MHz,12A (8/20µs),,-55°C ~ 125°C (TJ),300W,Yes,,"RailClamp®, SR",Steering (Rail to Rail),4,6V,17.5V,5V (Max)
SRV05-4A,SMC Diode Solutions,TVS DIODE 5VWM 17.5VC SOT23-6,tvs-diodes,55921,0.6,SOT-23-6,Surface Mount,Active,https://www.smc-diodes.com/propdf/SRV05-4A%20N1763%20REV.A.pdf,https://www.digikey.com/en/products/detail/smc-diode-solutions/SRV05-4A/6022743,Ethernet,,3.2pF @ 1MHz,5A (8/20µs),,-55°C ~ 125°C (TJ),,Yes,,,Steering (Rail to Rail),4,6V,17.5V,5V (Max)
SRV05-4ATCT,Semtech Corporation,TVS DIODE 5VWM 17.5VC SOT23-6,tvs-diodes,8278,1.81,SOT-23-6,Surface Mount,Not For New Designs,,https://www.digikey.com/en/products/detail/semtech-corporation/SRV05-4ATCT/2603596,General Purpose,,3pF @ 1MHz,12A (8/20µs),,-55°C ~ 125°C (TJ),300W,Yes,,"RailClamp®, SR",Steering (Rail to Rail),4,6V,17.5V,5V (Max)
SRV05-4C-TP,MCC (Micro Commercial Components),TVS DIODE 5VWM 18VC SOT236L,tvs-diodes,2305,0.39,SOT-23-6,Surface Mount,Active,https://www.mccsemi.com/pdf/Products/SRV05-4C(SOT23-6L).pdf,https://www.digikey.com/en/products/detail/mcc-micro-commercial-components/SRV05-4C-TP/14311755,General Purpose,,0.6pF @ 1MHz,17A (8/20µs),,-55°C ~ 125°C (TJ),300W,Yes,,,Steering (Rail to Rail),4,6V,18V,5V (Max)
SRV05-4HTG-D,Littelfuse Inc.,TVS DIODE 6VWM 15VC SOT23-6,tvs-diodes,25263,1.43,SOT-23-6,Surface Mount,Active,https://www.littelfuse.com/assetdocs/littelfuse-tvs-diode-array-srv05-4htg-d-datasheet?assetguid=d716fc4c-0484-4b67-97d8-cf719554d89a,https://www.digikey.com/en/products/detail/littelfuse-inc/SRV05-4HTG-D/10230852,Ethernet,,1pF @ 1MHz,10A (8/20µs),,-40°C ~ 125°C (TA),150W,Yes,,"SRV05, SPA®",Steering (Rail to Rail),4,6V,15V,6V (Max)
SRV05-4L-TP,MCC (Micro Commercial Components),TVS DIODE 5VWM 17.5VC SOT23-6L,tvs-diodes,23257,0.76,SOT-23-6,Surface Mount,Active,https://www.mccsemi.com/pdf/Products/SRV05-4L(SOT23-6L).pdf,https://www.digikey.com/en/products/detail/mcc-micro-commercial-components/SRV05-4L-TP/2233919,General Purpose,,1.5pF @ 1MHz,12A (8/20µs),,-55°C ~ 150°C (TJ),350W,Yes,,,Steering (Rail to Rail),4,6V,17.5V,5V (Max)
SRV05-4MR6T1G,onsemi,TVS DIODE 5VWM 17.5VC 6TSOP,tvs-diodes,0,3.34,"SOT-23-6 Thin, TSOT-23-6",Surface Mount,Active,https://www.digikey.com//mm.digikey.com/Volume0/opasdata/d220001/medias/docus/390/SRV05-4MR6.pdf,https://www.digikey.com/en/products/detail/onsemi/SRV05-4MR6T1G/2652020,General Purpose,,3pF @ 1MHz,5A (8/20µs),,-55°C ~ 125°C (TJ),300W,Yes,,,Steering (Rail to Rail),4,6V,17.5V,5V (Max)
STIEC45-30AS,STMicroelectronics,TVS DIODE 30VWM 55VC SMC,tvs-diodes,907,3.58,"DO-214AB, SMC",Surface Mount,Active,https://www.st.com/resource/en/datasheet/cd00258714.pdf,https://www.digikey.com/en/products/detail/stmicroelectronics/STIEC45-30AS/2236915,General Purpose,,,500A (8/20µs),,-55°C ~ 150°C (TJ),,No,,"STIEC, TRANSIL™",Zener,1,33.3V,55V,30V
STN101033B101,Eaton - Electronics Division,TVS DIODE 3.3VWM 11VC DFN1006-2L,tvs-diodes,18645,0.32,0402 (1006 Metric),Surface Mount,Active,https://www.eaton.com/content/dam/eaton/products/electronic-components/resources/data-sheet/eaton-stn101xxxbxxx-tvs-diode-esd-suppressor-data-sheet.pdf,https://www.digikey.com/en/products/detail/eaton-electronics-division/STN101033B101/13280432,General Purpose,1,10pF @ 1MHz,7A (8/20µs),,-55°C ~ 125°C (TJ),100W,No,,ST,Zener,,3.6V,11V,3.3V (Max)
STN101050B101,Eaton - Electronics Division,TVS DIODE 5VWM 13VC DFN1006-2L,tvs-diodes,5255,0.32,0402 (1006 Metric),Surface Mount,Active,https://www.eaton.com/content/dam/eaton/products/electronic-components/resources/data-sheet/eaton-stn101xxxbxxx-tvs-diode-esd-suppressor-data-sheet.pdf,https://www.digikey.com/en/products/detail/eaton-electronics-division/STN101050B101/13280454,General Purpose,1,10pF @ 1MHz,8A (8/20µs),,-55°C ~ 125°C (TJ),100W,No,,ST,Zener,,5.5V,13V,5V (Max)
STN101050BL90,Eaton - Electronics Division,TVS DIODE 5VWM 12.5VC DFN1006-2L,tvs-diodes,2576,0.38,0402 (1006 Metric),Surface Mount,Active,https://www.eaton.com/content/dam/eaton/products/electronic-components/resources/data-sheet/eaton-stn10xxxxxlxx-tvs-diode-esd-suppressor-data-sheet.pdf,https://www.digikey.com/en/products/detail/eaton-electronics-division/STN101050BL90/13280511,"DVI, USB",1,0.9pF @ 1MHz,1A (8/20µs),,-55°C ~ 125°C (TJ),30W,No,,ST,Zener,,6V,12.5V,5V (Max)
STS232050UL40,Eaton - Electronics Division,TVS DIODE 5VWM 15VC SOT23,tvs-diodes,6043,0.49,"TO-236-3, SC-59, SOT-23-3",Surface Mount,Active,https://www.eaton.com/content/dam/eaton/products/electronic-components/resources/data-sheet/eaton-sts232050ul40-tvs-diode-array-esd-suppressor-data-sheet.pdf,https://www.digikey.com/en/products/detail/eaton-electronics-division/STS232050UL40/13280445,"DVI, HDMI, USB",,0.4pF @ 1MHz,4A (8/20µs),,-55°C ~ 125°C (TJ),60W,Yes,,ST,Zener,2,7V,15V,5V (Max)
STS234050UL30,Eaton - Electronics Division,TVS DIODE 5VWM 15VC SOT23-6,tvs-diodes,7105,0.54,SOT-23-6,Surface Mount,Active,https://www.eaton.com/content/dam/eaton/products/electronic-components/resources/data-sheet/eaton-sts234xxxuxxx-tvs-diode-array-esd-suppressor-data-sheet.pdf,https://www.digikey.com/en/products/detail/eaton-electronics-division/STS234050UL30/13280483,"DVI, Ethernet, USB",,0.65pF @ 1MHz,8A (8/20µs),,-55°C ~ 125°C (TJ),100W,Yes,,ST,Steering (Rail to Rail),4,6V,15V,5V (Max)
STS321033U202,Eaton - Electronics Division,TVS DIODE 3.3VWM 15VC SOD323,tvs-diodes,7938,0.42,"SC-76, SOD-323",Surface Mount,Active,https://www.eaton.com/content/dam/eaton/products/electronic-components/resources/data-sheet/eaton-sts321xxxuxxx-tvs-diode-esd-suppressor-data-sheet.pdf,https://www.digikey.com/en/products/detail/eaton-electronics-division/STS321033U202/13280441,General Purpose,,200pF @ 1MHz,25A (8/20µs),,-55°C ~ 125°C (TJ),350W,No,,ST,Zener,1,4V,15V,3.3V (Max)
STS321050B331,Eaton - Electronics Division,TVS DIODE 5VWM 18VC SOD323,tvs-diodes,3357,0.41,"SC-76, SOD-323",Surface Mount,Active,https://www.eaton.com/content/dam/eaton/products/electronic-components/resources/data-sheet/eaton-sts321xxxbxx1-tvs-diode-esd-suppressor-data-sheet.pdf,https://www.digikey.com/en/products/detail/eaton-electronics-division/STS321050B331/13280450,General Purpose,1,33pF @ 1MHz,22A (8/20µs),,-55°C ~ 125°C (TJ),400W,No,,ST,Zener,,5.5V,18V,5V (Max)
STS321240B100,Eaton - Electronics Division,TVS DIODE 24VWM 54VC SOD323,tvs-diodes,12619,0.58,"SC-76, SOD-323",Surface Mount,Active,https://www.eaton.com/content/dam/eaton/products/electronic-components/resources/data-sheet/eaton-sts321xxxbxx0-tvs-diode-esd-suppressor-data-sheet.pdf,https://www.digikey.com/en/products/detail/eaton-electronics-division/STS321240B100/13280474,USB,1,1pF @ 1MHz,9A (8/20µs),,-55°C ~ 125°C (TJ),350W,No,,ST,Zener,,26.7V,54V,24V (Max)
STS321360B141,Eaton - Electronics Division,TVS DIODE 36VWM 70VC SOD323,tvs-diodes,4278,0.44,"SC-76, SOD-323",Surface Mount,Active,https://www.eaton.com/content/dam/eaton/products/electronic-components/resources/data-sheet/eaton-sts321xxxbxx1-tvs-diode-esd-suppressor-data-sheet.pdf,https://www.digikey.com/en/products/detail/eaton-electronics-division/STS321360B141/13280435,General Purpose,1,14pF @ 1MHz,6A (8/20µs),,-55°C ~ 125°C (TJ),400W,No,,ST,Zener,,40V,70V,36V (Max)
STS321360U351,Eaton - Electronics Division,TVS DIODE 36VWM 65VC SOD323,tvs-diodes,12497,0.41,"SC-76, SOD-323",Surface Mount,Active,https://www.eaton.com/content/dam/eaton/products/electronic-components/resources/data-sheet/eaton-sts321xxxuxxx-tvs-diode-esd-suppressor-data-sheet.pdf,https://www.digikey.com/en/products/detail/eaton-electronics-division/STS321360U351/13280495,General Purpose,,35pF @ 1MHz,6A (8/20µs),,-55°C ~ 125°C (TJ),500W,No,,ST,Zener,1,39V,65V,36V (Max)
STS521033U112,Eaton - Electronics Division,TVS DIODE 3.3VWM 15VC SOD523,tvs-diodes,44853,0.4,"SC-79, SOD-523",Surface Mount,Active,https://www.eaton.com/content/dam/eaton/products/electronic-components/resources/data-sheet/eaton-sts521xxxuxxx-tvs-diode-esd-suppressor-data-sheet.pdf,https://www.digikey.com/en/products/detail/eaton-electronics-division/STS521033U112/13280494,General Purpose,,110pF @ 1MHz,15A (8/20µs),,-55°C ~ 125°C (TJ),250W,No,,ST,Zener,1,4V,15V (Typ),3.3V (Max)
STS521050B750,Eaton - Electronics Division,TVS DIODE 5VWM 15.5VC SOD523,tvs-diodes,6307,0.37,"SC-79, SOD-523",Surface Mount,Active,https://www.eaton.com/content/dam/eaton/products/electronic-components/resources/data-sheet/eaton-sts521xxxbxxx-tvs-diode-esd-suppressor-data-sheet.pdf,https://www.digikey.com/en/products/detail/eaton-electronics-division/STS521050B750/13280487,General Purpose,1,7.5pF @ 1MHz,5A (8/20µs),,-55°C ~ 125°C (TJ),100W,No,,ST,Zener,,5.5V,15.5V,5V (Max)
SZ1.5SMC33AT3G,Littelfuse Inc.,TVS DIODE 28.2VWM 45.7VC SMC,tvs-diodes,48912,1.31,"DO-214AB, SMC",Surface Mount,Active,,https://www.digikey.com/en/products/detail/littelfuse-inc/SZ1-5SMC33AT3G/3063027,,,,33A,Automotive,-65°C ~ 150°C (TJ),1500W (1.5kW),No,AEC-Q101,,Zener,1,31.4V,45.7V,28.2V
SZ1.5SMC51AT3G,Littelfuse Inc.,TVS DIODE 43.6VWM 70.1VC SMC,tvs-diodes,12918,1.31,"DO-214AB, SMC",Surface Mount,Active,,https://www.digikey.com/en/products/detail/littelfuse-inc/SZ1-5SMC51AT3G/3063032,,,,21.4A,Automotive,-65°C ~ 150°C (TJ),1500W (1.5kW),No,AEC-Q101,,Zener,1,48.5V,70.1V,43.6V
SZ1SMA15CAT3G,Littelfuse Inc.,TVS DIODE 15VWM 24.4VC SMA,tvs-diodes,23294,0.85,"DO-214AC, SMA",Surface Mount,Active,https://www.littelfuse.com/assetdocs/littelfuse_tvs_diode_sz1sma_datasheet.pdf?assetguid=04db8706-09b9-4f75-a7b0-f81fbad3771e,https://www.digikey.com/en/products/detail/littelfuse-inc/SZ1SMA15CAT3G/3062909,,1,400pF @ 1MHz,16.4A,Automotive,-65°C ~ 150°C (TJ),400W,No,AEC-Q101,SZ1SMA,Zener,,16.7V,24.4V,15V
SZ1SMA5.0AT3G,Littelfuse Inc.,TVS DIODE 5VWM 9.2VC SMA,tvs-diodes,39398,0.81,"DO-214AC, SMA",Surface Mount,Active,https://www.littelfuse.com/assetdocs/littelfuse_tvs_diode_sz1sma_datasheet.pdf?assetguid=04db8706-09b9-4f75-a7b0-f81fbad3771e,https://www.digikey.com/en/products/detail/littelfuse-inc/SZ1SMA5-0AT3G/4849298,,,2035pF @ 1MHz,43.5A,Automotive,-65°C ~ 150°C (TJ),400W,No,AEC-Q101,SZ1SMA,Zener,1,6.4V,9.2V,5V
SZ1SMB5.0AT3G,Littelfuse Inc.,TVS DIODE 5VWM 9.2VC SMB,tvs-diodes,38824,0.85,"DO-214AA, SMB",Surface Mount,Active,https://www.littelfuse.com/assetdocs/littelfuse_tvs_diode_sz1smb_datasheet.pdf?assetguid=486b5b30-c6a6-4764-b97c-0bce3ce4a35d,https://www.digikey.com/en/products/detail/littelfuse-inc/SZ1SMB5-0AT3G/3063012,,,2700pF @ 1MHz,65.2A,Automotive,-65°C ~ 150°C (TJ),600W,No,AEC-Q101,,Zener,1,6.4V,9.2V,5V
SZ1SMB60CAT3G,Littelfuse Inc.,TVS DIODE 60VWM 96.8VC SMB,tvs-diodes,1705,0.87,"DO-214AA, SMB",Surface Mount,Active,https://www.littelfuse.com/assetdocs/littelfuse_tvs_diode_sz1smb_datasheet.pdf?assetguid=486b5b30-c6a6-4764-b97c-0bce3ce4a35d,https://www.digikey.com/en/products/detail/littelfuse-inc/SZ1SMB60CAT3G/5817170,,1,150pF @ 1MHz,6.2A,Automotive,-65°C ~ 150°C (TJ),600W,No,AEC-Q101,,Zener,,66.7V,96.8V,60V
SZESD5B5.0ST1G,onsemi,TVS DIODE 5VWM SOD523,tvs-diodes,1930,0.25,"SC-79, SOD-523",Surface Mount,Active,https://www.onsemi.com/pdf/datasheet/esd5b5.0st1-d.pdf,https://www.digikey.com/en/products/detail/onsemi/SZESD5B5-0ST1G/5258195,,1,32pF @ 1MHz,,Automotive,-55°C ~ 150°C (TJ),50W,No,AEC-Q101,,Zener,,5.8V,,5V (Max)
SZESD7104MUTAG,onsemi,TVS DIODE 5VWM 10VC 10UDFN,tvs-diodes,945,1.2,10-UFDFN,Surface Mount,Active,https://www.onsemi.com/pdf/datasheet/esd7104-d.pdf,https://www.digikey.com/en/products/detail/onsemi/SZESD7104MUTAG/7221018,,,0.3pF @ 1MHz,,Automotive,-55°C ~ 125°C (TJ),,No,AEC-Q101,,Zener,4,5.5V,10V,5V (Max)
SZESD7205DT5G,onsemi,TVS DIODE 5VWM 12.5VC SOT723,tvs-diodes,43723,0.71,SOT-723,Surface Mount,Active,https://www.onsemi.com/pdf/datasheet/esd7205-d.pdf,https://www.digikey.com/en/products/detail/onsemi/SZESD7205DT5G/7556416,"Ethernet, USB",,0.34pF @ 1MHz,,Automotive,-55°C ~ 125°C (TJ),,No,AEC-Q101,,Zener,2,5.2V,12.5V (Typ),5V (Max)
SZESD7351HT1G,onsemi,TVS DIODE 3.3VWM SOD323,tvs-diodes,2095,0.5,"SC-76, SOD-323",Surface Mount,Active,https://www.onsemi.com/pdf/datasheet/esd7351-d.pdf,https://www.digikey.com/en/products/detail/onsemi/SZESD7351HT1G/6135027,RF Antenna,,0.43pF @ 1MHz,,Automotive,-55°C ~ 150°C (TJ),,No,AEC-Q101,,Zener,1,5V,,3.3V (Max)
SZESD7410MXWT5G,onsemi,TVS DIODE 8VWM 20VC 2X2DFNW,tvs-diodes,77532,0.59,2-XDFN,"Surface Mount, Wettable Flank",Active,https://www.onsemi.com/download/data-sheet/pdf/esd7410-d.pdf,https://www.digikey.com/en/products/detail/onsemi/SZESD7410MXWT5G/12526390,"RF Antenna, Telecom",1,0.4pF @ 1MHz,16A,Automotive,-55°C ~ 150°C (TJ),,No,AEC-Q101,,Zener,,10V,20V (Typ),8V (Max)
SZESD7410N2T5G,onsemi,TVS DIODE 8VWM 20VC 2X2DFN,tvs-diodes,143647,0.57,2-XDFN,Surface Mount,Active,https://www.onsemi.com/pdf/datasheet/esd7410-d.pdf,https://www.digikey.com/en/products/detail/onsemi/SZESD7410N2T5G/6684819,,1,0.4pF @ 1MHz,16A,Automotive,-55°C ~ 150°C (TJ),,No,AEC-Q101,,Zener,,10V,20V (Typ),8V (Max)
SZESD7462MXWT5G,onsemi,TVS DIODE 16VWM 47VC 2X2DFNW,tvs-diodes,4589,0.49,2-XDFN,"Surface Mount, Wettable Flank",Active,https://www.onsemi.com/download/data-sheet/pdf/esd7462-d.pdf,https://www.digikey.com/en/products/detail/onsemi/SZESD7462MXWT5G/12525891,"RF Antenna, Telecom, USB 2.0, USB 3.0",1,0.3pF @ 1MHz,16A,Automotive,-55°C ~ 150°C (TJ),,No,AEC-Q101,,Zener,,16.5V,47V (Typ),16V (Max)
SZESD7551N2T5G,onsemi,TVS DIODE 3.3VWM 13VC 2X2DFN,tvs-diodes,12838,0.37,2-XDFN,Surface Mount,Active,,https://www.digikey.com/en/products/detail/onsemi/SZESD7551N2T5G/22161943,"Telecom, USB",1,0.22pF @ 1GHz,,Automotive,-55°C ~ 150°C (TJ),,No,AEC-Q101,,Zener,,5V,13V,3.3V (Max)
SZESD8006MUTAG,onsemi,TVS DIODE 3.3VWM 9.5VC 8UDFN,tvs-diodes,51923,1.1,10-UFDFN,Surface Mount,Active,https://www.onsemi.com/pdf/datasheet/esd8006-d.pdf,https://www.digikey.com/en/products/detail/onsemi/SZESD8006MUTAG/13901498,USB,,0.32pF @ 1MHz (Max),16A,Automotive,-55°C ~ 125°C (TJ),,No,AEC-Q101,,Zener,6,5.5V,9.5V (Typ),3.3V (Max)
SZESD8472MUT5G,onsemi,TVS DIODE 5.3VWM 17.8VC 2X3DFN,tvs-diodes,100882,0.42,0201 (0603 Metric),Surface Mount,Active,https://www.onsemi.com/download/data-sheet/pdf/esd8472-d.pdf,https://www.digikey.com/en/products/detail/onsemi/SZESD8472MUT5G/5257472,RF Antenna,1,0.2pF @ 1MHz,2.4A (8/20µs),Automotive,-55°C ~ 150°C (TJ),,No,AEC-Q101,,Zener,,7V,17.8V,5.3V (Max)
SZESD8551MXWT5G,onsemi,TVS DIODE 3.3VWM 16VC 2X2DFNW,tvs-diodes,59198,0.44,2-XDFN,"Surface Mount, Wettable Flank",Active,https://www.onsemi.com/pdf/datasheet/esd8551-d.pdf,https://www.digikey.com/en/products/detail/onsemi/SZESD8551MXWT5G/12526343,USB 3.0,1,0.3pF @ 1MHz (Max),16A,Automotive,-55°C ~ 125°C (TJ),,No,AEC-Q101,,Zener,,5.5V,16V (Typ),3.3V (Max)
SZESD9101P2T5G,onsemi,TVS DIODE 5VWM 7VC SOD923,tvs-diodes,289898,0.42,SOD-923,Surface Mount,Active,https://www.onsemi.com/pdf/datasheet/esd9101-d.pdf,https://www.digikey.com/en/products/detail/onsemi/SZESD9101P2T5G/7066745,,,0.36pF @ 1MHz,16A,Automotive,-55°C ~ 150°C (TJ),,No,AEC-Q101,,Zener,1,5.3V,7V (Typ),5V (Max)
SZESD9B3.3ST5G,onsemi,TVS DIODE 3.3VWM 11.5VC SOD923,tvs-diodes,3101,0.23,SOD-923,Surface Mount,Active,https://www.onsemi.com/pdf/datasheet/esd9b-d.pdf,https://www.digikey.com/en/products/detail/onsemi/SZESD9B3-3ST5G/5257473,,1,15pF @ 1MHz,2A (8/20µs),Automotive,-55°C ~ 150°C (TJ),,No,AEC-Q101,,Zener,,5V,11.5V,3.3V (Max)
SZESD9R3.3ST5G,onsemi,TVS DIODE 3.3VWM 7.8VC SOD923,tvs-diodes,31808,0.94,SOD-923,Surface Mount,Active,https://www.onsemi.com/pdf/datasheet/esd9r3.3s-d.pdf,https://www.digikey.com/en/products/detail/onsemi/SZESD9R3-3ST5G/4849324,,,0.5pF @ 1MHz,1A (8/20µs),Automotive,-55°C ~ 125°C (TJ),,No,AEC-Q101,,Zener,1,4.8V,7.8V,3.3V (Max)
SZESD9X5.0ST5G,onsemi,TVS DIODE 5VWM 12.3VC SOD923,tvs-diodes,15101,0.58,SOD-923,Surface Mount,Active,https://www.onsemi.com/pdf/datasheet/esd9x3.3st5g-d.pdf,https://www.digikey.com/en/products/detail/onsemi/SZESD9X5-0ST5G/6135033,,,65pF @ 1MHz,8.7A (8/20µs),Automotive,-55°C ~ 150°C (TJ),107W,No,AEC-Q101,,Zener,1,6.2V,12.3V,5V (Max)
SZMMBZ15VDLT1G,onsemi,TVS DIODE 12.8VWM 21.2VC SOT233,tvs-diodes,97000,0.27,"TO-236-3, SC-59, SOT-23-3",Surface Mount,Active,https://www.onsemi.com/pdf/datasheet/mmbz15vdlt1-d.pdf,https://www.digikey.com/en/products/detail/onsemi/SZMMBZ15VDLT1G/15852032,,,,1.9A,Automotive,-55°C ~ 150°C (TJ),40W,No,AEC-Q101,,Zener,2,14.3V,21.2V,12.8V
SZMMBZ15VDLT3G,onsemi,TVS DIODE 12.8VWM 21.2VC SOT233,tvs-diodes,10000,0.27,"TO-236-3, SC-59, SOT-23-3",Surface Mount,Active,https://www.onsemi.com/pdf/datasheet/mmbz15vdlt1-d.pdf,https://www.digikey.com/en/products/detail/onsemi/SZMMBZ15VDLT3G/3063200,,,,1.9A,Automotive,-55°C ~ 150°C (TJ),40W,No,AEC-Q101,,Zener,2,14.3V,21.2V,12.8V
SZMMBZ18VALT3G,onsemi,TVS DIODE 14.5VWM 25VC SOT233,tvs-diodes,4000,0.25,"TO-236-3, SC-59, SOT-23-3",Surface Mount,Active,https://www.onsemi.com/pdf/datasheet/mmbz5v6alt1-d.pdf,https://www.digikey.com/en/products/detail/onsemi/SZMMBZ18VALT3G/3063202,,,,1.6A,Automotive,-55°C ~ 150°C (TJ),40W,No,AEC-Q101,,Zener,2,17.1V,25V,14.5V
SZMMBZ27VCLT1G,onsemi,TVS DIODE 22VWM 38VC SOT233,tvs-diodes,1242,0.24,"TO-236-3, SC-59, SOT-23-3",Surface Mount,Active,https://www.onsemi.com/pdf/datasheet/mmbz15vdlt1-d.pdf,https://www.digikey.com/en/products/detail/onsemi/SZMMBZ27VCLT1G/3063209,,,,1A,Automotive,-55°C ~ 150°C (TJ),40W,No,AEC-Q101,,Zener,2,25.65V,38V,22V
SZMMBZ27VCLT3G,onsemi,TVS DIODE 22VWM 38VC SOT233,tvs-diodes,3469,0.24,"TO-236-3, SC-59, SOT-23-3",Surface Mount,Active,https://www.onsemi.com/pdf/datasheet/mmbz15vdlt1-d.pdf,https://www.digikey.com/en/products/detail/onsemi/SZMMBZ27VCLT3G/3063210,,,,1A,Automotive,-55°C ~ 150°C (TJ),40W,No,AEC-Q101,,Zener,2,25.65V,38V,22V
SZMMBZ33VAWT1G,onsemi,TVS DIODE 26VWM 46VC SC703,tvs-diodes,46570,0.38,"SC-70, SOT-323",Surface Mount,Active,https://www.onsemi.com/pdf/datasheet/mmbz27vaw-d.pdf,https://www.digikey.com/en/products/detail/onsemi/SZMMBZ33VAWT1G/3063213,,,,870mA,Automotive,-55°C ~ 150°C (TJ),40W,No,AEC-Q101,,Zener,2,31.35V,46V,26V
SZMMBZ6V8ALT3G,onsemi,TVS DIODE 4.5VWM 9.6VC SOT233,tvs-diodes,17966,0.25,"TO-236-3, SC-59, SOT-23-3",Surface Mount,Active,https://www.onsemi.com/pdf/datasheet/mmbz5v6alt1-d.pdf,https://www.digikey.com/en/products/detail/onsemi/SZMMBZ6V8ALT3G/3063269,,,,2.5A,Automotive,-55°C ~ 150°C (TJ),24W,No,AEC-Q101,,Zener,2,6.46V,9.6V,4.5V
SZNUP1105LT1G,onsemi,TVS DIODE 24VWM 44VC SOT233,tvs-diodes,2282,0.55,"TO-236-3, SC-59, SOT-23-3",Surface Mount,Active,https://www.onsemi.com/pdf/datasheet/nup1105l-d.pdf,https://www.digikey.com/en/products/detail/onsemi/SZNUP1105LT1G/3063420,,1,60pF @ 1MHz,8A (8/20µs),Automotive,-55°C ~ 150°C (TJ),350W,No,AEC-Q101,,Zener,,25.7V,44V,24V (Min)
SZNUP2105LT1G,onsemi,TVS DIODE 24VWM 44VC SOT233,tvs-diodes,157344,0.41,"TO-236-3, SC-59, SOT-23-3",Surface Mount,Active,https://www.onsemi.com/pdf/datasheet/nup2105l-d.pdf,https://www.digikey.com/en/products/detail/onsemi/SZNUP2105LT1G/3063422,,2,30pF @ 1MHz,8A (8/20µs),Automotive,-55°C ~ 150°C (TJ),350W,No,AEC-Q101,,Zener,,26.2V,44V,24V (Min)
SZNUP2105LT3G,onsemi,TVS DIODE 24VWM 44VC SOT233,tvs-diodes,41310,0.41,"TO-236-3, SC-59, SOT-23-3",Surface Mount,Active,https://www.onsemi.com/pdf/datasheet/nup2105l-d.pdf,https://www.digikey.com/en/products/detail/onsemi/SZNUP2105LT3G/3063423,,2,30pF @ 1MHz,8A (8/20µs),Automotive,-55°C ~ 150°C (TJ),350W,No,AEC-Q101,,Zener,,26.2V,44V,24V (Min)
SZP6SMB43CAT3G,Littelfuse Inc.,TVS DIODE 36.8VWM 59.3VC SMB,tvs-diodes,1149,0.87,"DO-214AA, SMB",Surface Mount,Active,https://www.littelfuse.com/assetdocs/tvs-diode-szp6smbxxca-datasheet?assetguid=a54ab340-efe4-40d7-99cb-dd80d69f6f3a,https://www.digikey.com/en/products/detail/littelfuse-inc/SZP6SMB43CAT3G/3063446,,1,240pF @ 1MHz,10.1A,Automotive,-65°C ~ 150°C (TJ),600W,No,AEC-Q101,,Zener,,40.9V,59.3V,36.8V
TCLAMP1202P.TGT,Semtech Corporation,TVS DIODE 12VWM 25VC SLP2020P5,tvs-diodes,16177,2.66,5-UDFN Exposed Pad,Surface Mount,Active,,https://www.digikey.com/en/products/detail/semtech-corporation/TCLAMP1202P-TGT/4626661,General Purpose,,12pF @ 1MHz,12A,,-55°C ~ 125°C (TJ),300W,Yes,,TransClamp™,Steering (Rail to Rail),2,13.3V,25V,12V (Max)
TCLAMP3302N.TCT,Semtech Corporation,TVS DIODE 3.3VWM 25V SLP2626P10,tvs-diodes,30211,5.05,10-UFDFN Exposed Pad,Surface Mount,Active,,https://www.digikey.com/en/products/detail/semtech-corporation/TCLAMP3302N-TCT/1833997,"Ethernet, Telecom",,25pF @ 1MHz,95A (8/20µs),,-40°C ~ 85°C (TJ),2500W (2.5kW),Yes,,TransClamp™,Steering (Rail to Rail),2,,25V,3.3V (Max)
TCLAMP3602P.TCT,Semtech Corporation,TVS DIODE 36VWM 11.5VC SLF2010N5,tvs-diodes,3236,3.61,5-UFDFN,Surface Mount,Active,,https://www.digikey.com/en/products/detail/semtech-corporation/TCLAMP3602P-TCT/11198801,CAN,,2.6pF @ 1MHz,30A (8/20µs),,-40°C ~ 85°C (TA),350W,Yes,,,Steering (Rail to Rail),2,40V,11.5V,36V (Max)
TESD5V0L1UC RJG,Taiwan Semiconductor Corporation,TVS DIODE 5VWM 15VC DFN1006L,tvs-diodes,9521,0.28,SOD-882,Surface Mount,Active,https://services.taiwansemi.com/storage/resources/datasheet/TESD5V0L1UC_E2007.pdf,https://www.digikey.com/en/products/detail/taiwan-semiconductor-corporation/TESD5V0L1UC-RJG/7623384,General Purpose,1,2pF @ 1MHz,3A (8/20µs),,-55°C ~ 155°C (TJ),100W,No,,,Zener,,6V,15V,5V (Max)
TESD5V0V4UCX6 RFG,Taiwan Semiconductor Corporation,TVS DIODE 5VWM 15VC SOT26,tvs-diodes,20275,0.44,SOT-23-6,Surface Mount,Active,https://services.taiwansemi.com/storage/resources/datasheet/TESD5V0V4UCX6_B2003.pdf,https://www.digikey.com/en/products/detail/taiwan-semiconductor-corporation/TESD5V0V4UCX6-RFG/7623393,General Purpose,,0.6pF @ 1MHz,5A (8/20µs),,-55°C ~ 150°C (TJ),75W,Yes,,,Zener,4,6V,15V,5V (Max)
TESDA24VB6P02CX RFG,Taiwan Semiconductor Corporation,"24V, 110W, 5.6PF, BIDIRECTIONAL",tvs-diodes,13903,0.37,"TO-236-3, SC-59, SOT-23-3",Surface Mount,Active,,https://www.digikey.com/en/products/detail/taiwan-semiconductor-corporation/TESDA24VB6P02CX-RFG/28528489,CAN,2,5.6pF @ 1MHz,2.6A (8/20µs),Automotive,-55°C ~ 150°C,110W,No,AEC-Q101,,Zener,,25.5V,42V,24V (Max)
TESDH5V0U04P2Q1 RNG,Taiwan Semiconductor Corporation,TVS DIODE 5VWM 15VC DFN10063L,tvs-diodes,8618,0.33,3-UFDFN,Surface Mount,Active,https://services.taiwansemi.com/storage/resources/datasheet/TESDH5V0U04P2Q1 _A2110.pdf,https://www.digikey.com/en/products/detail/taiwan-semiconductor-corporation/TESDH5V0U04P2Q1-RNG/15839098,"HDMI, USB",,0.65pF @ 1MHz,4A (8/20µs),,-55°C ~ 125°C (TJ),60W,No,,,Zener,2,7V,15V,5V (Max)
TESDU5V0 RGG,Taiwan Semiconductor Corporation,TVS DIODE 5VWM 15VC 0603,tvs-diodes,6311,0.48,0603 (1608 Metric),Surface Mount,Active,https://services.taiwansemi.com/storage/resources/datasheet/TESDU5V0 SERIES_H1601.pdf,https://www.digikey.com/en/products/detail/taiwan-semiconductor-corporation/TESDU5V0-RGG/16269941,USB,1,15pF @ 1MHz,5A,,-55°C ~ 150°C (TJ),75W,No,,,Zener,,5.1V,15V,5V
TPD1E01B04DPLR,Texas Instruments,TVS DIODE 3.6VWM 15VC 2X2SON,tvs-diodes,49783,0.36,0201 (0603 Metric),Surface Mount,Active,,https://www.digikey.com/en/products/detail/texas-instruments/TPD1E01B04DPLR/6098070,HDMI,1,0.18pF @ 1MHz,2.5A (8/20µs),,-40°C ~ 125°C (TA),27W,No,,,Zener,,6.4V (Typ),15V (Typ),3.6V (Max)
TPD1E01B04DPLT,Texas Instruments,TVS DIODE 3.6VWM 15VC 2X2SON,tvs-diodes,56526,1.59,0201 (0603 Metric),Surface Mount,Active,,https://www.digikey.com/en/products/detail/texas-instruments/TPD1E01B04DPLT/6110549,HDMI,1,0.18pF @ 1MHz,2.5A (8/20µs),,-40°C ~ 125°C (TA),27W,No,,,Zener,,6.4V (Typ),15V (Typ),3.6V (Max)
TPD1E01B04DPYR,Texas Instruments,TVS DIODE 3.6VWM 15VC 2X1SON,tvs-diodes,129272,0.39,0402 (1006 Metric),Surface Mount,Active,,https://www.digikey.com/en/products/detail/texas-instruments/TPD1E01B04DPYR/6590827,General Purpose,1,0.2pF @ 1MHz,2.5A,,-40°C ~ 125°C (TA),27W,No,,,Zener,,6.4V,15V,3.6V
TPD1E01B04DPYRQ1,Texas Instruments,TVS DIODE 3.6VWM 15VC 2X1SON,tvs-diodes,26343,0.29,0402 (1006 Metric),Surface Mount,Active,,https://www.digikey.com/en/products/detail/texas-instruments/TPD1E01B04DPYRQ1/15856792,"Ethernet, HDMI, USB",1,0.2pF @ 1MHz,2.5A (8/20µs),Automotive,-40°C ~ 125°C (TA),27W,No,AEC-Q101,,Zener,,6.4V,15V (Typ),3.6V (Max)
TPD1E01B04DPYT,Texas Instruments,TVS DIODE 3.6VWM 15VC 2X1SON,tvs-diodes,31716,1.59,0402 (1006 Metric),Surface Mount,Active,,https://www.digikey.com/en/products/detail/texas-instruments/TPD1E01B04DPYT/6615391,General Purpose,1,0.2pF @ 1MHz,2.5A (8/20µs),,-40°C ~ 125°C (TA),27W,No,,,Zener,,6.4V (Typ),15V,3.6V (Max)
TPD1E04U04DPLR,Texas Instruments,TVS DIODE 3.6VWM 8.9VC 2X2SON,tvs-diodes,43674,0.54,0201 (0603 Metric),Surface Mount,Active,,https://www.digikey.com/en/products/detail/texas-instruments/TPD1E04U04DPLR/6199281,HDMI,,0.5pF @ 1MHz,2.5A (8/20µs),,-40°C ~ 125°C (TA),16W,Yes,,,Zener,1,4.5V,8.9V,3.6V (Max)
TPD1E04U04DPYR,Texas Instruments,TVS DIODE 3.6VWM 8.9VC 2X1SON,tvs-diodes,18016,0.72,0402 (1006 Metric),Surface Mount,Active,,https://www.digikey.com/en/products/detail/texas-instruments/TPD1E04U04DPYR/6023553,HDMI,,0.5pF @ 1MHz,2.5A (8/20µs),,-40°C ~ 125°C (TA),19W,Yes,,,Zener,1,4.5V,8.9V,3.6V (Max)
TPD1E04U04DPYT,Texas Instruments,TVS DIODE 3.6VWM 8.9VC 2X1SON,tvs-diodes,18378,1.71,0402 (1006 Metric),Surface Mount,Active,,https://www.digikey.com/en/products/detail/texas-instruments/TPD1E04U04DPYT/6110550,HDMI,,0.5pF @ 1MHz,2.5A (8/20µs),,-40°C ~ 125°C (TA),19W,Yes,,,Zener,1,4.5V,8.9V,3.6V (Max)
TPD1E05U06DPYR,Texas Instruments,TVS DIODE 5.5VWM 14VC 2X1SON,tvs-diodes,474355,0.39,0402 (1006 Metric),Surface Mount,Active,,https://www.digikey.com/en/products/detail/texas-instruments/TPD1E05U06DPYR/3844805,HDMI,,,2.5A (8/20µs),,-40°C ~ 125°C (TA),40W,Yes,,,Zener,1,6.5V,14V,5.5V (Max)
TPD1E05U06DYAR,Texas Instruments,TVS DIODE 5.5VWM 14VC SOT5X3,tvs-diodes,11434,0.26,"SC-79, SOD-523",Surface Mount,Active,https://www.ti.com/lit/ds/symlink/tpd1e05u06.pdf?ts=1648564067178&ref_url=https%253A%252F%252Fwww.ti.com%252Fstore%252Fti%252Fen%252Fp%252Fproduct%252F%253Fp%253DTPD1E05U06DYAR%2526keyMatch%253DTPD1E05U06DYAR%2526tisearch%253Dsearch-everything%2526usecase,https://www.digikey.com/en/products/detail/texas-instruments/TPD1E05U06DYAR/16341513,"HDMI, USB",,0.42pF @ 1MHz,2.5A (8/20µs),,-40°C ~ 125°C (TA),40W,Yes,,,Zener,1,6.5V,14V (Typ),5.5V (Max)
TPD1E05U06QDPYRQ1,Texas Instruments,TVS DIODE 5.5VWM 14VC 2X1SON,tvs-diodes,43855,0.73,0402 (1006 Metric),Surface Mount,Active,,https://www.digikey.com/en/products/detail/texas-instruments/TPD1E05U06QDPYRQ1/6221211,"HDMI, USB",,0.42pF @ 1MHz,2.5A (8/20µs),Automotive,-40°C ~ 125°C (TA),30W,Yes,AEC-Q101,,Zener,1,6.4V,14V (Typ),5.5V (Max)
TPD1E0B04DPLR,Texas Instruments,TVS DIODE 3.6VWM 10.1VC 2X2SON,tvs-diodes,104777,0.6,0201 (0603 Metric),Surface Mount,Active,,https://www.digikey.com/en/products/detail/texas-instruments/TPD1E0B04DPLR/6128424,RF Antenna,1,0.13pF @ 1MHz,1.7A (8/20µA),,-40°C ~ 125°C (TA),15W,No,,,Zener,,6.7V (Typ),10.1V,3.6V (Max)
TPD1E0B04DPYR,Texas Instruments,TVS DIODE 3.6VWM 19VC 2X1SON,tvs-diodes,86787,0.63,0402 (1006 Metric),Surface Mount,Active,,https://www.digikey.com/en/products/detail/texas-instruments/TPD1E0B04DPYR/6590828,General Purpose,1,0.15pF @ 1MHz,1.7A (8/20µs),,-40°C ~ 125°C (TA),15W,No,,,Zener,,6.7V (Typ),19V,3.6V
TPD1E0B04DPYT,Texas Instruments,TVS DIODE 3.6VWM 19VC 2X1SON,tvs-diodes,25130,1.71,0402 (1006 Metric),Surface Mount,Active,,https://www.digikey.com/en/products/detail/texas-instruments/TPD1E0B04DPYT/7312689,General Purpose,1,0.13pF @ 1MHz,1.7A (8/20µs),,-40°C ~ 125°C (TA),15W,No,,,Zener,,6.7V (Typ),19V (Typ),3.6V (Max)
TPD1E10B06DPYR,Texas Instruments,TVS DIODE 5.5VWM 14VC 2X1SON,tvs-diodes,979858,0.35,0402 (1006 Metric),Surface Mount,Active,,https://www.digikey.com/en/products/detail/texas-instruments/TPD1E10B06DPYR/3197744,General Purpose,1,,5A (8/20µs),,-40°C ~ 125°C (TA),90W,No,,,Zener,,6V,14V,5.5V (Max)
TPD1E10B06DYAR,Texas Instruments,TVS DIODE 5.5VWM 14VC SOT5X3,tvs-diodes,253876,0.21,"SC-79, SOD-523",Surface Mount,Active,https://www.ti.com/lit/ds/symlink/tpd1e10b06.pdf,https://www.digikey.com/en/products/detail/texas-instruments/TPD1E10B06DYAR/15853876,USB,1,12pF @ 1MHz,6A (8/20µs),,-40°C ~ 125°C (TA),90W,No,,,Zener,,6V,14V,5.5V (Max)
TPD1E10B06DYARQ1,Texas Instruments,TVS DIODE 5.5VWM 14VC SOT5X3,tvs-diodes,24905,0.34,"SC-79, SOD-523",Surface Mount,Active,https://www.ti.com/lit/ds/symlink/tpd1e10b06-q1.pdf?ts=1647960520558&ref_url=https%253A%252F%252Fwww.ti.com%252Fstore%252Fti%252Fen%252Fp%252Fproduct%252F%253Fp%253DTPD1E10B06DYARQ1%2526keyMatch%253DTPD1E10B06DYARQ1%2526tisearch%253Dsearch-everything%2526,https://www.digikey.com/en/products/detail/texas-instruments/TPD1E10B06DYARQ1/16181224,,1,12pF @ 1MHz,6A (8/20µs),Automotive,-40°C ~ 125°C (TA),90W,No,AEC-Q101,,Zener,,6V,14V (Typ),5.5V (Max)
TPD1E10B06QDPYRQ1,Texas Instruments,TVS DIODE 5.5VWM 14VC 2X1SON,tvs-diodes,125066,0.67,0402 (1006 Metric),Surface Mount,Active,,https://www.digikey.com/en/products/detail/texas-instruments/TPD1E10B06QDPYRQ1/6609845,,1,12pF @ 1MHz,6A (8/20µs),Automotive,-40°C ~ 125°C (TA),90W,No,AEC-Q101,,Zener,,6V,14V (Typ),5.5V (Max)
TPD1E10B09DPYR,Texas Instruments,TVS DIODE 9VWM 20VC 2X1SON,tvs-diodes,133238,0.65,0402 (1006 Metric),Surface Mount,Active,,https://www.digikey.com/en/products/detail/texas-instruments/TPD1E10B09DPYR/3197745,General Purpose,1,,4.5A (8/20µs),,-40°C ~ 125°C (TA),90W,No,,,Zener,,9.5V,20V,9V (Max)
TPD1E1B04DPYR,Texas Instruments,TVS DIODE 3.6VWM 8.5VC 2X1SON,tvs-diodes,166961,0.45,0402 (1006 Metric),Surface Mount,Active,,https://www.digikey.com/en/products/detail/texas-instruments/TPD1E1B04DPYR/6156198,General Purpose,1,1pF @ 1MHz,6.3A (8/20µs),,-40°C ~ 125°C (TA),50W,No,,,Zener,,6.4V (Typ),8.5V (Typ),3.6V (Max)
TPD1E6B06DPLR,Texas Instruments,TVS DIODE 5VWM 14VC 2X2SON,tvs-diodes,72398,0.27,0201 (0603 Metric),Surface Mount,Active,,https://www.digikey.com/en/products/detail/texas-instruments/TPD1E6B06DPLR/3543239,General Purpose,1,,5A (8/20µs),,-40°C ~ 125°C (TA),50W,No,,,Zener,,6V,14V,5V (Max)
TPD2E001DZDR,Texas Instruments,TVS DIODE 5.5VWM 4SOP,tvs-diodes,75887,0.88,"TO-253-4, TO-253AA",Surface Mount,Active,,https://www.digikey.com/en/products/detail/texas-instruments/TPD2E001DZDR/1907454,Ethernet,,,,,-40°C ~ 85°C (TA),,Yes,,,Steering (Rail to Rail),2,11V,,5.5V (Max)
TPD2E007DCKR,Texas Instruments,TVS DIODE 13VWM SC703,tvs-diodes,46252,1.67,"SC-70, SOT-323",Surface Mount,Active,,https://www.digikey.com/en/products/detail/texas-instruments/TPD2E007DCKR/2177393,General Purpose,2,,,,-40°C ~ 85°C (TA),,No,,,Zener,,14V,,13V (Max)
TPD2E2U06DCKR,Texas Instruments,TVS DIODE 5.5VWM 12.4VC SC703,tvs-diodes,3087,0.6,"SC-70, SOT-323",Surface Mount,Active,,https://www.digikey.com/en/products/detail/texas-instruments/TPD2E2U06DCKR/11502208,"Ethernet, USB 2.0",,1.5pF @ 1MHz,5.5A (8/20µs),,-40°C ~ 125°C (TA),75W,No,,,Zener,2,6.5V,12.4V (Typ),5.5V (Max)
TPD2E2U06DRLR,Texas Instruments,TVS DIODE 5.5VWM 12.4VC SOT5,tvs-diodes,90360,0.99,SOT-553,Surface Mount,Active,,https://www.digikey.com/en/products/detail/texas-instruments/TPD2E2U06DRLR/4878710,Ethernet,,,5.5A (8/20µs),,-40°C ~ 125°C (TA),85W,Yes,,,Steering (Rail to Rail),2,6.5V,12.4V (Typ),5.5V (Max)
TPD2E2U06QDBZRQ1,Texas Instruments,TVS DIODE 5.5VWM 12.4VC SOT23-3,tvs-diodes,72270,0.74,"TO-236-3, SC-59, SOT-23-3",Surface Mount,Active,,https://www.digikey.com/en/products/detail/texas-instruments/TPD2E2U06QDBZRQ1/5056067,Ethernet,,,5.5A (8/20µs),Automotive,-40°C ~ 125°C (TA),75W,Yes,AEC-Q101,,Zener,2,6.5V,12.4V (Typ),5.5V (Max)
TPD2E2U06QDCKRQ1,Texas Instruments,TVS DIODE 5.5VWM 12.4VC SC703,tvs-diodes,40220,0.81,"SC-70, SOT-323",Surface Mount,Active,,https://www.digikey.com/en/products/detail/texas-instruments/TPD2E2U06QDCKRQ1/6026260,Ethernet,,,5.5A (8/20µs),Automotive,-40°C ~ 125°C (TJ),75W,Yes,AEC-Q101,,Zener,2,6.5V,12.4V (Typ),5.5V (Max)
TPD2EUSB30ADRTR,Texas Instruments,TVS DIODE 3.6VWM 8VC SOT3,tvs-diodes,96287,1.04,"3-SMD, SOT-23-3 Variant",Surface Mount,Active,,https://www.digikey.com/en/products/detail/texas-instruments/TPD2EUSB30ADRTR/2520830,General Purpose,,,1A (8/20µs),,-40°C ~ 85°C (TA),45W,Yes,,,Zener,2,4.5V,8V,3.6V (Max)
TPD2EUSB30DRTR,Texas Instruments,TVS DIODE 5.5VWM 8VC SOT3,tvs-diodes,98707,1.11,"3-SMD, SOT-23-3 Variant",Surface Mount,Active,,https://www.digikey.com/en/products/detail/texas-instruments/TPD2EUSB30DRTR/2193486,General Purpose,,,5A (8/20µs),,-40°C ~ 85°C (TA),45W,Yes,,,Zener,2,7V,8V,5.5V (Max)
TPD3E001DRLR,Texas Instruments,TVS DIODE 5.5VWM SOT5,tvs-diodes,62695,1.05,SOT-553,Surface Mount,Active,,https://www.digikey.com/en/products/detail/texas-instruments/TPD3E001DRLR/1629059,General Purpose,,,,,-40°C ~ 85°C (TA),90W,Yes,,,Steering (Rail to Rail),3,11V,,5.5V (Max)
TPD4E001DBVR,Texas Instruments,TVS DIODE 5.5VWM SOT23-6,tvs-diodes,32503,0.67,SOT-23-6,Surface Mount,Active,https://www.ti.com/lit/ds/symlink/tpd4e001.pdf,https://www.digikey.com/en/products/detail/texas-instruments/TPD4E001DBVR/2523395,Ethernet,,,,,-40°C ~ 85°C (TA),100W,Yes,,,Steering (Rail to Rail),4,11V,,5.5V (Max)
TPD4E001DCKR,Texas Instruments,TVS DIODE 5.5VWM SC706,tvs-diodes,12786,0.9,"6-TSSOP, SC-88, SOT-363",Surface Mount,Active,https://www.ti.com/lit/ds/symlink/tpd4e001.pdf,https://www.digikey.com/en/products/detail/texas-instruments/TPD4E001DCKR/2666509,Ethernet,,,,,-40°C ~ 85°C (TA),100W,Yes,,,Steering (Rail to Rail),4,11V,,5.5V (Max)
TPD4E001DRLR,Texas Instruments,TVS DIODE 5.5VWM SOT5X3,tvs-diodes,53862,0.82,"SOT-563, SOT-666",Surface Mount,Active,https://www.ti.com/lit/ds/symlink/tpd4e001.pdf,https://www.digikey.com/en/products/detail/texas-instruments/TPD4E001DRLR/1629061,Ethernet,,,,,-40°C ~ 85°C (TA),100W,Yes,,,Steering (Rail to Rail),4,11V,,5.5V (Max)
TPD4E001QDBVRQ1,Texas Instruments,TVS DIODE 5.5VWM 16VC SOT23-6,tvs-diodes,59165,1.17,SOT-23-6,Surface Mount,Active,,https://www.digikey.com/en/products/detail/texas-instruments/TPD4E001QDBVRQ1/4209303,Ethernet,,,5.5A (8/20µs),Automotive,-40°C ~ 125°C (TA),100W,Yes,AEC-Q100,,Steering (Rail to Rail),4,11V,16V (Typ),5.5V (Max)
TPD4E002DRLR,Texas Instruments,TVS DIODE 3VWM SOT5,tvs-diodes,20227,0.8,SOT-553,Surface Mount,Active,,https://www.digikey.com/en/products/detail/texas-instruments/TPD4E002DRLR/1561146,General Purpose,,,,,-40°C ~ 125°C (TA),35W,No,,,Zener,4,6.1V,,3V
TPD4E004DRYR,Texas Instruments,TVS DIODE 5.5VWM 6SON,tvs-diodes,11215,1.58,6-UFDFN,Surface Mount,Active,,https://www.digikey.com/en/products/detail/texas-instruments/TPD4E004DRYR/1907459,Ethernet,,,,,-40°C ~ 85°C (TA),,Yes,,,Steering (Rail to Rail),4,6V,,5.5V (Max)
TPD4E02B04DQAR,Texas Instruments,TVS DIODE 3.6VWM 8.8VC 10USON,tvs-diodes,7898,1.11,10-UFDFN,Surface Mount,Active,,https://www.digikey.com/en/products/detail/texas-instruments/TPD4E02B04DQAR/5880125,HDMI,4,0.27pF @ 1MHz,5A (8/20µs),,-40°C ~ 125°C (TA),17W,No,,,Zener,,5.5V,8.8V (Typ),3.6V (Max)
TPD4E02B04QDQARQ1,Texas Instruments,TVS DIODE 3.6VWM 8.8VC 10USON,tvs-diodes,181277,1.37,10-UFDFN,Surface Mount,Active,,https://www.digikey.com/en/products/detail/texas-instruments/TPD4E02B04QDQARQ1/7732454,,4,0.25pF @ 1MHz,2A (8/20µs),Automotive,-40°C ~ 125°C (TA),17W,No,AEC-Q101,,Zener,,5.5V,8.8V,3.6V (Max)
TPD4E05U06DQAR,Texas Instruments,TVS DIODE 5.5VWM 14VC 10USON,tvs-diodes,379518,0.78,10-UFDFN,Surface Mount,Active,,https://www.digikey.com/en/products/detail/texas-instruments/TPD4E05U06DQAR/3996774,HDMI,,,2.5A (8/20µs),,-40°C ~ 125°C (TA),40W,Yes,,,Steering (Rail to Rail),4,6.5V,14V,5.5V (Max)
TPD4E05U06QDQARQ1,Texas Instruments,TVS DIODE 5.5VWM 14VC 10USON,tvs-diodes,147574,1.26,10-UFDFN,Surface Mount,Active,,https://www.digikey.com/en/products/detail/texas-instruments/TPD4E05U06QDQARQ1/4972148,"HDMI, USB",,,2.5A (8/20µs),Automotive,-40°C ~ 125°C (TA),40W,Yes,AEC-Q101,,Steering (Rail to Rail),4,6.4V,14V,5.5V (Max)
TPD4E1B06DCKR,Texas Instruments,TVS DIODE 5.5VWM 14.5VC SC706,tvs-diodes,15913,1.06,"6-TSSOP, SC-88, SOT-363",Surface Mount,Active,,https://www.digikey.com/en/products/detail/texas-instruments/TPD4E1B06DCKR/3871271,General Purpose,4,,3A (8/20µs),,-40°C ~ 125°C (TA),45W,No,,,Zener,,7V,14.5V (Typ),5.5V (Max)
TPD4E1B06DRLR,Texas Instruments,TVS DIODE 5.5VWM 14.5VC SOT5X3,tvs-diodes,15419,0.96,"SOT-563, SOT-666",Surface Mount,Active,,https://www.digikey.com/en/products/detail/texas-instruments/TPD4E1B06DRLR/4878711,General Purpose,,,3A (8/20µs),,-40°C ~ 125°C (TA),45W,No,,,Zener,4,7V,14.5V (Typ),5.5V (Max)
TPD4E1U06DBVR,Texas Instruments,TVS DIODE 5.5VWM 15VC SOT23-6,tvs-diodes,47259,0.94,SOT-23-6,Surface Mount,Active,,https://www.digikey.com/en/products/detail/texas-instruments/TPD4E1U06DBVR/3929533,"Ethernet, HDMI",,,3A (8/20µs),,-40°C ~ 125°C (TA),45W,Yes,,,Steering (Rail to Rail),4,6.5V,15V (Typ),5.5V (Max)
TPD4E1U06DCKR,Texas Instruments,TVS DIODE 5.5VWM 15VC SC706,tvs-diodes,15075,0.93,"6-TSSOP, SC-88, SOT-363",Surface Mount,Active,,https://www.digikey.com/en/products/detail/texas-instruments/TPD4E1U06DCKR/3871272,"Ethernet, HDMI",,,3A (8/20µs),,-40°C ~ 125°C (TA),45W,Yes,,,Steering (Rail to Rail),4,6.5V,15V (Typ),5.5V (Max)
TPD4EUSB30DQAR,Texas Instruments,TVS DIODE 5.5VWM 8VC 10USON,tvs-diodes,156778,1.52,10-UFDFN,Surface Mount,Active,,https://www.digikey.com/en/products/detail/texas-instruments/TPD4EUSB30DQAR/2503665,General Purpose,,,1A (8/20µs),,-40°C ~ 85°C (TA),45W,Yes,,,Steering (Rail to Rail),4,7V,8V,5.5V (Max)
TPD4S010DQAR,Texas Instruments,TVS DIODE 5.5VWM 10USON,tvs-diodes,5564,1.55,10-UFDFN,Surface Mount,Active,,https://www.digikey.com/en/products/detail/texas-instruments/TPD4S010DQAR/2004400,"Ethernet, HDMI",,,,,-40°C ~ 85°C (TA),25W,Yes,,,Steering (Rail to Rail),4,9V,,5.5V (Max)
TPD4S012DRYR,Texas Instruments,TVS DIODE 5.5VWM 6SON,tvs-diodes,120366,1.07,6-UFDFN,Surface Mount,Active,,https://www.digikey.com/en/products/detail/texas-instruments/TPD4S012DRYR/2037539,USB,,,3A (8/20µs),,-40°C ~ 85°C (TA),60W,Yes,,,Steering (Rail to Rail),4,6V,,5.5V
TPD6E001RSER,Texas Instruments,TVS DIODE 5VWM 10UQFN,tvs-diodes,27784,1.15,10-UFQFN,Surface Mount,Active,,https://www.digikey.com/en/products/detail/texas-instruments/TPD6E001RSER/1629062,General Purpose,,,,,-40°C ~ 85°C (TA),,Yes,,,Steering (Rail to Rail),6,11V,,5V (Max)
TPD6E05U06RVZR,Texas Instruments,TVS DIODE 5.5VWM 14VC 14USON,tvs-diodes,35682,1.71,14-UFDFN,Surface Mount,Active,,https://www.digikey.com/en/products/detail/texas-instruments/TPD6E05U06RVZR/4307639,HDMI,,,2.5A (8/20µs),,-40°C ~ 125°C (TA),40W,Yes,,,Steering (Rail to Rail),6,6.5V,14V,5.5V (Max)
TPD8S009DSMR,Texas Instruments,TVS DIODE 5.5VWM 15SON,tvs-diodes,6011,3.73,"15-SMD, No Lead",Surface Mount,Active,,https://www.digikey.com/en/products/detail/texas-instruments/TPD8S009DSMR/1907466,HDMI,,,,,-40°C ~ 85°C (TA),25W,No,,,Steering (Rail to Rail),8,9V,,5.5V (Max)
TPSMB650CA-A,Littelfuse Inc.,TVS DIODE 553VWM 897VC DO214AA,tvs-diodes,16484,1.59,"DO-214AA, SMB",Surface Mount,Active,https://www.littelfuse.com/assetdocs/tvs-diode-tpsmb-datasheet?assetguid=E7A196A8-A225-4724-AB76-7C22E0D48557,https://www.digikey.com/en/products/detail/littelfuse-inc/TPSMB650CA-A/9682160,,1,,800mA,Automotive,-65°C ~ 150°C (TJ),600W,No,AEC-Q101,TPSMB,Zener,,617.5V,897V,553V
TPSMF4L5.0A,Littelfuse Inc.,TVS DIODE 5VWM 9.2VC SOD123F,tvs-diodes,111726,0.74,SOD-123F,Surface Mount,Active,https://www.littelfuse.com/assetdocs/tvs-diodes-tpsmf4l-datasheet?assetguid=b90307ca-11e1-4891-9cbd-b9c54d21a402,https://www.digikey.com/en/products/detail/littelfuse-inc/TPSMF4L5-0A/6131236,,,,40.1A,Automotive,-55°C ~ 150°C (TJ),400W,No,AEC-Q101,TPSMF4L,Zener,1,6.4V,9.2V,5V
TSD05DYFR,Texas Instruments,TVS DIODE 5.5VWM 9VC SOD-323,tvs-diodes,75547,0.72,"SC-76, SOD-323",Surface Mount,Active,https://www.ti.com/lit/ds/symlink/tsd05.pdf?ts=1695321159953&ref_url=https%253A%252F%252Fwww.ti.com%252Fsitesearch%252Fen-us%252Fdocs%252Funiversalsearch.tsp%253FlangPref%253Den-US%2526searchTerm%253DTSD05DYFR%2526nr%253D3,https://www.digikey.com/en/products/detail/texas-instruments/TSD05DYFR/21298352,USB,,19pF @ 1MHz,60A (8/20µs),,-55°C ~ 150°C (TA),530W,No,,,Zener,1,6V,9V (Typ),5.5V (Max)
TSD12DYFRQ1,Texas Instruments,AUTOMOTIVE 12V UNIDIRECTIONAL SU,tvs-diodes,3992,0.35,"SC-76, SOD-323",Surface Mount,Active,https://www.ti.com/lit/ds/symlink/tsd12-q1.pdf?ts=1761592629009&ref_url=https%253A%252F%252Fwww.ti.com%252Fproduct%252FTSD12-Q1,https://www.digikey.com/en/products/detail/texas-instruments/TSD12DYFRQ1/27634613,USB,,12pF @ 1MHz,18A (8/20µs),Automotive,-55°C ~ 150°C (TA),300W,No,AEC-Q101,TSDxx-Q1,Zener,1,12.7V,23V,12V (Max)
TSD36CDYFR,Texas Instruments,TVS DIODE 36VWM 71VC SOD323,tvs-diodes,5362,0.3,"SC-76, SOD-323",Surface Mount,Active,https://www.ti.com/lit/ds/symlink/tsd36c.pdf?ts=1739258059423&ref_url=https%253A%252F%252Fwww.ti.com%252Fproduct%252FTSD36C,https://www.digikey.com/en/products/detail/texas-instruments/TSD36CDYFR/24773390,USB,1,4.3pF @ 1MHz,6.5A (8/20µs),,-55°C ~ 150°C (TA),400W,No,,TSDxxC,Zener,,37.8V,71V,36V (Max)
TSM24ADBZR,Texas Instruments,TVS DIODE 24VWM 38VC SOT233,tvs-diodes,4644,0.36,"TO-236-3, SC-59, SOT-23-3",Surface Mount,Active,https://www.ti.com/lit/ds/symlink/tsm24a.pdf?ts=1695321184179&ref_url=https%253A%252F%252Fwww.ti.com%252Fsitesearch%252Fen-us%252Fdocs%252Funiversalsearch.tsp%253FlangPref%253Den-US%2526searchTerm%253DTSM24ADBZR%2526nr%253D2,https://www.digikey.com/en/products/detail/texas-instruments/TSM24ADBZR/21442035,USB,,54pF @ 1MHz,60A (8/20µs),,-40°C ~ 125°C (TA),2800W (2.8kW),No,,,Zener,1,24.8V,38V (Typ),24V (Max)
TSM24CADBZR,Texas Instruments,TVS DIODE 24VWM 35VC SOT233,tvs-diodes,1586,0.39,"TO-236-3, SC-59, SOT-23-3",Surface Mount,Active,https://www.ti.com/lit/ds/symlink/tsm24ca.pdf?ts=1695321231861&ref_url=https%253A%252F%252Fwww.ti.com%252Fsitesearch%252Fen-us%252Fdocs%252Funiversalsearch.tsp%253FlangPref%253Den-US%2526searchTerm%253DTSM24CADBZR%2526nr%253D3,https://www.digikey.com/en/products/detail/texas-instruments/TSM24CADBZR/21442009,"CAN, Telecom",1,14pF @ 1MHz,24A (8/20µs),Automotive,-55°C ~ 150°C (TA),1200W (1.2kW),No,,,Zener,,25.5V,35V (Typ),24V (Max)
TSM24CADBZRQ1,Texas Instruments,TVS DIODE 24VWM 35VC SOT233,tvs-diodes,2148,0.47,"TO-236-3, SC-59, SOT-23-3",Surface Mount,Active,https://www.ti.com/lit/ds/symlink/tsm24ca-q1.pdf?ts=1704309800853&ref_url=https%253A%252F%252Fwww.ti.com%252Fsitesearch%252Fen-us%252Fdocs%252Funiversalsearch.tsp%253FlangPref%253Den-US%2526searchTerm%253DTSM24CADBZRQ1%2526nr%253D2,https://www.digikey.com/en/products/detail/texas-instruments/TSM24CADBZRQ1/22106866,"CAN, Telecom",1,14pF @ 1MHz,30A (8/20µs),,-55°C ~ 150°C (TA),1200W (1.2kW),No,,,Zener,,25.5V,35V (Typ),24V (Max)
TSM36ADBZR,Texas Instruments,TVS DIODE 36VWM 57VC SOT233,tvs-diodes,6234,0.34,"TO-236-3, SC-59, SOT-23-3",Surface Mount,Active,https://www.ti.com/lit/ds/symlink/tsm36a.pdf,https://www.digikey.com/en/products/detail/texas-instruments/TSM36ADBZR/17748480,General Purpose,,50pF @ 1MHz,41A (8/20µs),,-40°C ~ 125°C (TA),2000W (2kW),No,,,Zener,1,37.8V,57V (Typ),36V (Max)
TV02W300B-G,Comchip Technology,TVS DIODE 30VWM 48.4VC SOD123,tvs-diodes,111244,0.58,SOD-123,Surface Mount,Active,,https://www.digikey.com/en/products/detail/comchip-technology/TV02W300B-G/3305158,General Purpose,1,,4.13A,,-55°C ~ 150°C (TJ),200W,No,,,Zener,,33.3V,48.4V,30V
TV02W360B-G,Comchip Technology,TVS DIODE 36VWM 58.1VC SOD123,tvs-diodes,16486,0.58,SOD-123,Surface Mount,Active,,https://www.digikey.com/en/products/detail/comchip-technology/TV02W360B-G/3305166,General Purpose,1,,3.44A,,-55°C ~ 150°C (TJ),200W,No,,,Zener,,40V,58.1V,36V
TV02W6V0B-G,Comchip Technology,TVS DIODE 6VWM 10.3VC SOD123,tvs-diodes,16728,0.58,SOD-123,Surface Mount,Active,,https://www.digikey.com/en/products/detail/comchip-technology/TV02W6V0B-G/3305209,General Purpose,1,,19.42A,,-55°C ~ 150°C (TJ),200W,No,,,Zener,,6.67V,10.3V,6V
TVS2200DRVR,Texas Instruments,TVS DIODE 22VWM 28VC 6WSON,tvs-diodes,30413,1.1,6-WDFN Exposed Pad,Surface Mount,Active,,https://www.digikey.com/en/products/detail/texas-instruments/TVS2200DRVR/8567233,General Purpose,,105pF @ 1MHz,5A,,-40°C ~ 125°C (TA),145W,No,,,Zener,1,24.6V,28V,22V
TVS2700DRVR,Texas Instruments,TVS DIODE 27VWM 34.1VC 6WSON,tvs-diodes,72218,1.22,6-WDFN Exposed Pad,Surface Mount,Active,,https://www.digikey.com/en/products/detail/texas-instruments/TVS2700DRVR/8567234,General Purpose,,100pF @ 1MHz,4A,,-40°C ~ 125°C (TA),120W,No,,,Zener,1,29.3V,34.1V,27V
TVS3300DRVR,Texas Instruments,TVS DIODE 33VWM 40VC 6WSON,tvs-diodes,40060,1.34,6-WDFN Exposed Pad,Surface Mount,Active,,https://www.digikey.com/en/products/detail/texas-instruments/TVS3300DRVR/7044059,General Purpose,,150pF @ 1MHz,3.5A,,-40°C ~ 125°C (TA),125W,No,,,Zener,1,34V,40V,33V
TVS3300YZFR,Texas Instruments,TVS DIODE 33VWM 40VC 4DSBGA,tvs-diodes,5666,1.34,"4-UFBGA, DSBGA",Surface Mount,Active,,https://www.digikey.com/en/products/detail/texas-instruments/TVS3300YZFR/7653245,General Purpose,,150pF @ 1MHz,4A,,-40°C ~ 125°C (TA),150W,No,,,Zener,1,34V,40V,33V
TVS3V3L4UE6327HTSA1,Infineon Technologies,TVS DIODE 3.3VWM 7.7VC PGSC746,tvs-diodes,128201,1.07,"SC-74, SOT-457",Surface Mount,Not For New Designs,https://www.infineon.com/dgdl/TVS3V3L4U_rev_2_2.pdf?folderId=db3a30431f848401011fcbf2ab4c04c4&fileId=db3a3043382e837301385be7912532ed,https://www.digikey.com/en/products/detail/infineon-technologies/TVS3V3L4UE6327HTSA1/3911496,Ethernet,2,2pF @ 1MHz,20A (8/20µs),,-55°C ~ 125°C (TJ),,No,,,Zener,4,,7.7V (Typ),3.3V (Max)
UCLAMP03351PW.C,Semtech Corporation,TVS DIODE 3.3VWM 6.5VC 2DFN,tvs-diodes,5137,0.57,0402 (1006 Metric),Surface Mount,Active,,https://www.digikey.com/en/products/detail/semtech-corporation/UCLAMP03351PW-C/21371831,General Purpose,1,4.7pF @ 1MHz,6A (8/20µs),,-40°C ~ 125°C (TA),40W,No,,µClamp®,Zener,,3.8V,6.5V,3.3V (Max)
UCLAMP0501H.TCT,Semtech Corporation,TVS DIODE 5VWM 12.5VC SOD523,tvs-diodes,92365,1.09,"SC-79, SOD-523",Surface Mount,Active,,https://www.digikey.com/en/products/detail/semtech-corporation/UCLAMP0501H-TCT/1000949,General Purpose,,160pF @ 1MHz,16A (8/20µs),,-55°C ~ 125°C (TJ),240W,No,,µClamp®,Zener,1,6V,12.5V,5V (Max)
UCLAMP0501P.TCT,Semtech Corporation,TVS DIODE 5VWM 12.5VC SLP1006P2,tvs-diodes,1683,1.09,0402 (1006 Metric),Surface Mount,Active,,https://www.digikey.com/en/products/detail/semtech-corporation/UCLAMP0501P-TCT/5113687,General Purpose,,160pF @ 1MHz,16A (8/20µs),,-55°C ~ 125°C (TJ),200W,No,,µClamp®,Zener,1,6V,12.5V,5V (Max)
UCLAMP0501T.TCT,Semtech Corporation,TVS DIODE 5VWM 12.5VC SLP1006P2T,tvs-diodes,9193,1.19,0402 (1006 Metric),Surface Mount,Active,,https://www.digikey.com/en/products/detail/semtech-corporation/UCLAMP0501T-TCT/5113688,General Purpose,,4.5pF @ 1MHz,2A (8/20µs),,-55°C ~ 125°C (TJ),25W,No,,uClamp®,Zener,1,6V,12.5V,5V (Max)
UCLAMP0504A.TCT,Semtech Corporation,TVS DIODE 5VWM 12VC SC89,tvs-diodes,39065,1.29,"SOT-563, SOT-666",Surface Mount,Active,,https://www.digikey.com/en/products/detail/semtech-corporation/UCLAMP0504A-TCT/1249473,General Purpose,,60pF @ 1MHz,7A (8/20µs),,-55°C ~ 125°C (TJ),100W,No,,uClamp®,Zener,4,6V,12V,5V (Max)
UCLAMP0511P.TCT,Semtech Corporation,TVS DIODE 5VWM 14VC SLP1006P2,tvs-diodes,1212,1.34,0402 (1006 Metric),Surface Mount,Active,,https://www.digikey.com/en/products/detail/semtech-corporation/UCLAMP0511P-TCT/1833999,General Purpose,1,75pF @ 1MHz,12A (8/20µs),,-55°C ~ 125°C (TJ),170W,No,,uClamp®,Zener,,6V,14V,5V (Max)
UCLAMP0511T.TCT,Semtech Corporation,TVS DIODE 5VWM 15VC SLP1006P2T,tvs-diodes,136875,1.24,0402 (1006 Metric),Surface Mount,Active,,https://www.digikey.com/en/products/detail/semtech-corporation/UCLAMP0511T-TCT/4626663,General Purpose,1,4pF @ 1MHz,2A (8/20µs),,-55°C ~ 125°C (TJ),,No,,uClamp®,Zener,,6V,15V,5V (Max)
UCLAMP0571P.TNT,Semtech Corporation,TVS DIODE 5VWM 15VC SGP1610N2,tvs-diodes,41509,1.35,0603 (1610 Metric),Surface Mount,Active,,https://www.digikey.com/en/products/detail/semtech-corporation/UCLAMP0571P-TNT/5118709,,,675pF @ 1MHz,80A,Automotive,-40°C ~ 125°C (TJ),1200W (1.2kW),No,AEC-Q100,uClamp®,Zener,1,6V,15V,5V (Max)
UCLAMP1201P.TCT,Semtech Corporation,TVS DIODE 12VWM 25VC SLP1006P2,tvs-diodes,12972,1.09,0402 (1006 Metric),Surface Mount,Active,,https://www.digikey.com/en/products/detail/semtech-corporation/UCLAMP1201P-TCT/1972099,General Purpose,,60pF @ 1MHz,8A (8/20µs),,-55°C ~ 125°C (TJ),200W,No,,uClamp®,Zener,1,13.3V,25V,12V (Max)
UCLAMP1211P.TCT,Semtech Corporation,TVS DIODE 12VWM 28.5VC SLP1006P2,tvs-diodes,5346,1.34,0402 (1006 Metric),Surface Mount,Active,,https://www.digikey.com/en/products/detail/semtech-corporation/UCLAMP1211P-TCT/1834000,General Purpose,1,25pF @ 1MHz,7A (8/20µs),,-55°C ~ 125°C (TJ),200W,No,,uClamp®,Zener,,13.3V,28.5V,12V (Max)
UCLAMP1211T.TCT,Semtech Corporation,TVS DIODE 12VWM 27VC SLP1006P2T,tvs-diodes,16092,1.24,0402 (1006 Metric),Surface Mount,Active,,https://www.digikey.com/en/products/detail/semtech-corporation/UCLAMP1211T-TCT/4477372,General Purpose,1,3pF @ 1MHz,1A (8/20µs),,-55°C ~ 125°C (TJ),,No,,uClamp®,Zener,,13.3V,27V,12V (Max)
UCLAMP2101T.TNT,Semtech Corporation,TVS DIODE 2.1VWM DFN10062,tvs-diodes,34079,0.55,0402 (1006 Metric),Surface Mount,Active,,https://www.digikey.com/en/products/detail/semtech-corporation/UCLAMP2101T-TNT/20370670,General Purpose,,,,,,,No,,uClamp®,Zener,1,,,2.1V
UCLAMP2271P.TNT,Semtech Corporation,TVS DIODE 22VWM 55VC SGP1610N2,tvs-diodes,12344,1.35,0603 (1610 Metric),Surface Mount,Active,,https://www.digikey.com/en/products/detail/semtech-corporation/UCLAMP2271P-TNT/5118711,,,165pF @ 1MHz,25A (8/20µs),Automotive,-40°C ~ 125°C (TJ),,No,AEC-Q100,uClamp®,Zener,1,25.5V,55V,22V (Max)
UCLAMP2511T.TCT,Semtech Corporation,TVS DIODE 2.5VWM 8VC SLP1006P2T,tvs-diodes,93262,1.34,0402 (1006 Metric),Surface Mount,Active,,https://www.digikey.com/en/products/detail/semtech-corporation/UCLAMP2511T-TCT/4626665,General Purpose,1,6pF @ 1MHz,5A (8/20µs),,-40°C ~ 85°C (TJ),40W,No,,uClamp®,Zener,,2.7V,8V,2.5V (Max)
UCLAMP2671P.TNT,Semtech Corporation,TVS DIODE 26VWM 65VC SGP1610N2,tvs-diodes,28190,1.35,0603 (1610 Metric),Surface Mount,Active,,https://www.digikey.com/en/products/detail/semtech-corporation/UCLAMP2671P-TNT/5118719,,,155pF @ 1MHz,23A (8/20µs),Automotive,-40°C ~ 125°C (TJ),,No,AEC-Q100,uClamp®,Zener,1,29V,65V,26V (Max)
UCLAMP2801T.TCT,Semtech Corporation,TVS DIODE 28VWM 60VC SLP1006P2T,tvs-diodes,2470,1.03,0402 (1006 Metric),Surface Mount,Active,,https://www.digikey.com/en/products/detail/semtech-corporation/UCLAMP2801T-TCT/5113697,General Purpose,,25pF @ 1MHz,4A (8/20µs),,-55°C ~ 125°C (TJ),240W,No,,uClamp®,Zener,1,32V,60V,28V (Max)
UCLAMP3301D.TCT,Semtech Corporation,TVS DIODE 3.3VWM 9.5VC SOD323,tvs-diodes,62876,1.34,"SC-76, SOD-323",Surface Mount,Active,,https://www.digikey.com/en/products/detail/semtech-corporation/UCLAMP3301D-TCT/1000951,General Purpose,,50pF @ 1MHz,10A (8/20µs),,-55°C ~ 125°C (TJ),100W,No,,uClamp®,Zener,1,3.5V,9.5V,3.3V (Max)
UCLAMP3301H.TCT,Semtech Corporation,TVS DIODE 3.3VWM 8VC SOD523,tvs-diodes,135857,1.19,"SC-79, SOD-523",Surface Mount,Active,,https://www.digikey.com/en/products/detail/semtech-corporation/UCLAMP3301H-TCT/1000952,General Purpose,,25pF @ 1MHz,5A (8/20µs),,-55°C ~ 125°C (TJ),40W,No,,uClamp®,Zener,1,3.5V,8V,3.3V (Max)
UCLAMP3301P.TCT,Semtech Corporation,TVS DIODE 3.3VWM 8VC SLP1006P2,tvs-diodes,27937,1.24,0402 (1006 Metric),Surface Mount,Active,,https://www.digikey.com/en/products/detail/semtech-corporation/UCLAMP3301P-TCT/2057614,General Purpose,,25pF @ 1MHz,5A (8/20µs),,-40°C ~ 85°C (TA),40W,No,,uClamp®,Zener,1,3.5V,8V,3.3V (Max)
UCLAMP3304A.TCT,Semtech Corporation,TVS DIODE 3.3VWM 8VC SC89,tvs-diodes,66225,1.43,"SOT-563, SOT-666",Surface Mount,Active,,https://www.digikey.com/en/products/detail/semtech-corporation/UCLAMP3304A-TCT/1000953,General Purpose,,22pF @ 1MHz,5A (8/20µs),,-55°C ~ 125°C (TJ),40W,No,,uClamp®,Zener,4,3.5V,8V,3.3V (Max)
UCLAMP3306P.TCT,Semtech Corporation,TVS DIODE 3.3VWM 8VC SLP1616P6,tvs-diodes,30215,1.61,6-UFDFN Exposed Pad,Surface Mount,Active,,https://www.digikey.com/en/products/detail/semtech-corporation/UCLAMP3306P-TCT/5113698,General Purpose,,20pF @ 1MHz,5A (8/20µs),,-55°C ~ 125°C (TJ),40W,No,,uClamp®,Zener,6,3.5V,8V,3.3V (Max)
UCLAMP3311P.TCT,Semtech Corporation,TVS DIODE 3.3VWM 18VC SLP1006P2,tvs-diodes,29156,1.29,0402 (1006 Metric),Surface Mount,Active,https://www.digikey.com//mm.digikey.com/Volume0/opasdata/d220001/medias/docus/8880/uClamp3311ZV.pdf,https://www.digikey.com/en/products/detail/semtech-corporation/UCLAMP3311P-TCT/1834001,General Purpose,1,12pF @ 1MHz,5A (8/20µs),,-40°C ~ 85°C (TJ),90W,No,,uClamp®,Zener,,3.5V,18V,3.3V (Max)
UCLAMP3311T.TCT,Semtech Corporation,TVS DIODE 3.3VWM 8VC SLP1006P2T,tvs-diodes,66501,1.24,0402 (1006 Metric),Surface Mount,Active,https://www.digikey.com//mm.digikey.com/Volume0/opasdata/d220001/medias/docus/8880/uClamp3311ZV.pdf,https://www.digikey.com/en/products/detail/semtech-corporation/UCLAMP3311T-TCT/4626668,General Purpose,1,5pF @ 1MHz,5A (8/20µs),,-40°C ~ 85°C (TJ),40W,No,,uClamp®,Zener,,3.5V,8V,3.3V (Max)
UCLAMP3324P.TCT,Semtech Corporation,TVS DIODE 3.3VWM 8VC SLP2116P8,tvs-diodes,16288,1.92,8-UFDFN Exposed Pad,Surface Mount,Active,,https://www.digikey.com/en/products/detail/semtech-corporation/UCLAMP3324P-TCT/1894583,General Purpose,,25pF @ 1MHz,5A (8/20µs),,-55°C ~ 125°C (TJ),40W,No,,uClamp®,Zener,4,3.5V,8V,3.3V (Max)
UCLAMP3341ZATFT,Semtech Corporation,TVS DIODE 3.3VWM 2DFN,tvs-diodes,7406,0.4,0201 (0603 Metric),Surface Mount,Active,https://www.digikey.com//mm.digikey.com/Volume0/opasdata/d220001/medias/docus/6350/UCLAMP3341ZATFT.pdf,https://www.digikey.com/en/products/detail/semtech-corporation/UCLAMP3341ZATFT/16637613,General Purpose,1,9.2pF @ 1MHz,10A (8/20µs),,-40°C ~ 85°C,60W,No,,µClamp®,Zener,,3.65V,6V,3.3V (Max)
UCLAMP3601P.TNT,Semtech Corporation,TVS DIODE 33VWM 60VC SLP1006P2,tvs-diodes,15099,1.75,0402 (1006 Metric),Surface Mount,Active,,https://www.digikey.com/en/products/detail/semtech-corporation/UCLAMP3601P-TNT/4626670,,,25pF @ 1MHz,2A (1.2/50µs),Automotive,-40°C ~ 125°C (TJ),125W,No,AEC-Q100,uClamp®,Zener,1,36V,60V,33V (Max)
UDD32C03L01,YAGEO,TVS DIODE 3.3VWM 15VC SOD323,tvs-diodes,1835,0.38,"SC-76, SOD-323",Surface Mount,Active,https://www.yageo.com/upload/media/product/app/datasheet/cpc/esd/udd32cxxl01.pdf,https://www.digikey.com/en/products/detail/yageo/UDD32C03L01/10126645,"DVI, Ethernet, USB 2.0, USB 3.0",1,0.8pF @ 1MHz,19A (8/20µs),,-55°C ~ 150°C (TJ),,No,,UDD32C03L01,Zener,,4V,15V,3.3V (Max)
UDD32C05L01,YAGEO,TVS DIODE 5VWM 18.3VC SOD323,tvs-diodes,2701,0.38,"SC-76, SOD-323",Surface Mount,Active,https://www.yageo.com/upload/media/product/app/datasheet/cpc/esd/udd32cxxl01.pdf,https://www.digikey.com/en/products/detail/yageo/UDD32C05L01/10126647,"DVI, Ethernet, USB 2.0, USB 3.0",1,0.8pF @ 1MHz,17A (8/20µs),,-55°C ~ 150°C (TJ),,No,,UDD32C05L01,Zener,,6V,18.3V,5V (Max)
UDD32C12L01,YAGEO,TVS DIODE 12VWM 28.6VC SOD323,tvs-diodes,5523,0.38,"SC-76, SOD-323",Surface Mount,Active,https://www.yageo.com/upload/media/product/app/datasheet/cpc/esd/udd32cxxl01.pdf,https://www.digikey.com/en/products/detail/yageo/UDD32C12L01/10126655,"DVI, Ethernet, USB 2.0, USB 3.0",1,0.8pF @ 1MHz,7A (8/20µs),,-55°C ~ 150°C (TJ),,No,,UDD32C12L01,Zener,,13.3V,28.6V,12V (Max)
UDD32C24L01,YAGEO,TVS DIODE 24VWM 56VC SOD323,tvs-diodes,4527,0.41,"SC-76, SOD-323",Surface Mount,Active,https://www.yageo.com/upload/media/product/app/datasheet/cpc/esd/udd32cxxl01.pdf,https://www.digikey.com/en/products/detail/yageo/UDD32C24L01/13689639,General Purpose,1,0.8pF @ 1MHz,3A (8/20µs),,-55°C ~ 150°C (TJ),200W,No,,UAD8C05L01,Zener,,26.7V,56V,24V (Max)
USB6B1RL,STMicroelectronics,TVS DIODE 5.25VWM 8SOIC,tvs-diodes,13421,1.5,"8-SOIC (0.154"", 3.90mm Width)",Surface Mount,Active,https://www.st.com/resource/en/datasheet/cd00001361.pdf,https://www.digikey.com/en/products/detail/stmicroelectronics/USB6B1RL/654663,General Purpose,,,,,-40°C ~ 85°C (TA),500W,Yes,,USB,Steering (Rail to Rail),2,6V,,5.25V
USBLC6-2P6,STMicroelectronics,TVS DIODE 5.25VWM 17VC SOT666,tvs-diodes,12690,0.65,"SOT-563, SOT-666",Surface Mount,Active,https://www.st.com/resource/en/datasheet/cd00050750.pdf,https://www.digikey.com/en/products/detail/stmicroelectronics/USBLC6-2P6/1007440,USB,,,5A (8/20µs),,-40°C ~ 150°C (TJ),,Yes,,USB,Steering (Rail to Rail),2,6V,17V,5.25V
USBLC6-2SC6,STMicroelectronics,TVS DIODE 5.25VWM 17VC SOT23-6,tvs-diodes,191147,0.54,SOT-23-6,Surface Mount,Active,https://www.st.com/resource/en/datasheet/cd00050750.pdf,https://www.digikey.com/en/products/detail/stmicroelectronics/USBLC6-2SC6/1040559,USB,,,5A (8/20µs),,-40°C ~ 150°C (TJ),,Yes,,USB,Steering (Rail to Rail),2,6V,17V,5.25V
USBLC6-2SC6Y,STMicroelectronics,TVS DIODE 5.25VWM 17VC SOT23-6,tvs-diodes,29921,0.67,SOT-23-6,Surface Mount,Active,https://www.st.com/content/ccc/resource/technical/document/datasheet/group0/94/15/6c/58/ba/91/46/42/DM00055262/files/DM00055262.pdf/jcr:content/translations/en.DM00055262.pdf,https://www.digikey.com/en/products/detail/stmicroelectronics/USBLC6-2SC6Y/2819177,Ethernet,,,5A (8/20µs),Automotive,-40°C ~ 125°C (TJ),,Yes,AEC-Q101,USBY,Steering (Rail to Rail),2,6V,17V,5.25V
USBLC6-4SC6,STMicroelectronics,TVS DIODE 5.25VWM 17VC SOT23-6,tvs-diodes,4896,0.57,SOT-23-6,Surface Mount,Active,https://www.st.com/resource/en/datasheet/cd00047494.pdf,https://www.digikey.com/en/products/detail/stmicroelectronics/USBLC6-4SC6/725216,Ethernet,,,5A (8/20µs),,-40°C ~ 125°C (TJ),,Yes,,USB,Steering (Rail to Rail),4,6V,17V,5.25V
USBLC6-4SC6Y,STMicroelectronics,TVS DIODE 5.25VWM 17VC SOT23-6,tvs-diodes,11342,0.8,SOT-23-6,Surface Mount,Active,https://www.st.com/content/ccc/resource/technical/document/datasheet/4d/3b/c6/28/1e/a5/40/1d/DM00055251.pdf/files/DM00055251.pdf/jcr:content/translations/en.DM00055251.pdf,https://www.digikey.com/en/products/detail/stmicroelectronics/USBLC6-4SC6Y/2798347,Ethernet,,,5A (8/20µs),Automotive,-40°C ~ 125°C (TJ),,Yes,AEC-Q101,USBY,Steering (Rail to Rail),4,6V,17V,5.25V
VBUS03N1-HD1-G3-08,Vishay General Semiconductor - Diodes Division,TVS DIODE 3.3VWM 15VC DFN10062A,tvs-diodes,16196,0.41,0402 (1006 Metric),Surface Mount,Active,https://www.vishay.com/docs/86205/vbus03n1-hd1.pdf,https://www.digikey.com/en/products/detail/vishay-general-semiconductor-diodes-division/VBUS03N1-HD1-G3-08/16028352,"HDMI, USB",,0.7pF @ 1MHz,4A (8/20µs),,-55°C ~ 150°C (TJ),60W,No,,,Zener,1,7V,15V,3.3V (Max)
VBUS051BD-HD1-GS08,Vishay General Semiconductor - Diodes Division,TVS DIODE 5VWM 16VC LLP1006-2L,tvs-diodes,33329,0.46,SOD-882,Surface Mount,Not For New Designs,https://www.vishay.com/docs/81785/vbus051bdhd1.pdf,https://www.digikey.com/en/products/detail/vishay-general-semiconductor-diodes-division/VBUS051BD-HD1-GS08/1874698,General Purpose,,0.9pF @ 1MHz,3A (8/20µs),,-55°C ~ 145°C (TJ),45W,No,,,Zener,1,6.9V,16V,5V (Max)
VBUS053AZ-HAF-GS08,Vishay General Semiconductor - Diodes Division,TVS DIODE 5.5VWM 18VC LLP75-7L,tvs-diodes,52613,1.06,6-UFDFN Exposed Pad,Surface Mount,Active,https://www.vishay.com/docs/81845/vbus053a.pdf,https://www.digikey.com/en/products/detail/vishay-general-semiconductor-diodes-division/VBUS053AZ-HAF-GS08/4119836,USB OTG,,,3A (8/20µs),,-40°C ~ 125°C (TJ),36W,Yes,,,Steering (Rail to Rail),3,6.5V,18V,5.5V (Max)
VBUS05B1-SD0-G4-08,Vishay General Semiconductor - Diodes Division,TVS DIODE 5.5VWM 18VC CLP0603,tvs-diodes,57184,0.39,0201 (0603 Metric),Surface Mount,Active,https://www.vishay.com/docs/85899/vbus05b1-sd0.pdf,https://www.digikey.com/en/products/detail/vishay-general-semiconductor-diodes-division/VBUS05B1-SD0-G4-08/5213699,General Purpose,1,0.29pF @ 1MHz,2.5A (8/20µs),,-55°C ~ 150°C (TJ),45W,No,,,Zener,,6V,18V,5.5V (Max)
VBUS05L1-DD1-G-08,Vishay General Semiconductor - Diodes Division,TVS DIODE 5.5VWM 17VC LLP1006-2M,tvs-diodes,225572,0.51,SOD-882,Surface Mount,Active,https://www.vishay.com/docs/81188/vbus05l1.pdf,https://www.digikey.com/en/products/detail/vishay-general-semiconductor-diodes-division/VBUS05L1-DD1-G-08/3104276,General Purpose,1,0.33pF @ 1MHz,2A (8/20µs),,-40°C ~ 125°C (TJ),34W,No,,,Zener,,7V,17V,5.5V (Max)
VBUS05N1-DD1-G3-08,Vishay General Semiconductor - Diodes Division,TVS DIODE 5.5VWM 21VC DFN10062B,tvs-diodes,19405,0.53,0402 (1006 Metric),Surface Mount,Active,https://www.vishay.com/docs/86202/vbus05n1-dd1.pdf,https://www.digikey.com/en/products/detail/vishay-general-semiconductor-diodes-division/VBUS05N1-DD1-G3-08/16028342,"HDMI, USB",1,0.36pF @ 1MHz,4A (8/20µs),,-55°C ~ 150°C (TJ),90W,No,,,Zener,,7V,21V,5.5V (Max)
VC060305A150TP,KYOCERA AVX,TVS DIODE 5.6VWM 18VC 0603,tvs-diodes,4292,0.47,0603 (1608 Metric),Surface Mount,Active,https://datasheets.kyocera-avx.com/tguard.pdf,https://www.digikey.com/en/products/detail/kyocera-avx/VC060305A150TP/11227701,General Purpose,,750pF @ 1kHz,30A,,-55°C ~ 125°C (TA),,No,,TransGuard®,Zener,1,8.5V,18V,5.6V
VCAN16A2-03G-E3-08,Vishay General Semiconductor - Diodes Division,TVS DIODE 16VWM 28VC SOT323,tvs-diodes,26175,0.54,"SC-70, SOT-323",Surface Mount,Active,https://www.vishay.com/docs/86168/vcan16a2-03g.pdf,https://www.digikey.com/en/products/detail/vishay-general-semiconductor-diodes-division/VCAN16A2-03G-E3-08/11310736,CAN,2,15.5pF @ 1MHz,5A (8/20µs),,-55°C ~ 150°C (TJ),140W,No,,,Zener,,17.1V,28V,16V (Max)
VCAN16A2-03S-E3-08,Vishay General Semiconductor - Diodes Division,TVS DIODE 16VWM 28VC SOT23-3,tvs-diodes,24594,0.51,"TO-236-3, SC-59, SOT-23-3",Surface Mount,Active,https://www.vishay.com/docs/86206/vcan16a2-03s.pdf,https://www.digikey.com/en/products/detail/vishay-general-semiconductor-diodes-division/VCAN16A2-03S-E3-08/11310739,CAN,2,16.7pF @ 1MHz,5A (8/20µs),,-55°C ~ 150°C (TJ),145W,No,,,Zener,,17.1V,28V,16V (Max)
VCAN16A2-03SHE3A08,Vishay,TVS DIODE 16VWM 28VC SOT233,tvs-diodes,9451,0.49,"TO-236-3, SC-59, SOT-23-3",Surface Mount,Active,https://www.vishay.com/docs/86206/vcan16a2-03s.pdf,https://www.digikey.com/en/products/detail/vishay-general-semiconductor-diodes-division/VCAN16A2-03SHE3A08/22145661,CAN,2,16.7pF @ 1MHz,5A (8/20µs),Automotive,-55°C ~ 150°C (TJ),145W,No,AEC-Q101,,Zener,,17.1V,28V,16V (Max)
VCAN24A2-HT5-G3-08,Vishay General Semiconductor - Diodes Division,TVS DIODE 24VWM 35VC DFN11103A,tvs-diodes,10502,0.5,3-XDFN Exposed Pad,"Surface Mount, Wettable Flank",Active,https://www.vishay.com/docs/86309/vcan24a2-ht5.pdf,https://www.digikey.com/en/products/detail/vishay-general-semiconductor-diodes-division/VCAN24A2-HT5-G3-08/16653210,,,7.8pF @ 1MHz,2.5A (8/20µs),Automotive,-55°C ~ 150°C (TJ),100W,No,AEC-Q101,,Zener,2,26.5V,35V,24V (Max)
VCAN26A2-03G-E3-08,Vishay General Semiconductor - Diodes Division,TVS DIODE 26.5VWM 50VC SOT323,tvs-diodes,24205,0.54,"SC-70, SOT-323",Surface Mount,Active,https://www.vishay.com/docs/85894/vcan26a2-03g.pdf,https://www.digikey.com/en/products/detail/vishay-general-semiconductor-diodes-division/VCAN26A2-03G-E3-08/5449056,CAN,2,10pF @ 1MHz,3A (8/20µs),,-55°C ~ 150°C (TJ),150W,No,,,Zener,,28V,50V,26.5V (Max)
VCAN26A2-03S-E3-08,Vishay General Semiconductor - Diodes Division,TVS DIODE 26.5VWM 50VC SOT233,tvs-diodes,9200,0.51,"TO-236-3, SC-59, SOT-23-3",Surface Mount,Active,https://www.vishay.com/docs/86324/vcan26a2-03s.pdf,https://www.digikey.com/en/products/detail/vishay-general-semiconductor-diodes-division/VCAN26A2-03S-E3-08/7594765,CAN,1,10pF @ 1MHz,3A (8/20µs),,-55°C ~ 150°C (TJ),150W,No,,,Zener,,28V,50V,26.5V (Max)
VCAN26A2-03SHE3A08,Vishay,TVS DIODE 26.5VWM 50VC SOT233,tvs-diodes,15154,0.49,"TO-236-3, SC-59, SOT-23-3",Surface Mount,Active,https://www.vishay.com/docs/86324/vcan26a2-03s.pdf,https://www.digikey.com/en/products/detail/vishay-general-semiconductor-diodes-division/VCAN26A2-03SHE3A08/22145147,CAN,2,10pF @ 1MHz,3A (8/20µs),Automotive,-55°C ~ 150°C (TJ),150W,No,AEC-Q101,,Zener,,28V,50V,26.5V (Max)
VCAN33A2-03G-E3-08,Vishay General Semiconductor - Diodes Division,TVS DIODE 33VWM 56VC SOT323,tvs-diodes,45387,0.54,"SC-70, SOT-323",Surface Mount,Active,https://www.vishay.com/docs/86152/vcan33a2-03g.pdf,https://www.digikey.com/en/products/detail/vishay-general-semiconductor-diodes-division/VCAN33A2-03G-E3-08/11310737,CAN,2,8.4pF @ 1MHz,2.5A (8/20µs),,-55°C ~ 150°C (TJ),140W,No,,,Zener,,36V,56V,33V (Max)
VCAN33A2-03SHE3A08,Vishay,TVS DIODE 33VWM 56VC SOT233,tvs-diodes,14409,0.49,"TO-236-3, SC-59, SOT-23-3",Surface Mount,Active,https://www.vishay.com/docs/86323/vcan33a2-03s.pdf,https://www.digikey.com/en/products/detail/vishay-general-semiconductor-diodes-division/VCAN33A2-03SHE3A08/22145112,CAN,2,8.7pF @ 1MHz,2.7A (8/20µs),Automotive,-55°C ~ 150°C (TJ),150W,No,AEC-Q101,,Zener,,36V,56V,33V (Max)
VCAN36A2-03S-E3-08,Vishay General Semiconductor - Diodes Division,TVS DIODE 36VWM 63VC SOT23-3,tvs-diodes,15930,0.51,"TO-236-3, SC-59, SOT-23-3",Surface Mount,Active,https://www.vishay.com/docs/86207/vcan36a2-03s.pdf,https://www.digikey.com/en/products/detail/vishay-general-semiconductor-diodes-division/VCAN36A2-03S-E3-08/14291042,CAN,2,8pF @ 1MHz,2.4A (8/20µs),,-55°C ~ 150°C (TJ),150W,No,,,Zener,,39V,63V,36V (Max)
VCAN36A2-03SHE3A08,Vishay,TVS DIODE 36VWM 63VC SOT233,tvs-diodes,12676,0.49,"TO-236-3, SC-59, SOT-23-3",Surface Mount,Active,https://www.vishay.com/docs/86207/vcan36a2-03s.pdf,https://www.digikey.com/en/products/detail/vishay-general-semiconductor-diodes-division/VCAN36A2-03SHE3A08/22145708,CAN,2,8pF @ 1MHz,2.4A (8/20µs),Automotive,-55°C ~ 150°C (TJ),150W,No,AEC-Q101,,Zener,,39V,63V,36V (Max)
VCUT0505B-HD1-GS08,Vishay General Semiconductor - Diodes Division,TVS DIODE 5.5VWM 16VC LLP1006-2L,tvs-diodes,232597,0.37,SOD-882,Surface Mount,Active,https://www.vishay.com/docs/81852/vcut0505.pdf,https://www.digikey.com/en/products/detail/vishay-general-semiconductor-diodes-division/VCUT0505B-HD1-GS08/1874699,General Purpose,1,18pF @ 1MHz,3.5A (8/20µs),,-40°C ~ 125°C (TJ),56W,No,,,Zener,,7V,16V,5.5V (Max)
VCUT05B1-DD1-G-08,Vishay General Semiconductor - Diodes Division,TVS DIODE 5.5VWM 12.5V LLP10062M,tvs-diodes,65930,0.44,SOD-882,Surface Mount,Active,https://www.vishay.com/docs/81149/vcut05b1dd1.pdf,https://www.digikey.com/en/products/detail/vishay-general-semiconductor-diodes-division/VCUT05B1-DD1-G-08/4874974,General Purpose,1,10pF @ 1MHz,3A (8/20µs),,-55°C ~ 145°C (TJ),38W,No,,,Zener,,6V,12.5V,5.5V (Max)
VCUT05G1-SD0-G4-08,Vishay General Semiconductor - Diodes Division,TVS DIODE 5.5VWM 13VC CLP0603,tvs-diodes,19905,0.3,0201 (0603 Metric),Surface Mount,Active,https://www.vishay.com/docs/86190/vcut05g1-sd0.pdf,https://www.digikey.com/en/products/detail/vishay-general-semiconductor-diodes-division/VCUT05G1-SD0-G4-08/18897423,General Purpose,1,13pF @ 1MHz,6A (8/20µs),,-55°C ~ 150°C (TJ),,No,,,Zener,,6.5V,13V,5.5V (Max)
VCUT0714A-HD1-GS08,Vishay General Semiconductor - Diodes Division,TVS DIODE 7VWM 14VWM LLP10062L,tvs-diodes,46696,0.38,SOD-882,Surface Mount,Active,https://www.vishay.com/docs/81801/vcut0714.pdf,https://www.digikey.com/en/products/detail/vishay-general-semiconductor-diodes-division/VCUT0714A-HD1-GS08/1874700,RS-485,1,8pF @ 1MHz,"5A, 2A (8/20µs)",,-40°C ~ 125°C (TJ),"54W, 63W",No,,,Zener,,"7.3V, 14.5V","17V, 30V","7V, 14V"
VCUT07B1-HD1-G4-08,Vishay General Semiconductor - Diodes Division,TVS DIODE 7VWM 15VC LLP1006-2L,tvs-diodes,64029,0.36,SOD-882,Surface Mount,Active,https://www.vishay.com/docs/84137/vcut07b1hd1.pdf,https://www.digikey.com/en/products/detail/vishay-general-semiconductor-diodes-division/VCUT07B1-HD1-G4-08/4874975,General Purpose,1,14pF @ 1MHz,4A (8/20µs),,-40°C ~ 125°C (TJ),60W,No,,,Zener,,7.3V,15V,7V (Max)
VESD01C1-02V-G3-08,Vishay General Semiconductor - Diodes Division,TVS DIODE 1VWM 6.9VC SOD523,tvs-diodes,27491,0.38,"SC-79, SOD-523",Surface Mount,Active,https://www.vishay.com/docs/86130/vesd01c1-02vtovesd33c1-02v.pdf,https://www.digikey.com/en/products/detail/vishay-general-semiconductor-diodes-division/VESD01C1-02V-G3-08/9947994,,,192pF @ 1MHz,14.6A (8/20µs),Automotive,-55°C ~ 150°C (TJ),100W,No,AEC-Q101,,Zener,1,2.5V,6.9V,1V (Max)
VESD01C1-02VHG3-08,Vishay General Semiconductor - Diodes Division,TVS DIODE 1VWM 6.9VC SOD523,tvs-diodes,32766,0.36,"SC-79, SOD-523",Surface Mount,Active,https://www.vishay.com/docs/86130/vesd01c1-02vtovesd33c1-02v.pdf,https://www.digikey.com/en/products/detail/vishay-general-semiconductor-diodes-division/VESD01C1-02VHG3-08/9948004,,,192pF @ 1MHz,14.6A (8/20µs),Automotive,-55°C ~ 150°C (TJ),100W,No,AEC-Q101,,Zener,1,2.5V,6.9V,1V (Max)
VESD03A1B-HD1-GS08,Vishay General Semiconductor - Diodes Division,TVS DIODE 3.3VWM 9VC LLP1006-2L,tvs-diodes,495756,0.32,SOD-882,Surface Mount,Active,https://www.vishay.com/docs/81851/vesd03a1.pdf,https://www.digikey.com/en/products/detail/vishay-general-semiconductor-diodes-division/VESD03A1B-HD1-GS08/1874701,General Purpose,,25pF @ 1MHz,3.5A (8/20µs),,-40°C ~ 125°C (TJ),31W,No,,,Zener,1,5V,9V,3.3V (Max)
VESD03A1C-HD1-GS08,Vishay General Semiconductor - Diodes Division,TVS DIODE 3.3VWM 10VC LLP1006-2L,tvs-diodes,273742,0.39,SOD-882,Surface Mount,Active,https://www.vishay.com/docs/81797/vesd03a1.pdf,https://www.digikey.com/en/products/detail/vishay-general-semiconductor-diodes-division/VESD03A1C-HD1-GS08/4874983,General Purpose,,78pF @ 1MHz,9.5A (8/20µs),,-40°C ~ 125°C (TJ),95W,No,,,Zener,1,5V,10V,3.3V (Max)
VESD03C1-HD1-G3-08,Vishay General Semiconductor - Diodes Division,TVS DIODE 3VWM 8.7VC DFN10062A,tvs-diodes,23105,0.33,0402 (1006 Metric),Surface Mount,Active,https://www.vishay.com/docs/86185/vesd01c1-hd1tovesd33c1-hd1.pdf,https://www.digikey.com/en/products/detail/vishay-general-semiconductor-diodes-division/VESD03C1-HD1-G3-08/16028329,General Purpose,,112pF @ 1MHz,11.6A (8/20µs),,-55°C ~ 150°C (TJ),100W,No,,,Zener,1,4.45V,8.7V,3V (Max)
VESD05A1-02VHG3-08,Vishay General Semiconductor - Diodes Division,TVS DIODE 5VWM 12VC SOD523,tvs-diodes,2322,0.42,"SC-79, SOD-523",Surface Mount,Active,https://www.digikey.com//mm.digikey.com/Volume0/opasdata/d220001/medias/docus/391/VESD05A1-02V%28-G3-08%2CHG3-08%29.pdf,https://www.digikey.com/en/products/detail/vishay-general-semiconductor-diodes-division/VESD05A1-02VHG3-08/9948012,,,130pF @ 1MHz,16A (8/20µs),Automotive,-55°C ~ 150°C (TJ),192W,No,AEC-Q101,,Zener,1,6V,12V,5V (Max)
VESD05A1A-HD1-GS08,Vishay General Semiconductor - Diodes Division,TVS DIODE 5VWM 12VC LLP1006-2L,tvs-diodes,188671,0.36,SOD-882,Surface Mount,Active,https://www.vishay.com/docs/81800/vesd05a1.pdf,https://www.digikey.com/en/products/detail/vishay-general-semiconductor-diodes-division/VESD05A1A-HD1-GS08/1874702,General Purpose,,130pF @ 1MHz,16A (8/20µs),,-40°C ~ 125°C (TJ),192W,No,,,Zener,1,6V,12V,5V (Max)
VESD05A1C-HD1-GS08,Vishay General Semiconductor - Diodes Division,TVS DIODE 5VWM 10VC LLP1006-2L,tvs-diodes,48636,0.39,SOD-882,Surface Mount,Active,https://www.vishay.com/docs/81798/vesd05a1.pdf,https://www.digikey.com/en/products/detail/vishay-general-semiconductor-diodes-division/VESD05A1C-HD1-GS08/4874984,General Purpose,,63pF @ 1MHz,8A (8/20µs),,-40°C ~ 125°C (TJ),80W,No,,,Zener,1,6V,10V,5V (Max)
VESD05A2-03G-G3-08,Vishay General Semiconductor - Diodes Division,TVS DIODE 5VWM 11.5VC SOT323,tvs-diodes,21516,0.5,"SC-70, SOT-323",Surface Mount,Active,https://www.vishay.com/docs/86150/vesd01a2-03gtovesd33a2-03g.pdf,https://www.digikey.com/en/products/detail/vishay-general-semiconductor-diodes-division/VESD05A2-03G-G3-08/10229737,,,67pF @ 1MHz,8.7A (8/20µs),Automotive,-55°C ~ 150°C (TJ),100W,No,,,Zener,2,6.85V,11.5V,5V (Max)
VESD05C1-02V-G3-08,Vishay General Semiconductor - Diodes Division,TVS DIODE 5VWM 11.5VC SOD523,tvs-diodes,109164,0.38,"SC-79, SOD-523",Surface Mount,Active,https://www.vishay.com/docs/86130/vesd01c1-02vtovesd33c1-02v.pdf,https://www.digikey.com/en/products/detail/vishay-general-semiconductor-diodes-division/VESD05C1-02V-G3-08/9947996,,,67pF @ 1MHz,8.7A (8/20µs),Automotive,-55°C ~ 150°C (TJ),100W,No,AEC-Q101,,Zener,1,6.85V,11.5V,5V (Max)
VESD05C1-02VHG3-08,Vishay General Semiconductor - Diodes Division,TVS DIODE 5VWM 11.5VC SOD523,tvs-diodes,40539,0.36,"SC-79, SOD-523",Surface Mount,Active,https://www.vishay.com/docs/86130/vesd01c1-02vtovesd33c1-02v.pdf,https://www.digikey.com/en/products/detail/vishay-general-semiconductor-diodes-division/VESD05C1-02VHG3-08/9948006,,,67pF @ 1MHz,8.7A (8/20µs),Automotive,-55°C ~ 150°C (TJ),100W,No,AEC-Q101,,Zener,1,6.85V,11.5V,5V (Max)
VESD08C1-02V-G3-08,Vishay General Semiconductor - Diodes Division,TVS DIODE 8VWM 15.3VC SOD523,tvs-diodes,64436,0.38,"SC-79, SOD-523",Surface Mount,Active,https://www.vishay.com/docs/86130/vesd01c1-02vtovesd33c1-02v.pdf,https://www.digikey.com/en/products/detail/vishay-general-semiconductor-diodes-division/VESD08C1-02V-G3-08/9947997,,,47pF @ 1MHz,6.6A (8/20µs),Automotive,-55°C ~ 150°C (TJ),100W,No,AEC-Q101,,Zener,1,9.5V,15.3V,8V (Max)
VESD26A2-03G-G3-08,Vishay General Semiconductor - Diodes Division,TVS DIODE 26VWM 48VC SOT323,tvs-diodes,7924,0.5,"SC-70, SOT-323",Surface Mount,Active,https://www.vishay.com/docs/86150/vesd01a2-03gtovesd33a2-03g.pdf,https://www.digikey.com/en/products/detail/vishay-general-semiconductor-diodes-division/VESD26A2-03G-G3-08/10229745,,,17.5pF @ 1MHz,2.1A (8/20µs),Automotive,-55°C ~ 150°C (TJ),100W,No,AEC-Q101,,Zener,2,27.6V,48V,26V (Max)
VESD26C1-02V-G3-08,Vishay General Semiconductor - Diodes Division,TVS DIODE 26VWM 48VC SOD523,tvs-diodes,10138,0.38,"SC-79, SOD-523",Surface Mount,Active,https://www.vishay.com/docs/86130/vesd01c1-02vtovesd33c1-02v.pdf,https://www.digikey.com/en/products/detail/vishay-general-semiconductor-diodes-division/VESD26C1-02V-G3-08/9948000,,,17.5pF @ 1MHz,2.1A (8/20µs),Automotive,-55°C ~ 150°C (TJ),100W,No,AEC-Q101,,Zener,1,27.6V,48V,26V (Max)
VESD26C1-02VHG3-08,Vishay General Semiconductor - Diodes Division,TVS DIODE 26VWM 48VC SOD523,tvs-diodes,77716,0.36,"SC-79, SOD-523",Surface Mount,Active,https://www.vishay.com/docs/86130/vesd01c1-02vtovesd33c1-02v.pdf,https://www.digikey.com/en/products/detail/vishay-general-semiconductor-diodes-division/VESD26C1-02VHG3-08/9948010,,,17.5pF @ 1MHz,2.1A (8/20µs),Automotive,-55°C ~ 150°C (TJ),100W,No,AEC-Q101,,Zener,1,27.6V,48V,26V (Max)
VESD33C1-02V-G3-08,Vishay General Semiconductor - Diodes Division,TVS DIODE 33VWM 62.5VC SOD523,tvs-diodes,42474,0.38,"SC-79, SOD-523",Surface Mount,Active,https://www.vishay.com/docs/86130/vesd01c1-02vtovesd33c1-02v.pdf,https://www.digikey.com/en/products/detail/vishay-general-semiconductor-diodes-division/VESD33C1-02V-G3-08/9948001,,,15pF @ 1MHz,1.6A (8/20µs),Automotive,-55°C ~ 150°C (TJ),100W,No,AEC-Q101,,Zener,1,35.5V,62.5V,33V (Max)
VESD33C1-02VHG3-08,Vishay General Semiconductor - Diodes Division,TVS DIODE 33VWM 62.5VC SOD523,tvs-diodes,45637,0.36,"SC-79, SOD-523",Surface Mount,Active,https://www.vishay.com/docs/86130/vesd01c1-02vtovesd33c1-02v.pdf,https://www.digikey.com/en/products/detail/vishay-general-semiconductor-diodes-division/VESD33C1-02VHG3-08/9948011,,,15pF @ 1MHz,1.6A (8/20µs),Automotive,-55°C ~ 150°C (TJ),100W,No,AEC-Q101,,Zener,1,35.5V,62.5V,33V (Max)
VGSOT03-G3-08,Vishay General Semiconductor - Diodes Division,TVS DIODE 3.3VWM 12.3VC SOT23-3,tvs-diodes,25241,0.42,"TO-236-3, SC-59, SOT-23-3",Surface Mount,Active,https://www.vishay.com/docs/86326/vgsot03-vgsot36.pdf,https://www.digikey.com/en/products/detail/vishay-general-semiconductor-diodes-division/VGSOT03-G3-08/25623402,General Purpose,,460pF @ 1MHz,44A (8/20µs),,-55°C ~ 150°C (TJ),540W,No,,,Zener,1,4V,12.3V,3.3V (Max)
VGSOT03-HG3-08,Vishay General Semiconductor - Diodes Division,TVS DIODE 3.3VWM 12.3VC SOT233,tvs-diodes,12500,0.42,"TO-236-3, SC-59, SOT-23-3",Surface Mount,Active,https://www.vishay.com/docs/86326/vgsot03-vgsot36.pdf,https://www.digikey.com/en/products/detail/vishay-general-semiconductor-diodes-division/VGSOT03-HG3-08/25623446,,,460pF @ 1MHz,44A (8/20µs),Automotive,-55°C ~ 150°C (TJ),540W,No,AEC-Q101,,Zener,1,4V,12.3V,3.3V (Max)
VGSOT05C-HG3-08,Vishay General Semiconductor - Diodes Division,TVS DIODE 5VWM 14VC SOT233,tvs-diodes,3920,0.53,"TO-236-3, SC-59, SOT-23-3",Surface Mount,Active,https://www.vishay.com/docs/86325/vgsot03c-vgsot36c.pdf,https://www.digikey.com/en/products/detail/vishay-general-semiconductor-diodes-division/VGSOT05C-HG3-08/25623425,,,276pF @ 1MHz,36A (8/20µs),Automotive,-55°C ~ 150°C (TJ),500W,No,AEC-Q101,,Zener,2,6V,14V,5V (Max)
VGSOT08C-G3-08,Vishay General Semiconductor - Diodes Division,TVS DIODE 8VWM 18VC SOT233,tvs-diodes,65316,0.55,"TO-236-3, SC-59, SOT-23-3",Surface Mount,Active,https://www.vishay.com/docs/86325/vgsot03c-vgsot36c.pdf,https://www.digikey.com/en/products/detail/vishay-general-semiconductor-diodes-division/VGSOT08C-G3-08/25623448,General Purpose,,175pF @ 1MHz,28A (8/20µs),,-55°C ~ 150°C (TJ),500W,No,,,Zener,2,9V,18V,8V (Max)
VGSOT12C-G3-08,Vishay General Semiconductor - Diodes Division,TVS DIODE 12VWM 26VC SOT23-3,tvs-diodes,30737,0.55,"TO-236-3, SC-59, SOT-23-3",Surface Mount,Active,https://www.vishay.com/docs/86325/vgsot03c-vgsot36c.pdf,https://www.digikey.com/en/products/detail/vishay-general-semiconductor-diodes-division/VGSOT12C-G3-08/25623438,General Purpose,,115pF @ 1MHz,18.5A (8/20µs),,-55°C ~ 150°C (TJ),480W,No,,,Zener,2,13.5V,26V,12V (Max)
VGSOT15C-G3-08,Vishay General Semiconductor - Diodes Division,TVS DIODE 15VWM 28.8VC SOT23-3,tvs-diodes,26670,0.55,"TO-236-3, SC-59, SOT-23-3",Surface Mount,Active,https://www.vishay.com/docs/86325/vgsot03c-vgsot36c.pdf,https://www.digikey.com/en/products/detail/vishay-general-semiconductor-diodes-division/VGSOT15C-G3-08/25623403,General Purpose,,100pF @ 1MHz,15.5A (8/20µs),,-55°C ~ 150°C (TJ),450W,No,,,Zener,2,16.5V,28.8V,15V (Max)
VGSOT15C-HG3-08,Vishay General Semiconductor - Diodes Division,TVS DIODE 15VWM 28.8VC SOT233,tvs-diodes,1585,0.53,"TO-236-3, SC-59, SOT-23-3",Surface Mount,Active,https://www.vishay.com/docs/86325/vgsot03c-vgsot36c.pdf,https://www.digikey.com/en/products/detail/vishay-general-semiconductor-diodes-division/VGSOT15C-HG3-08/25623414,,,100pF @ 1MHz,15.5A (8/20µs),Automotive,-55°C ~ 150°C (TJ),450W,No,AEC-Q101,,Zener,2,16.5V,28.8V,15V (Max)
VGSOT24C-G3-08,Vishay General Semiconductor - Diodes Division,TVS DIODE 24VWM 46VC SOT233,tvs-diodes,25007,0.55,"TO-236-3, SC-59, SOT-23-3",Surface Mount,Active,https://www.vishay.com/docs/86325/vgsot03c-vgsot36c.pdf,https://www.digikey.com/en/products/detail/vishay-general-semiconductor-diodes-division/VGSOT24C-G3-08/25623401,General Purpose,,65pF @ 1MHz,8.4A (8/20µs),,-55°C ~ 150°C (TJ),400W,No,,,Zener,2,27V,46V,24V (Max)
VGSOT36C-HG3-08,Vishay General Semiconductor - Diodes Division,TVS DIODE 36VWM 71VC SOT233,tvs-diodes,14732,0.53,"TO-236-3, SC-59, SOT-23-3",Surface Mount,Active,https://www.vishay.com/docs/86325/vgsot03c-vgsot36c.pdf,https://www.digikey.com/en/products/detail/vishay-general-semiconductor-diodes-division/VGSOT36C-HG3-08/25623421,,,45pF @ 1MHz,5.6A (8/20µs),Automotive,-55°C ~ 150°C (TJ),400W,No,AEC-Q101,,Zener,2,39V,71V,36V (Max)
VLIN1616-02G-E3-18,Vishay General Semiconductor - Diodes Division,TVS DIODE 16VWM 33VC SOD323,tvs-diodes,9800,0.46,"SC-76, SOD-323",Surface Mount,Active,https://www.vishay.com/docs/85924/vlin1616-02g.pdf,https://www.digikey.com/en/products/detail/vishay-general-semiconductor-diodes-division/VLIN1616-02G-E3-18/7594772,General Purpose,1,18pF @ 1MHz,6A (8/20µs),,-55°C ~ 150°C (TJ),200W,No,,,Zener,,17.1V,33V,16V (Max)
VMMBZ16C1DD1-G3-08,Vishay General Semiconductor - Diodes Division,TVS DIODE 14VWM 27VC DFN10062B,tvs-diodes,1612,0.41,0402 (1006 Metric),Surface Mount,Active,https://www.vishay.com/docs/86193/vmmbz16c1dd1_to_vmmbz33c1dd1.pdf,https://www.digikey.com/en/products/detail/vishay-general-semiconductor-diodes-division/VMMBZ16C1DD1-G3-08/16028334,General Purpose,1,14.5pF @ 1MHz,650mA,,-55°C ~ 150°C (TJ),15W,No,,,Zener,,16.2V,27V,14V (Max)
VS12VBA1HST15R,Rohm Semiconductor,TVS DIODE 12VWM 14VC DSN0603-2,tvs-diodes,26913,0.27,0201 (0603 Metric),Surface Mount,Active,https://www.rohm.com/datasheet?p=VS12VBA1HS&dist=Digi-key&media=referral&source=digi-key.com&campaign=Digi-key,https://www.digikey.com/en/products/detail/rohm-semiconductor/VS12VBA1HST15R/10709356,General Purpose,1,,5A (8/20µs),,-55°C ~ 150°C (TA),70W,No,,,Zener,,12.5V,14V,12V (Max)
VS4V5BU1QST18R,Rohm Semiconductor,TVS DIODE 4.5VWM 12VC SMD1006,tvs-diodes,28302,0.41,"2-SMD, No Lead",Surface Mount,Active,https://www.rohm.com/datasheet?p=VS4V5BU1QS&dist=Digi-key&media=referral&source=digi-key.com&campaign=Digi-key,https://www.digikey.com/en/products/detail/rohm-semiconductor/VS4V5BU1QST18R/10709424,General Purpose,1,,50A (8/20µs),,-55°C ~ 150°C (TA),600W,No,,,Zener,,5.3V,12V,4.5V (Max)
VS5V0BC1EST15R,Rohm Semiconductor,TVS DIODE 5VWM 12VC DSN06032,tvs-diodes,5404,0.24,0201 (0603 Metric),Surface Mount,Active,https://www.rohm.com/datasheet?p=VS5V0BC1ES&dist=Digi-key&media=referral&source=digi-key.com&campaign=Digi-key,https://www.digikey.com/en/products/detail/rohm-semiconductor/VS5V0BC1EST15R/5326746,General Purpose,1,,5A (8/20µs),,-55°C ~ 150°C (TJ),60W,No,,,Zener,,6V,12V,5V (Max)
XBP06V0U25R-G,Torex Semiconductor Ltd,TVS DIODE 5VWM 14VC FBP1006-2A,tvs-diodes,28383,0.49,0402 (1006 Metric),Surface Mount,Active,https://www.torexsemi.com/file/xbp06v0u25r/XBP06V0U25R.pdf,https://www.digikey.com/en/products/detail/torex-semiconductor-ltd/XBP06V0U25R-G/9770795,"DVI, HDMI, USB",1,0.25pF @ 1MHz,2A (8/20µs),,-55°C ~ 125°C (TJ),,No,,,Zener,,6V,14V,5V (Max)
XBP15SRV05W-G,Torex Semiconductor Ltd,TVS DIODE 5VWM 10VC SOT26P,tvs-diodes,142459,0.57,SOT-23-6,Surface Mount,Not For New Designs,https://www.torexsemi.com/file/xbp15srv05w/XBP15SRV05W.pdf,https://www.digikey.com/en/products/detail/torex-semiconductor-ltd/XBP15SRV05W-G/8256113,"DVI, Ethernet, USB",,1pF @ 1MHz,3A (8/20µs),,125°C (TJ),,No,,,Steering (Rail to Rail),4,6V,10V,5V (Max)
"XCEZ5V6,L3XHF",Toshiba Semiconductor and Storage,TVS DIODE 3.5VWM 9VC ESC,tvs-diodes,6093,0.22,"SC-79, SOD-523",Surface Mount,Active,https://toshiba.semicon-storage.com/info/XCEZ5V6_datasheet_en_20250418.pdf?did=162701&prodName=XCEZ5V6,https://www.digikey.com/en/products/detail/toshiba-semiconductor-and-storage/XCEZ5V6-L3XHF/27525777,,,125pF @ 1MHz,12A (8/20µs),Automotive,150°C (TJ),155W,No,AEC-Q101,XCEZ,Zener,1,5.3V,9V,3.5V
XGD10402KR,Littelfuse Inc.,TVS DIODE 24VWM 40VC 0402,tvs-diodes,235493,0.33,"0402 (1005 Metric), Concave",Surface Mount,Active,https://www.littelfuse.com/assetdocs/polymer-esd-suppressors-xgd10402-datasheet?assetguid=c877d743-306d-43a1-805a-04d3d70e43e3,https://www.digikey.com/en/products/detail/littelfuse-inc/XGD10402KR/5290484,General Purpose,1,,,,,,No,,XTREME-GUARD™,Zener,,250V,40V,24V (Max)
XGD10603MR,Littelfuse Inc.,TVS DIODE 32VWM 40VC 0603,tvs-diodes,25670,0.45,"0603 (1608 Metric), Concave",Surface Mount,Active,https://www.littelfuse.com/assetdocs/polymer-esd-suppressors-xgd10402-datasheet?assetguid=c877d743-306d-43a1-805a-04d3d70e43e3,https://www.digikey.com/en/products/detail/littelfuse-inc/XGD10603MR/5290485,General Purpose,1,,,,,,No,,XTREME-GUARD™,Zener,,,40V,32V (Max)
XMC7K24CAHM3/I,Vishay General Semiconductor - Diodes Division,TVS DIODE 24VWM 24VC DO214AB,tvs-diodes,7419,3.06,"DO-214AB, SMC",Surface Mount,Active,https://www.vishay.com/docs/87023/xmc7k24ca.pdf,https://www.digikey.com/en/products/detail/vishay-general-semiconductor-diodes-division/XMC7K24CAHM3-I/13586986,Telecom,1,,180A,Automotive,-55°C ~ 175°C (TJ),7000W (7kW),No,AEC-Q101,XClampR™,Zener,,26.7V,24V,24V
